Chr	Mt Start	Mt End	Mt fragment length	Nuc Start	Nuc End	Chr fragment length	Difference	Source
1				629081	634925	5845		Tao_Genes_2023
1				629081	634925	5845		Tao_Genes_2023
1	3914	9755	5842	629084	634924	5841	1	Calabrese_BMCBioinformatics_2012_低置信;Calabrese_BMCBioinformatics_2012_高置信;Daniela_Lascaro_BMC_Genomics_2008;Simone_BMC_Genomics_2011_版本1_766_HSP;Simone_BMC_Genomics_2011_版本2_585_高置信;UCSC_https://hgdownload.soe.ucsc.edu/goldenPath/hg18/database/;Wei_Nature_2022_生殖系
1	5712	5820	109	630882	630991	110	1	Nyuwa基因组资源NUMTs
1	7394	7565	172	632565	632736	172	0	Nyuwa基因组资源NUMTs
1	8595	8822	228	633764	633991	228	0	Nyuwa基因组资源NUMTs
1	511	968	458	983364	983364	1	457	Wei_Nature_2022_肿瘤
1	433	501	69	1656201	1656212	12	57	Nyuwa基因组资源NUMTs
1	5923	6080	158	2402701	2402702	2	156	Wei_Nature_2022_生殖系
1				2415420	2415514	95		Tao_Genes_2023
1				2415420	2415514	95		Tao_Genes_2023
1				2415420	2415514	95		Tao_Genes_2023
1	842	958	117	2915548	2915548	1	116	Wei_Nature_2022_肿瘤
1	12537	12627	91	4219621	4219640	20	71	Nyuwa基因组资源NUMTs;Wei_Nature_2022_生殖系
1	9452	9582	131	5554746	5554877	132	1	Calabrese_BMCBioinformatics_2012_低置信;Calabrese_BMCBioinformatics_2012_高置信;Simone_BMC_Genomics_2011_版本1_766_HSP;Simone_BMC_Genomics_2011_版本2_585_高置信;UCSC_https://hgdownload.soe.ucsc.edu/goldenPath/hg18/database/
1				5554746	5554880	135		Tao_Genes_2023
1				5554746	5554880	135		Tao_Genes_2023
1				5554746	5554880	135		Tao_Genes_2023
1	2466	2675	210	5850258	5850468	211	1	Calabrese_BMCBioinformatics_2012_低置信;Calabrese_BMCBioinformatics_2012_高置信;Daniela_Lascaro_BMC_Genomics_2008;Simone_BMC_Genomics_2011_版本1_766_HSP;Simone_BMC_Genomics_2011_版本2_585_高置信;UCSC_https://hgdownload.soe.ucsc.edu/goldenPath/hg18/database/
1				5850258	5850469	212		Tao_Genes_2023
1				5850258	5850469	212		Tao_Genes_2023
1				5850258	5850469	212		Tao_Genes_2023
1	78	498	421	6423606	6423613	8	413	Wei_Nature_2022_生殖系
1	11596	11674	79	8027256	8027257	2	77	Wei_Nature_2022_生殖系
1	6141	12282	6142	8070356	8070356	1	6141	Nyuwa基因组资源NUMTs
1				8909727	8909917	191		Tao_Genes_2023
1				8909727	8909917	191		Tao_Genes_2023
1				8909727	8909917	191		Tao_Genes_2023
1	8040	8205	166	8909743	8909908	166	0	Calabrese_BMCBioinformatics_2012_低置信;Calabrese_BMCBioinformatics_2012_高置信;Simone_BMC_Genomics_2011_版本1_766_HSP;Simone_BMC_Genomics_2011_版本2_585_高置信;UCSC_https://hgdownload.soe.ucsc.edu/goldenPath/hg18/database/
1	12256	12330	75	9339500	9339502	3	72	Wei_Nature_2022_生殖系
1				9574627	9574829	203		Tao_Genes_2023
1				9574627	9574829	203		Tao_Genes_2023
1				9574627	9574829	203		Tao_Genes_2023
1	907	1117	211	9574629	9574829	201	10	Calabrese_BMCBioinformatics_2012_低置信;Calabrese_BMCBioinformatics_2012_高置信;Simone_BMC_Genomics_2011_版本1_766_HSP;Simone_BMC_Genomics_2011_版本2_585_高置信;UCSC_https://hgdownload.soe.ucsc.edu/goldenPath/hg18/database/
1	12292	12357	66	11142847	11142918	72	6	Calabrese_BMCBioinformatics_2012_低置信;Calabrese_BMCBioinformatics_2012_高置信;Simone_BMC_Genomics_2011_版本1_766_HSP;Simone_BMC_Genomics_2011_版本2_585_高置信;UCSC_https://hgdownload.soe.ucsc.edu/goldenPath/hg18/database/
1				11142847	11142918	72		Tao_Genes_2023
1				11142847	11142918	72		Tao_Genes_2023
1				11142847	11142918	72		Tao_Genes_2023
1				11425254	11425772	519		Tao_Genes_2023
1				11425254	11425772	519		Tao_Genes_2023
1				11425254	11425772	519		Tao_Genes_2023
1	15078	15578	501	11425262	11425772	511	10	Calabrese_BMCBioinformatics_2012_低置信;Calabrese_BMCBioinformatics_2012_高置信;Simone_BMC_Genomics_2011_版本1_766_HSP;Simone_BMC_Genomics_2011_版本2_585_高置信;UCSC_https://hgdownload.soe.ucsc.edu/goldenPath/hg18/database/
1	4789	5301	513	13277887	13277887	1	512	Wei_Nature_2022_肿瘤
1	5372	5450	79	14619065	14619073	9	70	Nyuwa基因组资源NUMTs
1	11847	12012	166	14634007	14634008	2	164	Wei_Nature_2022_生殖系
1	341	499	159	16282037	16282038	2	157	Nyuwa基因组资源NUMTs
1	2264	4528	2265	16777289	16777289	1	2264	Nyuwa基因组资源NUMTs
1	7715	7870	156	17099386	17099403	18	138	Wei_Nature_2022_生殖系
1	13997	14075	79	17697474	17697476	3	76	Nyuwa基因组资源NUMTs
1				17961213	17961289	77		Tao_Genes_2023
1				17961213	17961289	77		Tao_Genes_2023
1				17961213	17961289	77		Tao_Genes_2023
1	6991	7105	115	18468104	18468110	7	108	Nyuwa基因组资源NUMTs
1				18504340	18504497	158		Tao_Genes_2023
1				18504347	18504497	151		Tao_Genes_2023
1				18504347	18504497	151		Tao_Genes_2023
1				18595410	18595630	221		Tao_Genes_2023
1				18595410	18595630	221		Tao_Genes_2023
1				18595410	18595630	221		Tao_Genes_2023
1	3900	4113	214	18595412	18595626	215	1	Calabrese_BMCBioinformatics_2012_低置信;Calabrese_BMCBioinformatics_2012_高置信;Simone_BMC_Genomics_2011_版本1_766_HSP;Simone_BMC_Genomics_2011_版本2_585_高置信;UCSC_https://hgdownload.soe.ucsc.edu/goldenPath/hg18/database/
1	7479	7593	115	21234999	21235005	7	108	Wei_Nature_2022_生殖系
1	13144	13212	69	21576728	21576728	1	68	Wei_Nature_2022_生殖系
1	3606	3999	394	22451037	22451041	5	389	Wei_Nature_2022_生殖系
1	3550	3690	141	22805119	22805120	2	139	Nyuwa基因组资源NUMTs
1	9376	9493	118	23876661	23876662	2	116	Wei_Nature_2022_生殖系
1				23921743	23921775	33		Tao_Genes_2023
1				23921743	23921775	33		Tao_Genes_2023
1	9233	9334	102	23960173	23960176	4	98	Wei_Nature_2022_生殖系
1	838	14914	14077	25355037	25355037	1	14076	Wei_Nature_2022_生殖系
1	13635	13928	294	26147858	26147858	1	293	Wei_Nature_2022_肿瘤
1	16176	16569	394	27534098	27534098	1	393	Wei_Nature_2022_肿瘤
1	5519	5692	174	28608615	28608615	1	173	Wei_Nature_2022_生殖系
1	861	2561	1701	30253174	30253177	4	1697	Wei_Nature_2022_生殖系
1	7815	7902	88	30312713	30312716	4	84	Nyuwa基因组资源NUMTs
1	1501	1561	61	34043804	34043804	1	60	Nyuwa基因组资源NUMTs
1	8650	9349	700	34519995	34520000	6	694	Wei_Nature_2022_生殖系
1				35255195	35255324	130		Tao_Genes_2023
1				35255195	35255324	130		Tao_Genes_2023
1				35255195	35255324	130		Tao_Genes_2023
1	5737	6028	292	35376298	35376299	2	290	Wei_Nature_2022_生殖系
1	8937	9013	77	37361536	37361736	201	124	Wei_Nature_2022_生殖系
1	8933	9007	75	37611748	37611748	1	74	Nyuwa基因组资源NUMTs;Wei_Nature_2022_生殖系
1	12091	12160	70	37878047	37878062	16	54	Nyuwa基因组资源NUMTs
1	1947	2181	235	37964896	37964898	3	232	Nyuwa基因组资源NUMTs
1	12189	12432	244	38278309	38278315	7	237	Wei_Nature_2022_生殖系
1	8724	14642	5919	39713733	39713738	6	5913	Wei_Nature_2022_生殖系
1	3560	3699	140	40849814	40849814	1	139	Wei_Nature_2022_肿瘤
1	7	136	130	41622129	41622129	1	129	Wei_Nature_2022_肿瘤
1	13464	13536	73	43698838	43698858	21	52	Wei_Nature_2022_生殖系
1	3071	6142	3072	45512023	45512023	1	3071	Nyuwa基因组资源NUMTs
1	5171	5968	798	45833509	45833515	7	791	Wei_Nature_2022_生殖系
1	5728	6205	478	47152793	47152793	1	477	Wei_Nature_2022_肿瘤
1	10138	10203	66	47464249	47464449	201	135	Wei_Nature_2022_生殖系
1	16455	32910	16456	47577821	47577821	1	16455	Nyuwa基因组资源NUMTs
1	3568	3739	172	48194706	48194707	2	170	Nyuwa基因组资源NUMTs
1	9781	11776	1996	48441868	48441882	15	1981	Nyuwa基因组资源NUMTs
1	5274	8587	3314	49359017	49359038	22	3292	Wei_Nature_2022_生殖系
1	9728	9924	197	49392402	49392407	6	191	Wei_Nature_2022_生殖系
1				50017092	50017505	414		Tao_Genes_2023
1				50017092	50017505	414		Tao_Genes_2023
1				50017092	50017505	414		Tao_Genes_2023
1	4611	5021	411	50017096	50017505	410	1	Calabrese_BMCBioinformatics_2012_低置信;Calabrese_BMCBioinformatics_2012_高置信;Simone_BMC_Genomics_2011_版本1_766_HSP;Simone_BMC_Genomics_2011_版本2_585_高置信;UCSC_https://hgdownload.soe.ucsc.edu/goldenPath/hg18/database/
1	14195	16491	2297	50714133	50714138	6	2291	Nyuwa基因组资源NUMTs;Wei_Nature_2022_生殖系
1	3675	3713	39	50756365	50756366	2	37	Wei_Nature_2022_生殖系
1	15107	15250	144	51432616	51432626	11	133	Wei_Nature_2022_生殖系
1	15571	16091	521	51646545	51646545	1	520	Wei_Nature_2022_肿瘤
1	2705	11840	9136	51920025	51920025	1	9135	Wei_Nature_2022_生殖系
1	6162	6544	383	52330428	52330437	10	373	Wei_Nature_2022_生殖系
1	14860	14952	93	52979127	52979128	2	91	Nyuwa基因组资源NUMTs;Wei_Nature_2022_生殖系
1	90	16423	16334	53679944	53679945	2	16332	Wei_Nature_2022_生殖系
1	6907	7115	209	53778696	53778697	2	207	Wei_Nature_2022_生殖系
1	14644	14725	82	54694418	54694419	2	80	Wei_Nature_2022_生殖系
1	7301	8453	1153	55372550	55373651	1102	51	Calabrese_BMCBioinformatics_2012_低置信;Calabrese_BMCBioinformatics_2012_高置信;Simone_BMC_Genomics_2011_版本1_766_HSP;Simone_BMC_Genomics_2011_版本2_585_高置信;UCSC_https://hgdownload.soe.ucsc.edu/goldenPath/hg18/database/
1				55372550	55373651	1102		Tao_Genes_2023
1				55372550	55373651	1102		Tao_Genes_2023
1				55372550	55373651	1102		Tao_Genes_2023
1	3245	12367	9123	57714056	57714056	1	9122	Wei_Nature_2022_生殖系
1	3245	12367	9123	57717044	57717044	1	9122	Wei_Nature_2022_生殖系
1	15420	15478	59	59195879	59195881	3	56	Nyuwa基因组资源NUMTs
1	108	16451	16344	60562625	60562628	4	16340	Wei_Nature_2022_生殖系
1	12698	12772	75	60662500	60662502	3	72	Nyuwa基因组资源NUMTs
1	9771	9905	135	60745303	60745305	3	132	Nyuwa基因组资源NUMTs
1	865	1253	389	60828104	60828105	2	387	Nyuwa基因组资源NUMTs;Wei_Nature_2022_生殖系
1	5958	6076	119	61649661	61649662	2	117	Wei_Nature_2022_生殖系
1	16112	16531	420	62609268	62609268	1	419	Wei_Nature_2022_肿瘤
1	9288	9538	251	62803798	62803800	3	248	Nyuwa基因组资源NUMTs
1	16212	16212	1	62845712	62845712	1	0	Wei_Nature_2022_肿瘤
1	466	577	112	63432575	63432586	12	100	Nyuwa基因组资源NUMTs
1	15860	15966	107	64150284	64150284	1	106	Wei_Nature_2022_生殖系
1	3627	13450	9824	67098820	67098820	1	9823	Wei_Nature_2022_生殖系
1	3627	13450	9824	67106853	67106853	1	9823	Wei_Nature_2022_生殖系
1	13450	26900	13451	67106853	67106853	1	13450	Nyuwa基因组资源NUMTs
1	10175	10245	71	67178207	67178207	1	70	Wei_Nature_2022_生殖系
1	14774	14863	90	68242117	68242118	2	88	Wei_Nature_2022_生殖系
1	12100	14664	2565	68259362	68259362	1	2564	Wei_Nature_2022_生殖系
1	12975	13413	439	68710694	68710696	3	436	Wei_Nature_2022_生殖系
1	3445	3836	392	70090824	70090826	3	389	Wei_Nature_2022_生殖系
1	6535	6704	170	70099813	70099825	13	157	Wei_Nature_2022_生殖系
1	864	4779	3916	72598898	72598900	3	3913	Wei_Nature_2022_生殖系
1	1584	1659	76	73818965	73818966	2	74	Nyuwa基因组资源NUMTs
1	4529	9668	5140	74082315	74082320	6	5134	Wei_Nature_2022_生殖系
1	1135	1308	174	75166767	75166780	14	160	Wei_Nature_2022_生殖系
1	10652	10816	165	75587548	75587549	2	163	Nyuwa基因组资源NUMTs
1	12250	12382	133	75855369	75855371	3	130	Nyuwa基因组资源NUMTs
1	3910	13173	9264	76602656	76602658	3	9261	Wei_Nature_2022_生殖系
1				76971205	76971438	234		Tao_Genes_2023
1				76971205	76971438	234		Tao_Genes_2023
1				76971205	76971438	234		Tao_Genes_2023
1	16400	16566	167	76971249	76971415	167	0	Calabrese_BMCBioinformatics_2012_低置信;Calabrese_BMCBioinformatics_2012_高置信;Simone_BMC_Genomics_2011_版本1_766_HSP;Simone_BMC_Genomics_2011_版本2_585_高置信;UCSC_https://hgdownload.soe.ucsc.edu/goldenPath/hg18/database/;Wei_Nature_2022_生殖系
1	3591	3793	203	78738194	78738220	27	176	Nyuwa基因组资源NUMTs
1				81080793	81081175	383		Tao_Genes_2023
1				81080793	81081175	383		Tao_Genes_2023
1				81080793	81081175	383		Tao_Genes_2023
1	4969	5343	375	81080801	81081175	375	0	Calabrese_BMCBioinformatics_2012_低置信;Calabrese_BMCBioinformatics_2012_高置信;Simone_BMC_Genomics_2011_版本1_766_HSP;Simone_BMC_Genomics_2011_版本2_585_高置信;UCSC_https://hgdownload.soe.ucsc.edu/goldenPath/hg18/database/
1	2543	11449	8907	82269304	82269322	19	8888	Wei_Nature_2022_生殖系
1	5528	5831	304	82377224	82377239	16	288	Nyuwa基因组资源NUMTs
1	9914	10071	158	85292006	85292006	1	157	Nyuwa基因组资源NUMTs
1	12082	12188	107	86343239	86343240	2	105	Nyuwa基因组资源NUMTs
1	2811	2882	72	86355209	86355210	2	70	Nyuwa基因组资源NUMTs
1	13885	14016	132	87807861	87807864	4	128	Nyuwa基因组资源NUMTs
1	16170	16249	80	88180549	88180549	1	79	Wei_Nature_2022_生殖系
1	1368	1477	110	88478001	88478006	6	104	Wei_Nature_2022_生殖系
1	6854	6956	103	92121364	92121388	25	78	Wei_Nature_2022_生殖系
1	8963	9034	72	92367985	92367989	5	67	Nyuwa基因组资源NUMTs
1				93920121	93920414	294		Tao_Genes_2023
1				93920121	93920414	294		Tao_Genes_2023
1				93920121	93920414	294		Tao_Genes_2023
1	1739	12883	11145	93920175	93937743	17569	6424	Calabrese_BMCBioinformatics_2012_高置信;Simone_BMC_Genomics_2011_版本2_585_高置信
1	12612	12768	157	93920443	93920596	154	3	Calabrese_BMCBioinformatics_2012_低置信;Simone_BMC_Genomics_2011_版本1_766_HSP;UCSC_https://hgdownload.soe.ucsc.edu/goldenPath/hg18/database/
1				93920709	93920787	79		Tao_Genes_2023
1				93920709	93920787	79		Tao_Genes_2023
1				93920709	93920787	79		Tao_Genes_2023
1				93921980	93922281	302		Tao_Genes_2023
1				93921980	93922281	302		Tao_Genes_2023
1				93921980	93922281	302		Tao_Genes_2023
1	12031	12339	309	93921981	93922276	296	13	Calabrese_BMCBioinformatics_2012_低置信;Simone_BMC_Genomics_2011_版本1_766_HSP;UCSC_https://hgdownload.soe.ucsc.edu/goldenPath/hg18/database/
1				93922584	93923554	971		Tao_Genes_2023
1				93922585	93923554	970		Tao_Genes_2023
1				93922585	93923554	970		Tao_Genes_2023
1				93924182	93924900	719		Tao_Genes_2023
1				93924182	93924900	719		Tao_Genes_2023
1				93924182	93924900	719		Tao_Genes_2023
1	9914	10500	587	93924276	93924860	585	2	Calabrese_BMCBioinformatics_2012_低置信;Simone_BMC_Genomics_2011_版本1_766_HSP;UCSC_https://hgdownload.soe.ucsc.edu/goldenPath/hg18/database/
1				93925174	93925307	134		Tao_Genes_2023
1				93925174	93925307	134		Tao_Genes_2023
1				93925174	93925307	134		Tao_Genes_2023
1				93925389	93926126	738		Tao_Genes_2023
1				93925389	93926126	738		Tao_Genes_2023
1				93925389	93926130	742		Tao_Genes_2023
1	8523	9216	694	93925390	93926074	685	9	Calabrese_BMCBioinformatics_2012_低置信;Simone_BMC_Genomics_2011_版本1_766_HSP;UCSC_https://hgdownload.soe.ucsc.edu/goldenPath/hg18/database/
1	7862	8245	384	93926635	93927025	391	7	Calabrese_BMCBioinformatics_2012_低置信;Simone_BMC_Genomics_2011_版本1_766_HSP;UCSC_https://hgdownload.soe.ucsc.edu/goldenPath/hg18/database/
1				93926635	93927116	482		Tao_Genes_2023
1				93926635	93927116	482		Tao_Genes_2023
1				93926635	93927116	482		Tao_Genes_2023
1				93927466	93928308	843		Tao_Genes_2023
1				93927466	93928308	843		Tao_Genes_2023
1				93927466	93928308	843		Tao_Genes_2023
1	6837	7679	843	93927476	93928308	833	10	Calabrese_BMCBioinformatics_2012_低置信;Simone_BMC_Genomics_2011_版本1_766_HSP;UCSC_https://hgdownload.soe.ucsc.edu/goldenPath/hg18/database/
1	5565	6108	544	93933749	93934276	528	16	Calabrese_BMCBioinformatics_2012_低置信;Simone_BMC_Genomics_2011_版本1_766_HSP;UCSC_https://hgdownload.soe.ucsc.edu/goldenPath/hg18/database/
1				93933749	93934291	543		Tao_Genes_2023
1				93933749	93934291	543		Tao_Genes_2023
1				93933749	93934291	543		Tao_Genes_2023
1				93935007	93935233	227		Tao_Genes_2023
1				93935007	93935233	227		Tao_Genes_2023
1				93935007	93935233	227		Tao_Genes_2023
1	4699	4891	193	93935038	93935228	191	2	Calabrese_BMCBioinformatics_2012_低置信;Simone_BMC_Genomics_2011_版本1_766_HSP;UCSC_https://hgdownload.soe.ucsc.edu/goldenPath/hg18/database/
1				93936405	93937770	1366		Tao_Genes_2023
1				93936405	93937770	1366		Tao_Genes_2023
1				93936405	93937770	1366		Tao_Genes_2023
1	1739	3106	1368	93936406	93937743	1338	30	Calabrese_BMCBioinformatics_2012_低置信;Simone_BMC_Genomics_2011_版本1_766_HSP;UCSC_https://hgdownload.soe.ucsc.edu/goldenPath/hg18/database/
1	14320	14391	72	97559467	97559467	1	71	Nyuwa基因组资源NUMTs
1	10196	10262	67	98067516	98067517	2	65	Wei_Nature_2022_生殖系
1	15116	15324	209	98143138	98143142	5	204	Wei_Nature_2022_生殖系
1	6197	6329	133	99362935	99362936	2	131	Wei_Nature_2022_生殖系
1	8944	9068	125	100327374	100327399	26	99	Wei_Nature_2022_生殖系
1	2705	2920	216	100920638	100920639	2	214	Wei_Nature_2022_生殖系
1			13053	101936940	101936948	9	13044	Nyuwa基因组资源NUMTs
1	15034	15209	176	102577139	102577144	6	170	Wei_Nature_2022_生殖系
1	12017	12200	184	103166189	103166192	4	180	Nyuwa基因组资源NUMTs
1	12476	12518	43	103621156	103621198	43	0	Calabrese_BMCBioinformatics_2012_低置信;Calabrese_BMCBioinformatics_2012_高置信;Simone_BMC_Genomics_2011_版本1_766_HSP;Simone_BMC_Genomics_2011_版本2_585_高置信;UCSC_https://hgdownload.soe.ucsc.edu/goldenPath/hg18/database/
1				103621156	103621200	45		Tao_Genes_2023
1				103621156	103621200	45		Tao_Genes_2023
1	535	12758	12224	104299345	104299345	1	12223	Wei_Nature_2022_生殖系
1	16107	16569	463	104618625	104618625	1	462	Wei_Nature_2022_肿瘤
1	2773	2847	75	104727996	104728002	7	68	Wei_Nature_2022_生殖系
1	8878	10204	1327	105004816	105004817	2	1325	Wei_Nature_2022_生殖系
1	16042	16537	496	105140669	105140669	1	495	Wei_Nature_2022_生殖系
1	12735	12818	84	105862911	105862912	2	82	Nyuwa基因组资源NUMTs
1				106802629	106806090	3462		Tao_Genes_2023
1				106802629	106806090	3462		Tao_Genes_2023
1				106802629	106806090	3462		Tao_Genes_2023
1	5855	9328	3474	106802629	106806125	3497	23	Calabrese_BMCBioinformatics_2012_低置信;Calabrese_BMCBioinformatics_2012_高置信;Daniela_Lascaro_BMC_Genomics_2008;Simone_BMC_Genomics_2011_版本1_766_HSP;Simone_BMC_Genomics_2011_版本2_585_高置信;UCSC_https://hgdownload.soe.ucsc.edu/goldenPath/hg18/database/
1				107369143	107369276	134		Tao_Genes_2023
1	3911	5431	1521	108142228	108142228	1	1520	Wei_Nature_2022_生殖系
1	3911	5431	1521	108197995	108198067	73	1448	Wei_Nature_2022_生殖系
1	3844	7688	3845	109841389	109841389	1	3844	Nyuwa基因组资源NUMTs
1	12859	13044	186	110157772	110157774	3	183	Wei_Nature_2022_生殖系
1				113576757	113576881	125		Tao_Genes_2023
1				113576757	113576881	125		Tao_Genes_2023
1				113576757	113576881	125		Tao_Genes_2023
1	13327	13450	124	113576758	113576881	124	0	Calabrese_BMCBioinformatics_2012_低置信;Calabrese_BMCBioinformatics_2012_高置信;Simone_BMC_Genomics_2011_版本1_766_HSP;Simone_BMC_Genomics_2011_版本2_585_高置信;UCSC_https://hgdownload.soe.ucsc.edu/goldenPath/hg18/database/
1	15774	16115	342	114004828	114004833	6	336	Wei_Nature_2022_生殖系
1	3890	4135	246	114648758	114648759	2	244	Wei_Nature_2022_生殖系
1	13330	13470	141	116087672	116087677	6	135	Wei_Nature_2022_生殖系
1	2583	2652	70	118142050	118142056	7	63	Nyuwa基因组资源NUMTs;Wei_Nature_2022_生殖系
1	1051	3162	2112	119942350	119944634	2285	173	Daniela_Lascaro_BMC_Genomics_2008
1	2619	8157	5539	121486847	121486891	45	5494	Wei_Nature_2022_生殖系
1	8008	8472	465	122592474	122592474	1	464	Wei_Nature_2022_肿瘤
1	8497	10301	1805	125180142	125180212	71	1734	Nyuwa基因组资源NUMTs
1	12339	14980	2642	144452707	144452712	6	2636	Wei_Nature_2022_生殖系
1	11611	11771	161	146153092	146153135	44	117	Wei_Nature_2022_生殖系
1	15610	16053	444	146436740	146436740	1	443	Wei_Nature_2022_肿瘤
1	6869	6980	112	147860672	147860783	112	0	Calabrese_BMCBioinformatics_2012_低置信;Calabrese_BMCBioinformatics_2012_高置信;Simone_BMC_Genomics_2011_版本1_766_HSP;Simone_BMC_Genomics_2011_版本2_585_高置信;UCSC_https://hgdownload.soe.ucsc.edu/goldenPath/hg18/database/
1				147860672	147860783	112		Tao_Genes_2023
1				147860672	147860783	112		Tao_Genes_2023
1				147860672	147860783	112		Tao_Genes_2023
1	1597	3194	1598	147997141	147997141	1	1597	Nyuwa基因组资源NUMTs
1	15610	16053	444	149136094	149136094	1	443	Wei_Nature_2022_肿瘤
1	2598	2723	126	150524300	150524300	1	125	Wei_Nature_2022_生殖系
1	7947	8033	87	151584221	151584221	1	86	Wei_Nature_2022_肿瘤
1	109	16403	16295	151610524	151610524	1	16294	Wei_Nature_2022_肿瘤
1	5236	5382	147	152512409	152512412	4	143	Nyuwa基因组资源NUMTs
1	6864	6960	97	152812311	152812311	1	96	Nyuwa基因组资源NUMTs
1	959	1183	225	153790926	153790931	6	219	Wei_Nature_2022_生殖系
1	5768	5836	69	155004601	155004601	1	68	Wei_Nature_2022_肿瘤
1	5737	11474	5738	155525795	155525795	1	5737	Nyuwa基因组资源NUMTs
1	14471	15165	695	155822239	155822239	1	694	Wei_Nature_2022_肿瘤
1	12807	13031	225	156110772	156110772	1	224	Wei_Nature_2022_肿瘤
1	2816	2993	178	157674530	157674530	1	177	Wei_Nature_2022_肿瘤
1	3532	3625	94	157715667	157715667	1	93	Wei_Nature_2022_生殖系
1	16287	16460	174	157913738	157913739	2	172	Nyuwa基因组资源NUMTs;Wei_Nature_2022_生殖系
1	143	16474	16332	159237506	159237506	1	16331	Wei_Nature_2022_肿瘤
1	9718	9859	142	159624707	159624713	7	135	Wei_Nature_2022_生殖系
1	12480	12555	76	160776431	160776432	2	74	Nyuwa基因组资源NUMTs
1	12994	13059	66	161355070	161355070	1	65	Wei_Nature_2022_生殖系
1	7671	13088	5418	161538480	161538480	1	5417	Wei_Nature_2022_生殖系
1	3838	4092	255	163393421	163393422	2	253	Wei_Nature_2022_生殖系
1	3210	3392	183	163996131	163996135	5	178	Wei_Nature_2022_生殖系
1	1359	1488	130	167182477	167182477	1	129	Nyuwa基因组资源NUMTs
1	4709	4816	108	167353632	167353635	4	104	Wei_Nature_2022_生殖系
1	13359	13438	80	167444534	167444555	22	58	Nyuwa基因组资源NUMTs
1	313	9328	9016	167825568	167825569	2	9014	Nyuwa基因组资源NUMTs;Wei_Nature_2022_生殖系
1	1327	1437	111	167941829	167941838	10	101	Wei_Nature_2022_生殖系
1				168593601	168593710	110		Tao_Genes_2023
1				169474062	169474161	100		Tao_Genes_2023
1				169474062	169474161	100		Tao_Genes_2023
1				169474062	169474161	100		Tao_Genes_2023
1	8461	8556	96	169474063	169474158	96	0	Calabrese_BMCBioinformatics_2012_低置信;Calabrese_BMCBioinformatics_2012_高置信;Simone_BMC_Genomics_2011_版本1_766_HSP;Simone_BMC_Genomics_2011_版本2_585_高置信;UCSC_https://hgdownload.soe.ucsc.edu/goldenPath/hg18/database/
1				170006358	170006412	55		Tao_Genes_2023
1				170006358	170006412	55		Tao_Genes_2023
1				170006358	170006412	55		Tao_Genes_2023
1	9801	10192	392	170256486	170256488	3	389	Wei_Nature_2022_生殖系
1	1876	15470	13595	171736346	171736346	1	13594	Wei_Nature_2022_生殖系
1	1876	15470	13595	171835780	171835780	1	13594	Wei_Nature_2022_生殖系
1	8603	16134	7532	172079862	172079902	41	7491	Wei_Nature_2022_生殖系
1				172710527	172710628	102		Tao_Genes_2023
1				172710527	172710628	102		Tao_Genes_2023
1				172710527	172710628	102		Tao_Genes_2023
1	5586	5653	68	172710531	172710602	72	4	Calabrese_BMCBioinformatics_2012_低置信;Calabrese_BMCBioinformatics_2012_高置信;Simone_BMC_Genomics_2011_版本1_766_HSP;Simone_BMC_Genomics_2011_版本2_585_高置信;UCSC_https://hgdownload.soe.ucsc.edu/goldenPath/hg18/database/
1	2173	2409	237	172888475	172888478	4	233	Wei_Nature_2022_生殖系
1	6754	7202	449	176689080	176689080	1	448	Wei_Nature_2022_肿瘤
1	14992	15231	240	177618025	177618028	4	236	Wei_Nature_2022_生殖系
1	2786	3211	426	180329446	180329446	1	425	Wei_Nature_2022_肿瘤
1	1286	1376	91	180632990	180632991	2	89	Nyuwa基因组资源NUMTs;Wei_Nature_2022_生殖系
1	12142	12535	394	181422785	181423178	394	0	Calabrese_BMCBioinformatics_2012_低置信;Calabrese_BMCBioinformatics_2012_高置信;Simone_BMC_Genomics_2011_版本1_766_HSP;Simone_BMC_Genomics_2011_版本2_585_高置信;UCSC_https://hgdownload.soe.ucsc.edu/goldenPath/hg18/database/
1				181422785	181423178	394		Tao_Genes_2023
1				181422785	181423178	394		Tao_Genes_2023
1				181422785	181423178	394		Tao_Genes_2023
1	2331	2397	67	181477682	181477683	2	65	Wei_Nature_2022_生殖系
1	12169	12280	112	182410269	182410269	1	111	Wei_Nature_2022_生殖系
1	713	822	110	183490199	183490199	1	109	Wei_Nature_2022_生殖系
1	2930	3045	116	183771042	183771043	2	114	Wei_Nature_2022_生殖系
1	7924	8064	141	183894317	183894317	1	140	Wei_Nature_2022_生殖系
1	6352	6617	266	185562616	185562625	10	256	Wei_Nature_2022_生殖系
1	8359	16569	8211	185687479	185687479	1	8210	Wei_Nature_2022_生殖系
1	1488	1771	284	188611969	188611974	6	278	Wei_Nature_2022_生殖系
1	9099	9477	379	189978954	189978954	1	378	Wei_Nature_2022_肿瘤
1	4449	4668	220	190482482	190482482	1	219	Wei_Nature_2022_生殖系
1	14290	14388	99	190602621	190602622	2	97	Wei_Nature_2022_生殖系
1	612	941	330	190909727	190910060	334	4	Calabrese_BMCBioinformatics_2012_低置信;Calabrese_BMCBioinformatics_2012_高置信;Simone_BMC_Genomics_2011_版本1_766_HSP;Simone_BMC_Genomics_2011_版本2_585_高置信;UCSC_https://hgdownload.soe.ucsc.edu/goldenPath/hg18/database/
1				190909727	190910061	335		Tao_Genes_2023
1				190909727	190910061	335		Tao_Genes_2023
1				190909727	190910061	335		Tao_Genes_2023
1	14245	14524	280	190961578	190961592	15	265	Wei_Nature_2022_生殖系
1	16105	16214	110	191651179	191651180	2	108	Nyuwa基因组资源NUMTs
1				191961690	191961992	303		Tao_Genes_2023
1				191961690	191961992	303		Tao_Genes_2023
1				191961690	191961992	303		Tao_Genes_2023
1	873	1181	309	191961693	191961992	300	9	Calabrese_BMCBioinformatics_2012_低置信;Calabrese_BMCBioinformatics_2012_高置信;Simone_BMC_Genomics_2011_版本1_766_HSP;Simone_BMC_Genomics_2011_版本2_585_高置信;UCSC_https://hgdownload.soe.ucsc.edu/goldenPath/hg18/database/
1	16389	16499	111	192674711	192674713	3	108	Wei_Nature_2022_生殖系
1	9099	9477	379	194919117	194919117	1	378	Wei_Nature_2022_肿瘤
1	14072	14254	183	197218393	197218393	1	182	Wei_Nature_2022_肿瘤
1	9023	9195	173	197920800	197920803	4	169	Nyuwa基因组资源NUMTs
1	12208	12244	37	199834088	199834089	2	35	Wei_Nature_2022_生殖系
1	15491	16349	859	199977635	199977835	201	658	Wei_Nature_2022_生殖系
1	15491	16349	859	199979444	199979444	1	858	Wei_Nature_2022_生殖系
1	545	978	434	199989764	199989764	1	433	Wei_Nature_2022_肿瘤
1	13325	13509	185	200006709	200006709	1	184	Wei_Nature_2022_生殖系
1	6391	6458	68	203322335	203322340	6	62	Nyuwa基因组资源NUMTs
1	4427	4642	216	203863179	203863181	3	213	Wei_Nature_2022_生殖系
1	1250	1399	150	203882751	203882756	6	144	Nyuwa基因组资源NUMTs
1	9099	9477	379	205237995	205237995	1	378	Wei_Nature_2022_肿瘤
1	11152	11320	169	205475336	205475504	169	0	Calabrese_BMCBioinformatics_2012_低置信;Calabrese_BMCBioinformatics_2012_高置信;Simone_BMC_Genomics_2011_版本1_766_HSP;Simone_BMC_Genomics_2011_版本2_585_高置信;UCSC_https://hgdownload.soe.ucsc.edu/goldenPath/hg18/database/
1				205475336	205475515	180		Tao_Genes_2023
1				205475336	205475515	180		Tao_Genes_2023
1				205475336	205475515	180		Tao_Genes_2023
1	1235	1309	75	207216076	207216077	2	73	Wei_Nature_2022_生殖系
1				208145434	208145500	67		Tao_Genes_2023
1				208145434	208145500	67		Tao_Genes_2023
1				208145434	208145500	67		Tao_Genes_2023
1	515	557	43	208594247	208594247	1	42	Wei_Nature_2022_肿瘤
1	112	13444	13333	209803899	209803903	5	13328	Wei_Nature_2022_生殖系
1	6511	13022	6512	209990189	209990189	1	6511	Nyuwa基因组资源NUMTs
1	5078	5194	117	211614181	211614181	1	116	Wei_Nature_2022_生殖系
1	2623	2699	77	212504996	212505072	77	0	Calabrese_BMCBioinformatics_2012_低置信;Calabrese_BMCBioinformatics_2012_高置信;Simone_BMC_Genomics_2011_版本1_766_HSP;Simone_BMC_Genomics_2011_版本2_585_高置信;UCSC_https://hgdownload.soe.ucsc.edu/goldenPath/hg18/database/
1				212504996	212505075	80		Tao_Genes_2023
1				212504996	212505075	80		Tao_Genes_2023
1				212504996	212505075	80		Tao_Genes_2023
1	11037	14015	2979	213516652	213516652	1	2978	Wei_Nature_2022_肿瘤
1	12770	12836	67	214937999	214938000	2	65	Wei_Nature_2022_生殖系
1	16188	16308	121	215086118	215086123	6	115	Nyuwa基因组资源NUMTs
1	9562	9600	39	215499796	215499834	39	0	Calabrese_BMCBioinformatics_2012_低置信;Calabrese_BMCBioinformatics_2012_高置信;Simone_BMC_Genomics_2011_版本1_766_HSP;Simone_BMC_Genomics_2011_版本2_585_高置信;UCSC_https://hgdownload.soe.ucsc.edu/goldenPath/hg18/database/
1				215499796	215499835	40		Tao_Genes_2023
1				215499796	215499835	40		Tao_Genes_2023
1				215499796	215499835	40		Tao_Genes_2023
1	165	15203	15039	218311915	218311918	4	15035	Nyuwa基因组资源NUMTs
1				220455153	220455256	104		Tao_Genes_2023
1				220455153	220455256	104		Tao_Genes_2023
1				220455153	220455256	104		Tao_Genes_2023
1	9818	9919	102	220455154	220455255	102	0	Calabrese_BMCBioinformatics_2012_低置信;Calabrese_BMCBioinformatics_2012_高置信;Simone_BMC_Genomics_2011_版本1_766_HSP;Simone_BMC_Genomics_2011_版本2_585_高置信;UCSC_https://hgdownload.soe.ucsc.edu/goldenPath/hg18/database/
1	8860	12250	3391	222723911	222723915	5	3386	Wei_Nature_2022_生殖系
1	2696	2820	125	223247225	223247225	1	124	Wei_Nature_2022_生殖系
1	4526	4716	191	225427270	225427299	30	161	Nyuwa基因组资源NUMTs
1	12994	13129	136	226633566	226633568	3	133	Wei_Nature_2022_生殖系
1				226958145	226958267	123		Tao_Genes_2023
1				226958145	226958267	123		Tao_Genes_2023
1				226958145	226958267	123		Tao_Genes_2023
1	14421	14521	101	226958158	226958258	101	0	Calabrese_BMCBioinformatics_2012_低置信;Calabrese_BMCBioinformatics_2012_高置信;Simone_BMC_Genomics_2011_版本1_766_HSP;Simone_BMC_Genomics_2011_版本2_585_高置信;UCSC_https://hgdownload.soe.ucsc.edu/goldenPath/hg18/database/
1	10848	12955	2108	227220809	227220810	2	2106	Nyuwa基因组资源NUMTs
1	9396	9807	412	227296557	227296557	1	411	Wei_Nature_2022_生殖系
1	5213	11719	6507	227820457	227820457	1	6506	Wei_Nature_2022_生殖系
1	15165	15374	210	228713550	228713550	1	209	Wei_Nature_2022_肿瘤
1	12007	12205	199	229132157	229132157	1	198	Wei_Nature_2022_肿瘤
1	8057	8125	69	229747415	229747421	7	62	Wei_Nature_2022_生殖系
1	10967	11136	170	231279452	231279458	7	163	Nyuwa基因组资源NUMTs
1	12819	13054	236	231384677	231384678	2	234	Nyuwa基因组资源NUMTs
1	14543	14618	76	232296014	232296015	2	74	Wei_Nature_2022_生殖系
1	15573	15700	128	233632218	233632219	2	126	Nyuwa基因组资源NUMTs
1	16244	16290	47	233682364	233682366	3	44	Wei_Nature_2022_生殖系
1	8939	9054	116	235360076	235360077	2	114	Wei_Nature_2022_生殖系
1	14798	15717	920	235520022	235520923	902	18	Calabrese_BMCBioinformatics_2012_低置信;Calabrese_BMCBioinformatics_2012_高置信;Simone_BMC_Genomics_2011_版本1_766_HSP;Simone_BMC_Genomics_2011_版本2_585_高置信;UCSC_https://hgdownload.soe.ucsc.edu/goldenPath/hg18/database/
1				235520022	235520923	902		Tao_Genes_2023
1				235520022	235520923	902		Tao_Genes_2023
1				235520022	235520923	902		Tao_Genes_2023
1				235537390	235542389	5000		Tao_Genes_2023
1				235537390	235542389	5000		Tao_Genes_2023
1				235537390	235542389	5000		Tao_Genes_2023
1	9758	14797	5040	235537396	235542389	4994	46	Calabrese_BMCBioinformatics_2012_低置信;Calabrese_BMCBioinformatics_2012_高置信;Simone_BMC_Genomics_2011_版本1_766_HSP;Simone_BMC_Genomics_2011_版本2_585_高置信;UCSC_https://hgdownload.soe.ucsc.edu/goldenPath/hg18/database/
1	9782	13593	3812	235538591	235542365	3775	37	Daniela_Lascaro_BMC_Genomics_2008
1				237940761	237946399	5639		Tao_Genes_2023
1				237940761	237946399	5639		Tao_Genes_2023
1				237940761	237946425	5665		Tao_Genes_2023
1	573	6202	5630	237940763	237946391	5629	1	Calabrese_BMCBioinformatics_2012_低置信;Calabrese_BMCBioinformatics_2012_高置信;Daniela_Lascaro_BMC_Genomics_2008;Simone_BMC_Genomics_2011_版本1_766_HSP;UCSC_https://hgdownload.soe.ucsc.edu/goldenPath/hg18/database/
1	1	16569	16569	237940763	237951721	10959	5610	Simone_BMC_Genomics_2011_版本2_585_高置信
1				237947057	237951721	4665		Tao_Genes_2023
1				237947066	237951721	4656		Tao_Genes_2023
1				237947066	237951721	4656		Tao_Genes_2023
1	1	239	239	237947076	237947319	244	5	Calabrese_BMCBioinformatics_2012_低置信;Simone_BMC_Genomics_2011_版本1_766_HSP
1			239	237947076	237947319	244	5	UCSC_https://hgdownload.soe.ucsc.edu/goldenPath/hg18/database/
1	12156	16569	4414	237947320	237951721	4402	12	Calabrese_BMCBioinformatics_2012_低置信;Calabrese_BMCBioinformatics_2012_高置信;Daniela_Lascaro_BMC_Genomics_2008;Simone_BMC_Genomics_2011_版本1_766_HSP;UCSC_https://hgdownload.soe.ucsc.edu/goldenPath/hg18/database/
1	2671	2749	79	238331180	238331185	6	73	Nyuwa基因组资源NUMTs
1	6053	7817	1765	238814524	238814557	34	1731	Wei_Nature_2022_生殖系
1	5732	5868	137	238990896	238990897	2	135	Nyuwa基因组资源NUMTs;Wei_Nature_2022_生殖系
1	1907	3061	1155	239855762	239855762	1	1154	Wei_Nature_2022_肿瘤
1				239859022	239859130	109		Tao_Genes_2023
1				239859022	239859130	109		Tao_Genes_2023
1				239859022	239859130	109		Tao_Genes_2023
1	3948	4290	343	240018903	240018903	1	342	Wei_Nature_2022_肿瘤
1	3012	3165	154	240393350	240393351	2	152	Nyuwa基因组资源NUMTs
1				240549880	240550017	138		Tao_Genes_2023
1				240549880	240550017	138		Tao_Genes_2023
1				240549880	240550017	138		Tao_Genes_2023
1	6157	6288	132	240549886	240550017	132	0	Calabrese_BMCBioinformatics_2012_低置信;Calabrese_BMCBioinformatics_2012_高置信;Simone_BMC_Genomics_2011_版本1_766_HSP;Simone_BMC_Genomics_2011_版本2_585_高置信;UCSC_https://hgdownload.soe.ucsc.edu/goldenPath/hg18/database/
1	4559	4718	160	241597171	241597173	3	157	Nyuwa基因组资源NUMTs;Wei_Nature_2022_生殖系
1	11412	11482	71	243976229	243976231	3	68	Wei_Nature_2022_生殖系
1	12844	12969	126	247296293	247296299	7	119	Wei_Nature_2022_生殖系
1				248904373	248904518	146		Tao_Genes_2023
1				248904373	248904518	146		Tao_Genes_2023
1				248904373	248904518	146		Tao_Genes_2023
1	596	719	124	248904383	248904502	120	4	Calabrese_BMCBioinformatics_2012_低置信;Calabrese_BMCBioinformatics_2012_高置信;Simone_BMC_Genomics_2011_版本1_766_HSP;Simone_BMC_Genomics_2011_版本2_585_高置信;UCSC_https://hgdownload.soe.ucsc.edu/goldenPath/hg18/database/
1	11482	11872	391	248921619	248921619	1	390	Wei_Nature_2022_肿瘤
2	6715	6851	137	557706	557709	4	133	Wei_Nature_2022_生殖系
2	12791	12892	102	1917924	1917929	6	96	Nyuwa基因组资源NUMTs
2	12332	14755	2424	3096671	3096675	5	2419	Wei_Nature_2022_生殖系
2	15731	15933	203	4160858	4160858	1	202	Nyuwa基因组资源NUMTs
2	8287	8359	73	9380475	9380476	2	71	Nyuwa基因组资源NUMTs
2				9746712	9746877	166		Tao_Genes_2023
2				9746712	9746877	166		Tao_Genes_2023
2				9746712	9746877	166		Tao_Genes_2023
2	10204	10357	154	9746713	9746865	153	1	Calabrese_BMCBioinformatics_2012_低置信;Calabrese_BMCBioinformatics_2012_高置信;Simone_BMC_Genomics_2011_版本1_766_HSP;Simone_BMC_Genomics_2011_版本2_585_高置信;UCSC_https://hgdownload.soe.ucsc.edu/goldenPath/hg18/database/
2	15415	16062	648	9749505	9749523	19	629	Wei_Nature_2022_生殖系
2	14320	14379	60	10338206	10338206	1	59	Wei_Nature_2022_生殖系
2			7444	10388724	10388724	1	7443	Nyuwa基因组资源NUMTs
2				11256902	11256989	88		Tao_Genes_2023
2				11256902	11256989	88		Tao_Genes_2023
2				11256902	11256989	88		Tao_Genes_2023
2	2779	2848	70	11256916	11256985	70	0	Calabrese_BMCBioinformatics_2012_低置信;Calabrese_BMCBioinformatics_2012_高置信;Simone_BMC_Genomics_2011_版本1_766_HSP;Simone_BMC_Genomics_2011_版本2_585_高置信;UCSC_https://hgdownload.soe.ucsc.edu/goldenPath/hg18/database/
2	11570	11749	180	13665887	13665887	1	179	Wei_Nature_2022_肿瘤
2	2372	3028	657	13959747	13959747	1	656	Wei_Nature_2022_肿瘤
2	9058	12811	3754	14764845	14764845	1	3753	Wei_Nature_2022_生殖系
2	6514	6629	116	15521167	15521282	116	0	Calabrese_BMCBioinformatics_2012_低置信;Calabrese_BMCBioinformatics_2012_高置信;Simone_BMC_Genomics_2011_版本1_766_HSP;Simone_BMC_Genomics_2011_版本2_585_高置信;UCSC_https://hgdownload.soe.ucsc.edu/goldenPath/hg18/database/
2				15521167	15521282	116		Tao_Genes_2023
2				15521167	15521282	116		Tao_Genes_2023
2				15521167	15521282	116		Tao_Genes_2023
2	10538	10955	418	17163044	17163046	3	415	Wei_Nature_2022_生殖系
2	15262	15262	1	17561924	17561935	12	11	Wei_Nature_2022_生殖系
2				19236328	19236437	110		Tao_Genes_2023
2				19236328	19236437	110		Tao_Genes_2023
2				19236328	19236437	110		Tao_Genes_2023
2	1080	1182	103	19758643	19758648	6	97	Wei_Nature_2022_生殖系
2	13978	14050	73	20985091	20985092	2	71	Wei_Nature_2022_生殖系
2				22317041	22317249	209		Tao_Genes_2023
2				22317041	22317249	209		Tao_Genes_2023
2				22317041	22317249	209		Tao_Genes_2023
2	15254	15451	198	22317051	22317248	198	0	Calabrese_BMCBioinformatics_2012_低置信;Calabrese_BMCBioinformatics_2012_高置信;Simone_BMC_Genomics_2011_版本1_766_HSP;Simone_BMC_Genomics_2011_版本2_585_高置信;UCSC_https://hgdownload.soe.ucsc.edu/goldenPath/hg18/database/
2	16362	16459	98	22947577	22947580	4	94	Nyuwa基因组资源NUMTs
2	15906	16054	149	23381416	23381416	1	148	Nyuwa基因组资源NUMTs;Wei_Nature_2022_生殖系
2	11739	11903	165	23962701	23962712	12	153	Wei_Nature_2022_生殖系
2	8437	10398	1962	24041333	24041334	2	1960	Nyuwa基因组资源NUMTs
2	133	751	619	25854580	25854580	1	618	Wei_Nature_2022_肿瘤
2	12222	12404	183	26444979	26444979	1	182	Wei_Nature_2022_生殖系
2	80	16117	16038	27586153	27586153	1	16037	Wei_Nature_2022_肿瘤
2	12933	13003	71	27604328	27604333	6	65	Wei_Nature_2022_生殖系
2	9462	9531	70	27964783	27964784	2	68	Wei_Nature_2022_生殖系
2	6566	6671	106	28567130	28567134	5	101	Nyuwa基因组资源NUMTs
2				29584531	29584632	102		Tao_Genes_2023
2				29584531	29584632	102		Tao_Genes_2023
2				29584531	29584632	102		Tao_Genes_2023
2				30432495	30432599	105		Tao_Genes_2023
2				30432495	30432599	105		Tao_Genes_2023
2				30432495	30432599	105		Tao_Genes_2023
2	8160	8518	359	31549883	31549883	1	358	Wei_Nature_2022_生殖系
2	34	223	190	32080588	32080588	1	189	Wei_Nature_2022_生殖系
2	6185	6253	69	32469176	32469176	1	68	Nyuwa基因组资源NUMTs
2	12822	25644	12823	32740627	32740627	1	12822	Nyuwa基因组资源NUMTs
2	299	16088	15790	32916214	32916334	121	15669	Nyuwa基因组资源NUMTs
2	14529	14687	159	33219144	33219147	4	155	Wei_Nature_2022_生殖系
2	14776	15022	247	33667411	33667416	6	241	Nyuwa基因组资源NUMTs;Wei_Nature_2022_生殖系
2	1763	1818	56	33767471	33767526	56	0	Calabrese_BMCBioinformatics_2012_低置信;Calabrese_BMCBioinformatics_2012_高置信;Simone_BMC_Genomics_2011_版本1_766_HSP;Simone_BMC_Genomics_2011_版本2_585_高置信;UCSC_https://hgdownload.soe.ucsc.edu/goldenPath/hg18/database/
2				33767471	33767526	56		Tao_Genes_2023
2				33767471	33767526	56		Tao_Genes_2023
2	6134	15942	9809	34533288	34533290	3	9806	Wei_Nature_2022_生殖系
2	2534	2705	172	35299309	35299310	2	170	Nyuwa基因组资源NUMTs
2	2491	2710	220	35442978	35442981	4	216	Wei_Nature_2022_生殖系
2	1712	3214	1503	37647833	37647837	5	1498	Wei_Nature_2022_生殖系
2	695	16466	15772	37680611	37680626	16	15756	Wei_Nature_2022_生殖系
2	6580	13160	6581	38343101	38343101	1	6580	Nyuwa基因组资源NUMTs
2	191	14005	13815	38715141	38715141	1	13814	Wei_Nature_2022_生殖系
2	12773	12870	98	39845367	39845368	2	96	Wei_Nature_2022_生殖系
2	5233	6569	1337	40029413	40029413	1	1336	Wei_Nature_2022_生殖系
2	5233	6569	1337	40036227	40036227	1	1336	Wei_Nature_2022_生殖系
2				40784956	40785117	162		Tao_Genes_2023
2				40784956	40785117	162		Tao_Genes_2023
2				40784956	40785117	162		Tao_Genes_2023
2	956	1124	169	40784957	40785117	161	8	Calabrese_BMCBioinformatics_2012_低置信;Calabrese_BMCBioinformatics_2012_高置信;Simone_BMC_Genomics_2011_版本1_766_HSP;Simone_BMC_Genomics_2011_版本2_585_高置信;UCSC_https://hgdownload.soe.ucsc.edu/goldenPath/hg18/database/
2	10871	10989	119	42603707	42603714	8	111	Wei_Nature_2022_生殖系
2				42911489	42911572	84		Tao_Genes_2023
2				42911489	42911572	84		Tao_Genes_2023
2				42911489	42911572	84		Tao_Genes_2023
2				43099970	43100104	135		Tao_Genes_2023
2				43099970	43100104	135		Tao_Genes_2023
2				43099970	43100104	135		Tao_Genes_2023
2	3610	16268	12659	44321344	44321344	1	12658	Wei_Nature_2022_生殖系
2	3610	16268	12659	44378650	44378650	1	12658	Wei_Nature_2022_生殖系
2	16067	16493	427	45524390	45524393	4	423	Wei_Nature_2022_生殖系
2	1386	1878	493	47804079	47804080	2	491	Wei_Nature_2022_生殖系
2				49229627	49229899	273		Tao_Genes_2023
2				49229627	49229899	273		Tao_Genes_2023
2				49229627	49229899	273		Tao_Genes_2023
2	6741	7012	272	49229628	49229899	272	0	Calabrese_BMCBioinformatics_2012_低置信;Calabrese_BMCBioinformatics_2012_高置信;Daniela_Lascaro_BMC_Genomics_2008;Simone_BMC_Genomics_2011_版本1_766_HSP;Simone_BMC_Genomics_2011_版本2_585_高置信;UCSC_https://hgdownload.soe.ucsc.edu/goldenPath/hg18/database/
2				50588688	50589417	730		Tao_Genes_2023
2				50588688	50589417	730		Tao_Genes_2023
2				50588688	50589417	730		Tao_Genes_2023
2	6295	6994	700	50588692	50589390	699	1	Calabrese_BMCBioinformatics_2012_低置信;Calabrese_BMCBioinformatics_2012_高置信;Daniela_Lascaro_BMC_Genomics_2008;Simone_BMC_Genomics_2011_版本1_766_HSP;Simone_BMC_Genomics_2011_版本2_585_高置信;UCSC_https://hgdownload.soe.ucsc.edu/goldenPath/hg18/database/
2	10196	14120	3925	50970102	50970103	2	3923	Wei_Nature_2022_生殖系
2	14516	14910	395	51592299	51592299	1	394	Wei_Nature_2022_肿瘤
2	5998	7363	1366	52647941	52647946	6	1360	Nyuwa基因组资源NUMTs
2	16023	16569	547	53168450	53168450	1	546	Wei_Nature_2022_生殖系
2	15067	15154	88	55242202	55242203	2	86	Wei_Nature_2022_生殖系
2				55535912	55535989	78		Tao_Genes_2023
2				55535912	55535989	78		Tao_Genes_2023
2				55535912	55535989	78		Tao_Genes_2023
2				56280460	56280647	188		Tao_Genes_2023
2				56280460	56280647	188		Tao_Genes_2023
2				56280460	56280647	188		Tao_Genes_2023
2				56465011	56465195	185		Tao_Genes_2023
2				56465011	56465195	185		Tao_Genes_2023
2				56465011	56465195	185		Tao_Genes_2023
2	8661	8830	170	56465022	56465191	170	0	Calabrese_BMCBioinformatics_2012_低置信;Calabrese_BMCBioinformatics_2012_高置信;Simone_BMC_Genomics_2011_版本1_766_HSP;Simone_BMC_Genomics_2011_版本2_585_高置信;UCSC_https://hgdownload.soe.ucsc.edu/goldenPath/hg18/database/
2	9278	9470	193	57640865	57640866	2	191	Wei_Nature_2022_生殖系
2	1	1	1	58593595	58593595	1	0	Wei_Nature_2022_生殖系
2	11226	11293	68	59474312	59474316	5	63	Nyuwa基因组资源NUMTs
2	1410	1480	71	61714761	61714763	3	68	Nyuwa基因组资源NUMTs
2	4903	4997	95	62855590	62855591	2	93	Wei_Nature_2022_生殖系
2	15569	15649	81	63640321	63640324	4	77	Wei_Nature_2022_生殖系
2				63689409	63689622	214		Tao_Genes_2023
2				63689409	63689622	214		Tao_Genes_2023
2				63689409	63689622	214		Tao_Genes_2023
2	9554	9765	212	63689410	63689621	212	0	Calabrese_BMCBioinformatics_2012_低置信;Calabrese_BMCBioinformatics_2012_高置信;Simone_BMC_Genomics_2011_版本1_766_HSP;Simone_BMC_Genomics_2011_版本2_585_高置信;UCSC_https://hgdownload.soe.ucsc.edu/goldenPath/hg18/database/
2			7431	64370012	64370016	5	7426	Nyuwa基因组资源NUMTs
2	12790	12859	70	64824843	64824845	3	67	Wei_Nature_2022_生殖系
2	11069	11191	123	67286355	67286361	7	116	Wei_Nature_2022_生殖系
2	9257	9334	78	68089388	68089389	2	76	Nyuwa基因组资源NUMTs
2				68260739	68261011	273		Tao_Genes_2023
2				68260739	68261011	273		Tao_Genes_2023
2				68260739	68261011	273		Tao_Genes_2023
2	5021	5289	269	68260740	68261008	269	0	Calabrese_BMCBioinformatics_2012_低置信;Calabrese_BMCBioinformatics_2012_高置信;Simone_BMC_Genomics_2011_版本1_766_HSP;Simone_BMC_Genomics_2011_版本2_585_高置信;UCSC_https://hgdownload.soe.ucsc.edu/goldenPath/hg18/database/
2	6807	6968	162	68529812	68529837	26	136	Nyuwa基因组资源NUMTs
2	10191	16397	6207	68801196	68801207	12	6195	Wei_Nature_2022_生殖系
2	8315	11014	2700	71321965	71321972	8	2692	Wei_Nature_2022_生殖系
2	16436	16543	108	71380943	71380943	1	107	Wei_Nature_2022_生殖系
2				71638760	71638870	111		Tao_Genes_2023
2				71638760	71638870	111		Tao_Genes_2023
2				71638760	71638870	111		Tao_Genes_2023
2	367	9932	9566	71646957	71647000	44	9522	Wei_Nature_2022_生殖系
2	8963	9146	184	72151461	72151470	10	174	Nyuwa基因组资源NUMTs
2	12763	12839	77	72779285	72779285	1	76	Wei_Nature_2022_生殖系
2	2998	3103	106	75063748	75063853	106	0	Calabrese_BMCBioinformatics_2012_低置信;Calabrese_BMCBioinformatics_2012_高置信;Simone_BMC_Genomics_2011_版本1_766_HSP;Simone_BMC_Genomics_2011_版本2_585_高置信;UCSC_https://hgdownload.soe.ucsc.edu/goldenPath/hg18/database/
2				75063748	75063853	106		Tao_Genes_2023
2				75063748	75063853	106		Tao_Genes_2023
2				75063748	75063853	106		Tao_Genes_2023
2	324	504	181	76363063	76363068	6	175	Wei_Nature_2022_生殖系
2	628	1253	626	78331929	78331931	3	623	Wei_Nature_2022_生殖系
2	3368	3479	112	79621405	79621411	7	105	Nyuwa基因组资源NUMTs
2	7283	7381	99	79899154	79899154	1	98	Wei_Nature_2022_生殖系
2	16293	32586	16294	80048345	80048360	16	16278	Nyuwa基因组资源NUMTs
2	8450	8700	251	80312537	80312537	1	250	Wei_Nature_2022_肿瘤
2	7858	8109	252	81666477	81666728	252	0	Calabrese_BMCBioinformatics_2012_低置信;Calabrese_BMCBioinformatics_2012_高置信;Simone_BMC_Genomics_2011_版本1_766_HSP;Simone_BMC_Genomics_2011_版本2_585_高置信;UCSC_https://hgdownload.soe.ucsc.edu/goldenPath/hg18/database/
2				81666477	81666730	254		Tao_Genes_2023
2				81666477	81666730	254		Tao_Genes_2023
2				81666477	81666730	254		Tao_Genes_2023
2	8342	8579	238	82054470	82054476	7	231	Wei_Nature_2022_生殖系
2				82814978	82820168	5191		Tao_Genes_2023
2				82814978	82820168	5191		Tao_Genes_2023
2				82814978	82820168	5191		Tao_Genes_2023
2	11589	16567	4979	82814979	82819964	4986	7	Calabrese_BMCBioinformatics_2012_低置信;Calabrese_BMCBioinformatics_2012_高置信;Daniela_Lascaro_BMC_Genomics_2008;Simone_BMC_Genomics_2011_版本1_766_HSP;UCSC_https://hgdownload.soe.ucsc.edu/goldenPath/hg18/database/
2	1	16567	16567	82814979	82821005	6027	10540	Simone_BMC_Genomics_2011_版本2_585_高置信
2			60	82819967	82820026	60	0	UCSC_https://hgdownload.soe.ucsc.edu/goldenPath/hg18/database/
2	334	365	32	82820346	82820376	31	1	Calabrese_BMCBioinformatics_2012_低置信;Calabrese_BMCBioinformatics_2012_高置信;Simone_BMC_Genomics_2011_版本1_766_HSP;UCSC_https://hgdownload.soe.ucsc.edu/goldenPath/hg18/database/
2				82820871	82821020	150		Tao_Genes_2023
2				82820871	82821020	150		Tao_Genes_2023
2				82820871	82821020	150		Tao_Genes_2023
2	14097	14588	492	82867660	82867660	1	491	Wei_Nature_2022_肿瘤
2	3600	3796	197	84855423	84855427	5	192	Wei_Nature_2022_生殖系
2				85068803	85069034	232		Tao_Genes_2023
2				85068803	85069034	232		Tao_Genes_2023
2				85068803	85069034	232		Tao_Genes_2023
2	6851	7080	230	85068805	85069034	230	0	Calabrese_BMCBioinformatics_2012_低置信;Calabrese_BMCBioinformatics_2012_高置信;Simone_BMC_Genomics_2011_版本1_766_HSP;Simone_BMC_Genomics_2011_版本2_585_高置信;UCSC_https://hgdownload.soe.ucsc.edu/goldenPath/hg18/database/
2	6356	6445	90	85586682	85586684	3	87	Nyuwa基因组资源NUMTs
2	1577	1637	61	85724900	85724960	61	0	Calabrese_BMCBioinformatics_2012_低置信;Calabrese_BMCBioinformatics_2012_高置信;Simone_BMC_Genomics_2011_版本1_766_HSP;Simone_BMC_Genomics_2011_版本2_585_高置信;UCSC_https://hgdownload.soe.ucsc.edu/goldenPath/hg18/database/
2				85724900	85724960	61		Tao_Genes_2023
2				85724900	85724960	61		Tao_Genes_2023
2				85724900	85724960	61		Tao_Genes_2023
2	54	306	253	85815476	85815496	21	232	Wei_Nature_2022_生殖系
2	3905	4067	163	86389547	86389549	3	160	Wei_Nature_2022_生殖系
2	6895	6986	92	87780150	87780154	5	87	Wei_Nature_2022_生殖系
2				87824889	87825367	479		Tao_Genes_2023
2				87824889	87825367	479		Tao_Genes_2023
2				87824889	87825367	479		Tao_Genes_2023
2	8314	8789	476	87824890	87825365	476	0	Calabrese_BMCBioinformatics_2012_低置信;Calabrese_BMCBioinformatics_2012_高置信;Daniela_Lascaro_BMC_Genomics_2008;Simone_BMC_Genomics_2011_版本1_766_HSP;Simone_BMC_Genomics_2011_版本2_585_高置信;UCSC_https://hgdownload.soe.ucsc.edu/goldenPath/hg18/database/
2	4775	4879	105	88527454	88527455	2	103	Nyuwa基因组资源NUMTs
2	15044	15777	734	88933240	88933240	1	733	Wei_Nature_2022_肿瘤
2	6907	13814	6908	88984116	88984116	1	6907	Nyuwa基因组资源NUMTs
2	2303	2506	204	89122970	89122971	2	202	Nyuwa基因组资源NUMTs
2				92006437	92006591	155		Tao_Genes_2023
2				92006437	92006591	155		Tao_Genes_2023
2				92006437	92006591	155		Tao_Genes_2023
2	3750	3886	137	92006447	92006583	137	0	Calabrese_BMCBioinformatics_2012_低置信;Calabrese_BMCBioinformatics_2012_高置信;Simone_BMC_Genomics_2011_版本1_766_HSP;Simone_BMC_Genomics_2011_版本2_585_高置信;UCSC_https://hgdownload.soe.ucsc.edu/goldenPath/hg18/database/
2				94237239	94237393	155		Tao_Genes_2023
2				94237239	94237393	155		Tao_Genes_2023
2				94899004	94899525	522		Tao_Genes_2023
2				94899004	94899525	522		Tao_Genes_2023
2				94899004	94899525	522		Tao_Genes_2023
2	1019	1507	489	94899009	94899498	490	1	Calabrese_BMCBioinformatics_2012_低置信;Calabrese_BMCBioinformatics_2012_高置信;Daniela_Lascaro_BMC_Genomics_2008;Simone_BMC_Genomics_2011_版本1_766_HSP;Simone_BMC_Genomics_2011_版本2_585_高置信;UCSC_https://hgdownload.soe.ucsc.edu/goldenPath/hg18/database/
2	15045	15087	43	94899547	94899589	43	0	Calabrese_BMCBioinformatics_2012_低置信;Calabrese_BMCBioinformatics_2012_高置信;Simone_BMC_Genomics_2011_版本1_766_HSP;Simone_BMC_Genomics_2011_版本2_585_高置信;UCSC_https://hgdownload.soe.ucsc.edu/goldenPath/hg18/database/
2	5624	6979	1356	94899591	94900970	1380	24	Calabrese_BMCBioinformatics_2012_低置信;Calabrese_BMCBioinformatics_2012_高置信;Daniela_Lascaro_BMC_Genomics_2008;Simone_BMC_Genomics_2011_版本1_766_HSP;Simone_BMC_Genomics_2011_版本2_585_高置信;UCSC_https://hgdownload.soe.ucsc.edu/goldenPath/hg18/database/
2				94899591	94900970	1380		Tao_Genes_2023
2				94899591	94900970	1380		Tao_Genes_2023
2				94899591	94900970	1380		Tao_Genes_2023
2				94900994	94901973	980		Tao_Genes_2023
2				94900994	94901973	980		Tao_Genes_2023
2				94900994	94901973	980		Tao_Genes_2023
2	9394	10302	909	94901001	94901958	958	49	Calabrese_BMCBioinformatics_2012_低置信;Calabrese_BMCBioinformatics_2012_高置信;Daniela_Lascaro_BMC_Genomics_2008;Simone_BMC_Genomics_2011_版本1_766_HSP;Simone_BMC_Genomics_2011_版本2_585_高置信;UCSC_https://hgdownload.soe.ucsc.edu/goldenPath/hg18/database/
2	724	804	81	96680839	96680919	81	0	Calabrese_BMCBioinformatics_2012_低置信;Calabrese_BMCBioinformatics_2012_高置信;Simone_BMC_Genomics_2011_版本1_766_HSP;Simone_BMC_Genomics_2011_版本2_585_高置信;UCSC_https://hgdownload.soe.ucsc.edu/goldenPath/hg18/database/
2				96680839	96680919	81		Tao_Genes_2023
2				96680839	96680919	81		Tao_Genes_2023
2				96680839	96680919	81		Tao_Genes_2023
2	5474	6150	677	96878541	96878541	1	676	Wei_Nature_2022_生殖系
2	11142	11359	218	97000017	97000026	10	208	Wei_Nature_2022_生殖系
2	13955	14048	94	99198217	99198218	2	92	Nyuwa基因组资源NUMTs
2	11107	11248	142	99501514	99501516	3	139	Wei_Nature_2022_生殖系
2	9266	9334	69	100106849	100106850	2	67	Wei_Nature_2022_生殖系
2	3302	3849	548	100266852	100266853	2	546	Wei_Nature_2022_生殖系
2	1615	3230	1616	101504097	101504097	1	1615	Nyuwa基因组资源NUMTs
2	776	844	69	102401203	102401214	12	57	Wei_Nature_2022_生殖系
2				102505771	102505830	60		Tao_Genes_2023
2				102505771	102505830	60		Tao_Genes_2023
2				102505771	102505830	60		Tao_Genes_2023
2	12290	12344	55	102505774	102505829	56	1	Calabrese_BMCBioinformatics_2012_低置信;Calabrese_BMCBioinformatics_2012_高置信;Simone_BMC_Genomics_2011_版本1_766_HSP;Simone_BMC_Genomics_2011_版本2_585_高置信;UCSC_https://hgdownload.soe.ucsc.edu/goldenPath/hg18/database/
2	6621	6775	155	103532877	103532883	7	148	Nyuwa基因组资源NUMTs;Wei_Nature_2022_生殖系
2				103598715	103598836	122		Tao_Genes_2023
2				103598715	103598836	122		Tao_Genes_2023
2				103598715	103598836	122		Tao_Genes_2023
2	724	834	111	103598726	103598836	111	0	Calabrese_BMCBioinformatics_2012_低置信;Calabrese_BMCBioinformatics_2012_高置信;Simone_BMC_Genomics_2011_版本1_766_HSP;Simone_BMC_Genomics_2011_版本2_585_高置信;UCSC_https://hgdownload.soe.ucsc.edu/goldenPath/hg18/database/
2				103657697	103657792	96		Tao_Genes_2023
2				103657697	103657792	96		Tao_Genes_2023
2				103657697	103657792	96		Tao_Genes_2023
2	9305	13951	4647	103928170	103928189	20	4627	Wei_Nature_2022_生殖系
2	1286	1356	71	104835775	104835776	2	69	Nyuwa基因组资源NUMTs
2	8643	9189	547	107736826	107736829	4	543	Nyuwa基因组资源NUMTs
2	12412	12552	141	108913568	108913709	142	1	Calabrese_BMCBioinformatics_2012_低置信;Calabrese_BMCBioinformatics_2012_高置信;Simone_BMC_Genomics_2011_版本1_766_HSP;Simone_BMC_Genomics_2011_版本2_585_高置信;UCSC_https://hgdownload.soe.ucsc.edu/goldenPath/hg18/database/
2				108913568	108913709	142		Tao_Genes_2023
2				108913568	108913709	142		Tao_Genes_2023
2				108913568	108913709	142		Tao_Genes_2023
2	6160	16249	10090	110596854	110596868	15	10075	Wei_Nature_2022_生殖系
2	5904	6113	210	110782277	110782289	13	197	Wei_Nature_2022_生殖系
2				113039457	113039524	68		Tao_Genes_2023
2				113039457	113039524	68		Tao_Genes_2023
2				113039457	113039524	68		Tao_Genes_2023
2	6224	6420	197	113487438	113487439	2	195	Wei_Nature_2022_生殖系
2	14058	14227	170	114322461	114322478	18	152	Wei_Nature_2022_生殖系
2	4476	15769	11294	114372300	114372321	22	11272	Wei_Nature_2022_生殖系
2	13031	13102	72	114490352	114490423	72	0	Calabrese_BMCBioinformatics_2012_低置信;Calabrese_BMCBioinformatics_2012_高置信;Simone_BMC_Genomics_2011_版本1_766_HSP;Simone_BMC_Genomics_2011_版本2_585_高置信;UCSC_https://hgdownload.soe.ucsc.edu/goldenPath/hg18/database/
2				114490352	114490436	85		Tao_Genes_2023
2				114490352	114490436	85		Tao_Genes_2023
2				114490352	114490436	85		Tao_Genes_2023
2	7644	7819	176	116250069	116250069	1	175	Wei_Nature_2022_生殖系
2				116751172	116752378	1207		Tao_Genes_2023
2				116751172	116752378	1207		Tao_Genes_2023
2				116751172	116752378	1207		Tao_Genes_2023
2	15443	16569	1127	116751185	116752312	1128	1	Calabrese_BMCBioinformatics_2012_低置信;Calabrese_BMCBioinformatics_2012_高置信;Simone_BMC_Genomics_2011_版本1_766_HSP;UCSC_https://hgdownload.soe.ucsc.edu/goldenPath/hg18/database/
2	1	16569	16569	116751185	116752365	1181	15388	Simone_BMC_Genomics_2011_版本2_585_高置信
2	1	60	60	116752313	116752365	53	7	Calabrese_BMCBioinformatics_2012_低置信;Calabrese_BMCBioinformatics_2012_高置信;Simone_BMC_Genomics_2011_版本1_766_HSP
2			60	116752313	116752365	53	7	UCSC_https://hgdownload.soe.ucsc.edu/goldenPath/hg18/database/
2	16297	16569	273	117019928	117020378	451	178	Calabrese_BMCBioinformatics_2012_低置信;Calabrese_BMCBioinformatics_2012_高置信;Simone_BMC_Genomics_2011_版本1_766_HSP;UCSC_https://hgdownload.soe.ucsc.edu/goldenPath/hg18/database/
2	1	16569	16569	117019928	117027027	7100	9469	Simone_BMC_Genomics_2011_版本2_585_高置信
2				117020196	117020456	261		Tao_Genes_2023
2				117020196	117020456	261		Tao_Genes_2023
2				117020196	117020456	261		Tao_Genes_2023
2			76	117020379	117020454	76	0	UCSC_https://hgdownload.soe.ucsc.edu/goldenPath/hg18/database/
2	171	238	68	117020554	117020619	66	2	Calabrese_BMCBioinformatics_2012_低置信;Simone_BMC_Genomics_2011_版本1_766_HSP;UCSC_https://hgdownload.soe.ucsc.edu/goldenPath/hg18/database/
2				117021190	117027027	5838		Tao_Genes_2023
2				117021190	117027027	5838		Tao_Genes_2023
2				117021190	117027027	5838		Tao_Genes_2023
2	596	6431	5836	117021213	117027027	5815	21	Calabrese_BMCBioinformatics_2012_低置信;Calabrese_BMCBioinformatics_2012_高置信;Daniela_Lascaro_BMC_Genomics_2008;Simone_BMC_Genomics_2011_版本1_766_HSP;UCSC_https://hgdownload.soe.ucsc.edu/goldenPath/hg18/database/
2	5535	5653	119	117138055	117138055	1	118	Wei_Nature_2022_生殖系
2	5987	6108	122	119257719	119257722	4	118	Wei_Nature_2022_生殖系
2	8315	9755	1441	120210850	120212275	1426	15	Calabrese_BMCBioinformatics_2012_低置信;Simone_BMC_Genomics_2011_版本1_766_HSP;UCSC_https://hgdownload.soe.ucsc.edu/goldenPath/hg18/database/
2				120210850	120212286	1437		Tao_Genes_2023
2				120210850	120212286	1437		Tao_Genes_2023
2				120210850	120212362	1513		Tao_Genes_2023
2	8315	13922	5608	120210850	120217227	6378	770	Calabrese_BMCBioinformatics_2012_高置信;Daniela_Lascaro_BMC_Genomics_2008;Simone_BMC_Genomics_2011_版本2_585_高置信
2				120212289	120212362	74		Tao_Genes_2023
2				120212289	120212362	74		Tao_Genes_2023
2	9785	12758	2974	120212661	120215600	2940	34	Calabrese_BMCBioinformatics_2012_低置信;Simone_BMC_Genomics_2011_版本1_766_HSP;UCSC_https://hgdownload.soe.ucsc.edu/goldenPath/hg18/database/
2				120212661	120215601	2941		Tao_Genes_2023
2				120212661	120215601	2941		Tao_Genes_2023
2				120212661	120215601	2941		Tao_Genes_2023
2				120215900	120216353	454		Tao_Genes_2023
2				120215900	120216353	454		Tao_Genes_2023
2				120215900	120216353	454		Tao_Genes_2023
2	12998	13566	569	120216228	120216788	561	8	Calabrese_BMCBioinformatics_2012_低置信;Simone_BMC_Genomics_2011_版本1_766_HSP;UCSC_https://hgdownload.soe.ucsc.edu/goldenPath/hg18/database/
2				120216555	120217255	701		Tao_Genes_2023
2				120216555	120217255	701		Tao_Genes_2023
2				120216555	120217255	701		Tao_Genes_2023
2	9001	9075	75	121086429	121086443	15	60	Wei_Nature_2022_生殖系
2	11001	11400	400	121458709	121458709	1	399	Wei_Nature_2022_生殖系
2	2184	2261	78	122928230	122928231	2	76	Wei_Nature_2022_生殖系
2	1618	1688	71	123447603	123447610	8	63	Nyuwa基因组资源NUMTs
2	125	16532	16408	123698896	123698901	6	16402	Wei_Nature_2022_生殖系
2				124680712	124681002	291		Tao_Genes_2023
2				124680712	124681002	291		Tao_Genes_2023
2				124680712	124681002	291		Tao_Genes_2023
2	12256	12539	284	124680719	124681002	284	0	Calabrese_BMCBioinformatics_2012_低置信;Calabrese_BMCBioinformatics_2012_高置信;Simone_BMC_Genomics_2011_版本1_766_HSP;Simone_BMC_Genomics_2011_版本2_585_高置信;UCSC_https://hgdownload.soe.ucsc.edu/goldenPath/hg18/database/
2	14551	14699	149	124744214	124744223	10	139	Wei_Nature_2022_生殖系
2	11620	11868	249	125334418	125334419	2	247	Wei_Nature_2022_生殖系
2				125810599	125811170	572		Tao_Genes_2023
2				125810599	125811170	572		Tao_Genes_2023
2				125810599	125811170	572		Tao_Genes_2023
2	16295	16569	275	125810817	125811092	276	1	Calabrese_BMCBioinformatics_2012_低置信;Calabrese_BMCBioinformatics_2012_高置信;Simone_BMC_Genomics_2011_版本1_766_HSP;UCSC_https://hgdownload.soe.ucsc.edu/goldenPath/hg18/database/
2	1	16569	16569	125810817	125812539	1723	14846	Simone_BMC_Genomics_2011_版本2_585_高置信
2	1	76	76	125811093	125811168	76	0	Calabrese_BMCBioinformatics_2012_低置信;Simone_BMC_Genomics_2011_版本1_766_HSP
2			76	125811093	125811168	76	0	UCSC_https://hgdownload.soe.ucsc.edu/goldenPath/hg18/database/
2	1	998	998	125811093	125812539	1447	449	Calabrese_BMCBioinformatics_2012_高置信
2				125811289	125811333	45		Tao_Genes_2023
2				125811289	125811335	47		Tao_Genes_2023
2				125811289	125811335	47		Tao_Genes_2023
2				125812119	125812539	421		Tao_Genes_2023
2				125812119	125812539	421		Tao_Genes_2023
2				125812119	125812539	421		Tao_Genes_2023
2	576	998	423	125812120	125812539	420	3	Calabrese_BMCBioinformatics_2012_低置信;Daniela_Lascaro_BMC_Genomics_2008;Simone_BMC_Genomics_2011_版本1_766_HSP;UCSC_https://hgdownload.soe.ucsc.edu/goldenPath/hg18/database/
2	2902	3063	162	126407911	126407911	1	161	Wei_Nature_2022_生殖系
2	9813	9972	160	128624367	128624381	15	145	Nyuwa基因组资源NUMTs
2	5032	5238	207	128963591	128963592	2	205	Wei_Nature_2022_生殖系
2				129090942	129091031	90		Tao_Genes_2023
2				129090942	129091031	90		Tao_Genes_2023
2				129090942	129091031	90		Tao_Genes_2023
2	12598	12685	88	129090943	129091030	88	0	Calabrese_BMCBioinformatics_2012_低置信;Calabrese_BMCBioinformatics_2012_高置信;Simone_BMC_Genomics_2011_版本1_766_HSP;Simone_BMC_Genomics_2011_版本2_585_高置信;UCSC_https://hgdownload.soe.ucsc.edu/goldenPath/hg18/database/
2				129220387	129220508	122		Tao_Genes_2023
2				129220387	129220508	122		Tao_Genes_2023
2				129220387	129220508	122		Tao_Genes_2023
2				130270391	130270682	292		Tao_Genes_2023
2				130270391	130270682	292		Tao_Genes_2023
2				130270391	130270682	292		Tao_Genes_2023
2	15391	15534	144	130270396	130270539	144	0	Calabrese_BMCBioinformatics_2012_低置信;Calabrese_BMCBioinformatics_2012_高置信;Simone_BMC_Genomics_2011_版本1_766_HSP;Simone_BMC_Genomics_2011_版本2_585_高置信;UCSC_https://hgdownload.soe.ucsc.edu/goldenPath/hg18/database/
2	3658	3776	119	130270561	130270674	114	5	Calabrese_BMCBioinformatics_2012_低置信;Simone_BMC_Genomics_2011_版本1_766_HSP;UCSC_https://hgdownload.soe.ucsc.edu/goldenPath/hg18/database/
2	3658	15398	11741	130270561	130283331	12771	1030	Calabrese_BMCBioinformatics_2012_高置信;Simone_BMC_Genomics_2011_版本2_585_高置信
2				130271786	130283331	11546		Tao_Genes_2023
2				130271786	130283331	11546		Tao_Genes_2023
2				130271786	130283331	11546		Tao_Genes_2023
2	3799	15398	11600	130271810	130283331	11522	78	Calabrese_BMCBioinformatics_2012_低置信;Daniela_Lascaro_BMC_Genomics_2008;Simone_BMC_Genomics_2011_版本1_766_HSP;UCSC_https://hgdownload.soe.ucsc.edu/goldenPath/hg18/database/
2	6258	6325	68	130292730	130292732	3	65	Nyuwa基因组资源NUMTs
2	7471	7574	104	130560530	130560533	4	100	Wei_Nature_2022_生殖系
2	10657	15398	4742	131369061	131373756	4696	46	Calabrese_BMCBioinformatics_2012_低置信;Calabrese_BMCBioinformatics_2012_高置信;Daniela_Lascaro_BMC_Genomics_2008;Simone_BMC_Genomics_2011_版本1_766_HSP;Simone_BMC_Genomics_2011_版本2_585_高置信;UCSC_https://hgdownload.soe.ucsc.edu/goldenPath/hg18/database/
2				131369061	131373782	4722		Tao_Genes_2023
2				131369061	131373782	4722		Tao_Genes_2023
2				131369061	131373782	4722		Tao_Genes_2023
2	10556	10612	57	131379466	131379522	57	0	Calabrese_BMCBioinformatics_2012_低置信;Calabrese_BMCBioinformatics_2012_高置信;Simone_BMC_Genomics_2011_版本1_766_HSP;Simone_BMC_Genomics_2011_版本2_585_高置信;UCSC_https://hgdownload.soe.ucsc.edu/goldenPath/hg18/database/
2				131379466	131379525	60		Tao_Genes_2023
2				131379466	131379525	60		Tao_Genes_2023
2				131379466	131379525	60		Tao_Genes_2023
2				131379540	131386468	6929		Tao_Genes_2023
2				131379540	131386468	6929		Tao_Genes_2023
2				131379540	131386468	6929		Tao_Genes_2023
2	6461	6527	67	131379541	131379607	67	0	Calabrese_BMCBioinformatics_2012_低置信;Calabrese_BMCBioinformatics_2012_高置信;Simone_BMC_Genomics_2011_版本1_766_HSP;Simone_BMC_Genomics_2011_版本2_585_高置信;UCSC_https://hgdownload.soe.ucsc.edu/goldenPath/hg18/database/
2	6380	10552	4173	131379593	131383702	4110	63	Calabrese_BMCBioinformatics_2012_低置信;Simone_BMC_Genomics_2011_版本1_766_HSP;UCSC_https://hgdownload.soe.ucsc.edu/goldenPath/hg18/database/
2	3638	10552	6915	131379593	131386318	6726	189	Calabrese_BMCBioinformatics_2012_高置信;Daniela_Lascaro_BMC_Genomics_2008;Simone_BMC_Genomics_2011_版本2_585_高置信
2	3638	6274	2637	131383703	131386318	2616	21	Calabrese_BMCBioinformatics_2012_低置信;Simone_BMC_Genomics_2011_版本1_766_HSP;UCSC_https://hgdownload.soe.ucsc.edu/goldenPath/hg18/database/
2	15391	15534	144	131386320	131386463	144	0	Calabrese_BMCBioinformatics_2012_低置信;Calabrese_BMCBioinformatics_2012_高置信;Simone_BMC_Genomics_2011_版本1_766_HSP;Simone_BMC_Genomics_2011_版本2_585_高置信;UCSC_https://hgdownload.soe.ucsc.edu/goldenPath/hg18/database/
2				132425096	132425181	86		Tao_Genes_2023
2				132425096	132425181	86		Tao_Genes_2023
2				132425096	132425181	86		Tao_Genes_2023
2	4147	4222	76	132425100	132425175	76	0	Calabrese_BMCBioinformatics_2012_低置信;Calabrese_BMCBioinformatics_2012_高置信;Simone_BMC_Genomics_2011_版本1_766_HSP;Simone_BMC_Genomics_2011_版本2_585_高置信;UCSC_https://hgdownload.soe.ucsc.edu/goldenPath/hg18/database/
2	7485	7670	186	132769886	132769890	5	181	Wei_Nature_2022_生殖系
2	5737	5826	90	133061844	133061844	1	89	Nyuwa基因组资源NUMTs
2	14858	15093	236	133075280	133075287	8	228	Wei_Nature_2022_生殖系
2	12812	13061	250	133496811	133496815	5	245	Wei_Nature_2022_生殖系
2				134526362	134526527	166		Tao_Genes_2023
2				134526362	134526527	166		Tao_Genes_2023
2				134526362	134526527	166		Tao_Genes_2023
2	14510	14675	166	134526365	134526527	163	3	Calabrese_BMCBioinformatics_2012_低置信;Calabrese_BMCBioinformatics_2012_高置信;Simone_BMC_Genomics_2011_版本1_766_HSP;Simone_BMC_Genomics_2011_版本2_585_高置信;UCSC_https://hgdownload.soe.ucsc.edu/goldenPath/hg18/database/
2	15879	15996	118	136847852	136847854	3	115	Wei_Nature_2022_生殖系
2	11650	11970	321	139559125	139559128	4	317	Wei_Nature_2022_生殖系
2	950	950	1	139862325	139862325	1	0	Wei_Nature_2022_肿瘤
2				140216993	140217971	979		Tao_Genes_2023
2				140216993	140217971	979		Tao_Genes_2023
2				140216993	140217971	979		Tao_Genes_2023
2	5172	6145	974	140217001	140217971	971	3	Calabrese_BMCBioinformatics_2012_低置信;Simone_BMC_Genomics_2011_版本1_766_HSP;UCSC_https://hgdownload.soe.ucsc.edu/goldenPath/hg18/database/
2	1	16569	16569	140217001	140225240	8240	8329	Simone_BMC_Genomics_2011_版本2_585_高置信
2	300	6019	5720	140217127	140224584	7458	1738	Calabrese_BMCBioinformatics_2012_高置信;Daniela_Lascaro_BMC_Genomics_2008
2				140219638	140224225	4588		Tao_Genes_2023
2				140219638	140224225	4588		Tao_Genes_2023
2				140219638	140224225	4588		Tao_Genes_2023
2	575	5185	4611	140219662	140224224	4563	48	Calabrese_BMCBioinformatics_2012_低置信;Simone_BMC_Genomics_2011_版本1_766_HSP;UCSC_https://hgdownload.soe.ucsc.edu/goldenPath/hg18/database/
2				140224900	140225253	354		Tao_Genes_2023
2				140224900	140225253	354		Tao_Genes_2023
2				140224900	140225253	354		Tao_Genes_2023
2	1	60	60	140224905	140224965	61	1	Calabrese_BMCBioinformatics_2012_低置信;Simone_BMC_Genomics_2011_版本1_766_HSP
2			60	140224905	140224965	61	1	UCSC_https://hgdownload.soe.ucsc.edu/goldenPath/hg18/database/
2	16295	16569	275	140224966	140225240	275	0	Calabrese_BMCBioinformatics_2012_低置信;Calabrese_BMCBioinformatics_2012_高置信;Simone_BMC_Genomics_2011_版本1_766_HSP;UCSC_https://hgdownload.soe.ucsc.edu/goldenPath/hg18/database/
2	566	634	69	140709172	140709195	24	45	Nyuwa基因组资源NUMTs
2	4480	5747	1268	141135079	141135080	2	1266	Nyuwa基因组资源NUMTs
2			15267	141208192	141208192	1	15266	Nyuwa基因组资源NUMTs
2	5606	5875	270	142731761	142731762	2	268	Nyuwa基因组资源NUMTs
2				143088652	143088887	236		Tao_Genes_2023
2				143088652	143088887	236		Tao_Genes_2023
2				143088652	143088887	236		Tao_Genes_2023
2	2167	2385	219	143088658	143088874	217	2	Calabrese_BMCBioinformatics_2012_低置信;Simone_BMC_Genomics_2011_版本1_766_HSP;UCSC_https://hgdownload.soe.ucsc.edu/goldenPath/hg18/database/
2	575	2385	1811	143088658	143091584	2927	1116	Calabrese_BMCBioinformatics_2012_高置信;Daniela_Lascaro_BMC_Genomics_2008;Simone_BMC_Genomics_2011_版本2_585_高置信
2				143089999	143091585	1587		Tao_Genes_2023
2				143089999	143091585	1587		Tao_Genes_2023
2				143089999	143091585	1587		Tao_Genes_2023
2	575	2156	1582	143090015	143091584	1570	12	Calabrese_BMCBioinformatics_2012_低置信;Simone_BMC_Genomics_2011_版本1_766_HSP;UCSC_https://hgdownload.soe.ucsc.edu/goldenPath/hg18/database/
2				143092249	143099057	6809		Tao_Genes_2023
2				143092249	143099057	6809		Tao_Genes_2023
2				143092249	143099057	6809		Tao_Genes_2023
2	1	76	76	143092265	143092340	76	0	Calabrese_BMCBioinformatics_2012_低置信;Calabrese_BMCBioinformatics_2012_高置信;Simone_BMC_Genomics_2011_版本1_766_HSP
2			76	143092265	143092340	76	0	UCSC_https://hgdownload.soe.ucsc.edu/goldenPath/hg18/database/
2	1	16569	16569	143092265	143101345	9081	7488	Simone_BMC_Genomics_2011_版本2_585_高置信
2	9840	16569	6730	143092341	143099047	6707	23	Calabrese_BMCBioinformatics_2012_低置信;Daniela_Lascaro_BMC_Genomics_2008;Simone_BMC_Genomics_2011_版本1_766_HSP;UCSC_https://hgdownload.soe.ucsc.edu/goldenPath/hg18/database/
2	7753	16569	8817	143092341	143101345	9005	188	Calabrese_BMCBioinformatics_2012_高置信
2				143099365	143101353	1989		Tao_Genes_2023
2				143099365	143101353	1989		Tao_Genes_2023
2				143099365	143101353	1989		Tao_Genes_2023
2	7753	9763	2011	143099378	143101345	1968	43	Calabrese_BMCBioinformatics_2012_低置信;Simone_BMC_Genomics_2011_版本1_766_HSP;UCSC_https://hgdownload.soe.ucsc.edu/goldenPath/hg18/database/
2	5532	5641	110	143116810	143116811	2	108	Wei_Nature_2022_生殖系
2	13941	14012	72	146476047	146476048	2	70	Nyuwa基因组资源NUMTs
2	7610	7680	71	146907066	146907072	7	64	Nyuwa基因组资源NUMTs
2				147265181	147265293	113		Tao_Genes_2023
2				147265181	147265293	113		Tao_Genes_2023
2				147265181	147265293	113		Tao_Genes_2023
2	2760	2848	89	147265184	147265272	89	0	Calabrese_BMCBioinformatics_2012_低置信;Calabrese_BMCBioinformatics_2012_高置信;Simone_BMC_Genomics_2011_版本1_766_HSP;Simone_BMC_Genomics_2011_版本2_585_高置信;UCSC_https://hgdownload.soe.ucsc.edu/goldenPath/hg18/database/
2	10843	14597	3755	148081762	148081762	1	3754	Wei_Nature_2022_生殖系
2	10843	14597	3755	148100654	148100654	1	3754	Wei_Nature_2022_生殖系
2				148822956	148823163	208		Tao_Genes_2023
2				148822956	148823163	208		Tao_Genes_2023
2				148822956	148823163	208		Tao_Genes_2023
2	611	742	132	148881726	148881857	132	0	Calabrese_BMCBioinformatics_2012_低置信;Calabrese_BMCBioinformatics_2012_高置信;Daniela_Lascaro_BMC_Genomics_2008;Simone_BMC_Genomics_2011_版本1_766_HSP;Simone_BMC_Genomics_2011_版本2_585_高置信;UCSC_https://hgdownload.soe.ucsc.edu/goldenPath/hg18/database/
2				148881726	148881858	133		Tao_Genes_2023
2				148881726	148881858	133		Tao_Genes_2023
2				148881726	148881858	133		Tao_Genes_2023
2	3154	3645	492	150193507	150193507	1	491	Wei_Nature_2022_肿瘤
2	11771	16182	4412	150309433	150309436	4	4408	Wei_Nature_2022_生殖系
2	8107	8175	69	150482742	150482743	2	67	Wei_Nature_2022_生殖系
2	6390	6502	113	152937748	152937752	5	108	Wei_Nature_2022_生殖系
2	15140	15323	184	152947248	152947256	9	175	Wei_Nature_2022_生殖系
2	4769	5730	962	153796357	153796358	2	960	Wei_Nature_2022_生殖系
2	11234	13443	2210	154140491	154140491	1	2209	Wei_Nature_2022_肿瘤
2	6179	6293	115	154257108	154257110	3	112	Wei_Nature_2022_生殖系
2				155263459	155264808	1350		Tao_Genes_2023
2				155263459	155264808	1350		Tao_Genes_2023
2				155263459	155264808	1350		Tao_Genes_2023
2	4861	6197	1337	155263465	155264802	1338	1	Calabrese_BMCBioinformatics_2012_低置信;Calabrese_BMCBioinformatics_2012_高置信;Daniela_Lascaro_BMC_Genomics_2008;Simone_BMC_Genomics_2011_版本1_766_HSP;Simone_BMC_Genomics_2011_版本2_585_高置信;UCSC_https://hgdownload.soe.ucsc.edu/goldenPath/hg18/database/
2	11801	15067	3267	155311086	155314353	3268	1	Calabrese_BMCBioinformatics_2012_低置信;Calabrese_BMCBioinformatics_2012_高置信;Daniela_Lascaro_BMC_Genomics_2008;Simone_BMC_Genomics_2011_版本1_766_HSP;Simone_BMC_Genomics_2011_版本2_585_高置信;UCSC_https://hgdownload.soe.ucsc.edu/goldenPath/hg18/database/
2				155311086	155314376	3291		Tao_Genes_2023
2				155311086	155314376	3291		Tao_Genes_2023
2				155311086	155314376	3291		Tao_Genes_2023
2	4883	5055	173	155781613	155781620	8	165	Nyuwa基因组资源NUMTs
2	14440	14517	78	155961188	155961191	4	74	Wei_Nature_2022_生殖系
2	1348	1533	186	157916440	157916445	6	180	Wei_Nature_2022_生殖系
2	325	435	111	160001118	160001120	3	108	Nyuwa基因组资源NUMTs
2	3957	7200	3244	160926192	160926193	2	3242	Wei_Nature_2022_生殖系
2	7661	8182	522	161802815	161802827	13	509	Wei_Nature_2022_生殖系
2	7294	7367	74	163673638	163673646	9	65	Wei_Nature_2022_生殖系
2				166414488	166414723	236		Tao_Genes_2023
2				166414488	166414723	236		Tao_Genes_2023
2				166414488	166414723	236		Tao_Genes_2023
2	6591	6823	233	166414495	166414713	219	14	Calabrese_BMCBioinformatics_2012_低置信;Calabrese_BMCBioinformatics_2012_高置信;Daniela_Lascaro_BMC_Genomics_2008;Simone_BMC_Genomics_2011_版本1_766_HSP;Simone_BMC_Genomics_2011_版本2_585_高置信;UCSC_https://hgdownload.soe.ucsc.edu/goldenPath/hg18/database/
2	10820	10872	53	169610780	169610783	4	49	Wei_Nature_2022_生殖系
2			5805	169666223	169666292	70	5735	Nyuwa基因组资源NUMTs
2	13554	13741	188	170106354	170106358	5	183	Wei_Nature_2022_生殖系
2	5912	6106	195	170871491	170871501	11	184	Nyuwa基因组资源NUMTs
2	15132	15138	7	171180410	171180410	1	6	Wei_Nature_2022_肿瘤
2	3311	3426	116	172061567	172061567	1	115	Wei_Nature_2022_生殖系
2	8606	17212	8607	172668683	172668683	1	8606	Nyuwa基因组资源NUMTs
2	4044	4531	488	173122959	173122959	1	487	Wei_Nature_2022_肿瘤
2	5461	5534	74	173260088	173260088	1	73	Wei_Nature_2022_生殖系
2	935	1036	102	174461468	174461468	1	101	Wei_Nature_2022_生殖系
2	14273	14387	115	174619982	174619984	3	112	Wei_Nature_2022_生殖系
2				174780934	174781102	169		Tao_Genes_2023
2				174780934	174781102	169		Tao_Genes_2023
2				174780934	174781102	169		Tao_Genes_2023
2	9713	9859	147	174780950	174781096	147	0	Calabrese_BMCBioinformatics_2012_低置信;Calabrese_BMCBioinformatics_2012_高置信;Simone_BMC_Genomics_2011_版本1_766_HSP;Simone_BMC_Genomics_2011_版本2_585_高置信;UCSC_https://hgdownload.soe.ucsc.edu/goldenPath/hg18/database/
2	10202	14276	4075	175078535	175078536	2	4073	Wei_Nature_2022_生殖系
2	647	722	76	175391891	175391891	1	75	Wei_Nature_2022_生殖系
2	11125	11559	435	175435463	175435468	6	429	Wei_Nature_2022_生殖系
2	14065	14340	276	176451996	176452001	6	270	Nyuwa基因组资源NUMTs
2	3002	5117	2116	176596551	176596551	1	2115	Wei_Nature_2022_肿瘤
2	3732	3799	68	178414484	178414485	2	66	Nyuwa基因组资源NUMTs
2				179739308	179739746	439		Tao_Genes_2023
2				179739308	179739746	439		Tao_Genes_2023
2				179739308	179739746	439		Tao_Genes_2023
2	833	1228	396	179739347	179739740	394	2	Calabrese_BMCBioinformatics_2012_低置信;Calabrese_BMCBioinformatics_2012_高置信;Daniela_Lascaro_BMC_Genomics_2008;Simone_BMC_Genomics_2011_版本1_766_HSP;Simone_BMC_Genomics_2011_版本2_585_高置信;UCSC_https://hgdownload.soe.ucsc.edu/goldenPath/hg18/database/
2	16389	16509	121	180429900	180429901	2	119	Wei_Nature_2022_生殖系
2	12516	12692	177	181417199	181417209	11	166	Nyuwa基因组资源NUMTs
2	14271	14550	280	181436294	181436294	1	279	Wei_Nature_2022_肿瘤
2	16189	16260	72	181512703	181512704	2	70	Wei_Nature_2022_生殖系
2	6554	16518	9965	181642319	181642320	2	9963	Wei_Nature_2022_生殖系
2				182377657	182377741	85		Tao_Genes_2023
2				182377657	182377741	85		Tao_Genes_2023
2				182377657	182377741	85		Tao_Genes_2023
2				183514925	183515109	185		Tao_Genes_2023
2				183514925	183515109	185		Tao_Genes_2023
2				183514925	183515109	185		Tao_Genes_2023
2	2303	2369	67	185191986	185191988	3	64	Wei_Nature_2022_生殖系
2	11294	15492	4199	186710109	186710111	3	4196	Wei_Nature_2022_生殖系
2	2400	2467	68	187053312	187053312	1	67	Wei_Nature_2022_生殖系
2	4688	10400	5713	190564720	190564720	1	5712	Wei_Nature_2022_生殖系
2	15030	15031	2	190752671	190752703	33	31	Nyuwa基因组资源NUMTs
2			8148	191564584	191564584	1	8147	Nyuwa基因组资源NUMTs
2	679	4917	4239	192947137	192947141	5	4234	Wei_Nature_2022_生殖系
2	11574	13722	2149	193395715	193395721	7	2142	Wei_Nature_2022_生殖系
2	14150	15840	1691	195670889	195670891	3	1688	Wei_Nature_2022_生殖系
2				196434785	196434851	67		Tao_Genes_2023
2				196434785	196434851	67		Tao_Genes_2023
2				196434785	196434851	67		Tao_Genes_2023
2	4170	4230	61	196434786	196434846	61	0	Calabrese_BMCBioinformatics_2012_低置信;Calabrese_BMCBioinformatics_2012_高置信;Simone_BMC_Genomics_2011_版本1_766_HSP;Simone_BMC_Genomics_2011_版本2_585_高置信;UCSC_https://hgdownload.soe.ucsc.edu/goldenPath/hg18/database/
2	12481	12664	184	196506179	196506179	1	183	Wei_Nature_2022_肿瘤
2	9346	9511	166	197575775	197575859	85	81	Wei_Nature_2022_生殖系
2	12467	12558	92	197698162	197698166	5	87	Nyuwa基因组资源NUMTs
2	7972	8191	220	198494481	198494486	6	214	Nyuwa基因组资源NUMTs
2	9410	9922	513	198634883	198634883	1	512	Wei_Nature_2022_肿瘤
2	15000	15150	151	198701834	198701834	1	150	Wei_Nature_2022_肿瘤
2	15428	15739	312	199000964	199000964	1	311	Wei_Nature_2022_肿瘤
2	6201	6335	135	200000765	200000766	2	133	Wei_Nature_2022_生殖系
2				201212290	201215009	2720		Tao_Genes_2023
2				201212290	201215009	2720		Tao_Genes_2023
2				201212290	201215009	2720		Tao_Genes_2023
2	10440	13131	2692	201212296	201214981	2686	6	Calabrese_BMCBioinformatics_2012_低置信;Calabrese_BMCBioinformatics_2012_高置信;Daniela_Lascaro_BMC_Genomics_2008;Simone_BMC_Genomics_2011_版本1_766_HSP;Simone_BMC_Genomics_2011_版本2_585_高置信;UCSC_https://hgdownload.soe.ucsc.edu/goldenPath/hg18/database/
2	7227	8223	997	201549268	201550264	997	0	Calabrese_BMCBioinformatics_2012_低置信;Simone_BMC_Genomics_2011_版本1_766_HSP;UCSC_https://hgdownload.soe.ucsc.edu/goldenPath/hg18/database/
2				201549268	201551042	1775		Tao_Genes_2023
2				201549268	201551042	1775		Tao_Genes_2023
2				201549268	201551042	1775		Tao_Genes_2023
2	7227	13616	6390	201549268	201558129	8862	2472	Calabrese_BMCBioinformatics_2012_高置信;Simone_BMC_Genomics_2011_版本2_585_高置信
2				201552755	201555233	2479		Tao_Genes_2023
2				201552755	201555233	2479		Tao_Genes_2023
2				201552755	201555233	2479		Tao_Genes_2023
2	9089	11615	2527	201552756	201555229	2474	53	Calabrese_BMCBioinformatics_2012_低置信;Simone_BMC_Genomics_2011_版本1_766_HSP;UCSC_https://hgdownload.soe.ucsc.edu/goldenPath/hg18/database/
2	11606	12325	720	201555524	201556227	704	16	Calabrese_BMCBioinformatics_2012_低置信;Simone_BMC_Genomics_2011_版本1_766_HSP;UCSC_https://hgdownload.soe.ucsc.edu/goldenPath/hg18/database/
2				201555524	201556227	704		Tao_Genes_2023
2				201555524	201556227	704		Tao_Genes_2023
2				201555524	201556227	704		Tao_Genes_2023
2				201557094	201558133	1040		Tao_Genes_2023
2				201557094	201558133	1040		Tao_Genes_2023
2				201557094	201558133	1040		Tao_Genes_2023
2	12567	13616	1050	201557102	201558129	1028	22	Calabrese_BMCBioinformatics_2012_低置信;Simone_BMC_Genomics_2011_版本1_766_HSP;UCSC_https://hgdownload.soe.ucsc.edu/goldenPath/hg18/database/
2	2117	2283	167	202407890	202407890	1	166	Wei_Nature_2022_肿瘤
2	10665	10784	120	202576307	202576308	2	118	Wei_Nature_2022_生殖系
2				202614210	202618291	4082		Tao_Genes_2023
2				202614210	202618291	4082		Tao_Genes_2023
2				202614210	202618291	4082		Tao_Genes_2023
2	6944	11154	4211	202614210	202618532	4323	112	Calabrese_BMCBioinformatics_2012_低置信;Calabrese_BMCBioinformatics_2012_高置信;Daniela_Lascaro_BMC_Genomics_2008;Simone_BMC_Genomics_2011_版本1_766_HSP;Simone_BMC_Genomics_2011_版本2_585_高置信;UCSC_https://hgdownload.soe.ucsc.edu/goldenPath/hg18/database/
2				202618595	202618877	283		Tao_Genes_2023
2				202618595	202618877	283		Tao_Genes_2023
2				202618595	202618877	283		Tao_Genes_2023
2				202618878	202620037	1160		Tao_Genes_2023
2				202618878	202620037	1160		Tao_Genes_2023
2				202618878	202620037	1160		Tao_Genes_2023
2	10787	10897	111	202618883	202618995	113	2	Calabrese_BMCBioinformatics_2012_低置信;Calabrese_BMCBioinformatics_2012_高置信;Simone_BMC_Genomics_2011_版本1_766_HSP;Simone_BMC_Genomics_2011_版本2_585_高置信;UCSC_https://hgdownload.soe.ucsc.edu/goldenPath/hg18/database/
2	15393	15585	193	202618994	202619186	193	0	Calabrese_BMCBioinformatics_2012_低置信;Calabrese_BMCBioinformatics_2012_高置信;Simone_BMC_Genomics_2011_版本1_766_HSP;Simone_BMC_Genomics_2011_版本2_585_高置信;UCSC_https://hgdownload.soe.ucsc.edu/goldenPath/hg18/database/
2	5766	6610	845	202619189	202620037	849	4	Calabrese_BMCBioinformatics_2012_低置信;Calabrese_BMCBioinformatics_2012_高置信;Daniela_Lascaro_BMC_Genomics_2008;Simone_BMC_Genomics_2011_版本1_766_HSP;Simone_BMC_Genomics_2011_版本2_585_高置信;UCSC_https://hgdownload.soe.ucsc.edu/goldenPath/hg18/database/
2	796	1877	1082	202872943	202872945	3	1079	Wei_Nature_2022_生殖系
2	14221	14373	153	203071736	203071736	1	152	Wei_Nature_2022_肿瘤
2	3714	6286	2573	203451001	203451012	12	2561	Wei_Nature_2022_生殖系
2	10757	10927	171	205223673	205223675	3	168	Wei_Nature_2022_生殖系
2	12300	12392	93	205843304	205843305	2	91	Nyuwa基因组资源NUMTs
2	15552	15619	68	208836675	208836681	7	61	Nyuwa基因组资源NUMTs
2	3243	3393	151	209400689	209400690	2	149	Wei_Nature_2022_生殖系
2	2856	3120	265	211773781	211774040	260	5	Calabrese_BMCBioinformatics_2012_低置信;Simone_BMC_Genomics_2011_版本1_766_HSP;UCSC_https://hgdownload.soe.ucsc.edu/goldenPath/hg18/database/
2				211773781	211774078	298		Tao_Genes_2023
2				211773781	211774078	298		Tao_Genes_2023
2				211773781	211774078	298		Tao_Genes_2023
2	575	2957	2383	211774089	211776629	2541	158	Calabrese_BMCBioinformatics_2012_低置信;Calabrese_BMCBioinformatics_2012_高置信;Daniela_Lascaro_BMC_Genomics_2008;Simone_BMC_Genomics_2011_版本1_766_HSP;Simone_BMC_Genomics_2011_版本2_585_高置信;UCSC_https://hgdownload.soe.ucsc.edu/goldenPath/hg18/database/
2				211774381	211776630	2250		Tao_Genes_2023
2				211774381	211776630	2250		Tao_Genes_2023
2				211774381	211776630	2250		Tao_Genes_2023
2				211777207	211780006	2800		Tao_Genes_2023
2				211777207	211780006	2800		Tao_Genes_2023
2				211777207	211780006	2800		Tao_Genes_2023
2	4854	7680	2827	211777209	211780005	2797	30	Calabrese_BMCBioinformatics_2012_低置信;Calabrese_BMCBioinformatics_2012_高置信;Daniela_Lascaro_BMC_Genomics_2008;Simone_BMC_Genomics_2011_版本1_766_HSP;Simone_BMC_Genomics_2011_版本2_585_高置信;UCSC_https://hgdownload.soe.ucsc.edu/goldenPath/hg18/database/
2	9187	10368	1182	212112899	212112900	2	1180	Wei_Nature_2022_生殖系
2	5672	5814	143	212454225	212454225	1	142	Wei_Nature_2022_生殖系
2	15065	15101	37	213419058	213419059	2	35	Wei_Nature_2022_生殖系
2	603	10900	10298	214633201	214633295	95	10203	Wei_Nature_2022_生殖系
2				215812666	215812790	125		Tao_Genes_2023
2				215812666	215812790	125		Tao_Genes_2023
2				215812666	215812790	125		Tao_Genes_2023
2	9537	9659	123	215812668	215812790	123	0	Calabrese_BMCBioinformatics_2012_低置信;Calabrese_BMCBioinformatics_2012_高置信;Simone_BMC_Genomics_2011_版本1_766_HSP;Simone_BMC_Genomics_2011_版本2_585_高置信;UCSC_https://hgdownload.soe.ucsc.edu/goldenPath/hg18/database/
2	3215	3440	226	216841411	216841411	1	225	Wei_Nature_2022_生殖系
2				216879716	216879842	127		Tao_Genes_2023
2				216879716	216879842	127		Tao_Genes_2023
2				216879716	216879842	127		Tao_Genes_2023
2	12217	12339	123	216879717	216879838	122	1	Calabrese_BMCBioinformatics_2012_低置信;Calabrese_BMCBioinformatics_2012_高置信;Simone_BMC_Genomics_2011_版本1_766_HSP;Simone_BMC_Genomics_2011_版本2_585_高置信;UCSC_https://hgdownload.soe.ucsc.edu/goldenPath/hg18/database/
2				217574789	217574880	92		Tao_Genes_2023
2				217574789	217574880	92		Tao_Genes_2023
2				217574789	217574880	92		Tao_Genes_2023
2	12982	13036	55	217574801	217574855	55	0	Calabrese_BMCBioinformatics_2012_低置信;Calabrese_BMCBioinformatics_2012_高置信;Simone_BMC_Genomics_2011_版本1_766_HSP;Simone_BMC_Genomics_2011_版本2_585_高置信;UCSC_https://hgdownload.soe.ucsc.edu/goldenPath/hg18/database/
2	12695	12768	74	218105889	218105889	1	73	Wei_Nature_2022_生殖系
2	9250	15342	6093	218715695	218715695	1	6092	Wei_Nature_2022_生殖系
2	9576	9692	117	219380766	219380771	6	111	Nyuwa基因组资源NUMTs
2	15503	15661	159	219395880	219395885	6	153	Nyuwa基因组资源NUMTs;Wei_Nature_2022_生殖系
2	6053	6505	453	220048819	220049271	453	0	Calabrese_BMCBioinformatics_2012_低置信;Calabrese_BMCBioinformatics_2012_高置信;Simone_BMC_Genomics_2011_版本1_766_HSP;Simone_BMC_Genomics_2011_版本2_585_高置信;UCSC_https://hgdownload.soe.ucsc.edu/goldenPath/hg18/database/
2				220048819	220049272	454		Tao_Genes_2023
2				220048819	220049272	454		Tao_Genes_2023
2				220048819	220049272	454		Tao_Genes_2023
2	9824	10360	537	220640529	220640529	1	536	Wei_Nature_2022_肿瘤
2	6100	6262	163	221784911	221784913	3	160	Wei_Nature_2022_生殖系
2	12256	12361	106	222745492	222745497	6	100	Wei_Nature_2022_生殖系
2	5827	5968	142	223086643	223086643	1	141	Wei_Nature_2022_生殖系
2	14966	15087	122	224139689	224139690	2	120	Wei_Nature_2022_生殖系
2	5743	5862	120	224706240	224706240	1	119	Wei_Nature_2022_生殖系
2				226421701	226421794	94		Tao_Genes_2023
2				226421701	226421794	94		Tao_Genes_2023
2				226421701	226421794	94		Tao_Genes_2023
2	2648	2742	95	226421703	226421794	92	3	Calabrese_BMCBioinformatics_2012_低置信;Calabrese_BMCBioinformatics_2012_高置信;Simone_BMC_Genomics_2011_版本1_766_HSP;Simone_BMC_Genomics_2011_版本2_585_高置信;UCSC_https://hgdownload.soe.ucsc.edu/goldenPath/hg18/database/
2	11302	11500	199	226426719	226426720	2	197	Wei_Nature_2022_生殖系
2	890	1048	159	226722269	226722426	158	1	Calabrese_BMCBioinformatics_2012_低置信;Calabrese_BMCBioinformatics_2012_高置信;Daniela_Lascaro_BMC_Genomics_2008;Simone_BMC_Genomics_2011_版本1_766_HSP;Simone_BMC_Genomics_2011_版本2_585_高置信;UCSC_https://hgdownload.soe.ucsc.edu/goldenPath/hg18/database/
2				226722269	226722426	158		Tao_Genes_2023
2				226722269	226722426	158		Tao_Genes_2023
2				226722269	226722426	158		Tao_Genes_2023
2	2343	2558	216	227601260	227601263	4	212	Wei_Nature_2022_生殖系
2	64	16070	16007	227999354	227999355	2	16005	Wei_Nature_2022_生殖系
2	1013	2496	1484	228689843	228689856	14	1470	Wei_Nature_2022_生殖系
2				229028784	229028989	206		Tao_Genes_2023
2				229028784	229028989	206		Tao_Genes_2023
2				229028784	229028989	206		Tao_Genes_2023
2	3668	3780	113	229028787	229028907	121	8	Calabrese_BMCBioinformatics_2012_低置信;Calabrese_BMCBioinformatics_2012_高置信;Simone_BMC_Genomics_2011_版本1_766_HSP;Simone_BMC_Genomics_2011_版本2_585_高置信;UCSC_https://hgdownload.soe.ucsc.edu/goldenPath/hg18/database/
2	13050	13104	55	231574210	231574264	55	0	Daniela_Lascaro_BMC_Genomics_2008
2	34	191	158	232315090	232315091	2	156	Wei_Nature_2022_生殖系
2	8303	8425	123	232388634	232388643	10	113	Wei_Nature_2022_生殖系
2	12732	13186	455	233669243	233669245	3	452	Wei_Nature_2022_生殖系
2	5138	7927	2790	234655832	234655858	27	2763	Wei_Nature_2022_生殖系
2	771	1032	262	235455990	235456247	258	4	Calabrese_BMCBioinformatics_2012_低置信;Calabrese_BMCBioinformatics_2012_高置信;Simone_BMC_Genomics_2011_版本1_766_HSP;Simone_BMC_Genomics_2011_版本2_585_高置信;UCSC_https://hgdownload.soe.ucsc.edu/goldenPath/hg18/database/
2				235455990	235456247	258		Tao_Genes_2023
2				235455990	235456247	258		Tao_Genes_2023
2				235455990	235456247	258		Tao_Genes_2023
2	4868	5012	145	235650505	235650507	3	142	Wei_Nature_2022_生殖系
2				237125607	237125679	73		Tao_Genes_2023
2				237125607	237125679	73		Tao_Genes_2023
2				237125607	237125679	73		Tao_Genes_2023
2	2014	2087	74	237413047	237413048	2	72	Wei_Nature_2022_生殖系
2				237520602	237521777	1176		Tao_Genes_2023
2				237520602	237521777	1176		Tao_Genes_2023
2				237520602	237521777	1176		Tao_Genes_2023
2				237521780	237521838	59		Tao_Genes_2023
2				237521780	237521838	59		Tao_Genes_2023
2				237521780	237521838	59		Tao_Genes_2023
2				237521841	237521899	59		Tao_Genes_2023
2				237521841	237521899	59		Tao_Genes_2023
2				237521841	237521899	59		Tao_Genes_2023
2				237521902	237521960	59		Tao_Genes_2023
2				237521902	237521960	59		Tao_Genes_2023
2				237521902	237521960	59		Tao_Genes_2023
2				237521963	237522021	59		Tao_Genes_2023
2				237521963	237522021	59		Tao_Genes_2023
2				237521963	237522021	59		Tao_Genes_2023
2				237522024	237522082	59		Tao_Genes_2023
2				237522024	237522082	59		Tao_Genes_2023
2				237522024	237522082	59		Tao_Genes_2023
2				237522085	237522143	59		Tao_Genes_2023
2				237522085	237522143	59		Tao_Genes_2023
2				237522085	237522143	59		Tao_Genes_2023
2				237522146	237522204	59		Tao_Genes_2023
2				237522146	237522204	59		Tao_Genes_2023
2				237522146	237522204	59		Tao_Genes_2023
2	13048	13103	56	237522180	237522235	56	0	Calabrese_BMCBioinformatics_2012_低置信;Calabrese_BMCBioinformatics_2012_高置信;Daniela_Lascaro_BMC_Genomics_2008;Simone_BMC_Genomics_2011_版本1_766_HSP;Simone_BMC_Genomics_2011_版本2_585_高置信;UCSC_https://hgdownload.soe.ucsc.edu/goldenPath/hg18/database/
2				237522207	237522265	59		Tao_Genes_2023
2				237522207	237522265	59		Tao_Genes_2023
2				237522207	237522265	59		Tao_Genes_2023
2				237522268	237522326	59		Tao_Genes_2023
2				237522268	237522326	59		Tao_Genes_2023
2				237522268	237522326	59		Tao_Genes_2023
2				237522329	237522387	59		Tao_Genes_2023
2				237522329	237522387	59		Tao_Genes_2023
2				237522329	237522387	59		Tao_Genes_2023
2				237522390	237522448	59		Tao_Genes_2023
2				237522390	237522448	59		Tao_Genes_2023
2				237522390	237522448	59		Tao_Genes_2023
2				237522451	237522509	59		Tao_Genes_2023
2				237522451	237522509	59		Tao_Genes_2023
2				237522451	237522509	59		Tao_Genes_2023
2				237522512	237522569	58		Tao_Genes_2023
2				237522512	237522569	58		Tao_Genes_2023
2				237522512	237522569	58		Tao_Genes_2023
2				237522573	237522631	59		Tao_Genes_2023
2				237522573	237522631	59		Tao_Genes_2023
2				237522573	237522631	59		Tao_Genes_2023
2				237522634	237524214	1581		Tao_Genes_2023
2				237522634	237524214	1581		Tao_Genes_2023
2				237522634	237524214	1581		Tao_Genes_2023
2	10087	10319	233	237523972	237524204	233	0	Calabrese_BMCBioinformatics_2012_低置信;Calabrese_BMCBioinformatics_2012_高置信;Simone_BMC_Genomics_2011_版本1_766_HSP;Simone_BMC_Genomics_2011_版本2_585_高置信;UCSC_https://hgdownload.soe.ucsc.edu/goldenPath/hg18/database/
2	6536	6932	397	239073185	239073185	1	396	Wei_Nature_2022_肿瘤
2	12888	12968	81	239406143	239406145	3	78	Wei_Nature_2022_生殖系
3	15798	16041	244	985305	985305	1	243	Wei_Nature_2022_肿瘤
3	16086	16490	405	1070629	1070633	5	400	Wei_Nature_2022_生殖系
3	527	670	144	1219989	1219990	2	142	Nyuwa基因组资源NUMTs
3	7265	7369	105	4719381	4719383	3	102	Wei_Nature_2022_生殖系
3	11445	11513	69	6325609	6325610	2	67	Nyuwa基因组资源NUMTs
3	6257	6327	71	7189773	7189773	1	70	Wei_Nature_2022_生殖系
3	15701	15969	269	7755028	7755028	1	268	Wei_Nature_2022_生殖系
3	492	561	70	7977856	7977856	1	69	Wei_Nature_2022_生殖系
3	12296	12364	69	9387116	9387117	2	67	Wei_Nature_2022_生殖系
3	13757	14589	833	9470607	9470607	1	832	Wei_Nature_2022_肿瘤
3	14220	14290	71	9804228	9804230	3	68	Wei_Nature_2022_生殖系
3	2942	14059	11118	9848269	9848276	8	11110	Wei_Nature_2022_生殖系
3	15191	15768	578	9991013	9991013	1	577	Wei_Nature_2022_肿瘤
3	10196	10271	76	10191005	10191005	1	75	Nyuwa基因组资源NUMTs
3	15538	15741	204	11241516	11241528	13	191	Nyuwa基因组资源NUMTs
3	16116	16569	454	11744427	11744427	1	453	Wei_Nature_2022_肿瘤
3				12164841	12164977	137		Tao_Genes_2023
3				12164841	12164977	137		Tao_Genes_2023
3				12164841	12164977	137		Tao_Genes_2023
3	7085	7574	490	12164841	12165633	793	303	Calabrese_BMCBioinformatics_2012_低置信;Calabrese_BMCBioinformatics_2012_高置信;Simone_BMC_Genomics_2011_版本1_766_HSP;Simone_BMC_Genomics_2011_版本2_585_高置信;UCSC_https://hgdownload.soe.ucsc.edu/goldenPath/hg18/database/
3				12165300	12165642	343		Tao_Genes_2023
3				12165300	12165642	343		Tao_Genes_2023
3				12165300	12165642	343		Tao_Genes_2023
3	12076	12232	157	12340115	12340115	1	156	Wei_Nature_2022_生殖系
3	8460	8552	93	12562400	12562401	2	91	Wei_Nature_2022_生殖系
3	6133	6390	258	12737599	12737599	1	257	Nyuwa基因组资源NUMTs
3	9841	10092	252	13807132	13807141	10	242	Wei_Nature_2022_生殖系
3	69	932	864	13831188	13831188	1	863	Wei_Nature_2022_生殖系
3	13132	13329	198	14160109	14160114	6	192	Wei_Nature_2022_生殖系
3	12565	13089	525	15026232	15026233	2	523	Nyuwa基因组资源NUMTs
3	13464	13673	210	16469111	16469112	2	208	Wei_Nature_2022_生殖系
3	3612	16491	12880	16691572	16691968	397	12483	Wei_Nature_2022_生殖系
3	8414	12595	4182	16915781	16915782	2	4180	Wei_Nature_2022_生殖系
3	7919	7982	64	17495128	17495129	2	62	Nyuwa基因组资源NUMTs
3	12288	13613	1326	17999761	17999761	1	1325	Nyuwa基因组资源NUMTs;Wei_Nature_2022_生殖系
3	761	909	149	19817636	19817637	2	147	Nyuwa基因组资源NUMTs
3	7819	8041	223	22189152	22189159	8	215	Nyuwa基因组资源NUMTs
3	3157	3225	69	22495106	22495106	1	68	Wei_Nature_2022_生殖系
3	3889	4369	481	23030930	23030930	1	480	Wei_Nature_2022_生殖系
3	5678	5863	186	23344849	23344853	5	181	Wei_Nature_2022_生殖系
3	16121	16569	449	23719822	23719822	1	448	Wei_Nature_2022_肿瘤
3	15573	15729	157	23748206	23748210	5	152	Nyuwa基因组资源NUMTs
3	5046	9393	4348	23894986	23894986	1	4347	Wei_Nature_2022_生殖系
3				24417483	24417584	102		Tao_Genes_2023
3				24417483	24417584	102		Tao_Genes_2023
3				24417483	24417584	102		Tao_Genes_2023
3	7933	8003	71	24997186	24997188	3	68	Nyuwa基因组资源NUMTs
3	16210	16331	122	25226740	25226749	10	112	Wei_Nature_2022_生殖系
3				25467500	25467542	43		Tao_Genes_2023
3				25467500	25467542	43		Tao_Genes_2023
3				25467500	25467542	43		Tao_Genes_2023
3	10984	11022	39	25467504	25467542	39	0	Calabrese_BMCBioinformatics_2012_低置信;Calabrese_BMCBioinformatics_2012_高置信;Simone_BMC_Genomics_2011_版本1_766_HSP;Simone_BMC_Genomics_2011_版本2_585_高置信;UCSC_https://hgdownload.soe.ucsc.edu/goldenPath/hg18/database/
3	13448	14082	635	28329779	28329779	1	634	Wei_Nature_2022_肿瘤
3	11916	11970	55	28334886	28334940	55	0	Calabrese_BMCBioinformatics_2012_低置信;Calabrese_BMCBioinformatics_2012_高置信;Simone_BMC_Genomics_2011_版本1_766_HSP;Simone_BMC_Genomics_2011_版本2_585_高置信;UCSC_https://hgdownload.soe.ucsc.edu/goldenPath/hg18/database/
3				28334886	28334943	58		Tao_Genes_2023
3				28334886	28334943	58		Tao_Genes_2023
3				28334886	28334943	58		Tao_Genes_2023
3				28933159	28933268	110		Tao_Genes_2023
3				28933159	28933268	110		Tao_Genes_2023
3				28933159	28933268	110		Tao_Genes_2023
3	9816	9955	140	29229318	29229318	1	139	Wei_Nature_2022_生殖系
3	14604	15520	917	29568172	29568172	1	916	Wei_Nature_2022_肿瘤
3				29797651	29797904	254		Tao_Genes_2023
3				29797651	29797904	254		Tao_Genes_2023
3				29797651	29797904	254		Tao_Genes_2023
3	10400	10642	243	29797652	29797895	244	1	Calabrese_BMCBioinformatics_2012_低置信;Calabrese_BMCBioinformatics_2012_高置信;Simone_BMC_Genomics_2011_版本1_766_HSP;Simone_BMC_Genomics_2011_版本2_585_高置信;UCSC_https://hgdownload.soe.ucsc.edu/goldenPath/hg18/database/
3	7128	7199	72	30899172	30899175	4	68	Wei_Nature_2022_生殖系
3	5646	5766	121	32376461	32376464	4	117	Wei_Nature_2022_生殖系
3	513	588	76	33329513	33329515	3	73	Wei_Nature_2022_生殖系
3	8556	8767	212	33577389	33577408	20	192	Wei_Nature_2022_生殖系
3	9738	9829	92	33909367	33909369	3	89	Wei_Nature_2022_生殖系
3				34012902	34013059	158		Tao_Genes_2023
3				34012902	34013059	158		Tao_Genes_2023
3				34012902	34013059	158		Tao_Genes_2023
3	6253	6369	117	34278503	34278508	6	111	Nyuwa基因组资源NUMTs
3	12961	13023	63	34487178	34487577	400	337	Wei_Nature_2022_生殖系
3	696	803	108	34808721	34808721	1	107	Nyuwa基因组资源NUMTs
3	4513	4665	153	35636923	35636932	10	143	Wei_Nature_2022_生殖系
3	15688	15766	79	36262433	36262434	2	77	Wei_Nature_2022_生殖系
3	5478	5601	124	37128154	37128161	8	116	Wei_Nature_2022_生殖系
3	14845	15006	162	37140490	37140494	5	157	Nyuwa基因组资源NUMTs
3				38330485	38330620	136		Tao_Genes_2023
3				38330485	38330620	136		Tao_Genes_2023
3				38330485	38330620	136		Tao_Genes_2023
3	5559	5635	77	39715811	39715812	2	75	Wei_Nature_2022_生殖系
3	1741	3041	1301	40220044	40221345	1302	1	Daniela_Lascaro_BMC_Genomics_2008
3				40252144	40253767	1624		Tao_Genes_2023
3				40252144	40253767	1624		Tao_Genes_2023
3				40252144	40253767	1624		Tao_Genes_2023
3	1418	3039	1622	40252147	40253767	1621	1	Calabrese_BMCBioinformatics_2012_低置信;Calabrese_BMCBioinformatics_2012_高置信;Daniela_Lascaro_BMC_Genomics_2008;Simone_BMC_Genomics_2011_版本1_766_HSP;Simone_BMC_Genomics_2011_版本2_585_高置信;UCSC_https://hgdownload.soe.ucsc.edu/goldenPath/hg18/database/
3	311	505	195	41424547	41424549	3	192	Wei_Nature_2022_生殖系
3				43229317	43229731	415		Tao_Genes_2023
3				43229317	43229731	415		Tao_Genes_2023
3				43229317	43229731	415		Tao_Genes_2023
3	15808	16210	403	43229326	43229731	406	3	Calabrese_BMCBioinformatics_2012_低置信;Calabrese_BMCBioinformatics_2012_高置信;Simone_BMC_Genomics_2011_版本1_766_HSP;Simone_BMC_Genomics_2011_版本2_585_高置信;UCSC_https://hgdownload.soe.ucsc.edu/goldenPath/hg18/database/
3				44170756	44170859	104		Tao_Genes_2023
3				44170756	44170859	104		Tao_Genes_2023
3				44170756	44170859	104		Tao_Genes_2023
3				44868400	44868504	105		Tao_Genes_2023
3				44868400	44868504	105		Tao_Genes_2023
3				44868400	44868504	105		Tao_Genes_2023
3	15746	15816	71	45631030	45631030	1	70	Wei_Nature_2022_生殖系
3	130	16056	15927	46972531	46972535	5	15922	Wei_Nature_2022_生殖系
3	12931	12931	1	47447829	47447839	11	10	Wei_Nature_2022_生殖系
3	2844	2915	72	48886465	48886465	1	71	Wei_Nature_2022_生殖系
3	14862	14997	136	49112096	49112105	10	126	Wei_Nature_2022_生殖系
3	1389	2627	1239	49961511	49961511	1	1238	Wei_Nature_2022_肿瘤
3			1271	50152154	50152160	7	1264	Nyuwa基因组资源NUMTs
3	6278	6486	209	51661199	51661202	4	205	Wei_Nature_2022_生殖系
3			9501	51857578	51857578	1	9500	Nyuwa基因组资源NUMTs
3	14006	14142	137	51971011	51971013	3	134	Nyuwa基因组资源NUMTs
3	13196	13376	181	53357239	53357249	11	170	Nyuwa基因组资源NUMTs
3	3083	3292	210	54531100	54531104	5	205	Wei_Nature_2022_生殖系
3	15585	15863	279	55033735	55033746	12	267	Wei_Nature_2022_生殖系
3				56039011	56039124	114		Tao_Genes_2023
3				56039011	56039124	114		Tao_Genes_2023
3				56039011	56039124	114		Tao_Genes_2023
3	11220	11331	112	56113192	56113193	2	110	Nyuwa基因组资源NUMTs;Wei_Nature_2022_生殖系
3	3128	11126	7999	56128996	56128997	2	7997	Wei_Nature_2022_生殖系
3	12932	13329	398	57156723	57156729	7	391	Wei_Nature_2022_生殖系
3	9769	9977	209	57180092	57180093	2	207	Wei_Nature_2022_生殖系
3	41	856	816	59896362	59896362	1	815	Wei_Nature_2022_肿瘤
3	4165	4256	92	60391743	60391743	1	91	Wei_Nature_2022_肿瘤
3	6403	6681	279	60743946	60743952	7	272	Nyuwa基因组资源NUMTs
3	5886	16112	10227	60871092	60871093	2	10225	Wei_Nature_2022_生殖系
3				63847025	63847101	77		Tao_Genes_2023
3				63847025	63847101	77		Tao_Genes_2023
3				63847025	63847101	77		Tao_Genes_2023
3	15559	15633	75	63847026	63847100	75	0	Calabrese_BMCBioinformatics_2012_低置信;Calabrese_BMCBioinformatics_2012_高置信;Simone_BMC_Genomics_2011_版本1_766_HSP;Simone_BMC_Genomics_2011_版本2_585_高置信;UCSC_https://hgdownload.soe.ucsc.edu/goldenPath/hg18/database/
3	16116	16569	454	64038765	64038765	1	453	Wei_Nature_2022_肿瘤
3	11163	11234	72	64299649	64299656	8	64	Wei_Nature_2022_生殖系
3	5736	5839	104	64583108	64583124	17	87	Wei_Nature_2022_生殖系
3	10590	10610	21	66132364	66132364	1	20	Wei_Nature_2022_生殖系
3	13708	13804	97	66900868	66900869	2	95	Wei_Nature_2022_生殖系
3				68658933	68659288	356		Tao_Genes_2023
3				68658933	68659288	356		Tao_Genes_2023
3				68658933	68659288	356		Tao_Genes_2023
3	16085	16173	89	68658950	68659038	89	0	Calabrese_BMCBioinformatics_2012_低置信;Calabrese_BMCBioinformatics_2012_高置信;Simone_BMC_Genomics_2011_版本1_766_HSP;UCSC_https://hgdownload.soe.ucsc.edu/goldenPath/hg18/database/
3	4353	16173	11821	68658950	68659131	182	11639	Simone_BMC_Genomics_2011_版本2_585_高置信
3	4353	4428	76	68659056	68659131	76	0	Calabrese_BMCBioinformatics_2012_低置信;Calabrese_BMCBioinformatics_2012_高置信;Simone_BMC_Genomics_2011_版本1_766_HSP;UCSC_https://hgdownload.soe.ucsc.edu/goldenPath/hg18/database/
3	3058	3215	158	68659129	68659287	159	1	Calabrese_BMCBioinformatics_2012_低置信;Calabrese_BMCBioinformatics_2012_高置信;Simone_BMC_Genomics_2011_版本1_766_HSP;Simone_BMC_Genomics_2011_版本2_585_高置信;UCSC_https://hgdownload.soe.ucsc.edu/goldenPath/hg18/database/
3	11689	11780	92	68732362	68732365	4	88	Nyuwa基因组资源NUMTs
3	4477	4661	185	68870790	68870790	1	184	Wei_Nature_2022_生殖系
3	4477	8954	4478	68870790	68870790	1	4477	Nyuwa基因组资源NUMTs
3	15138	15205	68	69071048	69071049	2	66	Nyuwa基因组资源NUMTs
3	15548	15620	73	69443070	69443070	1	72	Wei_Nature_2022_生殖系
3	1	16531	16531	70340838	70340845	8	16523	Wei_Nature_2022_生殖系
3	6502	6571	70	71473281	71473282	2	68	Nyuwa基因组资源NUMTs
3	518	12255	11738	71798701	71798703	3	11735	Wei_Nature_2022_生殖系
3	7899	8243	345	72159076	72159076	1	344	Wei_Nature_2022_肿瘤
3				72583296	72583537	242		Tao_Genes_2023
3				72583296	72583537	242		Tao_Genes_2023
3				72583296	72583537	242		Tao_Genes_2023
3	9136	9372	237	72583300	72583536	237	0	Calabrese_BMCBioinformatics_2012_低置信;Calabrese_BMCBioinformatics_2012_高置信;Simone_BMC_Genomics_2011_版本1_766_HSP;Simone_BMC_Genomics_2011_版本2_585_高置信;UCSC_https://hgdownload.soe.ucsc.edu/goldenPath/hg18/database/
3	10349	10408	60	73403068	73403068	1	59	Wei_Nature_2022_生殖系
3	3249	3320	72	74954161	74954165	5	67	Wei_Nature_2022_生殖系
3	10619	12392	1774	75071135	75071136	2	1772	Wei_Nature_2022_生殖系
3	15898	16342	445	75553548	75553548	1	444	Wei_Nature_2022_肿瘤
3	190	16165	15976	75577852	75577852	1	15975	Wei_Nature_2022_肿瘤
3	928	1018	91	76597809	76597815	7	84	Nyuwa基因组资源NUMTs
3	6783	12501	5719	78137509	78137515	7	5712	Wei_Nature_2022_生殖系
3	3523	3567	45	78565413	78565429	17	28	Wei_Nature_2022_生殖系
3	11192	11263	72	81063468	81063468	1	71	Wei_Nature_2022_生殖系
3	6847	6912	66	82779104	82779109	6	60	Nyuwa基因组资源NUMTs
3	4302	4484	183	83808244	83808244	1	182	Wei_Nature_2022_生殖系
3	5083	12700	7618	84525702	84525702	1	7617	Wei_Nature_2022_肿瘤
3	5460	5703	244	85088560	85088560	1	243	Wei_Nature_2022_生殖系
3	211	919	709	86166526	86166533	8	701	Wei_Nature_2022_生殖系
3	6509	6620	112	88700035	88700048	14	98	Nyuwa基因组资源NUMTs
3	12207	12316	110	88926566	88926590	25	85	Wei_Nature_2022_生殖系
3				89586835	89590097	3263		Tao_Genes_2023
3				89586835	89590097	3263		Tao_Genes_2023
3				89586835	89590097	3263		Tao_Genes_2023
3	6027	9316	3290	89586853	89590096	3244	46	Calabrese_BMCBioinformatics_2012_高置信;Daniela_Lascaro_BMC_Genomics_2008;Simone_BMC_Genomics_2011_版本2_585_高置信
3	8029	8246	218	89587898	89588115	218	0	Calabrese_BMCBioinformatics_2012_低置信;Simone_BMC_Genomics_2011_版本1_766_HSP;UCSC_https://hgdownload.soe.ucsc.edu/goldenPath/hg18/database/
3	6027	7309	1283	89588825	89590096	1272	11	Calabrese_BMCBioinformatics_2012_低置信;Simone_BMC_Genomics_2011_版本1_766_HSP;UCSC_https://hgdownload.soe.ucsc.edu/goldenPath/hg18/database/
3	7089	9205	2117	93470361	93470770	410	1707	Nyuwa基因组资源NUMTs
3	12842	12974	133	93605228	93605231	4	129	Wei_Nature_2022_生殖系
3	13913	27826	13914	93892482	93892482	1	13913	Nyuwa基因组资源NUMTs
3	768	1060	293	93912773	93912773	1	292	Wei_Nature_2022_生殖系
3	15669	15974	306	96196167	96196172	6	300	Wei_Nature_2022_生殖系
3	7714	7832	119	96386182	96386183	2	117	Wei_Nature_2022_生殖系
3	1396	2718	1323	96617188	96618510	1323	0	Calabrese_BMCBioinformatics_2012_低置信;Calabrese_BMCBioinformatics_2012_高置信;Daniela_Lascaro_BMC_Genomics_2008;Simone_BMC_Genomics_2011_版本1_766_HSP;Simone_BMC_Genomics_2011_版本2_585_高置信;UCSC_https://hgdownload.soe.ucsc.edu/goldenPath/hg18/database/
3				96617188	96618510	1323		Tao_Genes_2023
3				96617188	96618510	1323		Tao_Genes_2023
3				96617188	96618510	1323		Tao_Genes_2023
3	3708	3791	84	96686638	96686638	1	83	Nyuwa基因组资源NUMTs
3	7588	7763	176	96699904	96699906	3	173	Nyuwa基因组资源NUMTs
3	6534	6682	149	96765136	96765284	149	0	Calabrese_BMCBioinformatics_2012_低置信;Calabrese_BMCBioinformatics_2012_高置信;Simone_BMC_Genomics_2011_版本1_766_HSP;Simone_BMC_Genomics_2011_版本2_585_高置信;UCSC_https://hgdownload.soe.ucsc.edu/goldenPath/hg18/database/
3				96765136	96765285	150		Tao_Genes_2023
3				96765136	96765285	150		Tao_Genes_2023
3				96765136	96765285	150		Tao_Genes_2023
3	2659	2767	109	97846933	97846939	7	102	Nyuwa基因组资源NUMTs
3	12892	12967	76	98092664	98092666	3	73	Nyuwa基因组资源NUMTs
3	16155	16256	102	98219811	98219816	6	96	Wei_Nature_2022_生殖系
3	7804	8004	201	98238975	98238978	4	197	Wei_Nature_2022_生殖系
3	4620	4752	133	98844865	98844997	133	0	Calabrese_BMCBioinformatics_2012_低置信;Calabrese_BMCBioinformatics_2012_高置信;Simone_BMC_Genomics_2011_版本1_766_HSP;Simone_BMC_Genomics_2011_版本2_585_高置信;UCSC_https://hgdownload.soe.ucsc.edu/goldenPath/hg18/database/
3				98844865	98844997	133		Tao_Genes_2023
3				98844865	98844997	133		Tao_Genes_2023
3				98844865	98844997	133		Tao_Genes_2023
3	15744	15910	167	100251392	100251392	1	166	Wei_Nature_2022_生殖系
3	4536	4657	122	101897904	101897909	6	116	Wei_Nature_2022_生殖系
3	11698	12429	732	102566457	102566459	3	729	Wei_Nature_2022_生殖系
3	12563	13537	975	103814804	103815796	993	18	Daniela_Lascaro_BMC_Genomics_2008
3	2211	2835	625	104185404	104185407	4	621	Nyuwa基因组资源NUMTs
3	693	816	124	105752525	105752527	3	121	Nyuwa基因组资源NUMTs
3				106894138	106895901	1764		Tao_Genes_2023
3				106894138	106895901	1764		Tao_Genes_2023
3				106894138	106895901	1764		Tao_Genes_2023
3	10576	12340	1765	106894139	106895900	1762	3	Calabrese_BMCBioinformatics_2012_低置信;Simone_BMC_Genomics_2011_版本1_766_HSP;UCSC_https://hgdownload.soe.ucsc.edu/goldenPath/hg18/database/
3	9787	12340	2554	106894139	106897090	2952	398	Daniela_Lascaro_BMC_Genomics_2008
3	8668	12340	3673	106894139	106898254	4116	443	Calabrese_BMCBioinformatics_2012_高置信;Simone_BMC_Genomics_2011_版本2_585_高置信
3	8716	10582	1867	106896293	106898254	1962	95	Calabrese_BMCBioinformatics_2012_低置信;Simone_BMC_Genomics_2011_版本1_766_HSP;UCSC_https://hgdownload.soe.ucsc.edu/goldenPath/hg18/database/
3				106896293	106898256	1964		Tao_Genes_2023
3				106896293	106898256	1964		Tao_Genes_2023
3				106896293	106898260	1968		Tao_Genes_2023
3				106898552	106898880	329		Tao_Genes_2023
3				106898595	106898880	286		Tao_Genes_2023
3				106898595	106898880	286		Tao_Genes_2023
3	576	858	283	106898599	106898879	281	2	Calabrese_BMCBioinformatics_2012_低置信;Calabrese_BMCBioinformatics_2012_高置信;Simone_BMC_Genomics_2011_版本1_766_HSP;Simone_BMC_Genomics_2011_版本2_585_高置信;UCSC_https://hgdownload.soe.ucsc.edu/goldenPath/hg18/database/
3				106898881	106900837	1957		Tao_Genes_2023
3				106898881	106900837	1957		Tao_Genes_2023
3				106898881	106900837	1957		Tao_Genes_2023
3	12464	14369	1906	106898887	106900816	1930	24	Calabrese_BMCBioinformatics_2012_低置信;Calabrese_BMCBioinformatics_2012_高置信;Simone_BMC_Genomics_2011_版本1_766_HSP;Simone_BMC_Genomics_2011_版本2_585_高置信;UCSC_https://hgdownload.soe.ucsc.edu/goldenPath/hg18/database/
3	13536	15573	2038	106898996	106899977	982	1056	Daniela_Lascaro_BMC_Genomics_2008
3	6000	6204	205	106900859	106901066	208	3	Calabrese_BMCBioinformatics_2012_低置信;Calabrese_BMCBioinformatics_2012_高置信;Daniela_Lascaro_BMC_Genomics_2008;Simone_BMC_Genomics_2011_版本1_766_HSP;Simone_BMC_Genomics_2011_版本2_585_高置信;UCSC_https://hgdownload.soe.ucsc.edu/goldenPath/hg18/database/
3				106900859	106903560	2702		Tao_Genes_2023
3				106900859	106903560	2702		Tao_Genes_2023
3				106900859	106903560	2702		Tao_Genes_2023
3	3348	4821	1474	106901068	106902522	1455	19	Calabrese_BMCBioinformatics_2012_低置信;Calabrese_BMCBioinformatics_2012_高置信;Daniela_Lascaro_BMC_Genomics_2008;Simone_BMC_Genomics_2011_版本1_766_HSP;Simone_BMC_Genomics_2011_版本2_585_高置信;UCSC_https://hgdownload.soe.ucsc.edu/goldenPath/hg18/database/
3				106901221	106901718	498		Tao_Genes_2023
3	1054	2048	995	106902523	106903555	1033	38	Calabrese_BMCBioinformatics_2012_低置信;Calabrese_BMCBioinformatics_2012_高置信;Daniela_Lascaro_BMC_Genomics_2008;Simone_BMC_Genomics_2011_版本1_766_HSP;Simone_BMC_Genomics_2011_版本2_585_高置信;UCSC_https://hgdownload.soe.ucsc.edu/goldenPath/hg18/database/
3	2747	2793	47	108082116	108082117	2	45	Wei_Nature_2022_生殖系
3	13968	14046	79	109213063	109213065	3	76	Nyuwa基因组资源NUMTs
3	1204	10720	9517	109667537	109667539	3	9514	Wei_Nature_2022_生殖系
3	6917	7061	145	113044419	113044423	5	140	Wei_Nature_2022_生殖系
3	13360	13510	151	115407658	115407659	2	149	Wei_Nature_2022_生殖系
3	14785	14953	169	117753903	117753904	2	167	Wei_Nature_2022_生殖系
3	7492	7561	70	118014259	118014262	4	66	Nyuwa基因组资源NUMTs
3	496	571	76	120166421	120166432	12	64	Wei_Nature_2022_生殖系
3	7150	7772	623	120722023	120722645	623	0	Calabrese_BMCBioinformatics_2012_低置信;Calabrese_BMCBioinformatics_2012_高置信;Daniela_Lascaro_BMC_Genomics_2008;Simone_BMC_Genomics_2011_版本1_766_HSP;Simone_BMC_Genomics_2011_版本2_585_高置信;UCSC_https://hgdownload.soe.ucsc.edu/goldenPath/hg18/database/
3				120722023	120722646	624		Tao_Genes_2023
3				120722023	120722646	624		Tao_Genes_2023
3				120722023	120722646	624		Tao_Genes_2023
3	12536	12736	201	121193790	121193791	2	199	Wei_Nature_2022_生殖系
3	9023	9089	67	121414744	121414750	7	60	Nyuwa基因组资源NUMTs
3	10381	11210	830	122031190	122031193	4	826	Wei_Nature_2022_生殖系
3	321	393	73	122645309	122645309	1	72	Wei_Nature_2022_生殖系
3	321	393	73	122648898	122648898	1	72	Wei_Nature_2022_生殖系
3				122688734	122688804	71		Tao_Genes_2023
3				122688734	122688804	71		Tao_Genes_2023
3				122688734	122688804	71		Tao_Genes_2023
3	4704	4770	67	122688738	122688804	67	0	Calabrese_BMCBioinformatics_2012_低置信;Calabrese_BMCBioinformatics_2012_高置信;Simone_BMC_Genomics_2011_版本1_766_HSP;Simone_BMC_Genomics_2011_版本2_585_高置信;UCSC_https://hgdownload.soe.ucsc.edu/goldenPath/hg18/database/
3	13370	13516	147	125244026	125244027	2	145	Wei_Nature_2022_生殖系
3				125532716	125532799	84		Tao_Genes_2023
3				125532716	125532799	84		Tao_Genes_2023
3				125532716	125532799	84		Tao_Genes_2023
3	6745	6870	126	127005476	127005601	126	0	Calabrese_BMCBioinformatics_2012_低置信;Calabrese_BMCBioinformatics_2012_高置信;Simone_BMC_Genomics_2011_版本1_766_HSP;Simone_BMC_Genomics_2011_版本2_585_高置信;UCSC_https://hgdownload.soe.ucsc.edu/goldenPath/hg18/database/
3				127005476	127005601	126		Tao_Genes_2023
3				127005476	127005601	126		Tao_Genes_2023
3				127005476	127005601	126		Tao_Genes_2023
3	7787	7854	68	128928672	128928672	1	67	Wei_Nature_2022_生殖系
3	9278	9357	80	128989160	128989239	80	0	Calabrese_BMCBioinformatics_2012_低置信;Calabrese_BMCBioinformatics_2012_高置信;Simone_BMC_Genomics_2011_版本1_766_HSP;Simone_BMC_Genomics_2011_版本2_585_高置信;UCSC_https://hgdownload.soe.ucsc.edu/goldenPath/hg18/database/
3				128989160	128989241	82		Tao_Genes_2023
3				128989160	128989241	82		Tao_Genes_2023
3				128989160	128989241	82		Tao_Genes_2023
3	9102	9201	100	129176249	129176252	4	96	Wei_Nature_2022_生殖系
3	5111	12062	6952	129577549	129577560	12	6940	Wei_Nature_2022_生殖系
3				129914984	129915085	102		Tao_Genes_2023
3				129914984	129915085	102		Tao_Genes_2023
3				129914984	129915085	102		Tao_Genes_2023
3	9471	10288	818	130871013	130871023	11	807	Wei_Nature_2022_生殖系
3	15450	15491	42	133757184	133757186	3	39	Wei_Nature_2022_生殖系
3	12256	12323	68	139873948	139873975	28	40	Wei_Nature_2022_生殖系
3	3818	3954	137	142225877	142225878	2	135	Wei_Nature_2022_生殖系
3	1378	1688	311	142815571	142815572	2	309	Nyuwa基因组资源NUMTs;Wei_Nature_2022_生殖系
3				142946081	142946172	92		Tao_Genes_2023
3				142946081	142946172	92		Tao_Genes_2023
3				142946081	142946172	92		Tao_Genes_2023
3	7675	7856	182	143721437	143721440	4	178	Wei_Nature_2022_生殖系
3	15376	15503	128	145143913	145143914	2	126	Wei_Nature_2022_生殖系
3	3140	3819	680	145448359	145448359	1	679	Wei_Nature_2022_肿瘤
3	9735	9855	121	147694289	147694290	2	119	Wei_Nature_2022_生殖系
3	5616	5743	128	147918074	147918080	7	121	Nyuwa基因组资源NUMTs
3	15439	15626	188	150728991	150728992	2	186	Wei_Nature_2022_生殖系
3				150842070	150842230	161		Tao_Genes_2023
3				150842070	150842230	161		Tao_Genes_2023
3				150842070	150842230	161		Tao_Genes_2023
3	12428	12584	157	150842071	150842227	157	0	Calabrese_BMCBioinformatics_2012_低置信;Calabrese_BMCBioinformatics_2012_高置信;Simone_BMC_Genomics_2011_版本1_766_HSP;Simone_BMC_Genomics_2011_版本2_585_高置信;UCSC_https://hgdownload.soe.ucsc.edu/goldenPath/hg18/database/
3	3623	3734	112	151964892	151964895	4	108	Wei_Nature_2022_生殖系
3	11972	12037	66	152712885	152712896	12	54	Nyuwa基因组资源NUMTs
3				152919693	152919868	176		Tao_Genes_2023
3				152919693	152919868	176		Tao_Genes_2023
3				152919693	152919868	176		Tao_Genes_2023
3	5665	5822	158	152919694	152919856	163	5	Calabrese_BMCBioinformatics_2012_低置信;Calabrese_BMCBioinformatics_2012_高置信;Simone_BMC_Genomics_2011_版本1_766_HSP;Simone_BMC_Genomics_2011_版本2_585_高置信;UCSC_https://hgdownload.soe.ucsc.edu/goldenPath/hg18/database/
3				153658794	153658987	194		Tao_Genes_2023
3				153658794	153658987	194		Tao_Genes_2023
3				153658794	153658987	194		Tao_Genes_2023
3	7454	7643	190	153658803	153658987	185	5	Calabrese_BMCBioinformatics_2012_低置信;Calabrese_BMCBioinformatics_2012_高置信;Simone_BMC_Genomics_2011_版本1_766_HSP;Simone_BMC_Genomics_2011_版本2_585_高置信;UCSC_https://hgdownload.soe.ucsc.edu/goldenPath/hg18/database/
3				155431278	155431377	100		Tao_Genes_2023
3				155431278	155431377	100		Tao_Genes_2023
3				155431278	155431377	100		Tao_Genes_2023
3				155432880	155433020	141		Tao_Genes_2023
3				155432880	155433020	141		Tao_Genes_2023
3				155432880	155433020	141		Tao_Genes_2023
3				155433297	155433398	102		Tao_Genes_2023
3				155433297	155433398	102		Tao_Genes_2023
3				155433297	155433398	102		Tao_Genes_2023
3	12816	12917	102	155976912	155976913	2	100	Nyuwa基因组资源NUMTs
3	3232	3421	190	157510782	157510784	3	187	Wei_Nature_2022_生殖系
3	12266	16561	4296	158277181	158277181	1	4295	Wei_Nature_2022_肿瘤
3	12066	12218	153	158571468	158571471	4	149	Wei_Nature_2022_生殖系
3	14419	14520	102	158722472	158722477	6	96	Wei_Nature_2022_生殖系
3	7916	8107	192	159760650	159760651	2	190	Wei_Nature_2022_生殖系
3	9187	9369	183	160144534	160144544	11	172	Wei_Nature_2022_生殖系
3	12828	15414	2587	160298803	160298803	1	2586	Wei_Nature_2022_生殖系
3	12828	15414	2587	160323480	160323480	1	2586	Wei_Nature_2022_生殖系
3	2710	2849	140	160766928	160766928	1	139	Wei_Nature_2022_生殖系
3				160947648	160948042	395		Tao_Genes_2023
3				160947648	160948042	395		Tao_Genes_2023
3				160947648	160948042	395		Tao_Genes_2023
3	1925	2314	390	160947654	160948042	389	1	Calabrese_BMCBioinformatics_2012_低置信;Calabrese_BMCBioinformatics_2012_高置信;Daniela_Lascaro_BMC_Genomics_2008;Simone_BMC_Genomics_2011_版本1_766_HSP;Simone_BMC_Genomics_2011_版本2_585_高置信;UCSC_https://hgdownload.soe.ucsc.edu/goldenPath/hg18/database/
3	15819	31638	15820	163552600	163552601	2	15818	Nyuwa基因组资源NUMTs
3				163932578	163932643	66		Tao_Genes_2023
3				163932578	163932643	66		Tao_Genes_2023
3				163932578	163932643	66		Tao_Genes_2023
3				164424268	164424325	58		Tao_Genes_2023
3				164424268	164424325	58		Tao_Genes_2023
3				164424268	164424325	58		Tao_Genes_2023
3	11875	12245	371	165331580	165331580	1	370	Wei_Nature_2022_肿瘤
3	4393	5188	796	165398770	165398770	1	795	Wei_Nature_2022_生殖系
3	8311	8387	77	165518514	165518518	5	72	Wei_Nature_2022_生殖系
3	12024	12244	221	166159903	166160123	221	0	Calabrese_BMCBioinformatics_2012_低置信;Simone_BMC_Genomics_2011_版本1_766_HSP;UCSC_https://hgdownload.soe.ucsc.edu/goldenPath/hg18/database/
3				166159903	166160179	277		Tao_Genes_2023
3				166159903	166160179	277		Tao_Genes_2023
3				166159903	166160179	277		Tao_Genes_2023
3	9109	12244	3136	166159903	166162064	2162	974	Calabrese_BMCBioinformatics_2012_高置信;Simone_BMC_Genomics_2011_版本2_585_高置信
3				166160188	166162070	1883		Tao_Genes_2023
3				166160188	166162070	1883		Tao_Genes_2023
3				166160188	166162070	1883		Tao_Genes_2023
3	10778	10896	119	166160230	166160348	119	0	Calabrese_BMCBioinformatics_2012_低置信;Simone_BMC_Genomics_2011_版本1_766_HSP;UCSC_https://hgdownload.soe.ucsc.edu/goldenPath/hg18/database/
3	9109	10768	1660	166160405	166162064	1660	0	Calabrese_BMCBioinformatics_2012_低置信;Daniela_Lascaro_BMC_Genomics_2008;Simone_BMC_Genomics_2011_版本1_766_HSP;UCSC_https://hgdownload.soe.ucsc.edu/goldenPath/hg18/database/
3				166226707	166226802	96		Tao_Genes_2023
3				166226707	166226802	96		Tao_Genes_2023
3				166226707	166226802	96		Tao_Genes_2023
3	1549	2065	517	166226707	166227543	837	320	Calabrese_BMCBioinformatics_2012_低置信;Calabrese_BMCBioinformatics_2012_高置信;Simone_BMC_Genomics_2011_版本1_766_HSP;Simone_BMC_Genomics_2011_版本2_585_高置信;UCSC_https://hgdownload.soe.ucsc.edu/goldenPath/hg18/database/
3				166227122	166227551	430		Tao_Genes_2023
3				166227122	166227551	430		Tao_Genes_2023
3				166227122	166227551	430		Tao_Genes_2023
3				166227894	166228038	145		Tao_Genes_2023
3				166227894	166228038	145		Tao_Genes_2023
3				166227894	166228038	145		Tao_Genes_2023
3				166232481	166233279	799		Tao_Genes_2023
3				166232481	166233279	799		Tao_Genes_2023
3				166232481	166233279	799		Tao_Genes_2023
3	598	1371	774	166232482	166233257	776	2	Calabrese_BMCBioinformatics_2012_低置信;Calabrese_BMCBioinformatics_2012_高置信;Daniela_Lascaro_BMC_Genomics_2008;Simone_BMC_Genomics_2011_版本1_766_HSP;Simone_BMC_Genomics_2011_版本2_585_高置信;UCSC_https://hgdownload.soe.ucsc.edu/goldenPath/hg18/database/
3	14361	14505	145	167853109	167853113	5	140	Nyuwa基因组资源NUMTs
3	5132	5221	90	168687043	168687043	1	89	Wei_Nature_2022_生殖系
3	1943	2622	680	169025626	169025640	15	665	Wei_Nature_2022_生殖系
3			11111	169348481	169348516	36	11075	Nyuwa基因组资源NUMTs
3	16403	16474	72	169936797	169936868	72	0	Calabrese_BMCBioinformatics_2012_低置信;Calabrese_BMCBioinformatics_2012_高置信;Simone_BMC_Genomics_2011_版本1_766_HSP;Simone_BMC_Genomics_2011_版本2_585_高置信;UCSC_https://hgdownload.soe.ucsc.edu/goldenPath/hg18/database/
3				169936797	169936884	88		Tao_Genes_2023
3				169936797	169936884	88		Tao_Genes_2023
3				169936797	169936884	88		Tao_Genes_2023
3	12195	12430	236	171489896	171489896	1	235	Nyuwa基因组资源NUMTs
3				171534422	171534653	232		Tao_Genes_2023
3				171534422	171534653	232		Tao_Genes_2023
3				171534422	171534653	232		Tao_Genes_2023
3	6704	6933	230	171534423	171534651	229	1	Calabrese_BMCBioinformatics_2012_低置信;Calabrese_BMCBioinformatics_2012_高置信;Simone_BMC_Genomics_2011_版本1_766_HSP;Simone_BMC_Genomics_2011_版本2_585_高置信;UCSC_https://hgdownload.soe.ucsc.edu/goldenPath/hg18/database/
3	14846	29692	14847	171638075	171638075	1	14846	Nyuwa基因组资源NUMTs
3	1716	2085	370	174254908	174254918	11	359	Wei_Nature_2022_生殖系
3				176216484	176216548	65		Tao_Genes_2023
3				176216484	176216548	65		Tao_Genes_2023
3				176216484	176216548	65		Tao_Genes_2023
3	8931	8988	58	176216490	176216547	58	0	Calabrese_BMCBioinformatics_2012_低置信;Calabrese_BMCBioinformatics_2012_高置信;Simone_BMC_Genomics_2011_版本1_766_HSP;Simone_BMC_Genomics_2011_版本2_585_高置信;UCSC_https://hgdownload.soe.ucsc.edu/goldenPath/hg18/database/
3	1831	3520	1690	176498966	176498966	1	1689	Wei_Nature_2022_生殖系
3	1831	3520	1690	176501665	176501665	1	1689	Wei_Nature_2022_生殖系
3	247	16405	16159	176531354	176531398	45	16114	Wei_Nature_2022_生殖系
3				176784668	176784731	64		Tao_Genes_2023
3				176784668	176784731	64		Tao_Genes_2023
3				176784668	176784731	64		Tao_Genes_2023
3	4226	4348	123	176966318	176966436	119	4	Calabrese_BMCBioinformatics_2012_低置信;Calabrese_BMCBioinformatics_2012_高置信;Simone_BMC_Genomics_2011_版本1_766_HSP;Simone_BMC_Genomics_2011_版本2_585_高置信;UCSC_https://hgdownload.soe.ucsc.edu/goldenPath/hg18/database/
3				176966318	176966437	120		Tao_Genes_2023
3				176966318	176966437	120		Tao_Genes_2023
3				176966318	176966437	120		Tao_Genes_2023
3	13011	13321	311	177010720	177011028	309	2	Calabrese_BMCBioinformatics_2012_低置信;Calabrese_BMCBioinformatics_2012_高置信;Simone_BMC_Genomics_2011_版本1_766_HSP;Simone_BMC_Genomics_2011_版本2_585_高置信;UCSC_https://hgdownload.soe.ucsc.edu/goldenPath/hg18/database/
3				177010720	177011036	317		Tao_Genes_2023
3				177010720	177011036	317		Tao_Genes_2023
3				177010720	177011036	317		Tao_Genes_2023
3	14957	15031	75	178123628	178123630	3	72	Nyuwa基因组资源NUMTs;Wei_Nature_2022_生殖系
3	10360	10478	119	180265240	180265241	2	117	Nyuwa基因组资源NUMTs
3	1838	2124	287	180760467	180760477	11	276	Wei_Nature_2022_生殖系
3	3162	6324	3163	181745921	181745921	1	3162	Nyuwa基因组资源NUMTs
3	4972	4972	1	183177161	183177161	1	0	Wei_Nature_2022_肿瘤
3	4992	5221	230	183534072	183534105	34	196	Wei_Nature_2022_生殖系
3	4876	4963	88	184058475	184058476	2	86	Wei_Nature_2022_生殖系
3	1	141	141	184227096	184227099	4	137	Wei_Nature_2022_生殖系
3	8208	16416	8209	185626965	185626965	1	8208	Nyuwa基因组资源NUMTs
3	10366	10782	417	185981303	185981303	1	416	Wei_Nature_2022_肿瘤
3	11569	11684	116	186058647	186058760	114	2	Calabrese_BMCBioinformatics_2012_低置信;Calabrese_BMCBioinformatics_2012_高置信;Simone_BMC_Genomics_2011_版本1_766_HSP;Simone_BMC_Genomics_2011_版本2_585_高置信;UCSC_https://hgdownload.soe.ucsc.edu/goldenPath/hg18/database/
3				186058647	186058760	114		Tao_Genes_2023
3				186058647	186058760	114		Tao_Genes_2023
3				186058647	186058760	114		Tao_Genes_2023
3	9177	9247	71	187466181	187466251	71	0	Calabrese_BMCBioinformatics_2012_低置信;Calabrese_BMCBioinformatics_2012_高置信;Simone_BMC_Genomics_2011_版本1_766_HSP;Simone_BMC_Genomics_2011_版本2_585_高置信;UCSC_https://hgdownload.soe.ucsc.edu/goldenPath/hg18/database/
3				187466181	187466251	71		Tao_Genes_2023
3				187466181	187466251	71		Tao_Genes_2023
3				187466181	187466251	71		Tao_Genes_2023
3	750	869	120	187675350	187675352	3	117	Nyuwa基因组资源NUMTs
3	226	898	673	188979927	188979967	41	632	Wei_Nature_2022_生殖系
3	7076	7181	106	189980738	189980738	1	105	Wei_Nature_2022_生殖系
3	5741	5827	87	191557374	191557383	10	77	Wei_Nature_2022_生殖系
3	2129	2306	178	191580590	191580594	5	173	Wei_Nature_2022_生殖系
3	309	13880	13572	193518049	193518061	13	13559	Wei_Nature_2022_生殖系
3				195206004	195206037	34		Tao_Genes_2023
3				195206004	195206037	34		Tao_Genes_2023
3				195206004	195206037	34		Tao_Genes_2023
3	295	295	1	196728259	196728278	20	19	Wei_Nature_2022_生殖系
3	14651	14690	40	197154225	197154225	1	39	Wei_Nature_2022_生殖系
3	10979	11051	73	197726037	197726039	3	70	Wei_Nature_2022_生殖系
3			9513	198083798	198083798	1	9512	Nyuwa基因组资源NUMTs
4	12782	13083	302	1860679	1860689	11	291	Wei_Nature_2022_生殖系
4	9262	9406	145	2169507	2169507	1	144	Wei_Nature_2022_生殖系
4	10991	11130	140	2478255	2478255	1	139	Wei_Nature_2022_生殖系
4				5404509	5404721	213		Tao_Genes_2023
4				5404509	5404721	213		Tao_Genes_2023
4				5404509	5404721	213		Tao_Genes_2023
4	16294	16471	178	5404539	5404717	179	1	Calabrese_BMCBioinformatics_2012_低置信;Calabrese_BMCBioinformatics_2012_高置信;Simone_BMC_Genomics_2011_版本1_766_HSP;Simone_BMC_Genomics_2011_版本2_585_高置信;UCSC_https://hgdownload.soe.ucsc.edu/goldenPath/hg18/database/
4	11680	11745	66	7252650	7252655	6	60	Nyuwa基因组资源NUMTs
4			605	8271545	8271545	1	604	Nyuwa基因组资源NUMTs
4	5625	5791	167	9011642	9011642	1	166	Wei_Nature_2022_生殖系
4	2907	9587	6681	11096504	11096704	201	6480	Wei_Nature_2022_生殖系
4	2907	9587	6681	11099525	11099525	1	6680	Wei_Nature_2022_生殖系
4	9338	9679	342	12640294	12640635	342	0	Calabrese_BMCBioinformatics_2012_低置信;Calabrese_BMCBioinformatics_2012_高置信;Daniela_Lascaro_BMC_Genomics_2008;Simone_BMC_Genomics_2011_版本1_766_HSP;Simone_BMC_Genomics_2011_版本2_585_高置信;UCSC_https://hgdownload.soe.ucsc.edu/goldenPath/hg18/database/;Wei_Nature_2022_生殖系
4				12640294	12640638	345		Tao_Genes_2023
4				12640294	12640638	345		Tao_Genes_2023
4				12640294	12640638	345		Tao_Genes_2023
4				14505864	14506480	617		Tao_Genes_2023
4				14505864	14506480	617		Tao_Genes_2023
4				14505864	14506480	617		Tao_Genes_2023
4	4644	5195	552	14505906	14506449	544	8	Calabrese_BMCBioinformatics_2012_低置信;Calabrese_BMCBioinformatics_2012_高置信;Daniela_Lascaro_BMC_Genomics_2008;Simone_BMC_Genomics_2011_版本1_766_HSP;Simone_BMC_Genomics_2011_版本2_585_高置信;UCSC_https://hgdownload.soe.ucsc.edu/goldenPath/hg18/database/
4				15110042	15110091	50		Tao_Genes_2023
4				15110042	15110091	50		Tao_Genes_2023
4				15110042	15110091	50		Tao_Genes_2023
4	14845	14993	149	15866288	15866292	5	144	Wei_Nature_2022_生殖系
4	13097	13387	291	17061877	17062167	291	0	Calabrese_BMCBioinformatics_2012_低置信;Calabrese_BMCBioinformatics_2012_高置信;Simone_BMC_Genomics_2011_版本1_766_HSP;Simone_BMC_Genomics_2011_版本2_585_高置信;UCSC_https://hgdownload.soe.ucsc.edu/goldenPath/hg18/database/
4				17061877	17062167	291		Tao_Genes_2023
4				17061877	17062167	291		Tao_Genes_2023
4				17061877	17062167	291		Tao_Genes_2023
4	9308	9556	249	20468194	20468195	2	247	Wei_Nature_2022_生殖系
4	6131	6268	138	20959733	20959736	4	134	Nyuwa基因组资源NUMTs;Wei_Nature_2022_生殖系
4	11689	11780	92	21481254	21481255	2	90	Wei_Nature_2022_生殖系
4	9224	9224	1	24961275	24961275	1	0	Wei_Nature_2022_生殖系
4				25717913	25718899	987		Tao_Genes_2023
4				25717913	25718899	987		Tao_Genes_2023
4				25717913	25718899	987		Tao_Genes_2023
4	11300	12301	1002	25717914	25718883	970	32	Calabrese_BMCBioinformatics_2012_低置信;Simone_BMC_Genomics_2011_版本1_766_HSP;UCSC_https://hgdownload.soe.ucsc.edu/goldenPath/hg18/database/
4	9440	12301	2862	25717914	25721057	3144	282	Calabrese_BMCBioinformatics_2012_高置信;Daniela_Lascaro_BMC_Genomics_2008;Simone_BMC_Genomics_2011_版本2_585_高置信
4				25719208	25721057	1850		Tao_Genes_2023
4				25719208	25721057	1850		Tao_Genes_2023
4				25719208	25721057	1850		Tao_Genes_2023
4	9440	11293	1854	25719212	25721057	1846	8	Calabrese_BMCBioinformatics_2012_低置信;Simone_BMC_Genomics_2011_版本1_766_HSP;UCSC_https://hgdownload.soe.ucsc.edu/goldenPath/hg18/database/
4	745	835	91	26759538	26759538	1	90	Wei_Nature_2022_生殖系
4	6243	12486	6244	27409317	27409317	1	6243	Nyuwa基因组资源NUMTs
4	2899	3050	152	27730424	27730575	152	0	Calabrese_BMCBioinformatics_2012_低置信;Calabrese_BMCBioinformatics_2012_高置信;Daniela_Lascaro_BMC_Genomics_2008;Simone_BMC_Genomics_2011_版本1_766_HSP;Simone_BMC_Genomics_2011_版本2_585_高置信;UCSC_https://hgdownload.soe.ucsc.edu/goldenPath/hg18/database/
4				27730424	27730576	153		Tao_Genes_2023
4				27730424	27730576	153		Tao_Genes_2023
4				27730424	27730576	153		Tao_Genes_2023
4	11345	11480	136	27736342	27736343	2	134	Wei_Nature_2022_生殖系
4	12834	12997	164	29439625	29439625	1	163	Nyuwa基因组资源NUMTs;Wei_Nature_2022_生殖系
4				30884334	30885182	849		Tao_Genes_2023
4				30884334	30885182	849		Tao_Genes_2023
4				30884334	30885182	849		Tao_Genes_2023
4	15139	15925	787	30884397	30885182	786	1	Calabrese_BMCBioinformatics_2012_低置信;Calabrese_BMCBioinformatics_2012_高置信;Simone_BMC_Genomics_2011_版本1_766_HSP;Simone_BMC_Genomics_2011_版本2_585_高置信;UCSC_https://hgdownload.soe.ucsc.edu/goldenPath/hg18/database/
4	1302	12312	11011	31321071	31321087	17	10994	Wei_Nature_2022_生殖系
4	33	16205	16173	32234475	32234475	1	16172	Wei_Nature_2022_肿瘤
4	9256	10598	1343	32378169	32378171	3	1340	Wei_Nature_2022_生殖系
4	5649	5731	83	34668854	34668856	3	80	Wei_Nature_2022_生殖系
4	14846	14947	102	36561840	36561841	2	100	Nyuwa基因组资源NUMTs
4	16379	16404	26	36703493	36703510	18	8	Nyuwa基因组资源NUMTs
4	5904	6035	132	37105375	37105384	10	122	Wei_Nature_2022_生殖系
4	8099	8213	115	37879458	37879459	2	113	Wei_Nature_2022_生殖系
4	8994	9116	123	40245083	40245086	4	119	Wei_Nature_2022_生殖系
4	530	821	292	40841391	40841394	4	288	Wei_Nature_2022_生殖系
4	12196	12258	63	41023226	41023289	64	1	Calabrese_BMCBioinformatics_2012_低置信;Calabrese_BMCBioinformatics_2012_高置信;Simone_BMC_Genomics_2011_版本1_766_HSP;Simone_BMC_Genomics_2011_版本2_585_高置信;UCSC_https://hgdownload.soe.ucsc.edu/goldenPath/hg18/database/
4				41023226	41023297	72		Tao_Genes_2023
4				41023226	41023297	72		Tao_Genes_2023
4				41023226	41023297	72		Tao_Genes_2023
4	10535	13212	2678	42857478	42857484	7	2671	Wei_Nature_2022_生殖系
4	11972	12110	139	43684968	43684979	12	127	Nyuwa基因组资源NUMTs
4	6975	7217	243	45144666	45144666	1	242	Nyuwa基因组资源NUMTs
4				46118143	46118216	74		Tao_Genes_2023
4				46118143	46118216	74		Tao_Genes_2023
4	11477	11543	67	46118149	46118215	67	0	Calabrese_BMCBioinformatics_2012_低置信;Calabrese_BMCBioinformatics_2012_高置信;Simone_BMC_Genomics_2011_版本1_766_HSP;Simone_BMC_Genomics_2011_版本2_585_高置信;UCSC_https://hgdownload.soe.ucsc.edu/goldenPath/hg18/database/
4	6027	6170	144	47387261	47387267	7	137	Nyuwa基因组资源NUMTs
4				47772271	47772365	95		Tao_Genes_2023
4				47772271	47772365	95		Tao_Genes_2023
4				47772271	47772365	95		Tao_Genes_2023
4	14980	15072	93	47772272	47772364	93	0	Calabrese_BMCBioinformatics_2012_低置信;Calabrese_BMCBioinformatics_2012_高置信;Simone_BMC_Genomics_2011_版本1_766_HSP;Simone_BMC_Genomics_2011_版本2_585_高置信;UCSC_https://hgdownload.soe.ucsc.edu/goldenPath/hg18/database/
4	14370	14530	161	49113874	49113876	3	158	Nyuwa基因组资源NUMTs
4				49246017	49246684	668		Tao_Genes_2023
4				49246017	49246684	668		Tao_Genes_2023
4				49246017	49246684	668		Tao_Genes_2023
4				49246017	49246931	915		Tao_Genes_2023
4	9470	10302	833	49246020	49246916	897	64	Calabrese_BMCBioinformatics_2012_低置信;Calabrese_BMCBioinformatics_2012_高置信;Daniela_Lascaro_BMC_Genomics_2008;Simone_BMC_Genomics_2011_版本1_766_HSP;Simone_BMC_Genomics_2011_版本2_585_高置信;UCSC_https://hgdownload.soe.ucsc.edu/goldenPath/hg18/database/
4				49246760	49246931	172		Tao_Genes_2023
4				49246760	49246931	172		Tao_Genes_2023
4				49246760	49246931	172		Tao_Genes_2023
4				49548548	49548719	172		Tao_Genes_2023
4				49548548	49549439	892		Tao_Genes_2023
4				49548548	49549439	892		Tao_Genes_2023
4				49548548	49549439	892		Tao_Genes_2023
4	9470	10302	833	49548563	49549436	874	41	Calabrese_BMCBioinformatics_2012_低置信;Calabrese_BMCBioinformatics_2012_高置信;Daniela_Lascaro_BMC_Genomics_2008;Simone_BMC_Genomics_2011_版本1_766_HSP;Simone_BMC_Genomics_2011_版本2_585_高置信;UCSC_https://hgdownload.soe.ucsc.edu/goldenPath/hg18/database/
4	10568	11186	619	52809184	52809184	1	618	Wei_Nature_2022_生殖系
4			6039	52859795	52859795	1	6038	Nyuwa基因组资源NUMTs
4	12107	12252	146	55298051	55298052	2	144	Wei_Nature_2022_生殖系
4				55328155	55328290	136		Tao_Genes_2023
4				55328155	55328290	136		Tao_Genes_2023
4				55328155	55328290	136		Tao_Genes_2023
4	962	1092	131	55328160	55328290	131	0	Calabrese_BMCBioinformatics_2012_低置信;Calabrese_BMCBioinformatics_2012_高置信;Daniela_Lascaro_BMC_Genomics_2008;Simone_BMC_Genomics_2011_版本1_766_HSP;Simone_BMC_Genomics_2011_版本2_585_高置信;UCSC_https://hgdownload.soe.ucsc.edu/goldenPath/hg18/database/
4	15733	15894	162	56448593	56448597	5	157	Nyuwa基因组资源NUMTs
4	7854	8248	395	56783325	56783325	1	394	Wei_Nature_2022_生殖系
4	335	914	580	57485118	57485120	3	577	Wei_Nature_2022_生殖系
4				60678409	60678465	57		Tao_Genes_2023
4				60678409	60678465	57		Tao_Genes_2023
4				60678409	60678465	57		Tao_Genes_2023
4	317	11211	10895	61173763	61173792	30	10865	Wei_Nature_2022_生殖系
4				64606378	64606595	218		Tao_Genes_2023
4				64606378	64606595	218		Tao_Genes_2023
4				64606378	64606595	218		Tao_Genes_2023
4	9169	9384	216	64606380	64606595	216	0	Calabrese_BMCBioinformatics_2012_低置信;Calabrese_BMCBioinformatics_2012_高置信;Simone_BMC_Genomics_2011_版本1_766_HSP;Simone_BMC_Genomics_2011_版本2_585_高置信;UCSC_https://hgdownload.soe.ucsc.edu/goldenPath/hg18/database/
4	115	426	312	64606702	64607017	316	4	Calabrese_BMCBioinformatics_2012_低置信;Calabrese_BMCBioinformatics_2012_高置信;Simone_BMC_Genomics_2011_版本1_766_HSP;UCSC_https://hgdownload.soe.ucsc.edu/goldenPath/hg18/database/
4	115	16561	16447	64606702	64611882	5181	11266	Simone_BMC_Genomics_2011_版本2_585_高置信
4				64606702	64611888	5187		Tao_Genes_2023
4				64606702	64611888	5187		Tao_Genes_2023
4				64606702	64611888	5187		Tao_Genes_2023
4	13036	16561	3526	64607023	64610541	3519	7	Calabrese_BMCBioinformatics_2012_低置信;Simone_BMC_Genomics_2011_版本1_766_HSP;UCSC_https://hgdownload.soe.ucsc.edu/goldenPath/hg18/database/
4	9478	16561	7084	64607023	64611875	4853	2231	Calabrese_BMCBioinformatics_2012_高置信;Daniela_Lascaro_BMC_Genomics_2008
4	9471	10836	1366	64610543	64611882	1340	26	Calabrese_BMCBioinformatics_2012_低置信;Simone_BMC_Genomics_2011_版本1_766_HSP;UCSC_https://hgdownload.soe.ucsc.edu/goldenPath/hg18/database/
4	5908	5976	69	65608427	65608432	6	63	Wei_Nature_2022_生殖系
4	12227	12339	113	66065344	66065456	113	0	Calabrese_BMCBioinformatics_2012_低置信;Calabrese_BMCBioinformatics_2012_高置信;Simone_BMC_Genomics_2011_版本1_766_HSP;Simone_BMC_Genomics_2011_版本2_585_高置信;UCSC_https://hgdownload.soe.ucsc.edu/goldenPath/hg18/database/
4				66065344	66065461	118		Tao_Genes_2023
4				66065344	66065461	118		Tao_Genes_2023
4				66065344	66065461	118		Tao_Genes_2023
4	1254	1384	131	66340387	66340389	3	128	Wei_Nature_2022_生殖系
4	14949	15030	82	67851158	67851159	2	80	Nyuwa基因组资源NUMTs;Wei_Nature_2022_生殖系
4				68049588	68050453	866		Tao_Genes_2023
4				68049588	68050453	866		Tao_Genes_2023
4				68049588	68050453	866		Tao_Genes_2023
4	4756	5581	826	68049637	68050446	810	16	Calabrese_BMCBioinformatics_2012_低置信;Calabrese_BMCBioinformatics_2012_高置信;Simone_BMC_Genomics_2011_版本1_766_HSP;Simone_BMC_Genomics_2011_版本2_585_高置信;UCSC_https://hgdownload.soe.ucsc.edu/goldenPath/hg18/database/
4	10641	11154	514	68458557	68458560	4	510	Wei_Nature_2022_生殖系
4				68572484	68572619	136		Tao_Genes_2023
4				68572484	68572619	136		Tao_Genes_2023
4				68572484	68572619	136		Tao_Genes_2023
4	7629	7757	129	68572491	68572619	129	0	Calabrese_BMCBioinformatics_2012_低置信;Calabrese_BMCBioinformatics_2012_高置信;Simone_BMC_Genomics_2011_版本1_766_HSP;Simone_BMC_Genomics_2011_版本2_585_高置信;UCSC_https://hgdownload.soe.ucsc.edu/goldenPath/hg18/database/
4	10846	10975	130	72281339	72281341	3	127	Nyuwa基因组资源NUMTs
4	10297	10670	374	72485850	72485893	44	330	Wei_Nature_2022_生殖系
4	5895	6309	415	73651470	73651474	5	410	Wei_Nature_2022_生殖系
4	9781	9921	141	75104057	75104058	2	139	Wei_Nature_2022_生殖系
4	11271	11467	197	76526483	76526484	2	195	Wei_Nature_2022_生殖系
4	166	16246	16081	77443927	77444016	90	15991	Nyuwa基因组资源NUMTs
4				78008512	78008769	258		Tao_Genes_2023
4				78008512	78008769	258		Tao_Genes_2023
4				78008512	78008769	258		Tao_Genes_2023
4	2226	2456	231	78008530	78008761	232	1	Calabrese_BMCBioinformatics_2012_低置信;Calabrese_BMCBioinformatics_2012_高置信;Daniela_Lascaro_BMC_Genomics_2008;Simone_BMC_Genomics_2011_版本1_766_HSP;Simone_BMC_Genomics_2011_版本2_585_高置信;UCSC_https://hgdownload.soe.ucsc.edu/goldenPath/hg18/database/
4	15115	15179	65	78187532	78187596	65	0	Calabrese_BMCBioinformatics_2012_低置信;Calabrese_BMCBioinformatics_2012_高置信;Simone_BMC_Genomics_2011_版本1_766_HSP;Simone_BMC_Genomics_2011_版本2_585_高置信;UCSC_https://hgdownload.soe.ucsc.edu/goldenPath/hg18/database/
4				78187532	78187600	69		Tao_Genes_2023
4				78187532	78187600	69		Tao_Genes_2023
4				78187532	78187600	69		Tao_Genes_2023
4	6167	6167	1	78709571	78709571	1	0	Wei_Nature_2022_肿瘤
4	5539	5613	75	81002218	81002225	8	67	Nyuwa基因组资源NUMTs
4				81733381	81734048	668		Tao_Genes_2023
4				81733381	81734048	668		Tao_Genes_2023
4				81733381	81734048	668		Tao_Genes_2023
4	14931	15578	648	81733389	81734046	658	10	Calabrese_BMCBioinformatics_2012_低置信;Calabrese_BMCBioinformatics_2012_高置信;Simone_BMC_Genomics_2011_版本1_766_HSP;Simone_BMC_Genomics_2011_版本2_585_高置信;UCSC_https://hgdownload.soe.ucsc.edu/goldenPath/hg18/database/
4	11022	11188	167	82695010	82695013	4	163	Nyuwa基因组资源NUMTs;Wei_Nature_2022_生殖系
4				83294402	83294481	80		Tao_Genes_2023
4				83294402	83294481	80		Tao_Genes_2023
4				83294402	83294481	80		Tao_Genes_2023
4	7288	8094	807	84705632	84705634	3	804	Wei_Nature_2022_生殖系
4	14429	14953	525	84813313	84813321	9	516	Wei_Nature_2022_生殖系
4	309	16411	16103	84855135	84855135	1	16102	Wei_Nature_2022_肿瘤
4				86020365	86020473	109		Tao_Genes_2023
4				86020365	86020473	109		Tao_Genes_2023
4				86020365	86020473	109		Tao_Genes_2023
4	6147	6217	71	86138985	86138999	15	56	Nyuwa基因组资源NUMTs;Wei_Nature_2022_生殖系
4			12321	87515576	87515576	1	12320	Nyuwa基因组资源NUMTs
4	3646	3775	130	87676077	87676206	130	0	Calabrese_BMCBioinformatics_2012_低置信;Calabrese_BMCBioinformatics_2012_高置信;Simone_BMC_Genomics_2011_版本1_766_HSP;Simone_BMC_Genomics_2011_版本2_585_高置信;UCSC_https://hgdownload.soe.ucsc.edu/goldenPath/hg18/database/
4				87676077	87676206	130		Tao_Genes_2023
4				87676077	87676206	130		Tao_Genes_2023
4				87676077	87676206	130		Tao_Genes_2023
4	4444	4522	79	87900992	87900995	4	75	Wei_Nature_2022_生殖系
4				89731796	89732017	222		Tao_Genes_2023
4				89731796	89732017	222		Tao_Genes_2023
4				89731796	89732017	222		Tao_Genes_2023
4	2856	3075	220	89731797	89732017	221	1	Calabrese_BMCBioinformatics_2012_低置信;Calabrese_BMCBioinformatics_2012_高置信;Simone_BMC_Genomics_2011_版本1_766_HSP;Simone_BMC_Genomics_2011_版本2_585_高置信;UCSC_https://hgdownload.soe.ucsc.edu/goldenPath/hg18/database/
4	12085	14129	2045	90739275	90739289	15	2030	Wei_Nature_2022_生殖系
4	72	2574	2503	91972734	91972734	1	2502	Wei_Nature_2022_肿瘤
4				92701824	92702657	834		Tao_Genes_2023
4				92701824	92702657	834		Tao_Genes_2023
4				92701824	92702657	834		Tao_Genes_2023
4	2790	3622	833	92701825	92702653	829	4	Calabrese_BMCBioinformatics_2012_低置信;Calabrese_BMCBioinformatics_2012_高置信;Daniela_Lascaro_BMC_Genomics_2008;Simone_BMC_Genomics_2011_版本1_766_HSP;Simone_BMC_Genomics_2011_版本2_585_高置信;UCSC_https://hgdownload.soe.ucsc.edu/goldenPath/hg18/database/
4	13985	14188	204	93297791	93297793	3	201	Wei_Nature_2022_生殖系
4				93817308	93817514	207		Tao_Genes_2023
4				93817308	93817514	207		Tao_Genes_2023
4				93817308	93817514	207		Tao_Genes_2023
4	15855	16029	175	93817332	93817509	178	3	Calabrese_BMCBioinformatics_2012_低置信;Calabrese_BMCBioinformatics_2012_高置信;Simone_BMC_Genomics_2011_版本1_766_HSP;Simone_BMC_Genomics_2011_版本2_585_高置信;UCSC_https://hgdownload.soe.ucsc.edu/goldenPath/hg18/database/
4	5416	15202	9787	94911394	94911400	7	9780	Wei_Nature_2022_生殖系
4	7857	7912	56	95859789	95859789	1	55	Wei_Nature_2022_生殖系
4	1149	1294	146	96011891	96011892	2	144	Nyuwa基因组资源NUMTs
4	12830	12999	170	96468970	96468971	2	168	Wei_Nature_2022_生殖系
4	1855	1923	69	96562772	96562772	1	68	Wei_Nature_2022_生殖系
4	234	15781	15548	97090846	97090846	1	15547	Wei_Nature_2022_生殖系
4	1254	1486	233	97623124	97623124	1	232	Wei_Nature_2022_生殖系
4	91	3095	3005	98091412	98091416	5	3000	Wei_Nature_2022_生殖系
4				98669026	98669131	106		Tao_Genes_2023
4				98669026	98669131	106		Tao_Genes_2023
4				98669026	98669131	106		Tao_Genes_2023
4	11059	11130	72	99318940	99318948	9	63	Nyuwa基因组资源NUMTs
4	14659	15008	350	99597830	99597830	1	349	Wei_Nature_2022_肿瘤
4	9162	9582	421	101259649	101259649	1	420	Wei_Nature_2022_肿瘤
4				101972425	101972726	302		Tao_Genes_2023
4				101972425	101972726	302		Tao_Genes_2023
4				101972425	101972726	302		Tao_Genes_2023
4	9729	9841	113	102146696	102146696	1	112	Wei_Nature_2022_生殖系
4	3248	3366	119	103693045	103693047	3	116	Wei_Nature_2022_生殖系
4	9008	9191	184	104326891	104326892	2	182	Wei_Nature_2022_生殖系
4	12780	13011	232	104504207	104504208	2	230	Wei_Nature_2022_生殖系
4	14519	29038	14520	104523233	104523233	1	14519	Nyuwa基因组资源NUMTs
4	12007	24014	12008	104527045	104527045	1	12007	Nyuwa基因组资源NUMTs
4				107374101	107374407	307		Tao_Genes_2023
4				107374101	107374407	307		Tao_Genes_2023
4				107374101	107374407	307		Tao_Genes_2023
4	9204	9315	112	107374106	107374217	112	0	Calabrese_BMCBioinformatics_2012_低置信;Calabrese_BMCBioinformatics_2012_高置信;Simone_BMC_Genomics_2011_版本1_766_HSP;Simone_BMC_Genomics_2011_版本2_585_高置信;UCSC_https://hgdownload.soe.ucsc.edu/goldenPath/hg18/database/
4	5978	6057	80	107675266	107675267	2	78	Wei_Nature_2022_生殖系
4				107897071	107897137	67		Tao_Genes_2023
4				107897071	107897137	67		Tao_Genes_2023
4				107897071	107897137	67		Tao_Genes_2023
4	3047	3168	122	108406892	108406896	5	117	Wei_Nature_2022_生殖系
4	12626	12808	183	108681339	108681340	2	181	Wei_Nature_2022_生殖系
4			4487	109944452	109944452	1	4486	Nyuwa基因组资源NUMTs
4				110444587	110444658	72		Tao_Genes_2023
4				110444587	110444658	72		Tao_Genes_2023
4				110444587	110444658	72		Tao_Genes_2023
4	8757	8822	66	110444593	110444658	66	0	Calabrese_BMCBioinformatics_2012_低置信;Calabrese_BMCBioinformatics_2012_高置信;Simone_BMC_Genomics_2011_版本1_766_HSP;Simone_BMC_Genomics_2011_版本2_585_高置信;UCSC_https://hgdownload.soe.ucsc.edu/goldenPath/hg18/database/
4	15551	15701	151	110737779	110737779	1	150	Wei_Nature_2022_生殖系
4	6972	15275	8304	112572715	112572720	6	8298	Wei_Nature_2022_生殖系
4	14850	14933	84	113389247	113389248	2	82	Nyuwa基因组资源NUMTs;Wei_Nature_2022_生殖系
4	4064	8128	4065	114712279	114712290	12	4053	Nyuwa基因组资源NUMTs
4	12664	12768	105	115724279	115724279	1	104	Wei_Nature_2022_生殖系
4				116296529	116297101	573		Tao_Genes_2023
4				116296529	116297101	573		Tao_Genes_2023
4				116296529	116297101	573		Tao_Genes_2023
4	16306	16569	264	116296602	116296867	266	2	Calabrese_BMCBioinformatics_2012_低置信;Calabrese_BMCBioinformatics_2012_高置信;Simone_BMC_Genomics_2011_版本1_766_HSP;UCSC_https://hgdownload.soe.ucsc.edu/goldenPath/hg18/database/
4	1	16569	16569	116296602	116300312	3711	12858	Simone_BMC_Genomics_2011_版本2_585_高置信
4			76	116296868	116296948	81	5	UCSC_https://hgdownload.soe.ucsc.edu/goldenPath/hg18/database/
4	132	238	107	116296995	116297101	107	0	Calabrese_BMCBioinformatics_2012_低置信;Simone_BMC_Genomics_2011_版本1_766_HSP;UCSC_https://hgdownload.soe.ucsc.edu/goldenPath/hg18/database/
4				116297740	116300320	2581		Tao_Genes_2023
4				116297740	116300320	2581		Tao_Genes_2023
4				116297740	116300320	2581		Tao_Genes_2023
4	575	3168	2594	116297741	116300312	2572	22	Calabrese_BMCBioinformatics_2012_低置信;Calabrese_BMCBioinformatics_2012_高置信;Daniela_Lascaro_BMC_Genomics_2008;Simone_BMC_Genomics_2011_版本1_766_HSP;UCSC_https://hgdownload.soe.ucsc.edu/goldenPath/hg18/database/
4	4361	4476	116	117109783	117109784	2	114	Nyuwa基因组资源NUMTs
4	11123	11203	81	117215047	117215049	3	78	Wei_Nature_2022_生殖系
4	3707	3848	142	119092325	119092325	1	141	Wei_Nature_2022_生殖系
4	11620	11730	111	119415402	119415402	1	110	Wei_Nature_2022_肿瘤
4	233	3520	3288	119598785	119598801	17	3271	Wei_Nature_2022_生殖系
4	3618	3797	180	119633906	119633907	2	178	Wei_Nature_2022_生殖系
4	10933	11162	230	120006967	120006983	17	213	Wei_Nature_2022_生殖系
4	9106	9175	70	120089871	120089877	7	63	Nyuwa基因组资源NUMTs
4	14	183	170	121731990	121731990	1	169	Wei_Nature_2022_生殖系
4	10042	10526	485	122007547	122007547	1	484	Wei_Nature_2022_肿瘤
4	90	6450	6361	123557382	123557382	1	6360	Wei_Nature_2022_生殖系
4	90	6450	6361	123561955	123561955	1	6360	Wei_Nature_2022_生殖系
4	8027	8154	128	124133471	124133476	6	122	Wei_Nature_2022_生殖系
4	13785	13936	152	125395715	125395720	6	146	Nyuwa基因组资源NUMTs
4	14030	14098	69	126419042	126419044	3	66	Nyuwa基因组资源NUMTs;Wei_Nature_2022_生殖系
4	315	435	121	127425410	127425411	2	119	Wei_Nature_2022_生殖系
4				128081403	128081785	383		Tao_Genes_2023
4				128081403	128081785	383		Tao_Genes_2023
4				128081403	128081785	383		Tao_Genes_2023
4	2008	2388	381	128081405	128081776	372	9	Calabrese_BMCBioinformatics_2012_低置信;Calabrese_BMCBioinformatics_2012_高置信;Daniela_Lascaro_BMC_Genomics_2008;Simone_BMC_Genomics_2011_版本1_766_HSP;Simone_BMC_Genomics_2011_版本2_585_高置信;UCSC_https://hgdownload.soe.ucsc.edu/goldenPath/hg18/database/
4	15128	15184	57	128248489	128248497	9	48	Wei_Nature_2022_生殖系
4	8434	8656	223	128914141	128914141	1	222	Nyuwa基因组资源NUMTs
4	646	768	123	129013755	129013756	2	121	Wei_Nature_2022_生殖系
4	4535	4718	184	129051043	129051044	2	182	Nyuwa基因组资源NUMTs
4			10873	129056530	129056530	1	10872	Nyuwa基因组资源NUMTs
4	3626	3738	113	130549336	130549338	3	110	Nyuwa基因组资源NUMTs
4	15312	15525	214	130704932	130704932	1	213	Nyuwa基因组资源NUMTs;Wei_Nature_2022_生殖系
4	3738	4369	632	130996250	130996250	1	631	Wei_Nature_2022_肿瘤
4				131216385	131216422	38		Tao_Genes_2023
4				131216385	131216422	38		Tao_Genes_2023
4				131216385	131216422	38		Tao_Genes_2023
4	16116	16569	454	134613963	134613963	1	453	Wei_Nature_2022_肿瘤
4	13484	13724	241	134635253	134635257	5	236	Nyuwa基因组资源NUMTs
4	12762	25524	12763	135408112	135408112	1	12762	Nyuwa基因组资源NUMTs
4	5733	15413	9681	136328735	136328736	2	9679	Wei_Nature_2022_生殖系
4	5733	15413	9681	136331562	136331562	1	9680	Wei_Nature_2022_生殖系
4	3069	3166	98	136951660	136951660	1	97	Wei_Nature_2022_肿瘤
4	9769	9894	126	137549283	137549285	3	123	Wei_Nature_2022_生殖系
4	14837	15069	233	139349681	139349681	1	232	Wei_Nature_2022_肿瘤
4	5482	14025	8544	140765349	140765357	9	8535	Wei_Nature_2022_生殖系
4	12286	12350	65	141819560	141819566	7	58	Nyuwa基因组资源NUMTs
4	4535	4710	176	142775498	142775499	2	174	Wei_Nature_2022_生殖系
4	12091	12286	196	144674182	144674182	1	195	Wei_Nature_2022_生殖系
4	9778	9896	119	144843873	144843885	13	106	Wei_Nature_2022_生殖系
4	6702	13100	6399	145681002	145681016	15	6384	Wei_Nature_2022_生殖系
4	3184	3254	71	146200467	146200468	2	69	Nyuwa基因组资源NUMTs
4	3247	6931	3685	146929387	146929389	3	3682	Nyuwa基因组资源NUMTs;Wei_Nature_2022_生殖系
4	5727	5751	25	148742230	148742233	4	21	Nyuwa基因组资源NUMTs;Wei_Nature_2022_生殖系
4	14755	14796	42	150258357	150258357	1	41	Wei_Nature_2022_肿瘤
4	6026	6313	288	152739995	152740004	10	278	Wei_Nature_2022_生殖系
4	10194	10431	238	154614383	154614384	2	236	Wei_Nature_2022_生殖系
4	3176	4259	1084	154999099	154999099	1	1083	Wei_Nature_2022_肿瘤
4				155451615	155466470	14856		Tao_Genes_2023
4				155451615	155466470	14856		Tao_Genes_2023
4				155451615	155466470	14856		Tao_Genes_2023
4	661	15564	14904	155451635	155466470	14836	68	Calabrese_BMCBioinformatics_2012_低置信;Calabrese_BMCBioinformatics_2012_高置信;Daniela_Lascaro_BMC_Genomics_2008;Simone_BMC_Genomics_2011_版本1_766_HSP;Simone_BMC_Genomics_2011_版本2_585_高置信;UCSC_https://hgdownload.soe.ucsc.edu/goldenPath/hg18/database/
4	7432	9650	2219	155772465	155772465	1	2218	Wei_Nature_2022_生殖系
4	2171	2171	1	155979644	155979651	8	7	Wei_Nature_2022_生殖系
4	7432	9650	2219	156030098	156030120	23	2196	Wei_Nature_2022_生殖系
4	7497	7567	71	157631208	157631209	2	69	Nyuwa基因组资源NUMTs
4	11354	11525	172	158044453	158044454	2	170	Wei_Nature_2022_生殖系
4	15134	15294	161	158520783	158520784	2	159	Wei_Nature_2022_生殖系
4				160044585	160044675	91		Tao_Genes_2023
4				160044585	160044675	91		Tao_Genes_2023
4				160044585	160044675	91		Tao_Genes_2023
4	13017	13095	79	160044596	160044674	79	0	Calabrese_BMCBioinformatics_2012_低置信;Calabrese_BMCBioinformatics_2012_高置信;Simone_BMC_Genomics_2011_版本1_766_HSP;Simone_BMC_Genomics_2011_版本2_585_高置信;UCSC_https://hgdownload.soe.ucsc.edu/goldenPath/hg18/database/
4				162421365	162421542	178		Tao_Genes_2023
4				162421365	162421542	178		Tao_Genes_2023
4				162421365	162421542	178		Tao_Genes_2023
4	12250	12417	168	162421374	162421541	168	0	Calabrese_BMCBioinformatics_2012_低置信;Calabrese_BMCBioinformatics_2012_高置信;Daniela_Lascaro_BMC_Genomics_2008;Simone_BMC_Genomics_2011_版本1_766_HSP;Simone_BMC_Genomics_2011_版本2_585_高置信;UCSC_https://hgdownload.soe.ucsc.edu/goldenPath/hg18/database/
4	8919	9005	87	162691877	162691901	25	62	Nyuwa基因组资源NUMTs
4	5758	5864	107	163229039	163229149	111	4	Calabrese_BMCBioinformatics_2012_低置信;Calabrese_BMCBioinformatics_2012_高置信;Simone_BMC_Genomics_2011_版本1_766_HSP;Simone_BMC_Genomics_2011_版本2_585_高置信;UCSC_https://hgdownload.soe.ucsc.edu/goldenPath/hg18/database/
4				163229039	163229149	111		Tao_Genes_2023
4				163229039	163229149	111		Tao_Genes_2023
4				163229039	163229149	111		Tao_Genes_2023
4	10989	11199	211	164475786	164475789	4	207	Nyuwa基因组资源NUMTs
4	9817	11476	1660	166117707	166117721	15	1645	Wei_Nature_2022_生殖系
4	15086	15130	45	166525723	166525729	7	38	Wei_Nature_2022_生殖系
4	11707	11822	116	168843935	168843939	5	111	Wei_Nature_2022_生殖系
4	11171	11232	62	172570401	172570401	1	61	Wei_Nature_2022_生殖系
4	1669	5016	3348	173228901	173228901	1	3347	Wei_Nature_2022_生殖系
4	6189	6275	87	173936455	173936461	7	80	Wei_Nature_2022_生殖系
4	1669	5016	3348	174509509	174509509	1	3347	Wei_Nature_2022_生殖系
4	10953	11278	326	176947793	176947801	9	317	Wei_Nature_2022_生殖系
4			6019	178496733	178496733	1	6018	Nyuwa基因组资源NUMTs
4	7621	7775	155	179069437	179069591	155	0	Calabrese_BMCBioinformatics_2012_低置信;Calabrese_BMCBioinformatics_2012_高置信;Simone_BMC_Genomics_2011_版本1_766_HSP;Simone_BMC_Genomics_2011_版本2_585_高置信;UCSC_https://hgdownload.soe.ucsc.edu/goldenPath/hg18/database/
4				179069437	179069596	160		Tao_Genes_2023
4				179069437	179069596	160		Tao_Genes_2023
4				179069437	179069596	160		Tao_Genes_2023
4	8289	15653	7365	179190305	179190323	19	7346	Wei_Nature_2022_生殖系
4	2544	4985	2442	180616048	180616168	121	2321	Wei_Nature_2022_生殖系
4			4986	180616168	180616168	1	4985	Nyuwa基因组资源NUMTs
4	2544	5037	2494	180618561	180618561	1	2493	Nyuwa基因组资源NUMTs;Wei_Nature_2022_生殖系
4				181237357	181237546	190		Tao_Genes_2023
4				181237357	181237546	190		Tao_Genes_2023
4				181237357	181237546	190		Tao_Genes_2023
4	7187	7370	184	181237363	181237546	184	0	Calabrese_BMCBioinformatics_2012_低置信;Calabrese_BMCBioinformatics_2012_高置信;Simone_BMC_Genomics_2011_版本1_766_HSP;Simone_BMC_Genomics_2011_版本2_585_高置信;UCSC_https://hgdownload.soe.ucsc.edu/goldenPath/hg18/database/
4	13332	15605	2274	183051794	183051796	3	2271	Wei_Nature_2022_生殖系
4	4015	4097	83	184529919	184529924	6	77	Wei_Nature_2022_生殖系
4	729	792	64	185294150	185294213	64	0	Calabrese_BMCBioinformatics_2012_低置信;Calabrese_BMCBioinformatics_2012_高置信;Simone_BMC_Genomics_2011_版本1_766_HSP;Simone_BMC_Genomics_2011_版本2_585_高置信;UCSC_https://hgdownload.soe.ucsc.edu/goldenPath/hg18/database/
4				185294150	185294218	69		Tao_Genes_2023
4				185294150	185294218	69		Tao_Genes_2023
4				185294150	185294218	69		Tao_Genes_2023
4	5188	5289	102	185619391	185619392	2	100	Wei_Nature_2022_生殖系
4	774	917	144	189149943	189149945	3	141	Wei_Nature_2022_生殖系
4	12360	13227	868	189676861	189677088	228	640	Wei_Nature_2022_生殖系
4	16122	16365	244	190106941	190106941	1	243	Wei_Nature_2022_肿瘤
5	14400	14504	105	942637	942639	3	102	Nyuwa基因组资源NUMTs
5	7992	8216	225	1370544	1370768	225	0	Calabrese_BMCBioinformatics_2012_低置信;Calabrese_BMCBioinformatics_2012_高置信;Simone_BMC_Genomics_2011_版本1_766_HSP;Simone_BMC_Genomics_2011_版本2_585_高置信;UCSC_https://hgdownload.soe.ucsc.edu/goldenPath/hg18/database/
5				1370544	1370936	393		Tao_Genes_2023
5				1370544	1370936	393		Tao_Genes_2023
5				1370544	1370936	393		Tao_Genes_2023
5	1023	1197	175	2553400	2553401	2	173	Wei_Nature_2022_生殖系
5	1987	2147	161	2638924	2638925	2	159	Wei_Nature_2022_生殖系
5	3589	3737	149	3825900	3825906	7	142	Nyuwa基因组资源NUMTs
5	2095	2204	110	3842789	3842827	39	71	Wei_Nature_2022_生殖系
5	8471	8588	118	4580413	4580415	3	115	Wei_Nature_2022_生殖系
5				5395378	5395958	581		Tao_Genes_2023
5				5395378	5395958	581		Tao_Genes_2023
5				5395378	5395958	581		Tao_Genes_2023
5	6597	7153	557	5395380	5395937	558	1	Calabrese_BMCBioinformatics_2012_低置信;Calabrese_BMCBioinformatics_2012_高置信;Daniela_Lascaro_BMC_Genomics_2008;Simone_BMC_Genomics_2011_版本1_766_HSP;Simone_BMC_Genomics_2011_版本2_585_高置信;UCSC_https://hgdownload.soe.ucsc.edu/goldenPath/hg18/database/
5	6954	7956	1003	5395969	5396968	1000	3	Calabrese_BMCBioinformatics_2012_低置信;Calabrese_BMCBioinformatics_2012_高置信;Daniela_Lascaro_BMC_Genomics_2008;Simone_BMC_Genomics_2011_版本1_766_HSP;Simone_BMC_Genomics_2011_版本2_585_高置信;UCSC_https://hgdownload.soe.ucsc.edu/goldenPath/hg18/database/
5				5395969	5396970	1002		Tao_Genes_2023
5				5395969	5396970	1002		Tao_Genes_2023
5				5395969	5396970	1002		Tao_Genes_2023
5				8416607	8416776	170		Tao_Genes_2023
5				8416607	8416776	170		Tao_Genes_2023
5				8416607	8416776	170		Tao_Genes_2023
5				8618571	8621281	2711		Tao_Genes_2023
5				8618571	8621281	2711		Tao_Genes_2023
5				8618571	8621281	2711		Tao_Genes_2023
5	14146	16569	2424	8618577	8621019	2443	19	Calabrese_BMCBioinformatics_2012_低置信;Calabrese_BMCBioinformatics_2012_高置信;Daniela_Lascaro_BMC_Genomics_2008;Simone_BMC_Genomics_2011_版本1_766_HSP;UCSC_https://hgdownload.soe.ucsc.edu/goldenPath/hg18/database/
5	1	16569	16569	8618577	8622573	3997	12572	Simone_BMC_Genomics_2011_版本2_585_高置信
5	1	239	239	8621020	8621260	241	2	Calabrese_BMCBioinformatics_2012_低置信;Simone_BMC_Genomics_2011_版本1_766_HSP
5			239	8621020	8621260	241	2	UCSC_https://hgdownload.soe.ucsc.edu/goldenPath/hg18/database/
5	1	1087	1087	8621020	8622573	1554	467	Calabrese_BMCBioinformatics_2012_高置信
5				8622069	8622573	505		Tao_Genes_2023
5				8622069	8622573	505		Tao_Genes_2023
5				8622069	8622573	505		Tao_Genes_2023
5	597	1087	491	8622089	8622573	485	6	Calabrese_BMCBioinformatics_2012_低置信;Daniela_Lascaro_BMC_Genomics_2008;Simone_BMC_Genomics_2011_版本1_766_HSP;UCSC_https://hgdownload.soe.ucsc.edu/goldenPath/hg18/database/
5	3015	3167	153	9738370	9738377	8	145	Wei_Nature_2022_生殖系
5	7830	15660	7831	12438417	12438417	1	7830	Nyuwa基因组资源NUMTs
5	10203	12397	2195	12526710	12526711	2	2193	Nyuwa基因组资源NUMTs
5	12734	12896	163	13548383	13548385	3	160	Wei_Nature_2022_生殖系
5	3481	9247	5767	14248365	14248367	3	5764	Wei_Nature_2022_生殖系
5	9317	9383	67	14795816	14795818	3	64	Nyuwa基因组资源NUMTs
5	8406	11379	2974	14977997	14977997	1	2973	Wei_Nature_2022_生殖系
5	3792	4052	261	18360786	18360960	175	86	Wei_Nature_2022_生殖系
5	14898	15015	118	18457220	18457337	118	0	Calabrese_BMCBioinformatics_2012_低置信;Calabrese_BMCBioinformatics_2012_高置信;Simone_BMC_Genomics_2011_版本1_766_HSP;Simone_BMC_Genomics_2011_版本2_585_高置信;UCSC_https://hgdownload.soe.ucsc.edu/goldenPath/hg18/database/
5				18457220	18457337	118		Tao_Genes_2023
5				18457220	18457337	118		Tao_Genes_2023
5				18457220	18457337	118		Tao_Genes_2023
5	12381	12569	189	18740199	18740200	2	187	Nyuwa基因组资源NUMTs
5	16033	16128	96	20610632	20610632	1	95	Wei_Nature_2022_生殖系
5			3474	20702535	20702535	1	3473	Nyuwa基因组资源NUMTs
5	73	3473	3401	20702535	20702537	3	3398	Wei_Nature_2022_生殖系
5				20834692	20834802	111		Tao_Genes_2023
5				20834692	20834802	111		Tao_Genes_2023
5				20834692	20834802	111		Tao_Genes_2023
5	10991	11180	190	20895853	20895854	2	188	Wei_Nature_2022_生殖系
5	6141	15752	9612	20932461	20932461	1	9611	Wei_Nature_2022_肿瘤
5	11875	11971	97	24465808	24465816	9	88	Wei_Nature_2022_生殖系
5	4178	5913	1736	24940825	24940825	1	1735	Wei_Nature_2022_肿瘤
5			2465	26813361	26813361	1	2464	Nyuwa基因组资源NUMTs
5	73	2464	2392	26813361	26813371	11	2381	Wei_Nature_2022_生殖系
5	2089	2311	223	27766226	27766226	1	222	Wei_Nature_2022_肿瘤
5	6890	6954	65	27769083	27769086	4	61	Wei_Nature_2022_生殖系
5	2824	2917	94	28004248	28004250	3	91	Nyuwa基因组资源NUMTs
5	13372	13444	73	29533605	29533677	73	0	Calabrese_BMCBioinformatics_2012_低置信;Calabrese_BMCBioinformatics_2012_高置信;Simone_BMC_Genomics_2011_版本1_766_HSP;Simone_BMC_Genomics_2011_版本2_585_高置信;UCSC_https://hgdownload.soe.ucsc.edu/goldenPath/hg18/database/
5				29533605	29533677	73		Tao_Genes_2023
5				29533605	29533677	73		Tao_Genes_2023
5				29533605	29533677	73		Tao_Genes_2023
5	9136	9210	75	29766200	29766209	10	65	Nyuwa基因组资源NUMTs
5	6175	9681	3507	30944996	30944996	1	3506	Wei_Nature_2022_生殖系
5				31065990	31066102	113		Tao_Genes_2023
5				31065990	31066102	113		Tao_Genes_2023
5				31065990	31066102	113		Tao_Genes_2023
5	8603	12673	4071	32022705	32022705	1	4070	Wei_Nature_2022_生殖系
5	8603	12673	4071	32024209	32024209	1	4070	Wei_Nature_2022_生殖系
5	10973	11178	206	32284921	32284925	5	201	Wei_Nature_2022_生殖系
5	12714	14830	2117	32338477	32338477	1	2116	Wei_Nature_2022_生殖系
5	12714	25428	12715	32338477	32338477	1	12714	Nyuwa基因组资源NUMTs
5	8085	8235	151	34297605	34297609	5	146	Nyuwa基因组资源NUMTs
5	4853	5319	467	34519517	34519517	1	466	Wei_Nature_2022_肿瘤
5				35238346	35238478	133		Tao_Genes_2023
5				35238346	35238478	133		Tao_Genes_2023
5				35238346	35238478	133		Tao_Genes_2023
5	6133	6133	1	35915704	35915704	1	0	Wei_Nature_2022_生殖系
5	5887	5999	113	36528788	36528790	3	110	Wei_Nature_2022_生殖系
5	10208	20416	10209	38402670	38402673	4	10205	Nyuwa基因组资源NUMTs
5	1981	2099	119	39743792	39743794	3	116	Wei_Nature_2022_生殖系
5	240	11891	11652	41506137	41506145	9	11643	Wei_Nature_2022_生殖系
5	5141	5213	73	41948554	41948555	2	71	Wei_Nature_2022_生殖系
5	15309	15956	648	42703432	42704360	929	281	Wei_Nature_2022_生殖系
5	11010	11637	628	43798196	43798200	5	623	Wei_Nature_2022_生殖系
5	9494	14111	4618	44187293	44187302	10	4608	Wei_Nature_2022_生殖系
5	13698	13844	147	44555190	44555191	2	145	Nyuwa基因组资源NUMTs
5	4811	5029	219	45884804	45884806	3	216	Wei_Nature_2022_生殖系
5	2789	3237	449	50234893	50234893	1	448	Wei_Nature_2022_肿瘤
5	1234	1303	70	50962541	50962541	1	69	Wei_Nature_2022_生殖系
5	2052	16242	14191	51895029	51895309	281	13910	Nyuwa基因组资源NUMTs;Wei_Nature_2022_生殖系
5	4604	5608	1005	52887693	52887694	2	1003	Wei_Nature_2022_生殖系
5	15897	16326	430	53044510	53044516	7	423	Wei_Nature_2022_生殖系
5	11574	11692	119	56619883	56619885	3	116	Nyuwa基因组资源NUMTs
5	8550	11420	2871	56811073	56811090	18	2853	Wei_Nature_2022_生殖系
5				56863573	56863674	102		Tao_Genes_2023
5				56863573	56863674	102		Tao_Genes_2023
5				56863573	56863674	102		Tao_Genes_2023
5	1758	13064	11307	57186140	57186140	1	11306	Wei_Nature_2022_生殖系
5	1758	13064	11307	57290613	57290613	1	11306	Wei_Nature_2022_生殖系
5				57534047	57534150	104		Tao_Genes_2023
5				57534047	57534150	104		Tao_Genes_2023
5				57534047	57534150	104		Tao_Genes_2023
5	4695	4932	238	57750526	57750530	5	233	Wei_Nature_2022_生殖系
5	203	302	100	59066864	59066875	12	88	Nyuwa基因组资源NUMTs
5	14021	14396	376	59577706	59577706	1	375	Wei_Nature_2022_肿瘤
5	16129	16569	441	59578978	59578978	1	440	Wei_Nature_2022_肿瘤
5	5617	5811	195	59860375	59860376	2	193	Nyuwa基因组资源NUMTs
5	7635	8078	444	60017438	60017479	42	402	Wei_Nature_2022_生殖系
5	249	367	119	60529859	60529866	8	111	Wei_Nature_2022_生殖系
5				60761531	60762024	494		Tao_Genes_2023
5				60761531	60762024	494		Tao_Genes_2023
5				60761531	60762024	494		Tao_Genes_2023
5	3822	4308	487	60761539	60762024	486	1	Calabrese_BMCBioinformatics_2012_低置信;Calabrese_BMCBioinformatics_2012_高置信;Daniela_Lascaro_BMC_Genomics_2008;Simone_BMC_Genomics_2011_版本1_766_HSP;Simone_BMC_Genomics_2011_版本2_585_高置信;UCSC_https://hgdownload.soe.ucsc.edu/goldenPath/hg18/database/
5	16152	16413	262	61847037	61847037	1	261	Wei_Nature_2022_肿瘤
5	781	1298	518	63203163	63203169	7	511	Wei_Nature_2022_生殖系
5	4421	4986	566	65266184	65266184	1	565	Wei_Nature_2022_肿瘤
5	11724	11866	143	66884349	66884353	5	138	Wei_Nature_2022_生殖系
5	3115	3223	109	68375256	68375256	1	108	Wei_Nature_2022_生殖系
5				69600403	69600479	77		Tao_Genes_2023
5				69600403	69600479	77		Tao_Genes_2023
5				69600403	69600479	77		Tao_Genes_2023
5				70455546	70455622	77		Tao_Genes_2023
5				70455546	70455622	77		Tao_Genes_2023
5				71027396	71027472	77		Tao_Genes_2023
5				71027396	71027472	77		Tao_Genes_2023
5				71027396	71027472	77		Tao_Genes_2023
5				72027340	72027487	148		Tao_Genes_2023
5				72027340	72027487	148		Tao_Genes_2023
5				72027340	72027487	148		Tao_Genes_2023
5				72616911	72617068	158		Tao_Genes_2023
5				72616911	72617068	158		Tao_Genes_2023
5				72616911	72617068	158		Tao_Genes_2023
5	94	16168	16075	72884941	72884941	1	16074	Wei_Nature_2022_肿瘤
5				73239312	73239464	153		Tao_Genes_2023
5				73239312	73239464	153		Tao_Genes_2023
5				73239312	73239464	153		Tao_Genes_2023
5	15841	15925	85	73239368	73239452	85	0	Calabrese_BMCBioinformatics_2012_低置信;Calabrese_BMCBioinformatics_2012_高置信;Simone_BMC_Genomics_2011_版本1_766_HSP;Simone_BMC_Genomics_2011_版本2_585_高置信;UCSC_https://hgdownload.soe.ucsc.edu/goldenPath/hg18/database/
5	14049	14117	69	73400011	73400018	8	61	Wei_Nature_2022_生殖系
5				73625288	73625351	64		Tao_Genes_2023
5				73625288	73625351	64		Tao_Genes_2023
5				73625288	73625351	64		Tao_Genes_2023
5	10801	10841	41	73775892	73775932	41	0	Calabrese_BMCBioinformatics_2012_低置信;Calabrese_BMCBioinformatics_2012_高置信;Simone_BMC_Genomics_2011_版本1_766_HSP;Simone_BMC_Genomics_2011_版本2_585_高置信;UCSC_https://hgdownload.soe.ucsc.edu/goldenPath/hg18/database/
5				73775892	73775932	41		Tao_Genes_2023
5				73775892	73775932	41		Tao_Genes_2023
5				73775892	73775932	41		Tao_Genes_2023
5	112	16491	16380	74910710	74910717	8	16372	Wei_Nature_2022_生殖系
5	839	906	68	75720979	75720986	8	60	Wei_Nature_2022_生殖系
5	8681	14022	5342	77684187	77684195	9	5333	Wei_Nature_2022_生殖系
5				79401441	79401571	131		Tao_Genes_2023
5				79401441	79401571	131		Tao_Genes_2023
5				79401441	79401571	131		Tao_Genes_2023
5	16409	16535	127	79457278	79457282	5	122	Wei_Nature_2022_生殖系
5				79999183	79999345	163		Tao_Genes_2023
5				79999183	79999345	163		Tao_Genes_2023
5				79999183	79999345	163		Tao_Genes_2023
5	341	2697	2357	80650022	80652368	2347	10	Calabrese_BMCBioinformatics_2012_低置信;Calabrese_BMCBioinformatics_2012_高置信;Daniela_Lascaro_BMC_Genomics_2008;Simone_BMC_Genomics_2011_版本1_766_HSP;Simone_BMC_Genomics_2011_版本2_585_高置信;UCSC_https://hgdownload.soe.ucsc.edu/goldenPath/hg18/database/
5				80650022	80652378	2357		Tao_Genes_2023
5				80650022	80652378	2357		Tao_Genes_2023
5				80650022	80652378	2357		Tao_Genes_2023
5	10686	10751	66	81789194	81789194	1	65	Wei_Nature_2022_生殖系
5	14079	14166	88	84962757	84962762	6	82	Wei_Nature_2022_生殖系
5				85085575	85085621	47		Tao_Genes_2023
5				85085575	85085621	47		Tao_Genes_2023
5				85085575	85085621	47		Tao_Genes_2023
5				85237535	85238065	531		Tao_Genes_2023
5				85237535	85238065	531		Tao_Genes_2023
5				85237535	85238065	531		Tao_Genes_2023
5	15478	16005	528	85237550	85238064	515	13	Calabrese_BMCBioinformatics_2012_低置信;Calabrese_BMCBioinformatics_2012_高置信;Simone_BMC_Genomics_2011_版本1_766_HSP;Simone_BMC_Genomics_2011_版本2_585_高置信;UCSC_https://hgdownload.soe.ucsc.edu/goldenPath/hg18/database/
5	10123	10192	70	85473017	85473018	2	68	Wei_Nature_2022_生殖系
5	8430	8639	210	85872953	85872960	8	202	Wei_Nature_2022_生殖系
5				87187722	87187787	66		Tao_Genes_2023
5				87187722	87187787	66		Tao_Genes_2023
5				87187722	87187787	66		Tao_Genes_2023
5	9989	10044	56	87187732	87187787	56	0	Calabrese_BMCBioinformatics_2012_低置信;Calabrese_BMCBioinformatics_2012_高置信;Simone_BMC_Genomics_2011_版本1_766_HSP;Simone_BMC_Genomics_2011_版本2_585_高置信;UCSC_https://hgdownload.soe.ucsc.edu/goldenPath/hg18/database/
5	4987	5838	852	88451515	88451521	7	845	Wei_Nature_2022_生殖系
5	3904	3988	85	88847453	88847457	5	80	Nyuwa基因组资源NUMTs
5	9805	16473	6669	91198869	91198873	5	6664	Wei_Nature_2022_生殖系
5	11685	11800	116	92512247	92512266	20	96	Wei_Nature_2022_生殖系
5	4536	4632	97	93429172	93429183	12	85	Wei_Nature_2022_生殖系
5				94183136	94183267	132		Tao_Genes_2023
5				94183136	94183267	132		Tao_Genes_2023
5				94183136	94183267	132		Tao_Genes_2023
5	8412	8542	131	94183137	94183267	131	0	Calabrese_BMCBioinformatics_2012_低置信;Calabrese_BMCBioinformatics_2012_高置信;Simone_BMC_Genomics_2011_版本1_766_HSP;Simone_BMC_Genomics_2011_版本2_585_高置信;UCSC_https://hgdownload.soe.ucsc.edu/goldenPath/hg18/database/
5	14214	14214	1	94567443	94569614	2172	2171	Wei_Nature_2022_生殖系
5				94567454	94570929	3476		Tao_Genes_2023
5				94567454	94570929	3476		Tao_Genes_2023
5				94567454	94570929	3476		Tao_Genes_2023
5	12662	16124	3463	94567456	94570918	3463	0	Calabrese_BMCBioinformatics_2012_低置信;Calabrese_BMCBioinformatics_2012_高置信;Daniela_Lascaro_BMC_Genomics_2008;Simone_BMC_Genomics_2011_版本1_766_HSP;Simone_BMC_Genomics_2011_版本2_585_高置信;UCSC_https://hgdownload.soe.ucsc.edu/goldenPath/hg18/database/
5	2544	2685	142	95034474	95034477	4	138	Wei_Nature_2022_生殖系
5	16059	16267	209	96691167	96691171	5	204	Wei_Nature_2022_生殖系
5	14414	16032	1619	97677393	97679010	1618	1	Calabrese_BMCBioinformatics_2012_低置信;Simone_BMC_Genomics_2011_版本1_766_HSP;UCSC_https://hgdownload.soe.ucsc.edu/goldenPath/hg18/database/
5				97677393	97679010	1618		Tao_Genes_2023
5				97677393	97679010	1618		Tao_Genes_2023
5				97677393	97679010	1618		Tao_Genes_2023
5	13892	16032	2141	97677393	97685278	7886	5745	Calabrese_BMCBioinformatics_2012_高置信;Simone_BMC_Genomics_2011_版本2_585_高置信
5				97684840	97685372	533		Tao_Genes_2023
5				97684840	97685372	533		Tao_Genes_2023
5				97684840	97685372	533		Tao_Genes_2023
5	13892	14321	430	97684851	97685278	428	2	Calabrese_BMCBioinformatics_2012_低置信;Simone_BMC_Genomics_2011_版本1_766_HSP;UCSC_https://hgdownload.soe.ucsc.edu/goldenPath/hg18/database/
5				98409680	98411810	2131		Tao_Genes_2023
5				98409680	98411810	2131		Tao_Genes_2023
5				98409680	98411810	2131		Tao_Genes_2023
5	5916	7992	2077	98409694	98411780	2087	10	Calabrese_BMCBioinformatics_2012_低置信;Calabrese_BMCBioinformatics_2012_高置信;Daniela_Lascaro_BMC_Genomics_2008;Simone_BMC_Genomics_2011_版本1_766_HSP;Simone_BMC_Genomics_2011_版本2_585_高置信;UCSC_https://hgdownload.soe.ucsc.edu/goldenPath/hg18/database/
5	6238	9784	3547	99187253	99187253	1	3546	Wei_Nature_2022_生殖系
5				100045936	100055049	9114		Tao_Genes_2023
5				100045936	100055049	9114		Tao_Genes_2023
5				100045936	100055049	9114		Tao_Genes_2023
5	6117	15183	9067	100045938	100055045	9108	41	Calabrese_BMCBioinformatics_2012_低置信;Calabrese_BMCBioinformatics_2012_高置信;Daniela_Lascaro_BMC_Genomics_2008;Simone_BMC_Genomics_2011_版本1_766_HSP;Simone_BMC_Genomics_2011_版本2_585_高置信;UCSC_https://hgdownload.soe.ucsc.edu/goldenPath/hg18/database/
5	1795	8790	6996	101799071	101799093	23	6973	Wei_Nature_2022_生殖系
5	10739	16375	5637	103047141	103047520	380	5257	Wei_Nature_2022_生殖系
5	14182	14288	107	104577704	104577704	1	106	Wei_Nature_2022_生殖系
5				105145483	105145539	57		Tao_Genes_2023
5				105145483	105145539	57		Tao_Genes_2023
5				105145483	105145539	57		Tao_Genes_2023
5	16500	33000	16501	106291803	106291803	1	16500	Nyuwa基因组资源NUMTs
5			2228	106292609	106292609	1	2227	Nyuwa基因组资源NUMTs
5				106553360	106553537	178		Tao_Genes_2023
5				106553360	106553537	178		Tao_Genes_2023
5				106553360	106553537	178		Tao_Genes_2023
5	14660	14829	170	106553363	106553532	170	0	Calabrese_BMCBioinformatics_2012_低置信;Calabrese_BMCBioinformatics_2012_高置信;Simone_BMC_Genomics_2011_版本1_766_HSP;Simone_BMC_Genomics_2011_版本2_585_高置信;UCSC_https://hgdownload.soe.ucsc.edu/goldenPath/hg18/database/
5	6429	6515	87	107620364	107620368	5	82	Nyuwa基因组资源NUMTs
5	5849	10890	5042	108649552	108649553	2	5040	Wei_Nature_2022_生殖系
5	9905	10575	671	108730787	108730790	4	667	Wei_Nature_2022_生殖系
5	7975	11846	3872	109328381	109328381	1	3871	Wei_Nature_2022_生殖系
5	10995	13833	2839	109354003	109354481	479	2360	Wei_Nature_2022_生殖系
5	12786	12892	107	111028155	111028161	7	100	Wei_Nature_2022_生殖系
5	3697	3751	55	114266884	114266885	2	53	Wei_Nature_2022_生殖系
5	2002	2073	72	114288727	114288731	5	67	Nyuwa基因组资源NUMTs
5	5629	5836	208	115307237	115307239	3	205	Nyuwa基因组资源NUMTs;Wei_Nature_2022_生殖系
5	2836	2913	78	115316569	115316577	9	69	Nyuwa基因组资源NUMTs;Wei_Nature_2022_生殖系
5				116804719	116804820	102		Tao_Genes_2023
5				116804719	116804820	102		Tao_Genes_2023
5				116804719	116804820	102		Tao_Genes_2023
5	2639	2712	74	118106170	118106370	201	127	Wei_Nature_2022_生殖系
5	2003	2058	56	119127399	119127454	56	0	Calabrese_BMCBioinformatics_2012_低置信;Calabrese_BMCBioinformatics_2012_高置信;Simone_BMC_Genomics_2011_版本1_766_HSP;Simone_BMC_Genomics_2011_版本2_585_高置信;UCSC_https://hgdownload.soe.ucsc.edu/goldenPath/hg18/database/
5				119127399	119127454	56		Tao_Genes_2023
5				119127399	119127454	56		Tao_Genes_2023
5				119127399	119127454	56		Tao_Genes_2023
5	9932	15922	5991	120113781	120113784	4	5987	Wei_Nature_2022_生殖系
5	6171	6330	160	120597298	120597298	1	159	Wei_Nature_2022_生殖系
5	8488	8605	118	120621725	120621727	3	115	Nyuwa基因组资源NUMTs
5	10899	15556	4658	120869900	120869900	1	4657	Wei_Nature_2022_生殖系
5	16104	16393	290	120943020	120943020	1	289	Wei_Nature_2022_肿瘤
5				121030982	121031324	343		Tao_Genes_2023
5				121030982	121031324	343		Tao_Genes_2023
5				121030982	121031324	343		Tao_Genes_2023
5	383	708	326	121030987	121031317	331	5	Calabrese_BMCBioinformatics_2012_低置信;Calabrese_BMCBioinformatics_2012_高置信;Daniela_Lascaro_BMC_Genomics_2008;Simone_BMC_Genomics_2011_版本1_766_HSP;Simone_BMC_Genomics_2011_版本2_585_高置信;UCSC_https://hgdownload.soe.ucsc.edu/goldenPath/hg18/database/
5				122338835	122338973	139		Tao_Genes_2023
5				122338835	122338973	139		Tao_Genes_2023
5				122338835	122338973	139		Tao_Genes_2023
5	11854	11988	135	122338839	122338973	135	0	Calabrese_BMCBioinformatics_2012_低置信;Calabrese_BMCBioinformatics_2012_高置信;Simone_BMC_Genomics_2011_版本1_766_HSP;Simone_BMC_Genomics_2011_版本2_585_高置信;UCSC_https://hgdownload.soe.ucsc.edu/goldenPath/hg18/database/
5	4343	4457	115	122573953	122573956	4	111	Wei_Nature_2022_生殖系
5				122607653	122607722	70		Tao_Genes_2023
5				122607653	122607722	70		Tao_Genes_2023
5				122607653	122607722	70		Tao_Genes_2023
5				123760199	123760534	336		Tao_Genes_2023
5				123760199	123760534	336		Tao_Genes_2023
5				123760199	123760534	336		Tao_Genes_2023
5	128	455	328	123760203	123760533	331	3	Calabrese_BMCBioinformatics_2012_低置信;Simone_BMC_Genomics_2011_版本1_766_HSP;UCSC_https://hgdownload.soe.ucsc.edu/goldenPath/hg18/database/
5	390	1537	1148	123760541	123761766	1226	78	Calabrese_BMCBioinformatics_2012_低置信;Calabrese_BMCBioinformatics_2012_高置信;Daniela_Lascaro_BMC_Genomics_2008;Simone_BMC_Genomics_2011_版本1_766_HSP;Simone_BMC_Genomics_2011_版本2_585_高置信;UCSC_https://hgdownload.soe.ucsc.edu/goldenPath/hg18/database/
5				123760788	123761769	982		Tao_Genes_2023
5				123760788	123761769	982		Tao_Genes_2023
5				123760788	123761769	982		Tao_Genes_2023
5	15522	15707	186	123777731	123777732	2	184	Wei_Nature_2022_生殖系
5	818	896	79	123785789	123785792	4	75	Nyuwa基因组资源NUMTs
5	4509	4698	190	123983398	123983399	2	188	Nyuwa基因组资源NUMTs
5	5324	5415	92	125820539	125820541	3	89	Wei_Nature_2022_生殖系
5	15637	15783	147	128291779	128291780	2	145	Nyuwa基因组资源NUMTs
5	8194	15551	7358	128797678	128797879	202	7156	Wei_Nature_2022_生殖系
5			8195	128797680	128797680	1	8194	Nyuwa基因组资源NUMTs
5	12313	12313	1	128800895	128800895	1	0	Wei_Nature_2022_生殖系
5	12313	24626	12314	128800895	128800895	1	12313	Nyuwa基因组资源NUMTs
5	801	934	134	128815788	128815794	7	127	Wei_Nature_2022_生殖系
5	6792	6923	132	130214860	130214860	1	131	Wei_Nature_2022_生殖系
5	9813	9874	62	131334195	131334195	1	61	Wei_Nature_2022_生殖系
5	15906	15984	79	134009860	134009860	1	78	Wei_Nature_2022_生殖系
5	15707	15846	140	134197658	134197659	2	138	Wei_Nature_2022_生殖系
5	10565	21130	10566	134648604	134648604	1	10565	Nyuwa基因组资源NUMTs
5	10885	10914	30	134923309	134928516	5208	5178	Wei_Nature_2022_生殖系
5	10270	15488	5219	134923309	134928527	5219	0	Calabrese_BMCBioinformatics_2012_低置信;Calabrese_BMCBioinformatics_2012_高置信;Daniela_Lascaro_BMC_Genomics_2008;Simone_BMC_Genomics_2011_版本1_766_HSP;Simone_BMC_Genomics_2011_版本2_585_高置信;UCSC_https://hgdownload.soe.ucsc.edu/goldenPath/hg18/database/
5				134923309	134928527	5219		Tao_Genes_2023
5				134923309	134928527	5219		Tao_Genes_2023
5				134923309	134928527	5219		Tao_Genes_2023
5	10914	10980	67	134927713	134927815	103	36	Nyuwa基因组资源NUMTs
5				137305094	137305229	136		Tao_Genes_2023
5				137305094	137305229	136		Tao_Genes_2023
5				137305094	137305229	136		Tao_Genes_2023
5	9108	9230	123	137305100	137305220	121	2	Calabrese_BMCBioinformatics_2012_低置信;Calabrese_BMCBioinformatics_2012_高置信;Simone_BMC_Genomics_2011_版本1_766_HSP;Simone_BMC_Genomics_2011_版本2_585_高置信;UCSC_https://hgdownload.soe.ucsc.edu/goldenPath/hg18/database/
5	44	189	146	137311746	137311747	2	144	Wei_Nature_2022_生殖系
5			190	137311747	137311747	1	189	Nyuwa基因组资源NUMTs
5	11660	11770	111	137621824	137621828	5	106	Nyuwa基因组资源NUMTs
5	7302	7397	96	140245929	140245930	2	94	Wei_Nature_2022_生殖系
5	7762	8392	631	140276780	140276842	63	568	Wei_Nature_2022_生殖系
5	7762	8392	631	140278440	140278562	123	508	Wei_Nature_2022_生殖系
5	8431	8580	150	141351570	141351573	4	146	Wei_Nature_2022_生殖系
5	571	678	108	141737189	141737191	3	105	Wei_Nature_2022_生殖系
5	2002	2136	135	142097674	142097678	5	130	Nyuwa基因组资源NUMTs
5	15177	15510	334	144790240	144790245	6	328	Nyuwa基因组资源NUMTs;Wei_Nature_2022_生殖系
5				145293638	145293795	158		Tao_Genes_2023
5				145293638	145293795	158		Tao_Genes_2023
5				145293638	145293795	158		Tao_Genes_2023
5	2035	2157	123	146538398	146538398	1	122	Nyuwa基因组资源NUMTs;Wei_Nature_2022_生殖系
5	319	392	74	149591677	149591678	2	72	Wei_Nature_2022_生殖系
5	7766	7884	119	151661465	151661466	2	117	Wei_Nature_2022_生殖系
5	13133	13200	68	156740553	156740554	2	66	Wei_Nature_2022_生殖系
5	12812	12946	135	159076839	159076841	3	132	Nyuwa基因组资源NUMTs
5	13507	13574	68	159867695	159867708	14	54	Wei_Nature_2022_生殖系
5	12941	13054	114	160142749	160142752	4	110	Wei_Nature_2022_生殖系
5	16457	16569	113	162214456	162214456	1	112	Wei_Nature_2022_生殖系
5				163009417	163009707	291		Tao_Genes_2023
5				163009417	163009707	291		Tao_Genes_2023
5				163009417	163009707	291		Tao_Genes_2023
5	729	918	190	163009429	163009619	191	1	Calabrese_BMCBioinformatics_2012_低置信;Calabrese_BMCBioinformatics_2012_高置信;Simone_BMC_Genomics_2011_版本1_766_HSP;Simone_BMC_Genomics_2011_版本2_585_高置信;UCSC_https://hgdownload.soe.ucsc.edu/goldenPath/hg18/database/
5	10676	10763	88	163009619	163009706	88	0	Calabrese_BMCBioinformatics_2012_低置信;Calabrese_BMCBioinformatics_2012_高置信;Simone_BMC_Genomics_2011_版本1_766_HSP;Simone_BMC_Genomics_2011_版本2_585_高置信;UCSC_https://hgdownload.soe.ucsc.edu/goldenPath/hg18/database/
5	10358	20716	10359	163402713	163402717	5	10354	Nyuwa基因组资源NUMTs
5				165325553	165325656	104		Tao_Genes_2023
5				165325553	165325656	104		Tao_Genes_2023
5				165325553	165325656	104		Tao_Genes_2023
5	2950	3093	144	165898096	165898099	4	140	Wei_Nature_2022_生殖系
5	9719	9850	132	166509686	166509688	3	129	Wei_Nature_2022_生殖系
5	12146	12188	43	166530419	166530461	43	0	Calabrese_BMCBioinformatics_2012_低置信;Calabrese_BMCBioinformatics_2012_高置信;Simone_BMC_Genomics_2011_版本1_766_HSP;Simone_BMC_Genomics_2011_版本2_585_高置信;UCSC_https://hgdownload.soe.ucsc.edu/goldenPath/hg18/database/
5				166530419	166530461	43		Tao_Genes_2023
5				166530419	166530461	43		Tao_Genes_2023
5				166530419	166530461	43		Tao_Genes_2023
5	11015	11151	137	167562700	167562700	1	136	Wei_Nature_2022_生殖系
5	11975	12114	140	169097508	169097512	5	135	Nyuwa基因组资源NUMTs
5	16108	16435	328	169239482	169239482	1	327	Wei_Nature_2022_肿瘤
5	3606	3706	101	170435816	170435825	10	91	Nyuwa基因组资源NUMTs
5	811	879	69	170635558	170635626	69	0	Calabrese_BMCBioinformatics_2012_低置信;Calabrese_BMCBioinformatics_2012_高置信;Simone_BMC_Genomics_2011_版本1_766_HSP;Simone_BMC_Genomics_2011_版本2_585_高置信;UCSC_https://hgdownload.soe.ucsc.edu/goldenPath/hg18/database/
5				170635558	170635626	69		Tao_Genes_2023
5				170635558	170635626	69		Tao_Genes_2023
5				170635558	170635626	69		Tao_Genes_2023
5	1642	1718	77	170750877	170750879	3	74	Wei_Nature_2022_生殖系
5	39	16460	16422	171557796	171557798	3	16419	Wei_Nature_2022_生殖系
5	836	16132	15297	171883291	171883291	1	15296	Wei_Nature_2022_肿瘤
5	69	16157	16089	171889907	171889907	1	16088	Wei_Nature_2022_肿瘤
5	12928	12998	71	172117096	172117097	2	69	Nyuwa基因组资源NUMTs
5	8608	8687	80	172872506	172872509	4	76	Nyuwa基因组资源NUMTs
5	6319	6457	139	173703681	173703682	2	137	Wei_Nature_2022_生殖系
5	14240	14346	107	173726877	173726879	3	104	Nyuwa基因组资源NUMTs
5	14058	14133	76	176212619	176212619	1	75	Wei_Nature_2022_生殖系
5	6263	6398	136	178919189	178919194	6	130	Wei_Nature_2022_生殖系
5	3665	3747	83	180235581	180235583	3	80	Nyuwa基因组资源NUMTs
5				180413206	180413250	45		Tao_Genes_2023
5				180413206	180413250	45		Tao_Genes_2023
5				180413206	180413250	45		Tao_Genes_2023
6	5984	6183	200	584955	584959	5	195	Wei_Nature_2022_生殖系
6	10084	12086	2003	1685121	1685121	1	2002	Wei_Nature_2022_生殖系
6	8504	8691	188	1705978	1706165	188	0	Calabrese_BMCBioinformatics_2012_低置信;Calabrese_BMCBioinformatics_2012_高置信;Simone_BMC_Genomics_2011_版本1_766_HSP;Simone_BMC_Genomics_2011_版本2_585_高置信;UCSC_https://hgdownload.soe.ucsc.edu/goldenPath/hg18/database/
6				1705978	1706184	207		Tao_Genes_2023
6				1705978	1706184	207		Tao_Genes_2023
6				1705978	1706184	207		Tao_Genes_2023
6	10084	12086	2003	1734815	1734815	1	2002	Wei_Nature_2022_生殖系
6	11527	11724	198	2535661	2535664	4	194	Wei_Nature_2022_生殖系
6	8431	8539	109	5339424	5339424	1	108	Wei_Nature_2022_生殖系
6				5353707	5353746	40		Tao_Genes_2023
6				5353707	5353747	41		Tao_Genes_2023
6				5353707	5353747	41		Tao_Genes_2023
6	13239	13300	62	5477425	5477486	62	0	Calabrese_BMCBioinformatics_2012_低置信;Calabrese_BMCBioinformatics_2012_高置信;Simone_BMC_Genomics_2011_版本1_766_HSP;Simone_BMC_Genomics_2011_版本2_585_高置信;UCSC_https://hgdownload.soe.ucsc.edu/goldenPath/hg18/database/
6				5477425	5477494	70		Tao_Genes_2023
6				5477425	5477494	70		Tao_Genes_2023
6				5477425	5477494	70		Tao_Genes_2023
6	7634	7713	80	7937904	7937908	5	75	Nyuwa基因组资源NUMTs
6	8298	8369	72	8276781	8276788	8	64	Nyuwa基因组资源NUMTs
6	1678	1770	93	9415634	9415635	2	91	Nyuwa基因组资源NUMTs
6	8612	8730	119	11718799	11718799	1	118	Wei_Nature_2022_肿瘤
6	7333	7465	133	12037811	12038045	235	102	Wei_Nature_2022_生殖系
6	12613	13124	512	12630198	12630201	4	508	Wei_Nature_2022_生殖系
6	12627	12668	42	12661553	12661554	2	40	Wei_Nature_2022_生殖系
6	6236	6447	212	12853568	12853572	5	207	Wei_Nature_2022_生殖系
6				13749519	13749615	97		Tao_Genes_2023
6				13749519	13749615	97		Tao_Genes_2023
6				13749519	13749615	97		Tao_Genes_2023
6	237	474	238	14364571	14364571	1	237	Nyuwa基因组资源NUMTs
6	4484	4638	155	14460321	14460322	2	153	Wei_Nature_2022_生殖系
6	7700	15400	7701	14980480	14980480	1	7700	Nyuwa基因组资源NUMTs
6	928	997	70	16054996	16054996	1	69	Wei_Nature_2022_生殖系
6				16251022	16251151	130		Tao_Genes_2023
6				16251022	16251151	130		Tao_Genes_2023
6				16251022	16251151	130		Tao_Genes_2023
6	7406	14222	6817	16339730	16339744	15	6802	Wei_Nature_2022_生殖系
6				16936820	16936922	103		Tao_Genes_2023
6				16936820	16936922	103		Tao_Genes_2023
6				16936820	16936922	103		Tao_Genes_2023
6	3759	3837	79	17748405	17748411	7	72	Nyuwa基因组资源NUMTs
6	11578	11675	98	21705533	21705904	372	274	Nyuwa基因组资源NUMTs
6	247	315	69	21930301	21930334	34	35	Wei_Nature_2022_生殖系
6	11966	12518	553	22345890	22345898	9	544	Wei_Nature_2022_生殖系
6	9690	9810	121	23315766	23315771	6	115	Nyuwa基因组资源NUMTs
6				24591174	24591261	88		Tao_Genes_2023
6				24591174	24591261	88		Tao_Genes_2023
6				24591174	24591261	88		Tao_Genes_2023
6				24947828	24948393	566		Tao_Genes_2023
6				24947828	24948393	566		Tao_Genes_2023
6				24947828	24948393	566		Tao_Genes_2023
6	7554	8115	562	24947835	24948393	559	3	Calabrese_BMCBioinformatics_2012_低置信;Calabrese_BMCBioinformatics_2012_高置信;Simone_BMC_Genomics_2011_版本1_766_HSP;Simone_BMC_Genomics_2011_版本2_585_高置信;UCSC_https://hgdownload.soe.ucsc.edu/goldenPath/hg18/database/
6	343	382	40	25037822	25037822	1	39	Wei_Nature_2022_生殖系
6	9861	10066	206	26523919	26523919	1	205	Wei_Nature_2022_生殖系
6	15291	15599	309	27657510	27657510	1	308	Wei_Nature_2022_肿瘤
6	4847	4899	53	28958481	28958482	2	51	Wei_Nature_2022_生殖系
6	3574	3652	79	31392228	31392228	1	78	Nyuwa基因组资源NUMTs
6	7961	15922	7962	31746588	31746588	1	7961	Nyuwa基因组资源NUMTs
6				31930764	31930820	57		Tao_Genes_2023
6				31930764	31930820	57		Tao_Genes_2023
6				31930764	31930820	57		Tao_Genes_2023
6	434	10200	9767	32204743	32204752	10	9757	Wei_Nature_2022_生殖系
6	8961	9032	72	32425143	32425143	1	71	Wei_Nature_2022_生殖系
6	9109	9888	780	32706123	32706901	779	1	Calabrese_BMCBioinformatics_2012_低置信;Calabrese_BMCBioinformatics_2012_高置信;Daniela_Lascaro_BMC_Genomics_2008;Simone_BMC_Genomics_2011_版本1_766_HSP;Simone_BMC_Genomics_2011_版本2_585_高置信;UCSC_https://hgdownload.soe.ucsc.edu/goldenPath/hg18/database/
6				32706123	32706912	790		Tao_Genes_2023
6				32706123	32706912	790		Tao_Genes_2023
6				32706123	32706912	790		Tao_Genes_2023
6	8685	8792	108	33738213	33738216	4	104	Wei_Nature_2022_生殖系
6	3980	4056	77	33907177	33907178	2	75	Wei_Nature_2022_生殖系
6	12972	13018	47	34326093	34326095	3	44	Wei_Nature_2022_生殖系
6	3410	3488	79	34998766	34998767	2	77	Nyuwa基因组资源NUMTs
6	13883	13943	61	36300333	36300339	7	54	Wei_Nature_2022_生殖系
6	160	310	151	36826642	36826643	2	149	Wei_Nature_2022_生殖系
6	309	555	247	36925402	36925402	1	246	Wei_Nature_2022_生殖系
6	345	420	76	37251568	37251572	5	71	Nyuwa基因组资源NUMTs
6	3601	4022	422	38576256	38576256	1	421	Wei_Nature_2022_肿瘤
6	12432	12563	132	39382015	39382019	5	127	Wei_Nature_2022_生殖系
6	7700	7827	128	41370947	41370948	2	126	Nyuwa基因组资源NUMTs
6	6154	6224	71	42037656	42037726	71	0	Calabrese_BMCBioinformatics_2012_低置信;Calabrese_BMCBioinformatics_2012_高置信;Simone_BMC_Genomics_2011_版本1_766_HSP;Simone_BMC_Genomics_2011_版本2_585_高置信;UCSC_https://hgdownload.soe.ucsc.edu/goldenPath/hg18/database/
6				42037656	42037726	71		Tao_Genes_2023
6				42037656	42037726	71		Tao_Genes_2023
6				42037656	42037726	71		Tao_Genes_2023
6	6717	6938	222	42482007	42482008	2	220	Wei_Nature_2022_生殖系
6	7504	7572	69	43054229	43054234	6	63	Wei_Nature_2022_生殖系
6	16356	16467	112	43491167	43491278	112	0	Calabrese_BMCBioinformatics_2012_低置信;Calabrese_BMCBioinformatics_2012_高置信;Simone_BMC_Genomics_2011_版本1_766_HSP;Simone_BMC_Genomics_2011_版本2_585_高置信;UCSC_https://hgdownload.soe.ucsc.edu/goldenPath/hg18/database/
6				43491167	43491279	113		Tao_Genes_2023
6				43491167	43491279	113		Tao_Genes_2023
6				43491167	43491279	113		Tao_Genes_2023
6				43491816	43491864	49		Tao_Genes_2023
6				43491816	43491864	49		Tao_Genes_2023
6				43491816	43491864	49		Tao_Genes_2023
6	11983	12090	108	47101023	47101027	5	103	Wei_Nature_2022_生殖系
6	6198	6266	69	47754601	47754601	1	68	Wei_Nature_2022_生殖系
6	10717	11208	492	49250245	49250520	276	216	Wei_Nature_2022_生殖系
6	3254	4714	1461	49623453	49623459	7	1454	Wei_Nature_2022_生殖系
6	14439	14738	300	50012311	50012313	3	297	Wei_Nature_2022_生殖系
6				51332033	51332105	73		Tao_Genes_2023
6				51332033	51332105	73		Tao_Genes_2023
6				51332033	51332105	73		Tao_Genes_2023
6				51986978	51987073	96		Tao_Genes_2023
6				51986978	51987073	96		Tao_Genes_2023
6				51986978	51987073	96		Tao_Genes_2023
6	13269	13363	95	51986979	51987073	95	0	Calabrese_BMCBioinformatics_2012_低置信;Calabrese_BMCBioinformatics_2012_高置信;Simone_BMC_Genomics_2011_版本1_766_HSP;Simone_BMC_Genomics_2011_版本2_585_高置信;UCSC_https://hgdownload.soe.ucsc.edu/goldenPath/hg18/database/
6	430	16285	15856	54145085	54145301	217	15639	Wei_Nature_2022_生殖系
6	1655	1770	116	57282397	57282404	8	108	Wei_Nature_2022_生殖系
6				58112724	58112879	156		Tao_Genes_2023
6				58112724	58112879	156		Tao_Genes_2023
6				58112724	58112879	156		Tao_Genes_2023
6	5010	5026	17	58180786	58180789	4	13	Wei_Nature_2022_生殖系
6				60866316	60866471	156		Tao_Genes_2023
6				60866316	60866471	156		Tao_Genes_2023
6				60866316	60866471	156		Tao_Genes_2023
6	8450	8617	168	61261667	61261667	1	167	Wei_Nature_2022_生殖系
6				61574103	61574629	527		Tao_Genes_2023
6				61574103	61574629	527		Tao_Genes_2023
6				61574103	61574629	527		Tao_Genes_2023
6	2418	2934	517	61574113	61574629	517	0	Calabrese_BMCBioinformatics_2012_低置信;Calabrese_BMCBioinformatics_2012_高置信;Daniela_Lascaro_BMC_Genomics_2008;Simone_BMC_Genomics_2011_版本1_766_HSP;Simone_BMC_Genomics_2011_版本2_585_高置信;UCSC_https://hgdownload.soe.ucsc.edu/goldenPath/hg18/database/
6	9589	9794	206	63050145	63050150	6	200	Nyuwa基因组资源NUMTs
6	5891	6163	273	63066540	63066540	1	272	Wei_Nature_2022_肿瘤
6	3349	3532	184	63126779	63126781	3	181	Wei_Nature_2022_生殖系
6	3431	15947	12517	64382441	64382441	1	12516	Wei_Nature_2022_肿瘤
6	9875	10723	849	64552575	64552578	4	845	Wei_Nature_2022_生殖系
6			12637	66782687	66782687	1	12636	Nyuwa基因组资源NUMTs
6	3844	3935	92	67215627	67215628	2	90	Nyuwa基因组资源NUMTs
6	6278	12556	6279	67624841	67624841	1	6278	Nyuwa基因组资源NUMTs
6	5100	5218	119	67671486	67671607	122	3	Wei_Nature_2022_生殖系
6	4793	9586	4794	67768120	67768120	1	4793	Nyuwa基因组资源NUMTs
6	2699	7010	4312	68179572	68179572	1	4311	Wei_Nature_2022_生殖系
6	14876	14949	74	68532725	68532726	2	72	Wei_Nature_2022_生殖系
6	2444	2570	127	68855878	68855880	3	124	Wei_Nature_2022_生殖系
6	7064	7230	167	71248728	71248730	3	164	Nyuwa基因组资源NUMTs
6	13605	13801	197	72443495	72443504	10	187	Wei_Nature_2022_生殖系
6	9986	10053	68	72965793	72965801	9	59	Wei_Nature_2022_生殖系
6	3031	3090	60	74225483	74225542	60	0	Calabrese_BMCBioinformatics_2012_低置信;Calabrese_BMCBioinformatics_2012_高置信;Simone_BMC_Genomics_2011_版本1_766_HSP;Simone_BMC_Genomics_2011_版本2_585_高置信;UCSC_https://hgdownload.soe.ucsc.edu/goldenPath/hg18/database/
6				74225483	74225542	60		Tao_Genes_2023
6				74225483	74225542	60		Tao_Genes_2023
6				74225483	74225542	60		Tao_Genes_2023
6				74819161	74819318	158		Tao_Genes_2023
6				74819161	74819318	158		Tao_Genes_2023
6				74819161	74819318	158		Tao_Genes_2023
6	335	457	123	74819195	74819317	123	0	Calabrese_BMCBioinformatics_2012_低置信;Calabrese_BMCBioinformatics_2012_高置信;Simone_BMC_Genomics_2011_版本1_766_HSP;Simone_BMC_Genomics_2011_版本2_585_高置信;UCSC_https://hgdownload.soe.ucsc.edu/goldenPath/hg18/database/
6	12766	12837	72	76463398	76463399	2	70	Nyuwa基因组资源NUMTs
6	1440	1790	351	76723369	76723370	2	349	Nyuwa基因组资源NUMTs
6	11741	11959	219	78791738	78791739	2	217	Nyuwa基因组资源NUMTs
6	11403	11485	83	79213519	79213519	1	82	Nyuwa基因组资源NUMTs
6	5233	9754	4522	82942331	82942341	11	4511	Wei_Nature_2022_生殖系
6	10458	10549	92	83177184	83177184	1	91	Wei_Nature_2022_生殖系
6	713	862	150	87538489	87538495	7	143	Wei_Nature_2022_生殖系
6	7752	8205	454	87902849	87902855	7	447	Wei_Nature_2022_生殖系
6	3872	3954	83	88332989	88332990	2	81	Wei_Nature_2022_生殖系
6				88555284	88555429	146		Tao_Genes_2023
6				88555284	88555429	146		Tao_Genes_2023
6				88555284	88555429	146		Tao_Genes_2023
6	8702	8830	129	88555292	88555420	129	0	Calabrese_BMCBioinformatics_2012_低置信;Calabrese_BMCBioinformatics_2012_高置信;Simone_BMC_Genomics_2011_版本1_766_HSP;Simone_BMC_Genomics_2011_版本2_585_高置信;UCSC_https://hgdownload.soe.ucsc.edu/goldenPath/hg18/database/
6	5939	6095	157	90248992	90248993	2	155	Wei_Nature_2022_生殖系
6	7633	7806	174	91163677	91163677	1	173	Wei_Nature_2022_生殖系
6	8437	8774	338	91726720	91727057	338	0	Calabrese_BMCBioinformatics_2012_低置信;Simone_BMC_Genomics_2011_版本1_766_HSP;UCSC_https://hgdownload.soe.ucsc.edu/goldenPath/hg18/database/
6	8437	10622	2186	91726720	91727311	592	1594	Calabrese_BMCBioinformatics_2012_高置信;Daniela_Lascaro_BMC_Genomics_2008;Simone_BMC_Genomics_2011_版本2_585_高置信
6				91726720	91727542	823		Tao_Genes_2023
6				91726720	91727542	823		Tao_Genes_2023
6				91726720	91727542	823		Tao_Genes_2023
6	5508	5626	119	91727058	91727162	105	14	Calabrese_BMCBioinformatics_2012_低置信;Calabrese_BMCBioinformatics_2012_高置信;Simone_BMC_Genomics_2011_版本1_766_HSP;Simone_BMC_Genomics_2011_版本2_585_高置信;UCSC_https://hgdownload.soe.ucsc.edu/goldenPath/hg18/database/
6	10474	10622	149	91727163	91727311	149	0	Calabrese_BMCBioinformatics_2012_低置信;Simone_BMC_Genomics_2011_版本1_766_HSP;UCSC_https://hgdownload.soe.ucsc.edu/goldenPath/hg18/database/
6	6514	6745	232	91727310	91727542	233	1	Calabrese_BMCBioinformatics_2012_低置信;Calabrese_BMCBioinformatics_2012_高置信;Daniela_Lascaro_BMC_Genomics_2008;Simone_BMC_Genomics_2011_版本1_766_HSP;Simone_BMC_Genomics_2011_版本2_585_高置信;UCSC_https://hgdownload.soe.ucsc.edu/goldenPath/hg18/database/
6	9054	9092	39	92115386	92115386	1	38	Wei_Nature_2022_生殖系
6	1725	16501	14777	92216526	92216528	3	14774	Nyuwa基因组资源NUMTs;Wei_Nature_2022_生殖系
6	15669	15734	66	92362291	92362292	2	64	Nyuwa基因组资源NUMTs
6				93236986	93237048	63		Tao_Genes_2023
6				93236986	93237048	63		Tao_Genes_2023
6				93236986	93237048	63		Tao_Genes_2023
6	15040	15195	156	93711086	93711086	1	155	Nyuwa基因组资源NUMTs
6				94446738	94447449	712		Tao_Genes_2023
6				94446738	94447449	712		Tao_Genes_2023
6				94446738	94447449	712		Tao_Genes_2023
6	15478	15811	334	94446773	94447105	333	1	Calabrese_BMCBioinformatics_2012_低置信;Calabrese_BMCBioinformatics_2012_高置信;Simone_BMC_Genomics_2011_版本1_766_HSP;Simone_BMC_Genomics_2011_版本2_585_高置信;UCSC_https://hgdownload.soe.ucsc.edu/goldenPath/hg18/database/
6	4150	4487	338	94447105	94447442	338	0	Calabrese_BMCBioinformatics_2012_低置信;Calabrese_BMCBioinformatics_2012_高置信;Daniela_Lascaro_BMC_Genomics_2008;Simone_BMC_Genomics_2011_版本1_766_HSP;Simone_BMC_Genomics_2011_版本2_585_高置信;UCSC_https://hgdownload.soe.ucsc.edu/goldenPath/hg18/database/
6	827	936	110	96734712	96734716	5	105	Wei_Nature_2022_生殖系
6	2845	3140	296	98752116	98752126	11	285	Wei_Nature_2022_生殖系
6	6438	6655	218	99570364	99570365	2	216	Wei_Nature_2022_生殖系
6	6899	7063	165	99912637	99912664	28	137	Wei_Nature_2022_生殖系
6			9458	100157772	100157772	1	9457	Nyuwa基因组资源NUMTs
6	9486	16509	7024	100158804	100158804	1	7023	Nyuwa基因组资源NUMTs
6	14237	14310	74	100422953	100422954	2	72	Wei_Nature_2022_生殖系
6	12988	13055	68	100773610	100773610	1	67	Wei_Nature_2022_生殖系
6	7811	9747	1937	100969808	100969809	2	1935	Wei_Nature_2022_生殖系
6	1351	1418	68	102005767	102005770	4	64	Nyuwa基因组资源NUMTs
6	951	951	1	102618164	102618164	1	0	Wei_Nature_2022_肿瘤
6	14641	14844	204	102877808	102877812	5	199	Nyuwa基因组资源NUMTs
6	1957	4466	2510	103085655	103085665	11	2499	Wei_Nature_2022_生殖系
6	1900	2007	108	103267776	103267777	2	106	Wei_Nature_2022_生殖系
6	5741	5915	175	103512047	103512050	4	171	Nyuwa基因组资源NUMTs
6	3700	3782	83	105039586	105039588	3	80	Nyuwa基因组资源NUMTs
6	6577	12309	5733	105597758	105597759	2	5731	Wei_Nature_2022_生殖系
6	13178	13244	67	106433340	106433342	3	64	Nyuwa基因组资源NUMTs
6	5810	5915	106	107383736	107383738	3	103	Wei_Nature_2022_生殖系
6	6841	7188	348	109163266	109163266	1	347	Wei_Nature_2022_肿瘤
6	2680	2756	77	109691107	109691107	1	76	Wei_Nature_2022_生殖系
6	9728	11324	1597	110139707	110139711	5	1592	Wei_Nature_2022_生殖系
6	10543	14457	3915	110511081	110511081	1	3914	Wei_Nature_2022_肿瘤
6	10543	14457	3915	110898108	110898108	1	3914	Wei_Nature_2022_肿瘤
6	11510	11674	165	111827263	111827264	2	163	Wei_Nature_2022_生殖系
6	458	527	70	113959648	113959653	6	64	Wei_Nature_2022_生殖系
6				116023261	116023375	115		Tao_Genes_2023
6				116023261	116023375	115		Tao_Genes_2023
6				116023261	116023375	115		Tao_Genes_2023
6	9466	9553	88	116395903	116395919	17	71	Nyuwa基因组资源NUMTs
6	2948	3127	180	117386408	117386415	8	172	Wei_Nature_2022_生殖系
6			14983	117985332	117985335	4	14979	Nyuwa基因组资源NUMTs
6				119159296	119159464	169		Tao_Genes_2023
6				119159296	119159464	169		Tao_Genes_2023
6				119159296	119159464	169		Tao_Genes_2023
6	5922	6036	115	119159307	119159421	115	0	Calabrese_BMCBioinformatics_2012_低置信;Calabrese_BMCBioinformatics_2012_高置信;Simone_BMC_Genomics_2011_版本1_766_HSP;Simone_BMC_Genomics_2011_版本2_585_高置信;UCSC_https://hgdownload.soe.ucsc.edu/goldenPath/hg18/database/
6	6578	6777	200	119646599	119646601	3	197	Wei_Nature_2022_生殖系
6	3693	16391	12699	119923553	119923555	3	12696	Wei_Nature_2022_生殖系
6	2634	2913	280	120592200	120592200	1	279	Wei_Nature_2022_生殖系
6	12974	13213	240	123066700	123066711	12	228	Nyuwa基因组资源NUMTs
6	550	631	82	123247971	123247971	1	81	Wei_Nature_2022_生殖系
6	1488	13472	11985	123448044	123448077	34	11951	Wei_Nature_2022_生殖系
6	16188	16326	139	123846066	123846067	2	137	Wei_Nature_2022_生殖系
6	10681	14043	3363	124135738	124135738	1	3362	Wei_Nature_2022_生殖系
6	2409	2615	207	125179200	125179201	2	205	Wei_Nature_2022_生殖系
6	5929	6057	129	125379148	125379150	3	126	Nyuwa基因组资源NUMTs
6				125396564	125396759	196		Tao_Genes_2023
6				125396564	125396759	196		Tao_Genes_2023
6				125396564	125396759	196		Tao_Genes_2023
6	16102	16281	180	125396572	125396756	185	5	Calabrese_BMCBioinformatics_2012_低置信;Calabrese_BMCBioinformatics_2012_高置信;Simone_BMC_Genomics_2011_版本1_766_HSP;Simone_BMC_Genomics_2011_版本2_585_高置信;UCSC_https://hgdownload.soe.ucsc.edu/goldenPath/hg18/database/
6	161	16067	15907	126314770	126314773	4	15903	Wei_Nature_2022_生殖系
6	6780	6846	67	127312127	127312193	67	0	Calabrese_BMCBioinformatics_2012_低置信;Calabrese_BMCBioinformatics_2012_高置信;Simone_BMC_Genomics_2011_版本1_766_HSP;Simone_BMC_Genomics_2011_版本2_585_高置信;UCSC_https://hgdownload.soe.ucsc.edu/goldenPath/hg18/database/
6				127312127	127312193	67		Tao_Genes_2023
6				127312127	127312193	67		Tao_Genes_2023
6				127312127	127312193	67		Tao_Genes_2023
6	4693	11766	7074	128375749	128375749	1	7073	Wei_Nature_2022_生殖系
6	731	892	162	128422909	128422911	3	159	Wei_Nature_2022_生殖系
6	14823	14976	154	130033415	130033415	1	153	Wei_Nature_2022_生殖系
6	14823	14976	154	130037105	130037105	1	153	Wei_Nature_2022_生殖系
6	12310	12408	99	130491244	130491245	2	97	Wei_Nature_2022_生殖系
6	13663	13775	113	130851257	130851259	3	110	Wei_Nature_2022_生殖系
6	4492	4656	165	131960661	131960664	4	161	Wei_Nature_2022_生殖系
6	15774	15851	78	132396075	132396075	1	77	Wei_Nature_2022_生殖系
6	15166	15282	117	132799651	132799767	117	0	Calabrese_BMCBioinformatics_2012_低置信;Calabrese_BMCBioinformatics_2012_高置信;Simone_BMC_Genomics_2011_版本1_766_HSP;Simone_BMC_Genomics_2011_版本2_585_高置信;UCSC_https://hgdownload.soe.ucsc.edu/goldenPath/hg18/database/
6				132799651	132799767	117		Tao_Genes_2023
6				132799651	132799767	117		Tao_Genes_2023
6				132799651	132799767	117		Tao_Genes_2023
6				133150567	133150835	269		Tao_Genes_2023
6				133150567	133150835	269		Tao_Genes_2023
6				133150567	133150835	269		Tao_Genes_2023
6	15391	15653	263	133150568	133150832	265	2	Calabrese_BMCBioinformatics_2012_低置信;Calabrese_BMCBioinformatics_2012_高置信;Simone_BMC_Genomics_2011_版本1_766_HSP;Simone_BMC_Genomics_2011_版本2_585_高置信;UCSC_https://hgdownload.soe.ucsc.edu/goldenPath/hg18/database/
6				136954171	136954302	132		Tao_Genes_2023
6				136954171	136954302	132		Tao_Genes_2023
6				136954171	136954302	132		Tao_Genes_2023
6	14787	14864	78	137387566	137387592	27	51	Nyuwa基因组资源NUMTs;Wei_Nature_2022_生殖系
6	430	4453	4024	137785839	137785841	3	4021	Wei_Nature_2022_生殖系
6	16171	16368	198	138226177	138226187	11	187	Wei_Nature_2022_生殖系
6	4630	16469	11840	138453935	138453940	6	11834	Wei_Nature_2022_生殖系
6	10696	10863	168	139630514	139630514	1	167	Wei_Nature_2022_生殖系
6	1073	11753	10681	140657401	140657401	1	10680	Wei_Nature_2022_生殖系
6	4623	12300	7678	140725086	140725090	5	7673	Wei_Nature_2022_生殖系
6	10632	10714	83	140975657	140975661	5	78	Wei_Nature_2022_生殖系
6				141120855	141121264	410		Tao_Genes_2023
6				141120855	141121264	410		Tao_Genes_2023
6				141120855	141121264	410		Tao_Genes_2023
6	1	60	60	141120896	141120955	60	0	Calabrese_BMCBioinformatics_2012_低置信;Calabrese_BMCBioinformatics_2012_高置信;Simone_BMC_Genomics_2011_版本1_766_HSP
6			60	141120896	141120955	60	0	UCSC_https://hgdownload.soe.ucsc.edu/goldenPath/hg18/database/
6	1	16569	16569	141120896	141121231	336	16233	Simone_BMC_Genomics_2011_版本2_585_高置信
6	16294	16569	276	141120956	141121231	276	0	Calabrese_BMCBioinformatics_2012_低置信;Calabrese_BMCBioinformatics_2012_高置信;Simone_BMC_Genomics_2011_版本1_766_HSP;UCSC_https://hgdownload.soe.ucsc.edu/goldenPath/hg18/database/
6	15240	15310	71	141178301	141178301	1	70	Wei_Nature_2022_生殖系
6	3488	3700	213	141180396	141180396	1	212	Wei_Nature_2022_生殖系
6				143077798	143077944	147		Tao_Genes_2023
6				143077798	143077944	147		Tao_Genes_2023
6				143077798	143077944	147		Tao_Genes_2023
6	9859	10001	143	143077801	143077943	143	0	Calabrese_BMCBioinformatics_2012_低置信;Calabrese_BMCBioinformatics_2012_高置信;Simone_BMC_Genomics_2011_版本1_766_HSP;Simone_BMC_Genomics_2011_版本2_585_高置信;UCSC_https://hgdownload.soe.ucsc.edu/goldenPath/hg18/database/
6	1119	1216	98	143189243	143189243	1	97	Wei_Nature_2022_生殖系
6				143477909	143478032	124		Tao_Genes_2023
6				143477909	143478032	124		Tao_Genes_2023
6				143477909	143478032	124		Tao_Genes_2023
6	13636	13756	121	143907393	143907393	1	120	Wei_Nature_2022_生殖系
6				144257253	144257385	133		Tao_Genes_2023
6				144257253	144257385	133		Tao_Genes_2023
6				144257253	144257385	133		Tao_Genes_2023
6	1464	14076	12613	144525937	144525941	5	12608	Wei_Nature_2022_生殖系
6	9851	9927	77	144696636	144696638	3	74	Nyuwa基因组资源NUMTs
6				144728934	144729204	271		Tao_Genes_2023
6				144728934	144729204	271		Tao_Genes_2023
6				144728934	144729204	271		Tao_Genes_2023
6	1357	1617	261	144728937	144729203	267	6	Calabrese_BMCBioinformatics_2012_低置信;Calabrese_BMCBioinformatics_2012_高置信;Daniela_Lascaro_BMC_Genomics_2008;Simone_BMC_Genomics_2011_版本1_766_HSP;Simone_BMC_Genomics_2011_版本2_585_高置信;UCSC_https://hgdownload.soe.ucsc.edu/goldenPath/hg18/database/
6	7936	8150	215	144975713	144975713	1	214	Nyuwa基因组资源NUMTs
6	2381	3564	1184	145980485	145980486	2	1182	Nyuwa基因组资源NUMTs
6	16389	16542	154	146373637	146373637	1	153	Wei_Nature_2022_生殖系
6	6727	9365	2639	147418112	147418117	6	2633	Wei_Nature_2022_生殖系
6			10947	148102036	148102041	6	10941	Nyuwa基因组资源NUMTs
6	10820	15759	4940	148729391	148729391	1	4939	Wei_Nature_2022_生殖系
6	10820	15759	4940	148738897	148738897	1	4939	Wei_Nature_2022_生殖系
6	3684	7451	3768	149262180	149262185	6	3762	Wei_Nature_2022_生殖系
6	11818	11854	37	149616391	149616501	111	74	Wei_Nature_2022_生殖系
6	16106	16539	434	152520599	152520599	1	433	Wei_Nature_2022_肿瘤
6	16452	16549	98	153578320	153578323	4	94	Wei_Nature_2022_生殖系
6	7451	11649	4199	153665572	153669780	4209	10	Calabrese_BMCBioinformatics_2012_低置信;Calabrese_BMCBioinformatics_2012_高置信;Daniela_Lascaro_BMC_Genomics_2008;Simone_BMC_Genomics_2011_版本1_766_HSP;Simone_BMC_Genomics_2011_版本2_585_高置信;UCSC_https://hgdownload.soe.ucsc.edu/goldenPath/hg18/database/
6				153665572	153669827	4256		Tao_Genes_2023
6				153665572	153669827	4256		Tao_Genes_2023
6				153665572	153669827	4256		Tao_Genes_2023
6	3094	3167	74	154516516	154516589	74	0	Calabrese_BMCBioinformatics_2012_低置信;Calabrese_BMCBioinformatics_2012_高置信;Simone_BMC_Genomics_2011_版本1_766_HSP;Simone_BMC_Genomics_2011_版本2_585_高置信;UCSC_https://hgdownload.soe.ucsc.edu/goldenPath/hg18/database/
6				154516516	154516590	75		Tao_Genes_2023
6				154516516	154516590	75		Tao_Genes_2023
6				154516516	154516590	75		Tao_Genes_2023
6	11627	11704	78	155138122	155138128	7	71	Wei_Nature_2022_生殖系
6	4523	4731	209	155655778	155655780	3	206	Nyuwa基因组资源NUMTs
6				156547835	156548053	219		Tao_Genes_2023
6				156547835	156548053	219		Tao_Genes_2023
6				156547835	156548053	219		Tao_Genes_2023
6	3162	3379	218	156547836	156548053	218	0	Calabrese_BMCBioinformatics_2012_低置信;Calabrese_BMCBioinformatics_2012_高置信;Simone_BMC_Genomics_2011_版本1_766_HSP;Simone_BMC_Genomics_2011_版本2_585_高置信;UCSC_https://hgdownload.soe.ucsc.edu/goldenPath/hg18/database/
6	6466	6594	129	157316676	157316676	1	128	Wei_Nature_2022_生殖系
6	14549	14693	145	157370071	157370086	16	129	Nyuwa基因组资源NUMTs;Wei_Nature_2022_生殖系
6	4508	4661	154	157691306	157691307	2	152	Nyuwa基因组资源NUMTs
6	764	13493	12730	158099970	158099975	6	12724	Wei_Nature_2022_生殖系
6	13578	13680	103	158499767	158499767	1	102	Wei_Nature_2022_肿瘤
6	9059	16147	7089	159458686	159458686	1	7088	Wei_Nature_2022_生殖系
6				159835587	159835670	84		Tao_Genes_2023
6				159835587	159835670	84		Tao_Genes_2023
6				159835587	159835670	84		Tao_Genes_2023
6	9393	9467	75	159835594	159835665	72	3	Calabrese_BMCBioinformatics_2012_低置信;Calabrese_BMCBioinformatics_2012_高置信;Simone_BMC_Genomics_2011_版本1_766_HSP;Simone_BMC_Genomics_2011_版本2_585_高置信;UCSC_https://hgdownload.soe.ucsc.edu/goldenPath/hg18/database/
6	7414	15316	7903	160142261	160142269	9	7894	Wei_Nature_2022_生殖系
6				161561272	161561344	73		Tao_Genes_2023
6				161561272	161561344	73		Tao_Genes_2023
6				161561272	161561344	73		Tao_Genes_2023
6	12288	12339	52	161561294	161561344	51	1	Calabrese_BMCBioinformatics_2012_低置信;Calabrese_BMCBioinformatics_2012_高置信;Simone_BMC_Genomics_2011_版本1_766_HSP;Simone_BMC_Genomics_2011_版本2_585_高置信;UCSC_https://hgdownload.soe.ucsc.edu/goldenPath/hg18/database/
6	4316	16359	12044	161718075	161718076	2	12042	Wei_Nature_2022_生殖系
6	3847	3964	118	162328010	162328011	2	116	Wei_Nature_2022_生殖系
6	12920	13059	140	162662994	162663002	9	131	Wei_Nature_2022_生殖系
6	8076	8271	196	162791745	162791746	2	194	Wei_Nature_2022_生殖系
6	724	941	218	165755992	165755999	8	210	Wei_Nature_2022_生殖系
6				166115484	166115545	62		Tao_Genes_2023
6				166115484	166115545	62		Tao_Genes_2023
6				166115484	166115545	62		Tao_Genes_2023
6	15437	15505	69	166293510	166293516	7	62	Wei_Nature_2022_生殖系
6				169186317	169186629	313		Tao_Genes_2023
6				169186392	169187691	1300		Tao_Genes_2023
6				169186392	169187691	1300		Tao_Genes_2023
6	871	2220	1350	169186396	169187688	1293	57	Calabrese_BMCBioinformatics_2012_低置信;Calabrese_BMCBioinformatics_2012_高置信;Simone_BMC_Genomics_2011_版本1_766_HSP;Simone_BMC_Genomics_2011_版本2_585_高置信;UCSC_https://hgdownload.soe.ucsc.edu/goldenPath/hg18/database/
6				169186701	169187691	991		Tao_Genes_2023
6	16319	16453	135	169502350	169502351	2	133	Wei_Nature_2022_生殖系
7	7853	12857	5005	1343952	1343953	2	5003	Wei_Nature_2022_生殖系
7	2457	9312	6856	2143679	2143679	1	6855	Wei_Nature_2022_生殖系
7	699	792	94	2304543	2304543	1	93	Wei_Nature_2022_肿瘤
7	2457	9312	6856	2531094	2531094	1	6855	Wei_Nature_2022_生殖系
7	15952	16150	199	2614967	2614970	4	195	Wei_Nature_2022_生殖系
7	3433	13014	9582	2704798	2704798	1	9581	Wei_Nature_2022_生殖系
7	3433	13014	9582	2739001	2739001	1	9581	Wei_Nature_2022_生殖系
7	15504	15622	119	3020382	3020383	2	117	Wei_Nature_2022_生殖系
7	10091	10162	72	4917115	4917116	2	70	Wei_Nature_2022_生殖系
7	3492	14173	10682	6861904	6861904	1	10681	Wei_Nature_2022_生殖系
7	3493	3493	1	6875611	6875611	1	0	Wei_Nature_2022_生殖系
7	269	310	42	7598574	7598574	1	41	Wei_Nature_2022_生殖系
7	16104	16569	466	8198887	8198887	1	465	Wei_Nature_2022_肿瘤
7	2808	2964	157	8991015	8991016	2	155	Wei_Nature_2022_生殖系
7	872	1744	873	9073255	9073255	1	872	Nyuwa基因组资源NUMTs
7	14336	14550	215	9267162	9267162	1	214	Wei_Nature_2022_肿瘤
7	8026	8080	55	9931253	9931253	1	54	Wei_Nature_2022_肿瘤
7	5968	6132	165	11561113	11561116	4	161	Nyuwa基因组资源NUMTs
7	9323	9411	89	11734337	11734337	1	88	Wei_Nature_2022_肿瘤
7				12107885	12107979	95		Tao_Genes_2023
7				12107885	12107979	95		Tao_Genes_2023
7				12107885	12107979	95		Tao_Genes_2023
7	15551	31102	15552	12235300	12235316	17	15535	Nyuwa基因组资源NUMTs
7			10583	13136058	13136058	1	10582	Nyuwa基因组资源NUMTs
7	10618	21236	10619	13161796	13161796	1	10618	Nyuwa基因组资源NUMTs
7	778	1057	280	13824488	13824488	1	279	Wei_Nature_2022_肿瘤
7	745	820	76	14093709	14093711	3	73	Nyuwa基因组资源NUMTs
7	189	16450	16262	14973404	14973408	5	16257	Wei_Nature_2022_生殖系
7	189	16450	16262	14996579	14996581	3	16259	Wei_Nature_2022_生殖系
7	5932	8414	2483	18758086	18758086	1	2482	Wei_Nature_2022_肿瘤
7	7760	7856	97	19159064	19159064	1	96	Nyuwa基因组资源NUMTs;Wei_Nature_2022_生殖系
7	6188	6362	175	19956138	19956139	2	173	Nyuwa基因组资源NUMTs
7	2733	2811	79	20009262	20009269	8	71	Nyuwa基因组资源NUMTs
7	2194	2271	78	21098647	21098661	15	63	Wei_Nature_2022_生殖系
7	7325	16232	8908	21308141	21308141	1	8907	Wei_Nature_2022_肿瘤
7	6258	6335	78	22121573	22121573	1	77	Wei_Nature_2022_生殖系
7				22746864	22747219	356		Tao_Genes_2023
7				22746864	22747219	356		Tao_Genes_2023
7				22746864	22747219	356		Tao_Genes_2023
7	1	56	56	22746881	22746936	56	0	Calabrese_BMCBioinformatics_2012_低置信;Calabrese_BMCBioinformatics_2012_高置信;Simone_BMC_Genomics_2011_版本1_766_HSP
7			56	22746881	22746936	56	0	UCSC_https://hgdownload.soe.ucsc.edu/goldenPath/hg18/database/
7	1	16569	16569	22746881	22748838	1958	14611	Simone_BMC_Genomics_2011_版本2_585_高置信
7	16294	16569	276	22746937	22747213	277	1	Calabrese_BMCBioinformatics_2012_低置信;Simone_BMC_Genomics_2011_版本1_766_HSP;UCSC_https://hgdownload.soe.ucsc.edu/goldenPath/hg18/database/
7	14707	16028	1322	22747524	22748838	1315	7	Calabrese_BMCBioinformatics_2012_低置信;Calabrese_BMCBioinformatics_2012_高置信;Simone_BMC_Genomics_2011_版本1_766_HSP;UCSC_https://hgdownload.soe.ucsc.edu/goldenPath/hg18/database/
7				22747524	22748838	1315		Tao_Genes_2023
7				22747524	22748838	1315		Tao_Genes_2023
7				22747524	22748838	1315		Tao_Genes_2023
7	16103	16320	218	23169422	23169429	8	210	Wei_Nature_2022_生殖系
7	1859	2218	360	23921136	23921136	1	359	Wei_Nature_2022_肿瘤
7	6024	6443	420	24550737	24550807	71	349	Wei_Nature_2022_生殖系
7	4792	4940	149	27391206	27391207	2	147	Nyuwa基因组资源NUMTs;Wei_Nature_2022_生殖系
7	14917	15850	934	27638974	27638980	7	927	Wei_Nature_2022_生殖系
7	2136	2365	230	30233593	30233596	4	226	Wei_Nature_2022_生殖系
7	2536	2703	168	34037569	34037570	2	166	Wei_Nature_2022_生殖系
7	16263	16569	307	34264731	34264731	1	306	Wei_Nature_2022_肿瘤
7	11904	23808	11905	35744593	35744593	1	11904	Nyuwa基因组资源NUMTs
7	4739	5008	270	36228621	36228884	264	6	Calabrese_BMCBioinformatics_2012_低置信;Calabrese_BMCBioinformatics_2012_高置信;Simone_BMC_Genomics_2011_版本1_766_HSP;Simone_BMC_Genomics_2011_版本2_585_高置信;UCSC_https://hgdownload.soe.ucsc.edu/goldenPath/hg18/database/
7				36228621	36228889	269		Tao_Genes_2023
7				36228621	36228889	269		Tao_Genes_2023
7				36228621	36228889	269		Tao_Genes_2023
7				37518741	37518852	112		Tao_Genes_2023
7				37518741	37518852	112		Tao_Genes_2023
7				37518741	37518852	112		Tao_Genes_2023
7	1012	1100	89	37518747	37518835	89	0	Calabrese_BMCBioinformatics_2012_低置信;Calabrese_BMCBioinformatics_2012_高置信;Simone_BMC_Genomics_2011_版本1_766_HSP;Simone_BMC_Genomics_2011_版本2_585_高置信;UCSC_https://hgdownload.soe.ucsc.edu/goldenPath/hg18/database/
7	2657	11224	8568	38826875	38826876	2	8566	Wei_Nature_2022_生殖系
7	12813	16563	3751	39108642	39108647	6	3745	Nyuwa基因组资源NUMTs
7	2840	2908	69	39153610	39153622	13	56	Nyuwa基因组资源NUMTs
7	4798	4956	159	39200483	39200485	3	156	Wei_Nature_2022_生殖系
7				39562915	39563069	155		Tao_Genes_2023
7				39562915	39563069	155		Tao_Genes_2023
7				39562915	39563069	155		Tao_Genes_2023
7	102	16520	16419	43453582	43453584	3	16416	Wei_Nature_2022_生殖系
7				45251963	45252127	165		Tao_Genes_2023
7				45251963	45252127	165		Tao_Genes_2023
7				45251963	45252127	165		Tao_Genes_2023
7	2418	2574	157	45251971	45252127	157	0	Calabrese_BMCBioinformatics_2012_低置信;Calabrese_BMCBioinformatics_2012_高置信;Daniela_Lascaro_BMC_Genomics_2008;Simone_BMC_Genomics_2011_版本1_766_HSP;Simone_BMC_Genomics_2011_版本2_585_高置信;UCSC_https://hgdownload.soe.ucsc.edu/goldenPath/hg18/database/
7	6465	6646	182	45416536	45416537	2	180	Wei_Nature_2022_生殖系
7	4180	4313	134	45489629	45489629	1	133	Wei_Nature_2022_生殖系
7	4799	4918	120	46164246	46164246	1	119	Nyuwa基因组资源NUMTs
7				46189007	46189092	86		Tao_Genes_2023
7				46189007	46189092	86		Tao_Genes_2023
7				46189007	46189092	86		Tao_Genes_2023
7	8065	8139	75	46189015	46189089	75	0	Calabrese_BMCBioinformatics_2012_低置信;Calabrese_BMCBioinformatics_2012_高置信;Simone_BMC_Genomics_2011_版本1_766_HSP;Simone_BMC_Genomics_2011_版本2_585_高置信;UCSC_https://hgdownload.soe.ucsc.edu/goldenPath/hg18/database/
7	16106	16569	464	47218588	47218588	1	463	Wei_Nature_2022_肿瘤
7	10229	10303	75	47389305	47389306	2	73	Wei_Nature_2022_生殖系
7	3172	15990	12819	47619159	47619161	3	12816	Nyuwa基因组资源NUMTs
7	6402	6548	147	48562776	48562778	3	144	Wei_Nature_2022_生殖系
7	14596	14813	218	48856894	48856894	1	217	Wei_Nature_2022_肿瘤
7				50564565	50564677	113		Tao_Genes_2023
7				50564565	50564677	113		Tao_Genes_2023
7	15126	16233	1108	52181159	52181169	11	1097	Wei_Nature_2022_生殖系
7	11309	11529	221	53156583	53156588	6	215	Wei_Nature_2022_生殖系
7	61	1597	1537	53428377	53428383	7	1530	Wei_Nature_2022_生殖系
7	2577	3049	473	54358395	54358395	1	472	Wei_Nature_2022_肿瘤
7	6167	15362	9196	56027509	56027509	1	9195	Wei_Nature_2022_肿瘤
7	12125	12191	67	56619190	56619194	5	62	Nyuwa基因组资源NUMTs
7	15610	16053	444	56641363	56641363	1	443	Wei_Nature_2022_肿瘤
7	745	745	1	56785973	56785973	1	0	Wei_Nature_2022_肿瘤
7	8301	15614	7314	57166975	57174197	7223	91	Calabrese_BMCBioinformatics_2012_低置信;Calabrese_BMCBioinformatics_2012_高置信;Daniela_Lascaro_BMC_Genomics_2008;Simone_BMC_Genomics_2011_版本1_766_HSP;UCSC_https://hgdownload.soe.ucsc.edu/goldenPath/hg18/database/
7	1	16569	16569	57166975	57175125	8151	8418	Simone_BMC_Genomics_2011_版本2_585_高置信
7				57166975	57175141	8167		Tao_Genes_2023
7				57166975	57175141	8167		Tao_Genes_2023
7				57166975	57175141	8167		Tao_Genes_2023
7	15749	16569	821	57174238	57175065	828	7	Calabrese_BMCBioinformatics_2012_低置信;Simone_BMC_Genomics_2011_版本1_766_HSP;UCSC_https://hgdownload.soe.ucsc.edu/goldenPath/hg18/database/
7	1	60	60	57175066	57175125	60	0	Calabrese_BMCBioinformatics_2012_低置信;Calabrese_BMCBioinformatics_2012_高置信;Simone_BMC_Genomics_2011_版本1_766_HSP
7			60	57175066	57175125	60	0	UCSC_https://hgdownload.soe.ucsc.edu/goldenPath/hg18/database/
7	3819	16569	12751	57185765	57198470	12706	45	Calabrese_BMCBioinformatics_2012_低置信;Calabrese_BMCBioinformatics_2012_高置信;Daniela_Lascaro_BMC_Genomics_2008;Simone_BMC_Genomics_2011_版本1_766_HSP;UCSC_https://hgdownload.soe.ucsc.edu/goldenPath/hg18/database/
7	1	16569	16569	57185765	57198530	12766	3803	Simone_BMC_Genomics_2011_版本2_585_高置信
7				57185765	57198546	12782		Tao_Genes_2023
7				57185765	57198546	12782		Tao_Genes_2023
7				57185765	57198546	12782		Tao_Genes_2023
7	1	60	60	57198471	57198530	60	0	Calabrese_BMCBioinformatics_2012_低置信;Calabrese_BMCBioinformatics_2012_高置信;Simone_BMC_Genomics_2011_版本1_766_HSP
7			60	57198471	57198530	60	0	UCSC_https://hgdownload.soe.ucsc.edu/goldenPath/hg18/database/
7	5975	6171	197	57345973	57345974	2	195	Nyuwa基因组资源NUMTs;Wei_Nature_2022_生殖系
7	4907	6923	2017	57365290	57365290	1	2016	Wei_Nature_2022_肿瘤
7	8860	9066	207	57847888	57847888	1	206	Wei_Nature_2022_生殖系
7	9253	16448	7196	60954545	60954560	16	7180	Wei_Nature_2022_生殖系
7	5738	5850	113	60964578	60964579	2	111	Nyuwa基因组资源NUMTs
7	6184	6266	83	62128341	62128350	10	73	Wei_Nature_2022_生殖系
7				63094845	63094917	73		Tao_Genes_2023
7				63094845	63094917	73		Tao_Genes_2023
7				63094845	63094917	73		Tao_Genes_2023
7				63187059	63187130	72		Tao_Genes_2023
7				63187059	63187130	72		Tao_Genes_2023
7				63187059	63187130	72		Tao_Genes_2023
7	8757	8822	66	63187065	63187130	66	0	Calabrese_BMCBioinformatics_2012_低置信;Calabrese_BMCBioinformatics_2012_高置信;Simone_BMC_Genomics_2011_版本1_766_HSP;Simone_BMC_Genomics_2011_版本2_585_高置信;UCSC_https://hgdownload.soe.ucsc.edu/goldenPath/hg18/database/
7	6523	6662	140	63296397	63296397	1	139	Wei_Nature_2022_生殖系
7	6523	6662	140	63451807	63451808	2	138	Wei_Nature_2022_生殖系
7				64104093	64107373	3281		Tao_Genes_2023
7				64104093	64107373	3281		Tao_Genes_2023
7				64104093	64107373	3281		Tao_Genes_2023
7	8662	11979	3318	64104094	64107359	3266	52	Calabrese_BMCBioinformatics_2012_低置信;Simone_BMC_Genomics_2011_版本1_766_HSP;UCSC_https://hgdownload.soe.ucsc.edu/goldenPath/hg18/database/
7	3094	11979	8886	64104094	64112691	8598	288	Calabrese_BMCBioinformatics_2012_高置信;Daniela_Lascaro_BMC_Genomics_2008;Simone_BMC_Genomics_2011_版本2_585_高置信
7				64107439	64112585	5147		Tao_Genes_2023
7				64107439	64112585	5147		Tao_Genes_2023
7				64107439	64112585	5147		Tao_Genes_2023
7	3430	8642	5213	64107457	64112585	5129	84	Calabrese_BMCBioinformatics_2012_低置信;Simone_BMC_Genomics_2011_版本1_766_HSP;UCSC_https://hgdownload.soe.ucsc.edu/goldenPath/hg18/database/
7				64112586	64112691	106		Tao_Genes_2023
7				64112586	64112691	106		Tao_Genes_2023
7				64112586	64112691	106		Tao_Genes_2023
7	3094	3191	98	64112593	64112691	99	1	Calabrese_BMCBioinformatics_2012_低置信;Simone_BMC_Genomics_2011_版本1_766_HSP;UCSC_https://hgdownload.soe.ucsc.edu/goldenPath/hg18/database/
7	10673	10747	75	64571213	64571219	7	68	Wei_Nature_2022_生殖系
7				67627831	67628353	523		Tao_Genes_2023
7				67627831	67628353	523		Tao_Genes_2023
7				67627831	67628353	523		Tao_Genes_2023
7	9016	9513	498	67627832	67628353	522	24	Calabrese_BMCBioinformatics_2012_低置信;Calabrese_BMCBioinformatics_2012_高置信;Simone_BMC_Genomics_2011_版本1_766_HSP;Simone_BMC_Genomics_2011_版本2_585_高置信;UCSC_https://hgdownload.soe.ucsc.edu/goldenPath/hg18/database/
7	11459	11558	100	67933485	67933491	7	93	Wei_Nature_2022_生殖系
7	11558	23116	11559	67933491	67933491	1	11558	Nyuwa基因组资源NUMTs
7	16318	16460	143	67943621	67943622	2	141	Nyuwa基因组资源NUMTs
7	1133	1133	1	67966815	67966815	1	0	Wei_Nature_2022_肿瘤
7				68097728	68097878	151		Tao_Genes_2023
7				68097728	68097878	151		Tao_Genes_2023
7				68097728	68097878	151		Tao_Genes_2023
7	7180	7539	360	68097736	68098352	617	257	Calabrese_BMCBioinformatics_2012_低置信;Calabrese_BMCBioinformatics_2012_高置信;Simone_BMC_Genomics_2011_版本1_766_HSP;Simone_BMC_Genomics_2011_版本2_585_高置信;UCSC_https://hgdownload.soe.ucsc.edu/goldenPath/hg18/database/
7				68098112	68098352	241		Tao_Genes_2023
7				68098112	68098352	241		Tao_Genes_2023
7				68098112	68098352	241		Tao_Genes_2023
7	11125	11528	404	68266320	68266859	540	136	Calabrese_BMCBioinformatics_2012_低置信;Calabrese_BMCBioinformatics_2012_高置信;Simone_BMC_Genomics_2011_版本1_766_HSP;Simone_BMC_Genomics_2011_版本2_585_高置信;UCSC_https://hgdownload.soe.ucsc.edu/goldenPath/hg18/database/
7				68266320	68266861	542		Tao_Genes_2023
7				68266320	68266861	542		Tao_Genes_2023
7				68266320	68266861	542		Tao_Genes_2023
7				68736525	68736639	115		Tao_Genes_2023
7				68736525	68736639	115		Tao_Genes_2023
7				68736525	68736639	115		Tao_Genes_2023
7	12960	13065	106	68736528	68736633	106	0	Calabrese_BMCBioinformatics_2012_低置信;Calabrese_BMCBioinformatics_2012_高置信;Simone_BMC_Genomics_2011_版本1_766_HSP;Simone_BMC_Genomics_2011_版本2_585_高置信;UCSC_https://hgdownload.soe.ucsc.edu/goldenPath/hg18/database/
7	3960	5270	1311	69150065	69150065	1	1310	Wei_Nature_2022_生殖系
7				69329980	69330284	305		Tao_Genes_2023
7				69329980	69330284	305		Tao_Genes_2023
7				69329980	69330284	305		Tao_Genes_2023
7	8462	8741	280	69329981	69330259	279	1	Calabrese_BMCBioinformatics_2012_低置信;Simone_BMC_Genomics_2011_版本1_766_HSP;UCSC_https://hgdownload.soe.ucsc.edu/goldenPath/hg18/database/
7	5233	8741	3509	69329981	69334595	4615	1106	Calabrese_BMCBioinformatics_2012_高置信;Daniela_Lascaro_BMC_Genomics_2008;Simone_BMC_Genomics_2011_版本2_585_高置信
7	7515	8396	882	69330592	69331449	858	24	Calabrese_BMCBioinformatics_2012_低置信;Simone_BMC_Genomics_2011_版本1_766_HSP;UCSC_https://hgdownload.soe.ucsc.edu/goldenPath/hg18/database/
7				69330592	69331450	859		Tao_Genes_2023
7				69330592	69331450	859		Tao_Genes_2023
7				69330592	69331450	859		Tao_Genes_2023
7				69331740	69332727	988		Tao_Genes_2023
7				69331740	69332727	988		Tao_Genes_2023
7				69331740	69332727	988		Tao_Genes_2023
7	6548	7532	985	69331741	69332726	986	1	Calabrese_BMCBioinformatics_2012_低置信;Simone_BMC_Genomics_2011_版本1_766_HSP;UCSC_https://hgdownload.soe.ucsc.edu/goldenPath/hg18/database/
7				69333015	69334005	991		Tao_Genes_2023
7				69333015	69334005	991		Tao_Genes_2023
7				69333015	69334005	991		Tao_Genes_2023
7	5513	6553	1041	69333024	69334004	981	60	Calabrese_BMCBioinformatics_2012_低置信;Simone_BMC_Genomics_2011_版本1_766_HSP;UCSC_https://hgdownload.soe.ucsc.edu/goldenPath/hg18/database/
7	5233	5525	293	69334304	69334595	292	1	Calabrese_BMCBioinformatics_2012_低置信;Simone_BMC_Genomics_2011_版本1_766_HSP;UCSC_https://hgdownload.soe.ucsc.edu/goldenPath/hg18/database/
7				69334304	69334598	295		Tao_Genes_2023
7				69334304	69334598	295		Tao_Genes_2023
7				69334304	69334598	295		Tao_Genes_2023
7	3855	3919	65	69515241	69515255	15	50	Wei_Nature_2022_生殖系
7	6744	6811	68	71266421	71266421	1	67	Wei_Nature_2022_生殖系
7	14026	14117	92	73647759	73647760	2	90	Wei_Nature_2022_生殖系
7	12476	12608	133	74329033	74329035	3	130	Wei_Nature_2022_生殖系
7	4313	4439	127	78111055	78111059	5	122	Nyuwa基因组资源NUMTs
7	1775	11068	9294	78607200	78607200	1	9293	Wei_Nature_2022_肿瘤
7	11319	11385	67	79205251	79205251	1	66	Wei_Nature_2022_生殖系
7	12204	12892	689	80422756	80422756	1	688	Wei_Nature_2022_肿瘤
7	3525	3655	131	81945781	81945781	1	130	Wei_Nature_2022_生殖系
7	8524	16326	7803	82146452	82146463	12	7791	Wei_Nature_2022_生殖系
7				83855231	83855287	57		Tao_Genes_2023
7				83855231	83855287	57		Tao_Genes_2023
7				83855231	83855287	57		Tao_Genes_2023
7	3844	3960	117	86020888	86020889	2	115	Wei_Nature_2022_生殖系
7	11243	15628	4386	87028407	87028418	12	4374	Nyuwa基因组资源NUMTs
7	13331	13400	70	87587133	87587135	3	67	Wei_Nature_2022_生殖系
7	4833	4954	122	89278053	89278054	2	120	Wei_Nature_2022_生殖系
7	7805	14108	6304	90852621	90852621	1	6303	Wei_Nature_2022_生殖系
7	7805	14108	6304	91434031	91434031	1	6303	Wei_Nature_2022_生殖系
7	2016	2566	551	92379971	92379971	1	550	Wei_Nature_2022_肿瘤
7	1650	1853	204	92524303	92524304	2	202	Wei_Nature_2022_生殖系
7			9313	92937698	92937698	1	9312	Nyuwa基因组资源NUMTs
7	5596	11192	5597	92939907	92939907	1	5596	Nyuwa基因组资源NUMTs
7	11264	11481	218	93776333	93776334	2	216	Wei_Nature_2022_生殖系
7	3627	15006	11380	95765612	95765612	1	11379	Wei_Nature_2022_生殖系
7	496	16068	15573	96083356	96083356	1	15572	Wei_Nature_2022_生殖系
7	4009	12519	8511	97162784	97162810	27	8484	Wei_Nature_2022_生殖系
7	1	103	103	97657968	97657973	6	97	Wei_Nature_2022_生殖系
7	9754	10330	577	98310319	98310320	2	575	Wei_Nature_2022_生殖系
7	3091	3165	75	99701427	99701427	1	74	Wei_Nature_2022_生殖系
7			15232	100079418	100079418	1	15231	Nyuwa基因组资源NUMTs
7	12453	12545	93	100333376	100333477	102	9	Wei_Nature_2022_生殖系
7	11095	11319	225	102722529	102722530	2	223	Wei_Nature_2022_生殖系
7	6138	6305	168	107624781	107624786	6	162	Wei_Nature_2022_生殖系
7	11386	11459	74	109994993	109994994	2	72	Nyuwa基因组资源NUMTs;Wei_Nature_2022_生殖系
7	3960	14557	10598	110922475	110922483	9	10589	Wei_Nature_2022_生殖系
7	5645	5730	86	111085401	111085486	86	0	Calabrese_BMCBioinformatics_2012_低置信;Calabrese_BMCBioinformatics_2012_高置信;Simone_BMC_Genomics_2011_版本1_766_HSP;Simone_BMC_Genomics_2011_版本2_585_高置信;UCSC_https://hgdownload.soe.ucsc.edu/goldenPath/hg18/database/
7				111085401	111085486	86		Tao_Genes_2023
7				111085401	111085486	86		Tao_Genes_2023
7				111085401	111085486	86		Tao_Genes_2023
7				111100641	111100716	76		Tao_Genes_2023
7				111100641	111100716	76		Tao_Genes_2023
7				111100641	111100716	76		Tao_Genes_2023
7	9158	16267	7110	111337826	111337826	1	7109	Wei_Nature_2022_生殖系
7	903	4166	3264	111408866	111408866	1	3263	Wei_Nature_2022_生殖系
7	9158	16267	7110	111416458	111416458	1	7109	Wei_Nature_2022_生殖系
7	903	4166	3264	111585712	111585712	1	3263	Wei_Nature_2022_生殖系
7	13065	16031	2967	112372646	112375580	2935	32	Calabrese_BMCBioinformatics_2012_低置信;Calabrese_BMCBioinformatics_2012_高置信;Daniela_Lascaro_BMC_Genomics_2008;Simone_BMC_Genomics_2011_版本1_766_HSP;Simone_BMC_Genomics_2011_版本2_585_高置信;UCSC_https://hgdownload.soe.ucsc.edu/goldenPath/hg18/database/
7				112372646	112375580	2935		Tao_Genes_2023
7				112372646	112375580	2935		Tao_Genes_2023
7				112372646	112375580	2935		Tao_Genes_2023
7	9548	9765	218	113717096	113717101	6	212	Wei_Nature_2022_生殖系
7	7690	8247	558	114146039	114146039	1	557	Wei_Nature_2022_肿瘤
7	9594	10035	442	114156253	114156253	1	441	Wei_Nature_2022_肿瘤
7	3217	8499	5283	115027253	115027662	410	4873	Wei_Nature_2022_生殖系
7	3217	8499	5283	115030579	115030581	3	5280	Wei_Nature_2022_生殖系
7	3217	6434	3218	115030581	115030581	1	3217	Nyuwa基因组资源NUMTs
7	5923	6398	476	115746863	115746863	1	475	Wei_Nature_2022_肿瘤
7				116306354	116306513	160		Tao_Genes_2023
7				116306354	116306513	160		Tao_Genes_2023
7				116306354	116306513	160		Tao_Genes_2023
7	1039	1184	146	116306359	116306502	144	2	Calabrese_BMCBioinformatics_2012_低置信;Calabrese_BMCBioinformatics_2012_高置信;Simone_BMC_Genomics_2011_版本1_766_HSP;Simone_BMC_Genomics_2011_版本2_585_高置信;UCSC_https://hgdownload.soe.ucsc.edu/goldenPath/hg18/database/
7	6844	6925	82	116380901	116380904	4	78	Nyuwa基因组资源NUMTs
7	1659	1725	67	117259971	117259971	1	66	Wei_Nature_2022_肿瘤
7				117263410	117263479	70		Tao_Genes_2023
7				117263410	117263479	70		Tao_Genes_2023
7				117263410	117263479	70		Tao_Genes_2023
7	5216	5550	335	117263549	117263879	331	4	Calabrese_BMCBioinformatics_2012_低置信;Calabrese_BMCBioinformatics_2012_高置信;Simone_BMC_Genomics_2011_版本1_766_HSP;Simone_BMC_Genomics_2011_版本2_585_高置信;UCSC_https://hgdownload.soe.ucsc.edu/goldenPath/hg18/database/
7				117263549	117263882	334		Tao_Genes_2023
7				117263549	117263882	334		Tao_Genes_2023
7				117263549	117263882	334		Tao_Genes_2023
7				117263895	117264392	498		Tao_Genes_2023
7				117263895	117264392	498		Tao_Genes_2023
7				117263895	117264392	498		Tao_Genes_2023
7	11047	11503	457	117263934	117264386	453	4	Calabrese_BMCBioinformatics_2012_低置信;Calabrese_BMCBioinformatics_2012_高置信;Simone_BMC_Genomics_2011_版本1_766_HSP;Simone_BMC_Genomics_2011_版本2_585_高置信;UCSC_https://hgdownload.soe.ucsc.edu/goldenPath/hg18/database/
7	15577	15712	136	117264395	117264530	136	0	Calabrese_BMCBioinformatics_2012_低置信;Calabrese_BMCBioinformatics_2012_高置信;Simone_BMC_Genomics_2011_版本1_766_HSP;Simone_BMC_Genomics_2011_版本2_585_高置信;UCSC_https://hgdownload.soe.ucsc.edu/goldenPath/hg18/database/
7				117264395	117264531	137		Tao_Genes_2023
7				117264395	117264531	137		Tao_Genes_2023
7				117264395	117264531	137		Tao_Genes_2023
7			3964	117302475	117302475	1	3963	Nyuwa基因组资源NUMTs
7	9930	19860	9931	117452063	117452063	1	9930	Nyuwa基因组资源NUMTs
7	4821	16292	11472	117481240	117481240	1	11471	Wei_Nature_2022_生殖系
7	11469	11809	341	118017320	118017324	5	336	Wei_Nature_2022_生殖系
7	10355	13159	2805	118679135	118679136	2	2803	Wei_Nature_2022_生殖系
7				118896876	118897084	209		Tao_Genes_2023
7				118896876	118897084	209		Tao_Genes_2023
7				118896876	118897084	209		Tao_Genes_2023
7	1012	1204	193	118896897	118897084	188	5	Calabrese_BMCBioinformatics_2012_低置信;Calabrese_BMCBioinformatics_2012_高置信;Simone_BMC_Genomics_2011_版本1_766_HSP;Simone_BMC_Genomics_2011_版本2_585_高置信;UCSC_https://hgdownload.soe.ucsc.edu/goldenPath/hg18/database/
7	13267	13351	85	120342470	120342471	2	83	Wei_Nature_2022_生殖系
7	977	1077	101	120599842	120599853	12	89	Wei_Nature_2022_生殖系
7	6667	6879	213	121405084	121405085	2	211	Wei_Nature_2022_生殖系
7	5138	5219	82	124109965	124109965	1	81	Nyuwa基因组资源NUMTs
7	1700	1766	67	125310048	125310048	1	66	Wei_Nature_2022_生殖系
7	12392	12569	178	127025439	127025440	2	176	Wei_Nature_2022_生殖系
7	14984	15058	75	128252472	128252472	1	74	Nyuwa基因组资源NUMTs
7	4215	4287	73	128834316	128834316	1	72	Wei_Nature_2022_肿瘤
7	5752	5986	235	129400172	129400175	4	231	Wei_Nature_2022_生殖系
7	14853	14993	141	131631444	131631450	7	134	Wei_Nature_2022_生殖系
7	16371	16451	81	132623717	132623718	2	79	Wei_Nature_2022_生殖系
7				133191741	133191833	93		Tao_Genes_2023
7				133191741	133191833	93		Tao_Genes_2023
7				133191741	133191833	93		Tao_Genes_2023
7				133275454	133275656	203		Tao_Genes_2023
7				133275454	133275656	203		Tao_Genes_2023
7				133275454	133275656	203		Tao_Genes_2023
7	15589	15787	199	133275456	133275654	199	0	Calabrese_BMCBioinformatics_2012_低置信;Calabrese_BMCBioinformatics_2012_高置信;Simone_BMC_Genomics_2011_版本1_766_HSP;Simone_BMC_Genomics_2011_版本2_585_高置信;UCSC_https://hgdownload.soe.ucsc.edu/goldenPath/hg18/database/
7	12834	12880	47	134747718	134747718	1	46	Wei_Nature_2022_肿瘤
7	1027	14553	13527	135804665	135804667	3	13524	Wei_Nature_2022_生殖系
7	6214	6438	225	136939134	136939136	3	222	Wei_Nature_2022_生殖系
7	4051	15891	11841	137982484	137982484	1	11840	Wei_Nature_2022_生殖系
7	1930	2071	142	139398962	139398962	1	141	Wei_Nature_2022_生殖系
7	5361	5668	308	139650212	139650212	1	307	Wei_Nature_2022_肿瘤
7	8598	8966	369	139849641	139849641	1	368	Wei_Nature_2022_生殖系
7	913	7792	6880	141016883	141017231	349	6531	Wei_Nature_2022_生殖系
7	12561	12730	170	141173044	141173213	170	0	Calabrese_BMCBioinformatics_2012_低置信;Calabrese_BMCBioinformatics_2012_高置信;Simone_BMC_Genomics_2011_版本1_766_HSP;Simone_BMC_Genomics_2011_版本2_585_高置信;UCSC_https://hgdownload.soe.ucsc.edu/goldenPath/hg18/database/
7				141173044	141173215	172		Tao_Genes_2023
7				141173044	141173215	172		Tao_Genes_2023
7				141173044	141173215	172		Tao_Genes_2023
7				141801337	141804665	3329		Tao_Genes_2023
7				141801337	141804665	3329		Tao_Genes_2023
7				141801337	141804665	3329		Tao_Genes_2023
7	3047	6623	3577	141801337	141805070	3734	157	Calabrese_BMCBioinformatics_2012_低置信;Calabrese_BMCBioinformatics_2012_高置信;Daniela_Lascaro_BMC_Genomics_2008;Simone_BMC_Genomics_2011_版本1_766_HSP;Simone_BMC_Genomics_2011_版本2_585_高置信;UCSC_https://hgdownload.soe.ucsc.edu/goldenPath/hg18/database/
7	2740	3300	561	141804969	141805530	562	1	Calabrese_BMCBioinformatics_2012_低置信;Simone_BMC_Genomics_2011_版本1_766_HSP;UCSC_https://hgdownload.soe.ucsc.edu/goldenPath/hg18/database/
7				141804969	141805530	562		Tao_Genes_2023
7				141804969	141805530	562		Tao_Genes_2023
7				141804969	141805530	562		Tao_Genes_2023
7				142664433	142664697	265		Tao_Genes_2023
7				142664433	142664697	265		Tao_Genes_2023
7				142664433	142664697	265		Tao_Genes_2023
7	16557	16569	13	142664441	142664453	13	0	Calabrese_BMCBioinformatics_2012_低置信;Calabrese_BMCBioinformatics_2012_高置信;Simone_BMC_Genomics_2011_版本1_766_HSP;UCSC_https://hgdownload.soe.ucsc.edu/goldenPath/hg18/database/
7	1	16569	16569	142664441	142667693	3253	13316	Simone_BMC_Genomics_2011_版本2_585_高置信
7	1	241	241	142664454	142664691	238	3	Calabrese_BMCBioinformatics_2012_低置信;Simone_BMC_Genomics_2011_版本1_766_HSP
7			241	142664454	142664691	238	3	UCSC_https://hgdownload.soe.ucsc.edu/goldenPath/hg18/database/
7				142665176	142667693	2518		Tao_Genes_2023
7				142665176	142667693	2518		Tao_Genes_2023
7				142665176	142667693	2518		Tao_Genes_2023
7	574	3093	2520	142665177	142667693	2517	3	Calabrese_BMCBioinformatics_2012_低置信;Calabrese_BMCBioinformatics_2012_高置信;Daniela_Lascaro_BMC_Genomics_2008;Simone_BMC_Genomics_2011_版本1_766_HSP;UCSC_https://hgdownload.soe.ucsc.edu/goldenPath/hg18/database/
7	733	2597	1865	143376655	143376677	23	1842	Wei_Nature_2022_生殖系
7	310	6265	5956	145974303	145974318	16	5940	Wei_Nature_2022_生殖系
7				145997330	145997433	104		Tao_Genes_2023
7				145997330	145997433	104		Tao_Genes_2023
7				145997330	145997433	104		Tao_Genes_2023
7	1615	1710	96	145997333	145997428	96	0	Calabrese_BMCBioinformatics_2012_低置信;Calabrese_BMCBioinformatics_2012_高置信;Daniela_Lascaro_BMC_Genomics_2008;Simone_BMC_Genomics_2011_版本1_766_HSP;Simone_BMC_Genomics_2011_版本2_585_高置信;UCSC_https://hgdownload.soe.ucsc.edu/goldenPath/hg18/database/
7	12174	12247	74	146098830	146098830	1	73	Wei_Nature_2022_生殖系
7	12425	12550	126	147053045	147053170	126	0	Calabrese_BMCBioinformatics_2012_低置信;Calabrese_BMCBioinformatics_2012_高置信;Simone_BMC_Genomics_2011_版本1_766_HSP;Simone_BMC_Genomics_2011_版本2_585_高置信;UCSC_https://hgdownload.soe.ucsc.edu/goldenPath/hg18/database/
7				147053045	147053198	154		Tao_Genes_2023
7				147053045	147053198	154		Tao_Genes_2023
7				147053045	147053198	154		Tao_Genes_2023
7	13517	13678	162	148331292	148331303	12	150	Nyuwa基因组资源NUMTs
7	412	14956	14545	149473450	149473450	1	14544	Wei_Nature_2022_生殖系
7				150131994	150132162	169		Tao_Genes_2023
7				150131994	150132162	169		Tao_Genes_2023
7				150131994	150132162	169		Tao_Genes_2023
7	14333	14492	160	150132001	150132160	160	0	Calabrese_BMCBioinformatics_2012_低置信;Calabrese_BMCBioinformatics_2012_高置信;Simone_BMC_Genomics_2011_版本1_766_HSP;Simone_BMC_Genomics_2011_版本2_585_高置信;UCSC_https://hgdownload.soe.ucsc.edu/goldenPath/hg18/database/
7	13649	14223	575	150674060	150674060	1	574	Wei_Nature_2022_生殖系
7	2530	2587	58	151425270	151425327	58	0	Calabrese_BMCBioinformatics_2012_低置信;Calabrese_BMCBioinformatics_2012_高置信;Simone_BMC_Genomics_2011_版本1_766_HSP;Simone_BMC_Genomics_2011_版本2_585_高置信;UCSC_https://hgdownload.soe.ucsc.edu/goldenPath/hg18/database/
7				151425270	151425327	58		Tao_Genes_2023
7				151425270	151425327	58		Tao_Genes_2023
7				151425270	151425327	58		Tao_Genes_2023
7				151514643	151514757	115		Tao_Genes_2023
7				151514643	151514757	115		Tao_Genes_2023
7				151514643	151514757	115		Tao_Genes_2023
7	16194	16279	86	151567412	151567414	3	83	Wei_Nature_2022_生殖系
7	7636	8038	403	153886112	153886112	1	402	Wei_Nature_2022_肿瘤
7				153968661	153968829	169		Tao_Genes_2023
7				153968661	153968829	169		Tao_Genes_2023
7				153968661	153968829	169		Tao_Genes_2023
7	14332	14489	158	153968663	153968820	158	0	Calabrese_BMCBioinformatics_2012_低置信;Calabrese_BMCBioinformatics_2012_高置信;Simone_BMC_Genomics_2011_版本1_766_HSP;Simone_BMC_Genomics_2011_版本2_585_高置信;UCSC_https://hgdownload.soe.ucsc.edu/goldenPath/hg18/database/
7				155074610	155074763	154		Tao_Genes_2023
7				155074610	155074763	154		Tao_Genes_2023
7				155074610	155074763	154		Tao_Genes_2023
7	7759	7907	149	155074617	155074762	146	3	Calabrese_BMCBioinformatics_2012_低置信;Calabrese_BMCBioinformatics_2012_高置信;Simone_BMC_Genomics_2011_版本1_766_HSP;Simone_BMC_Genomics_2011_版本2_585_高置信;UCSC_https://hgdownload.soe.ucsc.edu/goldenPath/hg18/database/
7	7636	8038	403	155565988	155565988	1	402	Wei_Nature_2022_肿瘤
7				156547621	156547672	52		Tao_Genes_2023
7				156547621	156547672	52		Tao_Genes_2023
7				156547621	156547672	52		Tao_Genes_2023
7	10196	10273	78	157458481	157458482	2	76	Nyuwa基因组资源NUMTs
7	3252	3548	297	158163455	158163455	1	296	Wei_Nature_2022_肿瘤
7				158595337	158595337	1		Nyuwa基因组资源NUMTs
7				159294639	159294694	56		Tao_Genes_2023
7				159294639	159294694	56		Tao_Genes_2023
7				159294639	159294694	56		Tao_Genes_2023
8	4019	4134	116	689080	689086	7	109	Wei_Nature_2022_生殖系
8				1726319	1726492	174		Tao_Genes_2023
8				1726319	1726492	174		Tao_Genes_2023
8				1726319	1726492	174		Tao_Genes_2023
8	8604	8795	192	5536235	5536236	2	190	Wei_Nature_2022_生殖系
8	2847	3022	176	7792406	7792406	1	175	Wei_Nature_2022_生殖系
8	6290	6467	178	9870954	9870955	2	176	Wei_Nature_2022_生殖系
8	6977	7058	82	9879372	9879373	2	80	Nyuwa基因组资源NUMTs
8	1235	1487	253	10232382	10232385	4	249	Wei_Nature_2022_生殖系
8	11063	11187	125	13353397	13353521	125	0	Calabrese_BMCBioinformatics_2012_低置信;Calabrese_BMCBioinformatics_2012_高置信;Simone_BMC_Genomics_2011_版本1_766_HSP;Simone_BMC_Genomics_2011_版本2_585_高置信;UCSC_https://hgdownload.soe.ucsc.edu/goldenPath/hg18/database/
8				13353397	13353522	126		Tao_Genes_2023
8				13353397	13353522	126		Tao_Genes_2023
8				13353397	13353522	126		Tao_Genes_2023
8	5602	5733	132	13603379	13603380	2	130	Wei_Nature_2022_生殖系
8	7075	7262	188	13897099	13897099	1	187	Wei_Nature_2022_生殖系
8	2172	2290	119	15685439	15685446	8	111	Wei_Nature_2022_生殖系
8				16056994	16057113	120		Tao_Genes_2023
8				16056994	16057113	120		Tao_Genes_2023
8				16056994	16057113	120		Tao_Genes_2023
8	14393	14501	109	16057004	16057112	109	0	Calabrese_BMCBioinformatics_2012_低置信;Calabrese_BMCBioinformatics_2012_高置信;Simone_BMC_Genomics_2011_版本1_766_HSP;Simone_BMC_Genomics_2011_版本2_585_高置信;UCSC_https://hgdownload.soe.ucsc.edu/goldenPath/hg18/database/
8	13201	15187	1987	17645847	17645852	6	1981	Nyuwa基因组资源NUMTs
8	9552	9625	74	17833421	17833422	2	72	Wei_Nature_2022_生殖系
8	111	111	1	17846380	17846380	1	0	Wei_Nature_2022_生殖系
8	10331	10767	437	18200916	18201345	430	7	Calabrese_BMCBioinformatics_2012_低置信;Calabrese_BMCBioinformatics_2012_高置信;Simone_BMC_Genomics_2011_版本1_766_HSP;Simone_BMC_Genomics_2011_版本2_585_高置信;UCSC_https://hgdownload.soe.ucsc.edu/goldenPath/hg18/database/
8				18200916	18201345	430		Tao_Genes_2023
8				18200916	18201345	430		Tao_Genes_2023
8				18200916	18201345	430		Tao_Genes_2023
8				18849258	18849722	465		Tao_Genes_2023
8				18849258	18849722	465		Tao_Genes_2023
8				18849258	18849722	465		Tao_Genes_2023
8	14792	15238	447	18849262	18849708	447	0	Calabrese_BMCBioinformatics_2012_低置信;Calabrese_BMCBioinformatics_2012_高置信;Simone_BMC_Genomics_2011_版本1_766_HSP;Simone_BMC_Genomics_2011_版本2_585_高置信;UCSC_https://hgdownload.soe.ucsc.edu/goldenPath/hg18/database/
8	12255	15845	3591	19537344	19537346	3	3588	Wei_Nature_2022_生殖系
8	8665	8875	211	20551196	20551406	211	0	Calabrese_BMCBioinformatics_2012_低置信;Calabrese_BMCBioinformatics_2012_高置信;Simone_BMC_Genomics_2011_版本1_766_HSP;Simone_BMC_Genomics_2011_版本2_585_高置信;UCSC_https://hgdownload.soe.ucsc.edu/goldenPath/hg18/database/
8				20551196	20551409	214		Tao_Genes_2023
8				20551196	20551409	214		Tao_Genes_2023
8				20551196	20551409	214		Tao_Genes_2023
8	8411	8688	278	21766983	21766983	1	277	Wei_Nature_2022_肿瘤
8	6441	6453	13	23575502	23575503	2	11	Nyuwa基因组资源NUMTs
8	2343	2552	210	24272574	24272574	1	209	Wei_Nature_2022_生殖系
8	1470	5263	3794	25373051	25373063	13	3781	Wei_Nature_2022_生殖系
8	4118	4296	179	26951274	26951450	177	2	Calabrese_BMCBioinformatics_2012_低置信;Calabrese_BMCBioinformatics_2012_高置信;Simone_BMC_Genomics_2011_版本1_766_HSP;Simone_BMC_Genomics_2011_版本2_585_高置信;UCSC_https://hgdownload.soe.ucsc.edu/goldenPath/hg18/database/
8				26951274	26951488	215		Tao_Genes_2023
8				26951274	26951488	215		Tao_Genes_2023
8				26951274	26951488	215		Tao_Genes_2023
8	2061	2149	89	27374074	27374081	8	81	Wei_Nature_2022_生殖系
8				27903244	27903728	485		Tao_Genes_2023
8				27903244	27903728	485		Tao_Genes_2023
8				27903244	27903728	485		Tao_Genes_2023
8	14522	14996	475	27903245	27903719	475	0	Calabrese_BMCBioinformatics_2012_低置信;Calabrese_BMCBioinformatics_2012_高置信;Simone_BMC_Genomics_2011_版本1_766_HSP;Simone_BMC_Genomics_2011_版本2_585_高置信;UCSC_https://hgdownload.soe.ucsc.edu/goldenPath/hg18/database/
8	7255	9671	2417	27929673	27929673	1	2416	Wei_Nature_2022_肿瘤
8	13413	13587	175	28860847	28860853	7	168	Nyuwa基因组资源NUMTs
8	16122	16507	386	29679903	29679903	1	385	Wei_Nature_2022_肿瘤
8	1043	1253	211	30459984	30459984	1	210	Wei_Nature_2022_肿瘤
8	12793	12949	157	30604976	30604976	1	156	Wei_Nature_2022_肿瘤
8	7900	8117	218	31912603	31912608	6	212	Nyuwa基因组资源NUMTs
8				32805821	32805967	147		Tao_Genes_2023
8				32805821	32805967	147		Tao_Genes_2023
8				32805873	32805967	95		Tao_Genes_2023
8	12257	12340	84	32805885	32805967	83	1	Calabrese_BMCBioinformatics_2012_低置信;Calabrese_BMCBioinformatics_2012_高置信;Simone_BMC_Genomics_2011_版本1_766_HSP;Simone_BMC_Genomics_2011_版本2_585_高置信;UCSC_https://hgdownload.soe.ucsc.edu/goldenPath/hg18/database/
8	16459	16569	111	33010609	33010720	112	1	Calabrese_BMCBioinformatics_2012_低置信;Calabrese_BMCBioinformatics_2012_高置信;Simone_BMC_Genomics_2011_版本1_766_HSP;UCSC_https://hgdownload.soe.ucsc.edu/goldenPath/hg18/database/
8				33010609	33010963	355		Tao_Genes_2023
8				33010609	33010963	355		Tao_Genes_2023
8				33010609	33010963	355		Tao_Genes_2023
8	1	16569	16569	33010609	33017255	6647	9922	Simone_BMC_Genomics_2011_版本2_585_高置信
8	1	76	76	33010721	33010796	76	0	Calabrese_BMCBioinformatics_2012_低置信;Simone_BMC_Genomics_2011_版本1_766_HSP
8			76	33010721	33010796	76	0	UCSC_https://hgdownload.soe.ucsc.edu/goldenPath/hg18/database/
8	1	5721	5721	33010721	33017255	6535	814	Calabrese_BMCBioinformatics_2012_高置信
8				33011438	33015880	4443		Tao_Genes_2023
8				33011438	33015880	4443		Tao_Genes_2023
8				33011438	33015880	4443		Tao_Genes_2023
8	582	5080	4499	33011450	33015866	4417	82	Calabrese_BMCBioinformatics_2012_低置信;Daniela_Lascaro_BMC_Genomics_2008;Simone_BMC_Genomics_2011_版本1_766_HSP;UCSC_https://hgdownload.soe.ucsc.edu/goldenPath/hg18/database/
8				33016634	33017255	622		Tao_Genes_2023
8				33016634	33017255	622		Tao_Genes_2023
8				33016634	33017255	622		Tao_Genes_2023
8	5109	5721	613	33016661	33017255	595	18	Calabrese_BMCBioinformatics_2012_低置信;Simone_BMC_Genomics_2011_版本1_766_HSP;UCSC_https://hgdownload.soe.ucsc.edu/goldenPath/hg18/database/
8	5228	5547	320	35056597	35056597	1	319	Wei_Nature_2022_肿瘤
8				36277598	36279697	2100		Tao_Genes_2023
8				36277598	36279697	2100		Tao_Genes_2023
8				36277598	36279697	2100		Tao_Genes_2023
8	13936	16024	2089	36277610	36279696	2087	2	Calabrese_BMCBioinformatics_2012_低置信;Calabrese_BMCBioinformatics_2012_高置信;Daniela_Lascaro_BMC_Genomics_2008;Simone_BMC_Genomics_2011_版本1_766_HSP;Simone_BMC_Genomics_2011_版本2_585_高置信;UCSC_https://hgdownload.soe.ucsc.edu/goldenPath/hg18/database/
8	11669	11812	144	36999726	36999735	10	134	Wei_Nature_2022_生殖系
8				37029347	37029439	93		Tao_Genes_2023
8				37029347	37029439	93		Tao_Genes_2023
8				37029347	37029439	93		Tao_Genes_2023
8	14077	14294	218	37103527	37103528	2	216	Nyuwa基因组资源NUMTs
8	1098	1195	98	37300317	37300351	35	63	Wei_Nature_2022_生殖系
8	2648	2733	86	37353323	37353408	86	0	Calabrese_BMCBioinformatics_2012_低置信;Calabrese_BMCBioinformatics_2012_高置信;Simone_BMC_Genomics_2011_版本1_766_HSP;Simone_BMC_Genomics_2011_版本2_585_高置信;UCSC_https://hgdownload.soe.ucsc.edu/goldenPath/hg18/database/
8				37353323	37353408	86		Tao_Genes_2023
8				37353323	37353408	86		Tao_Genes_2023
8				37353323	37353408	86		Tao_Genes_2023
8	1978	2112	135	38961884	38961889	6	129	Wei_Nature_2022_生殖系
8				39399904	39399976	73		Tao_Genes_2023
8				39399904	39399976	73		Tao_Genes_2023
8	1	315	315	39643232	39643232	1	314	Wei_Nature_2022_肿瘤
8	10124	10632	509	39826106	39826106	1	508	Wei_Nature_2022_肿瘤
8				40070583	40070689	107		Tao_Genes_2023
8				40070583	40070689	107		Tao_Genes_2023
8				40070583	40070689	107		Tao_Genes_2023
8	807	905	99	40070590	40070648	59	40	Calabrese_BMCBioinformatics_2012_低置信;Calabrese_BMCBioinformatics_2012_高置信;Daniela_Lascaro_BMC_Genomics_2008;Simone_BMC_Genomics_2011_版本1_766_HSP;Simone_BMC_Genomics_2011_版本2_585_高置信;UCSC_https://hgdownload.soe.ucsc.edu/goldenPath/hg18/database/
8			8884	41002671	41002671	1	8883	Nyuwa基因组资源NUMTs
8	12136	12211	76	41081714	41081714	1	75	Wei_Nature_2022_生殖系
8	12932	13105	174	41513047	41513048	2	172	Nyuwa基因组资源NUMTs
8	6718	7122	405	42192800	42192800	1	404	Wei_Nature_2022_肿瘤
8	3239	16326	13088	46426297	46426297	1	13087	Wei_Nature_2022_肿瘤
8	16190	16190	1	46766678	46766678	1	0	Wei_Nature_2022_肿瘤
8				46827237	46828119	883		Tao_Genes_2023
8				46827237	46828119	883		Tao_Genes_2023
8				46827237	46828119	883		Tao_Genes_2023
8	4246	5133	888	46827238	46828119	882	6	Calabrese_BMCBioinformatics_2012_低置信;Simone_BMC_Genomics_2011_版本1_766_HSP;UCSC_https://hgdownload.soe.ucsc.edu/goldenPath/hg18/database/
8	1	5133	5133	46827238	46836869	9632	4499	Calabrese_BMCBioinformatics_2012_高置信
8	1	16569	16569	46827238	46839027	11790	4779	Simone_BMC_Genomics_2011_版本2_585_高置信
8	656	4880	4225	46827486	46831050	3565	660	Daniela_Lascaro_BMC_Genomics_2008
8				46828189	46831053	2865		Tao_Genes_2023
8				46828189	46831053	2865		Tao_Genes_2023
8				46828189	46831053	2865		Tao_Genes_2023
8	656	3521	2866	46828202	46831050	2849	17	Calabrese_BMCBioinformatics_2012_低置信;Simone_BMC_Genomics_2011_版本1_766_HSP;UCSC_https://hgdownload.soe.ucsc.edu/goldenPath/hg18/database/
8				46836010	46836127	118		Tao_Genes_2023
8				46836010	46836127	118		Tao_Genes_2023
8				46836010	46836127	118		Tao_Genes_2023
8	172	239	68	46836642	46836709	68	0	Calabrese_BMCBioinformatics_2012_低置信;Simone_BMC_Genomics_2011_版本1_766_HSP;UCSC_https://hgdownload.soe.ucsc.edu/goldenPath/hg18/database/
8				46836642	46836713	72		Tao_Genes_2023
8				46836642	46836713	72		Tao_Genes_2023
8				46836642	46836713	72		Tao_Genes_2023
8				46836825	46839198	2374		Tao_Genes_2023
8				46836825	46839198	2374		Tao_Genes_2023
8				46836825	46839198	2374		Tao_Genes_2023
8			42	46836829	46836869	41	1	UCSC_https://hgdownload.soe.ucsc.edu/goldenPath/hg18/database/
8	14424	16569	2146	46836870	46839027	2158	12	Calabrese_BMCBioinformatics_2012_低置信;Calabrese_BMCBioinformatics_2012_高置信;Simone_BMC_Genomics_2011_版本1_766_HSP;UCSC_https://hgdownload.soe.ucsc.edu/goldenPath/hg18/database/
8	7797	8438	642	47159301	47159301	1	641	Wei_Nature_2022_肿瘤
8	12823	12900	78	47901566	47901569	4	74	Wei_Nature_2022_生殖系
8				48400687	48400791	105		Tao_Genes_2023
8				48400687	48400791	105		Tao_Genes_2023
8				48400687	48400791	105		Tao_Genes_2023
8	13454	13557	104	48400740	48400843	104	0	Calabrese_BMCBioinformatics_2012_低置信;Calabrese_BMCBioinformatics_2012_高置信;Simone_BMC_Genomics_2011_版本1_766_HSP;Simone_BMC_Genomics_2011_版本2_585_高置信;UCSC_https://hgdownload.soe.ucsc.edu/goldenPath/hg18/database/
8				48400793	48400906	114		Tao_Genes_2023
8				48400793	48400906	114		Tao_Genes_2023
8				48400793	48400906	114		Tao_Genes_2023
8	411	2972	2562	48825490	48825494	5	2557	Wei_Nature_2022_生殖系
8	1357	1468	112	49829489	49829489	1	111	Wei_Nature_2022_生殖系
8	5190	5263	74	50122190	50122191	2	72	Nyuwa基因组资源NUMTs
8	4813	4928	116	52160169	52160179	11	105	Nyuwa基因组资源NUMTs
8				52751735	52751957	223		Tao_Genes_2023
8				52751735	52751957	223		Tao_Genes_2023
8				52751735	52751957	223		Tao_Genes_2023
8	15174	15387	214	52751743	52751957	215	1	Calabrese_BMCBioinformatics_2012_低置信;Calabrese_BMCBioinformatics_2012_高置信;Simone_BMC_Genomics_2011_版本1_766_HSP;Simone_BMC_Genomics_2011_版本2_585_高置信;UCSC_https://hgdownload.soe.ucsc.edu/goldenPath/hg18/database/
8	15245	15448	204	54040684	54040685	2	202	Wei_Nature_2022_生殖系
8	3176	6352	3177	55020046	55020046	1	3176	Nyuwa基因组资源NUMTs
8			4196	55026884	55026884	1	4195	Nyuwa基因组资源NUMTs
8	12360	12638	279	55354893	55354893	1	278	Nyuwa基因组资源NUMTs
8	14142	14884	743	56073432	56073437	6	737	Wei_Nature_2022_生殖系
8	14446	14523	78	57320414	57320415	2	76	Wei_Nature_2022_生殖系
8	2919	3160	242	60266751	60266755	5	237	Wei_Nature_2022_生殖系
8	1	1	1	61024820	61024820	1	0	Wei_Nature_2022_肿瘤
8	13326	13642	317	62028947	62028947	1	316	Wei_Nature_2022_肿瘤
8	7083	8553	1471	62102863	62102872	10	1461	Nyuwa基因组资源NUMTs;Wei_Nature_2022_生殖系
8	5239	5328	90	62283312	62283313	2	88	Wei_Nature_2022_生殖系
8	9551	9957	407	62894094	62894094	1	406	Wei_Nature_2022_肿瘤
8				63884438	63884594	157		Tao_Genes_2023
8				63884438	63884594	157		Tao_Genes_2023
8				63884438	63884594	157		Tao_Genes_2023
8	1458	1664	207	63965983	63965984	2	205	Wei_Nature_2022_生殖系
8	3886	3985	100	64275626	64275628	3	97	Nyuwa基因组资源NUMTs
8	7100	7232	133	64314498	64314510	13	120	Wei_Nature_2022_生殖系
8	3194	3388	195	64383670	64383673	4	191	Nyuwa基因组资源NUMTs
8	10712	10894	183	66268997	66268998	2	181	Wei_Nature_2022_生殖系
8	168	364	197	67580528	67580711	184	13	Calabrese_BMCBioinformatics_2012_低置信;Calabrese_BMCBioinformatics_2012_高置信;Simone_BMC_Genomics_2011_版本1_766_HSP;UCSC_https://hgdownload.soe.ucsc.edu/goldenPath/hg18/database/
8	1	16569	16569	67580528	67588442	7915	8654	Simone_BMC_Genomics_2011_版本2_585_高置信
8				67580664	67583874	3211		Tao_Genes_2023
8				67580664	67583874	3211		Tao_Genes_2023
8				67580664	67583874	3211		Tao_Genes_2023
8			60	67580804	67580863	60	0	UCSC_https://hgdownload.soe.ucsc.edu/goldenPath/hg18/database/
8	13555	16569	3015	67580864	67583874	3011	4	Calabrese_BMCBioinformatics_2012_低置信;Simone_BMC_Genomics_2011_版本1_766_HSP;UCSC_https://hgdownload.soe.ucsc.edu/goldenPath/hg18/database/
8	9502	16569	7068	67580864	67588103	7240	172	Calabrese_BMCBioinformatics_2012_高置信;Daniela_Lascaro_BMC_Genomics_2008
8				67584183	67588451	4269		Tao_Genes_2023
8				67584183	67588451	4269		Tao_Genes_2023
8				67584183	67588451	4269		Tao_Genes_2023
8	10633	13562	2930	67584187	67587086	2900	30	Calabrese_BMCBioinformatics_2012_低置信;Simone_BMC_Genomics_2011_版本1_766_HSP;UCSC_https://hgdownload.soe.ucsc.edu/goldenPath/hg18/database/
8	8489	9827	1339	67587096	67588442	1347	8	Calabrese_BMCBioinformatics_2012_低置信;Simone_BMC_Genomics_2011_版本1_766_HSP;UCSC_https://hgdownload.soe.ucsc.edu/goldenPath/hg18/database/
8	13673	14359	687	68476927	68476933	7	680	Wei_Nature_2022_生殖系
8	15287	15361	75	68884969	68884971	3	72	Nyuwa基因组资源NUMTs
8	5353	5612	260	69102973	69103231	259	1	Calabrese_BMCBioinformatics_2012_低置信;Calabrese_BMCBioinformatics_2012_高置信;Daniela_Lascaro_BMC_Genomics_2008;Simone_BMC_Genomics_2011_版本1_766_HSP;Simone_BMC_Genomics_2011_版本2_585_高置信;UCSC_https://hgdownload.soe.ucsc.edu/goldenPath/hg18/database/
8				69102973	69103358	386		Tao_Genes_2023
8				69102973	69103358	386		Tao_Genes_2023
8				69102973	69103358	386		Tao_Genes_2023
8	15364	15526	163	70054203	70054207	5	158	Wei_Nature_2022_生殖系
8				70648175	70648175	1		Nyuwa基因组资源NUMTs
8	16201	16368	168	71778081	71778082	2	166	Wei_Nature_2022_生殖系
8	625	782	158	72985697	72985854	158	0	Calabrese_BMCBioinformatics_2012_低置信;Calabrese_BMCBioinformatics_2012_高置信;Simone_BMC_Genomics_2011_版本1_766_HSP;Simone_BMC_Genomics_2011_版本2_585_高置信;UCSC_https://hgdownload.soe.ucsc.edu/goldenPath/hg18/database/
8				72985697	72985855	159		Tao_Genes_2023
8				72985697	72985855	159		Tao_Genes_2023
8				72985697	72985855	159		Tao_Genes_2023
8	8063	8063	1	73380967	73380972	6	5	Wei_Nature_2022_生殖系
8	140	140	1	73676311	73676311	1	0	Wei_Nature_2022_肿瘤
8				76201747	76202139	393		Tao_Genes_2023
8				76201747	76202139	393		Tao_Genes_2023
8				76201747	76202139	393		Tao_Genes_2023
8	2286	2661	376	76201763	76202139	377	1	Calabrese_BMCBioinformatics_2012_低置信;Calabrese_BMCBioinformatics_2012_高置信;Daniela_Lascaro_BMC_Genomics_2008;Simone_BMC_Genomics_2011_版本1_766_HSP;Simone_BMC_Genomics_2011_版本2_585_高置信;UCSC_https://hgdownload.soe.ucsc.edu/goldenPath/hg18/database/
8	16265	16465	201	76377894	76377894	1	200	Wei_Nature_2022_肿瘤
8				76645456	76645670	215		Tao_Genes_2023
8				76645456	76645670	215		Tao_Genes_2023
8				76645456	76645670	215		Tao_Genes_2023
8	1522	1735	214	76645457	76645669	213	1	Calabrese_BMCBioinformatics_2012_低置信;Calabrese_BMCBioinformatics_2012_高置信;Simone_BMC_Genomics_2011_版本1_766_HSP;Simone_BMC_Genomics_2011_版本2_585_高置信;UCSC_https://hgdownload.soe.ucsc.edu/goldenPath/hg18/database/
8	12838	12893	56	78102551	78102552	2	54	Wei_Nature_2022_生殖系
8				78282213	78282468	256		Tao_Genes_2023
8				78282213	78282468	256		Tao_Genes_2023
8				78282213	78282468	256		Tao_Genes_2023
8	4666	4922	257	78282214	78282468	255	2	Calabrese_BMCBioinformatics_2012_低置信;Calabrese_BMCBioinformatics_2012_高置信;Simone_BMC_Genomics_2011_版本1_766_HSP;Simone_BMC_Genomics_2011_版本2_585_高置信;UCSC_https://hgdownload.soe.ucsc.edu/goldenPath/hg18/database/
8	2940	3078	139	79399909	79399910	2	137	Wei_Nature_2022_生殖系
8	13650	13713	64	79649843	79649844	2	62	Wei_Nature_2022_生殖系
8	959	1034	76	81347319	81347330	12	64	Nyuwa基因组资源NUMTs
8	15691	15834	144	81473014	81473027	14	130	Wei_Nature_2022_生殖系
8	988	1052	65	82190565	82190565	1	64	Wei_Nature_2022_生殖系
8	16098	16485	388	83251777	83251777	1	387	Wei_Nature_2022_肿瘤
8	9182	9248	67	83843623	83843624	2	65	Nyuwa基因组资源NUMTs
8	2816	3021	206	84378234	84378293	60	146	Nyuwa基因组资源NUMTs
8				88939716	88939798	83		Tao_Genes_2023
8				88939716	88939798	83		Tao_Genes_2023
8				88939716	88939798	83		Tao_Genes_2023
8	16193	16569	377	89373011	89373011	1	376	Wei_Nature_2022_肿瘤
8	14831	15030	200	89502254	89502267	14	186	Nyuwa基因组资源NUMTs
8	87	15582	15496	91237663	91237672	10	15486	Wei_Nature_2022_生殖系
8	15582	31164	15583	91237672	91237672	1	15582	Nyuwa基因组资源NUMTs
8	4592	4799	208	92261147	92261165	19	189	Nyuwa基因组资源NUMTs
8	6028	6123	96	92676187	92676209	23	73	Wei_Nature_2022_生殖系
8	7209	7383	175	93230953	93230969	17	158	Nyuwa基因组资源NUMTs
8	263	472	210	94291408	94291408	1	209	Wei_Nature_2022_生殖系
8	263	472	210	94294298	94294298	1	209	Wei_Nature_2022_生殖系
8	15741	15811	71	94854718	94854725	8	63	Nyuwa基因组资源NUMTs
8	4968	7851	2884	95280768	95280780	13	2871	Wei_Nature_2022_生殖系
8	1857	2634	778	97750208	97750208	1	777	Wei_Nature_2022_肿瘤
8	8805	8923	119	97908037	97908155	119	0	Calabrese_BMCBioinformatics_2012_低置信;Calabrese_BMCBioinformatics_2012_高置信;Simone_BMC_Genomics_2011_版本1_766_HSP;Simone_BMC_Genomics_2011_版本2_585_高置信;UCSC_https://hgdownload.soe.ucsc.edu/goldenPath/hg18/database/
8				97908037	97908156	120		Tao_Genes_2023
8				97908037	97908156	120		Tao_Genes_2023
8				97908037	97908156	120		Tao_Genes_2023
8	118	16237	16120	98134679	98134679	1	16119	Wei_Nature_2022_肿瘤
8	6874	10017	3144	99144069	99144075	7	3137	Nyuwa基因组资源NUMTs;Wei_Nature_2022_生殖系
8				99495869	99495954	86		Tao_Genes_2023
8				99495869	99495954	86		Tao_Genes_2023
8				99495869	99495954	86		Tao_Genes_2023
8	14860	14943	84	99495870	99495953	84	0	Calabrese_BMCBioinformatics_2012_低置信;Calabrese_BMCBioinformatics_2012_高置信;Simone_BMC_Genomics_2011_版本1_766_HSP;Simone_BMC_Genomics_2011_版本2_585_高置信;UCSC_https://hgdownload.soe.ucsc.edu/goldenPath/hg18/database/
8	5327	5449	123	100489719	100489720	2	121	Wei_Nature_2022_生殖系
8	10355	10680	326	101498187	101498188	2	324	Wei_Nature_2022_生殖系
8	910	1102	193	101847284	101847286	3	190	Wei_Nature_2022_生殖系
8				103081961	103082092	132		Tao_Genes_2023
8				103081961	103082092	132		Tao_Genes_2023
8				103081961	103082092	132		Tao_Genes_2023
8	16444	16563	120	103081963	103082084	122	2	Calabrese_BMCBioinformatics_2012_低置信;Calabrese_BMCBioinformatics_2012_高置信;Simone_BMC_Genomics_2011_版本1_766_HSP;UCSC_https://hgdownload.soe.ucsc.edu/goldenPath/hg18/database/
8	581	16563	15983	103081963	103091463	9501	6482	Simone_BMC_Genomics_2011_版本2_585_高置信
8				103082681	103084355	1675		Tao_Genes_2023
8				103082681	103084355	1675		Tao_Genes_2023
8				103082681	103084355	1675		Tao_Genes_2023
8	581	2340	1760	103082687	103084355	1669	91	Calabrese_BMCBioinformatics_2012_低置信;Simone_BMC_Genomics_2011_版本1_766_HSP;UCSC_https://hgdownload.soe.ucsc.edu/goldenPath/hg18/database/
8	581	7788	7208	103082687	103091463	8777	1569	Calabrese_BMCBioinformatics_2012_高置信
8	1013	7114	6102	103083055	103090419	7365	1263	Daniela_Lascaro_BMC_Genomics_2008
8				103084762	103086701	1940		Tao_Genes_2023
8				103084762	103086701	1940		Tao_Genes_2023
8				103084762	103086701	1940		Tao_Genes_2023
8	2445	4372	1928	103084765	103086701	1937	9	Calabrese_BMCBioinformatics_2012_低置信;Simone_BMC_Genomics_2011_版本1_766_HSP;UCSC_https://hgdownload.soe.ucsc.edu/goldenPath/hg18/database/
8	4362	4896	535	103087000	103087538	539	4	Calabrese_BMCBioinformatics_2012_低置信;Simone_BMC_Genomics_2011_版本1_766_HSP;UCSC_https://hgdownload.soe.ucsc.edu/goldenPath/hg18/database/
8				103087000	103087538	539		Tao_Genes_2023
8				103087000	103087916	917		Tao_Genes_2023
8				103087000	103087916	917		Tao_Genes_2023
8				103088410	103088936	527		Tao_Genes_2023
8				103088410	103088936	527		Tao_Genes_2023
8				103088410	103088936	527		Tao_Genes_2023
8	5516	6037	522	103088415	103088930	516	6	Calabrese_BMCBioinformatics_2012_低置信;Simone_BMC_Genomics_2011_版本1_766_HSP;UCSC_https://hgdownload.soe.ucsc.edu/goldenPath/hg18/database/
8	6094	7324	1231	103089426	103090628	1203	28	Calabrese_BMCBioinformatics_2012_低置信;Simone_BMC_Genomics_2011_版本1_766_HSP;UCSC_https://hgdownload.soe.ucsc.edu/goldenPath/hg18/database/
8				103089426	103090635	1210		Tao_Genes_2023
8				103089426	103090635	1210		Tao_Genes_2023
8				103089426	103090635	1210		Tao_Genes_2023
8	7447	7788	342	103091121	103091463	343	1	Calabrese_BMCBioinformatics_2012_低置信;Simone_BMC_Genomics_2011_版本1_766_HSP;UCSC_https://hgdownload.soe.ucsc.edu/goldenPath/hg18/database/
8				103091121	103091465	345		Tao_Genes_2023
8				103091121	103091465	345		Tao_Genes_2023
8				103091121	103091465	345		Tao_Genes_2023
8	16388	16501	114	103572748	103572749	2	112	Nyuwa基因组资源NUMTs
8	5732	5847	116	103602470	103602471	2	114	Wei_Nature_2022_生殖系
8	13124	13292	169	104417650	104417654	5	164	Wei_Nature_2022_生殖系
8	831	899	69	104885619	104885631	13	56	Nyuwa基因组资源NUMTs
8	5207	5544	338	106076688	106076688	1	337	Wei_Nature_2022_肿瘤
8	3730	8946	5217	106328308	106328310	3	5214	Nyuwa基因组资源NUMTs
8	6220	14419	8200	109813820	109813820	1	8199	Wei_Nature_2022_生殖系
8				110081491	110081677	187		Tao_Genes_2023
8				110081491	110081677	187		Tao_Genes_2023
8				110081491	110081677	187		Tao_Genes_2023
8	6255	6374	120	110170731	110170732	2	118	Nyuwa基因组资源NUMTs
8	14379	15209	831	110540204	110540204	1	830	Wei_Nature_2022_肿瘤
8	5089	7195	2107	110933244	110935366	2123	16	Calabrese_BMCBioinformatics_2012_低置信;Calabrese_BMCBioinformatics_2012_高置信;Daniela_Lascaro_BMC_Genomics_2008;Simone_BMC_Genomics_2011_版本1_766_HSP;Simone_BMC_Genomics_2011_版本2_585_高置信;UCSC_https://hgdownload.soe.ucsc.edu/goldenPath/hg18/database/
8				110933244	110935370	2127		Tao_Genes_2023
8				110933244	110935370	2127		Tao_Genes_2023
8				110933244	110935370	2127		Tao_Genes_2023
8	14972	15234	263	111248647	111248908	262	1	Calabrese_BMCBioinformatics_2012_低置信;Calabrese_BMCBioinformatics_2012_高置信;Simone_BMC_Genomics_2011_版本1_766_HSP;Simone_BMC_Genomics_2011_版本2_585_高置信;UCSC_https://hgdownload.soe.ucsc.edu/goldenPath/hg18/database/
8				111248647	111248922	276		Tao_Genes_2023
8				111248647	111248922	276		Tao_Genes_2023
8				111248647	111248922	276		Tao_Genes_2023
8				111249035	111249422	388		Tao_Genes_2023
8				111249035	111249422	388		Tao_Genes_2023
8				111249035	111249422	388		Tao_Genes_2023
8	16294	16568	275	111249111	111249387	277	2	Calabrese_BMCBioinformatics_2012_低置信;Calabrese_BMCBioinformatics_2012_高置信;Simone_BMC_Genomics_2011_版本1_766_HSP;Simone_BMC_Genomics_2011_版本2_585_高置信;UCSC_https://hgdownload.soe.ucsc.edu/goldenPath/hg18/database/
8	6718	6894	177	112292839	112292841	3	174	Wei_Nature_2022_生殖系
8	531	616	86	112365388	112365388	1	85	Wei_Nature_2022_生殖系
8	9743	9914	172	114031628	114031629	2	170	Wei_Nature_2022_生殖系
8	536	668	133	115355999	115355999	1	132	Wei_Nature_2022_肿瘤
8	1845	1915	71	115837181	115837185	5	66	Wei_Nature_2022_生殖系
8	3326	3414	89	117098499	117098501	3	86	Wei_Nature_2022_生殖系
8	3425	3643	219	118991446	118991458	13	206	Wei_Nature_2022_生殖系
8	13715	13715	1	120057826	120057826	1	0	Wei_Nature_2022_生殖系
8	13715	27430	13716	120057826	120057826	1	13715	Nyuwa基因组资源NUMTs
8	2813	12885	10073	120216214	120216226	13	10060	Wei_Nature_2022_生殖系
8				120224312	120224441	130		Tao_Genes_2023
8				120224312	120224441	130		Tao_Genes_2023
8				120224312	120224441	130		Tao_Genes_2023
8	6881	7008	128	120224313	120224440	128	0	Calabrese_BMCBioinformatics_2012_低置信;Calabrese_BMCBioinformatics_2012_高置信;Simone_BMC_Genomics_2011_版本1_766_HSP;Simone_BMC_Genomics_2011_版本2_585_高置信;UCSC_https://hgdownload.soe.ucsc.edu/goldenPath/hg18/database/
8			242	121369422	121369422	1	241	Nyuwa基因组资源NUMTs
8	7921	8157	237	122616344	122616347	4	233	Wei_Nature_2022_生殖系
8	13968	14131	164	124554975	124554977	3	161	Nyuwa基因组资源NUMTs
8	10646	10765	120	125218360	125218370	11	109	Nyuwa基因组资源NUMTs;Wei_Nature_2022_生殖系
8	13936	14009	74	125623894	125623896	3	71	Nyuwa基因组资源NUMTs
8	3946	4301	356	126541306	126541306	1	355	Wei_Nature_2022_肿瘤
8	12837	12970	134	127582400	127582403	4	130	Wei_Nature_2022_生殖系
8	2564	11207	8644	128441594	128441594	1	8643	Wei_Nature_2022_肿瘤
8	4788	9776	4989	131320828	131320833	6	4983	Wei_Nature_2022_生殖系
8	6025	6172	148	131616039	131616039	1	147	Wei_Nature_2022_生殖系
8	11710	11856	147	131830535	131830536	2	145	Nyuwa基因组资源NUMTs
8	3451	3540	90	132335109	132335109	1	89	Wei_Nature_2022_生殖系
8	15679	16553	875	132934643	132934646	4	871	Nyuwa基因组资源NUMTs
8	10162	10505	344	133515505	133515844	340	4	Calabrese_BMCBioinformatics_2012_低置信;Calabrese_BMCBioinformatics_2012_高置信;Simone_BMC_Genomics_2011_版本1_766_HSP;Simone_BMC_Genomics_2011_版本2_585_高置信;UCSC_https://hgdownload.soe.ucsc.edu/goldenPath/hg18/database/
8				133515505	133515851	347		Tao_Genes_2023
8				133515505	133515851	347		Tao_Genes_2023
8				133515505	133515851	347		Tao_Genes_2023
8				133516188	133516245	58		Tao_Genes_2023
8				133516188	133516245	58		Tao_Genes_2023
8				133516188	133516245	58		Tao_Genes_2023
8	4864	6709	1846	133754807	133756648	1842	4	Calabrese_BMCBioinformatics_2012_低置信;Calabrese_BMCBioinformatics_2012_高置信;Daniela_Lascaro_BMC_Genomics_2008;Simone_BMC_Genomics_2011_版本1_766_HSP;Simone_BMC_Genomics_2011_版本2_585_高置信;UCSC_https://hgdownload.soe.ucsc.edu/goldenPath/hg18/database/
8				133754807	133756654	1848		Tao_Genes_2023
8				133754807	133756654	1848		Tao_Genes_2023
8				133754807	133756654	1848		Tao_Genes_2023
8	2769	2845	77	134624747	134624747	1	76	Wei_Nature_2022_生殖系
8	15618	15733	116	134797158	134797163	6	110	Nyuwa基因组资源NUMTs
8	16320	16459	140	135378809	135378809	1	139	Wei_Nature_2022_生殖系
8	5433	5610	178	135707872	135707882	11	167	Wei_Nature_2022_生殖系
8	14825	15029	205	136233681	136233687	7	198	Wei_Nature_2022_生殖系
8	13819	13981	163	136565943	136565948	6	157	Wei_Nature_2022_生殖系
8	2815	2892	78	137539007	137539013	7	71	Nyuwa基因组资源NUMTs
8				137861755	137862009	255		Tao_Genes_2023
8				137861755	137862009	255		Tao_Genes_2023
8				137861755	137862009	255		Tao_Genes_2023
8	12845	13213	369	139651453	139651818	366	3	Calabrese_BMCBioinformatics_2012_低置信;Calabrese_BMCBioinformatics_2012_高置信;Simone_BMC_Genomics_2011_版本1_766_HSP;Simone_BMC_Genomics_2011_版本2_585_高置信;UCSC_https://hgdownload.soe.ucsc.edu/goldenPath/hg18/database/
8				139651453	139651818	366		Tao_Genes_2023
8				139651453	139651818	366		Tao_Genes_2023
8				139651453	139651818	366		Tao_Genes_2023
8	13921	13921	1	144956153	144956153	1	0	Wei_Nature_2022_生殖系
9	6224	6420	197	129771	129776	6	191	Nyuwa基因组资源NUMTs;Wei_Nature_2022_生殖系
9	1813	5267	3455	4707760	4707807	48	3407	Wei_Nature_2022_生殖系
9	11301	11395	95	4755975	4755975	1	94	Wei_Nature_2022_生殖系
9	13704	14700	997	5091067	5092005	939	58	Calabrese_BMCBioinformatics_2012_低置信;Calabrese_BMCBioinformatics_2012_高置信;Simone_BMC_Genomics_2011_版本1_766_HSP;Simone_BMC_Genomics_2011_版本2_585_高置信;UCSC_https://hgdownload.soe.ucsc.edu/goldenPath/hg18/database/
9				5091067	5092036	970		Tao_Genes_2023
9				5091067	5092036	970		Tao_Genes_2023
9				5091067	5092036	970		Tao_Genes_2023
9	1286	7946	6661	5092087	5098698	6612	49	Calabrese_BMCBioinformatics_2012_低置信;Simone_BMC_Genomics_2011_版本1_766_HSP;UCSC_https://hgdownload.soe.ucsc.edu/goldenPath/hg18/database/
9				5092087	5098698	6612		Tao_Genes_2023
9				5092087	5098698	6612		Tao_Genes_2023
9				5092087	5098698	6612		Tao_Genes_2023
9	1286	13610	12325	5092087	5110735	18649	6324	Calabrese_BMCBioinformatics_2012_高置信;Daniela_Lascaro_BMC_Genomics_2008;Simone_BMC_Genomics_2011_版本2_585_高置信
9				5098983	5100918	1936		Tao_Genes_2023
9				5098983	5100918	1936		Tao_Genes_2023
9				5098983	5100918	1936		Tao_Genes_2023
9	7932	9890	1959	5098996	5100917	1922	37	Calabrese_BMCBioinformatics_2012_低置信;Simone_BMC_Genomics_2011_版本1_766_HSP;UCSC_https://hgdownload.soe.ucsc.edu/goldenPath/hg18/database/
9	9881	13610	3730	5107046	5110735	3690	40	Calabrese_BMCBioinformatics_2012_低置信;Simone_BMC_Genomics_2011_版本1_766_HSP;UCSC_https://hgdownload.soe.ucsc.edu/goldenPath/hg18/database/
9				5107046	5110747	3702		Tao_Genes_2023
9				5107046	5110747	3702		Tao_Genes_2023
9				5107046	5110747	3702		Tao_Genes_2023
9	4510	4712	203	5961866	5961882	17	186	Nyuwa基因组资源NUMTs
9	13803	13909	107	6063259	6063260	2	105	Wei_Nature_2022_生殖系
9	310	444	135	6571574	6571581	8	127	Wei_Nature_2022_生殖系
9	9996	10208	213	7066202	7066232	31	182	Wei_Nature_2022_生殖系
9	263	718	456	8765343	8765347	5	451	Wei_Nature_2022_生殖系
9	9024	9148	125	10588446	10588460	15	110	Wei_Nature_2022_生殖系
9	4552	4608	57	12200839	12200839	1	56	Wei_Nature_2022_生殖系
9	4140	4298	159	12605438	12605454	17	142	Wei_Nature_2022_生殖系
9	13217	26434	13218	12855769	12855791	23	13195	Nyuwa基因组资源NUMTs
9	9090	18180	9091	13845550	13845550	1	9090	Nyuwa基因组资源NUMTs
9			9148	15435477	15435478	2	9146	Nyuwa基因组资源NUMTs
9	8607	8734	128	15991799	15991805	7	121	Nyuwa基因组资源NUMTs
9	305	501	197	17315572	17315573	2	195	Wei_Nature_2022_生殖系
9	10373	10513	141	18008991	18008992	2	139	Wei_Nature_2022_生殖系
9	2451	2540	90	18336644	18336733	90	0	Calabrese_BMCBioinformatics_2012_低置信;Calabrese_BMCBioinformatics_2012_高置信;Simone_BMC_Genomics_2011_版本1_766_HSP;Simone_BMC_Genomics_2011_版本2_585_高置信;UCSC_https://hgdownload.soe.ucsc.edu/goldenPath/hg18/database/
9				18336644	18336735	92		Tao_Genes_2023
9				18336644	18336735	92		Tao_Genes_2023
9				18336644	18336735	92		Tao_Genes_2023
9				18826062	18826141	80		Tao_Genes_2023
9				18826062	18826141	80		Tao_Genes_2023
9				18826062	18826141	80		Tao_Genes_2023
9	6593	6653	61	18826068	18826128	61	0	Calabrese_BMCBioinformatics_2012_低置信;Calabrese_BMCBioinformatics_2012_高置信;Simone_BMC_Genomics_2011_版本1_766_HSP;Simone_BMC_Genomics_2011_版本2_585_高置信;UCSC_https://hgdownload.soe.ucsc.edu/goldenPath/hg18/database/
9	4365	4485	121	19372129	19372129	1	120	Wei_Nature_2022_肿瘤
9	9642	9713	72	20823417	20823417	1	71	Wei_Nature_2022_肿瘤
9	1552	1721	170	21110071	21110072	2	168	Nyuwa基因组资源NUMTs
9	4242	4629	388	21802669	21802669	1	387	Wei_Nature_2022_肿瘤
9	1930	2008	79	23597648	23597650	3	76	Nyuwa基因组资源NUMTs;Wei_Nature_2022_生殖系
9	9433	9506	74	24884657	24884658	2	72	Wei_Nature_2022_生殖系
9	7805	8041	237	25147087	25147088	2	235	Nyuwa基因组资源NUMTs
9	2054	12299	10246	29021361	29021361	1	10245	Wei_Nature_2022_生殖系
9	2054	12299	10246	29026770	29026770	1	10245	Wei_Nature_2022_生殖系
9	2184	2671	488	29209601	29209601	1	487	Wei_Nature_2022_肿瘤
9	5270	5438	169	29635747	29635747	1	168	Wei_Nature_2022_生殖系
9	13307	15601	2295	30360501	30360506	6	2289	Nyuwa基因组资源NUMTs
9	13849	13987	139	30395919	30395919	1	138	Nyuwa基因组资源NUMTs
9	10655	10711	57	33144582	33144584	3	54	Wei_Nature_2022_生殖系
9				33655873	33656133	261		Tao_Genes_2023
9				33655873	33656133	261		Tao_Genes_2023
9				33655873	33656133	261		Tao_Genes_2023
9	16557	16569	13	33655881	33655893	13	0	Calabrese_BMCBioinformatics_2012_低置信;Calabrese_BMCBioinformatics_2012_高置信;Simone_BMC_Genomics_2011_版本1_766_HSP;UCSC_https://hgdownload.soe.ucsc.edu/goldenPath/hg18/database/
9	1	16569	16569	33655881	33659130	3250	13319	Simone_BMC_Genomics_2011_版本2_585_高置信
9	1	76	76	33655894	33655968	75	1	Calabrese_BMCBioinformatics_2012_低置信;Simone_BMC_Genomics_2011_版本1_766_HSP
9			76	33655894	33655968	75	1	UCSC_https://hgdownload.soe.ucsc.edu/goldenPath/hg18/database/
9				33656610	33659130	2521		Tao_Genes_2023
9				33656610	33659130	2521		Tao_Genes_2023
9				33656610	33659130	2521		Tao_Genes_2023
9	574	3093	2520	33656611	33659130	2520	0	Calabrese_BMCBioinformatics_2012_低置信;Calabrese_BMCBioinformatics_2012_高置信;Daniela_Lascaro_BMC_Genomics_2008;Simone_BMC_Genomics_2011_版本1_766_HSP;UCSC_https://hgdownload.soe.ucsc.edu/goldenPath/hg18/database/
9	15514	15773	260	33916480	33916741	262	2	Calabrese_BMCBioinformatics_2012_低置信;Calabrese_BMCBioinformatics_2012_高置信;Simone_BMC_Genomics_2011_版本1_766_HSP;Simone_BMC_Genomics_2011_版本2_585_高置信;UCSC_https://hgdownload.soe.ucsc.edu/goldenPath/hg18/database/
9				33916480	33916741	262		Tao_Genes_2023
9				33916480	33916741	262		Tao_Genes_2023
9				33916480	33916741	262		Tao_Genes_2023
9	9861	9964	104	34340848	34340852	5	99	Nyuwa基因组资源NUMTs
9	16100	16478	379	34999144	34999510	367	12	Calabrese_BMCBioinformatics_2012_低置信;Calabrese_BMCBioinformatics_2012_高置信;Simone_BMC_Genomics_2011_版本1_766_HSP;Simone_BMC_Genomics_2011_版本2_585_高置信;UCSC_https://hgdownload.soe.ucsc.edu/goldenPath/hg18/database/
9				34999144	34999511	368		Tao_Genes_2023
9				34999144	34999511	368		Tao_Genes_2023
9				34999144	34999511	368		Tao_Genes_2023
9	16467	32934	16468	36343828	36343828	1	16467	Nyuwa基因组资源NUMTs
9				36473989	36474021	33		Tao_Genes_2023
9				36473989	36474021	33		Tao_Genes_2023
9				36473989	36474021	33		Tao_Genes_2023
9	11868	12016	149	37785662	37785664	3	146	Wei_Nature_2022_生殖系
9	14536	15372	837	39551761	39551761	1	836	Wei_Nature_2022_生殖系
9				40613863	40614017	155		Tao_Genes_2023
9				40613863	40614017	155		Tao_Genes_2023
9	1021	1509	489	42256672	42257161	490	1	Daniela_Lascaro_BMC_Genomics_2008
9	5770	6528	759	42257714	42258448	735	24	Daniela_Lascaro_BMC_Genomics_2008
9				43244303	43244457	155		Tao_Genes_2023
9				43244303	43244457	155		Tao_Genes_2023
9	9780	9924	145	61645866	61645871	6	139	Wei_Nature_2022_生殖系
9				63026129	63026283	155		Tao_Genes_2023
9				63026129	63026283	155		Tao_Genes_2023
9	3747	3890	144	63026134	63026277	144	0	Calabrese_BMCBioinformatics_2012_低置信;Calabrese_BMCBioinformatics_2012_高置信;Simone_BMC_Genomics_2011_版本1_766_HSP;Simone_BMC_Genomics_2011_版本2_585_高置信;UCSC_https://hgdownload.soe.ucsc.edu/goldenPath/hg18/database/
9				63413067	63413221	155		Tao_Genes_2023
9				64045494	64046461	968		Tao_Genes_2023
9				64046464	64047813	1350		Tao_Genes_2023
9				64047876	64048398	523		Tao_Genes_2023
9				64737069	64737223	155		Tao_Genes_2023
9				64737069	64737223	155		Tao_Genes_2023
9				64737069	64737223	155		Tao_Genes_2023
9	3747	3890	144	64737075	64737218	144	0	Calabrese_BMCBioinformatics_2012_低置信;Calabrese_BMCBioinformatics_2012_高置信;Simone_BMC_Genomics_2011_版本1_766_HSP;Simone_BMC_Genomics_2011_版本2_585_高置信;UCSC_https://hgdownload.soe.ucsc.edu/goldenPath/hg18/database/
9	606	2826	2221	65056840	65056842	3	2218	Wei_Nature_2022_生殖系
9				65222574	65222728	155		Tao_Genes_2023
9				65222574	65222728	155		Tao_Genes_2023
9				65222574	65222728	155		Tao_Genes_2023
9				65222574	65222728	155		Tao_Genes_2023
9	3747	3890	144	65222580	65222723	144	0	Calabrese_BMCBioinformatics_2012_低置信;Calabrese_BMCBioinformatics_2012_高置信;Simone_BMC_Genomics_2011_版本1_766_HSP;Simone_BMC_Genomics_2011_版本2_585_高置信;UCSC_https://hgdownload.soe.ucsc.edu/goldenPath/hg18/database/
9	6224	6420	197	65725323	65725324	2	195	Wei_Nature_2022_生殖系
9				65799258	65799412	155		Tao_Genes_2023
9				65799258	65799412	155		Tao_Genes_2023
9				65799258	65799412	155		Tao_Genes_2023
9				65799258	65799412	155		Tao_Genes_2023
9	3747	3890	144	65799263	65799406	144	0	Calabrese_BMCBioinformatics_2012_低置信;Calabrese_BMCBioinformatics_2012_高置信;Simone_BMC_Genomics_2011_版本1_766_HSP;Simone_BMC_Genomics_2011_版本2_585_高置信;UCSC_https://hgdownload.soe.ucsc.edu/goldenPath/hg18/database/
9	11958	12448	491	68437607	68437607	1	490	Wei_Nature_2022_肿瘤
9	10539	10613	75	68649712	68649712	1	74	Wei_Nature_2022_生殖系
9	7564	7686	123	70547052	70547053	2	121	Wei_Nature_2022_生殖系
9	3906	4023	118	70916590	70916591	2	116	Wei_Nature_2022_生殖系
9	4534	4663	130	71332422	71332424	3	127	Wei_Nature_2022_生殖系
9	9197	9433	237	74113803	74113803	1	236	Wei_Nature_2022_生殖系
9	12928	13101	174	74295829	74295829	1	173	Wei_Nature_2022_肿瘤
9	15060	15203	144	77456201	77456202	2	142	Wei_Nature_2022_生殖系
9				77964840	77965344	505		Tao_Genes_2023
9				77964840	77965344	505		Tao_Genes_2023
9				77964840	77965344	505		Tao_Genes_2023
9	13855	14351	497	77964854	77965344	491	6	Calabrese_BMCBioinformatics_2012_低置信;Calabrese_BMCBioinformatics_2012_高置信;Simone_BMC_Genomics_2011_版本1_766_HSP;Simone_BMC_Genomics_2011_版本2_585_高置信;UCSC_https://hgdownload.soe.ucsc.edu/goldenPath/hg18/database/
9				78741008	78742820	1813		Tao_Genes_2023
9				78741008	78742820	1813		Tao_Genes_2023
9				78741008	78742820	1813		Tao_Genes_2023
9	4396	6214	1819	78741011	78742818	1808	11	Calabrese_BMCBioinformatics_2012_低置信;Daniela_Lascaro_BMC_Genomics_2008;Simone_BMC_Genomics_2011_版本1_766_HSP;UCSC_https://hgdownload.soe.ucsc.edu/goldenPath/hg18/database/
9	1	6214	6214	78741011	78744286	3276	2938	Calabrese_BMCBioinformatics_2012_高置信
9	1	16569	16569	78741011	78744442	3432	13137	Simone_BMC_Genomics_2011_版本2_585_高置信
9	581	1008	428	78743087	78743508	422	6	Calabrese_BMCBioinformatics_2012_低置信;Simone_BMC_Genomics_2011_版本1_766_HSP;UCSC_https://hgdownload.soe.ucsc.edu/goldenPath/hg18/database/
9				78743087	78743520	434		Tao_Genes_2023
9				78743087	78743520	434		Tao_Genes_2023
9				78743087	78743520	434		Tao_Genes_2023
9				78744211	78744581	371		Tao_Genes_2023
9				78744211	78744581	371		Tao_Genes_2023
9				78744211	78744581	371		Tao_Genes_2023
9	1	60	60	78744227	78744286	60	0	Calabrese_BMCBioinformatics_2012_低置信;Simone_BMC_Genomics_2011_版本1_766_HSP
9			60	78744227	78744286	60	0	UCSC_https://hgdownload.soe.ucsc.edu/goldenPath/hg18/database/
9	16414	16569	156	78744287	78744442	156	0	Calabrese_BMCBioinformatics_2012_低置信;Calabrese_BMCBioinformatics_2012_高置信;Simone_BMC_Genomics_2011_版本1_766_HSP;UCSC_https://hgdownload.soe.ucsc.edu/goldenPath/hg18/database/
9				78744647	78744807	161		Tao_Genes_2023
9				78744647	78744807	161		Tao_Genes_2023
9				78744647	78744807	161		Tao_Genes_2023
9				78810864	78810973	110		Tao_Genes_2023
9				78810864	78810973	110		Tao_Genes_2023
9				78810864	78810973	110		Tao_Genes_2023
9	3810	3919	110	78810865	78810972	108	2	Calabrese_BMCBioinformatics_2012_低置信;Calabrese_BMCBioinformatics_2012_高置信;Simone_BMC_Genomics_2011_版本1_766_HSP;Simone_BMC_Genomics_2011_版本2_585_高置信;UCSC_https://hgdownload.soe.ucsc.edu/goldenPath/hg18/database/
9	10721	10933	213	79124624	79124625	2	211	Nyuwa基因组资源NUMTs;Wei_Nature_2022_生殖系
9	15894	16361	468	80164967	80164990	24	444	Nyuwa基因组资源NUMTs
9	4605	6990	2386	80563554	80565930	2377	9	Calabrese_BMCBioinformatics_2012_低置信;Calabrese_BMCBioinformatics_2012_高置信;Daniela_Lascaro_BMC_Genomics_2008;Simone_BMC_Genomics_2011_版本1_766_HSP;Simone_BMC_Genomics_2011_版本2_585_高置信;UCSC_https://hgdownload.soe.ucsc.edu/goldenPath/hg18/database/
9				80563554	80565964	2411		Tao_Genes_2023
9				80563554	80565964	2411		Tao_Genes_2023
9				80563554	80565964	2411		Tao_Genes_2023
9	9109	9888	780	82427347	82428115	769	11	Calabrese_BMCBioinformatics_2012_低置信;Calabrese_BMCBioinformatics_2012_高置信;Simone_BMC_Genomics_2011_版本1_766_HSP;Simone_BMC_Genomics_2011_版本2_585_高置信;UCSC_https://hgdownload.soe.ucsc.edu/goldenPath/hg18/database/
9				82427347	82428118	772		Tao_Genes_2023
9				82427347	82428118	772		Tao_Genes_2023
9				82427347	82428118	772		Tao_Genes_2023
9	7007	15984	8978	82659004	82659004	1	8977	Wei_Nature_2022_肿瘤
9	6929	7228	300	84745558	84745559	2	298	Nyuwa基因组资源NUMTs
9	3023	3167	145	84879575	84879582	8	137	Wei_Nature_2022_生殖系
9				85320498	85320559	62		Tao_Genes_2023
9				85320498	85320559	62		Tao_Genes_2023
9				85320498	85320559	62		Tao_Genes_2023
9	1955	2065	111	85473945	85473950	6	105	Wei_Nature_2022_生殖系
9	12475	12536	62	86240289	86240290	2	60	Nyuwa基因组资源NUMTs
9	8615	12382	3768	87009903	87009910	8	3760	Wei_Nature_2022_生殖系
9	11913	23826	11914	87232068	87232068	1	11913	Nyuwa基因组资源NUMTs
9	45	16449	16405	87289907	87289908	2	16403	Wei_Nature_2022_生殖系
9	8207	11234	3028	87854126	87854143	18	3010	Wei_Nature_2022_生殖系
9	2809	2877	69	89062044	89062046	3	66	Nyuwa基因组资源NUMTs
9	3159	3231	73	90271623	90271626	4	69	Nyuwa基因组资源NUMTs
9				90435760	90435837	78		Tao_Genes_2023
9				90435760	90435837	78		Tao_Genes_2023
9				90435760	90435837	78		Tao_Genes_2023
9	5027	5103	77	90435761	90435837	77	0	Calabrese_BMCBioinformatics_2012_低置信;Calabrese_BMCBioinformatics_2012_高置信;Simone_BMC_Genomics_2011_版本1_766_HSP;Simone_BMC_Genomics_2011_版本2_585_高置信;UCSC_https://hgdownload.soe.ucsc.edu/goldenPath/hg18/database/
9	1368	1478	111	91280650	91280654	5	106	Nyuwa基因组资源NUMTs
9	14905	15159	255	91775895	91775897	3	252	Nyuwa基因组资源NUMTs
9				92108911	92109690	780		Tao_Genes_2023
9				92108911	92109690	780		Tao_Genes_2023
9				92108911	92109690	780		Tao_Genes_2023
9	9109	9888	780	92108918	92109690	773	7	Calabrese_BMCBioinformatics_2012_低置信;Simone_BMC_Genomics_2011_版本1_766_HSP;UCSC_https://hgdownload.soe.ucsc.edu/goldenPath/hg18/database/
9	9541	11699	2159	92109497	92111770	2274	115	Calabrese_BMCBioinformatics_2012_低置信;Calabrese_BMCBioinformatics_2012_高置信;Daniela_Lascaro_BMC_Genomics_2008;Simone_BMC_Genomics_2011_版本1_766_HSP;Simone_BMC_Genomics_2011_版本2_585_高置信;UCSC_https://hgdownload.soe.ucsc.edu/goldenPath/hg18/database/
9				92109981	92111770	1790		Tao_Genes_2023
9				92109981	92111770	1790		Tao_Genes_2023
9				92109981	92111770	1790		Tao_Genes_2023
9	11679	11837	159	92263394	92263395	2	157	Nyuwa基因组资源NUMTs
9	16387	16459	73	92344697	92344705	9	64	Wei_Nature_2022_生殖系
9				92539057	92539686	630		Tao_Genes_2023
9				92539057	92539686	630		Tao_Genes_2023
9				92539057	92539686	630		Tao_Genes_2023
9	5427	6022	596	92539063	92539686	624	28	Calabrese_BMCBioinformatics_2012_低置信;Calabrese_BMCBioinformatics_2012_高置信;Daniela_Lascaro_BMC_Genomics_2008;Simone_BMC_Genomics_2011_版本1_766_HSP;Simone_BMC_Genomics_2011_版本2_585_高置信;UCSC_https://hgdownload.soe.ucsc.edu/goldenPath/hg18/database/
9	846	932	87	92860964	92860966	3	84	Nyuwa基因组资源NUMTs
9	12103	12558	456	92913469	92913469	1	455	Wei_Nature_2022_肿瘤
9	1947	2054	108	92924807	92924813	7	101	Wei_Nature_2022_生殖系
9				93759607	93759712	106		Tao_Genes_2023
9				93759607	93759712	106		Tao_Genes_2023
9				93759607	93759712	106		Tao_Genes_2023
9	16065	16456	392	94216553	94216563	11	381	Wei_Nature_2022_生殖系
9	498	10950	10453	95173788	95173806	19	10434	Wei_Nature_2022_生殖系
9			3545	95626807	95626807	1	3544	Nyuwa基因组资源NUMTs
9	3383	6766	3384	95628231	95628231	1	3383	Nyuwa基因组资源NUMTs
9	6195	12990	6796	95636419	95636430	12	6784	Wei_Nature_2022_生殖系
9				95877096	95877158	63		Tao_Genes_2023
9				95877096	95877158	63		Tao_Genes_2023
9				95877096	95877158	63		Tao_Genes_2023
9	10400	10448	49	95877109	95877158	50	1	Calabrese_BMCBioinformatics_2012_低置信;Calabrese_BMCBioinformatics_2012_高置信;Simone_BMC_Genomics_2011_版本1_766_HSP;Simone_BMC_Genomics_2011_版本2_585_高置信;UCSC_https://hgdownload.soe.ucsc.edu/goldenPath/hg18/database/
9	13769	13938	170	96490686	96490697	12	158	Nyuwa基因组资源NUMTs
9	4744	14128	9385	96806099	96806099	1	9384	Wei_Nature_2022_肿瘤
9	13241	13370	130	97149018	97149025	8	122	Wei_Nature_2022_生殖系
9	16104	16569	466	99378776	99378776	1	465	Wei_Nature_2022_肿瘤
9	14269	14337	69	99588433	99588440	8	61	Wei_Nature_2022_生殖系
9	13127	13245	119	100776508	100776508	1	118	Nyuwa基因组资源NUMTs
9	805	1258	454	100982746	100982746	1	453	Wei_Nature_2022_生殖系
9	8422	8539	118	101112461	101112466	6	112	Wei_Nature_2022_生殖系
9				101793453	101793877	425		Tao_Genes_2023
9				101793453	101793877	425		Tao_Genes_2023
9				101793453	101793877	425		Tao_Genes_2023
9	9937	10360	424	101793454	101793877	424	0	Calabrese_BMCBioinformatics_2012_低置信;Calabrese_BMCBioinformatics_2012_高置信;Simone_BMC_Genomics_2011_版本1_766_HSP;Simone_BMC_Genomics_2011_版本2_585_高置信;UCSC_https://hgdownload.soe.ucsc.edu/goldenPath/hg18/database/
9	12440	12656	217	101929853	101929853	1	216	Wei_Nature_2022_生殖系
9	13835	14038	204	103065409	103065612	204	0	Calabrese_BMCBioinformatics_2012_低置信;Calabrese_BMCBioinformatics_2012_高置信;Simone_BMC_Genomics_2011_版本1_766_HSP;Simone_BMC_Genomics_2011_版本2_585_高置信;UCSC_https://hgdownload.soe.ucsc.edu/goldenPath/hg18/database/
9				103065409	103065613	205		Tao_Genes_2023
9				103065409	103065613	205		Tao_Genes_2023
9				103065409	103065613	205		Tao_Genes_2023
9	13678	13969	292	106148116	106148116	1	291	Wei_Nature_2022_肿瘤
9	5244	5352	109	106882398	106882402	5	104	Wei_Nature_2022_生殖系
9	13478	13579	102	106967798	106967800	3	99	Wei_Nature_2022_生殖系
9	10782	10994	213	108197939	108197939	1	212	Wei_Nature_2022_肿瘤
9				109300229	109300469	241		Tao_Genes_2023
9				109300229	109300469	241		Tao_Genes_2023
9				109300229	109300469	241		Tao_Genes_2023
9	4863	5454	592	109300229	109301143	915	323	Calabrese_BMCBioinformatics_2012_低置信;Calabrese_BMCBioinformatics_2012_高置信;Simone_BMC_Genomics_2011_版本1_766_HSP;Simone_BMC_Genomics_2011_版本2_585_高置信;UCSC_https://hgdownload.soe.ucsc.edu/goldenPath/hg18/database/
9				109300851	109301156	306		Tao_Genes_2023
9				109300851	109301156	306		Tao_Genes_2023
9				109300851	109301156	306		Tao_Genes_2023
9	7923	8027	105	110244270	110244297	28	77	Nyuwa基因组资源NUMTs;Wei_Nature_2022_生殖系
9	12503	12586	84	110660424	110660431	8	76	Wei_Nature_2022_生殖系
9				111633234	111633403	170		Tao_Genes_2023
9				111633234	111633403	170		Tao_Genes_2023
9				111633234	111633403	170		Tao_Genes_2023
9				112576772	112576875	104		Tao_Genes_2023
9				112576772	112576875	104		Tao_Genes_2023
9				112576772	112576875	104		Tao_Genes_2023
9	342	462	121	115031537	115031538	2	119	Wei_Nature_2022_生殖系
9	6439	6542	104	115404522	115404572	51	53	Nyuwa基因组资源NUMTs
9	3064	3350	287	116468471	116468472	2	285	Wei_Nature_2022_生殖系
9				116756625	116756723	99		Tao_Genes_2023
9				116756625	116756723	99		Tao_Genes_2023
9				116756625	116756723	99		Tao_Genes_2023
9	15569	15644	76	119092990	119092992	3	73	Wei_Nature_2022_生殖系
9	9535	9610	76	119586201	119586204	4	72	Wei_Nature_2022_生殖系
9				120335301	120335411	111		Tao_Genes_2023
9				120335301	120335411	111		Tao_Genes_2023
9				120335301	120335411	111		Tao_Genes_2023
9	12834	13026	193	123513572	123513586	15	178	Wei_Nature_2022_生殖系
9	4478	4604	127	124131975	124131976	2	125	Wei_Nature_2022_生殖系
9	15432	15500	69	124214583	124214583	1	68	Wei_Nature_2022_生殖系
9	3634	3854	221	124563887	124563902	16	205	Wei_Nature_2022_生殖系
9	12818	12893	76	125751871	125751872	2	74	Nyuwa基因组资源NUMTs
9	14994	16515	1522	125853742	125853742	1	1521	Wei_Nature_2022_生殖系
9				126548253	126548344	92		Tao_Genes_2023
9				126548253	126548344	92		Tao_Genes_2023
9				126548253	126548344	92		Tao_Genes_2023
9	14919	29838	14920	127011125	127011125	1	14919	Nyuwa基因组资源NUMTs
9			13614	127335180	127335181	2	13612	Nyuwa基因组资源NUMTs
9	6913	6998	86	128007529	128007530	2	84	Nyuwa基因组资源NUMTs
9	3634	3900	267	128040051	128040051	1	266	Nyuwa基因组资源NUMTs
9	12130	12213	84	128501294	128501294	1	83	Wei_Nature_2022_肿瘤
9	2767	2841	75	129878857	129878931	75	0	Calabrese_BMCBioinformatics_2012_低置信;Calabrese_BMCBioinformatics_2012_高置信;Simone_BMC_Genomics_2011_版本1_766_HSP;Simone_BMC_Genomics_2011_版本2_585_高置信;UCSC_https://hgdownload.soe.ucsc.edu/goldenPath/hg18/database/
9				129878857	129878931	75		Tao_Genes_2023
9				129878857	129878931	75		Tao_Genes_2023
9				129878857	129878931	75		Tao_Genes_2023
9	4250	4439	190	131615869	131615871	3	187	Wei_Nature_2022_生殖系
9	16043	16569	527	132037780	132037780	1	526	Wei_Nature_2022_肿瘤
9				133417314	133417440	127		Tao_Genes_2023
9				133417314	133417440	127		Tao_Genes_2023
9				133417314	133417440	127		Tao_Genes_2023
9	1797	1913	117	133417316	133417432	117	0	Calabrese_BMCBioinformatics_2012_低置信;Calabrese_BMCBioinformatics_2012_高置信;Simone_BMC_Genomics_2011_版本1_766_HSP;Simone_BMC_Genomics_2011_版本2_585_高置信;UCSC_https://hgdownload.soe.ucsc.edu/goldenPath/hg18/database/
9	11737	11816	80	133689791	133689796	6	74	Wei_Nature_2022_生殖系
9				133739146	133739309	164		Tao_Genes_2023
9				133739146	133739309	164		Tao_Genes_2023
9				133739146	133739309	164		Tao_Genes_2023
9	12956	13031	76	133925159	133925160	2	74	Wei_Nature_2022_生殖系
9	576	803	228	136480201	136480209	9	219	Wei_Nature_2022_生殖系
9	12479	12548	70	137150603	137150604	2	68	Wei_Nature_2022_生殖系
10	14916	14986	71	842892	842892	1	70	Wei_Nature_2022_生殖系
10				2235689	2235857	169		Tao_Genes_2023
10	13011	13183	173	2235689	2235860	172	1	Calabrese_BMCBioinformatics_2012_低置信;Calabrese_BMCBioinformatics_2012_高置信;Simone_BMC_Genomics_2011_版本1_766_HSP;Simone_BMC_Genomics_2011_版本2_585_高置信;UCSC_https://hgdownload.soe.ucsc.edu/goldenPath/hg18/database/
10				2235689	2235861	173		Tao_Genes_2023
10				2235689	2235861	173		Tao_Genes_2023
10			8850	2318533	2318533	1	8849	Nyuwa基因组资源NUMTs
10			1184	4495912	4495912	1	1183	Nyuwa基因组资源NUMTs
10	8884	9218	335	5152470	5152470	1	334	Wei_Nature_2022_肿瘤
10	15446	15820	375	7936941	7936941	1	374	Wei_Nature_2022_肿瘤
10	11138	14161	3024	10256610	10256611	2	3022	Nyuwa基因组资源NUMTs
10	11962	23924	11963	11017716	11017716	1	11962	Nyuwa基因组资源NUMTs
10	11962	12070	109	11017716	11017717	2	107	Wei_Nature_2022_生殖系
10	16111	16289	179	11480757	11480764	8	171	Wei_Nature_2022_生殖系
10	8719	8852	134	14722696	14722696	1	133	Wei_Nature_2022_生殖系
10	12496	12585	90	16715706	16715710	5	85	Wei_Nature_2022_生殖系
10				17199513	17199569	57		Tao_Genes_2023
10				17199513	17199569	57		Tao_Genes_2023
10				17199513	17199569	57		Tao_Genes_2023
10	10585	12355	1771	17966754	17966754	1	1770	Wei_Nature_2022_生殖系
10	11745	23490	11746	18481208	18481208	1	11745	Nyuwa基因组资源NUMTs
10	1750	1912	163	18776869	18776869	1	162	Wei_Nature_2022_肿瘤
10				19746627	19748653	2027		Tao_Genes_2023
10				19746627	19748653	2027		Tao_Genes_2023
10				19746627	19748653	2027		Tao_Genes_2023
10	2417	4831	2415	19746746	19748179	1434	981	Daniela_Lascaro_BMC_Genomics_2008
10	2769	3210	442	19746905	19747343	439	3	Calabrese_BMCBioinformatics_2012_低置信;Calabrese_BMCBioinformatics_2012_高置信;Simone_BMC_Genomics_2011_版本1_766_HSP;Simone_BMC_Genomics_2011_版本2_585_高置信;UCSC_https://hgdownload.soe.ucsc.edu/goldenPath/hg18/database/
10	4187	5305	1119	19747518	19748650	1133	14	Calabrese_BMCBioinformatics_2012_低置信;Calabrese_BMCBioinformatics_2012_高置信;Simone_BMC_Genomics_2011_版本1_766_HSP;Simone_BMC_Genomics_2011_版本2_585_高置信;UCSC_https://hgdownload.soe.ucsc.edu/goldenPath/hg18/database/
10	260	260	1	19874344	19874344	1	0	Wei_Nature_2022_肿瘤
10				20804272	20804577	306		Tao_Genes_2023
10				20804272	20804577	306		Tao_Genes_2023
10				20804272	20804577	306		Tao_Genes_2023
10	3675	3961	287	20804290	20804576	287	0	Calabrese_BMCBioinformatics_2012_低置信;Calabrese_BMCBioinformatics_2012_高置信;Simone_BMC_Genomics_2011_版本1_766_HSP;Simone_BMC_Genomics_2011_版本2_585_高置信;UCSC_https://hgdownload.soe.ucsc.edu/goldenPath/hg18/database/
10	9622	9795	174	20841371	20841544	174	0	Calabrese_BMCBioinformatics_2012_低置信;Calabrese_BMCBioinformatics_2012_高置信;Simone_BMC_Genomics_2011_版本1_766_HSP;Simone_BMC_Genomics_2011_版本2_585_高置信;UCSC_https://hgdownload.soe.ucsc.edu/goldenPath/hg18/database/
10				20841371	20841545	175		Tao_Genes_2023
10				20841371	20841545	175		Tao_Genes_2023
10				20841371	20841545	175		Tao_Genes_2023
10	15496	15579	84	20909078	20909079	2	82	Nyuwa基因组资源NUMTs
10			1323	20998050	20998050	1	1322	Nyuwa基因组资源NUMTs
10	260	16243	15984	22514902	22514920	19	15965	Wei_Nature_2022_生殖系
10	2956	3078	123	22850282	22850286	5	118	Nyuwa基因组资源NUMTs
10				24867687	24867824	138		Tao_Genes_2023
10				24867687	24867824	138		Tao_Genes_2023
10				24867687	24867824	138		Tao_Genes_2023
10				24868093	24868191	99		Tao_Genes_2023
10				24868093	24868191	99		Tao_Genes_2023
10				24868093	24868191	99		Tao_Genes_2023
10	15445	15820	376	25173582	25173582	1	375	Wei_Nature_2022_肿瘤
10	9352	9443	92	25296652	25296668	17	75	Wei_Nature_2022_生殖系
10	2606	2680	75	25638517	25638591	75	0	Calabrese_BMCBioinformatics_2012_低置信;Calabrese_BMCBioinformatics_2012_高置信;Simone_BMC_Genomics_2011_版本1_766_HSP;Simone_BMC_Genomics_2011_版本2_585_高置信;UCSC_https://hgdownload.soe.ucsc.edu/goldenPath/hg18/database/
10				25638517	25638591	75		Tao_Genes_2023
10				25638517	25638591	75		Tao_Genes_2023
10				25638517	25638591	75		Tao_Genes_2023
10	12417	12417	1	26077228	26077231	4	3	Wei_Nature_2022_生殖系
10	10959	11426	468	26243803	26243803	1	467	Wei_Nature_2022_肿瘤
10	8128	8199	72	26406631	26406631	1	71	Wei_Nature_2022_生殖系
10	8128	8199	72	26413377	26413377	1	71	Wei_Nature_2022_生殖系
10	2515	2659	145	26873261	26873405	145	0	Calabrese_BMCBioinformatics_2012_低置信;Calabrese_BMCBioinformatics_2012_高置信;Simone_BMC_Genomics_2011_版本1_766_HSP;Simone_BMC_Genomics_2011_版本2_585_高置信;UCSC_https://hgdownload.soe.ucsc.edu/goldenPath/hg18/database/
10				26873261	26873419	159		Tao_Genes_2023
10				26873261	26873419	159		Tao_Genes_2023
10				26873261	26873419	159		Tao_Genes_2023
10	1552	1613	62	27876748	27876809	62	0	Calabrese_BMCBioinformatics_2012_低置信;Calabrese_BMCBioinformatics_2012_高置信;Simone_BMC_Genomics_2011_版本1_766_HSP;Simone_BMC_Genomics_2011_版本2_585_高置信;UCSC_https://hgdownload.soe.ucsc.edu/goldenPath/hg18/database/
10				27876748	27876809	62		Tao_Genes_2023
10				27876748	27876809	62		Tao_Genes_2023
10				27876748	27876809	62		Tao_Genes_2023
10	14280	14423	144	28347232	28347234	3	141	Nyuwa基因组资源NUMTs;Wei_Nature_2022_生殖系
10	715	824	110	29785492	29785497	6	104	Nyuwa基因组资源NUMTs
10	9113	13223	4111	30259569	30259569	1	4110	Wei_Nature_2022_肿瘤
10				30565265	30565353	89		Tao_Genes_2023
10				30565265	30565353	89		Tao_Genes_2023
10				30565265	30565353	89		Tao_Genes_2023
10	7141	7216	76	30565268	30565340	73	3	Calabrese_BMCBioinformatics_2012_低置信;Calabrese_BMCBioinformatics_2012_高置信;Simone_BMC_Genomics_2011_版本1_766_HSP;Simone_BMC_Genomics_2011_版本2_585_高置信;UCSC_https://hgdownload.soe.ucsc.edu/goldenPath/hg18/database/
10	15677	15836	160	31827944	31827945	2	158	Nyuwa基因组资源NUMTs
10				33022968	33023230	263		Tao_Genes_2023
10				33022968	33023230	263		Tao_Genes_2023
10				33022968	33023230	263		Tao_Genes_2023
10	10736	10863	128	33023099	33023226	128	0	Calabrese_BMCBioinformatics_2012_低置信;Calabrese_BMCBioinformatics_2012_高置信;Simone_BMC_Genomics_2011_版本1_766_HSP;Simone_BMC_Genomics_2011_版本2_585_高置信;UCSC_https://hgdownload.soe.ucsc.edu/goldenPath/hg18/database/
10				33023386	33023808	423		Tao_Genes_2023
10				33023386	33023808	423		Tao_Genes_2023
10				33023386	33023808	423		Tao_Genes_2023
10	1345	1459	115	36214899	36215015	117	2	Calabrese_BMCBioinformatics_2012_低置信;Calabrese_BMCBioinformatics_2012_高置信;Simone_BMC_Genomics_2011_版本1_766_HSP;Simone_BMC_Genomics_2011_版本2_585_高置信;UCSC_https://hgdownload.soe.ucsc.edu/goldenPath/hg18/database/
10				36214899	36215018	120		Tao_Genes_2023
10				36214899	36215018	120		Tao_Genes_2023
10				36214899	36215018	120		Tao_Genes_2023
10	11657	13948	2292	36432876	36435162	2287	5	Calabrese_BMCBioinformatics_2012_低置信;Calabrese_BMCBioinformatics_2012_高置信;Daniela_Lascaro_BMC_Genomics_2008;Simone_BMC_Genomics_2011_版本1_766_HSP;Simone_BMC_Genomics_2011_版本2_585_高置信;UCSC_https://hgdownload.soe.ucsc.edu/goldenPath/hg18/database/
10				36432876	36435175	2300		Tao_Genes_2023
10				36432876	36435175	2300		Tao_Genes_2023
10				36432876	36435175	2300		Tao_Genes_2023
10	1701	3875	2175	37600797	37602974	2178	3	Calabrese_BMCBioinformatics_2012_低置信;Calabrese_BMCBioinformatics_2012_高置信;Daniela_Lascaro_BMC_Genomics_2008;Simone_BMC_Genomics_2011_版本1_766_HSP;Simone_BMC_Genomics_2011_版本2_585_高置信;UCSC_https://hgdownload.soe.ucsc.edu/goldenPath/hg18/database/
10				37600797	37602975	2179		Tao_Genes_2023
10				37600797	37602975	2179		Tao_Genes_2023
10				37600797	37602975	2179		Tao_Genes_2023
10			7837	37606009	37606009	1	7836	Nyuwa基因组资源NUMTs
10	124	13385	13262	38217874	38217879	6	13256	Wei_Nature_2022_生殖系
10	124	13385	13262	38331783	38331783	1	13261	Wei_Nature_2022_生殖系
10				38761807	38761955	149		Tao_Genes_2023
10				38761807	38761955	149		Tao_Genes_2023
10				38761807	38761955	149		Tao_Genes_2023
10	3750	3890	141	38761813	38761953	141	0	Calabrese_BMCBioinformatics_2012_低置信;Calabrese_BMCBioinformatics_2012_高置信;Simone_BMC_Genomics_2011_版本1_766_HSP;Simone_BMC_Genomics_2011_版本2_585_高置信;UCSC_https://hgdownload.soe.ucsc.edu/goldenPath/hg18/database/
10	16149	16569	421	41734067	41734067	1	420	Wei_Nature_2022_肿瘤
10			12019	42079430	42079949	520	11499	Nyuwa基因组资源NUMTs
10				42210517	42210671	155		Tao_Genes_2023
10				42210517	42210671	155		Tao_Genes_2023
10				42210517	42210671	155		Tao_Genes_2023
10	3750	3890	141	42210525	42210665	141	0	Calabrese_BMCBioinformatics_2012_低置信;Calabrese_BMCBioinformatics_2012_高置信;Simone_BMC_Genomics_2011_版本1_766_HSP;Simone_BMC_Genomics_2011_版本2_585_高置信;UCSC_https://hgdownload.soe.ucsc.edu/goldenPath/hg18/database/
10	8600	8666	67	43948675	43948676	2	65	Wei_Nature_2022_生殖系
10	802	953	152	45190148	45190150	3	149	Nyuwa基因组资源NUMTs
10	6595	6702	108	46477628	46477628	1	107	Wei_Nature_2022_肿瘤
10				46706106	46706551	446		Tao_Genes_2023
10				46706106	46706551	446		Tao_Genes_2023
10				46706106	46706551	446		Tao_Genes_2023
10	577	1015	439	46706107	46706545	439	0	Calabrese_BMCBioinformatics_2012_低置信;Calabrese_BMCBioinformatics_2012_高置信;Simone_BMC_Genomics_2011_版本1_766_HSP;Simone_BMC_Genomics_2011_版本2_585_高置信;UCSC_https://hgdownload.soe.ucsc.edu/goldenPath/hg18/database/
10				46707251	46707320	70		Tao_Genes_2023
10				46707251	46707320	70		Tao_Genes_2023
10				46707251	46707320	70		Tao_Genes_2023
10				46707251	46707320	70		Tao_Genes_2023
10				47633080	47633149	70		Tao_Genes_2023
10				47633080	47633149	70		Tao_Genes_2023
10				47633080	47633149	70		Tao_Genes_2023
10				47633080	47633149	70		Tao_Genes_2023
10				47633851	47634296	446		Tao_Genes_2023
10				47633851	47634296	446		Tao_Genes_2023
10				47633851	47634296	446		Tao_Genes_2023
10				47633851	47634296	446		Tao_Genes_2023
10	577	1015	439	47633857	47634295	439	0	Calabrese_BMCBioinformatics_2012_低置信;Calabrese_BMCBioinformatics_2012_高置信;Simone_BMC_Genomics_2011_版本1_766_HSP;Simone_BMC_Genomics_2011_版本2_585_高置信;UCSC_https://hgdownload.soe.ucsc.edu/goldenPath/hg18/database/
10	15398	15781	384	48783823	48783823	1	383	Wei_Nature_2022_肿瘤
10	64	16462	16399	50481103	50481103	1	16398	Wei_Nature_2022_肿瘤
10	74	144	71	50817131	50817132	2	69	Wei_Nature_2022_生殖系
10			7305	51219557	51219557	1	7304	Nyuwa基因组资源NUMTs
10	13613	14217	605	51498378	51498378	1	604	Wei_Nature_2022_生殖系
10	13613	14217	605	51524274	51524274	1	604	Wei_Nature_2022_生殖系
10	16427	16528	102	52488769	52488770	2	100	Wei_Nature_2022_生殖系
10	867	3339	2473	52518463	52518465	3	2470	Wei_Nature_2022_生殖系
10	8388	10031	1644	54984482	54984484	3	1641	Wei_Nature_2022_生殖系
10	2814	2880	67	55059960	55059963	4	63	Wei_Nature_2022_生殖系
10			15802	55256358	55256358	1	15801	Nyuwa基因组资源NUMTs
10	11	60	50	55597036	55597086	51	1	Calabrese_BMCBioinformatics_2012_低置信;Calabrese_BMCBioinformatics_2012_高置信;Simone_BMC_Genomics_2011_版本1_766_HSP;Simone_BMC_Genomics_2011_版本2_585_高置信;UCSC_https://hgdownload.soe.ucsc.edu/goldenPath/hg18/database/
10				55597036	55597088	53		Tao_Genes_2023
10				55597036	55597088	53		Tao_Genes_2023
10				55597036	55597088	53		Tao_Genes_2023
10				55597812	55600086	2275		Tao_Genes_2023
10				55597812	55600086	2275		Tao_Genes_2023
10				55597812	55600086	2275		Tao_Genes_2023
10	575	2962	2388	55597816	55600378	2563	175	Calabrese_BMCBioinformatics_2012_低置信;Calabrese_BMCBioinformatics_2012_高置信;Daniela_Lascaro_BMC_Genomics_2008;Simone_BMC_Genomics_2011_版本1_766_HSP;Simone_BMC_Genomics_2011_版本2_585_高置信;UCSC_https://hgdownload.soe.ucsc.edu/goldenPath/hg18/database/
10				55600372	55600736	365		Tao_Genes_2023
10				55600372	55600736	365		Tao_Genes_2023
10				55600372	55600736	365		Tao_Genes_2023
10	2801	3165	365	55600373	55600733	361	4	Calabrese_BMCBioinformatics_2012_低置信;Simone_BMC_Genomics_2011_版本1_766_HSP;UCSC_https://hgdownload.soe.ucsc.edu/goldenPath/hg18/database/
10	14255	14337	83	56098226	56098227	2	81	Nyuwa基因组资源NUMTs
10	8585	8658	74	56611502	56611502	1	73	Wei_Nature_2022_生殖系
10	15288	15546	259	58194701	58194702	2	257	Nyuwa基因组资源NUMTs
10	7811	7811	1	60794843	60794843	1	0	Wei_Nature_2022_肿瘤
10	11197	11197	1	60794843	60794843	1	0	Wei_Nature_2022_肿瘤
10	1286	1431	146	61638452	61638452	1	145	Wei_Nature_2022_生殖系
10	13804	14432	629	62382772	62382772	1	628	Wei_Nature_2022_生殖系
10	9103	9249	147	63089259	63089259	1	146	Wei_Nature_2022_生殖系
10	15493	15620	128	63369381	63369381	1	127	Wei_Nature_2022_生殖系
10	15312	15436	125	66376140	66376140	1	124	Wei_Nature_2022_生殖系
10	12492	12607	116	67362670	67362671	2	114	Wei_Nature_2022_生殖系
10	13805	13934	130	68251031	68251065	35	95	Wei_Nature_2022_生殖系
10				69155306	69155428	123		Tao_Genes_2023
10				69155306	69155428	123		Tao_Genes_2023
10				69155306	69155428	123		Tao_Genes_2023
10	8093	8204	112	69155315	69155426	112	0	Calabrese_BMCBioinformatics_2012_低置信;Calabrese_BMCBioinformatics_2012_高置信;Simone_BMC_Genomics_2011_版本1_766_HSP;Simone_BMC_Genomics_2011_版本2_585_高置信;UCSC_https://hgdownload.soe.ucsc.edu/goldenPath/hg18/database/
10	6780	6847	68	69177241	69177242	2	66	Nyuwa基因组资源NUMTs
10	5472	9034	3563	69589879	69593360	3482	81	Calabrese_BMCBioinformatics_2012_低置信;Simone_BMC_Genomics_2011_版本1_766_HSP;UCSC_https://hgdownload.soe.ucsc.edu/goldenPath/hg18/database/
10				69589879	69593383	3505		Tao_Genes_2023
10				69589879	69593383	3505		Tao_Genes_2023
10				69589879	69593383	3505		Tao_Genes_2023
10	3293	9034	5742	69589879	69596450	6572	830	Calabrese_BMCBioinformatics_2012_高置信;Simone_BMC_Genomics_2011_版本2_585_高置信
10	3821	7698	3878	69591150	69595925	4776	898	Daniela_Lascaro_BMC_Genomics_2008
10				69594016	69594940	925		Tao_Genes_2023
10				69594016	69594940	925		Tao_Genes_2023
10				69594016	69594940	925		Tao_Genes_2023
10	4503	5433	931	69594019	69594932	914	17	Calabrese_BMCBioinformatics_2012_低置信;Simone_BMC_Genomics_2011_版本1_766_HSP;UCSC_https://hgdownload.soe.ucsc.edu/goldenPath/hg18/database/
10	3293	4488	1196	69595258	69596450	1193	3	Calabrese_BMCBioinformatics_2012_低置信;Simone_BMC_Genomics_2011_版本1_766_HSP;UCSC_https://hgdownload.soe.ucsc.edu/goldenPath/hg18/database/
10				69595258	69596450	1193		Tao_Genes_2023
10				69595258	69596450	1193		Tao_Genes_2023
10				69595258	69596450	1193		Tao_Genes_2023
10	12744	12857	114	70793304	70793308	5	109	Wei_Nature_2022_生殖系
10	13836	13965	130	74652183	74652186	4	126	Nyuwa基因组资源NUMTs
10	5114	5114	1	75429787	75429787	1	0	Wei_Nature_2022_肿瘤
10	3421	3596	176	75504488	75504490	3	173	Wei_Nature_2022_生殖系
10	3811	4020	210	75694539	75694542	4	206	Wei_Nature_2022_生殖系
10	12052	12145	94	77237646	77237647	2	92	Wei_Nature_2022_生殖系
10	2928	3057	130	77351186	77351187	2	128	Nyuwa基因组资源NUMTs
10	3940	4058	119	77389395	77389399	5	114	Wei_Nature_2022_生殖系
10	6798	6904	107	78769260	78769263	4	103	Nyuwa基因组资源NUMTs;Wei_Nature_2022_生殖系
10	2325	2531	207	79318300	79318305	6	201	Wei_Nature_2022_生殖系
10	5804	5870	67	79411226	79411293	68	1	Calabrese_BMCBioinformatics_2012_低置信;Calabrese_BMCBioinformatics_2012_高置信;Simone_BMC_Genomics_2011_版本1_766_HSP;Simone_BMC_Genomics_2011_版本2_585_高置信;UCSC_https://hgdownload.soe.ucsc.edu/goldenPath/hg18/database/
10				79411226	79411293	68		Tao_Genes_2023
10				79411226	79411293	68		Tao_Genes_2023
10				79411226	79411293	68		Tao_Genes_2023
10	16274	16569	296	79853788	79853788	1	295	Wei_Nature_2022_肿瘤
10	48	15221	15174	80824207	80824216	10	15164	Wei_Nature_2022_生殖系
10	2	148	147	83908787	83908787	1	146	Wei_Nature_2022_生殖系
10	343	467	125	84137795	84137796	2	123	Wei_Nature_2022_生殖系
10	12870	12964	95	85509647	85509654	8	87	Wei_Nature_2022_生殖系
10	14666	16066	1401	87169872	87169876	5	1396	Wei_Nature_2022_生殖系
10	84	16179	16096	87370106	87370106	1	16095	Wei_Nature_2022_肿瘤
10	16110	16569	460	87507865	87507865	1	459	Wei_Nature_2022_肿瘤
10	6434	6596	163	87780456	87780457	2	161	Wei_Nature_2022_生殖系
10	14946	15161	216	88379200	88379201	2	214	Nyuwa基因组资源NUMTs
10	4512	9024	4513	88498849	88498852	4	4509	Nyuwa基因组资源NUMTs
10				89786598	89787110	513		Tao_Genes_2023
10				89786598	89787110	513		Tao_Genes_2023
10				89786598	89787110	513		Tao_Genes_2023
10	12506	12996	491	89786624	89787110	487	4	Calabrese_BMCBioinformatics_2012_低置信;Calabrese_BMCBioinformatics_2012_高置信;Simone_BMC_Genomics_2011_版本1_766_HSP;Simone_BMC_Genomics_2011_版本2_585_高置信;UCSC_https://hgdownload.soe.ucsc.edu/goldenPath/hg18/database/
10	1103	1280	178	90373860	90373860	1	177	Nyuwa基因组资源NUMTs
10	5382	5382	1	91754215	91754216	2	1	Wei_Nature_2022_生殖系
10	1087	1193	107	92516813	92516813	1	106	Wei_Nature_2022_生殖系
10				94763349	94763754	406		Tao_Genes_2023
10				94763349	94763754	406		Tao_Genes_2023
10				94763349	94763754	406		Tao_Genes_2023
10	11308	11764	457	94774172	94774628	457	0	Calabrese_BMCBioinformatics_2012_低置信;Calabrese_BMCBioinformatics_2012_高置信;Simone_BMC_Genomics_2011_版本1_766_HSP;Simone_BMC_Genomics_2011_版本2_585_高置信;UCSC_https://hgdownload.soe.ucsc.edu/goldenPath/hg18/database/
10				94774172	94774629	458		Tao_Genes_2023
10				94774172	94774629	458		Tao_Genes_2023
10				94774172	94774629	458		Tao_Genes_2023
10				94940228	94941122	895		Tao_Genes_2023
10				94940228	94941122	895		Tao_Genes_2023
10				94940228	94941122	895		Tao_Genes_2023
10	11308	12174	867	94940259	94941121	863	4	Calabrese_BMCBioinformatics_2012_低置信;Calabrese_BMCBioinformatics_2012_高置信;Simone_BMC_Genomics_2011_版本1_766_HSP;Simone_BMC_Genomics_2011_版本2_585_高置信;UCSC_https://hgdownload.soe.ucsc.edu/goldenPath/hg18/database/
10	9477	9556	80	96369740	96369740	1	79	Wei_Nature_2022_生殖系
10				96650908	96651032	125		Tao_Genes_2023
10				96650908	96651032	125		Tao_Genes_2023
10				96650908	96651032	125		Tao_Genes_2023
10	11512	11637	126	96650909	96651032	124	2	Calabrese_BMCBioinformatics_2012_低置信;Calabrese_BMCBioinformatics_2012_高置信;Simone_BMC_Genomics_2011_版本1_766_HSP;Simone_BMC_Genomics_2011_版本2_585_高置信;UCSC_https://hgdownload.soe.ucsc.edu/goldenPath/hg18/database/
10				96866433	96866539	107		Tao_Genes_2023
10				96866433	96866539	107		Tao_Genes_2023
10				96866433	96866539	107		Tao_Genes_2023
10	12124	12377	254	99306555	99306558	4	250	Wei_Nature_2022_生殖系
10	11543	11616	74	99434454	99434454	1	73	Wei_Nature_2022_生殖系
10	5805	6488	684	99471043	99471043	1	683	Wei_Nature_2022_肿瘤
10	11234	11299	66	99548646	99548647	2	64	Wei_Nature_2022_生殖系
10				100057382	100057918	537		Tao_Genes_2023
10				100057382	100057918	537		Tao_Genes_2023
10				100057382	100057918	537		Tao_Genes_2023
10	8281	8813	533	100057383	100057915	533	0	Calabrese_BMCBioinformatics_2012_低置信;Calabrese_BMCBioinformatics_2012_高置信;Daniela_Lascaro_BMC_Genomics_2008;Simone_BMC_Genomics_2011_版本1_766_HSP;Simone_BMC_Genomics_2011_版本2_585_高置信;UCSC_https://hgdownload.soe.ucsc.edu/goldenPath/hg18/database/
10	12790	12932	143	100335149	100335153	5	138	Wei_Nature_2022_生殖系
10	8367	8580	214	100821694	100821707	14	200	Wei_Nature_2022_生殖系
10	3202	6282	3081	101288228	101288228	1	3080	Wei_Nature_2022_生殖系
10	3202	6282	3081	101613572	101613572	1	3080	Wei_Nature_2022_生殖系
10	6316	6386	71	102013801	102013809	9	62	Wei_Nature_2022_生殖系
10	10632	10728	97	103767701	103767708	8	89	Wei_Nature_2022_生殖系
10	6818	6894	77	103876135	103876136	2	75	Wei_Nature_2022_生殖系
10	6991	7169	179	104011145	104011145	1	178	Wei_Nature_2022_生殖系
10	7316	7489	174	107176425	107176430	6	168	Wei_Nature_2022_生殖系
10				111833499	111833617	119		Tao_Genes_2023
10				111833499	111833617	119		Tao_Genes_2023
10				111833499	111833617	119		Tao_Genes_2023
10	8997	9198	202	111943998	111943999	2	200	Nyuwa基因组资源NUMTs
10				112894574	112894698	125		Tao_Genes_2023
10				112894574	112894698	125		Tao_Genes_2023
10				112894574	112894698	125		Tao_Genes_2023
10	346	459	114	112894578	112894690	113	1	Calabrese_BMCBioinformatics_2012_低置信;Calabrese_BMCBioinformatics_2012_高置信;Simone_BMC_Genomics_2011_版本1_766_HSP;Simone_BMC_Genomics_2011_版本2_585_高置信;UCSC_https://hgdownload.soe.ucsc.edu/goldenPath/hg18/database/
10	13263	13370	108	115154183	115154183	1	107	Nyuwa基因组资源NUMTs
10	1111	14212	13102	117033609	117033619	11	13091	Wei_Nature_2022_生殖系
10	11642	11772	131	117370781	117370783	3	128	Wei_Nature_2022_生殖系
10	11657	11786	130	118511164	118511165	2	128	Nyuwa基因组资源NUMTs
10				119838005	119838181	177		Tao_Genes_2023
10				119838005	119838181	177		Tao_Genes_2023
10				119838005	119838181	177		Tao_Genes_2023
10	3358	3529	172	119838008	119838180	173	1	Calabrese_BMCBioinformatics_2012_低置信;Calabrese_BMCBioinformatics_2012_高置信;Simone_BMC_Genomics_2011_版本1_766_HSP;Simone_BMC_Genomics_2011_版本2_585_高置信;UCSC_https://hgdownload.soe.ucsc.edu/goldenPath/hg18/database/
10	959	1262	304	120508524	120508524	1	303	Wei_Nature_2022_肿瘤
10	3713	3782	70	120836862	120836863	2	68	Nyuwa基因组资源NUMTs
10	6228	6411	184	124191038	124191057	20	164	Wei_Nature_2022_生殖系
10	12562	12623	62	124918207	124918213	7	55	Wei_Nature_2022_生殖系
10				125819797	125819964	168		Tao_Genes_2023
10				125819797	125819964	168		Tao_Genes_2023
10				125819797	125819964	168		Tao_Genes_2023
10	5743	5890	148	125819798	125819937	140	8	Calabrese_BMCBioinformatics_2012_低置信;Calabrese_BMCBioinformatics_2012_高置信;Simone_BMC_Genomics_2011_版本1_766_HSP;Simone_BMC_Genomics_2011_版本2_585_高置信;UCSC_https://hgdownload.soe.ucsc.edu/goldenPath/hg18/database/
10	8453	8589	137	126805899	126805903	5	132	Wei_Nature_2022_生殖系
10	523	2117	1595	128980435	128980435	1	1594	Wei_Nature_2022_生殖系
10	523	2117	1595	128983270	128983270	1	1594	Wei_Nature_2022_生殖系
10				130131130	130131204	75		Tao_Genes_2023
10				130131130	130131204	75		Tao_Genes_2023
10				130131130	130131204	75		Tao_Genes_2023
10	4354	4422	69	130131136	130131204	69	0	Calabrese_BMCBioinformatics_2012_低置信;Calabrese_BMCBioinformatics_2012_高置信;Simone_BMC_Genomics_2011_版本1_766_HSP;Simone_BMC_Genomics_2011_版本2_585_高置信;UCSC_https://hgdownload.soe.ucsc.edu/goldenPath/hg18/database/
10	13024	13160	137	131645821	131645823	3	134	Nyuwa基因组资源NUMTs
10	10352	10994	643	132020023	132020024	2	641	Nyuwa基因组资源NUMTs
10	10289	10432	144	132911141	132911143	3	141	Wei_Nature_2022_生殖系
11	7924	15848	7925	793798	793798	1	7924	Nyuwa基因组资源NUMTs
11	6263	6328	66	877324	877328	5	61	Nyuwa基因组资源NUMTs
11	111	13912	13802	2409831	2409843	13	13789	Wei_Nature_2022_生殖系
11	13133	16218	3086	3500743	3500748	6	3080	Wei_Nature_2022_生殖系
11	12782	13115	334	3724472	3724473	2	332	Wei_Nature_2022_生殖系
11	7841	7951	111	3739665	3739667	3	108	Wei_Nature_2022_生殖系
11	9326	9444	119	4166229	4166229	1	118	Wei_Nature_2022_生殖系
11	3847	3993	147	4229778	4229779	2	145	Nyuwa基因组资源NUMTs
11	2856	2987	132	6501903	6502030	128	4	Calabrese_BMCBioinformatics_2012_低置信;Calabrese_BMCBioinformatics_2012_高置信;Simone_BMC_Genomics_2011_版本1_766_HSP;Simone_BMC_Genomics_2011_版本2_585_高置信;UCSC_https://hgdownload.soe.ucsc.edu/goldenPath/hg18/database/
11				6501903	6502031	129		Tao_Genes_2023
11				6501903	6502031	129		Tao_Genes_2023
11				6501903	6502031	129		Tao_Genes_2023
11	170	415	246	7288649	7288652	4	242	Wei_Nature_2022_生殖系
11	14626	15366	741	7573088	7573099	12	729	Wei_Nature_2022_生殖系
11	577	2972	2396	10507887	10510280	2394	2	Calabrese_BMCBioinformatics_2012_低置信;Calabrese_BMCBioinformatics_2012_高置信;Daniela_Lascaro_BMC_Genomics_2008;Simone_BMC_Genomics_2011_版本1_766_HSP;Simone_BMC_Genomics_2011_版本2_585_高置信;UCSC_https://hgdownload.soe.ucsc.edu/goldenPath/hg18/database/
11				10507887	10510337	2451		Tao_Genes_2023
11				10507887	10510337	2451		Tao_Genes_2023
11				10507887	10510337	2451		Tao_Genes_2023
11	1073	1073	1	10508028	10510324	2297	2296	Wei_Nature_2022_生殖系
11	11485	11753	269	10541592	10541593	2	267	Nyuwa基因组资源NUMTs
11	2079	2206	128	10897404	10897409	6	122	Wei_Nature_2022_生殖系
11				11239955	11240174	220		Tao_Genes_2023
11				11239955	11240174	220		Tao_Genes_2023
11				11239955	11240174	220		Tao_Genes_2023
11	13153	13355	203	11239977	11240174	198	5	Calabrese_BMCBioinformatics_2012_低置信;Calabrese_BMCBioinformatics_2012_高置信;Simone_BMC_Genomics_2011_版本1_766_HSP;Simone_BMC_Genomics_2011_版本2_585_高置信;UCSC_https://hgdownload.soe.ucsc.edu/goldenPath/hg18/database/
11	16333	16458	126	12746292	12746294	3	123	Nyuwa基因组资源NUMTs
11	5247	6023	777	16750433	16750452	20	757	Wei_Nature_2022_生殖系
11	2971	3058	88	19410982	19410983	2	86	Wei_Nature_2022_生殖系
11	8397	8473	77	19573024	19573027	4	73	Nyuwa基因组资源NUMTs
11	15001	15174	174	21659723	21659724	2	172	Wei_Nature_2022_生殖系
11	4941	5045	105	22367542	22367547	6	99	Wei_Nature_2022_生殖系
11	5553	5652	100	22512592	22512592	1	99	Wei_Nature_2022_生殖系
11	14338	14457	120	23097792	23097796	5	115	Wei_Nature_2022_生殖系
11	13414	13587	174	24677017	24677020	4	170	Wei_Nature_2022_生殖系
11	3173	6731	3559	25634166	25634166	1	3558	Wei_Nature_2022_生殖系
11	3386	3474	89	26700105	26700106	2	87	Wei_Nature_2022_生殖系
11	3513	3603	91	26999693	26999693	1	90	Wei_Nature_2022_肿瘤
11	2131	4666	2536	28009817	28009865	49	2487	Wei_Nature_2022_生殖系
11	15995	16409	415	28937221	28937271	51	364	Wei_Nature_2022_生殖系
11	14454	14522	69	29246089	29246089	1	68	Nyuwa基因组资源NUMTs
11	6576	8941	2366	29687384	29687386	3	2363	Nyuwa基因组资源NUMTs
11	11429	11593	165	29848541	29848543	3	162	Wei_Nature_2022_生殖系
11	13031	13107	77	30015234	30015234	1	76	Wei_Nature_2022_生殖系
11	2683	4336	1654	31165344	31165362	19	1635	Wei_Nature_2022_生殖系
11	9712	9866	155	31300478	31300480	3	152	Wei_Nature_2022_生殖系
11				31555106	31555308	203		Tao_Genes_2023
11				31555106	31555308	203		Tao_Genes_2023
11				31555106	31555308	203		Tao_Genes_2023
11	16193	16386	194	31555109	31555305	197	3	Calabrese_BMCBioinformatics_2012_低置信;Calabrese_BMCBioinformatics_2012_高置信;Simone_BMC_Genomics_2011_版本1_766_HSP;Simone_BMC_Genomics_2011_版本2_585_高置信;UCSC_https://hgdownload.soe.ucsc.edu/goldenPath/hg18/database/
11	3901	16337	12437	31615310	31615317	8	12429	Wei_Nature_2022_生殖系
11	3848	8993	5146	33109912	33109912	1	5145	Wei_Nature_2022_生殖系
11	6677	6831	155	33291164	33291165	2	153	Wei_Nature_2022_生殖系
11	3848	8993	5146	33565734	33565743	10	5136	Wei_Nature_2022_生殖系
11	5732	6047	316	35087753	35087753	1	315	Wei_Nature_2022_肿瘤
11	2532	2769	238	35905923	35905925	3	235	Wei_Nature_2022_生殖系
11	8500	8607	108	36979914	36979914	1	107	Wei_Nature_2022_生殖系
11				37541525	37541632	108		Tao_Genes_2023
11				37541525	37541632	108		Tao_Genes_2023
11				37541525	37541632	108		Tao_Genes_2023
11	2587	3153	567	37541526	37542060	535	32	Calabrese_BMCBioinformatics_2012_低置信;Calabrese_BMCBioinformatics_2012_高置信;Simone_BMC_Genomics_2011_版本1_766_HSP;Simone_BMC_Genomics_2011_版本2_585_高置信;UCSC_https://hgdownload.soe.ucsc.edu/goldenPath/hg18/database/
11				37541813	37542070	258		Tao_Genes_2023
11				37541816	37542070	255		Tao_Genes_2023
11				37541816	37542070	255		Tao_Genes_2023
11	1546	1628	83	37718176	37718176	1	82	Wei_Nature_2022_生殖系
11				38586374	38586440	67		Tao_Genes_2023
11				38586374	38586440	67		Tao_Genes_2023
11				38586374	38586440	67		Tao_Genes_2023
11	15056	15258	203	39078452	39078452	1	202	Wei_Nature_2022_肿瘤
11				39766245	39767241	997		Tao_Genes_2023
11				39766245	39767242	998		Tao_Genes_2023
11				39766245	39767242	998		Tao_Genes_2023
11	6810	7804	995	39766246	39767237	992	3	Calabrese_BMCBioinformatics_2012_低置信;Calabrese_BMCBioinformatics_2012_高置信;Daniela_Lascaro_BMC_Genomics_2008;Simone_BMC_Genomics_2011_版本1_766_HSP;Simone_BMC_Genomics_2011_版本2_585_高置信
11	6810	7804	995	39766246	39773242	6997	6002	UCSC_https://hgdownload.soe.ucsc.edu/goldenPath/hg18/database/
11	216	16253	16038	40881659	40881659	1	16037	Wei_Nature_2022_肿瘤
11	12982	13059	78	42233423	42233434	12	66	Nyuwa基因组资源NUMTs
11	2809	2882	74	42463624	42463633	10	64	Nyuwa基因组资源NUMTs
11	3415	3491	77	42969399	42969399	1	76	Wei_Nature_2022_生殖系
11	4103	4187	85	45493317	45493319	3	82	Nyuwa基因组资源NUMTs
11	2550	12068	9519	45886451	45886451	1	9518	Wei_Nature_2022_肿瘤
11	13810	13927	118	45964398	45964398	1	117	Nyuwa基因组资源NUMTs
11	11556	11800	245	46664657	46664658	2	243	Nyuwa基因组资源NUMTs
11	13255	13452	198	47323984	47324181	198	0	Calabrese_BMCBioinformatics_2012_低置信;Calabrese_BMCBioinformatics_2012_高置信;Simone_BMC_Genomics_2011_版本1_766_HSP;Simone_BMC_Genomics_2011_版本2_585_高置信;UCSC_https://hgdownload.soe.ucsc.edu/goldenPath/hg18/database/
11				47323984	47324181	198		Tao_Genes_2023
11				47323984	47324181	198		Tao_Genes_2023
11				47323984	47324181	198		Tao_Genes_2023
11	3901	3963	63	47978398	47978398	1	62	Wei_Nature_2022_肿瘤
11				48972950	48973469	520		Tao_Genes_2023
11				48972950	48973469	520		Tao_Genes_2023
11				48972950	48973469	520		Tao_Genes_2023
11	3381	3891	511	48972953	48973463	511	0	Calabrese_BMCBioinformatics_2012_低置信;Calabrese_BMCBioinformatics_2012_高置信;Daniela_Lascaro_BMC_Genomics_2008;Simone_BMC_Genomics_2011_版本1_766_HSP;Simone_BMC_Genomics_2011_版本2_585_高置信;UCSC_https://hgdownload.soe.ucsc.edu/goldenPath/hg18/database/
11				49183395	49183770	376		Tao_Genes_2023
11				49183395	49183770	376		Tao_Genes_2023
11				49183395	49183770	376		Tao_Genes_2023
11				49812513	49813027	515		Tao_Genes_2023
11				49812513	49813027	515		Tao_Genes_2023
11				49812513	49813027	515		Tao_Genes_2023
11	3381	3891	511	49812519	49813024	506	5	Calabrese_BMCBioinformatics_2012_低置信;Calabrese_BMCBioinformatics_2012_高置信;Daniela_Lascaro_BMC_Genomics_2008;Simone_BMC_Genomics_2011_版本1_766_HSP;Simone_BMC_Genomics_2011_版本2_585_高置信;UCSC_https://hgdownload.soe.ucsc.edu/goldenPath/hg18/database/
11				49861894	49862282	389		Tao_Genes_2023
11				49861894	49862282	389		Tao_Genes_2023
11				49861894	49862282	389		Tao_Genes_2023
11	61	16088	16028	49862015	49862020	6	16022	Wei_Nature_2022_生殖系
11	16088	32176	16089	49862017	49862019	3	16086	Nyuwa基因组资源NUMTs
11	10124	10272	149	54721378	54721378	1	148	Wei_Nature_2022_生殖系
11				55273477	55273993	517		Tao_Genes_2023
11				55273477	55273993	517		Tao_Genes_2023
11				55273477	55273993	517		Tao_Genes_2023
11	3390	3887	498	55273486	55273984	499	1	Calabrese_BMCBioinformatics_2012_低置信;Calabrese_BMCBioinformatics_2012_高置信;Daniela_Lascaro_BMC_Genomics_2008;Simone_BMC_Genomics_2011_版本1_766_HSP;Simone_BMC_Genomics_2011_版本2_585_高置信;UCSC_https://hgdownload.soe.ucsc.edu/goldenPath/hg18/database/
11	11779	12046	268	56946628	56946650	23	245	Wei_Nature_2022_生殖系
11	6281	6674	394	58704803	58704803	1	393	Wei_Nature_2022_肿瘤
11	9026	9475	450	60280247	60280247	1	449	Wei_Nature_2022_肿瘤
11	9649	15881	6233	60774118	60774158	41	6192	Nyuwa基因组资源NUMTs
11				61116965	61117070	106		Tao_Genes_2023
11				61116965	61117070	106		Tao_Genes_2023
11				61116965	61117070	106		Tao_Genes_2023
11	7761	14366	6606	64044106	64044113	8	6598	Wei_Nature_2022_生殖系
11				64187300	64187493	194		Tao_Genes_2023
11				64187300	64187493	194		Tao_Genes_2023
11				64187300	64187493	194		Tao_Genes_2023
11	16434	16569	136	64187335	64187471	137	1	Calabrese_BMCBioinformatics_2012_低置信;Calabrese_BMCBioinformatics_2012_高置信;Daniela_Lascaro_BMC_Genomics_2008;Simone_BMC_Genomics_2011_版本1_766_HSP;Simone_BMC_Genomics_2011_版本2_585_高置信;UCSC_https://hgdownload.soe.ucsc.edu/goldenPath/hg18/database/
11	4506	4635	130	65261276	65261277	2	128	Wei_Nature_2022_生殖系
11	10981	21962	10982	65854682	65854682	1	10981	Nyuwa基因组资源NUMTs
11	186	16512	16327	67142379	67142379	1	16326	Wei_Nature_2022_肿瘤
11	12775	12865	91	67338867	67338870	4	87	Nyuwa基因组资源NUMTs;Wei_Nature_2022_生殖系
11	97	16110	16014	68929652	68929652	1	16013	Wei_Nature_2022_肿瘤
11	11510	11706	197	69319152	69319154	3	194	Nyuwa基因组资源NUMTs;Wei_Nature_2022_生殖系
11	9111	9476	366	71153543	71153543	1	365	Wei_Nature_2022_肿瘤
11				72417043	72417154	112		Tao_Genes_2023
11				72417043	72417154	112		Tao_Genes_2023
11				72417043	72417154	112		Tao_Genes_2023
11				73510660	73510824	165		Tao_Genes_2023
11				73510660	73510824	165		Tao_Genes_2023
11				73510660	73510824	165		Tao_Genes_2023
11	6642	6804	163	73510661	73510823	163	0	Calabrese_BMCBioinformatics_2012_低置信;Calabrese_BMCBioinformatics_2012_高置信;Daniela_Lascaro_BMC_Genomics_2008;Simone_BMC_Genomics_2011_版本1_766_HSP;Simone_BMC_Genomics_2011_版本2_585_高置信;UCSC_https://hgdownload.soe.ucsc.edu/goldenPath/hg18/database/
11	2868	3058	191	74560242	74560246	5	186	Wei_Nature_2022_生殖系
11				74566997	74567136	140		Tao_Genes_2023
11				74566997	74567136	140		Tao_Genes_2023
11				74566997	74567136	140		Tao_Genes_2023
11	15891	16027	137	74566998	74567136	139	2	Calabrese_BMCBioinformatics_2012_低置信;Calabrese_BMCBioinformatics_2012_高置信;Simone_BMC_Genomics_2011_版本1_766_HSP;Simone_BMC_Genomics_2011_版本2_585_高置信;UCSC_https://hgdownload.soe.ucsc.edu/goldenPath/hg18/database/
11	12210	12302	93	75341603	75341605	3	90	Nyuwa基因组资源NUMTs
11	12864	12986	123	75447531	75447531	1	122	Wei_Nature_2022_生殖系
11	10977	11012	36	75599896	75599896	1	35	Wei_Nature_2022_肿瘤
11	916	4385	3470	76028940	76028940	1	3469	Wei_Nature_2022_生殖系
11	916	4385	3470	76033051	76033051	1	3469	Wei_Nature_2022_生殖系
11	48	15822	15775	76387507	76387528	22	15753	Wei_Nature_2022_生殖系
11	16303	16561	259	76655755	76655755	1	258	Wei_Nature_2022_肿瘤
11				77256359	77256543	185		Tao_Genes_2023
11				77256359	77256543	185		Tao_Genes_2023
11				77256359	77256543	185		Tao_Genes_2023
11	10821	10902	82	77596175	77596256	82	0	Calabrese_BMCBioinformatics_2012_低置信;Calabrese_BMCBioinformatics_2012_高置信;Simone_BMC_Genomics_2011_版本1_766_HSP;Simone_BMC_Genomics_2011_版本2_585_高置信;UCSC_https://hgdownload.soe.ucsc.edu/goldenPath/hg18/database/
11				77596175	77596259	85		Tao_Genes_2023
11				77596175	77596259	85		Tao_Genes_2023
11				77596175	77596259	85		Tao_Genes_2023
11	13286	13451	166	77680958	77680972	15	151	Nyuwa基因组资源NUMTs
11	501	617	117	79196180	79196182	3	114	Wei_Nature_2022_生殖系
11	12291	15918	3628	79703646	79703646	1	3627	Wei_Nature_2022_肿瘤
11	16428	16569	142	79749491	79749491	1	141	Nyuwa基因组资源NUMTs
11	9820	15585	5766	81551574	81557335	5762	4	Calabrese_BMCBioinformatics_2012_低置信;Calabrese_BMCBioinformatics_2012_高置信;Daniela_Lascaro_BMC_Genomics_2008;Simone_BMC_Genomics_2011_版本1_766_HSP;Simone_BMC_Genomics_2011_版本2_585_高置信;UCSC_https://hgdownload.soe.ucsc.edu/goldenPath/hg18/database/
11				81551574	81557336	5763		Tao_Genes_2023
11				81551574	81557336	5763		Tao_Genes_2023
11				81551574	81557336	5763		Tao_Genes_2023
11	101	147	47	83003724	83003724	1	46	Wei_Nature_2022_生殖系
11	13195	13348	154	86440442	86440452	11	143	Wei_Nature_2022_生殖系
11	596	1163	568	87813548	87814107	560	8	Calabrese_BMCBioinformatics_2012_低置信;Calabrese_BMCBioinformatics_2012_高置信;Daniela_Lascaro_BMC_Genomics_2008;Simone_BMC_Genomics_2011_版本1_766_HSP;Simone_BMC_Genomics_2011_版本2_585_高置信;UCSC_https://hgdownload.soe.ucsc.edu/goldenPath/hg18/database/
11				87813548	87814110	563		Tao_Genes_2023
11				87813548	87814110	563		Tao_Genes_2023
11				87813548	87814110	563		Tao_Genes_2023
11				87814119	87814732	614		Tao_Genes_2023
11				87814119	87814732	614		Tao_Genes_2023
11				87814119	87814732	614		Tao_Genes_2023
11	15863	16475	613	87814120	87814728	609	4	Calabrese_BMCBioinformatics_2012_低置信;Simone_BMC_Genomics_2011_版本1_766_HSP;UCSC_https://hgdownload.soe.ucsc.edu/goldenPath/hg18/database/
11				87815032	87816552	1521		Tao_Genes_2023
11				87815032	87816552	1521		Tao_Genes_2023
11				87815032	87816552	1521		Tao_Genes_2023
11	14414	15879	1466	87815033	87816474	1442	24	Calabrese_BMCBioinformatics_2012_低置信;Calabrese_BMCBioinformatics_2012_高置信;Simone_BMC_Genomics_2011_版本1_766_HSP;Simone_BMC_Genomics_2011_版本2_585_高置信;UCSC_https://hgdownload.soe.ucsc.edu/goldenPath/hg18/database/
11	5159	5254	96	88960034	88960041	8	88	Wei_Nature_2022_生殖系
11	6857	6964	108	89358782	89358785	4	104	Wei_Nature_2022_生殖系
11				89661623	89661996	374		Tao_Genes_2023
11				89661623	89661996	374		Tao_Genes_2023
11				89661623	89661996	374		Tao_Genes_2023
11				89908538	89909057	520		Tao_Genes_2023
11				89908538	89909057	520		Tao_Genes_2023
11				89908538	89909057	520		Tao_Genes_2023
11	3380	3890	511	89908541	89909051	511	0	Calabrese_BMCBioinformatics_2012_低置信;Calabrese_BMCBioinformatics_2012_高置信;Simone_BMC_Genomics_2011_版本1_766_HSP;Simone_BMC_Genomics_2011_版本2_585_高置信;UCSC_https://hgdownload.soe.ucsc.edu/goldenPath/hg18/database/
11				89935487	89936006	520		Tao_Genes_2023
11				89935487	89936006	520		Tao_Genes_2023
11				89935487	89936006	520		Tao_Genes_2023
11	3380	3890	511	89935493	89936003	511	0	Calabrese_BMCBioinformatics_2012_低置信;Calabrese_BMCBioinformatics_2012_高置信;Simone_BMC_Genomics_2011_版本1_766_HSP;Simone_BMC_Genomics_2011_版本2_585_高置信;UCSC_https://hgdownload.soe.ucsc.edu/goldenPath/hg18/database/
11				90098129	90098281	153		Tao_Genes_2023
11				90098129	90098281	153		Tao_Genes_2023
11				90098129	90098281	153		Tao_Genes_2023
11	3750	3894	145	90098132	90098273	142	3	Calabrese_BMCBioinformatics_2012_低置信;Calabrese_BMCBioinformatics_2012_高置信;Simone_BMC_Genomics_2011_版本1_766_HSP;Simone_BMC_Genomics_2011_版本2_585_高置信;UCSC_https://hgdownload.soe.ucsc.edu/goldenPath/hg18/database/
11	7542	7666	125	92943254	92943261	8	117	Wei_Nature_2022_生殖系
11	10963	11124	162	93035312	93035312	1	161	Wei_Nature_2022_生殖系
11	5106	6042	937	95253820	95253824	5	932	Nyuwa基因组资源NUMTs
11	5917	6678	762	97217074	97217074	1	761	Wei_Nature_2022_肿瘤
11	1142	2187	1046	98922757	98922757	1	1045	Wei_Nature_2022_生殖系
11	8304	8781	478	99185778	99185782	5	473	Wei_Nature_2022_生殖系
11	8304	8781	478	99201842	99201852	11	467	Wei_Nature_2022_生殖系
11	2197	2291	95	99690717	99690726	10	85	Wei_Nature_2022_生殖系
11	13343	13707	365	99719010	99719014	5	360	Wei_Nature_2022_生殖系
11	13343	13707	365	99822963	99822971	9	356	Wei_Nature_2022_生殖系
11	714	816	103	99825001	99825001	1	102	Wei_Nature_2022_生殖系
11	11498	11557	60	100145004	100145018	15	45	Nyuwa基因组资源NUMTs;Wei_Nature_2022_生殖系
11	7763	7918	156	101573883	101574721	839	683	Wei_Nature_2022_生殖系
11			7919	101574721	101574721	1	7918	Nyuwa基因组资源NUMTs
11	51	16485	16435	102033607	102033607	1	16434	Wei_Nature_2022_肿瘤
11	7237	7349	113	102865606	102865607	2	111	Nyuwa基因组资源NUMTs
11	10726	10974	249	103133617	103133618	2	247	Nyuwa基因组资源NUMTs
11				103402013	103409579	7567		Tao_Genes_2023
11				103402013	103409579	7567		Tao_Genes_2023
11				103402013	103409579	7567		Tao_Genes_2023
11	2057	9778	7722	103402016	103409577	7562	160	Calabrese_BMCBioinformatics_2012_低置信;Simone_BMC_Genomics_2011_版本1_766_HSP;UCSC_https://hgdownload.soe.ucsc.edu/goldenPath/hg18/database/
11	575	9778	9204	103402016	103411124	9109	95	Calabrese_BMCBioinformatics_2012_高置信;Daniela_Lascaro_BMC_Genomics_2008;Simone_BMC_Genomics_2011_版本2_585_高置信
11	3606	3648	43	103409581	103409623	43	0	Calabrese_BMCBioinformatics_2012_低置信;Calabrese_BMCBioinformatics_2012_高置信;Simone_BMC_Genomics_2011_版本1_766_HSP;Simone_BMC_Genomics_2011_版本2_585_高置信;UCSC_https://hgdownload.soe.ucsc.edu/goldenPath/hg18/database/
11				103409581	103409658	78		Tao_Genes_2023
11				103409581	103409658	78		Tao_Genes_2023
11				103409581	103409658	78		Tao_Genes_2023
11	575	2040	1466	103409663	103411124	1462	4	Calabrese_BMCBioinformatics_2012_低置信;Simone_BMC_Genomics_2011_版本1_766_HSP;UCSC_https://hgdownload.soe.ucsc.edu/goldenPath/hg18/database/
11				103409663	103411125	1463		Tao_Genes_2023
11				103409663	103411125	1463		Tao_Genes_2023
11				103409663	103411125	1463		Tao_Genes_2023
11	4471	4738	268	104293522	104293523	2	266	Wei_Nature_2022_生殖系
11	302	16404	16103	104362073	104362073	1	16102	Wei_Nature_2022_肿瘤
11	11113	11219	107	104682785	104682786	2	105	Wei_Nature_2022_生殖系
11	9283	15391	6109	105664244	105664250	7	6102	Wei_Nature_2022_生殖系
11	6848	6959	112	106604255	106604255	1	111	Wei_Nature_2022_生殖系
11	3801	3957	157	108309778	108309778	1	156	Wei_Nature_2022_生殖系
11	15434	15503	70	108471374	108471375	2	68	Wei_Nature_2022_生殖系
11			10118	109827128	109827128	1	10117	Nyuwa基因组资源NUMTs
11	9815	19630	9816	109828511	109828511	1	9815	Nyuwa基因组资源NUMTs
11	15451	15610	160	110876992	110877151	160	0	Calabrese_BMCBioinformatics_2012_低置信;Calabrese_BMCBioinformatics_2012_高置信;Simone_BMC_Genomics_2011_版本1_766_HSP;Simone_BMC_Genomics_2011_版本2_585_高置信;UCSC_https://hgdownload.soe.ucsc.edu/goldenPath/hg18/database/
11				110876992	110877164	173		Tao_Genes_2023
11				110876992	110877164	173		Tao_Genes_2023
11				110876992	110877164	173		Tao_Genes_2023
11				112139339	112139440	102		Tao_Genes_2023
11				112139339	112139440	102		Tao_Genes_2023
11				112139339	112139440	102		Tao_Genes_2023
11				113766677	113766716	40		Tao_Genes_2023
11				113766677	113766716	40		Tao_Genes_2023
11	12208	12282	75	115094800	115094801	2	73	Nyuwa基因组资源NUMTs
11	5387	5451	65	117629515	117629515	1	64	Nyuwa基因组资源NUMTs
11	13068	13371	304	118438638	118438640	3	301	Wei_Nature_2022_生殖系
11	3607	3836	230	121130945	121130947	3	227	Wei_Nature_2022_生殖系
11	11292	11478	187	122938296	122938299	4	183	Wei_Nature_2022_生殖系
11	14659	14730	72	123003606	123003677	72	0	Calabrese_BMCBioinformatics_2012_低置信;Calabrese_BMCBioinformatics_2012_高置信;Simone_BMC_Genomics_2011_版本1_766_HSP;Simone_BMC_Genomics_2011_版本2_585_高置信;UCSC_https://hgdownload.soe.ucsc.edu/goldenPath/hg18/database/
11				123003606	123003677	72		Tao_Genes_2023
11				123003606	123003677	72		Tao_Genes_2023
11				123003606	123003677	72		Tao_Genes_2023
11	15331	15832	502	123139885	123140386	502	0	Calabrese_BMCBioinformatics_2012_低置信;Calabrese_BMCBioinformatics_2012_高置信;Simone_BMC_Genomics_2011_版本1_766_HSP;Simone_BMC_Genomics_2011_版本2_585_高置信;UCSC_https://hgdownload.soe.ucsc.edu/goldenPath/hg18/database/
11				123139885	123140388	504		Tao_Genes_2023
11				123139885	123140388	504		Tao_Genes_2023
11				123139885	123140388	504		Tao_Genes_2023
11	875	1016	142	123464053	123464056	4	138	Nyuwa基因组资源NUMTs
11	1320	1388	69	124094027	124094028	2	67	Nyuwa基因组资源NUMTs
11				125851929	125852073	145		Tao_Genes_2023
11				125851929	125852073	145		Tao_Genes_2023
11				125851929	125852073	145		Tao_Genes_2023
11	5916	6030	115	125851931	125852041	111	4	Calabrese_BMCBioinformatics_2012_低置信;Calabrese_BMCBioinformatics_2012_高置信;Simone_BMC_Genomics_2011_版本1_766_HSP;Simone_BMC_Genomics_2011_版本2_585_高置信;UCSC_https://hgdownload.soe.ucsc.edu/goldenPath/hg18/database/
11	12537	12607	71	125915516	125915586	71	0	Calabrese_BMCBioinformatics_2012_低置信;Calabrese_BMCBioinformatics_2012_高置信;Simone_BMC_Genomics_2011_版本1_766_HSP;Simone_BMC_Genomics_2011_版本2_585_高置信;UCSC_https://hgdownload.soe.ucsc.edu/goldenPath/hg18/database/
11				125915516	125915594	79		Tao_Genes_2023
11				125915516	125915594	79		Tao_Genes_2023
11				125915516	125915594	79		Tao_Genes_2023
11	3874	3943	70	127934334	127934334	1	69	Wei_Nature_2022_生殖系
11				128066526	128066583	58		Tao_Genes_2023
11				128066526	128066583	58		Tao_Genes_2023
11				128066526	128066583	58		Tao_Genes_2023
11	5676	5727	52	128066532	128066583	52	0	Calabrese_BMCBioinformatics_2012_低置信;Calabrese_BMCBioinformatics_2012_高置信;Simone_BMC_Genomics_2011_版本1_766_HSP;Simone_BMC_Genomics_2011_版本2_585_高置信;UCSC_https://hgdownload.soe.ucsc.edu/goldenPath/hg18/database/
11	12231	13146	916	128978679	128978689	11	905	Wei_Nature_2022_生殖系
11	12890	15911	3022	130967635	130967638	4	3018	Wei_Nature_2022_生殖系
11				131754680	131754822	143		Tao_Genes_2023
11				131754680	131754822	143		Tao_Genes_2023
11				131754680	131754822	143		Tao_Genes_2023
11	994	1067	74	132061103	132061104	2	72	Wei_Nature_2022_生殖系
11	4701	4796	96	132985728	132985728	1	95	Wei_Nature_2022_生殖系
11	15969	16434	466	134698450	134698461	12	454	Wei_Nature_2022_生殖系
11	12246	12576	331	135061884	135061884	1	330	Wei_Nature_2022_肿瘤
12	1604	2185	582	319723	319723	1	581	Wei_Nature_2022_肿瘤
12	2286	2564	279	1950126	1950126	1	278	Wei_Nature_2022_肿瘤
12	14708	14853	146	3082063	3082070	8	138	Wei_Nature_2022_生殖系
12	10202	10269	68	3231576	3231578	3	65	Wei_Nature_2022_生殖系
12	7658	7729	72	3801775	3801779	5	67	Nyuwa基因组资源NUMTs
12	4117	4171	55	4232638	4232692	55	0	Calabrese_BMCBioinformatics_2012_低置信;Calabrese_BMCBioinformatics_2012_高置信;Simone_BMC_Genomics_2011_版本1_766_HSP;Simone_BMC_Genomics_2011_版本2_585_高置信;UCSC_https://hgdownload.soe.ucsc.edu/goldenPath/hg18/database/
12				4232638	4232694	57		Tao_Genes_2023
12				4232638	4232694	57		Tao_Genes_2023
12				4232638	4232694	57		Tao_Genes_2023
12	2778	13447	10670	4545857	4545859	3	10667	Wei_Nature_2022_生殖系
12	1849	1994	146	5426229	5426231	3	143	Wei_Nature_2022_生殖系
12	12157	12225	69	6247321	6247322	2	67	Nyuwa基因组资源NUMTs;Wei_Nature_2022_生殖系
12	15696	15965	270	6366255	6366265	11	259	Wei_Nature_2022_生殖系
12	5687	5958	272	7620315	7620597	283	11	Calabrese_BMCBioinformatics_2012_低置信;Calabrese_BMCBioinformatics_2012_高置信;Simone_BMC_Genomics_2011_版本1_766_HSP;Simone_BMC_Genomics_2011_版本2_585_高置信;UCSC_https://hgdownload.soe.ucsc.edu/goldenPath/hg18/database/
12				7620315	7620600	286		Tao_Genes_2023
12				7620315	7620600	286		Tao_Genes_2023
12				7620315	7620600	286		Tao_Genes_2023
12				7621222	7621685	464		Tao_Genes_2023
12				7621222	7621685	464		Tao_Genes_2023
12				7621222	7621685	464		Tao_Genes_2023
12				7626485	7626630	146		Tao_Genes_2023
12				7626485	7626632	148		Tao_Genes_2023
12				7626485	7626632	148		Tao_Genes_2023
12				7637388	7637645	258		Tao_Genes_2023
12				7637388	7637645	258		Tao_Genes_2023
12				7637388	7637645	258		Tao_Genes_2023
12	6766	6997	232	7637414	7637645	232	0	Calabrese_BMCBioinformatics_2012_低置信;Calabrese_BMCBioinformatics_2012_高置信;Simone_BMC_Genomics_2011_版本1_766_HSP;Simone_BMC_Genomics_2011_版本2_585_高置信;UCSC_https://hgdownload.soe.ucsc.edu/goldenPath/hg18/database/
12				7646856	7647087	232		Tao_Genes_2023
12				7646856	7647087	232		Tao_Genes_2023
12				7646856	7647087	232		Tao_Genes_2023
12	6296	6510	215	7646872	7647086	215	0	Calabrese_BMCBioinformatics_2012_低置信;Calabrese_BMCBioinformatics_2012_高置信;Simone_BMC_Genomics_2011_版本1_766_HSP;Simone_BMC_Genomics_2011_版本2_585_高置信;UCSC_https://hgdownload.soe.ucsc.edu/goldenPath/hg18/database/
12				7647835	7647943	109		Tao_Genes_2023
12				7647835	7647943	109		Tao_Genes_2023
12				7647835	7647943	109		Tao_Genes_2023
12				8563954	8564059	106		Tao_Genes_2023
12				8563954	8564059	106		Tao_Genes_2023
12				8563954	8564059	106		Tao_Genes_2023
12	6135	6417	283	9322708	9322986	279	4	Calabrese_BMCBioinformatics_2012_低置信;Calabrese_BMCBioinformatics_2012_高置信;Simone_BMC_Genomics_2011_版本1_766_HSP;Simone_BMC_Genomics_2011_版本2_585_高置信;UCSC_https://hgdownload.soe.ucsc.edu/goldenPath/hg18/database/
12				9322708	9322988	281		Tao_Genes_2023
12				9322708	9322988	281		Tao_Genes_2023
12				9322708	9322988	281		Tao_Genes_2023
12				9408795	9409072	278		Tao_Genes_2023
12				9408795	9409072	278		Tao_Genes_2023
12				9408795	9409072	278		Tao_Genes_2023
12	6135	6417	283	9408797	9409072	276	7	Calabrese_BMCBioinformatics_2012_低置信;Calabrese_BMCBioinformatics_2012_高置信;Simone_BMC_Genomics_2011_版本1_766_HSP;Simone_BMC_Genomics_2011_版本2_585_高置信;UCSC_https://hgdownload.soe.ucsc.edu/goldenPath/hg18/database/
12	9865	9984	120	9528955	9528955	1	119	Wei_Nature_2022_生殖系
12	11236	15115	3880	11971689	11971824	136	3744	Wei_Nature_2022_生殖系
12	15033	15116	84	12092410	12092410	1	83	Nyuwa基因组资源NUMTs
12	4810	4962	153	15023375	15023382	8	145	Wei_Nature_2022_生殖系
12	1415	1532	118	16925925	16925929	5	113	Nyuwa基因组资源NUMTs
12	16106	16569	464	17685266	17685266	1	463	Wei_Nature_2022_肿瘤
12				19795687	19795729	43		Tao_Genes_2023
12				19795687	19795729	43		Tao_Genes_2023
12				19795687	19795729	43		Tao_Genes_2023
12	6527	6626	100	19903689	19903691	3	97	Wei_Nature_2022_生殖系
12				22005830	22005936	107		Tao_Genes_2023
12				22005830	22005936	107		Tao_Genes_2023
12				22005830	22005936	107		Tao_Genes_2023
12	1722	1826	105	22005832	22005936	105	0	Calabrese_BMCBioinformatics_2012_低置信;Calabrese_BMCBioinformatics_2012_高置信;Simone_BMC_Genomics_2011_版本1_766_HSP;Simone_BMC_Genomics_2011_版本2_585_高置信;UCSC_https://hgdownload.soe.ucsc.edu/goldenPath/hg18/database/
12	6884	13049	6166	22412758	22412759	2	6164	Wei_Nature_2022_生殖系
12	16036	16182	147	23040945	23040948	4	143	Wei_Nature_2022_生殖系
12	2641	2818	178	23558642	23558643	2	176	Nyuwa基因组资源NUMTs
12	8529	12302	3774	24585649	24585662	14	3760	Wei_Nature_2022_生殖系
12	11972	12045	74	24906701	24906702	2	72	Nyuwa基因组资源NUMTs
12	9266	9421	156	25113582	25113589	8	148	Wei_Nature_2022_生殖系
12	5531	5656	126	25566044	25566049	6	120	Wei_Nature_2022_生殖系
12	5331	10662	5332	25663634	25663634	1	5331	Nyuwa基因组资源NUMTs
12	5510	5731	222	26572542	26572767	226	4	Calabrese_BMCBioinformatics_2012_低置信;Calabrese_BMCBioinformatics_2012_高置信;Simone_BMC_Genomics_2011_版本1_766_HSP;Simone_BMC_Genomics_2011_版本2_585_高置信;UCSC_https://hgdownload.soe.ucsc.edu/goldenPath/hg18/database/
12				26572542	26572767	226		Tao_Genes_2023
12				26572542	26572767	226		Tao_Genes_2023
12				26572542	26572767	226		Tao_Genes_2023
12	689	869	181	26997339	26997345	7	174	Wei_Nature_2022_生殖系
12	8871	8999	129	27043619	27043620	2	127	Nyuwa基因组资源NUMTs
12				27756503	27756588	86		Tao_Genes_2023
12				27756503	27756588	86		Tao_Genes_2023
12				27756503	27756588	86		Tao_Genes_2023
12	817	1083	267	27961290	27961318	29	238	Wei_Nature_2022_生殖系
12	6473	6632	160	29380814	29380822	9	151	Wei_Nature_2022_生殖系
12	2009	2204	196	30974929	30974932	4	192	Nyuwa基因组资源NUMTs
12	6135	6370	236	31015446	31015677	232	4	Calabrese_BMCBioinformatics_2012_低置信;Calabrese_BMCBioinformatics_2012_高置信;Simone_BMC_Genomics_2011_版本1_766_HSP;Simone_BMC_Genomics_2011_版本2_585_高置信;UCSC_https://hgdownload.soe.ucsc.edu/goldenPath/hg18/database/
12				31015446	31015809	364		Tao_Genes_2023
12				31015446	31015809	364		Tao_Genes_2023
12				31015446	31015809	364		Tao_Genes_2023
12	8122	8434	313	31114085	31114085	1	312	Wei_Nature_2022_肿瘤
12				31246707	31247762	1056		Tao_Genes_2023
12				31246707	31247762	1056		Tao_Genes_2023
12				31246707	31247762	1056		Tao_Genes_2023
12	13462	14520	1059	31246708	31247762	1055	4	Calabrese_BMCBioinformatics_2012_低置信;Simone_BMC_Genomics_2011_版本1_766_HSP;UCSC_https://hgdownload.soe.ucsc.edu/goldenPath/hg18/database/
12	14458	15429	972	31247856	31248973	1118	146	Calabrese_BMCBioinformatics_2012_低置信;Calabrese_BMCBioinformatics_2012_高置信;Daniela_Lascaro_BMC_Genomics_2008;Simone_BMC_Genomics_2011_版本1_766_HSP;Simone_BMC_Genomics_2011_版本2_585_高置信;UCSC_https://hgdownload.soe.ucsc.edu/goldenPath/hg18/database/
12				31248045	31248974	930		Tao_Genes_2023
12				31248045	31248974	930		Tao_Genes_2023
12				31248045	31248974	930		Tao_Genes_2023
12				31249108	31249248	141		Tao_Genes_2023
12				31249108	31249248	141		Tao_Genes_2023
12				31249108	31249248	141		Tao_Genes_2023
12	15488	15612	125	31249114	31249238	125	0	Calabrese_BMCBioinformatics_2012_低置信;Simone_BMC_Genomics_2011_版本1_766_HSP;UCSC_https://hgdownload.soe.ucsc.edu/goldenPath/hg18/database/
12	7130	7374	245	34006215	34006215	1	244	Wei_Nature_2022_生殖系
12	2675	2814	140	39804284	39804288	5	135	Wei_Nature_2022_生殖系
12	1326	1400	75	40051827	40051827	1	74	Wei_Nature_2022_生殖系
12	6638	7011	374	40286289	40286661	373	1	Calabrese_BMCBioinformatics_2012_低置信;Calabrese_BMCBioinformatics_2012_高置信;Simone_BMC_Genomics_2011_版本1_766_HSP;Simone_BMC_Genomics_2011_版本2_585_高置信;UCSC_https://hgdownload.soe.ucsc.edu/goldenPath/hg18/database/
12				40286289	40286676	388		Tao_Genes_2023
12				40286289	40286676	388		Tao_Genes_2023
12				40286289	40286676	388		Tao_Genes_2023
12				40952292	40952362	71		Tao_Genes_2023
12				40952292	40952362	71		Tao_Genes_2023
12				40952292	40952362	71		Tao_Genes_2023
12	3790	3878	89	41363635	41363723	89	0	Calabrese_BMCBioinformatics_2012_低置信;Calabrese_BMCBioinformatics_2012_高置信;Simone_BMC_Genomics_2011_版本1_766_HSP;Simone_BMC_Genomics_2011_版本2_585_高置信;UCSC_https://hgdownload.soe.ucsc.edu/goldenPath/hg18/database/
12				41363635	41363726	92		Tao_Genes_2023
12				41363635	41363726	92		Tao_Genes_2023
12				41363635	41363726	92		Tao_Genes_2023
12				41698553	41700252	1700		Tao_Genes_2023
12				41698553	41700252	1700		Tao_Genes_2023
12				41698553	41700252	1700		Tao_Genes_2023
12	3376	5099	1724	41698558	41700251	1694	30	Calabrese_BMCBioinformatics_2012_低置信;Calabrese_BMCBioinformatics_2012_高置信;Daniela_Lascaro_BMC_Genomics_2008;Simone_BMC_Genomics_2011_版本1_766_HSP;Simone_BMC_Genomics_2011_版本2_585_高置信;UCSC_https://hgdownload.soe.ucsc.edu/goldenPath/hg18/database/
12	4482	4659	178	41923075	41923076	2	176	Wei_Nature_2022_生殖系
12	10669	10920	252	43822494	43822494	1	251	Wei_Nature_2022_肿瘤
12	548	754	207	44703165	44703169	5	202	Wei_Nature_2022_生殖系
12	5263	11584	6322	45106743	45106747	5	6317	Wei_Nature_2022_生殖系
12	2998	3065	68	46597058	46597059	2	66	Nyuwa基因组资源NUMTs;Wei_Nature_2022_生殖系
12	12811	12875	65	46766059	46766085	27	38	Nyuwa基因组资源NUMTs
12	9844	10399	556	46973809	46973809	1	555	Wei_Nature_2022_肿瘤
12	6256	6379	124	47363937	47363939	3	121	Wei_Nature_2022_生殖系
12	9721	9949	229	47638192	47638193	2	227	Wei_Nature_2022_生殖系
12	16106	16539	434	48104410	48104410	1	433	Wei_Nature_2022_肿瘤
12				49817329	49817502	174		Tao_Genes_2023
12				49817329	49817502	174		Tao_Genes_2023
12				49817329	49817502	174		Tao_Genes_2023
12	4258	4422	165	49817339	49817502	164	1	Calabrese_BMCBioinformatics_2012_低置信;Calabrese_BMCBioinformatics_2012_高置信;Simone_BMC_Genomics_2011_版本1_766_HSP;Simone_BMC_Genomics_2011_版本2_585_高置信;UCSC_https://hgdownload.soe.ucsc.edu/goldenPath/hg18/database/
12	3014	3565	552	50758758	50758786	29	523	Wei_Nature_2022_生殖系
12	7464	7595	132	51038283	51038284	2	130	Wei_Nature_2022_生殖系
12	2598	2838	241	52197929	52197929	1	240	Wei_Nature_2022_生殖系
12	4563	4726	164	53369056	53369169	114	50	Wei_Nature_2022_生殖系
12	4750	14076	9327	53807369	53807369	1	9326	Wei_Nature_2022_肿瘤
12	8028	8256	229	53993249	53993251	3	226	Wei_Nature_2022_生殖系
12	16085	16430	346	54548421	54548421	1	345	Wei_Nature_2022_肿瘤
12	11867	12013	147	54991559	54991559	1	146	Wei_Nature_2022_生殖系
12	6868	6949	82	55226800	55226802	3	79	Wei_Nature_2022_生殖系
12	4545	5979	1435	57520219	57520219	1	1434	Wei_Nature_2022_肿瘤
12	5523	16109	10587	58832359	58832360	2	10585	Wei_Nature_2022_生殖系
12	3559	4028	470	59939311	59939311	1	469	Wei_Nature_2022_肿瘤
12	16201	16369	169	60031962	60031963	2	167	Wei_Nature_2022_生殖系
12	6825	7002	178	61491055	61491056	2	176	Wei_Nature_2022_生殖系
12			4474	61501307	61501307	1	4473	Nyuwa基因组资源NUMTs
12	1295	1466	172	62174097	62174097	1	171	Nyuwa基因组资源NUMTs
12	4128	4272	145	62214674	62214674	1	144	Wei_Nature_2022_生殖系
12	4240	4307	68	62774010	62774077	68	0	Calabrese_BMCBioinformatics_2012_低置信;Calabrese_BMCBioinformatics_2012_高置信;Simone_BMC_Genomics_2011_版本1_766_HSP;Simone_BMC_Genomics_2011_版本2_585_高置信;UCSC_https://hgdownload.soe.ucsc.edu/goldenPath/hg18/database/
12				62774010	62774081	72		Tao_Genes_2023
12				62774010	62774081	72		Tao_Genes_2023
12				62774010	62774081	72		Tao_Genes_2023
12	6766	6891	126	65086814	65086814	1	125	Wei_Nature_2022_肿瘤
12	15644	15878	235	65161138	65161138	1	234	Nyuwa基因组资源NUMTs
12	3096	6192	3097	67861433	67861433	1	3096	Nyuwa基因组资源NUMTs
12	2739	12298	9560	67873396	67873396	1	9559	Nyuwa基因组资源NUMTs
12	13943	14094	152	68125866	68125867	2	150	Nyuwa基因组资源NUMTs
12	12811	12975	165	69644336	69644339	4	161	Nyuwa基因组资源NUMTs
12	4786	4977	192	70403589	70403591	3	189	Nyuwa基因组资源NUMTs;Wei_Nature_2022_生殖系
12	9572	15298	5727	71428684	71428688	5	5722	Wei_Nature_2022_生殖系
12	3391	15840	12450	72728882	72728882	1	12449	Wei_Nature_2022_生殖系
12	3391	15840	12450	72766434	72766434	1	12449	Wei_Nature_2022_生殖系
12	12120	12242	123	72848692	72848693	2	121	Wei_Nature_2022_生殖系
12	3903	4446	544	74017023	74017023	1	543	Wei_Nature_2022_肿瘤
12				74069435	74069547	113		Tao_Genes_2023
12				74069435	74069547	113		Tao_Genes_2023
12				74069435	74069547	113		Tao_Genes_2023
12	2206	14750	12545	74774171	74774176	6	12539	Wei_Nature_2022_生殖系
12	9380	9553	174	76517862	76517869	8	166	Nyuwa基因组资源NUMTs
12	5545	5721	177	76559243	76559243	1	176	Wei_Nature_2022_生殖系
12	11145	11220	76	77710369	77710371	3	73	Wei_Nature_2022_生殖系
12	15293	15512	220	78049556	78049557	2	218	Wei_Nature_2022_生殖系
12	11038	15514	4477	79582280	79582282	3	4474	Wei_Nature_2022_生殖系
12	109	16519	16411	79939855	79939855	1	16410	Wei_Nature_2022_肿瘤
12	109	16434	16326	79942002	79942002	1	16325	Wei_Nature_2022_肿瘤
12	11784	23568	11785	80125249	80125249	1	11784	Nyuwa基因组资源NUMTs
12	9921	15545	5625	82715089	82715089	1	5624	Wei_Nature_2022_生殖系
12	3221	3325	105	83507048	83507049	2	103	Nyuwa基因组资源NUMTs
12	13250	13368	119	85036815	85036816	2	117	Wei_Nature_2022_生殖系
12	299	9681	9383	85290378	85290378	1	9382	Wei_Nature_2022_生殖系
12	7770	8174	405	85778671	85778671	1	404	Wei_Nature_2022_生殖系
12	9837	9916	80	85928029	85928031	3	77	Nyuwa基因组资源NUMTs
12	14150	14358	209	87019364	87019365	2	207	Wei_Nature_2022_生殖系
12	4535	4718	184	87429146	87429155	10	174	Wei_Nature_2022_生殖系
12	10367	10426	60	87694425	87694425	1	59	Nyuwa基因组资源NUMTs
12	10845	10979	135	88025306	88025311	6	129	Wei_Nature_2022_生殖系
12	14914	15047	134	88230126	88230127	2	132	Wei_Nature_2022_生殖系
12	2706	2922	217	89782617	89782618	2	215	Wei_Nature_2022_生殖系
12	16120	16401	282	90191458	90191458	1	281	Wei_Nature_2022_肿瘤
12	10961	11040	80	90619960	90619961	2	78	Wei_Nature_2022_生殖系
12	11673	11763	91	92704707	92704710	4	87	Wei_Nature_2022_生殖系
12	1745	15548	13804	93738289	93738290	2	13802	Wei_Nature_2022_生殖系
12	9843	16455	6613	94072794	94072806	13	6600	Wei_Nature_2022_生殖系
12	2056	2206	151	96223530	96223532	3	148	Nyuwa基因组资源NUMTs
12	157	16376	16220	97428696	97428696	1	16219	Wei_Nature_2022_肿瘤
12	2472	4944	2473	97734556	97734560	5	2468	Nyuwa基因组资源NUMTs
12	161	16428	16268	97848370	97848370	1	16267	Wei_Nature_2022_肿瘤
12	13173	13397	225	99877319	99877323	5	220	Wei_Nature_2022_生殖系
12	9380	9553	174	100812445	100812445	1	173	Wei_Nature_2022_生殖系
12	11122	11333	212	102898558	102898559	2	210	Wei_Nature_2022_生殖系
12	81	16224	16144	105827273	105827273	1	16143	Wei_Nature_2022_肿瘤
12	1374	1469	96	105854655	105854655	1	95	Nyuwa基因组资源NUMTs
12	14761	15137	377	108178336	108178709	374	3	Calabrese_BMCBioinformatics_2012_低置信;Calabrese_BMCBioinformatics_2012_高置信;Simone_BMC_Genomics_2011_版本1_766_HSP;Simone_BMC_Genomics_2011_版本2_585_高置信;UCSC_https://hgdownload.soe.ucsc.edu/goldenPath/hg18/database/
12				108178336	108178710	375		Tao_Genes_2023
12				108178336	108178710	375		Tao_Genes_2023
12				108178336	108178710	375		Tao_Genes_2023
12	1094	1171	78	108960404	108960407	4	74	Nyuwa基因组资源NUMTs
12	9154	9248	95	109107869	109107870	2	93	Nyuwa基因组资源NUMTs
12	14850	15009	160	111530069	111530070	2	158	Wei_Nature_2022_生殖系
12				112619125	112619233	109		Tao_Genes_2023
12				112619125	112619233	109		Tao_Genes_2023
12				112619125	112619233	109		Tao_Genes_2023
12	3315	3459	145	113475109	113475112	4	141	Nyuwa基因组资源NUMTs
12	13488	13549	62	114172419	114172480	62	0	Calabrese_BMCBioinformatics_2012_低置信;Calabrese_BMCBioinformatics_2012_高置信;Simone_BMC_Genomics_2011_版本1_766_HSP;Simone_BMC_Genomics_2011_版本2_585_高置信;UCSC_https://hgdownload.soe.ucsc.edu/goldenPath/hg18/database/
12				114172419	114172481	63		Tao_Genes_2023
12				114172419	114172481	63		Tao_Genes_2023
12				114172419	114172481	63		Tao_Genes_2023
12	8563	14147	5585	115152534	115152534	1	5584	Wei_Nature_2022_肿瘤
12	2336	2499	164	116186899	116186901	3	161	Wei_Nature_2022_生殖系
12	3145	3465	321	116485128	116485128	1	320	Wei_Nature_2022_肿瘤
12	2311	2642	332	116496447	116496447	1	331	Wei_Nature_2022_肿瘤
12				124309498	124309621	124		Tao_Genes_2023
12				124309498	124309621	124		Tao_Genes_2023
12				124309498	124309621	124		Tao_Genes_2023
12				126583249	126584396	1148		Tao_Genes_2023
12				126583298	126584396	1099		Tao_Genes_2023
12				126583298	126584396	1099		Tao_Genes_2023
12	4417	4463	47	126583793	126583839	47	0	Calabrese_BMCBioinformatics_2012_低置信;Calabrese_BMCBioinformatics_2012_高置信;Daniela_Lascaro_BMC_Genomics_2008;Simone_BMC_Genomics_2011_版本1_766_HSP;Simone_BMC_Genomics_2011_版本2_585_高置信;UCSC_https://hgdownload.soe.ucsc.edu/goldenPath/hg18/database/
12	492	618	127	127024469	127024470	2	125	Wei_Nature_2022_生殖系
12	14225	14313	89	127237668	127237674	7	82	Wei_Nature_2022_生殖系
12	148	4480	4333	128243745	128243747	3	4330	Wei_Nature_2022_生殖系
12	16252	16569	318	128343677	128343677	1	317	Wei_Nature_2022_肿瘤
12				130315596	130315826	231		Tao_Genes_2023
12				130315596	130315826	231		Tao_Genes_2023
12				130315596	130315826	231		Tao_Genes_2023
12	12141	12343	203	130315599	130315801	203	0	Calabrese_BMCBioinformatics_2012_低置信;Calabrese_BMCBioinformatics_2012_高置信;Simone_BMC_Genomics_2011_版本1_766_HSP;Simone_BMC_Genomics_2011_版本2_585_高置信;UCSC_https://hgdownload.soe.ucsc.edu/goldenPath/hg18/database/
13			13767	17032467	17032467	1	13766	Nyuwa基因组资源NUMTs
13	757	833	77	17327066	17327246	181	104	Wei_Nature_2022_生殖系
13	1325	1437	113	18726473	18726474	2	111	Nyuwa基因组资源NUMTs
13	1128	1204	77	19934784	19935594	811	734	Wei_Nature_2022_生殖系
13	84	493	410	22105557	22105686	130	280	Wei_Nature_2022_生殖系
13	10083	10209	127	22113189	22113315	127	0	Calabrese_BMCBioinformatics_2012_低置信;Calabrese_BMCBioinformatics_2012_高置信;Simone_BMC_Genomics_2011_版本1_766_HSP;Simone_BMC_Genomics_2011_版本2_585_高置信;UCSC_https://hgdownload.soe.ucsc.edu/goldenPath/hg18/database/
13				22113189	22113320	132		Tao_Genes_2023
13				22113189	22113320	132		Tao_Genes_2023
13				22113189	22113320	132		Tao_Genes_2023
13	10748	11042	295	22404644	22404644	1	294	Nyuwa基因组资源NUMTs
13	11389	11476	88	22965420	22965423	4	84	Wei_Nature_2022_生殖系
13	1743	1815	73	23500732	23500732	1	72	Nyuwa基因组资源NUMTs
13	15812	15931	120	23765814	23765933	120	0	Calabrese_BMCBioinformatics_2012_低置信;Calabrese_BMCBioinformatics_2012_高置信;Simone_BMC_Genomics_2011_版本1_766_HSP;Simone_BMC_Genomics_2011_版本2_585_高置信;UCSC_https://hgdownload.soe.ucsc.edu/goldenPath/hg18/database/
13				23765814	23765933	120		Tao_Genes_2023
13				23765814	23765933	120		Tao_Genes_2023
13				23765814	23765933	120		Tao_Genes_2023
13	9353	9504	152	23765934	23766085	152	0	Calabrese_BMCBioinformatics_2012_低置信;Calabrese_BMCBioinformatics_2012_高置信;Simone_BMC_Genomics_2011_版本1_766_HSP;Simone_BMC_Genomics_2011_版本2_585_高置信;UCSC_https://hgdownload.soe.ucsc.edu/goldenPath/hg18/database/
13				23765934	23766094	161		Tao_Genes_2023
13				23765934	23766094	161		Tao_Genes_2023
13				23765934	23766094	161		Tao_Genes_2023
13	4477	15100	10624	23772869	23772885	17	10607	Wei_Nature_2022_生殖系
13	15985	16110	126	24160115	24160116	2	124	Nyuwa基因组资源NUMTs
13	15698	15774	77	24668760	24668763	4	73	Wei_Nature_2022_生殖系
13	2736	13758	11023	25791539	25791547	9	11014	Wei_Nature_2022_生殖系
13	14499	14893	395	26202001	26202001	1	394	Wei_Nature_2022_肿瘤
13	3583	3686	104	27114145	27114147	3	101	Wei_Nature_2022_生殖系
13	11876	12293	418	27315161	27315171	11	407	Wei_Nature_2022_生殖系
13	7715	13845	6131	27668402	27668404	3	6128	Wei_Nature_2022_生殖系
13	13524	13603	80	28382150	28382151	2	78	Wei_Nature_2022_生殖系
13	13588	16355	2768	30984401	30984401	1	2767	Wei_Nature_2022_肿瘤
13	9177	9666	490	31039218	31039224	7	483	Wei_Nature_2022_生殖系
13	15972	16274	303	31252543	31252753	211	92	Wei_Nature_2022_生殖系
13	15972	16274	303	31263430	31263465	36	267	Wei_Nature_2022_生殖系
13	744	817	74	31690566	31690575	10	64	Nyuwa基因组资源NUMTs
13	6784	6924	141	32193340	32193484	145	4	Calabrese_BMCBioinformatics_2012_低置信;Calabrese_BMCBioinformatics_2012_高置信;Simone_BMC_Genomics_2011_版本1_766_HSP;Simone_BMC_Genomics_2011_版本2_585_高置信;UCSC_https://hgdownload.soe.ucsc.edu/goldenPath/hg18/database/
13				32193340	32193484	145		Tao_Genes_2023
13				32193340	32193484	145		Tao_Genes_2023
13				32193340	32193484	145		Tao_Genes_2023
13	9220	9555	336	32707645	32707658	14	322	Nyuwa基因组资源NUMTs;Wei_Nature_2022_生殖系
13	104	1488	1385	32907298	32907298	1	1384	Wei_Nature_2022_生殖系
13	16475	32950	16476	33063566	33063566	1	16475	Nyuwa基因组资源NUMTs
13	14328	14820	493	34419013	34419013	1	492	Wei_Nature_2022_生殖系
13	14328	14820	493	34426084	34426084	1	492	Wei_Nature_2022_生殖系
13				36065489	36065696	208		Tao_Genes_2023
13				36065489	36065696	208		Tao_Genes_2023
13				36065489	36065696	208		Tao_Genes_2023
13	4209	4414	206	36065491	36065696	206	0	Calabrese_BMCBioinformatics_2012_低置信;Calabrese_BMCBioinformatics_2012_高置信;Simone_BMC_Genomics_2011_版本1_766_HSP;Simone_BMC_Genomics_2011_版本2_585_高置信;UCSC_https://hgdownload.soe.ucsc.edu/goldenPath/hg18/database/
13	6854	10471	3618	36451157	36451165	9	3609	Wei_Nature_2022_生殖系
13	7789	7893	105	36884334	36884334	1	104	Wei_Nature_2022_生殖系
13	11810	15740	3931	39572299	39572299	1	3930	Wei_Nature_2022_生殖系
13	11810	15740	3931	39577307	39577307	1	3930	Wei_Nature_2022_生殖系
13				40768348	40768422	75		Tao_Genes_2023
13				40768348	40768422	75		Tao_Genes_2023
13				40768348	40768422	75		Tao_Genes_2023
13	9537	9592	56	40768367	40768422	56	0	Calabrese_BMCBioinformatics_2012_低置信;Calabrese_BMCBioinformatics_2012_高置信;Simone_BMC_Genomics_2011_版本1_766_HSP;Simone_BMC_Genomics_2011_版本2_585_高置信;UCSC_https://hgdownload.soe.ucsc.edu/goldenPath/hg18/database/
13	5822	5891	70	40974049	40974055	7	63	Nyuwa基因组资源NUMTs
13	9342	9417	76	42505421	42505421	1	75	Wei_Nature_2022_生殖系
13	14668	14744	77	42827789	42827806	18	59	Wei_Nature_2022_生殖系
13	16488	16558	71	43097859	43097859	1	70	Wei_Nature_2022_生殖系
13	7960	8153	194	43268217	43268220	4	190	Wei_Nature_2022_生殖系
13	3536	3716	181	43472475	43472477	3	178	Nyuwa基因组资源NUMTs
13	5183	5690	508	44341258	44341258	1	507	Wei_Nature_2022_肿瘤
13	14526	14775	250	46143137	46143141	5	245	Wei_Nature_2022_生殖系
13				47570832	47571128	297		Tao_Genes_2023
13				47570832	47571128	297		Tao_Genes_2023
13				47570832	47571128	297		Tao_Genes_2023
13	2095	2385	291	47570843	47571128	286	5	Calabrese_BMCBioinformatics_2012_低置信;Calabrese_BMCBioinformatics_2012_高置信;Simone_BMC_Genomics_2011_版本1_766_HSP;Simone_BMC_Genomics_2011_版本2_585_高置信;UCSC_https://hgdownload.soe.ucsc.edu/goldenPath/hg18/database/
13	2489	2668	180	49986944	49987121	178	2	Calabrese_BMCBioinformatics_2012_低置信;Calabrese_BMCBioinformatics_2012_高置信;Simone_BMC_Genomics_2011_版本1_766_HSP;Simone_BMC_Genomics_2011_版本2_585_高置信;UCSC_https://hgdownload.soe.ucsc.edu/goldenPath/hg18/database/
13				49986944	49987121	178		Tao_Genes_2023
13				49986944	49987121	178		Tao_Genes_2023
13				49986944	49987121	178		Tao_Genes_2023
13	7011	7109	99	50486276	50486292	17	82	Wei_Nature_2022_生殖系
13	9818	9973	156	50688473	50688473	1	155	Wei_Nature_2022_生殖系
13	2143	2216	74	53102059	53102061	3	71	Wei_Nature_2022_生殖系
13	7375	7566	192	53722090	53722092	3	189	Wei_Nature_2022_生殖系
13	526	727	202	53888064	53888065	2	200	Nyuwa基因组资源NUMTs
13	13011	13176	166	53891587	53891751	165	1	Calabrese_BMCBioinformatics_2012_低置信;Calabrese_BMCBioinformatics_2012_高置信;Simone_BMC_Genomics_2011_版本1_766_HSP;Simone_BMC_Genomics_2011_版本2_585_高置信;UCSC_https://hgdownload.soe.ucsc.edu/goldenPath/hg18/database/
13				53891587	53891751	165		Tao_Genes_2023
13				53891587	53891751	165		Tao_Genes_2023
13				53891587	53891751	165		Tao_Genes_2023
13	11717	11924	208	55898651	55898666	16	192	Wei_Nature_2022_生殖系
13				55971632	55971759	128		Tao_Genes_2023
13				55971632	55971759	128		Tao_Genes_2023
13				55971632	55971759	128		Tao_Genes_2023
13	5104	5229	126	55971634	55971759	126	0	Calabrese_BMCBioinformatics_2012_低置信;Calabrese_BMCBioinformatics_2012_高置信;Simone_BMC_Genomics_2011_版本1_766_HSP;Simone_BMC_Genomics_2011_版本2_585_高置信;UCSC_https://hgdownload.soe.ucsc.edu/goldenPath/hg18/database/
13	2898	3071	174	56688476	56688649	174	0	Calabrese_BMCBioinformatics_2012_低置信;Calabrese_BMCBioinformatics_2012_高置信;Simone_BMC_Genomics_2011_版本1_766_HSP;Simone_BMC_Genomics_2011_版本2_585_高置信;UCSC_https://hgdownload.soe.ucsc.edu/goldenPath/hg18/database/
13				56688476	56688649	174		Tao_Genes_2023
13				56688476	56688649	174		Tao_Genes_2023
13				56688476	56688649	174		Tao_Genes_2023
13	7814	8368	555	57204381	57204904	524	31	Calabrese_BMCBioinformatics_2012_低置信;Calabrese_BMCBioinformatics_2012_高置信;Simone_BMC_Genomics_2011_版本1_766_HSP;Simone_BMC_Genomics_2011_版本2_585_高置信;UCSC_https://hgdownload.soe.ucsc.edu/goldenPath/hg18/database/
13				57204381	57204911	531		Tao_Genes_2023
13				57204381	57204911	531		Tao_Genes_2023
13				57204381	57204911	531		Tao_Genes_2023
13	6477	6626	150	58152979	58152982	4	146	Wei_Nature_2022_生殖系
13	8470	8607	138	58357524	58357524	1	137	Wei_Nature_2022_生殖系
13			14160	59025541	59025541	1	14159	Nyuwa基因组资源NUMTs
13	7495	7663	169	63429521	63429522	2	167	Nyuwa基因组资源NUMTs
13			809	63837902	63837902	1	808	Nyuwa基因组资源NUMTs
13	7499	7837	339	65466939	65466939	1	338	Wei_Nature_2022_肿瘤
13	16157	16270	114	67501050	67501053	4	110	Wei_Nature_2022_生殖系
13	73	305	233	68546025	68546027	3	230	Wei_Nature_2022_生殖系
13				68709371	68709905	535		Tao_Genes_2023
13				68709371	68709905	535		Tao_Genes_2023
13				68709371	68709905	535		Tao_Genes_2023
13			10920	69386166	69386166	1	10919	Nyuwa基因组资源NUMTs
13	2011	2295	285	70335431	70335433	3	282	Wei_Nature_2022_生殖系
13	2818	16093	13276	70732541	70732607	67	13209	Nyuwa基因组资源NUMTs
13	1983	2061	79	70982173	70982177	5	74	Nyuwa基因组资源NUMTs
13	6097	6277	181	72566305	72566365	61	120	Wei_Nature_2022_生殖系
13				73725632	73725713	82		Tao_Genes_2023
13				73725632	73725713	82		Tao_Genes_2023
13				73725632	73725713	82		Tao_Genes_2023
13	2733	2807	75	74303990	74303991	2	73	Nyuwa基因组资源NUMTs
13				75592236	75592407	172		Tao_Genes_2023
13				75592236	75592407	172		Tao_Genes_2023
13				75592236	75592407	172		Tao_Genes_2023
13	9870	10038	169	75592239	75592407	169	0	Calabrese_BMCBioinformatics_2012_低置信;Calabrese_BMCBioinformatics_2012_高置信;Simone_BMC_Genomics_2011_版本1_766_HSP;Simone_BMC_Genomics_2011_版本2_585_高置信;UCSC_https://hgdownload.soe.ucsc.edu/goldenPath/hg18/database/
13	3441	3547	107	77647947	77647947	1	106	Nyuwa基因组资源NUMTs
13	109	9377	9269	77851170	77851171	2	9267	Wei_Nature_2022_生殖系
13	4961	5054	94	79695580	79695582	3	91	Wei_Nature_2022_生殖系
13	11277	11461	185	79798783	79798786	4	181	Wei_Nature_2022_生殖系
13	13677	13745	69	79999781	79999781	1	68	Wei_Nature_2022_生殖系
13	12722	12790	69	80792004	80792004	1	68	Wei_Nature_2022_生殖系
13	10364	10450	87	82142024	82142027	4	83	Nyuwa基因组资源NUMTs
13	954	1252	299	82787814	82787814	1	298	Nyuwa基因组资源NUMTs
13				84520230	84522173	1944		Tao_Genes_2023
13				84520230	84522173	1944		Tao_Genes_2023
13	10906	12783	1878	84520256	84522173	1918	40	Calabrese_BMCBioinformatics_2012_低置信;Simone_BMC_Genomics_2011_版本1_766_HSP;UCSC_https://hgdownload.soe.ucsc.edu/goldenPath/hg18/database/
13				84520256	84522173	1918		Tao_Genes_2023
13	10906	14300	3395	84520256	84524065	3810	415	Calabrese_BMCBioinformatics_2012_高置信;Daniela_Lascaro_BMC_Genomics_2008;Simone_BMC_Genomics_2011_版本2_585_高置信
13				84522550	84524106	1557		Tao_Genes_2023
13				84522550	84524106	1557		Tao_Genes_2023
13				84522550	84524106	1557		Tao_Genes_2023
13	12787	14300	1514	84522557	84524065	1509	5	Calabrese_BMCBioinformatics_2012_低置信;Simone_BMC_Genomics_2011_版本1_766_HSP;UCSC_https://hgdownload.soe.ucsc.edu/goldenPath/hg18/database/
13	141	16183	16043	85284187	85284207	21	16022	Wei_Nature_2022_生殖系
13	7942	8080	139	86987520	86987521	2	137	Wei_Nature_2022_生殖系
13	10275	11221	947	87985624	87985628	5	942	Wei_Nature_2022_生殖系
13				88571650	88572219	570		Tao_Genes_2023
13				88571650	88572219	570		Tao_Genes_2023
13				88571650	88572219	570		Tao_Genes_2023
13	13260	13825	566	88571651	88572210	560	6	Calabrese_BMCBioinformatics_2012_低置信;Calabrese_BMCBioinformatics_2012_高置信;Simone_BMC_Genomics_2011_版本1_766_HSP;Simone_BMC_Genomics_2011_版本2_585_高置信;UCSC_https://hgdownload.soe.ucsc.edu/goldenPath/hg18/database/
13	14021	14347	327	89709364	89709378	15	312	Wei_Nature_2022_生殖系
13	4477	4624	148	89944677	89944680	4	144	Nyuwa基因组资源NUMTs
13	1985	2059	75	90379115	90379116	2	73	Nyuwa基因组资源NUMTs
13	10586	10702	117	91705226	91705238	13	104	Wei_Nature_2022_生殖系
13	7591	7780	190	94109892	94109895	4	186	Nyuwa基因组资源NUMTs
13				95692539	95692829	291		Tao_Genes_2023
13				95692539	95692829	291		Tao_Genes_2023
13				95692539	95692829	291		Tao_Genes_2023
13	13051	13340	290	95692541	95692828	288	2	Calabrese_BMCBioinformatics_2012_低置信;Simone_BMC_Genomics_2011_版本1_766_HSP;UCSC_https://hgdownload.soe.ucsc.edu/goldenPath/hg18/database/
13	1	16569	16569	95692541	95696513	3973	12596	Simone_BMC_Genomics_2011_版本2_585_高置信
13				95693120	95696531	3412		Tao_Genes_2023
13				95693120	95696531	3412		Tao_Genes_2023
13				95693120	95696531	3412		Tao_Genes_2023
13	13327	16569	3243	95693122	95696453	3332	89	Calabrese_BMCBioinformatics_2012_低置信;Calabrese_BMCBioinformatics_2012_高置信;Daniela_Lascaro_BMC_Genomics_2008;Simone_BMC_Genomics_2011_版本1_766_HSP;UCSC_https://hgdownload.soe.ucsc.edu/goldenPath/hg18/database/
13	1	60	60	95696454	95696513	60	0	Calabrese_BMCBioinformatics_2012_低置信;Calabrese_BMCBioinformatics_2012_高置信;Simone_BMC_Genomics_2011_版本1_766_HSP
13			60	95696454	95696513	60	0	UCSC_https://hgdownload.soe.ucsc.edu/goldenPath/hg18/database/
13				96697682	96697832	151		Tao_Genes_2023
13				96697682	96697832	151		Tao_Genes_2023
13				96697682	96697832	151		Tao_Genes_2023
13	7471	7616	146	96697685	96697830	146	0	Calabrese_BMCBioinformatics_2012_低置信;Calabrese_BMCBioinformatics_2012_高置信;Simone_BMC_Genomics_2011_版本1_766_HSP;Simone_BMC_Genomics_2011_版本2_585_高置信;UCSC_https://hgdownload.soe.ucsc.edu/goldenPath/hg18/database/
13	3429	3552	124	98315184	98315188	5	119	Wei_Nature_2022_生殖系
13	3418	3566	149	98742462	98742469	8	141	Nyuwa基因组资源NUMTs
13	93	530	438	99619083	99619085	3	435	Wei_Nature_2022_生殖系
13	765	857	93	99737023	99737024	2	91	Wei_Nature_2022_生殖系
13	9414	9535	122	99866990	99866990	1	121	Wei_Nature_2022_生殖系
13	532	806	275	100293013	100293013	1	274	Wei_Nature_2022_肿瘤
13	9574	14366	4793	100951448	100951449	2	4791	Wei_Nature_2022_生殖系
13	63	3252	3190	101092573	101092576	4	3186	Wei_Nature_2022_生殖系
13			2819	101263450	101263450	1	2818	Nyuwa基因组资源NUMTs
13	2749	5498	2750	101267401	101267401	1	2749	Nyuwa基因组资源NUMTs
13	3546	3855	310	101396010	101396010	1	309	Wei_Nature_2022_肿瘤
13	6351	16155	9805	102170095	102170115	21	9784	Wei_Nature_2022_生殖系
13	63	4555	4493	103216863	103216863	1	4492	Wei_Nature_2022_生殖系
13	10660	10734	75	104245618	104245619	2	73	Nyuwa基因组资源NUMTs
13	12712	12850	139	105266096	105266107	12	127	Wei_Nature_2022_生殖系
13	14862	14952	91	105496271	105496342	72	19	Nyuwa基因组资源NUMTs
13				105974206	105974206	1		Nyuwa基因组资源NUMTs
13	2589	2723	135	106188556	106188557	2	133	Wei_Nature_2022_生殖系
13	8389	14642	6254	106325638	106325639	2	6252	Nyuwa基因组资源NUMTs
13	12106	12188	83	107050289	107050361	73	10	Wei_Nature_2022_生殖系
13	11767	11767	1	107055785	107055859	75	74	Wei_Nature_2022_生殖系
13				107058825	107058890	66		Tao_Genes_2023
13				107058825	107058890	66		Tao_Genes_2023
13				107058825	107058890	66		Tao_Genes_2023
13	982	1237	256	109424125	109424380	256	0	Calabrese_BMCBioinformatics_2012_低置信;Calabrese_BMCBioinformatics_2012_高置信;Daniela_Lascaro_BMC_Genomics_2008;Simone_BMC_Genomics_2011_版本1_766_HSP;Simone_BMC_Genomics_2011_版本2_585_高置信;UCSC_https://hgdownload.soe.ucsc.edu/goldenPath/hg18/database/
13				109424125	109424380	256		Tao_Genes_2023
13				109424125	109424380	256		Tao_Genes_2023
13				109424125	109424380	256		Tao_Genes_2023
13	1099	11414	10316	109674266	109674266	1	10315	Wei_Nature_2022_生殖系
13	16121	16439	319	109677469	109677469	1	318	Wei_Nature_2022_肿瘤
13	16121	16439	319	110925269	110925269	1	318	Wei_Nature_2022_肿瘤
13	5540	5760	221	113744110	113744111	2	219	Wei_Nature_2022_生殖系
14	11685	12144	460	18908889	18909475	587	127	Wei_Nature_2022_生殖系
14	16005	16116	112	18953287	18953287	1	111	Wei_Nature_2022_生殖系
14	16122	16537	416	19304043	19304043	1	415	Wei_Nature_2022_肿瘤
14	16122	16537	416	19340618	19340618	1	415	Wei_Nature_2022_肿瘤
14	11685	12144	460	19492478	19492507	30	430	Wei_Nature_2022_生殖系
14	3667	3741	75	20565035	20565041	7	68	Nyuwa基因组资源NUMTs
14	14252	15943	1692	20618630	20618788	159	1533	Wei_Nature_2022_生殖系
14				21440491	21440491	1		Nyuwa基因组资源NUMTs
14	3665	3741	77	22020499	22020505	7	70	Nyuwa基因组资源NUMTs
14	65	16400	16336	22375491	22375491	1	16335	Wei_Nature_2022_肿瘤
14	16203	16368	166	23244851	23244851	1	165	Wei_Nature_2022_肿瘤
14	2680	2770	91	23387889	23387890	2	89	Nyuwa基因组资源NUMTs
14				23426463	23426531	69		Tao_Genes_2023
14				23426463	23426531	69		Tao_Genes_2023
14				23426463	23426531	69		Tao_Genes_2023
14	2011	2079	69	23426464	23426531	68	1	Calabrese_BMCBioinformatics_2012_低置信;Calabrese_BMCBioinformatics_2012_高置信;Simone_BMC_Genomics_2011_版本1_766_HSP;Simone_BMC_Genomics_2011_版本2_585_高置信;UCSC_https://hgdownload.soe.ucsc.edu/goldenPath/hg18/database/
14	10672	10807	136	23762348	23762414	67	69	Wei_Nature_2022_生殖系
14	4926	5108	183	25390703	25390704	2	181	Wei_Nature_2022_生殖系
14	5705	5824	120	26831770	26831790	21	99	Wei_Nature_2022_生殖系
14	2814	5479	2666	27835781	27835781	1	2665	Wei_Nature_2022_生殖系
14	2814	5479	2666	28195485	28195492	8	2658	Wei_Nature_2022_生殖系
14	10530	21060	10531	29349659	29349659	1	10530	Nyuwa基因组资源NUMTs
14	15945	16152	208	29847604	29847606	3	205	Wei_Nature_2022_生殖系
14	13935	14005	71	31285673	31285675	3	68	Nyuwa基因组资源NUMTs
14	9561	9628	68	31367714	31367715	2	66	Nyuwa基因组资源NUMTs
14	14052	14233	182	32189803	32189814	12	170	Nyuwa基因组资源NUMTs
14				32484096	32485121	1026		Tao_Genes_2023
14				32484096	32485121	1026		Tao_Genes_2023
14	5583	6606	1024	32484098	32485118	1021	3	Calabrese_BMCBioinformatics_2012_低置信;Calabrese_BMCBioinformatics_2012_高置信;Daniela_Lascaro_BMC_Genomics_2008;Simone_BMC_Genomics_2011_版本1_766_HSP;Simone_BMC_Genomics_2011_版本2_585_高置信;UCSC_https://hgdownload.soe.ucsc.edu/goldenPath/hg18/database/
14	6021	6307	287	33672822	33672823	2	285	Nyuwa基因组资源NUMTs
14	1648	1791	144	34378824	34378824	1	143	Wei_Nature_2022_生殖系
14	12107	12314	208	35859831	35859832	2	206	Wei_Nature_2022_生殖系
14	7046	8768	1723	36310468	36310468	1	1722	Wei_Nature_2022_肿瘤
14	14101	14243	143	36454088	36454094	7	136	Nyuwa基因组资源NUMTs
14	8526	8612	87	36551000	36551003	4	83	Wei_Nature_2022_生殖系
14	4683	4859	177	37016778	37016780	3	174	Wei_Nature_2022_生殖系
14	10470	10543	74	37237060	37237062	3	71	Nyuwa基因组资源NUMTs
14	10369	14526	4158	37525428	37525435	8	4150	Wei_Nature_2022_生殖系
14	506	653	148	38473271	38473280	10	138	Wei_Nature_2022_生殖系
14	3912	3985	74	38655701	38655712	12	62	Nyuwa基因组资源NUMTs;Wei_Nature_2022_生殖系
14	3606	3694	89	38909945	38909947	3	86	Wei_Nature_2022_生殖系
14	10304	10346	43	39220079	39220079	1	42	Wei_Nature_2022_肿瘤
14	10093	10271	179	39276210	39276213	4	175	Nyuwa基因组资源NUMTs
14	3588	3743	156	40321640	40321642	3	153	Nyuwa基因组资源NUMTs
14	16266	16363	98	40837687	40837690	4	94	Wei_Nature_2022_生殖系
14	490	3614	3125	41579190	41579200	11	3114	Wei_Nature_2022_生殖系
14	6002	6152	151	42236545	42236546	2	149	Nyuwa基因组资源NUMTs
14	12665	12740	76	43312876	43312879	4	72	Wei_Nature_2022_生殖系
14	9127	15522	6396	44230165	44230172	8	6388	Wei_Nature_2022_生殖系
14	5210	5441	232	44255872	44255890	19	213	Wei_Nature_2022_生殖系
14	2729	2907	179	44768118	44768124	7	172	Nyuwa基因组资源NUMTs
14	14623	14684	62	45612759	45612761	3	59	Wei_Nature_2022_生殖系
14	15676	15799	124	50633942	50633947	6	118	Nyuwa基因组资源NUMTs
14	1575	6455	4881	51089361	51089361	1	4880	Wei_Nature_2022_生殖系
14				51587357	51587769	413		Tao_Genes_2023
14				51587357	51587769	413		Tao_Genes_2023
14				51587357	51587769	413		Tao_Genes_2023
14	574	977	404	51587368	51587768	401	3	Calabrese_BMCBioinformatics_2012_低置信;Calabrese_BMCBioinformatics_2012_高置信;Daniela_Lascaro_BMC_Genomics_2008;Simone_BMC_Genomics_2011_版本1_766_HSP;Simone_BMC_Genomics_2011_版本2_585_高置信;UCSC_https://hgdownload.soe.ucsc.edu/goldenPath/hg18/database/
14	7324	14385	7062	52391632	52391633	2	7060	Wei_Nature_2022_生殖系
14	11975	12042	68	53238703	53238703	1	67	Nyuwa基因组资源NUMTs
14	14754	14868	115	53305222	53305228	7	108	Wei_Nature_2022_生殖系
14				53833946	53834073	128		Tao_Genes_2023
14				53833947	53834073	127		Tao_Genes_2023
14				53833947	53834073	127		Tao_Genes_2023
14	2648	2803	156	53923402	53923402	1	155	Wei_Nature_2022_生殖系
14	2648	2803	156	53938451	53938451	1	155	Wei_Nature_2022_生殖系
14	13694	13772	79	54174486	54174489	4	75	Wei_Nature_2022_生殖系
14	3365	16109	12745	54267971	54267973	3	12742	Wei_Nature_2022_生殖系
14	3431	10358	6928	55325161	55325173	13	6915	Wei_Nature_2022_生殖系
14	3549	3661	113	57282868	57282870	3	110	Nyuwa基因组资源NUMTs
14	3756	3833	78	59112597	59112605	9	69	Wei_Nature_2022_生殖系
14				59520482	59520563	82		Tao_Genes_2023
14				59520482	59520563	82		Tao_Genes_2023
14				59520482	59520563	82		Tao_Genes_2023
14	4602	4700	99	63566845	63566858	14	85	Nyuwa基因组资源NUMTs
14	9000	9177	178	63827467	63827470	4	174	Wei_Nature_2022_生殖系
14	1837	1946	110	67408580	67408581	2	108	Nyuwa基因组资源NUMTs
14	15937	15996	60	68356955	68356955	1	59	Wei_Nature_2022_生殖系
14				68719601	68719700	100		Tao_Genes_2023
14				68719601	68719700	100		Tao_Genes_2023
14				68719601	68719700	100		Tao_Genes_2023
14	10620	10733	114	69795446	69795449	4	110	Wei_Nature_2022_生殖系
14	11731	11841	111	73317489	73317490	2	109	Wei_Nature_2022_生殖系
14	1971	2059	89	74098944	74098945	2	87	Wei_Nature_2022_生殖系
14	3467	3534	68	74793188	74793194	7	61	Nyuwa基因组资源NUMTs
14	1829	2213	385	75281000	75281000	1	384	Wei_Nature_2022_肿瘤
14	10132	16087	5956	75720403	75720403	1	5955	Wei_Nature_2022_生殖系
14	10132	16087	5956	75776439	75776439	1	5955	Wei_Nature_2022_生殖系
14			14074	76359063	76359068	6	14068	Nyuwa基因组资源NUMTs
14	1653	5042	3390	77525065	77525065	1	3389	Wei_Nature_2022_生殖系
14	5313	5385	73	78854879	78854951	73	0	Calabrese_BMCBioinformatics_2012_低置信;Calabrese_BMCBioinformatics_2012_高置信;Simone_BMC_Genomics_2011_版本1_766_HSP;Simone_BMC_Genomics_2011_版本2_585_高置信;UCSC_https://hgdownload.soe.ucsc.edu/goldenPath/hg18/database/
14				78854879	78854951	73		Tao_Genes_2023
14				78854879	78854951	73		Tao_Genes_2023
14				78854879	78854951	73		Tao_Genes_2023
14	958	11472	10515	79429806	79429814	9	10506	Wei_Nature_2022_生殖系
14	3606	3652	47	80412944	80412957	14	33	Wei_Nature_2022_生殖系
14	7065	7213	149	81534047	81534054	8	141	Wei_Nature_2022_生殖系
14	3607	3691	85	82072330	82072348	19	66	Wei_Nature_2022_生殖系
14	7121	7369	249	82165254	82165256	3	246	Wei_Nature_2022_生殖系
14				83587340	83589116	1777		Tao_Genes_2023
14				83587340	83589116	1777		Tao_Genes_2023
14				83587340	83589116	1777		Tao_Genes_2023
14	596	2214	1619	83587506	83589092	1587	32	Calabrese_BMCBioinformatics_2012_低置信;Calabrese_BMCBioinformatics_2012_高置信;Daniela_Lascaro_BMC_Genomics_2008;Simone_BMC_Genomics_2011_版本1_766_HSP;Simone_BMC_Genomics_2011_版本2_585_高置信;UCSC_https://hgdownload.soe.ucsc.edu/goldenPath/hg18/database/
14	473	714	242	83618089	83618089	1	241	Wei_Nature_2022_生殖系
14				84171313	84172841	1529		Tao_Genes_2023
14				84171313	84172841	1529		Tao_Genes_2023
14				84171313	84172841	1529		Tao_Genes_2023
14	1835	3314	1480	84171352	84172840	1489	9	Calabrese_BMCBioinformatics_2012_低置信;Calabrese_BMCBioinformatics_2012_高置信;Daniela_Lascaro_BMC_Genomics_2008;Simone_BMC_Genomics_2011_版本1_766_HSP;Simone_BMC_Genomics_2011_版本2_585_高置信;UCSC_https://hgdownload.soe.ucsc.edu/goldenPath/hg18/database/
14	11367	12333	967	84172843	84173800	958	9	Calabrese_BMCBioinformatics_2012_低置信;Simone_BMC_Genomics_2011_版本1_766_HSP;UCSC_https://hgdownload.soe.ucsc.edu/goldenPath/hg18/database/
14				84172843	84175694	2852		Tao_Genes_2023
14				84172843	84175694	2852		Tao_Genes_2023
14				84172843	84175694	2852		Tao_Genes_2023
14	11367	15411	4045	84172843	84177082	4240	195	Calabrese_BMCBioinformatics_2012_高置信;Daniela_Lascaro_BMC_Genomics_2008;Simone_BMC_Genomics_2011_版本2_585_高置信
14	12417	14322	1906	84173792	84175691	1900	6	Calabrese_BMCBioinformatics_2012_低置信;Simone_BMC_Genomics_2011_版本1_766_HSP;UCSC_https://hgdownload.soe.ucsc.edu/goldenPath/hg18/database/
14				84176008	84177083	1076		Tao_Genes_2023
14				84176008	84177083	1076		Tao_Genes_2023
14				84176008	84177083	1076		Tao_Genes_2023
14	14333	15411	1079	84176009	84177082	1074	5	Calabrese_BMCBioinformatics_2012_低置信;Simone_BMC_Genomics_2011_版本1_766_HSP;UCSC_https://hgdownload.soe.ucsc.edu/goldenPath/hg18/database/
14	14041	14113	73	87672338	87672342	5	68	Wei_Nature_2022_生殖系
14	963	1465	503	89386685	89386686	2	501	Nyuwa基因组资源NUMTs;Wei_Nature_2022_生殖系
14	3366	3421	56	89965320	89965322	3	53	Wei_Nature_2022_生殖系
14	4338	4414	77	90562562	90562564	3	74	Wei_Nature_2022_生殖系
14	10445	10445	1	93026234	93026234	1	0	Wei_Nature_2022_肿瘤
14			10423	93349248	93349248	1	10422	Nyuwa基因组资源NUMTs
14				94136302	94136395	94		Tao_Genes_2023
14				94136302	94136395	94		Tao_Genes_2023
14				94136302	94136395	94		Tao_Genes_2023
14				94561439	94561439	1		Nyuwa基因组资源NUMTs
14	11000	11075	76	95109796	95109796	1	75	Wei_Nature_2022_生殖系
14	8717	8831	115	95199233	95199347	115	0	Calabrese_BMCBioinformatics_2012_低置信;Calabrese_BMCBioinformatics_2012_高置信;Simone_BMC_Genomics_2011_版本1_766_HSP;Simone_BMC_Genomics_2011_版本2_585_高置信;UCSC_https://hgdownload.soe.ucsc.edu/goldenPath/hg18/database/
14				95199233	95199348	116		Tao_Genes_2023
14				95199233	95199348	116		Tao_Genes_2023
14				95199233	95199348	116		Tao_Genes_2023
14	10330	10426	97	97563752	97563755	4	93	Nyuwa基因组资源NUMTs
14	6229	7328	1100	99242725	99242725	1	1099	Wei_Nature_2022_肿瘤
14	2080	2275	196	99348826	99348843	18	178	Nyuwa基因组资源NUMTs;Wei_Nature_2022_生殖系
14	12970	13045	76	99442112	99442112	1	75	Nyuwa基因组资源NUMTs
14	10974	21948	10975	100810155	100810155	1	10974	Nyuwa基因组资源NUMTs
14	9971	15602	5632	101197445	101197445	1	5631	Wei_Nature_2022_生殖系
14	11090	11197	108	103162156	103162162	7	101	Wei_Nature_2022_生殖系
14	2320	2427	108	105028260	105028261	2	106	Nyuwa基因组资源NUMTs
14	6177	6388	212	105146956	105146968	13	199	Wei_Nature_2022_生殖系
14	16470	16538	69	105153906	105153911	6	63	Nyuwa基因组资源NUMTs
14	13459	13570	112	105254771	105254784	14	98	Wei_Nature_2022_生殖系
14	8986	9061	76	105995442	105995642	201	125	Wei_Nature_2022_生殖系
15	9035	9426	392	20616346	20616351	6	386	Wei_Nature_2022_生殖系
15	14746	16266	1521	22849314	22849314	1	1520	Wei_Nature_2022_生殖系
15	297	1298	1002	24354549	24354554	6	996	Nyuwa基因组资源NUMTs
15	12315	12389	75	24514214	24514214	1	74	Wei_Nature_2022_生殖系
15	5779	5847	69	25071653	25071654	2	67	Wei_Nature_2022_生殖系
15	15575	15647	73	26709662	26709664	3	70	Wei_Nature_2022_生殖系
15	3035	3178	144	29693869	29693871	3	141	Wei_Nature_2022_生殖系
15	4078	4544	467	31059201	31059203	3	464	Wei_Nature_2022_生殖系
15	13477	13632	156	33166310	33166312	3	153	Wei_Nature_2022_生殖系
15				34394592	34395003	412		Tao_Genes_2023
15				34394592	34395003	412		Tao_Genes_2023
15				34394592	34395003	412		Tao_Genes_2023
15	9653	10050	398	34394594	34394991	398	0	Calabrese_BMCBioinformatics_2012_低置信;Calabrese_BMCBioinformatics_2012_高置信;Simone_BMC_Genomics_2011_版本1_766_HSP;Simone_BMC_Genomics_2011_版本2_585_高置信;UCSC_https://hgdownload.soe.ucsc.edu/goldenPath/hg18/database/
15				34540813	34541224	412		Tao_Genes_2023
15				34540813	34541224	412		Tao_Genes_2023
15				34540813	34541224	412		Tao_Genes_2023
15	9653	10050	398	34540815	34541212	398	0	Calabrese_BMCBioinformatics_2012_低置信;Calabrese_BMCBioinformatics_2012_高置信;Simone_BMC_Genomics_2011_版本1_766_HSP;Simone_BMC_Genomics_2011_版本2_585_高置信;UCSC_https://hgdownload.soe.ucsc.edu/goldenPath/hg18/database/
15	3798	3970	173	35396242	35396412	171	2	Calabrese_BMCBioinformatics_2012_低置信;Calabrese_BMCBioinformatics_2012_高置信;Simone_BMC_Genomics_2011_版本1_766_HSP;Simone_BMC_Genomics_2011_版本2_585_高置信;UCSC_https://hgdownload.soe.ucsc.edu/goldenPath/hg18/database/
15				35396242	35396412	171		Tao_Genes_2023
15				35396242	35396412	171		Tao_Genes_2023
15				35396242	35396412	171		Tao_Genes_2023
15				35609735	35609847	113		Tao_Genes_2023
15				35609735	35609847	113		Tao_Genes_2023
15				35609735	35609847	113		Tao_Genes_2023
15	8860	9062	203	35758625	35758625	1	202	Wei_Nature_2022_生殖系
15	11555	11631	77	36140342	36140344	3	74	Wei_Nature_2022_生殖系
15	3709	3777	69	36821673	36821677	5	64	Nyuwa基因组资源NUMTs
15	15886	16007	122	36841676	36841676	1	121	Wei_Nature_2022_生殖系
15	1847	1925	79	37270983	37270986	4	75	Wei_Nature_2022_生殖系
15	12844	13246	403	37974830	37974830	1	402	Wei_Nature_2022_肿瘤
15	13047	13120	74	38509599	38509599	1	73	Wei_Nature_2022_生殖系
15	14161	14223	63	38715438	38715449	12	51	Wei_Nature_2022_生殖系
15				39201372	39201516	145		Tao_Genes_2023
15				39201372	39201516	145		Tao_Genes_2023
15				39201372	39201516	145		Tao_Genes_2023
15	11027	11168	142	39201373	39201515	143	1	Calabrese_BMCBioinformatics_2012_低置信;Calabrese_BMCBioinformatics_2012_高置信;Simone_BMC_Genomics_2011_版本1_766_HSP;Simone_BMC_Genomics_2011_版本2_585_高置信;UCSC_https://hgdownload.soe.ucsc.edu/goldenPath/hg18/database/
15				40133767	40135214	1448		Tao_Genes_2023
15				40133767	40135214	1448		Tao_Genes_2023
15				40133767	40135214	1448		Tao_Genes_2023
15	11706	13134	1429	40133770	40135192	1423	6	Calabrese_BMCBioinformatics_2012_低置信;Calabrese_BMCBioinformatics_2012_高置信;Daniela_Lascaro_BMC_Genomics_2008;Simone_BMC_Genomics_2011_版本1_766_HSP;Simone_BMC_Genomics_2011_版本2_585_高置信;UCSC_https://hgdownload.soe.ucsc.edu/goldenPath/hg18/database/
15	9466	9557	92	40338620	40338626	7	85	Wei_Nature_2022_生殖系
15	11659	11784	126	41157175	41157300	126	0	Calabrese_BMCBioinformatics_2012_低置信;Calabrese_BMCBioinformatics_2012_高置信;Simone_BMC_Genomics_2011_版本1_766_HSP;Simone_BMC_Genomics_2011_版本2_585_高置信;UCSC_https://hgdownload.soe.ucsc.edu/goldenPath/hg18/database/
15				41157175	41157302	128		Tao_Genes_2023
15				41157175	41157302	128		Tao_Genes_2023
15				41157175	41157302	128		Tao_Genes_2023
15			11329	41486206	41486206	1	11328	Nyuwa基因组资源NUMTs
15	11344	22688	11345	41493156	41493156	1	11344	Nyuwa基因组资源NUMTs
15	12281	12360	80	41892699	41892699	1	79	Nyuwa基因组资源NUMTs
15	12642	12763	122	42046797	42046802	6	116	Nyuwa基因组资源NUMTs
15	13642	13708	67	42484566	42484569	4	63	Nyuwa基因组资源NUMTs
15	8159	8230	72	45784055	45784059	5	67	Wei_Nature_2022_生殖系
15	5814	5995	182	45953313	45953313	1	181	Wei_Nature_2022_生殖系
15	14446	14693	248	46001634	46001645	12	236	Wei_Nature_2022_生殖系
15				46341380	46341600	221		Tao_Genes_2023
15				46341380	46341600	221		Tao_Genes_2023
15				46341380	46341600	221		Tao_Genes_2023
15	12979	13186	208	46341391	46341598	208	0	Calabrese_BMCBioinformatics_2012_低置信;Calabrese_BMCBioinformatics_2012_高置信;Simone_BMC_Genomics_2011_版本1_766_HSP;Simone_BMC_Genomics_2011_版本2_585_高置信;UCSC_https://hgdownload.soe.ucsc.edu/goldenPath/hg18/database/
15	8988	9062	75	46974481	46974483	3	72	Nyuwa基因组资源NUMTs
15	13204	13291	88	48473906	48473993	88	0	Calabrese_BMCBioinformatics_2012_低置信;Calabrese_BMCBioinformatics_2012_高置信;Simone_BMC_Genomics_2011_版本1_766_HSP;Simone_BMC_Genomics_2011_版本2_585_高置信;UCSC_https://hgdownload.soe.ucsc.edu/goldenPath/hg18/database/
15				48473906	48474024	119		Tao_Genes_2023
15				48473906	48474024	119		Tao_Genes_2023
15				48473906	48474024	119		Tao_Genes_2023
15	2380	2598	219	49039348	49039353	6	213	Wei_Nature_2022_生殖系
15	5226	5334	109	49766462	49766462	1	108	Wei_Nature_2022_生殖系
15	13323	13510	188	52288952	52288953	2	186	Nyuwa基因组资源NUMTs
15	12812	15628	2817	52668401	52668403	3	2814	Wei_Nature_2022_生殖系
15	7897	8013	117	52915145	52915153	9	108	Nyuwa基因组资源NUMTs;Wei_Nature_2022_生殖系
15	4571	4717	147	54342020	54342023	4	143	Nyuwa基因组资源NUMTs
15	6866	10964	4099	54346391	54346391	1	4098	Wei_Nature_2022_生殖系
15	11359	11417	59	57790218	57790276	59	0	Calabrese_BMCBioinformatics_2012_低置信;Calabrese_BMCBioinformatics_2012_高置信;Simone_BMC_Genomics_2011_版本1_766_HSP;Simone_BMC_Genomics_2011_版本2_585_高置信;UCSC_https://hgdownload.soe.ucsc.edu/goldenPath/hg18/database/
15				57790218	57790277	60		Tao_Genes_2023
15				57790218	57790277	60		Tao_Genes_2023
15				57790218	57790277	60		Tao_Genes_2023
15				58150217	58151595	1379		Tao_Genes_2023
15				58150217	58151595	1379		Tao_Genes_2023
15				58150217	58151595	1379		Tao_Genes_2023
15	9720	11042	1323	58150296	58151595	1300	23	Calabrese_BMCBioinformatics_2012_低置信;Simone_BMC_Genomics_2011_版本1_766_HSP;UCSC_https://hgdownload.soe.ucsc.edu/goldenPath/hg18/database/
15	9720	16019	6300	58150296	58156198	5903	397	Calabrese_BMCBioinformatics_2012_高置信;Daniela_Lascaro_BMC_Genomics_2008;Simone_BMC_Genomics_2011_版本2_585_高置信
15				58151602	58152615	1014		Tao_Genes_2023
15				58151602	58152615	1014		Tao_Genes_2023
15				58151602	58152615	1014		Tao_Genes_2023
15	11228	12237	1010	58151604	58152609	1006	4	Calabrese_BMCBioinformatics_2012_低置信;Simone_BMC_Genomics_2011_版本1_766_HSP;UCSC_https://hgdownload.soe.ucsc.edu/goldenPath/hg18/database/
15				58152633	58156573	3941		Tao_Genes_2023
15				58152633	58156573	3941		Tao_Genes_2023
15				58152633	58156573	3941		Tao_Genes_2023
15	12395	16019	3625	58152662	58156198	3537	88	Calabrese_BMCBioinformatics_2012_低置信;Simone_BMC_Genomics_2011_版本1_766_HSP;UCSC_https://hgdownload.soe.ucsc.edu/goldenPath/hg18/database/
15	3205	3372	168	60148456	60148457	2	166	Wei_Nature_2022_生殖系
15	15740	16458	719	61811106	61811106	1	718	Wei_Nature_2022_生殖系
15	13591	13722	132	62758175	62758178	4	128	Wei_Nature_2022_生殖系
15	16034	16150	117	63350559	63350560	2	115	Nyuwa基因组资源NUMTs
15				67040894	67040964	71		Tao_Genes_2023
15				67040894	67040964	71		Tao_Genes_2023
15				67040894	67040964	71		Tao_Genes_2023
15	2174	2216	43	67040911	67040953	43	0	Calabrese_BMCBioinformatics_2012_低置信;Calabrese_BMCBioinformatics_2012_高置信;Simone_BMC_Genomics_2011_版本1_766_HSP;Simone_BMC_Genomics_2011_版本2_585_高置信;UCSC_https://hgdownload.soe.ucsc.edu/goldenPath/hg18/database/
15	12186	12306	121	67341049	67341049	1	120	Wei_Nature_2022_生殖系
15				67499576	67499691	116		Tao_Genes_2023
15				67499576	67499691	116		Tao_Genes_2023
15				67499576	67499691	116		Tao_Genes_2023
15	12866	12994	129	68949142	68949144	3	126	Wei_Nature_2022_生殖系
15	11889	23778	11890	69226983	69226988	6	11884	Nyuwa基因组资源NUMTs
15			6143	71873937	71873937	1	6142	Nyuwa基因组资源NUMTs
15	10891	10938	48	71896020	71896020	1	47	Wei_Nature_2022_生殖系
15	335	16383	16049	76955877	76955877	1	16048	Wei_Nature_2022_肿瘤
15				78220934	78221042	109		Tao_Genes_2023
15				78220934	78221042	109		Tao_Genes_2023
15				78220934	78221042	109		Tao_Genes_2023
15	9586	9651	66	78313616	78313631	16	50	Wei_Nature_2022_生殖系
15	835	935	101	80081970	80081971	2	99	Wei_Nature_2022_生殖系
15			2530	80153028	80153029	2	2528	Nyuwa基因组资源NUMTs
15	13890	14055	166	81831756	81831761	6	160	Wei_Nature_2022_生殖系
15			8770	83421454	83421459	6	8764	Nyuwa基因组资源NUMTs
15				84718022	84718125	104		Tao_Genes_2023
15				84718022	84718125	104		Tao_Genes_2023
15				84718022	84718125	104		Tao_Genes_2023
15			14690	86101385	86101385	1	14689	Nyuwa基因组资源NUMTs
15	8443	8656	214	86114829	86114829	1	213	Nyuwa基因组资源NUMTs
15				88091350	88091432	83		Tao_Genes_2023
15				88091350	88091432	83		Tao_Genes_2023
15				88091350	88091432	83		Tao_Genes_2023
15	5384	5435	52	88091357	88091408	52	0	Calabrese_BMCBioinformatics_2012_低置信;Calabrese_BMCBioinformatics_2012_高置信;Simone_BMC_Genomics_2011_版本1_766_HSP;Simone_BMC_Genomics_2011_版本2_585_高置信;UCSC_https://hgdownload.soe.ucsc.edu/goldenPath/hg18/database/
15	9707	9787	81	88606159	88606159	1	80	Wei_Nature_2022_生殖系
15	101	16120	16020	89311926	89311926	1	16019	Wei_Nature_2022_肿瘤
15	11270	22540	11271	89833356	89833356	1	11270	Nyuwa基因组资源NUMTs
15	14995	15100	106	90276972	90276973	2	104	Wei_Nature_2022_生殖系
15	16217	32434	16218	92216713	92216763	51	16167	Nyuwa基因组资源NUMTs
15	5935	9528	3594	92664294	92664302	9	3585	Wei_Nature_2022_生殖系
15	6550	6626	77	92906807	92906807	1	76	Wei_Nature_2022_生殖系
15	5970	6294	325	94255781	94255781	1	324	Wei_Nature_2022_肿瘤
15	2021	2243	223	94464069	94464069	1	222	Wei_Nature_2022_生殖系
15	2021	2243	223	94561370	94561370	1	222	Wei_Nature_2022_生殖系
15	6449	6577	129	95080617	95080617	1	128	Wei_Nature_2022_生殖系
15	2471	3178	708	96521508	96521508	1	707	Wei_Nature_2022_肿瘤
15	9486	9563	78	97196468	97196469	2	76	Nyuwa基因组资源NUMTs
15	1982	2087	106	99967388	99967390	3	103	Wei_Nature_2022_生殖系
15				100037013	100037088	76		Tao_Genes_2023
15				100037013	100037088	76		Tao_Genes_2023
15				100037013	100037088	76		Tao_Genes_2023
15	9145	9648	504	100645626	100645626	1	503	Wei_Nature_2022_肿瘤
15	4797	4875	79	101538963	101538963	1	78	Wei_Nature_2022_生殖系
16	3019	3278	260	52530	52530	1	259	Wei_Nature_2022_生殖系
16	11844	11996	153	1876852	1876855	4	149	Wei_Nature_2022_生殖系
16				3367482	3369297	1816		Tao_Genes_2023
16				3367482	3369297	1816		Tao_Genes_2023
16				3367482	3369297	1816		Tao_Genes_2023
16	5855	7686	1832	3367483	3369297	1815	17	Calabrese_BMCBioinformatics_2012_低置信;Simone_BMC_Genomics_2011_版本1_766_HSP;UCSC_https://hgdownload.soe.ucsc.edu/goldenPath/hg18/database/
16	2107	7686	5580	3367483	3372740	5258	322	Calabrese_BMCBioinformatics_2012_高置信;Daniela_Lascaro_BMC_Genomics_2008;Simone_BMC_Genomics_2011_版本2_585_高置信
16				3369597	3371388	1792		Tao_Genes_2023
16				3369597	3371388	1792		Tao_Genes_2023
16				3369597	3371388	1792		Tao_Genes_2023
16	2823	4615	1793	3369598	3371388	1791	2	Calabrese_BMCBioinformatics_2012_低置信;Simone_BMC_Genomics_2011_版本1_766_HSP;UCSC_https://hgdownload.soe.ucsc.edu/goldenPath/hg18/database/
16				3371711	3372332	622		Tao_Genes_2023
16				3371711	3372332	622		Tao_Genes_2023
16				3371711	3372332	622		Tao_Genes_2023
16	2152	2514	363	3372177	3372536	360	3	Calabrese_BMCBioinformatics_2012_低置信;Simone_BMC_Genomics_2011_版本1_766_HSP;UCSC_https://hgdownload.soe.ucsc.edu/goldenPath/hg18/database/
16				3372637	3372740	104		Tao_Genes_2023
16				3372637	3372740	104		Tao_Genes_2023
16				3372637	3372740	104		Tao_Genes_2023
16	13056	13125	70	4920657	4920657	1	69	Wei_Nature_2022_生殖系
16	6939	7230	292	6291999	6291999	1	291	Wei_Nature_2022_生殖系
16				7029720	7029785	66		Tao_Genes_2023
16				7029720	7029785	66		Tao_Genes_2023
16				7029720	7029785	66		Tao_Genes_2023
16	3011	3069	59	7029727	7029785	59	0	Calabrese_BMCBioinformatics_2012_低置信;Calabrese_BMCBioinformatics_2012_高置信;Simone_BMC_Genomics_2011_版本1_766_HSP;Simone_BMC_Genomics_2011_版本2_585_高置信;UCSC_https://hgdownload.soe.ucsc.edu/goldenPath/hg18/database/
16				7100555	7100586	32		Tao_Genes_2023
16	389	16503	16115	8588985	8588992	8	16107	Wei_Nature_2022_生殖系
16	220	15995	15776	9689428	9689442	15	15761	Nyuwa基因组资源NUMTs
16	15465	15679	215	10320760	10320769	10	205	Wei_Nature_2022_生殖系
16	15465	15679	215	10328192	10328192	1	214	Wei_Nature_2022_生殖系
16				10718343	10725335	6993		Tao_Genes_2023
16				10718343	10725335	6993		Tao_Genes_2023
16				10718343	10725335	6993		Tao_Genes_2023
16	14492	16029	1538	10718483	10720013	1531	7	Calabrese_BMCBioinformatics_2012_低置信;Simone_BMC_Genomics_2011_版本1_766_HSP;UCSC_https://hgdownload.soe.ucsc.edu/goldenPath/hg18/database/
16	8499	16029	7531	10718483	10725324	6842	689	Calabrese_BMCBioinformatics_2012_高置信;Daniela_Lascaro_BMC_Genomics_2008;Simone_BMC_Genomics_2011_版本2_585_高置信
16	8499	13747	5249	10720086	10725324	5239	10	Calabrese_BMCBioinformatics_2012_低置信;Simone_BMC_Genomics_2011_版本1_766_HSP;UCSC_https://hgdownload.soe.ucsc.edu/goldenPath/hg18/database/
16				13625562	13625742	181		Tao_Genes_2023
16				13625562	13625742	181		Tao_Genes_2023
16				13625562	13625742	181		Tao_Genes_2023
16				13991907	13992003	97		Tao_Genes_2023
16				13991907	13992003	97		Tao_Genes_2023
16				13991907	13992003	97		Tao_Genes_2023
16	10379	10451	73	13991926	13991999	74	1	Calabrese_BMCBioinformatics_2012_低置信;Calabrese_BMCBioinformatics_2012_高置信;Simone_BMC_Genomics_2011_版本1_766_HSP;Simone_BMC_Genomics_2011_版本2_585_高置信;UCSC_https://hgdownload.soe.ucsc.edu/goldenPath/hg18/database/
16	397	2921	2525	14412081	14412086	6	2519	Wei_Nature_2022_生殖系
16	7326	10175	2850	16006882	16006889	8	2842	Wei_Nature_2022_生殖系
16	6881	7147	267	16833771	16833771	1	266	Wei_Nature_2022_肿瘤
16	7142	7516	375	17304975	17304975	1	374	Wei_Nature_2022_肿瘤
16	11696	12016	321	19976852	19976852	1	320	Wei_Nature_2022_肿瘤
16	1686	4867	3182	20302614	20302669	56	3126	Nyuwa基因组资源NUMTs
16				20720983	20722404	1422		Tao_Genes_2023
16				20720983	20722404	1422		Tao_Genes_2023
16				20720983	20722404	1422		Tao_Genes_2023
16	12220	13574	1355	20721048	20722401	1354	1	Calabrese_BMCBioinformatics_2012_低置信;Calabrese_BMCBioinformatics_2012_高置信;Daniela_Lascaro_BMC_Genomics_2008;Simone_BMC_Genomics_2011_版本1_766_HSP;Simone_BMC_Genomics_2011_版本2_585_高置信;UCSC_https://hgdownload.soe.ucsc.edu/goldenPath/hg18/database/
16	16481	16569	89	23889463	23889470	8	81	Nyuwa基因组资源NUMTs
16	2180	2253	74	24488452	24488464	13	61	Wei_Nature_2022_生殖系
16	344	411	68	25757973	25757978	6	62	Nyuwa基因组资源NUMTs
16	7755	7871	117	25787607	25787607	1	116	Wei_Nature_2022_生殖系
16	6259	6368	110	26207081	26207082	2	108	Wei_Nature_2022_生殖系
16	1246	1351	106	28261740	28261740	1	105	Nyuwa基因组资源NUMTs
16	13170	13245	76	28300523	28300528	6	70	Nyuwa基因组资源NUMTs
16	11318	11496	179	28712167	28712178	12	167	Wei_Nature_2022_生殖系
16	1555	1632	78	30931002	30931003	2	76	Nyuwa基因组资源NUMTs
16	10012	10089	78	31792664	31792667	4	74	Wei_Nature_2022_生殖系
16	14296	14418	123	33747033	33747033	1	122	Wei_Nature_2022_生殖系
16	7969	16476	8508	34583026	34583270	245	8263	Nyuwa基因组资源NUMTs
16			12703	35256000	35256000	1	12702	Nyuwa基因组资源NUMTs
16	9553	19106	9554	35308947	35308947	1	9553	Nyuwa基因组资源NUMTs
16	564	7846	7283	46390884	46390970	87	7196	Nyuwa基因组资源NUMTs
16	2676	15260	12585	46394635	46395037	403	12182	Nyuwa基因组资源NUMTs
16	12238	14768	2531	46400611	46401248	638	1893	Nyuwa基因组资源NUMTs
16	4562	4815	254	48591300	48591301	2	252	Nyuwa基因组资源NUMTs
16	3282	3393	112	48883547	48883549	3	109	Wei_Nature_2022_生殖系
16				49066587	49066752	166		Tao_Genes_2023
16				49066587	49066752	166		Tao_Genes_2023
16				49066587	49066752	166		Tao_Genes_2023
16	10457	10612	156	49066600	49066743	144	12	Calabrese_BMCBioinformatics_2012_低置信;Calabrese_BMCBioinformatics_2012_高置信;Simone_BMC_Genomics_2011_版本1_766_HSP;Simone_BMC_Genomics_2011_版本2_585_高置信;UCSC_https://hgdownload.soe.ucsc.edu/goldenPath/hg18/database/
16	12351	12482	132	49471338	49471340	3	129	Nyuwa基因组资源NUMTs
16	3512	3737	226	50822474	50822474	1	225	Wei_Nature_2022_肿瘤
16	16174	16569	396	50824864	50824864	1	395	Wei_Nature_2022_肿瘤
16	11144	11313	170	53285908	53285910	3	167	Wei_Nature_2022_生殖系
16	5244	5318	75	54798233	54798234	2	73	Wei_Nature_2022_生殖系
16	384	450	67	54842270	54842270	1	66	Wei_Nature_2022_生殖系
16				55007985	55008285	301		Tao_Genes_2023
16				55007985	55008285	301		Tao_Genes_2023
16				55007985	55008285	301		Tao_Genes_2023
16	12372	12414	43	55248867	55248867	1	42	Wei_Nature_2022_肿瘤
16	7871	8129	259	56557085	56557088	4	255	Wei_Nature_2022_生殖系
16	782	962	181	56860659	56860664	6	175	Wei_Nature_2022_生殖系
16	15057	15133	77	58919615	58919615	1	76	Wei_Nature_2022_生殖系
16	16136	16277	142	58947569	58947569	1	141	Wei_Nature_2022_肿瘤
16	5574	6032	459	58968140	58968146	7	452	Wei_Nature_2022_生殖系
16	9361	9572	212	59008872	59008876	5	207	Wei_Nature_2022_生殖系
16	4506	4582	77	59079462	59079467	6	71	Wei_Nature_2022_生殖系
16	15705	15772	68	59718566	59718572	7	61	Nyuwa基因组资源NUMTs
16	11584	11699	116	59910956	59910960	5	111	Nyuwa基因组资源NUMTs
16	2938	10829	7892	60296871	60296871	1	7891	Wei_Nature_2022_肿瘤
16	13578	13648	71	62085852	62085854	3	68	Nyuwa基因组资源NUMTs
16	3741	6603	2863	62740919	62740933	15	2848	Wei_Nature_2022_生殖系
16	6848	6989	142	63799927	63799935	9	133	Wei_Nature_2022_生殖系
16				68600547	68600649	103		Tao_Genes_2023
16				68600547	68600649	103		Tao_Genes_2023
16				68600547	68600649	103		Tao_Genes_2023
16	13788	13937	150	69091118	69091118	1	149	Nyuwa基因组资源NUMTs
16				69358659	69358849	191		Tao_Genes_2023
16				69358659	69358849	191		Tao_Genes_2023
16				69358659	69358849	191		Tao_Genes_2023
16	12196	12369	174	69358670	69358849	180	6	Calabrese_BMCBioinformatics_2012_低置信;Calabrese_BMCBioinformatics_2012_高置信;Simone_BMC_Genomics_2011_版本1_766_HSP;Simone_BMC_Genomics_2011_版本2_585_高置信;UCSC_https://hgdownload.soe.ucsc.edu/goldenPath/hg18/database/
16	4322	4580	259	69392721	69392722	2	257	Wei_Nature_2022_生殖系
16	15405	16035	631	69754814	69754814	1	630	Wei_Nature_2022_肿瘤
16	15289	15443	155	70126732	70126732	1	154	Wei_Nature_2022_生殖系
16				70682701	70682766	66		Tao_Genes_2023
16				70682701	70682766	66		Tao_Genes_2023
16				70682701	70682766	66		Tao_Genes_2023
16	2653	2707	55	70682712	70682766	55	0	Calabrese_BMCBioinformatics_2012_低置信;Calabrese_BMCBioinformatics_2012_高置信;Simone_BMC_Genomics_2011_版本1_766_HSP;Simone_BMC_Genomics_2011_版本2_585_高置信;UCSC_https://hgdownload.soe.ucsc.edu/goldenPath/hg18/database/
16	10784	10976	193	71043810	71043812	3	190	Wei_Nature_2022_生殖系
16	1023	4762	3740	72353438	72353438	1	3739	Wei_Nature_2022_生殖系
16	795	949	155	76772310	76772313	4	151	Nyuwa基因组资源NUMTs
16	4866	6848	1983	76976148	76976148	1	1982	Wei_Nature_2022_肿瘤
16	10154	10270	117	78191491	78191493	3	114	Nyuwa基因组资源NUMTs;Wei_Nature_2022_生殖系
16	10436	13918	3483	79225564	79225564	1	3482	Wei_Nature_2022_生殖系
16				82119841	82122609	2769		Tao_Genes_2023
16				82119841	82122609	2769		Tao_Genes_2023
16				82119841	82122609	2769		Tao_Genes_2023
16	1	60	60	82119859	82119918	60	0	Calabrese_BMCBioinformatics_2012_低置信;Simone_BMC_Genomics_2011_版本1_766_HSP
16			60	82119859	82119918	60	0	UCSC_https://hgdownload.soe.ucsc.edu/goldenPath/hg18/database/
16	1	60	60	82119859	82122609	2751	2691	Calabrese_BMCBioinformatics_2012_高置信
16	1	16569	16569	82119859	82122609	2751	13818	Simone_BMC_Genomics_2011_版本2_585_高置信
16	13904	16569	2666	82119919	82120186	268	2398	Calabrese_BMCBioinformatics_2012_高置信
16	16303	16569	267	82119919	82120186	268	1	Calabrese_BMCBioinformatics_2012_低置信;Simone_BMC_Genomics_2011_版本1_766_HSP;UCSC_https://hgdownload.soe.ucsc.edu/goldenPath/hg18/database/
16	13904	16029	2126	82120489	82122609	2121	5	Calabrese_BMCBioinformatics_2012_低置信;Daniela_Lascaro_BMC_Genomics_2008;Simone_BMC_Genomics_2011_版本1_766_HSP;UCSC_https://hgdownload.soe.ucsc.edu/goldenPath/hg18/database/
16				83673017	83673545	529		Tao_Genes_2023
16				83673017	83673545	529		Tao_Genes_2023
16				83673017	83673545	529		Tao_Genes_2023
16	16085	16568	484	83673020	83673513	494	10	Calabrese_BMCBioinformatics_2012_低置信;Calabrese_BMCBioinformatics_2012_高置信;Simone_BMC_Genomics_2011_版本1_766_HSP;Simone_BMC_Genomics_2011_版本2_585_高置信;UCSC_https://hgdownload.soe.ucsc.edu/goldenPath/hg18/database/
16	13836	13973	138	87689262	87689263	2	136	Wei_Nature_2022_生殖系
16	5149	5327	179	87894688	87894691	4	175	Wei_Nature_2022_生殖系
16	315	416	102	88176897	88176901	5	97	Nyuwa基因组资源NUMTs
16	8136	11401	3266	88202202	88202204	3	3263	Wei_Nature_2022_生殖系
16	15760	15856	97	88647521	88647523	3	94	Wei_Nature_2022_生殖系
16	6162	6225	64	89297022	89297024	3	61	Nyuwa基因组资源NUMTs
17	7975	8097	123	735464	735479	16	107	Nyuwa基因组资源NUMTs
17	14044	14113	70	957329	957331	3	67	Nyuwa基因组资源NUMTs;Wei_Nature_2022_生殖系
17	16389	16565	177	2935764	2935768	5	172	Wei_Nature_2022_生殖系
17	8020	8208	189	3949515	3949518	4	185	Wei_Nature_2022_生殖系
17				6086277	6086333	57		Tao_Genes_2023
17				6086277	6086333	57		Tao_Genes_2023
17				6086277	6086333	57		Tao_Genes_2023
17	1271	1467	197	7532814	7532820	7	190	Nyuwa基因组资源NUMTs
17	9326	9523	198	7864797	7864799	3	195	Nyuwa基因组资源NUMTs
17	7604	7849	246	8126790	8126790	1	245	Wei_Nature_2022_生殖系
17	2941	3007	67	8331863	8331863	1	66	Wei_Nature_2022_生殖系
17	13420	13590	171	8864372	8864372	1	170	Wei_Nature_2022_肿瘤
17	15722	16312	591	10181184	10181184	1	590	Wei_Nature_2022_生殖系
17	6802	8590	1789	10355903	10355903	1	1788	Wei_Nature_2022_肿瘤
17	4575	4758	184	11017897	11017898	2	182	Wei_Nature_2022_生殖系
17	13313	13426	114	12177578	12177590	13	101	Wei_Nature_2022_生殖系
17	3983	5787	1805	14041002	14041002	1	1804	Wei_Nature_2022_肿瘤
17	11254	12636	1383	14234113	14234113	1	1382	Wei_Nature_2022_肿瘤
17	3020	6040	3021	16711875	16711875	1	3020	Nyuwa基因组资源NUMTs
17	598	2068	1471	17070759	17072226	1468	3	Daniela_Lascaro_BMC_Genomics_2008
17	11327	11461	135	17479795	17479799	5	130	Nyuwa基因组资源NUMTs;Wei_Nature_2022_生殖系
17	1271	1347	77	18073543	18073543	1	76	Wei_Nature_2022_生殖系
17				18983411	18983515	105		Tao_Genes_2023
17				18983411	18983515	105		Tao_Genes_2023
17				18983411	18983515	105		Tao_Genes_2023
17	8789	8875	87	18983428	18983515	88	1	Calabrese_BMCBioinformatics_2012_低置信;Calabrese_BMCBioinformatics_2012_高置信;Simone_BMC_Genomics_2011_版本1_766_HSP;Simone_BMC_Genomics_2011_版本2_585_高置信;UCSC_https://hgdownload.soe.ucsc.edu/goldenPath/hg18/database/
17				18986153	18986352	200		Tao_Genes_2023
17				18986153	18986352	200		Tao_Genes_2023
17				18986153	18986352	200		Tao_Genes_2023
17	8690	8857	168	18986188	18986352	165	3	Calabrese_BMCBioinformatics_2012_低置信;Calabrese_BMCBioinformatics_2012_高置信;Simone_BMC_Genomics_2011_版本1_766_HSP;Simone_BMC_Genomics_2011_版本2_585_高置信;UCSC_https://hgdownload.soe.ucsc.edu/goldenPath/hg18/database/
17	15635	15702	68	19440399	19440403	5	63	Nyuwa基因组资源NUMTs
17				19597527	19598055	529		Tao_Genes_2023
17				19597527	19598055	529		Tao_Genes_2023
17				19597527	19598055	529		Tao_Genes_2023
17	16296	16569	274	19597536	19597811	276	2	Calabrese_BMCBioinformatics_2012_低置信;Calabrese_BMCBioinformatics_2012_高置信;Simone_BMC_Genomics_2011_版本1_766_HSP;UCSC_https://hgdownload.soe.ucsc.edu/goldenPath/hg18/database/
17	1	16569	16569	19597536	19605933	8398	8171	Simone_BMC_Genomics_2011_版本2_585_高置信
17	1	59	59	19597812	19597869	58	1	Calabrese_BMCBioinformatics_2012_低置信;Simone_BMC_Genomics_2011_版本1_766_HSP
17			59	19597812	19597869	58	1	UCSC_https://hgdownload.soe.ucsc.edu/goldenPath/hg18/database/
17	299	6186	5888	19598196	19605727	7532	1644	Calabrese_BMCBioinformatics_2012_高置信;Daniela_Lascaro_BMC_Genomics_2008
17				19598558	19600076	1519		Tao_Genes_2023
17				19598558	19600076	1519		Tao_Genes_2023
17				19598558	19600076	1519		Tao_Genes_2023
17	575	2097	1523	19598559	19600074	1516	7	Calabrese_BMCBioinformatics_2012_低置信;Simone_BMC_Genomics_2011_版本1_766_HSP;UCSC_https://hgdownload.soe.ucsc.edu/goldenPath/hg18/database/
17				19600385	19600960	576		Tao_Genes_2023
17				19600385	19600960	576		Tao_Genes_2023
17				19600385	19600960	576		Tao_Genes_2023
17	2371	2970	600	19600825	19601422	598	2	Calabrese_BMCBioinformatics_2012_低置信;Simone_BMC_Genomics_2011_版本1_766_HSP;UCSC_https://hgdownload.soe.ucsc.edu/goldenPath/hg18/database/
17				19601264	19601885	622		Tao_Genes_2023
17				19601264	19601885	622		Tao_Genes_2023
17				19601264	19601889	626		Tao_Genes_2023
17	3261	4613	1353	19602214	19603548	1335	18	Calabrese_BMCBioinformatics_2012_低置信;Simone_BMC_Genomics_2011_版本1_766_HSP;UCSC_https://hgdownload.soe.ucsc.edu/goldenPath/hg18/database/
17				19602214	19603548	1335		Tao_Genes_2023
17				19602214	19603548	1335		Tao_Genes_2023
17				19602214	19603548	1335		Tao_Genes_2023
17				19603843	19604173	331		Tao_Genes_2023
17				19603843	19604173	331		Tao_Genes_2023
17				19603843	19604173	331		Tao_Genes_2023
17	4605	4919	315	19603848	19604159	312	3	Calabrese_BMCBioinformatics_2012_低置信;Simone_BMC_Genomics_2011_版本1_766_HSP;UCSC_https://hgdownload.soe.ucsc.edu/goldenPath/hg18/database/
17				19604475	19605933	1459		Tao_Genes_2023
17				19604475	19605933	1459		Tao_Genes_2023
17				19604475	19605933	1459		Tao_Genes_2023
17	4936	6392	1457	19604480	19605933	1454	3	Calabrese_BMCBioinformatics_2012_低置信;Simone_BMC_Genomics_2011_版本1_766_HSP;UCSC_https://hgdownload.soe.ucsc.edu/goldenPath/hg18/database/
17				19746368	19746511	144		Tao_Genes_2023
17				19746368	19746511	144		Tao_Genes_2023
17				19746368	19746511	144		Tao_Genes_2023
17	11796	11899	104	19746394	19746494	101	3	Calabrese_BMCBioinformatics_2012_低置信;Calabrese_BMCBioinformatics_2012_高置信;Simone_BMC_Genomics_2011_版本1_766_HSP;Simone_BMC_Genomics_2011_版本2_585_高置信;UCSC_https://hgdownload.soe.ucsc.edu/goldenPath/hg18/database/
17	8367	11760	3394	19811927	19811927	1	3393	Wei_Nature_2022_生殖系
17				22519194	22532766	13573		Tao_Genes_2023
17				22519194	22532766	13573		Tao_Genes_2023
17				22519194	22532766	13573		Tao_Genes_2023
17	14365	16569	2205	22519195	22521400	2206	1	Calabrese_BMCBioinformatics_2012_低置信;Calabrese_BMCBioinformatics_2012_高置信;Daniela_Lascaro_BMC_Genomics_2008;Simone_BMC_Genomics_2011_版本1_766_HSP;Simone_BMC_Genomics_2011_版本2_585_高置信;UCSC_https://hgdownload.soe.ucsc.edu/goldenPath/hg18/database/
17	1	458	458	22521401	22521855	455	3	Calabrese_BMCBioinformatics_2012_低置信;Simone_BMC_Genomics_2011_版本1_766_HSP
17			460	22521401	22521855	455	5	UCSC_https://hgdownload.soe.ucsc.edu/goldenPath/hg18/database/
17			16570	22521425	22521425	1	16569	Nyuwa基因组资源NUMTs
17	15761	15761	1	22521552	22521552	1	0	Wei_Nature_2022_生殖系
17	287	11112	10826	22521718	22532515	10798	28	Calabrese_BMCBioinformatics_2012_低置信;Calabrese_BMCBioinformatics_2012_高置信;Daniela_Lascaro_BMC_Genomics_2008;Simone_BMC_Genomics_2011_版本1_766_HSP;Simone_BMC_Genomics_2011_版本2_585_高置信;UCSC_https://hgdownload.soe.ucsc.edu/goldenPath/hg18/database/
17	14327	14582	256	22532515	22532766	252	4	Calabrese_BMCBioinformatics_2012_低置信;Calabrese_BMCBioinformatics_2012_高置信;Daniela_Lascaro_BMC_Genomics_2008;Simone_BMC_Genomics_2011_版本1_766_HSP;Simone_BMC_Genomics_2011_版本2_585_高置信;UCSC_https://hgdownload.soe.ucsc.edu/goldenPath/hg18/database/
17	15319	15549	231	27050033	27050042	10	221	Wei_Nature_2022_生殖系
17	15534	16383	850	27334563	27334563	1	849	Wei_Nature_2022_肿瘤
17	9459	9923	465	27386774	27386774	1	464	Wei_Nature_2022_肿瘤
17	9690	12963	3274	28712848	28712851	4	3270	Wei_Nature_2022_生殖系
17				28974342	28974426	85		Tao_Genes_2023
17				28974342	28974426	85		Tao_Genes_2023
17				28974342	28974426	85		Tao_Genes_2023
17	13121	13199	79	28974348	28974426	79	0	Calabrese_BMCBioinformatics_2012_低置信;Calabrese_BMCBioinformatics_2012_高置信;Simone_BMC_Genomics_2011_版本1_766_HSP;Simone_BMC_Genomics_2011_版本2_585_高置信;UCSC_https://hgdownload.soe.ucsc.edu/goldenPath/hg18/database/
17	14255	14758	504	30053559	30053559	1	503	Wei_Nature_2022_肿瘤
17	954	2717	1764	30225002	30225003	2	1762	Nyuwa基因组资源NUMTs
17	6866	7019	154	30970277	30970279	3	151	Wei_Nature_2022_生殖系
17	4209	4732	524	31475286	31475286	1	523	Wei_Nature_2022_肿瘤
17	16326	16326	1	31476698	31476698	1	0	Wei_Nature_2022_肿瘤
17	886	1148	263	31861345	31861346	2	261	Wei_Nature_2022_生殖系
17	11748	11881	134	33625038	33625042	5	129	Wei_Nature_2022_生殖系
17				33692136	33692484	349		Tao_Genes_2023
17				33692136	33692484	349		Tao_Genes_2023
17				33692136	33692484	349		Tao_Genes_2023
17	2265	2594	330	35654871	35655194	324	6	Calabrese_BMCBioinformatics_2012_低置信;Calabrese_BMCBioinformatics_2012_高置信;Simone_BMC_Genomics_2011_版本1_766_HSP;Simone_BMC_Genomics_2011_版本2_585_高置信;UCSC_https://hgdownload.soe.ucsc.edu/goldenPath/hg18/database/
17				35654871	35655197	327		Tao_Genes_2023
17				35654871	35655197	327		Tao_Genes_2023
17				35654871	35655197	327		Tao_Genes_2023
17	3042	3213	172	36876024	36876027	4	168	Wei_Nature_2022_生殖系
17	3310	3492	183	37417175	37417177	3	180	Wei_Nature_2022_生殖系
17	310	498	189	38852990	38852995	6	183	Wei_Nature_2022_生殖系
17	106	14982	14877	38927717	38927718	2	14875	Nyuwa基因组资源NUMTs
17	14601	14689	89	42793797	42793807	11	78	Wei_Nature_2022_生殖系
17	11450	11513	64	43501046	43501047	2	62	Nyuwa基因组资源NUMTs
17	2626	2699	74	43618345	43618346	2	72	Nyuwa基因组资源NUMTs
17	10142	10209	68	43997716	43997783	68	0	Calabrese_BMCBioinformatics_2012_低置信;Calabrese_BMCBioinformatics_2012_高置信;Simone_BMC_Genomics_2011_版本1_766_HSP;Simone_BMC_Genomics_2011_版本2_585_高置信;UCSC_https://hgdownload.soe.ucsc.edu/goldenPath/hg18/database/
17				43997716	43997783	68		Tao_Genes_2023
17				43997716	43997783	68		Tao_Genes_2023
17				43997716	43997783	68		Tao_Genes_2023
17	6464	6532	69	44311886	44311887	2	67	Nyuwa基因组资源NUMTs
17	954	1058	105	44862056	44862056	1	104	Wei_Nature_2022_生殖系
17	432	16094	15663	48046771	48046821	51	15612	Wei_Nature_2022_生殖系
17	9373	9446	74	48497655	48497656	2	72	Wei_Nature_2022_生殖系
17	8073	11806	3734	48563979	48563979	1	3733	Wei_Nature_2022_肿瘤
17	1595	1739	145	48638492	48638499	8	137	Nyuwa基因组资源NUMTs;Wei_Nature_2022_生殖系
17	5626	5737	112	48879728	48879728	1	111	Wei_Nature_2022_生殖系
17	3778	3849	72	49766074	49766079	6	66	Wei_Nature_2022_生殖系
17	707	815	109	50668649	50668653	5	104	Wei_Nature_2022_生殖系
17	6818	7470	653	53105733	53106385	653	0	Calabrese_BMCBioinformatics_2012_低置信;Calabrese_BMCBioinformatics_2012_高置信;Daniela_Lascaro_BMC_Genomics_2008;Simone_BMC_Genomics_2011_版本1_766_HSP;Simone_BMC_Genomics_2011_版本2_585_高置信;UCSC_https://hgdownload.soe.ucsc.edu/goldenPath/hg18/database/
17				53105733	53106386	654		Tao_Genes_2023
17				53105733	53106386	654		Tao_Genes_2023
17				53105733	53106386	654		Tao_Genes_2023
17	12264	12338	75	54903101	54903174	74	1	Calabrese_BMCBioinformatics_2012_低置信;Calabrese_BMCBioinformatics_2012_高置信;Simone_BMC_Genomics_2011_版本1_766_HSP;Simone_BMC_Genomics_2011_版本2_585_高置信;UCSC_https://hgdownload.soe.ucsc.edu/goldenPath/hg18/database/
17				54903101	54903174	74		Tao_Genes_2023
17				54903101	54903174	74		Tao_Genes_2023
17				54903101	54903174	74		Tao_Genes_2023
17	5002	5252	251	55645501	55645502	2	249	Wei_Nature_2022_生殖系
17			14093	56090812	56090812	1	14092	Nyuwa基因组资源NUMTs
17	5970	6129	160	56438804	56438808	5	155	Wei_Nature_2022_生殖系
17	11390	11479	90	56725611	56725613	3	87	Nyuwa基因组资源NUMTs
17	9818	13311	3494	59214921	59214921	1	3493	Wei_Nature_2022_生殖系
17	9818	13311	3494	59523269	59523269	1	3493	Wei_Nature_2022_生殖系
17	3367	3464	98	59720098	59720098	1	97	Wei_Nature_2022_肿瘤
17	3522	3566	45	61105698	61105698	1	44	Wei_Nature_2022_生殖系
17	12008	12081	74	61127328	61127401	74	0	Calabrese_BMCBioinformatics_2012_低置信;Calabrese_BMCBioinformatics_2012_高置信;Simone_BMC_Genomics_2011_版本1_766_HSP;Simone_BMC_Genomics_2011_版本2_585_高置信;UCSC_https://hgdownload.soe.ucsc.edu/goldenPath/hg18/database/
17				61127328	61127401	74		Tao_Genes_2023
17				61127328	61127401	74		Tao_Genes_2023
17				61127328	61127401	74		Tao_Genes_2023
17	13810	13937	128	61855069	61855072	4	124	Wei_Nature_2022_生殖系
17	4575	4651	77	62502896	62502899	4	73	Nyuwa基因组资源NUMTs
17				63393352	63393585	234		Tao_Genes_2023
17				63393352	63393585	234		Tao_Genes_2023
17				63393352	63393585	234		Tao_Genes_2023
17	9338	9568	231	63393355	63393585	231	0	Calabrese_BMCBioinformatics_2012_低置信;Calabrese_BMCBioinformatics_2012_高置信;Simone_BMC_Genomics_2011_版本1_766_HSP;Simone_BMC_Genomics_2011_版本2_585_高置信;UCSC_https://hgdownload.soe.ucsc.edu/goldenPath/hg18/database/
17	5301	5787	487	64541136	64541136	1	486	Wei_Nature_2022_肿瘤
17				66278040	66278112	73		Tao_Genes_2023
17				66278040	66278112	73		Tao_Genes_2023
17				66278040	66278112	73		Tao_Genes_2023
17	574	706	133	66861770	66861773	4	129	Wei_Nature_2022_生殖系
17	130	9930	9801	66882314	66882365	52	9749	Wei_Nature_2022_生殖系
17	4521	4584	64	67201115	67201115	1	63	Wei_Nature_2022_生殖系
17	1853	1939	87	67987627	67987630	4	83	Wei_Nature_2022_生殖系
17				68938711	68939208	498		Tao_Genes_2023
17				68938711	68939208	498		Tao_Genes_2023
17				68938711	68939208	498		Tao_Genes_2023
17	9869	10290	422	68938714	68939123	410	12	Calabrese_BMCBioinformatics_2012_低置信;Calabrese_BMCBioinformatics_2012_高置信;Simone_BMC_Genomics_2011_版本1_766_HSP;Simone_BMC_Genomics_2011_版本2_585_高置信;UCSC_https://hgdownload.soe.ucsc.edu/goldenPath/hg18/database/
17	6300	6429	130	69213169	69213170	2	128	Wei_Nature_2022_生殖系
17	4629	4721	93	69642295	69642297	3	90	Wei_Nature_2022_生殖系
17				70174110	70174269	160		Tao_Genes_2023
17				70174110	70174269	160		Tao_Genes_2023
17				70174110	70174269	160		Tao_Genes_2023
17	4095	8770	4676	70706686	70706686	1	4675	Wei_Nature_2022_生殖系
17	4095	8770	4676	70713904	70713904	1	4675	Wei_Nature_2022_生殖系
17	8387	8486	100	72049401	72049406	6	94	Nyuwa基因组资源NUMTs
17	2641	13758	11118	73486576	73486582	7	11111	Wei_Nature_2022_生殖系
17	3368	3540	173	74213893	74213894	2	171	Nyuwa基因组资源NUMTs
17	3591	3702	112	74297575	74297576	2	110	Nyuwa基因组资源NUMTs
17	12290	12730	441	75203734	75203734	1	440	Wei_Nature_2022_肿瘤
17	8026	12900	4875	75472479	75472479	1	4874	Wei_Nature_2022_肿瘤
17	11367	11482	116	75579022	75579023	2	114	Wei_Nature_2022_生殖系
17	500	16493	15994	75623692	75623741	50	15944	Nyuwa基因组资源NUMTs
17	73	2218	2146	75637309	75637321	13	2133	Wei_Nature_2022_生殖系
17	16105	16569	465	76052989	76052989	1	464	Wei_Nature_2022_肿瘤
17	1457	1560	104	76239462	76239464	3	101	Wei_Nature_2022_生殖系
17	1477	1798	322	76448241	76448243	3	319	Wei_Nature_2022_生殖系
17	1641	13441	11801	76460877	76460893	17	11784	Wei_Nature_2022_生殖系
17	76	16122	16047	76668117	76668117	1	16046	Wei_Nature_2022_肿瘤
17	12120	12211	92	76995146	76995146	1	91	Nyuwa基因组资源NUMTs
17	12960	13365	406	77622263	77622263	1	405	Wei_Nature_2022_肿瘤
17	9054	9455	402	77692647	77692647	1	401	Wei_Nature_2022_肿瘤
17	76	16122	16047	77700199	77700199	1	16046	Wei_Nature_2022_肿瘤
17	7597	7671	75	79381776	79381782	7	68	Wei_Nature_2022_生殖系
17	9752	10066	315	79795886	79795886	1	314	Wei_Nature_2022_肿瘤
17	13170	13234	65	80418647	80418647	1	64	Wei_Nature_2022_生殖系
17	13965	14078	114	80494086	80494091	6	108	Wei_Nature_2022_生殖系
17				80617575	80617635	61		Tao_Genes_2023
17				80617575	80617635	61		Tao_Genes_2023
17				80617575	80617635	61		Tao_Genes_2023
17	6902	6948	47	80617576	80617622	47	0	Calabrese_BMCBioinformatics_2012_低置信;Calabrese_BMCBioinformatics_2012_高置信;Simone_BMC_Genomics_2011_版本1_766_HSP;Simone_BMC_Genomics_2011_版本2_585_高置信;UCSC_https://hgdownload.soe.ucsc.edu/goldenPath/hg18/database/
17	9126	9126	1	81593711	81593711	1	0	Wei_Nature_2022_肿瘤
17	10632	10704	73	82044306	82044307	2	71	Wei_Nature_2022_生殖系
17	12523	12593	71	82673618	82673620	3	68	Wei_Nature_2022_生殖系
18	4141	4215	75	1013609	1013610	2	73	Nyuwa基因组资源NUMTs
18				2842188	2842354	167		Tao_Genes_2023
18				2842188	2842354	167		Tao_Genes_2023
18				2842188	2842354	167		Tao_Genes_2023
18	14381	14503	123	2842232	2842354	123	0	Calabrese_BMCBioinformatics_2012_低置信;Calabrese_BMCBioinformatics_2012_高置信;Daniela_Lascaro_BMC_Genomics_2008;Simone_BMC_Genomics_2011_版本1_766_HSP;Simone_BMC_Genomics_2011_版本2_585_高置信;UCSC_https://hgdownload.soe.ucsc.edu/goldenPath/hg18/database/
18	15733	15938	206	3295088	3295088	1	205	Wei_Nature_2022_肿瘤
18	12754	12967	214	4879209	4879212	4	210	Nyuwa基因组资源NUMTs
18	6828	6945	118	7340753	7340756	4	114	Wei_Nature_2022_生殖系
18	6260	6330	71	8257972	8257973	2	69	Nyuwa基因组资源NUMTs
18	16353	16567	215	8728837	8728842	6	209	Wei_Nature_2022_生殖系
18	7344	11390	4047	9210037	9210038	2	4045	Wei_Nature_2022_生殖系
18	5713	5787	75	9926416	9926778	363	288	Wei_Nature_2022_生殖系
18	13746	14367	622	9941972	9941972	1	621	Wei_Nature_2022_肿瘤
18	5757	5997	241	11308865	11308868	4	237	Wei_Nature_2022_生殖系
18	741	806	66	11681966	11681980	15	51	Nyuwa基因组资源NUMTs
18			14783	11797476	11797476	1	14782	Nyuwa基因组资源NUMTs
18	13955	27910	13956	11807151	11807151	1	13955	Nyuwa基因组资源NUMTs
18	8896	9585	690	12713187	12713187	1	689	Wei_Nature_2022_生殖系
18	700	6800	6101	12731707	12731708	2	6099	Wei_Nature_2022_生殖系
18				13784159	13784252	94		Tao_Genes_2023
18				13784159	13784252	94		Tao_Genes_2023
18				13784159	13784252	94		Tao_Genes_2023
18				14136788	14136857	70		Tao_Genes_2023
18				14136788	14136857	70		Tao_Genes_2023
18				14136788	14136857	70		Tao_Genes_2023
18	7572	7638	67	14136791	14136857	67	0	Calabrese_BMCBioinformatics_2012_低置信;Calabrese_BMCBioinformatics_2012_高置信;Simone_BMC_Genomics_2011_版本1_766_HSP;Simone_BMC_Genomics_2011_版本2_585_高置信;UCSC_https://hgdownload.soe.ucsc.edu/goldenPath/hg18/database/
18	6237	6307	71	21094380	21094380	1	70	Wei_Nature_2022_肿瘤
18	3525	16552	13028	22494453	22494464	12	13016	Wei_Nature_2022_生殖系
18	14436	14761	326	23664080	23664080	1	325	Wei_Nature_2022_肿瘤
18	14247	14317	71	23971250	23971251	2	69	Wei_Nature_2022_生殖系
18	13061	13188	128	24229187	24229189	3	125	Wei_Nature_2022_生殖系
18	16108	16204	97	24966372	24966372	1	96	Wei_Nature_2022_肿瘤
18	4537	4628	92	26030692	26030699	8	84	Nyuwa基因组资源NUMTs
18	961	1409	449	26121107	26121115	9	440	Wei_Nature_2022_生殖系
18				26708782	26708948	167		Tao_Genes_2023
18				26708782	26708948	167		Tao_Genes_2023
18				26708782	26708948	167		Tao_Genes_2023
18	6377	6519	143	28742572	28742576	5	138	Wei_Nature_2022_生殖系
18	14900	15113	214	29156065	29156066	2	212	Wei_Nature_2022_生殖系
18	9736	9892	157	29637249	29637249	1	156	Nyuwa基因组资源NUMTs
18	992	1034	43	30407996	30408005	10	33	Wei_Nature_2022_生殖系
18	10196	10270	75	30430466	30430470	5	70	Nyuwa基因组资源NUMTs
18	249	411	163	31405085	31405087	3	160	Wei_Nature_2022_生殖系
18	6912	11607	4696	31474162	31474170	9	4687	Wei_Nature_2022_生殖系
18	13576	13635	60	32049097	32049102	6	54	Nyuwa基因组资源NUMTs
18	7814	7892	79	34251455	34251456	2	77	Nyuwa基因组资源NUMTs
18	3139	3208	70	34628925	34628995	71	1	Calabrese_BMCBioinformatics_2012_低置信;Calabrese_BMCBioinformatics_2012_高置信;Simone_BMC_Genomics_2011_版本1_766_HSP;Simone_BMC_Genomics_2011_版本2_585_高置信;UCSC_https://hgdownload.soe.ucsc.edu/goldenPath/hg18/database/
18				34628925	34629001	77		Tao_Genes_2023
18				34628925	34629001	77		Tao_Genes_2023
18				34628925	34629001	77		Tao_Genes_2023
18	8546	13756	5211	35891511	35891522	12	5199	Wei_Nature_2022_生殖系
18	1455	16187	14733	38573567	38573667	101	14632	Wei_Nature_2022_生殖系
18	1455	16187	14733	38585192	38585194	3	14730	Wei_Nature_2022_生殖系
18	15354	15511	158	39549057	39549058	2	156	Wei_Nature_2022_生殖系
18	1407	10682	9276	42077503	42077506	4	9272	Wei_Nature_2022_生殖系
18	7799	8009	211	46323213	46323214	2	209	Wei_Nature_2022_生殖系
18	16131	16382	252	46633416	46633416	1	251	Wei_Nature_2022_肿瘤
18	11684	11877	194	47430757	47430762	6	188	Nyuwa基因组资源NUMTs
18				47853235	47853441	207		Tao_Genes_2023
18				47853235	47853441	207		Tao_Genes_2023
18				47853235	47853441	207		Tao_Genes_2023
18	7975	8166	192	47853246	47853437	192	0	Calabrese_BMCBioinformatics_2012_低置信;Calabrese_BMCBioinformatics_2012_高置信;Daniela_Lascaro_BMC_Genomics_2008;Simone_BMC_Genomics_2011_版本1_766_HSP;Simone_BMC_Genomics_2011_版本2_585_高置信;UCSC_https://hgdownload.soe.ucsc.edu/goldenPath/hg18/database/
18				48132012	48132125	114		Tao_Genes_2023
18				48132012	48132125	114		Tao_Genes_2023
18				48132012	48132125	114		Tao_Genes_2023
18	1344	1528	185	48386400	48386403	4	181	Nyuwa基因组资源NUMTs
18	631	3146	2516	50093331	50093349	19	2497	Wei_Nature_2022_生殖系
18	12540	12705	166	50195824	50195829	6	160	Wei_Nature_2022_生殖系
18				50669527	50669878	352		Tao_Genes_2023
18				50669527	50669878	352		Tao_Genes_2023
18				50669527	50669878	352		Tao_Genes_2023
18	11266	11619	354	50669528	50669878	351	3	Calabrese_BMCBioinformatics_2012_低置信;Calabrese_BMCBioinformatics_2012_高置信;Simone_BMC_Genomics_2011_版本1_766_HSP;Simone_BMC_Genomics_2011_版本2_585_高置信;UCSC_https://hgdownload.soe.ucsc.edu/goldenPath/hg18/database/
18	6989	7222	234	52792636	52792643	8	226	Wei_Nature_2022_生殖系
18	7833	7918	86	54893046	54893050	5	81	Wei_Nature_2022_生殖系
18				55020683	55020766	84		Tao_Genes_2023
18				55020683	55020766	84		Tao_Genes_2023
18				55020683	55020766	84		Tao_Genes_2023
18	10858	11047	190	56363314	56363316	3	187	Wei_Nature_2022_生殖系
18	15577	16022	446	57337108	57337108	1	445	Wei_Nature_2022_肿瘤
18	10184	16205	6022	57380574	57380585	12	6010	Wei_Nature_2022_生殖系
18	16131	16382	252	57843159	57843159	1	251	Wei_Nature_2022_肿瘤
18	1178	1286	109	58406634	58406634	1	108	Nyuwa基因组资源NUMTs
18	13993	14069	77	58720701	58720702	2	75	Nyuwa基因组资源NUMTs
18			8251	59053963	59053963	1	8250	Nyuwa基因组资源NUMTs
18	8107	16214	8108	59055786	59055786	1	8107	Nyuwa基因组资源NUMTs
18	10463	10542	80	59087183	59087203	21	59	Nyuwa基因组资源NUMTs
18	16235	16569	335	59403804	59403804	1	334	Wei_Nature_2022_肿瘤
18	9100	9293	194	60544140	60544162	23	171	Wei_Nature_2022_生殖系
18	5558	5647	90	60929506	60929507	2	88	Wei_Nature_2022_生殖系
18				61874550	61874916	367		Tao_Genes_2023
18				61874550	61874916	367		Tao_Genes_2023
18				61874550	61874916	367		Tao_Genes_2023
18	934	1300	367	61874553	61874910	358	9	Calabrese_BMCBioinformatics_2012_低置信;Calabrese_BMCBioinformatics_2012_高置信;Simone_BMC_Genomics_2011_版本1_766_HSP;Simone_BMC_Genomics_2011_版本2_585_高置信;UCSC_https://hgdownload.soe.ucsc.edu/goldenPath/hg18/database/
18				62776945	62777074	130		Tao_Genes_2023
18				62776945	62777074	130		Tao_Genes_2023
18				62776945	62777074	130		Tao_Genes_2023
18	2718	2847	130	64020428	64020428	1	129	Nyuwa基因组资源NUMTs
18	16290	16471	182	64154887	64155067	181	1	Calabrese_BMCBioinformatics_2012_低置信;Calabrese_BMCBioinformatics_2012_高置信;Simone_BMC_Genomics_2011_版本1_766_HSP;Simone_BMC_Genomics_2011_版本2_585_高置信;UCSC_https://hgdownload.soe.ucsc.edu/goldenPath/hg18/database/
18				64154887	64155129	243		Tao_Genes_2023
18				64154887	64155129	243		Tao_Genes_2023
18				64154887	64155129	243		Tao_Genes_2023
18	12730	12924	195	65294811	65294811	1	194	Wei_Nature_2022_肿瘤
18	16094	16232	139	67050537	67050555	19	120	Wei_Nature_2022_生殖系
18	13626	13781	156	68181602	68181603	2	154	Wei_Nature_2022_生殖系
18	11869	12085	217	68559631	68559631	1	216	Wei_Nature_2022_生殖系
18	16108	16204	97	70611955	70611955	1	96	Wei_Nature_2022_肿瘤
18	108	108	1	70877801	70877834	34	33	Wei_Nature_2022_生殖系
18	15917	16032	116	71780110	71780113	4	112	Wei_Nature_2022_生殖系
18	7351	8846	1496	72396366	72396370	5	1491	Wei_Nature_2022_生殖系
18	6384	6499	116	72460253	72460253	1	115	Wei_Nature_2022_肿瘤
18	310	16252	15943	72788270	72788270	1	15942	Wei_Nature_2022_肿瘤
18	2773	2849	77	73154058	73154066	9	68	Wei_Nature_2022_生殖系
18	679	3415	2737	73246529	73246533	5	2732	Wei_Nature_2022_生殖系
18	3451	3572	122	77113653	77113655	3	119	Nyuwa基因组资源NUMTs
18	2284	2356	73	80239896	80239903	8	65	Wei_Nature_2022_生殖系
19	15248	15321	74	1518915	1518918	4	70	Wei_Nature_2022_生殖系
19	10727	10923	197	1545887	1545894	8	189	Wei_Nature_2022_生殖系
19	2547	2621	75	3988351	3988351	1	74	Wei_Nature_2022_生殖系
19	3879	3961	83	4160100	4160101	2	81	Nyuwa基因组资源NUMTs
19	9467	9644	178	5060722	5060722	1	177	Wei_Nature_2022_生殖系
19	15868	15868	1	5145500	5145500	1	0	Wei_Nature_2022_生殖系
19	7367	7581	215	5267905	5267905	1	214	Wei_Nature_2022_肿瘤
19	16107	16569	463	6098840	6098840	1	462	Wei_Nature_2022_肿瘤
19	13197	13274	78	7134050	7134052	3	75	Wei_Nature_2022_生殖系
19	1346	1467	122	7483755	7483756	2	120	Nyuwa基因组资源NUMTs
19	12434	12528	95	7525165	7525165	1	94	Wei_Nature_2022_生殖系
19	3093	3166	74	7536566	7536567	2	72	Wei_Nature_2022_生殖系
19	5315	5564	250	8392775	8392775	1	249	Wei_Nature_2022_肿瘤
19	15393	15471	79	11003246	11003249	4	75	Wei_Nature_2022_生殖系
19	16063	16569	507	11665991	11665991	1	506	Wei_Nature_2022_肿瘤
19				12095633	12096393	761		Tao_Genes_2023
19				12095633	12096393	761		Tao_Genes_2023
19				12095633	12096393	761		Tao_Genes_2023
19	4214	4904	691	12095653	12096334	682	9	Calabrese_BMCBioinformatics_2012_低置信;Calabrese_BMCBioinformatics_2012_高置信;Simone_BMC_Genomics_2011_版本1_766_HSP;Simone_BMC_Genomics_2011_版本2_585_高置信;UCSC_https://hgdownload.soe.ucsc.edu/goldenPath/hg18/database/
19				12104844	12105354	511		Tao_Genes_2023
19				12104844	12105354	511		Tao_Genes_2023
19				12104844	12105354	511		Tao_Genes_2023
19	2536	2842	307	12104884	12105189	306	1	Calabrese_BMCBioinformatics_2012_低置信;Calabrese_BMCBioinformatics_2012_高置信;Simone_BMC_Genomics_2011_版本1_766_HSP;Simone_BMC_Genomics_2011_版本2_585_高置信;UCSC_https://hgdownload.soe.ucsc.edu/goldenPath/hg18/database/
19				12202927	12203042	116		Tao_Genes_2023
19				12202927	12203042	116		Tao_Genes_2023
19				12202927	12203042	116		Tao_Genes_2023
19	4224	4331	108	12202931	12203042	112	4	Calabrese_BMCBioinformatics_2012_低置信;Simone_BMC_Genomics_2011_版本1_766_HSP;UCSC_https://hgdownload.soe.ucsc.edu/goldenPath/hg18/database/
19	3659	4331	673	12202931	12204544	1614	941	Calabrese_BMCBioinformatics_2012_高置信;Simone_BMC_Genomics_2011_版本2_585_高置信
19				12203729	12203800	72		Tao_Genes_2023
19				12203729	12203800	72		Tao_Genes_2023
19				12203729	12203800	72		Tao_Genes_2023
19	3659	4040	382	12204190	12204544	355	27	Calabrese_BMCBioinformatics_2012_低置信;Simone_BMC_Genomics_2011_版本1_766_HSP;UCSC_https://hgdownload.soe.ucsc.edu/goldenPath/hg18/database/
19				12204190	12204579	390		Tao_Genes_2023
19				12204190	12204579	390		Tao_Genes_2023
19				12204190	12204579	390		Tao_Genes_2023
19				12502670	12502837	168		Tao_Genes_2023
19				12502670	12502837	168		Tao_Genes_2023
19				12502670	12502837	168		Tao_Genes_2023
19	4643	9279	4637	12502675	12508103	5429	792	Calabrese_BMCBioinformatics_2012_高置信;Simone_BMC_Genomics_2011_版本2_585_高置信
19	4718	5118	401	12502907	12503303	397	4	Calabrese_BMCBioinformatics_2012_低置信;Simone_BMC_Genomics_2011_版本1_766_HSP;UCSC_https://hgdownload.soe.ucsc.edu/goldenPath/hg18/database/
19				12503138	12503773	636		Tao_Genes_2023
19				12503138	12503773	636		Tao_Genes_2023
19				12503138	12503773	636		Tao_Genes_2023
19				12504673	12504896	224		Tao_Genes_2023
19				12504673	12504896	224		Tao_Genes_2023
19				12504673	12504896	224		Tao_Genes_2023
19	7893	8245	353	12505652	12506006	355	2	Calabrese_BMCBioinformatics_2012_低置信;Simone_BMC_Genomics_2011_版本1_766_HSP;UCSC_https://hgdownload.soe.ucsc.edu/goldenPath/hg18/database/
19				12505652	12506114	463		Tao_Genes_2023
19				12505652	12506114	463		Tao_Genes_2023
19				12505652	12506114	463		Tao_Genes_2023
19	8721	9279	559	12507551	12508103	553	6	Calabrese_BMCBioinformatics_2012_低置信;Simone_BMC_Genomics_2011_版本1_766_HSP;UCSC_https://hgdownload.soe.ucsc.edu/goldenPath/hg18/database/
19				12507551	12508113	563		Tao_Genes_2023
19				12507551	12508113	563		Tao_Genes_2023
19				12507551	12508113	563		Tao_Genes_2023
19	16177	16569	393	13184638	13184638	1	392	Wei_Nature_2022_肿瘤
19	5736	5849	114	15630047	15630050	4	110	Nyuwa基因组资源NUMTs;Wei_Nature_2022_生殖系
19				17459191	17459245	55		Tao_Genes_2023
19				17459191	17459245	55		Tao_Genes_2023
19				17459191	17459245	55		Tao_Genes_2023
19	6053	6105	53	17459193	17459245	53	0	Calabrese_BMCBioinformatics_2012_低置信;Calabrese_BMCBioinformatics_2012_高置信;Simone_BMC_Genomics_2011_版本1_766_HSP;Simone_BMC_Genomics_2011_版本2_585_高置信;UCSC_https://hgdownload.soe.ucsc.edu/goldenPath/hg18/database/
19	16393	32786	16394	17551389	17551389	1	16393	Nyuwa基因组资源NUMTs
19	16079	16117	39	17698171	17698171	1	38	Wei_Nature_2022_肿瘤
19	12826	12893	68	20394459	20394460	2	66	Wei_Nature_2022_生殖系
19	10044	12812	2769	21118624	21118630	7	2762	Wei_Nature_2022_生殖系
19	7497	7572	76	21378000	21378003	4	72	Nyuwa基因组资源NUMTs
19	16104	16104	1	21876221	21876221	1	0	Wei_Nature_2022_肿瘤
19	3622	3889	268	22284773	22284857	85	183	Wei_Nature_2022_生殖系
19	12732	12859	128	22566480	22566480	1	127	Nyuwa基因组资源NUMTs
19	9810	9919	110	23433689	23433691	3	107	Wei_Nature_2022_生殖系
19	13035	13214	180	27357514	27357524	11	169	Wei_Nature_2022_生殖系
19	15399	15672	274	27665583	27665587	5	269	Wei_Nature_2022_生殖系
19	832	905	74	27741809	27741878	70	4	Calabrese_BMCBioinformatics_2012_低置信;Calabrese_BMCBioinformatics_2012_高置信;Simone_BMC_Genomics_2011_版本1_766_HSP;Simone_BMC_Genomics_2011_版本2_585_高置信;UCSC_https://hgdownload.soe.ucsc.edu/goldenPath/hg18/database/
19				27741809	27741879	71		Tao_Genes_2023
19				27741809	27741879	71		Tao_Genes_2023
19				27741809	27741879	71		Tao_Genes_2023
19				30022333	30022405	73		Tao_Genes_2023
19				30022333	30022405	73		Tao_Genes_2023
19				30022333	30022405	73		Tao_Genes_2023
19	987	1058	72	30022334	30022405	72	0	Calabrese_BMCBioinformatics_2012_低置信;Calabrese_BMCBioinformatics_2012_高置信;Simone_BMC_Genomics_2011_版本1_766_HSP;Simone_BMC_Genomics_2011_版本2_585_高置信;UCSC_https://hgdownload.soe.ucsc.edu/goldenPath/hg18/database/
19	941	6239	5299	30379834	30379834	1	5298	Nyuwa基因组资源NUMTs
19	11507	11706	200	30481133	30481133	1	199	Wei_Nature_2022_肿瘤
19	3858	3942	85	30583934	30583936	3	82	Wei_Nature_2022_生殖系
19	310	16438	16129	31362868	31362868	1	16128	Wei_Nature_2022_肿瘤
19	13069	13069	1	31362868	31362868	1	0	Wei_Nature_2022_肿瘤
19	7833	7970	138	31452429	31452430	2	136	Nyuwa基因组资源NUMTs
19	13288	13368	81	32196873	32196875	3	78	Wei_Nature_2022_生殖系
19	9931	10005	75	33474343	33474343	1	74	Wei_Nature_2022_肿瘤
19	9931	10005	75	33483825	33483825	1	74	Wei_Nature_2022_肿瘤
19	8004	8516	513	34724827	34724827	1	512	Wei_Nature_2022_肿瘤
19	8004	8516	513	34725923	34725923	1	512	Wei_Nature_2022_肿瘤
19	16140	16409	270	35415811	35415811	1	269	Wei_Nature_2022_肿瘤
19	16140	16409	270	35460259	35460259	1	269	Wei_Nature_2022_肿瘤
19	3126	3193	68	35520721	35520722	2	66	Nyuwa基因组资源NUMTs
19				37570438	37570740	303		Tao_Genes_2023
19	11033	11762	730	37570479	37571215	737	7	Calabrese_BMCBioinformatics_2012_低置信;Simone_BMC_Genomics_2011_版本1_766_HSP;UCSC_https://hgdownload.soe.ucsc.edu/goldenPath/hg18/database/
19	11033	16562	5530	37570479	37575676	5198	332	Calabrese_BMCBioinformatics_2012_高置信
19	581	16562	15982	37570479	37580500	10022	5960	Simone_BMC_Genomics_2011_版本2_585_高置信
19				37570482	37570733	252		Tao_Genes_2023
19				37570482	37570733	252		Tao_Genes_2023
19				37570847	37571215	369		Tao_Genes_2023
19				37570847	37571215	369		Tao_Genes_2023
19				37570847	37571215	369		Tao_Genes_2023
19				37571814	37571912	99		Tao_Genes_2023
19				37571814	37571912	99		Tao_Genes_2023
19				37571814	37571912	99		Tao_Genes_2023
19				37572030	37572237	208		Tao_Genes_2023
19				37572044	37572224	181		Tao_Genes_2023
19				37572044	37572224	181		Tao_Genes_2023
19				37572636	37572767	132		Tao_Genes_2023
19				37572636	37572767	132		Tao_Genes_2023
19				37572636	37572767	132		Tao_Genes_2023
19	12221	12337	117	37572646	37572764	119	2	Calabrese_BMCBioinformatics_2012_低置信;Calabrese_BMCBioinformatics_2012_高置信;Simone_BMC_Genomics_2011_版本1_766_HSP;Simone_BMC_Genomics_2011_版本2_585_高置信;UCSC_https://hgdownload.soe.ucsc.edu/goldenPath/hg18/database/
19				37572854	37573539	686		Tao_Genes_2023
19				37572854	37573539	686		Tao_Genes_2023
19				37572854	37573539	686		Tao_Genes_2023
19	13170	13925	756	37573877	37574617	741	15	Calabrese_BMCBioinformatics_2012_低置信;Simone_BMC_Genomics_2011_版本1_766_HSP;UCSC_https://hgdownload.soe.ucsc.edu/goldenPath/hg18/database/
19				37573877	37574621	745		Tao_Genes_2023
19				37573877	37574621	745		Tao_Genes_2023
19				37573877	37574621	745		Tao_Genes_2023
19				37575559	37575685	127		Tao_Genes_2023
19				37575559	37575685	127		Tao_Genes_2023
19				37575559	37575685	127		Tao_Genes_2023
19	16497	16562	66	37575611	37575676	66	0	Calabrese_BMCBioinformatics_2012_低置信;Simone_BMC_Genomics_2011_版本1_766_HSP;UCSC_https://hgdownload.soe.ucsc.edu/goldenPath/hg18/database/
19				37576250	37577763	1514		Tao_Genes_2023
19				37576250	37577763	1514		Tao_Genes_2023
19				37576250	37577763	1514		Tao_Genes_2023
19	581	2055	1475	37576256	37577724	1469	6	Calabrese_BMCBioinformatics_2012_低置信;Simone_BMC_Genomics_2011_版本1_766_HSP;UCSC_https://hgdownload.soe.ucsc.edu/goldenPath/hg18/database/
19	581	7254	6674	37576256	37580500	4245	2429	Calabrese_BMCBioinformatics_2012_高置信
19				37579607	37580504	898		Tao_Genes_2023
19				37579607	37580504	898		Tao_Genes_2023
19				37579607	37580504	898		Tao_Genes_2023
19	6322	7254	933	37579615	37580500	886	47	Calabrese_BMCBioinformatics_2012_低置信;Simone_BMC_Genomics_2011_版本1_766_HSP;UCSC_https://hgdownload.soe.ucsc.edu/goldenPath/hg18/database/
19	15463	15558	96	38843220	38843221	2	94	Wei_Nature_2022_生殖系
19	10930	11094	165	39656469	39656472	4	161	Wei_Nature_2022_生殖系
19	13888	15139	1252	39702813	39702813	1	1251	Wei_Nature_2022_肿瘤
19	3152	5221	2070	40245389	40245389	1	2069	Wei_Nature_2022_肿瘤
19	15985	16524	540	40624670	40624670	1	539	Wei_Nature_2022_肿瘤
19	15985	16524	540	40630748	40630748	1	539	Wei_Nature_2022_肿瘤
19	7773	7852	80	41814587	41814592	6	74	Wei_Nature_2022_生殖系
19				42190699	42190939	241		Tao_Genes_2023
19				42190699	42190939	241		Tao_Genes_2023
19				42190699	42190939	241		Tao_Genes_2023
19	7085	7319	235	42190702	42190936	235	0	Calabrese_BMCBioinformatics_2012_低置信;Calabrese_BMCBioinformatics_2012_高置信;Simone_BMC_Genomics_2011_版本1_766_HSP;Simone_BMC_Genomics_2011_版本2_585_高置信;UCSC_https://hgdownload.soe.ucsc.edu/goldenPath/hg18/database/
19	1311	1462	152	42908959	42908962	4	148	Nyuwa基因组资源NUMTs
19	1002	1136	135	43303269	43303303	35	100	Wei_Nature_2022_生殖系
19	15040	15171	132	44084861	44084865	5	127	Nyuwa基因组资源NUMTs;Wei_Nature_2022_生殖系
19	3743	3824	82	44146428	44146509	82	0	Calabrese_BMCBioinformatics_2012_低置信;Calabrese_BMCBioinformatics_2012_高置信;Simone_BMC_Genomics_2011_版本1_766_HSP;Simone_BMC_Genomics_2011_版本2_585_高置信;UCSC_https://hgdownload.soe.ucsc.edu/goldenPath/hg18/database/
19				44146428	44146567	140		Tao_Genes_2023
19				44146428	44146567	140		Tao_Genes_2023
19				44146428	44146567	140		Tao_Genes_2023
19	14389	14448	60	44146507	44146567	61	1	Calabrese_BMCBioinformatics_2012_低置信;Calabrese_BMCBioinformatics_2012_高置信;Simone_BMC_Genomics_2011_版本1_766_HSP;Simone_BMC_Genomics_2011_版本2_585_高置信;UCSC_https://hgdownload.soe.ucsc.edu/goldenPath/hg18/database/
19	9732	9855	124	44661295	44661315	21	103	Wei_Nature_2022_生殖系
19	9625	14745	5121	44890537	44890551	15	5106	Wei_Nature_2022_生殖系
19	3219	3288	70	45563677	45563680	4	66	Nyuwa基因组资源NUMTs
19	13093	13145	53	46227295	46227296	2	51	Wei_Nature_2022_生殖系
19	7179	7620	442	47353132	47353132	1	441	Wei_Nature_2022_肿瘤
19	16109	16491	383	47825528	47825541	14	369	Wei_Nature_2022_生殖系
19	9946	10031	86	47964043	47964043	1	85	Wei_Nature_2022_生殖系
19	14719	14783	65	48365324	48365324	1	64	Wei_Nature_2022_生殖系
19	9004	9592	589	49709514	49709514	1	588	Wei_Nature_2022_肿瘤
19	9735	10113	379	49796382	49796382	1	378	Wei_Nature_2022_肿瘤
19	4428	5141	714	53839303	53839305	3	711	Wei_Nature_2022_生殖系
19	4735	4936	202	54078991	54078991	1	201	Wei_Nature_2022_肿瘤
19	3698	3769	72	55553690	55553693	4	68	Wei_Nature_2022_生殖系
19				56691001	56691169	169		Tao_Genes_2023
19				56691001	56691169	169		Tao_Genes_2023
19				56691001	56691169	169		Tao_Genes_2023
19	13993	14487	495	56691001	56691812	812	317	Calabrese_BMCBioinformatics_2012_低置信;Calabrese_BMCBioinformatics_2012_高置信;Simone_BMC_Genomics_2011_版本1_766_HSP;Simone_BMC_Genomics_2011_版本2_585_高置信;UCSC_https://hgdownload.soe.ucsc.edu/goldenPath/hg18/database/
19				56691489	56691820	332		Tao_Genes_2023
19				56691489	56691820	332		Tao_Genes_2023
19				56691489	56691820	332		Tao_Genes_2023
19				56921992	56922611	620		Tao_Genes_2023
19				56921992	56922611	620		Tao_Genes_2023
19				56921992	56922611	620		Tao_Genes_2023
19	11916	12339	424	56922001	56922424	424	0	Calabrese_BMCBioinformatics_2012_低置信;Calabrese_BMCBioinformatics_2012_高置信;Simone_BMC_Genomics_2011_版本1_766_HSP;Simone_BMC_Genomics_2011_版本2_585_高置信;UCSC_https://hgdownload.soe.ucsc.edu/goldenPath/hg18/database/
20	13581	13885	305	783100	783102	3	302	Wei_Nature_2022_生殖系
20	5520	5588	69	2002107	2002107	1	68	Wei_Nature_2022_生殖系
20				2188408	2188488	81		Tao_Genes_2023
20				2188408	2188488	81		Tao_Genes_2023
20				2188408	2188488	81		Tao_Genes_2023
20	3080	3154	75	2188409	2188483	75	0	Calabrese_BMCBioinformatics_2012_低置信;Calabrese_BMCBioinformatics_2012_高置信;Simone_BMC_Genomics_2011_版本1_766_HSP;Simone_BMC_Genomics_2011_版本2_585_高置信;UCSC_https://hgdownload.soe.ucsc.edu/goldenPath/hg18/database/
20	2274	15532	13259	3157026	3157035	10	13249	Wei_Nature_2022_生殖系
20	15142	15334	193	3806955	3806961	7	186	Wei_Nature_2022_生殖系
20	651	753	103	4728916	4729018	103	0	Calabrese_BMCBioinformatics_2012_低置信;Calabrese_BMCBioinformatics_2012_高置信;Simone_BMC_Genomics_2011_版本1_766_HSP;Simone_BMC_Genomics_2011_版本2_585_高置信;UCSC_https://hgdownload.soe.ucsc.edu/goldenPath/hg18/database/
20				4728916	4729018	103		Tao_Genes_2023
20				4728916	4729018	103		Tao_Genes_2023
20				4728916	4729018	103		Tao_Genes_2023
20	1382	2598	1217	5315223	5315224	2	1215	Wei_Nature_2022_生殖系
20	6170	6501	332	5965180	5965503	324	8	Calabrese_BMCBioinformatics_2012_低置信;Calabrese_BMCBioinformatics_2012_高置信;Simone_BMC_Genomics_2011_版本1_766_HSP;Simone_BMC_Genomics_2011_版本2_585_高置信;UCSC_https://hgdownload.soe.ucsc.edu/goldenPath/hg18/database/
20				5965180	5965508	329		Tao_Genes_2023
20				5965180	5965508	329		Tao_Genes_2023
20				5965180	5965508	329		Tao_Genes_2023
20	1297	15062	13766	6556603	6556607	5	13761	Wei_Nature_2022_生殖系
20	12216	12380	165	7834076	7834077	2	163	Wei_Nature_2022_生殖系
20	12670	12770	101	8626239	8626239	1	100	Wei_Nature_2022_肿瘤
20	2180	2221	42	9168924	9168965	42	0	Calabrese_BMCBioinformatics_2012_低置信;Calabrese_BMCBioinformatics_2012_高置信;Simone_BMC_Genomics_2011_版本1_766_HSP;Simone_BMC_Genomics_2011_版本2_585_高置信;UCSC_https://hgdownload.soe.ucsc.edu/goldenPath/hg18/database/
20				9168924	9168966	43		Tao_Genes_2023
20				9168924	9168966	43		Tao_Genes_2023
20				9168924	9168966	43		Tao_Genes_2023
20	3936	13732	9797	9301932	9301934	3	9794	Nyuwa基因组资源NUMTs;Wei_Nature_2022_生殖系
20	2789	2912	124	9820810	9820811	2	122	Wei_Nature_2022_生殖系
20	12565	12718	154	9828162	9828164	3	151	Wei_Nature_2022_生殖系
20	11743	11811	69	10079450	10079452	3	66	Wei_Nature_2022_生殖系
20	13782	14125	344	11003899	11003906	8	336	Wei_Nature_2022_生殖系
20				13167311	13167360	50		Tao_Genes_2023
20				13167311	13167360	50		Tao_Genes_2023
20				13167311	13167360	50		Tao_Genes_2023
20	3499	3541	43	13167312	13167354	43	0	Calabrese_BMCBioinformatics_2012_低置信;Calabrese_BMCBioinformatics_2012_高置信;Simone_BMC_Genomics_2011_版本1_766_HSP;Simone_BMC_Genomics_2011_版本2_585_高置信;UCSC_https://hgdownload.soe.ucsc.edu/goldenPath/hg18/database/
20				13305197	13305232	36		Tao_Genes_2023
20				13305197	13305232	36		Tao_Genes_2023
20				13305200	13305232	33		Tao_Genes_2023
20	14240	28480	14241	14754146	14754146	1	14240	Nyuwa基因组资源NUMTs
20			185	14755587	14755653	67	118	Nyuwa基因组资源NUMTs
20	3062	3163	102	14954327	14954334	8	94	Wei_Nature_2022_生殖系
20	9507	9900	394	15030843	15030843	1	393	Wei_Nature_2022_肿瘤
20	1866	2028	163	15475823	15475823	1	162	Wei_Nature_2022_生殖系
20	11121	11316	196	15971797	15971802	6	190	Wei_Nature_2022_生殖系
20	642	861	220	16115421	16115426	6	214	Wei_Nature_2022_生殖系
20	4783	9566	4784	16381195	16381195	1	4783	Nyuwa基因组资源NUMTs
20	2411	2545	135	19229887	19229888	2	133	Nyuwa基因组资源NUMTs
20	1981	2060	80	20911352	20911354	3	77	Wei_Nature_2022_生殖系
20	9526	12314	2789	21474594	21474598	5	2784	Nyuwa基因组资源NUMTs;Wei_Nature_2022_生殖系
20	43	16105	16063	22159061	22159061	1	16062	Wei_Nature_2022_肿瘤
20	8391	16782	8392	22815052	22815052	1	8391	Nyuwa基因组资源NUMTs
20			13429	22817234	22817234	1	13428	Nyuwa基因组资源NUMTs
20	3334	3411	78	22949906	22949907	2	76	Nyuwa基因组资源NUMTs
20	13334	13581	248	24071968	24071976	9	239	Nyuwa基因组资源NUMTs
20	306	929	624	25233791	25233797	7	617	Nyuwa基因组资源NUMTs
20	9729	10483	755	25421758	25421784	27	728	Wei_Nature_2022_生殖系
20	13184	13369	186	25805042	25805042	1	185	Wei_Nature_2022_生殖系
20	13184	13369	186	26050864	26050950	87	99	Wei_Nature_2022_生殖系
20				30744397	30744928	532		Tao_Genes_2023
20				30744397	30744928	532		Tao_Genes_2023
20				30744983	30746322	1340		Tao_Genes_2023
20				30744983	30746322	1340		Tao_Genes_2023
20				30746335	30747300	966		Tao_Genes_2023
20				30746335	30747300	966		Tao_Genes_2023
20	889	957	69	32604871	32604871	1	68	Nyuwa基因组资源NUMTs
20	751	1058	308	33199028	33199028	1	307	Wei_Nature_2022_肿瘤
20	9654	10035	382	34688663	34689035	373	9	Calabrese_BMCBioinformatics_2012_低置信;Calabrese_BMCBioinformatics_2012_高置信;Simone_BMC_Genomics_2011_版本1_766_HSP;Simone_BMC_Genomics_2011_版本2_585_高置信;UCSC_https://hgdownload.soe.ucsc.edu/goldenPath/hg18/database/
20				34688663	34689035	373		Tao_Genes_2023
20				34688663	34689035	373		Tao_Genes_2023
20				34688663	34689035	373		Tao_Genes_2023
20	7869	15928	8060	35413446	35413448	3	8057	Wei_Nature_2022_生殖系
20	5738	5931	194	35575477	35575477	1	193	Wei_Nature_2022_肿瘤
20	7586	7720	135	35737495	35737496	2	133	Nyuwa基因组资源NUMTs
20	15165	15247	83	35742481	35742481	1	82	Wei_Nature_2022_肿瘤
20				35778756	35778794	39		Tao_Genes_2023
20				35778756	35778794	39		Tao_Genes_2023
20				35778756	35778794	39		Tao_Genes_2023
20	16084	16395	312	35922186	35922186	1	311	Wei_Nature_2022_肿瘤
20	11350	11424	75	38341009	38341009	1	74	Wei_Nature_2022_生殖系
20	12821	12892	72	38619455	38619458	4	68	Wei_Nature_2022_生殖系
20	7767	7840	74	40506047	40506050	4	70	Wei_Nature_2022_生殖系
20	11513	11576	64	42305481	42305481	1	63	Nyuwa基因组资源NUMTs
20				42800618	42800618	1		Nyuwa基因组资源NUMTs
20	5808	13368	7561	43983496	43983496	1	7560	Wei_Nature_2022_肿瘤
20	3428	3543	116	44023677	44023679	3	113	Nyuwa基因组资源NUMTs
20	6111	6819	709	44169925	44170156	232	477	Wei_Nature_2022_生殖系
20	16147	16432	286	44274830	44274830	1	285	Wei_Nature_2022_肿瘤
20	11727	11869	143	45408679	45408684	6	137	Wei_Nature_2022_生殖系
20	6845	7035	191	46934402	46934716	315	124	Nyuwa基因组资源NUMTs;Wei_Nature_2022_生殖系
20	12452	12620	169	48555920	48555934	15	154	Wei_Nature_2022_生殖系
20			10594	49282289	49282289	1	10593	Nyuwa基因组资源NUMTs
20	13859	13924	66	50808008	50808008	1	65	Wei_Nature_2022_生殖系
20			11198	51496398	51496398	1	11197	Nyuwa基因组资源NUMTs
20	4332	4521	190	51697612	51697615	4	186	Wei_Nature_2022_生殖系
20	13610	13681	72	54139660	54139664	5	67	Wei_Nature_2022_生殖系
20	13332	13442	111	54434895	54434897	3	108	Wei_Nature_2022_生殖系
20	3488	3557	70	55983369	55983371	3	67	Wei_Nature_2022_生殖系
20	15152	15649	498	56111366	56111366	1	497	Wei_Nature_2022_肿瘤
20	12961	13030	70	57064054	57064123	70	0	Calabrese_BMCBioinformatics_2012_低置信;Calabrese_BMCBioinformatics_2012_高置信;Simone_BMC_Genomics_2011_版本1_766_HSP;Simone_BMC_Genomics_2011_版本2_585_高置信;UCSC_https://hgdownload.soe.ucsc.edu/goldenPath/hg18/database/
20				57064054	57064123	70		Tao_Genes_2023
20				57064054	57064123	70		Tao_Genes_2023
20				57064054	57064123	70		Tao_Genes_2023
20				57357401	57361061	3661		Tao_Genes_2023
20				57357401	57361061	3661		Tao_Genes_2023
20				57357401	57361061	3661		Tao_Genes_2023
20	573	4281	3709	57357408	57361058	3651	58	Calabrese_BMCBioinformatics_2012_低置信;Calabrese_BMCBioinformatics_2012_高置信;Daniela_Lascaro_BMC_Genomics_2008;Simone_BMC_Genomics_2011_版本1_766_HSP;UCSC_https://hgdownload.soe.ucsc.edu/goldenPath/hg18/database/
20	1	16569	16569	57357408	57361810	4403	12166	Simone_BMC_Genomics_2011_版本2_585_高置信
20	334	364	31	57361440	57361470	31	0	Calabrese_BMCBioinformatics_2012_低置信;Simone_BMC_Genomics_2011_版本1_766_HSP;UCSC_https://hgdownload.soe.ucsc.edu/goldenPath/hg18/database/
20				57361696	57361831	136		Tao_Genes_2023
20				57361696	57361831	136		Tao_Genes_2023
20				57361696	57361831	136		Tao_Genes_2023
20			60	57361713	57361772	60	0	UCSC_https://hgdownload.soe.ucsc.edu/goldenPath/hg18/database/
20	16532	16569	38	57361773	57361810	38	0	Calabrese_BMCBioinformatics_2012_低置信;Calabrese_BMCBioinformatics_2012_高置信;Simone_BMC_Genomics_2011_版本1_766_HSP;UCSC_https://hgdownload.soe.ucsc.edu/goldenPath/hg18/database/
20	3972	4096	125	58242391	58242396	6	119	Wei_Nature_2022_生殖系
20				60414379	60414865	487		Tao_Genes_2023
20				60414379	60414865	487		Tao_Genes_2023
20				60414379	60414865	487		Tao_Genes_2023
20	7709	8180	472	60414394	60414865	472	0	Calabrese_BMCBioinformatics_2012_低置信;Calabrese_BMCBioinformatics_2012_高置信;Simone_BMC_Genomics_2011_版本1_766_HSP;Simone_BMC_Genomics_2011_版本2_585_高置信;UCSC_https://hgdownload.soe.ucsc.edu/goldenPath/hg18/database/
20	13175	13246	72	60589085	60589085	1	71	Wei_Nature_2022_肿瘤
20	2252	2407	156	62012586	62012587	2	154	Nyuwa基因组资源NUMTs
20	845	1015	171	62569878	62569878	1	170	Wei_Nature_2022_肿瘤
20	10839	10954	116	63422623	63422624	2	114	Wei_Nature_2022_生殖系
21	11189	11233	45	5217773	5217773	1	44	Wei_Nature_2022_生殖系
21	8340	8340	1	8224450	8224496	47	46	Wei_Nature_2022_生殖系
21	1151	1379	229	8239259	8239259	1	228	Wei_Nature_2022_肿瘤
21				8680250	8680404	155		Tao_Genes_2023
21				8680250	8680404	155		Tao_Genes_2023
21				8680250	8680404	155		Tao_Genes_2023
21				8844304	8845274	971		Tao_Genes_2023
21				8844304	8845274	971		Tao_Genes_2023
21				8844304	8845274	971		Tao_Genes_2023
21				8844304	8845274	971		Tao_Genes_2023
21				8844304	8845274	971		Tao_Genes_2023
21				8845287	8846625	1339		Tao_Genes_2023
21				8845287	8846625	1339		Tao_Genes_2023
21				8845287	8846627	1341		Tao_Genes_2023
21				8845287	8846627	1341		Tao_Genes_2023
21				8845287	8846627	1341		Tao_Genes_2023
21				8846690	8847212	523		Tao_Genes_2023
21				8846690	8847212	523		Tao_Genes_2023
21				8846690	8847212	523		Tao_Genes_2023
21				8846690	8847212	523		Tao_Genes_2023
21				8846690	8847212	523		Tao_Genes_2023
21	9409	9884	476	9007988	9007988	1	475	Wei_Nature_2022_肿瘤
21	12360	13227	868	9676365	9676965	601	267	Nyuwa基因组资源NUMTs;Wei_Nature_2022_生殖系
21	3957	6316	2360	9731738	9731738	1	2359	Wei_Nature_2022_肿瘤
21				10014855	10015015	161		Tao_Genes_2023
21				10014855	10015015	161		Tao_Genes_2023
21				10014855	10015015	161		Tao_Genes_2023
21	98	16113	16016	10413485	10413488	4	16012	Wei_Nature_2022_生殖系
21	7572	7638	67	14021580	14021646	67	0	Calabrese_BMCBioinformatics_2012_低置信;Calabrese_BMCBioinformatics_2012_高置信;Simone_BMC_Genomics_2011_版本1_766_HSP;Simone_BMC_Genomics_2011_版本2_585_高置信;UCSC_https://hgdownload.soe.ucsc.edu/goldenPath/hg18/database/
21				14021580	14021646	67		Tao_Genes_2023
21				14021580	14021649	70		Tao_Genes_2023
21				14021580	14021649	70		Tao_Genes_2023
21	12918	13033	116	14376880	14376881	2	114	Nyuwa基因组资源NUMTs
21	12978	13128	151	14612566	14612574	9	142	Nyuwa基因组资源NUMTs
21	16178	16254	77	15127549	15127554	6	71	Wei_Nature_2022_生殖系
21	14242	14315	74	15135693	15135695	3	71	Nyuwa基因组资源NUMTs
21	3633	3824	192	15854121	15854132	12	180	Wei_Nature_2022_生殖系
21	4941	5037	97	16470420	16470516	97	0	Calabrese_BMCBioinformatics_2012_低置信;Calabrese_BMCBioinformatics_2012_高置信;Simone_BMC_Genomics_2011_版本1_766_HSP;Simone_BMC_Genomics_2011_版本2_585_高置信;UCSC_https://hgdownload.soe.ucsc.edu/goldenPath/hg18/database/
21				16470420	16470533	114		Tao_Genes_2023
21				16470420	16470533	114		Tao_Genes_2023
21				16470420	16470533	114		Tao_Genes_2023
21	7117	7225	109	16545389	16545390	2	107	Nyuwa基因组资源NUMTs
21	2063	15937	13875	17322853	17322853	1	13874	Wei_Nature_2022_生殖系
21	2063	15937	13875	17701954	17701954	1	13874	Wei_Nature_2022_生殖系
21	12930	13053	124	17764897	17764904	8	116	Wei_Nature_2022_生殖系
21				17842917	17843020	104		Tao_Genes_2023
21				17842917	17843020	104		Tao_Genes_2023
21				17842917	17843020	104		Tao_Genes_2023
21	11269	11336	68	18833076	18833076	1	67	Wei_Nature_2022_生殖系
21	7896	8113	218	20436228	20436228	1	217	Wei_Nature_2022_肿瘤
21	4835	4913	79	21305141	21305141	1	78	Wei_Nature_2022_生殖系
21	5712	5820	109	21708297	21708299	3	106	Nyuwa基因组资源NUMTs;Wei_Nature_2022_生殖系
21	5975	6186	212	23207458	23207464	7	205	Nyuwa基因组资源NUMTs
21	11385	13773	2389	24015867	24015867	1	2388	Wei_Nature_2022_生殖系
21	11385	13773	2389	24053855	24053855	1	2388	Wei_Nature_2022_生殖系
21	13374	13470	97	24931381	24931477	97	0	Calabrese_BMCBioinformatics_2012_低置信;Calabrese_BMCBioinformatics_2012_高置信;Simone_BMC_Genomics_2011_版本1_766_HSP;Simone_BMC_Genomics_2011_版本2_585_高置信;UCSC_https://hgdownload.soe.ucsc.edu/goldenPath/hg18/database/
21				24931381	24931477	97		Tao_Genes_2023
21				24931381	24931477	97		Tao_Genes_2023
21				24931381	24931477	97		Tao_Genes_2023
21	12387	12430	44	24947332	24947344	13	31	Wei_Nature_2022_生殖系
21	6535	6773	239	26482638	26482639	2	237	Wei_Nature_2022_生殖系
21	1553	15625	14073	27377695	27377695	1	14072	Wei_Nature_2022_生殖系
21	12625	12735	111	28330944	28330953	10	101	Wei_Nature_2022_生殖系
21	14481	14704	224	29386813	29386813	1	223	Wei_Nature_2022_肿瘤
21	11844	11920	77	29542360	29542361	2	75	Wei_Nature_2022_生殖系
21	11329	11485	157	30775299	30775299	1	156	Wei_Nature_2022_生殖系
21	1603	14332	12730	31022952	31022952	1	12729	Wei_Nature_2022_生殖系
21	13867	13931	65	31094453	31094459	7	58	Wei_Nature_2022_生殖系
21	1410	1495	86	34534558	34534558	1	85	Nyuwa基因组资源NUMTs
21	11536	11669	134	35789395	35789399	5	129	Nyuwa基因组资源NUMTs
21				35890273	35892127	1855		Tao_Genes_2023
21				35890273	35892127	1855		Tao_Genes_2023
21				35890273	35892127	1855		Tao_Genes_2023
21	5510	6444	935	35890274	35891173	900	35	Calabrese_BMCBioinformatics_2012_低置信;Calabrese_BMCBioinformatics_2012_高置信;Simone_BMC_Genomics_2011_版本1_766_HSP;Simone_BMC_Genomics_2011_版本2_585_高置信;UCSC_https://hgdownload.soe.ucsc.edu/goldenPath/hg18/database/
21	4535	4890	356	35891778	35892124	347	9	Calabrese_BMCBioinformatics_2012_低置信;Simone_BMC_Genomics_2011_版本1_766_HSP;UCSC_https://hgdownload.soe.ucsc.edu/goldenPath/hg18/database/
21	5553	5656	104	37353759	37353760	2	102	Wei_Nature_2022_生殖系
21	11105	16046	4942	38324895	38324897	3	4939	Nyuwa基因组资源NUMTs
21	10207	11558	1352	39523096	39523101	6	1346	Wei_Nature_2022_生殖系
21	13978	27956	13979	39582802	39582802	1	13978	Nyuwa基因组资源NUMTs
21				39610979	39611181	203		Tao_Genes_2023
21				39610979	39611181	203		Tao_Genes_2023
21				39610979	39611181	203		Tao_Genes_2023
21	15855	16028	174	39611005	39611181	177	3	Calabrese_BMCBioinformatics_2012_低置信;Calabrese_BMCBioinformatics_2012_高置信;Simone_BMC_Genomics_2011_版本1_766_HSP;Simone_BMC_Genomics_2011_版本2_585_高置信;UCSC_https://hgdownload.soe.ucsc.edu/goldenPath/hg18/database/
21	2238	16312	14075	40954683	40954688	6	14069	Wei_Nature_2022_生殖系
21	2706	2890	185	41150499	41150499	1	184	Wei_Nature_2022_生殖系
21	2706	5412	2707	41150499	41150499	1	2706	Nyuwa基因组资源NUMTs
21	4883	5110	228	42406711	42406933	223	5	Calabrese_BMCBioinformatics_2012_低置信;Calabrese_BMCBioinformatics_2012_高置信;Simone_BMC_Genomics_2011_版本1_766_HSP;Simone_BMC_Genomics_2011_版本2_585_高置信;UCSC_https://hgdownload.soe.ucsc.edu/goldenPath/hg18/database/
21				42406711	42406933	223		Tao_Genes_2023
21				42406711	42406933	223		Tao_Genes_2023
21				42406711	42406933	223		Tao_Genes_2023
21	12867	13056	190	42535254	42535261	8	182	Wei_Nature_2022_生殖系
21	257	405	149	43004818	43004819	2	147	Wei_Nature_2022_生殖系
21	10196	10265	70	44080211	44080212	2	68	Wei_Nature_2022_生殖系
21				44469795	44470311	517		Tao_Genes_2023
21				44469795	44470311	517		Tao_Genes_2023
21				44469795	44470311	517		Tao_Genes_2023
21				44470674	44470928	255		Tao_Genes_2023
21				44470674	44470928	255		Tao_Genes_2023
21				44470674	44470928	255		Tao_Genes_2023
21	15174	15429	256	44470675	44470928	254	2	Calabrese_BMCBioinformatics_2012_低置信;Simone_BMC_Genomics_2011_版本1_766_HSP;UCSC_https://hgdownload.soe.ucsc.edu/goldenPath/hg18/database/
21	12257	15429	3173	44470675	44475175	4501	1328	Calabrese_BMCBioinformatics_2012_高置信;Simone_BMC_Genomics_2011_版本2_585_高置信
21				44472097	44472495	399		Tao_Genes_2023
21				44472097	44472495	399		Tao_Genes_2023
21				44472097	44472495	399		Tao_Genes_2023
21				44472830	44473145	316		Tao_Genes_2023
21				44472830	44473145	316		Tao_Genes_2023
21				44472830	44473145	316		Tao_Genes_2023
21	14206	14486	281	44473243	44473517	275	6	Calabrese_BMCBioinformatics_2012_低置信;Simone_BMC_Genomics_2011_版本1_766_HSP;UCSC_https://hgdownload.soe.ucsc.edu/goldenPath/hg18/database/
21				44473655	44473892	238		Tao_Genes_2023
21				44473655	44473892	238		Tao_Genes_2023
21				44473655	44473892	238		Tao_Genes_2023
21				44474182	44474463	282		Tao_Genes_2023
21				44474182	44474463	282		Tao_Genes_2023
21				44474182	44474463	282		Tao_Genes_2023
21				44474511	44475175	665		Tao_Genes_2023
21				44474511	44475175	665		Tao_Genes_2023
21				44474511	44475175	665		Tao_Genes_2023
21	12257	12955	699	44474512	44475175	664	35	Calabrese_BMCBioinformatics_2012_低置信;Simone_BMC_Genomics_2011_版本1_766_HSP;UCSC_https://hgdownload.soe.ucsc.edu/goldenPath/hg18/database/
21	7615	14745	7131	44526132	44526144	13	7118	Wei_Nature_2022_生殖系
21	15454	15636	183	45253289	45253296	8	175	Wei_Nature_2022_生殖系
21	5994	6190	197	45376188	45376384	197	0	Calabrese_BMCBioinformatics_2012_低置信;Calabrese_BMCBioinformatics_2012_高置信;Simone_BMC_Genomics_2011_版本1_766_HSP;Simone_BMC_Genomics_2011_版本2_585_高置信;UCSC_https://hgdownload.soe.ucsc.edu/goldenPath/hg18/database/
21				45376188	45376384	197		Tao_Genes_2023
21				45376188	45376384	197		Tao_Genes_2023
21				45376188	45376384	197		Tao_Genes_2023
21	6166	6166	1	104174424	104174434	11	10	Wei_Nature_2022_生殖系
22				10657379	10657533	155		Tao_Genes_2023
22				10657379	10657533	155		Tao_Genes_2023
22				10657379	10657533	155		Tao_Genes_2023
22	316	442	127	10669630	10669640	11	116	Wei_Nature_2022_生殖系
22	11008	11008	1	11067820	11067820	1	0	Wei_Nature_2022_生殖系
22				11854091	11855054	964		Tao_Genes_2023
22				11854091	11855061	971		Tao_Genes_2023
22				11854091	11855061	971		Tao_Genes_2023
22				11854091	11855061	971		Tao_Genes_2023
22				11854091	11855061	971		Tao_Genes_2023
22				11854091	11855061	971		Tao_Genes_2023
22				11854091	11871229	17139		Tao_Genes_2023
22				11854091	11871229	17139		Tao_Genes_2023
22				11855074	11856415	1342		Tao_Genes_2023
22				11855074	11856415	1342		Tao_Genes_2023
22				11855074	11856416	1343		Tao_Genes_2023
22				11855074	11856416	1343		Tao_Genes_2023
22				11855074	11856418	1345		Tao_Genes_2023
22				11855079	11856418	1340		Tao_Genes_2023
22				11856471	11857003	533		Tao_Genes_2023
22				11856471	11857003	533		Tao_Genes_2023
22				11856481	11857003	523		Tao_Genes_2023
22				11856481	11857003	523		Tao_Genes_2023
22				11856481	11857003	523		Tao_Genes_2023
22				11856481	11857003	523		Tao_Genes_2023
22				12135352	12135874	523		Tao_Genes_2023
22				12135352	12135874	523		Tao_Genes_2023
22				12135352	12135874	523		Tao_Genes_2023
22				12135352	12135874	523		Tao_Genes_2023
22				12135352	12135884	533		Tao_Genes_2023
22				12135937	12137281	1345		Tao_Genes_2023
22				12135937	12137291	1355		Tao_Genes_2023
22				12135939	12137281	1343		Tao_Genes_2023
22				12135939	12137281	1343		Tao_Genes_2023
22				12135940	12137281	1342		Tao_Genes_2023
22				12137294	12138262	969		Tao_Genes_2023
22				12137294	12138262	969		Tao_Genes_2023
22				12137294	12138262	969		Tao_Genes_2023
22				12137294	12138262	969		Tao_Genes_2023
22				12137294	12138262	969		Tao_Genes_2023
22				12137355	12138262	908		Tao_Genes_2023
22				12137355	12138262	908		Tao_Genes_2023
22				12137377	12138262	886		Tao_Genes_2023
22	13900	14231	332	12555861	12555861	1	331	Wei_Nature_2022_肿瘤
22	14853	14948	96	15380466	15380474	9	87	Wei_Nature_2022_生殖系
22	9717	9791	75	16203347	16203350	4	71	Wei_Nature_2022_生殖系
22				16876218	16876372	155		Tao_Genes_2023
22				16876218	16876372	155		Tao_Genes_2023
22				16876218	16876372	155		Tao_Genes_2023
22	3750	3890	141	16876224	16876364	141	0	Calabrese_BMCBioinformatics_2012_低置信;Calabrese_BMCBioinformatics_2012_高置信;Simone_BMC_Genomics_2011_版本1_766_HSP;Simone_BMC_Genomics_2011_版本2_585_高置信;UCSC_https://hgdownload.soe.ucsc.edu/goldenPath/hg18/database/
22	2595	2699	105	17271278	17271284	7	98	Nyuwa基因组资源NUMTs
22	9870	10071	202	17763841	17763843	3	199	Wei_Nature_2022_生殖系
22	5763	6029	267	18238644	18238682	39	228	Wei_Nature_2022_生殖系
22	5361	10722	5362	20344980	20344980	1	5361	Nyuwa基因组资源NUMTs
22	7558	7728	171	24061338	24061338	1	170	Wei_Nature_2022_肿瘤
22	5644	5845	202	25236006	25236008	3	199	Wei_Nature_2022_生殖系
22	16011	16206	196	26742742	26742744	3	193	Nyuwa基因组资源NUMTs
22	8670	8796	127	27051912	27051912	1	126	Nyuwa基因组资源NUMTs;Wei_Nature_2022_生殖系
22	10723	10844	122	27777592	27777592	1	121	Wei_Nature_2022_生殖系
22	11807	11873	67	28551214	28551214	1	66	Wei_Nature_2022_生殖系
22				29135286	29135350	65		Tao_Genes_2023
22				29135286	29135350	65		Tao_Genes_2023
22				29135286	29135350	65		Tao_Genes_2023
22	15079	30158	15080	29157467	29157467	1	15079	Nyuwa基因组资源NUMTs
22	13900	14231	332	30377498	30377498	1	331	Wei_Nature_2022_肿瘤
22	13330	13513	184	30625338	30625342	5	179	Nyuwa基因组资源NUMTs
22	15159	15232	74	31241335	31241336	2	72	Wei_Nature_2022_生殖系
22	14773	15114	342	32894883	32895223	341	1	Calabrese_BMCBioinformatics_2012_低置信;Calabrese_BMCBioinformatics_2012_高置信;Simone_BMC_Genomics_2011_版本1_766_HSP;Simone_BMC_Genomics_2011_版本2_585_高置信;UCSC_https://hgdownload.soe.ucsc.edu/goldenPath/hg18/database/
22				32894883	32895230	348		Tao_Genes_2023
22				32894883	32895230	348		Tao_Genes_2023
22				32894883	32895230	348		Tao_Genes_2023
22	345	452	108	33237214	33237216	3	105	Wei_Nature_2022_生殖系
22	7670	7834	165	33446542	33446547	6	159	Nyuwa基因组资源NUMTs
22	12776	12943	168	34569794	34569798	5	163	Wei_Nature_2022_生殖系
22	14567	14567	1	34822899	34822899	1	0	Wei_Nature_2022_生殖系
22			11719	35107043	35107045	3	11716	Nyuwa基因组资源NUMTs
22				35885664	35885719	56		Tao_Genes_2023
22				35885664	35885719	56		Tao_Genes_2023
22				35885664	35885719	56		Tao_Genes_2023
22	6180	6226	47	35885672	35885718	47	0	Calabrese_BMCBioinformatics_2012_低置信;Calabrese_BMCBioinformatics_2012_高置信;Simone_BMC_Genomics_2011_版本1_766_HSP;Simone_BMC_Genomics_2011_版本2_585_高置信;UCSC_https://hgdownload.soe.ucsc.edu/goldenPath/hg18/database/
22				36075001	36075057	57		Tao_Genes_2023
22				36075001	36075057	57		Tao_Genes_2023
22				36075001	36075057	57		Tao_Genes_2023
22	5990	6173	184	36125392	36125403	12	172	Wei_Nature_2022_生殖系
22	7089	7639	551	36172427	36172988	562	11	Calabrese_BMCBioinformatics_2012_低置信;Simone_BMC_Genomics_2011_版本1_766_HSP;UCSC_https://hgdownload.soe.ucsc.edu/goldenPath/hg18/database/
22				36172427	36173046	620		Tao_Genes_2023
22				36172427	36173046	620		Tao_Genes_2023
22				36172427	36173046	620		Tao_Genes_2023
22	7089	16568	9480	36172427	36177243	4817	4663	Calabrese_BMCBioinformatics_2012_高置信
22	578	16568	15991	36172427	36179549	7123	8868	Simone_BMC_Genomics_2011_版本2_585_高置信
22	7752	9019	1268	36173438	36174674	1237	31	Calabrese_BMCBioinformatics_2012_低置信;Simone_BMC_Genomics_2011_版本1_766_HSP;UCSC_https://hgdownload.soe.ucsc.edu/goldenPath/hg18/database/
22				36173438	36174829	1392		Tao_Genes_2023
22				36173438	36174829	1392		Tao_Genes_2023
22				36173438	36174829	1392		Tao_Genes_2023
22	9162	9884	723	36175121	36175858	738	15	Calabrese_BMCBioinformatics_2012_低置信;Simone_BMC_Genomics_2011_版本1_766_HSP;UCSC_https://hgdownload.soe.ucsc.edu/goldenPath/hg18/database/
22				36175121	36175858	738		Tao_Genes_2023
22				36175121	36175858	738		Tao_Genes_2023
22				36175121	36175858	738		Tao_Genes_2023
22				36175874	36176068	195		Tao_Genes_2023
22				36175874	36176068	195		Tao_Genes_2023
22				36175874	36176068	195		Tao_Genes_2023
22				36176193	36176681	489		Tao_Genes_2023
22				36176193	36176681	489		Tao_Genes_2023
22				36176193	36176681	489		Tao_Genes_2023
22	15543	16028	486	36176194	36176681	488	2	Calabrese_BMCBioinformatics_2012_低置信;Simone_BMC_Genomics_2011_版本1_766_HSP;UCSC_https://hgdownload.soe.ucsc.edu/goldenPath/hg18/database/
22				36176967	36177302	336		Tao_Genes_2023
22				36176967	36177302	336		Tao_Genes_2023
22				36176967	36177302	336		Tao_Genes_2023
22				36177830	36178757	928		Tao_Genes_2023
22				36177830	36178757	928		Tao_Genes_2023
22				36177830	36178757	928		Tao_Genes_2023
22	578	1264	687	36177832	36178526	695	8	Calabrese_BMCBioinformatics_2012_低置信;Simone_BMC_Genomics_2011_版本1_766_HSP;UCSC_https://hgdownload.soe.ucsc.edu/goldenPath/hg18/database/
22	578	4420	3843	36177832	36179549	1718	2125	Calabrese_BMCBioinformatics_2012_高置信
22	3826	4180	355	36178797	36179151	355	0	Calabrese_BMCBioinformatics_2012_低置信;Simone_BMC_Genomics_2011_版本1_766_HSP;UCSC_https://hgdownload.soe.ucsc.edu/goldenPath/hg18/database/
22				36179064	36179549	486		Tao_Genes_2023
22				36179064	36179639	576		Tao_Genes_2023
22				36179064	36179639	576		Tao_Genes_2023
22				36179577	36179639	63		Tao_Genes_2023
22	13386	13576	191	37073964	37073968	5	186	Wei_Nature_2022_生殖系
22	718	861	144	37330441	37330441	1	143	Nyuwa基因组资源NUMTs
22	16454	16569	116	37381546	37381546	1	115	Wei_Nature_2022_肿瘤
22	5535	5657	123	37547132	37547134	3	120	Wei_Nature_2022_生殖系
22	15451	15845	395	41580286	41580289	4	391	Wei_Nature_2022_生殖系
22	10196	10272	77	41630394	41630394	1	76	Wei_Nature_2022_生殖系
22				41764956	41765025	70		Tao_Genes_2023
22				41764956	41765025	70		Tao_Genes_2023
22				41764956	41765025	70		Tao_Genes_2023
22	7297	7365	69	41764957	41765025	69	0	Calabrese_BMCBioinformatics_2012_低置信;Calabrese_BMCBioinformatics_2012_高置信;Simone_BMC_Genomics_2011_版本1_766_HSP;Simone_BMC_Genomics_2011_版本2_585_高置信;UCSC_https://hgdownload.soe.ucsc.edu/goldenPath/hg18/database/
22	15343	15523	181	42787960	42787960	1	180	Nyuwa基因组资源NUMTs
22	2045	2221	177	43125651	43126017	367	190	Wei_Nature_2022_生殖系
22	10793	10907	115	43334838	43334839	2	113	Nyuwa基因组资源NUMTs;Wei_Nature_2022_生殖系
22	13214	13361	148	44177565	44177566	2	146	Nyuwa基因组资源NUMTs
22	11351	11417	67	44603395	44603396	2	65	Wei_Nature_2022_生殖系
22			12014	44903555	44903555	1	12013	Nyuwa基因组资源NUMTs
22	3981	4093	113	45036350	45036351	2	111	Wei_Nature_2022_生殖系
22	16101	32202	16102	45481828	45481828	1	16101	Nyuwa基因组资源NUMTs
22	310	16302	15993	45617986	45617986	1	15992	Wei_Nature_2022_肿瘤
22	7868	7918	51	45859219	45859220	2	49	Wei_Nature_2022_生殖系
22				46470261	46470333	73		Tao_Genes_2023
22				46470261	46470333	73		Tao_Genes_2023
22				46470261	46470333	73		Tao_Genes_2023
22	12643	12710	68	46470266	46470333	68	0	Calabrese_BMCBioinformatics_2012_低置信;Calabrese_BMCBioinformatics_2012_高置信;Simone_BMC_Genomics_2011_版本1_766_HSP;Simone_BMC_Genomics_2011_版本2_585_高置信;UCSC_https://hgdownload.soe.ucsc.edu/goldenPath/hg18/database/
22	91	16108	16018	47509309	47509309	1	16017	Wei_Nature_2022_肿瘤
22	6022	6170	149	47789221	47789224	4	145	Nyuwa基因组资源NUMTs
22	735	822	88	48370911	48370913	3	85	Wei_Nature_2022_生殖系
22	1583	1712	130	48629728	48629728	1	129	Nyuwa基因组资源NUMTs
22	15517	15648	132	49092239	49092248	10	122	Wei_Nature_2022_生殖系
22	10106	11867	1762	50053855	50053866	12	1750	Nyuwa基因组资源NUMTs
22				50086164	50086393	230		Tao_Genes_2023
22				50086164	50086393	230		Tao_Genes_2023
22				50086164	50086393	230		Tao_Genes_2023
X				4059580	4059845	266		Tao_Genes_2023
X				4059580	4059845	266		Tao_Genes_2023
X				4059580	4059845	266		Tao_Genes_2023
X				5168835	5170789	1955		Tao_Genes_2023
X				5168835	5170789	1955		Tao_Genes_2023
X				5168835	5170789	1955		Tao_Genes_2023
X	14071	16005	1935	5168837	5170772	1936	1	Calabrese_BMCBioinformatics_2012_低置信;Calabrese_BMCBioinformatics_2012_高置信;Daniela_Lascaro_BMC_Genomics_2008;Simone_BMC_Genomics_2011_版本1_766_HSP;Simone_BMC_Genomics_2011_版本2_585_高置信;UCSC_https://hgdownload.soe.ucsc.edu/goldenPath/hg18/database/
X				5171069	5171454	386		Tao_Genes_2023
X				5171069	5171454	386		Tao_Genes_2023
X				5171069	5171454	386		Tao_Genes_2023
X	16143	16250	108	5171228	5171338	111	3	Calabrese_BMCBioinformatics_2012_低置信;Simone_BMC_Genomics_2011_版本1_766_HSP;UCSC_https://hgdownload.soe.ucsc.edu/goldenPath/hg18/database/
X	1601	1683	83	5782857	5782864	8	75	Nyuwa基因组资源NUMTs
X	16112	16178	67	8949137	8949137	1	66	Nyuwa基因组资源NUMTs
X	15977	16437	461	9802601	9802602	2	459	Wei_Nature_2022_生殖系
X				9805648	9805813	166		Tao_Genes_2023
X				9805648	9805813	166		Tao_Genes_2023
X				9805648	9805813	166		Tao_Genes_2023
X	6171	6596	426	9947034	9947034	1	425	Wei_Nature_2022_肿瘤
X				11478163	11478321	159		Tao_Genes_2023
X				11478163	11478321	159		Tao_Genes_2023
X				11478163	11478321	159		Tao_Genes_2023
X				11588393	11588549	157		Tao_Genes_2023
X				11588393	11588549	157		Tao_Genes_2023
X				11588393	11588549	157		Tao_Genes_2023
X	3241	3354	114	14824669	14824670	2	112	Wei_Nature_2022_生殖系
X				15727730	15727926	197		Tao_Genes_2023
X				15727730	15727926	197		Tao_Genes_2023
X				15727730	15727926	197		Tao_Genes_2023
X	11617	11689	73	15739023	15739026	4	69	Nyuwa基因组资源NUMTs
X	6180	6252	73	16960559	16960562	4	69	Nyuwa基因组资源NUMTs
X				18810804	18810906	103		Tao_Genes_2023
X				18810804	18810906	103		Tao_Genes_2023
X				18810804	18810906	103		Tao_Genes_2023
X	15823	31646	15824	19630505	19630505	1	15823	Nyuwa基因组资源NUMTs
X				20331700	20331809	110		Tao_Genes_2023
X				20331700	20331809	110		Tao_Genes_2023
X				20331700	20331809	110		Tao_Genes_2023
X	15451	15728	278	20990153	20990154	2	276	Wei_Nature_2022_生殖系
X	4387	4452	66	22014733	22014733	1	65	Wei_Nature_2022_肿瘤
X				22173860	22173922	63		Tao_Genes_2023
X				22173860	22173922	63		Tao_Genes_2023
X				22173860	22173922	63		Tao_Genes_2023
X				22459939	22460014	76		Tao_Genes_2023
X				22459939	22460014	76		Tao_Genes_2023
X				22459939	22460014	76		Tao_Genes_2023
X				24056264	24056460	197		Tao_Genes_2023
X				24056264	24056460	197		Tao_Genes_2023
X				24056264	24056460	197		Tao_Genes_2023
X				26824823	26825010	188		Tao_Genes_2023
X				26824823	26825010	188		Tao_Genes_2023
X				26824823	26825010	188		Tao_Genes_2023
X	388	388	1	28378145	28378145	1	0	Wei_Nature_2022_肿瘤
X	15313	15523	211	28792552	28792552	1	210	Wei_Nature_2022_生殖系
X	7329	7487	159	30233439	30233440	2	157	Wei_Nature_2022_生殖系
X	628	1007	380	30507479	30507491	13	367	Wei_Nature_2022_生殖系
X	13205	13637	433	34609111	34609111	1	432	Wei_Nature_2022_肿瘤
X	5845	6038	194	38152558	38152560	3	191	Wei_Nature_2022_生殖系
X	12225	12293	69	39538100	39538105	6	63	Wei_Nature_2022_生殖系
X				40037350	40037453	104		Tao_Genes_2023
X				40037350	40037453	104		Tao_Genes_2023
X				40037350	40037453	104		Tao_Genes_2023
X	12816	15586	2771	44404528	44404528	1	2770	Wei_Nature_2022_肿瘤
X				44924260	44924324	65		Tao_Genes_2023
X				44924260	44924324	65		Tao_Genes_2023
X				44924260	44924324	65		Tao_Genes_2023
X	1689	2000	312	45254769	45254769	1	311	Wei_Nature_2022_肿瘤
X	8181	16362	8182	45545259	45545259	1	8181	Nyuwa基因组资源NUMTs
X			307	45552213	45552213	1	306	Nyuwa基因组资源NUMTs
X	14863	15071	209	45850096	45850104	9	200	Wei_Nature_2022_生殖系
X	11531	11589	59	46177914	46177915	2	57	Nyuwa基因组资源NUMTs
X	3621	3706	86	46200746	46200746	1	85	Nyuwa基因组资源NUMTs
X	911	1204	294	46487737	46487738	2	292	Nyuwa基因组资源NUMTs
X	14471	14471	1	48392601	48392601	1	0	Wei_Nature_2022_生殖系
X				51271672	51271781	110		Tao_Genes_2023
X				51271672	51271781	110		Tao_Genes_2023
X				51271672	51271781	110		Tao_Genes_2023
X			15826	51730714	51730714	1	15825	Nyuwa基因组资源NUMTs
X				53384003	53384187	185		Tao_Genes_2023
X				53384003	53384187	185		Tao_Genes_2023
X				53384003	53384187	185		Tao_Genes_2023
X				55038553	55038659	107		Tao_Genes_2023
X				55038553	55038659	107		Tao_Genes_2023
X				55038553	55038659	107		Tao_Genes_2023
X	576	6406	5831	55178235	55184027	5793	38	Calabrese_BMCBioinformatics_2012_低置信;Calabrese_BMCBioinformatics_2012_高置信;Daniela_Lascaro_BMC_Genomics_2008;Simone_BMC_Genomics_2011_版本1_766_HSP;Simone_BMC_Genomics_2011_版本2_585_高置信;UCSC_https://hgdownload.soe.ucsc.edu/goldenPath/hg18/database/
X				55178235	55184030	5796		Tao_Genes_2023
X				55178235	55184030	5796		Tao_Genes_2023
X				55178235	55184030	5796		Tao_Genes_2023
X	1584	1678	95	62836126	62836131	6	89	Wei_Nature_2022_生殖系
X	15975	16569	595	62838407	62839033	627	32	Calabrese_BMCBioinformatics_2012_低置信;Calabrese_BMCBioinformatics_2012_高置信;Simone_BMC_Genomics_2011_版本1_766_HSP;UCSC_https://hgdownload.soe.ucsc.edu/goldenPath/hg18/database/
X	1	16569	16569	62838407	62844145	5739	10830	Simone_BMC_Genomics_2011_版本2_585_高置信
X				62838757	62839096	340		Tao_Genes_2023
X				62838757	62839096	340		Tao_Genes_2023
X				62838757	62839096	340		Tao_Genes_2023
X	1	60	60	62839034	62839093	60	0	Calabrese_BMCBioinformatics_2012_低置信;Simone_BMC_Genomics_2011_版本1_766_HSP
X			60	62839034	62839093	60	0	UCSC_https://hgdownload.soe.ucsc.edu/goldenPath/hg18/database/
X	1	4906	4906	62839034	62844145	5112	206	Calabrese_BMCBioinformatics_2012_高置信
X				62839621	62841826	2206		Tao_Genes_2023
X				62839621	62841826	2206		Tao_Genes_2023
X				62839621	62841826	2206		Tao_Genes_2023
X	577	2749	2173	62839625	62841817	2193	20	Calabrese_BMCBioinformatics_2012_低置信;Daniela_Lascaro_BMC_Genomics_2008;Simone_BMC_Genomics_2011_版本1_766_HSP;UCSC_https://hgdownload.soe.ucsc.edu/goldenPath/hg18/database/
X	2801	4906	2106	62842012	62844145	2134	28	Calabrese_BMCBioinformatics_2012_低置信;Simone_BMC_Genomics_2011_版本1_766_HSP;UCSC_https://hgdownload.soe.ucsc.edu/goldenPath/hg18/database/
X				62842012	62844145	2134		Tao_Genes_2023
X				62842012	62844145	2134		Tao_Genes_2023
X				62842012	62844145	2134		Tao_Genes_2023
X	1635	3270	1636	65095529	65095529	1	1635	Nyuwa基因组资源NUMTs
X			1771	65096774	65096774	1	1770	Nyuwa基因组资源NUMTs
X	6300	6373	74	67493022	67493024	3	71	Wei_Nature_2022_生殖系
X				70119564	70121497	1934		Tao_Genes_2023
X				70119564	70121497	1934		Tao_Genes_2023
X				70119564	70121497	1934		Tao_Genes_2023
X				70121980	70122039	60		Tao_Genes_2023
X				70121980	70122039	60		Tao_Genes_2023
X				70121980	70122039	60		Tao_Genes_2023
X				70124411	70125014	604		Tao_Genes_2023
X				70124411	70125014	604		Tao_Genes_2023
X				70124411	70125014	604		Tao_Genes_2023
X				70125365	70125530	166		Tao_Genes_2023
X				70125365	70125530	166		Tao_Genes_2023
X				70125365	70125530	166		Tao_Genes_2023
X				70125839	70126808	970		Tao_Genes_2023
X				70125839	70126808	970		Tao_Genes_2023
X				70125839	70126808	970		Tao_Genes_2023
X				70127116	70127949	834		Tao_Genes_2023
X				70127116	70127949	834		Tao_Genes_2023
X				70127116	70127949	834		Tao_Genes_2023
X				70128929	70129100	172		Tao_Genes_2023
X				70128929	70129100	172		Tao_Genes_2023
X				70128929	70129100	172		Tao_Genes_2023
X	3232	3304	73	75231626	75231626	1	72	Wei_Nature_2022_生殖系
X				78107667	78107772	106		Tao_Genes_2023
X				78107667	78107772	106		Tao_Genes_2023
X				78107667	78107772	106		Tao_Genes_2023
X	3409	3545	137	80021749	80021753	5	132	Nyuwa基因组资源NUMTs
X	527	3253	2727	80926690	80926710	21	2706	Wei_Nature_2022_生殖系
X	6039	15711	9673	81770563	81770563	1	9672	Wei_Nature_2022_肿瘤
X	16071	16187	117	83249120	83249121	2	115	Nyuwa基因组资源NUMTs
X				84403924	84404023	100		Tao_Genes_2023
X				84403924	84404023	100		Tao_Genes_2023
X				84403924	84404023	100		Tao_Genes_2023
X	877	1469	593	84939789	84939802	14	579	Wei_Nature_2022_生殖系
X	15057	15171	115	85793185	85793194	10	105	Wei_Nature_2022_生殖系
X				87853380	87853467	88		Tao_Genes_2023
X				87853380	87853467	88		Tao_Genes_2023
X				87853380	87853467	88		Tao_Genes_2023
X	13969	14034	66	88719564	88719568	5	61	Nyuwa基因组资源NUMTs
X	8524	11536	3013	92576052	92576052	1	3012	Wei_Nature_2022_生殖系
X	9265	9337	73	93645285	93645291	7	66	Nyuwa基因组资源NUMTs
X	12463	12596	134	95188889	95188889	1	133	Nyuwa基因组资源NUMTs
X	2940	7195	4256	95479194	95479198	5	4251	Wei_Nature_2022_生殖系
X				97214840	97214876	37		Tao_Genes_2023
X				97214840	97214876	37		Tao_Genes_2023
X				97214840	97214876	37		Tao_Genes_2023
X	3107	6933	3827	100635253	100635253	1	3826	Wei_Nature_2022_肿瘤
X				100720529	100720636	108		Tao_Genes_2023
X				100720529	100720636	108		Tao_Genes_2023
X				100720529	100720636	108		Tao_Genes_2023
X	10469	10622	154	101315792	101315796	5	149	Nyuwa基因组资源NUMTs
X				102008784	102009203	420		Tao_Genes_2023
X				102008784	102009203	420		Tao_Genes_2023
X				102008784	102009203	420		Tao_Genes_2023
X				102009544	102009730	187		Tao_Genes_2023
X				102009544	102009730	187		Tao_Genes_2023
X				102009544	102009730	187		Tao_Genes_2023
X				102010283	102011776	1494		Tao_Genes_2023
X				102010283	102011776	1494		Tao_Genes_2023
X				102010283	102011776	1494		Tao_Genes_2023
X				102012333	102012409	77		Tao_Genes_2023
X				102012333	102012409	77		Tao_Genes_2023
X				102012333	102012409	77		Tao_Genes_2023
X	1	188	188	102186452	102186453	2	186	Wei_Nature_2022_生殖系
X				102772552	102772697	146		Tao_Genes_2023
X				102772552	102772697	146		Tao_Genes_2023
X				102772552	102772697	146		Tao_Genes_2023
X	2886	3300	415	102772553	102773271	719	304	Calabrese_BMCBioinformatics_2012_低置信;Calabrese_BMCBioinformatics_2012_高置信;Daniela_Lascaro_BMC_Genomics_2008;Simone_BMC_Genomics_2011_版本1_766_HSP;Simone_BMC_Genomics_2011_版本2_585_高置信;UCSC_https://hgdownload.soe.ucsc.edu/goldenPath/hg18/database/
X				102772996	102773271	276		Tao_Genes_2023
X				102772996	102773271	276		Tao_Genes_2023
X				102772996	102773271	276		Tao_Genes_2023
X				102785689	102787206	1518		Tao_Genes_2023
X				102785689	102787206	1518		Tao_Genes_2023
X				102785689	102787206	1518		Tao_Genes_2023
X				102787916	102788388	473		Tao_Genes_2023
X				102787916	102788388	473		Tao_Genes_2023
X				102787916	102788388	473		Tao_Genes_2023
X				102796235	102796481	247		Tao_Genes_2023
X				102796235	102796481	247		Tao_Genes_2023
X				102796235	102796481	247		Tao_Genes_2023
X				102796834	102797220	387		Tao_Genes_2023
X				102796834	102797220	387		Tao_Genes_2023
X				102796834	102797220	387		Tao_Genes_2023
X				102797652	102797739	88		Tao_Genes_2023
X				102797652	102797739	88		Tao_Genes_2023
X				102797652	102797739	88		Tao_Genes_2023
X				102797848	102798939	1092		Tao_Genes_2023
X				102797848	102798939	1092		Tao_Genes_2023
X				102797848	102798939	1092		Tao_Genes_2023
X				102799458	102799891	434		Tao_Genes_2023
X				102799458	102799891	434		Tao_Genes_2023
X				102799458	102799891	434		Tao_Genes_2023
X				102800061	102800973	913		Tao_Genes_2023
X				102800061	102800973	913		Tao_Genes_2023
X				102800061	102800973	913		Tao_Genes_2023
X	12208	12337	130	102802913	102803041	129	1	Calabrese_BMCBioinformatics_2012_低置信;Simone_BMC_Genomics_2011_版本1_766_HSP;UCSC_https://hgdownload.soe.ucsc.edu/goldenPath/hg18/database/
X				102802913	102803049	137		Tao_Genes_2023
X				102802913	102803049	137		Tao_Genes_2023
X				102802913	102803049	137		Tao_Genes_2023
X	12208	16569	4362	102802913	102808514	5602	1240	Calabrese_BMCBioinformatics_2012_高置信
X	205	16569	16365	102802913	102810300	7388	8977	Simone_BMC_Genomics_2011_版本2_585_高置信
X				102804639	102805840	1202		Tao_Genes_2023
X				102804639	102805840	1202		Tao_Genes_2023
X				102804639	102807943	3305		Tao_Genes_2023
X	12610	13613	1004	102804641	102805623	983	21	Calabrese_BMCBioinformatics_2012_低置信;Simone_BMC_Genomics_2011_版本1_766_HSP;UCSC_https://hgdownload.soe.ucsc.edu/goldenPath/hg18/database/
X				102806007	102806290	284		Tao_Genes_2023
X				102806007	102806290	284		Tao_Genes_2023
X				102806407	102807943	1537		Tao_Genes_2023
X				102806407	102807943	1537		Tao_Genes_2023
X	14435	16006	1572	102806440	102807943	1504	68	Calabrese_BMCBioinformatics_2012_低置信;Simone_BMC_Genomics_2011_版本1_766_HSP;UCSC_https://hgdownload.soe.ucsc.edu/goldenPath/hg18/database/
X				102808240	102808590	351		Tao_Genes_2023
X				102808240	102808590	351		Tao_Genes_2023
X				102808240	102808590	351		Tao_Genes_2023
X	16304	16569	266	102808251	102808514	264	2	Calabrese_BMCBioinformatics_2012_低置信;Simone_BMC_Genomics_2011_版本1_766_HSP;UCSC_https://hgdownload.soe.ucsc.edu/goldenPath/hg18/database/
X	205	244	40	102808682	102808721	40	0	Calabrese_BMCBioinformatics_2012_低置信;Simone_BMC_Genomics_2011_版本1_766_HSP;UCSC_https://hgdownload.soe.ucsc.edu/goldenPath/hg18/database/
X				102809116	102810317	1202		Tao_Genes_2023
X				102809116	102810317	1202		Tao_Genes_2023
X				102809116	102810317	1202		Tao_Genes_2023
X	581	1795	1215	102809122	102810300	1179	36	Calabrese_BMCBioinformatics_2012_低置信;Calabrese_BMCBioinformatics_2012_高置信;Daniela_Lascaro_BMC_Genomics_2008;Simone_BMC_Genomics_2011_版本1_766_HSP;UCSC_https://hgdownload.soe.ucsc.edu/goldenPath/hg18/database/
X	716	892	177	103196506	103196506	1	176	Wei_Nature_2022_生殖系
X				103613689	103613830	142		Tao_Genes_2023
X				103613689	103613830	142		Tao_Genes_2023
X				103613689	103613830	142		Tao_Genes_2023
X	11165	11282	118	105167185	105167185	1	117	Wei_Nature_2022_肿瘤
X	923	9900	8978	107065268	107065272	5	8973	Wei_Nature_2022_生殖系
X	16451	16518	68	110000228	110000228	1	67	Wei_Nature_2022_生殖系
X				111416991	111417161	171		Tao_Genes_2023
X				111416991	111417161	171		Tao_Genes_2023
X				111416991	111417161	171		Tao_Genes_2023
X	9369	9529	161	114734501	114734503	3	158	Wei_Nature_2022_生殖系
X	3596	3671	76	114894407	114894410	4	72	Wei_Nature_2022_生殖系
X	1662	1769	108	114996251	114996258	8	100	Wei_Nature_2022_生殖系
X	12208	12323	116	120497475	120497475	1	115	Wei_Nature_2022_生殖系
X			6688	121593019	121593019	1	6687	Nyuwa基因组资源NUMTs
X				125367021	125367132	112		Tao_Genes_2023
X				125367021	125367132	112		Tao_Genes_2023
X				125367021	125367132	112		Tao_Genes_2023
X	5167	5236	70	125824338	125824339	2	68	Wei_Nature_2022_生殖系
X	9332	9630	299	126375757	126375757	1	298	Wei_Nature_2022_肿瘤
X	6553	7302	750	126471704	126472452	749	1	Calabrese_BMCBioinformatics_2012_低置信;Calabrese_BMCBioinformatics_2012_高置信;Daniela_Lascaro_BMC_Genomics_2008;Simone_BMC_Genomics_2011_版本1_766_HSP;Simone_BMC_Genomics_2011_版本2_585_高置信;UCSC_https://hgdownload.soe.ucsc.edu/goldenPath/hg18/database/
X				126471704	126473284	1581		Tao_Genes_2023
X				126471704	126473284	1581		Tao_Genes_2023
X				126471704	126473284	1581		Tao_Genes_2023
X	687	953	267	126472467	126472732	266	1	Calabrese_BMCBioinformatics_2012_低置信;Calabrese_BMCBioinformatics_2012_高置信;Daniela_Lascaro_BMC_Genomics_2008;Simone_BMC_Genomics_2011_版本1_766_HSP;Simone_BMC_Genomics_2011_版本2_585_高置信;UCSC_https://hgdownload.soe.ucsc.edu/goldenPath/hg18/database/
X	10606	11159	554	126472731	126473284	554	0	Calabrese_BMCBioinformatics_2012_低置信;Calabrese_BMCBioinformatics_2012_高置信;Daniela_Lascaro_BMC_Genomics_2008;Simone_BMC_Genomics_2011_版本1_766_HSP;Simone_BMC_Genomics_2011_版本2_585_高置信;UCSC_https://hgdownload.soe.ucsc.edu/goldenPath/hg18/database/
X	14679	16023	1345	126729042	126730366	1325	20	Calabrese_BMCBioinformatics_2012_低置信;Calabrese_BMCBioinformatics_2012_高置信;Daniela_Lascaro_BMC_Genomics_2008;Simone_BMC_Genomics_2011_版本1_766_HSP;Simone_BMC_Genomics_2011_版本2_585_高置信;UCSC_https://hgdownload.soe.ucsc.edu/goldenPath/hg18/database/
X				126729042	126731175	2134		Tao_Genes_2023
X				126729042	126731175	2134		Tao_Genes_2023
X				126729042	126731175	2134		Tao_Genes_2023
X				126731718	126731849	132		Tao_Genes_2023
X				126731718	126731849	132		Tao_Genes_2023
X				126731718	126731849	132		Tao_Genes_2023
X	516	658	143	127368342	127368351	10	133	Nyuwa基因组资源NUMTs
X				129096740	129096849	110		Tao_Genes_2023
X				129096740	129096849	110		Tao_Genes_2023
X				129096740	129096849	110		Tao_Genes_2023
X	11547	11782	236	129649905	129649907	3	233	Nyuwa基因组资源NUMTs
X	7674	7756	83	133568803	133568808	6	77	Wei_Nature_2022_生殖系
X				136072828	136073189	362		Tao_Genes_2023
X				136072828	136073189	362		Tao_Genes_2023
X				136072828	136073189	362		Tao_Genes_2023
X				136229854	136229934	81		Tao_Genes_2023
X				136229854	136229934	81		Tao_Genes_2023
X				136229854	136229934	81		Tao_Genes_2023
X	1805	14430	12626	139314076	139314080	5	12621	Wei_Nature_2022_生殖系
X	7080	10790	3711	139981339	139981339	1	3710	Wei_Nature_2022_生殖系
X				140585208	140585363	156		Tao_Genes_2023
X				140585208	140585363	156		Tao_Genes_2023
X				140585208	140585363	156		Tao_Genes_2023
X	1233	16046	14814	143004058	143004058	1	14813	Wei_Nature_2022_生殖系
X				143429275	143429369	95		Tao_Genes_2023
X				143429275	143429369	95		Tao_Genes_2023
X				143429275	143429369	95		Tao_Genes_2023
X	16537	16569	33	143429276	143429308	33	0	Calabrese_BMCBioinformatics_2012_低置信;Calabrese_BMCBioinformatics_2012_高置信;Simone_BMC_Genomics_2011_版本1_766_HSP;UCSC_https://hgdownload.soe.ucsc.edu/goldenPath/hg18/database/
X	1	16569	16569	143429276	143435147	5872	10697	Simone_BMC_Genomics_2011_版本2_585_高置信
X	1	60	60	143429309	143429368	60	0	Calabrese_BMCBioinformatics_2012_低置信;Simone_BMC_Genomics_2011_版本1_766_HSP
X			60	143429309	143429368	60	0	UCSC_https://hgdownload.soe.ucsc.edu/goldenPath/hg18/database/
X	1	5088	5088	143429309	143435147	5839	751	Calabrese_BMCBioinformatics_2012_高置信
X				143429923	143431537	1615		Tao_Genes_2023
X				143429923	143431537	1615		Tao_Genes_2023
X				143429923	143431537	1615		Tao_Genes_2023
X	576	2216	1641	143429926	143431536	1611	30	Calabrese_BMCBioinformatics_2012_低置信;Simone_BMC_Genomics_2011_版本1_766_HSP;UCSC_https://hgdownload.soe.ucsc.edu/goldenPath/hg18/database/
X	1054	4415	3362	143430381	143434110	3730	368	Daniela_Lascaro_BMC_Genomics_2008
X	2289	2699	411	143431694	143432101	408	3	Calabrese_BMCBioinformatics_2012_低置信;Simone_BMC_Genomics_2011_版本1_766_HSP;UCSC_https://hgdownload.soe.ucsc.edu/goldenPath/hg18/database/
X				143431694	143432107	414		Tao_Genes_2023
X				143431694	143432107	414		Tao_Genes_2023
X				143431694	143432107	414		Tao_Genes_2023
X				143432439	143434118	1680		Tao_Genes_2023
X				143432439	143434118	1680		Tao_Genes_2023
X				143432439	143434118	1680		Tao_Genes_2023
X	2714	4423	1710	143432440	143434118	1679	31	Calabrese_BMCBioinformatics_2012_低置信;Simone_BMC_Genomics_2011_版本1_766_HSP;UCSC_https://hgdownload.soe.ucsc.edu/goldenPath/hg18/database/
X	4414	5088	675	143434475	143435147	673	2	Calabrese_BMCBioinformatics_2012_低置信;Simone_BMC_Genomics_2011_版本1_766_HSP;UCSC_https://hgdownload.soe.ucsc.edu/goldenPath/hg18/database/
X				143434475	143435150	676		Tao_Genes_2023
X				143434475	143435150	676		Tao_Genes_2023
X				143434475	143435150	676		Tao_Genes_2023
X				143543785	143543853	69		Tao_Genes_2023
X				143543785	143543853	69		Tao_Genes_2023
X				143543785	143543853	69		Tao_Genes_2023
X				146741527	146741606	80		Tao_Genes_2023
X				146741527	146741606	80		Tao_Genes_2023
X				146741527	146741606	80		Tao_Genes_2023
X	1712	1779	68	147873717	147873719	3	65	Nyuwa基因组资源NUMTs
X	5538	5723	186	150953742	150953743	2	184	Wei_Nature_2022_生殖系
X	4086	10047	5962	150972528	150972548	21	5941	Wei_Nature_2022_生殖系
X			8098	152192104	152192104	1	8097	Nyuwa基因组资源NUMTs
X	1788	1889	102	152740000	152740000	1	101	Wei_Nature_2022_生殖系
X	8268	16237	7970	155175679	155175693	15	7955	Wei_Nature_2022_生殖系
X	3189	3304	116	155710892	155710894	3	113	Wei_Nature_2022_生殖系
Y	1272	1342	71	4344781	4344851	71	0	Calabrese_BMCBioinformatics_2012_低置信;Calabrese_BMCBioinformatics_2012_高置信;Simone_BMC_Genomics_2011_版本1_766_HSP;Simone_BMC_Genomics_2011_版本2_585_高置信;UCSC_https://hgdownload.soe.ucsc.edu/goldenPath/hg18/database/
Y				4344781	4344851	71		Tao_Genes_2023
Y				4344781	4344851	71		Tao_Genes_2023
Y				4344781	4344851	71		Tao_Genes_2023
Y				8363535	8365930	2396		Tao_Genes_2023
Y				8363535	8365930	2396		Tao_Genes_2023
Y				8363535	8365930	2396		Tao_Genes_2023
Y	14274	16017	1744	8363562	8365288	1727	17	Calabrese_BMCBioinformatics_2012_低置信;Calabrese_BMCBioinformatics_2012_高置信;Daniela_Lascaro_BMC_Genomics_2008;Simone_BMC_Genomics_2011_版本1_766_HSP;Simone_BMC_Genomics_2011_版本2_585_高置信;UCSC_https://hgdownload.soe.ucsc.edu/goldenPath/hg18/database/
Y	16294	16561	268	8365576	8365845	270	2	Calabrese_BMCBioinformatics_2012_低置信;Calabrese_BMCBioinformatics_2012_高置信;Simone_BMC_Genomics_2011_版本1_766_HSP;Simone_BMC_Genomics_2011_版本2_585_高置信;UCSC_https://hgdownload.soe.ucsc.edu/goldenPath/hg18/database/
Y				8366605	8367199	595		Tao_Genes_2023
Y				8366605	8367199	595		Tao_Genes_2023
Y				8366605	8367199	595		Tao_Genes_2023
Y	596	1175	580	8366628	8367199	572	8	Calabrese_BMCBioinformatics_2012_低置信;Simone_BMC_Genomics_2011_版本1_766_HSP;UCSC_https://hgdownload.soe.ucsc.edu/goldenPath/hg18/database/
Y	596	4959	4364	8366628	8372714	6087	1723	Calabrese_BMCBioinformatics_2012_高置信;Daniela_Lascaro_BMC_Genomics_2008;Simone_BMC_Genomics_2011_版本2_585_高置信
Y	1159	3458	2300	8369519	8371813	2295	5	Calabrese_BMCBioinformatics_2012_低置信;Simone_BMC_Genomics_2011_版本1_766_HSP;UCSC_https://hgdownload.soe.ucsc.edu/goldenPath/hg18/database/
Y				8369519	8371815	2297		Tao_Genes_2023
Y				8369519	8371815	2297		Tao_Genes_2023
Y				8369519	8371815	2297		Tao_Genes_2023
Y				8371837	8372714	878		Tao_Genes_2023
Y				8371837	8372714	878		Tao_Genes_2023
Y				8371837	8372714	878		Tao_Genes_2023
Y	4057	4959	903	8371838	8372714	877	26	Calabrese_BMCBioinformatics_2012_低置信;Simone_BMC_Genomics_2011_版本1_766_HSP;UCSC_https://hgdownload.soe.ucsc.edu/goldenPath/hg18/database/
Y	6498	6563	66	9141896	9141961	66	0	Calabrese_BMCBioinformatics_2012_低置信;Calabrese_BMCBioinformatics_2012_高置信;Simone_BMC_Genomics_2011_版本1_766_HSP;Simone_BMC_Genomics_2011_版本2_585_高置信;UCSC_https://hgdownload.soe.ucsc.edu/goldenPath/hg18/database/
Y				9141896	9141961	66		Tao_Genes_2023
Y				9141896	9141961	66		Tao_Genes_2023
Y				9141896	9141961	66		Tao_Genes_2023
Y				11132083	11132254	172		Tao_Genes_2023
Y				11132083	11133053	971		Tao_Genes_2023
Y				11132083	11133053	971		Tao_Genes_2023
Y				11132083	11133053	971		Tao_Genes_2023
Y				11132083	11133053	971		Tao_Genes_2023
Y	9386	10302	917	11132098	11133053	956	39	Calabrese_BMCBioinformatics_2012_低置信;Calabrese_BMCBioinformatics_2012_高置信;Daniela_Lascaro_BMC_Genomics_2008;Simone_BMC_Genomics_2011_版本1_766_HSP;Simone_BMC_Genomics_2011_版本2_585_高置信;UCSC_https://hgdownload.soe.ucsc.edu/goldenPath/hg18/database/
Y				11132307	11133053	747		Tao_Genes_2023
Y	5613	6982	1370	11133066	11134411	1346	24	Calabrese_BMCBioinformatics_2012_低置信;Calabrese_BMCBioinformatics_2012_高置信;Daniela_Lascaro_BMC_Genomics_2008;Simone_BMC_Genomics_2011_版本1_766_HSP;Simone_BMC_Genomics_2011_版本2_585_高置信;UCSC_https://hgdownload.soe.ucsc.edu/goldenPath/hg18/database/
Y				11133066	11134411	1346		Tao_Genes_2023
Y				11133066	11134411	1346		Tao_Genes_2023
Y				11133066	11134411	1346		Tao_Genes_2023
Y				11133066	11134411	1346		Tao_Genes_2023
Y				11133071	11134411	1341		Tao_Genes_2023
Y	15038	15087	50	11134403	11134452	50	0	Calabrese_BMCBioinformatics_2012_低置信;Calabrese_BMCBioinformatics_2012_高置信;Simone_BMC_Genomics_2011_版本1_766_HSP;Simone_BMC_Genomics_2011_版本2_585_高置信;UCSC_https://hgdownload.soe.ucsc.edu/goldenPath/hg18/database/
Y				11134474	11134996	523		Tao_Genes_2023
Y				11134474	11134996	523		Tao_Genes_2023
Y				11134474	11134996	523		Tao_Genes_2023
Y				11134474	11134996	523		Tao_Genes_2023
Y				11134474	11134996	523		Tao_Genes_2023
Y	987	1507	521	11134475	11134991	517	4	Calabrese_BMCBioinformatics_2012_低置信;Calabrese_BMCBioinformatics_2012_高置信;Daniela_Lascaro_BMC_Genomics_2008;Simone_BMC_Genomics_2011_版本1_766_HSP;Simone_BMC_Genomics_2011_版本2_585_高置信;UCSC_https://hgdownload.soe.ucsc.edu/goldenPath/hg18/database/
Y				11445418	11445572	155		Tao_Genes_2023
Y				11445418	11445572	155		Tao_Genes_2023
Y				11445418	11445572	155		Tao_Genes_2023
Y	3750	3890	141	11445424	11445564	141	0	Calabrese_BMCBioinformatics_2012_低置信;Calabrese_BMCBioinformatics_2012_高置信;Simone_BMC_Genomics_2011_版本1_766_HSP;Simone_BMC_Genomics_2011_版本2_585_高置信;UCSC_https://hgdownload.soe.ucsc.edu/goldenPath/hg18/database/
Y				14068155	14068292	138		Tao_Genes_2023
Y				14068155	14068292	138		Tao_Genes_2023
Y				14068155	14068292	138		Tao_Genes_2023
Y	13789	13922	134	14068156	14068288	133	1	Calabrese_BMCBioinformatics_2012_低置信;Calabrese_BMCBioinformatics_2012_高置信;Simone_BMC_Genomics_2011_版本1_766_HSP;Simone_BMC_Genomics_2011_版本2_585_高置信;UCSC_https://hgdownload.soe.ucsc.edu/goldenPath/hg18/database/
Y				18872101	18872248	148		Tao_Genes_2023
Y				18872101	18872248	148		Tao_Genes_2023
Y				18872101	18872248	148		Tao_Genes_2023
Y	15565	15710	146	18872102	18872247	146	0	Calabrese_BMCBioinformatics_2012_低置信;Calabrese_BMCBioinformatics_2012_高置信;Simone_BMC_Genomics_2011_版本1_766_HSP;Simone_BMC_Genomics_2011_版本2_585_高置信;UCSC_https://hgdownload.soe.ucsc.edu/goldenPath/hg18/database/
Y				22187748	22187828	81		Tao_Genes_2023
Y				22187748	22187828	81		Tao_Genes_2023
Y				22187748	22187828	81		Tao_Genes_2023
Y				22398590	22398670	81		Tao_Genes_2023
Y				22398590	22398670	81		Tao_Genes_2023
Y				22398590	22398670	81		Tao_Genes_2023
