ref	alt	pos	sampleID	numtID	contigID	numtLength	numt_start	numt_end	comment	varCount
T	C	8126	HG002_all_regions	HG002_chr1.633402.634418|HISEQ1:19:H8VDAADXX:1:1116:12999:93335	HG002_chr1.633402.634418|HISEQ1:19:H8VDAADXX:1:1116:12999:93335	148	8087.0	8234.0	best_hit_to_mtDNA	9
T	C	8152	HG002_all_regions	HG002_chr1.633402.634418|HISEQ1:19:H8VDAADXX:1:1116:12999:93335	HG002_chr1.633402.634418|HISEQ1:19:H8VDAADXX:1:1116:12999:93335	148	8087.0	8234.0	best_hit_to_mtDNA	9
A	G	8155	HG002_all_regions	HG002_chr1.633402.634418|HISEQ1:19:H8VDAADXX:1:1116:12999:93335	HG002_chr1.633402.634418|HISEQ1:19:H8VDAADXX:1:1116:12999:93335	148	8087.0	8234.0	best_hit_to_mtDNA	9
C	T	8173	HG002_all_regions	HG002_chr1.633402.634418|HISEQ1:19:H8VDAADXX:1:1116:12999:93335	HG002_chr1.633402.634418|HISEQ1:19:H8VDAADXX:1:1116:12999:93335	148	8087.0	8234.0	best_hit_to_mtDNA	9
G	A	8185	HG002_all_regions	HG002_chr1.633402.634418|HISEQ1:19:H8VDAADXX:1:1116:12999:93335	HG002_chr1.633402.634418|HISEQ1:19:H8VDAADXX:1:1116:12999:93335	148	8087.0	8234.0	best_hit_to_mtDNA	9
A	G	8191	HG002_all_regions	HG002_chr1.633402.634418|HISEQ1:19:H8VDAADXX:1:1116:12999:93335	HG002_chr1.633402.634418|HISEQ1:19:H8VDAADXX:1:1116:12999:93335	148	8087.0	8234.0	best_hit_to_mtDNA	9
T	C	8200	HG002_all_regions	HG002_chr1.633402.634418|HISEQ1:19:H8VDAADXX:1:1116:12999:93335	HG002_chr1.633402.634418|HISEQ1:19:H8VDAADXX:1:1116:12999:93335	148	8087.0	8234.0	best_hit_to_mtDNA	9
G	T	8401	HG002_all_regions	HG002_chr1.633402.634418|HISEQ1:18:H8VC6ADXX:2:1105:2494:19158	HG002_chr1.633402.634418|HISEQ1:18:H8VC6ADXX:2:1105:2494:19158	148	8225.0	8608.0	best_hit_to_mtDNA	1
A	C	8329	HG002_all_regions	HG002_chr1.633402.634418|HISEQ1:19:H8VDAADXX:1:2104:10759:49439	HG002_chr1.633402.634418|HISEQ1:19:H8VDAADXX:1:2104:10759:49439	148	8238.0	8385.0	best_hit_to_mtDNA	10
T	G	8331	HG002_all_regions	HG002_chr1.633402.634418|HISEQ1:19:H8VDAADXX:1:2104:10759:49439	HG002_chr1.633402.634418|HISEQ1:19:H8VDAADXX:1:2104:10759:49439	148	8238.0	8385.0	best_hit_to_mtDNA	10
T	A	8333	HG002_all_regions	HG002_chr1.633402.634418|HISEQ1:19:H8VDAADXX:1:2104:10759:49439	HG002_chr1.633402.634418|HISEQ1:19:H8VDAADXX:1:2104:10759:49439	148	8238.0	8385.0	best_hit_to_mtDNA	10
T	A	8339	HG002_all_regions	HG002_chr1.633402.634418|HISEQ1:19:H8VDAADXX:1:2104:10759:49439	HG002_chr1.633402.634418|HISEQ1:19:H8VDAADXX:1:2104:10759:49439	148	8238.0	8385.0	best_hit_to_mtDNA	10
G	C	8346	HG002_all_regions	HG002_chr1.633402.634418|HISEQ1:19:H8VDAADXX:1:2104:10759:49439	HG002_chr1.633402.634418|HISEQ1:19:H8VDAADXX:1:2104:10759:49439	148	8238.0	8385.0	best_hit_to_mtDNA	10
G	A	8373	HG002_all_regions	HG002_chr1.633402.634418|HISEQ1:19:H8VDAADXX:1:2104:10759:49439	HG002_chr1.633402.634418|HISEQ1:19:H8VDAADXX:1:2104:10759:49439	148	8238.0	8385.0	best_hit_to_mtDNA	10
C	A	8382	HG002_all_regions	HG002_chr1.633402.634418|HISEQ1:19:H8VDAADXX:1:2104:10759:49439	HG002_chr1.633402.634418|HISEQ1:19:H8VDAADXX:1:2104:10759:49439	148	8238.0	8385.0	best_hit_to_mtDNA	10
A	T	8587	HG002_all_regions	HG002_chr1.633402.634418|HISEQ1:18:H8VC6ADXX:1:2104:8827:79327	HG002_chr1.633402.634418|HISEQ1:18:H8VC6ADXX:1:2104:8827:79327	148	8578.0	8695.0	best_hit_to_mtDNA	12
T	C	8589	HG002_all_regions	HG002_chr1.633402.634418|HISEQ1:18:H8VC6ADXX:1:2104:8827:79327	HG002_chr1.633402.634418|HISEQ1:18:H8VC6ADXX:1:2104:8827:79327	148	8578.0	8695.0	best_hit_to_mtDNA	12
G	T	8590	HG002_all_regions	HG002_chr1.633402.634418|HISEQ1:18:H8VC6ADXX:1:2104:8827:79327	HG002_chr1.633402.634418|HISEQ1:18:H8VC6ADXX:1:2104:8827:79327	148	8578.0	8695.0	best_hit_to_mtDNA	12
C	A	8597	HG002_all_regions	HG002_chr1.633402.634418|HISEQ1:18:H8VC6ADXX:1:2104:8827:79327	HG002_chr1.633402.634418|HISEQ1:18:H8VC6ADXX:1:2104:8827:79327	148	8578.0	8695.0	best_hit_to_mtDNA	12
T	C	8600	HG002_all_regions	HG002_chr1.633402.634418|HISEQ1:18:H8VC6ADXX:1:2104:8827:79327	HG002_chr1.633402.634418|HISEQ1:18:H8VC6ADXX:1:2104:8827:79327	148	8578.0	8695.0	best_hit_to_mtDNA	12
T	A	8603	HG002_all_regions	HG002_chr1.633402.634418|HISEQ1:18:H8VC6ADXX:1:2104:8827:79327	HG002_chr1.633402.634418|HISEQ1:18:H8VC6ADXX:1:2104:8827:79327	148	8578.0	8695.0	best_hit_to_mtDNA	12
G	C	8606	HG002_all_regions	HG002_chr1.633402.634418|HISEQ1:18:H8VC6ADXX:1:2104:8827:79327	HG002_chr1.633402.634418|HISEQ1:18:H8VC6ADXX:1:2104:8827:79327	148	8578.0	8695.0	best_hit_to_mtDNA	12
C	T	8608	HG002_all_regions	HG002_chr1.633402.634418|HISEQ1:18:H8VC6ADXX:1:2104:8827:79327	HG002_chr1.633402.634418|HISEQ1:18:H8VC6ADXX:1:2104:8827:79327	148	8578.0	8695.0	best_hit_to_mtDNA	12
A	C	8610	HG002_all_regions	HG002_chr1.633402.634418|HISEQ1:18:H8VC6ADXX:1:2104:8827:79327	HG002_chr1.633402.634418|HISEQ1:18:H8VC6ADXX:1:2104:8827:79327	148	8578.0	8695.0	best_hit_to_mtDNA	12
A	T	8656	HG002_all_regions	HG002_chr1.633402.634418|HISEQ1:18:H8VC6ADXX:1:2104:8827:79327	HG002_chr1.633402.634418|HISEQ1:18:H8VC6ADXX:1:2104:8827:79327	148	8578.0	8695.0	best_hit_to_mtDNA	12
C	T	8688	HG002_all_regions	HG002_chr1.633402.634418|HISEQ1:18:H8VC6ADXX:1:2104:8827:79327	HG002_chr1.633402.634418|HISEQ1:18:H8VC6ADXX:1:2104:8827:79327	148	8578.0	8695.0	best_hit_to_mtDNA	12
A	C	8772	HG002_all_regions	HG002_chr1.633402.634418|HISEQ1:18:H8VC6ADXX:1:1114:1441:15297	HG002_chr1.633402.634418|HISEQ1:18:H8VC6ADXX:1:1114:1441:15297	148	8735.0	8882.0	best_hit_to_mtDNA	2
A	G	8749	HG002_all_regions	HG002_chr1.633402.634418|HISEQ1:19:H8VDAADXX:1:1113:4609:6159	HG002_chr1.633402.634418|HISEQ1:19:H8VDAADXX:1:1113:4609:6159	148	8741.0	8863.0	best_hit_to_mtDNA	22
A	T	8750	HG002_all_regions	HG002_chr1.633402.634418|HISEQ1:19:H8VDAADXX:1:1113:4609:6159	HG002_chr1.633402.634418|HISEQ1:19:H8VDAADXX:1:1113:4609:6159	148	8741.0	8863.0	best_hit_to_mtDNA	22
A	T	8751	HG002_all_regions	HG002_chr1.633402.634418|HISEQ1:19:H8VDAADXX:1:1113:4609:6159	HG002_chr1.633402.634418|HISEQ1:19:H8VDAADXX:1:1113:4609:6159	148	8741.0	8863.0	best_hit_to_mtDNA	22
G	C	8752	HG002_all_regions	HG002_chr1.633402.634418|HISEQ1:19:H8VDAADXX:1:1113:4609:6159	HG002_chr1.633402.634418|HISEQ1:19:H8VDAADXX:1:1113:4609:6159	148	8741.0	8863.0	best_hit_to_mtDNA	22
G	A	8753	HG002_all_regions	HG002_chr1.633402.634418|HISEQ1:19:H8VDAADXX:1:1113:4609:6159	HG002_chr1.633402.634418|HISEQ1:19:H8VDAADXX:1:1113:4609:6159	148	8741.0	8863.0	best_hit_to_mtDNA	22
A	G	8754	HG002_all_regions	HG002_chr1.633402.634418|HISEQ1:19:H8VDAADXX:1:1113:4609:6159	HG002_chr1.633402.634418|HISEQ1:19:H8VDAADXX:1:1113:4609:6159	148	8741.0	8863.0	best_hit_to_mtDNA	22
C	A	8755	HG002_all_regions	HG002_chr1.633402.634418|HISEQ1:19:H8VDAADXX:1:1113:4609:6159	HG002_chr1.633402.634418|HISEQ1:19:H8VDAADXX:1:1113:4609:6159	148	8741.0	8863.0	best_hit_to_mtDNA	22
G	C	8756	HG002_all_regions	HG002_chr1.633402.634418|HISEQ1:19:H8VDAADXX:1:1113:4609:6159	HG002_chr1.633402.634418|HISEQ1:19:H8VDAADXX:1:1113:4609:6159	148	8741.0	8863.0	best_hit_to_mtDNA	22
A	G	8757	HG002_all_regions	HG002_chr1.633402.634418|HISEQ1:19:H8VDAADXX:1:1113:4609:6159	HG002_chr1.633402.634418|HISEQ1:19:H8VDAADXX:1:1113:4609:6159	148	8741.0	8863.0	best_hit_to_mtDNA	22
A	T	8758	HG002_all_regions	HG002_chr1.633402.634418|HISEQ1:19:H8VDAADXX:1:1113:4609:6159	HG002_chr1.633402.634418|HISEQ1:19:H8VDAADXX:1:1113:4609:6159	148	8741.0	8863.0	best_hit_to_mtDNA	22
C	G	8759	HG002_all_regions	HG002_chr1.633402.634418|HISEQ1:19:H8VDAADXX:1:1113:4609:6159	HG002_chr1.633402.634418|HISEQ1:19:H8VDAADXX:1:1113:4609:6159	148	8741.0	8863.0	best_hit_to_mtDNA	22
C	T	8760	HG002_all_regions	HG002_chr1.633402.634418|HISEQ1:19:H8VDAADXX:1:1113:4609:6159	HG002_chr1.633402.634418|HISEQ1:19:H8VDAADXX:1:1113:4609:6159	148	8741.0	8863.0	best_hit_to_mtDNA	22
T	G	8761	HG002_all_regions	HG002_chr1.633402.634418|HISEQ1:19:H8VDAADXX:1:1113:4609:6159	HG002_chr1.633402.634418|HISEQ1:19:H8VDAADXX:1:1113:4609:6159	148	8741.0	8863.0	best_hit_to_mtDNA	22
G	C	8762	HG002_all_regions	HG002_chr1.633402.634418|HISEQ1:19:H8VDAADXX:1:1113:4609:6159	HG002_chr1.633402.634418|HISEQ1:19:H8VDAADXX:1:1113:4609:6159	148	8741.0	8863.0	best_hit_to_mtDNA	22
A	T	8763	HG002_all_regions	HG002_chr1.633402.634418|HISEQ1:19:H8VDAADXX:1:1113:4609:6159	HG002_chr1.633402.634418|HISEQ1:19:H8VDAADXX:1:1113:4609:6159	148	8741.0	8863.0	best_hit_to_mtDNA	22
T	C	8764	HG002_all_regions	HG002_chr1.633402.634418|HISEQ1:19:H8VDAADXX:1:1113:4609:6159	HG002_chr1.633402.634418|HISEQ1:19:H8VDAADXX:1:1113:4609:6159	148	8741.0	8863.0	best_hit_to_mtDNA	22
C	T	8765	HG002_all_regions	HG002_chr1.633402.634418|HISEQ1:19:H8VDAADXX:1:1113:4609:6159	HG002_chr1.633402.634418|HISEQ1:19:H8VDAADXX:1:1113:4609:6159	148	8741.0	8863.0	best_hit_to_mtDNA	22
T	C	8768	HG002_all_regions	HG002_chr1.633402.634418|HISEQ1:19:H8VDAADXX:1:1113:4609:6159	HG002_chr1.633402.634418|HISEQ1:19:H8VDAADXX:1:1113:4609:6159	148	8741.0	8863.0	best_hit_to_mtDNA	22
T	G	8769	HG002_all_regions	HG002_chr1.633402.634418|HISEQ1:19:H8VDAADXX:1:1113:4609:6159	HG002_chr1.633402.634418|HISEQ1:19:H8VDAADXX:1:1113:4609:6159	148	8741.0	8863.0	best_hit_to_mtDNA	22
A	C	8772	HG002_all_regions	HG002_chr1.633402.634418|HISEQ1:19:H8VDAADXX:1:1113:4609:6159	HG002_chr1.633402.634418|HISEQ1:19:H8VDAADXX:1:1113:4609:6159	148	8741.0	8863.0	best_hit_to_mtDNA	22
C	T	8773	HG002_all_regions	HG002_chr1.633402.634418|HISEQ1:19:H8VDAADXX:1:1113:4609:6159	HG002_chr1.633402.634418|HISEQ1:19:H8VDAADXX:1:1113:4609:6159	148	8741.0	8863.0	best_hit_to_mtDNA	22
A	-	8757	HG002_all_regions	HG002_chr1.633402.634418|HISEQ1:18:H8VC6ADXX:2:1102:11727:16881	HG002_chr1.633402.634418|HISEQ1:18:H8VC6ADXX:2:1102:11727:16881	6210	8756.0	8881.0	best_hit_to_mtDNA	6157
A	-	8758	HG002_all_regions	HG002_chr1.633402.634418|HISEQ1:18:H8VC6ADXX:2:1102:11727:16881	HG002_chr1.633402.634418|HISEQ1:18:H8VC6ADXX:2:1102:11727:16881	6210	8756.0	8881.0	best_hit_to_mtDNA	6157
C	-	8759	HG002_all_regions	HG002_chr1.633402.634418|HISEQ1:18:H8VC6ADXX:2:1102:11727:16881	HG002_chr1.633402.634418|HISEQ1:18:H8VC6ADXX:2:1102:11727:16881	6210	8756.0	8881.0	best_hit_to_mtDNA	6157
C	-	8760	HG002_all_regions	HG002_chr1.633402.634418|HISEQ1:18:H8VC6ADXX:2:1102:11727:16881	HG002_chr1.633402.634418|HISEQ1:18:H8VC6ADXX:2:1102:11727:16881	6210	8756.0	8881.0	best_hit_to_mtDNA	6157
T	-	8761	HG002_all_regions	HG002_chr1.633402.634418|HISEQ1:18:H8VC6ADXX:2:1102:11727:16881	HG002_chr1.633402.634418|HISEQ1:18:H8VC6ADXX:2:1102:11727:16881	6210	8756.0	8881.0	best_hit_to_mtDNA	6157
G	-	8762	HG002_all_regions	HG002_chr1.633402.634418|HISEQ1:18:H8VC6ADXX:2:1102:11727:16881	HG002_chr1.633402.634418|HISEQ1:18:H8VC6ADXX:2:1102:11727:16881	6210	8756.0	8881.0	best_hit_to_mtDNA	6157
A	-	8763	HG002_all_regions	HG002_chr1.633402.634418|HISEQ1:18:H8VC6ADXX:2:1102:11727:16881	HG002_chr1.633402.634418|HISEQ1:18:H8VC6ADXX:2:1102:11727:16881	6210	8756.0	8881.0	best_hit_to_mtDNA	6157
T	-	8764	HG002_all_regions	HG002_chr1.633402.634418|HISEQ1:18:H8VC6ADXX:2:1102:11727:16881	HG002_chr1.633402.634418|HISEQ1:18:H8VC6ADXX:2:1102:11727:16881	6210	8756.0	8881.0	best_hit_to_mtDNA	6157
C	-	8765	HG002_all_regions	HG002_chr1.633402.634418|HISEQ1:18:H8VC6ADXX:2:1102:11727:16881	HG002_chr1.633402.634418|HISEQ1:18:H8VC6ADXX:2:1102:11727:16881	6210	8756.0	8881.0	best_hit_to_mtDNA	6157
T	-	8766	HG002_all_regions	HG002_chr1.633402.634418|HISEQ1:18:H8VC6ADXX:2:1102:11727:16881	HG002_chr1.633402.634418|HISEQ1:18:H8VC6ADXX:2:1102:11727:16881	6210	8756.0	8881.0	best_hit_to_mtDNA	6157
C	-	8767	HG002_all_regions	HG002_chr1.633402.634418|HISEQ1:18:H8VC6ADXX:2:1102:11727:16881	HG002_chr1.633402.634418|HISEQ1:18:H8VC6ADXX:2:1102:11727:16881	6210	8756.0	8881.0	best_hit_to_mtDNA	6157
T	-	8768	HG002_all_regions	HG002_chr1.633402.634418|HISEQ1:18:H8VC6ADXX:2:1102:11727:16881	HG002_chr1.633402.634418|HISEQ1:18:H8VC6ADXX:2:1102:11727:16881	6210	8756.0	8881.0	best_hit_to_mtDNA	6157
T	-	8769	HG002_all_regions	HG002_chr1.633402.634418|HISEQ1:18:H8VC6ADXX:2:1102:11727:16881	HG002_chr1.633402.634418|HISEQ1:18:H8VC6ADXX:2:1102:11727:16881	6210	8756.0	8881.0	best_hit_to_mtDNA	6157
A	-	8770	HG002_all_regions	HG002_chr1.633402.634418|HISEQ1:18:H8VC6ADXX:2:1102:11727:16881	HG002_chr1.633402.634418|HISEQ1:18:H8VC6ADXX:2:1102:11727:16881	6210	8756.0	8881.0	best_hit_to_mtDNA	6157
T	-	8771	HG002_all_regions	HG002_chr1.633402.634418|HISEQ1:18:H8VC6ADXX:2:1102:11727:16881	HG002_chr1.633402.634418|HISEQ1:18:H8VC6ADXX:2:1102:11727:16881	6210	8756.0	8881.0	best_hit_to_mtDNA	6157
A	-	8772	HG002_all_regions	HG002_chr1.633402.634418|HISEQ1:18:H8VC6ADXX:2:1102:11727:16881	HG002_chr1.633402.634418|HISEQ1:18:H8VC6ADXX:2:1102:11727:16881	6210	8756.0	8881.0	best_hit_to_mtDNA	6157
C	-	8773	HG002_all_regions	HG002_chr1.633402.634418|HISEQ1:18:H8VC6ADXX:2:1102:11727:16881	HG002_chr1.633402.634418|HISEQ1:18:H8VC6ADXX:2:1102:11727:16881	6210	8756.0	8881.0	best_hit_to_mtDNA	6157
T	-	8774	HG002_all_regions	HG002_chr1.633402.634418|HISEQ1:18:H8VC6ADXX:2:1102:11727:16881	HG002_chr1.633402.634418|HISEQ1:18:H8VC6ADXX:2:1102:11727:16881	6210	8756.0	8881.0	best_hit_to_mtDNA	6157
A	-	8775	HG002_all_regions	HG002_chr1.633402.634418|HISEQ1:18:H8VC6ADXX:2:1102:11727:16881	HG002_chr1.633402.634418|HISEQ1:18:H8VC6ADXX:2:1102:11727:16881	6210	8756.0	8881.0	best_hit_to_mtDNA	6157
G	-	8776	HG002_all_regions	HG002_chr1.633402.634418|HISEQ1:18:H8VC6ADXX:2:1102:11727:16881	HG002_chr1.633402.634418|HISEQ1:18:H8VC6ADXX:2:1102:11727:16881	6210	8756.0	8881.0	best_hit_to_mtDNA	6157
T	-	8777	HG002_all_regions	HG002_chr1.633402.634418|HISEQ1:18:H8VC6ADXX:2:1102:11727:16881	HG002_chr1.633402.634418|HISEQ1:18:H8VC6ADXX:2:1102:11727:16881	6210	8756.0	8881.0	best_hit_to_mtDNA	6157
A	-	8778	HG002_all_regions	HG002_chr1.633402.634418|HISEQ1:18:H8VC6ADXX:2:1102:11727:16881	HG002_chr1.633402.634418|HISEQ1:18:H8VC6ADXX:2:1102:11727:16881	6210	8756.0	8881.0	best_hit_to_mtDNA	6157
T	-	8779	HG002_all_regions	HG002_chr1.633402.634418|HISEQ1:18:H8VC6ADXX:2:1102:11727:16881	HG002_chr1.633402.634418|HISEQ1:18:H8VC6ADXX:2:1102:11727:16881	6210	8756.0	8881.0	best_hit_to_mtDNA	6157
C	-	8780	HG002_all_regions	HG002_chr1.633402.634418|HISEQ1:18:H8VC6ADXX:2:1102:11727:16881	HG002_chr1.633402.634418|HISEQ1:18:H8VC6ADXX:2:1102:11727:16881	6210	8756.0	8881.0	best_hit_to_mtDNA	6157
C	-	8781	HG002_all_regions	HG002_chr1.633402.634418|HISEQ1:18:H8VC6ADXX:2:1102:11727:16881	HG002_chr1.633402.634418|HISEQ1:18:H8VC6ADXX:2:1102:11727:16881	6210	8756.0	8881.0	best_hit_to_mtDNA	6157
T	-	8782	HG002_all_regions	HG002_chr1.633402.634418|HISEQ1:18:H8VC6ADXX:2:1102:11727:16881	HG002_chr1.633402.634418|HISEQ1:18:H8VC6ADXX:2:1102:11727:16881	6210	8756.0	8881.0	best_hit_to_mtDNA	6157
T	-	8783	HG002_all_regions	HG002_chr1.633402.634418|HISEQ1:18:H8VC6ADXX:2:1102:11727:16881	HG002_chr1.633402.634418|HISEQ1:18:H8VC6ADXX:2:1102:11727:16881	6210	8756.0	8881.0	best_hit_to_mtDNA	6157
A	-	8784	HG002_all_regions	HG002_chr1.633402.634418|HISEQ1:18:H8VC6ADXX:2:1102:11727:16881	HG002_chr1.633402.634418|HISEQ1:18:H8VC6ADXX:2:1102:11727:16881	6210	8756.0	8881.0	best_hit_to_mtDNA	6157
A	-	8785	HG002_all_regions	HG002_chr1.633402.634418|HISEQ1:18:H8VC6ADXX:2:1102:11727:16881	HG002_chr1.633402.634418|HISEQ1:18:H8VC6ADXX:2:1102:11727:16881	6210	8756.0	8881.0	best_hit_to_mtDNA	6157
T	-	8786	HG002_all_regions	HG002_chr1.633402.634418|HISEQ1:18:H8VC6ADXX:2:1102:11727:16881	HG002_chr1.633402.634418|HISEQ1:18:H8VC6ADXX:2:1102:11727:16881	6210	8756.0	8881.0	best_hit_to_mtDNA	6157
C	-	8787	HG002_all_regions	HG002_chr1.633402.634418|HISEQ1:18:H8VC6ADXX:2:1102:11727:16881	HG002_chr1.633402.634418|HISEQ1:18:H8VC6ADXX:2:1102:11727:16881	6210	8756.0	8881.0	best_hit_to_mtDNA	6157
A	-	8788	HG002_all_regions	HG002_chr1.633402.634418|HISEQ1:18:H8VC6ADXX:2:1102:11727:16881	HG002_chr1.633402.634418|HISEQ1:18:H8VC6ADXX:2:1102:11727:16881	6210	8756.0	8881.0	best_hit_to_mtDNA	6157
T	-	8789	HG002_all_regions	HG002_chr1.633402.634418|HISEQ1:18:H8VC6ADXX:2:1102:11727:16881	HG002_chr1.633402.634418|HISEQ1:18:H8VC6ADXX:2:1102:11727:16881	6210	8756.0	8881.0	best_hit_to_mtDNA	6157
T	-	8790	HG002_all_regions	HG002_chr1.633402.634418|HISEQ1:18:H8VC6ADXX:2:1102:11727:16881	HG002_chr1.633402.634418|HISEQ1:18:H8VC6ADXX:2:1102:11727:16881	6210	8756.0	8881.0	best_hit_to_mtDNA	6157
T	-	8791	HG002_all_regions	HG002_chr1.633402.634418|HISEQ1:18:H8VC6ADXX:2:1102:11727:16881	HG002_chr1.633402.634418|HISEQ1:18:H8VC6ADXX:2:1102:11727:16881	6210	8756.0	8881.0	best_hit_to_mtDNA	6157
T	-	8792	HG002_all_regions	HG002_chr1.633402.634418|HISEQ1:18:H8VC6ADXX:2:1102:11727:16881	HG002_chr1.633402.634418|HISEQ1:18:H8VC6ADXX:2:1102:11727:16881	6210	8756.0	8881.0	best_hit_to_mtDNA	6157
T	-	8793	HG002_all_regions	HG002_chr1.633402.634418|HISEQ1:18:H8VC6ADXX:2:1102:11727:16881	HG002_chr1.633402.634418|HISEQ1:18:H8VC6ADXX:2:1102:11727:16881	6210	8756.0	8881.0	best_hit_to_mtDNA	6157
A	-	8794	HG002_all_regions	HG002_chr1.633402.634418|HISEQ1:18:H8VC6ADXX:2:1102:11727:16881	HG002_chr1.633402.634418|HISEQ1:18:H8VC6ADXX:2:1102:11727:16881	6210	8756.0	8881.0	best_hit_to_mtDNA	6157
T	-	8795	HG002_all_regions	HG002_chr1.633402.634418|HISEQ1:18:H8VC6ADXX:2:1102:11727:16881	HG002_chr1.633402.634418|HISEQ1:18:H8VC6ADXX:2:1102:11727:16881	6210	8756.0	8881.0	best_hit_to_mtDNA	6157
T	-	8796	HG002_all_regions	HG002_chr1.633402.634418|HISEQ1:18:H8VC6ADXX:2:1102:11727:16881	HG002_chr1.633402.634418|HISEQ1:18:H8VC6ADXX:2:1102:11727:16881	6210	8756.0	8881.0	best_hit_to_mtDNA	6157
G	-	8797	HG002_all_regions	HG002_chr1.633402.634418|HISEQ1:18:H8VC6ADXX:2:1102:11727:16881	HG002_chr1.633402.634418|HISEQ1:18:H8VC6ADXX:2:1102:11727:16881	6210	8756.0	8881.0	best_hit_to_mtDNA	6157
C	-	8798	HG002_all_regions	HG002_chr1.633402.634418|HISEQ1:18:H8VC6ADXX:2:1102:11727:16881	HG002_chr1.633402.634418|HISEQ1:18:H8VC6ADXX:2:1102:11727:16881	6210	8756.0	8881.0	best_hit_to_mtDNA	6157
C	-	8799	HG002_all_regions	HG002_chr1.633402.634418|HISEQ1:18:H8VC6ADXX:2:1102:11727:16881	HG002_chr1.633402.634418|HISEQ1:18:H8VC6ADXX:2:1102:11727:16881	6210	8756.0	8881.0	best_hit_to_mtDNA	6157
A	-	8800	HG002_all_regions	HG002_chr1.633402.634418|HISEQ1:18:H8VC6ADXX:2:1102:11727:16881	HG002_chr1.633402.634418|HISEQ1:18:H8VC6ADXX:2:1102:11727:16881	6210	8756.0	8881.0	best_hit_to_mtDNA	6157
C	-	8801	HG002_all_regions	HG002_chr1.633402.634418|HISEQ1:18:H8VC6ADXX:2:1102:11727:16881	HG002_chr1.633402.634418|HISEQ1:18:H8VC6ADXX:2:1102:11727:16881	6210	8756.0	8881.0	best_hit_to_mtDNA	6157
A	-	8802	HG002_all_regions	HG002_chr1.633402.634418|HISEQ1:18:H8VC6ADXX:2:1102:11727:16881	HG002_chr1.633402.634418|HISEQ1:18:H8VC6ADXX:2:1102:11727:16881	6210	8756.0	8881.0	best_hit_to_mtDNA	6157
A	-	8803	HG002_all_regions	HG002_chr1.633402.634418|HISEQ1:18:H8VC6ADXX:2:1102:11727:16881	HG002_chr1.633402.634418|HISEQ1:18:H8VC6ADXX:2:1102:11727:16881	6210	8756.0	8881.0	best_hit_to_mtDNA	6157
C	-	8804	HG002_all_regions	HG002_chr1.633402.634418|HISEQ1:18:H8VC6ADXX:2:1102:11727:16881	HG002_chr1.633402.634418|HISEQ1:18:H8VC6ADXX:2:1102:11727:16881	6210	8756.0	8881.0	best_hit_to_mtDNA	6157
T	-	8805	HG002_all_regions	HG002_chr1.633402.634418|HISEQ1:18:H8VC6ADXX:2:1102:11727:16881	HG002_chr1.633402.634418|HISEQ1:18:H8VC6ADXX:2:1102:11727:16881	6210	8756.0	8881.0	best_hit_to_mtDNA	6157
A	-	8806	HG002_all_regions	HG002_chr1.633402.634418|HISEQ1:18:H8VC6ADXX:2:1102:11727:16881	HG002_chr1.633402.634418|HISEQ1:18:H8VC6ADXX:2:1102:11727:16881	6210	8756.0	8881.0	best_hit_to_mtDNA	6157
A	-	8807	HG002_all_regions	HG002_chr1.633402.634418|HISEQ1:18:H8VC6ADXX:2:1102:11727:16881	HG002_chr1.633402.634418|HISEQ1:18:H8VC6ADXX:2:1102:11727:16881	6210	8756.0	8881.0	best_hit_to_mtDNA	6157
C	-	8808	HG002_all_regions	HG002_chr1.633402.634418|HISEQ1:18:H8VC6ADXX:2:1102:11727:16881	HG002_chr1.633402.634418|HISEQ1:18:H8VC6ADXX:2:1102:11727:16881	6210	8756.0	8881.0	best_hit_to_mtDNA	6157
C	-	8809	HG002_all_regions	HG002_chr1.633402.634418|HISEQ1:18:H8VC6ADXX:2:1102:11727:16881	HG002_chr1.633402.634418|HISEQ1:18:H8VC6ADXX:2:1102:11727:16881	6210	8756.0	8881.0	best_hit_to_mtDNA	6157
T	-	8810	HG002_all_regions	HG002_chr1.633402.634418|HISEQ1:18:H8VC6ADXX:2:1102:11727:16881	HG002_chr1.633402.634418|HISEQ1:18:H8VC6ADXX:2:1102:11727:16881	6210	8756.0	8881.0	best_hit_to_mtDNA	6157
C	-	8811	HG002_all_regions	HG002_chr1.633402.634418|HISEQ1:18:H8VC6ADXX:2:1102:11727:16881	HG002_chr1.633402.634418|HISEQ1:18:H8VC6ADXX:2:1102:11727:16881	6210	8756.0	8881.0	best_hit_to_mtDNA	6157
C	-	8812	HG002_all_regions	HG002_chr1.633402.634418|HISEQ1:18:H8VC6ADXX:2:1102:11727:16881	HG002_chr1.633402.634418|HISEQ1:18:H8VC6ADXX:2:1102:11727:16881	6210	8756.0	8881.0	best_hit_to_mtDNA	6157
T	-	8813	HG002_all_regions	HG002_chr1.633402.634418|HISEQ1:18:H8VC6ADXX:2:1102:11727:16881	HG002_chr1.633402.634418|HISEQ1:18:H8VC6ADXX:2:1102:11727:16881	6210	8756.0	8881.0	best_hit_to_mtDNA	6157
C	-	8814	HG002_all_regions	HG002_chr1.633402.634418|HISEQ1:18:H8VC6ADXX:2:1102:11727:16881	HG002_chr1.633402.634418|HISEQ1:18:H8VC6ADXX:2:1102:11727:16881	6210	8756.0	8881.0	best_hit_to_mtDNA	6157
G	-	8815	HG002_all_regions	HG002_chr1.633402.634418|HISEQ1:18:H8VC6ADXX:2:1102:11727:16881	HG002_chr1.633402.634418|HISEQ1:18:H8VC6ADXX:2:1102:11727:16881	6210	8756.0	8881.0	best_hit_to_mtDNA	6157
G	-	8816	HG002_all_regions	HG002_chr1.633402.634418|HISEQ1:18:H8VC6ADXX:2:1102:11727:16881	HG002_chr1.633402.634418|HISEQ1:18:H8VC6ADXX:2:1102:11727:16881	6210	8756.0	8881.0	best_hit_to_mtDNA	6157
A	-	8817	HG002_all_regions	HG002_chr1.633402.634418|HISEQ1:18:H8VC6ADXX:2:1102:11727:16881	HG002_chr1.633402.634418|HISEQ1:18:H8VC6ADXX:2:1102:11727:16881	6210	8756.0	8881.0	best_hit_to_mtDNA	6157
C	-	8818	HG002_all_regions	HG002_chr1.633402.634418|HISEQ1:18:H8VC6ADXX:2:1102:11727:16881	HG002_chr1.633402.634418|HISEQ1:18:H8VC6ADXX:2:1102:11727:16881	6210	8756.0	8881.0	best_hit_to_mtDNA	6157
T	-	8819	HG002_all_regions	HG002_chr1.633402.634418|HISEQ1:18:H8VC6ADXX:2:1102:11727:16881	HG002_chr1.633402.634418|HISEQ1:18:H8VC6ADXX:2:1102:11727:16881	6210	8756.0	8881.0	best_hit_to_mtDNA	6157
C	-	8820	HG002_all_regions	HG002_chr1.633402.634418|HISEQ1:18:H8VC6ADXX:2:1102:11727:16881	HG002_chr1.633402.634418|HISEQ1:18:H8VC6ADXX:2:1102:11727:16881	6210	8756.0	8881.0	best_hit_to_mtDNA	6157
C	-	8821	HG002_all_regions	HG002_chr1.633402.634418|HISEQ1:18:H8VC6ADXX:2:1102:11727:16881	HG002_chr1.633402.634418|HISEQ1:18:H8VC6ADXX:2:1102:11727:16881	6210	8756.0	8881.0	best_hit_to_mtDNA	6157
T	-	8822	HG002_all_regions	HG002_chr1.633402.634418|HISEQ1:18:H8VC6ADXX:2:1102:11727:16881	HG002_chr1.633402.634418|HISEQ1:18:H8VC6ADXX:2:1102:11727:16881	6210	8756.0	8881.0	best_hit_to_mtDNA	6157
G	-	8823	HG002_all_regions	HG002_chr1.633402.634418|HISEQ1:18:H8VC6ADXX:2:1102:11727:16881	HG002_chr1.633402.634418|HISEQ1:18:H8VC6ADXX:2:1102:11727:16881	6210	8756.0	8881.0	best_hit_to_mtDNA	6157
C	-	8824	HG002_all_regions	HG002_chr1.633402.634418|HISEQ1:18:H8VC6ADXX:2:1102:11727:16881	HG002_chr1.633402.634418|HISEQ1:18:H8VC6ADXX:2:1102:11727:16881	6210	8756.0	8881.0	best_hit_to_mtDNA	6157
C	-	8825	HG002_all_regions	HG002_chr1.633402.634418|HISEQ1:18:H8VC6ADXX:2:1102:11727:16881	HG002_chr1.633402.634418|HISEQ1:18:H8VC6ADXX:2:1102:11727:16881	6210	8756.0	8881.0	best_hit_to_mtDNA	6157
T	-	8826	HG002_all_regions	HG002_chr1.633402.634418|HISEQ1:18:H8VC6ADXX:2:1102:11727:16881	HG002_chr1.633402.634418|HISEQ1:18:H8VC6ADXX:2:1102:11727:16881	6210	8756.0	8881.0	best_hit_to_mtDNA	6157
C	-	8827	HG002_all_regions	HG002_chr1.633402.634418|HISEQ1:18:H8VC6ADXX:2:1102:11727:16881	HG002_chr1.633402.634418|HISEQ1:18:H8VC6ADXX:2:1102:11727:16881	6210	8756.0	8881.0	best_hit_to_mtDNA	6157
A	-	8828	HG002_all_regions	HG002_chr1.633402.634418|HISEQ1:18:H8VC6ADXX:2:1102:11727:16881	HG002_chr1.633402.634418|HISEQ1:18:H8VC6ADXX:2:1102:11727:16881	6210	8756.0	8881.0	best_hit_to_mtDNA	6157
C	-	8829	HG002_all_regions	HG002_chr1.633402.634418|HISEQ1:18:H8VC6ADXX:2:1102:11727:16881	HG002_chr1.633402.634418|HISEQ1:18:H8VC6ADXX:2:1102:11727:16881	6210	8756.0	8881.0	best_hit_to_mtDNA	6157
T	-	8830	HG002_all_regions	HG002_chr1.633402.634418|HISEQ1:18:H8VC6ADXX:2:1102:11727:16881	HG002_chr1.633402.634418|HISEQ1:18:H8VC6ADXX:2:1102:11727:16881	6210	8756.0	8881.0	best_hit_to_mtDNA	6157
C	-	8831	HG002_all_regions	HG002_chr1.633402.634418|HISEQ1:18:H8VC6ADXX:2:1102:11727:16881	HG002_chr1.633402.634418|HISEQ1:18:H8VC6ADXX:2:1102:11727:16881	6210	8756.0	8881.0	best_hit_to_mtDNA	6157
A	-	8832	HG002_all_regions	HG002_chr1.633402.634418|HISEQ1:18:H8VC6ADXX:2:1102:11727:16881	HG002_chr1.633402.634418|HISEQ1:18:H8VC6ADXX:2:1102:11727:16881	6210	8756.0	8881.0	best_hit_to_mtDNA	6157
T	-	8833	HG002_all_regions	HG002_chr1.633402.634418|HISEQ1:18:H8VC6ADXX:2:1102:11727:16881	HG002_chr1.633402.634418|HISEQ1:18:H8VC6ADXX:2:1102:11727:16881	6210	8756.0	8881.0	best_hit_to_mtDNA	6157
T	-	8834	HG002_all_regions	HG002_chr1.633402.634418|HISEQ1:18:H8VC6ADXX:2:1102:11727:16881	HG002_chr1.633402.634418|HISEQ1:18:H8VC6ADXX:2:1102:11727:16881	6210	8756.0	8881.0	best_hit_to_mtDNA	6157
T	-	8835	HG002_all_regions	HG002_chr1.633402.634418|HISEQ1:18:H8VC6ADXX:2:1102:11727:16881	HG002_chr1.633402.634418|HISEQ1:18:H8VC6ADXX:2:1102:11727:16881	6210	8756.0	8881.0	best_hit_to_mtDNA	6157
A	-	8836	HG002_all_regions	HG002_chr1.633402.634418|HISEQ1:18:H8VC6ADXX:2:1102:11727:16881	HG002_chr1.633402.634418|HISEQ1:18:H8VC6ADXX:2:1102:11727:16881	6210	8756.0	8881.0	best_hit_to_mtDNA	6157
C	-	8837	HG002_all_regions	HG002_chr1.633402.634418|HISEQ1:18:H8VC6ADXX:2:1102:11727:16881	HG002_chr1.633402.634418|HISEQ1:18:H8VC6ADXX:2:1102:11727:16881	6210	8756.0	8881.0	best_hit_to_mtDNA	6157
A	-	8838	HG002_all_regions	HG002_chr1.633402.634418|HISEQ1:18:H8VC6ADXX:2:1102:11727:16881	HG002_chr1.633402.634418|HISEQ1:18:H8VC6ADXX:2:1102:11727:16881	6210	8756.0	8881.0	best_hit_to_mtDNA	6157
C	-	8839	HG002_all_regions	HG002_chr1.633402.634418|HISEQ1:18:H8VC6ADXX:2:1102:11727:16881	HG002_chr1.633402.634418|HISEQ1:18:H8VC6ADXX:2:1102:11727:16881	6210	8756.0	8881.0	best_hit_to_mtDNA	6157
C	-	8840	HG002_all_regions	HG002_chr1.633402.634418|HISEQ1:18:H8VC6ADXX:2:1102:11727:16881	HG002_chr1.633402.634418|HISEQ1:18:H8VC6ADXX:2:1102:11727:16881	6210	8756.0	8881.0	best_hit_to_mtDNA	6157
A	-	8841	HG002_all_regions	HG002_chr1.633402.634418|HISEQ1:18:H8VC6ADXX:2:1102:11727:16881	HG002_chr1.633402.634418|HISEQ1:18:H8VC6ADXX:2:1102:11727:16881	6210	8756.0	8881.0	best_hit_to_mtDNA	6157
A	-	8842	HG002_all_regions	HG002_chr1.633402.634418|HISEQ1:18:H8VC6ADXX:2:1102:11727:16881	HG002_chr1.633402.634418|HISEQ1:18:H8VC6ADXX:2:1102:11727:16881	6210	8756.0	8881.0	best_hit_to_mtDNA	6157
C	-	8843	HG002_all_regions	HG002_chr1.633402.634418|HISEQ1:18:H8VC6ADXX:2:1102:11727:16881	HG002_chr1.633402.634418|HISEQ1:18:H8VC6ADXX:2:1102:11727:16881	6210	8756.0	8881.0	best_hit_to_mtDNA	6157
C	-	8844	HG002_all_regions	HG002_chr1.633402.634418|HISEQ1:18:H8VC6ADXX:2:1102:11727:16881	HG002_chr1.633402.634418|HISEQ1:18:H8VC6ADXX:2:1102:11727:16881	6210	8756.0	8881.0	best_hit_to_mtDNA	6157
A	-	8845	HG002_all_regions	HG002_chr1.633402.634418|HISEQ1:18:H8VC6ADXX:2:1102:11727:16881	HG002_chr1.633402.634418|HISEQ1:18:H8VC6ADXX:2:1102:11727:16881	6210	8756.0	8881.0	best_hit_to_mtDNA	6157
C	-	8846	HG002_all_regions	HG002_chr1.633402.634418|HISEQ1:18:H8VC6ADXX:2:1102:11727:16881	HG002_chr1.633402.634418|HISEQ1:18:H8VC6ADXX:2:1102:11727:16881	6210	8756.0	8881.0	best_hit_to_mtDNA	6157
C	-	8847	HG002_all_regions	HG002_chr1.633402.634418|HISEQ1:18:H8VC6ADXX:2:1102:11727:16881	HG002_chr1.633402.634418|HISEQ1:18:H8VC6ADXX:2:1102:11727:16881	6210	8756.0	8881.0	best_hit_to_mtDNA	6157
C	-	8848	HG002_all_regions	HG002_chr1.633402.634418|HISEQ1:18:H8VC6ADXX:2:1102:11727:16881	HG002_chr1.633402.634418|HISEQ1:18:H8VC6ADXX:2:1102:11727:16881	6210	8756.0	8881.0	best_hit_to_mtDNA	6157
A	-	8849	HG002_all_regions	HG002_chr1.633402.634418|HISEQ1:18:H8VC6ADXX:2:1102:11727:16881	HG002_chr1.633402.634418|HISEQ1:18:H8VC6ADXX:2:1102:11727:16881	6210	8756.0	8881.0	best_hit_to_mtDNA	6157
A	-	8850	HG002_all_regions	HG002_chr1.633402.634418|HISEQ1:18:H8VC6ADXX:2:1102:11727:16881	HG002_chr1.633402.634418|HISEQ1:18:H8VC6ADXX:2:1102:11727:16881	6210	8756.0	8881.0	best_hit_to_mtDNA	6157
C	-	8851	HG002_all_regions	HG002_chr1.633402.634418|HISEQ1:18:H8VC6ADXX:2:1102:11727:16881	HG002_chr1.633402.634418|HISEQ1:18:H8VC6ADXX:2:1102:11727:16881	6210	8756.0	8881.0	best_hit_to_mtDNA	6157
T	-	8852	HG002_all_regions	HG002_chr1.633402.634418|HISEQ1:18:H8VC6ADXX:2:1102:11727:16881	HG002_chr1.633402.634418|HISEQ1:18:H8VC6ADXX:2:1102:11727:16881	6210	8756.0	8881.0	best_hit_to_mtDNA	6157
A	-	8853	HG002_all_regions	HG002_chr1.633402.634418|HISEQ1:18:H8VC6ADXX:2:1102:11727:16881	HG002_chr1.633402.634418|HISEQ1:18:H8VC6ADXX:2:1102:11727:16881	6210	8756.0	8881.0	best_hit_to_mtDNA	6157
T	-	8854	HG002_all_regions	HG002_chr1.633402.634418|HISEQ1:18:H8VC6ADXX:2:1102:11727:16881	HG002_chr1.633402.634418|HISEQ1:18:H8VC6ADXX:2:1102:11727:16881	6210	8756.0	8881.0	best_hit_to_mtDNA	6157
C	-	8855	HG002_all_regions	HG002_chr1.633402.634418|HISEQ1:18:H8VC6ADXX:2:1102:11727:16881	HG002_chr1.633402.634418|HISEQ1:18:H8VC6ADXX:2:1102:11727:16881	6210	8756.0	8881.0	best_hit_to_mtDNA	6157
T	-	8856	HG002_all_regions	HG002_chr1.633402.634418|HISEQ1:18:H8VC6ADXX:2:1102:11727:16881	HG002_chr1.633402.634418|HISEQ1:18:H8VC6ADXX:2:1102:11727:16881	6210	8756.0	8881.0	best_hit_to_mtDNA	6157
A	-	8857	HG002_all_regions	HG002_chr1.633402.634418|HISEQ1:18:H8VC6ADXX:2:1102:11727:16881	HG002_chr1.633402.634418|HISEQ1:18:H8VC6ADXX:2:1102:11727:16881	6210	8756.0	8881.0	best_hit_to_mtDNA	6157
T	-	8858	HG002_all_regions	HG002_chr1.633402.634418|HISEQ1:18:H8VC6ADXX:2:1102:11727:16881	HG002_chr1.633402.634418|HISEQ1:18:H8VC6ADXX:2:1102:11727:16881	6210	8756.0	8881.0	best_hit_to_mtDNA	6157
A	-	8859	HG002_all_regions	HG002_chr1.633402.634418|HISEQ1:18:H8VC6ADXX:2:1102:11727:16881	HG002_chr1.633402.634418|HISEQ1:18:H8VC6ADXX:2:1102:11727:16881	6210	8756.0	8881.0	best_hit_to_mtDNA	6157
A	-	8860	HG002_all_regions	HG002_chr1.633402.634418|HISEQ1:18:H8VC6ADXX:2:1102:11727:16881	HG002_chr1.633402.634418|HISEQ1:18:H8VC6ADXX:2:1102:11727:16881	6210	8756.0	8881.0	best_hit_to_mtDNA	6157
A	-	8861	HG002_all_regions	HG002_chr1.633402.634418|HISEQ1:18:H8VC6ADXX:2:1102:11727:16881	HG002_chr1.633402.634418|HISEQ1:18:H8VC6ADXX:2:1102:11727:16881	6210	8756.0	8881.0	best_hit_to_mtDNA	6157
C	-	8862	HG002_all_regions	HG002_chr1.633402.634418|HISEQ1:18:H8VC6ADXX:2:1102:11727:16881	HG002_chr1.633402.634418|HISEQ1:18:H8VC6ADXX:2:1102:11727:16881	6210	8756.0	8881.0	best_hit_to_mtDNA	6157
C	-	8863	HG002_all_regions	HG002_chr1.633402.634418|HISEQ1:18:H8VC6ADXX:2:1102:11727:16881	HG002_chr1.633402.634418|HISEQ1:18:H8VC6ADXX:2:1102:11727:16881	6210	8756.0	8881.0	best_hit_to_mtDNA	6157
T	-	8864	HG002_all_regions	HG002_chr1.633402.634418|HISEQ1:18:H8VC6ADXX:2:1102:11727:16881	HG002_chr1.633402.634418|HISEQ1:18:H8VC6ADXX:2:1102:11727:16881	6210	8756.0	8881.0	best_hit_to_mtDNA	6157
A	-	8865	HG002_all_regions	HG002_chr1.633402.634418|HISEQ1:18:H8VC6ADXX:2:1102:11727:16881	HG002_chr1.633402.634418|HISEQ1:18:H8VC6ADXX:2:1102:11727:16881	6210	8756.0	8881.0	best_hit_to_mtDNA	6157
G	-	8866	HG002_all_regions	HG002_chr1.633402.634418|HISEQ1:18:H8VC6ADXX:2:1102:11727:16881	HG002_chr1.633402.634418|HISEQ1:18:H8VC6ADXX:2:1102:11727:16881	6210	8756.0	8881.0	best_hit_to_mtDNA	6157
C	-	8867	HG002_all_regions	HG002_chr1.633402.634418|HISEQ1:18:H8VC6ADXX:2:1102:11727:16881	HG002_chr1.633402.634418|HISEQ1:18:H8VC6ADXX:2:1102:11727:16881	6210	8756.0	8881.0	best_hit_to_mtDNA	6157
C	-	8868	HG002_all_regions	HG002_chr1.633402.634418|HISEQ1:18:H8VC6ADXX:2:1102:11727:16881	HG002_chr1.633402.634418|HISEQ1:18:H8VC6ADXX:2:1102:11727:16881	6210	8756.0	8881.0	best_hit_to_mtDNA	6157
A	-	8869	HG002_all_regions	HG002_chr1.633402.634418|HISEQ1:18:H8VC6ADXX:2:1102:11727:16881	HG002_chr1.633402.634418|HISEQ1:18:H8VC6ADXX:2:1102:11727:16881	6210	8756.0	8881.0	best_hit_to_mtDNA	6157
T	-	8870	HG002_all_regions	HG002_chr1.633402.634418|HISEQ1:18:H8VC6ADXX:2:1102:11727:16881	HG002_chr1.633402.634418|HISEQ1:18:H8VC6ADXX:2:1102:11727:16881	6210	8756.0	8881.0	best_hit_to_mtDNA	6157
G	-	8871	HG002_all_regions	HG002_chr1.633402.634418|HISEQ1:18:H8VC6ADXX:2:1102:11727:16881	HG002_chr1.633402.634418|HISEQ1:18:H8VC6ADXX:2:1102:11727:16881	6210	8756.0	8881.0	best_hit_to_mtDNA	6157
G	-	8872	HG002_all_regions	HG002_chr1.633402.634418|HISEQ1:18:H8VC6ADXX:2:1102:11727:16881	HG002_chr1.633402.634418|HISEQ1:18:H8VC6ADXX:2:1102:11727:16881	6210	8756.0	8881.0	best_hit_to_mtDNA	6157
C	-	8873	HG002_all_regions	HG002_chr1.633402.634418|HISEQ1:18:H8VC6ADXX:2:1102:11727:16881	HG002_chr1.633402.634418|HISEQ1:18:H8VC6ADXX:2:1102:11727:16881	6210	8756.0	8881.0	best_hit_to_mtDNA	6157
C	-	8874	HG002_all_regions	HG002_chr1.633402.634418|HISEQ1:18:H8VC6ADXX:2:1102:11727:16881	HG002_chr1.633402.634418|HISEQ1:18:H8VC6ADXX:2:1102:11727:16881	6210	8756.0	8881.0	best_hit_to_mtDNA	6157
A	-	8875	HG002_all_regions	HG002_chr1.633402.634418|HISEQ1:18:H8VC6ADXX:2:1102:11727:16881	HG002_chr1.633402.634418|HISEQ1:18:H8VC6ADXX:2:1102:11727:16881	6210	8756.0	8881.0	best_hit_to_mtDNA	6157
T	-	8876	HG002_all_regions	HG002_chr1.633402.634418|HISEQ1:18:H8VC6ADXX:2:1102:11727:16881	HG002_chr1.633402.634418|HISEQ1:18:H8VC6ADXX:2:1102:11727:16881	6210	8756.0	8881.0	best_hit_to_mtDNA	6157
C	-	8877	HG002_all_regions	HG002_chr1.633402.634418|HISEQ1:18:H8VC6ADXX:2:1102:11727:16881	HG002_chr1.633402.634418|HISEQ1:18:H8VC6ADXX:2:1102:11727:16881	6210	8756.0	8881.0	best_hit_to_mtDNA	6157
C	-	8878	HG002_all_regions	HG002_chr1.633402.634418|HISEQ1:18:H8VC6ADXX:2:1102:11727:16881	HG002_chr1.633402.634418|HISEQ1:18:H8VC6ADXX:2:1102:11727:16881	6210	8756.0	8881.0	best_hit_to_mtDNA	6157
C	-	8879	HG002_all_regions	HG002_chr1.633402.634418|HISEQ1:18:H8VC6ADXX:2:1102:11727:16881	HG002_chr1.633402.634418|HISEQ1:18:H8VC6ADXX:2:1102:11727:16881	6210	8756.0	8881.0	best_hit_to_mtDNA	6157
C	-	8880	HG002_all_regions	HG002_chr1.633402.634418|HISEQ1:18:H8VC6ADXX:2:1102:11727:16881	HG002_chr1.633402.634418|HISEQ1:18:H8VC6ADXX:2:1102:11727:16881	6210	8756.0	8881.0	best_hit_to_mtDNA	6157
T	A	8789	HG002_all_regions	HG002_chr1.633402.634418|HISEQ1:18:H8VC6ADXX:1:1104:15794:89640	HG002_chr1.633402.634418|HISEQ1:18:H8VC6ADXX:1:1104:15794:89640	148	8755.0	8902.0	best_hit_to_mtDNA	5
A	T	8800	HG002_all_regions	HG002_chr1.633402.634418|HISEQ1:18:H8VC6ADXX:1:1104:15794:89640	HG002_chr1.633402.634418|HISEQ1:18:H8VC6ADXX:1:1104:15794:89640	148	8755.0	8902.0	best_hit_to_mtDNA	5
T	A	8805	HG002_all_regions	HG002_chr1.633402.634418|HISEQ1:18:H8VC6ADXX:1:1104:15794:89640	HG002_chr1.633402.634418|HISEQ1:18:H8VC6ADXX:1:1104:15794:89640	148	8755.0	8902.0	best_hit_to_mtDNA	5
C	A	8873	HG002_all_regions	HG002_chr1.633402.634418|HISEQ1:18:H8VC6ADXX:1:1104:15794:89640	HG002_chr1.633402.634418|HISEQ1:18:H8VC6ADXX:1:1104:15794:89640	148	8755.0	8902.0	best_hit_to_mtDNA	5
A	G	8893	HG002_all_regions	HG002_chr1.633402.634418|HISEQ1:18:H8VC6ADXX:1:1104:15794:89640	HG002_chr1.633402.634418|HISEQ1:18:H8VC6ADXX:1:1104:15794:89640	148	8755.0	8902.0	best_hit_to_mtDNA	5
A	G	8893	HG002_all_regions	HG002_chr1.633402.634418|HISEQ1:18:H8VC6ADXX:2:2213:7352:58980	HG002_chr1.633402.634418|HISEQ1:18:H8VC6ADXX:2:2213:7352:58980	148	8770.0	8899.0	best_hit_to_mtDNA	16
T	C	8786	HG002_all_regions	HG002_chr1.633402.634418|HISEQ1:18:H8VC6ADXX:2:2213:7352:58980	HG002_chr1.633402.634418|HISEQ1:18:H8VC6ADXX:2:2213:7352:58980	148	8770.0	8899.0	best_hit_to_mtDNA	15
C	G	8787	HG002_all_regions	HG002_chr1.633402.634418|HISEQ1:18:H8VC6ADXX:2:2213:7352:58980	HG002_chr1.633402.634418|HISEQ1:18:H8VC6ADXX:2:2213:7352:58980	148	8770.0	8899.0	best_hit_to_mtDNA	15
T	C	8789	HG002_all_regions	HG002_chr1.633402.634418|HISEQ1:18:H8VC6ADXX:2:2213:7352:58980	HG002_chr1.633402.634418|HISEQ1:18:H8VC6ADXX:2:2213:7352:58980	148	8770.0	8899.0	best_hit_to_mtDNA	15
T	G	8790	HG002_all_regions	HG002_chr1.633402.634418|HISEQ1:18:H8VC6ADXX:2:2213:7352:58980	HG002_chr1.633402.634418|HISEQ1:18:H8VC6ADXX:2:2213:7352:58980	148	8770.0	8899.0	best_hit_to_mtDNA	15
T	C	8791	HG002_all_regions	HG002_chr1.633402.634418|HISEQ1:18:H8VC6ADXX:2:2213:7352:58980	HG002_chr1.633402.634418|HISEQ1:18:H8VC6ADXX:2:2213:7352:58980	148	8770.0	8899.0	best_hit_to_mtDNA	15
T	C	8793	HG002_all_regions	HG002_chr1.633402.634418|HISEQ1:18:H8VC6ADXX:2:2213:7352:58980	HG002_chr1.633402.634418|HISEQ1:18:H8VC6ADXX:2:2213:7352:58980	148	8770.0	8899.0	best_hit_to_mtDNA	15
A	T	8794	HG002_all_regions	HG002_chr1.633402.634418|HISEQ1:18:H8VC6ADXX:2:2213:7352:58980	HG002_chr1.633402.634418|HISEQ1:18:H8VC6ADXX:2:2213:7352:58980	148	8770.0	8899.0	best_hit_to_mtDNA	15
T	C	8796	HG002_all_regions	HG002_chr1.633402.634418|HISEQ1:18:H8VC6ADXX:2:2213:7352:58980	HG002_chr1.633402.634418|HISEQ1:18:H8VC6ADXX:2:2213:7352:58980	148	8770.0	8899.0	best_hit_to_mtDNA	15
G	C	8797	HG002_all_regions	HG002_chr1.633402.634418|HISEQ1:18:H8VC6ADXX:2:2213:7352:58980	HG002_chr1.633402.634418|HISEQ1:18:H8VC6ADXX:2:2213:7352:58980	148	8770.0	8899.0	best_hit_to_mtDNA	15
C	G	8798	HG002_all_regions	HG002_chr1.633402.634418|HISEQ1:18:H8VC6ADXX:2:2213:7352:58980	HG002_chr1.633402.634418|HISEQ1:18:H8VC6ADXX:2:2213:7352:58980	148	8770.0	8899.0	best_hit_to_mtDNA	15
C	A	8799	HG002_all_regions	HG002_chr1.633402.634418|HISEQ1:18:H8VC6ADXX:2:2213:7352:58980	HG002_chr1.633402.634418|HISEQ1:18:H8VC6ADXX:2:2213:7352:58980	148	8770.0	8899.0	best_hit_to_mtDNA	15
A	T	8800	HG002_all_regions	HG002_chr1.633402.634418|HISEQ1:18:H8VC6ADXX:2:2213:7352:58980	HG002_chr1.633402.634418|HISEQ1:18:H8VC6ADXX:2:2213:7352:58980	148	8770.0	8899.0	best_hit_to_mtDNA	15
A	T	8802	HG002_all_regions	HG002_chr1.633402.634418|HISEQ1:18:H8VC6ADXX:2:2213:7352:58980	HG002_chr1.633402.634418|HISEQ1:18:H8VC6ADXX:2:2213:7352:58980	148	8770.0	8899.0	best_hit_to_mtDNA	15
A	G	8845	HG002_all_regions	HG002_chr1.633402.634418|HISEQ1:18:H8VC6ADXX:2:2213:7352:58980	HG002_chr1.633402.634418|HISEQ1:18:H8VC6ADXX:2:2213:7352:58980	148	8770.0	8899.0	best_hit_to_mtDNA	15
A	G	8893	HG002_all_regions	HG002_chr1.633402.634418|HISEQ1:18:H8VC6ADXX:2:2213:7352:58980	HG002_chr1.633402.634418|HISEQ1:18:H8VC6ADXX:2:2213:7352:58980	148	8770.0	8899.0	best_hit_to_mtDNA	15
A	G	8893	HG002_all_regions	HG002_chr1.633402.634418|HISEQ1:19:H8VDAADXX:2:1204:9997:98650	HG002_chr1.633402.634418|HISEQ1:19:H8VDAADXX:2:1204:9997:98650	148	8780.0	8895.0	best_hit_to_mtDNA	30
C	-	8781	HG002_all_regions	HG002_chr1.633402.634418|HISEQ1:19:H8VDAADXX:2:1204:9997:98650	HG002_chr1.633402.634418|HISEQ1:19:H8VDAADXX:2:1204:9997:98650	8624	8780.0	8895.0	best_hit_to_mtDNA	8577
T	-	8782	HG002_all_regions	HG002_chr1.633402.634418|HISEQ1:19:H8VDAADXX:2:1204:9997:98650	HG002_chr1.633402.634418|HISEQ1:19:H8VDAADXX:2:1204:9997:98650	8624	8780.0	8895.0	best_hit_to_mtDNA	8577
T	-	8783	HG002_all_regions	HG002_chr1.633402.634418|HISEQ1:19:H8VDAADXX:2:1204:9997:98650	HG002_chr1.633402.634418|HISEQ1:19:H8VDAADXX:2:1204:9997:98650	8624	8780.0	8895.0	best_hit_to_mtDNA	8577
A	-	8784	HG002_all_regions	HG002_chr1.633402.634418|HISEQ1:19:H8VDAADXX:2:1204:9997:98650	HG002_chr1.633402.634418|HISEQ1:19:H8VDAADXX:2:1204:9997:98650	8624	8780.0	8895.0	best_hit_to_mtDNA	8577
A	-	8785	HG002_all_regions	HG002_chr1.633402.634418|HISEQ1:19:H8VDAADXX:2:1204:9997:98650	HG002_chr1.633402.634418|HISEQ1:19:H8VDAADXX:2:1204:9997:98650	8624	8780.0	8895.0	best_hit_to_mtDNA	8577
T	-	8786	HG002_all_regions	HG002_chr1.633402.634418|HISEQ1:19:H8VDAADXX:2:1204:9997:98650	HG002_chr1.633402.634418|HISEQ1:19:H8VDAADXX:2:1204:9997:98650	8624	8780.0	8895.0	best_hit_to_mtDNA	8577
C	-	8787	HG002_all_regions	HG002_chr1.633402.634418|HISEQ1:19:H8VDAADXX:2:1204:9997:98650	HG002_chr1.633402.634418|HISEQ1:19:H8VDAADXX:2:1204:9997:98650	8624	8780.0	8895.0	best_hit_to_mtDNA	8577
A	-	8788	HG002_all_regions	HG002_chr1.633402.634418|HISEQ1:19:H8VDAADXX:2:1204:9997:98650	HG002_chr1.633402.634418|HISEQ1:19:H8VDAADXX:2:1204:9997:98650	8624	8780.0	8895.0	best_hit_to_mtDNA	8577
T	-	8789	HG002_all_regions	HG002_chr1.633402.634418|HISEQ1:19:H8VDAADXX:2:1204:9997:98650	HG002_chr1.633402.634418|HISEQ1:19:H8VDAADXX:2:1204:9997:98650	8624	8780.0	8895.0	best_hit_to_mtDNA	8577
T	-	8790	HG002_all_regions	HG002_chr1.633402.634418|HISEQ1:19:H8VDAADXX:2:1204:9997:98650	HG002_chr1.633402.634418|HISEQ1:19:H8VDAADXX:2:1204:9997:98650	8624	8780.0	8895.0	best_hit_to_mtDNA	8577
T	-	8791	HG002_all_regions	HG002_chr1.633402.634418|HISEQ1:19:H8VDAADXX:2:1204:9997:98650	HG002_chr1.633402.634418|HISEQ1:19:H8VDAADXX:2:1204:9997:98650	8624	8780.0	8895.0	best_hit_to_mtDNA	8577
T	-	8792	HG002_all_regions	HG002_chr1.633402.634418|HISEQ1:19:H8VDAADXX:2:1204:9997:98650	HG002_chr1.633402.634418|HISEQ1:19:H8VDAADXX:2:1204:9997:98650	8624	8780.0	8895.0	best_hit_to_mtDNA	8577
T	-	8793	HG002_all_regions	HG002_chr1.633402.634418|HISEQ1:19:H8VDAADXX:2:1204:9997:98650	HG002_chr1.633402.634418|HISEQ1:19:H8VDAADXX:2:1204:9997:98650	8624	8780.0	8895.0	best_hit_to_mtDNA	8577
A	-	8794	HG002_all_regions	HG002_chr1.633402.634418|HISEQ1:19:H8VDAADXX:2:1204:9997:98650	HG002_chr1.633402.634418|HISEQ1:19:H8VDAADXX:2:1204:9997:98650	8624	8780.0	8895.0	best_hit_to_mtDNA	8577
T	-	8795	HG002_all_regions	HG002_chr1.633402.634418|HISEQ1:19:H8VDAADXX:2:1204:9997:98650	HG002_chr1.633402.634418|HISEQ1:19:H8VDAADXX:2:1204:9997:98650	8624	8780.0	8895.0	best_hit_to_mtDNA	8577
T	-	8796	HG002_all_regions	HG002_chr1.633402.634418|HISEQ1:19:H8VDAADXX:2:1204:9997:98650	HG002_chr1.633402.634418|HISEQ1:19:H8VDAADXX:2:1204:9997:98650	8624	8780.0	8895.0	best_hit_to_mtDNA	8577
G	-	8797	HG002_all_regions	HG002_chr1.633402.634418|HISEQ1:19:H8VDAADXX:2:1204:9997:98650	HG002_chr1.633402.634418|HISEQ1:19:H8VDAADXX:2:1204:9997:98650	8624	8780.0	8895.0	best_hit_to_mtDNA	8577
C	-	8798	HG002_all_regions	HG002_chr1.633402.634418|HISEQ1:19:H8VDAADXX:2:1204:9997:98650	HG002_chr1.633402.634418|HISEQ1:19:H8VDAADXX:2:1204:9997:98650	8624	8780.0	8895.0	best_hit_to_mtDNA	8577
C	-	8799	HG002_all_regions	HG002_chr1.633402.634418|HISEQ1:19:H8VDAADXX:2:1204:9997:98650	HG002_chr1.633402.634418|HISEQ1:19:H8VDAADXX:2:1204:9997:98650	8624	8780.0	8895.0	best_hit_to_mtDNA	8577
A	-	8800	HG002_all_regions	HG002_chr1.633402.634418|HISEQ1:19:H8VDAADXX:2:1204:9997:98650	HG002_chr1.633402.634418|HISEQ1:19:H8VDAADXX:2:1204:9997:98650	8624	8780.0	8895.0	best_hit_to_mtDNA	8577
C	-	8801	HG002_all_regions	HG002_chr1.633402.634418|HISEQ1:19:H8VDAADXX:2:1204:9997:98650	HG002_chr1.633402.634418|HISEQ1:19:H8VDAADXX:2:1204:9997:98650	8624	8780.0	8895.0	best_hit_to_mtDNA	8577
A	-	8802	HG002_all_regions	HG002_chr1.633402.634418|HISEQ1:19:H8VDAADXX:2:1204:9997:98650	HG002_chr1.633402.634418|HISEQ1:19:H8VDAADXX:2:1204:9997:98650	8624	8780.0	8895.0	best_hit_to_mtDNA	8577
A	-	8803	HG002_all_regions	HG002_chr1.633402.634418|HISEQ1:19:H8VDAADXX:2:1204:9997:98650	HG002_chr1.633402.634418|HISEQ1:19:H8VDAADXX:2:1204:9997:98650	8624	8780.0	8895.0	best_hit_to_mtDNA	8577
C	-	8804	HG002_all_regions	HG002_chr1.633402.634418|HISEQ1:19:H8VDAADXX:2:1204:9997:98650	HG002_chr1.633402.634418|HISEQ1:19:H8VDAADXX:2:1204:9997:98650	8624	8780.0	8895.0	best_hit_to_mtDNA	8577
T	-	8805	HG002_all_regions	HG002_chr1.633402.634418|HISEQ1:19:H8VDAADXX:2:1204:9997:98650	HG002_chr1.633402.634418|HISEQ1:19:H8VDAADXX:2:1204:9997:98650	8624	8780.0	8895.0	best_hit_to_mtDNA	8577
A	-	8806	HG002_all_regions	HG002_chr1.633402.634418|HISEQ1:19:H8VDAADXX:2:1204:9997:98650	HG002_chr1.633402.634418|HISEQ1:19:H8VDAADXX:2:1204:9997:98650	8624	8780.0	8895.0	best_hit_to_mtDNA	8577
A	-	8807	HG002_all_regions	HG002_chr1.633402.634418|HISEQ1:19:H8VDAADXX:2:1204:9997:98650	HG002_chr1.633402.634418|HISEQ1:19:H8VDAADXX:2:1204:9997:98650	8624	8780.0	8895.0	best_hit_to_mtDNA	8577
C	-	8808	HG002_all_regions	HG002_chr1.633402.634418|HISEQ1:19:H8VDAADXX:2:1204:9997:98650	HG002_chr1.633402.634418|HISEQ1:19:H8VDAADXX:2:1204:9997:98650	8624	8780.0	8895.0	best_hit_to_mtDNA	8577
C	-	8809	HG002_all_regions	HG002_chr1.633402.634418|HISEQ1:19:H8VDAADXX:2:1204:9997:98650	HG002_chr1.633402.634418|HISEQ1:19:H8VDAADXX:2:1204:9997:98650	8624	8780.0	8895.0	best_hit_to_mtDNA	8577
T	-	8810	HG002_all_regions	HG002_chr1.633402.634418|HISEQ1:19:H8VDAADXX:2:1204:9997:98650	HG002_chr1.633402.634418|HISEQ1:19:H8VDAADXX:2:1204:9997:98650	8624	8780.0	8895.0	best_hit_to_mtDNA	8577
C	-	8811	HG002_all_regions	HG002_chr1.633402.634418|HISEQ1:19:H8VDAADXX:2:1204:9997:98650	HG002_chr1.633402.634418|HISEQ1:19:H8VDAADXX:2:1204:9997:98650	8624	8780.0	8895.0	best_hit_to_mtDNA	8577
C	-	8812	HG002_all_regions	HG002_chr1.633402.634418|HISEQ1:19:H8VDAADXX:2:1204:9997:98650	HG002_chr1.633402.634418|HISEQ1:19:H8VDAADXX:2:1204:9997:98650	8624	8780.0	8895.0	best_hit_to_mtDNA	8577
T	-	8813	HG002_all_regions	HG002_chr1.633402.634418|HISEQ1:19:H8VDAADXX:2:1204:9997:98650	HG002_chr1.633402.634418|HISEQ1:19:H8VDAADXX:2:1204:9997:98650	8624	8780.0	8895.0	best_hit_to_mtDNA	8577
C	-	8814	HG002_all_regions	HG002_chr1.633402.634418|HISEQ1:19:H8VDAADXX:2:1204:9997:98650	HG002_chr1.633402.634418|HISEQ1:19:H8VDAADXX:2:1204:9997:98650	8624	8780.0	8895.0	best_hit_to_mtDNA	8577
G	-	8815	HG002_all_regions	HG002_chr1.633402.634418|HISEQ1:19:H8VDAADXX:2:1204:9997:98650	HG002_chr1.633402.634418|HISEQ1:19:H8VDAADXX:2:1204:9997:98650	8624	8780.0	8895.0	best_hit_to_mtDNA	8577
G	-	8816	HG002_all_regions	HG002_chr1.633402.634418|HISEQ1:19:H8VDAADXX:2:1204:9997:98650	HG002_chr1.633402.634418|HISEQ1:19:H8VDAADXX:2:1204:9997:98650	8624	8780.0	8895.0	best_hit_to_mtDNA	8577
A	-	8817	HG002_all_regions	HG002_chr1.633402.634418|HISEQ1:19:H8VDAADXX:2:1204:9997:98650	HG002_chr1.633402.634418|HISEQ1:19:H8VDAADXX:2:1204:9997:98650	8624	8780.0	8895.0	best_hit_to_mtDNA	8577
C	-	8818	HG002_all_regions	HG002_chr1.633402.634418|HISEQ1:19:H8VDAADXX:2:1204:9997:98650	HG002_chr1.633402.634418|HISEQ1:19:H8VDAADXX:2:1204:9997:98650	8624	8780.0	8895.0	best_hit_to_mtDNA	8577
T	-	8819	HG002_all_regions	HG002_chr1.633402.634418|HISEQ1:19:H8VDAADXX:2:1204:9997:98650	HG002_chr1.633402.634418|HISEQ1:19:H8VDAADXX:2:1204:9997:98650	8624	8780.0	8895.0	best_hit_to_mtDNA	8577
C	-	8820	HG002_all_regions	HG002_chr1.633402.634418|HISEQ1:19:H8VDAADXX:2:1204:9997:98650	HG002_chr1.633402.634418|HISEQ1:19:H8VDAADXX:2:1204:9997:98650	8624	8780.0	8895.0	best_hit_to_mtDNA	8577
C	-	8821	HG002_all_regions	HG002_chr1.633402.634418|HISEQ1:19:H8VDAADXX:2:1204:9997:98650	HG002_chr1.633402.634418|HISEQ1:19:H8VDAADXX:2:1204:9997:98650	8624	8780.0	8895.0	best_hit_to_mtDNA	8577
T	-	8822	HG002_all_regions	HG002_chr1.633402.634418|HISEQ1:19:H8VDAADXX:2:1204:9997:98650	HG002_chr1.633402.634418|HISEQ1:19:H8VDAADXX:2:1204:9997:98650	8624	8780.0	8895.0	best_hit_to_mtDNA	8577
G	-	8823	HG002_all_regions	HG002_chr1.633402.634418|HISEQ1:19:H8VDAADXX:2:1204:9997:98650	HG002_chr1.633402.634418|HISEQ1:19:H8VDAADXX:2:1204:9997:98650	8624	8780.0	8895.0	best_hit_to_mtDNA	8577
C	-	8824	HG002_all_regions	HG002_chr1.633402.634418|HISEQ1:19:H8VDAADXX:2:1204:9997:98650	HG002_chr1.633402.634418|HISEQ1:19:H8VDAADXX:2:1204:9997:98650	8624	8780.0	8895.0	best_hit_to_mtDNA	8577
C	-	8825	HG002_all_regions	HG002_chr1.633402.634418|HISEQ1:19:H8VDAADXX:2:1204:9997:98650	HG002_chr1.633402.634418|HISEQ1:19:H8VDAADXX:2:1204:9997:98650	8624	8780.0	8895.0	best_hit_to_mtDNA	8577
T	-	8826	HG002_all_regions	HG002_chr1.633402.634418|HISEQ1:19:H8VDAADXX:2:1204:9997:98650	HG002_chr1.633402.634418|HISEQ1:19:H8VDAADXX:2:1204:9997:98650	8624	8780.0	8895.0	best_hit_to_mtDNA	8577
C	-	8827	HG002_all_regions	HG002_chr1.633402.634418|HISEQ1:19:H8VDAADXX:2:1204:9997:98650	HG002_chr1.633402.634418|HISEQ1:19:H8VDAADXX:2:1204:9997:98650	8624	8780.0	8895.0	best_hit_to_mtDNA	8577
A	-	8828	HG002_all_regions	HG002_chr1.633402.634418|HISEQ1:19:H8VDAADXX:2:1204:9997:98650	HG002_chr1.633402.634418|HISEQ1:19:H8VDAADXX:2:1204:9997:98650	8624	8780.0	8895.0	best_hit_to_mtDNA	8577
C	-	8829	HG002_all_regions	HG002_chr1.633402.634418|HISEQ1:19:H8VDAADXX:2:1204:9997:98650	HG002_chr1.633402.634418|HISEQ1:19:H8VDAADXX:2:1204:9997:98650	8624	8780.0	8895.0	best_hit_to_mtDNA	8577
T	-	8830	HG002_all_regions	HG002_chr1.633402.634418|HISEQ1:19:H8VDAADXX:2:1204:9997:98650	HG002_chr1.633402.634418|HISEQ1:19:H8VDAADXX:2:1204:9997:98650	8624	8780.0	8895.0	best_hit_to_mtDNA	8577
C	-	8831	HG002_all_regions	HG002_chr1.633402.634418|HISEQ1:19:H8VDAADXX:2:1204:9997:98650	HG002_chr1.633402.634418|HISEQ1:19:H8VDAADXX:2:1204:9997:98650	8624	8780.0	8895.0	best_hit_to_mtDNA	8577
A	-	8832	HG002_all_regions	HG002_chr1.633402.634418|HISEQ1:19:H8VDAADXX:2:1204:9997:98650	HG002_chr1.633402.634418|HISEQ1:19:H8VDAADXX:2:1204:9997:98650	8624	8780.0	8895.0	best_hit_to_mtDNA	8577
T	-	8833	HG002_all_regions	HG002_chr1.633402.634418|HISEQ1:19:H8VDAADXX:2:1204:9997:98650	HG002_chr1.633402.634418|HISEQ1:19:H8VDAADXX:2:1204:9997:98650	8624	8780.0	8895.0	best_hit_to_mtDNA	8577
T	-	8834	HG002_all_regions	HG002_chr1.633402.634418|HISEQ1:19:H8VDAADXX:2:1204:9997:98650	HG002_chr1.633402.634418|HISEQ1:19:H8VDAADXX:2:1204:9997:98650	8624	8780.0	8895.0	best_hit_to_mtDNA	8577
T	-	8835	HG002_all_regions	HG002_chr1.633402.634418|HISEQ1:19:H8VDAADXX:2:1204:9997:98650	HG002_chr1.633402.634418|HISEQ1:19:H8VDAADXX:2:1204:9997:98650	8624	8780.0	8895.0	best_hit_to_mtDNA	8577
A	-	8836	HG002_all_regions	HG002_chr1.633402.634418|HISEQ1:19:H8VDAADXX:2:1204:9997:98650	HG002_chr1.633402.634418|HISEQ1:19:H8VDAADXX:2:1204:9997:98650	8624	8780.0	8895.0	best_hit_to_mtDNA	8577
C	-	8837	HG002_all_regions	HG002_chr1.633402.634418|HISEQ1:19:H8VDAADXX:2:1204:9997:98650	HG002_chr1.633402.634418|HISEQ1:19:H8VDAADXX:2:1204:9997:98650	8624	8780.0	8895.0	best_hit_to_mtDNA	8577
A	-	8838	HG002_all_regions	HG002_chr1.633402.634418|HISEQ1:19:H8VDAADXX:2:1204:9997:98650	HG002_chr1.633402.634418|HISEQ1:19:H8VDAADXX:2:1204:9997:98650	8624	8780.0	8895.0	best_hit_to_mtDNA	8577
C	-	8839	HG002_all_regions	HG002_chr1.633402.634418|HISEQ1:19:H8VDAADXX:2:1204:9997:98650	HG002_chr1.633402.634418|HISEQ1:19:H8VDAADXX:2:1204:9997:98650	8624	8780.0	8895.0	best_hit_to_mtDNA	8577
C	-	8840	HG002_all_regions	HG002_chr1.633402.634418|HISEQ1:19:H8VDAADXX:2:1204:9997:98650	HG002_chr1.633402.634418|HISEQ1:19:H8VDAADXX:2:1204:9997:98650	8624	8780.0	8895.0	best_hit_to_mtDNA	8577
A	-	8841	HG002_all_regions	HG002_chr1.633402.634418|HISEQ1:19:H8VDAADXX:2:1204:9997:98650	HG002_chr1.633402.634418|HISEQ1:19:H8VDAADXX:2:1204:9997:98650	8624	8780.0	8895.0	best_hit_to_mtDNA	8577
A	-	8842	HG002_all_regions	HG002_chr1.633402.634418|HISEQ1:19:H8VDAADXX:2:1204:9997:98650	HG002_chr1.633402.634418|HISEQ1:19:H8VDAADXX:2:1204:9997:98650	8624	8780.0	8895.0	best_hit_to_mtDNA	8577
C	-	8843	HG002_all_regions	HG002_chr1.633402.634418|HISEQ1:19:H8VDAADXX:2:1204:9997:98650	HG002_chr1.633402.634418|HISEQ1:19:H8VDAADXX:2:1204:9997:98650	8624	8780.0	8895.0	best_hit_to_mtDNA	8577
C	-	8844	HG002_all_regions	HG002_chr1.633402.634418|HISEQ1:19:H8VDAADXX:2:1204:9997:98650	HG002_chr1.633402.634418|HISEQ1:19:H8VDAADXX:2:1204:9997:98650	8624	8780.0	8895.0	best_hit_to_mtDNA	8577
A	-	8845	HG002_all_regions	HG002_chr1.633402.634418|HISEQ1:19:H8VDAADXX:2:1204:9997:98650	HG002_chr1.633402.634418|HISEQ1:19:H8VDAADXX:2:1204:9997:98650	8624	8780.0	8895.0	best_hit_to_mtDNA	8577
C	-	8846	HG002_all_regions	HG002_chr1.633402.634418|HISEQ1:19:H8VDAADXX:2:1204:9997:98650	HG002_chr1.633402.634418|HISEQ1:19:H8VDAADXX:2:1204:9997:98650	8624	8780.0	8895.0	best_hit_to_mtDNA	8577
C	-	8847	HG002_all_regions	HG002_chr1.633402.634418|HISEQ1:19:H8VDAADXX:2:1204:9997:98650	HG002_chr1.633402.634418|HISEQ1:19:H8VDAADXX:2:1204:9997:98650	8624	8780.0	8895.0	best_hit_to_mtDNA	8577
C	-	8848	HG002_all_regions	HG002_chr1.633402.634418|HISEQ1:19:H8VDAADXX:2:1204:9997:98650	HG002_chr1.633402.634418|HISEQ1:19:H8VDAADXX:2:1204:9997:98650	8624	8780.0	8895.0	best_hit_to_mtDNA	8577
A	-	8849	HG002_all_regions	HG002_chr1.633402.634418|HISEQ1:19:H8VDAADXX:2:1204:9997:98650	HG002_chr1.633402.634418|HISEQ1:19:H8VDAADXX:2:1204:9997:98650	8624	8780.0	8895.0	best_hit_to_mtDNA	8577
A	-	8850	HG002_all_regions	HG002_chr1.633402.634418|HISEQ1:19:H8VDAADXX:2:1204:9997:98650	HG002_chr1.633402.634418|HISEQ1:19:H8VDAADXX:2:1204:9997:98650	8624	8780.0	8895.0	best_hit_to_mtDNA	8577
C	-	8851	HG002_all_regions	HG002_chr1.633402.634418|HISEQ1:19:H8VDAADXX:2:1204:9997:98650	HG002_chr1.633402.634418|HISEQ1:19:H8VDAADXX:2:1204:9997:98650	8624	8780.0	8895.0	best_hit_to_mtDNA	8577
T	-	8852	HG002_all_regions	HG002_chr1.633402.634418|HISEQ1:19:H8VDAADXX:2:1204:9997:98650	HG002_chr1.633402.634418|HISEQ1:19:H8VDAADXX:2:1204:9997:98650	8624	8780.0	8895.0	best_hit_to_mtDNA	8577
A	-	8853	HG002_all_regions	HG002_chr1.633402.634418|HISEQ1:19:H8VDAADXX:2:1204:9997:98650	HG002_chr1.633402.634418|HISEQ1:19:H8VDAADXX:2:1204:9997:98650	8624	8780.0	8895.0	best_hit_to_mtDNA	8577
T	-	8854	HG002_all_regions	HG002_chr1.633402.634418|HISEQ1:19:H8VDAADXX:2:1204:9997:98650	HG002_chr1.633402.634418|HISEQ1:19:H8VDAADXX:2:1204:9997:98650	8624	8780.0	8895.0	best_hit_to_mtDNA	8577
C	-	8855	HG002_all_regions	HG002_chr1.633402.634418|HISEQ1:19:H8VDAADXX:2:1204:9997:98650	HG002_chr1.633402.634418|HISEQ1:19:H8VDAADXX:2:1204:9997:98650	8624	8780.0	8895.0	best_hit_to_mtDNA	8577
T	-	8856	HG002_all_regions	HG002_chr1.633402.634418|HISEQ1:19:H8VDAADXX:2:1204:9997:98650	HG002_chr1.633402.634418|HISEQ1:19:H8VDAADXX:2:1204:9997:98650	8624	8780.0	8895.0	best_hit_to_mtDNA	8577
A	-	8857	HG002_all_regions	HG002_chr1.633402.634418|HISEQ1:19:H8VDAADXX:2:1204:9997:98650	HG002_chr1.633402.634418|HISEQ1:19:H8VDAADXX:2:1204:9997:98650	8624	8780.0	8895.0	best_hit_to_mtDNA	8577
T	-	8858	HG002_all_regions	HG002_chr1.633402.634418|HISEQ1:19:H8VDAADXX:2:1204:9997:98650	HG002_chr1.633402.634418|HISEQ1:19:H8VDAADXX:2:1204:9997:98650	8624	8780.0	8895.0	best_hit_to_mtDNA	8577
A	-	8859	HG002_all_regions	HG002_chr1.633402.634418|HISEQ1:19:H8VDAADXX:2:1204:9997:98650	HG002_chr1.633402.634418|HISEQ1:19:H8VDAADXX:2:1204:9997:98650	8624	8780.0	8895.0	best_hit_to_mtDNA	8577
A	-	8860	HG002_all_regions	HG002_chr1.633402.634418|HISEQ1:19:H8VDAADXX:2:1204:9997:98650	HG002_chr1.633402.634418|HISEQ1:19:H8VDAADXX:2:1204:9997:98650	8624	8780.0	8895.0	best_hit_to_mtDNA	8577
A	-	8861	HG002_all_regions	HG002_chr1.633402.634418|HISEQ1:19:H8VDAADXX:2:1204:9997:98650	HG002_chr1.633402.634418|HISEQ1:19:H8VDAADXX:2:1204:9997:98650	8624	8780.0	8895.0	best_hit_to_mtDNA	8577
C	-	8862	HG002_all_regions	HG002_chr1.633402.634418|HISEQ1:19:H8VDAADXX:2:1204:9997:98650	HG002_chr1.633402.634418|HISEQ1:19:H8VDAADXX:2:1204:9997:98650	8624	8780.0	8895.0	best_hit_to_mtDNA	8577
C	-	8863	HG002_all_regions	HG002_chr1.633402.634418|HISEQ1:19:H8VDAADXX:2:1204:9997:98650	HG002_chr1.633402.634418|HISEQ1:19:H8VDAADXX:2:1204:9997:98650	8624	8780.0	8895.0	best_hit_to_mtDNA	8577
T	-	8864	HG002_all_regions	HG002_chr1.633402.634418|HISEQ1:19:H8VDAADXX:2:1204:9997:98650	HG002_chr1.633402.634418|HISEQ1:19:H8VDAADXX:2:1204:9997:98650	8624	8780.0	8895.0	best_hit_to_mtDNA	8577
A	-	8865	HG002_all_regions	HG002_chr1.633402.634418|HISEQ1:19:H8VDAADXX:2:1204:9997:98650	HG002_chr1.633402.634418|HISEQ1:19:H8VDAADXX:2:1204:9997:98650	8624	8780.0	8895.0	best_hit_to_mtDNA	8577
G	-	8866	HG002_all_regions	HG002_chr1.633402.634418|HISEQ1:19:H8VDAADXX:2:1204:9997:98650	HG002_chr1.633402.634418|HISEQ1:19:H8VDAADXX:2:1204:9997:98650	8624	8780.0	8895.0	best_hit_to_mtDNA	8577
C	-	8867	HG002_all_regions	HG002_chr1.633402.634418|HISEQ1:19:H8VDAADXX:2:1204:9997:98650	HG002_chr1.633402.634418|HISEQ1:19:H8VDAADXX:2:1204:9997:98650	8624	8780.0	8895.0	best_hit_to_mtDNA	8577
C	-	8868	HG002_all_regions	HG002_chr1.633402.634418|HISEQ1:19:H8VDAADXX:2:1204:9997:98650	HG002_chr1.633402.634418|HISEQ1:19:H8VDAADXX:2:1204:9997:98650	8624	8780.0	8895.0	best_hit_to_mtDNA	8577
A	-	8869	HG002_all_regions	HG002_chr1.633402.634418|HISEQ1:19:H8VDAADXX:2:1204:9997:98650	HG002_chr1.633402.634418|HISEQ1:19:H8VDAADXX:2:1204:9997:98650	8624	8780.0	8895.0	best_hit_to_mtDNA	8577
T	-	8870	HG002_all_regions	HG002_chr1.633402.634418|HISEQ1:19:H8VDAADXX:2:1204:9997:98650	HG002_chr1.633402.634418|HISEQ1:19:H8VDAADXX:2:1204:9997:98650	8624	8780.0	8895.0	best_hit_to_mtDNA	8577
G	-	8871	HG002_all_regions	HG002_chr1.633402.634418|HISEQ1:19:H8VDAADXX:2:1204:9997:98650	HG002_chr1.633402.634418|HISEQ1:19:H8VDAADXX:2:1204:9997:98650	8624	8780.0	8895.0	best_hit_to_mtDNA	8577
G	-	8872	HG002_all_regions	HG002_chr1.633402.634418|HISEQ1:19:H8VDAADXX:2:1204:9997:98650	HG002_chr1.633402.634418|HISEQ1:19:H8VDAADXX:2:1204:9997:98650	8624	8780.0	8895.0	best_hit_to_mtDNA	8577
C	-	8873	HG002_all_regions	HG002_chr1.633402.634418|HISEQ1:19:H8VDAADXX:2:1204:9997:98650	HG002_chr1.633402.634418|HISEQ1:19:H8VDAADXX:2:1204:9997:98650	8624	8780.0	8895.0	best_hit_to_mtDNA	8577
C	-	8874	HG002_all_regions	HG002_chr1.633402.634418|HISEQ1:19:H8VDAADXX:2:1204:9997:98650	HG002_chr1.633402.634418|HISEQ1:19:H8VDAADXX:2:1204:9997:98650	8624	8780.0	8895.0	best_hit_to_mtDNA	8577
A	-	8875	HG002_all_regions	HG002_chr1.633402.634418|HISEQ1:19:H8VDAADXX:2:1204:9997:98650	HG002_chr1.633402.634418|HISEQ1:19:H8VDAADXX:2:1204:9997:98650	8624	8780.0	8895.0	best_hit_to_mtDNA	8577
T	-	8876	HG002_all_regions	HG002_chr1.633402.634418|HISEQ1:19:H8VDAADXX:2:1204:9997:98650	HG002_chr1.633402.634418|HISEQ1:19:H8VDAADXX:2:1204:9997:98650	8624	8780.0	8895.0	best_hit_to_mtDNA	8577
C	-	8877	HG002_all_regions	HG002_chr1.633402.634418|HISEQ1:19:H8VDAADXX:2:1204:9997:98650	HG002_chr1.633402.634418|HISEQ1:19:H8VDAADXX:2:1204:9997:98650	8624	8780.0	8895.0	best_hit_to_mtDNA	8577
C	-	8878	HG002_all_regions	HG002_chr1.633402.634418|HISEQ1:19:H8VDAADXX:2:1204:9997:98650	HG002_chr1.633402.634418|HISEQ1:19:H8VDAADXX:2:1204:9997:98650	8624	8780.0	8895.0	best_hit_to_mtDNA	8577
C	-	8879	HG002_all_regions	HG002_chr1.633402.634418|HISEQ1:19:H8VDAADXX:2:1204:9997:98650	HG002_chr1.633402.634418|HISEQ1:19:H8VDAADXX:2:1204:9997:98650	8624	8780.0	8895.0	best_hit_to_mtDNA	8577
C	-	8880	HG002_all_regions	HG002_chr1.633402.634418|HISEQ1:19:H8VDAADXX:2:1204:9997:98650	HG002_chr1.633402.634418|HISEQ1:19:H8VDAADXX:2:1204:9997:98650	8624	8780.0	8895.0	best_hit_to_mtDNA	8577
T	-	8881	HG002_all_regions	HG002_chr1.633402.634418|HISEQ1:19:H8VDAADXX:2:1204:9997:98650	HG002_chr1.633402.634418|HISEQ1:19:H8VDAADXX:2:1204:9997:98650	8624	8780.0	8895.0	best_hit_to_mtDNA	8577
T	-	8882	HG002_all_regions	HG002_chr1.633402.634418|HISEQ1:19:H8VDAADXX:2:1204:9997:98650	HG002_chr1.633402.634418|HISEQ1:19:H8VDAADXX:2:1204:9997:98650	8624	8780.0	8895.0	best_hit_to_mtDNA	8577
A	-	8883	HG002_all_regions	HG002_chr1.633402.634418|HISEQ1:19:H8VDAADXX:2:1204:9997:98650	HG002_chr1.633402.634418|HISEQ1:19:H8VDAADXX:2:1204:9997:98650	8624	8780.0	8895.0	best_hit_to_mtDNA	8577
T	-	8884	HG002_all_regions	HG002_chr1.633402.634418|HISEQ1:19:H8VDAADXX:2:1204:9997:98650	HG002_chr1.633402.634418|HISEQ1:19:H8VDAADXX:2:1204:9997:98650	8624	8780.0	8895.0	best_hit_to_mtDNA	8577
G	-	8885	HG002_all_regions	HG002_chr1.633402.634418|HISEQ1:19:H8VDAADXX:2:1204:9997:98650	HG002_chr1.633402.634418|HISEQ1:19:H8VDAADXX:2:1204:9997:98650	8624	8780.0	8895.0	best_hit_to_mtDNA	8577
A	-	8886	HG002_all_regions	HG002_chr1.633402.634418|HISEQ1:19:H8VDAADXX:2:1204:9997:98650	HG002_chr1.633402.634418|HISEQ1:19:H8VDAADXX:2:1204:9997:98650	8624	8780.0	8895.0	best_hit_to_mtDNA	8577
G	-	8887	HG002_all_regions	HG002_chr1.633402.634418|HISEQ1:19:H8VDAADXX:2:1204:9997:98650	HG002_chr1.633402.634418|HISEQ1:19:H8VDAADXX:2:1204:9997:98650	8624	8780.0	8895.0	best_hit_to_mtDNA	8577
C	-	8888	HG002_all_regions	HG002_chr1.633402.634418|HISEQ1:19:H8VDAADXX:2:1204:9997:98650	HG002_chr1.633402.634418|HISEQ1:19:H8VDAADXX:2:1204:9997:98650	8624	8780.0	8895.0	best_hit_to_mtDNA	8577
G	-	8889	HG002_all_regions	HG002_chr1.633402.634418|HISEQ1:19:H8VDAADXX:2:1204:9997:98650	HG002_chr1.633402.634418|HISEQ1:19:H8VDAADXX:2:1204:9997:98650	8624	8780.0	8895.0	best_hit_to_mtDNA	8577
G	-	8890	HG002_all_regions	HG002_chr1.633402.634418|HISEQ1:19:H8VDAADXX:2:1204:9997:98650	HG002_chr1.633402.634418|HISEQ1:19:H8VDAADXX:2:1204:9997:98650	8624	8780.0	8895.0	best_hit_to_mtDNA	8577
G	-	8891	HG002_all_regions	HG002_chr1.633402.634418|HISEQ1:19:H8VDAADXX:2:1204:9997:98650	HG002_chr1.633402.634418|HISEQ1:19:H8VDAADXX:2:1204:9997:98650	8624	8780.0	8895.0	best_hit_to_mtDNA	8577
C	-	8892	HG002_all_regions	HG002_chr1.633402.634418|HISEQ1:19:H8VDAADXX:2:1204:9997:98650	HG002_chr1.633402.634418|HISEQ1:19:H8VDAADXX:2:1204:9997:98650	8624	8780.0	8895.0	best_hit_to_mtDNA	8577
A	-	8893	HG002_all_regions	HG002_chr1.633402.634418|HISEQ1:19:H8VDAADXX:2:1204:9997:98650	HG002_chr1.633402.634418|HISEQ1:19:H8VDAADXX:2:1204:9997:98650	8624	8780.0	8895.0	best_hit_to_mtDNA	8577
C	-	8894	HG002_all_regions	HG002_chr1.633402.634418|HISEQ1:19:H8VDAADXX:2:1204:9997:98650	HG002_chr1.633402.634418|HISEQ1:19:H8VDAADXX:2:1204:9997:98650	8624	8780.0	8895.0	best_hit_to_mtDNA	8577
A	G	8893	HG002_all_regions	HG002_chr1.633402.634418|HISEQ1:18:H8VC6ADXX:2:1105:12218:22473	HG002_chr1.633402.634418|HISEQ1:18:H8VC6ADXX:2:1105:12218:22473	148	8783.0	8913.0	best_hit_to_mtDNA	13
A	G	8800	HG002_all_regions	HG002_chr1.633402.634418|HISEQ1:18:H8VC6ADXX:2:1105:12218:22473	HG002_chr1.633402.634418|HISEQ1:18:H8VC6ADXX:2:1105:12218:22473	148	8783.0	8913.0	best_hit_to_mtDNA	12
C	A	8801	HG002_all_regions	HG002_chr1.633402.634418|HISEQ1:18:H8VC6ADXX:2:1105:12218:22473	HG002_chr1.633402.634418|HISEQ1:18:H8VC6ADXX:2:1105:12218:22473	148	8783.0	8913.0	best_hit_to_mtDNA	12
A	C	8802	HG002_all_regions	HG002_chr1.633402.634418|HISEQ1:18:H8VC6ADXX:2:1105:12218:22473	HG002_chr1.633402.634418|HISEQ1:18:H8VC6ADXX:2:1105:12218:22473	148	8783.0	8913.0	best_hit_to_mtDNA	12
A	G	8803	HG002_all_regions	HG002_chr1.633402.634418|HISEQ1:18:H8VC6ADXX:2:1105:12218:22473	HG002_chr1.633402.634418|HISEQ1:18:H8VC6ADXX:2:1105:12218:22473	148	8783.0	8913.0	best_hit_to_mtDNA	12
A	C	8806	HG002_all_regions	HG002_chr1.633402.634418|HISEQ1:18:H8VC6ADXX:2:1105:12218:22473	HG002_chr1.633402.634418|HISEQ1:18:H8VC6ADXX:2:1105:12218:22473	148	8783.0	8913.0	best_hit_to_mtDNA	12
A	T	8807	HG002_all_regions	HG002_chr1.633402.634418|HISEQ1:18:H8VC6ADXX:2:1105:12218:22473	HG002_chr1.633402.634418|HISEQ1:18:H8VC6ADXX:2:1105:12218:22473	148	8783.0	8913.0	best_hit_to_mtDNA	12
C	T	8808	HG002_all_regions	HG002_chr1.633402.634418|HISEQ1:18:H8VC6ADXX:2:1105:12218:22473	HG002_chr1.633402.634418|HISEQ1:18:H8VC6ADXX:2:1105:12218:22473	148	8783.0	8913.0	best_hit_to_mtDNA	12
T	C	8810	HG002_all_regions	HG002_chr1.633402.634418|HISEQ1:18:H8VC6ADXX:2:1105:12218:22473	HG002_chr1.633402.634418|HISEQ1:18:H8VC6ADXX:2:1105:12218:22473	148	8783.0	8913.0	best_hit_to_mtDNA	12
C	G	8811	HG002_all_regions	HG002_chr1.633402.634418|HISEQ1:18:H8VC6ADXX:2:1105:12218:22473	HG002_chr1.633402.634418|HISEQ1:18:H8VC6ADXX:2:1105:12218:22473	148	8783.0	8913.0	best_hit_to_mtDNA	12
C	A	8812	HG002_all_regions	HG002_chr1.633402.634418|HISEQ1:18:H8VC6ADXX:2:1105:12218:22473	HG002_chr1.633402.634418|HISEQ1:18:H8VC6ADXX:2:1105:12218:22473	148	8783.0	8913.0	best_hit_to_mtDNA	12
G	T	8815	HG002_all_regions	HG002_chr1.633402.634418|HISEQ1:18:H8VC6ADXX:2:1105:12218:22473	HG002_chr1.633402.634418|HISEQ1:18:H8VC6ADXX:2:1105:12218:22473	148	8783.0	8913.0	best_hit_to_mtDNA	12
A	G	8893	HG002_all_regions	HG002_chr1.633402.634418|HISEQ1:18:H8VC6ADXX:2:1105:12218:22473	HG002_chr1.633402.634418|HISEQ1:18:H8VC6ADXX:2:1105:12218:22473	148	8783.0	8913.0	best_hit_to_mtDNA	12
G	A	8816	HG002_all_regions	HG002_chr1.633402.634418|HISEQ1:19:H8VDAADXX:1:1107:11271:70785	HG002_chr1.633402.634418|HISEQ1:19:H8VDAADXX:1:1107:11271:70785	148	8785.0	8929.0	best_hit_to_mtDNA	3
A	T	8817	HG002_all_regions	HG002_chr1.633402.634418|HISEQ1:19:H8VDAADXX:1:1107:11271:70785	HG002_chr1.633402.634418|HISEQ1:19:H8VDAADXX:1:1107:11271:70785	148	8785.0	8929.0	best_hit_to_mtDNA	3
A	G	8893	HG002_all_regions	HG002_chr1.633402.634418|HISEQ1:19:H8VDAADXX:1:1107:11271:70785	HG002_chr1.633402.634418|HISEQ1:19:H8VDAADXX:1:1107:11271:70785	148	8785.0	8929.0	best_hit_to_mtDNA	3
A	G	8893	HG002_all_regions	HG002_chr1.633402.634418|HISEQ1:19:H8VDAADXX:1:1107:11271:70785	HG002_chr1.633402.634418|HISEQ1:19:H8VDAADXX:1:1107:11271:70785	148	8785.0	8929.0	best_hit_to_mtDNA	5
A	C	8828	HG002_all_regions	HG002_chr1.633402.634418|HISEQ1:18:H8VC6ADXX:1:1104:2549:73737	HG002_chr1.633402.634418|HISEQ1:18:H8VC6ADXX:1:1104:2549:73737	148	8796.0	8942.0	best_hit_to_mtDNA	2
A	G	8893	HG002_all_regions	HG002_chr1.633402.634418|HISEQ1:18:H8VC6ADXX:1:1104:2549:73737	HG002_chr1.633402.634418|HISEQ1:18:H8VC6ADXX:1:1104:2549:73737	148	8796.0	8942.0	best_hit_to_mtDNA	2
A	C	8828	HG002_all_regions	HG002_chr1.633402.634418|HISEQ1:18:H8VC6ADXX:2:2115:1797:98145	HG002_chr1.633402.634418|HISEQ1:18:H8VC6ADXX:2:2115:1797:98145	148	8796.0	8942.0	best_hit_to_mtDNA	5
T	A	8852	HG002_all_regions	HG002_chr1.633402.634418|HISEQ1:18:H8VC6ADXX:2:2115:1797:98145	HG002_chr1.633402.634418|HISEQ1:18:H8VC6ADXX:2:2115:1797:98145	148	8796.0	8942.0	best_hit_to_mtDNA	5
G	T	8891	HG002_all_regions	HG002_chr1.633402.634418|HISEQ1:18:H8VC6ADXX:2:2115:1797:98145	HG002_chr1.633402.634418|HISEQ1:18:H8VC6ADXX:2:2115:1797:98145	148	8796.0	8942.0	best_hit_to_mtDNA	5
A	G	8893	HG002_all_regions	HG002_chr1.633402.634418|HISEQ1:18:H8VC6ADXX:2:2115:1797:98145	HG002_chr1.633402.634418|HISEQ1:18:H8VC6ADXX:2:2115:1797:98145	148	8796.0	8942.0	best_hit_to_mtDNA	5
A	G	8893	HG002_all_regions	HG002_chr1.633402.634418|HISEQ1:18:H8VC6ADXX:1:1212:4098:9854	HG002_chr1.633402.634418|HISEQ1:18:H8VC6ADXX:1:1212:4098:9854	148	8797.0	8944.0	best_hit_to_mtDNA	1
A	C	8845	HG002_all_regions	HG002_chr1.633402.634418|HISEQ1:20:H9V1RADXX:1:1105:3791:65015	HG002_chr1.633402.634418|HISEQ1:20:H9V1RADXX:1:1105:3791:65015	148	8813.0	8959.0	best_hit_to_mtDNA	3
A	G	8893	HG002_all_regions	HG002_chr1.633402.634418|HISEQ1:20:H9V1RADXX:1:1105:3791:65015	HG002_chr1.633402.634418|HISEQ1:20:H9V1RADXX:1:1105:3791:65015	148	8813.0	8959.0	best_hit_to_mtDNA	3
A	G	8893	HG002_all_regions	HG002_chr1.633402.634418|HISEQ1:19:H8VDAADXX:1:1215:2731:71511	HG002_chr1.633402.634418|HISEQ1:19:H8VDAADXX:1:1215:2731:71511	148	8859.0	8997.0	best_hit_to_mtDNA	6
A	T	8939	HG002_all_regions	HG002_chr1.633402.634418|HISEQ1:19:H8VDAADXX:1:1215:2731:71511	HG002_chr1.633402.634418|HISEQ1:19:H8VDAADXX:1:1215:2731:71511	148	8859.0	8997.0	best_hit_to_mtDNA	6
A	C	9275	HG002_all_regions	HG002_chr1.633402.634418|HISEQ1:18:H8VC6ADXX:1:1113:3562:79280	HG002_chr1.633402.634418|HISEQ1:18:H8VC6ADXX:1:1113:3562:79280	148	9179.0	9326.0	best_hit_to_mtDNA	3
A	T	9287	HG002_all_regions	HG002_chr1.633402.634418|HISEQ1:18:H8VC6ADXX:1:1113:3562:79280	HG002_chr1.633402.634418|HISEQ1:18:H8VC6ADXX:1:1113:3562:79280	148	9179.0	9326.0	best_hit_to_mtDNA	3
-	C	2	HG002_all_regions	HG002_chr11.49861520.49862789|HISEQ1:18:H8VC6ADXX:2:1108:3084:38596	HG002_chr11.49861520.49862789|HISEQ1:18:H8VC6ADXX:2:1108:3084:38596	148	1.0	61.0	best_hit_to_mtDNA	74
-	A	3	HG002_all_regions	HG002_chr11.49861520.49862789|HISEQ1:18:H8VC6ADXX:2:1108:3084:38596	HG002_chr11.49861520.49862789|HISEQ1:18:H8VC6ADXX:2:1108:3084:38596	148	1.0	61.0	best_hit_to_mtDNA	74
-	C	4	HG002_all_regions	HG002_chr11.49861520.49862789|HISEQ1:18:H8VC6ADXX:2:1108:3084:38596	HG002_chr11.49861520.49862789|HISEQ1:18:H8VC6ADXX:2:1108:3084:38596	148	1.0	61.0	best_hit_to_mtDNA	74
-	A	5	HG002_all_regions	HG002_chr11.49861520.49862789|HISEQ1:18:H8VC6ADXX:2:1108:3084:38596	HG002_chr11.49861520.49862789|HISEQ1:18:H8VC6ADXX:2:1108:3084:38596	148	1.0	61.0	best_hit_to_mtDNA	74
-	C	6	HG002_all_regions	HG002_chr11.49861520.49862789|HISEQ1:18:H8VC6ADXX:2:1108:3084:38596	HG002_chr11.49861520.49862789|HISEQ1:18:H8VC6ADXX:2:1108:3084:38596	148	1.0	61.0	best_hit_to_mtDNA	74
-	G	7	HG002_all_regions	HG002_chr11.49861520.49862789|HISEQ1:18:H8VC6ADXX:2:1108:3084:38596	HG002_chr11.49861520.49862789|HISEQ1:18:H8VC6ADXX:2:1108:3084:38596	148	1.0	61.0	best_hit_to_mtDNA	74
-	T	8	HG002_all_regions	HG002_chr11.49861520.49862789|HISEQ1:18:H8VC6ADXX:2:1108:3084:38596	HG002_chr11.49861520.49862789|HISEQ1:18:H8VC6ADXX:2:1108:3084:38596	148	1.0	61.0	best_hit_to_mtDNA	74
-	T	9	HG002_all_regions	HG002_chr11.49861520.49862789|HISEQ1:18:H8VC6ADXX:2:1108:3084:38596	HG002_chr11.49861520.49862789|HISEQ1:18:H8VC6ADXX:2:1108:3084:38596	148	1.0	61.0	best_hit_to_mtDNA	74
-	C	10	HG002_all_regions	HG002_chr11.49861520.49862789|HISEQ1:18:H8VC6ADXX:2:1108:3084:38596	HG002_chr11.49861520.49862789|HISEQ1:18:H8VC6ADXX:2:1108:3084:38596	148	1.0	61.0	best_hit_to_mtDNA	74
-	C	11	HG002_all_regions	HG002_chr11.49861520.49862789|HISEQ1:18:H8VC6ADXX:2:1108:3084:38596	HG002_chr11.49861520.49862789|HISEQ1:18:H8VC6ADXX:2:1108:3084:38596	148	1.0	61.0	best_hit_to_mtDNA	74
-	C	12	HG002_all_regions	HG002_chr11.49861520.49862789|HISEQ1:18:H8VC6ADXX:2:1108:3084:38596	HG002_chr11.49861520.49862789|HISEQ1:18:H8VC6ADXX:2:1108:3084:38596	148	1.0	61.0	best_hit_to_mtDNA	74
-	C	13	HG002_all_regions	HG002_chr11.49861520.49862789|HISEQ1:18:H8VC6ADXX:2:1108:3084:38596	HG002_chr11.49861520.49862789|HISEQ1:18:H8VC6ADXX:2:1108:3084:38596	148	1.0	61.0	best_hit_to_mtDNA	74
-	T	14	HG002_all_regions	HG002_chr11.49861520.49862789|HISEQ1:18:H8VC6ADXX:2:1108:3084:38596	HG002_chr11.49861520.49862789|HISEQ1:18:H8VC6ADXX:2:1108:3084:38596	148	1.0	61.0	best_hit_to_mtDNA	74
-	T	15	HG002_all_regions	HG002_chr11.49861520.49862789|HISEQ1:18:H8VC6ADXX:2:1108:3084:38596	HG002_chr11.49861520.49862789|HISEQ1:18:H8VC6ADXX:2:1108:3084:38596	148	1.0	61.0	best_hit_to_mtDNA	74
-	A	16	HG002_all_regions	HG002_chr11.49861520.49862789|HISEQ1:18:H8VC6ADXX:2:1108:3084:38596	HG002_chr11.49861520.49862789|HISEQ1:18:H8VC6ADXX:2:1108:3084:38596	148	1.0	61.0	best_hit_to_mtDNA	74
-	A	17	HG002_all_regions	HG002_chr11.49861520.49862789|HISEQ1:18:H8VC6ADXX:2:1108:3084:38596	HG002_chr11.49861520.49862789|HISEQ1:18:H8VC6ADXX:2:1108:3084:38596	148	1.0	61.0	best_hit_to_mtDNA	74
-	A	18	HG002_all_regions	HG002_chr11.49861520.49862789|HISEQ1:18:H8VC6ADXX:2:1108:3084:38596	HG002_chr11.49861520.49862789|HISEQ1:18:H8VC6ADXX:2:1108:3084:38596	148	1.0	61.0	best_hit_to_mtDNA	74
-	T	19	HG002_all_regions	HG002_chr11.49861520.49862789|HISEQ1:18:H8VC6ADXX:2:1108:3084:38596	HG002_chr11.49861520.49862789|HISEQ1:18:H8VC6ADXX:2:1108:3084:38596	148	1.0	61.0	best_hit_to_mtDNA	74
-	A	20	HG002_all_regions	HG002_chr11.49861520.49862789|HISEQ1:18:H8VC6ADXX:2:1108:3084:38596	HG002_chr11.49861520.49862789|HISEQ1:18:H8VC6ADXX:2:1108:3084:38596	148	1.0	61.0	best_hit_to_mtDNA	74
-	A	21	HG002_all_regions	HG002_chr11.49861520.49862789|HISEQ1:18:H8VC6ADXX:2:1108:3084:38596	HG002_chr11.49861520.49862789|HISEQ1:18:H8VC6ADXX:2:1108:3084:38596	148	1.0	61.0	best_hit_to_mtDNA	74
-	G	22	HG002_all_regions	HG002_chr11.49861520.49862789|HISEQ1:18:H8VC6ADXX:2:1108:3084:38596	HG002_chr11.49861520.49862789|HISEQ1:18:H8VC6ADXX:2:1108:3084:38596	148	1.0	61.0	best_hit_to_mtDNA	74
-	A	23	HG002_all_regions	HG002_chr11.49861520.49862789|HISEQ1:18:H8VC6ADXX:2:1108:3084:38596	HG002_chr11.49861520.49862789|HISEQ1:18:H8VC6ADXX:2:1108:3084:38596	148	1.0	61.0	best_hit_to_mtDNA	74
-	C	24	HG002_all_regions	HG002_chr11.49861520.49862789|HISEQ1:18:H8VC6ADXX:2:1108:3084:38596	HG002_chr11.49861520.49862789|HISEQ1:18:H8VC6ADXX:2:1108:3084:38596	148	1.0	61.0	best_hit_to_mtDNA	74
-	A	25	HG002_all_regions	HG002_chr11.49861520.49862789|HISEQ1:18:H8VC6ADXX:2:1108:3084:38596	HG002_chr11.49861520.49862789|HISEQ1:18:H8VC6ADXX:2:1108:3084:38596	148	1.0	61.0	best_hit_to_mtDNA	74
-	T	26	HG002_all_regions	HG002_chr11.49861520.49862789|HISEQ1:18:H8VC6ADXX:2:1108:3084:38596	HG002_chr11.49861520.49862789|HISEQ1:18:H8VC6ADXX:2:1108:3084:38596	148	1.0	61.0	best_hit_to_mtDNA	74
-	C	27	HG002_all_regions	HG002_chr11.49861520.49862789|HISEQ1:18:H8VC6ADXX:2:1108:3084:38596	HG002_chr11.49861520.49862789|HISEQ1:18:H8VC6ADXX:2:1108:3084:38596	148	1.0	61.0	best_hit_to_mtDNA	74
-	A	28	HG002_all_regions	HG002_chr11.49861520.49862789|HISEQ1:18:H8VC6ADXX:2:1108:3084:38596	HG002_chr11.49861520.49862789|HISEQ1:18:H8VC6ADXX:2:1108:3084:38596	148	1.0	61.0	best_hit_to_mtDNA	74
-	C	29	HG002_all_regions	HG002_chr11.49861520.49862789|HISEQ1:18:H8VC6ADXX:2:1108:3084:38596	HG002_chr11.49861520.49862789|HISEQ1:18:H8VC6ADXX:2:1108:3084:38596	148	1.0	61.0	best_hit_to_mtDNA	74
-	G	30	HG002_all_regions	HG002_chr11.49861520.49862789|HISEQ1:18:H8VC6ADXX:2:1108:3084:38596	HG002_chr11.49861520.49862789|HISEQ1:18:H8VC6ADXX:2:1108:3084:38596	148	1.0	61.0	best_hit_to_mtDNA	74
-	A	31	HG002_all_regions	HG002_chr11.49861520.49862789|HISEQ1:18:H8VC6ADXX:2:1108:3084:38596	HG002_chr11.49861520.49862789|HISEQ1:18:H8VC6ADXX:2:1108:3084:38596	148	1.0	61.0	best_hit_to_mtDNA	74
-	T	32	HG002_all_regions	HG002_chr11.49861520.49862789|HISEQ1:18:H8VC6ADXX:2:1108:3084:38596	HG002_chr11.49861520.49862789|HISEQ1:18:H8VC6ADXX:2:1108:3084:38596	148	1.0	61.0	best_hit_to_mtDNA	74
-	G	33	HG002_all_regions	HG002_chr11.49861520.49862789|HISEQ1:18:H8VC6ADXX:2:1108:3084:38596	HG002_chr11.49861520.49862789|HISEQ1:18:H8VC6ADXX:2:1108:3084:38596	148	1.0	61.0	best_hit_to_mtDNA	74
A	-	14873	HG002_all_regions	HG002_chr5.32337782.32339138|HISEQ1:18:H8VC6ADXX:1:2216:21178:54998	HG002_chr5.32337782.32339138|HISEQ1:18:H8VC6ADXX:1:2216:21178:54998	2940	14872.0	14977.0	best_hit_to_mtDNA	2862
A	-	14874	HG002_all_regions	HG002_chr5.32337782.32339138|HISEQ1:18:H8VC6ADXX:1:2216:21178:54998	HG002_chr5.32337782.32339138|HISEQ1:18:H8VC6ADXX:1:2216:21178:54998	2940	14872.0	14977.0	best_hit_to_mtDNA	2862
C	-	14875	HG002_all_regions	HG002_chr5.32337782.32339138|HISEQ1:18:H8VC6ADXX:1:2216:21178:54998	HG002_chr5.32337782.32339138|HISEQ1:18:H8VC6ADXX:1:2216:21178:54998	2940	14872.0	14977.0	best_hit_to_mtDNA	2862
T	-	14876	HG002_all_regions	HG002_chr5.32337782.32339138|HISEQ1:18:H8VC6ADXX:1:2216:21178:54998	HG002_chr5.32337782.32339138|HISEQ1:18:H8VC6ADXX:1:2216:21178:54998	2940	14872.0	14977.0	best_hit_to_mtDNA	2862
T	-	14877	HG002_all_regions	HG002_chr5.32337782.32339138|HISEQ1:18:H8VC6ADXX:1:2216:21178:54998	HG002_chr5.32337782.32339138|HISEQ1:18:H8VC6ADXX:1:2216:21178:54998	2940	14872.0	14977.0	best_hit_to_mtDNA	2862
C	-	14878	HG002_all_regions	HG002_chr5.32337782.32339138|HISEQ1:18:H8VC6ADXX:1:2216:21178:54998	HG002_chr5.32337782.32339138|HISEQ1:18:H8VC6ADXX:1:2216:21178:54998	2940	14872.0	14977.0	best_hit_to_mtDNA	2862
G	-	14879	HG002_all_regions	HG002_chr5.32337782.32339138|HISEQ1:18:H8VC6ADXX:1:2216:21178:54998	HG002_chr5.32337782.32339138|HISEQ1:18:H8VC6ADXX:1:2216:21178:54998	2940	14872.0	14977.0	best_hit_to_mtDNA	2862
G	-	14880	HG002_all_regions	HG002_chr5.32337782.32339138|HISEQ1:18:H8VC6ADXX:1:2216:21178:54998	HG002_chr5.32337782.32339138|HISEQ1:18:H8VC6ADXX:1:2216:21178:54998	2940	14872.0	14977.0	best_hit_to_mtDNA	2862
C	-	14881	HG002_all_regions	HG002_chr5.32337782.32339138|HISEQ1:18:H8VC6ADXX:1:2216:21178:54998	HG002_chr5.32337782.32339138|HISEQ1:18:H8VC6ADXX:1:2216:21178:54998	2940	14872.0	14977.0	best_hit_to_mtDNA	2862
T	-	14882	HG002_all_regions	HG002_chr5.32337782.32339138|HISEQ1:18:H8VC6ADXX:1:2216:21178:54998	HG002_chr5.32337782.32339138|HISEQ1:18:H8VC6ADXX:1:2216:21178:54998	2940	14872.0	14977.0	best_hit_to_mtDNA	2862
C	-	14883	HG002_all_regions	HG002_chr5.32337782.32339138|HISEQ1:18:H8VC6ADXX:1:2216:21178:54998	HG002_chr5.32337782.32339138|HISEQ1:18:H8VC6ADXX:1:2216:21178:54998	2940	14872.0	14977.0	best_hit_to_mtDNA	2862
A	-	14884	HG002_all_regions	HG002_chr5.32337782.32339138|HISEQ1:18:H8VC6ADXX:1:2216:21178:54998	HG002_chr5.32337782.32339138|HISEQ1:18:H8VC6ADXX:1:2216:21178:54998	2940	14872.0	14977.0	best_hit_to_mtDNA	2862
C	-	14885	HG002_all_regions	HG002_chr5.32337782.32339138|HISEQ1:18:H8VC6ADXX:1:2216:21178:54998	HG002_chr5.32337782.32339138|HISEQ1:18:H8VC6ADXX:1:2216:21178:54998	2940	14872.0	14977.0	best_hit_to_mtDNA	2862
T	-	14886	HG002_all_regions	HG002_chr5.32337782.32339138|HISEQ1:18:H8VC6ADXX:1:2216:21178:54998	HG002_chr5.32337782.32339138|HISEQ1:18:H8VC6ADXX:1:2216:21178:54998	2940	14872.0	14977.0	best_hit_to_mtDNA	2862
C	-	14887	HG002_all_regions	HG002_chr5.32337782.32339138|HISEQ1:18:H8VC6ADXX:1:2216:21178:54998	HG002_chr5.32337782.32339138|HISEQ1:18:H8VC6ADXX:1:2216:21178:54998	2940	14872.0	14977.0	best_hit_to_mtDNA	2862
C	-	14888	HG002_all_regions	HG002_chr5.32337782.32339138|HISEQ1:18:H8VC6ADXX:1:2216:21178:54998	HG002_chr5.32337782.32339138|HISEQ1:18:H8VC6ADXX:1:2216:21178:54998	2940	14872.0	14977.0	best_hit_to_mtDNA	2862
T	-	14889	HG002_all_regions	HG002_chr5.32337782.32339138|HISEQ1:18:H8VC6ADXX:1:2216:21178:54998	HG002_chr5.32337782.32339138|HISEQ1:18:H8VC6ADXX:1:2216:21178:54998	2940	14872.0	14977.0	best_hit_to_mtDNA	2862
T	-	14890	HG002_all_regions	HG002_chr5.32337782.32339138|HISEQ1:18:H8VC6ADXX:1:2216:21178:54998	HG002_chr5.32337782.32339138|HISEQ1:18:H8VC6ADXX:1:2216:21178:54998	2940	14872.0	14977.0	best_hit_to_mtDNA	2862
G	-	14891	HG002_all_regions	HG002_chr5.32337782.32339138|HISEQ1:18:H8VC6ADXX:1:2216:21178:54998	HG002_chr5.32337782.32339138|HISEQ1:18:H8VC6ADXX:1:2216:21178:54998	2940	14872.0	14977.0	best_hit_to_mtDNA	2862
G	-	14892	HG002_all_regions	HG002_chr5.32337782.32339138|HISEQ1:18:H8VC6ADXX:1:2216:21178:54998	HG002_chr5.32337782.32339138|HISEQ1:18:H8VC6ADXX:1:2216:21178:54998	2940	14872.0	14977.0	best_hit_to_mtDNA	2862
C	-	14893	HG002_all_regions	HG002_chr5.32337782.32339138|HISEQ1:18:H8VC6ADXX:1:2216:21178:54998	HG002_chr5.32337782.32339138|HISEQ1:18:H8VC6ADXX:1:2216:21178:54998	2940	14872.0	14977.0	best_hit_to_mtDNA	2862
G	-	14894	HG002_all_regions	HG002_chr5.32337782.32339138|HISEQ1:18:H8VC6ADXX:1:2216:21178:54998	HG002_chr5.32337782.32339138|HISEQ1:18:H8VC6ADXX:1:2216:21178:54998	2940	14872.0	14977.0	best_hit_to_mtDNA	2862
C	-	14895	HG002_all_regions	HG002_chr5.32337782.32339138|HISEQ1:18:H8VC6ADXX:1:2216:21178:54998	HG002_chr5.32337782.32339138|HISEQ1:18:H8VC6ADXX:1:2216:21178:54998	2940	14872.0	14977.0	best_hit_to_mtDNA	2862
C	-	14896	HG002_all_regions	HG002_chr5.32337782.32339138|HISEQ1:18:H8VC6ADXX:1:2216:21178:54998	HG002_chr5.32337782.32339138|HISEQ1:18:H8VC6ADXX:1:2216:21178:54998	2940	14872.0	14977.0	best_hit_to_mtDNA	2862
T	-	14897	HG002_all_regions	HG002_chr5.32337782.32339138|HISEQ1:18:H8VC6ADXX:1:2216:21178:54998	HG002_chr5.32337782.32339138|HISEQ1:18:H8VC6ADXX:1:2216:21178:54998	2940	14872.0	14977.0	best_hit_to_mtDNA	2862
G	-	14898	HG002_all_regions	HG002_chr5.32337782.32339138|HISEQ1:18:H8VC6ADXX:1:2216:21178:54998	HG002_chr5.32337782.32339138|HISEQ1:18:H8VC6ADXX:1:2216:21178:54998	2940	14872.0	14977.0	best_hit_to_mtDNA	2862
C	-	14899	HG002_all_regions	HG002_chr5.32337782.32339138|HISEQ1:18:H8VC6ADXX:1:2216:21178:54998	HG002_chr5.32337782.32339138|HISEQ1:18:H8VC6ADXX:1:2216:21178:54998	2940	14872.0	14977.0	best_hit_to_mtDNA	2862
C	-	14900	HG002_all_regions	HG002_chr5.32337782.32339138|HISEQ1:18:H8VC6ADXX:1:2216:21178:54998	HG002_chr5.32337782.32339138|HISEQ1:18:H8VC6ADXX:1:2216:21178:54998	2940	14872.0	14977.0	best_hit_to_mtDNA	2862
T	-	14901	HG002_all_regions	HG002_chr5.32337782.32339138|HISEQ1:18:H8VC6ADXX:1:2216:21178:54998	HG002_chr5.32337782.32339138|HISEQ1:18:H8VC6ADXX:1:2216:21178:54998	2940	14872.0	14977.0	best_hit_to_mtDNA	2862
G	-	14902	HG002_all_regions	HG002_chr5.32337782.32339138|HISEQ1:18:H8VC6ADXX:1:2216:21178:54998	HG002_chr5.32337782.32339138|HISEQ1:18:H8VC6ADXX:1:2216:21178:54998	2940	14872.0	14977.0	best_hit_to_mtDNA	2862
A	-	14903	HG002_all_regions	HG002_chr5.32337782.32339138|HISEQ1:18:H8VC6ADXX:1:2216:21178:54998	HG002_chr5.32337782.32339138|HISEQ1:18:H8VC6ADXX:1:2216:21178:54998	2940	14872.0	14977.0	best_hit_to_mtDNA	2862
T	-	14904	HG002_all_regions	HG002_chr5.32337782.32339138|HISEQ1:18:H8VC6ADXX:1:2216:21178:54998	HG002_chr5.32337782.32339138|HISEQ1:18:H8VC6ADXX:1:2216:21178:54998	2940	14872.0	14977.0	best_hit_to_mtDNA	2862
C	-	14905	HG002_all_regions	HG002_chr5.32337782.32339138|HISEQ1:18:H8VC6ADXX:1:2216:21178:54998	HG002_chr5.32337782.32339138|HISEQ1:18:H8VC6ADXX:1:2216:21178:54998	2940	14872.0	14977.0	best_hit_to_mtDNA	2862
C	-	14906	HG002_all_regions	HG002_chr5.32337782.32339138|HISEQ1:18:H8VC6ADXX:1:2216:21178:54998	HG002_chr5.32337782.32339138|HISEQ1:18:H8VC6ADXX:1:2216:21178:54998	2940	14872.0	14977.0	best_hit_to_mtDNA	2862
T	-	14907	HG002_all_regions	HG002_chr5.32337782.32339138|HISEQ1:18:H8VC6ADXX:1:2216:21178:54998	HG002_chr5.32337782.32339138|HISEQ1:18:H8VC6ADXX:1:2216:21178:54998	2940	14872.0	14977.0	best_hit_to_mtDNA	2862
C	-	14908	HG002_all_regions	HG002_chr5.32337782.32339138|HISEQ1:18:H8VC6ADXX:1:2216:21178:54998	HG002_chr5.32337782.32339138|HISEQ1:18:H8VC6ADXX:1:2216:21178:54998	2940	14872.0	14977.0	best_hit_to_mtDNA	2862
C	-	14909	HG002_all_regions	HG002_chr5.32337782.32339138|HISEQ1:18:H8VC6ADXX:1:2216:21178:54998	HG002_chr5.32337782.32339138|HISEQ1:18:H8VC6ADXX:1:2216:21178:54998	2940	14872.0	14977.0	best_hit_to_mtDNA	2862
A	-	14910	HG002_all_regions	HG002_chr5.32337782.32339138|HISEQ1:18:H8VC6ADXX:1:2216:21178:54998	HG002_chr5.32337782.32339138|HISEQ1:18:H8VC6ADXX:1:2216:21178:54998	2940	14872.0	14977.0	best_hit_to_mtDNA	2862
A	-	14911	HG002_all_regions	HG002_chr5.32337782.32339138|HISEQ1:18:H8VC6ADXX:1:2216:21178:54998	HG002_chr5.32337782.32339138|HISEQ1:18:H8VC6ADXX:1:2216:21178:54998	2940	14872.0	14977.0	best_hit_to_mtDNA	2862
A	-	14912	HG002_all_regions	HG002_chr5.32337782.32339138|HISEQ1:18:H8VC6ADXX:1:2216:21178:54998	HG002_chr5.32337782.32339138|HISEQ1:18:H8VC6ADXX:1:2216:21178:54998	2940	14872.0	14977.0	best_hit_to_mtDNA	2862
T	-	14913	HG002_all_regions	HG002_chr5.32337782.32339138|HISEQ1:18:H8VC6ADXX:1:2216:21178:54998	HG002_chr5.32337782.32339138|HISEQ1:18:H8VC6ADXX:1:2216:21178:54998	2940	14872.0	14977.0	best_hit_to_mtDNA	2862
C	-	14914	HG002_all_regions	HG002_chr5.32337782.32339138|HISEQ1:18:H8VC6ADXX:1:2216:21178:54998	HG002_chr5.32337782.32339138|HISEQ1:18:H8VC6ADXX:1:2216:21178:54998	2940	14872.0	14977.0	best_hit_to_mtDNA	2862
A	-	14915	HG002_all_regions	HG002_chr5.32337782.32339138|HISEQ1:18:H8VC6ADXX:1:2216:21178:54998	HG002_chr5.32337782.32339138|HISEQ1:18:H8VC6ADXX:1:2216:21178:54998	2940	14872.0	14977.0	best_hit_to_mtDNA	2862
C	-	14916	HG002_all_regions	HG002_chr5.32337782.32339138|HISEQ1:18:H8VC6ADXX:1:2216:21178:54998	HG002_chr5.32337782.32339138|HISEQ1:18:H8VC6ADXX:1:2216:21178:54998	2940	14872.0	14977.0	best_hit_to_mtDNA	2862
C	-	14917	HG002_all_regions	HG002_chr5.32337782.32339138|HISEQ1:18:H8VC6ADXX:1:2216:21178:54998	HG002_chr5.32337782.32339138|HISEQ1:18:H8VC6ADXX:1:2216:21178:54998	2940	14872.0	14977.0	best_hit_to_mtDNA	2862
A	-	14918	HG002_all_regions	HG002_chr5.32337782.32339138|HISEQ1:18:H8VC6ADXX:1:2216:21178:54998	HG002_chr5.32337782.32339138|HISEQ1:18:H8VC6ADXX:1:2216:21178:54998	2940	14872.0	14977.0	best_hit_to_mtDNA	2862
C	-	14919	HG002_all_regions	HG002_chr5.32337782.32339138|HISEQ1:18:H8VC6ADXX:1:2216:21178:54998	HG002_chr5.32337782.32339138|HISEQ1:18:H8VC6ADXX:1:2216:21178:54998	2940	14872.0	14977.0	best_hit_to_mtDNA	2862
A	-	14920	HG002_all_regions	HG002_chr5.32337782.32339138|HISEQ1:18:H8VC6ADXX:1:2216:21178:54998	HG002_chr5.32337782.32339138|HISEQ1:18:H8VC6ADXX:1:2216:21178:54998	2940	14872.0	14977.0	best_hit_to_mtDNA	2862
G	-	14921	HG002_all_regions	HG002_chr5.32337782.32339138|HISEQ1:18:H8VC6ADXX:1:2216:21178:54998	HG002_chr5.32337782.32339138|HISEQ1:18:H8VC6ADXX:1:2216:21178:54998	2940	14872.0	14977.0	best_hit_to_mtDNA	2862
G	-	14922	HG002_all_regions	HG002_chr5.32337782.32339138|HISEQ1:18:H8VC6ADXX:1:2216:21178:54998	HG002_chr5.32337782.32339138|HISEQ1:18:H8VC6ADXX:1:2216:21178:54998	2940	14872.0	14977.0	best_hit_to_mtDNA	2862
A	-	14923	HG002_all_regions	HG002_chr5.32337782.32339138|HISEQ1:18:H8VC6ADXX:1:2216:21178:54998	HG002_chr5.32337782.32339138|HISEQ1:18:H8VC6ADXX:1:2216:21178:54998	2940	14872.0	14977.0	best_hit_to_mtDNA	2862
C	-	14924	HG002_all_regions	HG002_chr5.32337782.32339138|HISEQ1:18:H8VC6ADXX:1:2216:21178:54998	HG002_chr5.32337782.32339138|HISEQ1:18:H8VC6ADXX:1:2216:21178:54998	2940	14872.0	14977.0	best_hit_to_mtDNA	2862
T	-	14925	HG002_all_regions	HG002_chr5.32337782.32339138|HISEQ1:18:H8VC6ADXX:1:2216:21178:54998	HG002_chr5.32337782.32339138|HISEQ1:18:H8VC6ADXX:1:2216:21178:54998	2940	14872.0	14977.0	best_hit_to_mtDNA	2862
A	-	14926	HG002_all_regions	HG002_chr5.32337782.32339138|HISEQ1:18:H8VC6ADXX:1:2216:21178:54998	HG002_chr5.32337782.32339138|HISEQ1:18:H8VC6ADXX:1:2216:21178:54998	2940	14872.0	14977.0	best_hit_to_mtDNA	2862
T	-	14927	HG002_all_regions	HG002_chr5.32337782.32339138|HISEQ1:18:H8VC6ADXX:1:2216:21178:54998	HG002_chr5.32337782.32339138|HISEQ1:18:H8VC6ADXX:1:2216:21178:54998	2940	14872.0	14977.0	best_hit_to_mtDNA	2862
T	-	14928	HG002_all_regions	HG002_chr5.32337782.32339138|HISEQ1:18:H8VC6ADXX:1:2216:21178:54998	HG002_chr5.32337782.32339138|HISEQ1:18:H8VC6ADXX:1:2216:21178:54998	2940	14872.0	14977.0	best_hit_to_mtDNA	2862
C	-	14929	HG002_all_regions	HG002_chr5.32337782.32339138|HISEQ1:18:H8VC6ADXX:1:2216:21178:54998	HG002_chr5.32337782.32339138|HISEQ1:18:H8VC6ADXX:1:2216:21178:54998	2940	14872.0	14977.0	best_hit_to_mtDNA	2862
C	-	14930	HG002_all_regions	HG002_chr5.32337782.32339138|HISEQ1:18:H8VC6ADXX:1:2216:21178:54998	HG002_chr5.32337782.32339138|HISEQ1:18:H8VC6ADXX:1:2216:21178:54998	2940	14872.0	14977.0	best_hit_to_mtDNA	2862
T	-	14931	HG002_all_regions	HG002_chr5.32337782.32339138|HISEQ1:18:H8VC6ADXX:1:2216:21178:54998	HG002_chr5.32337782.32339138|HISEQ1:18:H8VC6ADXX:1:2216:21178:54998	2940	14872.0	14977.0	best_hit_to_mtDNA	2862
A	-	14932	HG002_all_regions	HG002_chr5.32337782.32339138|HISEQ1:18:H8VC6ADXX:1:2216:21178:54998	HG002_chr5.32337782.32339138|HISEQ1:18:H8VC6ADXX:1:2216:21178:54998	2940	14872.0	14977.0	best_hit_to_mtDNA	2862
G	-	14933	HG002_all_regions	HG002_chr5.32337782.32339138|HISEQ1:18:H8VC6ADXX:1:2216:21178:54998	HG002_chr5.32337782.32339138|HISEQ1:18:H8VC6ADXX:1:2216:21178:54998	2940	14872.0	14977.0	best_hit_to_mtDNA	2862
C	-	14934	HG002_all_regions	HG002_chr5.32337782.32339138|HISEQ1:18:H8VC6ADXX:1:2216:21178:54998	HG002_chr5.32337782.32339138|HISEQ1:18:H8VC6ADXX:1:2216:21178:54998	2940	14872.0	14977.0	best_hit_to_mtDNA	2862
C	-	14935	HG002_all_regions	HG002_chr5.32337782.32339138|HISEQ1:18:H8VC6ADXX:1:2216:21178:54998	HG002_chr5.32337782.32339138|HISEQ1:18:H8VC6ADXX:1:2216:21178:54998	2940	14872.0	14977.0	best_hit_to_mtDNA	2862
A	-	14936	HG002_all_regions	HG002_chr5.32337782.32339138|HISEQ1:18:H8VC6ADXX:1:2216:21178:54998	HG002_chr5.32337782.32339138|HISEQ1:18:H8VC6ADXX:1:2216:21178:54998	2940	14872.0	14977.0	best_hit_to_mtDNA	2862
T	-	14937	HG002_all_regions	HG002_chr5.32337782.32339138|HISEQ1:18:H8VC6ADXX:1:2216:21178:54998	HG002_chr5.32337782.32339138|HISEQ1:18:H8VC6ADXX:1:2216:21178:54998	2940	14872.0	14977.0	best_hit_to_mtDNA	2862
G	-	14938	HG002_all_regions	HG002_chr5.32337782.32339138|HISEQ1:18:H8VC6ADXX:1:2216:21178:54998	HG002_chr5.32337782.32339138|HISEQ1:18:H8VC6ADXX:1:2216:21178:54998	2940	14872.0	14977.0	best_hit_to_mtDNA	2862
C	-	14939	HG002_all_regions	HG002_chr5.32337782.32339138|HISEQ1:18:H8VC6ADXX:1:2216:21178:54998	HG002_chr5.32337782.32339138|HISEQ1:18:H8VC6ADXX:1:2216:21178:54998	2940	14872.0	14977.0	best_hit_to_mtDNA	2862
A	-	14940	HG002_all_regions	HG002_chr5.32337782.32339138|HISEQ1:18:H8VC6ADXX:1:2216:21178:54998	HG002_chr5.32337782.32339138|HISEQ1:18:H8VC6ADXX:1:2216:21178:54998	2940	14872.0	14977.0	best_hit_to_mtDNA	2862
C	-	14941	HG002_all_regions	HG002_chr5.32337782.32339138|HISEQ1:18:H8VC6ADXX:1:2216:21178:54998	HG002_chr5.32337782.32339138|HISEQ1:18:H8VC6ADXX:1:2216:21178:54998	2940	14872.0	14977.0	best_hit_to_mtDNA	2862
T	-	14942	HG002_all_regions	HG002_chr5.32337782.32339138|HISEQ1:18:H8VC6ADXX:1:2216:21178:54998	HG002_chr5.32337782.32339138|HISEQ1:18:H8VC6ADXX:1:2216:21178:54998	2940	14872.0	14977.0	best_hit_to_mtDNA	2862
A	-	14943	HG002_all_regions	HG002_chr5.32337782.32339138|HISEQ1:18:H8VC6ADXX:1:2216:21178:54998	HG002_chr5.32337782.32339138|HISEQ1:18:H8VC6ADXX:1:2216:21178:54998	2940	14872.0	14977.0	best_hit_to_mtDNA	2862
C	-	14944	HG002_all_regions	HG002_chr5.32337782.32339138|HISEQ1:18:H8VC6ADXX:1:2216:21178:54998	HG002_chr5.32337782.32339138|HISEQ1:18:H8VC6ADXX:1:2216:21178:54998	2940	14872.0	14977.0	best_hit_to_mtDNA	2862
T	-	14945	HG002_all_regions	HG002_chr5.32337782.32339138|HISEQ1:18:H8VC6ADXX:1:2216:21178:54998	HG002_chr5.32337782.32339138|HISEQ1:18:H8VC6ADXX:1:2216:21178:54998	2940	14872.0	14977.0	best_hit_to_mtDNA	2862
C	-	14946	HG002_all_regions	HG002_chr5.32337782.32339138|HISEQ1:18:H8VC6ADXX:1:2216:21178:54998	HG002_chr5.32337782.32339138|HISEQ1:18:H8VC6ADXX:1:2216:21178:54998	2940	14872.0	14977.0	best_hit_to_mtDNA	2862
A	-	14947	HG002_all_regions	HG002_chr5.32337782.32339138|HISEQ1:18:H8VC6ADXX:1:2216:21178:54998	HG002_chr5.32337782.32339138|HISEQ1:18:H8VC6ADXX:1:2216:21178:54998	2940	14872.0	14977.0	best_hit_to_mtDNA	2862
C	-	14948	HG002_all_regions	HG002_chr5.32337782.32339138|HISEQ1:18:H8VC6ADXX:1:2216:21178:54998	HG002_chr5.32337782.32339138|HISEQ1:18:H8VC6ADXX:1:2216:21178:54998	2940	14872.0	14977.0	best_hit_to_mtDNA	2862
C	-	14949	HG002_all_regions	HG002_chr5.32337782.32339138|HISEQ1:18:H8VC6ADXX:1:2216:21178:54998	HG002_chr5.32337782.32339138|HISEQ1:18:H8VC6ADXX:1:2216:21178:54998	2940	14872.0	14977.0	best_hit_to_mtDNA	2862
A	-	14950	HG002_all_regions	HG002_chr5.32337782.32339138|HISEQ1:18:H8VC6ADXX:1:2216:21178:54998	HG002_chr5.32337782.32339138|HISEQ1:18:H8VC6ADXX:1:2216:21178:54998	2940	14872.0	14977.0	best_hit_to_mtDNA	2862
G	-	14951	HG002_all_regions	HG002_chr5.32337782.32339138|HISEQ1:18:H8VC6ADXX:1:2216:21178:54998	HG002_chr5.32337782.32339138|HISEQ1:18:H8VC6ADXX:1:2216:21178:54998	2940	14872.0	14977.0	best_hit_to_mtDNA	2862
A	-	14952	HG002_all_regions	HG002_chr5.32337782.32339138|HISEQ1:18:H8VC6ADXX:1:2216:21178:54998	HG002_chr5.32337782.32339138|HISEQ1:18:H8VC6ADXX:1:2216:21178:54998	2940	14872.0	14977.0	best_hit_to_mtDNA	2862
C	-	14953	HG002_all_regions	HG002_chr5.32337782.32339138|HISEQ1:18:H8VC6ADXX:1:2216:21178:54998	HG002_chr5.32337782.32339138|HISEQ1:18:H8VC6ADXX:1:2216:21178:54998	2940	14872.0	14977.0	best_hit_to_mtDNA	2862
G	-	14954	HG002_all_regions	HG002_chr5.32337782.32339138|HISEQ1:18:H8VC6ADXX:1:2216:21178:54998	HG002_chr5.32337782.32339138|HISEQ1:18:H8VC6ADXX:1:2216:21178:54998	2940	14872.0	14977.0	best_hit_to_mtDNA	2862
C	-	14955	HG002_all_regions	HG002_chr5.32337782.32339138|HISEQ1:18:H8VC6ADXX:1:2216:21178:54998	HG002_chr5.32337782.32339138|HISEQ1:18:H8VC6ADXX:1:2216:21178:54998	2940	14872.0	14977.0	best_hit_to_mtDNA	2862
C	-	14956	HG002_all_regions	HG002_chr5.32337782.32339138|HISEQ1:18:H8VC6ADXX:1:2216:21178:54998	HG002_chr5.32337782.32339138|HISEQ1:18:H8VC6ADXX:1:2216:21178:54998	2940	14872.0	14977.0	best_hit_to_mtDNA	2862
T	-	14957	HG002_all_regions	HG002_chr5.32337782.32339138|HISEQ1:18:H8VC6ADXX:1:2216:21178:54998	HG002_chr5.32337782.32339138|HISEQ1:18:H8VC6ADXX:1:2216:21178:54998	2940	14872.0	14977.0	best_hit_to_mtDNA	2862
C	-	14958	HG002_all_regions	HG002_chr5.32337782.32339138|HISEQ1:18:H8VC6ADXX:1:2216:21178:54998	HG002_chr5.32337782.32339138|HISEQ1:18:H8VC6ADXX:1:2216:21178:54998	2940	14872.0	14977.0	best_hit_to_mtDNA	2862
A	-	14959	HG002_all_regions	HG002_chr5.32337782.32339138|HISEQ1:18:H8VC6ADXX:1:2216:21178:54998	HG002_chr5.32337782.32339138|HISEQ1:18:H8VC6ADXX:1:2216:21178:54998	2940	14872.0	14977.0	best_hit_to_mtDNA	2862
A	-	14960	HG002_all_regions	HG002_chr5.32337782.32339138|HISEQ1:18:H8VC6ADXX:1:2216:21178:54998	HG002_chr5.32337782.32339138|HISEQ1:18:H8VC6ADXX:1:2216:21178:54998	2940	14872.0	14977.0	best_hit_to_mtDNA	2862
C	-	14961	HG002_all_regions	HG002_chr5.32337782.32339138|HISEQ1:18:H8VC6ADXX:1:2216:21178:54998	HG002_chr5.32337782.32339138|HISEQ1:18:H8VC6ADXX:1:2216:21178:54998	2940	14872.0	14977.0	best_hit_to_mtDNA	2862
C	-	14962	HG002_all_regions	HG002_chr5.32337782.32339138|HISEQ1:18:H8VC6ADXX:1:2216:21178:54998	HG002_chr5.32337782.32339138|HISEQ1:18:H8VC6ADXX:1:2216:21178:54998	2940	14872.0	14977.0	best_hit_to_mtDNA	2862
G	-	14963	HG002_all_regions	HG002_chr5.32337782.32339138|HISEQ1:18:H8VC6ADXX:1:2216:21178:54998	HG002_chr5.32337782.32339138|HISEQ1:18:H8VC6ADXX:1:2216:21178:54998	2940	14872.0	14977.0	best_hit_to_mtDNA	2862
C	-	14964	HG002_all_regions	HG002_chr5.32337782.32339138|HISEQ1:18:H8VC6ADXX:1:2216:21178:54998	HG002_chr5.32337782.32339138|HISEQ1:18:H8VC6ADXX:1:2216:21178:54998	2940	14872.0	14977.0	best_hit_to_mtDNA	2862
C	-	14965	HG002_all_regions	HG002_chr5.32337782.32339138|HISEQ1:18:H8VC6ADXX:1:2216:21178:54998	HG002_chr5.32337782.32339138|HISEQ1:18:H8VC6ADXX:1:2216:21178:54998	2940	14872.0	14977.0	best_hit_to_mtDNA	2862
T	-	14966	HG002_all_regions	HG002_chr5.32337782.32339138|HISEQ1:18:H8VC6ADXX:1:2216:21178:54998	HG002_chr5.32337782.32339138|HISEQ1:18:H8VC6ADXX:1:2216:21178:54998	2940	14872.0	14977.0	best_hit_to_mtDNA	2862
T	-	14967	HG002_all_regions	HG002_chr5.32337782.32339138|HISEQ1:18:H8VC6ADXX:1:2216:21178:54998	HG002_chr5.32337782.32339138|HISEQ1:18:H8VC6ADXX:1:2216:21178:54998	2940	14872.0	14977.0	best_hit_to_mtDNA	2862
T	-	14968	HG002_all_regions	HG002_chr5.32337782.32339138|HISEQ1:18:H8VC6ADXX:1:2216:21178:54998	HG002_chr5.32337782.32339138|HISEQ1:18:H8VC6ADXX:1:2216:21178:54998	2940	14872.0	14977.0	best_hit_to_mtDNA	2862
T	-	14969	HG002_all_regions	HG002_chr5.32337782.32339138|HISEQ1:18:H8VC6ADXX:1:2216:21178:54998	HG002_chr5.32337782.32339138|HISEQ1:18:H8VC6ADXX:1:2216:21178:54998	2940	14872.0	14977.0	best_hit_to_mtDNA	2862
C	-	14970	HG002_all_regions	HG002_chr5.32337782.32339138|HISEQ1:18:H8VC6ADXX:1:2216:21178:54998	HG002_chr5.32337782.32339138|HISEQ1:18:H8VC6ADXX:1:2216:21178:54998	2940	14872.0	14977.0	best_hit_to_mtDNA	2862
A	-	14971	HG002_all_regions	HG002_chr5.32337782.32339138|HISEQ1:18:H8VC6ADXX:1:2216:21178:54998	HG002_chr5.32337782.32339138|HISEQ1:18:H8VC6ADXX:1:2216:21178:54998	2940	14872.0	14977.0	best_hit_to_mtDNA	2862
T	-	14972	HG002_all_regions	HG002_chr5.32337782.32339138|HISEQ1:18:H8VC6ADXX:1:2216:21178:54998	HG002_chr5.32337782.32339138|HISEQ1:18:H8VC6ADXX:1:2216:21178:54998	2940	14872.0	14977.0	best_hit_to_mtDNA	2862
C	-	14973	HG002_all_regions	HG002_chr5.32337782.32339138|HISEQ1:18:H8VC6ADXX:1:2216:21178:54998	HG002_chr5.32337782.32339138|HISEQ1:18:H8VC6ADXX:1:2216:21178:54998	2940	14872.0	14977.0	best_hit_to_mtDNA	2862
A	-	14974	HG002_all_regions	HG002_chr5.32337782.32339138|HISEQ1:18:H8VC6ADXX:1:2216:21178:54998	HG002_chr5.32337782.32339138|HISEQ1:18:H8VC6ADXX:1:2216:21178:54998	2940	14872.0	14977.0	best_hit_to_mtDNA	2862
A	-	14975	HG002_all_regions	HG002_chr5.32337782.32339138|HISEQ1:18:H8VC6ADXX:1:2216:21178:54998	HG002_chr5.32337782.32339138|HISEQ1:18:H8VC6ADXX:1:2216:21178:54998	2940	14872.0	14977.0	best_hit_to_mtDNA	2862
T	-	14976	HG002_all_regions	HG002_chr5.32337782.32339138|HISEQ1:18:H8VC6ADXX:1:2216:21178:54998	HG002_chr5.32337782.32339138|HISEQ1:18:H8VC6ADXX:1:2216:21178:54998	2940	14872.0	14977.0	best_hit_to_mtDNA	2862
T	-	6226	HG002_all_regions	HG002_chr9.129055.130496|HISEQ1:19:H8VDAADXX:2:2206:8062:68186	HG002_chr9.129055.130496|HISEQ1:19:H8VDAADXX:2:2206:8062:68186	14240	6225.0	6325.0	best_hit_to_mtDNA	14165
A	-	6227	HG002_all_regions	HG002_chr9.129055.130496|HISEQ1:19:H8VDAADXX:2:2206:8062:68186	HG002_chr9.129055.130496|HISEQ1:19:H8VDAADXX:2:2206:8062:68186	14240	6225.0	6325.0	best_hit_to_mtDNA	14165
A	-	6228	HG002_all_regions	HG002_chr9.129055.130496|HISEQ1:19:H8VDAADXX:2:2206:8062:68186	HG002_chr9.129055.130496|HISEQ1:19:H8VDAADXX:2:2206:8062:68186	14240	6225.0	6325.0	best_hit_to_mtDNA	14165
A	-	6229	HG002_all_regions	HG002_chr9.129055.130496|HISEQ1:19:H8VDAADXX:2:2206:8062:68186	HG002_chr9.129055.130496|HISEQ1:19:H8VDAADXX:2:2206:8062:68186	14240	6225.0	6325.0	best_hit_to_mtDNA	14165
C	-	6230	HG002_all_regions	HG002_chr9.129055.130496|HISEQ1:19:H8VDAADXX:2:2206:8062:68186	HG002_chr9.129055.130496|HISEQ1:19:H8VDAADXX:2:2206:8062:68186	14240	6225.0	6325.0	best_hit_to_mtDNA	14165
A	-	6231	HG002_all_regions	HG002_chr9.129055.130496|HISEQ1:19:H8VDAADXX:2:2206:8062:68186	HG002_chr9.129055.130496|HISEQ1:19:H8VDAADXX:2:2206:8062:68186	14240	6225.0	6325.0	best_hit_to_mtDNA	14165
A	-	6232	HG002_all_regions	HG002_chr9.129055.130496|HISEQ1:19:H8VDAADXX:2:2206:8062:68186	HG002_chr9.129055.130496|HISEQ1:19:H8VDAADXX:2:2206:8062:68186	14240	6225.0	6325.0	best_hit_to_mtDNA	14165
C	-	6233	HG002_all_regions	HG002_chr9.129055.130496|HISEQ1:19:H8VDAADXX:2:2206:8062:68186	HG002_chr9.129055.130496|HISEQ1:19:H8VDAADXX:2:2206:8062:68186	14240	6225.0	6325.0	best_hit_to_mtDNA	14165
A	-	6234	HG002_all_regions	HG002_chr9.129055.130496|HISEQ1:19:H8VDAADXX:2:2206:8062:68186	HG002_chr9.129055.130496|HISEQ1:19:H8VDAADXX:2:2206:8062:68186	14240	6225.0	6325.0	best_hit_to_mtDNA	14165
T	-	6235	HG002_all_regions	HG002_chr9.129055.130496|HISEQ1:19:H8VDAADXX:2:2206:8062:68186	HG002_chr9.129055.130496|HISEQ1:19:H8VDAADXX:2:2206:8062:68186	14240	6225.0	6325.0	best_hit_to_mtDNA	14165
A	-	6236	HG002_all_regions	HG002_chr9.129055.130496|HISEQ1:19:H8VDAADXX:2:2206:8062:68186	HG002_chr9.129055.130496|HISEQ1:19:H8VDAADXX:2:2206:8062:68186	14240	6225.0	6325.0	best_hit_to_mtDNA	14165
A	-	6237	HG002_all_regions	HG002_chr9.129055.130496|HISEQ1:19:H8VDAADXX:2:2206:8062:68186	HG002_chr9.129055.130496|HISEQ1:19:H8VDAADXX:2:2206:8062:68186	14240	6225.0	6325.0	best_hit_to_mtDNA	14165
G	-	6238	HG002_all_regions	HG002_chr9.129055.130496|HISEQ1:19:H8VDAADXX:2:2206:8062:68186	HG002_chr9.129055.130496|HISEQ1:19:H8VDAADXX:2:2206:8062:68186	14240	6225.0	6325.0	best_hit_to_mtDNA	14165
C	-	6239	HG002_all_regions	HG002_chr9.129055.130496|HISEQ1:19:H8VDAADXX:2:2206:8062:68186	HG002_chr9.129055.130496|HISEQ1:19:H8VDAADXX:2:2206:8062:68186	14240	6225.0	6325.0	best_hit_to_mtDNA	14165
T	-	6240	HG002_all_regions	HG002_chr9.129055.130496|HISEQ1:19:H8VDAADXX:2:2206:8062:68186	HG002_chr9.129055.130496|HISEQ1:19:H8VDAADXX:2:2206:8062:68186	14240	6225.0	6325.0	best_hit_to_mtDNA	14165
T	-	6241	HG002_all_regions	HG002_chr9.129055.130496|HISEQ1:19:H8VDAADXX:2:2206:8062:68186	HG002_chr9.129055.130496|HISEQ1:19:H8VDAADXX:2:2206:8062:68186	14240	6225.0	6325.0	best_hit_to_mtDNA	14165
C	-	6242	HG002_all_regions	HG002_chr9.129055.130496|HISEQ1:19:H8VDAADXX:2:2206:8062:68186	HG002_chr9.129055.130496|HISEQ1:19:H8VDAADXX:2:2206:8062:68186	14240	6225.0	6325.0	best_hit_to_mtDNA	14165
T	-	6243	HG002_all_regions	HG002_chr9.129055.130496|HISEQ1:19:H8VDAADXX:2:2206:8062:68186	HG002_chr9.129055.130496|HISEQ1:19:H8VDAADXX:2:2206:8062:68186	14240	6225.0	6325.0	best_hit_to_mtDNA	14165
G	-	6244	HG002_all_regions	HG002_chr9.129055.130496|HISEQ1:19:H8VDAADXX:2:2206:8062:68186	HG002_chr9.129055.130496|HISEQ1:19:H8VDAADXX:2:2206:8062:68186	14240	6225.0	6325.0	best_hit_to_mtDNA	14165
A	-	6245	HG002_all_regions	HG002_chr9.129055.130496|HISEQ1:19:H8VDAADXX:2:2206:8062:68186	HG002_chr9.129055.130496|HISEQ1:19:H8VDAADXX:2:2206:8062:68186	14240	6225.0	6325.0	best_hit_to_mtDNA	14165
C	-	6246	HG002_all_regions	HG002_chr9.129055.130496|HISEQ1:19:H8VDAADXX:2:2206:8062:68186	HG002_chr9.129055.130496|HISEQ1:19:H8VDAADXX:2:2206:8062:68186	14240	6225.0	6325.0	best_hit_to_mtDNA	14165
T	-	6247	HG002_all_regions	HG002_chr9.129055.130496|HISEQ1:19:H8VDAADXX:2:2206:8062:68186	HG002_chr9.129055.130496|HISEQ1:19:H8VDAADXX:2:2206:8062:68186	14240	6225.0	6325.0	best_hit_to_mtDNA	14165
C	-	6248	HG002_all_regions	HG002_chr9.129055.130496|HISEQ1:19:H8VDAADXX:2:2206:8062:68186	HG002_chr9.129055.130496|HISEQ1:19:H8VDAADXX:2:2206:8062:68186	14240	6225.0	6325.0	best_hit_to_mtDNA	14165
T	-	6249	HG002_all_regions	HG002_chr9.129055.130496|HISEQ1:19:H8VDAADXX:2:2206:8062:68186	HG002_chr9.129055.130496|HISEQ1:19:H8VDAADXX:2:2206:8062:68186	14240	6225.0	6325.0	best_hit_to_mtDNA	14165
T	-	6250	HG002_all_regions	HG002_chr9.129055.130496|HISEQ1:19:H8VDAADXX:2:2206:8062:68186	HG002_chr9.129055.130496|HISEQ1:19:H8VDAADXX:2:2206:8062:68186	14240	6225.0	6325.0	best_hit_to_mtDNA	14165
A	-	6251	HG002_all_regions	HG002_chr9.129055.130496|HISEQ1:19:H8VDAADXX:2:2206:8062:68186	HG002_chr9.129055.130496|HISEQ1:19:H8VDAADXX:2:2206:8062:68186	14240	6225.0	6325.0	best_hit_to_mtDNA	14165
C	-	6252	HG002_all_regions	HG002_chr9.129055.130496|HISEQ1:19:H8VDAADXX:2:2206:8062:68186	HG002_chr9.129055.130496|HISEQ1:19:H8VDAADXX:2:2206:8062:68186	14240	6225.0	6325.0	best_hit_to_mtDNA	14165
C	-	6253	HG002_all_regions	HG002_chr9.129055.130496|HISEQ1:19:H8VDAADXX:2:2206:8062:68186	HG002_chr9.129055.130496|HISEQ1:19:H8VDAADXX:2:2206:8062:68186	14240	6225.0	6325.0	best_hit_to_mtDNA	14165
T	-	6254	HG002_all_regions	HG002_chr9.129055.130496|HISEQ1:19:H8VDAADXX:2:2206:8062:68186	HG002_chr9.129055.130496|HISEQ1:19:H8VDAADXX:2:2206:8062:68186	14240	6225.0	6325.0	best_hit_to_mtDNA	14165
C	-	6255	HG002_all_regions	HG002_chr9.129055.130496|HISEQ1:19:H8VDAADXX:2:2206:8062:68186	HG002_chr9.129055.130496|HISEQ1:19:H8VDAADXX:2:2206:8062:68186	14240	6225.0	6325.0	best_hit_to_mtDNA	14165
C	-	6256	HG002_all_regions	HG002_chr9.129055.130496|HISEQ1:19:H8VDAADXX:2:2206:8062:68186	HG002_chr9.129055.130496|HISEQ1:19:H8VDAADXX:2:2206:8062:68186	14240	6225.0	6325.0	best_hit_to_mtDNA	14165
C	-	6257	HG002_all_regions	HG002_chr9.129055.130496|HISEQ1:19:H8VDAADXX:2:2206:8062:68186	HG002_chr9.129055.130496|HISEQ1:19:H8VDAADXX:2:2206:8062:68186	14240	6225.0	6325.0	best_hit_to_mtDNA	14165
T	-	6258	HG002_all_regions	HG002_chr9.129055.130496|HISEQ1:19:H8VDAADXX:2:2206:8062:68186	HG002_chr9.129055.130496|HISEQ1:19:H8VDAADXX:2:2206:8062:68186	14240	6225.0	6325.0	best_hit_to_mtDNA	14165
C	-	6259	HG002_all_regions	HG002_chr9.129055.130496|HISEQ1:19:H8VDAADXX:2:2206:8062:68186	HG002_chr9.129055.130496|HISEQ1:19:H8VDAADXX:2:2206:8062:68186	14240	6225.0	6325.0	best_hit_to_mtDNA	14165
T	-	6260	HG002_all_regions	HG002_chr9.129055.130496|HISEQ1:19:H8VDAADXX:2:2206:8062:68186	HG002_chr9.129055.130496|HISEQ1:19:H8VDAADXX:2:2206:8062:68186	14240	6225.0	6325.0	best_hit_to_mtDNA	14165
C	-	6261	HG002_all_regions	HG002_chr9.129055.130496|HISEQ1:19:H8VDAADXX:2:2206:8062:68186	HG002_chr9.129055.130496|HISEQ1:19:H8VDAADXX:2:2206:8062:68186	14240	6225.0	6325.0	best_hit_to_mtDNA	14165
T	-	6262	HG002_all_regions	HG002_chr9.129055.130496|HISEQ1:19:H8VDAADXX:2:2206:8062:68186	HG002_chr9.129055.130496|HISEQ1:19:H8VDAADXX:2:2206:8062:68186	14240	6225.0	6325.0	best_hit_to_mtDNA	14165
C	-	6263	HG002_all_regions	HG002_chr9.129055.130496|HISEQ1:19:H8VDAADXX:2:2206:8062:68186	HG002_chr9.129055.130496|HISEQ1:19:H8VDAADXX:2:2206:8062:68186	14240	6225.0	6325.0	best_hit_to_mtDNA	14165
C	-	6264	HG002_all_regions	HG002_chr9.129055.130496|HISEQ1:19:H8VDAADXX:2:2206:8062:68186	HG002_chr9.129055.130496|HISEQ1:19:H8VDAADXX:2:2206:8062:68186	14240	6225.0	6325.0	best_hit_to_mtDNA	14165
T	-	6265	HG002_all_regions	HG002_chr9.129055.130496|HISEQ1:19:H8VDAADXX:2:2206:8062:68186	HG002_chr9.129055.130496|HISEQ1:19:H8VDAADXX:2:2206:8062:68186	14240	6225.0	6325.0	best_hit_to_mtDNA	14165
A	-	6266	HG002_all_regions	HG002_chr9.129055.130496|HISEQ1:19:H8VDAADXX:2:2206:8062:68186	HG002_chr9.129055.130496|HISEQ1:19:H8VDAADXX:2:2206:8062:68186	14240	6225.0	6325.0	best_hit_to_mtDNA	14165
C	-	6267	HG002_all_regions	HG002_chr9.129055.130496|HISEQ1:19:H8VDAADXX:2:2206:8062:68186	HG002_chr9.129055.130496|HISEQ1:19:H8VDAADXX:2:2206:8062:68186	14240	6225.0	6325.0	best_hit_to_mtDNA	14165
T	-	6268	HG002_all_regions	HG002_chr9.129055.130496|HISEQ1:19:H8VDAADXX:2:2206:8062:68186	HG002_chr9.129055.130496|HISEQ1:19:H8VDAADXX:2:2206:8062:68186	14240	6225.0	6325.0	best_hit_to_mtDNA	14165
C	-	6269	HG002_all_regions	HG002_chr9.129055.130496|HISEQ1:19:H8VDAADXX:2:2206:8062:68186	HG002_chr9.129055.130496|HISEQ1:19:H8VDAADXX:2:2206:8062:68186	14240	6225.0	6325.0	best_hit_to_mtDNA	14165
C	-	6270	HG002_all_regions	HG002_chr9.129055.130496|HISEQ1:19:H8VDAADXX:2:2206:8062:68186	HG002_chr9.129055.130496|HISEQ1:19:H8VDAADXX:2:2206:8062:68186	14240	6225.0	6325.0	best_hit_to_mtDNA	14165
T	-	6271	HG002_all_regions	HG002_chr9.129055.130496|HISEQ1:19:H8VDAADXX:2:2206:8062:68186	HG002_chr9.129055.130496|HISEQ1:19:H8VDAADXX:2:2206:8062:68186	14240	6225.0	6325.0	best_hit_to_mtDNA	14165
G	-	6272	HG002_all_regions	HG002_chr9.129055.130496|HISEQ1:19:H8VDAADXX:2:2206:8062:68186	HG002_chr9.129055.130496|HISEQ1:19:H8VDAADXX:2:2206:8062:68186	14240	6225.0	6325.0	best_hit_to_mtDNA	14165
C	-	6273	HG002_all_regions	HG002_chr9.129055.130496|HISEQ1:19:H8VDAADXX:2:2206:8062:68186	HG002_chr9.129055.130496|HISEQ1:19:H8VDAADXX:2:2206:8062:68186	14240	6225.0	6325.0	best_hit_to_mtDNA	14165
T	-	6274	HG002_all_regions	HG002_chr9.129055.130496|HISEQ1:19:H8VDAADXX:2:2206:8062:68186	HG002_chr9.129055.130496|HISEQ1:19:H8VDAADXX:2:2206:8062:68186	14240	6225.0	6325.0	best_hit_to_mtDNA	14165
C	-	6275	HG002_all_regions	HG002_chr9.129055.130496|HISEQ1:19:H8VDAADXX:2:2206:8062:68186	HG002_chr9.129055.130496|HISEQ1:19:H8VDAADXX:2:2206:8062:68186	14240	6225.0	6325.0	best_hit_to_mtDNA	14165
G	-	6276	HG002_all_regions	HG002_chr9.129055.130496|HISEQ1:19:H8VDAADXX:2:2206:8062:68186	HG002_chr9.129055.130496|HISEQ1:19:H8VDAADXX:2:2206:8062:68186	14240	6225.0	6325.0	best_hit_to_mtDNA	14165
C	-	6277	HG002_all_regions	HG002_chr9.129055.130496|HISEQ1:19:H8VDAADXX:2:2206:8062:68186	HG002_chr9.129055.130496|HISEQ1:19:H8VDAADXX:2:2206:8062:68186	14240	6225.0	6325.0	best_hit_to_mtDNA	14165
A	-	6278	HG002_all_regions	HG002_chr9.129055.130496|HISEQ1:19:H8VDAADXX:2:2206:8062:68186	HG002_chr9.129055.130496|HISEQ1:19:H8VDAADXX:2:2206:8062:68186	14240	6225.0	6325.0	best_hit_to_mtDNA	14165
T	-	6279	HG002_all_regions	HG002_chr9.129055.130496|HISEQ1:19:H8VDAADXX:2:2206:8062:68186	HG002_chr9.129055.130496|HISEQ1:19:H8VDAADXX:2:2206:8062:68186	14240	6225.0	6325.0	best_hit_to_mtDNA	14165
C	-	6280	HG002_all_regions	HG002_chr9.129055.130496|HISEQ1:19:H8VDAADXX:2:2206:8062:68186	HG002_chr9.129055.130496|HISEQ1:19:H8VDAADXX:2:2206:8062:68186	14240	6225.0	6325.0	best_hit_to_mtDNA	14165
T	-	6281	HG002_all_regions	HG002_chr9.129055.130496|HISEQ1:19:H8VDAADXX:2:2206:8062:68186	HG002_chr9.129055.130496|HISEQ1:19:H8VDAADXX:2:2206:8062:68186	14240	6225.0	6325.0	best_hit_to_mtDNA	14165
G	-	6282	HG002_all_regions	HG002_chr9.129055.130496|HISEQ1:19:H8VDAADXX:2:2206:8062:68186	HG002_chr9.129055.130496|HISEQ1:19:H8VDAADXX:2:2206:8062:68186	14240	6225.0	6325.0	best_hit_to_mtDNA	14165
C	-	6283	HG002_all_regions	HG002_chr9.129055.130496|HISEQ1:19:H8VDAADXX:2:2206:8062:68186	HG002_chr9.129055.130496|HISEQ1:19:H8VDAADXX:2:2206:8062:68186	14240	6225.0	6325.0	best_hit_to_mtDNA	14165
T	-	6284	HG002_all_regions	HG002_chr9.129055.130496|HISEQ1:19:H8VDAADXX:2:2206:8062:68186	HG002_chr9.129055.130496|HISEQ1:19:H8VDAADXX:2:2206:8062:68186	14240	6225.0	6325.0	best_hit_to_mtDNA	14165
A	-	6285	HG002_all_regions	HG002_chr9.129055.130496|HISEQ1:19:H8VDAADXX:2:2206:8062:68186	HG002_chr9.129055.130496|HISEQ1:19:H8VDAADXX:2:2206:8062:68186	14240	6225.0	6325.0	best_hit_to_mtDNA	14165
T	-	6286	HG002_all_regions	HG002_chr9.129055.130496|HISEQ1:19:H8VDAADXX:2:2206:8062:68186	HG002_chr9.129055.130496|HISEQ1:19:H8VDAADXX:2:2206:8062:68186	14240	6225.0	6325.0	best_hit_to_mtDNA	14165
A	-	6287	HG002_all_regions	HG002_chr9.129055.130496|HISEQ1:19:H8VDAADXX:2:2206:8062:68186	HG002_chr9.129055.130496|HISEQ1:19:H8VDAADXX:2:2206:8062:68186	14240	6225.0	6325.0	best_hit_to_mtDNA	14165
G	-	6288	HG002_all_regions	HG002_chr9.129055.130496|HISEQ1:19:H8VDAADXX:2:2206:8062:68186	HG002_chr9.129055.130496|HISEQ1:19:H8VDAADXX:2:2206:8062:68186	14240	6225.0	6325.0	best_hit_to_mtDNA	14165
T	-	6289	HG002_all_regions	HG002_chr9.129055.130496|HISEQ1:19:H8VDAADXX:2:2206:8062:68186	HG002_chr9.129055.130496|HISEQ1:19:H8VDAADXX:2:2206:8062:68186	14240	6225.0	6325.0	best_hit_to_mtDNA	14165
G	-	6290	HG002_all_regions	HG002_chr9.129055.130496|HISEQ1:19:H8VDAADXX:2:2206:8062:68186	HG002_chr9.129055.130496|HISEQ1:19:H8VDAADXX:2:2206:8062:68186	14240	6225.0	6325.0	best_hit_to_mtDNA	14165
G	-	6291	HG002_all_regions	HG002_chr9.129055.130496|HISEQ1:19:H8VDAADXX:2:2206:8062:68186	HG002_chr9.129055.130496|HISEQ1:19:H8VDAADXX:2:2206:8062:68186	14240	6225.0	6325.0	best_hit_to_mtDNA	14165
A	-	6292	HG002_all_regions	HG002_chr9.129055.130496|HISEQ1:19:H8VDAADXX:2:2206:8062:68186	HG002_chr9.129055.130496|HISEQ1:19:H8VDAADXX:2:2206:8062:68186	14240	6225.0	6325.0	best_hit_to_mtDNA	14165
G	-	6293	HG002_all_regions	HG002_chr9.129055.130496|HISEQ1:19:H8VDAADXX:2:2206:8062:68186	HG002_chr9.129055.130496|HISEQ1:19:H8VDAADXX:2:2206:8062:68186	14240	6225.0	6325.0	best_hit_to_mtDNA	14165
G	-	6294	HG002_all_regions	HG002_chr9.129055.130496|HISEQ1:19:H8VDAADXX:2:2206:8062:68186	HG002_chr9.129055.130496|HISEQ1:19:H8VDAADXX:2:2206:8062:68186	14240	6225.0	6325.0	best_hit_to_mtDNA	14165
C	-	6295	HG002_all_regions	HG002_chr9.129055.130496|HISEQ1:19:H8VDAADXX:2:2206:8062:68186	HG002_chr9.129055.130496|HISEQ1:19:H8VDAADXX:2:2206:8062:68186	14240	6225.0	6325.0	best_hit_to_mtDNA	14165
C	-	6296	HG002_all_regions	HG002_chr9.129055.130496|HISEQ1:19:H8VDAADXX:2:2206:8062:68186	HG002_chr9.129055.130496|HISEQ1:19:H8VDAADXX:2:2206:8062:68186	14240	6225.0	6325.0	best_hit_to_mtDNA	14165
G	-	6297	HG002_all_regions	HG002_chr9.129055.130496|HISEQ1:19:H8VDAADXX:2:2206:8062:68186	HG002_chr9.129055.130496|HISEQ1:19:H8VDAADXX:2:2206:8062:68186	14240	6225.0	6325.0	best_hit_to_mtDNA	14165
G	-	6298	HG002_all_regions	HG002_chr9.129055.130496|HISEQ1:19:H8VDAADXX:2:2206:8062:68186	HG002_chr9.129055.130496|HISEQ1:19:H8VDAADXX:2:2206:8062:68186	14240	6225.0	6325.0	best_hit_to_mtDNA	14165
A	-	6299	HG002_all_regions	HG002_chr9.129055.130496|HISEQ1:19:H8VDAADXX:2:2206:8062:68186	HG002_chr9.129055.130496|HISEQ1:19:H8VDAADXX:2:2206:8062:68186	14240	6225.0	6325.0	best_hit_to_mtDNA	14165
G	-	6300	HG002_all_regions	HG002_chr9.129055.130496|HISEQ1:19:H8VDAADXX:2:2206:8062:68186	HG002_chr9.129055.130496|HISEQ1:19:H8VDAADXX:2:2206:8062:68186	14240	6225.0	6325.0	best_hit_to_mtDNA	14165
C	-	6301	HG002_all_regions	HG002_chr9.129055.130496|HISEQ1:19:H8VDAADXX:2:2206:8062:68186	HG002_chr9.129055.130496|HISEQ1:19:H8VDAADXX:2:2206:8062:68186	14240	6225.0	6325.0	best_hit_to_mtDNA	14165
A	-	6302	HG002_all_regions	HG002_chr9.129055.130496|HISEQ1:19:H8VDAADXX:2:2206:8062:68186	HG002_chr9.129055.130496|HISEQ1:19:H8VDAADXX:2:2206:8062:68186	14240	6225.0	6325.0	best_hit_to_mtDNA	14165
G	-	6303	HG002_all_regions	HG002_chr9.129055.130496|HISEQ1:19:H8VDAADXX:2:2206:8062:68186	HG002_chr9.129055.130496|HISEQ1:19:H8VDAADXX:2:2206:8062:68186	14240	6225.0	6325.0	best_hit_to_mtDNA	14165
G	-	6304	HG002_all_regions	HG002_chr9.129055.130496|HISEQ1:19:H8VDAADXX:2:2206:8062:68186	HG002_chr9.129055.130496|HISEQ1:19:H8VDAADXX:2:2206:8062:68186	14240	6225.0	6325.0	best_hit_to_mtDNA	14165
A	-	6305	HG002_all_regions	HG002_chr9.129055.130496|HISEQ1:19:H8VDAADXX:2:2206:8062:68186	HG002_chr9.129055.130496|HISEQ1:19:H8VDAADXX:2:2206:8062:68186	14240	6225.0	6325.0	best_hit_to_mtDNA	14165
A	-	6306	HG002_all_regions	HG002_chr9.129055.130496|HISEQ1:19:H8VDAADXX:2:2206:8062:68186	HG002_chr9.129055.130496|HISEQ1:19:H8VDAADXX:2:2206:8062:68186	14240	6225.0	6325.0	best_hit_to_mtDNA	14165
C	-	6307	HG002_all_regions	HG002_chr9.129055.130496|HISEQ1:19:H8VDAADXX:2:2206:8062:68186	HG002_chr9.129055.130496|HISEQ1:19:H8VDAADXX:2:2206:8062:68186	14240	6225.0	6325.0	best_hit_to_mtDNA	14165
A	-	6308	HG002_all_regions	HG002_chr9.129055.130496|HISEQ1:19:H8VDAADXX:2:2206:8062:68186	HG002_chr9.129055.130496|HISEQ1:19:H8VDAADXX:2:2206:8062:68186	14240	6225.0	6325.0	best_hit_to_mtDNA	14165
G	-	6309	HG002_all_regions	HG002_chr9.129055.130496|HISEQ1:19:H8VDAADXX:2:2206:8062:68186	HG002_chr9.129055.130496|HISEQ1:19:H8VDAADXX:2:2206:8062:68186	14240	6225.0	6325.0	best_hit_to_mtDNA	14165
G	-	6310	HG002_all_regions	HG002_chr9.129055.130496|HISEQ1:19:H8VDAADXX:2:2206:8062:68186	HG002_chr9.129055.130496|HISEQ1:19:H8VDAADXX:2:2206:8062:68186	14240	6225.0	6325.0	best_hit_to_mtDNA	14165
T	-	6311	HG002_all_regions	HG002_chr9.129055.130496|HISEQ1:19:H8VDAADXX:2:2206:8062:68186	HG002_chr9.129055.130496|HISEQ1:19:H8VDAADXX:2:2206:8062:68186	14240	6225.0	6325.0	best_hit_to_mtDNA	14165
T	-	6312	HG002_all_regions	HG002_chr9.129055.130496|HISEQ1:19:H8VDAADXX:2:2206:8062:68186	HG002_chr9.129055.130496|HISEQ1:19:H8VDAADXX:2:2206:8062:68186	14240	6225.0	6325.0	best_hit_to_mtDNA	14165
G	-	6313	HG002_all_regions	HG002_chr9.129055.130496|HISEQ1:19:H8VDAADXX:2:2206:8062:68186	HG002_chr9.129055.130496|HISEQ1:19:H8VDAADXX:2:2206:8062:68186	14240	6225.0	6325.0	best_hit_to_mtDNA	14165
A	-	6314	HG002_all_regions	HG002_chr9.129055.130496|HISEQ1:19:H8VDAADXX:2:2206:8062:68186	HG002_chr9.129055.130496|HISEQ1:19:H8VDAADXX:2:2206:8062:68186	14240	6225.0	6325.0	best_hit_to_mtDNA	14165
A	-	6315	HG002_all_regions	HG002_chr9.129055.130496|HISEQ1:19:H8VDAADXX:2:2206:8062:68186	HG002_chr9.129055.130496|HISEQ1:19:H8VDAADXX:2:2206:8062:68186	14240	6225.0	6325.0	best_hit_to_mtDNA	14165
C	-	6316	HG002_all_regions	HG002_chr9.129055.130496|HISEQ1:19:H8VDAADXX:2:2206:8062:68186	HG002_chr9.129055.130496|HISEQ1:19:H8VDAADXX:2:2206:8062:68186	14240	6225.0	6325.0	best_hit_to_mtDNA	14165
A	-	6317	HG002_all_regions	HG002_chr9.129055.130496|HISEQ1:19:H8VDAADXX:2:2206:8062:68186	HG002_chr9.129055.130496|HISEQ1:19:H8VDAADXX:2:2206:8062:68186	14240	6225.0	6325.0	best_hit_to_mtDNA	14165
G	-	6318	HG002_all_regions	HG002_chr9.129055.130496|HISEQ1:19:H8VDAADXX:2:2206:8062:68186	HG002_chr9.129055.130496|HISEQ1:19:H8VDAADXX:2:2206:8062:68186	14240	6225.0	6325.0	best_hit_to_mtDNA	14165
T	-	6319	HG002_all_regions	HG002_chr9.129055.130496|HISEQ1:19:H8VDAADXX:2:2206:8062:68186	HG002_chr9.129055.130496|HISEQ1:19:H8VDAADXX:2:2206:8062:68186	14240	6225.0	6325.0	best_hit_to_mtDNA	14165
C	-	6320	HG002_all_regions	HG002_chr9.129055.130496|HISEQ1:19:H8VDAADXX:2:2206:8062:68186	HG002_chr9.129055.130496|HISEQ1:19:H8VDAADXX:2:2206:8062:68186	14240	6225.0	6325.0	best_hit_to_mtDNA	14165
T	-	6321	HG002_all_regions	HG002_chr9.129055.130496|HISEQ1:19:H8VDAADXX:2:2206:8062:68186	HG002_chr9.129055.130496|HISEQ1:19:H8VDAADXX:2:2206:8062:68186	14240	6225.0	6325.0	best_hit_to_mtDNA	14165
A	-	6322	HG002_all_regions	HG002_chr9.129055.130496|HISEQ1:19:H8VDAADXX:2:2206:8062:68186	HG002_chr9.129055.130496|HISEQ1:19:H8VDAADXX:2:2206:8062:68186	14240	6225.0	6325.0	best_hit_to_mtDNA	14165
C	-	6323	HG002_all_regions	HG002_chr9.129055.130496|HISEQ1:19:H8VDAADXX:2:2206:8062:68186	HG002_chr9.129055.130496|HISEQ1:19:H8VDAADXX:2:2206:8062:68186	14240	6225.0	6325.0	best_hit_to_mtDNA	14165
C	-	6324	HG002_all_regions	HG002_chr9.129055.130496|HISEQ1:19:H8VDAADXX:2:2206:8062:68186	HG002_chr9.129055.130496|HISEQ1:19:H8VDAADXX:2:2206:8062:68186	14240	6225.0	6325.0	best_hit_to_mtDNA	14165
A	T	6227	HG002_all_regions	HG002_chr9.129055.130496|HISEQ1:19:H8VDAADXX:2:2206:8062:68186	HG002_chr9.129055.130496|HISEQ1:19:H8VDAADXX:2:2206:8062:68186	152	6225.0	6325.0	best_hit_to_mtDNA	41
A	C	6228	HG002_all_regions	HG002_chr9.129055.130496|HISEQ1:19:H8VDAADXX:2:2206:8062:68186	HG002_chr9.129055.130496|HISEQ1:19:H8VDAADXX:2:2206:8062:68186	152	6225.0	6325.0	best_hit_to_mtDNA	41
A	T	6229	HG002_all_regions	HG002_chr9.129055.130496|HISEQ1:19:H8VDAADXX:2:2206:8062:68186	HG002_chr9.129055.130496|HISEQ1:19:H8VDAADXX:2:2206:8062:68186	152	6225.0	6325.0	best_hit_to_mtDNA	41
C	T	6230	HG002_all_regions	HG002_chr9.129055.130496|HISEQ1:19:H8VDAADXX:2:2206:8062:68186	HG002_chr9.129055.130496|HISEQ1:19:H8VDAADXX:2:2206:8062:68186	152	6225.0	6325.0	best_hit_to_mtDNA	41
A	C	6231	HG002_all_regions	HG002_chr9.129055.130496|HISEQ1:19:H8VDAADXX:2:2206:8062:68186	HG002_chr9.129055.130496|HISEQ1:19:H8VDAADXX:2:2206:8062:68186	152	6225.0	6325.0	best_hit_to_mtDNA	41
A	C	6232	HG002_all_regions	HG002_chr9.129055.130496|HISEQ1:19:H8VDAADXX:2:2206:8062:68186	HG002_chr9.129055.130496|HISEQ1:19:H8VDAADXX:2:2206:8062:68186	152	6225.0	6325.0	best_hit_to_mtDNA	41
C	A	6233	HG002_all_regions	HG002_chr9.129055.130496|HISEQ1:19:H8VDAADXX:2:2206:8062:68186	HG002_chr9.129055.130496|HISEQ1:19:H8VDAADXX:2:2206:8062:68186	152	6225.0	6325.0	best_hit_to_mtDNA	41
A	C	6234	HG002_all_regions	HG002_chr9.129055.130496|HISEQ1:19:H8VDAADXX:2:2206:8062:68186	HG002_chr9.129055.130496|HISEQ1:19:H8VDAADXX:2:2206:8062:68186	152	6225.0	6325.0	best_hit_to_mtDNA	41
T	A	6235	HG002_all_regions	HG002_chr9.129055.130496|HISEQ1:19:H8VDAADXX:2:2206:8062:68186	HG002_chr9.129055.130496|HISEQ1:19:H8VDAADXX:2:2206:8062:68186	152	6225.0	6325.0	best_hit_to_mtDNA	41
G	T	6238	HG002_all_regions	HG002_chr9.129055.130496|HISEQ1:19:H8VDAADXX:2:2206:8062:68186	HG002_chr9.129055.130496|HISEQ1:19:H8VDAADXX:2:2206:8062:68186	152	6225.0	6325.0	best_hit_to_mtDNA	41
C	T	6239	HG002_all_regions	HG002_chr9.129055.130496|HISEQ1:19:H8VDAADXX:2:2206:8062:68186	HG002_chr9.129055.130496|HISEQ1:19:H8VDAADXX:2:2206:8062:68186	152	6225.0	6325.0	best_hit_to_mtDNA	41
C	T	6242	HG002_all_regions	HG002_chr9.129055.130496|HISEQ1:19:H8VDAADXX:2:2206:8062:68186	HG002_chr9.129055.130496|HISEQ1:19:H8VDAADXX:2:2206:8062:68186	152	6225.0	6325.0	best_hit_to_mtDNA	41
T	A	6243	HG002_all_regions	HG002_chr9.129055.130496|HISEQ1:19:H8VDAADXX:2:2206:8062:68186	HG002_chr9.129055.130496|HISEQ1:19:H8VDAADXX:2:2206:8062:68186	152	6225.0	6325.0	best_hit_to_mtDNA	41
G	A	6244	HG002_all_regions	HG002_chr9.129055.130496|HISEQ1:19:H8VDAADXX:2:2206:8062:68186	HG002_chr9.129055.130496|HISEQ1:19:H8VDAADXX:2:2206:8062:68186	152	6225.0	6325.0	best_hit_to_mtDNA	41
A	G	6245	HG002_all_regions	HG002_chr9.129055.130496|HISEQ1:19:H8VDAADXX:2:2206:8062:68186	HG002_chr9.129055.130496|HISEQ1:19:H8VDAADXX:2:2206:8062:68186	152	6225.0	6325.0	best_hit_to_mtDNA	41
C	G	6246	HG002_all_regions	HG002_chr9.129055.130496|HISEQ1:19:H8VDAADXX:2:2206:8062:68186	HG002_chr9.129055.130496|HISEQ1:19:H8VDAADXX:2:2206:8062:68186	152	6225.0	6325.0	best_hit_to_mtDNA	41
T	G	6247	HG002_all_regions	HG002_chr9.129055.130496|HISEQ1:19:H8VDAADXX:2:2206:8062:68186	HG002_chr9.129055.130496|HISEQ1:19:H8VDAADXX:2:2206:8062:68186	152	6225.0	6325.0	best_hit_to_mtDNA	41
C	T	6248	HG002_all_regions	HG002_chr9.129055.130496|HISEQ1:19:H8VDAADXX:2:2206:8062:68186	HG002_chr9.129055.130496|HISEQ1:19:H8VDAADXX:2:2206:8062:68186	152	6225.0	6325.0	best_hit_to_mtDNA	41
T	A	6249	HG002_all_regions	HG002_chr9.129055.130496|HISEQ1:19:H8VDAADXX:2:2206:8062:68186	HG002_chr9.129055.130496|HISEQ1:19:H8VDAADXX:2:2206:8062:68186	152	6225.0	6325.0	best_hit_to_mtDNA	41
T	C	6250	HG002_all_regions	HG002_chr9.129055.130496|HISEQ1:19:H8VDAADXX:2:2206:8062:68186	HG002_chr9.129055.130496|HISEQ1:19:H8VDAADXX:2:2206:8062:68186	152	6225.0	6325.0	best_hit_to_mtDNA	41
C	A	6252	HG002_all_regions	HG002_chr9.129055.130496|HISEQ1:19:H8VDAADXX:2:2206:8062:68186	HG002_chr9.129055.130496|HISEQ1:19:H8VDAADXX:2:2206:8062:68186	152	6225.0	6325.0	best_hit_to_mtDNA	41
C	T	6253	HG002_all_regions	HG002_chr9.129055.130496|HISEQ1:19:H8VDAADXX:2:2206:8062:68186	HG002_chr9.129055.130496|HISEQ1:19:H8VDAADXX:2:2206:8062:68186	152	6225.0	6325.0	best_hit_to_mtDNA	41
T	A	6254	HG002_all_regions	HG002_chr9.129055.130496|HISEQ1:19:H8VDAADXX:2:2206:8062:68186	HG002_chr9.129055.130496|HISEQ1:19:H8VDAADXX:2:2206:8062:68186	152	6225.0	6325.0	best_hit_to_mtDNA	41
C	T	6255	HG002_all_regions	HG002_chr9.129055.130496|HISEQ1:19:H8VDAADXX:2:2206:8062:68186	HG002_chr9.129055.130496|HISEQ1:19:H8VDAADXX:2:2206:8062:68186	152	6225.0	6325.0	best_hit_to_mtDNA	41
C	A	6256	HG002_all_regions	HG002_chr9.129055.130496|HISEQ1:19:H8VDAADXX:2:2206:8062:68186	HG002_chr9.129055.130496|HISEQ1:19:H8VDAADXX:2:2206:8062:68186	152	6225.0	6325.0	best_hit_to_mtDNA	41
C	G	6257	HG002_all_regions	HG002_chr9.129055.130496|HISEQ1:19:H8VDAADXX:2:2206:8062:68186	HG002_chr9.129055.130496|HISEQ1:19:H8VDAADXX:2:2206:8062:68186	152	6225.0	6325.0	best_hit_to_mtDNA	41
G	T	6297	HG002_all_regions	HG002_chr9.129055.130496|HISEQ1:19:H8VDAADXX:2:2206:8062:68186	HG002_chr9.129055.130496|HISEQ1:19:H8VDAADXX:2:2206:8062:68186	152	6225.0	6325.0	best_hit_to_mtDNA	41
