human	chimp	alt	pos	sampleID	numtID	contigID	numtLength	numt_start	numt_end	comment	category
T	C	T	8097	HG001_all_regions	HG001_chr1.633396.634413|HWI-D00360:5:H814YADXX:2:1208:19606:98914	HG001_chr1.633396.634413|HWI-D00360:5:H814YADXX:2:1208:19606:98914	148	8091.0	8238.0	best_hit_to_mtDNA	humanM
T	C	T	8108	HG001_all_regions	HG001_chr1.633396.634413|HWI-D00360:5:H814YADXX:2:1208:19606:98914	HG001_chr1.633396.634413|HWI-D00360:5:H814YADXX:2:1208:19606:98914	148	8091.0	8238.0	best_hit_to_mtDNA	humanM
T	C	T	8123	HG001_all_regions	HG001_chr1.633396.634413|HWI-D00360:5:H814YADXX:2:1208:19606:98914	HG001_chr1.633396.634413|HWI-D00360:5:H814YADXX:2:1208:19606:98914	148	8091.0	8238.0	best_hit_to_mtDNA	humanM
T	C	T	8147	HG001_all_regions	HG001_chr1.633396.634413|HWI-D00360:5:H814YADXX:2:1208:19606:98914	HG001_chr1.633396.634413|HWI-D00360:5:H814YADXX:2:1208:19606:98914	148	8091.0	8238.0	best_hit_to_mtDNA	humanM
G	A	A	8156	HG001_all_regions	HG001_chr1.633396.634413|HWI-D00360:5:H814YADXX:2:1208:19606:98914	HG001_chr1.633396.634413|HWI-D00360:5:H814YADXX:2:1208:19606:98914	148	8091.0	8238.0	best_hit_to_mtDNA	chimpM
G	A	G	8159	HG001_all_regions	HG001_chr1.633396.634413|HWI-D00360:5:H814YADXX:2:1208:19606:98914	HG001_chr1.633396.634413|HWI-D00360:5:H814YADXX:2:1208:19606:98914	148	8091.0	8238.0	best_hit_to_mtDNA	humanM
T	C	C	8171	HG001_all_regions	HG001_chr1.633396.634413|HWI-D00360:5:H814YADXX:2:1208:19606:98914	HG001_chr1.633396.634413|HWI-D00360:5:H814YADXX:2:1208:19606:98914	148	8091.0	8238.0	best_hit_to_mtDNA	chimpM
T	A	T	8180	HG001_all_regions	HG001_chr1.633396.634413|HWI-D00360:5:H814YADXX:2:1208:19606:98914	HG001_chr1.633396.634413|HWI-D00360:5:H814YADXX:2:1208:19606:98914	148	8091.0	8238.0	best_hit_to_mtDNA	humanM
C	T	T	8207	HG001_all_regions	HG001_chr1.633396.634413|HWI-D00360:5:H814YADXX:2:1208:19606:98914	HG001_chr1.633396.634413|HWI-D00360:5:H814YADXX:2:1208:19606:98914	148	8091.0	8238.0	best_hit_to_mtDNA	chimpM
G	A	G	8210	HG001_all_regions	HG001_chr1.633396.634413|HWI-D00360:5:H814YADXX:2:1208:19606:98914	HG001_chr1.633396.634413|HWI-D00360:5:H814YADXX:2:1208:19606:98914	148	8091.0	8238.0	best_hit_to_mtDNA	humanM
T	C	T	8231	HG001_all_regions	HG001_chr1.633396.634413|HWI-D00360:5:H814YADXX:2:1208:19606:98914	HG001_chr1.633396.634413|HWI-D00360:5:H814YADXX:2:1208:19606:98914	148	8091.0	8238.0	best_hit_to_mtDNA	humanM
C	T	C	8234	HG001_all_regions	HG001_chr1.633396.634413|HWI-D00360:5:H814YADXX:2:1208:19606:98914	HG001_chr1.633396.634413|HWI-D00360:5:H814YADXX:2:1208:19606:98914	148	8091.0	8238.0	best_hit_to_mtDNA	humanM
T	C	C	8171	HG001_all_regions	HG001_chr1.633396.634413|HISEQ1:15:H9258ADXX:1:1212:16021:52150	HG001_chr1.633396.634413|HISEQ1:15:H9258ADXX:1:1212:16021:52150	149	8166.0	8313.0	best_hit_to_mtDNA	chimpM
T	A	T	8180	HG001_all_regions	HG001_chr1.633396.634413|HISEQ1:15:H9258ADXX:1:1212:16021:52150	HG001_chr1.633396.634413|HISEQ1:15:H9258ADXX:1:1212:16021:52150	149	8166.0	8313.0	best_hit_to_mtDNA	humanM
C	T	T	8207	HG001_all_regions	HG001_chr1.633396.634413|HISEQ1:15:H9258ADXX:1:1212:16021:52150	HG001_chr1.633396.634413|HISEQ1:15:H9258ADXX:1:1212:16021:52150	149	8166.0	8313.0	best_hit_to_mtDNA	chimpM
G	A	G	8210	HG001_all_regions	HG001_chr1.633396.634413|HISEQ1:15:H9258ADXX:1:1212:16021:52150	HG001_chr1.633396.634413|HISEQ1:15:H9258ADXX:1:1212:16021:52150	149	8166.0	8313.0	best_hit_to_mtDNA	humanM
T	C	T	8231	HG001_all_regions	HG001_chr1.633396.634413|HISEQ1:15:H9258ADXX:1:1212:16021:52150	HG001_chr1.633396.634413|HISEQ1:15:H9258ADXX:1:1212:16021:52150	149	8166.0	8313.0	best_hit_to_mtDNA	humanM
C	T	C	8234	HG001_all_regions	HG001_chr1.633396.634413|HISEQ1:15:H9258ADXX:1:1212:16021:52150	HG001_chr1.633396.634413|HISEQ1:15:H9258ADXX:1:1212:16021:52150	149	8166.0	8313.0	best_hit_to_mtDNA	humanM
G	A	G	8255	HG001_all_regions	HG001_chr1.633396.634413|HISEQ1:15:H9258ADXX:1:1212:16021:52150	HG001_chr1.633396.634413|HISEQ1:15:H9258ADXX:1:1212:16021:52150	149	8166.0	8313.0	best_hit_to_mtDNA	humanM
T	C	T	8264	HG001_all_regions	HG001_chr1.633396.634413|HISEQ1:15:H9258ADXX:1:1212:16021:52150	HG001_chr1.633396.634413|HISEQ1:15:H9258ADXX:1:1212:16021:52150	149	8166.0	8313.0	best_hit_to_mtDNA	humanM
C	T	C	8267	HG001_all_regions	HG001_chr1.633396.634413|HISEQ1:15:H9258ADXX:1:1212:16021:52150	HG001_chr1.633396.634413|HISEQ1:15:H9258ADXX:1:1212:16021:52150	149	8166.0	8313.0	best_hit_to_mtDNA	humanM
C	T	C	8278	HG001_all_regions	HG001_chr1.633396.634413|HISEQ1:15:H9258ADXX:1:1212:16021:52150	HG001_chr1.633396.634413|HISEQ1:15:H9258ADXX:1:1212:16021:52150	149	8166.0	8313.0	best_hit_to_mtDNA	humanM
C	T	C	8279	HG001_all_regions	HG001_chr1.633396.634413|HISEQ1:15:H9258ADXX:1:1212:16021:52150	HG001_chr1.633396.634413|HISEQ1:15:H9258ADXX:1:1212:16021:52150	149	8166.0	8313.0	best_hit_to_mtDNA	humanM
-	T	-	8289	HG001_all_regions	HG001_chr1.633396.634413|HISEQ1:15:H9258ADXX:1:1212:16021:52150	HG001_chr1.633396.634413|HISEQ1:15:H9258ADXX:1:1212:16021:52150	149	8166.0	8313.0	best_hit_to_mtDNA	humanM
T	C	T	8293	HG001_all_regions	HG001_chr1.633396.634413|HISEQ1:15:H9258ADXX:1:1212:16021:52150	HG001_chr1.633396.634413|HISEQ1:15:H9258ADXX:1:1212:16021:52150	149	8166.0	8313.0	best_hit_to_mtDNA	humanM
C	T	C	8299	HG001_all_regions	HG001_chr1.633396.634413|HISEQ1:15:H9258ADXX:1:1212:16021:52150	HG001_chr1.633396.634413|HISEQ1:15:H9258ADXX:1:1212:16021:52150	149	8166.0	8313.0	best_hit_to_mtDNA	humanM
T	A	T	8180	HG001_all_regions	HG001_chr1.633396.634413|HISEQ1:9:H8962ADXX:1:2210:4803:58938	HG001_chr1.633396.634413|HISEQ1:9:H8962ADXX:1:2210:4803:58938	149	8170.0	8317.0	best_hit_to_mtDNA	humanM
C	T	T	8207	HG001_all_regions	HG001_chr1.633396.634413|HISEQ1:9:H8962ADXX:1:2210:4803:58938	HG001_chr1.633396.634413|HISEQ1:9:H8962ADXX:1:2210:4803:58938	149	8170.0	8317.0	best_hit_to_mtDNA	chimpM
G	A	G	8210	HG001_all_regions	HG001_chr1.633396.634413|HISEQ1:9:H8962ADXX:1:2210:4803:58938	HG001_chr1.633396.634413|HISEQ1:9:H8962ADXX:1:2210:4803:58938	149	8170.0	8317.0	best_hit_to_mtDNA	humanM
T	C	T	8231	HG001_all_regions	HG001_chr1.633396.634413|HISEQ1:9:H8962ADXX:1:2210:4803:58938	HG001_chr1.633396.634413|HISEQ1:9:H8962ADXX:1:2210:4803:58938	149	8170.0	8317.0	best_hit_to_mtDNA	humanM
C	T	C	8234	HG001_all_regions	HG001_chr1.633396.634413|HISEQ1:9:H8962ADXX:1:2210:4803:58938	HG001_chr1.633396.634413|HISEQ1:9:H8962ADXX:1:2210:4803:58938	149	8170.0	8317.0	best_hit_to_mtDNA	humanM
G	A	G	8255	HG001_all_regions	HG001_chr1.633396.634413|HISEQ1:9:H8962ADXX:1:2210:4803:58938	HG001_chr1.633396.634413|HISEQ1:9:H8962ADXX:1:2210:4803:58938	149	8170.0	8317.0	best_hit_to_mtDNA	humanM
T	C	T	8264	HG001_all_regions	HG001_chr1.633396.634413|HISEQ1:9:H8962ADXX:1:2210:4803:58938	HG001_chr1.633396.634413|HISEQ1:9:H8962ADXX:1:2210:4803:58938	149	8170.0	8317.0	best_hit_to_mtDNA	humanM
C	T	C	8267	HG001_all_regions	HG001_chr1.633396.634413|HISEQ1:9:H8962ADXX:1:2210:4803:58938	HG001_chr1.633396.634413|HISEQ1:9:H8962ADXX:1:2210:4803:58938	149	8170.0	8317.0	best_hit_to_mtDNA	humanM
C	T	C	8278	HG001_all_regions	HG001_chr1.633396.634413|HISEQ1:9:H8962ADXX:1:2210:4803:58938	HG001_chr1.633396.634413|HISEQ1:9:H8962ADXX:1:2210:4803:58938	149	8170.0	8317.0	best_hit_to_mtDNA	humanM
C	T	C	8279	HG001_all_regions	HG001_chr1.633396.634413|HISEQ1:9:H8962ADXX:1:2210:4803:58938	HG001_chr1.633396.634413|HISEQ1:9:H8962ADXX:1:2210:4803:58938	149	8170.0	8317.0	best_hit_to_mtDNA	humanM
-	T	-	8289	HG001_all_regions	HG001_chr1.633396.634413|HISEQ1:9:H8962ADXX:1:2210:4803:58938	HG001_chr1.633396.634413|HISEQ1:9:H8962ADXX:1:2210:4803:58938	149	8170.0	8317.0	best_hit_to_mtDNA	humanM
T	C	T	8293	HG001_all_regions	HG001_chr1.633396.634413|HISEQ1:9:H8962ADXX:1:2210:4803:58938	HG001_chr1.633396.634413|HISEQ1:9:H8962ADXX:1:2210:4803:58938	149	8170.0	8317.0	best_hit_to_mtDNA	humanM
C	T	C	8299	HG001_all_regions	HG001_chr1.633396.634413|HISEQ1:9:H8962ADXX:1:2210:4803:58938	HG001_chr1.633396.634413|HISEQ1:9:H8962ADXX:1:2210:4803:58938	149	8170.0	8317.0	best_hit_to_mtDNA	humanM
T	C	T	8315	HG001_all_regions	HG001_chr1.633396.634413|HISEQ1:9:H8962ADXX:1:2210:4803:58938	HG001_chr1.633396.634413|HISEQ1:9:H8962ADXX:1:2210:4803:58938	149	8170.0	8317.0	best_hit_to_mtDNA	humanM
T	C	T	8231	HG001_all_regions	HG001_chr1.633396.634413|HISEQ1:11:H8GV6ADXX:1:1211:20254:24767	HG001_chr1.633396.634413|HISEQ1:11:H8GV6ADXX:1:1211:20254:24767	149	8224.0	8371.0	best_hit_to_mtDNA	humanM
C	T	C	8234	HG001_all_regions	HG001_chr1.633396.634413|HISEQ1:11:H8GV6ADXX:1:1211:20254:24767	HG001_chr1.633396.634413|HISEQ1:11:H8GV6ADXX:1:1211:20254:24767	149	8224.0	8371.0	best_hit_to_mtDNA	humanM
G	A	G	8255	HG001_all_regions	HG001_chr1.633396.634413|HISEQ1:11:H8GV6ADXX:1:1211:20254:24767	HG001_chr1.633396.634413|HISEQ1:11:H8GV6ADXX:1:1211:20254:24767	149	8224.0	8371.0	best_hit_to_mtDNA	humanM
T	C	T	8264	HG001_all_regions	HG001_chr1.633396.634413|HISEQ1:11:H8GV6ADXX:1:1211:20254:24767	HG001_chr1.633396.634413|HISEQ1:11:H8GV6ADXX:1:1211:20254:24767	149	8224.0	8371.0	best_hit_to_mtDNA	humanM
C	T	C	8267	HG001_all_regions	HG001_chr1.633396.634413|HISEQ1:11:H8GV6ADXX:1:1211:20254:24767	HG001_chr1.633396.634413|HISEQ1:11:H8GV6ADXX:1:1211:20254:24767	149	8224.0	8371.0	best_hit_to_mtDNA	humanM
C	T	C	8278	HG001_all_regions	HG001_chr1.633396.634413|HISEQ1:11:H8GV6ADXX:1:1211:20254:24767	HG001_chr1.633396.634413|HISEQ1:11:H8GV6ADXX:1:1211:20254:24767	149	8224.0	8371.0	best_hit_to_mtDNA	humanM
C	T	C	8279	HG001_all_regions	HG001_chr1.633396.634413|HISEQ1:11:H8GV6ADXX:1:1211:20254:24767	HG001_chr1.633396.634413|HISEQ1:11:H8GV6ADXX:1:1211:20254:24767	149	8224.0	8371.0	best_hit_to_mtDNA	humanM
-	T	-	8289	HG001_all_regions	HG001_chr1.633396.634413|HISEQ1:11:H8GV6ADXX:1:1211:20254:24767	HG001_chr1.633396.634413|HISEQ1:11:H8GV6ADXX:1:1211:20254:24767	149	8224.0	8371.0	best_hit_to_mtDNA	humanM
T	C	T	8293	HG001_all_regions	HG001_chr1.633396.634413|HISEQ1:11:H8GV6ADXX:1:1211:20254:24767	HG001_chr1.633396.634413|HISEQ1:11:H8GV6ADXX:1:1211:20254:24767	149	8224.0	8371.0	best_hit_to_mtDNA	humanM
C	T	C	8299	HG001_all_regions	HG001_chr1.633396.634413|HISEQ1:11:H8GV6ADXX:1:1211:20254:24767	HG001_chr1.633396.634413|HISEQ1:11:H8GV6ADXX:1:1211:20254:24767	149	8224.0	8371.0	best_hit_to_mtDNA	humanM
T	C	T	8315	HG001_all_regions	HG001_chr1.633396.634413|HISEQ1:11:H8GV6ADXX:1:1211:20254:24767	HG001_chr1.633396.634413|HISEQ1:11:H8GV6ADXX:1:1211:20254:24767	149	8224.0	8371.0	best_hit_to_mtDNA	humanM
A	G	A	8348	HG001_all_regions	HG001_chr1.633396.634413|HISEQ1:11:H8GV6ADXX:1:1211:20254:24767	HG001_chr1.633396.634413|HISEQ1:11:H8GV6ADXX:1:1211:20254:24767	149	8224.0	8371.0	best_hit_to_mtDNA	humanM
A	G	A	8352	HG001_all_regions	HG001_chr1.633396.634413|HISEQ1:11:H8GV6ADXX:1:1211:20254:24767	HG001_chr1.633396.634413|HISEQ1:11:H8GV6ADXX:1:1211:20254:24767	149	8224.0	8371.0	best_hit_to_mtDNA	humanM
-	T	-	8289	HG001_all_regions	HG001_chr1.633396.634413|HISEQ1:13:H8G92ADXX:2:1110:19119:86978	HG001_chr1.633396.634413|HISEQ1:13:H8G92ADXX:2:1110:19119:86978	149	8277.0	8423.0	best_hit_to_mtDNA	humanM
T	C	T	8293	HG001_all_regions	HG001_chr1.633396.634413|HISEQ1:13:H8G92ADXX:2:1110:19119:86978	HG001_chr1.633396.634413|HISEQ1:13:H8G92ADXX:2:1110:19119:86978	149	8277.0	8423.0	best_hit_to_mtDNA	humanM
C	T	C	8299	HG001_all_regions	HG001_chr1.633396.634413|HISEQ1:13:H8G92ADXX:2:1110:19119:86978	HG001_chr1.633396.634413|HISEQ1:13:H8G92ADXX:2:1110:19119:86978	149	8277.0	8423.0	best_hit_to_mtDNA	humanM
T	C	T	8315	HG001_all_regions	HG001_chr1.633396.634413|HISEQ1:13:H8G92ADXX:2:1110:19119:86978	HG001_chr1.633396.634413|HISEQ1:13:H8G92ADXX:2:1110:19119:86978	149	8277.0	8423.0	best_hit_to_mtDNA	humanM
A	G	A	8348	HG001_all_regions	HG001_chr1.633396.634413|HISEQ1:13:H8G92ADXX:2:1110:19119:86978	HG001_chr1.633396.634413|HISEQ1:13:H8G92ADXX:2:1110:19119:86978	149	8277.0	8423.0	best_hit_to_mtDNA	humanM
A	G	A	8352	HG001_all_regions	HG001_chr1.633396.634413|HISEQ1:13:H8G92ADXX:2:1110:19119:86978	HG001_chr1.633396.634413|HISEQ1:13:H8G92ADXX:2:1110:19119:86978	149	8277.0	8423.0	best_hit_to_mtDNA	humanM
T	C	T	8388	HG001_all_regions	HG001_chr1.633396.634413|HISEQ1:13:H8G92ADXX:2:1110:19119:86978	HG001_chr1.633396.634413|HISEQ1:13:H8G92ADXX:2:1110:19119:86978	149	8277.0	8423.0	best_hit_to_mtDNA	humanM
A	G	A	8389	HG001_all_regions	HG001_chr1.633396.634413|HISEQ1:13:H8G92ADXX:2:1110:19119:86978	HG001_chr1.633396.634413|HISEQ1:13:H8G92ADXX:2:1110:19119:86978	149	8277.0	8423.0	best_hit_to_mtDNA	humanM
G	A	G	8397	HG001_all_regions	HG001_chr1.633396.634413|HISEQ1:13:H8G92ADXX:2:1110:19119:86978	HG001_chr1.633396.634413|HISEQ1:13:H8G92ADXX:2:1110:19119:86978	149	8277.0	8423.0	best_hit_to_mtDNA	humanM
C	T	C	8472	HG001_all_regions	HG001_chr1.633396.634413|HWI-D00360:8:H88U0ADXX:2:1107:11523:68955	HG001_chr1.633396.634413|HWI-D00360:8:H88U0ADXX:2:1107:11523:68955	148	8471.0	8602.0	best_hit_to_mtDNA	humanM
T	C	C	8478	HG001_all_regions	HG001_chr1.633396.634413|HWI-D00360:8:H88U0ADXX:2:1107:11523:68955	HG001_chr1.633396.634413|HWI-D00360:8:H88U0ADXX:2:1107:11523:68955	148	8471.0	8602.0	best_hit_to_mtDNA	chimpM
G	A	G	8490	HG001_all_regions	HG001_chr1.633396.634413|HWI-D00360:8:H88U0ADXX:2:1107:11523:68955	HG001_chr1.633396.634413|HWI-D00360:8:H88U0ADXX:2:1107:11523:68955	148	8471.0	8602.0	best_hit_to_mtDNA	humanM
T	C	C	8508	HG001_all_regions	HG001_chr1.633396.634413|HWI-D00360:8:H88U0ADXX:2:1107:11523:68955	HG001_chr1.633396.634413|HWI-D00360:8:H88U0ADXX:2:1107:11523:68955	148	8471.0	8602.0	best_hit_to_mtDNA	chimpM
T	C	A	8511	HG001_all_regions	HG001_chr1.633396.634413|HWI-D00360:8:H88U0ADXX:2:1107:11523:68955	HG001_chr1.633396.634413|HWI-D00360:8:H88U0ADXX:2:1107:11523:68955	148	8471.0	8602.0	best_hit_to_mtDNA	none
C	T	C	8514	HG001_all_regions	HG001_chr1.633396.634413|HWI-D00360:8:H88U0ADXX:2:1107:11523:68955	HG001_chr1.633396.634413|HWI-D00360:8:H88U0ADXX:2:1107:11523:68955	148	8471.0	8602.0	best_hit_to_mtDNA	humanM
G	A	G	8546	HG001_all_regions	HG001_chr1.633396.634413|HWI-D00360:8:H88U0ADXX:2:1107:11523:68955	HG001_chr1.633396.634413|HWI-D00360:8:H88U0ADXX:2:1107:11523:68955	148	8471.0	8602.0	best_hit_to_mtDNA	humanM
A	G	A	8559	HG001_all_regions	HG001_chr1.633396.634413|HWI-D00360:8:H88U0ADXX:2:1107:11523:68955	HG001_chr1.633396.634413|HWI-D00360:8:H88U0ADXX:2:1107:11523:68955	148	8471.0	8602.0	best_hit_to_mtDNA	humanM
T	C	T	8560	HG001_all_regions	HG001_chr1.633396.634413|HWI-D00360:8:H88U0ADXX:2:1107:11523:68955	HG001_chr1.633396.634413|HWI-D00360:8:H88U0ADXX:2:1107:11523:68955	148	8471.0	8602.0	best_hit_to_mtDNA	humanM
C	T	C	8580	HG001_all_regions	HG001_chr1.633396.634413|HWI-D00360:8:H88U0ADXX:2:1107:11523:68955	HG001_chr1.633396.634413|HWI-D00360:8:H88U0ADXX:2:1107:11523:68955	148	8471.0	8602.0	best_hit_to_mtDNA	humanM
G	A	G	8597	HG001_all_regions	HG001_chr1.633396.634413|HWI-D00360:8:H88U0ADXX:2:1107:11523:68955	HG001_chr1.633396.634413|HWI-D00360:8:H88U0ADXX:2:1107:11523:68955	148	8471.0	8602.0	best_hit_to_mtDNA	humanM
T	C	T	8741	HG001_all_regions	HG001_chr1.633396.634413|HISEQ1:14:H8GGVADXX:2:1208:15065:61481	HG001_chr1.633396.634413|HISEQ1:14:H8GGVADXX:2:1208:15065:61481	148	8715.0	8862.0	best_hit_to_mtDNA	humanM
G	A	G	8769	HG001_all_regions	HG001_chr1.633396.634413|HISEQ1:14:H8GGVADXX:2:1208:15065:61481	HG001_chr1.633396.634413|HISEQ1:14:H8GGVADXX:2:1208:15065:61481	148	8715.0	8862.0	best_hit_to_mtDNA	humanM
T	C	T	8777	HG001_all_regions	HG001_chr1.633396.634413|HISEQ1:14:H8GGVADXX:2:1208:15065:61481	HG001_chr1.633396.634413|HISEQ1:14:H8GGVADXX:2:1208:15065:61481	148	8715.0	8862.0	best_hit_to_mtDNA	humanM
C	T	C	8780	HG001_all_regions	HG001_chr1.633396.634413|HISEQ1:14:H8GGVADXX:2:1208:15065:61481	HG001_chr1.633396.634413|HISEQ1:14:H8GGVADXX:2:1208:15065:61481	148	8715.0	8862.0	best_hit_to_mtDNA	humanM
C	T	C	8783	HG001_all_regions	HG001_chr1.633396.634413|HISEQ1:14:H8GGVADXX:2:1208:15065:61481	HG001_chr1.633396.634413|HISEQ1:14:H8GGVADXX:2:1208:15065:61481	148	8715.0	8862.0	best_hit_to_mtDNA	humanM
C	T	C	8786	HG001_all_regions	HG001_chr1.633396.634413|HISEQ1:14:H8GGVADXX:2:1208:15065:61481	HG001_chr1.633396.634413|HISEQ1:14:H8GGVADXX:2:1208:15065:61481	148	8715.0	8862.0	best_hit_to_mtDNA	humanM
A	G	A	8789	HG001_all_regions	HG001_chr1.633396.634413|HISEQ1:14:H8GGVADXX:2:1208:15065:61481	HG001_chr1.633396.634413|HISEQ1:14:H8GGVADXX:2:1208:15065:61481	148	8715.0	8862.0	best_hit_to_mtDNA	humanM
C	T	C	8792	HG001_all_regions	HG001_chr1.633396.634413|HISEQ1:14:H8GGVADXX:2:1208:15065:61481	HG001_chr1.633396.634413|HISEQ1:14:H8GGVADXX:2:1208:15065:61481	148	8715.0	8862.0	best_hit_to_mtDNA	humanM
G	A	G	8795	HG001_all_regions	HG001_chr1.633396.634413|HISEQ1:14:H8GGVADXX:2:1208:15065:61481	HG001_chr1.633396.634413|HISEQ1:14:H8GGVADXX:2:1208:15065:61481	148	8715.0	8862.0	best_hit_to_mtDNA	humanM
T	C	T	8798	HG001_all_regions	HG001_chr1.633396.634413|HISEQ1:14:H8GGVADXX:2:1208:15065:61481	HG001_chr1.633396.634413|HISEQ1:14:H8GGVADXX:2:1208:15065:61481	148	8715.0	8862.0	best_hit_to_mtDNA	humanM
T	C	T	8807	HG001_all_regions	HG001_chr1.633396.634413|HISEQ1:14:H8GGVADXX:2:1208:15065:61481	HG001_chr1.633396.634413|HISEQ1:14:H8GGVADXX:2:1208:15065:61481	148	8715.0	8862.0	best_hit_to_mtDNA	humanM
C	T	C	8846	HG001_all_regions	HG001_chr1.633396.634413|HISEQ1:14:H8GGVADXX:2:1208:15065:61481	HG001_chr1.633396.634413|HISEQ1:14:H8GGVADXX:2:1208:15065:61481	148	8715.0	8862.0	best_hit_to_mtDNA	humanM
T	C	T	8853	HG001_all_regions	HG001_chr1.633396.634413|HISEQ1:14:H8GGVADXX:2:1208:15065:61481	HG001_chr1.633396.634413|HISEQ1:14:H8GGVADXX:2:1208:15065:61481	148	8715.0	8862.0	best_hit_to_mtDNA	humanM
G	A	G	8861	HG001_all_regions	HG001_chr1.633396.634413|HISEQ1:14:H8GGVADXX:2:1208:15065:61481	HG001_chr1.633396.634413|HISEQ1:14:H8GGVADXX:2:1208:15065:61481	148	8715.0	8862.0	best_hit_to_mtDNA	humanM
T	C	T	8741	HG001_all_regions	HG001_chr1.633396.634413|HISEQ1:11:H8GV6ADXX:2:2102:11920:91644	HG001_chr1.633396.634413|HISEQ1:11:H8GV6ADXX:2:2102:11920:91644	148	8734.0	8879.0	best_hit_to_mtDNA	humanM
G	A	G	8769	HG001_all_regions	HG001_chr1.633396.634413|HISEQ1:11:H8GV6ADXX:2:2102:11920:91644	HG001_chr1.633396.634413|HISEQ1:11:H8GV6ADXX:2:2102:11920:91644	148	8734.0	8879.0	best_hit_to_mtDNA	humanM
T	C	T	8777	HG001_all_regions	HG001_chr1.633396.634413|HISEQ1:11:H8GV6ADXX:2:2102:11920:91644	HG001_chr1.633396.634413|HISEQ1:11:H8GV6ADXX:2:2102:11920:91644	148	8734.0	8879.0	best_hit_to_mtDNA	humanM
C	T	C	8780	HG001_all_regions	HG001_chr1.633396.634413|HISEQ1:11:H8GV6ADXX:2:2102:11920:91644	HG001_chr1.633396.634413|HISEQ1:11:H8GV6ADXX:2:2102:11920:91644	148	8734.0	8879.0	best_hit_to_mtDNA	humanM
C	T	C	8783	HG001_all_regions	HG001_chr1.633396.634413|HISEQ1:11:H8GV6ADXX:2:2102:11920:91644	HG001_chr1.633396.634413|HISEQ1:11:H8GV6ADXX:2:2102:11920:91644	148	8734.0	8879.0	best_hit_to_mtDNA	humanM
C	T	C	8786	HG001_all_regions	HG001_chr1.633396.634413|HISEQ1:11:H8GV6ADXX:2:2102:11920:91644	HG001_chr1.633396.634413|HISEQ1:11:H8GV6ADXX:2:2102:11920:91644	148	8734.0	8879.0	best_hit_to_mtDNA	humanM
A	G	A	8789	HG001_all_regions	HG001_chr1.633396.634413|HISEQ1:11:H8GV6ADXX:2:2102:11920:91644	HG001_chr1.633396.634413|HISEQ1:11:H8GV6ADXX:2:2102:11920:91644	148	8734.0	8879.0	best_hit_to_mtDNA	humanM
C	T	C	8792	HG001_all_regions	HG001_chr1.633396.634413|HISEQ1:11:H8GV6ADXX:2:2102:11920:91644	HG001_chr1.633396.634413|HISEQ1:11:H8GV6ADXX:2:2102:11920:91644	148	8734.0	8879.0	best_hit_to_mtDNA	humanM
G	A	G	8795	HG001_all_regions	HG001_chr1.633396.634413|HISEQ1:11:H8GV6ADXX:2:2102:11920:91644	HG001_chr1.633396.634413|HISEQ1:11:H8GV6ADXX:2:2102:11920:91644	148	8734.0	8879.0	best_hit_to_mtDNA	humanM
T	C	T	8798	HG001_all_regions	HG001_chr1.633396.634413|HISEQ1:11:H8GV6ADXX:2:2102:11920:91644	HG001_chr1.633396.634413|HISEQ1:11:H8GV6ADXX:2:2102:11920:91644	148	8734.0	8879.0	best_hit_to_mtDNA	humanM
T	C	T	8807	HG001_all_regions	HG001_chr1.633396.634413|HISEQ1:11:H8GV6ADXX:2:2102:11920:91644	HG001_chr1.633396.634413|HISEQ1:11:H8GV6ADXX:2:2102:11920:91644	148	8734.0	8879.0	best_hit_to_mtDNA	humanM
C	T	C	8846	HG001_all_regions	HG001_chr1.633396.634413|HISEQ1:11:H8GV6ADXX:2:2102:11920:91644	HG001_chr1.633396.634413|HISEQ1:11:H8GV6ADXX:2:2102:11920:91644	148	8734.0	8879.0	best_hit_to_mtDNA	humanM
T	C	T	8853	HG001_all_regions	HG001_chr1.633396.634413|HISEQ1:11:H8GV6ADXX:2:2102:11920:91644	HG001_chr1.633396.634413|HISEQ1:11:H8GV6ADXX:2:2102:11920:91644	148	8734.0	8879.0	best_hit_to_mtDNA	humanM
G	A	G	8861	HG001_all_regions	HG001_chr1.633396.634413|HISEQ1:11:H8GV6ADXX:2:2102:11920:91644	HG001_chr1.633396.634413|HISEQ1:11:H8GV6ADXX:2:2102:11920:91644	148	8734.0	8879.0	best_hit_to_mtDNA	humanM
A	G	G	8865	HG001_all_regions	HG001_chr1.633396.634413|HISEQ1:11:H8GV6ADXX:2:2102:11920:91644	HG001_chr1.633396.634413|HISEQ1:11:H8GV6ADXX:2:2102:11920:91644	148	8734.0	8879.0	best_hit_to_mtDNA	chimpM
G	A	G	8870	HG001_all_regions	HG001_chr1.633396.634413|HISEQ1:11:H8GV6ADXX:2:2102:11920:91644	HG001_chr1.633396.634413|HISEQ1:11:H8GV6ADXX:2:2102:11920:91644	148	8734.0	8879.0	best_hit_to_mtDNA	humanM
A	G	A	8871	HG001_all_regions	HG001_chr1.633396.634413|HISEQ1:11:H8GV6ADXX:2:2102:11920:91644	HG001_chr1.633396.634413|HISEQ1:11:H8GV6ADXX:2:2102:11920:91644	148	8734.0	8879.0	best_hit_to_mtDNA	humanM
T	C	T	8873	HG001_all_regions	HG001_chr1.633396.634413|HISEQ1:11:H8GV6ADXX:2:2102:11920:91644	HG001_chr1.633396.634413|HISEQ1:11:H8GV6ADXX:2:2102:11920:91644	148	8734.0	8879.0	best_hit_to_mtDNA	humanM
G	A	G	8769	HG001_all_regions	HG001_chr1.633396.634413|HISEQ1:11:H8GV6ADXX:2:2111:20074:17103	HG001_chr1.633396.634413|HISEQ1:11:H8GV6ADXX:2:2111:20074:17103	148	8740.0	8886.0	best_hit_to_mtDNA	humanM
T	C	T	8777	HG001_all_regions	HG001_chr1.633396.634413|HISEQ1:11:H8GV6ADXX:2:2111:20074:17103	HG001_chr1.633396.634413|HISEQ1:11:H8GV6ADXX:2:2111:20074:17103	148	8740.0	8886.0	best_hit_to_mtDNA	humanM
C	T	C	8780	HG001_all_regions	HG001_chr1.633396.634413|HISEQ1:11:H8GV6ADXX:2:2111:20074:17103	HG001_chr1.633396.634413|HISEQ1:11:H8GV6ADXX:2:2111:20074:17103	148	8740.0	8886.0	best_hit_to_mtDNA	humanM
C	T	C	8783	HG001_all_regions	HG001_chr1.633396.634413|HISEQ1:11:H8GV6ADXX:2:2111:20074:17103	HG001_chr1.633396.634413|HISEQ1:11:H8GV6ADXX:2:2111:20074:17103	148	8740.0	8886.0	best_hit_to_mtDNA	humanM
C	T	C	8786	HG001_all_regions	HG001_chr1.633396.634413|HISEQ1:11:H8GV6ADXX:2:2111:20074:17103	HG001_chr1.633396.634413|HISEQ1:11:H8GV6ADXX:2:2111:20074:17103	148	8740.0	8886.0	best_hit_to_mtDNA	humanM
A	G	A	8789	HG001_all_regions	HG001_chr1.633396.634413|HISEQ1:11:H8GV6ADXX:2:2111:20074:17103	HG001_chr1.633396.634413|HISEQ1:11:H8GV6ADXX:2:2111:20074:17103	148	8740.0	8886.0	best_hit_to_mtDNA	humanM
C	T	C	8792	HG001_all_regions	HG001_chr1.633396.634413|HISEQ1:11:H8GV6ADXX:2:2111:20074:17103	HG001_chr1.633396.634413|HISEQ1:11:H8GV6ADXX:2:2111:20074:17103	148	8740.0	8886.0	best_hit_to_mtDNA	humanM
G	A	G	8795	HG001_all_regions	HG001_chr1.633396.634413|HISEQ1:11:H8GV6ADXX:2:2111:20074:17103	HG001_chr1.633396.634413|HISEQ1:11:H8GV6ADXX:2:2111:20074:17103	148	8740.0	8886.0	best_hit_to_mtDNA	humanM
T	C	T	8798	HG001_all_regions	HG001_chr1.633396.634413|HISEQ1:11:H8GV6ADXX:2:2111:20074:17103	HG001_chr1.633396.634413|HISEQ1:11:H8GV6ADXX:2:2111:20074:17103	148	8740.0	8886.0	best_hit_to_mtDNA	humanM
T	C	T	8807	HG001_all_regions	HG001_chr1.633396.634413|HISEQ1:11:H8GV6ADXX:2:2111:20074:17103	HG001_chr1.633396.634413|HISEQ1:11:H8GV6ADXX:2:2111:20074:17103	148	8740.0	8886.0	best_hit_to_mtDNA	humanM
C	T	C	8846	HG001_all_regions	HG001_chr1.633396.634413|HISEQ1:11:H8GV6ADXX:2:2111:20074:17103	HG001_chr1.633396.634413|HISEQ1:11:H8GV6ADXX:2:2111:20074:17103	148	8740.0	8886.0	best_hit_to_mtDNA	humanM
T	C	T	8853	HG001_all_regions	HG001_chr1.633396.634413|HISEQ1:11:H8GV6ADXX:2:2111:20074:17103	HG001_chr1.633396.634413|HISEQ1:11:H8GV6ADXX:2:2111:20074:17103	148	8740.0	8886.0	best_hit_to_mtDNA	humanM
G	A	G	8861	HG001_all_regions	HG001_chr1.633396.634413|HISEQ1:11:H8GV6ADXX:2:2111:20074:17103	HG001_chr1.633396.634413|HISEQ1:11:H8GV6ADXX:2:2111:20074:17103	148	8740.0	8886.0	best_hit_to_mtDNA	humanM
A	G	G	8865	HG001_all_regions	HG001_chr1.633396.634413|HISEQ1:11:H8GV6ADXX:2:2111:20074:17103	HG001_chr1.633396.634413|HISEQ1:11:H8GV6ADXX:2:2111:20074:17103	148	8740.0	8886.0	best_hit_to_mtDNA	chimpM
G	A	G	8870	HG001_all_regions	HG001_chr1.633396.634413|HISEQ1:11:H8GV6ADXX:2:2111:20074:17103	HG001_chr1.633396.634413|HISEQ1:11:H8GV6ADXX:2:2111:20074:17103	148	8740.0	8886.0	best_hit_to_mtDNA	humanM
A	G	A	8871	HG001_all_regions	HG001_chr1.633396.634413|HISEQ1:11:H8GV6ADXX:2:2111:20074:17103	HG001_chr1.633396.634413|HISEQ1:11:H8GV6ADXX:2:2111:20074:17103	148	8740.0	8886.0	best_hit_to_mtDNA	humanM
T	C	T	8873	HG001_all_regions	HG001_chr1.633396.634413|HISEQ1:11:H8GV6ADXX:2:2111:20074:17103	HG001_chr1.633396.634413|HISEQ1:11:H8GV6ADXX:2:2111:20074:17103	148	8740.0	8886.0	best_hit_to_mtDNA	humanM
T	C	T	8777	HG001_all_regions	HG001_chr1.633396.634413|HISEQ1:16:H948VADXX:1:1104:16286:24082	HG001_chr1.633396.634413|HISEQ1:16:H948VADXX:1:1104:16286:24082	148	8771.0	8909.0	best_hit_to_mtDNA	humanM
C	T	C	8780	HG001_all_regions	HG001_chr1.633396.634413|HISEQ1:16:H948VADXX:1:1104:16286:24082	HG001_chr1.633396.634413|HISEQ1:16:H948VADXX:1:1104:16286:24082	148	8771.0	8909.0	best_hit_to_mtDNA	humanM
C	T	C	8783	HG001_all_regions	HG001_chr1.633396.634413|HISEQ1:16:H948VADXX:1:1104:16286:24082	HG001_chr1.633396.634413|HISEQ1:16:H948VADXX:1:1104:16286:24082	148	8771.0	8909.0	best_hit_to_mtDNA	humanM
C	T	C	8786	HG001_all_regions	HG001_chr1.633396.634413|HISEQ1:16:H948VADXX:1:1104:16286:24082	HG001_chr1.633396.634413|HISEQ1:16:H948VADXX:1:1104:16286:24082	148	8771.0	8909.0	best_hit_to_mtDNA	humanM
A	G	A	8789	HG001_all_regions	HG001_chr1.633396.634413|HISEQ1:16:H948VADXX:1:1104:16286:24082	HG001_chr1.633396.634413|HISEQ1:16:H948VADXX:1:1104:16286:24082	148	8771.0	8909.0	best_hit_to_mtDNA	humanM
C	T	C	8792	HG001_all_regions	HG001_chr1.633396.634413|HISEQ1:16:H948VADXX:1:1104:16286:24082	HG001_chr1.633396.634413|HISEQ1:16:H948VADXX:1:1104:16286:24082	148	8771.0	8909.0	best_hit_to_mtDNA	humanM
G	A	G	8795	HG001_all_regions	HG001_chr1.633396.634413|HISEQ1:16:H948VADXX:1:1104:16286:24082	HG001_chr1.633396.634413|HISEQ1:16:H948VADXX:1:1104:16286:24082	148	8771.0	8909.0	best_hit_to_mtDNA	humanM
T	C	T	8798	HG001_all_regions	HG001_chr1.633396.634413|HISEQ1:16:H948VADXX:1:1104:16286:24082	HG001_chr1.633396.634413|HISEQ1:16:H948VADXX:1:1104:16286:24082	148	8771.0	8909.0	best_hit_to_mtDNA	humanM
T	C	T	8807	HG001_all_regions	HG001_chr1.633396.634413|HISEQ1:16:H948VADXX:1:1104:16286:24082	HG001_chr1.633396.634413|HISEQ1:16:H948VADXX:1:1104:16286:24082	148	8771.0	8909.0	best_hit_to_mtDNA	humanM
C	T	C	8846	HG001_all_regions	HG001_chr1.633396.634413|HISEQ1:16:H948VADXX:1:1104:16286:24082	HG001_chr1.633396.634413|HISEQ1:16:H948VADXX:1:1104:16286:24082	148	8771.0	8909.0	best_hit_to_mtDNA	humanM
T	C	T	8853	HG001_all_regions	HG001_chr1.633396.634413|HISEQ1:16:H948VADXX:1:1104:16286:24082	HG001_chr1.633396.634413|HISEQ1:16:H948VADXX:1:1104:16286:24082	148	8771.0	8909.0	best_hit_to_mtDNA	humanM
G	A	G	8861	HG001_all_regions	HG001_chr1.633396.634413|HISEQ1:16:H948VADXX:1:1104:16286:24082	HG001_chr1.633396.634413|HISEQ1:16:H948VADXX:1:1104:16286:24082	148	8771.0	8909.0	best_hit_to_mtDNA	humanM
A	G	G	8865	HG001_all_regions	HG001_chr1.633396.634413|HISEQ1:16:H948VADXX:1:1104:16286:24082	HG001_chr1.633396.634413|HISEQ1:16:H948VADXX:1:1104:16286:24082	148	8771.0	8909.0	best_hit_to_mtDNA	chimpM
G	A	G	8870	HG001_all_regions	HG001_chr1.633396.634413|HISEQ1:16:H948VADXX:1:1104:16286:24082	HG001_chr1.633396.634413|HISEQ1:16:H948VADXX:1:1104:16286:24082	148	8771.0	8909.0	best_hit_to_mtDNA	humanM
A	G	A	8871	HG001_all_regions	HG001_chr1.633396.634413|HISEQ1:16:H948VADXX:1:1104:16286:24082	HG001_chr1.633396.634413|HISEQ1:16:H948VADXX:1:1104:16286:24082	148	8771.0	8909.0	best_hit_to_mtDNA	humanM
T	C	T	8873	HG001_all_regions	HG001_chr1.633396.634413|HISEQ1:16:H948VADXX:1:1104:16286:24082	HG001_chr1.633396.634413|HISEQ1:16:H948VADXX:1:1104:16286:24082	148	8771.0	8909.0	best_hit_to_mtDNA	humanM
C	T	C	8887	HG001_all_regions	HG001_chr1.633396.634413|HISEQ1:16:H948VADXX:1:1104:16286:24082	HG001_chr1.633396.634413|HISEQ1:16:H948VADXX:1:1104:16286:24082	148	8771.0	8909.0	best_hit_to_mtDNA	humanM
T	C	T	8893	HG001_all_regions	HG001_chr1.633396.634413|HISEQ1:16:H948VADXX:1:1104:16286:24082	HG001_chr1.633396.634413|HISEQ1:16:H948VADXX:1:1104:16286:24082	148	8771.0	8909.0	best_hit_to_mtDNA	humanM
T	C	T	8777	HG001_all_regions	HG001_chr1.633396.634413|HISEQ1:16:H948VADXX:1:1104:16286:24082	HG001_chr1.633396.634413|HISEQ1:16:H948VADXX:1:1104:16286:24082	148	8771.0	8909.0	best_hit_to_mtDNA	humanM
C	T	C	8780	HG001_all_regions	HG001_chr1.633396.634413|HISEQ1:16:H948VADXX:1:1104:16286:24082	HG001_chr1.633396.634413|HISEQ1:16:H948VADXX:1:1104:16286:24082	148	8771.0	8909.0	best_hit_to_mtDNA	humanM
C	T	C	8783	HG001_all_regions	HG001_chr1.633396.634413|HISEQ1:16:H948VADXX:1:1104:16286:24082	HG001_chr1.633396.634413|HISEQ1:16:H948VADXX:1:1104:16286:24082	148	8771.0	8909.0	best_hit_to_mtDNA	humanM
C	T	C	8786	HG001_all_regions	HG001_chr1.633396.634413|HISEQ1:16:H948VADXX:1:1104:16286:24082	HG001_chr1.633396.634413|HISEQ1:16:H948VADXX:1:1104:16286:24082	148	8771.0	8909.0	best_hit_to_mtDNA	humanM
A	G	A	8789	HG001_all_regions	HG001_chr1.633396.634413|HISEQ1:16:H948VADXX:1:1104:16286:24082	HG001_chr1.633396.634413|HISEQ1:16:H948VADXX:1:1104:16286:24082	148	8771.0	8909.0	best_hit_to_mtDNA	humanM
C	T	C	8792	HG001_all_regions	HG001_chr1.633396.634413|HISEQ1:16:H948VADXX:1:1104:16286:24082	HG001_chr1.633396.634413|HISEQ1:16:H948VADXX:1:1104:16286:24082	148	8771.0	8909.0	best_hit_to_mtDNA	humanM
G	A	G	8795	HG001_all_regions	HG001_chr1.633396.634413|HISEQ1:16:H948VADXX:1:1104:16286:24082	HG001_chr1.633396.634413|HISEQ1:16:H948VADXX:1:1104:16286:24082	148	8771.0	8909.0	best_hit_to_mtDNA	humanM
T	C	T	8798	HG001_all_regions	HG001_chr1.633396.634413|HISEQ1:16:H948VADXX:1:1104:16286:24082	HG001_chr1.633396.634413|HISEQ1:16:H948VADXX:1:1104:16286:24082	148	8771.0	8909.0	best_hit_to_mtDNA	humanM
T	C	T	8807	HG001_all_regions	HG001_chr1.633396.634413|HISEQ1:16:H948VADXX:1:1104:16286:24082	HG001_chr1.633396.634413|HISEQ1:16:H948VADXX:1:1104:16286:24082	148	8771.0	8909.0	best_hit_to_mtDNA	humanM
C	T	C	8846	HG001_all_regions	HG001_chr1.633396.634413|HISEQ1:16:H948VADXX:1:1104:16286:24082	HG001_chr1.633396.634413|HISEQ1:16:H948VADXX:1:1104:16286:24082	148	8771.0	8909.0	best_hit_to_mtDNA	humanM
T	C	T	8853	HG001_all_regions	HG001_chr1.633396.634413|HISEQ1:16:H948VADXX:1:1104:16286:24082	HG001_chr1.633396.634413|HISEQ1:16:H948VADXX:1:1104:16286:24082	148	8771.0	8909.0	best_hit_to_mtDNA	humanM
G	A	G	8861	HG001_all_regions	HG001_chr1.633396.634413|HISEQ1:16:H948VADXX:1:1104:16286:24082	HG001_chr1.633396.634413|HISEQ1:16:H948VADXX:1:1104:16286:24082	148	8771.0	8909.0	best_hit_to_mtDNA	humanM
A	G	G	8865	HG001_all_regions	HG001_chr1.633396.634413|HISEQ1:16:H948VADXX:1:1104:16286:24082	HG001_chr1.633396.634413|HISEQ1:16:H948VADXX:1:1104:16286:24082	148	8771.0	8909.0	best_hit_to_mtDNA	chimpM
G	A	G	8870	HG001_all_regions	HG001_chr1.633396.634413|HISEQ1:16:H948VADXX:1:1104:16286:24082	HG001_chr1.633396.634413|HISEQ1:16:H948VADXX:1:1104:16286:24082	148	8771.0	8909.0	best_hit_to_mtDNA	humanM
A	G	A	8871	HG001_all_regions	HG001_chr1.633396.634413|HISEQ1:16:H948VADXX:1:1104:16286:24082	HG001_chr1.633396.634413|HISEQ1:16:H948VADXX:1:1104:16286:24082	148	8771.0	8909.0	best_hit_to_mtDNA	humanM
T	C	T	8873	HG001_all_regions	HG001_chr1.633396.634413|HISEQ1:16:H948VADXX:1:1104:16286:24082	HG001_chr1.633396.634413|HISEQ1:16:H948VADXX:1:1104:16286:24082	148	8771.0	8909.0	best_hit_to_mtDNA	humanM
C	T	C	8887	HG001_all_regions	HG001_chr1.633396.634413|HISEQ1:16:H948VADXX:1:1104:16286:24082	HG001_chr1.633396.634413|HISEQ1:16:H948VADXX:1:1104:16286:24082	148	8771.0	8909.0	best_hit_to_mtDNA	humanM
T	C	T	8893	HG001_all_regions	HG001_chr1.633396.634413|HISEQ1:16:H948VADXX:1:1104:16286:24082	HG001_chr1.633396.634413|HISEQ1:16:H948VADXX:1:1104:16286:24082	148	8771.0	8909.0	best_hit_to_mtDNA	humanM
T	C	T	8807	HG001_all_regions	HG001_chr1.633396.634413|HISEQ1:13:H8G92ADXX:1:2212:3744:90306	HG001_chr1.633396.634413|HISEQ1:13:H8G92ADXX:1:2212:3744:90306	148	8797.0	8944.0	best_hit_to_mtDNA	humanM
C	T	C	8846	HG001_all_regions	HG001_chr1.633396.634413|HISEQ1:13:H8G92ADXX:1:2212:3744:90306	HG001_chr1.633396.634413|HISEQ1:13:H8G92ADXX:1:2212:3744:90306	148	8797.0	8944.0	best_hit_to_mtDNA	humanM
T	C	T	8853	HG001_all_regions	HG001_chr1.633396.634413|HISEQ1:13:H8G92ADXX:1:2212:3744:90306	HG001_chr1.633396.634413|HISEQ1:13:H8G92ADXX:1:2212:3744:90306	148	8797.0	8944.0	best_hit_to_mtDNA	humanM
G	A	G	8861	HG001_all_regions	HG001_chr1.633396.634413|HISEQ1:13:H8G92ADXX:1:2212:3744:90306	HG001_chr1.633396.634413|HISEQ1:13:H8G92ADXX:1:2212:3744:90306	148	8797.0	8944.0	best_hit_to_mtDNA	humanM
A	G	G	8865	HG001_all_regions	HG001_chr1.633396.634413|HISEQ1:13:H8G92ADXX:1:2212:3744:90306	HG001_chr1.633396.634413|HISEQ1:13:H8G92ADXX:1:2212:3744:90306	148	8797.0	8944.0	best_hit_to_mtDNA	chimpM
G	A	G	8870	HG001_all_regions	HG001_chr1.633396.634413|HISEQ1:13:H8G92ADXX:1:2212:3744:90306	HG001_chr1.633396.634413|HISEQ1:13:H8G92ADXX:1:2212:3744:90306	148	8797.0	8944.0	best_hit_to_mtDNA	humanM
A	G	A	8871	HG001_all_regions	HG001_chr1.633396.634413|HISEQ1:13:H8G92ADXX:1:2212:3744:90306	HG001_chr1.633396.634413|HISEQ1:13:H8G92ADXX:1:2212:3744:90306	148	8797.0	8944.0	best_hit_to_mtDNA	humanM
T	C	T	8873	HG001_all_regions	HG001_chr1.633396.634413|HISEQ1:13:H8G92ADXX:1:2212:3744:90306	HG001_chr1.633396.634413|HISEQ1:13:H8G92ADXX:1:2212:3744:90306	148	8797.0	8944.0	best_hit_to_mtDNA	humanM
C	T	C	8887	HG001_all_regions	HG001_chr1.633396.634413|HISEQ1:13:H8G92ADXX:1:2212:3744:90306	HG001_chr1.633396.634413|HISEQ1:13:H8G92ADXX:1:2212:3744:90306	148	8797.0	8944.0	best_hit_to_mtDNA	humanM
T	C	T	8893	HG001_all_regions	HG001_chr1.633396.634413|HISEQ1:13:H8G92ADXX:1:2212:3744:90306	HG001_chr1.633396.634413|HISEQ1:13:H8G92ADXX:1:2212:3744:90306	148	8797.0	8944.0	best_hit_to_mtDNA	humanM
A	G	A	8921	HG001_all_regions	HG001_chr1.633396.634413|HISEQ1:13:H8G92ADXX:1:2212:3744:90306	HG001_chr1.633396.634413|HISEQ1:13:H8G92ADXX:1:2212:3744:90306	148	8797.0	8944.0	best_hit_to_mtDNA	humanM
T	C	T	8807	HG001_all_regions	HG001_chr1.633396.634413|HISEQ1:9:H8962ADXX:2:2204:10740:56526	HG001_chr1.633396.634413|HISEQ1:9:H8962ADXX:2:2204:10740:56526	148	8799.0	8946.0	best_hit_to_mtDNA	humanM
C	T	C	8846	HG001_all_regions	HG001_chr1.633396.634413|HISEQ1:9:H8962ADXX:2:2204:10740:56526	HG001_chr1.633396.634413|HISEQ1:9:H8962ADXX:2:2204:10740:56526	148	8799.0	8946.0	best_hit_to_mtDNA	humanM
T	C	T	8853	HG001_all_regions	HG001_chr1.633396.634413|HISEQ1:9:H8962ADXX:2:2204:10740:56526	HG001_chr1.633396.634413|HISEQ1:9:H8962ADXX:2:2204:10740:56526	148	8799.0	8946.0	best_hit_to_mtDNA	humanM
G	A	G	8861	HG001_all_regions	HG001_chr1.633396.634413|HISEQ1:9:H8962ADXX:2:2204:10740:56526	HG001_chr1.633396.634413|HISEQ1:9:H8962ADXX:2:2204:10740:56526	148	8799.0	8946.0	best_hit_to_mtDNA	humanM
A	G	G	8865	HG001_all_regions	HG001_chr1.633396.634413|HISEQ1:9:H8962ADXX:2:2204:10740:56526	HG001_chr1.633396.634413|HISEQ1:9:H8962ADXX:2:2204:10740:56526	148	8799.0	8946.0	best_hit_to_mtDNA	chimpM
G	A	G	8870	HG001_all_regions	HG001_chr1.633396.634413|HISEQ1:9:H8962ADXX:2:2204:10740:56526	HG001_chr1.633396.634413|HISEQ1:9:H8962ADXX:2:2204:10740:56526	148	8799.0	8946.0	best_hit_to_mtDNA	humanM
A	G	A	8871	HG001_all_regions	HG001_chr1.633396.634413|HISEQ1:9:H8962ADXX:2:2204:10740:56526	HG001_chr1.633396.634413|HISEQ1:9:H8962ADXX:2:2204:10740:56526	148	8799.0	8946.0	best_hit_to_mtDNA	humanM
T	C	T	8873	HG001_all_regions	HG001_chr1.633396.634413|HISEQ1:9:H8962ADXX:2:2204:10740:56526	HG001_chr1.633396.634413|HISEQ1:9:H8962ADXX:2:2204:10740:56526	148	8799.0	8946.0	best_hit_to_mtDNA	humanM
C	T	C	8887	HG001_all_regions	HG001_chr1.633396.634413|HISEQ1:9:H8962ADXX:2:2204:10740:56526	HG001_chr1.633396.634413|HISEQ1:9:H8962ADXX:2:2204:10740:56526	148	8799.0	8946.0	best_hit_to_mtDNA	humanM
T	C	T	8893	HG001_all_regions	HG001_chr1.633396.634413|HISEQ1:9:H8962ADXX:2:2204:10740:56526	HG001_chr1.633396.634413|HISEQ1:9:H8962ADXX:2:2204:10740:56526	148	8799.0	8946.0	best_hit_to_mtDNA	humanM
A	G	A	8921	HG001_all_regions	HG001_chr1.633396.634413|HISEQ1:9:H8962ADXX:2:2204:10740:56526	HG001_chr1.633396.634413|HISEQ1:9:H8962ADXX:2:2204:10740:56526	148	8799.0	8946.0	best_hit_to_mtDNA	humanM
A	G	A	9185	HG001_all_regions	HG001_chr1.633396.634413|HWI-D00360:6:H81VLADXX:2:1116:11751:85239	HG001_chr1.633396.634413|HWI-D00360:6:H81VLADXX:2:1116:11751:85239	148	9178.0	9325.0	best_hit_to_mtDNA	humanM
T	C	T	9235	HG001_all_regions	HG001_chr1.633396.634413|HWI-D00360:6:H81VLADXX:2:1116:11751:85239	HG001_chr1.633396.634413|HWI-D00360:6:H81VLADXX:2:1116:11751:85239	148	9178.0	9325.0	best_hit_to_mtDNA	humanM
T	C	T	9238	HG001_all_regions	HG001_chr1.633396.634413|HWI-D00360:6:H81VLADXX:2:1116:11751:85239	HG001_chr1.633396.634413|HWI-D00360:6:H81VLADXX:2:1116:11751:85239	148	9178.0	9325.0	best_hit_to_mtDNA	humanM
A	G	A	9280	HG001_all_regions	HG001_chr1.633396.634413|HWI-D00360:6:H81VLADXX:2:1116:11751:85239	HG001_chr1.633396.634413|HWI-D00360:6:H81VLADXX:2:1116:11751:85239	148	9178.0	9325.0	best_hit_to_mtDNA	humanM
G	A	G	9292	HG001_all_regions	HG001_chr1.633396.634413|HWI-D00360:6:H81VLADXX:2:1116:11751:85239	HG001_chr1.633396.634413|HWI-D00360:6:H81VLADXX:2:1116:11751:85239	148	9178.0	9325.0	best_hit_to_mtDNA	humanM
A	G	A	9304	HG001_all_regions	HG001_chr1.633396.634413|HWI-D00360:6:H81VLADXX:2:1116:11751:85239	HG001_chr1.633396.634413|HWI-D00360:6:H81VLADXX:2:1116:11751:85239	148	9178.0	9325.0	best_hit_to_mtDNA	humanM
G	A	G	9310	HG001_all_regions	HG001_chr1.633396.634413|HWI-D00360:6:H81VLADXX:2:1116:11751:85239	HG001_chr1.633396.634413|HWI-D00360:6:H81VLADXX:2:1116:11751:85239	148	9178.0	9325.0	best_hit_to_mtDNA	humanM
T	C	T	9316	HG001_all_regions	HG001_chr1.633396.634413|HWI-D00360:6:H81VLADXX:2:1116:11751:85239	HG001_chr1.633396.634413|HWI-D00360:6:H81VLADXX:2:1116:11751:85239	148	9178.0	9325.0	best_hit_to_mtDNA	humanM
C	T	C	9323	HG001_all_regions	HG001_chr1.633396.634413|HWI-D00360:6:H81VLADXX:2:1116:11751:85239	HG001_chr1.633396.634413|HWI-D00360:6:H81VLADXX:2:1116:11751:85239	148	9178.0	9325.0	best_hit_to_mtDNA	humanM
T	C	T	9235	HG001_all_regions	HG001_chr1.633396.634413|HISEQ1:14:H8GGVADXX:1:1214:18519:96631	HG001_chr1.633396.634413|HISEQ1:14:H8GGVADXX:1:1214:18519:96631	148	9184.0	9331.0	best_hit_to_mtDNA	humanM
T	C	T	9238	HG001_all_regions	HG001_chr1.633396.634413|HISEQ1:14:H8GGVADXX:1:1214:18519:96631	HG001_chr1.633396.634413|HISEQ1:14:H8GGVADXX:1:1214:18519:96631	148	9184.0	9331.0	best_hit_to_mtDNA	humanM
A	G	A	9280	HG001_all_regions	HG001_chr1.633396.634413|HISEQ1:14:H8GGVADXX:1:1214:18519:96631	HG001_chr1.633396.634413|HISEQ1:14:H8GGVADXX:1:1214:18519:96631	148	9184.0	9331.0	best_hit_to_mtDNA	humanM
G	A	G	9292	HG001_all_regions	HG001_chr1.633396.634413|HISEQ1:14:H8GGVADXX:1:1214:18519:96631	HG001_chr1.633396.634413|HISEQ1:14:H8GGVADXX:1:1214:18519:96631	148	9184.0	9331.0	best_hit_to_mtDNA	humanM
A	G	A	9304	HG001_all_regions	HG001_chr1.633396.634413|HISEQ1:14:H8GGVADXX:1:1214:18519:96631	HG001_chr1.633396.634413|HISEQ1:14:H8GGVADXX:1:1214:18519:96631	148	9184.0	9331.0	best_hit_to_mtDNA	humanM
G	A	G	9310	HG001_all_regions	HG001_chr1.633396.634413|HISEQ1:14:H8GGVADXX:1:1214:18519:96631	HG001_chr1.633396.634413|HISEQ1:14:H8GGVADXX:1:1214:18519:96631	148	9184.0	9331.0	best_hit_to_mtDNA	humanM
T	C	T	9316	HG001_all_regions	HG001_chr1.633396.634413|HISEQ1:14:H8GGVADXX:1:1214:18519:96631	HG001_chr1.633396.634413|HISEQ1:14:H8GGVADXX:1:1214:18519:96631	148	9184.0	9331.0	best_hit_to_mtDNA	humanM
C	T	C	9323	HG001_all_regions	HG001_chr1.633396.634413|HISEQ1:14:H8GGVADXX:1:1214:18519:96631	HG001_chr1.633396.634413|HISEQ1:14:H8GGVADXX:1:1214:18519:96631	148	9184.0	9331.0	best_hit_to_mtDNA	humanM
T	C	T	9330	HG001_all_regions	HG001_chr1.633396.634413|HISEQ1:14:H8GGVADXX:1:1214:18519:96631	HG001_chr1.633396.634413|HISEQ1:14:H8GGVADXX:1:1214:18519:96631	148	9184.0	9331.0	best_hit_to_mtDNA	humanM
T	C	T	16517	HG001_all_regions	HG001_chr11.49861375.49862857|HISEQ1:17:H947YADXX:2:2203:20024:98659	HG001_chr11.49861375.49862857|HISEQ1:17:H947YADXX:2:2203:20024:98659	66	16499.0	16569.0	best_hit_to_mtDNA	humanM
T	C	C	16524	HG001_all_regions	HG001_chr11.49861375.49862857|HISEQ1:17:H947YADXX:2:2203:20024:98659	HG001_chr11.49861375.49862857|HISEQ1:17:H947YADXX:2:2203:20024:98659	66	16499.0	16569.0	best_hit_to_mtDNA	chimpM
A	G	A	16528	HG001_all_regions	HG001_chr11.49861375.49862857|HISEQ1:17:H947YADXX:2:2203:20024:98659	HG001_chr11.49861375.49862857|HISEQ1:17:H947YADXX:2:2203:20024:98659	66	16499.0	16569.0	best_hit_to_mtDNA	humanM
-	T	-	16532	HG001_all_regions	HG001_chr11.49861375.49862857|HISEQ1:17:H947YADXX:2:2203:20024:98659	HG001_chr11.49861375.49862857|HISEQ1:17:H947YADXX:2:2203:20024:98659	66	16499.0	16569.0	best_hit_to_mtDNA	humanM
-	T	-	16533	HG001_all_regions	HG001_chr11.49861375.49862857|HISEQ1:17:H947YADXX:2:2203:20024:98659	HG001_chr11.49861375.49862857|HISEQ1:17:H947YADXX:2:2203:20024:98659	66	16499.0	16569.0	best_hit_to_mtDNA	humanM
C	A	C	16535	HG001_all_regions	HG001_chr11.49861375.49862857|HISEQ1:17:H947YADXX:2:2203:20024:98659	HG001_chr11.49861375.49862857|HISEQ1:17:H947YADXX:2:2203:20024:98659	66	16499.0	16569.0	best_hit_to_mtDNA	humanM
T	A	T	16536	HG001_all_regions	HG001_chr11.49861375.49862857|HISEQ1:17:H947YADXX:2:2203:20024:98659	HG001_chr11.49861375.49862857|HISEQ1:17:H947YADXX:2:2203:20024:98659	66	16499.0	16569.0	best_hit_to_mtDNA	humanM
A	G	A	16539	HG001_all_regions	HG001_chr11.49861375.49862857|HISEQ1:17:H947YADXX:2:2203:20024:98659	HG001_chr11.49861375.49862857|HISEQ1:17:H947YADXX:2:2203:20024:98659	66	16499.0	16569.0	best_hit_to_mtDNA	humanM
T	A	T	16540	HG001_all_regions	HG001_chr11.49861375.49862857|HISEQ1:17:H947YADXX:2:2203:20024:98659	HG001_chr11.49861375.49862857|HISEQ1:17:H947YADXX:2:2203:20024:98659	66	16499.0	16569.0	best_hit_to_mtDNA	humanM
A	C	A	16541	HG001_all_regions	HG001_chr11.49861375.49862857|HISEQ1:17:H947YADXX:2:2203:20024:98659	HG001_chr11.49861375.49862857|HISEQ1:17:H947YADXX:2:2203:20024:98659	66	16499.0	16569.0	best_hit_to_mtDNA	humanM
G	T	G	16542	HG001_all_regions	HG001_chr11.49861375.49862857|HISEQ1:17:H947YADXX:2:2203:20024:98659	HG001_chr11.49861375.49862857|HISEQ1:17:H947YADXX:2:2203:20024:98659	66	16499.0	16569.0	best_hit_to_mtDNA	humanM
T	C	T	16517	HG001_all_regions	HG001_chr11.49861375.49862857|HISEQ1:11:H8GV6ADXX:2:1202:20626:51321	HG001_chr11.49861375.49862857|HISEQ1:11:H8GV6ADXX:2:1202:20626:51321	80	16485.0	16569.0	best_hit_to_mtDNA	humanM
T	C	C	16524	HG001_all_regions	HG001_chr11.49861375.49862857|HISEQ1:11:H8GV6ADXX:2:1202:20626:51321	HG001_chr11.49861375.49862857|HISEQ1:11:H8GV6ADXX:2:1202:20626:51321	80	16485.0	16569.0	best_hit_to_mtDNA	chimpM
A	G	A	16528	HG001_all_regions	HG001_chr11.49861375.49862857|HISEQ1:11:H8GV6ADXX:2:1202:20626:51321	HG001_chr11.49861375.49862857|HISEQ1:11:H8GV6ADXX:2:1202:20626:51321	80	16485.0	16569.0	best_hit_to_mtDNA	humanM
-	T	-	16532	HG001_all_regions	HG001_chr11.49861375.49862857|HISEQ1:11:H8GV6ADXX:2:1202:20626:51321	HG001_chr11.49861375.49862857|HISEQ1:11:H8GV6ADXX:2:1202:20626:51321	80	16485.0	16569.0	best_hit_to_mtDNA	humanM
-	T	-	16533	HG001_all_regions	HG001_chr11.49861375.49862857|HISEQ1:11:H8GV6ADXX:2:1202:20626:51321	HG001_chr11.49861375.49862857|HISEQ1:11:H8GV6ADXX:2:1202:20626:51321	80	16485.0	16569.0	best_hit_to_mtDNA	humanM
C	A	C	16535	HG001_all_regions	HG001_chr11.49861375.49862857|HISEQ1:11:H8GV6ADXX:2:1202:20626:51321	HG001_chr11.49861375.49862857|HISEQ1:11:H8GV6ADXX:2:1202:20626:51321	80	16485.0	16569.0	best_hit_to_mtDNA	humanM
T	A	T	16536	HG001_all_regions	HG001_chr11.49861375.49862857|HISEQ1:11:H8GV6ADXX:2:1202:20626:51321	HG001_chr11.49861375.49862857|HISEQ1:11:H8GV6ADXX:2:1202:20626:51321	80	16485.0	16569.0	best_hit_to_mtDNA	humanM
A	G	A	16539	HG001_all_regions	HG001_chr11.49861375.49862857|HISEQ1:11:H8GV6ADXX:2:1202:20626:51321	HG001_chr11.49861375.49862857|HISEQ1:11:H8GV6ADXX:2:1202:20626:51321	80	16485.0	16569.0	best_hit_to_mtDNA	humanM
T	A	T	16540	HG001_all_regions	HG001_chr11.49861375.49862857|HISEQ1:11:H8GV6ADXX:2:1202:20626:51321	HG001_chr11.49861375.49862857|HISEQ1:11:H8GV6ADXX:2:1202:20626:51321	80	16485.0	16569.0	best_hit_to_mtDNA	humanM
A	C	A	16541	HG001_all_regions	HG001_chr11.49861375.49862857|HISEQ1:11:H8GV6ADXX:2:1202:20626:51321	HG001_chr11.49861375.49862857|HISEQ1:11:H8GV6ADXX:2:1202:20626:51321	80	16485.0	16569.0	best_hit_to_mtDNA	humanM
G	T	G	16542	HG001_all_regions	HG001_chr11.49861375.49862857|HISEQ1:11:H8GV6ADXX:2:1202:20626:51321	HG001_chr11.49861375.49862857|HISEQ1:11:H8GV6ADXX:2:1202:20626:51321	80	16485.0	16569.0	best_hit_to_mtDNA	humanM
T	C	-	16129	HG001_all_regions	HG001_chr11.49861375.49862857|HWI-D00360:7:H88WKADXX:1:1102:21133:54795	HG001_chr11.49861375.49862857|HWI-D00360:7:H88WKADXX:1:1102:21133:54795	16533	16089.0	16180.0	best_hit_to_mtDNA	none
G	A	-	16134	HG001_all_regions	HG001_chr11.49861375.49862857|HWI-D00360:7:H88WKADXX:1:1102:21133:54795	HG001_chr11.49861375.49862857|HWI-D00360:7:H88WKADXX:1:1102:21133:54795	16533	16089.0	16180.0	best_hit_to_mtDNA	none
A	T	-	16143	HG001_all_regions	HG001_chr11.49861375.49862857|HWI-D00360:7:H88WKADXX:1:1102:21133:54795	HG001_chr11.49861375.49862857|HWI-D00360:7:H88WKADXX:1:1102:21133:54795	16533	16089.0	16180.0	best_hit_to_mtDNA	none
A	C	-	16144	HG001_all_regions	HG001_chr11.49861375.49862857|HWI-D00360:7:H88WKADXX:1:1102:21133:54795	HG001_chr11.49861375.49862857|HWI-D00360:7:H88WKADXX:1:1102:21133:54795	16533	16089.0	16180.0	best_hit_to_mtDNA	none
T	-	-	16145	HG001_all_regions	HG001_chr11.49861375.49862857|HWI-D00360:7:H88WKADXX:1:1102:21133:54795	HG001_chr11.49861375.49862857|HWI-D00360:7:H88WKADXX:1:1102:21133:54795	16533	16089.0	16180.0	best_hit_to_mtDNA	chimpM
T	C	-	16148	HG001_all_regions	HG001_chr11.49861375.49862857|HWI-D00360:7:H88WKADXX:1:1102:21133:54795	HG001_chr11.49861375.49862857|HWI-D00360:7:H88WKADXX:1:1102:21133:54795	16533	16089.0	16180.0	best_hit_to_mtDNA	none
T	C	-	16149	HG001_all_regions	HG001_chr11.49861375.49862857|HWI-D00360:7:H88WKADXX:1:1102:21133:54795	HG001_chr11.49861375.49862857|HWI-D00360:7:H88WKADXX:1:1102:21133:54795	16533	16089.0	16180.0	best_hit_to_mtDNA	none
G	A	-	16150	HG001_all_regions	HG001_chr11.49861375.49862857|HWI-D00360:7:H88WKADXX:1:1102:21133:54795	HG001_chr11.49861375.49862857|HWI-D00360:7:H88WKADXX:1:1102:21133:54795	16533	16089.0	16180.0	best_hit_to_mtDNA	none
C	T	-	16153	HG001_all_regions	HG001_chr11.49861375.49862857|HWI-D00360:7:H88WKADXX:1:1102:21133:54795	HG001_chr11.49861375.49862857|HWI-D00360:7:H88WKADXX:1:1102:21133:54795	16533	16089.0	16180.0	best_hit_to_mtDNA	none
G	A	-	16158	HG001_all_regions	HG001_chr11.49861375.49862857|HWI-D00360:7:H88WKADXX:1:1102:21133:54795	HG001_chr11.49861375.49862857|HWI-D00360:7:H88WKADXX:1:1102:21133:54795	16533	16089.0	16180.0	best_hit_to_mtDNA	none
A	T	-	16171	HG001_all_regions	HG001_chr11.49861375.49862857|HWI-D00360:7:H88WKADXX:1:1102:21133:54795	HG001_chr11.49861375.49862857|HWI-D00360:7:H88WKADXX:1:1102:21133:54795	16533	16089.0	16180.0	best_hit_to_mtDNA	none
C	A	-	16174	HG001_all_regions	HG001_chr11.49861375.49862857|HWI-D00360:7:H88WKADXX:1:1102:21133:54795	HG001_chr11.49861375.49862857|HWI-D00360:7:H88WKADXX:1:1102:21133:54795	16533	16089.0	16180.0	best_hit_to_mtDNA	none
A	C	-	16175	HG001_all_regions	HG001_chr11.49861375.49862857|HWI-D00360:7:H88WKADXX:1:1102:21133:54795	HG001_chr11.49861375.49862857|HWI-D00360:7:H88WKADXX:1:1102:21133:54795	16533	16089.0	16180.0	best_hit_to_mtDNA	none
A	T	-	16176	HG001_all_regions	HG001_chr11.49861375.49862857|HWI-D00360:7:H88WKADXX:1:1102:21133:54795	HG001_chr11.49861375.49862857|HWI-D00360:7:H88WKADXX:1:1102:21133:54795	16533	16089.0	16180.0	best_hit_to_mtDNA	none
T	C	-	16177	HG001_all_regions	HG001_chr11.49861375.49862857|HWI-D00360:7:H88WKADXX:1:1102:21133:54795	HG001_chr11.49861375.49862857|HWI-D00360:7:H88WKADXX:1:1102:21133:54795	16533	16089.0	16180.0	best_hit_to_mtDNA	none
C	T	T	12722	HG001_all_regions	HG001_chr5.32337638.32339095|HWI-D00360:8:H88U0ADXX:1:2107:15363:82618	HG001_chr5.32337638.32339095|HWI-D00360:8:H88U0ADXX:1:2107:15363:82618	155	12715.0	12821.0	best_hit_to_mtDNA	chimpM
T	C	T	12732	HG001_all_regions	HG001_chr5.32337638.32339095|HWI-D00360:8:H88U0ADXX:1:2107:15363:82618	HG001_chr5.32337638.32339095|HWI-D00360:8:H88U0ADXX:1:2107:15363:82618	155	12715.0	12821.0	best_hit_to_mtDNA	humanM
T	C	T	12737	HG001_all_regions	HG001_chr5.32337638.32339095|HWI-D00360:8:H88U0ADXX:1:2107:15363:82618	HG001_chr5.32337638.32339095|HWI-D00360:8:H88U0ADXX:1:2107:15363:82618	155	12715.0	12821.0	best_hit_to_mtDNA	humanM
G	C	G	12761	HG001_all_regions	HG001_chr5.32337638.32339095|HWI-D00360:8:H88U0ADXX:1:2107:15363:82618	HG001_chr5.32337638.32339095|HWI-D00360:8:H88U0ADXX:1:2107:15363:82618	155	12715.0	12821.0	best_hit_to_mtDNA	humanM
G	A	G	12776	HG001_all_regions	HG001_chr5.32337638.32339095|HWI-D00360:8:H88U0ADXX:1:2107:15363:82618	HG001_chr5.32337638.32339095|HWI-D00360:8:H88U0ADXX:1:2107:15363:82618	155	12715.0	12821.0	best_hit_to_mtDNA	humanM
C	T	C	12797	HG001_all_regions	HG001_chr5.32337638.32339095|HWI-D00360:8:H88U0ADXX:1:2107:15363:82618	HG001_chr5.32337638.32339095|HWI-D00360:8:H88U0ADXX:1:2107:15363:82618	155	12715.0	12821.0	best_hit_to_mtDNA	humanM
T	C	T	12798	HG001_all_regions	HG001_chr5.32337638.32339095|HWI-D00360:8:H88U0ADXX:1:2107:15363:82618	HG001_chr5.32337638.32339095|HWI-D00360:8:H88U0ADXX:1:2107:15363:82618	155	12715.0	12821.0	best_hit_to_mtDNA	humanM
G	A	G	12800	HG001_all_regions	HG001_chr5.32337638.32339095|HWI-D00360:8:H88U0ADXX:1:2107:15363:82618	HG001_chr5.32337638.32339095|HWI-D00360:8:H88U0ADXX:1:2107:15363:82618	155	12715.0	12821.0	best_hit_to_mtDNA	humanM
C	T	C	12806	HG001_all_regions	HG001_chr5.32337638.32339095|HWI-D00360:8:H88U0ADXX:1:2107:15363:82618	HG001_chr5.32337638.32339095|HWI-D00360:8:H88U0ADXX:1:2107:15363:82618	155	12715.0	12821.0	best_hit_to_mtDNA	humanM
T	C	T	12809	HG001_all_regions	HG001_chr5.32337638.32339095|HWI-D00360:8:H88U0ADXX:1:2107:15363:82618	HG001_chr5.32337638.32339095|HWI-D00360:8:H88U0ADXX:1:2107:15363:82618	155	12715.0	12821.0	best_hit_to_mtDNA	humanM
A	G	A	12815	HG001_all_regions	HG001_chr5.32337638.32339095|HWI-D00360:8:H88U0ADXX:1:2107:15363:82618	HG001_chr5.32337638.32339095|HWI-D00360:8:H88U0ADXX:1:2107:15363:82618	155	12715.0	12821.0	best_hit_to_mtDNA	humanM
C	T	G	14832	HG001_all_regions	HG001_chr5.32337638.32339095|HWI-D00360:7:H88WKADXX:1:1214:17891:24868	HG001_chr5.32337638.32339095|HWI-D00360:7:H88WKADXX:1:1214:17891:24868	158	14831.0	14932.0	best_hit_to_mtDNA	none
A	G	A	14844	HG001_all_regions	HG001_chr5.32337638.32339095|HWI-D00360:7:H88WKADXX:1:1214:17891:24868	HG001_chr5.32337638.32339095|HWI-D00360:7:H88WKADXX:1:1214:17891:24868	158	14831.0	14932.0	best_hit_to_mtDNA	humanM
C	T	C	14859	HG001_all_regions	HG001_chr5.32337638.32339095|HWI-D00360:7:H88WKADXX:1:1214:17891:24868	HG001_chr5.32337638.32339095|HWI-D00360:7:H88WKADXX:1:1214:17891:24868	158	14831.0	14932.0	best_hit_to_mtDNA	humanM
T	C	T	14862	HG001_all_regions	HG001_chr5.32337638.32339095|HWI-D00360:7:H88WKADXX:1:1214:17891:24868	HG001_chr5.32337638.32339095|HWI-D00360:7:H88WKADXX:1:1214:17891:24868	158	14831.0	14932.0	best_hit_to_mtDNA	humanM
G	A	G	14874	HG001_all_regions	HG001_chr5.32337638.32339095|HWI-D00360:7:H88WKADXX:1:1214:17891:24868	HG001_chr5.32337638.32339095|HWI-D00360:7:H88WKADXX:1:1214:17891:24868	158	14831.0	14932.0	best_hit_to_mtDNA	humanM
C	T	C	14880	HG001_all_regions	HG001_chr5.32337638.32339095|HWI-D00360:7:H88WKADXX:1:1214:17891:24868	HG001_chr5.32337638.32339095|HWI-D00360:7:H88WKADXX:1:1214:17891:24868	158	14831.0	14932.0	best_hit_to_mtDNA	humanM
C	T	C	14886	HG001_all_regions	HG001_chr5.32337638.32339095|HWI-D00360:7:H88WKADXX:1:1214:17891:24868	HG001_chr5.32337638.32339095|HWI-D00360:7:H88WKADXX:1:1214:17891:24868	158	14831.0	14932.0	best_hit_to_mtDNA	humanM
C	T	C	14896	HG001_all_regions	HG001_chr5.32337638.32339095|HWI-D00360:7:H88WKADXX:1:1214:17891:24868	HG001_chr5.32337638.32339095|HWI-D00360:7:H88WKADXX:1:1214:17891:24868	158	14831.0	14932.0	best_hit_to_mtDNA	humanM
C	T	C	14907	HG001_all_regions	HG001_chr5.32337638.32339095|HWI-D00360:7:H88WKADXX:1:1214:17891:24868	HG001_chr5.32337638.32339095|HWI-D00360:7:H88WKADXX:1:1214:17891:24868	158	14831.0	14932.0	best_hit_to_mtDNA	humanM
G	A	G	14910	HG001_all_regions	HG001_chr5.32337638.32339095|HWI-D00360:7:H88WKADXX:1:1214:17891:24868	HG001_chr5.32337638.32339095|HWI-D00360:7:H88WKADXX:1:1214:17891:24868	158	14831.0	14932.0	best_hit_to_mtDNA	humanM
T	C	C	8097	HG002_all_regions	HG002_chr1.633402.634418|HISEQ1:19:H8VDAADXX:1:1116:12999:93335	HG002_chr1.633402.634418|HISEQ1:19:H8VDAADXX:1:1116:12999:93335	148	8087.0	8234.0	best_hit_to_mtDNA	chimpM
T	C	T	8108	HG002_all_regions	HG002_chr1.633402.634418|HISEQ1:19:H8VDAADXX:1:1116:12999:93335	HG002_chr1.633402.634418|HISEQ1:19:H8VDAADXX:1:1116:12999:93335	148	8087.0	8234.0	best_hit_to_mtDNA	humanM
T	C	C	8123	HG002_all_regions	HG002_chr1.633402.634418|HISEQ1:19:H8VDAADXX:1:1116:12999:93335	HG002_chr1.633402.634418|HISEQ1:19:H8VDAADXX:1:1116:12999:93335	148	8087.0	8234.0	best_hit_to_mtDNA	chimpM
T	C	T	8147	HG002_all_regions	HG002_chr1.633402.634418|HISEQ1:19:H8VDAADXX:1:1116:12999:93335	HG002_chr1.633402.634418|HISEQ1:19:H8VDAADXX:1:1116:12999:93335	148	8087.0	8234.0	best_hit_to_mtDNA	humanM
G	A	A	8156	HG002_all_regions	HG002_chr1.633402.634418|HISEQ1:19:H8VDAADXX:1:1116:12999:93335	HG002_chr1.633402.634418|HISEQ1:19:H8VDAADXX:1:1116:12999:93335	148	8087.0	8234.0	best_hit_to_mtDNA	chimpM
G	A	G	8159	HG002_all_regions	HG002_chr1.633402.634418|HISEQ1:19:H8VDAADXX:1:1116:12999:93335	HG002_chr1.633402.634418|HISEQ1:19:H8VDAADXX:1:1116:12999:93335	148	8087.0	8234.0	best_hit_to_mtDNA	humanM
T	C	C	8171	HG002_all_regions	HG002_chr1.633402.634418|HISEQ1:19:H8VDAADXX:1:1116:12999:93335	HG002_chr1.633402.634418|HISEQ1:19:H8VDAADXX:1:1116:12999:93335	148	8087.0	8234.0	best_hit_to_mtDNA	chimpM
T	A	T	8180	HG002_all_regions	HG002_chr1.633402.634418|HISEQ1:19:H8VDAADXX:1:1116:12999:93335	HG002_chr1.633402.634418|HISEQ1:19:H8VDAADXX:1:1116:12999:93335	148	8087.0	8234.0	best_hit_to_mtDNA	humanM
C	T	T	8207	HG002_all_regions	HG002_chr1.633402.634418|HISEQ1:19:H8VDAADXX:1:1116:12999:93335	HG002_chr1.633402.634418|HISEQ1:19:H8VDAADXX:1:1116:12999:93335	148	8087.0	8234.0	best_hit_to_mtDNA	chimpM
G	A	A	8210	HG002_all_regions	HG002_chr1.633402.634418|HISEQ1:19:H8VDAADXX:1:1116:12999:93335	HG002_chr1.633402.634418|HISEQ1:19:H8VDAADXX:1:1116:12999:93335	148	8087.0	8234.0	best_hit_to_mtDNA	chimpM
T	C	T	8231	HG002_all_regions	HG002_chr1.633402.634418|HISEQ1:19:H8VDAADXX:1:1116:12999:93335	HG002_chr1.633402.634418|HISEQ1:19:H8VDAADXX:1:1116:12999:93335	148	8087.0	8234.0	best_hit_to_mtDNA	humanM
T	C	T	8231	HG002_all_regions	HG002_chr1.633402.634418|HISEQ1:18:H8VC6ADXX:2:1105:2494:19158	HG002_chr1.633402.634418|HISEQ1:18:H8VC6ADXX:2:1105:2494:19158	149	8225.0	8608.0	best_hit_to_mtDNA	humanM
C	T	C	8234	HG002_all_regions	HG002_chr1.633402.634418|HISEQ1:18:H8VC6ADXX:2:1105:2494:19158	HG002_chr1.633402.634418|HISEQ1:18:H8VC6ADXX:2:1105:2494:19158	149	8225.0	8608.0	best_hit_to_mtDNA	humanM
G	A	G	8255	HG002_all_regions	HG002_chr1.633402.634418|HISEQ1:18:H8VC6ADXX:2:1105:2494:19158	HG002_chr1.633402.634418|HISEQ1:18:H8VC6ADXX:2:1105:2494:19158	149	8225.0	8608.0	best_hit_to_mtDNA	humanM
T	C	T	8264	HG002_all_regions	HG002_chr1.633402.634418|HISEQ1:18:H8VC6ADXX:2:1105:2494:19158	HG002_chr1.633402.634418|HISEQ1:18:H8VC6ADXX:2:1105:2494:19158	149	8225.0	8608.0	best_hit_to_mtDNA	humanM
C	T	C	8267	HG002_all_regions	HG002_chr1.633402.634418|HISEQ1:18:H8VC6ADXX:2:1105:2494:19158	HG002_chr1.633402.634418|HISEQ1:18:H8VC6ADXX:2:1105:2494:19158	149	8225.0	8608.0	best_hit_to_mtDNA	humanM
C	T	C	8278	HG002_all_regions	HG002_chr1.633402.634418|HISEQ1:18:H8VC6ADXX:2:1105:2494:19158	HG002_chr1.633402.634418|HISEQ1:18:H8VC6ADXX:2:1105:2494:19158	149	8225.0	8608.0	best_hit_to_mtDNA	humanM
C	T	C	8279	HG002_all_regions	HG002_chr1.633402.634418|HISEQ1:18:H8VC6ADXX:2:1105:2494:19158	HG002_chr1.633402.634418|HISEQ1:18:H8VC6ADXX:2:1105:2494:19158	149	8225.0	8608.0	best_hit_to_mtDNA	humanM
-	T	-	8289	HG002_all_regions	HG002_chr1.633402.634418|HISEQ1:18:H8VC6ADXX:2:1105:2494:19158	HG002_chr1.633402.634418|HISEQ1:18:H8VC6ADXX:2:1105:2494:19158	149	8225.0	8608.0	best_hit_to_mtDNA	humanM
T	C	T	8293	HG002_all_regions	HG002_chr1.633402.634418|HISEQ1:18:H8VC6ADXX:2:1105:2494:19158	HG002_chr1.633402.634418|HISEQ1:18:H8VC6ADXX:2:1105:2494:19158	149	8225.0	8608.0	best_hit_to_mtDNA	humanM
C	T	C	8299	HG002_all_regions	HG002_chr1.633402.634418|HISEQ1:18:H8VC6ADXX:2:1105:2494:19158	HG002_chr1.633402.634418|HISEQ1:18:H8VC6ADXX:2:1105:2494:19158	149	8225.0	8608.0	best_hit_to_mtDNA	humanM
T	C	T	8315	HG002_all_regions	HG002_chr1.633402.634418|HISEQ1:18:H8VC6ADXX:2:1105:2494:19158	HG002_chr1.633402.634418|HISEQ1:18:H8VC6ADXX:2:1105:2494:19158	149	8225.0	8608.0	best_hit_to_mtDNA	humanM
A	G	A	8348	HG002_all_regions	HG002_chr1.633402.634418|HISEQ1:18:H8VC6ADXX:2:1105:2494:19158	HG002_chr1.633402.634418|HISEQ1:18:H8VC6ADXX:2:1105:2494:19158	149	8225.0	8608.0	best_hit_to_mtDNA	humanM
A	G	A	8352	HG002_all_regions	HG002_chr1.633402.634418|HISEQ1:18:H8VC6ADXX:2:1105:2494:19158	HG002_chr1.633402.634418|HISEQ1:18:H8VC6ADXX:2:1105:2494:19158	149	8225.0	8608.0	best_hit_to_mtDNA	humanM
G	A	G	8255	HG002_all_regions	HG002_chr1.633402.634418|HISEQ1:19:H8VDAADXX:1:2104:10759:49439	HG002_chr1.633402.634418|HISEQ1:19:H8VDAADXX:1:2104:10759:49439	149	8238.0	8385.0	best_hit_to_mtDNA	humanM
T	C	T	8264	HG002_all_regions	HG002_chr1.633402.634418|HISEQ1:19:H8VDAADXX:1:2104:10759:49439	HG002_chr1.633402.634418|HISEQ1:19:H8VDAADXX:1:2104:10759:49439	149	8238.0	8385.0	best_hit_to_mtDNA	humanM
C	T	C	8267	HG002_all_regions	HG002_chr1.633402.634418|HISEQ1:19:H8VDAADXX:1:2104:10759:49439	HG002_chr1.633402.634418|HISEQ1:19:H8VDAADXX:1:2104:10759:49439	149	8238.0	8385.0	best_hit_to_mtDNA	humanM
C	T	C	8278	HG002_all_regions	HG002_chr1.633402.634418|HISEQ1:19:H8VDAADXX:1:2104:10759:49439	HG002_chr1.633402.634418|HISEQ1:19:H8VDAADXX:1:2104:10759:49439	149	8238.0	8385.0	best_hit_to_mtDNA	humanM
C	T	C	8279	HG002_all_regions	HG002_chr1.633402.634418|HISEQ1:19:H8VDAADXX:1:2104:10759:49439	HG002_chr1.633402.634418|HISEQ1:19:H8VDAADXX:1:2104:10759:49439	149	8238.0	8385.0	best_hit_to_mtDNA	humanM
-	T	-	8289	HG002_all_regions	HG002_chr1.633402.634418|HISEQ1:19:H8VDAADXX:1:2104:10759:49439	HG002_chr1.633402.634418|HISEQ1:19:H8VDAADXX:1:2104:10759:49439	149	8238.0	8385.0	best_hit_to_mtDNA	humanM
T	C	T	8293	HG002_all_regions	HG002_chr1.633402.634418|HISEQ1:19:H8VDAADXX:1:2104:10759:49439	HG002_chr1.633402.634418|HISEQ1:19:H8VDAADXX:1:2104:10759:49439	149	8238.0	8385.0	best_hit_to_mtDNA	humanM
C	T	C	8299	HG002_all_regions	HG002_chr1.633402.634418|HISEQ1:19:H8VDAADXX:1:2104:10759:49439	HG002_chr1.633402.634418|HISEQ1:19:H8VDAADXX:1:2104:10759:49439	149	8238.0	8385.0	best_hit_to_mtDNA	humanM
T	C	T	8315	HG002_all_regions	HG002_chr1.633402.634418|HISEQ1:19:H8VDAADXX:1:2104:10759:49439	HG002_chr1.633402.634418|HISEQ1:19:H8VDAADXX:1:2104:10759:49439	149	8238.0	8385.0	best_hit_to_mtDNA	humanM
A	G	A	8348	HG002_all_regions	HG002_chr1.633402.634418|HISEQ1:19:H8VDAADXX:1:2104:10759:49439	HG002_chr1.633402.634418|HISEQ1:19:H8VDAADXX:1:2104:10759:49439	149	8238.0	8385.0	best_hit_to_mtDNA	humanM
A	G	A	8352	HG002_all_regions	HG002_chr1.633402.634418|HISEQ1:19:H8VDAADXX:1:2104:10759:49439	HG002_chr1.633402.634418|HISEQ1:19:H8VDAADXX:1:2104:10759:49439	149	8238.0	8385.0	best_hit_to_mtDNA	humanM
G	A	G	8255	HG002_all_regions	HG002_chr1.633402.634418|HISEQ1:18:H8VC6ADXX:2:1204:14355:58861	HG002_chr1.633402.634418|HISEQ1:18:H8VC6ADXX:2:1204:14355:58861	149	8247.0	8394.0	best_hit_to_mtDNA	humanM
T	C	T	8264	HG002_all_regions	HG002_chr1.633402.634418|HISEQ1:18:H8VC6ADXX:2:1204:14355:58861	HG002_chr1.633402.634418|HISEQ1:18:H8VC6ADXX:2:1204:14355:58861	149	8247.0	8394.0	best_hit_to_mtDNA	humanM
C	T	C	8267	HG002_all_regions	HG002_chr1.633402.634418|HISEQ1:18:H8VC6ADXX:2:1204:14355:58861	HG002_chr1.633402.634418|HISEQ1:18:H8VC6ADXX:2:1204:14355:58861	149	8247.0	8394.0	best_hit_to_mtDNA	humanM
C	T	C	8278	HG002_all_regions	HG002_chr1.633402.634418|HISEQ1:18:H8VC6ADXX:2:1204:14355:58861	HG002_chr1.633402.634418|HISEQ1:18:H8VC6ADXX:2:1204:14355:58861	149	8247.0	8394.0	best_hit_to_mtDNA	humanM
C	T	C	8279	HG002_all_regions	HG002_chr1.633402.634418|HISEQ1:18:H8VC6ADXX:2:1204:14355:58861	HG002_chr1.633402.634418|HISEQ1:18:H8VC6ADXX:2:1204:14355:58861	149	8247.0	8394.0	best_hit_to_mtDNA	humanM
-	T	-	8289	HG002_all_regions	HG002_chr1.633402.634418|HISEQ1:18:H8VC6ADXX:2:1204:14355:58861	HG002_chr1.633402.634418|HISEQ1:18:H8VC6ADXX:2:1204:14355:58861	149	8247.0	8394.0	best_hit_to_mtDNA	humanM
T	C	T	8293	HG002_all_regions	HG002_chr1.633402.634418|HISEQ1:18:H8VC6ADXX:2:1204:14355:58861	HG002_chr1.633402.634418|HISEQ1:18:H8VC6ADXX:2:1204:14355:58861	149	8247.0	8394.0	best_hit_to_mtDNA	humanM
C	T	C	8299	HG002_all_regions	HG002_chr1.633402.634418|HISEQ1:18:H8VC6ADXX:2:1204:14355:58861	HG002_chr1.633402.634418|HISEQ1:18:H8VC6ADXX:2:1204:14355:58861	149	8247.0	8394.0	best_hit_to_mtDNA	humanM
T	C	T	8315	HG002_all_regions	HG002_chr1.633402.634418|HISEQ1:18:H8VC6ADXX:2:1204:14355:58861	HG002_chr1.633402.634418|HISEQ1:18:H8VC6ADXX:2:1204:14355:58861	149	8247.0	8394.0	best_hit_to_mtDNA	humanM
A	G	A	8348	HG002_all_regions	HG002_chr1.633402.634418|HISEQ1:18:H8VC6ADXX:2:1204:14355:58861	HG002_chr1.633402.634418|HISEQ1:18:H8VC6ADXX:2:1204:14355:58861	149	8247.0	8394.0	best_hit_to_mtDNA	humanM
A	G	A	8352	HG002_all_regions	HG002_chr1.633402.634418|HISEQ1:18:H8VC6ADXX:2:1204:14355:58861	HG002_chr1.633402.634418|HISEQ1:18:H8VC6ADXX:2:1204:14355:58861	149	8247.0	8394.0	best_hit_to_mtDNA	humanM
T	C	T	8388	HG002_all_regions	HG002_chr1.633402.634418|HISEQ1:18:H8VC6ADXX:2:1204:14355:58861	HG002_chr1.633402.634418|HISEQ1:18:H8VC6ADXX:2:1204:14355:58861	149	8247.0	8394.0	best_hit_to_mtDNA	humanM
A	G	A	8389	HG002_all_regions	HG002_chr1.633402.634418|HISEQ1:18:H8VC6ADXX:2:1204:14355:58861	HG002_chr1.633402.634418|HISEQ1:18:H8VC6ADXX:2:1204:14355:58861	149	8247.0	8394.0	best_hit_to_mtDNA	humanM
C	T	T	8580	HG002_all_regions	HG002_chr1.633402.634418|HISEQ1:18:H8VC6ADXX:1:2104:8827:79327	HG002_chr1.633402.634418|HISEQ1:18:H8VC6ADXX:1:2104:8827:79327	148	8578.0	8695.0	best_hit_to_mtDNA	chimpM
G	A	G	8597	HG002_all_regions	HG002_chr1.633402.634418|HISEQ1:18:H8VC6ADXX:1:2104:8827:79327	HG002_chr1.633402.634418|HISEQ1:18:H8VC6ADXX:1:2104:8827:79327	148	8578.0	8695.0	best_hit_to_mtDNA	humanM
T	C	T	8609	HG002_all_regions	HG002_chr1.633402.634418|HISEQ1:18:H8VC6ADXX:1:2104:8827:79327	HG002_chr1.633402.634418|HISEQ1:18:H8VC6ADXX:1:2104:8827:79327	148	8578.0	8695.0	best_hit_to_mtDNA	humanM
T	C	T	8619	HG002_all_regions	HG002_chr1.633402.634418|HISEQ1:18:H8VC6ADXX:1:2104:8827:79327	HG002_chr1.633402.634418|HISEQ1:18:H8VC6ADXX:1:2104:8827:79327	148	8578.0	8695.0	best_hit_to_mtDNA	humanM
A	G	A	8622	HG002_all_regions	HG002_chr1.633402.634418|HISEQ1:18:H8VC6ADXX:1:2104:8827:79327	HG002_chr1.633402.634418|HISEQ1:18:H8VC6ADXX:1:2104:8827:79327	148	8578.0	8695.0	best_hit_to_mtDNA	humanM
C	T	C	8630	HG002_all_regions	HG002_chr1.633402.634418|HISEQ1:18:H8VC6ADXX:1:2104:8827:79327	HG002_chr1.633402.634418|HISEQ1:18:H8VC6ADXX:1:2104:8827:79327	148	8578.0	8695.0	best_hit_to_mtDNA	humanM
C	T	C	8633	HG002_all_regions	HG002_chr1.633402.634418|HISEQ1:18:H8VC6ADXX:1:2104:8827:79327	HG002_chr1.633402.634418|HISEQ1:18:H8VC6ADXX:1:2104:8827:79327	148	8578.0	8695.0	best_hit_to_mtDNA	humanM
T	C	T	8637	HG002_all_regions	HG002_chr1.633402.634418|HISEQ1:18:H8VC6ADXX:1:2104:8827:79327	HG002_chr1.633402.634418|HISEQ1:18:H8VC6ADXX:1:2104:8827:79327	148	8578.0	8695.0	best_hit_to_mtDNA	humanM
C	T	T	8660	HG002_all_regions	HG002_chr1.633402.634418|HISEQ1:18:H8VC6ADXX:1:2104:8827:79327	HG002_chr1.633402.634418|HISEQ1:18:H8VC6ADXX:1:2104:8827:79327	148	8578.0	8695.0	best_hit_to_mtDNA	chimpM
C	T	C	8681	HG002_all_regions	HG002_chr1.633402.634418|HISEQ1:18:H8VC6ADXX:1:2104:8827:79327	HG002_chr1.633402.634418|HISEQ1:18:H8VC6ADXX:1:2104:8827:79327	148	8578.0	8695.0	best_hit_to_mtDNA	humanM
A	C	C	8682	HG002_all_regions	HG002_chr1.633402.634418|HISEQ1:18:H8VC6ADXX:1:2104:8827:79327	HG002_chr1.633402.634418|HISEQ1:18:H8VC6ADXX:1:2104:8827:79327	148	8578.0	8695.0	best_hit_to_mtDNA	chimpM
A	G	A	8687	HG002_all_regions	HG002_chr1.633402.634418|HISEQ1:18:H8VC6ADXX:1:2104:8827:79327	HG002_chr1.633402.634418|HISEQ1:18:H8VC6ADXX:1:2104:8827:79327	148	8578.0	8695.0	best_hit_to_mtDNA	humanM
T	C	T	8741	HG002_all_regions	HG002_chr1.633402.634418|HISEQ1:18:H8VC6ADXX:2:2116:19073:26544	HG002_chr1.633402.634418|HISEQ1:18:H8VC6ADXX:2:2116:19073:26544	148	8716.0	8863.0	best_hit_to_mtDNA	humanM
G	A	G	8769	HG002_all_regions	HG002_chr1.633402.634418|HISEQ1:18:H8VC6ADXX:2:2116:19073:26544	HG002_chr1.633402.634418|HISEQ1:18:H8VC6ADXX:2:2116:19073:26544	148	8716.0	8863.0	best_hit_to_mtDNA	humanM
T	C	T	8777	HG002_all_regions	HG002_chr1.633402.634418|HISEQ1:18:H8VC6ADXX:2:2116:19073:26544	HG002_chr1.633402.634418|HISEQ1:18:H8VC6ADXX:2:2116:19073:26544	148	8716.0	8863.0	best_hit_to_mtDNA	humanM
C	T	C	8780	HG002_all_regions	HG002_chr1.633402.634418|HISEQ1:18:H8VC6ADXX:2:2116:19073:26544	HG002_chr1.633402.634418|HISEQ1:18:H8VC6ADXX:2:2116:19073:26544	148	8716.0	8863.0	best_hit_to_mtDNA	humanM
C	T	C	8783	HG002_all_regions	HG002_chr1.633402.634418|HISEQ1:18:H8VC6ADXX:2:2116:19073:26544	HG002_chr1.633402.634418|HISEQ1:18:H8VC6ADXX:2:2116:19073:26544	148	8716.0	8863.0	best_hit_to_mtDNA	humanM
C	T	C	8786	HG002_all_regions	HG002_chr1.633402.634418|HISEQ1:18:H8VC6ADXX:2:2116:19073:26544	HG002_chr1.633402.634418|HISEQ1:18:H8VC6ADXX:2:2116:19073:26544	148	8716.0	8863.0	best_hit_to_mtDNA	humanM
A	G	A	8789	HG002_all_regions	HG002_chr1.633402.634418|HISEQ1:18:H8VC6ADXX:2:2116:19073:26544	HG002_chr1.633402.634418|HISEQ1:18:H8VC6ADXX:2:2116:19073:26544	148	8716.0	8863.0	best_hit_to_mtDNA	humanM
C	T	C	8792	HG002_all_regions	HG002_chr1.633402.634418|HISEQ1:18:H8VC6ADXX:2:2116:19073:26544	HG002_chr1.633402.634418|HISEQ1:18:H8VC6ADXX:2:2116:19073:26544	148	8716.0	8863.0	best_hit_to_mtDNA	humanM
G	A	G	8795	HG002_all_regions	HG002_chr1.633402.634418|HISEQ1:18:H8VC6ADXX:2:2116:19073:26544	HG002_chr1.633402.634418|HISEQ1:18:H8VC6ADXX:2:2116:19073:26544	148	8716.0	8863.0	best_hit_to_mtDNA	humanM
T	C	T	8798	HG002_all_regions	HG002_chr1.633402.634418|HISEQ1:18:H8VC6ADXX:2:2116:19073:26544	HG002_chr1.633402.634418|HISEQ1:18:H8VC6ADXX:2:2116:19073:26544	148	8716.0	8863.0	best_hit_to_mtDNA	humanM
T	C	T	8807	HG002_all_regions	HG002_chr1.633402.634418|HISEQ1:18:H8VC6ADXX:2:2116:19073:26544	HG002_chr1.633402.634418|HISEQ1:18:H8VC6ADXX:2:2116:19073:26544	148	8716.0	8863.0	best_hit_to_mtDNA	humanM
C	T	C	8846	HG002_all_regions	HG002_chr1.633402.634418|HISEQ1:18:H8VC6ADXX:2:2116:19073:26544	HG002_chr1.633402.634418|HISEQ1:18:H8VC6ADXX:2:2116:19073:26544	148	8716.0	8863.0	best_hit_to_mtDNA	humanM
T	C	T	8853	HG002_all_regions	HG002_chr1.633402.634418|HISEQ1:18:H8VC6ADXX:2:2116:19073:26544	HG002_chr1.633402.634418|HISEQ1:18:H8VC6ADXX:2:2116:19073:26544	148	8716.0	8863.0	best_hit_to_mtDNA	humanM
G	A	G	8861	HG002_all_regions	HG002_chr1.633402.634418|HISEQ1:18:H8VC6ADXX:2:2116:19073:26544	HG002_chr1.633402.634418|HISEQ1:18:H8VC6ADXX:2:2116:19073:26544	148	8716.0	8863.0	best_hit_to_mtDNA	humanM
T	C	T	8741	HG002_all_regions	HG002_chr1.633402.634418|HISEQ1:20:H9V1RADXX:2:1216:7826:33821	HG002_chr1.633402.634418|HISEQ1:20:H9V1RADXX:2:1216:7826:33821	148	8718.0	8865.0	best_hit_to_mtDNA	humanM
G	A	G	8769	HG002_all_regions	HG002_chr1.633402.634418|HISEQ1:20:H9V1RADXX:2:1216:7826:33821	HG002_chr1.633402.634418|HISEQ1:20:H9V1RADXX:2:1216:7826:33821	148	8718.0	8865.0	best_hit_to_mtDNA	humanM
T	C	T	8777	HG002_all_regions	HG002_chr1.633402.634418|HISEQ1:20:H9V1RADXX:2:1216:7826:33821	HG002_chr1.633402.634418|HISEQ1:20:H9V1RADXX:2:1216:7826:33821	148	8718.0	8865.0	best_hit_to_mtDNA	humanM
C	T	C	8780	HG002_all_regions	HG002_chr1.633402.634418|HISEQ1:20:H9V1RADXX:2:1216:7826:33821	HG002_chr1.633402.634418|HISEQ1:20:H9V1RADXX:2:1216:7826:33821	148	8718.0	8865.0	best_hit_to_mtDNA	humanM
C	T	C	8783	HG002_all_regions	HG002_chr1.633402.634418|HISEQ1:20:H9V1RADXX:2:1216:7826:33821	HG002_chr1.633402.634418|HISEQ1:20:H9V1RADXX:2:1216:7826:33821	148	8718.0	8865.0	best_hit_to_mtDNA	humanM
C	T	C	8786	HG002_all_regions	HG002_chr1.633402.634418|HISEQ1:20:H9V1RADXX:2:1216:7826:33821	HG002_chr1.633402.634418|HISEQ1:20:H9V1RADXX:2:1216:7826:33821	148	8718.0	8865.0	best_hit_to_mtDNA	humanM
A	G	A	8789	HG002_all_regions	HG002_chr1.633402.634418|HISEQ1:20:H9V1RADXX:2:1216:7826:33821	HG002_chr1.633402.634418|HISEQ1:20:H9V1RADXX:2:1216:7826:33821	148	8718.0	8865.0	best_hit_to_mtDNA	humanM
C	T	C	8792	HG002_all_regions	HG002_chr1.633402.634418|HISEQ1:20:H9V1RADXX:2:1216:7826:33821	HG002_chr1.633402.634418|HISEQ1:20:H9V1RADXX:2:1216:7826:33821	148	8718.0	8865.0	best_hit_to_mtDNA	humanM
G	A	G	8795	HG002_all_regions	HG002_chr1.633402.634418|HISEQ1:20:H9V1RADXX:2:1216:7826:33821	HG002_chr1.633402.634418|HISEQ1:20:H9V1RADXX:2:1216:7826:33821	148	8718.0	8865.0	best_hit_to_mtDNA	humanM
T	C	T	8798	HG002_all_regions	HG002_chr1.633402.634418|HISEQ1:20:H9V1RADXX:2:1216:7826:33821	HG002_chr1.633402.634418|HISEQ1:20:H9V1RADXX:2:1216:7826:33821	148	8718.0	8865.0	best_hit_to_mtDNA	humanM
T	C	T	8807	HG002_all_regions	HG002_chr1.633402.634418|HISEQ1:20:H9V1RADXX:2:1216:7826:33821	HG002_chr1.633402.634418|HISEQ1:20:H9V1RADXX:2:1216:7826:33821	148	8718.0	8865.0	best_hit_to_mtDNA	humanM
C	T	C	8846	HG002_all_regions	HG002_chr1.633402.634418|HISEQ1:20:H9V1RADXX:2:1216:7826:33821	HG002_chr1.633402.634418|HISEQ1:20:H9V1RADXX:2:1216:7826:33821	148	8718.0	8865.0	best_hit_to_mtDNA	humanM
T	C	T	8853	HG002_all_regions	HG002_chr1.633402.634418|HISEQ1:20:H9V1RADXX:2:1216:7826:33821	HG002_chr1.633402.634418|HISEQ1:20:H9V1RADXX:2:1216:7826:33821	148	8718.0	8865.0	best_hit_to_mtDNA	humanM
G	A	G	8861	HG002_all_regions	HG002_chr1.633402.634418|HISEQ1:20:H9V1RADXX:2:1216:7826:33821	HG002_chr1.633402.634418|HISEQ1:20:H9V1RADXX:2:1216:7826:33821	148	8718.0	8865.0	best_hit_to_mtDNA	humanM
T	C	T	8741	HG002_all_regions	HG002_chr1.633402.634418|HISEQ1:18:H8VC6ADXX:1:1114:1441:15297	HG002_chr1.633402.634418|HISEQ1:18:H8VC6ADXX:1:1114:1441:15297	148	8735.0	8882.0	best_hit_to_mtDNA	humanM
G	A	G	8769	HG002_all_regions	HG002_chr1.633402.634418|HISEQ1:18:H8VC6ADXX:1:1114:1441:15297	HG002_chr1.633402.634418|HISEQ1:18:H8VC6ADXX:1:1114:1441:15297	148	8735.0	8882.0	best_hit_to_mtDNA	humanM
T	C	T	8777	HG002_all_regions	HG002_chr1.633402.634418|HISEQ1:18:H8VC6ADXX:1:1114:1441:15297	HG002_chr1.633402.634418|HISEQ1:18:H8VC6ADXX:1:1114:1441:15297	148	8735.0	8882.0	best_hit_to_mtDNA	humanM
C	T	C	8780	HG002_all_regions	HG002_chr1.633402.634418|HISEQ1:18:H8VC6ADXX:1:1114:1441:15297	HG002_chr1.633402.634418|HISEQ1:18:H8VC6ADXX:1:1114:1441:15297	148	8735.0	8882.0	best_hit_to_mtDNA	humanM
C	T	C	8783	HG002_all_regions	HG002_chr1.633402.634418|HISEQ1:18:H8VC6ADXX:1:1114:1441:15297	HG002_chr1.633402.634418|HISEQ1:18:H8VC6ADXX:1:1114:1441:15297	148	8735.0	8882.0	best_hit_to_mtDNA	humanM
C	T	C	8786	HG002_all_regions	HG002_chr1.633402.634418|HISEQ1:18:H8VC6ADXX:1:1114:1441:15297	HG002_chr1.633402.634418|HISEQ1:18:H8VC6ADXX:1:1114:1441:15297	148	8735.0	8882.0	best_hit_to_mtDNA	humanM
A	G	A	8789	HG002_all_regions	HG002_chr1.633402.634418|HISEQ1:18:H8VC6ADXX:1:1114:1441:15297	HG002_chr1.633402.634418|HISEQ1:18:H8VC6ADXX:1:1114:1441:15297	148	8735.0	8882.0	best_hit_to_mtDNA	humanM
C	T	C	8792	HG002_all_regions	HG002_chr1.633402.634418|HISEQ1:18:H8VC6ADXX:1:1114:1441:15297	HG002_chr1.633402.634418|HISEQ1:18:H8VC6ADXX:1:1114:1441:15297	148	8735.0	8882.0	best_hit_to_mtDNA	humanM
G	A	G	8795	HG002_all_regions	HG002_chr1.633402.634418|HISEQ1:18:H8VC6ADXX:1:1114:1441:15297	HG002_chr1.633402.634418|HISEQ1:18:H8VC6ADXX:1:1114:1441:15297	148	8735.0	8882.0	best_hit_to_mtDNA	humanM
T	C	T	8798	HG002_all_regions	HG002_chr1.633402.634418|HISEQ1:18:H8VC6ADXX:1:1114:1441:15297	HG002_chr1.633402.634418|HISEQ1:18:H8VC6ADXX:1:1114:1441:15297	148	8735.0	8882.0	best_hit_to_mtDNA	humanM
T	C	T	8807	HG002_all_regions	HG002_chr1.633402.634418|HISEQ1:18:H8VC6ADXX:1:1114:1441:15297	HG002_chr1.633402.634418|HISEQ1:18:H8VC6ADXX:1:1114:1441:15297	148	8735.0	8882.0	best_hit_to_mtDNA	humanM
C	T	C	8846	HG002_all_regions	HG002_chr1.633402.634418|HISEQ1:18:H8VC6ADXX:1:1114:1441:15297	HG002_chr1.633402.634418|HISEQ1:18:H8VC6ADXX:1:1114:1441:15297	148	8735.0	8882.0	best_hit_to_mtDNA	humanM
T	C	T	8853	HG002_all_regions	HG002_chr1.633402.634418|HISEQ1:18:H8VC6ADXX:1:1114:1441:15297	HG002_chr1.633402.634418|HISEQ1:18:H8VC6ADXX:1:1114:1441:15297	148	8735.0	8882.0	best_hit_to_mtDNA	humanM
G	A	G	8861	HG002_all_regions	HG002_chr1.633402.634418|HISEQ1:18:H8VC6ADXX:1:1114:1441:15297	HG002_chr1.633402.634418|HISEQ1:18:H8VC6ADXX:1:1114:1441:15297	148	8735.0	8882.0	best_hit_to_mtDNA	humanM
A	G	G	8865	HG002_all_regions	HG002_chr1.633402.634418|HISEQ1:18:H8VC6ADXX:1:1114:1441:15297	HG002_chr1.633402.634418|HISEQ1:18:H8VC6ADXX:1:1114:1441:15297	148	8735.0	8882.0	best_hit_to_mtDNA	chimpM
G	A	G	8870	HG002_all_regions	HG002_chr1.633402.634418|HISEQ1:18:H8VC6ADXX:1:1114:1441:15297	HG002_chr1.633402.634418|HISEQ1:18:H8VC6ADXX:1:1114:1441:15297	148	8735.0	8882.0	best_hit_to_mtDNA	humanM
A	G	A	8871	HG002_all_regions	HG002_chr1.633402.634418|HISEQ1:18:H8VC6ADXX:1:1114:1441:15297	HG002_chr1.633402.634418|HISEQ1:18:H8VC6ADXX:1:1114:1441:15297	148	8735.0	8882.0	best_hit_to_mtDNA	humanM
T	C	T	8873	HG002_all_regions	HG002_chr1.633402.634418|HISEQ1:18:H8VC6ADXX:1:1114:1441:15297	HG002_chr1.633402.634418|HISEQ1:18:H8VC6ADXX:1:1114:1441:15297	148	8735.0	8882.0	best_hit_to_mtDNA	humanM
G	A	G	8769	HG002_all_regions	HG002_chr1.633402.634418|HISEQ1:19:H8VDAADXX:1:1113:4609:6159	HG002_chr1.633402.634418|HISEQ1:19:H8VDAADXX:1:1113:4609:6159	148	8741.0	8863.0	best_hit_to_mtDNA	humanM
T	C	T	8777	HG002_all_regions	HG002_chr1.633402.634418|HISEQ1:19:H8VDAADXX:1:1113:4609:6159	HG002_chr1.633402.634418|HISEQ1:19:H8VDAADXX:1:1113:4609:6159	148	8741.0	8863.0	best_hit_to_mtDNA	humanM
C	T	C	8780	HG002_all_regions	HG002_chr1.633402.634418|HISEQ1:19:H8VDAADXX:1:1113:4609:6159	HG002_chr1.633402.634418|HISEQ1:19:H8VDAADXX:1:1113:4609:6159	148	8741.0	8863.0	best_hit_to_mtDNA	humanM
C	T	C	8783	HG002_all_regions	HG002_chr1.633402.634418|HISEQ1:19:H8VDAADXX:1:1113:4609:6159	HG002_chr1.633402.634418|HISEQ1:19:H8VDAADXX:1:1113:4609:6159	148	8741.0	8863.0	best_hit_to_mtDNA	humanM
C	T	C	8786	HG002_all_regions	HG002_chr1.633402.634418|HISEQ1:19:H8VDAADXX:1:1113:4609:6159	HG002_chr1.633402.634418|HISEQ1:19:H8VDAADXX:1:1113:4609:6159	148	8741.0	8863.0	best_hit_to_mtDNA	humanM
A	G	A	8789	HG002_all_regions	HG002_chr1.633402.634418|HISEQ1:19:H8VDAADXX:1:1113:4609:6159	HG002_chr1.633402.634418|HISEQ1:19:H8VDAADXX:1:1113:4609:6159	148	8741.0	8863.0	best_hit_to_mtDNA	humanM
C	T	C	8792	HG002_all_regions	HG002_chr1.633402.634418|HISEQ1:19:H8VDAADXX:1:1113:4609:6159	HG002_chr1.633402.634418|HISEQ1:19:H8VDAADXX:1:1113:4609:6159	148	8741.0	8863.0	best_hit_to_mtDNA	humanM
G	A	G	8795	HG002_all_regions	HG002_chr1.633402.634418|HISEQ1:19:H8VDAADXX:1:1113:4609:6159	HG002_chr1.633402.634418|HISEQ1:19:H8VDAADXX:1:1113:4609:6159	148	8741.0	8863.0	best_hit_to_mtDNA	humanM
T	C	T	8798	HG002_all_regions	HG002_chr1.633402.634418|HISEQ1:19:H8VDAADXX:1:1113:4609:6159	HG002_chr1.633402.634418|HISEQ1:19:H8VDAADXX:1:1113:4609:6159	148	8741.0	8863.0	best_hit_to_mtDNA	humanM
T	C	T	8807	HG002_all_regions	HG002_chr1.633402.634418|HISEQ1:19:H8VDAADXX:1:1113:4609:6159	HG002_chr1.633402.634418|HISEQ1:19:H8VDAADXX:1:1113:4609:6159	148	8741.0	8863.0	best_hit_to_mtDNA	humanM
C	T	C	8846	HG002_all_regions	HG002_chr1.633402.634418|HISEQ1:19:H8VDAADXX:1:1113:4609:6159	HG002_chr1.633402.634418|HISEQ1:19:H8VDAADXX:1:1113:4609:6159	148	8741.0	8863.0	best_hit_to_mtDNA	humanM
T	C	T	8853	HG002_all_regions	HG002_chr1.633402.634418|HISEQ1:19:H8VDAADXX:1:1113:4609:6159	HG002_chr1.633402.634418|HISEQ1:19:H8VDAADXX:1:1113:4609:6159	148	8741.0	8863.0	best_hit_to_mtDNA	humanM
G	A	G	8861	HG002_all_regions	HG002_chr1.633402.634418|HISEQ1:19:H8VDAADXX:1:1113:4609:6159	HG002_chr1.633402.634418|HISEQ1:19:H8VDAADXX:1:1113:4609:6159	148	8741.0	8863.0	best_hit_to_mtDNA	humanM
G	A	G	8769	HG002_all_regions	HG002_chr1.633402.634418|HISEQ1:19:H8VDAADXX:1:1113:4609:6159	HG002_chr1.633402.634418|HISEQ1:19:H8VDAADXX:1:1113:4609:6159	148	8741.0	8863.0	best_hit_to_mtDNA	humanM
T	C	T	8777	HG002_all_regions	HG002_chr1.633402.634418|HISEQ1:19:H8VDAADXX:1:1113:4609:6159	HG002_chr1.633402.634418|HISEQ1:19:H8VDAADXX:1:1113:4609:6159	148	8741.0	8863.0	best_hit_to_mtDNA	humanM
C	T	C	8780	HG002_all_regions	HG002_chr1.633402.634418|HISEQ1:19:H8VDAADXX:1:1113:4609:6159	HG002_chr1.633402.634418|HISEQ1:19:H8VDAADXX:1:1113:4609:6159	148	8741.0	8863.0	best_hit_to_mtDNA	humanM
C	T	C	8783	HG002_all_regions	HG002_chr1.633402.634418|HISEQ1:19:H8VDAADXX:1:1113:4609:6159	HG002_chr1.633402.634418|HISEQ1:19:H8VDAADXX:1:1113:4609:6159	148	8741.0	8863.0	best_hit_to_mtDNA	humanM
C	T	C	8786	HG002_all_regions	HG002_chr1.633402.634418|HISEQ1:19:H8VDAADXX:1:1113:4609:6159	HG002_chr1.633402.634418|HISEQ1:19:H8VDAADXX:1:1113:4609:6159	148	8741.0	8863.0	best_hit_to_mtDNA	humanM
A	G	A	8789	HG002_all_regions	HG002_chr1.633402.634418|HISEQ1:19:H8VDAADXX:1:1113:4609:6159	HG002_chr1.633402.634418|HISEQ1:19:H8VDAADXX:1:1113:4609:6159	148	8741.0	8863.0	best_hit_to_mtDNA	humanM
C	T	C	8792	HG002_all_regions	HG002_chr1.633402.634418|HISEQ1:19:H8VDAADXX:1:1113:4609:6159	HG002_chr1.633402.634418|HISEQ1:19:H8VDAADXX:1:1113:4609:6159	148	8741.0	8863.0	best_hit_to_mtDNA	humanM
G	A	G	8795	HG002_all_regions	HG002_chr1.633402.634418|HISEQ1:19:H8VDAADXX:1:1113:4609:6159	HG002_chr1.633402.634418|HISEQ1:19:H8VDAADXX:1:1113:4609:6159	148	8741.0	8863.0	best_hit_to_mtDNA	humanM
T	C	T	8798	HG002_all_regions	HG002_chr1.633402.634418|HISEQ1:19:H8VDAADXX:1:1113:4609:6159	HG002_chr1.633402.634418|HISEQ1:19:H8VDAADXX:1:1113:4609:6159	148	8741.0	8863.0	best_hit_to_mtDNA	humanM
T	C	T	8807	HG002_all_regions	HG002_chr1.633402.634418|HISEQ1:19:H8VDAADXX:1:1113:4609:6159	HG002_chr1.633402.634418|HISEQ1:19:H8VDAADXX:1:1113:4609:6159	148	8741.0	8863.0	best_hit_to_mtDNA	humanM
C	T	C	8846	HG002_all_regions	HG002_chr1.633402.634418|HISEQ1:19:H8VDAADXX:1:1113:4609:6159	HG002_chr1.633402.634418|HISEQ1:19:H8VDAADXX:1:1113:4609:6159	148	8741.0	8863.0	best_hit_to_mtDNA	humanM
T	C	T	8853	HG002_all_regions	HG002_chr1.633402.634418|HISEQ1:19:H8VDAADXX:1:1113:4609:6159	HG002_chr1.633402.634418|HISEQ1:19:H8VDAADXX:1:1113:4609:6159	148	8741.0	8863.0	best_hit_to_mtDNA	humanM
G	A	G	8861	HG002_all_regions	HG002_chr1.633402.634418|HISEQ1:19:H8VDAADXX:1:1113:4609:6159	HG002_chr1.633402.634418|HISEQ1:19:H8VDAADXX:1:1113:4609:6159	148	8741.0	8863.0	best_hit_to_mtDNA	humanM
G	A	G	8769	HG002_all_regions	HG002_chr1.633402.634418|HISEQ1:18:H8VC6ADXX:2:1102:11727:16881	HG002_chr1.633402.634418|HISEQ1:18:H8VC6ADXX:2:1102:11727:16881	148	8756.0	8881.0	best_hit_to_mtDNA	humanM
T	C	T	8777	HG002_all_regions	HG002_chr1.633402.634418|HISEQ1:18:H8VC6ADXX:2:1102:11727:16881	HG002_chr1.633402.634418|HISEQ1:18:H8VC6ADXX:2:1102:11727:16881	148	8756.0	8881.0	best_hit_to_mtDNA	humanM
C	T	C	8780	HG002_all_regions	HG002_chr1.633402.634418|HISEQ1:18:H8VC6ADXX:2:1102:11727:16881	HG002_chr1.633402.634418|HISEQ1:18:H8VC6ADXX:2:1102:11727:16881	148	8756.0	8881.0	best_hit_to_mtDNA	humanM
C	T	C	8783	HG002_all_regions	HG002_chr1.633402.634418|HISEQ1:18:H8VC6ADXX:2:1102:11727:16881	HG002_chr1.633402.634418|HISEQ1:18:H8VC6ADXX:2:1102:11727:16881	148	8756.0	8881.0	best_hit_to_mtDNA	humanM
C	T	C	8786	HG002_all_regions	HG002_chr1.633402.634418|HISEQ1:18:H8VC6ADXX:2:1102:11727:16881	HG002_chr1.633402.634418|HISEQ1:18:H8VC6ADXX:2:1102:11727:16881	148	8756.0	8881.0	best_hit_to_mtDNA	humanM
A	G	A	8789	HG002_all_regions	HG002_chr1.633402.634418|HISEQ1:18:H8VC6ADXX:2:1102:11727:16881	HG002_chr1.633402.634418|HISEQ1:18:H8VC6ADXX:2:1102:11727:16881	148	8756.0	8881.0	best_hit_to_mtDNA	humanM
C	T	C	8792	HG002_all_regions	HG002_chr1.633402.634418|HISEQ1:18:H8VC6ADXX:2:1102:11727:16881	HG002_chr1.633402.634418|HISEQ1:18:H8VC6ADXX:2:1102:11727:16881	148	8756.0	8881.0	best_hit_to_mtDNA	humanM
G	A	G	8795	HG002_all_regions	HG002_chr1.633402.634418|HISEQ1:18:H8VC6ADXX:2:1102:11727:16881	HG002_chr1.633402.634418|HISEQ1:18:H8VC6ADXX:2:1102:11727:16881	148	8756.0	8881.0	best_hit_to_mtDNA	humanM
T	C	T	8798	HG002_all_regions	HG002_chr1.633402.634418|HISEQ1:18:H8VC6ADXX:2:1102:11727:16881	HG002_chr1.633402.634418|HISEQ1:18:H8VC6ADXX:2:1102:11727:16881	148	8756.0	8881.0	best_hit_to_mtDNA	humanM
T	C	T	8807	HG002_all_regions	HG002_chr1.633402.634418|HISEQ1:18:H8VC6ADXX:2:1102:11727:16881	HG002_chr1.633402.634418|HISEQ1:18:H8VC6ADXX:2:1102:11727:16881	148	8756.0	8881.0	best_hit_to_mtDNA	humanM
C	T	C	8846	HG002_all_regions	HG002_chr1.633402.634418|HISEQ1:18:H8VC6ADXX:2:1102:11727:16881	HG002_chr1.633402.634418|HISEQ1:18:H8VC6ADXX:2:1102:11727:16881	148	8756.0	8881.0	best_hit_to_mtDNA	humanM
T	C	T	8853	HG002_all_regions	HG002_chr1.633402.634418|HISEQ1:18:H8VC6ADXX:2:1102:11727:16881	HG002_chr1.633402.634418|HISEQ1:18:H8VC6ADXX:2:1102:11727:16881	148	8756.0	8881.0	best_hit_to_mtDNA	humanM
G	A	G	8861	HG002_all_regions	HG002_chr1.633402.634418|HISEQ1:18:H8VC6ADXX:2:1102:11727:16881	HG002_chr1.633402.634418|HISEQ1:18:H8VC6ADXX:2:1102:11727:16881	148	8756.0	8881.0	best_hit_to_mtDNA	humanM
A	G	G	8865	HG002_all_regions	HG002_chr1.633402.634418|HISEQ1:18:H8VC6ADXX:2:1102:11727:16881	HG002_chr1.633402.634418|HISEQ1:18:H8VC6ADXX:2:1102:11727:16881	148	8756.0	8881.0	best_hit_to_mtDNA	chimpM
G	A	G	8870	HG002_all_regions	HG002_chr1.633402.634418|HISEQ1:18:H8VC6ADXX:2:1102:11727:16881	HG002_chr1.633402.634418|HISEQ1:18:H8VC6ADXX:2:1102:11727:16881	148	8756.0	8881.0	best_hit_to_mtDNA	humanM
A	G	A	8871	HG002_all_regions	HG002_chr1.633402.634418|HISEQ1:18:H8VC6ADXX:2:1102:11727:16881	HG002_chr1.633402.634418|HISEQ1:18:H8VC6ADXX:2:1102:11727:16881	148	8756.0	8881.0	best_hit_to_mtDNA	humanM
T	C	T	8873	HG002_all_regions	HG002_chr1.633402.634418|HISEQ1:18:H8VC6ADXX:2:1102:11727:16881	HG002_chr1.633402.634418|HISEQ1:18:H8VC6ADXX:2:1102:11727:16881	148	8756.0	8881.0	best_hit_to_mtDNA	humanM
G	A	-	8769	HG002_all_regions	HG002_chr1.633402.634418|HISEQ1:18:H8VC6ADXX:2:1102:11727:16881	HG002_chr1.633402.634418|HISEQ1:18:H8VC6ADXX:2:1102:11727:16881	9920	8756.0	8881.0	best_hit_to_mtDNA	none
T	C	-	8777	HG002_all_regions	HG002_chr1.633402.634418|HISEQ1:18:H8VC6ADXX:2:1102:11727:16881	HG002_chr1.633402.634418|HISEQ1:18:H8VC6ADXX:2:1102:11727:16881	9920	8756.0	8881.0	best_hit_to_mtDNA	none
C	T	-	8780	HG002_all_regions	HG002_chr1.633402.634418|HISEQ1:18:H8VC6ADXX:2:1102:11727:16881	HG002_chr1.633402.634418|HISEQ1:18:H8VC6ADXX:2:1102:11727:16881	9920	8756.0	8881.0	best_hit_to_mtDNA	none
C	T	-	8783	HG002_all_regions	HG002_chr1.633402.634418|HISEQ1:18:H8VC6ADXX:2:1102:11727:16881	HG002_chr1.633402.634418|HISEQ1:18:H8VC6ADXX:2:1102:11727:16881	9920	8756.0	8881.0	best_hit_to_mtDNA	none
C	T	-	8786	HG002_all_regions	HG002_chr1.633402.634418|HISEQ1:18:H8VC6ADXX:2:1102:11727:16881	HG002_chr1.633402.634418|HISEQ1:18:H8VC6ADXX:2:1102:11727:16881	9920	8756.0	8881.0	best_hit_to_mtDNA	none
A	G	-	8789	HG002_all_regions	HG002_chr1.633402.634418|HISEQ1:18:H8VC6ADXX:2:1102:11727:16881	HG002_chr1.633402.634418|HISEQ1:18:H8VC6ADXX:2:1102:11727:16881	9920	8756.0	8881.0	best_hit_to_mtDNA	none
C	T	-	8792	HG002_all_regions	HG002_chr1.633402.634418|HISEQ1:18:H8VC6ADXX:2:1102:11727:16881	HG002_chr1.633402.634418|HISEQ1:18:H8VC6ADXX:2:1102:11727:16881	9920	8756.0	8881.0	best_hit_to_mtDNA	none
G	A	-	8795	HG002_all_regions	HG002_chr1.633402.634418|HISEQ1:18:H8VC6ADXX:2:1102:11727:16881	HG002_chr1.633402.634418|HISEQ1:18:H8VC6ADXX:2:1102:11727:16881	9920	8756.0	8881.0	best_hit_to_mtDNA	none
T	C	-	8798	HG002_all_regions	HG002_chr1.633402.634418|HISEQ1:18:H8VC6ADXX:2:1102:11727:16881	HG002_chr1.633402.634418|HISEQ1:18:H8VC6ADXX:2:1102:11727:16881	9920	8756.0	8881.0	best_hit_to_mtDNA	none
T	C	-	8807	HG002_all_regions	HG002_chr1.633402.634418|HISEQ1:18:H8VC6ADXX:2:1102:11727:16881	HG002_chr1.633402.634418|HISEQ1:18:H8VC6ADXX:2:1102:11727:16881	9920	8756.0	8881.0	best_hit_to_mtDNA	none
C	T	-	8846	HG002_all_regions	HG002_chr1.633402.634418|HISEQ1:18:H8VC6ADXX:2:1102:11727:16881	HG002_chr1.633402.634418|HISEQ1:18:H8VC6ADXX:2:1102:11727:16881	9920	8756.0	8881.0	best_hit_to_mtDNA	none
T	C	-	8853	HG002_all_regions	HG002_chr1.633402.634418|HISEQ1:18:H8VC6ADXX:2:1102:11727:16881	HG002_chr1.633402.634418|HISEQ1:18:H8VC6ADXX:2:1102:11727:16881	9920	8756.0	8881.0	best_hit_to_mtDNA	none
G	A	-	8861	HG002_all_regions	HG002_chr1.633402.634418|HISEQ1:18:H8VC6ADXX:2:1102:11727:16881	HG002_chr1.633402.634418|HISEQ1:18:H8VC6ADXX:2:1102:11727:16881	9920	8756.0	8881.0	best_hit_to_mtDNA	none
A	G	-	8865	HG002_all_regions	HG002_chr1.633402.634418|HISEQ1:18:H8VC6ADXX:2:1102:11727:16881	HG002_chr1.633402.634418|HISEQ1:18:H8VC6ADXX:2:1102:11727:16881	9920	8756.0	8881.0	best_hit_to_mtDNA	none
G	A	-	8870	HG002_all_regions	HG002_chr1.633402.634418|HISEQ1:18:H8VC6ADXX:2:1102:11727:16881	HG002_chr1.633402.634418|HISEQ1:18:H8VC6ADXX:2:1102:11727:16881	9920	8756.0	8881.0	best_hit_to_mtDNA	none
A	G	-	8871	HG002_all_regions	HG002_chr1.633402.634418|HISEQ1:18:H8VC6ADXX:2:1102:11727:16881	HG002_chr1.633402.634418|HISEQ1:18:H8VC6ADXX:2:1102:11727:16881	9920	8756.0	8881.0	best_hit_to_mtDNA	none
T	C	-	8873	HG002_all_regions	HG002_chr1.633402.634418|HISEQ1:18:H8VC6ADXX:2:1102:11727:16881	HG002_chr1.633402.634418|HISEQ1:18:H8VC6ADXX:2:1102:11727:16881	9920	8756.0	8881.0	best_hit_to_mtDNA	none
G	A	G	8769	HG002_all_regions	HG002_chr1.633402.634418|HISEQ1:18:H8VC6ADXX:1:1104:15794:89640	HG002_chr1.633402.634418|HISEQ1:18:H8VC6ADXX:1:1104:15794:89640	148	8755.0	8902.0	best_hit_to_mtDNA	humanM
T	C	A	8777	HG002_all_regions	HG002_chr1.633402.634418|HISEQ1:18:H8VC6ADXX:1:1104:15794:89640	HG002_chr1.633402.634418|HISEQ1:18:H8VC6ADXX:1:1104:15794:89640	148	8755.0	8902.0	best_hit_to_mtDNA	none
C	T	C	8780	HG002_all_regions	HG002_chr1.633402.634418|HISEQ1:18:H8VC6ADXX:1:1104:15794:89640	HG002_chr1.633402.634418|HISEQ1:18:H8VC6ADXX:1:1104:15794:89640	148	8755.0	8902.0	best_hit_to_mtDNA	humanM
C	T	C	8783	HG002_all_regions	HG002_chr1.633402.634418|HISEQ1:18:H8VC6ADXX:1:1104:15794:89640	HG002_chr1.633402.634418|HISEQ1:18:H8VC6ADXX:1:1104:15794:89640	148	8755.0	8902.0	best_hit_to_mtDNA	humanM
C	T	C	8786	HG002_all_regions	HG002_chr1.633402.634418|HISEQ1:18:H8VC6ADXX:1:1104:15794:89640	HG002_chr1.633402.634418|HISEQ1:18:H8VC6ADXX:1:1104:15794:89640	148	8755.0	8902.0	best_hit_to_mtDNA	humanM
A	G	A	8789	HG002_all_regions	HG002_chr1.633402.634418|HISEQ1:18:H8VC6ADXX:1:1104:15794:89640	HG002_chr1.633402.634418|HISEQ1:18:H8VC6ADXX:1:1104:15794:89640	148	8755.0	8902.0	best_hit_to_mtDNA	humanM
C	T	C	8792	HG002_all_regions	HG002_chr1.633402.634418|HISEQ1:18:H8VC6ADXX:1:1104:15794:89640	HG002_chr1.633402.634418|HISEQ1:18:H8VC6ADXX:1:1104:15794:89640	148	8755.0	8902.0	best_hit_to_mtDNA	humanM
G	A	G	8795	HG002_all_regions	HG002_chr1.633402.634418|HISEQ1:18:H8VC6ADXX:1:1104:15794:89640	HG002_chr1.633402.634418|HISEQ1:18:H8VC6ADXX:1:1104:15794:89640	148	8755.0	8902.0	best_hit_to_mtDNA	humanM
T	C	T	8798	HG002_all_regions	HG002_chr1.633402.634418|HISEQ1:18:H8VC6ADXX:1:1104:15794:89640	HG002_chr1.633402.634418|HISEQ1:18:H8VC6ADXX:1:1104:15794:89640	148	8755.0	8902.0	best_hit_to_mtDNA	humanM
T	C	T	8807	HG002_all_regions	HG002_chr1.633402.634418|HISEQ1:18:H8VC6ADXX:1:1104:15794:89640	HG002_chr1.633402.634418|HISEQ1:18:H8VC6ADXX:1:1104:15794:89640	148	8755.0	8902.0	best_hit_to_mtDNA	humanM
C	T	C	8846	HG002_all_regions	HG002_chr1.633402.634418|HISEQ1:18:H8VC6ADXX:1:1104:15794:89640	HG002_chr1.633402.634418|HISEQ1:18:H8VC6ADXX:1:1104:15794:89640	148	8755.0	8902.0	best_hit_to_mtDNA	humanM
T	C	T	8853	HG002_all_regions	HG002_chr1.633402.634418|HISEQ1:18:H8VC6ADXX:1:1104:15794:89640	HG002_chr1.633402.634418|HISEQ1:18:H8VC6ADXX:1:1104:15794:89640	148	8755.0	8902.0	best_hit_to_mtDNA	humanM
G	A	G	8861	HG002_all_regions	HG002_chr1.633402.634418|HISEQ1:18:H8VC6ADXX:1:1104:15794:89640	HG002_chr1.633402.634418|HISEQ1:18:H8VC6ADXX:1:1104:15794:89640	148	8755.0	8902.0	best_hit_to_mtDNA	humanM
A	G	G	8865	HG002_all_regions	HG002_chr1.633402.634418|HISEQ1:18:H8VC6ADXX:1:1104:15794:89640	HG002_chr1.633402.634418|HISEQ1:18:H8VC6ADXX:1:1104:15794:89640	148	8755.0	8902.0	best_hit_to_mtDNA	chimpM
G	A	G	8870	HG002_all_regions	HG002_chr1.633402.634418|HISEQ1:18:H8VC6ADXX:1:1104:15794:89640	HG002_chr1.633402.634418|HISEQ1:18:H8VC6ADXX:1:1104:15794:89640	148	8755.0	8902.0	best_hit_to_mtDNA	humanM
A	G	A	8871	HG002_all_regions	HG002_chr1.633402.634418|HISEQ1:18:H8VC6ADXX:1:1104:15794:89640	HG002_chr1.633402.634418|HISEQ1:18:H8VC6ADXX:1:1104:15794:89640	148	8755.0	8902.0	best_hit_to_mtDNA	humanM
T	C	T	8873	HG002_all_regions	HG002_chr1.633402.634418|HISEQ1:18:H8VC6ADXX:1:1104:15794:89640	HG002_chr1.633402.634418|HISEQ1:18:H8VC6ADXX:1:1104:15794:89640	148	8755.0	8902.0	best_hit_to_mtDNA	humanM
C	T	C	8887	HG002_all_regions	HG002_chr1.633402.634418|HISEQ1:18:H8VC6ADXX:1:1104:15794:89640	HG002_chr1.633402.634418|HISEQ1:18:H8VC6ADXX:1:1104:15794:89640	148	8755.0	8902.0	best_hit_to_mtDNA	humanM
T	C	T	8893	HG002_all_regions	HG002_chr1.633402.634418|HISEQ1:18:H8VC6ADXX:1:1104:15794:89640	HG002_chr1.633402.634418|HISEQ1:18:H8VC6ADXX:1:1104:15794:89640	148	8755.0	8902.0	best_hit_to_mtDNA	humanM
T	C	T	8777	HG002_all_regions	HG002_chr1.633402.634418|HISEQ1:18:H8VC6ADXX:2:2213:7352:58980	HG002_chr1.633402.634418|HISEQ1:18:H8VC6ADXX:2:2213:7352:58980	148	8770.0	8899.0	best_hit_to_mtDNA	humanM
C	T	C	8780	HG002_all_regions	HG002_chr1.633402.634418|HISEQ1:18:H8VC6ADXX:2:2213:7352:58980	HG002_chr1.633402.634418|HISEQ1:18:H8VC6ADXX:2:2213:7352:58980	148	8770.0	8899.0	best_hit_to_mtDNA	humanM
C	T	C	8783	HG002_all_regions	HG002_chr1.633402.634418|HISEQ1:18:H8VC6ADXX:2:2213:7352:58980	HG002_chr1.633402.634418|HISEQ1:18:H8VC6ADXX:2:2213:7352:58980	148	8770.0	8899.0	best_hit_to_mtDNA	humanM
C	T	C	8786	HG002_all_regions	HG002_chr1.633402.634418|HISEQ1:18:H8VC6ADXX:2:2213:7352:58980	HG002_chr1.633402.634418|HISEQ1:18:H8VC6ADXX:2:2213:7352:58980	148	8770.0	8899.0	best_hit_to_mtDNA	humanM
A	G	A	8789	HG002_all_regions	HG002_chr1.633402.634418|HISEQ1:18:H8VC6ADXX:2:2213:7352:58980	HG002_chr1.633402.634418|HISEQ1:18:H8VC6ADXX:2:2213:7352:58980	148	8770.0	8899.0	best_hit_to_mtDNA	humanM
C	T	C	8792	HG002_all_regions	HG002_chr1.633402.634418|HISEQ1:18:H8VC6ADXX:2:2213:7352:58980	HG002_chr1.633402.634418|HISEQ1:18:H8VC6ADXX:2:2213:7352:58980	148	8770.0	8899.0	best_hit_to_mtDNA	humanM
G	A	G	8795	HG002_all_regions	HG002_chr1.633402.634418|HISEQ1:18:H8VC6ADXX:2:2213:7352:58980	HG002_chr1.633402.634418|HISEQ1:18:H8VC6ADXX:2:2213:7352:58980	148	8770.0	8899.0	best_hit_to_mtDNA	humanM
T	C	T	8798	HG002_all_regions	HG002_chr1.633402.634418|HISEQ1:18:H8VC6ADXX:2:2213:7352:58980	HG002_chr1.633402.634418|HISEQ1:18:H8VC6ADXX:2:2213:7352:58980	148	8770.0	8899.0	best_hit_to_mtDNA	humanM
T	C	T	8807	HG002_all_regions	HG002_chr1.633402.634418|HISEQ1:18:H8VC6ADXX:2:2213:7352:58980	HG002_chr1.633402.634418|HISEQ1:18:H8VC6ADXX:2:2213:7352:58980	148	8770.0	8899.0	best_hit_to_mtDNA	humanM
C	T	C	8846	HG002_all_regions	HG002_chr1.633402.634418|HISEQ1:18:H8VC6ADXX:2:2213:7352:58980	HG002_chr1.633402.634418|HISEQ1:18:H8VC6ADXX:2:2213:7352:58980	148	8770.0	8899.0	best_hit_to_mtDNA	humanM
T	C	T	8853	HG002_all_regions	HG002_chr1.633402.634418|HISEQ1:18:H8VC6ADXX:2:2213:7352:58980	HG002_chr1.633402.634418|HISEQ1:18:H8VC6ADXX:2:2213:7352:58980	148	8770.0	8899.0	best_hit_to_mtDNA	humanM
G	A	G	8861	HG002_all_regions	HG002_chr1.633402.634418|HISEQ1:18:H8VC6ADXX:2:2213:7352:58980	HG002_chr1.633402.634418|HISEQ1:18:H8VC6ADXX:2:2213:7352:58980	148	8770.0	8899.0	best_hit_to_mtDNA	humanM
A	G	G	8865	HG002_all_regions	HG002_chr1.633402.634418|HISEQ1:18:H8VC6ADXX:2:2213:7352:58980	HG002_chr1.633402.634418|HISEQ1:18:H8VC6ADXX:2:2213:7352:58980	148	8770.0	8899.0	best_hit_to_mtDNA	chimpM
G	A	G	8870	HG002_all_regions	HG002_chr1.633402.634418|HISEQ1:18:H8VC6ADXX:2:2213:7352:58980	HG002_chr1.633402.634418|HISEQ1:18:H8VC6ADXX:2:2213:7352:58980	148	8770.0	8899.0	best_hit_to_mtDNA	humanM
A	G	A	8871	HG002_all_regions	HG002_chr1.633402.634418|HISEQ1:18:H8VC6ADXX:2:2213:7352:58980	HG002_chr1.633402.634418|HISEQ1:18:H8VC6ADXX:2:2213:7352:58980	148	8770.0	8899.0	best_hit_to_mtDNA	humanM
T	C	T	8873	HG002_all_regions	HG002_chr1.633402.634418|HISEQ1:18:H8VC6ADXX:2:2213:7352:58980	HG002_chr1.633402.634418|HISEQ1:18:H8VC6ADXX:2:2213:7352:58980	148	8770.0	8899.0	best_hit_to_mtDNA	humanM
C	T	C	8887	HG002_all_regions	HG002_chr1.633402.634418|HISEQ1:18:H8VC6ADXX:2:2213:7352:58980	HG002_chr1.633402.634418|HISEQ1:18:H8VC6ADXX:2:2213:7352:58980	148	8770.0	8899.0	best_hit_to_mtDNA	humanM
T	C	T	8893	HG002_all_regions	HG002_chr1.633402.634418|HISEQ1:18:H8VC6ADXX:2:2213:7352:58980	HG002_chr1.633402.634418|HISEQ1:18:H8VC6ADXX:2:2213:7352:58980	148	8770.0	8899.0	best_hit_to_mtDNA	humanM
T	C	T	8777	HG002_all_regions	HG002_chr1.633402.634418|HISEQ1:18:H8VC6ADXX:2:2213:7352:58980	HG002_chr1.633402.634418|HISEQ1:18:H8VC6ADXX:2:2213:7352:58980	148	8770.0	8899.0	best_hit_to_mtDNA	humanM
C	T	C	8780	HG002_all_regions	HG002_chr1.633402.634418|HISEQ1:18:H8VC6ADXX:2:2213:7352:58980	HG002_chr1.633402.634418|HISEQ1:18:H8VC6ADXX:2:2213:7352:58980	148	8770.0	8899.0	best_hit_to_mtDNA	humanM
C	T	C	8783	HG002_all_regions	HG002_chr1.633402.634418|HISEQ1:18:H8VC6ADXX:2:2213:7352:58980	HG002_chr1.633402.634418|HISEQ1:18:H8VC6ADXX:2:2213:7352:58980	148	8770.0	8899.0	best_hit_to_mtDNA	humanM
C	T	C	8786	HG002_all_regions	HG002_chr1.633402.634418|HISEQ1:18:H8VC6ADXX:2:2213:7352:58980	HG002_chr1.633402.634418|HISEQ1:18:H8VC6ADXX:2:2213:7352:58980	148	8770.0	8899.0	best_hit_to_mtDNA	humanM
A	G	A	8789	HG002_all_regions	HG002_chr1.633402.634418|HISEQ1:18:H8VC6ADXX:2:2213:7352:58980	HG002_chr1.633402.634418|HISEQ1:18:H8VC6ADXX:2:2213:7352:58980	148	8770.0	8899.0	best_hit_to_mtDNA	humanM
C	T	C	8792	HG002_all_regions	HG002_chr1.633402.634418|HISEQ1:18:H8VC6ADXX:2:2213:7352:58980	HG002_chr1.633402.634418|HISEQ1:18:H8VC6ADXX:2:2213:7352:58980	148	8770.0	8899.0	best_hit_to_mtDNA	humanM
G	A	G	8795	HG002_all_regions	HG002_chr1.633402.634418|HISEQ1:18:H8VC6ADXX:2:2213:7352:58980	HG002_chr1.633402.634418|HISEQ1:18:H8VC6ADXX:2:2213:7352:58980	148	8770.0	8899.0	best_hit_to_mtDNA	humanM
T	C	T	8798	HG002_all_regions	HG002_chr1.633402.634418|HISEQ1:18:H8VC6ADXX:2:2213:7352:58980	HG002_chr1.633402.634418|HISEQ1:18:H8VC6ADXX:2:2213:7352:58980	148	8770.0	8899.0	best_hit_to_mtDNA	humanM
T	C	T	8807	HG002_all_regions	HG002_chr1.633402.634418|HISEQ1:18:H8VC6ADXX:2:2213:7352:58980	HG002_chr1.633402.634418|HISEQ1:18:H8VC6ADXX:2:2213:7352:58980	148	8770.0	8899.0	best_hit_to_mtDNA	humanM
C	T	C	8846	HG002_all_regions	HG002_chr1.633402.634418|HISEQ1:18:H8VC6ADXX:2:2213:7352:58980	HG002_chr1.633402.634418|HISEQ1:18:H8VC6ADXX:2:2213:7352:58980	148	8770.0	8899.0	best_hit_to_mtDNA	humanM
T	C	T	8853	HG002_all_regions	HG002_chr1.633402.634418|HISEQ1:18:H8VC6ADXX:2:2213:7352:58980	HG002_chr1.633402.634418|HISEQ1:18:H8VC6ADXX:2:2213:7352:58980	148	8770.0	8899.0	best_hit_to_mtDNA	humanM
G	A	G	8861	HG002_all_regions	HG002_chr1.633402.634418|HISEQ1:18:H8VC6ADXX:2:2213:7352:58980	HG002_chr1.633402.634418|HISEQ1:18:H8VC6ADXX:2:2213:7352:58980	148	8770.0	8899.0	best_hit_to_mtDNA	humanM
A	G	G	8865	HG002_all_regions	HG002_chr1.633402.634418|HISEQ1:18:H8VC6ADXX:2:2213:7352:58980	HG002_chr1.633402.634418|HISEQ1:18:H8VC6ADXX:2:2213:7352:58980	148	8770.0	8899.0	best_hit_to_mtDNA	chimpM
G	A	G	8870	HG002_all_regions	HG002_chr1.633402.634418|HISEQ1:18:H8VC6ADXX:2:2213:7352:58980	HG002_chr1.633402.634418|HISEQ1:18:H8VC6ADXX:2:2213:7352:58980	148	8770.0	8899.0	best_hit_to_mtDNA	humanM
A	G	A	8871	HG002_all_regions	HG002_chr1.633402.634418|HISEQ1:18:H8VC6ADXX:2:2213:7352:58980	HG002_chr1.633402.634418|HISEQ1:18:H8VC6ADXX:2:2213:7352:58980	148	8770.0	8899.0	best_hit_to_mtDNA	humanM
T	C	T	8873	HG002_all_regions	HG002_chr1.633402.634418|HISEQ1:18:H8VC6ADXX:2:2213:7352:58980	HG002_chr1.633402.634418|HISEQ1:18:H8VC6ADXX:2:2213:7352:58980	148	8770.0	8899.0	best_hit_to_mtDNA	humanM
C	T	C	8887	HG002_all_regions	HG002_chr1.633402.634418|HISEQ1:18:H8VC6ADXX:2:2213:7352:58980	HG002_chr1.633402.634418|HISEQ1:18:H8VC6ADXX:2:2213:7352:58980	148	8770.0	8899.0	best_hit_to_mtDNA	humanM
T	C	T	8893	HG002_all_regions	HG002_chr1.633402.634418|HISEQ1:18:H8VC6ADXX:2:2213:7352:58980	HG002_chr1.633402.634418|HISEQ1:18:H8VC6ADXX:2:2213:7352:58980	148	8770.0	8899.0	best_hit_to_mtDNA	humanM
C	T	C	8786	HG002_all_regions	HG002_chr1.633402.634418|HISEQ1:19:H8VDAADXX:2:1204:9997:98650	HG002_chr1.633402.634418|HISEQ1:19:H8VDAADXX:2:1204:9997:98650	148	8780.0	8895.0	best_hit_to_mtDNA	humanM
A	G	A	8789	HG002_all_regions	HG002_chr1.633402.634418|HISEQ1:19:H8VDAADXX:2:1204:9997:98650	HG002_chr1.633402.634418|HISEQ1:19:H8VDAADXX:2:1204:9997:98650	148	8780.0	8895.0	best_hit_to_mtDNA	humanM
C	T	C	8792	HG002_all_regions	HG002_chr1.633402.634418|HISEQ1:19:H8VDAADXX:2:1204:9997:98650	HG002_chr1.633402.634418|HISEQ1:19:H8VDAADXX:2:1204:9997:98650	148	8780.0	8895.0	best_hit_to_mtDNA	humanM
G	A	G	8795	HG002_all_regions	HG002_chr1.633402.634418|HISEQ1:19:H8VDAADXX:2:1204:9997:98650	HG002_chr1.633402.634418|HISEQ1:19:H8VDAADXX:2:1204:9997:98650	148	8780.0	8895.0	best_hit_to_mtDNA	humanM
T	C	T	8798	HG002_all_regions	HG002_chr1.633402.634418|HISEQ1:19:H8VDAADXX:2:1204:9997:98650	HG002_chr1.633402.634418|HISEQ1:19:H8VDAADXX:2:1204:9997:98650	148	8780.0	8895.0	best_hit_to_mtDNA	humanM
T	C	T	8807	HG002_all_regions	HG002_chr1.633402.634418|HISEQ1:19:H8VDAADXX:2:1204:9997:98650	HG002_chr1.633402.634418|HISEQ1:19:H8VDAADXX:2:1204:9997:98650	148	8780.0	8895.0	best_hit_to_mtDNA	humanM
C	T	C	8846	HG002_all_regions	HG002_chr1.633402.634418|HISEQ1:19:H8VDAADXX:2:1204:9997:98650	HG002_chr1.633402.634418|HISEQ1:19:H8VDAADXX:2:1204:9997:98650	148	8780.0	8895.0	best_hit_to_mtDNA	humanM
T	C	T	8853	HG002_all_regions	HG002_chr1.633402.634418|HISEQ1:19:H8VDAADXX:2:1204:9997:98650	HG002_chr1.633402.634418|HISEQ1:19:H8VDAADXX:2:1204:9997:98650	148	8780.0	8895.0	best_hit_to_mtDNA	humanM
G	A	G	8861	HG002_all_regions	HG002_chr1.633402.634418|HISEQ1:19:H8VDAADXX:2:1204:9997:98650	HG002_chr1.633402.634418|HISEQ1:19:H8VDAADXX:2:1204:9997:98650	148	8780.0	8895.0	best_hit_to_mtDNA	humanM
A	G	G	8865	HG002_all_regions	HG002_chr1.633402.634418|HISEQ1:19:H8VDAADXX:2:1204:9997:98650	HG002_chr1.633402.634418|HISEQ1:19:H8VDAADXX:2:1204:9997:98650	148	8780.0	8895.0	best_hit_to_mtDNA	chimpM
G	A	G	8870	HG002_all_regions	HG002_chr1.633402.634418|HISEQ1:19:H8VDAADXX:2:1204:9997:98650	HG002_chr1.633402.634418|HISEQ1:19:H8VDAADXX:2:1204:9997:98650	148	8780.0	8895.0	best_hit_to_mtDNA	humanM
A	G	A	8871	HG002_all_regions	HG002_chr1.633402.634418|HISEQ1:19:H8VDAADXX:2:1204:9997:98650	HG002_chr1.633402.634418|HISEQ1:19:H8VDAADXX:2:1204:9997:98650	148	8780.0	8895.0	best_hit_to_mtDNA	humanM
T	C	T	8873	HG002_all_regions	HG002_chr1.633402.634418|HISEQ1:19:H8VDAADXX:2:1204:9997:98650	HG002_chr1.633402.634418|HISEQ1:19:H8VDAADXX:2:1204:9997:98650	148	8780.0	8895.0	best_hit_to_mtDNA	humanM
C	T	C	8887	HG002_all_regions	HG002_chr1.633402.634418|HISEQ1:19:H8VDAADXX:2:1204:9997:98650	HG002_chr1.633402.634418|HISEQ1:19:H8VDAADXX:2:1204:9997:98650	148	8780.0	8895.0	best_hit_to_mtDNA	humanM
T	C	T	8893	HG002_all_regions	HG002_chr1.633402.634418|HISEQ1:19:H8VDAADXX:2:1204:9997:98650	HG002_chr1.633402.634418|HISEQ1:19:H8VDAADXX:2:1204:9997:98650	148	8780.0	8895.0	best_hit_to_mtDNA	humanM
C	T	-	8783	HG002_all_regions	HG002_chr1.633402.634418|HISEQ1:19:H8VDAADXX:2:1204:9997:98650	HG002_chr1.633402.634418|HISEQ1:19:H8VDAADXX:2:1204:9997:98650	15143	8780.0	8895.0	best_hit_to_mtDNA	none
C	T	-	8786	HG002_all_regions	HG002_chr1.633402.634418|HISEQ1:19:H8VDAADXX:2:1204:9997:98650	HG002_chr1.633402.634418|HISEQ1:19:H8VDAADXX:2:1204:9997:98650	15143	8780.0	8895.0	best_hit_to_mtDNA	none
A	G	-	8789	HG002_all_regions	HG002_chr1.633402.634418|HISEQ1:19:H8VDAADXX:2:1204:9997:98650	HG002_chr1.633402.634418|HISEQ1:19:H8VDAADXX:2:1204:9997:98650	15143	8780.0	8895.0	best_hit_to_mtDNA	none
C	T	-	8792	HG002_all_regions	HG002_chr1.633402.634418|HISEQ1:19:H8VDAADXX:2:1204:9997:98650	HG002_chr1.633402.634418|HISEQ1:19:H8VDAADXX:2:1204:9997:98650	15143	8780.0	8895.0	best_hit_to_mtDNA	none
G	A	-	8795	HG002_all_regions	HG002_chr1.633402.634418|HISEQ1:19:H8VDAADXX:2:1204:9997:98650	HG002_chr1.633402.634418|HISEQ1:19:H8VDAADXX:2:1204:9997:98650	15143	8780.0	8895.0	best_hit_to_mtDNA	none
T	C	-	8798	HG002_all_regions	HG002_chr1.633402.634418|HISEQ1:19:H8VDAADXX:2:1204:9997:98650	HG002_chr1.633402.634418|HISEQ1:19:H8VDAADXX:2:1204:9997:98650	15143	8780.0	8895.0	best_hit_to_mtDNA	none
T	C	-	8807	HG002_all_regions	HG002_chr1.633402.634418|HISEQ1:19:H8VDAADXX:2:1204:9997:98650	HG002_chr1.633402.634418|HISEQ1:19:H8VDAADXX:2:1204:9997:98650	15143	8780.0	8895.0	best_hit_to_mtDNA	none
C	T	-	8846	HG002_all_regions	HG002_chr1.633402.634418|HISEQ1:19:H8VDAADXX:2:1204:9997:98650	HG002_chr1.633402.634418|HISEQ1:19:H8VDAADXX:2:1204:9997:98650	15143	8780.0	8895.0	best_hit_to_mtDNA	none
T	C	-	8853	HG002_all_regions	HG002_chr1.633402.634418|HISEQ1:19:H8VDAADXX:2:1204:9997:98650	HG002_chr1.633402.634418|HISEQ1:19:H8VDAADXX:2:1204:9997:98650	15143	8780.0	8895.0	best_hit_to_mtDNA	none
G	A	-	8861	HG002_all_regions	HG002_chr1.633402.634418|HISEQ1:19:H8VDAADXX:2:1204:9997:98650	HG002_chr1.633402.634418|HISEQ1:19:H8VDAADXX:2:1204:9997:98650	15143	8780.0	8895.0	best_hit_to_mtDNA	none
A	G	-	8865	HG002_all_regions	HG002_chr1.633402.634418|HISEQ1:19:H8VDAADXX:2:1204:9997:98650	HG002_chr1.633402.634418|HISEQ1:19:H8VDAADXX:2:1204:9997:98650	15143	8780.0	8895.0	best_hit_to_mtDNA	none
G	A	-	8870	HG002_all_regions	HG002_chr1.633402.634418|HISEQ1:19:H8VDAADXX:2:1204:9997:98650	HG002_chr1.633402.634418|HISEQ1:19:H8VDAADXX:2:1204:9997:98650	15143	8780.0	8895.0	best_hit_to_mtDNA	none
A	G	-	8871	HG002_all_regions	HG002_chr1.633402.634418|HISEQ1:19:H8VDAADXX:2:1204:9997:98650	HG002_chr1.633402.634418|HISEQ1:19:H8VDAADXX:2:1204:9997:98650	15143	8780.0	8895.0	best_hit_to_mtDNA	none
T	C	-	8873	HG002_all_regions	HG002_chr1.633402.634418|HISEQ1:19:H8VDAADXX:2:1204:9997:98650	HG002_chr1.633402.634418|HISEQ1:19:H8VDAADXX:2:1204:9997:98650	15143	8780.0	8895.0	best_hit_to_mtDNA	none
C	T	-	8887	HG002_all_regions	HG002_chr1.633402.634418|HISEQ1:19:H8VDAADXX:2:1204:9997:98650	HG002_chr1.633402.634418|HISEQ1:19:H8VDAADXX:2:1204:9997:98650	15143	8780.0	8895.0	best_hit_to_mtDNA	none
T	C	-	8893	HG002_all_regions	HG002_chr1.633402.634418|HISEQ1:19:H8VDAADXX:2:1204:9997:98650	HG002_chr1.633402.634418|HISEQ1:19:H8VDAADXX:2:1204:9997:98650	15143	8780.0	8895.0	best_hit_to_mtDNA	none
A	G	A	8789	HG002_all_regions	HG002_chr1.633402.634418|HISEQ1:18:H8VC6ADXX:2:1105:12218:22473	HG002_chr1.633402.634418|HISEQ1:18:H8VC6ADXX:2:1105:12218:22473	148	8783.0	8913.0	best_hit_to_mtDNA	humanM
C	T	C	8792	HG002_all_regions	HG002_chr1.633402.634418|HISEQ1:18:H8VC6ADXX:2:1105:12218:22473	HG002_chr1.633402.634418|HISEQ1:18:H8VC6ADXX:2:1105:12218:22473	148	8783.0	8913.0	best_hit_to_mtDNA	humanM
G	A	G	8795	HG002_all_regions	HG002_chr1.633402.634418|HISEQ1:18:H8VC6ADXX:2:1105:12218:22473	HG002_chr1.633402.634418|HISEQ1:18:H8VC6ADXX:2:1105:12218:22473	148	8783.0	8913.0	best_hit_to_mtDNA	humanM
T	C	T	8798	HG002_all_regions	HG002_chr1.633402.634418|HISEQ1:18:H8VC6ADXX:2:1105:12218:22473	HG002_chr1.633402.634418|HISEQ1:18:H8VC6ADXX:2:1105:12218:22473	148	8783.0	8913.0	best_hit_to_mtDNA	humanM
T	C	T	8807	HG002_all_regions	HG002_chr1.633402.634418|HISEQ1:18:H8VC6ADXX:2:1105:12218:22473	HG002_chr1.633402.634418|HISEQ1:18:H8VC6ADXX:2:1105:12218:22473	148	8783.0	8913.0	best_hit_to_mtDNA	humanM
C	T	C	8846	HG002_all_regions	HG002_chr1.633402.634418|HISEQ1:18:H8VC6ADXX:2:1105:12218:22473	HG002_chr1.633402.634418|HISEQ1:18:H8VC6ADXX:2:1105:12218:22473	148	8783.0	8913.0	best_hit_to_mtDNA	humanM
T	C	T	8853	HG002_all_regions	HG002_chr1.633402.634418|HISEQ1:18:H8VC6ADXX:2:1105:12218:22473	HG002_chr1.633402.634418|HISEQ1:18:H8VC6ADXX:2:1105:12218:22473	148	8783.0	8913.0	best_hit_to_mtDNA	humanM
G	A	G	8861	HG002_all_regions	HG002_chr1.633402.634418|HISEQ1:18:H8VC6ADXX:2:1105:12218:22473	HG002_chr1.633402.634418|HISEQ1:18:H8VC6ADXX:2:1105:12218:22473	148	8783.0	8913.0	best_hit_to_mtDNA	humanM
A	G	G	8865	HG002_all_regions	HG002_chr1.633402.634418|HISEQ1:18:H8VC6ADXX:2:1105:12218:22473	HG002_chr1.633402.634418|HISEQ1:18:H8VC6ADXX:2:1105:12218:22473	148	8783.0	8913.0	best_hit_to_mtDNA	chimpM
G	A	G	8870	HG002_all_regions	HG002_chr1.633402.634418|HISEQ1:18:H8VC6ADXX:2:1105:12218:22473	HG002_chr1.633402.634418|HISEQ1:18:H8VC6ADXX:2:1105:12218:22473	148	8783.0	8913.0	best_hit_to_mtDNA	humanM
A	G	A	8871	HG002_all_regions	HG002_chr1.633402.634418|HISEQ1:18:H8VC6ADXX:2:1105:12218:22473	HG002_chr1.633402.634418|HISEQ1:18:H8VC6ADXX:2:1105:12218:22473	148	8783.0	8913.0	best_hit_to_mtDNA	humanM
T	C	T	8873	HG002_all_regions	HG002_chr1.633402.634418|HISEQ1:18:H8VC6ADXX:2:1105:12218:22473	HG002_chr1.633402.634418|HISEQ1:18:H8VC6ADXX:2:1105:12218:22473	148	8783.0	8913.0	best_hit_to_mtDNA	humanM
C	T	C	8887	HG002_all_regions	HG002_chr1.633402.634418|HISEQ1:18:H8VC6ADXX:2:1105:12218:22473	HG002_chr1.633402.634418|HISEQ1:18:H8VC6ADXX:2:1105:12218:22473	148	8783.0	8913.0	best_hit_to_mtDNA	humanM
T	C	T	8893	HG002_all_regions	HG002_chr1.633402.634418|HISEQ1:18:H8VC6ADXX:2:1105:12218:22473	HG002_chr1.633402.634418|HISEQ1:18:H8VC6ADXX:2:1105:12218:22473	148	8783.0	8913.0	best_hit_to_mtDNA	humanM
C	T	C	8786	HG002_all_regions	HG002_chr1.633402.634418|HISEQ1:18:H8VC6ADXX:2:1105:12218:22473	HG002_chr1.633402.634418|HISEQ1:18:H8VC6ADXX:2:1105:12218:22473	148	8783.0	8913.0	best_hit_to_mtDNA	humanM
A	G	A	8789	HG002_all_regions	HG002_chr1.633402.634418|HISEQ1:18:H8VC6ADXX:2:1105:12218:22473	HG002_chr1.633402.634418|HISEQ1:18:H8VC6ADXX:2:1105:12218:22473	148	8783.0	8913.0	best_hit_to_mtDNA	humanM
C	T	C	8792	HG002_all_regions	HG002_chr1.633402.634418|HISEQ1:18:H8VC6ADXX:2:1105:12218:22473	HG002_chr1.633402.634418|HISEQ1:18:H8VC6ADXX:2:1105:12218:22473	148	8783.0	8913.0	best_hit_to_mtDNA	humanM
G	A	G	8795	HG002_all_regions	HG002_chr1.633402.634418|HISEQ1:18:H8VC6ADXX:2:1105:12218:22473	HG002_chr1.633402.634418|HISEQ1:18:H8VC6ADXX:2:1105:12218:22473	148	8783.0	8913.0	best_hit_to_mtDNA	humanM
T	C	T	8798	HG002_all_regions	HG002_chr1.633402.634418|HISEQ1:18:H8VC6ADXX:2:1105:12218:22473	HG002_chr1.633402.634418|HISEQ1:18:H8VC6ADXX:2:1105:12218:22473	148	8783.0	8913.0	best_hit_to_mtDNA	humanM
T	C	T	8807	HG002_all_regions	HG002_chr1.633402.634418|HISEQ1:18:H8VC6ADXX:2:1105:12218:22473	HG002_chr1.633402.634418|HISEQ1:18:H8VC6ADXX:2:1105:12218:22473	148	8783.0	8913.0	best_hit_to_mtDNA	humanM
C	T	C	8846	HG002_all_regions	HG002_chr1.633402.634418|HISEQ1:18:H8VC6ADXX:2:1105:12218:22473	HG002_chr1.633402.634418|HISEQ1:18:H8VC6ADXX:2:1105:12218:22473	148	8783.0	8913.0	best_hit_to_mtDNA	humanM
T	C	T	8853	HG002_all_regions	HG002_chr1.633402.634418|HISEQ1:18:H8VC6ADXX:2:1105:12218:22473	HG002_chr1.633402.634418|HISEQ1:18:H8VC6ADXX:2:1105:12218:22473	148	8783.0	8913.0	best_hit_to_mtDNA	humanM
G	A	G	8861	HG002_all_regions	HG002_chr1.633402.634418|HISEQ1:18:H8VC6ADXX:2:1105:12218:22473	HG002_chr1.633402.634418|HISEQ1:18:H8VC6ADXX:2:1105:12218:22473	148	8783.0	8913.0	best_hit_to_mtDNA	humanM
A	G	G	8865	HG002_all_regions	HG002_chr1.633402.634418|HISEQ1:18:H8VC6ADXX:2:1105:12218:22473	HG002_chr1.633402.634418|HISEQ1:18:H8VC6ADXX:2:1105:12218:22473	148	8783.0	8913.0	best_hit_to_mtDNA	chimpM
G	A	G	8870	HG002_all_regions	HG002_chr1.633402.634418|HISEQ1:18:H8VC6ADXX:2:1105:12218:22473	HG002_chr1.633402.634418|HISEQ1:18:H8VC6ADXX:2:1105:12218:22473	148	8783.0	8913.0	best_hit_to_mtDNA	humanM
A	G	A	8871	HG002_all_regions	HG002_chr1.633402.634418|HISEQ1:18:H8VC6ADXX:2:1105:12218:22473	HG002_chr1.633402.634418|HISEQ1:18:H8VC6ADXX:2:1105:12218:22473	148	8783.0	8913.0	best_hit_to_mtDNA	humanM
T	C	T	8873	HG002_all_regions	HG002_chr1.633402.634418|HISEQ1:18:H8VC6ADXX:2:1105:12218:22473	HG002_chr1.633402.634418|HISEQ1:18:H8VC6ADXX:2:1105:12218:22473	148	8783.0	8913.0	best_hit_to_mtDNA	humanM
C	T	C	8887	HG002_all_regions	HG002_chr1.633402.634418|HISEQ1:18:H8VC6ADXX:2:1105:12218:22473	HG002_chr1.633402.634418|HISEQ1:18:H8VC6ADXX:2:1105:12218:22473	148	8783.0	8913.0	best_hit_to_mtDNA	humanM
T	C	T	8893	HG002_all_regions	HG002_chr1.633402.634418|HISEQ1:18:H8VC6ADXX:2:1105:12218:22473	HG002_chr1.633402.634418|HISEQ1:18:H8VC6ADXX:2:1105:12218:22473	148	8783.0	8913.0	best_hit_to_mtDNA	humanM
A	G	T	8789	HG002_all_regions	HG002_chr1.633402.634418|HISEQ1:19:H8VDAADXX:1:1107:11271:70785	HG002_chr1.633402.634418|HISEQ1:19:H8VDAADXX:1:1107:11271:70785	148	8785.0	8929.0	best_hit_to_mtDNA	none
C	T	C	8792	HG002_all_regions	HG002_chr1.633402.634418|HISEQ1:19:H8VDAADXX:1:1107:11271:70785	HG002_chr1.633402.634418|HISEQ1:19:H8VDAADXX:1:1107:11271:70785	148	8785.0	8929.0	best_hit_to_mtDNA	humanM
G	A	G	8795	HG002_all_regions	HG002_chr1.633402.634418|HISEQ1:19:H8VDAADXX:1:1107:11271:70785	HG002_chr1.633402.634418|HISEQ1:19:H8VDAADXX:1:1107:11271:70785	148	8785.0	8929.0	best_hit_to_mtDNA	humanM
T	C	T	8798	HG002_all_regions	HG002_chr1.633402.634418|HISEQ1:19:H8VDAADXX:1:1107:11271:70785	HG002_chr1.633402.634418|HISEQ1:19:H8VDAADXX:1:1107:11271:70785	148	8785.0	8929.0	best_hit_to_mtDNA	humanM
T	C	T	8807	HG002_all_regions	HG002_chr1.633402.634418|HISEQ1:19:H8VDAADXX:1:1107:11271:70785	HG002_chr1.633402.634418|HISEQ1:19:H8VDAADXX:1:1107:11271:70785	148	8785.0	8929.0	best_hit_to_mtDNA	humanM
C	T	C	8846	HG002_all_regions	HG002_chr1.633402.634418|HISEQ1:19:H8VDAADXX:1:1107:11271:70785	HG002_chr1.633402.634418|HISEQ1:19:H8VDAADXX:1:1107:11271:70785	148	8785.0	8929.0	best_hit_to_mtDNA	humanM
T	C	T	8853	HG002_all_regions	HG002_chr1.633402.634418|HISEQ1:19:H8VDAADXX:1:1107:11271:70785	HG002_chr1.633402.634418|HISEQ1:19:H8VDAADXX:1:1107:11271:70785	148	8785.0	8929.0	best_hit_to_mtDNA	humanM
G	A	G	8861	HG002_all_regions	HG002_chr1.633402.634418|HISEQ1:19:H8VDAADXX:1:1107:11271:70785	HG002_chr1.633402.634418|HISEQ1:19:H8VDAADXX:1:1107:11271:70785	148	8785.0	8929.0	best_hit_to_mtDNA	humanM
A	G	G	8865	HG002_all_regions	HG002_chr1.633402.634418|HISEQ1:19:H8VDAADXX:1:1107:11271:70785	HG002_chr1.633402.634418|HISEQ1:19:H8VDAADXX:1:1107:11271:70785	148	8785.0	8929.0	best_hit_to_mtDNA	chimpM
G	A	G	8870	HG002_all_regions	HG002_chr1.633402.634418|HISEQ1:19:H8VDAADXX:1:1107:11271:70785	HG002_chr1.633402.634418|HISEQ1:19:H8VDAADXX:1:1107:11271:70785	148	8785.0	8929.0	best_hit_to_mtDNA	humanM
A	G	A	8871	HG002_all_regions	HG002_chr1.633402.634418|HISEQ1:19:H8VDAADXX:1:1107:11271:70785	HG002_chr1.633402.634418|HISEQ1:19:H8VDAADXX:1:1107:11271:70785	148	8785.0	8929.0	best_hit_to_mtDNA	humanM
T	C	T	8873	HG002_all_regions	HG002_chr1.633402.634418|HISEQ1:19:H8VDAADXX:1:1107:11271:70785	HG002_chr1.633402.634418|HISEQ1:19:H8VDAADXX:1:1107:11271:70785	148	8785.0	8929.0	best_hit_to_mtDNA	humanM
C	T	C	8887	HG002_all_regions	HG002_chr1.633402.634418|HISEQ1:19:H8VDAADXX:1:1107:11271:70785	HG002_chr1.633402.634418|HISEQ1:19:H8VDAADXX:1:1107:11271:70785	148	8785.0	8929.0	best_hit_to_mtDNA	humanM
T	C	T	8893	HG002_all_regions	HG002_chr1.633402.634418|HISEQ1:19:H8VDAADXX:1:1107:11271:70785	HG002_chr1.633402.634418|HISEQ1:19:H8VDAADXX:1:1107:11271:70785	148	8785.0	8929.0	best_hit_to_mtDNA	humanM
A	G	A	8921	HG002_all_regions	HG002_chr1.633402.634418|HISEQ1:19:H8VDAADXX:1:1107:11271:70785	HG002_chr1.633402.634418|HISEQ1:19:H8VDAADXX:1:1107:11271:70785	148	8785.0	8929.0	best_hit_to_mtDNA	humanM
C	T	C	8792	HG002_all_regions	HG002_chr1.633402.634418|HISEQ1:19:H8VDAADXX:1:1107:11271:70785	HG002_chr1.633402.634418|HISEQ1:19:H8VDAADXX:1:1107:11271:70785	148	8785.0	8929.0	best_hit_to_mtDNA	humanM
G	A	G	8795	HG002_all_regions	HG002_chr1.633402.634418|HISEQ1:19:H8VDAADXX:1:1107:11271:70785	HG002_chr1.633402.634418|HISEQ1:19:H8VDAADXX:1:1107:11271:70785	148	8785.0	8929.0	best_hit_to_mtDNA	humanM
T	C	T	8798	HG002_all_regions	HG002_chr1.633402.634418|HISEQ1:19:H8VDAADXX:1:1107:11271:70785	HG002_chr1.633402.634418|HISEQ1:19:H8VDAADXX:1:1107:11271:70785	148	8785.0	8929.0	best_hit_to_mtDNA	humanM
T	C	T	8807	HG002_all_regions	HG002_chr1.633402.634418|HISEQ1:19:H8VDAADXX:1:1107:11271:70785	HG002_chr1.633402.634418|HISEQ1:19:H8VDAADXX:1:1107:11271:70785	148	8785.0	8929.0	best_hit_to_mtDNA	humanM
C	T	C	8846	HG002_all_regions	HG002_chr1.633402.634418|HISEQ1:19:H8VDAADXX:1:1107:11271:70785	HG002_chr1.633402.634418|HISEQ1:19:H8VDAADXX:1:1107:11271:70785	148	8785.0	8929.0	best_hit_to_mtDNA	humanM
T	C	T	8853	HG002_all_regions	HG002_chr1.633402.634418|HISEQ1:19:H8VDAADXX:1:1107:11271:70785	HG002_chr1.633402.634418|HISEQ1:19:H8VDAADXX:1:1107:11271:70785	148	8785.0	8929.0	best_hit_to_mtDNA	humanM
G	A	G	8861	HG002_all_regions	HG002_chr1.633402.634418|HISEQ1:19:H8VDAADXX:1:1107:11271:70785	HG002_chr1.633402.634418|HISEQ1:19:H8VDAADXX:1:1107:11271:70785	148	8785.0	8929.0	best_hit_to_mtDNA	humanM
A	G	G	8865	HG002_all_regions	HG002_chr1.633402.634418|HISEQ1:19:H8VDAADXX:1:1107:11271:70785	HG002_chr1.633402.634418|HISEQ1:19:H8VDAADXX:1:1107:11271:70785	148	8785.0	8929.0	best_hit_to_mtDNA	chimpM
G	A	G	8870	HG002_all_regions	HG002_chr1.633402.634418|HISEQ1:19:H8VDAADXX:1:1107:11271:70785	HG002_chr1.633402.634418|HISEQ1:19:H8VDAADXX:1:1107:11271:70785	148	8785.0	8929.0	best_hit_to_mtDNA	humanM
A	G	A	8871	HG002_all_regions	HG002_chr1.633402.634418|HISEQ1:19:H8VDAADXX:1:1107:11271:70785	HG002_chr1.633402.634418|HISEQ1:19:H8VDAADXX:1:1107:11271:70785	148	8785.0	8929.0	best_hit_to_mtDNA	humanM
T	C	T	8873	HG002_all_regions	HG002_chr1.633402.634418|HISEQ1:19:H8VDAADXX:1:1107:11271:70785	HG002_chr1.633402.634418|HISEQ1:19:H8VDAADXX:1:1107:11271:70785	148	8785.0	8929.0	best_hit_to_mtDNA	humanM
C	T	C	8887	HG002_all_regions	HG002_chr1.633402.634418|HISEQ1:19:H8VDAADXX:1:1107:11271:70785	HG002_chr1.633402.634418|HISEQ1:19:H8VDAADXX:1:1107:11271:70785	148	8785.0	8929.0	best_hit_to_mtDNA	humanM
T	C	T	8893	HG002_all_regions	HG002_chr1.633402.634418|HISEQ1:19:H8VDAADXX:1:1107:11271:70785	HG002_chr1.633402.634418|HISEQ1:19:H8VDAADXX:1:1107:11271:70785	148	8785.0	8929.0	best_hit_to_mtDNA	humanM
A	G	A	8921	HG002_all_regions	HG002_chr1.633402.634418|HISEQ1:19:H8VDAADXX:1:1107:11271:70785	HG002_chr1.633402.634418|HISEQ1:19:H8VDAADXX:1:1107:11271:70785	148	8785.0	8929.0	best_hit_to_mtDNA	humanM
T	C	T	8807	HG002_all_regions	HG002_chr1.633402.634418|HISEQ1:18:H8VC6ADXX:1:1104:2549:73737	HG002_chr1.633402.634418|HISEQ1:18:H8VC6ADXX:1:1104:2549:73737	148	8796.0	8942.0	best_hit_to_mtDNA	humanM
C	T	C	8846	HG002_all_regions	HG002_chr1.633402.634418|HISEQ1:18:H8VC6ADXX:1:1104:2549:73737	HG002_chr1.633402.634418|HISEQ1:18:H8VC6ADXX:1:1104:2549:73737	148	8796.0	8942.0	best_hit_to_mtDNA	humanM
T	C	T	8853	HG002_all_regions	HG002_chr1.633402.634418|HISEQ1:18:H8VC6ADXX:1:1104:2549:73737	HG002_chr1.633402.634418|HISEQ1:18:H8VC6ADXX:1:1104:2549:73737	148	8796.0	8942.0	best_hit_to_mtDNA	humanM
G	A	G	8861	HG002_all_regions	HG002_chr1.633402.634418|HISEQ1:18:H8VC6ADXX:1:1104:2549:73737	HG002_chr1.633402.634418|HISEQ1:18:H8VC6ADXX:1:1104:2549:73737	148	8796.0	8942.0	best_hit_to_mtDNA	humanM
A	G	G	8865	HG002_all_regions	HG002_chr1.633402.634418|HISEQ1:18:H8VC6ADXX:1:1104:2549:73737	HG002_chr1.633402.634418|HISEQ1:18:H8VC6ADXX:1:1104:2549:73737	148	8796.0	8942.0	best_hit_to_mtDNA	chimpM
G	A	G	8870	HG002_all_regions	HG002_chr1.633402.634418|HISEQ1:18:H8VC6ADXX:1:1104:2549:73737	HG002_chr1.633402.634418|HISEQ1:18:H8VC6ADXX:1:1104:2549:73737	148	8796.0	8942.0	best_hit_to_mtDNA	humanM
A	G	A	8871	HG002_all_regions	HG002_chr1.633402.634418|HISEQ1:18:H8VC6ADXX:1:1104:2549:73737	HG002_chr1.633402.634418|HISEQ1:18:H8VC6ADXX:1:1104:2549:73737	148	8796.0	8942.0	best_hit_to_mtDNA	humanM
T	C	T	8873	HG002_all_regions	HG002_chr1.633402.634418|HISEQ1:18:H8VC6ADXX:1:1104:2549:73737	HG002_chr1.633402.634418|HISEQ1:18:H8VC6ADXX:1:1104:2549:73737	148	8796.0	8942.0	best_hit_to_mtDNA	humanM
C	T	C	8887	HG002_all_regions	HG002_chr1.633402.634418|HISEQ1:18:H8VC6ADXX:1:1104:2549:73737	HG002_chr1.633402.634418|HISEQ1:18:H8VC6ADXX:1:1104:2549:73737	148	8796.0	8942.0	best_hit_to_mtDNA	humanM
T	C	T	8893	HG002_all_regions	HG002_chr1.633402.634418|HISEQ1:18:H8VC6ADXX:1:1104:2549:73737	HG002_chr1.633402.634418|HISEQ1:18:H8VC6ADXX:1:1104:2549:73737	148	8796.0	8942.0	best_hit_to_mtDNA	humanM
A	G	A	8921	HG002_all_regions	HG002_chr1.633402.634418|HISEQ1:18:H8VC6ADXX:1:1104:2549:73737	HG002_chr1.633402.634418|HISEQ1:18:H8VC6ADXX:1:1104:2549:73737	148	8796.0	8942.0	best_hit_to_mtDNA	humanM
T	C	T	8807	HG002_all_regions	HG002_chr1.633402.634418|HISEQ1:18:H8VC6ADXX:2:2115:1797:98145	HG002_chr1.633402.634418|HISEQ1:18:H8VC6ADXX:2:2115:1797:98145	148	8796.0	8942.0	best_hit_to_mtDNA	humanM
C	T	C	8846	HG002_all_regions	HG002_chr1.633402.634418|HISEQ1:18:H8VC6ADXX:2:2115:1797:98145	HG002_chr1.633402.634418|HISEQ1:18:H8VC6ADXX:2:2115:1797:98145	148	8796.0	8942.0	best_hit_to_mtDNA	humanM
T	C	T	8853	HG002_all_regions	HG002_chr1.633402.634418|HISEQ1:18:H8VC6ADXX:2:2115:1797:98145	HG002_chr1.633402.634418|HISEQ1:18:H8VC6ADXX:2:2115:1797:98145	148	8796.0	8942.0	best_hit_to_mtDNA	humanM
G	A	G	8861	HG002_all_regions	HG002_chr1.633402.634418|HISEQ1:18:H8VC6ADXX:2:2115:1797:98145	HG002_chr1.633402.634418|HISEQ1:18:H8VC6ADXX:2:2115:1797:98145	148	8796.0	8942.0	best_hit_to_mtDNA	humanM
A	G	G	8865	HG002_all_regions	HG002_chr1.633402.634418|HISEQ1:18:H8VC6ADXX:2:2115:1797:98145	HG002_chr1.633402.634418|HISEQ1:18:H8VC6ADXX:2:2115:1797:98145	148	8796.0	8942.0	best_hit_to_mtDNA	chimpM
G	A	G	8870	HG002_all_regions	HG002_chr1.633402.634418|HISEQ1:18:H8VC6ADXX:2:2115:1797:98145	HG002_chr1.633402.634418|HISEQ1:18:H8VC6ADXX:2:2115:1797:98145	148	8796.0	8942.0	best_hit_to_mtDNA	humanM
A	G	A	8871	HG002_all_regions	HG002_chr1.633402.634418|HISEQ1:18:H8VC6ADXX:2:2115:1797:98145	HG002_chr1.633402.634418|HISEQ1:18:H8VC6ADXX:2:2115:1797:98145	148	8796.0	8942.0	best_hit_to_mtDNA	humanM
T	C	T	8873	HG002_all_regions	HG002_chr1.633402.634418|HISEQ1:18:H8VC6ADXX:2:2115:1797:98145	HG002_chr1.633402.634418|HISEQ1:18:H8VC6ADXX:2:2115:1797:98145	148	8796.0	8942.0	best_hit_to_mtDNA	humanM
C	T	C	8887	HG002_all_regions	HG002_chr1.633402.634418|HISEQ1:18:H8VC6ADXX:2:2115:1797:98145	HG002_chr1.633402.634418|HISEQ1:18:H8VC6ADXX:2:2115:1797:98145	148	8796.0	8942.0	best_hit_to_mtDNA	humanM
T	C	T	8893	HG002_all_regions	HG002_chr1.633402.634418|HISEQ1:18:H8VC6ADXX:2:2115:1797:98145	HG002_chr1.633402.634418|HISEQ1:18:H8VC6ADXX:2:2115:1797:98145	148	8796.0	8942.0	best_hit_to_mtDNA	humanM
A	G	A	8921	HG002_all_regions	HG002_chr1.633402.634418|HISEQ1:18:H8VC6ADXX:2:2115:1797:98145	HG002_chr1.633402.634418|HISEQ1:18:H8VC6ADXX:2:2115:1797:98145	148	8796.0	8942.0	best_hit_to_mtDNA	humanM
T	C	T	8807	HG002_all_regions	HG002_chr1.633402.634418|HISEQ1:18:H8VC6ADXX:1:1212:4098:9854	HG002_chr1.633402.634418|HISEQ1:18:H8VC6ADXX:1:1212:4098:9854	148	8797.0	8944.0	best_hit_to_mtDNA	humanM
C	T	C	8846	HG002_all_regions	HG002_chr1.633402.634418|HISEQ1:18:H8VC6ADXX:1:1212:4098:9854	HG002_chr1.633402.634418|HISEQ1:18:H8VC6ADXX:1:1212:4098:9854	148	8797.0	8944.0	best_hit_to_mtDNA	humanM
T	C	T	8853	HG002_all_regions	HG002_chr1.633402.634418|HISEQ1:18:H8VC6ADXX:1:1212:4098:9854	HG002_chr1.633402.634418|HISEQ1:18:H8VC6ADXX:1:1212:4098:9854	148	8797.0	8944.0	best_hit_to_mtDNA	humanM
G	A	G	8861	HG002_all_regions	HG002_chr1.633402.634418|HISEQ1:18:H8VC6ADXX:1:1212:4098:9854	HG002_chr1.633402.634418|HISEQ1:18:H8VC6ADXX:1:1212:4098:9854	148	8797.0	8944.0	best_hit_to_mtDNA	humanM
A	G	G	8865	HG002_all_regions	HG002_chr1.633402.634418|HISEQ1:18:H8VC6ADXX:1:1212:4098:9854	HG002_chr1.633402.634418|HISEQ1:18:H8VC6ADXX:1:1212:4098:9854	148	8797.0	8944.0	best_hit_to_mtDNA	chimpM
G	A	G	8870	HG002_all_regions	HG002_chr1.633402.634418|HISEQ1:18:H8VC6ADXX:1:1212:4098:9854	HG002_chr1.633402.634418|HISEQ1:18:H8VC6ADXX:1:1212:4098:9854	148	8797.0	8944.0	best_hit_to_mtDNA	humanM
A	G	A	8871	HG002_all_regions	HG002_chr1.633402.634418|HISEQ1:18:H8VC6ADXX:1:1212:4098:9854	HG002_chr1.633402.634418|HISEQ1:18:H8VC6ADXX:1:1212:4098:9854	148	8797.0	8944.0	best_hit_to_mtDNA	humanM
T	C	T	8873	HG002_all_regions	HG002_chr1.633402.634418|HISEQ1:18:H8VC6ADXX:1:1212:4098:9854	HG002_chr1.633402.634418|HISEQ1:18:H8VC6ADXX:1:1212:4098:9854	148	8797.0	8944.0	best_hit_to_mtDNA	humanM
C	T	C	8887	HG002_all_regions	HG002_chr1.633402.634418|HISEQ1:18:H8VC6ADXX:1:1212:4098:9854	HG002_chr1.633402.634418|HISEQ1:18:H8VC6ADXX:1:1212:4098:9854	148	8797.0	8944.0	best_hit_to_mtDNA	humanM
T	C	T	8893	HG002_all_regions	HG002_chr1.633402.634418|HISEQ1:18:H8VC6ADXX:1:1212:4098:9854	HG002_chr1.633402.634418|HISEQ1:18:H8VC6ADXX:1:1212:4098:9854	148	8797.0	8944.0	best_hit_to_mtDNA	humanM
A	G	A	8921	HG002_all_regions	HG002_chr1.633402.634418|HISEQ1:18:H8VC6ADXX:1:1212:4098:9854	HG002_chr1.633402.634418|HISEQ1:18:H8VC6ADXX:1:1212:4098:9854	148	8797.0	8944.0	best_hit_to_mtDNA	humanM
C	T	C	8846	HG002_all_regions	HG002_chr1.633402.634418|HISEQ1:20:H9V1RADXX:1:1105:3791:65015	HG002_chr1.633402.634418|HISEQ1:20:H9V1RADXX:1:1105:3791:65015	148	8813.0	8959.0	best_hit_to_mtDNA	humanM
T	C	T	8853	HG002_all_regions	HG002_chr1.633402.634418|HISEQ1:20:H9V1RADXX:1:1105:3791:65015	HG002_chr1.633402.634418|HISEQ1:20:H9V1RADXX:1:1105:3791:65015	148	8813.0	8959.0	best_hit_to_mtDNA	humanM
G	A	G	8861	HG002_all_regions	HG002_chr1.633402.634418|HISEQ1:20:H9V1RADXX:1:1105:3791:65015	HG002_chr1.633402.634418|HISEQ1:20:H9V1RADXX:1:1105:3791:65015	148	8813.0	8959.0	best_hit_to_mtDNA	humanM
A	G	G	8865	HG002_all_regions	HG002_chr1.633402.634418|HISEQ1:20:H9V1RADXX:1:1105:3791:65015	HG002_chr1.633402.634418|HISEQ1:20:H9V1RADXX:1:1105:3791:65015	148	8813.0	8959.0	best_hit_to_mtDNA	chimpM
G	A	G	8870	HG002_all_regions	HG002_chr1.633402.634418|HISEQ1:20:H9V1RADXX:1:1105:3791:65015	HG002_chr1.633402.634418|HISEQ1:20:H9V1RADXX:1:1105:3791:65015	148	8813.0	8959.0	best_hit_to_mtDNA	humanM
A	G	A	8871	HG002_all_regions	HG002_chr1.633402.634418|HISEQ1:20:H9V1RADXX:1:1105:3791:65015	HG002_chr1.633402.634418|HISEQ1:20:H9V1RADXX:1:1105:3791:65015	148	8813.0	8959.0	best_hit_to_mtDNA	humanM
T	C	T	8873	HG002_all_regions	HG002_chr1.633402.634418|HISEQ1:20:H9V1RADXX:1:1105:3791:65015	HG002_chr1.633402.634418|HISEQ1:20:H9V1RADXX:1:1105:3791:65015	148	8813.0	8959.0	best_hit_to_mtDNA	humanM
C	T	C	8887	HG002_all_regions	HG002_chr1.633402.634418|HISEQ1:20:H9V1RADXX:1:1105:3791:65015	HG002_chr1.633402.634418|HISEQ1:20:H9V1RADXX:1:1105:3791:65015	148	8813.0	8959.0	best_hit_to_mtDNA	humanM
T	C	T	8893	HG002_all_regions	HG002_chr1.633402.634418|HISEQ1:20:H9V1RADXX:1:1105:3791:65015	HG002_chr1.633402.634418|HISEQ1:20:H9V1RADXX:1:1105:3791:65015	148	8813.0	8959.0	best_hit_to_mtDNA	humanM
A	G	A	8921	HG002_all_regions	HG002_chr1.633402.634418|HISEQ1:20:H9V1RADXX:1:1105:3791:65015	HG002_chr1.633402.634418|HISEQ1:20:H9V1RADXX:1:1105:3791:65015	148	8813.0	8959.0	best_hit_to_mtDNA	humanM
A	G	G	8865	HG002_all_regions	HG002_chr1.633402.634418|HISEQ1:19:H8VDAADXX:1:1215:2731:71511	HG002_chr1.633402.634418|HISEQ1:19:H8VDAADXX:1:1215:2731:71511	148	8859.0	8997.0	best_hit_to_mtDNA	chimpM
G	A	G	8870	HG002_all_regions	HG002_chr1.633402.634418|HISEQ1:19:H8VDAADXX:1:1215:2731:71511	HG002_chr1.633402.634418|HISEQ1:19:H8VDAADXX:1:1215:2731:71511	148	8859.0	8997.0	best_hit_to_mtDNA	humanM
A	G	A	8871	HG002_all_regions	HG002_chr1.633402.634418|HISEQ1:19:H8VDAADXX:1:1215:2731:71511	HG002_chr1.633402.634418|HISEQ1:19:H8VDAADXX:1:1215:2731:71511	148	8859.0	8997.0	best_hit_to_mtDNA	humanM
T	C	T	8873	HG002_all_regions	HG002_chr1.633402.634418|HISEQ1:19:H8VDAADXX:1:1215:2731:71511	HG002_chr1.633402.634418|HISEQ1:19:H8VDAADXX:1:1215:2731:71511	148	8859.0	8997.0	best_hit_to_mtDNA	humanM
C	T	C	8887	HG002_all_regions	HG002_chr1.633402.634418|HISEQ1:19:H8VDAADXX:1:1215:2731:71511	HG002_chr1.633402.634418|HISEQ1:19:H8VDAADXX:1:1215:2731:71511	148	8859.0	8997.0	best_hit_to_mtDNA	humanM
T	C	T	8893	HG002_all_regions	HG002_chr1.633402.634418|HISEQ1:19:H8VDAADXX:1:1215:2731:71511	HG002_chr1.633402.634418|HISEQ1:19:H8VDAADXX:1:1215:2731:71511	148	8859.0	8997.0	best_hit_to_mtDNA	humanM
A	G	A	8921	HG002_all_regions	HG002_chr1.633402.634418|HISEQ1:19:H8VDAADXX:1:1215:2731:71511	HG002_chr1.633402.634418|HISEQ1:19:H8VDAADXX:1:1215:2731:71511	148	8859.0	8997.0	best_hit_to_mtDNA	humanM
T	C	T	8960	HG002_all_regions	HG002_chr1.633402.634418|HISEQ1:19:H8VDAADXX:1:1215:2731:71511	HG002_chr1.633402.634418|HISEQ1:19:H8VDAADXX:1:1215:2731:71511	148	8859.0	8997.0	best_hit_to_mtDNA	humanM
C	T	C	8969	HG002_all_regions	HG002_chr1.633402.634418|HISEQ1:19:H8VDAADXX:1:1215:2731:71511	HG002_chr1.633402.634418|HISEQ1:19:H8VDAADXX:1:1215:2731:71511	148	8859.0	8997.0	best_hit_to_mtDNA	humanM
C	T	C	8972	HG002_all_regions	HG002_chr1.633402.634418|HISEQ1:19:H8VDAADXX:1:1215:2731:71511	HG002_chr1.633402.634418|HISEQ1:19:H8VDAADXX:1:1215:2731:71511	148	8859.0	8997.0	best_hit_to_mtDNA	humanM
A	G	A	9185	HG002_all_regions	HG002_chr1.633402.634418|HISEQ1:18:H8VC6ADXX:1:1113:3562:79280	HG002_chr1.633402.634418|HISEQ1:18:H8VC6ADXX:1:1113:3562:79280	148	9179.0	9326.0	best_hit_to_mtDNA	humanM
T	C	T	9235	HG002_all_regions	HG002_chr1.633402.634418|HISEQ1:18:H8VC6ADXX:1:1113:3562:79280	HG002_chr1.633402.634418|HISEQ1:18:H8VC6ADXX:1:1113:3562:79280	148	9179.0	9326.0	best_hit_to_mtDNA	humanM
T	C	T	9238	HG002_all_regions	HG002_chr1.633402.634418|HISEQ1:18:H8VC6ADXX:1:1113:3562:79280	HG002_chr1.633402.634418|HISEQ1:18:H8VC6ADXX:1:1113:3562:79280	148	9179.0	9326.0	best_hit_to_mtDNA	humanM
A	G	A	9280	HG002_all_regions	HG002_chr1.633402.634418|HISEQ1:18:H8VC6ADXX:1:1113:3562:79280	HG002_chr1.633402.634418|HISEQ1:18:H8VC6ADXX:1:1113:3562:79280	148	9179.0	9326.0	best_hit_to_mtDNA	humanM
G	A	G	9292	HG002_all_regions	HG002_chr1.633402.634418|HISEQ1:18:H8VC6ADXX:1:1113:3562:79280	HG002_chr1.633402.634418|HISEQ1:18:H8VC6ADXX:1:1113:3562:79280	148	9179.0	9326.0	best_hit_to_mtDNA	humanM
A	G	A	9304	HG002_all_regions	HG002_chr1.633402.634418|HISEQ1:18:H8VC6ADXX:1:1113:3562:79280	HG002_chr1.633402.634418|HISEQ1:18:H8VC6ADXX:1:1113:3562:79280	148	9179.0	9326.0	best_hit_to_mtDNA	humanM
G	A	G	9310	HG002_all_regions	HG002_chr1.633402.634418|HISEQ1:18:H8VC6ADXX:1:1113:3562:79280	HG002_chr1.633402.634418|HISEQ1:18:H8VC6ADXX:1:1113:3562:79280	148	9179.0	9326.0	best_hit_to_mtDNA	humanM
T	C	T	9316	HG002_all_regions	HG002_chr1.633402.634418|HISEQ1:18:H8VC6ADXX:1:1113:3562:79280	HG002_chr1.633402.634418|HISEQ1:18:H8VC6ADXX:1:1113:3562:79280	148	9179.0	9326.0	best_hit_to_mtDNA	humanM
C	T	C	9323	HG002_all_regions	HG002_chr1.633402.634418|HISEQ1:18:H8VC6ADXX:1:1113:3562:79280	HG002_chr1.633402.634418|HISEQ1:18:H8VC6ADXX:1:1113:3562:79280	148	9179.0	9326.0	best_hit_to_mtDNA	humanM
C	T	-	16090	HG002_all_regions	HG002_chr11.49861520.49862789|HISEQ1:19:H8VDAADXX:2:2212:2683:69342	HG002_chr11.49861520.49862789|HISEQ1:19:H8VDAADXX:2:2212:2683:69342	9893	16089.0	16126.0	best_hit_to_mtDNA	none
A	-	-	16091	HG002_all_regions	HG002_chr11.49861520.49862789|HISEQ1:19:H8VDAADXX:2:2212:2683:69342	HG002_chr11.49861520.49862789|HISEQ1:19:H8VDAADXX:2:2212:2683:69342	9893	16089.0	16126.0	best_hit_to_mtDNA	chimpM
A	C	-	16221	HG002_all_regions	HG002_chr11.49861520.49862789|HISEQ1:18:H8VC6ADXX:1:1212:20638:47408	HG002_chr11.49861520.49862789|HISEQ1:18:H8VC6ADXX:1:1212:20638:47408	15152	16210.0	16354.0	best_hit_to_mtDNA	none
T	C	-	16223	HG002_all_regions	HG002_chr11.49861520.49862789|HISEQ1:18:H8VC6ADXX:1:1212:20638:47408	HG002_chr11.49861520.49862789|HISEQ1:18:H8VC6ADXX:1:1212:20638:47408	15152	16210.0	16354.0	best_hit_to_mtDNA	none
G	A	-	16227	HG002_all_regions	HG002_chr11.49861520.49862789|HISEQ1:18:H8VC6ADXX:1:1212:20638:47408	HG002_chr11.49861520.49862789|HISEQ1:18:H8VC6ADXX:1:1212:20638:47408	15152	16210.0	16354.0	best_hit_to_mtDNA	none
C	T	-	16236	HG002_all_regions	HG002_chr11.49861520.49862789|HISEQ1:18:H8VC6ADXX:1:1212:20638:47408	HG002_chr11.49861520.49862789|HISEQ1:18:H8VC6ADXX:1:1212:20638:47408	15152	16210.0	16354.0	best_hit_to_mtDNA	none
T	C	-	16238	HG002_all_regions	HG002_chr11.49861520.49862789|HISEQ1:18:H8VC6ADXX:1:1212:20638:47408	HG002_chr11.49861520.49862789|HISEQ1:18:H8VC6ADXX:1:1212:20638:47408	15152	16210.0	16354.0	best_hit_to_mtDNA	none
A	G	-	16244	HG002_all_regions	HG002_chr11.49861520.49862789|HISEQ1:18:H8VC6ADXX:1:1212:20638:47408	HG002_chr11.49861520.49862789|HISEQ1:18:H8VC6ADXX:1:1212:20638:47408	15152	16210.0	16354.0	best_hit_to_mtDNA	none
A	G	-	16247	HG002_all_regions	HG002_chr11.49861520.49862789|HISEQ1:18:H8VC6ADXX:1:1212:20638:47408	HG002_chr11.49861520.49862789|HISEQ1:18:H8VC6ADXX:1:1212:20638:47408	15152	16210.0	16354.0	best_hit_to_mtDNA	none
C	A	-	16248	HG002_all_regions	HG002_chr11.49861520.49862789|HISEQ1:18:H8VC6ADXX:1:1212:20638:47408	HG002_chr11.49861520.49862789|HISEQ1:18:H8VC6ADXX:1:1212:20638:47408	15152	16210.0	16354.0	best_hit_to_mtDNA	none
C	A	-	16253	HG002_all_regions	HG002_chr11.49861520.49862789|HISEQ1:18:H8VC6ADXX:1:1212:20638:47408	HG002_chr11.49861520.49862789|HISEQ1:18:H8VC6ADXX:1:1212:20638:47408	15152	16210.0	16354.0	best_hit_to_mtDNA	none
C	A	-	16256	HG002_all_regions	HG002_chr11.49861520.49862789|HISEQ1:18:H8VC6ADXX:1:1212:20638:47408	HG002_chr11.49861520.49862789|HISEQ1:18:H8VC6ADXX:1:1212:20638:47408	15152	16210.0	16354.0	best_hit_to_mtDNA	none
T	C	-	16257	HG002_all_regions	HG002_chr11.49861520.49862789|HISEQ1:18:H8VC6ADXX:1:1212:20638:47408	HG002_chr11.49861520.49862789|HISEQ1:18:H8VC6ADXX:1:1212:20638:47408	15152	16210.0	16354.0	best_hit_to_mtDNA	none
G	A	-	16258	HG002_all_regions	HG002_chr11.49861520.49862789|HISEQ1:18:H8VC6ADXX:1:1212:20638:47408	HG002_chr11.49861520.49862789|HISEQ1:18:H8VC6ADXX:1:1212:20638:47408	15152	16210.0	16354.0	best_hit_to_mtDNA	none
C	T	-	16262	HG002_all_regions	HG002_chr11.49861520.49862789|HISEQ1:18:H8VC6ADXX:1:1212:20638:47408	HG002_chr11.49861520.49862789|HISEQ1:18:H8VC6ADXX:1:1212:20638:47408	15152	16210.0	16354.0	best_hit_to_mtDNA	none
A	C	-	16268	HG002_all_regions	HG002_chr11.49861520.49862789|HISEQ1:18:H8VC6ADXX:1:1212:20638:47408	HG002_chr11.49861520.49862789|HISEQ1:18:H8VC6ADXX:1:1212:20638:47408	15152	16210.0	16354.0	best_hit_to_mtDNA	none
C	A	-	16270	HG002_all_regions	HG002_chr11.49861520.49862789|HISEQ1:18:H8VC6ADXX:1:1212:20638:47408	HG002_chr11.49861520.49862789|HISEQ1:18:H8VC6ADXX:1:1212:20638:47408	15152	16210.0	16354.0	best_hit_to_mtDNA	none
A	C	-	16279	HG002_all_regions	HG002_chr11.49861520.49862789|HISEQ1:18:H8VC6ADXX:1:1212:20638:47408	HG002_chr11.49861520.49862789|HISEQ1:18:H8VC6ADXX:1:1212:20638:47408	15152	16210.0	16354.0	best_hit_to_mtDNA	none
T	C	-	16285	HG002_all_regions	HG002_chr11.49861520.49862789|HISEQ1:18:H8VC6ADXX:1:1212:20638:47408	HG002_chr11.49861520.49862789|HISEQ1:18:H8VC6ADXX:1:1212:20638:47408	15152	16210.0	16354.0	best_hit_to_mtDNA	none
A	C	-	16286	HG002_all_regions	HG002_chr11.49861520.49862789|HISEQ1:18:H8VC6ADXX:1:1212:20638:47408	HG002_chr11.49861520.49862789|HISEQ1:18:H8VC6ADXX:1:1212:20638:47408	15152	16210.0	16354.0	best_hit_to_mtDNA	none
G	C	-	16287	HG002_all_regions	HG002_chr11.49861520.49862789|HISEQ1:18:H8VC6ADXX:1:1212:20638:47408	HG002_chr11.49861520.49862789|HISEQ1:18:H8VC6ADXX:1:1212:20638:47408	15152	16210.0	16354.0	best_hit_to_mtDNA	none
A	G	-	16298	HG002_all_regions	HG002_chr11.49861520.49862789|HISEQ1:18:H8VC6ADXX:1:1212:20638:47408	HG002_chr11.49861520.49862789|HISEQ1:18:H8VC6ADXX:1:1212:20638:47408	15152	16210.0	16354.0	best_hit_to_mtDNA	none
C	T	-	16304	HG002_all_regions	HG002_chr11.49861520.49862789|HISEQ1:18:H8VC6ADXX:1:1212:20638:47408	HG002_chr11.49861520.49862789|HISEQ1:18:H8VC6ADXX:1:1212:20638:47408	15152	16210.0	16354.0	best_hit_to_mtDNA	none
C	T	-	16306	HG002_all_regions	HG002_chr11.49861520.49862789|HISEQ1:18:H8VC6ADXX:1:1212:20638:47408	HG002_chr11.49861520.49862789|HISEQ1:18:H8VC6ADXX:1:1212:20638:47408	15152	16210.0	16354.0	best_hit_to_mtDNA	none
A	C	-	16307	HG002_all_regions	HG002_chr11.49861520.49862789|HISEQ1:18:H8VC6ADXX:1:1212:20638:47408	HG002_chr11.49861520.49862789|HISEQ1:18:H8VC6ADXX:1:1212:20638:47408	15152	16210.0	16354.0	best_hit_to_mtDNA	none
A	G	-	16313	HG002_all_regions	HG002_chr11.49861520.49862789|HISEQ1:18:H8VC6ADXX:1:1212:20638:47408	HG002_chr11.49861520.49862789|HISEQ1:18:H8VC6ADXX:1:1212:20638:47408	15152	16210.0	16354.0	best_hit_to_mtDNA	none
T	A	-	16318	HG002_all_regions	HG002_chr11.49861520.49862789|HISEQ1:18:H8VC6ADXX:1:1212:20638:47408	HG002_chr11.49861520.49862789|HISEQ1:18:H8VC6ADXX:1:1212:20638:47408	15152	16210.0	16354.0	best_hit_to_mtDNA	none
A	C	-	16331	HG002_all_regions	HG002_chr11.49861520.49862789|HISEQ1:18:H8VC6ADXX:1:1212:20638:47408	HG002_chr11.49861520.49862789|HISEQ1:18:H8VC6ADXX:1:1212:20638:47408	15152	16210.0	16354.0	best_hit_to_mtDNA	none
G	A	-	16333	HG002_all_regions	HG002_chr11.49861520.49862789|HISEQ1:18:H8VC6ADXX:1:1212:20638:47408	HG002_chr11.49861520.49862789|HISEQ1:18:H8VC6ADXX:1:1212:20638:47408	15152	16210.0	16354.0	best_hit_to_mtDNA	none
T	A	-	16338	HG002_all_regions	HG002_chr11.49861520.49862789|HISEQ1:18:H8VC6ADXX:1:1212:20638:47408	HG002_chr11.49861520.49862789|HISEQ1:18:H8VC6ADXX:1:1212:20638:47408	15152	16210.0	16354.0	best_hit_to_mtDNA	none
T	C	-	16339	HG002_all_regions	HG002_chr11.49861520.49862789|HISEQ1:18:H8VC6ADXX:1:1212:20638:47408	HG002_chr11.49861520.49862789|HISEQ1:18:H8VC6ADXX:1:1212:20638:47408	15152	16210.0	16354.0	best_hit_to_mtDNA	none
T	C	-	16526	HG002_all_regions	HG002_chr11.49861520.49862789|HISEQ1:19:H8VDAADXX:1:2202:18834:87285	HG002_chr11.49861520.49862789|HISEQ1:19:H8VDAADXX:1:2202:18834:87285	14629	16498.0	16569.0	best_hit_to_mtDNA	none
T	C	-	16533	HG002_all_regions	HG002_chr11.49861520.49862789|HISEQ1:19:H8VDAADXX:1:2202:18834:87285	HG002_chr11.49861520.49862789|HISEQ1:19:H8VDAADXX:1:2202:18834:87285	14629	16498.0	16569.0	best_hit_to_mtDNA	none
A	G	-	16537	HG002_all_regions	HG002_chr11.49861520.49862789|HISEQ1:19:H8VDAADXX:1:2202:18834:87285	HG002_chr11.49861520.49862789|HISEQ1:19:H8VDAADXX:1:2202:18834:87285	14629	16498.0	16569.0	best_hit_to_mtDNA	none
-	T	-	16541	HG002_all_regions	HG002_chr11.49861520.49862789|HISEQ1:19:H8VDAADXX:1:2202:18834:87285	HG002_chr11.49861520.49862789|HISEQ1:19:H8VDAADXX:1:2202:18834:87285	14629	16498.0	16569.0	best_hit_to_mtDNA	humanM
-	T	-	16542	HG002_all_regions	HG002_chr11.49861520.49862789|HISEQ1:19:H8VDAADXX:1:2202:18834:87285	HG002_chr11.49861520.49862789|HISEQ1:19:H8VDAADXX:1:2202:18834:87285	14629	16498.0	16569.0	best_hit_to_mtDNA	humanM
C	A	-	16544	HG002_all_regions	HG002_chr11.49861520.49862789|HISEQ1:19:H8VDAADXX:1:2202:18834:87285	HG002_chr11.49861520.49862789|HISEQ1:19:H8VDAADXX:1:2202:18834:87285	14629	16498.0	16569.0	best_hit_to_mtDNA	none
T	A	-	16545	HG002_all_regions	HG002_chr11.49861520.49862789|HISEQ1:19:H8VDAADXX:1:2202:18834:87285	HG002_chr11.49861520.49862789|HISEQ1:19:H8VDAADXX:1:2202:18834:87285	14629	16498.0	16569.0	best_hit_to_mtDNA	none
A	G	-	16548	HG002_all_regions	HG002_chr11.49861520.49862789|HISEQ1:19:H8VDAADXX:1:2202:18834:87285	HG002_chr11.49861520.49862789|HISEQ1:19:H8VDAADXX:1:2202:18834:87285	14629	16498.0	16569.0	best_hit_to_mtDNA	none
T	A	-	16549	HG002_all_regions	HG002_chr11.49861520.49862789|HISEQ1:19:H8VDAADXX:1:2202:18834:87285	HG002_chr11.49861520.49862789|HISEQ1:19:H8VDAADXX:1:2202:18834:87285	14629	16498.0	16569.0	best_hit_to_mtDNA	none
A	C	-	16550	HG002_all_regions	HG002_chr11.49861520.49862789|HISEQ1:19:H8VDAADXX:1:2202:18834:87285	HG002_chr11.49861520.49862789|HISEQ1:19:H8VDAADXX:1:2202:18834:87285	14629	16498.0	16569.0	best_hit_to_mtDNA	none
G	T	-	16551	HG002_all_regions	HG002_chr11.49861520.49862789|HISEQ1:19:H8VDAADXX:1:2202:18834:87285	HG002_chr11.49861520.49862789|HISEQ1:19:H8VDAADXX:1:2202:18834:87285	14629	16498.0	16569.0	best_hit_to_mtDNA	none
C	T	-	12362	HG002_all_regions	HG002_chr21.9675697.9677286|HISEQ1:18:H8VC6ADXX:2:1214:20174:73789	HG002_chr21.9675697.9677286|HISEQ1:18:H8VC6ADXX:2:1214:20174:73789	9897	12361.0	12481.0	best_hit_to_mtDNA	none
A	G	-	12363	HG002_all_regions	HG002_chr21.9675697.9677286|HISEQ1:18:H8VC6ADXX:2:1214:20174:73789	HG002_chr21.9675697.9677286|HISEQ1:18:H8VC6ADXX:2:1214:20174:73789	9897	12361.0	12481.0	best_hit_to_mtDNA	none
T	C	-	12368	HG002_all_regions	HG002_chr21.9675697.9677286|HISEQ1:18:H8VC6ADXX:2:1214:20174:73789	HG002_chr21.9675697.9677286|HISEQ1:18:H8VC6ADXX:2:1214:20174:73789	9897	12361.0	12481.0	best_hit_to_mtDNA	none
C	T	-	12378	HG002_all_regions	HG002_chr21.9675697.9677286|HISEQ1:18:H8VC6ADXX:2:1214:20174:73789	HG002_chr21.9675697.9677286|HISEQ1:18:H8VC6ADXX:2:1214:20174:73789	9897	12361.0	12481.0	best_hit_to_mtDNA	none
A	G	-	12381	HG002_all_regions	HG002_chr21.9675697.9677286|HISEQ1:18:H8VC6ADXX:2:1214:20174:73789	HG002_chr21.9675697.9677286|HISEQ1:18:H8VC6ADXX:2:1214:20174:73789	9897	12361.0	12481.0	best_hit_to_mtDNA	none
G	A	-	12386	HG002_all_regions	HG002_chr21.9675697.9677286|HISEQ1:18:H8VC6ADXX:2:1214:20174:73789	HG002_chr21.9675697.9677286|HISEQ1:18:H8VC6ADXX:2:1214:20174:73789	9897	12361.0	12481.0	best_hit_to_mtDNA	none
C	T	-	12393	HG002_all_regions	HG002_chr21.9675697.9677286|HISEQ1:18:H8VC6ADXX:2:1214:20174:73789	HG002_chr21.9675697.9677286|HISEQ1:18:H8VC6ADXX:2:1214:20174:73789	9897	12361.0	12481.0	best_hit_to_mtDNA	none
T	C	-	12410	HG002_all_regions	HG002_chr21.9675697.9677286|HISEQ1:18:H8VC6ADXX:2:1214:20174:73789	HG002_chr21.9675697.9677286|HISEQ1:18:H8VC6ADXX:2:1214:20174:73789	9897	12361.0	12481.0	best_hit_to_mtDNA	none
A	G	-	12411	HG002_all_regions	HG002_chr21.9675697.9677286|HISEQ1:18:H8VC6ADXX:2:1214:20174:73789	HG002_chr21.9675697.9677286|HISEQ1:18:H8VC6ADXX:2:1214:20174:73789	9897	12361.0	12481.0	best_hit_to_mtDNA	none
C	G	-	12412	HG002_all_regions	HG002_chr21.9675697.9677286|HISEQ1:18:H8VC6ADXX:2:1214:20174:73789	HG002_chr21.9675697.9677286|HISEQ1:18:H8VC6ADXX:2:1214:20174:73789	9897	12361.0	12481.0	best_hit_to_mtDNA	none
A	G	-	12414	HG002_all_regions	HG002_chr21.9675697.9677286|HISEQ1:18:H8VC6ADXX:2:1214:20174:73789	HG002_chr21.9675697.9677286|HISEQ1:18:H8VC6ADXX:2:1214:20174:73789	9897	12361.0	12481.0	best_hit_to_mtDNA	none
G	A	-	12420	HG002_all_regions	HG002_chr21.9675697.9677286|HISEQ1:18:H8VC6ADXX:2:1214:20174:73789	HG002_chr21.9675697.9677286|HISEQ1:18:H8VC6ADXX:2:1214:20174:73789	9897	12361.0	12481.0	best_hit_to_mtDNA	none
T	C	-	12455	HG002_all_regions	HG002_chr21.9675697.9677286|HISEQ1:18:H8VC6ADXX:2:1214:20174:73789	HG002_chr21.9675697.9677286|HISEQ1:18:H8VC6ADXX:2:1214:20174:73789	9897	12361.0	12481.0	best_hit_to_mtDNA	none
A	G	-	12458	HG002_all_regions	HG002_chr21.9675697.9677286|HISEQ1:18:H8VC6ADXX:2:1214:20174:73789	HG002_chr21.9675697.9677286|HISEQ1:18:H8VC6ADXX:2:1214:20174:73789	9897	12361.0	12481.0	best_hit_to_mtDNA	none
G	A	-	12468	HG002_all_regions	HG002_chr21.9675697.9677286|HISEQ1:18:H8VC6ADXX:2:1214:20174:73789	HG002_chr21.9675697.9677286|HISEQ1:18:H8VC6ADXX:2:1214:20174:73789	9897	12361.0	12481.0	best_hit_to_mtDNA	none
G	A	-	14883	HG002_all_regions	HG002_chr5.32337782.32339138|HISEQ1:18:H8VC6ADXX:1:2216:21178:54998	HG002_chr5.32337782.32339138|HISEQ1:18:H8VC6ADXX:1:2216:21178:54998	3730	14872.0	14977.0	best_hit_to_mtDNA	none
C	T	-	14889	HG002_all_regions	HG002_chr5.32337782.32339138|HISEQ1:18:H8VC6ADXX:1:2216:21178:54998	HG002_chr5.32337782.32339138|HISEQ1:18:H8VC6ADXX:1:2216:21178:54998	3730	14872.0	14977.0	best_hit_to_mtDNA	none
C	T	-	14895	HG002_all_regions	HG002_chr5.32337782.32339138|HISEQ1:18:H8VC6ADXX:1:2216:21178:54998	HG002_chr5.32337782.32339138|HISEQ1:18:H8VC6ADXX:1:2216:21178:54998	3730	14872.0	14977.0	best_hit_to_mtDNA	none
C	T	-	14905	HG002_all_regions	HG002_chr5.32337782.32339138|HISEQ1:18:H8VC6ADXX:1:2216:21178:54998	HG002_chr5.32337782.32339138|HISEQ1:18:H8VC6ADXX:1:2216:21178:54998	3730	14872.0	14977.0	best_hit_to_mtDNA	none
C	T	-	14916	HG002_all_regions	HG002_chr5.32337782.32339138|HISEQ1:18:H8VC6ADXX:1:2216:21178:54998	HG002_chr5.32337782.32339138|HISEQ1:18:H8VC6ADXX:1:2216:21178:54998	3730	14872.0	14977.0	best_hit_to_mtDNA	none
G	A	-	14919	HG002_all_regions	HG002_chr5.32337782.32339138|HISEQ1:18:H8VC6ADXX:1:2216:21178:54998	HG002_chr5.32337782.32339138|HISEQ1:18:H8VC6ADXX:1:2216:21178:54998	3730	14872.0	14977.0	best_hit_to_mtDNA	none
T	C	-	14949	HG002_all_regions	HG002_chr5.32337782.32339138|HISEQ1:18:H8VC6ADXX:1:2216:21178:54998	HG002_chr5.32337782.32339138|HISEQ1:18:H8VC6ADXX:1:2216:21178:54998	3730	14872.0	14977.0	best_hit_to_mtDNA	none
A	G	-	14952	HG002_all_regions	HG002_chr5.32337782.32339138|HISEQ1:18:H8VC6ADXX:1:2216:21178:54998	HG002_chr5.32337782.32339138|HISEQ1:18:H8VC6ADXX:1:2216:21178:54998	3730	14872.0	14977.0	best_hit_to_mtDNA	none
A	G	-	14955	HG002_all_regions	HG002_chr5.32337782.32339138|HISEQ1:18:H8VC6ADXX:1:2216:21178:54998	HG002_chr5.32337782.32339138|HISEQ1:18:H8VC6ADXX:1:2216:21178:54998	3730	14872.0	14977.0	best_hit_to_mtDNA	none
T	C	-	14970	HG002_all_regions	HG002_chr5.32337782.32339138|HISEQ1:18:H8VC6ADXX:1:2216:21178:54998	HG002_chr5.32337782.32339138|HISEQ1:18:H8VC6ADXX:1:2216:21178:54998	3730	14872.0	14977.0	best_hit_to_mtDNA	none
C	T	-	6237	HG002_all_regions	HG002_chr9.129055.130496|HISEQ1:19:H8VDAADXX:2:2206:8062:68186	HG002_chr9.129055.130496|HISEQ1:19:H8VDAADXX:2:2206:8062:68186	14664	6225.0	6325.0	best_hit_to_mtDNA	none
G	A	-	6240	HG002_all_regions	HG002_chr9.129055.130496|HISEQ1:19:H8VDAADXX:2:2206:8062:68186	HG002_chr9.129055.130496|HISEQ1:19:H8VDAADXX:2:2206:8062:68186	14664	6225.0	6325.0	best_hit_to_mtDNA	none
C	T	-	6243	HG002_all_regions	HG002_chr9.129055.130496|HISEQ1:19:H8VDAADXX:2:2206:8062:68186	HG002_chr9.129055.130496|HISEQ1:19:H8VDAADXX:2:2206:8062:68186	14664	6225.0	6325.0	best_hit_to_mtDNA	none
T	C	-	6252	HG002_all_regions	HG002_chr9.129055.130496|HISEQ1:19:H8VDAADXX:2:2206:8062:68186	HG002_chr9.129055.130496|HISEQ1:19:H8VDAADXX:2:2206:8062:68186	14664	6225.0	6325.0	best_hit_to_mtDNA	none
G	A	-	6258	HG002_all_regions	HG002_chr9.129055.130496|HISEQ1:19:H8VDAADXX:2:2206:8062:68186	HG002_chr9.129055.130496|HISEQ1:19:H8VDAADXX:2:2206:8062:68186	14664	6225.0	6325.0	best_hit_to_mtDNA	none
G	A	-	6261	HG002_all_regions	HG002_chr9.129055.130496|HISEQ1:19:H8VDAADXX:2:2206:8062:68186	HG002_chr9.129055.130496|HISEQ1:19:H8VDAADXX:2:2206:8062:68186	14664	6225.0	6325.0	best_hit_to_mtDNA	none
A	C	-	6267	HG002_all_regions	HG002_chr9.129055.130496|HISEQ1:19:H8VDAADXX:2:2206:8062:68186	HG002_chr9.129055.130496|HISEQ1:19:H8VDAADXX:2:2206:8062:68186	14664	6225.0	6325.0	best_hit_to_mtDNA	none
A	G	-	6270	HG002_all_regions	HG002_chr9.129055.130496|HISEQ1:19:H8VDAADXX:2:2206:8062:68186	HG002_chr9.129055.130496|HISEQ1:19:H8VDAADXX:2:2206:8062:68186	14664	6225.0	6325.0	best_hit_to_mtDNA	none
A	G	-	6303	HG002_all_regions	HG002_chr9.129055.130496|HISEQ1:19:H8VDAADXX:2:2206:8062:68186	HG002_chr9.129055.130496|HISEQ1:19:H8VDAADXX:2:2206:8062:68186	14664	6225.0	6325.0	best_hit_to_mtDNA	none
G	A	-	6306	HG002_all_regions	HG002_chr9.129055.130496|HISEQ1:19:H8VDAADXX:2:2206:8062:68186	HG002_chr9.129055.130496|HISEQ1:19:H8VDAADXX:2:2206:8062:68186	14664	6225.0	6325.0	best_hit_to_mtDNA	none
C	G	-	6315	HG002_all_regions	HG002_chr9.129055.130496|HISEQ1:19:H8VDAADXX:2:2206:8062:68186	HG002_chr9.129055.130496|HISEQ1:19:H8VDAADXX:2:2206:8062:68186	14664	6225.0	6325.0	best_hit_to_mtDNA	none
C	T	-	6318	HG002_all_regions	HG002_chr9.129055.130496|HISEQ1:19:H8VDAADXX:2:2206:8062:68186	HG002_chr9.129055.130496|HISEQ1:19:H8VDAADXX:2:2206:8062:68186	14664	6225.0	6325.0	best_hit_to_mtDNA	none
C	T	C	6237	HG002_all_regions	HG002_chr9.129055.130496|HISEQ1:19:H8VDAADXX:2:2206:8062:68186	HG002_chr9.129055.130496|HISEQ1:19:H8VDAADXX:2:2206:8062:68186	152	6225.0	6325.0	best_hit_to_mtDNA	humanM
G	A	G	6240	HG002_all_regions	HG002_chr9.129055.130496|HISEQ1:19:H8VDAADXX:2:2206:8062:68186	HG002_chr9.129055.130496|HISEQ1:19:H8VDAADXX:2:2206:8062:68186	152	6225.0	6325.0	best_hit_to_mtDNA	humanM
C	T	C	6243	HG002_all_regions	HG002_chr9.129055.130496|HISEQ1:19:H8VDAADXX:2:2206:8062:68186	HG002_chr9.129055.130496|HISEQ1:19:H8VDAADXX:2:2206:8062:68186	152	6225.0	6325.0	best_hit_to_mtDNA	humanM
T	C	T	6252	HG002_all_regions	HG002_chr9.129055.130496|HISEQ1:19:H8VDAADXX:2:2206:8062:68186	HG002_chr9.129055.130496|HISEQ1:19:H8VDAADXX:2:2206:8062:68186	152	6225.0	6325.0	best_hit_to_mtDNA	humanM
G	A	G	6258	HG002_all_regions	HG002_chr9.129055.130496|HISEQ1:19:H8VDAADXX:2:2206:8062:68186	HG002_chr9.129055.130496|HISEQ1:19:H8VDAADXX:2:2206:8062:68186	152	6225.0	6325.0	best_hit_to_mtDNA	humanM
G	A	G	6261	HG002_all_regions	HG002_chr9.129055.130496|HISEQ1:19:H8VDAADXX:2:2206:8062:68186	HG002_chr9.129055.130496|HISEQ1:19:H8VDAADXX:2:2206:8062:68186	152	6225.0	6325.0	best_hit_to_mtDNA	humanM
A	C	A	6267	HG002_all_regions	HG002_chr9.129055.130496|HISEQ1:19:H8VDAADXX:2:2206:8062:68186	HG002_chr9.129055.130496|HISEQ1:19:H8VDAADXX:2:2206:8062:68186	152	6225.0	6325.0	best_hit_to_mtDNA	humanM
A	G	A	6270	HG002_all_regions	HG002_chr9.129055.130496|HISEQ1:19:H8VDAADXX:2:2206:8062:68186	HG002_chr9.129055.130496|HISEQ1:19:H8VDAADXX:2:2206:8062:68186	152	6225.0	6325.0	best_hit_to_mtDNA	humanM
A	G	A	6303	HG002_all_regions	HG002_chr9.129055.130496|HISEQ1:19:H8VDAADXX:2:2206:8062:68186	HG002_chr9.129055.130496|HISEQ1:19:H8VDAADXX:2:2206:8062:68186	152	6225.0	6325.0	best_hit_to_mtDNA	humanM
G	A	G	6306	HG002_all_regions	HG002_chr9.129055.130496|HISEQ1:19:H8VDAADXX:2:2206:8062:68186	HG002_chr9.129055.130496|HISEQ1:19:H8VDAADXX:2:2206:8062:68186	152	6225.0	6325.0	best_hit_to_mtDNA	humanM
C	G	C	6315	HG002_all_regions	HG002_chr9.129055.130496|HISEQ1:19:H8VDAADXX:2:2206:8062:68186	HG002_chr9.129055.130496|HISEQ1:19:H8VDAADXX:2:2206:8062:68186	152	6225.0	6325.0	best_hit_to_mtDNA	humanM
C	T	C	6318	HG002_all_regions	HG002_chr9.129055.130496|HISEQ1:19:H8VDAADXX:2:2206:8062:68186	HG002_chr9.129055.130496|HISEQ1:19:H8VDAADXX:2:2206:8062:68186	152	6225.0	6325.0	best_hit_to_mtDNA	humanM
G	A	G	8214	HG006_all_regions	HG006_chr1.633434.634463|HISEQ1:60:HB6D7ADXX:2:1216:3298:100374	HG006_chr1.633434.634463|HISEQ1:60:HB6D7ADXX:2:1216:3298:100374	158	8204.0	8360.0	best_hit_to_mtDNA	humanM
T	C	T	8235	HG006_all_regions	HG006_chr1.633434.634463|HISEQ1:60:HB6D7ADXX:2:1216:3298:100374	HG006_chr1.633434.634463|HISEQ1:60:HB6D7ADXX:2:1216:3298:100374	158	8204.0	8360.0	best_hit_to_mtDNA	humanM
C	T	C	8238	HG006_all_regions	HG006_chr1.633434.634463|HISEQ1:60:HB6D7ADXX:2:1216:3298:100374	HG006_chr1.633434.634463|HISEQ1:60:HB6D7ADXX:2:1216:3298:100374	158	8204.0	8360.0	best_hit_to_mtDNA	humanM
G	A	G	8259	HG006_all_regions	HG006_chr1.633434.634463|HISEQ1:60:HB6D7ADXX:2:1216:3298:100374	HG006_chr1.633434.634463|HISEQ1:60:HB6D7ADXX:2:1216:3298:100374	158	8204.0	8360.0	best_hit_to_mtDNA	humanM
T	C	T	8268	HG006_all_regions	HG006_chr1.633434.634463|HISEQ1:60:HB6D7ADXX:2:1216:3298:100374	HG006_chr1.633434.634463|HISEQ1:60:HB6D7ADXX:2:1216:3298:100374	158	8204.0	8360.0	best_hit_to_mtDNA	humanM
C	T	C	8271	HG006_all_regions	HG006_chr1.633434.634463|HISEQ1:60:HB6D7ADXX:2:1216:3298:100374	HG006_chr1.633434.634463|HISEQ1:60:HB6D7ADXX:2:1216:3298:100374	158	8204.0	8360.0	best_hit_to_mtDNA	humanM
C	T	C	8282	HG006_all_regions	HG006_chr1.633434.634463|HISEQ1:60:HB6D7ADXX:2:1216:3298:100374	HG006_chr1.633434.634463|HISEQ1:60:HB6D7ADXX:2:1216:3298:100374	158	8204.0	8360.0	best_hit_to_mtDNA	humanM
C	T	C	8283	HG006_all_regions	HG006_chr1.633434.634463|HISEQ1:60:HB6D7ADXX:2:1216:3298:100374	HG006_chr1.633434.634463|HISEQ1:60:HB6D7ADXX:2:1216:3298:100374	158	8204.0	8360.0	best_hit_to_mtDNA	humanM
-	T	-	8293	HG006_all_regions	HG006_chr1.633434.634463|HISEQ1:60:HB6D7ADXX:2:1216:3298:100374	HG006_chr1.633434.634463|HISEQ1:60:HB6D7ADXX:2:1216:3298:100374	158	8204.0	8360.0	best_hit_to_mtDNA	humanM
T	C	T	8297	HG006_all_regions	HG006_chr1.633434.634463|HISEQ1:60:HB6D7ADXX:2:1216:3298:100374	HG006_chr1.633434.634463|HISEQ1:60:HB6D7ADXX:2:1216:3298:100374	158	8204.0	8360.0	best_hit_to_mtDNA	humanM
C	T	C	8303	HG006_all_regions	HG006_chr1.633434.634463|HISEQ1:60:HB6D7ADXX:2:1216:3298:100374	HG006_chr1.633434.634463|HISEQ1:60:HB6D7ADXX:2:1216:3298:100374	158	8204.0	8360.0	best_hit_to_mtDNA	humanM
T	C	T	8319	HG006_all_regions	HG006_chr1.633434.634463|HISEQ1:60:HB6D7ADXX:2:1216:3298:100374	HG006_chr1.633434.634463|HISEQ1:60:HB6D7ADXX:2:1216:3298:100374	158	8204.0	8360.0	best_hit_to_mtDNA	humanM
A	G	A	8352	HG006_all_regions	HG006_chr1.633434.634463|HISEQ1:60:HB6D7ADXX:2:1216:3298:100374	HG006_chr1.633434.634463|HISEQ1:60:HB6D7ADXX:2:1216:3298:100374	158	8204.0	8360.0	best_hit_to_mtDNA	humanM
A	G	A	8356	HG006_all_regions	HG006_chr1.633434.634463|HISEQ1:60:HB6D7ADXX:2:1216:3298:100374	HG006_chr1.633434.634463|HISEQ1:60:HB6D7ADXX:2:1216:3298:100374	158	8204.0	8360.0	best_hit_to_mtDNA	humanM
G	A	G	8214	HG006_all_regions	HG006_chr1.633434.634463|HISEQ1:62:HB657ADXX:2:2203:13733:87900	HG006_chr1.633434.634463|HISEQ1:62:HB657ADXX:2:2203:13733:87900	158	8204.0	8360.0	best_hit_to_mtDNA	humanM
T	C	T	8235	HG006_all_regions	HG006_chr1.633434.634463|HISEQ1:62:HB657ADXX:2:2203:13733:87900	HG006_chr1.633434.634463|HISEQ1:62:HB657ADXX:2:2203:13733:87900	158	8204.0	8360.0	best_hit_to_mtDNA	humanM
C	T	C	8238	HG006_all_regions	HG006_chr1.633434.634463|HISEQ1:62:HB657ADXX:2:2203:13733:87900	HG006_chr1.633434.634463|HISEQ1:62:HB657ADXX:2:2203:13733:87900	158	8204.0	8360.0	best_hit_to_mtDNA	humanM
G	A	G	8259	HG006_all_regions	HG006_chr1.633434.634463|HISEQ1:62:HB657ADXX:2:2203:13733:87900	HG006_chr1.633434.634463|HISEQ1:62:HB657ADXX:2:2203:13733:87900	158	8204.0	8360.0	best_hit_to_mtDNA	humanM
T	C	T	8268	HG006_all_regions	HG006_chr1.633434.634463|HISEQ1:62:HB657ADXX:2:2203:13733:87900	HG006_chr1.633434.634463|HISEQ1:62:HB657ADXX:2:2203:13733:87900	158	8204.0	8360.0	best_hit_to_mtDNA	humanM
C	T	C	8271	HG006_all_regions	HG006_chr1.633434.634463|HISEQ1:62:HB657ADXX:2:2203:13733:87900	HG006_chr1.633434.634463|HISEQ1:62:HB657ADXX:2:2203:13733:87900	158	8204.0	8360.0	best_hit_to_mtDNA	humanM
C	T	C	8282	HG006_all_regions	HG006_chr1.633434.634463|HISEQ1:62:HB657ADXX:2:2203:13733:87900	HG006_chr1.633434.634463|HISEQ1:62:HB657ADXX:2:2203:13733:87900	158	8204.0	8360.0	best_hit_to_mtDNA	humanM
C	T	C	8283	HG006_all_regions	HG006_chr1.633434.634463|HISEQ1:62:HB657ADXX:2:2203:13733:87900	HG006_chr1.633434.634463|HISEQ1:62:HB657ADXX:2:2203:13733:87900	158	8204.0	8360.0	best_hit_to_mtDNA	humanM
-	T	-	8293	HG006_all_regions	HG006_chr1.633434.634463|HISEQ1:62:HB657ADXX:2:2203:13733:87900	HG006_chr1.633434.634463|HISEQ1:62:HB657ADXX:2:2203:13733:87900	158	8204.0	8360.0	best_hit_to_mtDNA	humanM
T	C	T	8297	HG006_all_regions	HG006_chr1.633434.634463|HISEQ1:62:HB657ADXX:2:2203:13733:87900	HG006_chr1.633434.634463|HISEQ1:62:HB657ADXX:2:2203:13733:87900	158	8204.0	8360.0	best_hit_to_mtDNA	humanM
C	T	C	8303	HG006_all_regions	HG006_chr1.633434.634463|HISEQ1:62:HB657ADXX:2:2203:13733:87900	HG006_chr1.633434.634463|HISEQ1:62:HB657ADXX:2:2203:13733:87900	158	8204.0	8360.0	best_hit_to_mtDNA	humanM
T	C	T	8319	HG006_all_regions	HG006_chr1.633434.634463|HISEQ1:62:HB657ADXX:2:2203:13733:87900	HG006_chr1.633434.634463|HISEQ1:62:HB657ADXX:2:2203:13733:87900	158	8204.0	8360.0	best_hit_to_mtDNA	humanM
A	G	A	8352	HG006_all_regions	HG006_chr1.633434.634463|HISEQ1:62:HB657ADXX:2:2203:13733:87900	HG006_chr1.633434.634463|HISEQ1:62:HB657ADXX:2:2203:13733:87900	158	8204.0	8360.0	best_hit_to_mtDNA	humanM
A	G	A	8356	HG006_all_regions	HG006_chr1.633434.634463|HISEQ1:62:HB657ADXX:2:2203:13733:87900	HG006_chr1.633434.634463|HISEQ1:62:HB657ADXX:2:2203:13733:87900	158	8204.0	8360.0	best_hit_to_mtDNA	humanM
G	A	G	8214	HG006_all_regions	HG006_chr1.633434.634463|HISEQ1:65:HB7ACADXX:1:2115:7547:33934	HG006_chr1.633434.634463|HISEQ1:65:HB7ACADXX:1:2115:7547:33934	158	8204.0	8360.0	best_hit_to_mtDNA	humanM
T	C	T	8235	HG006_all_regions	HG006_chr1.633434.634463|HISEQ1:65:HB7ACADXX:1:2115:7547:33934	HG006_chr1.633434.634463|HISEQ1:65:HB7ACADXX:1:2115:7547:33934	158	8204.0	8360.0	best_hit_to_mtDNA	humanM
C	T	C	8238	HG006_all_regions	HG006_chr1.633434.634463|HISEQ1:65:HB7ACADXX:1:2115:7547:33934	HG006_chr1.633434.634463|HISEQ1:65:HB7ACADXX:1:2115:7547:33934	158	8204.0	8360.0	best_hit_to_mtDNA	humanM
G	A	G	8259	HG006_all_regions	HG006_chr1.633434.634463|HISEQ1:65:HB7ACADXX:1:2115:7547:33934	HG006_chr1.633434.634463|HISEQ1:65:HB7ACADXX:1:2115:7547:33934	158	8204.0	8360.0	best_hit_to_mtDNA	humanM
T	C	T	8268	HG006_all_regions	HG006_chr1.633434.634463|HISEQ1:65:HB7ACADXX:1:2115:7547:33934	HG006_chr1.633434.634463|HISEQ1:65:HB7ACADXX:1:2115:7547:33934	158	8204.0	8360.0	best_hit_to_mtDNA	humanM
C	T	C	8271	HG006_all_regions	HG006_chr1.633434.634463|HISEQ1:65:HB7ACADXX:1:2115:7547:33934	HG006_chr1.633434.634463|HISEQ1:65:HB7ACADXX:1:2115:7547:33934	158	8204.0	8360.0	best_hit_to_mtDNA	humanM
C	T	C	8282	HG006_all_regions	HG006_chr1.633434.634463|HISEQ1:65:HB7ACADXX:1:2115:7547:33934	HG006_chr1.633434.634463|HISEQ1:65:HB7ACADXX:1:2115:7547:33934	158	8204.0	8360.0	best_hit_to_mtDNA	humanM
C	T	C	8283	HG006_all_regions	HG006_chr1.633434.634463|HISEQ1:65:HB7ACADXX:1:2115:7547:33934	HG006_chr1.633434.634463|HISEQ1:65:HB7ACADXX:1:2115:7547:33934	158	8204.0	8360.0	best_hit_to_mtDNA	humanM
-	T	-	8293	HG006_all_regions	HG006_chr1.633434.634463|HISEQ1:65:HB7ACADXX:1:2115:7547:33934	HG006_chr1.633434.634463|HISEQ1:65:HB7ACADXX:1:2115:7547:33934	158	8204.0	8360.0	best_hit_to_mtDNA	humanM
T	C	T	8297	HG006_all_regions	HG006_chr1.633434.634463|HISEQ1:65:HB7ACADXX:1:2115:7547:33934	HG006_chr1.633434.634463|HISEQ1:65:HB7ACADXX:1:2115:7547:33934	158	8204.0	8360.0	best_hit_to_mtDNA	humanM
C	T	C	8303	HG006_all_regions	HG006_chr1.633434.634463|HISEQ1:65:HB7ACADXX:1:2115:7547:33934	HG006_chr1.633434.634463|HISEQ1:65:HB7ACADXX:1:2115:7547:33934	158	8204.0	8360.0	best_hit_to_mtDNA	humanM
T	C	T	8319	HG006_all_regions	HG006_chr1.633434.634463|HISEQ1:65:HB7ACADXX:1:2115:7547:33934	HG006_chr1.633434.634463|HISEQ1:65:HB7ACADXX:1:2115:7547:33934	158	8204.0	8360.0	best_hit_to_mtDNA	humanM
A	G	A	8352	HG006_all_regions	HG006_chr1.633434.634463|HISEQ1:65:HB7ACADXX:1:2115:7547:33934	HG006_chr1.633434.634463|HISEQ1:65:HB7ACADXX:1:2115:7547:33934	158	8204.0	8360.0	best_hit_to_mtDNA	humanM
A	G	A	8356	HG006_all_regions	HG006_chr1.633434.634463|HISEQ1:65:HB7ACADXX:1:2115:7547:33934	HG006_chr1.633434.634463|HISEQ1:65:HB7ACADXX:1:2115:7547:33934	158	8204.0	8360.0	best_hit_to_mtDNA	humanM
G	A	G	8214	HG006_all_regions	HG006_chr1.633434.634463|HISEQ1:60:HB6D7ADXX:1:1102:14374:88800	HG006_chr1.633434.634463|HISEQ1:60:HB6D7ADXX:1:1102:14374:88800	158	8205.0	8361.0	best_hit_to_mtDNA	humanM
T	C	T	8235	HG006_all_regions	HG006_chr1.633434.634463|HISEQ1:60:HB6D7ADXX:1:1102:14374:88800	HG006_chr1.633434.634463|HISEQ1:60:HB6D7ADXX:1:1102:14374:88800	158	8205.0	8361.0	best_hit_to_mtDNA	humanM
C	T	C	8238	HG006_all_regions	HG006_chr1.633434.634463|HISEQ1:60:HB6D7ADXX:1:1102:14374:88800	HG006_chr1.633434.634463|HISEQ1:60:HB6D7ADXX:1:1102:14374:88800	158	8205.0	8361.0	best_hit_to_mtDNA	humanM
G	A	G	8259	HG006_all_regions	HG006_chr1.633434.634463|HISEQ1:60:HB6D7ADXX:1:1102:14374:88800	HG006_chr1.633434.634463|HISEQ1:60:HB6D7ADXX:1:1102:14374:88800	158	8205.0	8361.0	best_hit_to_mtDNA	humanM
T	C	T	8268	HG006_all_regions	HG006_chr1.633434.634463|HISEQ1:60:HB6D7ADXX:1:1102:14374:88800	HG006_chr1.633434.634463|HISEQ1:60:HB6D7ADXX:1:1102:14374:88800	158	8205.0	8361.0	best_hit_to_mtDNA	humanM
C	T	C	8271	HG006_all_regions	HG006_chr1.633434.634463|HISEQ1:60:HB6D7ADXX:1:1102:14374:88800	HG006_chr1.633434.634463|HISEQ1:60:HB6D7ADXX:1:1102:14374:88800	158	8205.0	8361.0	best_hit_to_mtDNA	humanM
C	T	C	8282	HG006_all_regions	HG006_chr1.633434.634463|HISEQ1:60:HB6D7ADXX:1:1102:14374:88800	HG006_chr1.633434.634463|HISEQ1:60:HB6D7ADXX:1:1102:14374:88800	158	8205.0	8361.0	best_hit_to_mtDNA	humanM
C	T	C	8283	HG006_all_regions	HG006_chr1.633434.634463|HISEQ1:60:HB6D7ADXX:1:1102:14374:88800	HG006_chr1.633434.634463|HISEQ1:60:HB6D7ADXX:1:1102:14374:88800	158	8205.0	8361.0	best_hit_to_mtDNA	humanM
-	T	-	8293	HG006_all_regions	HG006_chr1.633434.634463|HISEQ1:60:HB6D7ADXX:1:1102:14374:88800	HG006_chr1.633434.634463|HISEQ1:60:HB6D7ADXX:1:1102:14374:88800	158	8205.0	8361.0	best_hit_to_mtDNA	humanM
T	C	T	8297	HG006_all_regions	HG006_chr1.633434.634463|HISEQ1:60:HB6D7ADXX:1:1102:14374:88800	HG006_chr1.633434.634463|HISEQ1:60:HB6D7ADXX:1:1102:14374:88800	158	8205.0	8361.0	best_hit_to_mtDNA	humanM
C	T	C	8303	HG006_all_regions	HG006_chr1.633434.634463|HISEQ1:60:HB6D7ADXX:1:1102:14374:88800	HG006_chr1.633434.634463|HISEQ1:60:HB6D7ADXX:1:1102:14374:88800	158	8205.0	8361.0	best_hit_to_mtDNA	humanM
T	C	T	8319	HG006_all_regions	HG006_chr1.633434.634463|HISEQ1:60:HB6D7ADXX:1:1102:14374:88800	HG006_chr1.633434.634463|HISEQ1:60:HB6D7ADXX:1:1102:14374:88800	158	8205.0	8361.0	best_hit_to_mtDNA	humanM
A	G	A	8352	HG006_all_regions	HG006_chr1.633434.634463|HISEQ1:60:HB6D7ADXX:1:1102:14374:88800	HG006_chr1.633434.634463|HISEQ1:60:HB6D7ADXX:1:1102:14374:88800	158	8205.0	8361.0	best_hit_to_mtDNA	humanM
A	G	A	8356	HG006_all_regions	HG006_chr1.633434.634463|HISEQ1:60:HB6D7ADXX:1:1102:14374:88800	HG006_chr1.633434.634463|HISEQ1:60:HB6D7ADXX:1:1102:14374:88800	158	8205.0	8361.0	best_hit_to_mtDNA	humanM
T	C	T	8235	HG006_all_regions	HG006_chr1.633434.634463|HISEQ1:58:HB675ADXX:1:1110:19511:96743	HG006_chr1.633434.634463|HISEQ1:58:HB675ADXX:1:1110:19511:96743	158	8207.0	8363.0	best_hit_to_mtDNA	humanM
C	T	C	8238	HG006_all_regions	HG006_chr1.633434.634463|HISEQ1:58:HB675ADXX:1:1110:19511:96743	HG006_chr1.633434.634463|HISEQ1:58:HB675ADXX:1:1110:19511:96743	158	8207.0	8363.0	best_hit_to_mtDNA	humanM
G	A	G	8259	HG006_all_regions	HG006_chr1.633434.634463|HISEQ1:58:HB675ADXX:1:1110:19511:96743	HG006_chr1.633434.634463|HISEQ1:58:HB675ADXX:1:1110:19511:96743	158	8207.0	8363.0	best_hit_to_mtDNA	humanM
T	C	T	8268	HG006_all_regions	HG006_chr1.633434.634463|HISEQ1:58:HB675ADXX:1:1110:19511:96743	HG006_chr1.633434.634463|HISEQ1:58:HB675ADXX:1:1110:19511:96743	158	8207.0	8363.0	best_hit_to_mtDNA	humanM
C	T	C	8271	HG006_all_regions	HG006_chr1.633434.634463|HISEQ1:58:HB675ADXX:1:1110:19511:96743	HG006_chr1.633434.634463|HISEQ1:58:HB675ADXX:1:1110:19511:96743	158	8207.0	8363.0	best_hit_to_mtDNA	humanM
C	T	C	8282	HG006_all_regions	HG006_chr1.633434.634463|HISEQ1:58:HB675ADXX:1:1110:19511:96743	HG006_chr1.633434.634463|HISEQ1:58:HB675ADXX:1:1110:19511:96743	158	8207.0	8363.0	best_hit_to_mtDNA	humanM
C	T	C	8283	HG006_all_regions	HG006_chr1.633434.634463|HISEQ1:58:HB675ADXX:1:1110:19511:96743	HG006_chr1.633434.634463|HISEQ1:58:HB675ADXX:1:1110:19511:96743	158	8207.0	8363.0	best_hit_to_mtDNA	humanM
-	T	-	8293	HG006_all_regions	HG006_chr1.633434.634463|HISEQ1:58:HB675ADXX:1:1110:19511:96743	HG006_chr1.633434.634463|HISEQ1:58:HB675ADXX:1:1110:19511:96743	158	8207.0	8363.0	best_hit_to_mtDNA	humanM
T	C	T	8297	HG006_all_regions	HG006_chr1.633434.634463|HISEQ1:58:HB675ADXX:1:1110:19511:96743	HG006_chr1.633434.634463|HISEQ1:58:HB675ADXX:1:1110:19511:96743	158	8207.0	8363.0	best_hit_to_mtDNA	humanM
C	T	C	8303	HG006_all_regions	HG006_chr1.633434.634463|HISEQ1:58:HB675ADXX:1:1110:19511:96743	HG006_chr1.633434.634463|HISEQ1:58:HB675ADXX:1:1110:19511:96743	158	8207.0	8363.0	best_hit_to_mtDNA	humanM
T	C	T	8319	HG006_all_regions	HG006_chr1.633434.634463|HISEQ1:58:HB675ADXX:1:1110:19511:96743	HG006_chr1.633434.634463|HISEQ1:58:HB675ADXX:1:1110:19511:96743	158	8207.0	8363.0	best_hit_to_mtDNA	humanM
A	G	A	8352	HG006_all_regions	HG006_chr1.633434.634463|HISEQ1:58:HB675ADXX:1:1110:19511:96743	HG006_chr1.633434.634463|HISEQ1:58:HB675ADXX:1:1110:19511:96743	158	8207.0	8363.0	best_hit_to_mtDNA	humanM
A	G	A	8356	HG006_all_regions	HG006_chr1.633434.634463|HISEQ1:58:HB675ADXX:1:1110:19511:96743	HG006_chr1.633434.634463|HISEQ1:58:HB675ADXX:1:1110:19511:96743	158	8207.0	8363.0	best_hit_to_mtDNA	humanM
T	C	T	8235	HG006_all_regions	HG006_chr1.633434.634463|HISEQ1:62:HB657ADXX:2:2109:18622:68328	HG006_chr1.633434.634463|HISEQ1:62:HB657ADXX:2:2109:18622:68328	158	8208.0	8364.0	best_hit_to_mtDNA	humanM
C	T	C	8238	HG006_all_regions	HG006_chr1.633434.634463|HISEQ1:62:HB657ADXX:2:2109:18622:68328	HG006_chr1.633434.634463|HISEQ1:62:HB657ADXX:2:2109:18622:68328	158	8208.0	8364.0	best_hit_to_mtDNA	humanM
G	A	G	8259	HG006_all_regions	HG006_chr1.633434.634463|HISEQ1:62:HB657ADXX:2:2109:18622:68328	HG006_chr1.633434.634463|HISEQ1:62:HB657ADXX:2:2109:18622:68328	158	8208.0	8364.0	best_hit_to_mtDNA	humanM
T	C	T	8268	HG006_all_regions	HG006_chr1.633434.634463|HISEQ1:62:HB657ADXX:2:2109:18622:68328	HG006_chr1.633434.634463|HISEQ1:62:HB657ADXX:2:2109:18622:68328	158	8208.0	8364.0	best_hit_to_mtDNA	humanM
C	T	C	8271	HG006_all_regions	HG006_chr1.633434.634463|HISEQ1:62:HB657ADXX:2:2109:18622:68328	HG006_chr1.633434.634463|HISEQ1:62:HB657ADXX:2:2109:18622:68328	158	8208.0	8364.0	best_hit_to_mtDNA	humanM
C	T	C	8282	HG006_all_regions	HG006_chr1.633434.634463|HISEQ1:62:HB657ADXX:2:2109:18622:68328	HG006_chr1.633434.634463|HISEQ1:62:HB657ADXX:2:2109:18622:68328	158	8208.0	8364.0	best_hit_to_mtDNA	humanM
C	T	C	8283	HG006_all_regions	HG006_chr1.633434.634463|HISEQ1:62:HB657ADXX:2:2109:18622:68328	HG006_chr1.633434.634463|HISEQ1:62:HB657ADXX:2:2109:18622:68328	158	8208.0	8364.0	best_hit_to_mtDNA	humanM
-	T	-	8293	HG006_all_regions	HG006_chr1.633434.634463|HISEQ1:62:HB657ADXX:2:2109:18622:68328	HG006_chr1.633434.634463|HISEQ1:62:HB657ADXX:2:2109:18622:68328	158	8208.0	8364.0	best_hit_to_mtDNA	humanM
T	C	T	8297	HG006_all_regions	HG006_chr1.633434.634463|HISEQ1:62:HB657ADXX:2:2109:18622:68328	HG006_chr1.633434.634463|HISEQ1:62:HB657ADXX:2:2109:18622:68328	158	8208.0	8364.0	best_hit_to_mtDNA	humanM
C	T	C	8303	HG006_all_regions	HG006_chr1.633434.634463|HISEQ1:62:HB657ADXX:2:2109:18622:68328	HG006_chr1.633434.634463|HISEQ1:62:HB657ADXX:2:2109:18622:68328	158	8208.0	8364.0	best_hit_to_mtDNA	humanM
T	C	T	8319	HG006_all_regions	HG006_chr1.633434.634463|HISEQ1:62:HB657ADXX:2:2109:18622:68328	HG006_chr1.633434.634463|HISEQ1:62:HB657ADXX:2:2109:18622:68328	158	8208.0	8364.0	best_hit_to_mtDNA	humanM
A	G	A	8352	HG006_all_regions	HG006_chr1.633434.634463|HISEQ1:62:HB657ADXX:2:2109:18622:68328	HG006_chr1.633434.634463|HISEQ1:62:HB657ADXX:2:2109:18622:68328	158	8208.0	8364.0	best_hit_to_mtDNA	humanM
A	G	A	8356	HG006_all_regions	HG006_chr1.633434.634463|HISEQ1:62:HB657ADXX:2:2109:18622:68328	HG006_chr1.633434.634463|HISEQ1:62:HB657ADXX:2:2109:18622:68328	158	8208.0	8364.0	best_hit_to_mtDNA	humanM
T	C	T	8235	HG006_all_regions	HG006_chr1.633434.634463|HISEQ1:58:HB675ADXX:2:1212:14901:95699	HG006_chr1.633434.634463|HISEQ1:58:HB675ADXX:2:1212:14901:95699	158	8208.0	8364.0	best_hit_to_mtDNA	humanM
C	T	C	8238	HG006_all_regions	HG006_chr1.633434.634463|HISEQ1:58:HB675ADXX:2:1212:14901:95699	HG006_chr1.633434.634463|HISEQ1:58:HB675ADXX:2:1212:14901:95699	158	8208.0	8364.0	best_hit_to_mtDNA	humanM
G	A	G	8259	HG006_all_regions	HG006_chr1.633434.634463|HISEQ1:58:HB675ADXX:2:1212:14901:95699	HG006_chr1.633434.634463|HISEQ1:58:HB675ADXX:2:1212:14901:95699	158	8208.0	8364.0	best_hit_to_mtDNA	humanM
T	C	T	8268	HG006_all_regions	HG006_chr1.633434.634463|HISEQ1:58:HB675ADXX:2:1212:14901:95699	HG006_chr1.633434.634463|HISEQ1:58:HB675ADXX:2:1212:14901:95699	158	8208.0	8364.0	best_hit_to_mtDNA	humanM
C	T	C	8271	HG006_all_regions	HG006_chr1.633434.634463|HISEQ1:58:HB675ADXX:2:1212:14901:95699	HG006_chr1.633434.634463|HISEQ1:58:HB675ADXX:2:1212:14901:95699	158	8208.0	8364.0	best_hit_to_mtDNA	humanM
C	T	C	8282	HG006_all_regions	HG006_chr1.633434.634463|HISEQ1:58:HB675ADXX:2:1212:14901:95699	HG006_chr1.633434.634463|HISEQ1:58:HB675ADXX:2:1212:14901:95699	158	8208.0	8364.0	best_hit_to_mtDNA	humanM
C	T	C	8283	HG006_all_regions	HG006_chr1.633434.634463|HISEQ1:58:HB675ADXX:2:1212:14901:95699	HG006_chr1.633434.634463|HISEQ1:58:HB675ADXX:2:1212:14901:95699	158	8208.0	8364.0	best_hit_to_mtDNA	humanM
-	T	-	8293	HG006_all_regions	HG006_chr1.633434.634463|HISEQ1:58:HB675ADXX:2:1212:14901:95699	HG006_chr1.633434.634463|HISEQ1:58:HB675ADXX:2:1212:14901:95699	158	8208.0	8364.0	best_hit_to_mtDNA	humanM
T	C	T	8297	HG006_all_regions	HG006_chr1.633434.634463|HISEQ1:58:HB675ADXX:2:1212:14901:95699	HG006_chr1.633434.634463|HISEQ1:58:HB675ADXX:2:1212:14901:95699	158	8208.0	8364.0	best_hit_to_mtDNA	humanM
C	T	C	8303	HG006_all_regions	HG006_chr1.633434.634463|HISEQ1:58:HB675ADXX:2:1212:14901:95699	HG006_chr1.633434.634463|HISEQ1:58:HB675ADXX:2:1212:14901:95699	158	8208.0	8364.0	best_hit_to_mtDNA	humanM
T	C	T	8319	HG006_all_regions	HG006_chr1.633434.634463|HISEQ1:58:HB675ADXX:2:1212:14901:95699	HG006_chr1.633434.634463|HISEQ1:58:HB675ADXX:2:1212:14901:95699	158	8208.0	8364.0	best_hit_to_mtDNA	humanM
A	G	A	8352	HG006_all_regions	HG006_chr1.633434.634463|HISEQ1:58:HB675ADXX:2:1212:14901:95699	HG006_chr1.633434.634463|HISEQ1:58:HB675ADXX:2:1212:14901:95699	158	8208.0	8364.0	best_hit_to_mtDNA	humanM
A	G	A	8356	HG006_all_regions	HG006_chr1.633434.634463|HISEQ1:58:HB675ADXX:2:1212:14901:95699	HG006_chr1.633434.634463|HISEQ1:58:HB675ADXX:2:1212:14901:95699	158	8208.0	8364.0	best_hit_to_mtDNA	humanM
T	C	T	8235	HG006_all_regions	HG006_chr1.633434.634463|HISEQ1:62:HB657ADXX:2:1112:4739:81332	HG006_chr1.633434.634463|HISEQ1:62:HB657ADXX:2:1112:4739:81332	158	8209.0	8365.0	best_hit_to_mtDNA	humanM
C	T	C	8238	HG006_all_regions	HG006_chr1.633434.634463|HISEQ1:62:HB657ADXX:2:1112:4739:81332	HG006_chr1.633434.634463|HISEQ1:62:HB657ADXX:2:1112:4739:81332	158	8209.0	8365.0	best_hit_to_mtDNA	humanM
G	A	G	8259	HG006_all_regions	HG006_chr1.633434.634463|HISEQ1:62:HB657ADXX:2:1112:4739:81332	HG006_chr1.633434.634463|HISEQ1:62:HB657ADXX:2:1112:4739:81332	158	8209.0	8365.0	best_hit_to_mtDNA	humanM
T	C	T	8268	HG006_all_regions	HG006_chr1.633434.634463|HISEQ1:62:HB657ADXX:2:1112:4739:81332	HG006_chr1.633434.634463|HISEQ1:62:HB657ADXX:2:1112:4739:81332	158	8209.0	8365.0	best_hit_to_mtDNA	humanM
C	T	C	8271	HG006_all_regions	HG006_chr1.633434.634463|HISEQ1:62:HB657ADXX:2:1112:4739:81332	HG006_chr1.633434.634463|HISEQ1:62:HB657ADXX:2:1112:4739:81332	158	8209.0	8365.0	best_hit_to_mtDNA	humanM
C	T	C	8282	HG006_all_regions	HG006_chr1.633434.634463|HISEQ1:62:HB657ADXX:2:1112:4739:81332	HG006_chr1.633434.634463|HISEQ1:62:HB657ADXX:2:1112:4739:81332	158	8209.0	8365.0	best_hit_to_mtDNA	humanM
C	T	C	8283	HG006_all_regions	HG006_chr1.633434.634463|HISEQ1:62:HB657ADXX:2:1112:4739:81332	HG006_chr1.633434.634463|HISEQ1:62:HB657ADXX:2:1112:4739:81332	158	8209.0	8365.0	best_hit_to_mtDNA	humanM
-	T	-	8293	HG006_all_regions	HG006_chr1.633434.634463|HISEQ1:62:HB657ADXX:2:1112:4739:81332	HG006_chr1.633434.634463|HISEQ1:62:HB657ADXX:2:1112:4739:81332	158	8209.0	8365.0	best_hit_to_mtDNA	humanM
T	C	T	8297	HG006_all_regions	HG006_chr1.633434.634463|HISEQ1:62:HB657ADXX:2:1112:4739:81332	HG006_chr1.633434.634463|HISEQ1:62:HB657ADXX:2:1112:4739:81332	158	8209.0	8365.0	best_hit_to_mtDNA	humanM
C	T	C	8303	HG006_all_regions	HG006_chr1.633434.634463|HISEQ1:62:HB657ADXX:2:1112:4739:81332	HG006_chr1.633434.634463|HISEQ1:62:HB657ADXX:2:1112:4739:81332	158	8209.0	8365.0	best_hit_to_mtDNA	humanM
T	C	T	8319	HG006_all_regions	HG006_chr1.633434.634463|HISEQ1:62:HB657ADXX:2:1112:4739:81332	HG006_chr1.633434.634463|HISEQ1:62:HB657ADXX:2:1112:4739:81332	158	8209.0	8365.0	best_hit_to_mtDNA	humanM
A	G	A	8352	HG006_all_regions	HG006_chr1.633434.634463|HISEQ1:62:HB657ADXX:2:1112:4739:81332	HG006_chr1.633434.634463|HISEQ1:62:HB657ADXX:2:1112:4739:81332	158	8209.0	8365.0	best_hit_to_mtDNA	humanM
A	G	A	8356	HG006_all_regions	HG006_chr1.633434.634463|HISEQ1:62:HB657ADXX:2:1112:4739:81332	HG006_chr1.633434.634463|HISEQ1:62:HB657ADXX:2:1112:4739:81332	158	8209.0	8365.0	best_hit_to_mtDNA	humanM
T	C	T	8235	HG006_all_regions	HG006_chr1.633434.634463|HISEQ1:62:HB657ADXX:1:2101:11046:90466	HG006_chr1.633434.634463|HISEQ1:62:HB657ADXX:1:2101:11046:90466	158	8210.0	8366.0	best_hit_to_mtDNA	humanM
C	T	C	8238	HG006_all_regions	HG006_chr1.633434.634463|HISEQ1:62:HB657ADXX:1:2101:11046:90466	HG006_chr1.633434.634463|HISEQ1:62:HB657ADXX:1:2101:11046:90466	158	8210.0	8366.0	best_hit_to_mtDNA	humanM
G	A	G	8259	HG006_all_regions	HG006_chr1.633434.634463|HISEQ1:62:HB657ADXX:1:2101:11046:90466	HG006_chr1.633434.634463|HISEQ1:62:HB657ADXX:1:2101:11046:90466	158	8210.0	8366.0	best_hit_to_mtDNA	humanM
T	C	T	8268	HG006_all_regions	HG006_chr1.633434.634463|HISEQ1:62:HB657ADXX:1:2101:11046:90466	HG006_chr1.633434.634463|HISEQ1:62:HB657ADXX:1:2101:11046:90466	158	8210.0	8366.0	best_hit_to_mtDNA	humanM
C	T	C	8271	HG006_all_regions	HG006_chr1.633434.634463|HISEQ1:62:HB657ADXX:1:2101:11046:90466	HG006_chr1.633434.634463|HISEQ1:62:HB657ADXX:1:2101:11046:90466	158	8210.0	8366.0	best_hit_to_mtDNA	humanM
C	T	C	8282	HG006_all_regions	HG006_chr1.633434.634463|HISEQ1:62:HB657ADXX:1:2101:11046:90466	HG006_chr1.633434.634463|HISEQ1:62:HB657ADXX:1:2101:11046:90466	158	8210.0	8366.0	best_hit_to_mtDNA	humanM
C	T	C	8283	HG006_all_regions	HG006_chr1.633434.634463|HISEQ1:62:HB657ADXX:1:2101:11046:90466	HG006_chr1.633434.634463|HISEQ1:62:HB657ADXX:1:2101:11046:90466	158	8210.0	8366.0	best_hit_to_mtDNA	humanM
-	T	-	8293	HG006_all_regions	HG006_chr1.633434.634463|HISEQ1:62:HB657ADXX:1:2101:11046:90466	HG006_chr1.633434.634463|HISEQ1:62:HB657ADXX:1:2101:11046:90466	158	8210.0	8366.0	best_hit_to_mtDNA	humanM
T	C	T	8297	HG006_all_regions	HG006_chr1.633434.634463|HISEQ1:62:HB657ADXX:1:2101:11046:90466	HG006_chr1.633434.634463|HISEQ1:62:HB657ADXX:1:2101:11046:90466	158	8210.0	8366.0	best_hit_to_mtDNA	humanM
C	T	C	8303	HG006_all_regions	HG006_chr1.633434.634463|HISEQ1:62:HB657ADXX:1:2101:11046:90466	HG006_chr1.633434.634463|HISEQ1:62:HB657ADXX:1:2101:11046:90466	158	8210.0	8366.0	best_hit_to_mtDNA	humanM
T	C	T	8319	HG006_all_regions	HG006_chr1.633434.634463|HISEQ1:62:HB657ADXX:1:2101:11046:90466	HG006_chr1.633434.634463|HISEQ1:62:HB657ADXX:1:2101:11046:90466	158	8210.0	8366.0	best_hit_to_mtDNA	humanM
A	G	A	8352	HG006_all_regions	HG006_chr1.633434.634463|HISEQ1:62:HB657ADXX:1:2101:11046:90466	HG006_chr1.633434.634463|HISEQ1:62:HB657ADXX:1:2101:11046:90466	158	8210.0	8366.0	best_hit_to_mtDNA	humanM
A	G	A	8356	HG006_all_regions	HG006_chr1.633434.634463|HISEQ1:62:HB657ADXX:1:2101:11046:90466	HG006_chr1.633434.634463|HISEQ1:62:HB657ADXX:1:2101:11046:90466	158	8210.0	8366.0	best_hit_to_mtDNA	humanM
T	C	T	8235	HG006_all_regions	HG006_chr1.633434.634463|HISEQ1:65:HB7ACADXX:1:1209:15932:14782	HG006_chr1.633434.634463|HISEQ1:65:HB7ACADXX:1:1209:15932:14782	158	8210.0	8366.0	best_hit_to_mtDNA	humanM
C	T	C	8238	HG006_all_regions	HG006_chr1.633434.634463|HISEQ1:65:HB7ACADXX:1:1209:15932:14782	HG006_chr1.633434.634463|HISEQ1:65:HB7ACADXX:1:1209:15932:14782	158	8210.0	8366.0	best_hit_to_mtDNA	humanM
G	A	G	8259	HG006_all_regions	HG006_chr1.633434.634463|HISEQ1:65:HB7ACADXX:1:1209:15932:14782	HG006_chr1.633434.634463|HISEQ1:65:HB7ACADXX:1:1209:15932:14782	158	8210.0	8366.0	best_hit_to_mtDNA	humanM
T	C	T	8268	HG006_all_regions	HG006_chr1.633434.634463|HISEQ1:65:HB7ACADXX:1:1209:15932:14782	HG006_chr1.633434.634463|HISEQ1:65:HB7ACADXX:1:1209:15932:14782	158	8210.0	8366.0	best_hit_to_mtDNA	humanM
C	T	C	8271	HG006_all_regions	HG006_chr1.633434.634463|HISEQ1:65:HB7ACADXX:1:1209:15932:14782	HG006_chr1.633434.634463|HISEQ1:65:HB7ACADXX:1:1209:15932:14782	158	8210.0	8366.0	best_hit_to_mtDNA	humanM
C	T	C	8282	HG006_all_regions	HG006_chr1.633434.634463|HISEQ1:65:HB7ACADXX:1:1209:15932:14782	HG006_chr1.633434.634463|HISEQ1:65:HB7ACADXX:1:1209:15932:14782	158	8210.0	8366.0	best_hit_to_mtDNA	humanM
C	T	C	8283	HG006_all_regions	HG006_chr1.633434.634463|HISEQ1:65:HB7ACADXX:1:1209:15932:14782	HG006_chr1.633434.634463|HISEQ1:65:HB7ACADXX:1:1209:15932:14782	158	8210.0	8366.0	best_hit_to_mtDNA	humanM
-	T	-	8293	HG006_all_regions	HG006_chr1.633434.634463|HISEQ1:65:HB7ACADXX:1:1209:15932:14782	HG006_chr1.633434.634463|HISEQ1:65:HB7ACADXX:1:1209:15932:14782	158	8210.0	8366.0	best_hit_to_mtDNA	humanM
T	C	T	8297	HG006_all_regions	HG006_chr1.633434.634463|HISEQ1:65:HB7ACADXX:1:1209:15932:14782	HG006_chr1.633434.634463|HISEQ1:65:HB7ACADXX:1:1209:15932:14782	158	8210.0	8366.0	best_hit_to_mtDNA	humanM
C	T	C	8303	HG006_all_regions	HG006_chr1.633434.634463|HISEQ1:65:HB7ACADXX:1:1209:15932:14782	HG006_chr1.633434.634463|HISEQ1:65:HB7ACADXX:1:1209:15932:14782	158	8210.0	8366.0	best_hit_to_mtDNA	humanM
T	C	T	8319	HG006_all_regions	HG006_chr1.633434.634463|HISEQ1:65:HB7ACADXX:1:1209:15932:14782	HG006_chr1.633434.634463|HISEQ1:65:HB7ACADXX:1:1209:15932:14782	158	8210.0	8366.0	best_hit_to_mtDNA	humanM
A	G	A	8352	HG006_all_regions	HG006_chr1.633434.634463|HISEQ1:65:HB7ACADXX:1:1209:15932:14782	HG006_chr1.633434.634463|HISEQ1:65:HB7ACADXX:1:1209:15932:14782	158	8210.0	8366.0	best_hit_to_mtDNA	humanM
A	G	A	8356	HG006_all_regions	HG006_chr1.633434.634463|HISEQ1:65:HB7ACADXX:1:1209:15932:14782	HG006_chr1.633434.634463|HISEQ1:65:HB7ACADXX:1:1209:15932:14782	158	8210.0	8366.0	best_hit_to_mtDNA	humanM
T	C	T	8235	HG006_all_regions	HG006_chr1.633434.634463|HISEQ1:62:HB657ADXX:2:1206:3030:66263	HG006_chr1.633434.634463|HISEQ1:62:HB657ADXX:2:1206:3030:66263	158	8211.0	8367.0	best_hit_to_mtDNA	humanM
C	T	C	8238	HG006_all_regions	HG006_chr1.633434.634463|HISEQ1:62:HB657ADXX:2:1206:3030:66263	HG006_chr1.633434.634463|HISEQ1:62:HB657ADXX:2:1206:3030:66263	158	8211.0	8367.0	best_hit_to_mtDNA	humanM
G	A	G	8259	HG006_all_regions	HG006_chr1.633434.634463|HISEQ1:62:HB657ADXX:2:1206:3030:66263	HG006_chr1.633434.634463|HISEQ1:62:HB657ADXX:2:1206:3030:66263	158	8211.0	8367.0	best_hit_to_mtDNA	humanM
T	C	T	8268	HG006_all_regions	HG006_chr1.633434.634463|HISEQ1:62:HB657ADXX:2:1206:3030:66263	HG006_chr1.633434.634463|HISEQ1:62:HB657ADXX:2:1206:3030:66263	158	8211.0	8367.0	best_hit_to_mtDNA	humanM
C	T	C	8271	HG006_all_regions	HG006_chr1.633434.634463|HISEQ1:62:HB657ADXX:2:1206:3030:66263	HG006_chr1.633434.634463|HISEQ1:62:HB657ADXX:2:1206:3030:66263	158	8211.0	8367.0	best_hit_to_mtDNA	humanM
C	T	C	8282	HG006_all_regions	HG006_chr1.633434.634463|HISEQ1:62:HB657ADXX:2:1206:3030:66263	HG006_chr1.633434.634463|HISEQ1:62:HB657ADXX:2:1206:3030:66263	158	8211.0	8367.0	best_hit_to_mtDNA	humanM
C	T	C	8283	HG006_all_regions	HG006_chr1.633434.634463|HISEQ1:62:HB657ADXX:2:1206:3030:66263	HG006_chr1.633434.634463|HISEQ1:62:HB657ADXX:2:1206:3030:66263	158	8211.0	8367.0	best_hit_to_mtDNA	humanM
-	T	-	8293	HG006_all_regions	HG006_chr1.633434.634463|HISEQ1:62:HB657ADXX:2:1206:3030:66263	HG006_chr1.633434.634463|HISEQ1:62:HB657ADXX:2:1206:3030:66263	158	8211.0	8367.0	best_hit_to_mtDNA	humanM
T	C	T	8297	HG006_all_regions	HG006_chr1.633434.634463|HISEQ1:62:HB657ADXX:2:1206:3030:66263	HG006_chr1.633434.634463|HISEQ1:62:HB657ADXX:2:1206:3030:66263	158	8211.0	8367.0	best_hit_to_mtDNA	humanM
C	T	C	8303	HG006_all_regions	HG006_chr1.633434.634463|HISEQ1:62:HB657ADXX:2:1206:3030:66263	HG006_chr1.633434.634463|HISEQ1:62:HB657ADXX:2:1206:3030:66263	158	8211.0	8367.0	best_hit_to_mtDNA	humanM
T	C	T	8319	HG006_all_regions	HG006_chr1.633434.634463|HISEQ1:62:HB657ADXX:2:1206:3030:66263	HG006_chr1.633434.634463|HISEQ1:62:HB657ADXX:2:1206:3030:66263	158	8211.0	8367.0	best_hit_to_mtDNA	humanM
A	G	A	8352	HG006_all_regions	HG006_chr1.633434.634463|HISEQ1:62:HB657ADXX:2:1206:3030:66263	HG006_chr1.633434.634463|HISEQ1:62:HB657ADXX:2:1206:3030:66263	158	8211.0	8367.0	best_hit_to_mtDNA	humanM
A	G	A	8356	HG006_all_regions	HG006_chr1.633434.634463|HISEQ1:62:HB657ADXX:2:1206:3030:66263	HG006_chr1.633434.634463|HISEQ1:62:HB657ADXX:2:1206:3030:66263	158	8211.0	8367.0	best_hit_to_mtDNA	humanM
T	C	T	8235	HG006_all_regions	HG006_chr1.633434.634463|HISEQ1:62:HB657ADXX:1:2211:9029:50175	HG006_chr1.633434.634463|HISEQ1:62:HB657ADXX:1:2211:9029:50175	158	8215.0	8371.0	best_hit_to_mtDNA	humanM
C	T	C	8238	HG006_all_regions	HG006_chr1.633434.634463|HISEQ1:62:HB657ADXX:1:2211:9029:50175	HG006_chr1.633434.634463|HISEQ1:62:HB657ADXX:1:2211:9029:50175	158	8215.0	8371.0	best_hit_to_mtDNA	humanM
G	A	G	8259	HG006_all_regions	HG006_chr1.633434.634463|HISEQ1:62:HB657ADXX:1:2211:9029:50175	HG006_chr1.633434.634463|HISEQ1:62:HB657ADXX:1:2211:9029:50175	158	8215.0	8371.0	best_hit_to_mtDNA	humanM
T	C	T	8268	HG006_all_regions	HG006_chr1.633434.634463|HISEQ1:62:HB657ADXX:1:2211:9029:50175	HG006_chr1.633434.634463|HISEQ1:62:HB657ADXX:1:2211:9029:50175	158	8215.0	8371.0	best_hit_to_mtDNA	humanM
C	T	C	8271	HG006_all_regions	HG006_chr1.633434.634463|HISEQ1:62:HB657ADXX:1:2211:9029:50175	HG006_chr1.633434.634463|HISEQ1:62:HB657ADXX:1:2211:9029:50175	158	8215.0	8371.0	best_hit_to_mtDNA	humanM
C	T	C	8282	HG006_all_regions	HG006_chr1.633434.634463|HISEQ1:62:HB657ADXX:1:2211:9029:50175	HG006_chr1.633434.634463|HISEQ1:62:HB657ADXX:1:2211:9029:50175	158	8215.0	8371.0	best_hit_to_mtDNA	humanM
C	T	C	8283	HG006_all_regions	HG006_chr1.633434.634463|HISEQ1:62:HB657ADXX:1:2211:9029:50175	HG006_chr1.633434.634463|HISEQ1:62:HB657ADXX:1:2211:9029:50175	158	8215.0	8371.0	best_hit_to_mtDNA	humanM
-	T	-	8293	HG006_all_regions	HG006_chr1.633434.634463|HISEQ1:62:HB657ADXX:1:2211:9029:50175	HG006_chr1.633434.634463|HISEQ1:62:HB657ADXX:1:2211:9029:50175	158	8215.0	8371.0	best_hit_to_mtDNA	humanM
T	C	T	8297	HG006_all_regions	HG006_chr1.633434.634463|HISEQ1:62:HB657ADXX:1:2211:9029:50175	HG006_chr1.633434.634463|HISEQ1:62:HB657ADXX:1:2211:9029:50175	158	8215.0	8371.0	best_hit_to_mtDNA	humanM
C	T	C	8303	HG006_all_regions	HG006_chr1.633434.634463|HISEQ1:62:HB657ADXX:1:2211:9029:50175	HG006_chr1.633434.634463|HISEQ1:62:HB657ADXX:1:2211:9029:50175	158	8215.0	8371.0	best_hit_to_mtDNA	humanM
T	C	T	8319	HG006_all_regions	HG006_chr1.633434.634463|HISEQ1:62:HB657ADXX:1:2211:9029:50175	HG006_chr1.633434.634463|HISEQ1:62:HB657ADXX:1:2211:9029:50175	158	8215.0	8371.0	best_hit_to_mtDNA	humanM
A	G	A	8352	HG006_all_regions	HG006_chr1.633434.634463|HISEQ1:62:HB657ADXX:1:2211:9029:50175	HG006_chr1.633434.634463|HISEQ1:62:HB657ADXX:1:2211:9029:50175	158	8215.0	8371.0	best_hit_to_mtDNA	humanM
A	G	A	8356	HG006_all_regions	HG006_chr1.633434.634463|HISEQ1:62:HB657ADXX:1:2211:9029:50175	HG006_chr1.633434.634463|HISEQ1:62:HB657ADXX:1:2211:9029:50175	158	8215.0	8371.0	best_hit_to_mtDNA	humanM
T	C	T	8235	HG006_all_regions	HG006_chr1.633434.634463|HISEQ1:65:HB7ACADXX:1:1214:2479:86416	HG006_chr1.633434.634463|HISEQ1:65:HB7ACADXX:1:1214:2479:86416	158	8215.0	8371.0	best_hit_to_mtDNA	humanM
C	T	C	8238	HG006_all_regions	HG006_chr1.633434.634463|HISEQ1:65:HB7ACADXX:1:1214:2479:86416	HG006_chr1.633434.634463|HISEQ1:65:HB7ACADXX:1:1214:2479:86416	158	8215.0	8371.0	best_hit_to_mtDNA	humanM
G	A	G	8259	HG006_all_regions	HG006_chr1.633434.634463|HISEQ1:65:HB7ACADXX:1:1214:2479:86416	HG006_chr1.633434.634463|HISEQ1:65:HB7ACADXX:1:1214:2479:86416	158	8215.0	8371.0	best_hit_to_mtDNA	humanM
T	C	T	8268	HG006_all_regions	HG006_chr1.633434.634463|HISEQ1:65:HB7ACADXX:1:1214:2479:86416	HG006_chr1.633434.634463|HISEQ1:65:HB7ACADXX:1:1214:2479:86416	158	8215.0	8371.0	best_hit_to_mtDNA	humanM
C	T	C	8271	HG006_all_regions	HG006_chr1.633434.634463|HISEQ1:65:HB7ACADXX:1:1214:2479:86416	HG006_chr1.633434.634463|HISEQ1:65:HB7ACADXX:1:1214:2479:86416	158	8215.0	8371.0	best_hit_to_mtDNA	humanM
C	T	C	8282	HG006_all_regions	HG006_chr1.633434.634463|HISEQ1:65:HB7ACADXX:1:1214:2479:86416	HG006_chr1.633434.634463|HISEQ1:65:HB7ACADXX:1:1214:2479:86416	158	8215.0	8371.0	best_hit_to_mtDNA	humanM
C	T	C	8283	HG006_all_regions	HG006_chr1.633434.634463|HISEQ1:65:HB7ACADXX:1:1214:2479:86416	HG006_chr1.633434.634463|HISEQ1:65:HB7ACADXX:1:1214:2479:86416	158	8215.0	8371.0	best_hit_to_mtDNA	humanM
-	T	-	8293	HG006_all_regions	HG006_chr1.633434.634463|HISEQ1:65:HB7ACADXX:1:1214:2479:86416	HG006_chr1.633434.634463|HISEQ1:65:HB7ACADXX:1:1214:2479:86416	158	8215.0	8371.0	best_hit_to_mtDNA	humanM
T	C	T	8297	HG006_all_regions	HG006_chr1.633434.634463|HISEQ1:65:HB7ACADXX:1:1214:2479:86416	HG006_chr1.633434.634463|HISEQ1:65:HB7ACADXX:1:1214:2479:86416	158	8215.0	8371.0	best_hit_to_mtDNA	humanM
C	T	C	8303	HG006_all_regions	HG006_chr1.633434.634463|HISEQ1:65:HB7ACADXX:1:1214:2479:86416	HG006_chr1.633434.634463|HISEQ1:65:HB7ACADXX:1:1214:2479:86416	158	8215.0	8371.0	best_hit_to_mtDNA	humanM
T	C	T	8319	HG006_all_regions	HG006_chr1.633434.634463|HISEQ1:65:HB7ACADXX:1:1214:2479:86416	HG006_chr1.633434.634463|HISEQ1:65:HB7ACADXX:1:1214:2479:86416	158	8215.0	8371.0	best_hit_to_mtDNA	humanM
A	G	A	8352	HG006_all_regions	HG006_chr1.633434.634463|HISEQ1:65:HB7ACADXX:1:1214:2479:86416	HG006_chr1.633434.634463|HISEQ1:65:HB7ACADXX:1:1214:2479:86416	158	8215.0	8371.0	best_hit_to_mtDNA	humanM
A	G	A	8356	HG006_all_regions	HG006_chr1.633434.634463|HISEQ1:65:HB7ACADXX:1:1214:2479:86416	HG006_chr1.633434.634463|HISEQ1:65:HB7ACADXX:1:1214:2479:86416	158	8215.0	8371.0	best_hit_to_mtDNA	humanM
T	C	T	8235	HG006_all_regions	HG006_chr1.633434.634463|HISEQ1:60:HB6D7ADXX:1:1108:2361:49384	HG006_chr1.633434.634463|HISEQ1:60:HB6D7ADXX:1:1108:2361:49384	158	8216.0	8360.0	best_hit_to_mtDNA	humanM
C	T	C	8238	HG006_all_regions	HG006_chr1.633434.634463|HISEQ1:60:HB6D7ADXX:1:1108:2361:49384	HG006_chr1.633434.634463|HISEQ1:60:HB6D7ADXX:1:1108:2361:49384	158	8216.0	8360.0	best_hit_to_mtDNA	humanM
G	A	G	8259	HG006_all_regions	HG006_chr1.633434.634463|HISEQ1:60:HB6D7ADXX:1:1108:2361:49384	HG006_chr1.633434.634463|HISEQ1:60:HB6D7ADXX:1:1108:2361:49384	158	8216.0	8360.0	best_hit_to_mtDNA	humanM
T	C	T	8268	HG006_all_regions	HG006_chr1.633434.634463|HISEQ1:60:HB6D7ADXX:1:1108:2361:49384	HG006_chr1.633434.634463|HISEQ1:60:HB6D7ADXX:1:1108:2361:49384	158	8216.0	8360.0	best_hit_to_mtDNA	humanM
C	T	C	8271	HG006_all_regions	HG006_chr1.633434.634463|HISEQ1:60:HB6D7ADXX:1:1108:2361:49384	HG006_chr1.633434.634463|HISEQ1:60:HB6D7ADXX:1:1108:2361:49384	158	8216.0	8360.0	best_hit_to_mtDNA	humanM
C	T	C	8282	HG006_all_regions	HG006_chr1.633434.634463|HISEQ1:60:HB6D7ADXX:1:1108:2361:49384	HG006_chr1.633434.634463|HISEQ1:60:HB6D7ADXX:1:1108:2361:49384	158	8216.0	8360.0	best_hit_to_mtDNA	humanM
C	T	C	8283	HG006_all_regions	HG006_chr1.633434.634463|HISEQ1:60:HB6D7ADXX:1:1108:2361:49384	HG006_chr1.633434.634463|HISEQ1:60:HB6D7ADXX:1:1108:2361:49384	158	8216.0	8360.0	best_hit_to_mtDNA	humanM
-	T	-	8293	HG006_all_regions	HG006_chr1.633434.634463|HISEQ1:60:HB6D7ADXX:1:1108:2361:49384	HG006_chr1.633434.634463|HISEQ1:60:HB6D7ADXX:1:1108:2361:49384	158	8216.0	8360.0	best_hit_to_mtDNA	humanM
T	C	T	8297	HG006_all_regions	HG006_chr1.633434.634463|HISEQ1:60:HB6D7ADXX:1:1108:2361:49384	HG006_chr1.633434.634463|HISEQ1:60:HB6D7ADXX:1:1108:2361:49384	158	8216.0	8360.0	best_hit_to_mtDNA	humanM
C	T	C	8303	HG006_all_regions	HG006_chr1.633434.634463|HISEQ1:60:HB6D7ADXX:1:1108:2361:49384	HG006_chr1.633434.634463|HISEQ1:60:HB6D7ADXX:1:1108:2361:49384	158	8216.0	8360.0	best_hit_to_mtDNA	humanM
T	C	T	8319	HG006_all_regions	HG006_chr1.633434.634463|HISEQ1:60:HB6D7ADXX:1:1108:2361:49384	HG006_chr1.633434.634463|HISEQ1:60:HB6D7ADXX:1:1108:2361:49384	158	8216.0	8360.0	best_hit_to_mtDNA	humanM
A	G	A	8352	HG006_all_regions	HG006_chr1.633434.634463|HISEQ1:60:HB6D7ADXX:1:1108:2361:49384	HG006_chr1.633434.634463|HISEQ1:60:HB6D7ADXX:1:1108:2361:49384	158	8216.0	8360.0	best_hit_to_mtDNA	humanM
A	G	A	8356	HG006_all_regions	HG006_chr1.633434.634463|HISEQ1:60:HB6D7ADXX:1:1108:2361:49384	HG006_chr1.633434.634463|HISEQ1:60:HB6D7ADXX:1:1108:2361:49384	158	8216.0	8360.0	best_hit_to_mtDNA	humanM
T	C	T	8235	HG006_all_regions	HG006_chr1.633434.634463|HISEQ1:65:HB7ACADXX:2:1111:19547:56316	HG006_chr1.633434.634463|HISEQ1:65:HB7ACADXX:2:1111:19547:56316	158	8216.0	8372.0	best_hit_to_mtDNA	humanM
C	T	C	8238	HG006_all_regions	HG006_chr1.633434.634463|HISEQ1:65:HB7ACADXX:2:1111:19547:56316	HG006_chr1.633434.634463|HISEQ1:65:HB7ACADXX:2:1111:19547:56316	158	8216.0	8372.0	best_hit_to_mtDNA	humanM
G	A	G	8259	HG006_all_regions	HG006_chr1.633434.634463|HISEQ1:65:HB7ACADXX:2:1111:19547:56316	HG006_chr1.633434.634463|HISEQ1:65:HB7ACADXX:2:1111:19547:56316	158	8216.0	8372.0	best_hit_to_mtDNA	humanM
T	C	T	8268	HG006_all_regions	HG006_chr1.633434.634463|HISEQ1:65:HB7ACADXX:2:1111:19547:56316	HG006_chr1.633434.634463|HISEQ1:65:HB7ACADXX:2:1111:19547:56316	158	8216.0	8372.0	best_hit_to_mtDNA	humanM
C	T	C	8271	HG006_all_regions	HG006_chr1.633434.634463|HISEQ1:65:HB7ACADXX:2:1111:19547:56316	HG006_chr1.633434.634463|HISEQ1:65:HB7ACADXX:2:1111:19547:56316	158	8216.0	8372.0	best_hit_to_mtDNA	humanM
C	T	C	8282	HG006_all_regions	HG006_chr1.633434.634463|HISEQ1:65:HB7ACADXX:2:1111:19547:56316	HG006_chr1.633434.634463|HISEQ1:65:HB7ACADXX:2:1111:19547:56316	158	8216.0	8372.0	best_hit_to_mtDNA	humanM
C	T	C	8283	HG006_all_regions	HG006_chr1.633434.634463|HISEQ1:65:HB7ACADXX:2:1111:19547:56316	HG006_chr1.633434.634463|HISEQ1:65:HB7ACADXX:2:1111:19547:56316	158	8216.0	8372.0	best_hit_to_mtDNA	humanM
-	T	-	8293	HG006_all_regions	HG006_chr1.633434.634463|HISEQ1:65:HB7ACADXX:2:1111:19547:56316	HG006_chr1.633434.634463|HISEQ1:65:HB7ACADXX:2:1111:19547:56316	158	8216.0	8372.0	best_hit_to_mtDNA	humanM
T	C	T	8297	HG006_all_regions	HG006_chr1.633434.634463|HISEQ1:65:HB7ACADXX:2:1111:19547:56316	HG006_chr1.633434.634463|HISEQ1:65:HB7ACADXX:2:1111:19547:56316	158	8216.0	8372.0	best_hit_to_mtDNA	humanM
C	T	C	8303	HG006_all_regions	HG006_chr1.633434.634463|HISEQ1:65:HB7ACADXX:2:1111:19547:56316	HG006_chr1.633434.634463|HISEQ1:65:HB7ACADXX:2:1111:19547:56316	158	8216.0	8372.0	best_hit_to_mtDNA	humanM
T	C	T	8319	HG006_all_regions	HG006_chr1.633434.634463|HISEQ1:65:HB7ACADXX:2:1111:19547:56316	HG006_chr1.633434.634463|HISEQ1:65:HB7ACADXX:2:1111:19547:56316	158	8216.0	8372.0	best_hit_to_mtDNA	humanM
A	G	A	8352	HG006_all_regions	HG006_chr1.633434.634463|HISEQ1:65:HB7ACADXX:2:1111:19547:56316	HG006_chr1.633434.634463|HISEQ1:65:HB7ACADXX:2:1111:19547:56316	158	8216.0	8372.0	best_hit_to_mtDNA	humanM
A	G	A	8356	HG006_all_regions	HG006_chr1.633434.634463|HISEQ1:65:HB7ACADXX:2:1111:19547:56316	HG006_chr1.633434.634463|HISEQ1:65:HB7ACADXX:2:1111:19547:56316	158	8216.0	8372.0	best_hit_to_mtDNA	humanM
T	C	T	8235	HG006_all_regions	HG006_chr1.633434.634463|HISEQ1:65:HB7ACADXX:2:1116:9984:89109	HG006_chr1.633434.634463|HISEQ1:65:HB7ACADXX:2:1116:9984:89109	158	8216.0	8372.0	best_hit_to_mtDNA	humanM
C	T	C	8238	HG006_all_regions	HG006_chr1.633434.634463|HISEQ1:65:HB7ACADXX:2:1116:9984:89109	HG006_chr1.633434.634463|HISEQ1:65:HB7ACADXX:2:1116:9984:89109	158	8216.0	8372.0	best_hit_to_mtDNA	humanM
G	A	G	8259	HG006_all_regions	HG006_chr1.633434.634463|HISEQ1:65:HB7ACADXX:2:1116:9984:89109	HG006_chr1.633434.634463|HISEQ1:65:HB7ACADXX:2:1116:9984:89109	158	8216.0	8372.0	best_hit_to_mtDNA	humanM
T	C	T	8268	HG006_all_regions	HG006_chr1.633434.634463|HISEQ1:65:HB7ACADXX:2:1116:9984:89109	HG006_chr1.633434.634463|HISEQ1:65:HB7ACADXX:2:1116:9984:89109	158	8216.0	8372.0	best_hit_to_mtDNA	humanM
C	T	C	8271	HG006_all_regions	HG006_chr1.633434.634463|HISEQ1:65:HB7ACADXX:2:1116:9984:89109	HG006_chr1.633434.634463|HISEQ1:65:HB7ACADXX:2:1116:9984:89109	158	8216.0	8372.0	best_hit_to_mtDNA	humanM
C	T	C	8282	HG006_all_regions	HG006_chr1.633434.634463|HISEQ1:65:HB7ACADXX:2:1116:9984:89109	HG006_chr1.633434.634463|HISEQ1:65:HB7ACADXX:2:1116:9984:89109	158	8216.0	8372.0	best_hit_to_mtDNA	humanM
C	T	C	8283	HG006_all_regions	HG006_chr1.633434.634463|HISEQ1:65:HB7ACADXX:2:1116:9984:89109	HG006_chr1.633434.634463|HISEQ1:65:HB7ACADXX:2:1116:9984:89109	158	8216.0	8372.0	best_hit_to_mtDNA	humanM
-	T	-	8293	HG006_all_regions	HG006_chr1.633434.634463|HISEQ1:65:HB7ACADXX:2:1116:9984:89109	HG006_chr1.633434.634463|HISEQ1:65:HB7ACADXX:2:1116:9984:89109	158	8216.0	8372.0	best_hit_to_mtDNA	humanM
T	C	T	8297	HG006_all_regions	HG006_chr1.633434.634463|HISEQ1:65:HB7ACADXX:2:1116:9984:89109	HG006_chr1.633434.634463|HISEQ1:65:HB7ACADXX:2:1116:9984:89109	158	8216.0	8372.0	best_hit_to_mtDNA	humanM
C	T	C	8303	HG006_all_regions	HG006_chr1.633434.634463|HISEQ1:65:HB7ACADXX:2:1116:9984:89109	HG006_chr1.633434.634463|HISEQ1:65:HB7ACADXX:2:1116:9984:89109	158	8216.0	8372.0	best_hit_to_mtDNA	humanM
T	C	T	8319	HG006_all_regions	HG006_chr1.633434.634463|HISEQ1:65:HB7ACADXX:2:1116:9984:89109	HG006_chr1.633434.634463|HISEQ1:65:HB7ACADXX:2:1116:9984:89109	158	8216.0	8372.0	best_hit_to_mtDNA	humanM
A	G	A	8352	HG006_all_regions	HG006_chr1.633434.634463|HISEQ1:65:HB7ACADXX:2:1116:9984:89109	HG006_chr1.633434.634463|HISEQ1:65:HB7ACADXX:2:1116:9984:89109	158	8216.0	8372.0	best_hit_to_mtDNA	humanM
A	G	A	8356	HG006_all_regions	HG006_chr1.633434.634463|HISEQ1:65:HB7ACADXX:2:1116:9984:89109	HG006_chr1.633434.634463|HISEQ1:65:HB7ACADXX:2:1116:9984:89109	158	8216.0	8372.0	best_hit_to_mtDNA	humanM
T	C	T	8235	HG006_all_regions	HG006_chr1.633434.634463|HISEQ1:65:HB7ACADXX:2:2103:9224:13806	HG006_chr1.633434.634463|HISEQ1:65:HB7ACADXX:2:2103:9224:13806	158	8218.0	8374.0	best_hit_to_mtDNA	humanM
C	T	C	8238	HG006_all_regions	HG006_chr1.633434.634463|HISEQ1:65:HB7ACADXX:2:2103:9224:13806	HG006_chr1.633434.634463|HISEQ1:65:HB7ACADXX:2:2103:9224:13806	158	8218.0	8374.0	best_hit_to_mtDNA	humanM
G	A	G	8259	HG006_all_regions	HG006_chr1.633434.634463|HISEQ1:65:HB7ACADXX:2:2103:9224:13806	HG006_chr1.633434.634463|HISEQ1:65:HB7ACADXX:2:2103:9224:13806	158	8218.0	8374.0	best_hit_to_mtDNA	humanM
T	C	T	8268	HG006_all_regions	HG006_chr1.633434.634463|HISEQ1:65:HB7ACADXX:2:2103:9224:13806	HG006_chr1.633434.634463|HISEQ1:65:HB7ACADXX:2:2103:9224:13806	158	8218.0	8374.0	best_hit_to_mtDNA	humanM
C	T	C	8271	HG006_all_regions	HG006_chr1.633434.634463|HISEQ1:65:HB7ACADXX:2:2103:9224:13806	HG006_chr1.633434.634463|HISEQ1:65:HB7ACADXX:2:2103:9224:13806	158	8218.0	8374.0	best_hit_to_mtDNA	humanM
C	T	C	8282	HG006_all_regions	HG006_chr1.633434.634463|HISEQ1:65:HB7ACADXX:2:2103:9224:13806	HG006_chr1.633434.634463|HISEQ1:65:HB7ACADXX:2:2103:9224:13806	158	8218.0	8374.0	best_hit_to_mtDNA	humanM
C	T	C	8283	HG006_all_regions	HG006_chr1.633434.634463|HISEQ1:65:HB7ACADXX:2:2103:9224:13806	HG006_chr1.633434.634463|HISEQ1:65:HB7ACADXX:2:2103:9224:13806	158	8218.0	8374.0	best_hit_to_mtDNA	humanM
-	T	-	8293	HG006_all_regions	HG006_chr1.633434.634463|HISEQ1:65:HB7ACADXX:2:2103:9224:13806	HG006_chr1.633434.634463|HISEQ1:65:HB7ACADXX:2:2103:9224:13806	158	8218.0	8374.0	best_hit_to_mtDNA	humanM
T	C	T	8297	HG006_all_regions	HG006_chr1.633434.634463|HISEQ1:65:HB7ACADXX:2:2103:9224:13806	HG006_chr1.633434.634463|HISEQ1:65:HB7ACADXX:2:2103:9224:13806	158	8218.0	8374.0	best_hit_to_mtDNA	humanM
C	T	C	8303	HG006_all_regions	HG006_chr1.633434.634463|HISEQ1:65:HB7ACADXX:2:2103:9224:13806	HG006_chr1.633434.634463|HISEQ1:65:HB7ACADXX:2:2103:9224:13806	158	8218.0	8374.0	best_hit_to_mtDNA	humanM
T	C	T	8319	HG006_all_regions	HG006_chr1.633434.634463|HISEQ1:65:HB7ACADXX:2:2103:9224:13806	HG006_chr1.633434.634463|HISEQ1:65:HB7ACADXX:2:2103:9224:13806	158	8218.0	8374.0	best_hit_to_mtDNA	humanM
A	G	A	8352	HG006_all_regions	HG006_chr1.633434.634463|HISEQ1:65:HB7ACADXX:2:2103:9224:13806	HG006_chr1.633434.634463|HISEQ1:65:HB7ACADXX:2:2103:9224:13806	158	8218.0	8374.0	best_hit_to_mtDNA	humanM
A	G	A	8356	HG006_all_regions	HG006_chr1.633434.634463|HISEQ1:65:HB7ACADXX:2:2103:9224:13806	HG006_chr1.633434.634463|HISEQ1:65:HB7ACADXX:2:2103:9224:13806	158	8218.0	8374.0	best_hit_to_mtDNA	humanM
T	C	T	8235	HG006_all_regions	HG006_chr1.633434.634463|HISEQ1:65:HB7ACADXX:1:2212:16654:16214	HG006_chr1.633434.634463|HISEQ1:65:HB7ACADXX:1:2212:16654:16214	158	8219.0	8375.0	best_hit_to_mtDNA	humanM
C	T	C	8238	HG006_all_regions	HG006_chr1.633434.634463|HISEQ1:65:HB7ACADXX:1:2212:16654:16214	HG006_chr1.633434.634463|HISEQ1:65:HB7ACADXX:1:2212:16654:16214	158	8219.0	8375.0	best_hit_to_mtDNA	humanM
G	A	G	8259	HG006_all_regions	HG006_chr1.633434.634463|HISEQ1:65:HB7ACADXX:1:2212:16654:16214	HG006_chr1.633434.634463|HISEQ1:65:HB7ACADXX:1:2212:16654:16214	158	8219.0	8375.0	best_hit_to_mtDNA	humanM
T	C	T	8268	HG006_all_regions	HG006_chr1.633434.634463|HISEQ1:65:HB7ACADXX:1:2212:16654:16214	HG006_chr1.633434.634463|HISEQ1:65:HB7ACADXX:1:2212:16654:16214	158	8219.0	8375.0	best_hit_to_mtDNA	humanM
C	T	C	8271	HG006_all_regions	HG006_chr1.633434.634463|HISEQ1:65:HB7ACADXX:1:2212:16654:16214	HG006_chr1.633434.634463|HISEQ1:65:HB7ACADXX:1:2212:16654:16214	158	8219.0	8375.0	best_hit_to_mtDNA	humanM
C	T	C	8282	HG006_all_regions	HG006_chr1.633434.634463|HISEQ1:65:HB7ACADXX:1:2212:16654:16214	HG006_chr1.633434.634463|HISEQ1:65:HB7ACADXX:1:2212:16654:16214	158	8219.0	8375.0	best_hit_to_mtDNA	humanM
C	T	C	8283	HG006_all_regions	HG006_chr1.633434.634463|HISEQ1:65:HB7ACADXX:1:2212:16654:16214	HG006_chr1.633434.634463|HISEQ1:65:HB7ACADXX:1:2212:16654:16214	158	8219.0	8375.0	best_hit_to_mtDNA	humanM
-	T	-	8293	HG006_all_regions	HG006_chr1.633434.634463|HISEQ1:65:HB7ACADXX:1:2212:16654:16214	HG006_chr1.633434.634463|HISEQ1:65:HB7ACADXX:1:2212:16654:16214	158	8219.0	8375.0	best_hit_to_mtDNA	humanM
T	C	T	8297	HG006_all_regions	HG006_chr1.633434.634463|HISEQ1:65:HB7ACADXX:1:2212:16654:16214	HG006_chr1.633434.634463|HISEQ1:65:HB7ACADXX:1:2212:16654:16214	158	8219.0	8375.0	best_hit_to_mtDNA	humanM
C	T	C	8303	HG006_all_regions	HG006_chr1.633434.634463|HISEQ1:65:HB7ACADXX:1:2212:16654:16214	HG006_chr1.633434.634463|HISEQ1:65:HB7ACADXX:1:2212:16654:16214	158	8219.0	8375.0	best_hit_to_mtDNA	humanM
T	C	T	8319	HG006_all_regions	HG006_chr1.633434.634463|HISEQ1:65:HB7ACADXX:1:2212:16654:16214	HG006_chr1.633434.634463|HISEQ1:65:HB7ACADXX:1:2212:16654:16214	158	8219.0	8375.0	best_hit_to_mtDNA	humanM
A	G	A	8352	HG006_all_regions	HG006_chr1.633434.634463|HISEQ1:65:HB7ACADXX:1:2212:16654:16214	HG006_chr1.633434.634463|HISEQ1:65:HB7ACADXX:1:2212:16654:16214	158	8219.0	8375.0	best_hit_to_mtDNA	humanM
A	G	A	8356	HG006_all_regions	HG006_chr1.633434.634463|HISEQ1:65:HB7ACADXX:1:2212:16654:16214	HG006_chr1.633434.634463|HISEQ1:65:HB7ACADXX:1:2212:16654:16214	158	8219.0	8375.0	best_hit_to_mtDNA	humanM
T	C	T	8235	HG006_all_regions	HG006_chr1.633434.634463|HISEQ1:60:HB6D7ADXX:1:1104:16179:68324	HG006_chr1.633434.634463|HISEQ1:60:HB6D7ADXX:1:1104:16179:68324	158	8221.0	8377.0	best_hit_to_mtDNA	humanM
C	T	C	8238	HG006_all_regions	HG006_chr1.633434.634463|HISEQ1:60:HB6D7ADXX:1:1104:16179:68324	HG006_chr1.633434.634463|HISEQ1:60:HB6D7ADXX:1:1104:16179:68324	158	8221.0	8377.0	best_hit_to_mtDNA	humanM
G	A	G	8259	HG006_all_regions	HG006_chr1.633434.634463|HISEQ1:60:HB6D7ADXX:1:1104:16179:68324	HG006_chr1.633434.634463|HISEQ1:60:HB6D7ADXX:1:1104:16179:68324	158	8221.0	8377.0	best_hit_to_mtDNA	humanM
T	C	T	8268	HG006_all_regions	HG006_chr1.633434.634463|HISEQ1:60:HB6D7ADXX:1:1104:16179:68324	HG006_chr1.633434.634463|HISEQ1:60:HB6D7ADXX:1:1104:16179:68324	158	8221.0	8377.0	best_hit_to_mtDNA	humanM
C	T	C	8271	HG006_all_regions	HG006_chr1.633434.634463|HISEQ1:60:HB6D7ADXX:1:1104:16179:68324	HG006_chr1.633434.634463|HISEQ1:60:HB6D7ADXX:1:1104:16179:68324	158	8221.0	8377.0	best_hit_to_mtDNA	humanM
C	T	C	8282	HG006_all_regions	HG006_chr1.633434.634463|HISEQ1:60:HB6D7ADXX:1:1104:16179:68324	HG006_chr1.633434.634463|HISEQ1:60:HB6D7ADXX:1:1104:16179:68324	158	8221.0	8377.0	best_hit_to_mtDNA	humanM
C	T	C	8283	HG006_all_regions	HG006_chr1.633434.634463|HISEQ1:60:HB6D7ADXX:1:1104:16179:68324	HG006_chr1.633434.634463|HISEQ1:60:HB6D7ADXX:1:1104:16179:68324	158	8221.0	8377.0	best_hit_to_mtDNA	humanM
-	T	-	8293	HG006_all_regions	HG006_chr1.633434.634463|HISEQ1:60:HB6D7ADXX:1:1104:16179:68324	HG006_chr1.633434.634463|HISEQ1:60:HB6D7ADXX:1:1104:16179:68324	158	8221.0	8377.0	best_hit_to_mtDNA	humanM
T	C	T	8297	HG006_all_regions	HG006_chr1.633434.634463|HISEQ1:60:HB6D7ADXX:1:1104:16179:68324	HG006_chr1.633434.634463|HISEQ1:60:HB6D7ADXX:1:1104:16179:68324	158	8221.0	8377.0	best_hit_to_mtDNA	humanM
C	T	C	8303	HG006_all_regions	HG006_chr1.633434.634463|HISEQ1:60:HB6D7ADXX:1:1104:16179:68324	HG006_chr1.633434.634463|HISEQ1:60:HB6D7ADXX:1:1104:16179:68324	158	8221.0	8377.0	best_hit_to_mtDNA	humanM
T	C	T	8319	HG006_all_regions	HG006_chr1.633434.634463|HISEQ1:60:HB6D7ADXX:1:1104:16179:68324	HG006_chr1.633434.634463|HISEQ1:60:HB6D7ADXX:1:1104:16179:68324	158	8221.0	8377.0	best_hit_to_mtDNA	humanM
A	G	A	8352	HG006_all_regions	HG006_chr1.633434.634463|HISEQ1:60:HB6D7ADXX:1:1104:16179:68324	HG006_chr1.633434.634463|HISEQ1:60:HB6D7ADXX:1:1104:16179:68324	158	8221.0	8377.0	best_hit_to_mtDNA	humanM
A	G	A	8356	HG006_all_regions	HG006_chr1.633434.634463|HISEQ1:60:HB6D7ADXX:1:1104:16179:68324	HG006_chr1.633434.634463|HISEQ1:60:HB6D7ADXX:1:1104:16179:68324	158	8221.0	8377.0	best_hit_to_mtDNA	humanM
T	C	T	8235	HG006_all_regions	HG006_chr1.633434.634463|HISEQ1:65:HB7ACADXX:2:1102:5400:84803	HG006_chr1.633434.634463|HISEQ1:65:HB7ACADXX:2:1102:5400:84803	158	8223.0	8379.0	best_hit_to_mtDNA	humanM
C	T	C	8238	HG006_all_regions	HG006_chr1.633434.634463|HISEQ1:65:HB7ACADXX:2:1102:5400:84803	HG006_chr1.633434.634463|HISEQ1:65:HB7ACADXX:2:1102:5400:84803	158	8223.0	8379.0	best_hit_to_mtDNA	humanM
G	A	G	8259	HG006_all_regions	HG006_chr1.633434.634463|HISEQ1:65:HB7ACADXX:2:1102:5400:84803	HG006_chr1.633434.634463|HISEQ1:65:HB7ACADXX:2:1102:5400:84803	158	8223.0	8379.0	best_hit_to_mtDNA	humanM
T	C	T	8268	HG006_all_regions	HG006_chr1.633434.634463|HISEQ1:65:HB7ACADXX:2:1102:5400:84803	HG006_chr1.633434.634463|HISEQ1:65:HB7ACADXX:2:1102:5400:84803	158	8223.0	8379.0	best_hit_to_mtDNA	humanM
C	T	C	8271	HG006_all_regions	HG006_chr1.633434.634463|HISEQ1:65:HB7ACADXX:2:1102:5400:84803	HG006_chr1.633434.634463|HISEQ1:65:HB7ACADXX:2:1102:5400:84803	158	8223.0	8379.0	best_hit_to_mtDNA	humanM
C	T	C	8282	HG006_all_regions	HG006_chr1.633434.634463|HISEQ1:65:HB7ACADXX:2:1102:5400:84803	HG006_chr1.633434.634463|HISEQ1:65:HB7ACADXX:2:1102:5400:84803	158	8223.0	8379.0	best_hit_to_mtDNA	humanM
C	T	C	8283	HG006_all_regions	HG006_chr1.633434.634463|HISEQ1:65:HB7ACADXX:2:1102:5400:84803	HG006_chr1.633434.634463|HISEQ1:65:HB7ACADXX:2:1102:5400:84803	158	8223.0	8379.0	best_hit_to_mtDNA	humanM
-	T	-	8293	HG006_all_regions	HG006_chr1.633434.634463|HISEQ1:65:HB7ACADXX:2:1102:5400:84803	HG006_chr1.633434.634463|HISEQ1:65:HB7ACADXX:2:1102:5400:84803	158	8223.0	8379.0	best_hit_to_mtDNA	humanM
T	C	T	8297	HG006_all_regions	HG006_chr1.633434.634463|HISEQ1:65:HB7ACADXX:2:1102:5400:84803	HG006_chr1.633434.634463|HISEQ1:65:HB7ACADXX:2:1102:5400:84803	158	8223.0	8379.0	best_hit_to_mtDNA	humanM
C	T	C	8303	HG006_all_regions	HG006_chr1.633434.634463|HISEQ1:65:HB7ACADXX:2:1102:5400:84803	HG006_chr1.633434.634463|HISEQ1:65:HB7ACADXX:2:1102:5400:84803	158	8223.0	8379.0	best_hit_to_mtDNA	humanM
T	C	T	8319	HG006_all_regions	HG006_chr1.633434.634463|HISEQ1:65:HB7ACADXX:2:1102:5400:84803	HG006_chr1.633434.634463|HISEQ1:65:HB7ACADXX:2:1102:5400:84803	158	8223.0	8379.0	best_hit_to_mtDNA	humanM
A	G	A	8352	HG006_all_regions	HG006_chr1.633434.634463|HISEQ1:65:HB7ACADXX:2:1102:5400:84803	HG006_chr1.633434.634463|HISEQ1:65:HB7ACADXX:2:1102:5400:84803	158	8223.0	8379.0	best_hit_to_mtDNA	humanM
A	G	A	8356	HG006_all_regions	HG006_chr1.633434.634463|HISEQ1:65:HB7ACADXX:2:1102:5400:84803	HG006_chr1.633434.634463|HISEQ1:65:HB7ACADXX:2:1102:5400:84803	158	8223.0	8379.0	best_hit_to_mtDNA	humanM
T	C	T	8235	HG006_all_regions	HG006_chr1.633434.634463|HISEQ1:58:HB675ADXX:2:2101:4652:39612	HG006_chr1.633434.634463|HISEQ1:58:HB675ADXX:2:2101:4652:39612	158	8223.0	8379.0	best_hit_to_mtDNA	humanM
C	T	C	8238	HG006_all_regions	HG006_chr1.633434.634463|HISEQ1:58:HB675ADXX:2:2101:4652:39612	HG006_chr1.633434.634463|HISEQ1:58:HB675ADXX:2:2101:4652:39612	158	8223.0	8379.0	best_hit_to_mtDNA	humanM
G	A	G	8259	HG006_all_regions	HG006_chr1.633434.634463|HISEQ1:58:HB675ADXX:2:2101:4652:39612	HG006_chr1.633434.634463|HISEQ1:58:HB675ADXX:2:2101:4652:39612	158	8223.0	8379.0	best_hit_to_mtDNA	humanM
T	C	T	8268	HG006_all_regions	HG006_chr1.633434.634463|HISEQ1:58:HB675ADXX:2:2101:4652:39612	HG006_chr1.633434.634463|HISEQ1:58:HB675ADXX:2:2101:4652:39612	158	8223.0	8379.0	best_hit_to_mtDNA	humanM
C	T	C	8271	HG006_all_regions	HG006_chr1.633434.634463|HISEQ1:58:HB675ADXX:2:2101:4652:39612	HG006_chr1.633434.634463|HISEQ1:58:HB675ADXX:2:2101:4652:39612	158	8223.0	8379.0	best_hit_to_mtDNA	humanM
C	T	C	8282	HG006_all_regions	HG006_chr1.633434.634463|HISEQ1:58:HB675ADXX:2:2101:4652:39612	HG006_chr1.633434.634463|HISEQ1:58:HB675ADXX:2:2101:4652:39612	158	8223.0	8379.0	best_hit_to_mtDNA	humanM
C	T	C	8283	HG006_all_regions	HG006_chr1.633434.634463|HISEQ1:58:HB675ADXX:2:2101:4652:39612	HG006_chr1.633434.634463|HISEQ1:58:HB675ADXX:2:2101:4652:39612	158	8223.0	8379.0	best_hit_to_mtDNA	humanM
-	T	-	8293	HG006_all_regions	HG006_chr1.633434.634463|HISEQ1:58:HB675ADXX:2:2101:4652:39612	HG006_chr1.633434.634463|HISEQ1:58:HB675ADXX:2:2101:4652:39612	158	8223.0	8379.0	best_hit_to_mtDNA	humanM
T	C	T	8297	HG006_all_regions	HG006_chr1.633434.634463|HISEQ1:58:HB675ADXX:2:2101:4652:39612	HG006_chr1.633434.634463|HISEQ1:58:HB675ADXX:2:2101:4652:39612	158	8223.0	8379.0	best_hit_to_mtDNA	humanM
C	T	C	8303	HG006_all_regions	HG006_chr1.633434.634463|HISEQ1:58:HB675ADXX:2:2101:4652:39612	HG006_chr1.633434.634463|HISEQ1:58:HB675ADXX:2:2101:4652:39612	158	8223.0	8379.0	best_hit_to_mtDNA	humanM
T	C	T	8319	HG006_all_regions	HG006_chr1.633434.634463|HISEQ1:58:HB675ADXX:2:2101:4652:39612	HG006_chr1.633434.634463|HISEQ1:58:HB675ADXX:2:2101:4652:39612	158	8223.0	8379.0	best_hit_to_mtDNA	humanM
A	G	A	8352	HG006_all_regions	HG006_chr1.633434.634463|HISEQ1:58:HB675ADXX:2:2101:4652:39612	HG006_chr1.633434.634463|HISEQ1:58:HB675ADXX:2:2101:4652:39612	158	8223.0	8379.0	best_hit_to_mtDNA	humanM
A	G	A	8356	HG006_all_regions	HG006_chr1.633434.634463|HISEQ1:58:HB675ADXX:2:2101:4652:39612	HG006_chr1.633434.634463|HISEQ1:58:HB675ADXX:2:2101:4652:39612	158	8223.0	8379.0	best_hit_to_mtDNA	humanM
T	C	T	8235	HG006_all_regions	HG006_chr1.633434.634463|HISEQ1:58:HB675ADXX:1:1114:4670:84935	HG006_chr1.633434.634463|HISEQ1:58:HB675ADXX:1:1114:4670:84935	158	8224.0	8380.0	best_hit_to_mtDNA	humanM
C	T	C	8238	HG006_all_regions	HG006_chr1.633434.634463|HISEQ1:58:HB675ADXX:1:1114:4670:84935	HG006_chr1.633434.634463|HISEQ1:58:HB675ADXX:1:1114:4670:84935	158	8224.0	8380.0	best_hit_to_mtDNA	humanM
G	A	G	8259	HG006_all_regions	HG006_chr1.633434.634463|HISEQ1:58:HB675ADXX:1:1114:4670:84935	HG006_chr1.633434.634463|HISEQ1:58:HB675ADXX:1:1114:4670:84935	158	8224.0	8380.0	best_hit_to_mtDNA	humanM
T	C	T	8268	HG006_all_regions	HG006_chr1.633434.634463|HISEQ1:58:HB675ADXX:1:1114:4670:84935	HG006_chr1.633434.634463|HISEQ1:58:HB675ADXX:1:1114:4670:84935	158	8224.0	8380.0	best_hit_to_mtDNA	humanM
C	T	C	8271	HG006_all_regions	HG006_chr1.633434.634463|HISEQ1:58:HB675ADXX:1:1114:4670:84935	HG006_chr1.633434.634463|HISEQ1:58:HB675ADXX:1:1114:4670:84935	158	8224.0	8380.0	best_hit_to_mtDNA	humanM
C	T	C	8282	HG006_all_regions	HG006_chr1.633434.634463|HISEQ1:58:HB675ADXX:1:1114:4670:84935	HG006_chr1.633434.634463|HISEQ1:58:HB675ADXX:1:1114:4670:84935	158	8224.0	8380.0	best_hit_to_mtDNA	humanM
C	T	C	8283	HG006_all_regions	HG006_chr1.633434.634463|HISEQ1:58:HB675ADXX:1:1114:4670:84935	HG006_chr1.633434.634463|HISEQ1:58:HB675ADXX:1:1114:4670:84935	158	8224.0	8380.0	best_hit_to_mtDNA	humanM
-	T	-	8293	HG006_all_regions	HG006_chr1.633434.634463|HISEQ1:58:HB675ADXX:1:1114:4670:84935	HG006_chr1.633434.634463|HISEQ1:58:HB675ADXX:1:1114:4670:84935	158	8224.0	8380.0	best_hit_to_mtDNA	humanM
T	C	T	8297	HG006_all_regions	HG006_chr1.633434.634463|HISEQ1:58:HB675ADXX:1:1114:4670:84935	HG006_chr1.633434.634463|HISEQ1:58:HB675ADXX:1:1114:4670:84935	158	8224.0	8380.0	best_hit_to_mtDNA	humanM
C	T	C	8303	HG006_all_regions	HG006_chr1.633434.634463|HISEQ1:58:HB675ADXX:1:1114:4670:84935	HG006_chr1.633434.634463|HISEQ1:58:HB675ADXX:1:1114:4670:84935	158	8224.0	8380.0	best_hit_to_mtDNA	humanM
T	C	T	8319	HG006_all_regions	HG006_chr1.633434.634463|HISEQ1:58:HB675ADXX:1:1114:4670:84935	HG006_chr1.633434.634463|HISEQ1:58:HB675ADXX:1:1114:4670:84935	158	8224.0	8380.0	best_hit_to_mtDNA	humanM
A	G	A	8352	HG006_all_regions	HG006_chr1.633434.634463|HISEQ1:58:HB675ADXX:1:1114:4670:84935	HG006_chr1.633434.634463|HISEQ1:58:HB675ADXX:1:1114:4670:84935	158	8224.0	8380.0	best_hit_to_mtDNA	humanM
A	G	A	8356	HG006_all_regions	HG006_chr1.633434.634463|HISEQ1:58:HB675ADXX:1:1114:4670:84935	HG006_chr1.633434.634463|HISEQ1:58:HB675ADXX:1:1114:4670:84935	158	8224.0	8380.0	best_hit_to_mtDNA	humanM
T	C	T	8235	HG006_all_regions	HG006_chr1.633434.634463|HISEQ1:62:HB657ADXX:2:2208:4751:3047	HG006_chr1.633434.634463|HISEQ1:62:HB657ADXX:2:2208:4751:3047	158	8225.0	8381.0	best_hit_to_mtDNA	humanM
C	T	C	8238	HG006_all_regions	HG006_chr1.633434.634463|HISEQ1:62:HB657ADXX:2:2208:4751:3047	HG006_chr1.633434.634463|HISEQ1:62:HB657ADXX:2:2208:4751:3047	158	8225.0	8381.0	best_hit_to_mtDNA	humanM
G	A	G	8259	HG006_all_regions	HG006_chr1.633434.634463|HISEQ1:62:HB657ADXX:2:2208:4751:3047	HG006_chr1.633434.634463|HISEQ1:62:HB657ADXX:2:2208:4751:3047	158	8225.0	8381.0	best_hit_to_mtDNA	humanM
T	C	T	8268	HG006_all_regions	HG006_chr1.633434.634463|HISEQ1:62:HB657ADXX:2:2208:4751:3047	HG006_chr1.633434.634463|HISEQ1:62:HB657ADXX:2:2208:4751:3047	158	8225.0	8381.0	best_hit_to_mtDNA	humanM
C	T	C	8271	HG006_all_regions	HG006_chr1.633434.634463|HISEQ1:62:HB657ADXX:2:2208:4751:3047	HG006_chr1.633434.634463|HISEQ1:62:HB657ADXX:2:2208:4751:3047	158	8225.0	8381.0	best_hit_to_mtDNA	humanM
C	T	C	8282	HG006_all_regions	HG006_chr1.633434.634463|HISEQ1:62:HB657ADXX:2:2208:4751:3047	HG006_chr1.633434.634463|HISEQ1:62:HB657ADXX:2:2208:4751:3047	158	8225.0	8381.0	best_hit_to_mtDNA	humanM
C	T	C	8283	HG006_all_regions	HG006_chr1.633434.634463|HISEQ1:62:HB657ADXX:2:2208:4751:3047	HG006_chr1.633434.634463|HISEQ1:62:HB657ADXX:2:2208:4751:3047	158	8225.0	8381.0	best_hit_to_mtDNA	humanM
-	T	-	8293	HG006_all_regions	HG006_chr1.633434.634463|HISEQ1:62:HB657ADXX:2:2208:4751:3047	HG006_chr1.633434.634463|HISEQ1:62:HB657ADXX:2:2208:4751:3047	158	8225.0	8381.0	best_hit_to_mtDNA	humanM
T	C	T	8297	HG006_all_regions	HG006_chr1.633434.634463|HISEQ1:62:HB657ADXX:2:2208:4751:3047	HG006_chr1.633434.634463|HISEQ1:62:HB657ADXX:2:2208:4751:3047	158	8225.0	8381.0	best_hit_to_mtDNA	humanM
C	T	C	8303	HG006_all_regions	HG006_chr1.633434.634463|HISEQ1:62:HB657ADXX:2:2208:4751:3047	HG006_chr1.633434.634463|HISEQ1:62:HB657ADXX:2:2208:4751:3047	158	8225.0	8381.0	best_hit_to_mtDNA	humanM
T	C	T	8319	HG006_all_regions	HG006_chr1.633434.634463|HISEQ1:62:HB657ADXX:2:2208:4751:3047	HG006_chr1.633434.634463|HISEQ1:62:HB657ADXX:2:2208:4751:3047	158	8225.0	8381.0	best_hit_to_mtDNA	humanM
A	G	A	8352	HG006_all_regions	HG006_chr1.633434.634463|HISEQ1:62:HB657ADXX:2:2208:4751:3047	HG006_chr1.633434.634463|HISEQ1:62:HB657ADXX:2:2208:4751:3047	158	8225.0	8381.0	best_hit_to_mtDNA	humanM
A	G	A	8356	HG006_all_regions	HG006_chr1.633434.634463|HISEQ1:62:HB657ADXX:2:2208:4751:3047	HG006_chr1.633434.634463|HISEQ1:62:HB657ADXX:2:2208:4751:3047	158	8225.0	8381.0	best_hit_to_mtDNA	humanM
T	C	T	8235	HG006_all_regions	HG006_chr1.633434.634463|HISEQ1:65:HB7ACADXX:1:1113:4524:43966	HG006_chr1.633434.634463|HISEQ1:65:HB7ACADXX:1:1113:4524:43966	158	8225.0	8381.0	best_hit_to_mtDNA	humanM
C	T	C	8238	HG006_all_regions	HG006_chr1.633434.634463|HISEQ1:65:HB7ACADXX:1:1113:4524:43966	HG006_chr1.633434.634463|HISEQ1:65:HB7ACADXX:1:1113:4524:43966	158	8225.0	8381.0	best_hit_to_mtDNA	humanM
G	A	G	8259	HG006_all_regions	HG006_chr1.633434.634463|HISEQ1:65:HB7ACADXX:1:1113:4524:43966	HG006_chr1.633434.634463|HISEQ1:65:HB7ACADXX:1:1113:4524:43966	158	8225.0	8381.0	best_hit_to_mtDNA	humanM
T	C	T	8268	HG006_all_regions	HG006_chr1.633434.634463|HISEQ1:65:HB7ACADXX:1:1113:4524:43966	HG006_chr1.633434.634463|HISEQ1:65:HB7ACADXX:1:1113:4524:43966	158	8225.0	8381.0	best_hit_to_mtDNA	humanM
C	T	C	8271	HG006_all_regions	HG006_chr1.633434.634463|HISEQ1:65:HB7ACADXX:1:1113:4524:43966	HG006_chr1.633434.634463|HISEQ1:65:HB7ACADXX:1:1113:4524:43966	158	8225.0	8381.0	best_hit_to_mtDNA	humanM
C	T	C	8282	HG006_all_regions	HG006_chr1.633434.634463|HISEQ1:65:HB7ACADXX:1:1113:4524:43966	HG006_chr1.633434.634463|HISEQ1:65:HB7ACADXX:1:1113:4524:43966	158	8225.0	8381.0	best_hit_to_mtDNA	humanM
C	T	C	8283	HG006_all_regions	HG006_chr1.633434.634463|HISEQ1:65:HB7ACADXX:1:1113:4524:43966	HG006_chr1.633434.634463|HISEQ1:65:HB7ACADXX:1:1113:4524:43966	158	8225.0	8381.0	best_hit_to_mtDNA	humanM
-	T	-	8293	HG006_all_regions	HG006_chr1.633434.634463|HISEQ1:65:HB7ACADXX:1:1113:4524:43966	HG006_chr1.633434.634463|HISEQ1:65:HB7ACADXX:1:1113:4524:43966	158	8225.0	8381.0	best_hit_to_mtDNA	humanM
T	C	T	8297	HG006_all_regions	HG006_chr1.633434.634463|HISEQ1:65:HB7ACADXX:1:1113:4524:43966	HG006_chr1.633434.634463|HISEQ1:65:HB7ACADXX:1:1113:4524:43966	158	8225.0	8381.0	best_hit_to_mtDNA	humanM
C	T	C	8303	HG006_all_regions	HG006_chr1.633434.634463|HISEQ1:65:HB7ACADXX:1:1113:4524:43966	HG006_chr1.633434.634463|HISEQ1:65:HB7ACADXX:1:1113:4524:43966	158	8225.0	8381.0	best_hit_to_mtDNA	humanM
T	C	T	8319	HG006_all_regions	HG006_chr1.633434.634463|HISEQ1:65:HB7ACADXX:1:1113:4524:43966	HG006_chr1.633434.634463|HISEQ1:65:HB7ACADXX:1:1113:4524:43966	158	8225.0	8381.0	best_hit_to_mtDNA	humanM
A	G	A	8352	HG006_all_regions	HG006_chr1.633434.634463|HISEQ1:65:HB7ACADXX:1:1113:4524:43966	HG006_chr1.633434.634463|HISEQ1:65:HB7ACADXX:1:1113:4524:43966	158	8225.0	8381.0	best_hit_to_mtDNA	humanM
A	G	A	8356	HG006_all_regions	HG006_chr1.633434.634463|HISEQ1:65:HB7ACADXX:1:1113:4524:43966	HG006_chr1.633434.634463|HISEQ1:65:HB7ACADXX:1:1113:4524:43966	158	8225.0	8381.0	best_hit_to_mtDNA	humanM
T	C	T	8235	HG006_all_regions	HG006_chr1.633434.634463|HISEQ1:60:HB6D7ADXX:1:2215:12147:90242	HG006_chr1.633434.634463|HISEQ1:60:HB6D7ADXX:1:2215:12147:90242	158	8227.0	8382.0	best_hit_to_mtDNA	humanM
C	T	C	8238	HG006_all_regions	HG006_chr1.633434.634463|HISEQ1:60:HB6D7ADXX:1:2215:12147:90242	HG006_chr1.633434.634463|HISEQ1:60:HB6D7ADXX:1:2215:12147:90242	158	8227.0	8382.0	best_hit_to_mtDNA	humanM
G	A	G	8259	HG006_all_regions	HG006_chr1.633434.634463|HISEQ1:60:HB6D7ADXX:1:2215:12147:90242	HG006_chr1.633434.634463|HISEQ1:60:HB6D7ADXX:1:2215:12147:90242	158	8227.0	8382.0	best_hit_to_mtDNA	humanM
T	C	T	8268	HG006_all_regions	HG006_chr1.633434.634463|HISEQ1:60:HB6D7ADXX:1:2215:12147:90242	HG006_chr1.633434.634463|HISEQ1:60:HB6D7ADXX:1:2215:12147:90242	158	8227.0	8382.0	best_hit_to_mtDNA	humanM
C	T	C	8271	HG006_all_regions	HG006_chr1.633434.634463|HISEQ1:60:HB6D7ADXX:1:2215:12147:90242	HG006_chr1.633434.634463|HISEQ1:60:HB6D7ADXX:1:2215:12147:90242	158	8227.0	8382.0	best_hit_to_mtDNA	humanM
C	T	C	8282	HG006_all_regions	HG006_chr1.633434.634463|HISEQ1:60:HB6D7ADXX:1:2215:12147:90242	HG006_chr1.633434.634463|HISEQ1:60:HB6D7ADXX:1:2215:12147:90242	158	8227.0	8382.0	best_hit_to_mtDNA	humanM
C	T	C	8283	HG006_all_regions	HG006_chr1.633434.634463|HISEQ1:60:HB6D7ADXX:1:2215:12147:90242	HG006_chr1.633434.634463|HISEQ1:60:HB6D7ADXX:1:2215:12147:90242	158	8227.0	8382.0	best_hit_to_mtDNA	humanM
-	T	-	8293	HG006_all_regions	HG006_chr1.633434.634463|HISEQ1:60:HB6D7ADXX:1:2215:12147:90242	HG006_chr1.633434.634463|HISEQ1:60:HB6D7ADXX:1:2215:12147:90242	158	8227.0	8382.0	best_hit_to_mtDNA	humanM
T	C	T	8297	HG006_all_regions	HG006_chr1.633434.634463|HISEQ1:60:HB6D7ADXX:1:2215:12147:90242	HG006_chr1.633434.634463|HISEQ1:60:HB6D7ADXX:1:2215:12147:90242	158	8227.0	8382.0	best_hit_to_mtDNA	humanM
C	T	C	8303	HG006_all_regions	HG006_chr1.633434.634463|HISEQ1:60:HB6D7ADXX:1:2215:12147:90242	HG006_chr1.633434.634463|HISEQ1:60:HB6D7ADXX:1:2215:12147:90242	158	8227.0	8382.0	best_hit_to_mtDNA	humanM
T	C	T	8319	HG006_all_regions	HG006_chr1.633434.634463|HISEQ1:60:HB6D7ADXX:1:2215:12147:90242	HG006_chr1.633434.634463|HISEQ1:60:HB6D7ADXX:1:2215:12147:90242	158	8227.0	8382.0	best_hit_to_mtDNA	humanM
A	G	A	8352	HG006_all_regions	HG006_chr1.633434.634463|HISEQ1:60:HB6D7ADXX:1:2215:12147:90242	HG006_chr1.633434.634463|HISEQ1:60:HB6D7ADXX:1:2215:12147:90242	158	8227.0	8382.0	best_hit_to_mtDNA	humanM
A	G	A	8356	HG006_all_regions	HG006_chr1.633434.634463|HISEQ1:60:HB6D7ADXX:1:2215:12147:90242	HG006_chr1.633434.634463|HISEQ1:60:HB6D7ADXX:1:2215:12147:90242	158	8227.0	8382.0	best_hit_to_mtDNA	humanM
C	T	C	8238	HG006_all_regions	HG006_chr1.633434.634463|HISEQ1:62:HB657ADXX:2:1201:8315:92962	HG006_chr1.633434.634463|HISEQ1:62:HB657ADXX:2:1201:8315:92962	158	8229.0	8385.0	best_hit_to_mtDNA	humanM
G	A	G	8259	HG006_all_regions	HG006_chr1.633434.634463|HISEQ1:62:HB657ADXX:2:1201:8315:92962	HG006_chr1.633434.634463|HISEQ1:62:HB657ADXX:2:1201:8315:92962	158	8229.0	8385.0	best_hit_to_mtDNA	humanM
T	C	T	8268	HG006_all_regions	HG006_chr1.633434.634463|HISEQ1:62:HB657ADXX:2:1201:8315:92962	HG006_chr1.633434.634463|HISEQ1:62:HB657ADXX:2:1201:8315:92962	158	8229.0	8385.0	best_hit_to_mtDNA	humanM
C	T	C	8271	HG006_all_regions	HG006_chr1.633434.634463|HISEQ1:62:HB657ADXX:2:1201:8315:92962	HG006_chr1.633434.634463|HISEQ1:62:HB657ADXX:2:1201:8315:92962	158	8229.0	8385.0	best_hit_to_mtDNA	humanM
C	T	C	8282	HG006_all_regions	HG006_chr1.633434.634463|HISEQ1:62:HB657ADXX:2:1201:8315:92962	HG006_chr1.633434.634463|HISEQ1:62:HB657ADXX:2:1201:8315:92962	158	8229.0	8385.0	best_hit_to_mtDNA	humanM
C	T	C	8283	HG006_all_regions	HG006_chr1.633434.634463|HISEQ1:62:HB657ADXX:2:1201:8315:92962	HG006_chr1.633434.634463|HISEQ1:62:HB657ADXX:2:1201:8315:92962	158	8229.0	8385.0	best_hit_to_mtDNA	humanM
-	T	-	8293	HG006_all_regions	HG006_chr1.633434.634463|HISEQ1:62:HB657ADXX:2:1201:8315:92962	HG006_chr1.633434.634463|HISEQ1:62:HB657ADXX:2:1201:8315:92962	158	8229.0	8385.0	best_hit_to_mtDNA	humanM
T	C	T	8297	HG006_all_regions	HG006_chr1.633434.634463|HISEQ1:62:HB657ADXX:2:1201:8315:92962	HG006_chr1.633434.634463|HISEQ1:62:HB657ADXX:2:1201:8315:92962	158	8229.0	8385.0	best_hit_to_mtDNA	humanM
C	T	C	8303	HG006_all_regions	HG006_chr1.633434.634463|HISEQ1:62:HB657ADXX:2:1201:8315:92962	HG006_chr1.633434.634463|HISEQ1:62:HB657ADXX:2:1201:8315:92962	158	8229.0	8385.0	best_hit_to_mtDNA	humanM
T	C	T	8319	HG006_all_regions	HG006_chr1.633434.634463|HISEQ1:62:HB657ADXX:2:1201:8315:92962	HG006_chr1.633434.634463|HISEQ1:62:HB657ADXX:2:1201:8315:92962	158	8229.0	8385.0	best_hit_to_mtDNA	humanM
A	G	A	8352	HG006_all_regions	HG006_chr1.633434.634463|HISEQ1:62:HB657ADXX:2:1201:8315:92962	HG006_chr1.633434.634463|HISEQ1:62:HB657ADXX:2:1201:8315:92962	158	8229.0	8385.0	best_hit_to_mtDNA	humanM
A	G	A	8356	HG006_all_regions	HG006_chr1.633434.634463|HISEQ1:62:HB657ADXX:2:1201:8315:92962	HG006_chr1.633434.634463|HISEQ1:62:HB657ADXX:2:1201:8315:92962	158	8229.0	8385.0	best_hit_to_mtDNA	humanM
C	T	C	8238	HG006_all_regions	HG006_chr1.633434.634463|HISEQ1:65:HB7ACADXX:2:2109:1693:100089	HG006_chr1.633434.634463|HISEQ1:65:HB7ACADXX:2:2109:1693:100089	158	8230.0	8386.0	best_hit_to_mtDNA	humanM
G	A	G	8259	HG006_all_regions	HG006_chr1.633434.634463|HISEQ1:65:HB7ACADXX:2:2109:1693:100089	HG006_chr1.633434.634463|HISEQ1:65:HB7ACADXX:2:2109:1693:100089	158	8230.0	8386.0	best_hit_to_mtDNA	humanM
T	C	T	8268	HG006_all_regions	HG006_chr1.633434.634463|HISEQ1:65:HB7ACADXX:2:2109:1693:100089	HG006_chr1.633434.634463|HISEQ1:65:HB7ACADXX:2:2109:1693:100089	158	8230.0	8386.0	best_hit_to_mtDNA	humanM
C	T	C	8271	HG006_all_regions	HG006_chr1.633434.634463|HISEQ1:65:HB7ACADXX:2:2109:1693:100089	HG006_chr1.633434.634463|HISEQ1:65:HB7ACADXX:2:2109:1693:100089	158	8230.0	8386.0	best_hit_to_mtDNA	humanM
C	T	C	8282	HG006_all_regions	HG006_chr1.633434.634463|HISEQ1:65:HB7ACADXX:2:2109:1693:100089	HG006_chr1.633434.634463|HISEQ1:65:HB7ACADXX:2:2109:1693:100089	158	8230.0	8386.0	best_hit_to_mtDNA	humanM
C	T	C	8283	HG006_all_regions	HG006_chr1.633434.634463|HISEQ1:65:HB7ACADXX:2:2109:1693:100089	HG006_chr1.633434.634463|HISEQ1:65:HB7ACADXX:2:2109:1693:100089	158	8230.0	8386.0	best_hit_to_mtDNA	humanM
-	T	-	8293	HG006_all_regions	HG006_chr1.633434.634463|HISEQ1:65:HB7ACADXX:2:2109:1693:100089	HG006_chr1.633434.634463|HISEQ1:65:HB7ACADXX:2:2109:1693:100089	158	8230.0	8386.0	best_hit_to_mtDNA	humanM
T	C	T	8297	HG006_all_regions	HG006_chr1.633434.634463|HISEQ1:65:HB7ACADXX:2:2109:1693:100089	HG006_chr1.633434.634463|HISEQ1:65:HB7ACADXX:2:2109:1693:100089	158	8230.0	8386.0	best_hit_to_mtDNA	humanM
C	T	C	8303	HG006_all_regions	HG006_chr1.633434.634463|HISEQ1:65:HB7ACADXX:2:2109:1693:100089	HG006_chr1.633434.634463|HISEQ1:65:HB7ACADXX:2:2109:1693:100089	158	8230.0	8386.0	best_hit_to_mtDNA	humanM
T	C	T	8319	HG006_all_regions	HG006_chr1.633434.634463|HISEQ1:65:HB7ACADXX:2:2109:1693:100089	HG006_chr1.633434.634463|HISEQ1:65:HB7ACADXX:2:2109:1693:100089	158	8230.0	8386.0	best_hit_to_mtDNA	humanM
A	G	A	8352	HG006_all_regions	HG006_chr1.633434.634463|HISEQ1:65:HB7ACADXX:2:2109:1693:100089	HG006_chr1.633434.634463|HISEQ1:65:HB7ACADXX:2:2109:1693:100089	158	8230.0	8386.0	best_hit_to_mtDNA	humanM
A	G	A	8356	HG006_all_regions	HG006_chr1.633434.634463|HISEQ1:65:HB7ACADXX:2:2109:1693:100089	HG006_chr1.633434.634463|HISEQ1:65:HB7ACADXX:2:2109:1693:100089	158	8230.0	8386.0	best_hit_to_mtDNA	humanM
G	A	G	8259	HG006_all_regions	HG006_chr1.633434.634463|HISEQ1:62:HB657ADXX:1:2203:17291:3305	HG006_chr1.633434.634463|HISEQ1:62:HB657ADXX:1:2203:17291:3305	158	8233.0	8389.0	best_hit_to_mtDNA	humanM
T	C	T	8268	HG006_all_regions	HG006_chr1.633434.634463|HISEQ1:62:HB657ADXX:1:2203:17291:3305	HG006_chr1.633434.634463|HISEQ1:62:HB657ADXX:1:2203:17291:3305	158	8233.0	8389.0	best_hit_to_mtDNA	humanM
C	T	C	8271	HG006_all_regions	HG006_chr1.633434.634463|HISEQ1:62:HB657ADXX:1:2203:17291:3305	HG006_chr1.633434.634463|HISEQ1:62:HB657ADXX:1:2203:17291:3305	158	8233.0	8389.0	best_hit_to_mtDNA	humanM
C	T	C	8282	HG006_all_regions	HG006_chr1.633434.634463|HISEQ1:62:HB657ADXX:1:2203:17291:3305	HG006_chr1.633434.634463|HISEQ1:62:HB657ADXX:1:2203:17291:3305	158	8233.0	8389.0	best_hit_to_mtDNA	humanM
C	T	C	8283	HG006_all_regions	HG006_chr1.633434.634463|HISEQ1:62:HB657ADXX:1:2203:17291:3305	HG006_chr1.633434.634463|HISEQ1:62:HB657ADXX:1:2203:17291:3305	158	8233.0	8389.0	best_hit_to_mtDNA	humanM
-	T	-	8293	HG006_all_regions	HG006_chr1.633434.634463|HISEQ1:62:HB657ADXX:1:2203:17291:3305	HG006_chr1.633434.634463|HISEQ1:62:HB657ADXX:1:2203:17291:3305	158	8233.0	8389.0	best_hit_to_mtDNA	humanM
T	C	T	8297	HG006_all_regions	HG006_chr1.633434.634463|HISEQ1:62:HB657ADXX:1:2203:17291:3305	HG006_chr1.633434.634463|HISEQ1:62:HB657ADXX:1:2203:17291:3305	158	8233.0	8389.0	best_hit_to_mtDNA	humanM
C	T	C	8303	HG006_all_regions	HG006_chr1.633434.634463|HISEQ1:62:HB657ADXX:1:2203:17291:3305	HG006_chr1.633434.634463|HISEQ1:62:HB657ADXX:1:2203:17291:3305	158	8233.0	8389.0	best_hit_to_mtDNA	humanM
T	C	T	8319	HG006_all_regions	HG006_chr1.633434.634463|HISEQ1:62:HB657ADXX:1:2203:17291:3305	HG006_chr1.633434.634463|HISEQ1:62:HB657ADXX:1:2203:17291:3305	158	8233.0	8389.0	best_hit_to_mtDNA	humanM
A	G	A	8352	HG006_all_regions	HG006_chr1.633434.634463|HISEQ1:62:HB657ADXX:1:2203:17291:3305	HG006_chr1.633434.634463|HISEQ1:62:HB657ADXX:1:2203:17291:3305	158	8233.0	8389.0	best_hit_to_mtDNA	humanM
A	G	A	8356	HG006_all_regions	HG006_chr1.633434.634463|HISEQ1:62:HB657ADXX:1:2203:17291:3305	HG006_chr1.633434.634463|HISEQ1:62:HB657ADXX:1:2203:17291:3305	158	8233.0	8389.0	best_hit_to_mtDNA	humanM
G	A	G	8259	HG006_all_regions	HG006_chr1.633434.634463|HISEQ1:60:HB6D7ADXX:2:1105:9906:87325	HG006_chr1.633434.634463|HISEQ1:60:HB6D7ADXX:2:1105:9906:87325	158	8235.0	8391.0	best_hit_to_mtDNA	humanM
T	C	T	8268	HG006_all_regions	HG006_chr1.633434.634463|HISEQ1:60:HB6D7ADXX:2:1105:9906:87325	HG006_chr1.633434.634463|HISEQ1:60:HB6D7ADXX:2:1105:9906:87325	158	8235.0	8391.0	best_hit_to_mtDNA	humanM
C	T	C	8271	HG006_all_regions	HG006_chr1.633434.634463|HISEQ1:60:HB6D7ADXX:2:1105:9906:87325	HG006_chr1.633434.634463|HISEQ1:60:HB6D7ADXX:2:1105:9906:87325	158	8235.0	8391.0	best_hit_to_mtDNA	humanM
C	T	C	8282	HG006_all_regions	HG006_chr1.633434.634463|HISEQ1:60:HB6D7ADXX:2:1105:9906:87325	HG006_chr1.633434.634463|HISEQ1:60:HB6D7ADXX:2:1105:9906:87325	158	8235.0	8391.0	best_hit_to_mtDNA	humanM
C	T	C	8283	HG006_all_regions	HG006_chr1.633434.634463|HISEQ1:60:HB6D7ADXX:2:1105:9906:87325	HG006_chr1.633434.634463|HISEQ1:60:HB6D7ADXX:2:1105:9906:87325	158	8235.0	8391.0	best_hit_to_mtDNA	humanM
-	T	-	8293	HG006_all_regions	HG006_chr1.633434.634463|HISEQ1:60:HB6D7ADXX:2:1105:9906:87325	HG006_chr1.633434.634463|HISEQ1:60:HB6D7ADXX:2:1105:9906:87325	158	8235.0	8391.0	best_hit_to_mtDNA	humanM
T	C	T	8297	HG006_all_regions	HG006_chr1.633434.634463|HISEQ1:60:HB6D7ADXX:2:1105:9906:87325	HG006_chr1.633434.634463|HISEQ1:60:HB6D7ADXX:2:1105:9906:87325	158	8235.0	8391.0	best_hit_to_mtDNA	humanM
C	T	C	8303	HG006_all_regions	HG006_chr1.633434.634463|HISEQ1:60:HB6D7ADXX:2:1105:9906:87325	HG006_chr1.633434.634463|HISEQ1:60:HB6D7ADXX:2:1105:9906:87325	158	8235.0	8391.0	best_hit_to_mtDNA	humanM
T	C	T	8319	HG006_all_regions	HG006_chr1.633434.634463|HISEQ1:60:HB6D7ADXX:2:1105:9906:87325	HG006_chr1.633434.634463|HISEQ1:60:HB6D7ADXX:2:1105:9906:87325	158	8235.0	8391.0	best_hit_to_mtDNA	humanM
A	G	A	8352	HG006_all_regions	HG006_chr1.633434.634463|HISEQ1:60:HB6D7ADXX:2:1105:9906:87325	HG006_chr1.633434.634463|HISEQ1:60:HB6D7ADXX:2:1105:9906:87325	158	8235.0	8391.0	best_hit_to_mtDNA	humanM
A	G	A	8356	HG006_all_regions	HG006_chr1.633434.634463|HISEQ1:60:HB6D7ADXX:2:1105:9906:87325	HG006_chr1.633434.634463|HISEQ1:60:HB6D7ADXX:2:1105:9906:87325	158	8235.0	8391.0	best_hit_to_mtDNA	humanM
G	A	G	8259	HG006_all_regions	HG006_chr1.633434.634463|HISEQ1:60:HB6D7ADXX:2:2102:16973:12714	HG006_chr1.633434.634463|HISEQ1:60:HB6D7ADXX:2:2102:16973:12714	158	8242.0	8398.0	best_hit_to_mtDNA	humanM
T	C	-	8268	HG006_all_regions	HG006_chr1.633434.634463|HISEQ1:60:HB6D7ADXX:2:2102:16973:12714	HG006_chr1.633434.634463|HISEQ1:60:HB6D7ADXX:2:2102:16973:12714	158	8242.0	8398.0	best_hit_to_mtDNA	none
C	T	C	8271	HG006_all_regions	HG006_chr1.633434.634463|HISEQ1:60:HB6D7ADXX:2:2102:16973:12714	HG006_chr1.633434.634463|HISEQ1:60:HB6D7ADXX:2:2102:16973:12714	158	8242.0	8398.0	best_hit_to_mtDNA	humanM
C	T	C	8282	HG006_all_regions	HG006_chr1.633434.634463|HISEQ1:60:HB6D7ADXX:2:2102:16973:12714	HG006_chr1.633434.634463|HISEQ1:60:HB6D7ADXX:2:2102:16973:12714	158	8242.0	8398.0	best_hit_to_mtDNA	humanM
C	T	A	8283	HG006_all_regions	HG006_chr1.633434.634463|HISEQ1:60:HB6D7ADXX:2:2102:16973:12714	HG006_chr1.633434.634463|HISEQ1:60:HB6D7ADXX:2:2102:16973:12714	158	8242.0	8398.0	best_hit_to_mtDNA	none
-	T	-	8293	HG006_all_regions	HG006_chr1.633434.634463|HISEQ1:60:HB6D7ADXX:2:2102:16973:12714	HG006_chr1.633434.634463|HISEQ1:60:HB6D7ADXX:2:2102:16973:12714	158	8242.0	8398.0	best_hit_to_mtDNA	humanM
T	C	T	8297	HG006_all_regions	HG006_chr1.633434.634463|HISEQ1:60:HB6D7ADXX:2:2102:16973:12714	HG006_chr1.633434.634463|HISEQ1:60:HB6D7ADXX:2:2102:16973:12714	158	8242.0	8398.0	best_hit_to_mtDNA	humanM
C	T	C	8303	HG006_all_regions	HG006_chr1.633434.634463|HISEQ1:60:HB6D7ADXX:2:2102:16973:12714	HG006_chr1.633434.634463|HISEQ1:60:HB6D7ADXX:2:2102:16973:12714	158	8242.0	8398.0	best_hit_to_mtDNA	humanM
T	C	T	8319	HG006_all_regions	HG006_chr1.633434.634463|HISEQ1:60:HB6D7ADXX:2:2102:16973:12714	HG006_chr1.633434.634463|HISEQ1:60:HB6D7ADXX:2:2102:16973:12714	158	8242.0	8398.0	best_hit_to_mtDNA	humanM
A	G	A	8352	HG006_all_regions	HG006_chr1.633434.634463|HISEQ1:60:HB6D7ADXX:2:2102:16973:12714	HG006_chr1.633434.634463|HISEQ1:60:HB6D7ADXX:2:2102:16973:12714	158	8242.0	8398.0	best_hit_to_mtDNA	humanM
A	G	A	8356	HG006_all_regions	HG006_chr1.633434.634463|HISEQ1:60:HB6D7ADXX:2:2102:16973:12714	HG006_chr1.633434.634463|HISEQ1:60:HB6D7ADXX:2:2102:16973:12714	158	8242.0	8398.0	best_hit_to_mtDNA	humanM
T	C	T	8392	HG006_all_regions	HG006_chr1.633434.634463|HISEQ1:60:HB6D7ADXX:2:2102:16973:12714	HG006_chr1.633434.634463|HISEQ1:60:HB6D7ADXX:2:2102:16973:12714	158	8242.0	8398.0	best_hit_to_mtDNA	humanM
A	G	A	8393	HG006_all_regions	HG006_chr1.633434.634463|HISEQ1:60:HB6D7ADXX:2:2102:16973:12714	HG006_chr1.633434.634463|HISEQ1:60:HB6D7ADXX:2:2102:16973:12714	158	8242.0	8398.0	best_hit_to_mtDNA	humanM
G	A	G	8259	HG006_all_regions	HG006_chr1.633434.634463|HISEQ1:60:HB6D7ADXX:2:2108:7443:62520	HG006_chr1.633434.634463|HISEQ1:60:HB6D7ADXX:2:2108:7443:62520	158	8244.0	8400.0	best_hit_to_mtDNA	humanM
T	C	T	8268	HG006_all_regions	HG006_chr1.633434.634463|HISEQ1:60:HB6D7ADXX:2:2108:7443:62520	HG006_chr1.633434.634463|HISEQ1:60:HB6D7ADXX:2:2108:7443:62520	158	8244.0	8400.0	best_hit_to_mtDNA	humanM
C	T	-	8271	HG006_all_regions	HG006_chr1.633434.634463|HISEQ1:60:HB6D7ADXX:2:2108:7443:62520	HG006_chr1.633434.634463|HISEQ1:60:HB6D7ADXX:2:2108:7443:62520	158	8244.0	8400.0	best_hit_to_mtDNA	none
C	T	T	8282	HG006_all_regions	HG006_chr1.633434.634463|HISEQ1:60:HB6D7ADXX:2:2108:7443:62520	HG006_chr1.633434.634463|HISEQ1:60:HB6D7ADXX:2:2108:7443:62520	158	8244.0	8400.0	best_hit_to_mtDNA	chimpM
C	T	A	8283	HG006_all_regions	HG006_chr1.633434.634463|HISEQ1:60:HB6D7ADXX:2:2108:7443:62520	HG006_chr1.633434.634463|HISEQ1:60:HB6D7ADXX:2:2108:7443:62520	158	8244.0	8400.0	best_hit_to_mtDNA	none
-	T	-	8293	HG006_all_regions	HG006_chr1.633434.634463|HISEQ1:60:HB6D7ADXX:2:2108:7443:62520	HG006_chr1.633434.634463|HISEQ1:60:HB6D7ADXX:2:2108:7443:62520	158	8244.0	8400.0	best_hit_to_mtDNA	humanM
T	C	T	8297	HG006_all_regions	HG006_chr1.633434.634463|HISEQ1:60:HB6D7ADXX:2:2108:7443:62520	HG006_chr1.633434.634463|HISEQ1:60:HB6D7ADXX:2:2108:7443:62520	158	8244.0	8400.0	best_hit_to_mtDNA	humanM
C	T	C	8303	HG006_all_regions	HG006_chr1.633434.634463|HISEQ1:60:HB6D7ADXX:2:2108:7443:62520	HG006_chr1.633434.634463|HISEQ1:60:HB6D7ADXX:2:2108:7443:62520	158	8244.0	8400.0	best_hit_to_mtDNA	humanM
T	C	T	8319	HG006_all_regions	HG006_chr1.633434.634463|HISEQ1:60:HB6D7ADXX:2:2108:7443:62520	HG006_chr1.633434.634463|HISEQ1:60:HB6D7ADXX:2:2108:7443:62520	158	8244.0	8400.0	best_hit_to_mtDNA	humanM
A	G	A	8352	HG006_all_regions	HG006_chr1.633434.634463|HISEQ1:60:HB6D7ADXX:2:2108:7443:62520	HG006_chr1.633434.634463|HISEQ1:60:HB6D7ADXX:2:2108:7443:62520	158	8244.0	8400.0	best_hit_to_mtDNA	humanM
A	G	A	8356	HG006_all_regions	HG006_chr1.633434.634463|HISEQ1:60:HB6D7ADXX:2:2108:7443:62520	HG006_chr1.633434.634463|HISEQ1:60:HB6D7ADXX:2:2108:7443:62520	158	8244.0	8400.0	best_hit_to_mtDNA	humanM
T	C	T	8392	HG006_all_regions	HG006_chr1.633434.634463|HISEQ1:60:HB6D7ADXX:2:2108:7443:62520	HG006_chr1.633434.634463|HISEQ1:60:HB6D7ADXX:2:2108:7443:62520	158	8244.0	8400.0	best_hit_to_mtDNA	humanM
A	G	A	8393	HG006_all_regions	HG006_chr1.633434.634463|HISEQ1:60:HB6D7ADXX:2:2108:7443:62520	HG006_chr1.633434.634463|HISEQ1:60:HB6D7ADXX:2:2108:7443:62520	158	8244.0	8400.0	best_hit_to_mtDNA	humanM
C	T	T	8282	HG006_all_regions	HG006_chr1.633434.634463|HISEQ1:58:HB675ADXX:2:1116:6617:42041	HG006_chr1.633434.634463|HISEQ1:58:HB675ADXX:2:1116:6617:42041	149	8263.0	8419.0	best_hit_to_mtDNA	chimpM
C	T	A	8283	HG006_all_regions	HG006_chr1.633434.634463|HISEQ1:58:HB675ADXX:2:1116:6617:42041	HG006_chr1.633434.634463|HISEQ1:58:HB675ADXX:2:1116:6617:42041	149	8263.0	8419.0	best_hit_to_mtDNA	none
-	T	-	8293	HG006_all_regions	HG006_chr1.633434.634463|HISEQ1:58:HB675ADXX:2:1116:6617:42041	HG006_chr1.633434.634463|HISEQ1:58:HB675ADXX:2:1116:6617:42041	149	8263.0	8419.0	best_hit_to_mtDNA	humanM
T	C	T	8297	HG006_all_regions	HG006_chr1.633434.634463|HISEQ1:58:HB675ADXX:2:1116:6617:42041	HG006_chr1.633434.634463|HISEQ1:58:HB675ADXX:2:1116:6617:42041	149	8263.0	8419.0	best_hit_to_mtDNA	humanM
C	T	C	8303	HG006_all_regions	HG006_chr1.633434.634463|HISEQ1:58:HB675ADXX:2:1116:6617:42041	HG006_chr1.633434.634463|HISEQ1:58:HB675ADXX:2:1116:6617:42041	149	8263.0	8419.0	best_hit_to_mtDNA	humanM
T	C	T	8319	HG006_all_regions	HG006_chr1.633434.634463|HISEQ1:58:HB675ADXX:2:1116:6617:42041	HG006_chr1.633434.634463|HISEQ1:58:HB675ADXX:2:1116:6617:42041	149	8263.0	8419.0	best_hit_to_mtDNA	humanM
A	G	A	8352	HG006_all_regions	HG006_chr1.633434.634463|HISEQ1:58:HB675ADXX:2:1116:6617:42041	HG006_chr1.633434.634463|HISEQ1:58:HB675ADXX:2:1116:6617:42041	149	8263.0	8419.0	best_hit_to_mtDNA	humanM
A	G	A	8356	HG006_all_regions	HG006_chr1.633434.634463|HISEQ1:58:HB675ADXX:2:1116:6617:42041	HG006_chr1.633434.634463|HISEQ1:58:HB675ADXX:2:1116:6617:42041	149	8263.0	8419.0	best_hit_to_mtDNA	humanM
T	C	T	8392	HG006_all_regions	HG006_chr1.633434.634463|HISEQ1:58:HB675ADXX:2:1116:6617:42041	HG006_chr1.633434.634463|HISEQ1:58:HB675ADXX:2:1116:6617:42041	149	8263.0	8419.0	best_hit_to_mtDNA	humanM
A	G	A	8393	HG006_all_regions	HG006_chr1.633434.634463|HISEQ1:58:HB675ADXX:2:1116:6617:42041	HG006_chr1.633434.634463|HISEQ1:58:HB675ADXX:2:1116:6617:42041	149	8263.0	8419.0	best_hit_to_mtDNA	humanM
G	A	G	8401	HG006_all_regions	HG006_chr1.633434.634463|HISEQ1:58:HB675ADXX:2:1116:6617:42041	HG006_chr1.633434.634463|HISEQ1:58:HB675ADXX:2:1116:6617:42041	149	8263.0	8419.0	best_hit_to_mtDNA	humanM
-	T	-	8293	HG006_all_regions	HG006_chr1.633434.634463|HISEQ1:58:HB675ADXX:2:2104:13728:46132	HG006_chr1.633434.634463|HISEQ1:58:HB675ADXX:2:2104:13728:46132	149	8279.0	8425.0	best_hit_to_mtDNA	humanM
T	C	T	8297	HG006_all_regions	HG006_chr1.633434.634463|HISEQ1:58:HB675ADXX:2:2104:13728:46132	HG006_chr1.633434.634463|HISEQ1:58:HB675ADXX:2:2104:13728:46132	149	8279.0	8425.0	best_hit_to_mtDNA	humanM
C	T	C	8303	HG006_all_regions	HG006_chr1.633434.634463|HISEQ1:58:HB675ADXX:2:2104:13728:46132	HG006_chr1.633434.634463|HISEQ1:58:HB675ADXX:2:2104:13728:46132	149	8279.0	8425.0	best_hit_to_mtDNA	humanM
T	C	T	8319	HG006_all_regions	HG006_chr1.633434.634463|HISEQ1:58:HB675ADXX:2:2104:13728:46132	HG006_chr1.633434.634463|HISEQ1:58:HB675ADXX:2:2104:13728:46132	149	8279.0	8425.0	best_hit_to_mtDNA	humanM
A	G	A	8352	HG006_all_regions	HG006_chr1.633434.634463|HISEQ1:58:HB675ADXX:2:2104:13728:46132	HG006_chr1.633434.634463|HISEQ1:58:HB675ADXX:2:2104:13728:46132	149	8279.0	8425.0	best_hit_to_mtDNA	humanM
A	G	A	8356	HG006_all_regions	HG006_chr1.633434.634463|HISEQ1:58:HB675ADXX:2:2104:13728:46132	HG006_chr1.633434.634463|HISEQ1:58:HB675ADXX:2:2104:13728:46132	149	8279.0	8425.0	best_hit_to_mtDNA	humanM
T	C	T	8392	HG006_all_regions	HG006_chr1.633434.634463|HISEQ1:58:HB675ADXX:2:2104:13728:46132	HG006_chr1.633434.634463|HISEQ1:58:HB675ADXX:2:2104:13728:46132	149	8279.0	8425.0	best_hit_to_mtDNA	humanM
A	G	A	8393	HG006_all_regions	HG006_chr1.633434.634463|HISEQ1:58:HB675ADXX:2:2104:13728:46132	HG006_chr1.633434.634463|HISEQ1:58:HB675ADXX:2:2104:13728:46132	149	8279.0	8425.0	best_hit_to_mtDNA	humanM
G	A	G	8401	HG006_all_regions	HG006_chr1.633434.634463|HISEQ1:58:HB675ADXX:2:2104:13728:46132	HG006_chr1.633434.634463|HISEQ1:58:HB675ADXX:2:2104:13728:46132	149	8279.0	8425.0	best_hit_to_mtDNA	humanM
T	C	T	8319	HG006_all_regions	HG006_chr1.633434.634463|HISEQ1:62:HB657ADXX:1:1205:9697:44594	HG006_chr1.633434.634463|HISEQ1:62:HB657ADXX:1:1205:9697:44594	148	8310.0	8457.0	best_hit_to_mtDNA	humanM
A	G	A	8352	HG006_all_regions	HG006_chr1.633434.634463|HISEQ1:62:HB657ADXX:1:1205:9697:44594	HG006_chr1.633434.634463|HISEQ1:62:HB657ADXX:1:1205:9697:44594	148	8310.0	8457.0	best_hit_to_mtDNA	humanM
A	G	A	8356	HG006_all_regions	HG006_chr1.633434.634463|HISEQ1:62:HB657ADXX:1:1205:9697:44594	HG006_chr1.633434.634463|HISEQ1:62:HB657ADXX:1:1205:9697:44594	148	8310.0	8457.0	best_hit_to_mtDNA	humanM
T	C	T	8392	HG006_all_regions	HG006_chr1.633434.634463|HISEQ1:62:HB657ADXX:1:1205:9697:44594	HG006_chr1.633434.634463|HISEQ1:62:HB657ADXX:1:1205:9697:44594	148	8310.0	8457.0	best_hit_to_mtDNA	humanM
A	G	A	8393	HG006_all_regions	HG006_chr1.633434.634463|HISEQ1:62:HB657ADXX:1:1205:9697:44594	HG006_chr1.633434.634463|HISEQ1:62:HB657ADXX:1:1205:9697:44594	148	8310.0	8457.0	best_hit_to_mtDNA	humanM
G	A	G	8401	HG006_all_regions	HG006_chr1.633434.634463|HISEQ1:62:HB657ADXX:1:1205:9697:44594	HG006_chr1.633434.634463|HISEQ1:62:HB657ADXX:1:1205:9697:44594	148	8310.0	8457.0	best_hit_to_mtDNA	humanM
T	G	T	8428	HG006_all_regions	HG006_chr1.633434.634463|HISEQ1:62:HB657ADXX:1:1205:9697:44594	HG006_chr1.633434.634463|HISEQ1:62:HB657ADXX:1:1205:9697:44594	148	8310.0	8457.0	best_hit_to_mtDNA	humanM
C	T	C	8437	HG006_all_regions	HG006_chr1.633434.634463|HISEQ1:62:HB657ADXX:1:1205:9697:44594	HG006_chr1.633434.634463|HISEQ1:62:HB657ADXX:1:1205:9697:44594	148	8310.0	8457.0	best_hit_to_mtDNA	humanM
A	G	A	8441	HG006_all_regions	HG006_chr1.633434.634463|HISEQ1:62:HB657ADXX:1:1205:9697:44594	HG006_chr1.633434.634463|HISEQ1:62:HB657ADXX:1:1205:9697:44594	148	8310.0	8457.0	best_hit_to_mtDNA	humanM
C	T	T	8584	HG006_all_regions	HG006_chr1.633434.634463|HISEQ1:58:HB675ADXX:2:1105:2846:26013	HG006_chr1.633434.634463|HISEQ1:58:HB675ADXX:2:1105:2846:26013	148	8576.0	8609.0	best_hit_to_mtDNA	chimpM
G	A	G	8601	HG006_all_regions	HG006_chr1.633434.634463|HISEQ1:58:HB675ADXX:2:1105:2846:26013	HG006_chr1.633434.634463|HISEQ1:58:HB675ADXX:2:1105:2846:26013	148	8576.0	8609.0	best_hit_to_mtDNA	humanM
G	A	A	8773	HG006_all_regions	HG006_chr1.633434.634463|HISEQ1:65:HB7ACADXX:2:1202:4987:17265	HG006_chr1.633434.634463|HISEQ1:65:HB7ACADXX:2:1202:4987:17265	148	8765.0	8911.0	best_hit_to_mtDNA	chimpM
T	C	T	8781	HG006_all_regions	HG006_chr1.633434.634463|HISEQ1:65:HB7ACADXX:2:1202:4987:17265	HG006_chr1.633434.634463|HISEQ1:65:HB7ACADXX:2:1202:4987:17265	148	8765.0	8911.0	best_hit_to_mtDNA	humanM
C	T	C	8784	HG006_all_regions	HG006_chr1.633434.634463|HISEQ1:65:HB7ACADXX:2:1202:4987:17265	HG006_chr1.633434.634463|HISEQ1:65:HB7ACADXX:2:1202:4987:17265	148	8765.0	8911.0	best_hit_to_mtDNA	humanM
C	T	C	8787	HG006_all_regions	HG006_chr1.633434.634463|HISEQ1:65:HB7ACADXX:2:1202:4987:17265	HG006_chr1.633434.634463|HISEQ1:65:HB7ACADXX:2:1202:4987:17265	148	8765.0	8911.0	best_hit_to_mtDNA	humanM
C	T	C	8790	HG006_all_regions	HG006_chr1.633434.634463|HISEQ1:65:HB7ACADXX:2:1202:4987:17265	HG006_chr1.633434.634463|HISEQ1:65:HB7ACADXX:2:1202:4987:17265	148	8765.0	8911.0	best_hit_to_mtDNA	humanM
A	G	A	8793	HG006_all_regions	HG006_chr1.633434.634463|HISEQ1:65:HB7ACADXX:2:1202:4987:17265	HG006_chr1.633434.634463|HISEQ1:65:HB7ACADXX:2:1202:4987:17265	148	8765.0	8911.0	best_hit_to_mtDNA	humanM
C	T	C	8796	HG006_all_regions	HG006_chr1.633434.634463|HISEQ1:65:HB7ACADXX:2:1202:4987:17265	HG006_chr1.633434.634463|HISEQ1:65:HB7ACADXX:2:1202:4987:17265	148	8765.0	8911.0	best_hit_to_mtDNA	humanM
G	A	G	8799	HG006_all_regions	HG006_chr1.633434.634463|HISEQ1:65:HB7ACADXX:2:1202:4987:17265	HG006_chr1.633434.634463|HISEQ1:65:HB7ACADXX:2:1202:4987:17265	148	8765.0	8911.0	best_hit_to_mtDNA	humanM
T	C	T	8802	HG006_all_regions	HG006_chr1.633434.634463|HISEQ1:65:HB7ACADXX:2:1202:4987:17265	HG006_chr1.633434.634463|HISEQ1:65:HB7ACADXX:2:1202:4987:17265	148	8765.0	8911.0	best_hit_to_mtDNA	humanM
T	C	T	8811	HG006_all_regions	HG006_chr1.633434.634463|HISEQ1:65:HB7ACADXX:2:1202:4987:17265	HG006_chr1.633434.634463|HISEQ1:65:HB7ACADXX:2:1202:4987:17265	148	8765.0	8911.0	best_hit_to_mtDNA	humanM
C	T	C	8850	HG006_all_regions	HG006_chr1.633434.634463|HISEQ1:65:HB7ACADXX:2:1202:4987:17265	HG006_chr1.633434.634463|HISEQ1:65:HB7ACADXX:2:1202:4987:17265	148	8765.0	8911.0	best_hit_to_mtDNA	humanM
T	C	T	8857	HG006_all_regions	HG006_chr1.633434.634463|HISEQ1:65:HB7ACADXX:2:1202:4987:17265	HG006_chr1.633434.634463|HISEQ1:65:HB7ACADXX:2:1202:4987:17265	148	8765.0	8911.0	best_hit_to_mtDNA	humanM
G	A	G	8865	HG006_all_regions	HG006_chr1.633434.634463|HISEQ1:65:HB7ACADXX:2:1202:4987:17265	HG006_chr1.633434.634463|HISEQ1:65:HB7ACADXX:2:1202:4987:17265	148	8765.0	8911.0	best_hit_to_mtDNA	humanM
A	G	G	8869	HG006_all_regions	HG006_chr1.633434.634463|HISEQ1:65:HB7ACADXX:2:1202:4987:17265	HG006_chr1.633434.634463|HISEQ1:65:HB7ACADXX:2:1202:4987:17265	148	8765.0	8911.0	best_hit_to_mtDNA	chimpM
G	A	G	8874	HG006_all_regions	HG006_chr1.633434.634463|HISEQ1:65:HB7ACADXX:2:1202:4987:17265	HG006_chr1.633434.634463|HISEQ1:65:HB7ACADXX:2:1202:4987:17265	148	8765.0	8911.0	best_hit_to_mtDNA	humanM
A	G	A	8875	HG006_all_regions	HG006_chr1.633434.634463|HISEQ1:65:HB7ACADXX:2:1202:4987:17265	HG006_chr1.633434.634463|HISEQ1:65:HB7ACADXX:2:1202:4987:17265	148	8765.0	8911.0	best_hit_to_mtDNA	humanM
T	C	T	8877	HG006_all_regions	HG006_chr1.633434.634463|HISEQ1:65:HB7ACADXX:2:1202:4987:17265	HG006_chr1.633434.634463|HISEQ1:65:HB7ACADXX:2:1202:4987:17265	148	8765.0	8911.0	best_hit_to_mtDNA	humanM
C	T	C	8891	HG006_all_regions	HG006_chr1.633434.634463|HISEQ1:65:HB7ACADXX:2:1202:4987:17265	HG006_chr1.633434.634463|HISEQ1:65:HB7ACADXX:2:1202:4987:17265	148	8765.0	8911.0	best_hit_to_mtDNA	humanM
T	C	T	8897	HG006_all_regions	HG006_chr1.633434.634463|HISEQ1:65:HB7ACADXX:2:1202:4987:17265	HG006_chr1.633434.634463|HISEQ1:65:HB7ACADXX:2:1202:4987:17265	148	8765.0	8911.0	best_hit_to_mtDNA	humanM
C	T	C	8787	HG006_all_regions	HG006_chr1.633434.634463|HISEQ1:65:HB7ACADXX:2:2113:1284:35260	HG006_chr1.633434.634463|HISEQ1:65:HB7ACADXX:2:2113:1284:35260	148	8778.0	8924.0	best_hit_to_mtDNA	humanM
C	T	C	8790	HG006_all_regions	HG006_chr1.633434.634463|HISEQ1:65:HB7ACADXX:2:2113:1284:35260	HG006_chr1.633434.634463|HISEQ1:65:HB7ACADXX:2:2113:1284:35260	148	8778.0	8924.0	best_hit_to_mtDNA	humanM
A	G	A	8793	HG006_all_regions	HG006_chr1.633434.634463|HISEQ1:65:HB7ACADXX:2:2113:1284:35260	HG006_chr1.633434.634463|HISEQ1:65:HB7ACADXX:2:2113:1284:35260	148	8778.0	8924.0	best_hit_to_mtDNA	humanM
C	T	C	8796	HG006_all_regions	HG006_chr1.633434.634463|HISEQ1:65:HB7ACADXX:2:2113:1284:35260	HG006_chr1.633434.634463|HISEQ1:65:HB7ACADXX:2:2113:1284:35260	148	8778.0	8924.0	best_hit_to_mtDNA	humanM
G	A	G	8799	HG006_all_regions	HG006_chr1.633434.634463|HISEQ1:65:HB7ACADXX:2:2113:1284:35260	HG006_chr1.633434.634463|HISEQ1:65:HB7ACADXX:2:2113:1284:35260	148	8778.0	8924.0	best_hit_to_mtDNA	humanM
T	C	T	8802	HG006_all_regions	HG006_chr1.633434.634463|HISEQ1:65:HB7ACADXX:2:2113:1284:35260	HG006_chr1.633434.634463|HISEQ1:65:HB7ACADXX:2:2113:1284:35260	148	8778.0	8924.0	best_hit_to_mtDNA	humanM
T	C	T	8811	HG006_all_regions	HG006_chr1.633434.634463|HISEQ1:65:HB7ACADXX:2:2113:1284:35260	HG006_chr1.633434.634463|HISEQ1:65:HB7ACADXX:2:2113:1284:35260	148	8778.0	8924.0	best_hit_to_mtDNA	humanM
C	T	C	8850	HG006_all_regions	HG006_chr1.633434.634463|HISEQ1:65:HB7ACADXX:2:2113:1284:35260	HG006_chr1.633434.634463|HISEQ1:65:HB7ACADXX:2:2113:1284:35260	148	8778.0	8924.0	best_hit_to_mtDNA	humanM
T	C	T	8857	HG006_all_regions	HG006_chr1.633434.634463|HISEQ1:65:HB7ACADXX:2:2113:1284:35260	HG006_chr1.633434.634463|HISEQ1:65:HB7ACADXX:2:2113:1284:35260	148	8778.0	8924.0	best_hit_to_mtDNA	humanM
G	A	T	8865	HG006_all_regions	HG006_chr1.633434.634463|HISEQ1:65:HB7ACADXX:2:2113:1284:35260	HG006_chr1.633434.634463|HISEQ1:65:HB7ACADXX:2:2113:1284:35260	148	8778.0	8924.0	best_hit_to_mtDNA	none
A	G	G	8869	HG006_all_regions	HG006_chr1.633434.634463|HISEQ1:65:HB7ACADXX:2:2113:1284:35260	HG006_chr1.633434.634463|HISEQ1:65:HB7ACADXX:2:2113:1284:35260	148	8778.0	8924.0	best_hit_to_mtDNA	chimpM
G	A	G	8874	HG006_all_regions	HG006_chr1.633434.634463|HISEQ1:65:HB7ACADXX:2:2113:1284:35260	HG006_chr1.633434.634463|HISEQ1:65:HB7ACADXX:2:2113:1284:35260	148	8778.0	8924.0	best_hit_to_mtDNA	humanM
A	G	A	8875	HG006_all_regions	HG006_chr1.633434.634463|HISEQ1:65:HB7ACADXX:2:2113:1284:35260	HG006_chr1.633434.634463|HISEQ1:65:HB7ACADXX:2:2113:1284:35260	148	8778.0	8924.0	best_hit_to_mtDNA	humanM
T	C	T	8877	HG006_all_regions	HG006_chr1.633434.634463|HISEQ1:65:HB7ACADXX:2:2113:1284:35260	HG006_chr1.633434.634463|HISEQ1:65:HB7ACADXX:2:2113:1284:35260	148	8778.0	8924.0	best_hit_to_mtDNA	humanM
C	T	C	8891	HG006_all_regions	HG006_chr1.633434.634463|HISEQ1:65:HB7ACADXX:2:2113:1284:35260	HG006_chr1.633434.634463|HISEQ1:65:HB7ACADXX:2:2113:1284:35260	148	8778.0	8924.0	best_hit_to_mtDNA	humanM
T	C	T	8897	HG006_all_regions	HG006_chr1.633434.634463|HISEQ1:65:HB7ACADXX:2:2113:1284:35260	HG006_chr1.633434.634463|HISEQ1:65:HB7ACADXX:2:2113:1284:35260	148	8778.0	8924.0	best_hit_to_mtDNA	humanM
T	C	T	8811	HG006_all_regions	HG006_chr1.633434.634463|HISEQ1:58:HB675ADXX:2:2105:21149:83947	HG006_chr1.633434.634463|HISEQ1:58:HB675ADXX:2:2105:21149:83947	148	8798.0	8945.0	best_hit_to_mtDNA	humanM
C	T	C	8850	HG006_all_regions	HG006_chr1.633434.634463|HISEQ1:58:HB675ADXX:2:2105:21149:83947	HG006_chr1.633434.634463|HISEQ1:58:HB675ADXX:2:2105:21149:83947	148	8798.0	8945.0	best_hit_to_mtDNA	humanM
T	C	T	8857	HG006_all_regions	HG006_chr1.633434.634463|HISEQ1:58:HB675ADXX:2:2105:21149:83947	HG006_chr1.633434.634463|HISEQ1:58:HB675ADXX:2:2105:21149:83947	148	8798.0	8945.0	best_hit_to_mtDNA	humanM
G	A	T	8865	HG006_all_regions	HG006_chr1.633434.634463|HISEQ1:58:HB675ADXX:2:2105:21149:83947	HG006_chr1.633434.634463|HISEQ1:58:HB675ADXX:2:2105:21149:83947	148	8798.0	8945.0	best_hit_to_mtDNA	none
A	G	G	8869	HG006_all_regions	HG006_chr1.633434.634463|HISEQ1:58:HB675ADXX:2:2105:21149:83947	HG006_chr1.633434.634463|HISEQ1:58:HB675ADXX:2:2105:21149:83947	148	8798.0	8945.0	best_hit_to_mtDNA	chimpM
G	A	G	8874	HG006_all_regions	HG006_chr1.633434.634463|HISEQ1:58:HB675ADXX:2:2105:21149:83947	HG006_chr1.633434.634463|HISEQ1:58:HB675ADXX:2:2105:21149:83947	148	8798.0	8945.0	best_hit_to_mtDNA	humanM
A	G	A	8875	HG006_all_regions	HG006_chr1.633434.634463|HISEQ1:58:HB675ADXX:2:2105:21149:83947	HG006_chr1.633434.634463|HISEQ1:58:HB675ADXX:2:2105:21149:83947	148	8798.0	8945.0	best_hit_to_mtDNA	humanM
T	C	T	8877	HG006_all_regions	HG006_chr1.633434.634463|HISEQ1:58:HB675ADXX:2:2105:21149:83947	HG006_chr1.633434.634463|HISEQ1:58:HB675ADXX:2:2105:21149:83947	148	8798.0	8945.0	best_hit_to_mtDNA	humanM
C	T	C	8891	HG006_all_regions	HG006_chr1.633434.634463|HISEQ1:58:HB675ADXX:2:2105:21149:83947	HG006_chr1.633434.634463|HISEQ1:58:HB675ADXX:2:2105:21149:83947	148	8798.0	8945.0	best_hit_to_mtDNA	humanM
T	C	T	8897	HG006_all_regions	HG006_chr1.633434.634463|HISEQ1:58:HB675ADXX:2:2105:21149:83947	HG006_chr1.633434.634463|HISEQ1:58:HB675ADXX:2:2105:21149:83947	148	8798.0	8945.0	best_hit_to_mtDNA	humanM
A	G	A	8925	HG006_all_regions	HG006_chr1.633434.634463|HISEQ1:58:HB675ADXX:2:2105:21149:83947	HG006_chr1.633434.634463|HISEQ1:58:HB675ADXX:2:2105:21149:83947	148	8798.0	8945.0	best_hit_to_mtDNA	humanM
C	T	C	8850	HG006_all_regions	HG006_chr1.633434.634463|HISEQ1:65:HB7ACADXX:2:1108:8441:84882	HG006_chr1.633434.634463|HISEQ1:65:HB7ACADXX:2:1108:8441:84882	148	8818.0	8938.0	best_hit_to_mtDNA	humanM
T	C	T	8857	HG006_all_regions	HG006_chr1.633434.634463|HISEQ1:65:HB7ACADXX:2:1108:8441:84882	HG006_chr1.633434.634463|HISEQ1:65:HB7ACADXX:2:1108:8441:84882	148	8818.0	8938.0	best_hit_to_mtDNA	humanM
G	A	G	8865	HG006_all_regions	HG006_chr1.633434.634463|HISEQ1:65:HB7ACADXX:2:1108:8441:84882	HG006_chr1.633434.634463|HISEQ1:65:HB7ACADXX:2:1108:8441:84882	148	8818.0	8938.0	best_hit_to_mtDNA	humanM
A	G	G	8869	HG006_all_regions	HG006_chr1.633434.634463|HISEQ1:65:HB7ACADXX:2:1108:8441:84882	HG006_chr1.633434.634463|HISEQ1:65:HB7ACADXX:2:1108:8441:84882	148	8818.0	8938.0	best_hit_to_mtDNA	chimpM
G	A	G	8874	HG006_all_regions	HG006_chr1.633434.634463|HISEQ1:65:HB7ACADXX:2:1108:8441:84882	HG006_chr1.633434.634463|HISEQ1:65:HB7ACADXX:2:1108:8441:84882	148	8818.0	8938.0	best_hit_to_mtDNA	humanM
A	G	A	8875	HG006_all_regions	HG006_chr1.633434.634463|HISEQ1:65:HB7ACADXX:2:1108:8441:84882	HG006_chr1.633434.634463|HISEQ1:65:HB7ACADXX:2:1108:8441:84882	148	8818.0	8938.0	best_hit_to_mtDNA	humanM
T	C	T	8877	HG006_all_regions	HG006_chr1.633434.634463|HISEQ1:65:HB7ACADXX:2:1108:8441:84882	HG006_chr1.633434.634463|HISEQ1:65:HB7ACADXX:2:1108:8441:84882	148	8818.0	8938.0	best_hit_to_mtDNA	humanM
C	T	C	8891	HG006_all_regions	HG006_chr1.633434.634463|HISEQ1:65:HB7ACADXX:2:1108:8441:84882	HG006_chr1.633434.634463|HISEQ1:65:HB7ACADXX:2:1108:8441:84882	148	8818.0	8938.0	best_hit_to_mtDNA	humanM
T	C	T	8897	HG006_all_regions	HG006_chr1.633434.634463|HISEQ1:65:HB7ACADXX:2:1108:8441:84882	HG006_chr1.633434.634463|HISEQ1:65:HB7ACADXX:2:1108:8441:84882	148	8818.0	8938.0	best_hit_to_mtDNA	humanM
A	G	A	8925	HG006_all_regions	HG006_chr1.633434.634463|HISEQ1:65:HB7ACADXX:2:1108:8441:84882	HG006_chr1.633434.634463|HISEQ1:65:HB7ACADXX:2:1108:8441:84882	148	8818.0	8938.0	best_hit_to_mtDNA	humanM
C	T	C	8850	HG006_all_regions	HG006_chr1.633434.634463|HISEQ1:65:HB7ACADXX:2:1108:8441:84882	HG006_chr1.633434.634463|HISEQ1:65:HB7ACADXX:2:1108:8441:84882	148	8818.0	8938.0	best_hit_to_mtDNA	humanM
T	C	T	8857	HG006_all_regions	HG006_chr1.633434.634463|HISEQ1:65:HB7ACADXX:2:1108:8441:84882	HG006_chr1.633434.634463|HISEQ1:65:HB7ACADXX:2:1108:8441:84882	148	8818.0	8938.0	best_hit_to_mtDNA	humanM
G	A	G	8865	HG006_all_regions	HG006_chr1.633434.634463|HISEQ1:65:HB7ACADXX:2:1108:8441:84882	HG006_chr1.633434.634463|HISEQ1:65:HB7ACADXX:2:1108:8441:84882	148	8818.0	8938.0	best_hit_to_mtDNA	humanM
A	G	G	8869	HG006_all_regions	HG006_chr1.633434.634463|HISEQ1:65:HB7ACADXX:2:1108:8441:84882	HG006_chr1.633434.634463|HISEQ1:65:HB7ACADXX:2:1108:8441:84882	148	8818.0	8938.0	best_hit_to_mtDNA	chimpM
G	A	G	8874	HG006_all_regions	HG006_chr1.633434.634463|HISEQ1:65:HB7ACADXX:2:1108:8441:84882	HG006_chr1.633434.634463|HISEQ1:65:HB7ACADXX:2:1108:8441:84882	148	8818.0	8938.0	best_hit_to_mtDNA	humanM
A	G	A	8875	HG006_all_regions	HG006_chr1.633434.634463|HISEQ1:65:HB7ACADXX:2:1108:8441:84882	HG006_chr1.633434.634463|HISEQ1:65:HB7ACADXX:2:1108:8441:84882	148	8818.0	8938.0	best_hit_to_mtDNA	humanM
T	C	T	8877	HG006_all_regions	HG006_chr1.633434.634463|HISEQ1:65:HB7ACADXX:2:1108:8441:84882	HG006_chr1.633434.634463|HISEQ1:65:HB7ACADXX:2:1108:8441:84882	148	8818.0	8938.0	best_hit_to_mtDNA	humanM
C	T	C	8891	HG006_all_regions	HG006_chr1.633434.634463|HISEQ1:65:HB7ACADXX:2:1108:8441:84882	HG006_chr1.633434.634463|HISEQ1:65:HB7ACADXX:2:1108:8441:84882	148	8818.0	8938.0	best_hit_to_mtDNA	humanM
T	C	T	8897	HG006_all_regions	HG006_chr1.633434.634463|HISEQ1:65:HB7ACADXX:2:1108:8441:84882	HG006_chr1.633434.634463|HISEQ1:65:HB7ACADXX:2:1108:8441:84882	148	8818.0	8938.0	best_hit_to_mtDNA	humanM
A	G	A	8925	HG006_all_regions	HG006_chr1.633434.634463|HISEQ1:65:HB7ACADXX:2:1108:8441:84882	HG006_chr1.633434.634463|HISEQ1:65:HB7ACADXX:2:1108:8441:84882	148	8818.0	8938.0	best_hit_to_mtDNA	humanM
C	T	C	9108	HG006_all_regions	HG006_chr1.633434.634463|HISEQ1:65:HB7ACADXX:2:2105:7658:25058	HG006_chr1.633434.634463|HISEQ1:65:HB7ACADXX:2:2105:7658:25058	148	9107.0	9239.0	best_hit_to_mtDNA	humanM
T	C	T	9126	HG006_all_regions	HG006_chr1.633434.634463|HISEQ1:65:HB7ACADXX:2:2105:7658:25058	HG006_chr1.633434.634463|HISEQ1:65:HB7ACADXX:2:2105:7658:25058	148	9107.0	9239.0	best_hit_to_mtDNA	humanM
C	T	C	9138	HG006_all_regions	HG006_chr1.633434.634463|HISEQ1:65:HB7ACADXX:2:2105:7658:25058	HG006_chr1.633434.634463|HISEQ1:65:HB7ACADXX:2:2105:7658:25058	148	9107.0	9239.0	best_hit_to_mtDNA	humanM
A	G	A	9144	HG006_all_regions	HG006_chr1.633434.634463|HISEQ1:65:HB7ACADXX:2:2105:7658:25058	HG006_chr1.633434.634463|HISEQ1:65:HB7ACADXX:2:2105:7658:25058	148	9107.0	9239.0	best_hit_to_mtDNA	humanM
T	C	T	9150	HG006_all_regions	HG006_chr1.633434.634463|HISEQ1:65:HB7ACADXX:2:2105:7658:25058	HG006_chr1.633434.634463|HISEQ1:65:HB7ACADXX:2:2105:7658:25058	148	9107.0	9239.0	best_hit_to_mtDNA	humanM
C	T	C	9177	HG006_all_regions	HG006_chr1.633434.634463|HISEQ1:65:HB7ACADXX:2:2105:7658:25058	HG006_chr1.633434.634463|HISEQ1:65:HB7ACADXX:2:2105:7658:25058	148	9107.0	9239.0	best_hit_to_mtDNA	humanM
A	G	A	9189	HG006_all_regions	HG006_chr1.633434.634463|HISEQ1:65:HB7ACADXX:2:2105:7658:25058	HG006_chr1.633434.634463|HISEQ1:65:HB7ACADXX:2:2105:7658:25058	148	9107.0	9239.0	best_hit_to_mtDNA	humanM
C	T	C	9177	HG006_all_regions	HG006_chr1.633434.634463|HISEQ1:60:HB6D7ADXX:1:2105:15789:80683	HG006_chr1.633434.634463|HISEQ1:60:HB6D7ADXX:1:2105:15789:80683	148	9152.0	9298.0	best_hit_to_mtDNA	humanM
A	G	A	9189	HG006_all_regions	HG006_chr1.633434.634463|HISEQ1:60:HB6D7ADXX:1:2105:15789:80683	HG006_chr1.633434.634463|HISEQ1:60:HB6D7ADXX:1:2105:15789:80683	148	9152.0	9298.0	best_hit_to_mtDNA	humanM
T	C	T	9239	HG006_all_regions	HG006_chr1.633434.634463|HISEQ1:60:HB6D7ADXX:1:2105:15789:80683	HG006_chr1.633434.634463|HISEQ1:60:HB6D7ADXX:1:2105:15789:80683	148	9152.0	9298.0	best_hit_to_mtDNA	humanM
T	C	T	9242	HG006_all_regions	HG006_chr1.633434.634463|HISEQ1:60:HB6D7ADXX:1:2105:15789:80683	HG006_chr1.633434.634463|HISEQ1:60:HB6D7ADXX:1:2105:15789:80683	148	9152.0	9298.0	best_hit_to_mtDNA	humanM
A	G	A	9284	HG006_all_regions	HG006_chr1.633434.634463|HISEQ1:60:HB6D7ADXX:1:2105:15789:80683	HG006_chr1.633434.634463|HISEQ1:60:HB6D7ADXX:1:2105:15789:80683	148	9152.0	9298.0	best_hit_to_mtDNA	humanM
G	A	G	9296	HG006_all_regions	HG006_chr1.633434.634463|HISEQ1:60:HB6D7ADXX:1:2105:15789:80683	HG006_chr1.633434.634463|HISEQ1:60:HB6D7ADXX:1:2105:15789:80683	148	9152.0	9298.0	best_hit_to_mtDNA	humanM
A	-	A	21	HG006_all_regions	HG006_chr11.49861573.49862793|HISEQ1:60:HB6D7ADXX:2:1101:5223:72166	HG006_chr11.49861573.49862793|HISEQ1:60:HB6D7ADXX:2:1101:5223:72166	10808	20.0	61.0	best_hit_to_mtDNA	humanM
T	-	T	22	HG006_all_regions	HG006_chr11.49861573.49862793|HISEQ1:60:HB6D7ADXX:2:1101:5223:72166	HG006_chr11.49861573.49862793|HISEQ1:60:HB6D7ADXX:2:1101:5223:72166	10808	20.0	61.0	best_hit_to_mtDNA	humanM
T	-	T	23	HG006_all_regions	HG006_chr11.49861573.49862793|HISEQ1:60:HB6D7ADXX:2:1101:5223:72166	HG006_chr11.49861573.49862793|HISEQ1:60:HB6D7ADXX:2:1101:5223:72166	10808	20.0	61.0	best_hit_to_mtDNA	humanM
A	-	A	24	HG006_all_regions	HG006_chr11.49861573.49862793|HISEQ1:60:HB6D7ADXX:2:1101:5223:72166	HG006_chr11.49861573.49862793|HISEQ1:60:HB6D7ADXX:2:1101:5223:72166	10808	20.0	61.0	best_hit_to_mtDNA	humanM
A	-	A	25	HG006_all_regions	HG006_chr11.49861573.49862793|HISEQ1:60:HB6D7ADXX:2:1101:5223:72166	HG006_chr11.49861573.49862793|HISEQ1:60:HB6D7ADXX:2:1101:5223:72166	10808	20.0	61.0	best_hit_to_mtDNA	humanM
C	-	C	26	HG006_all_regions	HG006_chr11.49861573.49862793|HISEQ1:60:HB6D7ADXX:2:1101:5223:72166	HG006_chr11.49861573.49862793|HISEQ1:60:HB6D7ADXX:2:1101:5223:72166	10808	20.0	61.0	best_hit_to_mtDNA	humanM
C	-	C	27	HG006_all_regions	HG006_chr11.49861573.49862793|HISEQ1:60:HB6D7ADXX:2:1101:5223:72166	HG006_chr11.49861573.49862793|HISEQ1:60:HB6D7ADXX:2:1101:5223:72166	10808	20.0	61.0	best_hit_to_mtDNA	humanM
A	-	A	28	HG006_all_regions	HG006_chr11.49861573.49862793|HISEQ1:60:HB6D7ADXX:2:1101:5223:72166	HG006_chr11.49861573.49862793|HISEQ1:60:HB6D7ADXX:2:1101:5223:72166	10808	20.0	61.0	best_hit_to_mtDNA	humanM
C	-	C	29	HG006_all_regions	HG006_chr11.49861573.49862793|HISEQ1:60:HB6D7ADXX:2:1101:5223:72166	HG006_chr11.49861573.49862793|HISEQ1:60:HB6D7ADXX:2:1101:5223:72166	10808	20.0	61.0	best_hit_to_mtDNA	humanM
T	-	T	30	HG006_all_regions	HG006_chr11.49861573.49862793|HISEQ1:60:HB6D7ADXX:2:1101:5223:72166	HG006_chr11.49861573.49862793|HISEQ1:60:HB6D7ADXX:2:1101:5223:72166	10808	20.0	61.0	best_hit_to_mtDNA	humanM
C	-	C	31	HG006_all_regions	HG006_chr11.49861573.49862793|HISEQ1:60:HB6D7ADXX:2:1101:5223:72166	HG006_chr11.49861573.49862793|HISEQ1:60:HB6D7ADXX:2:1101:5223:72166	10808	20.0	61.0	best_hit_to_mtDNA	humanM
A	-	A	32	HG006_all_regions	HG006_chr11.49861573.49862793|HISEQ1:60:HB6D7ADXX:2:1101:5223:72166	HG006_chr11.49861573.49862793|HISEQ1:60:HB6D7ADXX:2:1101:5223:72166	10808	20.0	61.0	best_hit_to_mtDNA	humanM
C	-	C	33	HG006_all_regions	HG006_chr11.49861573.49862793|HISEQ1:60:HB6D7ADXX:2:1101:5223:72166	HG006_chr11.49861573.49862793|HISEQ1:60:HB6D7ADXX:2:1101:5223:72166	10808	20.0	61.0	best_hit_to_mtDNA	humanM
G	-	G	34	HG006_all_regions	HG006_chr11.49861573.49862793|HISEQ1:60:HB6D7ADXX:2:1101:5223:72166	HG006_chr11.49861573.49862793|HISEQ1:60:HB6D7ADXX:2:1101:5223:72166	10808	20.0	61.0	best_hit_to_mtDNA	humanM
G	-	G	35	HG006_all_regions	HG006_chr11.49861573.49862793|HISEQ1:60:HB6D7ADXX:2:1101:5223:72166	HG006_chr11.49861573.49862793|HISEQ1:60:HB6D7ADXX:2:1101:5223:72166	10808	20.0	61.0	best_hit_to_mtDNA	humanM
G	-	G	36	HG006_all_regions	HG006_chr11.49861573.49862793|HISEQ1:60:HB6D7ADXX:2:1101:5223:72166	HG006_chr11.49861573.49862793|HISEQ1:60:HB6D7ADXX:2:1101:5223:72166	10808	20.0	61.0	best_hit_to_mtDNA	humanM
A	-	A	37	HG006_all_regions	HG006_chr11.49861573.49862793|HISEQ1:60:HB6D7ADXX:2:1101:5223:72166	HG006_chr11.49861573.49862793|HISEQ1:60:HB6D7ADXX:2:1101:5223:72166	10808	20.0	61.0	best_hit_to_mtDNA	humanM
G	-	G	38	HG006_all_regions	HG006_chr11.49861573.49862793|HISEQ1:60:HB6D7ADXX:2:1101:5223:72166	HG006_chr11.49861573.49862793|HISEQ1:60:HB6D7ADXX:2:1101:5223:72166	10808	20.0	61.0	best_hit_to_mtDNA	humanM
C	-	C	39	HG006_all_regions	HG006_chr11.49861573.49862793|HISEQ1:60:HB6D7ADXX:2:1101:5223:72166	HG006_chr11.49861573.49862793|HISEQ1:60:HB6D7ADXX:2:1101:5223:72166	10808	20.0	61.0	best_hit_to_mtDNA	humanM
T	-	T	40	HG006_all_regions	HG006_chr11.49861573.49862793|HISEQ1:60:HB6D7ADXX:2:1101:5223:72166	HG006_chr11.49861573.49862793|HISEQ1:60:HB6D7ADXX:2:1101:5223:72166	10808	20.0	61.0	best_hit_to_mtDNA	humanM
C	-	C	41	HG006_all_regions	HG006_chr11.49861573.49862793|HISEQ1:60:HB6D7ADXX:2:1101:5223:72166	HG006_chr11.49861573.49862793|HISEQ1:60:HB6D7ADXX:2:1101:5223:72166	10808	20.0	61.0	best_hit_to_mtDNA	humanM
T	-	T	42	HG006_all_regions	HG006_chr11.49861573.49862793|HISEQ1:60:HB6D7ADXX:2:1101:5223:72166	HG006_chr11.49861573.49862793|HISEQ1:60:HB6D7ADXX:2:1101:5223:72166	10808	20.0	61.0	best_hit_to_mtDNA	humanM
C	-	C	43	HG006_all_regions	HG006_chr11.49861573.49862793|HISEQ1:60:HB6D7ADXX:2:1101:5223:72166	HG006_chr11.49861573.49862793|HISEQ1:60:HB6D7ADXX:2:1101:5223:72166	10808	20.0	61.0	best_hit_to_mtDNA	humanM
C	-	C	44	HG006_all_regions	HG006_chr11.49861573.49862793|HISEQ1:60:HB6D7ADXX:2:1101:5223:72166	HG006_chr11.49861573.49862793|HISEQ1:60:HB6D7ADXX:2:1101:5223:72166	10808	20.0	61.0	best_hit_to_mtDNA	humanM
A	-	A	45	HG006_all_regions	HG006_chr11.49861573.49862793|HISEQ1:60:HB6D7ADXX:2:1101:5223:72166	HG006_chr11.49861573.49862793|HISEQ1:60:HB6D7ADXX:2:1101:5223:72166	10808	20.0	61.0	best_hit_to_mtDNA	humanM
T	-	T	46	HG006_all_regions	HG006_chr11.49861573.49862793|HISEQ1:60:HB6D7ADXX:2:1101:5223:72166	HG006_chr11.49861573.49862793|HISEQ1:60:HB6D7ADXX:2:1101:5223:72166	10808	20.0	61.0	best_hit_to_mtDNA	humanM
G	-	G	47	HG006_all_regions	HG006_chr11.49861573.49862793|HISEQ1:60:HB6D7ADXX:2:1101:5223:72166	HG006_chr11.49861573.49862793|HISEQ1:60:HB6D7ADXX:2:1101:5223:72166	10808	20.0	61.0	best_hit_to_mtDNA	humanM
C	-	C	48	HG006_all_regions	HG006_chr11.49861573.49862793|HISEQ1:60:HB6D7ADXX:2:1101:5223:72166	HG006_chr11.49861573.49862793|HISEQ1:60:HB6D7ADXX:2:1101:5223:72166	10808	20.0	61.0	best_hit_to_mtDNA	humanM
A	-	A	49	HG006_all_regions	HG006_chr11.49861573.49862793|HISEQ1:60:HB6D7ADXX:2:1101:5223:72166	HG006_chr11.49861573.49862793|HISEQ1:60:HB6D7ADXX:2:1101:5223:72166	10808	20.0	61.0	best_hit_to_mtDNA	humanM
T	-	T	50	HG006_all_regions	HG006_chr11.49861573.49862793|HISEQ1:60:HB6D7ADXX:2:1101:5223:72166	HG006_chr11.49861573.49862793|HISEQ1:60:HB6D7ADXX:2:1101:5223:72166	10808	20.0	61.0	best_hit_to_mtDNA	humanM
T	-	T	51	HG006_all_regions	HG006_chr11.49861573.49862793|HISEQ1:60:HB6D7ADXX:2:1101:5223:72166	HG006_chr11.49861573.49862793|HISEQ1:60:HB6D7ADXX:2:1101:5223:72166	10808	20.0	61.0	best_hit_to_mtDNA	humanM
T	-	T	52	HG006_all_regions	HG006_chr11.49861573.49862793|HISEQ1:60:HB6D7ADXX:2:1101:5223:72166	HG006_chr11.49861573.49862793|HISEQ1:60:HB6D7ADXX:2:1101:5223:72166	10808	20.0	61.0	best_hit_to_mtDNA	humanM
G	-	G	53	HG006_all_regions	HG006_chr11.49861573.49862793|HISEQ1:60:HB6D7ADXX:2:1101:5223:72166	HG006_chr11.49861573.49862793|HISEQ1:60:HB6D7ADXX:2:1101:5223:72166	10808	20.0	61.0	best_hit_to_mtDNA	humanM
G	-	G	54	HG006_all_regions	HG006_chr11.49861573.49862793|HISEQ1:60:HB6D7ADXX:2:1101:5223:72166	HG006_chr11.49861573.49862793|HISEQ1:60:HB6D7ADXX:2:1101:5223:72166	10808	20.0	61.0	best_hit_to_mtDNA	humanM
T	-	T	55	HG006_all_regions	HG006_chr11.49861573.49862793|HISEQ1:60:HB6D7ADXX:2:1101:5223:72166	HG006_chr11.49861573.49862793|HISEQ1:60:HB6D7ADXX:2:1101:5223:72166	10808	20.0	61.0	best_hit_to_mtDNA	humanM
A	-	A	56	HG006_all_regions	HG006_chr11.49861573.49862793|HISEQ1:60:HB6D7ADXX:2:1101:5223:72166	HG006_chr11.49861573.49862793|HISEQ1:60:HB6D7ADXX:2:1101:5223:72166	10808	20.0	61.0	best_hit_to_mtDNA	humanM
T	-	T	57	HG006_all_regions	HG006_chr11.49861573.49862793|HISEQ1:60:HB6D7ADXX:2:1101:5223:72166	HG006_chr11.49861573.49862793|HISEQ1:60:HB6D7ADXX:2:1101:5223:72166	10808	20.0	61.0	best_hit_to_mtDNA	humanM
T	-	T	58	HG006_all_regions	HG006_chr11.49861573.49862793|HISEQ1:60:HB6D7ADXX:2:1101:5223:72166	HG006_chr11.49861573.49862793|HISEQ1:60:HB6D7ADXX:2:1101:5223:72166	10808	20.0	61.0	best_hit_to_mtDNA	humanM
T	-	T	59	HG006_all_regions	HG006_chr11.49861573.49862793|HISEQ1:60:HB6D7ADXX:2:1101:5223:72166	HG006_chr11.49861573.49862793|HISEQ1:60:HB6D7ADXX:2:1101:5223:72166	10808	20.0	61.0	best_hit_to_mtDNA	humanM
T	-	T	60	HG006_all_regions	HG006_chr11.49861573.49862793|HISEQ1:60:HB6D7ADXX:2:1101:5223:72166	HG006_chr11.49861573.49862793|HISEQ1:60:HB6D7ADXX:2:1101:5223:72166	10808	20.0	61.0	best_hit_to_mtDNA	humanM
C	A	C	16248	HG006_all_regions	HG006_chr11.49861573.49862793|HISEQ1:65:HB7ACADXX:2:2202:5531:46429	HG006_chr11.49861573.49862793|HISEQ1:65:HB7ACADXX:2:2202:5531:46429	148	16237.0	16384.0	best_hit_to_mtDNA	humanM
C	A	C	16251	HG006_all_regions	HG006_chr11.49861573.49862793|HISEQ1:65:HB7ACADXX:2:2202:5531:46429	HG006_chr11.49861573.49862793|HISEQ1:65:HB7ACADXX:2:2202:5531:46429	148	16237.0	16384.0	best_hit_to_mtDNA	humanM
T	C	T	16252	HG006_all_regions	HG006_chr11.49861573.49862793|HISEQ1:65:HB7ACADXX:2:2202:5531:46429	HG006_chr11.49861573.49862793|HISEQ1:65:HB7ACADXX:2:2202:5531:46429	148	16237.0	16384.0	best_hit_to_mtDNA	humanM
G	A	G	16253	HG006_all_regions	HG006_chr11.49861573.49862793|HISEQ1:65:HB7ACADXX:2:2202:5531:46429	HG006_chr11.49861573.49862793|HISEQ1:65:HB7ACADXX:2:2202:5531:46429	148	16237.0	16384.0	best_hit_to_mtDNA	humanM
C	T	C	16257	HG006_all_regions	HG006_chr11.49861573.49862793|HISEQ1:65:HB7ACADXX:2:2202:5531:46429	HG006_chr11.49861573.49862793|HISEQ1:65:HB7ACADXX:2:2202:5531:46429	148	16237.0	16384.0	best_hit_to_mtDNA	humanM
A	C	A	16263	HG006_all_regions	HG006_chr11.49861573.49862793|HISEQ1:65:HB7ACADXX:2:2202:5531:46429	HG006_chr11.49861573.49862793|HISEQ1:65:HB7ACADXX:2:2202:5531:46429	148	16237.0	16384.0	best_hit_to_mtDNA	humanM
C	A	C	16265	HG006_all_regions	HG006_chr11.49861573.49862793|HISEQ1:65:HB7ACADXX:2:2202:5531:46429	HG006_chr11.49861573.49862793|HISEQ1:65:HB7ACADXX:2:2202:5531:46429	148	16237.0	16384.0	best_hit_to_mtDNA	humanM
A	C	A	16274	HG006_all_regions	HG006_chr11.49861573.49862793|HISEQ1:65:HB7ACADXX:2:2202:5531:46429	HG006_chr11.49861573.49862793|HISEQ1:65:HB7ACADXX:2:2202:5531:46429	148	16237.0	16384.0	best_hit_to_mtDNA	humanM
T	C	T	16280	HG006_all_regions	HG006_chr11.49861573.49862793|HISEQ1:65:HB7ACADXX:2:2202:5531:46429	HG006_chr11.49861573.49862793|HISEQ1:65:HB7ACADXX:2:2202:5531:46429	148	16237.0	16384.0	best_hit_to_mtDNA	humanM
A	C	A	16281	HG006_all_regions	HG006_chr11.49861573.49862793|HISEQ1:65:HB7ACADXX:2:2202:5531:46429	HG006_chr11.49861573.49862793|HISEQ1:65:HB7ACADXX:2:2202:5531:46429	148	16237.0	16384.0	best_hit_to_mtDNA	humanM
G	C	G	16282	HG006_all_regions	HG006_chr11.49861573.49862793|HISEQ1:65:HB7ACADXX:2:2202:5531:46429	HG006_chr11.49861573.49862793|HISEQ1:65:HB7ACADXX:2:2202:5531:46429	148	16237.0	16384.0	best_hit_to_mtDNA	humanM
A	G	G	16293	HG006_all_regions	HG006_chr11.49861573.49862793|HISEQ1:65:HB7ACADXX:2:2202:5531:46429	HG006_chr11.49861573.49862793|HISEQ1:65:HB7ACADXX:2:2202:5531:46429	148	16237.0	16384.0	best_hit_to_mtDNA	chimpM
C	T	T	16299	HG006_all_regions	HG006_chr11.49861573.49862793|HISEQ1:65:HB7ACADXX:2:2202:5531:46429	HG006_chr11.49861573.49862793|HISEQ1:65:HB7ACADXX:2:2202:5531:46429	148	16237.0	16384.0	best_hit_to_mtDNA	chimpM
C	T	C	16301	HG006_all_regions	HG006_chr11.49861573.49862793|HISEQ1:65:HB7ACADXX:2:2202:5531:46429	HG006_chr11.49861573.49862793|HISEQ1:65:HB7ACADXX:2:2202:5531:46429	148	16237.0	16384.0	best_hit_to_mtDNA	humanM
A	C	C	16302	HG006_all_regions	HG006_chr11.49861573.49862793|HISEQ1:65:HB7ACADXX:2:2202:5531:46429	HG006_chr11.49861573.49862793|HISEQ1:65:HB7ACADXX:2:2202:5531:46429	148	16237.0	16384.0	best_hit_to_mtDNA	chimpM
A	G	A	16308	HG006_all_regions	HG006_chr11.49861573.49862793|HISEQ1:65:HB7ACADXX:2:2202:5531:46429	HG006_chr11.49861573.49862793|HISEQ1:65:HB7ACADXX:2:2202:5531:46429	148	16237.0	16384.0	best_hit_to_mtDNA	humanM
T	A	T	16313	HG006_all_regions	HG006_chr11.49861573.49862793|HISEQ1:65:HB7ACADXX:2:2202:5531:46429	HG006_chr11.49861573.49862793|HISEQ1:65:HB7ACADXX:2:2202:5531:46429	148	16237.0	16384.0	best_hit_to_mtDNA	humanM
A	C	A	16326	HG006_all_regions	HG006_chr11.49861573.49862793|HISEQ1:65:HB7ACADXX:2:2202:5531:46429	HG006_chr11.49861573.49862793|HISEQ1:65:HB7ACADXX:2:2202:5531:46429	148	16237.0	16384.0	best_hit_to_mtDNA	humanM
G	A	G	16328	HG006_all_regions	HG006_chr11.49861573.49862793|HISEQ1:65:HB7ACADXX:2:2202:5531:46429	HG006_chr11.49861573.49862793|HISEQ1:65:HB7ACADXX:2:2202:5531:46429	148	16237.0	16384.0	best_hit_to_mtDNA	humanM
T	A	T	16333	HG006_all_regions	HG006_chr11.49861573.49862793|HISEQ1:65:HB7ACADXX:2:2202:5531:46429	HG006_chr11.49861573.49862793|HISEQ1:65:HB7ACADXX:2:2202:5531:46429	148	16237.0	16384.0	best_hit_to_mtDNA	humanM
T	C	T	16334	HG006_all_regions	HG006_chr11.49861573.49862793|HISEQ1:65:HB7ACADXX:2:2202:5531:46429	HG006_chr11.49861573.49862793|HISEQ1:65:HB7ACADXX:2:2202:5531:46429	148	16237.0	16384.0	best_hit_to_mtDNA	humanM
T	C	T	16361	HG006_all_regions	HG006_chr11.49861573.49862793|HISEQ1:65:HB7ACADXX:2:2202:5531:46429	HG006_chr11.49861573.49862793|HISEQ1:65:HB7ACADXX:2:2202:5531:46429	148	16237.0	16384.0	best_hit_to_mtDNA	humanM
T	C	T	16366	HG006_all_regions	HG006_chr11.49861573.49862793|HISEQ1:65:HB7ACADXX:2:2202:5531:46429	HG006_chr11.49861573.49862793|HISEQ1:65:HB7ACADXX:2:2202:5531:46429	148	16237.0	16384.0	best_hit_to_mtDNA	humanM
T	C	T	16371	HG006_all_regions	HG006_chr11.49861573.49862793|HISEQ1:65:HB7ACADXX:2:2202:5531:46429	HG006_chr11.49861573.49862793|HISEQ1:65:HB7ACADXX:2:2202:5531:46429	148	16237.0	16384.0	best_hit_to_mtDNA	humanM
T	C	C	16377	HG006_all_regions	HG006_chr11.49861573.49862793|HISEQ1:65:HB7ACADXX:2:2202:5531:46429	HG006_chr11.49861573.49862793|HISEQ1:65:HB7ACADXX:2:2202:5531:46429	148	16237.0	16384.0	best_hit_to_mtDNA	chimpM
A	C	A	16383	HG006_all_regions	HG006_chr11.49861573.49862793|HISEQ1:65:HB7ACADXX:2:2202:5531:46429	HG006_chr11.49861573.49862793|HISEQ1:65:HB7ACADXX:2:2202:5531:46429	148	16237.0	16384.0	best_hit_to_mtDNA	humanM
A	C	A	16216	HG006_all_regions	HG006_chr11.49861573.49862793|HISEQ1:65:HB7ACADXX:2:2213:7934:88709	HG006_chr11.49861573.49862793|HISEQ1:65:HB7ACADXX:2:2213:7934:88709	148	16196.0	16343.0	best_hit_to_mtDNA	humanM
T	C	T	16218	HG006_all_regions	HG006_chr11.49861573.49862793|HISEQ1:65:HB7ACADXX:2:2213:7934:88709	HG006_chr11.49861573.49862793|HISEQ1:65:HB7ACADXX:2:2213:7934:88709	148	16196.0	16343.0	best_hit_to_mtDNA	humanM
G	A	G	16222	HG006_all_regions	HG006_chr11.49861573.49862793|HISEQ1:65:HB7ACADXX:2:2213:7934:88709	HG006_chr11.49861573.49862793|HISEQ1:65:HB7ACADXX:2:2213:7934:88709	148	16196.0	16343.0	best_hit_to_mtDNA	humanM
C	T	C	16231	HG006_all_regions	HG006_chr11.49861573.49862793|HISEQ1:65:HB7ACADXX:2:2213:7934:88709	HG006_chr11.49861573.49862793|HISEQ1:65:HB7ACADXX:2:2213:7934:88709	148	16196.0	16343.0	best_hit_to_mtDNA	humanM
T	C	T	16233	HG006_all_regions	HG006_chr11.49861573.49862793|HISEQ1:65:HB7ACADXX:2:2213:7934:88709	HG006_chr11.49861573.49862793|HISEQ1:65:HB7ACADXX:2:2213:7934:88709	148	16196.0	16343.0	best_hit_to_mtDNA	humanM
A	G	G	16239	HG006_all_regions	HG006_chr11.49861573.49862793|HISEQ1:65:HB7ACADXX:2:2213:7934:88709	HG006_chr11.49861573.49862793|HISEQ1:65:HB7ACADXX:2:2213:7934:88709	148	16196.0	16343.0	best_hit_to_mtDNA	chimpM
A	G	A	16242	HG006_all_regions	HG006_chr11.49861573.49862793|HISEQ1:65:HB7ACADXX:2:2213:7934:88709	HG006_chr11.49861573.49862793|HISEQ1:65:HB7ACADXX:2:2213:7934:88709	148	16196.0	16343.0	best_hit_to_mtDNA	humanM
C	A	C	16243	HG006_all_regions	HG006_chr11.49861573.49862793|HISEQ1:65:HB7ACADXX:2:2213:7934:88709	HG006_chr11.49861573.49862793|HISEQ1:65:HB7ACADXX:2:2213:7934:88709	148	16196.0	16343.0	best_hit_to_mtDNA	humanM
C	A	C	16248	HG006_all_regions	HG006_chr11.49861573.49862793|HISEQ1:65:HB7ACADXX:2:2213:7934:88709	HG006_chr11.49861573.49862793|HISEQ1:65:HB7ACADXX:2:2213:7934:88709	148	16196.0	16343.0	best_hit_to_mtDNA	humanM
C	A	C	16251	HG006_all_regions	HG006_chr11.49861573.49862793|HISEQ1:65:HB7ACADXX:2:2213:7934:88709	HG006_chr11.49861573.49862793|HISEQ1:65:HB7ACADXX:2:2213:7934:88709	148	16196.0	16343.0	best_hit_to_mtDNA	humanM
T	C	T	16252	HG006_all_regions	HG006_chr11.49861573.49862793|HISEQ1:65:HB7ACADXX:2:2213:7934:88709	HG006_chr11.49861573.49862793|HISEQ1:65:HB7ACADXX:2:2213:7934:88709	148	16196.0	16343.0	best_hit_to_mtDNA	humanM
G	A	G	16253	HG006_all_regions	HG006_chr11.49861573.49862793|HISEQ1:65:HB7ACADXX:2:2213:7934:88709	HG006_chr11.49861573.49862793|HISEQ1:65:HB7ACADXX:2:2213:7934:88709	148	16196.0	16343.0	best_hit_to_mtDNA	humanM
C	T	C	16257	HG006_all_regions	HG006_chr11.49861573.49862793|HISEQ1:65:HB7ACADXX:2:2213:7934:88709	HG006_chr11.49861573.49862793|HISEQ1:65:HB7ACADXX:2:2213:7934:88709	148	16196.0	16343.0	best_hit_to_mtDNA	humanM
A	C	A	16263	HG006_all_regions	HG006_chr11.49861573.49862793|HISEQ1:65:HB7ACADXX:2:2213:7934:88709	HG006_chr11.49861573.49862793|HISEQ1:65:HB7ACADXX:2:2213:7934:88709	148	16196.0	16343.0	best_hit_to_mtDNA	humanM
C	A	C	16265	HG006_all_regions	HG006_chr11.49861573.49862793|HISEQ1:65:HB7ACADXX:2:2213:7934:88709	HG006_chr11.49861573.49862793|HISEQ1:65:HB7ACADXX:2:2213:7934:88709	148	16196.0	16343.0	best_hit_to_mtDNA	humanM
A	C	A	16274	HG006_all_regions	HG006_chr11.49861573.49862793|HISEQ1:65:HB7ACADXX:2:2213:7934:88709	HG006_chr11.49861573.49862793|HISEQ1:65:HB7ACADXX:2:2213:7934:88709	148	16196.0	16343.0	best_hit_to_mtDNA	humanM
T	C	T	16280	HG006_all_regions	HG006_chr11.49861573.49862793|HISEQ1:65:HB7ACADXX:2:2213:7934:88709	HG006_chr11.49861573.49862793|HISEQ1:65:HB7ACADXX:2:2213:7934:88709	148	16196.0	16343.0	best_hit_to_mtDNA	humanM
A	C	A	16281	HG006_all_regions	HG006_chr11.49861573.49862793|HISEQ1:65:HB7ACADXX:2:2213:7934:88709	HG006_chr11.49861573.49862793|HISEQ1:65:HB7ACADXX:2:2213:7934:88709	148	16196.0	16343.0	best_hit_to_mtDNA	humanM
G	C	G	16282	HG006_all_regions	HG006_chr11.49861573.49862793|HISEQ1:65:HB7ACADXX:2:2213:7934:88709	HG006_chr11.49861573.49862793|HISEQ1:65:HB7ACADXX:2:2213:7934:88709	148	16196.0	16343.0	best_hit_to_mtDNA	humanM
A	G	G	16293	HG006_all_regions	HG006_chr11.49861573.49862793|HISEQ1:65:HB7ACADXX:2:2213:7934:88709	HG006_chr11.49861573.49862793|HISEQ1:65:HB7ACADXX:2:2213:7934:88709	148	16196.0	16343.0	best_hit_to_mtDNA	chimpM
C	T	T	16299	HG006_all_regions	HG006_chr11.49861573.49862793|HISEQ1:65:HB7ACADXX:2:2213:7934:88709	HG006_chr11.49861573.49862793|HISEQ1:65:HB7ACADXX:2:2213:7934:88709	148	16196.0	16343.0	best_hit_to_mtDNA	chimpM
C	T	C	16301	HG006_all_regions	HG006_chr11.49861573.49862793|HISEQ1:65:HB7ACADXX:2:2213:7934:88709	HG006_chr11.49861573.49862793|HISEQ1:65:HB7ACADXX:2:2213:7934:88709	148	16196.0	16343.0	best_hit_to_mtDNA	humanM
A	C	C	16302	HG006_all_regions	HG006_chr11.49861573.49862793|HISEQ1:65:HB7ACADXX:2:2213:7934:88709	HG006_chr11.49861573.49862793|HISEQ1:65:HB7ACADXX:2:2213:7934:88709	148	16196.0	16343.0	best_hit_to_mtDNA	chimpM
A	G	A	16308	HG006_all_regions	HG006_chr11.49861573.49862793|HISEQ1:65:HB7ACADXX:2:2213:7934:88709	HG006_chr11.49861573.49862793|HISEQ1:65:HB7ACADXX:2:2213:7934:88709	148	16196.0	16343.0	best_hit_to_mtDNA	humanM
T	A	T	16313	HG006_all_regions	HG006_chr11.49861573.49862793|HISEQ1:65:HB7ACADXX:2:2213:7934:88709	HG006_chr11.49861573.49862793|HISEQ1:65:HB7ACADXX:2:2213:7934:88709	148	16196.0	16343.0	best_hit_to_mtDNA	humanM
A	C	A	16326	HG006_all_regions	HG006_chr11.49861573.49862793|HISEQ1:65:HB7ACADXX:2:2213:7934:88709	HG006_chr11.49861573.49862793|HISEQ1:65:HB7ACADXX:2:2213:7934:88709	148	16196.0	16343.0	best_hit_to_mtDNA	humanM
G	A	G	16328	HG006_all_regions	HG006_chr11.49861573.49862793|HISEQ1:65:HB7ACADXX:2:2213:7934:88709	HG006_chr11.49861573.49862793|HISEQ1:65:HB7ACADXX:2:2213:7934:88709	148	16196.0	16343.0	best_hit_to_mtDNA	humanM
T	A	T	16333	HG006_all_regions	HG006_chr11.49861573.49862793|HISEQ1:65:HB7ACADXX:2:2213:7934:88709	HG006_chr11.49861573.49862793|HISEQ1:65:HB7ACADXX:2:2213:7934:88709	148	16196.0	16343.0	best_hit_to_mtDNA	humanM
T	C	T	16334	HG006_all_regions	HG006_chr11.49861573.49862793|HISEQ1:65:HB7ACADXX:2:2213:7934:88709	HG006_chr11.49861573.49862793|HISEQ1:65:HB7ACADXX:2:2213:7934:88709	148	16196.0	16343.0	best_hit_to_mtDNA	humanM
C	-	-	16448	HG006_all_regions	HG006_chr11.49861573.49862793|HISEQ1:65:HB7ACADXX:1:2205:9152:8931	HG006_chr11.49861573.49862793|HISEQ1:65:HB7ACADXX:1:2205:9152:8931	15270	16435.0	16569.0	best_hit_to_mtDNA	chimpM
T	-	-	16449	HG006_all_regions	HG006_chr11.49861573.49862793|HISEQ1:65:HB7ACADXX:1:2205:9152:8931	HG006_chr11.49861573.49862793|HISEQ1:65:HB7ACADXX:1:2205:9152:8931	15270	16435.0	16569.0	best_hit_to_mtDNA	chimpM
C	T	-	16476	HG006_all_regions	HG006_chr11.49861573.49862793|HISEQ1:65:HB7ACADXX:1:2205:9152:8931	HG006_chr11.49861573.49862793|HISEQ1:65:HB7ACADXX:1:2205:9152:8931	15270	16435.0	16569.0	best_hit_to_mtDNA	none
T	C	-	16477	HG006_all_regions	HG006_chr11.49861573.49862793|HISEQ1:65:HB7ACADXX:1:2205:9152:8931	HG006_chr11.49861573.49862793|HISEQ1:65:HB7ACADXX:1:2205:9152:8931	15270	16435.0	16569.0	best_hit_to_mtDNA	none
T	C	-	16521	HG006_all_regions	HG006_chr11.49861573.49862793|HISEQ1:65:HB7ACADXX:1:2205:9152:8931	HG006_chr11.49861573.49862793|HISEQ1:65:HB7ACADXX:1:2205:9152:8931	15270	16435.0	16569.0	best_hit_to_mtDNA	none
T	C	-	16528	HG006_all_regions	HG006_chr11.49861573.49862793|HISEQ1:65:HB7ACADXX:1:2205:9152:8931	HG006_chr11.49861573.49862793|HISEQ1:65:HB7ACADXX:1:2205:9152:8931	15270	16435.0	16569.0	best_hit_to_mtDNA	none
-	G	-	16532	HG006_all_regions	HG006_chr11.49861573.49862793|HISEQ1:65:HB7ACADXX:1:2205:9152:8931	HG006_chr11.49861573.49862793|HISEQ1:65:HB7ACADXX:1:2205:9152:8931	15270	16435.0	16569.0	best_hit_to_mtDNA	humanM
-	A	-	16533	HG006_all_regions	HG006_chr11.49861573.49862793|HISEQ1:65:HB7ACADXX:1:2205:9152:8931	HG006_chr11.49861573.49862793|HISEQ1:65:HB7ACADXX:1:2205:9152:8931	15270	16435.0	16569.0	best_hit_to_mtDNA	humanM
A	G	-	16535	HG006_all_regions	HG006_chr11.49861573.49862793|HISEQ1:65:HB7ACADXX:1:2205:9152:8931	HG006_chr11.49861573.49862793|HISEQ1:65:HB7ACADXX:1:2205:9152:8931	15270	16435.0	16569.0	best_hit_to_mtDNA	none
A	T	-	16536	HG006_all_regions	HG006_chr11.49861573.49862793|HISEQ1:65:HB7ACADXX:1:2205:9152:8931	HG006_chr11.49861573.49862793|HISEQ1:65:HB7ACADXX:1:2205:9152:8931	15270	16435.0	16569.0	best_hit_to_mtDNA	none
G	T	-	16537	HG006_all_regions	HG006_chr11.49861573.49862793|HISEQ1:65:HB7ACADXX:1:2205:9152:8931	HG006_chr11.49861573.49862793|HISEQ1:65:HB7ACADXX:1:2205:9152:8931	15270	16435.0	16569.0	best_hit_to_mtDNA	none
C	A	-	16539	HG006_all_regions	HG006_chr11.49861573.49862793|HISEQ1:65:HB7ACADXX:1:2205:9152:8931	HG006_chr11.49861573.49862793|HISEQ1:65:HB7ACADXX:1:2205:9152:8931	15270	16435.0	16569.0	best_hit_to_mtDNA	none
T	A	-	16540	HG006_all_regions	HG006_chr11.49861573.49862793|HISEQ1:65:HB7ACADXX:1:2205:9152:8931	HG006_chr11.49861573.49862793|HISEQ1:65:HB7ACADXX:1:2205:9152:8931	15270	16435.0	16569.0	best_hit_to_mtDNA	none
A	G	-	16543	HG006_all_regions	HG006_chr11.49861573.49862793|HISEQ1:65:HB7ACADXX:1:2205:9152:8931	HG006_chr11.49861573.49862793|HISEQ1:65:HB7ACADXX:1:2205:9152:8931	15270	16435.0	16569.0	best_hit_to_mtDNA	none
T	A	-	16544	HG006_all_regions	HG006_chr11.49861573.49862793|HISEQ1:65:HB7ACADXX:1:2205:9152:8931	HG006_chr11.49861573.49862793|HISEQ1:65:HB7ACADXX:1:2205:9152:8931	15270	16435.0	16569.0	best_hit_to_mtDNA	none
A	C	-	16545	HG006_all_regions	HG006_chr11.49861573.49862793|HISEQ1:65:HB7ACADXX:1:2205:9152:8931	HG006_chr11.49861573.49862793|HISEQ1:65:HB7ACADXX:1:2205:9152:8931	15270	16435.0	16569.0	best_hit_to_mtDNA	none
G	T	-	16546	HG006_all_regions	HG006_chr11.49861573.49862793|HISEQ1:65:HB7ACADXX:1:2205:9152:8931	HG006_chr11.49861573.49862793|HISEQ1:65:HB7ACADXX:1:2205:9152:8931	15270	16435.0	16569.0	best_hit_to_mtDNA	none
G	A	-	16162	HG006_all_regions	HG006_chr11.49861573.49862793|HISEQ1:65:HB7ACADXX:1:2203:13744:13547	HG006_chr11.49861573.49862793|HISEQ1:65:HB7ACADXX:1:2203:13744:13547	13502	16160.0	16273.0	best_hit_to_mtDNA	none
A	T	-	16175	HG006_all_regions	HG006_chr11.49861573.49862793|HISEQ1:65:HB7ACADXX:1:2203:13744:13547	HG006_chr11.49861573.49862793|HISEQ1:65:HB7ACADXX:1:2203:13744:13547	13502	16160.0	16273.0	best_hit_to_mtDNA	none
C	A	-	16178	HG006_all_regions	HG006_chr11.49861573.49862793|HISEQ1:65:HB7ACADXX:1:2203:13744:13547	HG006_chr11.49861573.49862793|HISEQ1:65:HB7ACADXX:1:2203:13744:13547	13502	16160.0	16273.0	best_hit_to_mtDNA	none
A	C	-	16179	HG006_all_regions	HG006_chr11.49861573.49862793|HISEQ1:65:HB7ACADXX:1:2203:13744:13547	HG006_chr11.49861573.49862793|HISEQ1:65:HB7ACADXX:1:2203:13744:13547	13502	16160.0	16273.0	best_hit_to_mtDNA	none
A	T	-	16180	HG006_all_regions	HG006_chr11.49861573.49862793|HISEQ1:65:HB7ACADXX:1:2203:13744:13547	HG006_chr11.49861573.49862793|HISEQ1:65:HB7ACADXX:1:2203:13744:13547	13502	16160.0	16273.0	best_hit_to_mtDNA	none
T	C	-	16181	HG006_all_regions	HG006_chr11.49861573.49862793|HISEQ1:65:HB7ACADXX:1:2203:13744:13547	HG006_chr11.49861573.49862793|HISEQ1:65:HB7ACADXX:1:2203:13744:13547	13502	16160.0	16273.0	best_hit_to_mtDNA	none
C	T	-	16195	HG006_all_regions	HG006_chr11.49861573.49862793|HISEQ1:65:HB7ACADXX:1:2203:13744:13547	HG006_chr11.49861573.49862793|HISEQ1:65:HB7ACADXX:1:2203:13744:13547	13502	16160.0	16273.0	best_hit_to_mtDNA	none
C	T	-	16196	HG006_all_regions	HG006_chr11.49861573.49862793|HISEQ1:65:HB7ACADXX:1:2203:13744:13547	HG006_chr11.49861573.49862793|HISEQ1:65:HB7ACADXX:1:2203:13744:13547	13502	16160.0	16273.0	best_hit_to_mtDNA	none
T	A	-	16198	HG006_all_regions	HG006_chr11.49861573.49862793|HISEQ1:65:HB7ACADXX:1:2203:13744:13547	HG006_chr11.49861573.49862793|HISEQ1:65:HB7ACADXX:1:2203:13744:13547	13502	16160.0	16273.0	best_hit_to_mtDNA	none
C	T	-	16200	HG006_all_regions	HG006_chr11.49861573.49862793|HISEQ1:65:HB7ACADXX:1:2203:13744:13547	HG006_chr11.49861573.49862793|HISEQ1:65:HB7ACADXX:1:2203:13744:13547	13502	16160.0	16273.0	best_hit_to_mtDNA	none
A	C	-	16216	HG006_all_regions	HG006_chr11.49861573.49862793|HISEQ1:65:HB7ACADXX:1:2203:13744:13547	HG006_chr11.49861573.49862793|HISEQ1:65:HB7ACADXX:1:2203:13744:13547	13502	16160.0	16273.0	best_hit_to_mtDNA	none
T	C	-	16218	HG006_all_regions	HG006_chr11.49861573.49862793|HISEQ1:65:HB7ACADXX:1:2203:13744:13547	HG006_chr11.49861573.49862793|HISEQ1:65:HB7ACADXX:1:2203:13744:13547	13502	16160.0	16273.0	best_hit_to_mtDNA	none
G	A	-	16222	HG006_all_regions	HG006_chr11.49861573.49862793|HISEQ1:65:HB7ACADXX:1:2203:13744:13547	HG006_chr11.49861573.49862793|HISEQ1:65:HB7ACADXX:1:2203:13744:13547	13502	16160.0	16273.0	best_hit_to_mtDNA	none
C	T	-	16231	HG006_all_regions	HG006_chr11.49861573.49862793|HISEQ1:65:HB7ACADXX:1:2203:13744:13547	HG006_chr11.49861573.49862793|HISEQ1:65:HB7ACADXX:1:2203:13744:13547	13502	16160.0	16273.0	best_hit_to_mtDNA	none
T	C	-	16233	HG006_all_regions	HG006_chr11.49861573.49862793|HISEQ1:65:HB7ACADXX:1:2203:13744:13547	HG006_chr11.49861573.49862793|HISEQ1:65:HB7ACADXX:1:2203:13744:13547	13502	16160.0	16273.0	best_hit_to_mtDNA	none
A	G	-	16239	HG006_all_regions	HG006_chr11.49861573.49862793|HISEQ1:65:HB7ACADXX:1:2203:13744:13547	HG006_chr11.49861573.49862793|HISEQ1:65:HB7ACADXX:1:2203:13744:13547	13502	16160.0	16273.0	best_hit_to_mtDNA	none
A	G	-	16242	HG006_all_regions	HG006_chr11.49861573.49862793|HISEQ1:65:HB7ACADXX:1:2203:13744:13547	HG006_chr11.49861573.49862793|HISEQ1:65:HB7ACADXX:1:2203:13744:13547	13502	16160.0	16273.0	best_hit_to_mtDNA	none
C	A	-	16243	HG006_all_regions	HG006_chr11.49861573.49862793|HISEQ1:65:HB7ACADXX:1:2203:13744:13547	HG006_chr11.49861573.49862793|HISEQ1:65:HB7ACADXX:1:2203:13744:13547	13502	16160.0	16273.0	best_hit_to_mtDNA	none
C	A	-	16248	HG006_all_regions	HG006_chr11.49861573.49862793|HISEQ1:65:HB7ACADXX:1:2203:13744:13547	HG006_chr11.49861573.49862793|HISEQ1:65:HB7ACADXX:1:2203:13744:13547	13502	16160.0	16273.0	best_hit_to_mtDNA	none
C	A	-	16251	HG006_all_regions	HG006_chr11.49861573.49862793|HISEQ1:65:HB7ACADXX:1:2203:13744:13547	HG006_chr11.49861573.49862793|HISEQ1:65:HB7ACADXX:1:2203:13744:13547	13502	16160.0	16273.0	best_hit_to_mtDNA	none
T	C	-	16252	HG006_all_regions	HG006_chr11.49861573.49862793|HISEQ1:65:HB7ACADXX:1:2203:13744:13547	HG006_chr11.49861573.49862793|HISEQ1:65:HB7ACADXX:1:2203:13744:13547	13502	16160.0	16273.0	best_hit_to_mtDNA	none
G	A	-	16253	HG006_all_regions	HG006_chr11.49861573.49862793|HISEQ1:65:HB7ACADXX:1:2203:13744:13547	HG006_chr11.49861573.49862793|HISEQ1:65:HB7ACADXX:1:2203:13744:13547	13502	16160.0	16273.0	best_hit_to_mtDNA	none
C	T	-	16257	HG006_all_regions	HG006_chr11.49861573.49862793|HISEQ1:65:HB7ACADXX:1:2203:13744:13547	HG006_chr11.49861573.49862793|HISEQ1:65:HB7ACADXX:1:2203:13744:13547	13502	16160.0	16273.0	best_hit_to_mtDNA	none
A	C	-	16263	HG006_all_regions	HG006_chr11.49861573.49862793|HISEQ1:65:HB7ACADXX:1:2203:13744:13547	HG006_chr11.49861573.49862793|HISEQ1:65:HB7ACADXX:1:2203:13744:13547	13502	16160.0	16273.0	best_hit_to_mtDNA	none
C	A	-	16265	HG006_all_regions	HG006_chr11.49861573.49862793|HISEQ1:65:HB7ACADXX:1:2203:13744:13547	HG006_chr11.49861573.49862793|HISEQ1:65:HB7ACADXX:1:2203:13744:13547	13502	16160.0	16273.0	best_hit_to_mtDNA	none
C	T	-	16195	HG006_all_regions	HG006_chr11.49861573.49862793|HISEQ1:62:HB657ADXX:2:2214:19625:51817	HG006_chr11.49861573.49862793|HISEQ1:62:HB657ADXX:2:2214:19625:51817	15204	16190.0	16336.0	best_hit_to_mtDNA	none
C	T	-	16196	HG006_all_regions	HG006_chr11.49861573.49862793|HISEQ1:62:HB657ADXX:2:2214:19625:51817	HG006_chr11.49861573.49862793|HISEQ1:62:HB657ADXX:2:2214:19625:51817	15204	16190.0	16336.0	best_hit_to_mtDNA	none
T	A	-	16198	HG006_all_regions	HG006_chr11.49861573.49862793|HISEQ1:62:HB657ADXX:2:2214:19625:51817	HG006_chr11.49861573.49862793|HISEQ1:62:HB657ADXX:2:2214:19625:51817	15204	16190.0	16336.0	best_hit_to_mtDNA	none
C	T	-	16200	HG006_all_regions	HG006_chr11.49861573.49862793|HISEQ1:62:HB657ADXX:2:2214:19625:51817	HG006_chr11.49861573.49862793|HISEQ1:62:HB657ADXX:2:2214:19625:51817	15204	16190.0	16336.0	best_hit_to_mtDNA	none
A	C	-	16216	HG006_all_regions	HG006_chr11.49861573.49862793|HISEQ1:62:HB657ADXX:2:2214:19625:51817	HG006_chr11.49861573.49862793|HISEQ1:62:HB657ADXX:2:2214:19625:51817	15204	16190.0	16336.0	best_hit_to_mtDNA	none
T	C	-	16218	HG006_all_regions	HG006_chr11.49861573.49862793|HISEQ1:62:HB657ADXX:2:2214:19625:51817	HG006_chr11.49861573.49862793|HISEQ1:62:HB657ADXX:2:2214:19625:51817	15204	16190.0	16336.0	best_hit_to_mtDNA	none
G	A	-	16222	HG006_all_regions	HG006_chr11.49861573.49862793|HISEQ1:62:HB657ADXX:2:2214:19625:51817	HG006_chr11.49861573.49862793|HISEQ1:62:HB657ADXX:2:2214:19625:51817	15204	16190.0	16336.0	best_hit_to_mtDNA	none
C	T	-	16231	HG006_all_regions	HG006_chr11.49861573.49862793|HISEQ1:62:HB657ADXX:2:2214:19625:51817	HG006_chr11.49861573.49862793|HISEQ1:62:HB657ADXX:2:2214:19625:51817	15204	16190.0	16336.0	best_hit_to_mtDNA	none
T	C	-	16233	HG006_all_regions	HG006_chr11.49861573.49862793|HISEQ1:62:HB657ADXX:2:2214:19625:51817	HG006_chr11.49861573.49862793|HISEQ1:62:HB657ADXX:2:2214:19625:51817	15204	16190.0	16336.0	best_hit_to_mtDNA	none
A	G	-	16239	HG006_all_regions	HG006_chr11.49861573.49862793|HISEQ1:62:HB657ADXX:2:2214:19625:51817	HG006_chr11.49861573.49862793|HISEQ1:62:HB657ADXX:2:2214:19625:51817	15204	16190.0	16336.0	best_hit_to_mtDNA	none
A	G	-	16242	HG006_all_regions	HG006_chr11.49861573.49862793|HISEQ1:62:HB657ADXX:2:2214:19625:51817	HG006_chr11.49861573.49862793|HISEQ1:62:HB657ADXX:2:2214:19625:51817	15204	16190.0	16336.0	best_hit_to_mtDNA	none
C	A	-	16243	HG006_all_regions	HG006_chr11.49861573.49862793|HISEQ1:62:HB657ADXX:2:2214:19625:51817	HG006_chr11.49861573.49862793|HISEQ1:62:HB657ADXX:2:2214:19625:51817	15204	16190.0	16336.0	best_hit_to_mtDNA	none
C	A	-	16248	HG006_all_regions	HG006_chr11.49861573.49862793|HISEQ1:62:HB657ADXX:2:2214:19625:51817	HG006_chr11.49861573.49862793|HISEQ1:62:HB657ADXX:2:2214:19625:51817	15204	16190.0	16336.0	best_hit_to_mtDNA	none
C	A	-	16251	HG006_all_regions	HG006_chr11.49861573.49862793|HISEQ1:62:HB657ADXX:2:2214:19625:51817	HG006_chr11.49861573.49862793|HISEQ1:62:HB657ADXX:2:2214:19625:51817	15204	16190.0	16336.0	best_hit_to_mtDNA	none
T	C	-	16252	HG006_all_regions	HG006_chr11.49861573.49862793|HISEQ1:62:HB657ADXX:2:2214:19625:51817	HG006_chr11.49861573.49862793|HISEQ1:62:HB657ADXX:2:2214:19625:51817	15204	16190.0	16336.0	best_hit_to_mtDNA	none
G	A	-	16253	HG006_all_regions	HG006_chr11.49861573.49862793|HISEQ1:62:HB657ADXX:2:2214:19625:51817	HG006_chr11.49861573.49862793|HISEQ1:62:HB657ADXX:2:2214:19625:51817	15204	16190.0	16336.0	best_hit_to_mtDNA	none
C	T	-	16257	HG006_all_regions	HG006_chr11.49861573.49862793|HISEQ1:62:HB657ADXX:2:2214:19625:51817	HG006_chr11.49861573.49862793|HISEQ1:62:HB657ADXX:2:2214:19625:51817	15204	16190.0	16336.0	best_hit_to_mtDNA	none
A	C	-	16263	HG006_all_regions	HG006_chr11.49861573.49862793|HISEQ1:62:HB657ADXX:2:2214:19625:51817	HG006_chr11.49861573.49862793|HISEQ1:62:HB657ADXX:2:2214:19625:51817	15204	16190.0	16336.0	best_hit_to_mtDNA	none
C	A	-	16265	HG006_all_regions	HG006_chr11.49861573.49862793|HISEQ1:62:HB657ADXX:2:2214:19625:51817	HG006_chr11.49861573.49862793|HISEQ1:62:HB657ADXX:2:2214:19625:51817	15204	16190.0	16336.0	best_hit_to_mtDNA	none
A	C	-	16274	HG006_all_regions	HG006_chr11.49861573.49862793|HISEQ1:62:HB657ADXX:2:2214:19625:51817	HG006_chr11.49861573.49862793|HISEQ1:62:HB657ADXX:2:2214:19625:51817	15204	16190.0	16336.0	best_hit_to_mtDNA	none
T	C	-	16280	HG006_all_regions	HG006_chr11.49861573.49862793|HISEQ1:62:HB657ADXX:2:2214:19625:51817	HG006_chr11.49861573.49862793|HISEQ1:62:HB657ADXX:2:2214:19625:51817	15204	16190.0	16336.0	best_hit_to_mtDNA	none
A	C	-	16281	HG006_all_regions	HG006_chr11.49861573.49862793|HISEQ1:62:HB657ADXX:2:2214:19625:51817	HG006_chr11.49861573.49862793|HISEQ1:62:HB657ADXX:2:2214:19625:51817	15204	16190.0	16336.0	best_hit_to_mtDNA	none
G	C	-	16282	HG006_all_regions	HG006_chr11.49861573.49862793|HISEQ1:62:HB657ADXX:2:2214:19625:51817	HG006_chr11.49861573.49862793|HISEQ1:62:HB657ADXX:2:2214:19625:51817	15204	16190.0	16336.0	best_hit_to_mtDNA	none
A	G	-	16293	HG006_all_regions	HG006_chr11.49861573.49862793|HISEQ1:62:HB657ADXX:2:2214:19625:51817	HG006_chr11.49861573.49862793|HISEQ1:62:HB657ADXX:2:2214:19625:51817	15204	16190.0	16336.0	best_hit_to_mtDNA	none
C	T	-	16299	HG006_all_regions	HG006_chr11.49861573.49862793|HISEQ1:62:HB657ADXX:2:2214:19625:51817	HG006_chr11.49861573.49862793|HISEQ1:62:HB657ADXX:2:2214:19625:51817	15204	16190.0	16336.0	best_hit_to_mtDNA	none
C	T	-	16301	HG006_all_regions	HG006_chr11.49861573.49862793|HISEQ1:62:HB657ADXX:2:2214:19625:51817	HG006_chr11.49861573.49862793|HISEQ1:62:HB657ADXX:2:2214:19625:51817	15204	16190.0	16336.0	best_hit_to_mtDNA	none
A	C	-	16302	HG006_all_regions	HG006_chr11.49861573.49862793|HISEQ1:62:HB657ADXX:2:2214:19625:51817	HG006_chr11.49861573.49862793|HISEQ1:62:HB657ADXX:2:2214:19625:51817	15204	16190.0	16336.0	best_hit_to_mtDNA	none
A	G	-	16308	HG006_all_regions	HG006_chr11.49861573.49862793|HISEQ1:62:HB657ADXX:2:2214:19625:51817	HG006_chr11.49861573.49862793|HISEQ1:62:HB657ADXX:2:2214:19625:51817	15204	16190.0	16336.0	best_hit_to_mtDNA	none
T	A	-	16313	HG006_all_regions	HG006_chr11.49861573.49862793|HISEQ1:62:HB657ADXX:2:2214:19625:51817	HG006_chr11.49861573.49862793|HISEQ1:62:HB657ADXX:2:2214:19625:51817	15204	16190.0	16336.0	best_hit_to_mtDNA	none
A	C	-	16326	HG006_all_regions	HG006_chr11.49861573.49862793|HISEQ1:62:HB657ADXX:2:2214:19625:51817	HG006_chr11.49861573.49862793|HISEQ1:62:HB657ADXX:2:2214:19625:51817	15204	16190.0	16336.0	best_hit_to_mtDNA	none
G	A	-	16328	HG006_all_regions	HG006_chr11.49861573.49862793|HISEQ1:62:HB657ADXX:2:2214:19625:51817	HG006_chr11.49861573.49862793|HISEQ1:62:HB657ADXX:2:2214:19625:51817	15204	16190.0	16336.0	best_hit_to_mtDNA	none
T	A	-	16333	HG006_all_regions	HG006_chr11.49861573.49862793|HISEQ1:62:HB657ADXX:2:2214:19625:51817	HG006_chr11.49861573.49862793|HISEQ1:62:HB657ADXX:2:2214:19625:51817	15204	16190.0	16336.0	best_hit_to_mtDNA	none
T	C	-	16334	HG006_all_regions	HG006_chr11.49861573.49862793|HISEQ1:62:HB657ADXX:2:2214:19625:51817	HG006_chr11.49861573.49862793|HISEQ1:62:HB657ADXX:2:2214:19625:51817	15204	16190.0	16336.0	best_hit_to_mtDNA	none
T	C	C	14965	HG006_all_regions	HG006_chr2.33666443.33667605|HISEQ1:65:HB7ACADXX:1:2213:5528:73364	HG006_chr2.33666443.33667605|HISEQ1:65:HB7ACADXX:1:2213:5528:73364	157	14944.0	15022.0	best_hit_to_mtDNA	chimpM
T	C	T	14977	HG006_all_regions	HG006_chr2.33666443.33667605|HISEQ1:65:HB7ACADXX:1:2213:5528:73364	HG006_chr2.33666443.33667605|HISEQ1:65:HB7ACADXX:1:2213:5528:73364	157	14944.0	15022.0	best_hit_to_mtDNA	humanM
C	T	C	14983	HG006_all_regions	HG006_chr2.33666443.33667605|HISEQ1:65:HB7ACADXX:1:2213:5528:73364	HG006_chr2.33666443.33667605|HISEQ1:65:HB7ACADXX:1:2213:5528:73364	157	14944.0	15022.0	best_hit_to_mtDNA	humanM
A	G	A	14986	HG006_all_regions	HG006_chr2.33666443.33667605|HISEQ1:65:HB7ACADXX:1:2213:5528:73364	HG006_chr2.33666443.33667605|HISEQ1:65:HB7ACADXX:1:2213:5528:73364	157	14944.0	15022.0	best_hit_to_mtDNA	humanM
T	C	T	15001	HG006_all_regions	HG006_chr2.33666443.33667605|HISEQ1:65:HB7ACADXX:1:2213:5528:73364	HG006_chr2.33666443.33667605|HISEQ1:65:HB7ACADXX:1:2213:5528:73364	157	14944.0	15022.0	best_hit_to_mtDNA	humanM
C	T	C	15007	HG006_all_regions	HG006_chr2.33666443.33667605|HISEQ1:65:HB7ACADXX:1:2213:5528:73364	HG006_chr2.33666443.33667605|HISEQ1:65:HB7ACADXX:1:2213:5528:73364	157	14944.0	15022.0	best_hit_to_mtDNA	humanM
T	C	T	15010	HG006_all_regions	HG006_chr2.33666443.33667605|HISEQ1:65:HB7ACADXX:1:2213:5528:73364	HG006_chr2.33666443.33667605|HISEQ1:65:HB7ACADXX:1:2213:5528:73364	157	14944.0	15022.0	best_hit_to_mtDNA	humanM
T	C	T	14944	HG006_all_regions	HG006_chr2.33666443.33667605|HISEQ1:62:HB657ADXX:2:2114:9210:90393	HG006_chr2.33666443.33667605|HISEQ1:62:HB657ADXX:2:2114:9210:90393	157	14922.0	15022.0	best_hit_to_mtDNA	humanM
A	G	A	14947	HG006_all_regions	HG006_chr2.33666443.33667605|HISEQ1:62:HB657ADXX:2:2114:9210:90393	HG006_chr2.33666443.33667605|HISEQ1:62:HB657ADXX:2:2114:9210:90393	157	14922.0	15022.0	best_hit_to_mtDNA	humanM
A	G	A	14950	HG006_all_regions	HG006_chr2.33666443.33667605|HISEQ1:62:HB657ADXX:2:2114:9210:90393	HG006_chr2.33666443.33667605|HISEQ1:62:HB657ADXX:2:2114:9210:90393	157	14922.0	15022.0	best_hit_to_mtDNA	humanM
T	C	C	14965	HG006_all_regions	HG006_chr2.33666443.33667605|HISEQ1:62:HB657ADXX:2:2114:9210:90393	HG006_chr2.33666443.33667605|HISEQ1:62:HB657ADXX:2:2114:9210:90393	157	14922.0	15022.0	best_hit_to_mtDNA	chimpM
T	C	T	14977	HG006_all_regions	HG006_chr2.33666443.33667605|HISEQ1:62:HB657ADXX:2:2114:9210:90393	HG006_chr2.33666443.33667605|HISEQ1:62:HB657ADXX:2:2114:9210:90393	157	14922.0	15022.0	best_hit_to_mtDNA	humanM
C	T	C	14983	HG006_all_regions	HG006_chr2.33666443.33667605|HISEQ1:62:HB657ADXX:2:2114:9210:90393	HG006_chr2.33666443.33667605|HISEQ1:62:HB657ADXX:2:2114:9210:90393	157	14922.0	15022.0	best_hit_to_mtDNA	humanM
A	G	A	14986	HG006_all_regions	HG006_chr2.33666443.33667605|HISEQ1:62:HB657ADXX:2:2114:9210:90393	HG006_chr2.33666443.33667605|HISEQ1:62:HB657ADXX:2:2114:9210:90393	157	14922.0	15022.0	best_hit_to_mtDNA	humanM
T	C	T	15001	HG006_all_regions	HG006_chr2.33666443.33667605|HISEQ1:62:HB657ADXX:2:2114:9210:90393	HG006_chr2.33666443.33667605|HISEQ1:62:HB657ADXX:2:2114:9210:90393	157	14922.0	15022.0	best_hit_to_mtDNA	humanM
C	T	C	15007	HG006_all_regions	HG006_chr2.33666443.33667605|HISEQ1:62:HB657ADXX:2:2114:9210:90393	HG006_chr2.33666443.33667605|HISEQ1:62:HB657ADXX:2:2114:9210:90393	157	14922.0	15022.0	best_hit_to_mtDNA	humanM
T	C	T	15010	HG006_all_regions	HG006_chr2.33666443.33667605|HISEQ1:62:HB657ADXX:2:2114:9210:90393	HG006_chr2.33666443.33667605|HISEQ1:62:HB657ADXX:2:2114:9210:90393	157	14922.0	15022.0	best_hit_to_mtDNA	humanM
C	A	G	14782	HG006_all_regions	HG006_chr2.33666443.33667605|HISEQ1:62:HB657ADXX:1:2214:15662:20056	HG006_chr2.33666443.33667605|HISEQ1:62:HB657ADXX:1:2214:15662:20056	148	14777.0	14896.0	best_hit_to_mtDNA	none
C	T	C	14800	HG006_all_regions	HG006_chr2.33666443.33667605|HISEQ1:62:HB657ADXX:1:2214:15662:20056	HG006_chr2.33666443.33667605|HISEQ1:62:HB657ADXX:1:2214:15662:20056	148	14777.0	14896.0	best_hit_to_mtDNA	humanM
C	T	T	14809	HG006_all_regions	HG006_chr2.33666443.33667605|HISEQ1:62:HB657ADXX:1:2214:15662:20056	HG006_chr2.33666443.33667605|HISEQ1:62:HB657ADXX:1:2214:15662:20056	148	14777.0	14896.0	best_hit_to_mtDNA	chimpM
C	T	C	14836	HG006_all_regions	HG006_chr2.33666443.33667605|HISEQ1:62:HB657ADXX:1:2214:15662:20056	HG006_chr2.33666443.33667605|HISEQ1:62:HB657ADXX:1:2214:15662:20056	148	14777.0	14896.0	best_hit_to_mtDNA	humanM
A	G	A	14848	HG006_all_regions	HG006_chr2.33666443.33667605|HISEQ1:62:HB657ADXX:1:2214:15662:20056	HG006_chr2.33666443.33667605|HISEQ1:62:HB657ADXX:1:2214:15662:20056	148	14777.0	14896.0	best_hit_to_mtDNA	humanM
C	T	C	14863	HG006_all_regions	HG006_chr2.33666443.33667605|HISEQ1:62:HB657ADXX:1:2214:15662:20056	HG006_chr2.33666443.33667605|HISEQ1:62:HB657ADXX:1:2214:15662:20056	148	14777.0	14896.0	best_hit_to_mtDNA	humanM
T	C	T	14866	HG006_all_regions	HG006_chr2.33666443.33667605|HISEQ1:62:HB657ADXX:1:2214:15662:20056	HG006_chr2.33666443.33667605|HISEQ1:62:HB657ADXX:1:2214:15662:20056	148	14777.0	14896.0	best_hit_to_mtDNA	humanM
G	A	G	14878	HG006_all_regions	HG006_chr2.33666443.33667605|HISEQ1:62:HB657ADXX:1:2214:15662:20056	HG006_chr2.33666443.33667605|HISEQ1:62:HB657ADXX:1:2214:15662:20056	148	14777.0	14896.0	best_hit_to_mtDNA	humanM
C	T	C	14884	HG006_all_regions	HG006_chr2.33666443.33667605|HISEQ1:62:HB657ADXX:1:2214:15662:20056	HG006_chr2.33666443.33667605|HISEQ1:62:HB657ADXX:1:2214:15662:20056	148	14777.0	14896.0	best_hit_to_mtDNA	humanM
C	T	C	14890	HG006_all_regions	HG006_chr2.33666443.33667605|HISEQ1:62:HB657ADXX:1:2214:15662:20056	HG006_chr2.33666443.33667605|HISEQ1:62:HB657ADXX:1:2214:15662:20056	148	14777.0	14896.0	best_hit_to_mtDNA	humanM
C	A	-	14782	HG006_all_regions	HG006_chr2.33667252.33668265|HISEQ1:65:HB7ACADXX:1:1108:20275:68543	HG006_chr2.33667252.33668265|HISEQ1:65:HB7ACADXX:1:1108:20275:68543	16517	14777.0	14846.0	best_hit_to_mtDNA	none
C	T	-	14800	HG006_all_regions	HG006_chr2.33667252.33668265|HISEQ1:65:HB7ACADXX:1:1108:20275:68543	HG006_chr2.33667252.33668265|HISEQ1:65:HB7ACADXX:1:1108:20275:68543	16517	14777.0	14846.0	best_hit_to_mtDNA	none
C	T	-	14809	HG006_all_regions	HG006_chr2.33667252.33668265|HISEQ1:65:HB7ACADXX:1:1108:20275:68543	HG006_chr2.33667252.33668265|HISEQ1:65:HB7ACADXX:1:1108:20275:68543	16517	14777.0	14846.0	best_hit_to_mtDNA	none
C	T	-	14836	HG006_all_regions	HG006_chr2.33667252.33668265|HISEQ1:65:HB7ACADXX:1:1108:20275:68543	HG006_chr2.33667252.33668265|HISEQ1:65:HB7ACADXX:1:1108:20275:68543	16517	14777.0	14846.0	best_hit_to_mtDNA	none
