ID	RG	CHIP_ID	#SNPS	#READS	AVG_DP	FREEMIX	FREELK1	FREELK0	FREE_RH	FREE_RA	CHIPMIX	CHIPLK1	CHIPLK0	CHIP_RH	CHIP_RA	DPREF	RDPHET	RDPALT
1000434	NA	NA	10000	303322	30.3383	0.00107859	-74437.6	-75183.9	NA	NA	NA	NA	NA	NA	NA	NA	NA	NA
1000592	NA	NA	10000	291261	29.129	0.00024483	-71945.3	-80309.4	NA	NA	NA	NA	NA	NA	NA	NA	NA	NA
1000612	NA	NA	10000	301703	30.1763	0.000308796	-75566.1	-81332.2	NA	NA	NA	NA	NA	NA	NA	NA	NA	NA
1000753	NA	NA	10000	305659	30.5781	0.000404546	-77130.8	-91407.2	NA	NA	NA	NA	NA	NA	NA	NA	NA	NA
1000810	NA	NA	10000	306511	30.6572	8.60789e-05	-73815.4	-102105	NA	NA	NA	NA	NA	NA	NA	NA	NA	NA
1000907	NA	NA	10000	299458	29.9488	0.000366642	-75872.1	-80602.2	NA	NA	NA	NA	NA	NA	NA	NA	NA	NA
1000917	NA	NA	10000	295369	29.5399	0.00180295	-70739.3	-71368.4	NA	NA	NA	NA	NA	NA	NA	NA	NA	NA
1001070	NA	NA	10000	305289	30.532	0.000833009	-75789.1	-78191.4	NA	NA	NA	NA	NA	NA	NA	NA	NA	NA
1001091	NA	NA	10000	302737	30.2767	0.000980419	-76099.3	-76511.1	NA	NA	NA	NA	NA	NA	NA	NA	NA	NA
1001099	NA	NA	10000	307843	30.7874	0.00117091	-73789.3	-75379.3	NA	NA	NA	NA	NA	NA	NA	NA	NA	NA
1001194	NA	NA	10000	301688	30.1748	0.000462054	-75591.2	-79542.2	NA	NA	NA	NA	NA	NA	NA	NA	NA	NA
1001738	NA	NA	10000	300277	30.0337	0.00119731	-73781.9	-74166.9	NA	NA	NA	NA	NA	NA	NA	NA	NA	NA
1001746	NA	NA	10000	298634	29.8694	0.000293709	-74673.5	-83619	NA	NA	NA	NA	NA	NA	NA	NA	NA	NA
1001969	NA	NA	10000	296763	29.6852	0.00149861	-74548.3	-74723	NA	NA	NA	NA	NA	NA	NA	NA	NA	NA
1002052	NA	NA	10000	288335	28.8393	0.00100016	-76063.3	-77090.7	NA	NA	NA	NA	NA	NA	NA	NA	NA	NA
1002259	NA	NA	10000	282411	28.2496	0.000444802	-73704.5	-77552.9	NA	NA	NA	NA	NA	NA	NA	NA	NA	NA
1002448	NA	NA	10000	300408	30.0438	0.000555548	-74261.4	-77893.6	NA	NA	NA	NA	NA	NA	NA	NA	NA	NA
1002730	NA	NA	10000	298480	29.854	0.00132116	-73169.3	-73670.1	NA	NA	NA	NA	NA	NA	NA	NA	NA	NA
1002806	NA	NA	10000	308410	30.8441	0.000348492	-75426	-78706.8	NA	NA	NA	NA	NA	NA	NA	NA	NA	NA
1003028	NA	NA	10000	283833	28.3918	0.000133915	-70032.3	-121434	NA	NA	NA	NA	NA	NA	NA	NA	NA	NA
1006061	NA	NA	10000	278060	27.806	0.000332528	-69206.4	-115638	NA	NA	NA	NA	NA	NA	NA	NA	NA	NA
1006189	NA	NA	10000	279452	27.9536	0.00114758	-68266.3	-68737.5	NA	NA	NA	NA	NA	NA	NA	NA	NA	NA
1006194	NA	NA	10000	284786	28.4843	0.000224829	-70157.4	-81844.4	NA	NA	NA	NA	NA	NA	NA	NA	NA	NA
1006204	NA	NA	10000	297611	29.7671	0.00216543	-73752.4	-74330.8	NA	NA	NA	NA	NA	NA	NA	NA	NA	NA
1006307	NA	NA	10000	296723	29.6782	0.000396375	-73481.2	-108577	NA	NA	NA	NA	NA	NA	NA	NA	NA	NA
1006464	NA	NA	10000	301069	30.1129	0.000363194	-73757.8	-75398.2	NA	NA	NA	NA	NA	NA	NA	NA	NA	NA
1006683	NA	NA	10000	297053	29.7142	0.000842059	-73333.3	-73735.1	NA	NA	NA	NA	NA	NA	NA	NA	NA	NA
1006739	NA	NA	10000	301478	30.1538	0.000795854	-74353.7	-74833.3	NA	NA	NA	NA	NA	NA	NA	NA	NA	NA
1006749	NA	NA	10000	299978	30.0008	0.0016519	-72116.3	-72507.5	NA	NA	NA	NA	NA	NA	NA	NA	NA	NA
1006900	NA	NA	10000	299989	30.0019	0.000706371	-73906.8	-76413.5	NA	NA	NA	NA	NA	NA	NA	NA	NA	NA
1006999	NA	NA	10000	301066	30.1126	0.000642961	-76508.4	-76982.1	NA	NA	NA	NA	NA	NA	NA	NA	NA	NA
1007120	NA	NA	10000	292385	29.2473	0.000441801	-71647.8	-80763.3	NA	NA	NA	NA	NA	NA	NA	NA	NA	NA
1007170	NA	NA	10000	290956	29.1014	0.000564753	-71075.8	-76925.8	NA	NA	NA	NA	NA	NA	NA	NA	NA	NA
1007607	NA	NA	10000	288712	28.877	0.00387954	-72371.2	-72884.9	NA	NA	NA	NA	NA	NA	NA	NA	NA	NA
1007633	NA	NA	10000	285716	28.5802	0.000850464	-70288.5	-79333.2	NA	NA	NA	NA	NA	NA	NA	NA	NA	NA
1007642	NA	NA	10000	290746	29.0804	0.00041011	-72930.8	-73593.8	NA	NA	NA	NA	NA	NA	NA	NA	NA	NA
1007647	NA	NA	10000	284002	28.4059	0.00103563	-72427	-75050.4	NA	NA	NA	NA	NA	NA	NA	NA	NA	NA
1009658	NA	NA	10000	278370	27.8426	0.000493662	-71068.3	-79389	NA	NA	NA	NA	NA	NA	NA	NA	NA	NA
1009684	NA	NA	10000	288428	28.8486	0.000839511	-69446.4	-69944.2	NA	NA	NA	NA	NA	NA	NA	NA	NA	NA
1009700	NA	NA	10000	286296	28.6325	0.00089007	-72651.3	-73291.4	NA	NA	NA	NA	NA	NA	NA	NA	NA	NA
1009704	NA	NA	10000	295276	29.5335	0.000599667	-73169.2	-73346	NA	NA	NA	NA	NA	NA	NA	NA	NA	NA
1009782	NA	NA	10000	296074	29.6104	0.000426273	-73139.4	-108107	NA	NA	NA	NA	NA	NA	NA	NA	NA	NA
1009784	NA	NA	10000	300990	30.105	0.000410081	-76108.3	-81106.2	NA	NA	NA	NA	NA	NA	NA	NA	NA	NA
1009796	NA	NA	10000	290801	29.083	0.000603886	-70375.1	-79775.8	NA	NA	NA	NA	NA	NA	NA	NA	NA	NA
1009802	NA	NA	10000	297669	29.7699	0.000841635	-75746.9	-76178.5	NA	NA	NA	NA	NA	NA	NA	NA	NA	NA
1009812	NA	NA	10000	297298	29.7357	0.00193006	-74102.3	-74470.6	NA	NA	NA	NA	NA	NA	NA	NA	NA	NA
102YWC	NA	NA	10000	278571	27.8599	0.00102889	-67732.4	-68900.3	NA	NA	NA	NA	NA	NA	NA	NA	NA	NA
107FJW	NA	NA	10000	279841	27.9897	0.00114279	-69673.6	-70640.8	NA	NA	NA	NA	NA	NA	NA	NA	NA	NA
1138837	NA	NA	10000	303024	30.3145	0.000618073	-75524.5	-79014.6	NA	NA	NA	NA	NA	NA	NA	NA	NA	NA
1138912	NA	NA	10000	298469	29.8499	0.000474093	-73564.3	-82109.3	NA	NA	NA	NA	NA	NA	NA	NA	NA	NA
1139281	NA	NA	10000	301856	30.1886	0.00047749	-74633.4	-99088.3	NA	NA	NA	NA	NA	NA	NA	NA	NA	NA
1139354	NA	NA	10000	302322	30.2413	0.000609101	-72273.9	-72771.2	NA	NA	NA	NA	NA	NA	NA	NA	NA	NA
1139461	NA	NA	10000	303141	30.3202	0.000228574	-74113.1	-76093	NA	NA	NA	NA	NA	NA	NA	NA	NA	NA
1139606	NA	NA	10000	301053	30.1143	0.000138859	-74937.6	-139687	NA	NA	NA	NA	NA	NA	NA	NA	NA	NA
1139929	NA	NA	10000	307204	30.7327	0.000210824	-75032.4	-81672.1	NA	NA	NA	NA	NA	NA	NA	NA	NA	NA
1139962	NA	NA	10000	306559	30.659	0.00058427	-72287	-73349.1	NA	NA	NA	NA	NA	NA	NA	NA	NA	NA
1140048	NA	NA	10000	299921	29.9981	0.000551173	-74841.7	-78108.9	NA	NA	NA	NA	NA	NA	NA	NA	NA	NA
1140464	NA	NA	10000	303343	30.3373	0.000257756	-74403	-79802.3	NA	NA	NA	NA	NA	NA	NA	NA	NA	NA
1140557	NA	NA	10000	300758	30.0788	0.00026732	-76094.2	-108705	NA	NA	NA	NA	NA	NA	NA	NA	NA	NA
1196221	NA	NA	10000	309494	30.9556	0.000138424	-75091.6	-81571.8	NA	NA	NA	NA	NA	NA	NA	NA	NA	NA
1196256	NA	NA	10000	304540	30.4601	0.000740339	-72766.7	-73337.1	NA	NA	NA	NA	NA	NA	NA	NA	NA	NA
1196905	NA	NA	10000	301869	30.1929	0.000188634	-74101.3	-77493.4	NA	NA	NA	NA	NA	NA	NA	NA	NA	NA
1197024	NA	NA	10000	297291	29.735	0.000463021	-72303.9	-74932	NA	NA	NA	NA	NA	NA	NA	NA	NA	NA
1199393	NA	NA	10000	299507	29.9657	0.000354352	-74650.4	-75713.5	NA	NA	NA	NA	NA	NA	NA	NA	NA	NA
1199524	NA	NA	10000	291987	29.2016	6.30008e-05	-71890.9	-170146	NA	NA	NA	NA	NA	NA	NA	NA	NA	NA
1199767	NA	NA	10000	303728	30.3819	0.000162806	-76200.1	-87935	NA	NA	NA	NA	NA	NA	NA	NA	NA	NA
1199840	NA	NA	10000	312039	31.207	7.29666e-05	-77219.4	-97647.3	NA	NA	NA	NA	NA	NA	NA	NA	NA	NA
119SZX	NA	NA	10000	287180	28.7237	0.00115869	-70157.2	-70969.5	NA	NA	NA	NA	NA	NA	NA	NA	NA	NA
1200084	NA	NA	10000	294309	29.4368	0.000175971	-74520	-92717.8	NA	NA	NA	NA	NA	NA	NA	NA	NA	NA
1200524	NA	NA	10000	303009	30.31	1.42605e-07	-74916.7	-102683	NA	NA	NA	NA	NA	NA	NA	NA	NA	NA
1200618	NA	NA	10000	295307	29.5337	0.000520258	-74421.5	-75192	NA	NA	NA	NA	NA	NA	NA	NA	NA	NA
1200709	NA	NA	10000	293863	29.3951	0.000723942	-73909.7	-74514.1	NA	NA	NA	NA	NA	NA	NA	NA	NA	NA
1200900	NA	NA	10000	298952	29.8982	0.000555929	-74113.3	-75720.6	NA	NA	NA	NA	NA	NA	NA	NA	NA	NA
1201142	NA	NA	10000	290542	29.0542	0.00287197	-71922.1	-72262.3	NA	NA	NA	NA	NA	NA	NA	NA	NA	NA
1201536	NA	NA	10000	297342	29.7431	0.000596797	-72618.6	-74242.3	NA	NA	NA	NA	NA	NA	NA	NA	NA	NA
1201570	NA	NA	10000	295048	29.5166	0.00443921	-75591.4	-76127.1	NA	NA	NA	NA	NA	NA	NA	NA	NA	NA
1201606	NA	NA	10000	299604	29.9604	0.000407995	-73536.5	-88177.2	NA	NA	NA	NA	NA	NA	NA	NA	NA	NA
1201631	NA	NA	10000	299431	29.9461	0.000412184	-75054.9	-86741.1	NA	NA	NA	NA	NA	NA	NA	NA	NA	NA
1206666	NA	NA	10000	305105	30.5197	0.000305884	-74524.9	-83205.1	NA	NA	NA	NA	NA	NA	NA	NA	NA	NA
1206844	NA	NA	10000	296208	29.6267	0.000337701	-73538.9	-133863	NA	NA	NA	NA	NA	NA	NA	NA	NA	NA
1206992	NA	NA	10000	299471	29.9531	0.00037766	-74976.2	-97128.2	NA	NA	NA	NA	NA	NA	NA	NA	NA	NA
1207280	NA	NA	10000	297126	29.7185	0.000751233	-74096.6	-77331.8	NA	NA	NA	NA	NA	NA	NA	NA	NA	NA
1207299	NA	NA	10000	294587	29.4587	0.000203479	-72744.7	-126325	NA	NA	NA	NA	NA	NA	NA	NA	NA	NA
1207363	NA	NA	10000	293355	29.3414	0.000491732	-72892.4	-73574.7	NA	NA	NA	NA	NA	NA	NA	NA	NA	NA
1207950	NA	NA	10000	294793	29.4793	0.000186649	-73439.2	-162155	NA	NA	NA	NA	NA	NA	NA	NA	NA	NA
1208122	NA	NA	10000	307772	30.7864	0.00151167	-77218.3	-78055.4	NA	NA	NA	NA	NA	NA	NA	NA	NA	NA
1208475	NA	NA	10000	300302	30.0302	0.000410188	-74879	-84153.1	NA	NA	NA	NA	NA	NA	NA	NA	NA	NA
1208781	NA	NA	10000	302239	30.236	0.000395701	-74805.5	-79834	NA	NA	NA	NA	NA	NA	NA	NA	NA	NA
1208821	NA	NA	10000	293879	29.3908	0.000236028	-70488.2	-114516	NA	NA	NA	NA	NA	NA	NA	NA	NA	NA
1209159	NA	NA	10000	301768	30.1798	0.000555243	-74967.7	-78763.8	NA	NA	NA	NA	NA	NA	NA	NA	NA	NA
1209371	NA	NA	10000	291997	29.2055	0.000289438	-70559.1	-88520.2	NA	NA	NA	NA	NA	NA	NA	NA	NA	NA
1209411	NA	NA	10000	294584	29.4613	0.000353291	-68971.8	-69910.1	NA	NA	NA	NA	NA	NA	NA	NA	NA	NA
1209488	NA	NA	10000	300303	30.0393	0.000197957	-74587.4	-85963.3	NA	NA	NA	NA	NA	NA	NA	NA	NA	NA
1209674	NA	NA	10000	302718	30.2748	0.000667214	-75574.5	-80035.2	NA	NA	NA	NA	NA	NA	NA	NA	NA	NA
1209861	NA	NA	10000	303584	30.3766	0.000270063	-74174.3	-83635.5	NA	NA	NA	NA	NA	NA	NA	NA	NA	NA
1210281	NA	NA	10000	300903	30.0993	0.000419095	-75346.5	-80827.7	NA	NA	NA	NA	NA	NA	NA	NA	NA	NA
1210651	NA	NA	10000	296453	29.6483	0.000239578	-72319.5	-83102.5	NA	NA	NA	NA	NA	NA	NA	NA	NA	NA
1211776	NA	NA	10000	294495	29.4554	0.000380426	-72728	-76950	NA	NA	NA	NA	NA	NA	NA	NA	NA	NA
1211839	NA	NA	10000	298795	29.8825	0.00028116	-74334.7	-76484.4	NA	NA	NA	NA	NA	NA	NA	NA	NA	NA
1211997	NA	NA	10000	252790	25.2841	0.000425247	-65359.5	-73678.8	NA	NA	NA	NA	NA	NA	NA	NA	NA	NA
1212230	NA	NA	10000	298719	29.8779	0.000800535	-73450.9	-76510.7	NA	NA	NA	NA	NA	NA	NA	NA	NA	NA
1212250	NA	NA	10000	298960	29.905	0.000357874	-75039	-86067.4	NA	NA	NA	NA	NA	NA	NA	NA	NA	NA
1GJM	NA	NA	10000	319122	31.9154	0.00087508	-78067.6	-79604.8	NA	NA	NA	NA	NA	NA	NA	NA	NA	NA
2023072001-1A	NA	NA	10000	293019	29.3078	7.45648e-05	-67531.3	-137591	NA	NA	NA	NA	NA	NA	NA	NA	NA	NA
2023072002-1A	NA	NA	10000	327687	32.7818	9.50677e-05	-76752.7	-83905.8	NA	NA	NA	NA	NA	NA	NA	NA	NA	NA
2023072003-1A	NA	NA	10000	297295	29.7354	7.61951e-05	-72529.5	-125195	NA	NA	NA	NA	NA	NA	NA	NA	NA	NA
2613	NA	NA	10000	297517	29.7606	0.000550893	-73547.2	-80805	NA	NA	NA	NA	NA	NA	NA	NA	NA	NA
2BT22060700001	NA	NA	10000	501041	50.1091	9.71486e-05	-117605	-122848	NA	NA	NA	NA	NA	NA	NA	NA	NA	NA
2BT22060700002	NA	NA	10000	379492	37.9568	3.53014e-05	-94313	-178257	NA	NA	NA	NA	NA	NA	NA	NA	NA	NA
2BT22060700003	NA	NA	10000	449535	44.958	0.00013111	-106236	-130455	NA	NA	NA	NA	NA	NA	NA	NA	NA	NA
2BT22060700004	NA	NA	10000	317890	31.7922	7.6498e-05	-77892.8	-124122	NA	NA	NA	NA	NA	NA	NA	NA	NA	NA
2BT22060700005	NA	NA	10000	416023	41.6065	0.000155914	-96055.9	-99319.9	NA	NA	NA	NA	NA	NA	NA	NA	NA	NA
2BT22060700006	NA	NA	10000	465865	46.5912	5.89002e-05	-110230	-162937	NA	NA	NA	NA	NA	NA	NA	NA	NA	NA
2BT22060700007	NA	NA	10000	419074	41.9116	0.00121358	-104433	-105082	NA	NA	NA	NA	NA	NA	NA	NA	NA	NA
2BT22060700008	NA	NA	10000	579545	57.9603	0.00118897	-145915	-146721	NA	NA	NA	NA	NA	NA	NA	NA	NA	NA
2BT22060700009	NA	NA	10000	532619	53.2672	0.00145202	-135764	-136430	NA	NA	NA	NA	NA	NA	NA	NA	NA	NA
2BT22060700010	NA	NA	10000	477911	47.8054	0.0010067	-120808	-125730	NA	NA	NA	NA	NA	NA	NA	NA	NA	NA
2BT22060700011	NA	NA	10000	439852	43.9852	0.00138887	-112755	-113852	NA	NA	NA	NA	NA	NA	NA	NA	NA	NA
2BT22060700012	NA	NA	10000	382362	38.24	0.00175048	-98544.5	-99391.6	NA	NA	NA	NA	NA	NA	NA	NA	NA	NA
2BT22060700013	NA	NA	10000	375096	37.5134	0.00135647	-93737.3	-94611.4	NA	NA	NA	NA	NA	NA	NA	NA	NA	NA
2BT22060700014	NA	NA	10000	555088	55.5144	0.000873896	-137309	-137888	NA	NA	NA	NA	NA	NA	NA	NA	NA	NA
2BT22060700015	NA	NA	10000	508947	50.8998	0.00100996	-124859	-125265	NA	NA	NA	NA	NA	NA	NA	NA	NA	NA
2BT22060700016	NA	NA	10000	631958	63.1958	0.00121838	-155170	-156897	NA	NA	NA	NA	NA	NA	NA	NA	NA	NA
2BT22060700017	NA	NA	10000	519571	51.9623	0.00105883	-127274	-127939	NA	NA	NA	NA	NA	NA	NA	NA	NA	NA
2BT22060700018	NA	NA	10000	411198	41.1239	0.00146887	-105501	-105779	NA	NA	NA	NA	NA	NA	NA	NA	NA	NA
2BT22060700019	NA	NA	10000	369547	36.9584	0.00159235	-93353.5	-94882.3	NA	NA	NA	NA	NA	NA	NA	NA	NA	NA
2BT22060700020	NA	NA	10000	372495	37.257	0.00218201	-94349.9	-94990.7	NA	NA	NA	NA	NA	NA	NA	NA	NA	NA
2BT22060700021	NA	NA	10000	428601	42.8644	0.0010331	-108993	-110914	NA	NA	NA	NA	NA	NA	NA	NA	NA	NA
2BT22060700022	NA	NA	10000	396846	39.6925	0.00076765	-100180	-100756	NA	NA	NA	NA	NA	NA	NA	NA	NA	NA
2BT22060700023	NA	NA	10000	560325	56.0381	0.00119237	-136074	-136626	NA	NA	NA	NA	NA	NA	NA	NA	NA	NA
2BT22060700024	NA	NA	10000	614876	61.4937	0.00086357	-152077	-154301	NA	NA	NA	NA	NA	NA	NA	NA	NA	NA
2BT22060700025	NA	NA	10000	603762	60.3822	0.00145653	-148532	-149300	NA	NA	NA	NA	NA	NA	NA	NA	NA	NA
2BT22060700026	NA	NA	10000	522388	52.2388	0.000890599	-127964	-128608	NA	NA	NA	NA	NA	NA	NA	NA	NA	NA
2BT22060700027	NA	NA	10000	500915	50.0915	0.00105746	-125202	-126241	NA	NA	NA	NA	NA	NA	NA	NA	NA	NA
2BT22060700028	NA	NA	10000	454955	45.5046	0.00114912	-114099	-115956	NA	NA	NA	NA	NA	NA	NA	NA	NA	NA
2BT22060700029	NA	NA	10000	525723	52.5776	0.00104989	-131325	-132112	NA	NA	NA	NA	NA	NA	NA	NA	NA	NA
2BT22060700030	NA	NA	10000	477729	47.7729	0.00145634	-118934	-120209	NA	NA	NA	NA	NA	NA	NA	NA	NA	NA
2ZDM	NA	NA	10000	277561	27.7589	0.00062154	-70071.4	-78139.6	NA	NA	NA	NA	NA	NA	NA	NA	NA	NA
3hFib	NA	NA	10000	328383	32.8416	0.000569953	-80117.9	-92715.9	NA	NA	NA	NA	NA	NA	NA	NA	NA	NA
3LJW	NA	NA	10000	294023	29.4052	0.00118783	-73065.5	-74014.1	NA	NA	NA	NA	NA	NA	NA	NA	NA	NA
42LDH	NA	NA	10000	341352	34.1386	0.00035722	-80496.1	-183463	NA	NA	NA	NA	NA	NA	NA	NA	NA	NA
43CJQ	NA	NA	10000	290469	29.0527	0.000775846	-70548.9	-72348.3	NA	NA	NA	NA	NA	NA	NA	NA	NA	NA
45LRH	NA	NA	10000	285459	28.5516	0.00079661	-72088.6	-76450.4	NA	NA	NA	NA	NA	NA	NA	NA	NA	NA
4WQ	NA	NA	10000	322456	32.2456	0.000431315	-77716.3	-171559	NA	NA	NA	NA	NA	NA	NA	NA	NA	NA
56PSL	NA	NA	10000	299209	29.9269	0.00141647	-73560.5	-74313.9	NA	NA	NA	NA	NA	NA	NA	NA	NA	NA
5C3	NA	NA	10000	362262	36.2334	0.000721608	-86708.6	-87166	NA	NA	NA	NA	NA	NA	NA	NA	NA	NA
5CJ	NA	NA	10000	271758	27.184	0.00104953	-67707.2	-71043.7	NA	NA	NA	NA	NA	NA	NA	NA	NA	NA
6ZLF	NA	NA	10000	332286	33.2286	0.000803062	-80922.4	-82036.4	NA	NA	NA	NA	NA	NA	NA	NA	NA	NA
76YXN	NA	NA	10000	290895	29.1011	0.000431279	-71970.2	-110144	NA	NA	NA	NA	NA	NA	NA	NA	NA	NA
77HZH	NA	NA	10000	427355	42.7398	0.00061017	-105391	-115075	NA	NA	NA	NA	NA	NA	NA	NA	NA	NA
7JZW	NA	NA	10000	308134	30.8196	0.000383359	-74417	-117217	NA	NA	NA	NA	NA	NA	NA	NA	NA	NA
82WXQ	NA	NA	10000	289835	28.9864	0.00109551	-71298.1	-72225.5	NA	NA	NA	NA	NA	NA	NA	NA	NA	NA
96WYQ	NA	NA	10000	283271	28.3328	0.00147235	-72149.2	-73109.1	NA	NA	NA	NA	NA	NA	NA	NA	NA	NA
97LYX	NA	NA	10000	289554	28.9583	0.00121573	-69939.7	-70920.6	NA	NA	NA	NA	NA	NA	NA	NA	NA	NA
99LJF	NA	NA	10000	287813	28.7928	0.00101327	-71012.1	-71949.9	NA	NA	NA	NA	NA	NA	NA	NA	NA	NA
A140019A	NA	NA	10000	469993	47.004	4.72023e-05	-113268	-188256	NA	NA	NA	NA	NA	NA	NA	NA	NA	NA
A140135	NA	NA	10000	356904	35.694	3.87499e-08	-88243.7	-175035	NA	NA	NA	NA	NA	NA	NA	NA	NA	NA
A140136	NA	NA	10000	294868	29.4927	0.00014415	-74111.1	-136743	NA	NA	NA	NA	NA	NA	NA	NA	NA	NA
A140227A	NA	NA	10000	404895	40.5017	0.000264304	-98882.1	-103483	NA	NA	NA	NA	NA	NA	NA	NA	NA	NA
A140228A	NA	NA	10000	396001	39.608	0.000122237	-95133	-117246	NA	NA	NA	NA	NA	NA	NA	NA	NA	NA
A140417	NA	NA	10000	362683	36.2719	0.000117684	-89633.7	-177493	NA	NA	NA	NA	NA	NA	NA	NA	NA	NA
A140418	NA	NA	10000	346590	34.6659	0.000345861	-85097.4	-86813.3	NA	NA	NA	NA	NA	NA	NA	NA	NA	NA
A150001A	NA	NA	10000	440446	44.049	0.00140868	-106582	-107206	NA	NA	NA	NA	NA	NA	NA	NA	NA	NA
A160212	NA	NA	10000	283293	28.3378	0.00063003	-77340.9	-80201.6	NA	NA	NA	NA	NA	NA	NA	NA	NA	NA
A160221	NA	NA	10000	300685	30.0745	0.00133714	-76099.2	-78104.5	NA	NA	NA	NA	NA	NA	NA	NA	NA	NA
A160251	NA	NA	10000	286965	28.7051	0.000547127	-72890.3	-75525.5	NA	NA	NA	NA	NA	NA	NA	NA	NA	NA
A160252	NA	NA	10000	281308	28.1364	0.000339991	-71985.3	-101666	NA	NA	NA	NA	NA	NA	NA	NA	NA	NA
A160442A	NA	NA	10000	299779	29.9779	0.000325189	-74160.5	-80543.6	NA	NA	NA	NA	NA	NA	NA	NA	NA	NA
A160485	NA	NA	10000	297944	29.8004	0.000468172	-74696.9	-84479.1	NA	NA	NA	NA	NA	NA	NA	NA	NA	NA
A160647B	NA	NA	10000	273898	27.3953	0.000579928	-69006.2	-70292.3	NA	NA	NA	NA	NA	NA	NA	NA	NA	NA
A160681A	NA	NA	10000	295832	29.5921	0.00243678	-77571.9	-80592.3	NA	NA	NA	NA	NA	NA	NA	NA	NA	NA
A160688B	NA	NA	10000	413085	41.3292	0.00678028	-100523	-101584	NA	NA	NA	NA	NA	NA	NA	NA	NA	NA
A160781	NA	NA	10000	274129	27.4156	0.000916623	-70858.5	-74031.4	NA	NA	NA	NA	NA	NA	NA	NA	NA	NA
A180282	NA	NA	10000	387771	38.7849	0.000215523	-95498.5	-108673	NA	NA	NA	NA	NA	NA	NA	NA	NA	NA
A180285	NA	NA	10000	383886	38.3963	0.000260479	-97469.8	-116188	NA	NA	NA	NA	NA	NA	NA	NA	NA	NA
A180287	NA	NA	10000	376344	37.6382	0.000221126	-90322.5	-133595	NA	NA	NA	NA	NA	NA	NA	NA	NA	NA
A190117A	NA	NA	10000	519683	51.9735	0.00363453	-126346	-126976	NA	NA	NA	NA	NA	NA	NA	NA	NA	NA
A190118A	NA	NA	10000	437240	43.7284	0.000249703	-109431	-116451	NA	NA	NA	NA	NA	NA	NA	NA	NA	NA
A190119A	NA	NA	10000	543418	54.3527	0.000315272	-127679	-128172	NA	NA	NA	NA	NA	NA	NA	NA	NA	NA
A200126	NA	NA	10000	369241	36.9278	0.000947501	-88906.4	-89406.6	NA	NA	NA	NA	NA	NA	NA	NA	NA	NA
A200137	NA	NA	10000	375816	37.5891	1.43087e-05	-90045.2	-167706	NA	NA	NA	NA	NA	NA	NA	NA	NA	NA
A200256	NA	NA	10000	366765	36.6838	9.22312e-05	-92587.4	-103616	NA	NA	NA	NA	NA	NA	NA	NA	NA	NA
A200301	NA	NA	10000	375555	37.5555	3.96506e-05	-91845.7	-151951	NA	NA	NA	NA	NA	NA	NA	NA	NA	NA
A200369	NA	NA	10000	365746	36.5746	0.000231027	-90219.8	-101933	NA	NA	NA	NA	NA	NA	NA	NA	NA	NA
A200407	NA	NA	10000	380601	38.0639	0.000160274	-96807.7	-130592	NA	NA	NA	NA	NA	NA	NA	NA	NA	NA
A200446	NA	NA	10000	376242	37.6317	0.000120036	-92540.5	-126026	NA	NA	NA	NA	NA	NA	NA	NA	NA	NA
A200484	NA	NA	10000	368639	36.875	0.000260649	-91584.6	-111356	NA	NA	NA	NA	NA	NA	NA	NA	NA	NA
A200497	NA	NA	10000	363329	36.3474	0.000121219	-91799.4	-157226	NA	NA	NA	NA	NA	NA	NA	NA	NA	NA
A200501	NA	NA	10000	365210	36.5356	0.00042589	-92058.8	-92258.1	NA	NA	NA	NA	NA	NA	NA	NA	NA	NA
A200579	NA	NA	10000	361547	36.1655	0.00010693	-88770.8	-149142	NA	NA	NA	NA	NA	NA	NA	NA	NA	NA
A200608	NA	NA	10000	365916	36.5953	0.000264893	-90949.9	-94896.9	NA	NA	NA	NA	NA	NA	NA	NA	NA	NA
A200660	NA	NA	10000	371572	37.1646	0.000280515	-91661	-106232	NA	NA	NA	NA	NA	NA	NA	NA	NA	NA
A200668	NA	NA	10000	372542	37.2579	0.000142313	-92600.4	-157368	NA	NA	NA	NA	NA	NA	NA	NA	NA	NA
A210032	NA	NA	10000	383492	38.3607	0.000120712	-94381.3	-152959	NA	NA	NA	NA	NA	NA	NA	NA	NA	NA
A210091	NA	NA	10000	389570	38.9687	0.000219221	-95297.9	-99183.7	NA	NA	NA	NA	NA	NA	NA	NA	NA	NA
A210110	NA	NA	10000	367254	36.7327	0.000111505	-89620.2	-159408	NA	NA	NA	NA	NA	NA	NA	NA	NA	NA
A210150	NA	NA	10000	369584	36.9732	5.23104e-05	-90582.8	-137474	NA	NA	NA	NA	NA	NA	NA	NA	NA	NA
A210466	NA	NA	10000	376227	37.6378	9.76719e-05	-92009.3	-103764	NA	NA	NA	NA	NA	NA	NA	NA	NA	NA
A210540	NA	NA	10000	367684	36.7758	0.000117214	-93076.1	-106759	NA	NA	NA	NA	NA	NA	NA	NA	NA	NA
A210585	NA	NA	10000	378466	37.8617	0.000116583	-92158.2	-149249	NA	NA	NA	NA	NA	NA	NA	NA	NA	NA
A220029	NA	NA	10000	376904	37.7055	0.000170643	-91046.8	-112840	NA	NA	NA	NA	NA	NA	NA	NA	NA	NA
A220039	NA	NA	10000	372331	37.2368	0.000190732	-101963	-108300	NA	NA	NA	NA	NA	NA	NA	NA	NA	NA
A220075	NA	NA	10000	372492	37.2529	0.000113644	-91518.7	-156045	NA	NA	NA	NA	NA	NA	NA	NA	NA	NA
A220153	NA	NA	10000	357984	35.8091	0.000155503	-89560	-142174	NA	NA	NA	NA	NA	NA	NA	NA	NA	NA
A220248	NA	NA	10000	365711	36.5748	0.000144022	-92058	-160912	NA	NA	NA	NA	NA	NA	NA	NA	NA	NA
A220333	NA	NA	10000	377441	37.7554	0.000180045	-91340.9	-94600.3	NA	NA	NA	NA	NA	NA	NA	NA	NA	NA
A230016	NA	NA	10000	365727	36.5837	0.000285825	-90057.6	-92222.6	NA	NA	NA	NA	NA	NA	NA	NA	NA	NA
A230058	NA	NA	10000	378864	37.8902	0.000206108	-92215.2	-118345	NA	NA	NA	NA	NA	NA	NA	NA	NA	NA
A230109	NA	NA	10000	356823	35.6859	0.00024636	-88154.5	-95256.7	NA	NA	NA	NA	NA	NA	NA	NA	NA	NA
A230151	NA	NA	10000	373421	37.3533	0.000432477	-90425.5	-101440	NA	NA	NA	NA	NA	NA	NA	NA	NA	NA
A230238	NA	NA	10000	375309	37.5347	0.000232099	-90942.2	-93768.1	NA	NA	NA	NA	NA	NA	NA	NA	NA	NA
ADD3hetero5_001	NA	NA	10000	432511	43.2511	0.000114494	-108100	-141262	NA	NA	NA	NA	NA	NA	NA	NA	NA	NA
ADD3hetero6_001	NA	NA	10000	306201	30.6232	0.000222393	-80438.2	-121845	NA	NA	NA	NA	NA	NA	NA	NA	NA	NA
ADD3homo7_001	NA	NA	10000	302746	30.2776	0.000741853	-79699.3	-86990.9	NA	NA	NA	NA	NA	NA	NA	NA	NA	NA
BA106A	NA	NA	10000	427172	42.73	8.13928e-05	-105025	-125672	NA	NA	NA	NA	NA	NA	NA	NA	NA	NA
BA116A	NA	NA	10000	412387	41.2428	0.000104424	-98502.2	-126652	NA	NA	NA	NA	NA	NA	NA	NA	NA	NA
BA116B	NA	NA	10000	412343	41.2384	0.00201187	-102245	-102707	NA	NA	NA	NA	NA	NA	NA	NA	NA	NA
BA116C	NA	NA	10000	410374	41.0374	0.00144548	-101182	-101630	NA	NA	NA	NA	NA	NA	NA	NA	NA	NA
BA119A	NA	NA	10000	272445	27.2499	3.26217e-05	-67181.5	-127600	NA	NA	NA	NA	NA	NA	NA	NA	NA	NA
BA119B	NA	NA	10000	278273	27.8329	4.91672e-05	-68918.7	-98031.2	NA	NA	NA	NA	NA	NA	NA	NA	NA	NA
BA119C	NA	NA	10000	281817	28.1873	6.77459e-09	-68857.9	-68857.9	NA	NA	NA	NA	NA	NA	NA	NA	NA	NA
BA127A	NA	NA	10000	424442	42.4527	0.000266863	-105124	-112840	NA	NA	NA	NA	NA	NA	NA	NA	NA	NA
BA13A	NA	NA	10000	261260	26.1338	4.54802e-09	-65101.1	-137521	NA	NA	NA	NA	NA	NA	NA	NA	NA	NA
BA13B	NA	NA	10000	249702	24.9752	4.11746e-09	-62612.5	-62612.5	NA	NA	NA	NA	NA	NA	NA	NA	NA	NA
BA13C	NA	NA	10000	253513	25.3538	1.53962e-08	-63418.1	-134894	NA	NA	NA	NA	NA	NA	NA	NA	NA	NA
BA141A	NA	NA	10000	435071	43.5115	0.00318964	-111621	-112491	NA	NA	NA	NA	NA	NA	NA	NA	NA	NA
BA141B	NA	NA	10000	421303	42.1345	0.00134543	-105540	-105882	NA	NA	NA	NA	NA	NA	NA	NA	NA	NA
BA141C	NA	NA	10000	345527	34.5631	0.00125696	-87406.3	-88337.6	NA	NA	NA	NA	NA	NA	NA	NA	NA	NA
BA176A	NA	NA	10000	435050	43.5137	0.000503552	-104423	-104635	NA	NA	NA	NA	NA	NA	NA	NA	NA	NA
BA18A	NA	NA	10000	219556	21.9578	2.50536e-05	-55921.8	-131821	NA	NA	NA	NA	NA	NA	NA	NA	NA	NA
BA18B	NA	NA	10000	272214	27.2241	4.34186e-05	-67879.6	-125441	NA	NA	NA	NA	NA	NA	NA	NA	NA	NA
BA18C	NA	NA	10000	229856	22.9925	3.50275e-05	-56830.3	-151697	NA	NA	NA	NA	NA	NA	NA	NA	NA	NA
BA297A	NA	NA	10000	407348	40.747	0.00163517	-102657	-103798	NA	NA	NA	NA	NA	NA	NA	NA	NA	NA
BA297B	NA	NA	10000	444327	44.4416	0.0013132	-111386	-111702	NA	NA	NA	NA	NA	NA	NA	NA	NA	NA
BA297C	NA	NA	10000	424766	42.4851	0.00130666	-103417	-104141	NA	NA	NA	NA	NA	NA	NA	NA	NA	NA
BA298A	NA	NA	10000	353320	35.3355	1.05429e-05	-85273.9	-119171	NA	NA	NA	NA	NA	NA	NA	NA	NA	NA
BA298B	NA	NA	10000	323620	32.3717	7.78536e-10	-76888	-172466	NA	NA	NA	NA	NA	NA	NA	NA	NA	NA
BA298C	NA	NA	10000	311218	31.128	1.29643e-08	-79125.5	-79125.5	NA	NA	NA	NA	NA	NA	NA	NA	NA	NA
BA304A	NA	NA	10000	284638	28.4695	1.16305e-08	-69614.3	-69614.3	NA	NA	NA	NA	NA	NA	NA	NA	NA	NA
BA304B	NA	NA	10000	283041	28.3069	8.01393e-05	-69661.7	-126906	NA	NA	NA	NA	NA	NA	NA	NA	NA	NA
BA304C	NA	NA	10000	284840	28.4897	2.42681e-05	-68363.7	-114052	NA	NA	NA	NA	NA	NA	NA	NA	NA	NA
BA3A	NA	NA	10000	371808	37.1957	0.000387194	-91006.1	-95383.6	NA	NA	NA	NA	NA	NA	NA	NA	NA	NA
BA428A	NA	NA	10000	243291	24.3315	0.000110028	-62885.6	-105124	NA	NA	NA	NA	NA	NA	NA	NA	NA	NA
BA428B	NA	NA	10000	260292	26.037	2.16805e-05	-67407.8	-146828	NA	NA	NA	NA	NA	NA	NA	NA	NA	NA
BA428C	NA	NA	10000	252563	25.2614	4.90437e-05	-63246.5	-123457	NA	NA	NA	NA	NA	NA	NA	NA	NA	NA
BA436A	NA	NA	10000	258332	25.8384	4.01769e-05	-64309.2	-138908	NA	NA	NA	NA	NA	NA	NA	NA	NA	NA
BA436B	NA	NA	10000	263176	26.3202	5.61054e-05	-65418.3	-134619	NA	NA	NA	NA	NA	NA	NA	NA	NA	NA
BA436C	NA	NA	10000	240289	24.0313	5.12221e-05	-60650.2	-118290	NA	NA	NA	NA	NA	NA	NA	NA	NA	NA
BA45A	NA	NA	10000	244652	24.4701	1.43086e-08	-62191	-105549	NA	NA	NA	NA	NA	NA	NA	NA	NA	NA
BA45B	NA	NA	10000	312164	31.2164	3.59573e-09	-75760.7	-75760.7	NA	NA	NA	NA	NA	NA	NA	NA	NA	NA
BA45C	NA	NA	10000	240955	24.1003	6.94248e-05	-61727.1	-84277	NA	NA	NA	NA	NA	NA	NA	NA	NA	NA
BA52A	NA	NA	10000	231494	23.1563	6.50046e-05	-58092.1	-75728.1	NA	NA	NA	NA	NA	NA	NA	NA	NA	NA
BA52B	NA	NA	10000	253904	25.3955	5.87522e-05	-63046	-86785.7	NA	NA	NA	NA	NA	NA	NA	NA	NA	NA
BA52C	NA	NA	10000	211380	21.1443	7.66493e-05	-55041.3	-80109.6	NA	NA	NA	NA	NA	NA	NA	NA	NA	NA
BA593A	NA	NA	10000	411666	41.1748	0.000386077	-101321	-104631	NA	NA	NA	NA	NA	NA	NA	NA	NA	NA
BA593B	NA	NA	10000	357277	35.7313	0.000842143	-88668.5	-90085.1	NA	NA	NA	NA	NA	NA	NA	NA	NA	NA
BA593C	NA	NA	10000	446886	44.6931	0.00228356	-111071	-111685	NA	NA	NA	NA	NA	NA	NA	NA	NA	NA
BA597A	NA	NA	10000	226142	22.621	5.77873e-05	-56655.8	-103066	NA	NA	NA	NA	NA	NA	NA	NA	NA	NA
BA597B	NA	NA	10000	274901	27.4983	3.18904e-05	-69504.3	-120456	NA	NA	NA	NA	NA	NA	NA	NA	NA	NA
BA597C	NA	NA	10000	278459	27.8515	2.27397e-08	-69422.3	-69422.3	NA	NA	NA	NA	NA	NA	NA	NA	NA	NA
BA59A	NA	NA	10000	346583	34.6652	1.7184e-05	-81370.6	-96545.7	NA	NA	NA	NA	NA	NA	NA	NA	NA	NA
BA59B	NA	NA	10000	326099	32.6164	3.73452e-09	-79265	-136975	NA	NA	NA	NA	NA	NA	NA	NA	NA	NA
BA59C	NA	NA	10000	275494	27.5522	2.03522e-09	-66206.1	-119225	NA	NA	NA	NA	NA	NA	NA	NA	NA	NA
BA60A	NA	NA	10000	238295	23.839	9.48703e-08	-60025.5	-96067.7	NA	NA	NA	NA	NA	NA	NA	NA	NA	NA
BA60B	NA	NA	10000	224976	22.5044	4.52082e-05	-57016.4	-86020.7	NA	NA	NA	NA	NA	NA	NA	NA	NA	NA
BA60C	NA	NA	10000	254902	25.5004	0.000173404	-63440.7	-81399	NA	NA	NA	NA	NA	NA	NA	NA	NA	NA
BA612A	NA	NA	10000	296976	29.7006	2.35687e-05	-72720.6	-128420	NA	NA	NA	NA	NA	NA	NA	NA	NA	NA
BA612B	NA	NA	10000	298590	29.862	7.84013e-10	-73290.5	-146898	NA	NA	NA	NA	NA	NA	NA	NA	NA	NA
BA612C	NA	NA	10000	302685	30.2715	3.5055e-05	-74520.8	-144321	NA	NA	NA	NA	NA	NA	NA	NA	NA	NA
BA615A	NA	NA	10000	274922	27.4977	5.01308e-10	-67928.3	-152825	NA	NA	NA	NA	NA	NA	NA	NA	NA	NA
BA615B	NA	NA	10000	274134	27.4161	5.45756e-09	-66612.5	-117741	NA	NA	NA	NA	NA	NA	NA	NA	NA	NA
BA615C	NA	NA	10000	295461	29.5491	2.06497e-05	-72896.2	-134715	NA	NA	NA	NA	NA	NA	NA	NA	NA	NA
BA616A	NA	NA	10000	256460	25.6537	2.23399e-05	-64593.2	-130324	NA	NA	NA	NA	NA	NA	NA	NA	NA	NA
BA616B	NA	NA	10000	236749	23.6796	4.21809e-05	-61815.8	-114244	NA	NA	NA	NA	NA	NA	NA	NA	NA	NA
BA616C	NA	NA	10000	303985	30.4046	1.73547e-09	-76414.4	-158600	NA	NA	NA	NA	NA	NA	NA	NA	NA	NA
BA618A	NA	NA	10000	354114	35.422	2.46386e-12	-85567.6	-176012	NA	NA	NA	NA	NA	NA	NA	NA	NA	NA
BA618B	NA	NA	10000	355291	35.5362	1.92746e-05	-86067.2	-105104	NA	NA	NA	NA	NA	NA	NA	NA	NA	NA
BA618C	NA	NA	10000	305558	30.5619	1.1e-05	-74664.7	-154622	NA	NA	NA	NA	NA	NA	NA	NA	NA	NA
BA619A	NA	NA	10000	294398	29.4427	2.57182e-08	-73280.3	-73280.3	NA	NA	NA	NA	NA	NA	NA	NA	NA	NA
BA619B	NA	NA	10000	278067	27.8095	2.39946e-10	-67829.9	-167235	NA	NA	NA	NA	NA	NA	NA	NA	NA	NA
BA619C	NA	NA	10000	267347	26.74	1.62999e-08	-65611.4	-65611.4	NA	NA	NA	NA	NA	NA	NA	NA	NA	NA
BA620A	NA	NA	10000	285290	28.5376	1.98287e-08	-69515.9	-69515.9	NA	NA	NA	NA	NA	NA	NA	NA	NA	NA
BA620B	NA	NA	10000	350039	35.0179	1.78129e-05	-85002.7	-137197	NA	NA	NA	NA	NA	NA	NA	NA	NA	NA
BA620C	NA	NA	10000	288820	28.8907	1.72017e-05	-69630.6	-137003	NA	NA	NA	NA	NA	NA	NA	NA	NA	NA
BA640A	NA	NA	10000	316754	31.6849	0.00018117	-77155.5	-98075.5	NA	NA	NA	NA	NA	NA	NA	NA	NA	NA
BA640B	NA	NA	10000	445191	44.5236	0.00316024	-109584	-110124	NA	NA	NA	NA	NA	NA	NA	NA	NA	NA
BA640C	NA	NA	10000	332733	33.2733	0.000417572	-79519.9	-81482.6	NA	NA	NA	NA	NA	NA	NA	NA	NA	NA
BA644A	NA	NA	10000	346753	34.6857	0.00227239	-86892.2	-87411.2	NA	NA	NA	NA	NA	NA	NA	NA	NA	NA
BA644B	NA	NA	10000	404234	40.4234	0.000127932	-98887.6	-131156	NA	NA	NA	NA	NA	NA	NA	NA	NA	NA
BA644C	NA	NA	10000	322925	32.2957	0.000249808	-79139.4	-88053.8	NA	NA	NA	NA	NA	NA	NA	NA	NA	NA
BA652A	NA	NA	10000	264048	26.4101	2.87324e-08	-68537.7	-68537.7	NA	NA	NA	NA	NA	NA	NA	NA	NA	NA
BA652B	NA	NA	10000	260850	26.0928	6.00242e-09	-66232.4	-66232.4	NA	NA	NA	NA	NA	NA	NA	NA	NA	NA
BA652C	NA	NA	10000	240395	24.0443	2.26208e-09	-62178.6	-132179	NA	NA	NA	NA	NA	NA	NA	NA	NA	NA
BA653A	NA	NA	10000	318378	31.8474	2.59807e-08	-76748.6	-76748.6	NA	NA	NA	NA	NA	NA	NA	NA	NA	NA
BA653B	NA	NA	10000	286549	28.6635	2.7437e-09	-69179.7	-153247	NA	NA	NA	NA	NA	NA	NA	NA	NA	NA
BA653C	NA	NA	10000	345192	34.5227	1.45647e-09	-83836.7	-141854	NA	NA	NA	NA	NA	NA	NA	NA	NA	NA
BA654A	NA	NA	10000	332892	33.2925	3.49401e-09	-80860.4	-80860.4	NA	NA	NA	NA	NA	NA	NA	NA	NA	NA
BA654B	NA	NA	10000	320078	32.0142	1.28254e-08	-78457.2	-78457.2	NA	NA	NA	NA	NA	NA	NA	NA	NA	NA
BA654C	NA	NA	10000	293600	29.3629	2.07463e-09	-71144.4	-148918	NA	NA	NA	NA	NA	NA	NA	NA	NA	NA
BA657A	NA	NA	10000	219789	21.9833	4.69411e-05	-56229.2	-115363	NA	NA	NA	NA	NA	NA	NA	NA	NA	NA
BA657B	NA	NA	10000	236378	23.6425	3.39203e-05	-61570.2	-72946.7	NA	NA	NA	NA	NA	NA	NA	NA	NA	NA
BA657C	NA	NA	10000	254552	25.4654	7.13347e-05	-65151.8	-129076	NA	NA	NA	NA	NA	NA	NA	NA	NA	NA
BA658A	NA	NA	10000	382783	38.286	2.22413e-05	-91966.1	-102324	NA	NA	NA	NA	NA	NA	NA	NA	NA	NA
BA658B	NA	NA	10000	337040	33.7074	1.19358e-08	-81200.2	-81200.2	NA	NA	NA	NA	NA	NA	NA	NA	NA	NA
BA658C	NA	NA	10000	341253	34.1287	1.87429e-05	-82863.4	-133679	NA	NA	NA	NA	NA	NA	NA	NA	NA	NA
BA659A	NA	NA	10000	327756	32.7822	2.2156e-05	-78699.1	-96966.7	NA	NA	NA	NA	NA	NA	NA	NA	NA	NA
BA659B	NA	NA	10000	339312	33.9414	6.85964e-10	-78859.9	-138566	NA	NA	NA	NA	NA	NA	NA	NA	NA	NA
BA659C	NA	NA	10000	354132	35.4167	9.56804e-09	-83935.3	-83935.3	NA	NA	NA	NA	NA	NA	NA	NA	NA	NA
BA660A	NA	NA	10000	319230	31.9326	1.85432e-05	-76597.4	-123750	NA	NA	NA	NA	NA	NA	NA	NA	NA	NA
BA660B	NA	NA	10000	290109	29.0138	2.24105e-08	-71093.7	-71093.7	NA	NA	NA	NA	NA	NA	NA	NA	NA	NA
BA660C	NA	NA	10000	351653	35.1688	9.98924e-10	-82635.4	-177747	NA	NA	NA	NA	NA	NA	NA	NA	NA	NA
BA662A	NA	NA	10000	310096	31.0189	8.34687e-10	-73771.5	-128868	NA	NA	NA	NA	NA	NA	NA	NA	NA	NA
BA662B	NA	NA	10000	304621	30.4682	1.9506e-09	-76796.3	-146459	NA	NA	NA	NA	NA	NA	NA	NA	NA	NA
BA662C	NA	NA	10000	314981	31.5076	1.737e-09	-76418.6	-176328	NA	NA	NA	NA	NA	NA	NA	NA	NA	NA
BA663A	NA	NA	10000	357410	35.7553	1.59425e-05	-85421.3	-91373.1	NA	NA	NA	NA	NA	NA	NA	NA	NA	NA
BA663B	NA	NA	10000	306022	30.6083	9.20379e-09	-76220.2	-76220.2	NA	NA	NA	NA	NA	NA	NA	NA	NA	NA
BA663C	NA	NA	10000	292918	29.3006	4.09257e-09	-73071.4	-149334	NA	NA	NA	NA	NA	NA	NA	NA	NA	NA
BA666A	NA	NA	10000	321320	32.1416	1.1659e-05	-78213.2	-133174	NA	NA	NA	NA	NA	NA	NA	NA	NA	NA
BA666B	NA	NA	10000	289748	28.9806	1.22674e-09	-68652.8	-151605	NA	NA	NA	NA	NA	NA	NA	NA	NA	NA
BA666C	NA	NA	10000	367500	36.7537	1.9607e-05	-88164.6	-128891	NA	NA	NA	NA	NA	NA	NA	NA	NA	NA
BA667A	NA	NA	10000	302088	30.2148	2.23764e-09	-72467.8	-121878	NA	NA	NA	NA	NA	NA	NA	NA	NA	NA
BA667B	NA	NA	10000	305455	30.5486	3.6431e-08	-75795.1	-89480.9	NA	NA	NA	NA	NA	NA	NA	NA	NA	NA
BA667C	NA	NA	10000	328680	32.8746	2.48302e-08	-79589.8	-79589.8	NA	NA	NA	NA	NA	NA	NA	NA	NA	NA
BA668A	NA	NA	10000	332883	33.295	2.52652e-05	-83755.5	-101498	NA	NA	NA	NA	NA	NA	NA	NA	NA	NA
BA668B	NA	NA	10000	344530	34.453	1.48052e-05	-81315.1	-108509	NA	NA	NA	NA	NA	NA	NA	NA	NA	NA
BA668C	NA	NA	10000	375503	37.5578	8.85432e-10	-90138.5	-145240	NA	NA	NA	NA	NA	NA	NA	NA	NA	NA
BA669A	NA	NA	10000	349148	34.9183	2.45172e-05	-83857.5	-98816.3	NA	NA	NA	NA	NA	NA	NA	NA	NA	NA
BA669B	NA	NA	10000	346249	34.6318	1.82029e-05	-82861	-131384	NA	NA	NA	NA	NA	NA	NA	NA	NA	NA
BA669C	NA	NA	10000	339644	33.9678	2.55831e-09	-82944.7	-128991	NA	NA	NA	NA	NA	NA	NA	NA	NA	NA
BA671A	NA	NA	10000	315207	31.5207	3.67398e-09	-78299.5	-131011	NA	NA	NA	NA	NA	NA	NA	NA	NA	NA
BA671B	NA	NA	10000	375163	37.5276	1.22192e-11	-89198.9	-154594	NA	NA	NA	NA	NA	NA	NA	NA	NA	NA
BA671C	NA	NA	10000	351277	35.1277	1.58218e-05	-83757.7	-142620	NA	NA	NA	NA	NA	NA	NA	NA	NA	NA
BA673A	NA	NA	10000	324927	32.4992	3.92192e-10	-77250.3	-168283	NA	NA	NA	NA	NA	NA	NA	NA	NA	NA
BA673B	NA	NA	10000	355096	35.5238	2.63767e-09	-84329.3	-119191	NA	NA	NA	NA	NA	NA	NA	NA	NA	NA
BA673C	NA	NA	10000	310574	31.0667	2.31075e-08	-74930.4	-74930.4	NA	NA	NA	NA	NA	NA	NA	NA	NA	NA
BA674A	NA	NA	10000	450390	45.048	0.00143517	-112216	-112622	NA	NA	NA	NA	NA	NA	NA	NA	NA	NA
BA674B	NA	NA	10000	347010	34.7045	0.00236378	-89179.7	-90479.1	NA	NA	NA	NA	NA	NA	NA	NA	NA	NA
BA674C	NA	NA	10000	359888	35.9888	0.000244653	-88291.3	-94225.1	NA	NA	NA	NA	NA	NA	NA	NA	NA	NA
BA675A	NA	NA	10000	237472	23.7496	8.58876e-08	-58721	-96590.4	NA	NA	NA	NA	NA	NA	NA	NA	NA	NA
BA675B	NA	NA	10000	247025	24.705	6.66693e-09	-61555.5	-152659	NA	NA	NA	NA	NA	NA	NA	NA	NA	NA
BA675C	NA	NA	10000	253567	25.3618	0.00475011	-64092.7	-64700.1	NA	NA	NA	NA	NA	NA	NA	NA	NA	NA
BA676A	NA	NA	10000	306394	30.6486	6.93653e-05	-76429.9	-114430	NA	NA	NA	NA	NA	NA	NA	NA	NA	NA
BA676B	NA	NA	10000	254167	25.4243	3.47082e-05	-68914.3	-153349	NA	NA	NA	NA	NA	NA	NA	NA	NA	NA
BA676C	NA	NA	10000	241420	24.1468	2.20818e-09	-65111.5	-116681	NA	NA	NA	NA	NA	NA	NA	NA	NA	NA
BA677A	NA	NA	10000	242620	24.2693	3.79978e-08	-60750	-133849	NA	NA	NA	NA	NA	NA	NA	NA	NA	NA
BA677B	NA	NA	10000	256452	25.6503	6.00966e-05	-65417.3	-114699	NA	NA	NA	NA	NA	NA	NA	NA	NA	NA
BA677C	NA	NA	10000	268397	26.8478	2.02042e-05	-66835.8	-132915	NA	NA	NA	NA	NA	NA	NA	NA	NA	NA
BA678A	NA	NA	10000	245159	24.5208	5.13545e-05	-61778.8	-87729.1	NA	NA	NA	NA	NA	NA	NA	NA	NA	NA
BA678B	NA	NA	10000	246870	24.6895	0.000133739	-63010.5	-82697.8	NA	NA	NA	NA	NA	NA	NA	NA	NA	NA
BA678C	NA	NA	10000	249191	24.9266	3.50901e-05	-62508.3	-90870.6	NA	NA	NA	NA	NA	NA	NA	NA	NA	NA
BA679A	NA	NA	10000	303847	30.3877	5.83972e-05	-75264	-133656	NA	NA	NA	NA	NA	NA	NA	NA	NA	NA
BA679B	NA	NA	10000	257811	25.7837	3.24913e-05	-65238.4	-134750	NA	NA	NA	NA	NA	NA	NA	NA	NA	NA
BA679C	NA	NA	10000	334824	33.4891	2.91337e-05	-82984.1	-130733	NA	NA	NA	NA	NA	NA	NA	NA	NA	NA
BA680A	NA	NA	10000	256375	25.6426	2.37671e-05	-64614.5	-121965	NA	NA	NA	NA	NA	NA	NA	NA	NA	NA
BA680B	NA	NA	10000	273473	27.3528	8.71252e-05	-67745.8	-126520	NA	NA	NA	NA	NA	NA	NA	NA	NA	NA
BA680C	NA	NA	10000	263045	26.3071	1.60675e-09	-64778.2	-117775	NA	NA	NA	NA	NA	NA	NA	NA	NA	NA
BA681A	NA	NA	10000	236738	23.6833	1.83129e-08	-60590.8	-140550	NA	NA	NA	NA	NA	NA	NA	NA	NA	NA
BA681B	NA	NA	10000	270896	27.0977	2.88146e-05	-67623.7	-78166.9	NA	NA	NA	NA	NA	NA	NA	NA	NA	NA
BA681C	NA	NA	10000	256215	25.6292	3.97158e-09	-63458.8	-140683	NA	NA	NA	NA	NA	NA	NA	NA	NA	NA
BA684A	NA	NA	10000	251423	25.1473	1.46338e-05	-62104.2	-132514	NA	NA	NA	NA	NA	NA	NA	NA	NA	NA
BA684B	NA	NA	10000	244811	24.486	7.96395e-09	-62084.1	-122791	NA	NA	NA	NA	NA	NA	NA	NA	NA	NA
BA684C	NA	NA	10000	270613	27.064	1.68357e-08	-66671.8	-66671.8	NA	NA	NA	NA	NA	NA	NA	NA	NA	NA
BA685A	NA	NA	10000	414519	41.456	0.002204	-104292	-104724	NA	NA	NA	NA	NA	NA	NA	NA	NA	NA
BA685B	NA	NA	10000	334178	33.4245	0.00195104	-85419.2	-85934.5	NA	NA	NA	NA	NA	NA	NA	NA	NA	NA
BA685C	NA	NA	10000	370265	37.0265	0.0016807	-94239.7	-94914.6	NA	NA	NA	NA	NA	NA	NA	NA	NA	NA
BA687A	NA	NA	10000	306988	30.7019	4.92613e-05	-75142.1	-93055.6	NA	NA	NA	NA	NA	NA	NA	NA	NA	NA
BA687B	NA	NA	10000	233279	23.3349	2.36751e-05	-58956.3	-118108	NA	NA	NA	NA	NA	NA	NA	NA	NA	NA
BA687C	NA	NA	10000	268206	26.826	7.19141e-05	-67749.8	-114901	NA	NA	NA	NA	NA	NA	NA	NA	NA	NA
BA691A	NA	NA	10000	300110	30.014	4.35033e-05	-74461.1	-151022	NA	NA	NA	NA	NA	NA	NA	NA	NA	NA
BA691B	NA	NA	10000	266311	26.6391	6.06118e-05	-65512.4	-122498	NA	NA	NA	NA	NA	NA	NA	NA	NA	NA
BA691C	NA	NA	10000	262846	26.2872	4.93912e-05	-65825.6	-83097.3	NA	NA	NA	NA	NA	NA	NA	NA	NA	NA
BA692A	NA	NA	10000	234727	23.475	5.76193e-05	-60123.3	-106127	NA	NA	NA	NA	NA	NA	NA	NA	NA	NA
BA692B	NA	NA	10000	254658	25.4683	6.09954e-09	-64706.3	-141889	NA	NA	NA	NA	NA	NA	NA	NA	NA	NA
BA692C	NA	NA	10000	295968	29.5968	8.22478e-05	-72923.2	-94974.2	NA	NA	NA	NA	NA	NA	NA	NA	NA	NA
BA694A	NA	NA	10000	277940	27.8023	5.8712e-05	-68689.5	-134479	NA	NA	NA	NA	NA	NA	NA	NA	NA	NA
BA694B	NA	NA	10000	252403	25.2529	2.84068e-05	-63237.1	-117010	NA	NA	NA	NA	NA	NA	NA	NA	NA	NA
BA694C	NA	NA	10000	240374	24.0446	4.53104e-05	-59542.1	-89769.3	NA	NA	NA	NA	NA	NA	NA	NA	NA	NA
BA696A	NA	NA	10000	250089	25.0139	1.67977e-05	-61914.7	-139096	NA	NA	NA	NA	NA	NA	NA	NA	NA	NA
BA696B	NA	NA	10000	240034	24.0082	2.80477e-05	-60278.7	-155285	NA	NA	NA	NA	NA	NA	NA	NA	NA	NA
BA696C	NA	NA	10000	242476	24.2525	0.000107796	-60812.2	-62631.2	NA	NA	NA	NA	NA	NA	NA	NA	NA	NA
BA697A	NA	NA	10000	248955	24.903	2.20247e-05	-60840.9	-130116	NA	NA	NA	NA	NA	NA	NA	NA	NA	NA
BA697B	NA	NA	10000	227204	22.7318	4.9079e-08	-57143.7	-129063	NA	NA	NA	NA	NA	NA	NA	NA	NA	NA
BA697C	NA	NA	10000	260083	26.0135	2.93924e-05	-63726.1	-120622	NA	NA	NA	NA	NA	NA	NA	NA	NA	NA
BA700A	NA	NA	10000	301866	30.1866	2.64819e-05	-74983.1	-135467	NA	NA	NA	NA	NA	NA	NA	NA	NA	NA
BA700B	NA	NA	10000	298818	29.8908	9.04874e-09	-73154.2	-73154.2	NA	NA	NA	NA	NA	NA	NA	NA	NA	NA
BA700C	NA	NA	10000	265229	26.5282	4.77478e-05	-66327.5	-119532	NA	NA	NA	NA	NA	NA	NA	NA	NA	NA
BA701A	NA	NA	10000	508813	50.8864	0.00150891	-124224	-124826	NA	NA	NA	NA	NA	NA	NA	NA	NA	NA
BA701B	NA	NA	10000	435997	43.5997	0.000535188	-107037	-108072	NA	NA	NA	NA	NA	NA	NA	NA	NA	NA
BA701C	NA	NA	10000	403462	40.3502	0.00140383	-101320	-101548	NA	NA	NA	NA	NA	NA	NA	NA	NA	NA
BA704A	NA	NA	10000	286946	28.7032	3.5642e-05	-71919.5	-142192	NA	NA	NA	NA	NA	NA	NA	NA	NA	NA
BA704B	NA	NA	10000	279704	27.9704	4.6055e-08	-69719.5	-139763	NA	NA	NA	NA	NA	NA	NA	NA	NA	NA
BA704C	NA	NA	10000	282934	28.2962	2.10073e-08	-72281.7	-121208	NA	NA	NA	NA	NA	NA	NA	NA	NA	NA
BA705A	NA	NA	10000	371471	37.1545	0.00122805	-95209.9	-95712.1	NA	NA	NA	NA	NA	NA	NA	NA	NA	NA
BA705B	NA	NA	10000	420858	42.0858	0.0020261	-103533	-104042	NA	NA	NA	NA	NA	NA	NA	NA	NA	NA
BA705C	NA	NA	10000	476290	47.6338	0.00164455	-119769	-120425	NA	NA	NA	NA	NA	NA	NA	NA	NA	NA
BA706A	NA	NA	10000	290183	29.0212	7.48976e-05	-71104.2	-99688.3	NA	NA	NA	NA	NA	NA	NA	NA	NA	NA
BA706B	NA	NA	10000	316039	31.6102	2.38467e-05	-78196.3	-94465.3	NA	NA	NA	NA	NA	NA	NA	NA	NA	NA
BA706C	NA	NA	10000	272160	27.2242	5.62849e-05	-67425.4	-89080.5	NA	NA	NA	NA	NA	NA	NA	NA	NA	NA
BA707A	NA	NA	10000	319967	31.9967	2.67123e-08	-80831.7	-131481	NA	NA	NA	NA	NA	NA	NA	NA	NA	NA
BA707B	NA	NA	10000	275671	27.5726	1.84509e-05	-69544.2	-154046	NA	NA	NA	NA	NA	NA	NA	NA	NA	NA
BA707C	NA	NA	10000	302480	30.2601	2.15798e-07	-77664.9	-85153.7	NA	NA	NA	NA	NA	NA	NA	NA	NA	NA
BA709A	NA	NA	10000	297319	29.7408	4.80789e-05	-72231.8	-119836	NA	NA	NA	NA	NA	NA	NA	NA	NA	NA
BA709B	NA	NA	10000	262825	26.2851	9.49861e-05	-64651.3	-76373.5	NA	NA	NA	NA	NA	NA	NA	NA	NA	NA
BA709C	NA	NA	10000	271821	27.1848	3.41143e-05	-65725	-135644	NA	NA	NA	NA	NA	NA	NA	NA	NA	NA
BA711A	NA	NA	10000	446848	44.6937	0.00129168	-111156	-112903	NA	NA	NA	NA	NA	NA	NA	NA	NA	NA
BA711B	NA	NA	10000	411524	41.1565	0.00033107	-99856.6	-100358	NA	NA	NA	NA	NA	NA	NA	NA	NA	NA
BA711C	NA	NA	10000	440929	44.0973	0.00150408	-112898	-113464	NA	NA	NA	NA	NA	NA	NA	NA	NA	NA
BA712A	NA	NA	10000	382732	38.277	3.354e-05	-91954.4	-173815	NA	NA	NA	NA	NA	NA	NA	NA	NA	NA
BA712B	NA	NA	10000	371747	37.1784	0.00146339	-91249.6	-91643	NA	NA	NA	NA	NA	NA	NA	NA	NA	NA
BA712C	NA	NA	10000	408883	40.8965	0.000338294	-99479.6	-100685	NA	NA	NA	NA	NA	NA	NA	NA	NA	NA
BA714A	NA	NA	10000	425239	42.5324	0.00148835	-105754	-106170	NA	NA	NA	NA	NA	NA	NA	NA	NA	NA
BA714B	NA	NA	10000	428102	42.823	0.00175767	-105393	-105918	NA	NA	NA	NA	NA	NA	NA	NA	NA	NA
BA714C	NA	NA	10000	354626	35.4697	0.00132148	-88962.2	-90896.6	NA	NA	NA	NA	NA	NA	NA	NA	NA	NA
BA717A	NA	NA	10000	451362	45.1452	0.00126625	-110651	-110922	NA	NA	NA	NA	NA	NA	NA	NA	NA	NA
BA717B	NA	NA	10000	414582	41.4582	0.00129249	-102429	-103291	NA	NA	NA	NA	NA	NA	NA	NA	NA	NA
BA717C	NA	NA	10000	476748	47.6891	0.00110356	-115543	-116059	NA	NA	NA	NA	NA	NA	NA	NA	NA	NA
BA718A	NA	NA	10000	347283	34.7352	0.00224242	-88480.3	-89509.8	NA	NA	NA	NA	NA	NA	NA	NA	NA	NA
BA718B	NA	NA	10000	448802	44.8802	0.00130421	-113358	-113705	NA	NA	NA	NA	NA	NA	NA	NA	NA	NA
BA718C	NA	NA	10000	343441	34.351	0.000243241	-83752.4	-93127.9	NA	NA	NA	NA	NA	NA	NA	NA	NA	NA
BA719A	NA	NA	10000	340149	34.0183	0.000278676	-83856.1	-129294	NA	NA	NA	NA	NA	NA	NA	NA	NA	NA
BA719B	NA	NA	10000	468440	46.844	0.000797688	-114103	-117488	NA	NA	NA	NA	NA	NA	NA	NA	NA	NA
BA719C	NA	NA	10000	330307	33.0373	0.00155985	-83985.5	-84443.1	NA	NA	NA	NA	NA	NA	NA	NA	NA	NA
BA721A	NA	NA	10000	337289	33.7356	0.000258908	-86064.8	-151020	NA	NA	NA	NA	NA	NA	NA	NA	NA	NA
BA721B	NA	NA	10000	482779	48.2827	0.000227161	-115824	-119803	NA	NA	NA	NA	NA	NA	NA	NA	NA	NA
BA721C	NA	NA	10000	412986	41.3027	0.000173193	-101774	-111449	NA	NA	NA	NA	NA	NA	NA	NA	NA	NA
BA77A	NA	NA	10000	286436	28.6493	2.43666e-08	-70367.2	-70367.2	NA	NA	NA	NA	NA	NA	NA	NA	NA	NA
BA77B	NA	NA	10000	331306	33.1372	1.05997e-05	-80184.9	-145473	NA	NA	NA	NA	NA	NA	NA	NA	NA	NA
BA77C	NA	NA	10000	276536	27.6647	1.5268e-08	-70514	-70514	NA	NA	NA	NA	NA	NA	NA	NA	NA	NA
BASC1C	NA	NA	10000	335001	33.5035	2.39069e-10	-81451.6	-186514	NA	NA	NA	NA	NA	NA	NA	NA	NA	NA
B-FS25063001	NA	NA	10000	270654	27.0762	0.000113288	-66509.7	-117893	NA	NA	NA	NA	NA	NA	NA	NA	NA	NA
B-FS25071001	NA	NA	10000	301870	30.1991	0.000110555	-73249.6	-169745	NA	NA	NA	NA	NA	NA	NA	NA	NA	NA
B-FS25071402	NA	NA	10000	300631	30.0691	7.31497e-05	-75198.2	-159428	NA	NA	NA	NA	NA	NA	NA	NA	NA	NA
B-FS25072101	NA	NA	10000	299920	29.998	0.00013166	-72816	-95255.5	NA	NA	NA	NA	NA	NA	NA	NA	NA	NA
B-FS25072303	NA	NA	10000	297009	29.7068	5.94932e-05	-71728.8	-135061	NA	NA	NA	NA	NA	NA	NA	NA	NA	NA
B-FS25072501	NA	NA	10000	297572	29.7661	0.000248563	-74229.9	-90674.2	NA	NA	NA	NA	NA	NA	NA	NA	NA	NA
B-FS25072801	NA	NA	10000	325734	32.5767	0.000104993	-81542.7	-129221	NA	NA	NA	NA	NA	NA	NA	NA	NA	NA
B-FS25072901	NA	NA	10000	287519	28.7605	8.14396e-05	-70155.4	-147182	NA	NA	NA	NA	NA	NA	NA	NA	NA	NA
B-FS25073001	NA	NA	10000	299445	29.9505	0.00014193	-73863	-132298	NA	NA	NA	NA	NA	NA	NA	NA	NA	NA
B-FS25080401	NA	NA	10000	254957	25.5008	4.97419e-05	-64118.7	-109194	NA	NA	NA	NA	NA	NA	NA	NA	NA	NA
C150C	NA	NA	10000	316876	31.6908	0.000126616	-79065.4	-106101	NA	NA	NA	NA	NA	NA	NA	NA	NA	NA
C153C	NA	NA	10000	297296	29.7326	0.000170559	-75456.9	-139660	NA	NA	NA	NA	NA	NA	NA	NA	NA	NA
C15C	NA	NA	10000	343623	34.3692	8.88116e-05	-85679	-175308	NA	NA	NA	NA	NA	NA	NA	NA	NA	NA
C15	NA	NA	10000	367705	36.7705	0.000471128	-89132.5	-92385.1	NA	NA	NA	NA	NA	NA	NA	NA	NA	NA
C20C	NA	NA	10000	351392	35.1497	0.000462456	-87688.4	-88552.4	NA	NA	NA	NA	NA	NA	NA	NA	NA	NA
C21C	NA	NA	10000	326802	32.6835	0.000803469	-80116.2	-81358.6	NA	NA	NA	NA	NA	NA	NA	NA	NA	NA
C227C	NA	NA	10000	385209	38.5248	7.9711e-05	-93805.1	-171993	NA	NA	NA	NA	NA	NA	NA	NA	NA	NA
C25C	NA	NA	10000	355490	35.5526	0.000158852	-85211.8	-134438	NA	NA	NA	NA	NA	NA	NA	NA	NA	NA
C26C	NA	NA	10000	338255	33.8357	0.000146204	-81754.9	-158972	NA	NA	NA	NA	NA	NA	NA	NA	NA	NA
C272C	NA	NA	10000	315408	31.544	0.000159703	-78593.7	-154632	NA	NA	NA	NA	NA	NA	NA	NA	NA	NA
C275C	NA	NA	10000	317290	31.7353	0.000103801	-76815.6	-128819	NA	NA	NA	NA	NA	NA	NA	NA	NA	NA
C276C	NA	NA	10000	327529	32.7595	0.000200612	-83017.6	-107081	NA	NA	NA	NA	NA	NA	NA	NA	NA	NA
C277C	NA	NA	10000	330312	33.0411	0.000114845	-79649	-113923	NA	NA	NA	NA	NA	NA	NA	NA	NA	NA
C278C	NA	NA	10000	306769	30.6861	0.000472634	-74559.5	-75794.8	NA	NA	NA	NA	NA	NA	NA	NA	NA	NA
C281C	NA	NA	10000	267924	26.7951	6.59041e-05	-66116.8	-164580	NA	NA	NA	NA	NA	NA	NA	NA	NA	NA
C29C	NA	NA	10000	345708	34.5743	0.000495778	-85508.8	-88014.4	NA	NA	NA	NA	NA	NA	NA	NA	NA	NA
C312C	NA	NA	10000	288806	28.8835	0.000153498	-72236	-96378.6	NA	NA	NA	NA	NA	NA	NA	NA	NA	NA
C313C	NA	NA	10000	306101	30.6162	7.91783e-05	-75692.7	-158651	NA	NA	NA	NA	NA	NA	NA	NA	NA	NA
C316C	NA	NA	10000	304314	30.4314	0.0362631	-83858.6	-90179.1	NA	NA	NA	NA	NA	NA	NA	NA	NA	NA
C31C	NA	NA	10000	353415	35.345	0.00198201	-87427	-88040.5	NA	NA	NA	NA	NA	NA	NA	NA	NA	NA
C322C	NA	NA	10000	290310	29.0339	0.00041742	-71639.6	-73880.9	NA	NA	NA	NA	NA	NA	NA	NA	NA	NA
C330C	NA	NA	10000	316862	31.6894	6.83624e-05	-79314.2	-146775	NA	NA	NA	NA	NA	NA	NA	NA	NA	NA
C335C	NA	NA	10000	310099	31.0099	8.96437e-05	-75076	-102478	NA	NA	NA	NA	NA	NA	NA	NA	NA	NA
C337C	NA	NA	10000	293609	29.3609	9.3972e-05	-73943.9	-108318	NA	NA	NA	NA	NA	NA	NA	NA	NA	NA
C338C	NA	NA	10000	298560	29.865	2.50622e-05	-75568.6	-147149	NA	NA	NA	NA	NA	NA	NA	NA	NA	NA
C340C	NA	NA	10000	290563	29.0621	0.000607257	-70441.6	-70903.2	NA	NA	NA	NA	NA	NA	NA	NA	NA	NA
C36C	NA	NA	10000	336181	33.6248	0.000158265	-84822.2	-132709	NA	NA	NA	NA	NA	NA	NA	NA	NA	NA
C38C	NA	NA	10000	345549	34.5549	0.000464511	-83964.1	-85762.3	NA	NA	NA	NA	NA	NA	NA	NA	NA	NA
C39C	NA	NA	10000	324984	32.5017	0.000123795	-81775.1	-177226	NA	NA	NA	NA	NA	NA	NA	NA	NA	NA
C41C	NA	NA	10000	346836	34.6871	0.000163085	-85835.4	-98064.1	NA	NA	NA	NA	NA	NA	NA	NA	NA	NA
C421C	NA	NA	10000	308236	30.8267	0.000183905	-76264.6	-79760.1	NA	NA	NA	NA	NA	NA	NA	NA	NA	NA
C42C	NA	NA	10000	321660	32.1692	0.000452418	-81071.5	-82371.3	NA	NA	NA	NA	NA	NA	NA	NA	NA	NA
C45C	NA	NA	10000	346146	34.6215	0.000178407	-85766.8	-120991	NA	NA	NA	NA	NA	NA	NA	NA	NA	NA
C463C	NA	NA	10000	305455	30.5486	0.000401483	-75952.1	-79236.6	NA	NA	NA	NA	NA	NA	NA	NA	NA	NA
C468C	NA	NA	10000	295430	29.5519	0.000413737	-74136.5	-77783	NA	NA	NA	NA	NA	NA	NA	NA	NA	NA
C46C	NA	NA	10000	320657	32.0689	0.000402683	-79220.7	-85523.2	NA	NA	NA	NA	NA	NA	NA	NA	NA	NA
C488C	NA	NA	10000	307664	30.7695	0.000347922	-75320	-76958.1	NA	NA	NA	NA	NA	NA	NA	NA	NA	NA
C491C	NA	NA	10000	299761	29.9821	0.000119591	-74307.6	-112378	NA	NA	NA	NA	NA	NA	NA	NA	NA	NA
C492C	NA	NA	10000	309295	30.9295	0.000383175	-74827.9	-79795.7	NA	NA	NA	NA	NA	NA	NA	NA	NA	NA
C493C	NA	NA	10000	273476	27.3503	0.00547233	-67171.9	-67852.4	NA	NA	NA	NA	NA	NA	NA	NA	NA	NA
C494C	NA	NA	10000	305887	30.5918	0.00141145	-74612.1	-75790.2	NA	NA	NA	NA	NA	NA	NA	NA	NA	NA
C496C	NA	NA	10000	383510	38.3548	0.000231321	-92935.5	-115403	NA	NA	NA	NA	NA	NA	NA	NA	NA	NA
C499C	NA	NA	10000	314761	31.4855	0.000196389	-79692.1	-102561	NA	NA	NA	NA	NA	NA	NA	NA	NA	NA
C49C	NA	NA	10000	300555	30.0585	0.000413235	-75114.8	-76361.3	NA	NA	NA	NA	NA	NA	NA	NA	NA	NA
C500C	NA	NA	10000	307459	30.749	0.000106234	-74929.1	-147556	NA	NA	NA	NA	NA	NA	NA	NA	NA	NA
C502C	NA	NA	10000	356424	35.6495	0.00019212	-85046.3	-86405.7	NA	NA	NA	NA	NA	NA	NA	NA	NA	NA
C507C	NA	NA	10000	313467	31.353	0.000133641	-76478.3	-84883.4	NA	NA	NA	NA	NA	NA	NA	NA	NA	NA
C509C	NA	NA	10000	376177	37.6252	6.01425e-05	-90783.5	-157705	NA	NA	NA	NA	NA	NA	NA	NA	NA	NA
C50C	NA	NA	10000	322023	32.2055	0.000244308	-79321.2	-84576.1	NA	NA	NA	NA	NA	NA	NA	NA	NA	NA
C512C	NA	NA	10000	345961	34.6065	0.000102639	-81569.5	-173609	NA	NA	NA	NA	NA	NA	NA	NA	NA	NA
C513C	NA	NA	10000	346225	34.626	6.93864e-05	-81883.6	-117453	NA	NA	NA	NA	NA	NA	NA	NA	NA	NA
C514C	NA	NA	10000	315218	31.5218	8.19395e-05	-76332.8	-156979	NA	NA	NA	NA	NA	NA	NA	NA	NA	NA
C515C	NA	NA	10000	180286	18.034	0.000170555	-46794.3	-138952	NA	NA	NA	NA	NA	NA	NA	NA	NA	NA
C517C	NA	NA	10000	345214	34.5283	9.02639e-05	-82761.7	-172521	NA	NA	NA	NA	NA	NA	NA	NA	NA	NA
C521C	NA	NA	10000	285782	28.5839	0.000185972	-71480.4	-145439	NA	NA	NA	NA	NA	NA	NA	NA	NA	NA
C524C	NA	NA	10000	289659	28.9717	0.000276401	-73639.8	-75791.2	NA	NA	NA	NA	NA	NA	NA	NA	NA	NA
C527C	NA	NA	10000	356571	35.6642	3.50862e-05	-86211.5	-173328	NA	NA	NA	NA	NA	NA	NA	NA	NA	NA
C531C	NA	NA	10000	369553	36.9553	8.57661e-05	-87031.1	-169211	NA	NA	NA	NA	NA	NA	NA	NA	NA	NA
C533C	NA	NA	10000	369659	36.977	0.000131636	-86761.9	-147729	NA	NA	NA	NA	NA	NA	NA	NA	NA	NA
C535C	NA	NA	10000	318997	31.9061	0.000113476	-78910.4	-185052	NA	NA	NA	NA	NA	NA	NA	NA	NA	NA
C53C	NA	NA	10000	327936	32.7969	0.000313929	-81539.8	-92163.1	NA	NA	NA	NA	NA	NA	NA	NA	NA	NA
C542C	NA	NA	10000	343618	34.3687	0.0163106	-90041.7	-93290.4	NA	NA	NA	NA	NA	NA	NA	NA	NA	NA
C568C	NA	NA	10000	285726	28.5755	0.000662259	-71296.6	-75323.3	NA	NA	NA	NA	NA	NA	NA	NA	NA	NA
C569C	NA	NA	10000	281371	28.1399	0.000430989	-70400.5	-71060.7	NA	NA	NA	NA	NA	NA	NA	NA	NA	NA
C570C	NA	NA	10000	305015	30.5137	8.3968e-05	-70833.4	-96267.1	NA	NA	NA	NA	NA	NA	NA	NA	NA	NA
C571C	NA	NA	10000	325227	32.5292	0.000143105	-80070.4	-147405	NA	NA	NA	NA	NA	NA	NA	NA	NA	NA
C572C	NA	NA	10000	310577	31.067	0.000203648	-78205.4	-78884.4	NA	NA	NA	NA	NA	NA	NA	NA	NA	NA
C573C	NA	NA	10000	305046	30.5107	0.000281567	-77198.6	-80533.3	NA	NA	NA	NA	NA	NA	NA	NA	NA	NA
C574C	NA	NA	10000	300563	30.0593	0.000205544	-74701.3	-95082.9	NA	NA	NA	NA	NA	NA	NA	NA	NA	NA
C575C	NA	NA	10000	311302	31.1333	6.28165e-05	-76090.3	-110810	NA	NA	NA	NA	NA	NA	NA	NA	NA	NA
C576C	NA	NA	10000	283104	28.3161	0.000365763	-70144.1	-71482	NA	NA	NA	NA	NA	NA	NA	NA	NA	NA
C578C	NA	NA	10000	321670	32.1702	0.000119187	-81114.7	-139857	NA	NA	NA	NA	NA	NA	NA	NA	NA	NA
C579C	NA	NA	10000	333163	33.323	0.00101291	-81468.4	-82637.5	NA	NA	NA	NA	NA	NA	NA	NA	NA	NA
C580C	NA	NA	10000	318289	31.8385	0.0231223	-84764.5	-89050.2	NA	NA	NA	NA	NA	NA	NA	NA	NA	NA
C582C	NA	NA	10000	283686	28.3714	0.000133589	-71091.1	-136018	NA	NA	NA	NA	NA	NA	NA	NA	NA	NA
C584C	NA	NA	10000	328259	32.8325	6.07957e-05	-82154.1	-166113	NA	NA	NA	NA	NA	NA	NA	NA	NA	NA
C589C	NA	NA	10000	297797	29.7827	0.000205133	-72682.2	-122494	NA	NA	NA	NA	NA	NA	NA	NA	NA	NA
C598C	NA	NA	10000	364058	36.4131	0.000421368	-84627	-87308.8	NA	NA	NA	NA	NA	NA	NA	NA	NA	NA
C5C	NA	NA	10000	319094	31.9126	0.000192024	-77244	-120262	NA	NA	NA	NA	NA	NA	NA	NA	NA	NA
C603C	NA	NA	10000	277958	27.8041	6.05239e-05	-68926.5	-131358	NA	NA	NA	NA	NA	NA	NA	NA	NA	NA
C605C	NA	NA	10000	277766	27.7849	0.000152609	-70613.2	-143831	NA	NA	NA	NA	NA	NA	NA	NA	NA	NA
C607C	NA	NA	10000	313900	31.3963	0.000280958	-75733.4	-77665.2	NA	NA	NA	NA	NA	NA	NA	NA	NA	NA
C608C	NA	NA	10000	300850	30.088	5.88759e-05	-73616.9	-149993	NA	NA	NA	NA	NA	NA	NA	NA	NA	NA
C609C	NA	NA	10000	313176	31.3207	7.40094e-05	-73514.8	-164324	NA	NA	NA	NA	NA	NA	NA	NA	NA	NA
C610C	NA	NA	10000	312855	31.2855	6.96567e-05	-73384.5	-120004	NA	NA	NA	NA	NA	NA	NA	NA	NA	NA
C611C	NA	NA	10000	292333	29.2362	0.000199329	-67538.9	-123339	NA	NA	NA	NA	NA	NA	NA	NA	NA	NA
C612C	NA	NA	10000	289489	28.9489	0.00011922	-71002.9	-113862	NA	NA	NA	NA	NA	NA	NA	NA	NA	NA
C613C	NA	NA	10000	305815	30.5846	0.000209953	-76358.1	-91767.1	NA	NA	NA	NA	NA	NA	NA	NA	NA	NA
C615C	NA	NA	10000	373078	37.3115	6.66119e-05	-89176.5	-157172	NA	NA	NA	NA	NA	NA	NA	NA	NA	NA
C616C	NA	NA	10000	385641	38.568	8.30672e-05	-93005.2	-124622	NA	NA	NA	NA	NA	NA	NA	NA	NA	NA
C617C	NA	NA	10000	363261	36.3261	0.000109979	-87325.4	-94709.1	NA	NA	NA	NA	NA	NA	NA	NA	NA	NA
C618C	NA	NA	10000	378756	37.8794	0.000173752	-90882.4	-141248	NA	NA	NA	NA	NA	NA	NA	NA	NA	NA
C619C	NA	NA	10000	374962	37.5112	7.64749e-05	-90586.7	-169710	NA	NA	NA	NA	NA	NA	NA	NA	NA	NA
C620C	NA	NA	10000	383294	38.3332	0.000146928	-93244	-150234	NA	NA	NA	NA	NA	NA	NA	NA	NA	NA
C623C	NA	NA	10000	378205	37.8281	0.000100205	-91351.4	-121412	NA	NA	NA	NA	NA	NA	NA	NA	NA	NA
C626C	NA	NA	10000	355111	35.5111	8.39471e-05	-86781.1	-94379.6	NA	NA	NA	NA	NA	NA	NA	NA	NA	NA
C628C	NA	NA	10000	371554	37.1554	9.15635e-05	-91025.4	-192446	NA	NA	NA	NA	NA	NA	NA	NA	NA	NA
C631C	NA	NA	10000	369656	36.9693	0.00025232	-88063.6	-89757.5	NA	NA	NA	NA	NA	NA	NA	NA	NA	NA
C632C	NA	NA	10000	346407	34.6442	0.000243181	-85380.3	-95423.5	NA	NA	NA	NA	NA	NA	NA	NA	NA	NA
C633C	NA	NA	10000	363003	36.3039	0.00019096	-89521.7	-117951	NA	NA	NA	NA	NA	NA	NA	NA	NA	NA
C634C	NA	NA	10000	354155	35.419	2.32144e-05	-88613.7	-145537	NA	NA	NA	NA	NA	NA	NA	NA	NA	NA
C635C	NA	NA	10000	339794	33.9828	0.000216253	-82458.6	-84766.3	NA	NA	NA	NA	NA	NA	NA	NA	NA	NA
C636C	NA	NA	10000	336524	33.6524	0.000111357	-81068.4	-133174	NA	NA	NA	NA	NA	NA	NA	NA	NA	NA
C639C	NA	NA	10000	392563	39.2602	0.000217205	-95357.6	-123107	NA	NA	NA	NA	NA	NA	NA	NA	NA	NA
C63C	NA	NA	10000	335699	33.5733	0.00121278	-83927.8	-86009.5	NA	NA	NA	NA	NA	NA	NA	NA	NA	NA
C640C	NA	NA	10000	392276	39.2315	8.33765e-05	-97208.6	-163589	NA	NA	NA	NA	NA	NA	NA	NA	NA	NA
C641C	NA	NA	10000	391028	39.1106	9.04235e-05	-92387	-153629	NA	NA	NA	NA	NA	NA	NA	NA	NA	NA
C642C	NA	NA	10000	398564	39.8644	7.50575e-05	-98361.1	-189946	NA	NA	NA	NA	NA	NA	NA	NA	NA	NA
C644C	NA	NA	10000	398574	39.8654	8.07478e-05	-95818.4	-155296	NA	NA	NA	NA	NA	NA	NA	NA	NA	NA
C645C	NA	NA	10000	389893	38.9893	2.0753e-11	-89756.9	-181756	NA	NA	NA	NA	NA	NA	NA	NA	NA	NA
C646C	NA	NA	10000	314716	31.4747	0.000341526	-78947.7	-84534.1	NA	NA	NA	NA	NA	NA	NA	NA	NA	NA
C647C	NA	NA	10000	324287	32.4352	0.000115135	-78917	-136991	NA	NA	NA	NA	NA	NA	NA	NA	NA	NA
C648C	NA	NA	10000	322421	32.2421	3.62633e-05	-77530.9	-122750	NA	NA	NA	NA	NA	NA	NA	NA	NA	NA
C650C	NA	NA	10000	328435	32.8501	6.57261e-05	-81594.4	-162195	NA	NA	NA	NA	NA	NA	NA	NA	NA	NA
C651C	NA	NA	10000	327741	32.7807	8.72627e-05	-80614.6	-163163	NA	NA	NA	NA	NA	NA	NA	NA	NA	NA
C653C	NA	NA	10000	334902	33.5003	5.49106e-05	-81957.9	-137739	NA	NA	NA	NA	NA	NA	NA	NA	NA	NA
C654C	NA	NA	10000	329826	32.9859	6.8974e-05	-78400.5	-84314.1	NA	NA	NA	NA	NA	NA	NA	NA	NA	NA
C655C	NA	NA	10000	326167	32.6232	9.91733e-05	-79868.5	-169144	NA	NA	NA	NA	NA	NA	NA	NA	NA	NA
C656C	NA	NA	10000	325170	32.5203	0.000188192	-78978.3	-160041	NA	NA	NA	NA	NA	NA	NA	NA	NA	NA
C657C	NA	NA	10000	309887	30.9949	0.000203947	-77346.6	-78912.1	NA	NA	NA	NA	NA	NA	NA	NA	NA	NA
C658C	NA	NA	10000	337458	33.7559	0.00102169	-83576.1	-84204.8	NA	NA	NA	NA	NA	NA	NA	NA	NA	NA
C659C	NA	NA	10000	348195	34.823	0.00121505	-86852.4	-87582.7	NA	NA	NA	NA	NA	NA	NA	NA	NA	NA
C661C	NA	NA	10000	376472	37.651	0.00116871	-90812.4	-91233.3	NA	NA	NA	NA	NA	NA	NA	NA	NA	NA
C663C	NA	NA	10000	366413	36.656	0.00121308	-88107.2	-88477.4	NA	NA	NA	NA	NA	NA	NA	NA	NA	NA
C664C	NA	NA	10000	397605	39.7645	0.00179106	-98207.7	-98486.1	NA	NA	NA	NA	NA	NA	NA	NA	NA	NA
C665C	NA	NA	10000	374882	37.4957	0.00168885	-92365	-93239.4	NA	NA	NA	NA	NA	NA	NA	NA	NA	NA
C666C	NA	NA	10000	310615	31.0677	0.00121827	-75890	-77020	NA	NA	NA	NA	NA	NA	NA	NA	NA	NA
C667C	NA	NA	10000	334375	33.4408	0.0721286	-97157.8	-109814	NA	NA	NA	NA	NA	NA	NA	NA	NA	NA
C668C	NA	NA	10000	318878	31.891	0.00123022	-79138.5	-79543.9	NA	NA	NA	NA	NA	NA	NA	NA	NA	NA
C669C	NA	NA	10000	398856	39.8936	0.166354	-129061	-153067	NA	NA	NA	NA	NA	NA	NA	NA	NA	NA
C670C	NA	NA	10000	365100	36.521	0.00135931	-90332.7	-91390.9	NA	NA	NA	NA	NA	NA	NA	NA	NA	NA
C671C	NA	NA	10000	357400	35.7507	0.00108481	-88517.2	-88980.6	NA	NA	NA	NA	NA	NA	NA	NA	NA	NA
C672C	NA	NA	10000	384880	38.4918	0.00105444	-91421.7	-91843.4	NA	NA	NA	NA	NA	NA	NA	NA	NA	NA
C673C	NA	NA	10000	397853	39.7893	0.00169416	-94430.9	-94866.2	NA	NA	NA	NA	NA	NA	NA	NA	NA	NA
C674C	NA	NA	10000	339423	33.9491	0.0018987	-82921.8	-83170.6	NA	NA	NA	NA	NA	NA	NA	NA	NA	NA
C675C	NA	NA	10000	365327	36.5327	0.00234012	-89624.1	-90173.2	NA	NA	NA	NA	NA	NA	NA	NA	NA	NA
C676C	NA	NA	10000	364947	36.5057	0.00519613	-90958.1	-91806	NA	NA	NA	NA	NA	NA	NA	NA	NA	NA
C677C	NA	NA	10000	265582	26.5609	0.00170892	-67258.2	-67654.4	NA	NA	NA	NA	NA	NA	NA	NA	NA	NA
C678C	NA	NA	10000	304278	30.4308	0.158379	-100263	-116714	NA	NA	NA	NA	NA	NA	NA	NA	NA	NA
C680C	NA	NA	10000	299694	29.9784	0.0028714	-74337.3	-74731.1	NA	NA	NA	NA	NA	NA	NA	NA	NA	NA
C681C	NA	NA	10000	398137	39.8177	0.001904	-95334.3	-95689.8	NA	NA	NA	NA	NA	NA	NA	NA	NA	NA
C682C	NA	NA	10000	360140	36.014	0.00183827	-87405.9	-87777.6	NA	NA	NA	NA	NA	NA	NA	NA	NA	NA
C683C	NA	NA	10000	346622	34.6622	0.00207654	-83805.6	-84414.7	NA	NA	NA	NA	NA	NA	NA	NA	NA	NA
C684C	NA	NA	10000	348563	34.8668	0.00101206	-84645.8	-84983.9	NA	NA	NA	NA	NA	NA	NA	NA	NA	NA
C685C	NA	NA	10000	331148	33.1181	0.00160217	-81279.4	-81610.8	NA	NA	NA	NA	NA	NA	NA	NA	NA	NA
C687C	NA	NA	10000	305588	30.5619	0.00090569	-75351.5	-76533.2	NA	NA	NA	NA	NA	NA	NA	NA	NA	NA
C688C	NA	NA	10000	333482	33.3515	0.00192875	-79887.4	-80306.9	NA	NA	NA	NA	NA	NA	NA	NA	NA	NA
C689C	NA	NA	10000	342530	34.2564	0.00147296	-82865.7	-83997.2	NA	NA	NA	NA	NA	NA	NA	NA	NA	NA
C68C	NA	NA	10000	317205	31.7268	0.00203601	-80680.4	-81677.2	NA	NA	NA	NA	NA	NA	NA	NA	NA	NA
C690C	NA	NA	10000	316721	31.6816	0.000520731	-80241.3	-81327	NA	NA	NA	NA	NA	NA	NA	NA	NA	NA
C691C	NA	NA	10000	319825	31.9857	0.00100764	-79422	-79873.2	NA	NA	NA	NA	NA	NA	NA	NA	NA	NA
C692C	NA	NA	10000	307998	30.806	0.00167649	-76752.7	-77532.8	NA	NA	NA	NA	NA	NA	NA	NA	NA	NA
C694C	NA	NA	10000	353298	35.3369	0.00126361	-86056.8	-86352.8	NA	NA	NA	NA	NA	NA	NA	NA	NA	NA
C696C	NA	NA	10000	355601	35.5672	0.00117849	-87500.3	-88010	NA	NA	NA	NA	NA	NA	NA	NA	NA	NA
C697C	NA	NA	10000	327118	32.7216	0.00253371	-80203.3	-80875.4	NA	NA	NA	NA	NA	NA	NA	NA	NA	NA
C698C	NA	NA	10000	373394	37.3506	0.00168802	-90135.9	-90428.7	NA	NA	NA	NA	NA	NA	NA	NA	NA	NA
C699C	NA	NA	10000	379404	37.948	0.00174589	-92061.6	-92436.2	NA	NA	NA	NA	NA	NA	NA	NA	NA	NA
C69C	NA	NA	10000	169494	16.9528	0.000337065	-44784.1	-82791.1	NA	NA	NA	NA	NA	NA	NA	NA	NA	NA
C6C	NA	NA	10000	362256	36.2256	0.000903623	-90058.5	-93130.1	NA	NA	NA	NA	NA	NA	NA	NA	NA	NA
C702C	NA	NA	10000	378044	37.812	0.00107079	-92553.1	-93103.1	NA	NA	NA	NA	NA	NA	NA	NA	NA	NA
C704C	NA	NA	10000	361873	36.1945	0.0169057	-95618.7	-99748.5	NA	NA	NA	NA	NA	NA	NA	NA	NA	NA
C705C	NA	NA	10000	406221	40.6262	0.0018168	-97637.6	-98130.1	NA	NA	NA	NA	NA	NA	NA	NA	NA	NA
C706C	NA	NA	10000	356738	35.6774	0.00114909	-87608.6	-89671.7	NA	NA	NA	NA	NA	NA	NA	NA	NA	NA
C708C	NA	NA	10000	290607	29.0665	0.00144697	-70627.3	-73660	NA	NA	NA	NA	NA	NA	NA	NA	NA	NA
C710C	NA	NA	10000	287423	28.7452	0.00194212	-70369.3	-71076	NA	NA	NA	NA	NA	NA	NA	NA	NA	NA
C712C	NA	NA	10000	386942	38.6942	0.000857112	-91432.7	-91785.4	NA	NA	NA	NA	NA	NA	NA	NA	NA	NA
C713C	NA	NA	10000	362893	36.2893	0.00138035	-88528.3	-89206.2	NA	NA	NA	NA	NA	NA	NA	NA	NA	NA
C714C	NA	NA	10000	370171	37.0171	0.00107327	-90950	-91216.8	NA	NA	NA	NA	NA	NA	NA	NA	NA	NA
C715C	NA	NA	10000	370875	37.0949	0.00112619	-90094.9	-92486.1	NA	NA	NA	NA	NA	NA	NA	NA	NA	NA
C716C	NA	NA	10000	370535	37.0609	0.0014745	-92183.3	-92514.1	NA	NA	NA	NA	NA	NA	NA	NA	NA	NA
C717C	NA	NA	10000	340602	34.067	0.000858119	-83749.7	-85494.2	NA	NA	NA	NA	NA	NA	NA	NA	NA	NA
C718C	NA	NA	10000	350742	35.0812	0.00218113	-86506.9	-87052.6	NA	NA	NA	NA	NA	NA	NA	NA	NA	NA
C719C	NA	NA	10000	363173	36.3209	0.00136691	-88939.1	-90665.7	NA	NA	NA	NA	NA	NA	NA	NA	NA	NA
C720C	NA	NA	10000	333923	33.399	0.00180987	-82220.1	-82609	NA	NA	NA	NA	NA	NA	NA	NA	NA	NA
C721C	NA	NA	10000	369514	36.9551	0.0021985	-91346.2	-92022.9	NA	NA	NA	NA	NA	NA	NA	NA	NA	NA
C722C	NA	NA	10000	305836	30.5897	0.00189479	-78188.7	-78503	NA	NA	NA	NA	NA	NA	NA	NA	NA	NA
C723C	NA	NA	10000	370328	37.0439	0.00182538	-91204.7	-91702.1	NA	NA	NA	NA	NA	NA	NA	NA	NA	NA
C724C	NA	NA	10000	301943	30.2034	0.0014967	-75347.3	-77056.3	NA	NA	NA	NA	NA	NA	NA	NA	NA	NA
C725C	NA	NA	10000	318023	31.8087	0.00578354	-80000.2	-82043.9	NA	NA	NA	NA	NA	NA	NA	NA	NA	NA
C726C	NA	NA	10000	328190	32.819	0.00268538	-80809.6	-81254.9	NA	NA	NA	NA	NA	NA	NA	NA	NA	NA
C727C	NA	NA	10000	320321	32.0385	0.00277805	-79619.9	-80121.1	NA	NA	NA	NA	NA	NA	NA	NA	NA	NA
C728C	NA	NA	10000	358811	35.8811	0.00190894	-87900.8	-88318.3	NA	NA	NA	NA	NA	NA	NA	NA	NA	NA
C729C	NA	NA	10000	352378	35.2413	0.0038097	-85731.9	-86374.1	NA	NA	NA	NA	NA	NA	NA	NA	NA	NA
C72C	NA	NA	10000	323945	32.4042	0.000114145	-78050.9	-116863	NA	NA	NA	NA	NA	NA	NA	NA	NA	NA
C730C	NA	NA	10000	409479	40.952	0.00351482	-99701.7	-100383	NA	NA	NA	NA	NA	NA	NA	NA	NA	NA
C731C	NA	NA	10000	324820	32.4852	0.00222196	-82032.3	-82476.7	NA	NA	NA	NA	NA	NA	NA	NA	NA	NA
C732C	NA	NA	10000	317270	31.7302	0.302548	-127387	-149424	NA	NA	NA	NA	NA	NA	NA	NA	NA	NA
C733C	NA	NA	10000	333255	33.3322	0.00311195	-83002.8	-83521	NA	NA	NA	NA	NA	NA	NA	NA	NA	NA
C734C	NA	NA	10000	354477	35.4512	0.00243241	-85506.9	-86237.2	NA	NA	NA	NA	NA	NA	NA	NA	NA	NA
C735C	NA	NA	10000	316203	31.6266	0.00283217	-79416.4	-79830.5	NA	NA	NA	NA	NA	NA	NA	NA	NA	NA
C736C	NA	NA	10000	329850	32.9883	0.0027737	-80935.3	-81565.8	NA	NA	NA	NA	NA	NA	NA	NA	NA	NA
C737C	NA	NA	10000	374419	37.4494	0.0027228	-92254.8	-92777.3	NA	NA	NA	NA	NA	NA	NA	NA	NA	NA
C738C	NA	NA	10000	297437	29.7556	0.00686836	-74864.1	-76052.5	NA	NA	NA	NA	NA	NA	NA	NA	NA	NA
C739C	NA	NA	10000	325508	32.5606	0.00464336	-80324.8	-81061.3	NA	NA	NA	NA	NA	NA	NA	NA	NA	NA
C73C	NA	NA	10000	317312	31.7375	0.00013237	-77566.3	-135856	NA	NA	NA	NA	NA	NA	NA	NA	NA	NA
C740C	NA	NA	10000	295824	29.5883	0.00684336	-74441.1	-75545.5	NA	NA	NA	NA	NA	NA	NA	NA	NA	NA
C741C	NA	NA	10000	268538	26.8592	0.000134855	-66649.7	-104653	NA	NA	NA	NA	NA	NA	NA	NA	NA	NA
C742C	NA	NA	10000	272136	27.2163	0.00659458	-70732.7	-71733.6	NA	NA	NA	NA	NA	NA	NA	NA	NA	NA
C743C	NA	NA	10000	289061	28.909	0.00582871	-73169.2	-73982.6	NA	NA	NA	NA	NA	NA	NA	NA	NA	NA
C745C	NA	NA	10000	289387	28.9416	0.00564678	-74077.6	-74950.3	NA	NA	NA	NA	NA	NA	NA	NA	NA	NA
C746C	NA	NA	10000	333062	33.3095	0.00488654	-83522.6	-84277.7	NA	NA	NA	NA	NA	NA	NA	NA	NA	NA
C748C	NA	NA	10000	260877	26.0903	4.87051e-05	-64919.3	-161044	NA	NA	NA	NA	NA	NA	NA	NA	NA	NA
C749C	NA	NA	10000	327234	32.7234	0.00159786	-80385	-80563.5	NA	NA	NA	NA	NA	NA	NA	NA	NA	NA
C74C	NA	NA	10000	309934	30.9965	0.000174132	-76142.4	-115071	NA	NA	NA	NA	NA	NA	NA	NA	NA	NA
C750C	NA	NA	10000	283744	28.3801	0.00127235	-68958.2	-69594.3	NA	NA	NA	NA	NA	NA	NA	NA	NA	NA
C751C	NA	NA	10000	329362	32.9461	0.0013473	-84257.8	-84772.7	NA	NA	NA	NA	NA	NA	NA	NA	NA	NA
C752C	NA	NA	10000	355230	35.5301	0.0015988	-89499.2	-89882.1	NA	NA	NA	NA	NA	NA	NA	NA	NA	NA
C753C	NA	NA	10000	343074	34.3108	0.000838804	-84678.8	-85025.5	NA	NA	NA	NA	NA	NA	NA	NA	NA	NA
C754C	NA	NA	10000	349941	34.9976	0.000950136	-86108.4	-86767.4	NA	NA	NA	NA	NA	NA	NA	NA	NA	NA
C755C	NA	NA	10000	349013	34.9083	0.00147982	-83522.7	-83717.8	NA	NA	NA	NA	NA	NA	NA	NA	NA	NA
C756C	NA	NA	10000	324449	32.4481	0.00140823	-79165.2	-79316.3	NA	NA	NA	NA	NA	NA	NA	NA	NA	NA
C757C	NA	NA	10000	317279	31.7342	0.00105817	-77655.3	-78198	NA	NA	NA	NA	NA	NA	NA	NA	NA	NA
C758C	NA	NA	10000	367619	36.7693	0.00280494	-91338.3	-92000.4	NA	NA	NA	NA	NA	NA	NA	NA	NA	NA
C759C	NA	NA	10000	323660	32.3725	0.00147101	-80294.6	-80650	NA	NA	NA	NA	NA	NA	NA	NA	NA	NA
C760C	NA	NA	10000	276696	27.6724	0.00148678	-69609.2	-70171.6	NA	NA	NA	NA	NA	NA	NA	NA	NA	NA
C761C	NA	NA	10000	277988	27.8044	0.00155873	-70170	-70595	NA	NA	NA	NA	NA	NA	NA	NA	NA	NA
C764C	NA	NA	10000	312208	31.2208	0.00230321	-78276	-78623.8	NA	NA	NA	NA	NA	NA	NA	NA	NA	NA
C765C	NA	NA	10000	375402	37.544	0.00135529	-89855.3	-90194.9	NA	NA	NA	NA	NA	NA	NA	NA	NA	NA
C766C	NA	NA	10000	337242	33.7343	0.00162888	-82753.6	-83103.6	NA	NA	NA	NA	NA	NA	NA	NA	NA	NA
C768C	NA	NA	10000	341036	34.107	0.00144658	-86426.7	-87231.1	NA	NA	NA	NA	NA	NA	NA	NA	NA	NA
C769C	NA	NA	10000	322120	32.2152	0.00219064	-79852.7	-80858.5	NA	NA	NA	NA	NA	NA	NA	NA	NA	NA
C76C	NA	NA	10000	263079	26.3132	0.000776499	-65965.7	-67117.7	NA	NA	NA	NA	NA	NA	NA	NA	NA	NA
C770C	NA	NA	10000	311239	31.127	0.00253305	-77940.6	-78412.3	NA	NA	NA	NA	NA	NA	NA	NA	NA	NA
C771C	NA	NA	10000	331086	33.1119	0.0024444	-82261.4	-82998.7	NA	NA	NA	NA	NA	NA	NA	NA	NA	NA
C772C	NA	NA	10000	376684	37.6759	0.00360462	-90443.4	-91251	NA	NA	NA	NA	NA	NA	NA	NA	NA	NA
C773C	NA	NA	10000	312166	31.2228	0.00249038	-78210.6	-78530.6	NA	NA	NA	NA	NA	NA	NA	NA	NA	NA
C776C	NA	NA	10000	297013	29.7102	0.00156433	-74306.8	-74679.5	NA	NA	NA	NA	NA	NA	NA	NA	NA	NA
C777C	NA	NA	10000	302915	30.2976	0.00328465	-75270.1	-75853.2	NA	NA	NA	NA	NA	NA	NA	NA	NA	NA
C779C	NA	NA	10000	317590	31.7654	0.00307612	-79356.5	-79770.5	NA	NA	NA	NA	NA	NA	NA	NA	NA	NA
C780C	NA	NA	10000	327495	32.7495	0.00224692	-80619.2	-81356.1	NA	NA	NA	NA	NA	NA	NA	NA	NA	NA
C781C	NA	NA	10000	302950	30.3041	0.00152281	-77420.2	-78685.3	NA	NA	NA	NA	NA	NA	NA	NA	NA	NA
C782C	NA	NA	10000	315770	31.5833	0.0030869	-78009.6	-78505.8	NA	NA	NA	NA	NA	NA	NA	NA	NA	NA
C783C	NA	NA	10000	315119	31.5245	0.00362048	-78393.5	-78982.2	NA	NA	NA	NA	NA	NA	NA	NA	NA	NA
C784C	NA	NA	10000	313030	31.303	0.0046289	-77320.1	-78037.3	NA	NA	NA	NA	NA	NA	NA	NA	NA	NA
C786C	NA	NA	10000	319937	32.0001	0.010755	-78730.8	-79984.8	NA	NA	NA	NA	NA	NA	NA	NA	NA	NA
C787C	NA	NA	10000	393589	39.3707	0.00441987	-99007.1	-100017	NA	NA	NA	NA	NA	NA	NA	NA	NA	NA
C788C	NA	NA	10000	349074	34.9144	0.00456127	-86789.3	-87595.1	NA	NA	NA	NA	NA	NA	NA	NA	NA	NA
C789C	NA	NA	10000	322563	32.2628	0.00269783	-80408.2	-80857.3	NA	NA	NA	NA	NA	NA	NA	NA	NA	NA
C790C	NA	NA	10000	308545	30.8545	0.00288192	-76866	-77319	NA	NA	NA	NA	NA	NA	NA	NA	NA	NA
C791C	NA	NA	10000	332915	33.2982	0.00359708	-82903.3	-83492.1	NA	NA	NA	NA	NA	NA	NA	NA	NA	NA
C792C	NA	NA	10000	359351	35.9387	0.000324998	-85521.4	-88357.1	NA	NA	NA	NA	NA	NA	NA	NA	NA	NA
C793C	NA	NA	10000	360958	36.1066	0.000111189	-87755.4	-176695	NA	NA	NA	NA	NA	NA	NA	NA	NA	NA
C794C	NA	NA	10000	348144	34.8179	7.89191e-05	-84672.4	-191914	NA	NA	NA	NA	NA	NA	NA	NA	NA	NA
C795C	NA	NA	10000	361522	36.1594	0.000105682	-89447.2	-117990	NA	NA	NA	NA	NA	NA	NA	NA	NA	NA
C796C	NA	NA	10000	337914	33.7914	0.000978967	-82653.4	-82841.1	NA	NA	NA	NA	NA	NA	NA	NA	NA	NA
C82C	NA	NA	10000	309449	30.9511	0.00151638	-78451.4	-79741	NA	NA	NA	NA	NA	NA	NA	NA	NA	NA
C85C	NA	NA	10000	315253	31.5285	0.000219168	-77631	-105123	NA	NA	NA	NA	NA	NA	NA	NA	NA	NA
C8C	NA	NA	10000	351166	35.1201	0.000366511	-86466.1	-88133.6	NA	NA	NA	NA	NA	NA	NA	NA	NA	NA
caikaiqifu	NA	NA	10000	383560	38.356	0.00017383	-91093	-125366	NA	NA	NA	NA	NA	NA	NA	NA	NA	NA
caikaiqimu	NA	NA	10000	368815	36.8889	4.96454e-05	-88331.7	-156291	NA	NA	NA	NA	NA	NA	NA	NA	NA	NA
caikaiqi	NA	NA	10000	379077	37.9191	5.03722e-05	-90269.9	-143914	NA	NA	NA	NA	NA	NA	NA	NA	NA	NA
caitaiyufu	NA	NA	10000	380377	38.0491	0.000340488	-91492.8	-94147	NA	NA	NA	NA	NA	NA	NA	NA	NA	NA
caitaiyumu	NA	NA	10000	346298	34.6333	0.000400141	-84617.6	-86886	NA	NA	NA	NA	NA	NA	NA	NA	NA	NA
caitaiyu	NA	NA	10000	367805	36.7915	0.000869289	-87879.7	-89013.6	NA	NA	NA	NA	NA	NA	NA	NA	NA	NA
caomainafu	NA	NA	10000	341412	34.1446	0.000893334	-82555.2	-83273	NA	NA	NA	NA	NA	NA	NA	NA	NA	NA
caowenxinmu	NA	NA	10000	367018	36.7091	8.27353e-05	-89990.7	-111038	NA	NA	NA	NA	NA	NA	NA	NA	NA	NA
CC11A	NA	NA	10000	305243	30.5243	0.0008293	-76989.2	-78900.1	NA	NA	NA	NA	NA	NA	NA	NA	NA	NA
CC11B	NA	NA	10000	310232	31.0263	0.000858849	-80582.5	-82197.1	NA	NA	NA	NA	NA	NA	NA	NA	NA	NA
CC11C	NA	NA	10000	314494	31.4588	0.000208029	-81176.9	-142442	NA	NA	NA	NA	NA	NA	NA	NA	NA	NA
CC12A	NA	NA	10000	347448	34.7518	0.000686046	-85433	-90053.3	NA	NA	NA	NA	NA	NA	NA	NA	NA	NA
CC12B	NA	NA	10000	327263	32.7328	0.000480052	-84859.2	-93605.2	NA	NA	NA	NA	NA	NA	NA	NA	NA	NA
CC12C	NA	NA	10000	333023	33.3056	0.000424948	-85204.1	-88755.1	NA	NA	NA	NA	NA	NA	NA	NA	NA	NA
CC153A	NA	NA	10000	481764	48.1812	0.00135731	-113638	-114229	NA	NA	NA	NA	NA	NA	NA	NA	NA	NA
CC153B	NA	NA	10000	522107	52.2264	0.00166207	-124953	-125273	NA	NA	NA	NA	NA	NA	NA	NA	NA	NA
CC153C	NA	NA	10000	463952	46.4138	0.0020959	-112516	-112900	NA	NA	NA	NA	NA	NA	NA	NA	NA	NA
CC176A	NA	NA	10000	691977	69.2185	0.000208664	-160603	-164906	NA	NA	NA	NA	NA	NA	NA	NA	NA	NA
CC176B	NA	NA	10000	565270	56.5383	0.00185221	-133768	-134117	NA	NA	NA	NA	NA	NA	NA	NA	NA	NA
CC176C	NA	NA	10000	520391	52.0495	0.00231778	-128637	-129208	NA	NA	NA	NA	NA	NA	NA	NA	NA	NA
CC224A	NA	NA	10000	511914	51.2016	0.00203801	-120588	-120899	NA	NA	NA	NA	NA	NA	NA	NA	NA	NA
CC224B	NA	NA	10000	368557	36.8631	0.00221551	-93342.2	-93704.7	NA	NA	NA	NA	NA	NA	NA	NA	NA	NA
CC224C	NA	NA	10000	595729	59.5848	0.00144121	-144573	-144867	NA	NA	NA	NA	NA	NA	NA	NA	NA	NA
CC267A	NA	NA	10000	455862	45.5862	0.00259823	-113315	-113707	NA	NA	NA	NA	NA	NA	NA	NA	NA	NA
CC267B	NA	NA	10000	453784	45.3829	0.00198147	-112449	-112719	NA	NA	NA	NA	NA	NA	NA	NA	NA	NA
CC267C	NA	NA	10000	530523	53.0576	0.00749013	-131646	-133447	NA	NA	NA	NA	NA	NA	NA	NA	NA	NA
CC279A	NA	NA	10000	437857	43.7857	0.00201602	-110508	-110996	NA	NA	NA	NA	NA	NA	NA	NA	NA	NA
CC279B	NA	NA	10000	532592	53.2699	0.00188201	-126884	-127167	NA	NA	NA	NA	NA	NA	NA	NA	NA	NA
CC279C	NA	NA	10000	652855	65.292	4.18384e-05	-151089	-177420	NA	NA	NA	NA	NA	NA	NA	NA	NA	NA
CC280A	NA	NA	10000	448202	44.8247	0.00235328	-113102	-113590	NA	NA	NA	NA	NA	NA	NA	NA	NA	NA
CC280B	NA	NA	10000	531196	53.1196	0.00151765	-129078	-129440	NA	NA	NA	NA	NA	NA	NA	NA	NA	NA
CC280C	NA	NA	10000	439283	43.9371	0.00178105	-111270	-111705	NA	NA	NA	NA	NA	NA	NA	NA	NA	NA
CC283A	NA	NA	10000	560328	56.0328	0.00215772	-136524	-136971	NA	NA	NA	NA	NA	NA	NA	NA	NA	NA
CC283B	NA	NA	10000	330993	33.1059	0.00013541	-80871.5	-122757	NA	NA	NA	NA	NA	NA	NA	NA	NA	NA
CC283C	NA	NA	10000	455922	45.6013	0.00189529	-111473	-111921	NA	NA	NA	NA	NA	NA	NA	NA	NA	NA
CC285A	NA	NA	10000	504325	50.4375	0.00210826	-122292	-122972	NA	NA	NA	NA	NA	NA	NA	NA	NA	NA
CC285B	NA	NA	10000	354192	35.4298	0.000303919	-89518.5	-105025	NA	NA	NA	NA	NA	NA	NA	NA	NA	NA
CC285C	NA	NA	10000	326651	32.6749	0.00283577	-83922.3	-84511.5	NA	NA	NA	NA	NA	NA	NA	NA	NA	NA
CC288A	NA	NA	10000	437680	43.7768	0.00109621	-106828	-110284	NA	NA	NA	NA	NA	NA	NA	NA	NA	NA
CC288B	NA	NA	10000	341440	34.1474	0.000508247	-82662.4	-85418.8	NA	NA	NA	NA	NA	NA	NA	NA	NA	NA
CC288C	NA	NA	10000	386219	38.6296	0.000233279	-92728.8	-106650	NA	NA	NA	NA	NA	NA	NA	NA	NA	NA
CC289A	NA	NA	10000	318329	31.8425	0.000516396	-78910.5	-79546.6	NA	NA	NA	NA	NA	NA	NA	NA	NA	NA
CC289B	NA	NA	10000	445534	44.5623	0.000502135	-105976	-106596	NA	NA	NA	NA	NA	NA	NA	NA	NA	NA
CC289C	NA	NA	10000	437117	43.7248	0.000506388	-105490	-105638	NA	NA	NA	NA	NA	NA	NA	NA	NA	NA
CC42A	NA	NA	10000	569540	56.9597	0.00113683	-135968	-136378	NA	NA	NA	NA	NA	NA	NA	NA	NA	NA
CC42B	NA	NA	10000	453921	45.3921	0.00214698	-114176	-114439	NA	NA	NA	NA	NA	NA	NA	NA	NA	NA
CC42C	NA	NA	10000	287974	28.8032	0.000832585	-74621	-76030.4	NA	NA	NA	NA	NA	NA	NA	NA	NA	NA
CCAM37A	NA	NA	10000	414271	41.4395	0.000267171	-100434	-102958	NA	NA	NA	NA	NA	NA	NA	NA	NA	NA
CCAM37C	NA	NA	10000	456475	45.6521	0.000447324	-111098	-112797	NA	NA	NA	NA	NA	NA	NA	NA	NA	NA
CCAM49A	NA	NA	10000	485068	48.5165	0.00201128	-122676	-123466	NA	NA	NA	NA	NA	NA	NA	NA	NA	NA
CCAM49B	NA	NA	10000	394324	39.4403	0.00190812	-100581	-100928	NA	NA	NA	NA	NA	NA	NA	NA	NA	NA
CCAM49C	NA	NA	10000	392804	39.2961	0.00154369	-99329.6	-99834.1	NA	NA	NA	NA	NA	NA	NA	NA	NA	NA
CCAM51A	NA	NA	10000	464139	46.4139	0.0014805	-110872	-111320	NA	NA	NA	NA	NA	NA	NA	NA	NA	NA
CCAM51B	NA	NA	10000	531515	53.1568	0.00145805	-130535	-131596	NA	NA	NA	NA	NA	NA	NA	NA	NA	NA
CCAM51C	NA	NA	10000	515486	51.5589	0.0017226	-123988	-124357	NA	NA	NA	NA	NA	NA	NA	NA	NA	NA
CCAM52A	NA	NA	10000	494406	49.4505	0.0020115	-122773	-123801	NA	NA	NA	NA	NA	NA	NA	NA	NA	NA
CCAM52B	NA	NA	10000	421800	42.18	0.00139033	-102685	-103061	NA	NA	NA	NA	NA	NA	NA	NA	NA	NA
CCAM52C	NA	NA	10000	506500	50.6551	0.00178783	-123486	-124045	NA	NA	NA	NA	NA	NA	NA	NA	NA	NA
CCAM53A	NA	NA	10000	549743	54.9743	0.00133609	-136751	-137209	NA	NA	NA	NA	NA	NA	NA	NA	NA	NA
CCAM53B	NA	NA	10000	382940	38.294	0.0013889	-94023.4	-94404.2	NA	NA	NA	NA	NA	NA	NA	NA	NA	NA
CCAM53C	NA	NA	10000	463489	46.3489	0.00151167	-114681	-115733	NA	NA	NA	NA	NA	NA	NA	NA	NA	NA
CCAM55A	NA	NA	10000	470319	47.0413	0.00171362	-112596	-112904	NA	NA	NA	NA	NA	NA	NA	NA	NA	NA
CCAM55B	NA	NA	10000	474790	47.4885	0.00163643	-113850	-114378	NA	NA	NA	NA	NA	NA	NA	NA	NA	NA
CCAM55C	NA	NA	10000	473398	47.3493	0.0016959	-111740	-112147	NA	NA	NA	NA	NA	NA	NA	NA	NA	NA
CCMA37B	NA	NA	10000	484445	48.4445	0.00167612	-118346	-118764	NA	NA	NA	NA	NA	NA	NA	NA	NA	NA
CD_BA10A	NA	NA	10000	356516	35.6587	0.000884704	-87680.3	-89084.6	NA	NA	NA	NA	NA	NA	NA	NA	NA	NA
CD_BA10B	NA	NA	10000	351380	35.138	0.00106025	-88565.2	-90101.2	NA	NA	NA	NA	NA	NA	NA	NA	NA	NA
CD_BA10C	NA	NA	10000	343795	34.3829	0.00165344	-86099.3	-87155.1	NA	NA	NA	NA	NA	NA	NA	NA	NA	NA
CD_BA11A	NA	NA	10000	366342	36.6415	4.81054e-05	-89600.1	-101888	NA	NA	NA	NA	NA	NA	NA	NA	NA	NA
CD_BA11B	NA	NA	10000	345760	34.5864	0.000394021	-89559.9	-183672	NA	NA	NA	NA	NA	NA	NA	NA	NA	NA
CD_BA11C	NA	NA	10000	342710	34.2744	0.00121645	-87653.5	-88534.9	NA	NA	NA	NA	NA	NA	NA	NA	NA	NA
CD_BA12A	NA	NA	10000	369468	36.9542	0.000143343	-88475.2	-93264.7	NA	NA	NA	NA	NA	NA	NA	NA	NA	NA
CD_BA12B	NA	NA	10000	366097	36.617	0.000297246	-90802.6	-95473.5	NA	NA	NA	NA	NA	NA	NA	NA	NA	NA
CD_BA12C	NA	NA	10000	366096	36.6169	0.000144573	-88109	-98333.7	NA	NA	NA	NA	NA	NA	NA	NA	NA	NA
CD_BA13A	NA	NA	10000	367812	36.7922	0.000179666	-88808.8	-91826.8	NA	NA	NA	NA	NA	NA	NA	NA	NA	NA
CD_BA13B	NA	NA	10000	368352	36.8463	0.000982829	-86878.3	-88059.1	NA	NA	NA	NA	NA	NA	NA	NA	NA	NA
CD_BA13C	NA	NA	10000	363861	36.397	0.000269202	-86757.2	-94376.9	NA	NA	NA	NA	NA	NA	NA	NA	NA	NA
CD_BA14A	NA	NA	10000	368593	36.8667	2.73821e-05	-88584.8	-164390	NA	NA	NA	NA	NA	NA	NA	NA	NA	NA
CD_BA14B	NA	NA	10000	369928	36.9965	4.4091e-05	-91920.7	-170518	NA	NA	NA	NA	NA	NA	NA	NA	NA	NA
CD_BA14C	NA	NA	10000	363320	36.3393	0.000535965	-86768.5	-87592.5	NA	NA	NA	NA	NA	NA	NA	NA	NA	NA
CD_BA15A	NA	NA	10000	375711	37.5786	0.000304428	-91984.8	-115280	NA	NA	NA	NA	NA	NA	NA	NA	NA	NA
CD_BA15B	NA	NA	10000	365628	36.5665	0.000777464	-90300.6	-90873.9	NA	NA	NA	NA	NA	NA	NA	NA	NA	NA
CD_BA15C	NA	NA	10000	366350	36.6423	6.73658e-05	-88021.7	-153275	NA	NA	NA	NA	NA	NA	NA	NA	NA	NA
CD_BA16A	NA	NA	10000	373747	37.3822	0.000297017	-91533.8	-101022	NA	NA	NA	NA	NA	NA	NA	NA	NA	NA
CD_BA16B	NA	NA	10000	365244	36.5317	0.000306873	-87089.3	-96319.7	NA	NA	NA	NA	NA	NA	NA	NA	NA	NA
CD_BA16C	NA	NA	10000	370287	37.155	0.000270404	-92507.3	-108196	NA	NA	NA	NA	NA	NA	NA	NA	NA	NA
CD_BA17A	NA	NA	10000	339439	33.9473	0.000101144	-82169.7	-84662.5	NA	NA	NA	NA	NA	NA	NA	NA	NA	NA
CD_BA17B	NA	NA	10000	362789	36.2825	1.14586e-07	-85366.5	-107140	NA	NA	NA	NA	NA	NA	NA	NA	NA	NA
CD_BA17C	NA	NA	10000	375034	37.5072	0.00026363	-89707.4	-110689	NA	NA	NA	NA	NA	NA	NA	NA	NA	NA
CD_BA1A	NA	NA	10000	377221	37.7221	0.000355651	-93064.2	-97197.2	NA	NA	NA	NA	NA	NA	NA	NA	NA	NA
CD_BA1B	NA	NA	10000	353463	35.3534	5.72894e-05	-85110.3	-180453	NA	NA	NA	NA	NA	NA	NA	NA	NA	NA
CD_BA1C	NA	NA	10000	357479	35.7515	0.000489737	-86653.5	-87192.9	NA	NA	NA	NA	NA	NA	NA	NA	NA	NA
CD_BA2A	NA	NA	10000	380579	38.0617	0.000200262	-91687	-135701	NA	NA	NA	NA	NA	NA	NA	NA	NA	NA
CD_BA2B	NA	NA	10000	369697	36.9845	0.000741873	-89149.8	-90918	NA	NA	NA	NA	NA	NA	NA	NA	NA	NA
CD_BA2C	NA	NA	10000	363132	36.3168	0.000118453	-88126.2	-110276	NA	NA	NA	NA	NA	NA	NA	NA	NA	NA
CD_BA3A	NA	NA	10000	358962	35.9034	0.000505989	-87995.9	-89382.1	NA	NA	NA	NA	NA	NA	NA	NA	NA	NA
CD_BA3B	NA	NA	10000	362345	36.2381	0.00017315	-90373.1	-155536	NA	NA	NA	NA	NA	NA	NA	NA	NA	NA
CD_BA3C	NA	NA	10000	364258	36.4294	0.000157822	-87654.5	-102800	NA	NA	NA	NA	NA	NA	NA	NA	NA	NA
CD_BA4A	NA	NA	10000	372883	37.292	0.000381882	-89268.4	-99183.9	NA	NA	NA	NA	NA	NA	NA	NA	NA	NA
CD_BA4B	NA	NA	10000	360009	36.0009	0.000254293	-88329.6	-144061	NA	NA	NA	NA	NA	NA	NA	NA	NA	NA
CD_BA4C	NA	NA	10000	368796	36.8796	0.000332575	-87860.4	-96791.8	NA	NA	NA	NA	NA	NA	NA	NA	NA	NA
CD_BA5A	NA	NA	10000	373922	37.3922	0.000483584	-95786.1	-96631.7	NA	NA	NA	NA	NA	NA	NA	NA	NA	NA
CD_BA5B	NA	NA	10000	369375	36.9449	0.000299072	-91682.1	-99948.5	NA	NA	NA	NA	NA	NA	NA	NA	NA	NA
CD_BA5C	NA	NA	10000	361784	36.182	0.000321754	-89175.4	-91255.2	NA	NA	NA	NA	NA	NA	NA	NA	NA	NA
CD_BA6A	NA	NA	10000	370622	37.0696	0.000289018	-91388.9	-96819.9	NA	NA	NA	NA	NA	NA	NA	NA	NA	NA
CD_BA6B	NA	NA	10000	361920	36.1992	0.000441436	-88447.7	-90711.9	NA	NA	NA	NA	NA	NA	NA	NA	NA	NA
CD_BA6C	NA	NA	10000	352700	35.2771	0.00113663	-90361.8	-94726.4	NA	NA	NA	NA	NA	NA	NA	NA	NA	NA
CD_BA7A	NA	NA	10000	374452	37.4489	0.000128613	-91251.4	-100985	NA	NA	NA	NA	NA	NA	NA	NA	NA	NA
CD_BA7B	NA	NA	10000	366274	36.6274	0.000434714	-90433.3	-93256.9	NA	NA	NA	NA	NA	NA	NA	NA	NA	NA
CD_BA7C	NA	NA	10000	350685	35.0755	0.00018012	-87135.4	-95690.2	NA	NA	NA	NA	NA	NA	NA	NA	NA	NA
CD_BA8A	NA	NA	10000	358685	35.8721	0.000706966	-88408.9	-89681.8	NA	NA	NA	NA	NA	NA	NA	NA	NA	NA
CD_BA8B	NA	NA	10000	340855	34.0991	0.00120639	-84196.6	-85243.8	NA	NA	NA	NA	NA	NA	NA	NA	NA	NA
CD_BA8C	NA	NA	10000	359689	35.9689	0.000386946	-91906.7	-103012	NA	NA	NA	NA	NA	NA	NA	NA	NA	NA
CD_BA9A	NA	NA	10000	354443	35.4478	0.00131602	-88796.2	-89666.4	NA	NA	NA	NA	NA	NA	NA	NA	NA	NA
CD_BA9B	NA	NA	10000	346693	34.6762	0.00489249	-87419.6	-88207.8	NA	NA	NA	NA	NA	NA	NA	NA	NA	NA
CD_BA9C	NA	NA	10000	353594	35.3594	0.00152266	-89535.2	-91950.6	NA	NA	NA	NA	NA	NA	NA	NA	NA	NA
chenboanfu	NA	NA	10000	256255	25.6332	0.00249679	-65447.4	-65833	NA	NA	NA	NA	NA	NA	NA	NA	NA	NA
chenboan	NA	NA	10000	316198	31.6261	0.00521504	-78878.2	-79787.1	NA	NA	NA	NA	NA	NA	NA	NA	NA	NA
chenhaoranmu	NA	NA	10000	250246	25.0296	0.00317581	-64397.6	-64775	NA	NA	NA	NA	NA	NA	NA	NA	NA	NA
chenjingjingzhizimu	NA	NA	10000	358471	35.8507	0.000114136	-87597.5	-139807	NA	NA	NA	NA	NA	NA	NA	NA	NA	NA
chenshiji	NA	NA	10000	368286	36.836	0.000149084	-90146.7	-161952	NA	NA	NA	NA	NA	NA	NA	NA	NA	NA
chenwenhanfu	NA	NA	10000	378910	37.9024	0.00207456	-91644.5	-92640	NA	NA	NA	NA	NA	NA	NA	NA	NA	NA
chenwenhan	NA	NA	10000	406242	40.6323	0.00246325	-96810.6	-97381.8	NA	NA	NA	NA	NA	NA	NA	NA	NA	NA
chenyaqifu	NA	NA	10000	290932	29.1019	0.00289583	-72828.8	-73286.8	NA	NA	NA	NA	NA	NA	NA	NA	NA	NA
chenyaqi	NA	NA	10000	313139	31.3202	0.0024782	-78704.7	-79244.9	NA	NA	NA	NA	NA	NA	NA	NA	NA	NA
chenyichengfu	NA	NA	10000	401748	40.1788	0.00108742	-94347.4	-95088	NA	NA	NA	NA	NA	NA	NA	NA	NA	NA
chenyichengmu	NA	NA	10000	363370	36.3443	0.0005047	-88698.7	-89692.8	NA	NA	NA	NA	NA	NA	NA	NA	NA	NA
chenyicheng	NA	NA	10000	381148	38.1224	0.000515008	-89608.2	-89836.3	NA	NA	NA	NA	NA	NA	NA	NA	NA	NA
chenyixuanmu	NA	NA	10000	396873	39.6992	0.00347037	-97872.2	-98947.7	NA	NA	NA	NA	NA	NA	NA	NA	NA	NA
chenyixuan	NA	NA	10000	376472	37.6547	9.3051e-05	-90606.3	-184468	NA	NA	NA	NA	NA	NA	NA	NA	NA	NA
chenzhaoyangmu	NA	NA	10000	374289	37.4326	7.91796e-05	-89116.9	-179387	NA	NA	NA	NA	NA	NA	NA	NA	NA	NA
chenzimofu	NA	NA	10000	278736	27.8736	0.00469526	-70165.9	-70871.6	NA	NA	NA	NA	NA	NA	NA	NA	NA	NA
chenzimomu	NA	NA	10000	297373	29.7373	0.00423514	-75025.1	-75716.7	NA	NA	NA	NA	NA	NA	NA	NA	NA	NA
CKN-F	NA	NA	10000	383625	38.3702	0.000149397	-90854.9	-98333.9	NA	NA	NA	NA	NA	NA	NA	NA	NA	NA
CKN	NA	NA	10000	406460	40.6541	0.000400415	-96759.7	-98107.6	NA	NA	NA	NA	NA	NA	NA	NA	NA	NA
cuigutongfu	NA	NA	10000	290270	29.0357	0.00296406	-71612.7	-72136	NA	NA	NA	NA	NA	NA	NA	NA	NA	NA
cuiyaxuan	NA	NA	10000	214450	21.4493	0.00377315	-55601.4	-56100	NA	NA	NA	NA	NA	NA	NA	NA	NA	NA
CZSA	NA	NA	10000	315070	31.5102	0.000272787	-76543.5	-87781.4	NA	NA	NA	NA	NA	NA	NA	NA	NA	NA
douxuanyifu	NA	NA	10000	367689	36.7763	0.00313457	-90612.7	-91197.4	NA	NA	NA	NA	NA	NA	NA	NA	NA	NA
douxuanyimu	NA	NA	10000	360549	36.0729	8.63535e-05	-87623.7	-109584	NA	NA	NA	NA	NA	NA	NA	NA	NA	NA
DT2302328760_1	NA	NA	10000	544977	54.5032	0.0016916	-133515	-133883	NA	NA	NA	NA	NA	NA	NA	NA	NA	NA
DT2302328760-1	NA	NA	10000	549330	54.9385	0.00193609	-134771	-135257	NA	NA	NA	NA	NA	NA	NA	NA	NA	NA
DT2302328761_1	NA	NA	10000	461968	46.206	0.0016814	-109065	-109807	NA	NA	NA	NA	NA	NA	NA	NA	NA	NA
DT2302328761-1	NA	NA	10000	471142	47.1236	0.00199019	-111351	-111973	NA	NA	NA	NA	NA	NA	NA	NA	NA	NA
DT2302328762_1	NA	NA	10000	464103	46.4196	0.00155342	-113236	-113549	NA	NA	NA	NA	NA	NA	NA	NA	NA	NA
DT2302328762-1	NA	NA	10000	468052	46.8146	0.00171024	-114145	-114529	NA	NA	NA	NA	NA	NA	NA	NA	NA	NA
DT2302328763_1	NA	NA	10000	461704	46.175	0.00221803	-117400	-117753	NA	NA	NA	NA	NA	NA	NA	NA	NA	NA
DT2302328763-1	NA	NA	10000	468492	46.8539	0.00295541	-119337	-119997	NA	NA	NA	NA	NA	NA	NA	NA	NA	NA
DT2302328764_1	NA	NA	10000	558459	55.8459	0.00156305	-137443	-138307	NA	NA	NA	NA	NA	NA	NA	NA	NA	NA
DT2302328764-1	NA	NA	10000	566894	56.6894	0.00199206	-139715	-140832	NA	NA	NA	NA	NA	NA	NA	NA	NA	NA
DT2302328765_1	NA	NA	10000	513491	51.3594	0.00171719	-123841	-124103	NA	NA	NA	NA	NA	NA	NA	NA	NA	NA
DT2302328765-1	NA	NA	10000	519009	51.9113	0.00214587	-125444	-125888	NA	NA	NA	NA	NA	NA	NA	NA	NA	NA
DT2302328770_1	NA	NA	10000	582129	58.2187	0.00151147	-138001	-138521	NA	NA	NA	NA	NA	NA	NA	NA	NA	NA
DT2302328770-1	NA	NA	10000	586265	58.6324	0.00172934	-139256	-139850	NA	NA	NA	NA	NA	NA	NA	NA	NA	NA
DT2302328771_1	NA	NA	10000	326936	32.7034	0.00215841	-82536.1	-83782.6	NA	NA	NA	NA	NA	NA	NA	NA	NA	NA
DT2302328771-1	NA	NA	10000	331446	33.1545	0.00266604	-83783.3	-84892.2	NA	NA	NA	NA	NA	NA	NA	NA	NA	NA
DT2302328772_1	NA	NA	10000	435649	43.5736	0.0036986	-110326	-110881	NA	NA	NA	NA	NA	NA	NA	NA	NA	NA
DT2302328772-1	NA	NA	10000	439342	43.943	0.00426559	-111565	-112394	NA	NA	NA	NA	NA	NA	NA	NA	NA	NA
DT2302328773_1	NA	NA	10000	525836	52.5889	0.00158042	-125104	-125318	NA	NA	NA	NA	NA	NA	NA	NA	NA	NA
DT2302328773-1	NA	NA	10000	532549	53.2602	0.00187194	-126866	-127239	NA	NA	NA	NA	NA	NA	NA	NA	NA	NA
DT2302328774_1	NA	NA	10000	453768	45.3904	0.00165591	-112251	-112580	NA	NA	NA	NA	NA	NA	NA	NA	NA	NA
DT2302328774-1	NA	NA	10000	457524	45.7661	0.00188843	-113240	-113722	NA	NA	NA	NA	NA	NA	NA	NA	NA	NA
DT2302328775_1	NA	NA	10000	617908	61.797	0.000283588	-143549	-153789	NA	NA	NA	NA	NA	NA	NA	NA	NA	NA
DT2302328775-1	NA	NA	10000	623047	62.3109	0.000371275	-144855	-148629	NA	NA	NA	NA	NA	NA	NA	NA	NA	NA
DT2302328776-1	NA	NA	10000	548738	54.8793	0.00136145	-131960	-132308	NA	NA	NA	NA	NA	NA	NA	NA	NA	NA
DT2302328777_1	NA	NA	10000	562205	56.2205	0.00265329	-139577	-140212	NA	NA	NA	NA	NA	NA	NA	NA	NA	NA
DT2302328777-1	NA	NA	10000	566543	56.6543	0.00292061	-140899	-141750	NA	NA	NA	NA	NA	NA	NA	NA	NA	NA
DT2302328778_1	NA	NA	10000	544868	54.4922	0.00202382	-132092	-132409	NA	NA	NA	NA	NA	NA	NA	NA	NA	NA
DT2302328778-1	NA	NA	10000	551143	55.1198	0.00253935	-133868	-134439	NA	NA	NA	NA	NA	NA	NA	NA	NA	NA
DT2302328779_1	NA	NA	10000	543302	54.3356	0.00104225	-134903	-135418	NA	NA	NA	NA	NA	NA	NA	NA	NA	NA
DT2302328779-1	NA	NA	10000	550337	55.0392	0.00158856	-136930	-137610	NA	NA	NA	NA	NA	NA	NA	NA	NA	NA
dujunxiaofu	NA	NA	10000	362099	36.2171	0.000160307	-86492.3	-119015	NA	NA	NA	NA	NA	NA	NA	NA	NA	NA
dujunxiaomu	NA	NA	10000	367476	36.755	0.000128839	-88360	-160632	NA	NA	NA	NA	NA	NA	NA	NA	NA	NA
dujunxiao	NA	NA	10000	275993	27.6103	0.00464364	-68177.9	-68887.3	NA	NA	NA	NA	NA	NA	NA	NA	NA	NA
dupengfeifu	NA	NA	10000	397970	39.801	7.18684e-05	-94375.8	-185252	NA	NA	NA	NA	NA	NA	NA	NA	NA	NA
dupengfei	NA	NA	10000	376492	37.653	0.00524429	-92083.3	-93238.1	NA	NA	NA	NA	NA	NA	NA	NA	NA	NA
E-10	NA	NA	10000	416814	41.6897	0.000408965	-108531	-117247	NA	NA	NA	NA	NA	NA	NA	NA	NA	NA
E-11	NA	NA	10000	397801	39.7841	0.000588302	-106723	-109734	NA	NA	NA	NA	NA	NA	NA	NA	NA	NA
E-12	NA	NA	10000	428347	42.8518	0.000255574	-115484	-134875	NA	NA	NA	NA	NA	NA	NA	NA	NA	NA
E-13	NA	NA	10000	391052	39.113	0.00060752	-103035	-103417	NA	NA	NA	NA	NA	NA	NA	NA	NA	NA
E-14	NA	NA	10000	387111	38.7227	0.000308953	-103280	-105421	NA	NA	NA	NA	NA	NA	NA	NA	NA	NA
E-15	NA	NA	10000	380301	38.0377	0.000356959	-102580	-104942	NA	NA	NA	NA	NA	NA	NA	NA	NA	NA
E-16	NA	NA	10000	427851	42.7937	0.000406986	-113759	-119231	NA	NA	NA	NA	NA	NA	NA	NA	NA	NA
E-17	NA	NA	10000	456726	45.6909	0.000299109	-121233	-124141	NA	NA	NA	NA	NA	NA	NA	NA	NA	NA
E-18	NA	NA	10000	384141	38.4333	0.00017447	-101813	-141499	NA	NA	NA	NA	NA	NA	NA	NA	NA	NA
E-19	NA	NA	10000	371976	37.205	0.000251934	-97832.7	-102270	NA	NA	NA	NA	NA	NA	NA	NA	NA	NA
E-1	NA	NA	10000	408648	40.8771	0.000405168	-108308	-111816	NA	NA	NA	NA	NA	NA	NA	NA	NA	NA
E-20	NA	NA	10000	409857	40.9898	0.000119365	-106863	-180563	NA	NA	NA	NA	NA	NA	NA	NA	NA	NA
E-21	NA	NA	10000	395716	39.5756	0.000433209	-101222	-102697	NA	NA	NA	NA	NA	NA	NA	NA	NA	NA
E-22	NA	NA	10000	423266	42.3351	0.000248826	-111481	-114073	NA	NA	NA	NA	NA	NA	NA	NA	NA	NA
E-23	NA	NA	10000	421572	42.1656	0.000386944	-112110	-116095	NA	NA	NA	NA	NA	NA	NA	NA	NA	NA
E-24	NA	NA	10000	456166	45.6303	0.000193886	-119736	-126812	NA	NA	NA	NA	NA	NA	NA	NA	NA	NA
E-25	NA	NA	10000	403342	40.3423	0.000297615	-107215	-119164	NA	NA	NA	NA	NA	NA	NA	NA	NA	NA
E-26	NA	NA	10000	303822	30.3883	0.000658766	-82602	-82871.9	NA	NA	NA	NA	NA	NA	NA	NA	NA	NA
E-27	NA	NA	10000	466598	46.6738	0.000299636	-113479	-113784	NA	NA	NA	NA	NA	NA	NA	NA	NA	NA
E-28	NA	NA	10000	433289	43.3419	0.000256016	-113804	-115276	NA	NA	NA	NA	NA	NA	NA	NA	NA	NA
E-29	NA	NA	10000	364224	36.4333	0.000360394	-96563.1	-97458	NA	NA	NA	NA	NA	NA	NA	NA	NA	NA
E-2	NA	NA	10000	432900	43.2987	8.25954e-05	-115212	-194296	NA	NA	NA	NA	NA	NA	NA	NA	NA	NA
E-30	NA	NA	10000	409739	40.9903	0.000478998	-106286	-137762	NA	NA	NA	NA	NA	NA	NA	NA	NA	NA
E-31	NA	NA	10000	455352	45.5398	0.00150098	-111616	-112446	NA	NA	NA	NA	NA	NA	NA	NA	NA	NA
E-32	NA	NA	10000	393844	39.3962	0.000415229	-102712	-104796	NA	NA	NA	NA	NA	NA	NA	NA	NA	NA
E-33	NA	NA	10000	456860	45.686	0.00103147	-115802	-116696	NA	NA	NA	NA	NA	NA	NA	NA	NA	NA
E-34	NA	NA	10000	393779	39.3897	0.00047397	-103299	-106669	NA	NA	NA	NA	NA	NA	NA	NA	NA	NA
E-35	NA	NA	10000	424289	42.4586	0.000169237	-109731	-127782	NA	NA	NA	NA	NA	NA	NA	NA	NA	NA
E-36	NA	NA	10000	350955	35.106	0.000247522	-94189.2	-117973	NA	NA	NA	NA	NA	NA	NA	NA	NA	NA
E-37	NA	NA	10000	428016	42.8059	0.000311004	-113433	-120486	NA	NA	NA	NA	NA	NA	NA	NA	NA	NA
E-38	NA	NA	10000	414295	41.4502	0.000513873	-100681	-102285	NA	NA	NA	NA	NA	NA	NA	NA	NA	NA
E-39	NA	NA	10000	456403	45.6586	0.000102961	-111082	-121120	NA	NA	NA	NA	NA	NA	NA	NA	NA	NA
E-3	NA	NA	10000	429281	42.941	0.000370936	-107198	-109827	NA	NA	NA	NA	NA	NA	NA	NA	NA	NA
E-40	NA	NA	10000	410506	41.0588	0.000279182	-109729	-110794	NA	NA	NA	NA	NA	NA	NA	NA	NA	NA
E-41	NA	NA	10000	396273	39.6511	0.000494614	-107115	-107378	NA	NA	NA	NA	NA	NA	NA	NA	NA	NA
E-42	NA	NA	10000	447305	44.7439	0.000402996	-116906	-120971	NA	NA	NA	NA	NA	NA	NA	NA	NA	NA
E-43	NA	NA	10000	456103	45.624	0.000359644	-120152	-124731	NA	NA	NA	NA	NA	NA	NA	NA	NA	NA
E-44	NA	NA	10000	371974	37.2086	0.000203638	-91373.9	-94669.2	NA	NA	NA	NA	NA	NA	NA	NA	NA	NA
E-45	NA	NA	10000	436572	43.679	0.00022492	-114813	-118284	NA	NA	NA	NA	NA	NA	NA	NA	NA	NA
E-4	NA	NA	10000	395967	39.6046	0.000223937	-105609	-110946	NA	NA	NA	NA	NA	NA	NA	NA	NA	NA
E-5	NA	NA	10000	333185	33.3285	0.00019306	-81338.4	-94647.2	NA	NA	NA	NA	NA	NA	NA	NA	NA	NA
E-6	NA	NA	10000	439082	43.9214	0.000674255	-120663	-122633	NA	NA	NA	NA	NA	NA	NA	NA	NA	NA
E-7	NA	NA	10000	544936	54.4936	0.000753931	-143144	-144760	NA	NA	NA	NA	NA	NA	NA	NA	NA	NA
E-8	NA	NA	10000	460556	46.0648	0.000603421	-117853	-118982	NA	NA	NA	NA	NA	NA	NA	NA	NA	NA
E-9	NA	NA	10000	413721	41.3845	0.00035021	-101488	-108827	NA	NA	NA	NA	NA	NA	NA	NA	NA	NA
E-S24597809551A	NA	NA	10000	197716	19.7835	6.48745e-05	-50573.8	-133713	NA	NA	NA	NA	NA	NA	NA	NA	NA	NA
E-S24807224985A	NA	NA	10000	202323	20.2363	0.000478576	-51714.1	-61648.2	NA	NA	NA	NA	NA	NA	NA	NA	NA	NA
fangyufu	NA	NA	10000	388754	38.8793	0.000147703	-93460.5	-100009	NA	NA	NA	NA	NA	NA	NA	NA	NA	NA
FBJA	NA	NA	10000	313881	31.3912	0.000573638	-76587.9	-77664.4	NA	NA	NA	NA	NA	NA	NA	NA	NA	NA
G1344	NA	NA	10000	70831	7.10441	0.300097	-28956.6	-31086.9	NA	NA	NA	NA	NA	NA	NA	NA	NA	NA
G1349	NA	NA	10000	80673	8.0778	0.000296501	-24339.2	-103787	NA	NA	NA	NA	NA	NA	NA	NA	NA	NA
G1351	NA	NA	10000	74875	7.50025	1.30345e-08	-23396.6	-100200	NA	NA	NA	NA	NA	NA	NA	NA	NA	NA
G1354	NA	NA	10000	301699	30.179	0.00029805	-73087.3	-78919.5	NA	NA	NA	NA	NA	NA	NA	NA	NA	NA
G1358	NA	NA	10000	72320	7.25085	0.000583622	-22725.7	-69045.4	NA	NA	NA	NA	NA	NA	NA	NA	NA	NA
G1359	NA	NA	10000	77809	7.79337	0.000821423	-24557.1	-75186.1	NA	NA	NA	NA	NA	NA	NA	NA	NA	NA
G1366	NA	NA	10000	301541	30.1571	0.000173153	-75021	-97696.5	NA	NA	NA	NA	NA	NA	NA	NA	NA	NA
G1367	NA	NA	10000	297861	29.7921	0.00023862	-71736.1	-104756	NA	NA	NA	NA	NA	NA	NA	NA	NA	NA
G1368	NA	NA	10000	296321	29.641	0.000206607	-72866.8	-114525	NA	NA	NA	NA	NA	NA	NA	NA	NA	NA
G1369	NA	NA	10000	81718	8.18326	8.78046e-08	-24818.4	-66779	NA	NA	NA	NA	NA	NA	NA	NA	NA	NA
G1371	NA	NA	10000	296659	29.6689	0.000314154	-71805.7	-89104.7	NA	NA	NA	NA	NA	NA	NA	NA	NA	NA
G1374	NA	NA	10000	74431	7.46101	0.00059179	-23333.9	-39206.4	NA	NA	NA	NA	NA	NA	NA	NA	NA	NA
G1378	NA	NA	10000	67478	6.7783	0.00102597	-21389.9	-55227.2	NA	NA	NA	NA	NA	NA	NA	NA	NA	NA
G1379	NA	NA	10000	80744	8.08572	0.00102013	-24084.5	-39199.2	NA	NA	NA	NA	NA	NA	NA	NA	NA	NA
G1380	NA	NA	10000	80946	8.11001	0.000475785	-24552.1	-45764.1	NA	NA	NA	NA	NA	NA	NA	NA	NA	NA
G1386	NA	NA	10000	75560	7.57722	9.71626e-08	-22665.3	-46634.7	NA	NA	NA	NA	NA	NA	NA	NA	NA	NA
G1390	NA	NA	10000	68356	6.8665	0.239181	-27149.2	-28949.1	NA	NA	NA	NA	NA	NA	NA	NA	NA	NA
G1396	NA	NA	10000	69845	7.00552	0.00262875	-22503	-23669	NA	NA	NA	NA	NA	NA	NA	NA	NA	NA
G1397	NA	NA	10000	88351	8.84926	0.000741328	-25615.6	-33013.1	NA	NA	NA	NA	NA	NA	NA	NA	NA	NA
G1402	NA	NA	10000	72893	7.31564	0.00161071	-22680.3	-52562.7	NA	NA	NA	NA	NA	NA	NA	NA	NA	NA
G1403	NA	NA	10000	78225	7.83975	0.000246777	-24196.7	-57707	NA	NA	NA	NA	NA	NA	NA	NA	NA	NA
G1405	NA	NA	10000	76866	7.69969	0.000211233	-23798.8	-98983.7	NA	NA	NA	NA	NA	NA	NA	NA	NA	NA
G1406	NA	NA	10000	300549	30.0579	0.000476527	-76330.1	-79553.9	NA	NA	NA	NA	NA	NA	NA	NA	NA	NA
G1410	NA	NA	10000	72894	7.32088	0.000770594	-22582.5	-64500.8	NA	NA	NA	NA	NA	NA	NA	NA	NA	NA
G1412	NA	NA	10000	296434	29.6493	0.00103845	-73650.5	-73874	NA	NA	NA	NA	NA	NA	NA	NA	NA	NA
G1413	NA	NA	10000	74483	7.46697	0.000700836	-22659.8	-52918.1	NA	NA	NA	NA	NA	NA	NA	NA	NA	NA
G1418	NA	NA	10000	74208	7.43493	0.00171474	-23292.6	-26199.1	NA	NA	NA	NA	NA	NA	NA	NA	NA	NA
G1419	NA	NA	10000	72900	7.30754	0.247088	-29342.1	-31489.7	NA	NA	NA	NA	NA	NA	NA	NA	NA	NA
G1421	NA	NA	10000	294549	29.4637	0.00034357	-73433.6	-77314.9	NA	NA	NA	NA	NA	NA	NA	NA	NA	NA
G1426	NA	NA	10000	299571	29.9691	0.000269889	-75076.9	-85638.2	NA	NA	NA	NA	NA	NA	NA	NA	NA	NA
G1427	NA	NA	10000	75771	7.59228	0.00119001	-23599.1	-23647.9	NA	NA	NA	NA	NA	NA	NA	NA	NA	NA
G1428	NA	NA	10000	73815	7.40297	0.000375641	-23401.2	-56817.9	NA	NA	NA	NA	NA	NA	NA	NA	NA	NA
G1434	NA	NA	10000	298510	29.854	0.00031647	-73120.6	-73855.9	NA	NA	NA	NA	NA	NA	NA	NA	NA	NA
G1439	NA	NA	10000	293184	29.3243	0.000242275	-71106.6	-80658.8	NA	NA	NA	NA	NA	NA	NA	NA	NA	NA
G1442	NA	NA	10000	297409	29.7528	0.000183101	-72053.3	-143213	NA	NA	NA	NA	NA	NA	NA	NA	NA	NA
G1444	NA	NA	10000	61933	6.22755	0.000487601	-19939.1	-76165.4	NA	NA	NA	NA	NA	NA	NA	NA	NA	NA
G1447	NA	NA	10000	76422	7.66059	0.000369925	-23347.4	-32302.9	NA	NA	NA	NA	NA	NA	NA	NA	NA	NA
G1450	NA	NA	10000	70303	7.05145	0.000204026	-22373.2	-89105.4	NA	NA	NA	NA	NA	NA	NA	NA	NA	NA
G1451	NA	NA	10000	289797	28.9942	0.000427412	-71933.2	-75140.7	NA	NA	NA	NA	NA	NA	NA	NA	NA	NA
G1453	NA	NA	10000	67857	6.80817	1.9696e-07	-20978.2	-32042.5	NA	NA	NA	NA	NA	NA	NA	NA	NA	NA
G1456	NA	NA	10000	73420	7.3604	0.00229445	-22419.4	-25694.2	NA	NA	NA	NA	NA	NA	NA	NA	NA	NA
G1457	NA	NA	10000	73684	7.38465	1.98843e-07	-23106.2	-43369.7	NA	NA	NA	NA	NA	NA	NA	NA	NA	NA
G1459	NA	NA	10000	296684	29.6832	0.000199207	-74302.6	-85451.9	NA	NA	NA	NA	NA	NA	NA	NA	NA	NA
G1462	NA	NA	10000	75884	7.60971	0.000244333	-22611.9	-88607.4	NA	NA	NA	NA	NA	NA	NA	NA	NA	NA
G1463	NA	NA	10000	308247	30.8309	0.000299098	-78016.2	-83409.6	NA	NA	NA	NA	NA	NA	NA	NA	NA	NA
G1464	NA	NA	10000	73903	7.40659	0.000178462	-23144.4	-86578.6	NA	NA	NA	NA	NA	NA	NA	NA	NA	NA
G1469	NA	NA	10000	71875	7.20985	0.00180892	-22727.2	-23342.6	NA	NA	NA	NA	NA	NA	NA	NA	NA	NA
G1473	NA	NA	10000	63476	6.37693	0.000395272	-20363	-68181.5	NA	NA	NA	NA	NA	NA	NA	NA	NA	NA
G1478	NA	NA	10000	299695	29.9725	0.000433822	-75300.2	-78499.5	NA	NA	NA	NA	NA	NA	NA	NA	NA	NA
G1484	NA	NA	10000	294398	29.4516	0.000467435	-73963.3	-83030	NA	NA	NA	NA	NA	NA	NA	NA	NA	NA
G1485	NA	NA	10000	78049	7.81819	0.000147757	-23519.8	-68174.5	NA	NA	NA	NA	NA	NA	NA	NA	NA	NA
G1487	NA	NA	10000	287873	28.7931	0.000431027	-68425	-82854.5	NA	NA	NA	NA	NA	NA	NA	NA	NA	NA
G1491	NA	NA	10000	73931	7.4146	0.000187683	-23376.4	-76229.9	NA	NA	NA	NA	NA	NA	NA	NA	NA	NA
G1492	NA	NA	10000	70631	7.08649	1.17625e-07	-22113	-74468.4	NA	NA	NA	NA	NA	NA	NA	NA	NA	NA
G1494	NA	NA	10000	291431	29.146	0.000264748	-72333.7	-73363.7	NA	NA	NA	NA	NA	NA	NA	NA	NA	NA
G1495	NA	NA	10000	291541	29.157	0.000797307	-74243.5	-74692.1	NA	NA	NA	NA	NA	NA	NA	NA	NA	NA
G1496	NA	NA	10000	297788	29.7848	0.000489586	-73818.5	-74982.9	NA	NA	NA	NA	NA	NA	NA	NA	NA	NA
G1497	NA	NA	10000	74035	7.41982	4.40289e-08	-23062.9	-67659.9	NA	NA	NA	NA	NA	NA	NA	NA	NA	NA
G1501	NA	NA	10000	80595	8.07808	0.000377371	-24169.4	-47711.7	NA	NA	NA	NA	NA	NA	NA	NA	NA	NA
G1502	NA	NA	10000	73174	7.34236	0.0288747	-24080.9	-24377.6	NA	NA	NA	NA	NA	NA	NA	NA	NA	NA
G1505	NA	NA	10000	72073	7.2203	1.19354e-07	-22382.4	-79137.5	NA	NA	NA	NA	NA	NA	NA	NA	NA	NA
G1507	NA	NA	10000	69701	6.98477	4.41657e-07	-21562	-90038.6	NA	NA	NA	NA	NA	NA	NA	NA	NA	NA
G1508	NA	NA	10000	69361	6.95488	3.14354e-07	-22234.1	-40284.8	NA	NA	NA	NA	NA	NA	NA	NA	NA	NA
G1512	NA	NA	10000	72224	7.24486	0.0016974	-22405.7	-41586.9	NA	NA	NA	NA	NA	NA	NA	NA	NA	NA
G1517	NA	NA	10000	73684	7.38613	0.000325189	-22824.9	-72577.7	NA	NA	NA	NA	NA	NA	NA	NA	NA	NA
G1523	NA	NA	10000	54059	5.4572	2.08516e-08	-18061.2	-60494	NA	NA	NA	NA	NA	NA	NA	NA	NA	NA
G1525	NA	NA	10000	98019	9.80975	0.000168738	-28541.1	-103048	NA	NA	NA	NA	NA	NA	NA	NA	NA	NA
G1527	NA	NA	10000	297089	29.7148	0.000378595	-75903.7	-83105.6	NA	NA	NA	NA	NA	NA	NA	NA	NA	NA
G1528	NA	NA	10000	70316	7.0563	0.000176732	-21900.6	-80700.6	NA	NA	NA	NA	NA	NA	NA	NA	NA	NA
G1530	NA	NA	10000	76077	7.62906	0.000495699	-23627.8	-68327.4	NA	NA	NA	NA	NA	NA	NA	NA	NA	NA
G1533	NA	NA	10000	92528	9.26484	8.48354e-05	-27365.9	-76010.7	NA	NA	NA	NA	NA	NA	NA	NA	NA	NA
G1536	NA	NA	10000	73514	7.37056	0.000456162	-22415.4	-33235.3	NA	NA	NA	NA	NA	NA	NA	NA	NA	NA
G1538	NA	NA	10000	75536	7.57253	0.00018417	-23062	-81304.5	NA	NA	NA	NA	NA	NA	NA	NA	NA	NA
G1542	NA	NA	10000	64010	6.43834	0.000518175	-20287	-70310.2	NA	NA	NA	NA	NA	NA	NA	NA	NA	NA
G1543	NA	NA	10000	74016	7.42387	0.000819246	-23368.9	-68893.7	NA	NA	NA	NA	NA	NA	NA	NA	NA	NA
G1545	NA	NA	10000	73501	7.37222	0.00070073	-23058.2	-44886.8	NA	NA	NA	NA	NA	NA	NA	NA	NA	NA
G1546	NA	NA	10000	79225	7.93997	0.000344639	-24292.3	-70672.5	NA	NA	NA	NA	NA	NA	NA	NA	NA	NA
G1547	NA	NA	10000	85347	8.5518	9.88965e-05	-25629.5	-91310.9	NA	NA	NA	NA	NA	NA	NA	NA	NA	NA
G1550	NA	NA	10000	297937	29.7997	0.000603827	-73815.6	-74846.5	NA	NA	NA	NA	NA	NA	NA	NA	NA	NA
G1552	NA	NA	10000	293892	29.3921	0.000738766	-75273.9	-75823.8	NA	NA	NA	NA	NA	NA	NA	NA	NA	NA
G1557	NA	NA	10000	74750	7.49148	0.000736358	-22903.8	-40961.6	NA	NA	NA	NA	NA	NA	NA	NA	NA	NA
G1558	NA	NA	10000	72265	7.24606	0.000578213	-21923.8	-40721.9	NA	NA	NA	NA	NA	NA	NA	NA	NA	NA
G1559	NA	NA	10000	65588	6.60105	0.000654006	-20961.3	-70677.5	NA	NA	NA	NA	NA	NA	NA	NA	NA	NA
G1560	NA	NA	10000	80140	8.03489	0.000340746	-24641.8	-47604.3	NA	NA	NA	NA	NA	NA	NA	NA	NA	NA
G1561	NA	NA	10000	68559	6.88136	0.000792283	-21253.5	-35539.1	NA	NA	NA	NA	NA	NA	NA	NA	NA	NA
G1569	NA	NA	10000	76133	7.62779	0.320693	-31078.5	-33583.2	NA	NA	NA	NA	NA	NA	NA	NA	NA	NA
G1570	NA	NA	10000	75390	7.55487	0.0013663	-24119.5	-31417	NA	NA	NA	NA	NA	NA	NA	NA	NA	NA
G1575	NA	NA	10000	70269	7.04169	0.00126874	-22142.3	-40287.7	NA	NA	NA	NA	NA	NA	NA	NA	NA	NA
G1583	NA	NA	10000	294823	29.4911	0.0001736	-74609.2	-92424.1	NA	NA	NA	NA	NA	NA	NA	NA	NA	NA
G1584	NA	NA	10000	70986	7.12067	0.000242365	-21928.7	-77276	NA	NA	NA	NA	NA	NA	NA	NA	NA	NA
G1585	NA	NA	10000	293783	29.3842	0.000223576	-71860.1	-75113.1	NA	NA	NA	NA	NA	NA	NA	NA	NA	NA
G1586	NA	NA	10000	71270	7.14343	0.000199589	-22067	-78649.1	NA	NA	NA	NA	NA	NA	NA	NA	NA	NA
G1590	NA	NA	10000	72825	7.30148	0.000674433	-23264.3	-54198.8	NA	NA	NA	NA	NA	NA	NA	NA	NA	NA
G1591	NA	NA	10000	76120	7.62955	0.00020135	-23675.5	-91032.8	NA	NA	NA	NA	NA	NA	NA	NA	NA	NA
G1593	NA	NA	10000	72619	7.27499	0.0007093	-22696.2	-76198.5	NA	NA	NA	NA	NA	NA	NA	NA	NA	NA
G1594	NA	NA	10000	292386	29.2474	0.000816943	-70969.2	-72069.7	NA	NA	NA	NA	NA	NA	NA	NA	NA	NA
G1598	NA	NA	10000	285732	28.5761	0.000307191	-73133.8	-145488	NA	NA	NA	NA	NA	NA	NA	NA	NA	NA
G1599	NA	NA	10000	294312	29.4371	0.000350815	-75727.1	-89708.8	NA	NA	NA	NA	NA	NA	NA	NA	NA	NA
G1603	NA	NA	10000	288324	28.8411	0.000114577	-70300	-97783.4	NA	NA	NA	NA	NA	NA	NA	NA	NA	NA
G1604	NA	NA	10000	78714	7.88717	6.73762e-08	-23745.1	-48101.2	NA	NA	NA	NA	NA	NA	NA	NA	NA	NA
G1606	NA	NA	10000	69881	7.01546	0.000663451	-22459.4	-63785.8	NA	NA	NA	NA	NA	NA	NA	NA	NA	NA
G1608	NA	NA	10000	66708	6.70095	0.00209118	-21319.3	-26452.8	NA	NA	NA	NA	NA	NA	NA	NA	NA	NA
G1610	NA	NA	10000	83416	8.35748	0.000243762	-25536.3	-82631.2	NA	NA	NA	NA	NA	NA	NA	NA	NA	NA
G1616	NA	NA	10000	62430	6.27563	0.000463889	-20309.9	-69958.9	NA	NA	NA	NA	NA	NA	NA	NA	NA	NA
G1617	NA	NA	10000	295957	29.5987	0.000408638	-76564	-77077.1	NA	NA	NA	NA	NA	NA	NA	NA	NA	NA
G1618	NA	NA	10000	290272	29.033	0.00048336	-74773.6	-78909.8	NA	NA	NA	NA	NA	NA	NA	NA	NA	NA
G1622	NA	NA	10000	80242	8.03384	0.00152208	-25240.8	-26512.1	NA	NA	NA	NA	NA	NA	NA	NA	NA	NA
G1633	NA	NA	10000	65387	6.56035	1.17768e-07	-20915.3	-86160.7	NA	NA	NA	NA	NA	NA	NA	NA	NA	NA
G1634	NA	NA	10000	103819	10.3881	0.000102244	-29642.2	-102069	NA	NA	NA	NA	NA	NA	NA	NA	NA	NA
G1635	NA	NA	10000	75824	7.6014	0.00143854	-23635.6	-49980.7	NA	NA	NA	NA	NA	NA	NA	NA	NA	NA
G1643	NA	NA	10000	74719	7.49213	0.00495116	-23210.3	-23664.3	NA	NA	NA	NA	NA	NA	NA	NA	NA	NA
G1646	NA	NA	10000	68568	6.8795	0.000216094	-22190.3	-77862.1	NA	NA	NA	NA	NA	NA	NA	NA	NA	NA
G1647	NA	NA	10000	295545	29.5604	9.41554e-05	-73568.5	-124357	NA	NA	NA	NA	NA	NA	NA	NA	NA	NA
G1652	NA	NA	10000	71783	7.19846	0.000859134	-22454.9	-64421.4	NA	NA	NA	NA	NA	NA	NA	NA	NA	NA
G1653	NA	NA	10000	61910	6.22649	0.00101829	-20069.7	-59194.8	NA	NA	NA	NA	NA	NA	NA	NA	NA	NA
G1654	NA	NA	10000	77337	7.75619	0.00120419	-24126.1	-24993.8	NA	NA	NA	NA	NA	NA	NA	NA	NA	NA
G1655	NA	NA	10000	68730	6.89299	0.000867988	-21323.9	-67183.5	NA	NA	NA	NA	NA	NA	NA	NA	NA	NA
G1659	NA	NA	10000	296544	29.6603	8.04404e-05	-73125.3	-140195	NA	NA	NA	NA	NA	NA	NA	NA	NA	NA
G1663	NA	NA	10000	73226	7.34242	8.40708e-08	-23488.2	-62286.9	NA	NA	NA	NA	NA	NA	NA	NA	NA	NA
G1664	NA	NA	10000	294888	29.5006	0.000364483	-72649.7	-79562.9	NA	NA	NA	NA	NA	NA	NA	NA	NA	NA
G1667	NA	NA	10000	89578	8.97126	0.000137305	-26737.2	-41679.4	NA	NA	NA	NA	NA	NA	NA	NA	NA	NA
G1675	NA	NA	10000	74688	7.49052	0.00162	-23578.3	-35911.8	NA	NA	NA	NA	NA	NA	NA	NA	NA	NA
G1682	NA	NA	10000	301864	30.1924	0.000446102	-74023.9	-74163.6	NA	NA	NA	NA	NA	NA	NA	NA	NA	NA
G1686	NA	NA	10000	71505	7.17561	0.000117979	-22768	-89841.9	NA	NA	NA	NA	NA	NA	NA	NA	NA	NA
G1689	NA	NA	10000	87428	8.75243	0.00114125	-26498.1	-69249.4	NA	NA	NA	NA	NA	NA	NA	NA	NA	NA
G1694	NA	NA	10000	74430	7.46689	0.000805233	-23277.7	-72955.5	NA	NA	NA	NA	NA	NA	NA	NA	NA	NA
G1695	NA	NA	10000	303595	30.3625	0.000575849	-74038	-78691.2	NA	NA	NA	NA	NA	NA	NA	NA	NA	NA
G1699	NA	NA	10000	60689	6.11414	0.000456888	-19226.1	-67378.4	NA	NA	NA	NA	NA	NA	NA	NA	NA	NA
G1702	NA	NA	10000	78485	7.86896	0.00076685	-23848.8	-32280.2	NA	NA	NA	NA	NA	NA	NA	NA	NA	NA
G1703	NA	NA	10000	80812	8.09577	1.30163e-08	-24032.6	-67055.7	NA	NA	NA	NA	NA	NA	NA	NA	NA	NA
G1706	NA	NA	10000	79880	8.01204	0.000716262	-24325.4	-44614.6	NA	NA	NA	NA	NA	NA	NA	NA	NA	NA
G1707	NA	NA	10000	73743	7.39575	0.000695841	-22720.6	-66093.3	NA	NA	NA	NA	NA	NA	NA	NA	NA	NA
G1708	NA	NA	10000	67642	6.79614	0.000190798	-21311.3	-81967.4	NA	NA	NA	NA	NA	NA	NA	NA	NA	NA
G1710	NA	NA	10000	292730	29.2847	0.000467325	-72963.1	-74911.8	NA	NA	NA	NA	NA	NA	NA	NA	NA	NA
G1712	NA	NA	10000	73590	7.37744	0.000259629	-23027.2	-45631.9	NA	NA	NA	NA	NA	NA	NA	NA	NA	NA
G1713	NA	NA	10000	70878	7.10984	3.88068e-08	-21665	-21665	NA	NA	NA	NA	NA	NA	NA	NA	NA	NA
G1715	NA	NA	10000	75932	7.60765	0.000671931	-23699	-68229.5	NA	NA	NA	NA	NA	NA	NA	NA	NA	NA
G1717	NA	NA	10000	304491	30.4552	0.000288537	-76536.1	-77669.5	NA	NA	NA	NA	NA	NA	NA	NA	NA	NA
G1718	NA	NA	10000	79420	7.96031	0.00155918	-24276.7	-31702.6	NA	NA	NA	NA	NA	NA	NA	NA	NA	NA
G1720	NA	NA	10000	298495	29.8555	0.000388751	-74365.8	-80382.1	NA	NA	NA	NA	NA	NA	NA	NA	NA	NA
G1727	NA	NA	10000	297025	29.7025	0.000140905	-73587.7	-125697	NA	NA	NA	NA	NA	NA	NA	NA	NA	NA
G1733	NA	NA	10000	69232	6.9517	0.00123515	-21751.5	-60696.5	NA	NA	NA	NA	NA	NA	NA	NA	NA	NA
G1734	NA	NA	10000	299768	29.9888	0.000275093	-74468.5	-118605	NA	NA	NA	NA	NA	NA	NA	NA	NA	NA
G1735	NA	NA	10000	79625	7.98246	3.99903e-11	-23735.4	-23735.4	NA	NA	NA	NA	NA	NA	NA	NA	NA	NA
G1736	NA	NA	10000	77147	7.73326	0.00198548	-23546.7	-45946.1	NA	NA	NA	NA	NA	NA	NA	NA	NA	NA
G1737	NA	NA	10000	80093	8.01973	0.000824774	-24901.9	-72761.3	NA	NA	NA	NA	NA	NA	NA	NA	NA	NA
G1738	NA	NA	10000	293290	29.3407	0.000309979	-72777.1	-89918.2	NA	NA	NA	NA	NA	NA	NA	NA	NA	NA
G1739	NA	NA	10000	72453	7.26929	0.000198058	-22361.5	-68144.3	NA	NA	NA	NA	NA	NA	NA	NA	NA	NA
G1740	NA	NA	10000	296329	29.6388	0.000286793	-71504	-78355.7	NA	NA	NA	NA	NA	NA	NA	NA	NA	NA
G1742	NA	NA	10000	81038	8.11272	0.000266519	-25069.3	-90333.5	NA	NA	NA	NA	NA	NA	NA	NA	NA	NA
G1745	NA	NA	10000	305901	30.5962	0.000405003	-75941.8	-79680.5	NA	NA	NA	NA	NA	NA	NA	NA	NA	NA
G1746	NA	NA	10000	299679	29.9739	0.000706848	-75200	-77433.6	NA	NA	NA	NA	NA	NA	NA	NA	NA	NA
G1747	NA	NA	10000	77363	7.75025	0.000891898	-24327.5	-65467	NA	NA	NA	NA	NA	NA	NA	NA	NA	NA
G1748	NA	NA	10000	60738	6.11662	0.000718793	-20221.3	-87837.9	NA	NA	NA	NA	NA	NA	NA	NA	NA	NA
G1749	NA	NA	10000	74174	7.43003	0.00016065	-22908.5	-93865	NA	NA	NA	NA	NA	NA	NA	NA	NA	NA
G1756	NA	NA	10000	80762	8.08671	0.000353761	-24895.1	-51090.7	NA	NA	NA	NA	NA	NA	NA	NA	NA	NA
G1758	NA	NA	10000	75041	7.52593	0.00290797	-23032.7	-24593.4	NA	NA	NA	NA	NA	NA	NA	NA	NA	NA
G1759	NA	NA	10000	76326	7.64713	0.377116	-31133.2	-33600.7	NA	NA	NA	NA	NA	NA	NA	NA	NA	NA
G1760	NA	NA	10000	83340	8.34485	0.00033531	-24979.1	-70492.7	NA	NA	NA	NA	NA	NA	NA	NA	NA	NA
G1763	NA	NA	10000	82016	8.20981	0.00170478	-24825	-32049.9	NA	NA	NA	NA	NA	NA	NA	NA	NA	NA
G1767	NA	NA	10000	82276	8.23748	0.000110123	-25117	-90640.1	NA	NA	NA	NA	NA	NA	NA	NA	NA	NA
G1768	NA	NA	10000	80477	8.0614	0.000297355	-24052.5	-90886.3	NA	NA	NA	NA	NA	NA	NA	NA	NA	NA
G1769	NA	NA	10000	86422	8.65085	0.000427603	-25417.6	-28530.2	NA	NA	NA	NA	NA	NA	NA	NA	NA	NA
G1770	NA	NA	10000	80765	8.08944	0.000541784	-24526.8	-67306.2	NA	NA	NA	NA	NA	NA	NA	NA	NA	NA
G1771	NA	NA	10000	73591	7.3768	0.0127017	-23416.3	-23639	NA	NA	NA	NA	NA	NA	NA	NA	NA	NA
G1773	NA	NA	10000	300177	30.0207	0.000151629	-73599.8	-130366	NA	NA	NA	NA	NA	NA	NA	NA	NA	NA
G1775	NA	NA	10000	77229	7.73915	0.000746601	-23921.8	-68769.6	NA	NA	NA	NA	NA	NA	NA	NA	NA	NA
G1776	NA	NA	10000	76538	7.67144	2.94652e-08	-23080.6	-23080.6	NA	NA	NA	NA	NA	NA	NA	NA	NA	NA
G1778	NA	NA	10000	73289	7.34874	0.0011759	-22949.2	-23932.8	NA	NA	NA	NA	NA	NA	NA	NA	NA	NA
G1783	NA	NA	10000	78638	7.87877	0.00166457	-24438.8	-32090	NA	NA	NA	NA	NA	NA	NA	NA	NA	NA
G1786	NA	NA	10000	76068	7.62434	0.000264425	-23529.7	-78282.6	NA	NA	NA	NA	NA	NA	NA	NA	NA	NA
G1787	NA	NA	10000	77387	7.75576	0.000367542	-23555.8	-81829.9	NA	NA	NA	NA	NA	NA	NA	NA	NA	NA
G1790	NA	NA	10000	76560	7.67519	0.00563672	-24106.2	-24580.6	NA	NA	NA	NA	NA	NA	NA	NA	NA	NA
G1791	NA	NA	10000	70055	7.03222	0.000596364	-21926.9	-77769.7	NA	NA	NA	NA	NA	NA	NA	NA	NA	NA
G1795	NA	NA	10000	78129	7.82856	0.000466762	-24320.2	-82502.5	NA	NA	NA	NA	NA	NA	NA	NA	NA	NA
G1796	NA	NA	10000	59278	5.96478	0.000391993	-19373.4	-82316.6	NA	NA	NA	NA	NA	NA	NA	NA	NA	NA
G1799	NA	NA	10000	72340	7.26889	0.00240946	-22723	-29920.6	NA	NA	NA	NA	NA	NA	NA	NA	NA	NA
G1801	NA	NA	10000	299480	29.957	0.0002493	-73673.6	-79505.8	NA	NA	NA	NA	NA	NA	NA	NA	NA	NA
G1803	NA	NA	10000	75152	7.53102	0.000906522	-23503.7	-76943.7	NA	NA	NA	NA	NA	NA	NA	NA	NA	NA
G1804	NA	NA	10000	78282	7.85333	0.00025409	-23686.3	-84972.3	NA	NA	NA	NA	NA	NA	NA	NA	NA	NA
G1806	NA	NA	10000	77691	7.77843	0.000131406	-23499.3	-91765.3	NA	NA	NA	NA	NA	NA	NA	NA	NA	NA
G1808	NA	NA	10000	66255	6.65077	0.0011195	-21156.1	-38289.8	NA	NA	NA	NA	NA	NA	NA	NA	NA	NA
G1810	NA	NA	10000	77144	7.73606	0.000485402	-23703.1	-65549.9	NA	NA	NA	NA	NA	NA	NA	NA	NA	NA
G1812	NA	NA	10000	78337	7.84625	1.0814e-07	-23875.5	-54745.6	NA	NA	NA	NA	NA	NA	NA	NA	NA	NA
G1813	NA	NA	10000	68751	6.89371	1.16809e-07	-21528.2	-45641.1	NA	NA	NA	NA	NA	NA	NA	NA	NA	NA
G1817	NA	NA	10000	70970	7.12622	0.000963933	-22314.2	-70405.1	NA	NA	NA	NA	NA	NA	NA	NA	NA	NA
G1819	NA	NA	10000	299093	29.9123	0.000488365	-72058.9	-79144.2	NA	NA	NA	NA	NA	NA	NA	NA	NA	NA
G1824	NA	NA	10000	72183	7.23639	0.000185297	-22422.1	-93909.8	NA	NA	NA	NA	NA	NA	NA	NA	NA	NA
G1825	NA	NA	10000	79844	8.002	0.000369592	-24595.3	-97289.3	NA	NA	NA	NA	NA	NA	NA	NA	NA	NA
G1829	NA	NA	10000	78274	7.84073	0.00145185	-24386.6	-36702	NA	NA	NA	NA	NA	NA	NA	NA	NA	NA
G1830	NA	NA	10000	86410	8.65138	0.00102727	-26608.8	-35275.4	NA	NA	NA	NA	NA	NA	NA	NA	NA	NA
G1832	NA	NA	10000	304021	30.4082	0.000235333	-74005.7	-77703.9	NA	NA	NA	NA	NA	NA	NA	NA	NA	NA
G1835	NA	NA	10000	71012	7.11614	0.000813238	-22062.3	-51276.9	NA	NA	NA	NA	NA	NA	NA	NA	NA	NA
G1840	NA	NA	10000	73463	7.36471	0.0020642	-23500.4	-26786.2	NA	NA	NA	NA	NA	NA	NA	NA	NA	NA
G1843	NA	NA	10000	297373	29.7403	0.000753374	-74134.6	-75293.3	NA	NA	NA	NA	NA	NA	NA	NA	NA	NA
G1844	NA	NA	10000	296523	29.6612	0.00022759	-74240.6	-126790	NA	NA	NA	NA	NA	NA	NA	NA	NA	NA
G1845	NA	NA	10000	304240	30.4301	0.000289904	-73355.6	-96334.3	NA	NA	NA	NA	NA	NA	NA	NA	NA	NA
G1847	NA	NA	10000	286279	28.6336	0.000696336	-70941.7	-75968	NA	NA	NA	NA	NA	NA	NA	NA	NA	NA
G1850	NA	NA	10000	67139	6.74086	0.000551636	-21425.1	-64585.8	NA	NA	NA	NA	NA	NA	NA	NA	NA	NA
G1852	NA	NA	10000	293012	29.31	0.000606755	-75735	-79111.8	NA	NA	NA	NA	NA	NA	NA	NA	NA	NA
G1857	NA	NA	10000	79510	7.96614	1.23883e-11	-24300.6	-71056.3	NA	NA	NA	NA	NA	NA	NA	NA	NA	NA
G1859	NA	NA	10000	73742	7.39491	0.00135593	-22597	-25978.7	NA	NA	NA	NA	NA	NA	NA	NA	NA	NA
G1860	NA	NA	10000	296870	29.69	0.000112028	-73559.5	-124554	NA	NA	NA	NA	NA	NA	NA	NA	NA	NA
G1863	NA	NA	10000	73622	7.38213	0.000401679	-23189.4	-66309.1	NA	NA	NA	NA	NA	NA	NA	NA	NA	NA
G1864	NA	NA	10000	72055	7.22501	0.00260711	-22386.5	-23887.2	NA	NA	NA	NA	NA	NA	NA	NA	NA	NA
G1867	NA	NA	10000	74194	7.43725	0.00135751	-23435.6	-43572	NA	NA	NA	NA	NA	NA	NA	NA	NA	NA
G1868	NA	NA	10000	294636	29.4665	0.000710977	-74425	-75419.2	NA	NA	NA	NA	NA	NA	NA	NA	NA	NA
G1879	NA	NA	10000	305256	30.5348	0.000414775	-77190.5	-77594.4	NA	NA	NA	NA	NA	NA	NA	NA	NA	NA
G1884	NA	NA	10000	67957	6.8182	0.000724984	-21538.8	-73430.3	NA	NA	NA	NA	NA	NA	NA	NA	NA	NA
G1885	NA	NA	10000	76796	7.69885	8.73957e-08	-23414.5	-23414.5	NA	NA	NA	NA	NA	NA	NA	NA	NA	NA
G1888	NA	NA	10000	74408	7.46094	0.000440272	-23032	-62701.1	NA	NA	NA	NA	NA	NA	NA	NA	NA	NA
G1889	NA	NA	10000	71323	7.15376	0.00137149	-22335.3	-23354.2	NA	NA	NA	NA	NA	NA	NA	NA	NA	NA
G1891	NA	NA	10000	293443	29.3472	0.000588569	-74183.6	-75624.8	NA	NA	NA	NA	NA	NA	NA	NA	NA	NA
G1894	NA	NA	10000	72810	7.30804	0.000229367	-23067.4	-68589.4	NA	NA	NA	NA	NA	NA	NA	NA	NA	NA
G1896	NA	NA	10000	71779	7.20456	0.00101947	-22640.4	-27410.7	NA	NA	NA	NA	NA	NA	NA	NA	NA	NA
G1898	NA	NA	10000	70364	7.06182	0.000985978	-21939.5	-68925	NA	NA	NA	NA	NA	NA	NA	NA	NA	NA
G1906	NA	NA	10000	87713	8.79152	0.000568587	-26363.4	-71421.2	NA	NA	NA	NA	NA	NA	NA	NA	NA	NA
G1908	NA	NA	10000	77989	7.81375	0.0015704	-23646.3	-25821.5	NA	NA	NA	NA	NA	NA	NA	NA	NA	NA
G1911	NA	NA	10000	298395	29.8425	0.00135687	-75599.4	-76675.5	NA	NA	NA	NA	NA	NA	NA	NA	NA	NA
G1916	NA	NA	10000	70442	7.0654	0.00112715	-22544.2	-70547.4	NA	NA	NA	NA	NA	NA	NA	NA	NA	NA
G1926	NA	NA	10000	70796	7.11017	0.000377376	-22285.7	-77956.3	NA	NA	NA	NA	NA	NA	NA	NA	NA	NA
G1927	NA	NA	10000	80354	8.05796	0.000669538	-23563.7	-75770.8	NA	NA	NA	NA	NA	NA	NA	NA	NA	NA
G1930	NA	NA	10000	300837	30.0867	0.000588806	-75523.7	-77287.3	NA	NA	NA	NA	NA	NA	NA	NA	NA	NA
G1933	NA	NA	10000	65904	6.64087	0.00105982	-20728.2	-40154.9	NA	NA	NA	NA	NA	NA	NA	NA	NA	NA
G1935	NA	NA	10000	85048	8.52184	2.28859e-08	-25078.8	-25078.8	NA	NA	NA	NA	NA	NA	NA	NA	NA	NA
G1939	NA	NA	10000	73706	7.40466	0.00110675	-22549	-71792.7	NA	NA	NA	NA	NA	NA	NA	NA	NA	NA
G1941	NA	NA	10000	67665	6.80529	0.00131884	-21031.4	-37337.5	NA	NA	NA	NA	NA	NA	NA	NA	NA	NA
G1942	NA	NA	10000	76570	7.69084	0.000432948	-23892.6	-85109.2	NA	NA	NA	NA	NA	NA	NA	NA	NA	NA
G1944	NA	NA	10000	73103	7.32936	0.000349446	-22741.9	-48054.6	NA	NA	NA	NA	NA	NA	NA	NA	NA	NA
G1945	NA	NA	10000	295410	29.544	0.000398372	-74773.7	-76878.4	NA	NA	NA	NA	NA	NA	NA	NA	NA	NA
G1946	NA	NA	10000	74387	7.4551	0.00113485	-23024.8	-70749	NA	NA	NA	NA	NA	NA	NA	NA	NA	NA
G1950-1	NA	NA	10000	76539	7.67693	0.000192803	-23441.2	-82257.8	NA	NA	NA	NA	NA	NA	NA	NA	NA	NA
G1951	NA	NA	10000	76832	7.70323	8.17547e-12	-23243.8	-23243.8	NA	NA	NA	NA	NA	NA	NA	NA	NA	NA
G1952	NA	NA	10000	86677	8.67985	0.000760772	-26508.9	-69403.4	NA	NA	NA	NA	NA	NA	NA	NA	NA	NA
G1956-2	NA	NA	10000	85185	8.53557	0.000127564	-25516	-98514.1	NA	NA	NA	NA	NA	NA	NA	NA	NA	NA
G1957	NA	NA	10000	290386	29.0444	0.000298683	-72498.7	-88686	NA	NA	NA	NA	NA	NA	NA	NA	NA	NA
G1961	NA	NA	10000	69899	7.00882	0.00189021	-21966	-27616.8	NA	NA	NA	NA	NA	NA	NA	NA	NA	NA
G1967	NA	NA	10000	74253	7.44914	0.000478719	-22836.3	-71318.8	NA	NA	NA	NA	NA	NA	NA	NA	NA	NA
G1968	NA	NA	10000	82308	8.24977	0.000257484	-25121.6	-79564.5	NA	NA	NA	NA	NA	NA	NA	NA	NA	NA
G1971	NA	NA	10000	296952	29.6982	0.41734	-109319	-121807	NA	NA	NA	NA	NA	NA	NA	NA	NA	NA
G1972	NA	NA	10000	78240	7.84046	0.000536018	-24318.8	-71288.7	NA	NA	NA	NA	NA	NA	NA	NA	NA	NA
G1975	NA	NA	10000	78298	7.84706	0.000331449	-24363	-69460	NA	NA	NA	NA	NA	NA	NA	NA	NA	NA
G1976	NA	NA	10000	77169	7.73082	0.000395975	-23559.5	-76122.9	NA	NA	NA	NA	NA	NA	NA	NA	NA	NA
G1979	NA	NA	10000	82695	8.29189	0.000178875	-25087.8	-50972.5	NA	NA	NA	NA	NA	NA	NA	NA	NA	NA
G1982	NA	NA	10000	290934	29.0934	0.000625119	-72464.2	-76187.3	NA	NA	NA	NA	NA	NA	NA	NA	NA	NA
G1987	NA	NA	10000	66711	6.69856	0.00159598	-21150.4	-42590.4	NA	NA	NA	NA	NA	NA	NA	NA	NA	NA
G1993-1	NA	NA	10000	71944	7.2175	0.000194201	-22584.6	-75441.2	NA	NA	NA	NA	NA	NA	NA	NA	NA	NA
G1999-1	NA	NA	10000	74069	7.42695	0.000218155	-22541.1	-76415.4	NA	NA	NA	NA	NA	NA	NA	NA	NA	NA
G2004	NA	NA	10000	66889	6.73334	0.000399461	-20782.9	-20820.3	NA	NA	NA	NA	NA	NA	NA	NA	NA	NA
G2005	NA	NA	10000	82673	8.30134	0.001715	-24503.9	-67636.9	NA	NA	NA	NA	NA	NA	NA	NA	NA	NA
G2008	NA	NA	10000	73702	7.39312	0.00117793	-23285.5	-45643.7	NA	NA	NA	NA	NA	NA	NA	NA	NA	NA
G2009	NA	NA	10000	78630	7.88192	0.00115162	-24277.4	-43472	NA	NA	NA	NA	NA	NA	NA	NA	NA	NA
G2012	NA	NA	10000	296036	29.6095	0.00643219	-74788.4	-75465.1	NA	NA	NA	NA	NA	NA	NA	NA	NA	NA
G2013	NA	NA	10000	64610	6.4889	0.000159997	-20500.6	-66270.4	NA	NA	NA	NA	NA	NA	NA	NA	NA	NA
G2015	NA	NA	10000	77976	7.82342	0.000439844	-23768.7	-77772.8	NA	NA	NA	NA	NA	NA	NA	NA	NA	NA
G2017	NA	NA	10000	76246	7.64601	0.00127272	-23678.4	-25759.4	NA	NA	NA	NA	NA	NA	NA	NA	NA	NA
G2020-1	NA	NA	10000	71888	7.2126	0.000332311	-22764.1	-75147.9	NA	NA	NA	NA	NA	NA	NA	NA	NA	NA
G2021-1	NA	NA	10000	66556	6.683	0.00126072	-21331.1	-28939.6	NA	NA	NA	NA	NA	NA	NA	NA	NA	NA
G2025	NA	NA	10000	82936	8.31272	0.000478171	-25277.8	-62452	NA	NA	NA	NA	NA	NA	NA	NA	NA	NA
G2027	NA	NA	10000	299305	29.9365	0.000115787	-76702.3	-89078.3	NA	NA	NA	NA	NA	NA	NA	NA	NA	NA
G2029	NA	NA	10000	74655	7.48947	0.00251026	-23503.8	-24280.4	NA	NA	NA	NA	NA	NA	NA	NA	NA	NA
G2032	NA	NA	10000	67856	6.81012	0.00100722	-21664.6	-69074.9	NA	NA	NA	NA	NA	NA	NA	NA	NA	NA
G2033-1	NA	NA	10000	76269	7.64678	0.000747591	-24543.2	-70062.6	NA	NA	NA	NA	NA	NA	NA	NA	NA	NA
G2035-1	NA	NA	10000	74603	7.48725	0.000340592	-23889.7	-76167.8	NA	NA	NA	NA	NA	NA	NA	NA	NA	NA
G2036	NA	NA	10000	289819	28.9848	0.000176392	-71501.7	-79362.4	NA	NA	NA	NA	NA	NA	NA	NA	NA	NA
G2037	NA	NA	10000	72695	7.29284	0.419972	-30541.8	-32930.2	NA	NA	NA	NA	NA	NA	NA	NA	NA	NA
G2042	NA	NA	10000	69239	6.94195	0.0002709	-22034.3	-93420.4	NA	NA	NA	NA	NA	NA	NA	NA	NA	NA
G2043	NA	NA	10000	67680	6.79177	0.000336316	-20881.8	-72549	NA	NA	NA	NA	NA	NA	NA	NA	NA	NA
G2044	NA	NA	10000	80451	8.0685	0.000128215	-24147.8	-76340.2	NA	NA	NA	NA	NA	NA	NA	NA	NA	NA
G2046	NA	NA	10000	79341	7.94681	0.00219589	-24446.3	-25923.7	NA	NA	NA	NA	NA	NA	NA	NA	NA	NA
G2047	NA	NA	10000	68138	6.83773	0.00294826	-21802.9	-29556.9	NA	NA	NA	NA	NA	NA	NA	NA	NA	NA
G2051	NA	NA	10000	73016	7.32137	0.00110284	-22746.4	-63348.1	NA	NA	NA	NA	NA	NA	NA	NA	NA	NA
G2053	NA	NA	10000	81371	8.14851	0.000654205	-24429.5	-27379	NA	NA	NA	NA	NA	NA	NA	NA	NA	NA
G2057	NA	NA	10000	79887	8.00631	0.00298497	-24216.7	-25585.8	NA	NA	NA	NA	NA	NA	NA	NA	NA	NA
G2058	NA	NA	10000	67055	6.72635	0.000581268	-21225.4	-74117	NA	NA	NA	NA	NA	NA	NA	NA	NA	NA
G2062	NA	NA	10000	74678	7.48727	0.000337131	-23448.6	-79569.8	NA	NA	NA	NA	NA	NA	NA	NA	NA	NA
G2066-1	NA	NA	10000	55261	5.57291	0.00174372	-18498.7	-59563	NA	NA	NA	NA	NA	NA	NA	NA	NA	NA
G2068	NA	NA	10000	71661	7.18118	0.000142271	-22931	-96345.1	NA	NA	NA	NA	NA	NA	NA	NA	NA	NA
G2069	NA	NA	10000	299533	29.9593	3.55548e-05	-75317.3	-127013	NA	NA	NA	NA	NA	NA	NA	NA	NA	NA
G2072	NA	NA	10000	78640	7.88213	0.314586	-31662.4	-34115.7	NA	NA	NA	NA	NA	NA	NA	NA	NA	NA
G2074	NA	NA	10000	77761	7.79325	0.000282811	-23403.8	-87120.1	NA	NA	NA	NA	NA	NA	NA	NA	NA	NA
G2075	NA	NA	10000	71857	7.21456	0.000410741	-21513.7	-82151.9	NA	NA	NA	NA	NA	NA	NA	NA	NA	NA
G2079	NA	NA	10000	80527	8.06803	0.00117517	-24443.1	-34533	NA	NA	NA	NA	NA	NA	NA	NA	NA	NA
G2080	NA	NA	10000	70172	7.04397	0.000513165	-22004.4	-71969.8	NA	NA	NA	NA	NA	NA	NA	NA	NA	NA
G2081	NA	NA	10000	80637	8.08067	0.00187021	-25088.2	-27563.1	NA	NA	NA	NA	NA	NA	NA	NA	NA	NA
G2083	NA	NA	10000	74447	7.4671	0.00165198	-23521.1	-33437.2	NA	NA	NA	NA	NA	NA	NA	NA	NA	NA
G2090	NA	NA	10000	82701	8.29249	0.000569273	-24813.8	-67139.3	NA	NA	NA	NA	NA	NA	NA	NA	NA	NA
G2091	NA	NA	10000	75916	7.62056	0.252975	-29519.9	-31599.3	NA	NA	NA	NA	NA	NA	NA	NA	NA	NA
G2095	NA	NA	10000	301927	30.1987	3.57527e-05	-74476.3	-125257	NA	NA	NA	NA	NA	NA	NA	NA	NA	NA
G2097	NA	NA	10000	83018	8.3176	0.00199912	-25364.8	-36090.6	NA	NA	NA	NA	NA	NA	NA	NA	NA	NA
G2105	NA	NA	10000	89979	9.01413	0.000367353	-25754.3	-54167.2	NA	NA	NA	NA	NA	NA	NA	NA	NA	NA
G2108	NA	NA	10000	87012	8.71078	5.32285e-08	-25797.8	-87238.4	NA	NA	NA	NA	NA	NA	NA	NA	NA	NA
G2114	NA	NA	10000	80753	8.08581	1.35255e-08	-24287.4	-68027.5	NA	NA	NA	NA	NA	NA	NA	NA	NA	NA
G2119	NA	NA	10000	74312	7.44684	0.000473768	-22695.5	-68540.9	NA	NA	NA	NA	NA	NA	NA	NA	NA	NA
G2121	NA	NA	10000	288357	28.8444	0.000808974	-72900.3	-73736	NA	NA	NA	NA	NA	NA	NA	NA	NA	NA
G2138	NA	NA	10000	68840	6.90402	0.00215395	-21676.5	-46040.9	NA	NA	NA	NA	NA	NA	NA	NA	NA	NA
G2141	NA	NA	10000	75770	7.59142	0.383693	-31327.9	-33776.1	NA	NA	NA	NA	NA	NA	NA	NA	NA	NA
G2146	NA	NA	10000	298199	29.8229	0.000353814	-74881.8	-87675.4	NA	NA	NA	NA	NA	NA	NA	NA	NA	NA
G2148	NA	NA	10000	80131	8.02675	0.00169551	-23903.2	-48579.6	NA	NA	NA	NA	NA	NA	NA	NA	NA	NA
G2150	NA	NA	10000	73052	7.33233	0.00168375	-22853	-25012.7	NA	NA	NA	NA	NA	NA	NA	NA	NA	NA
G2151	NA	NA	10000	308503	30.8534	0.000715567	-77807.9	-82710.8	NA	NA	NA	NA	NA	NA	NA	NA	NA	NA
G2156	NA	NA	10000	68455	6.86748	0.000554626	-21869.1	-69806.7	NA	NA	NA	NA	NA	NA	NA	NA	NA	NA
G2157	NA	NA	10000	298247	29.8337	6.92969e-05	-74923.8	-123052	NA	NA	NA	NA	NA	NA	NA	NA	NA	NA
G2161	NA	NA	10000	74918	7.51133	0.00289459	-23536.8	-28023.2	NA	NA	NA	NA	NA	NA	NA	NA	NA	NA
G2163	NA	NA	10000	73256	7.3447	0.000837031	-22650.5	-23480.5	NA	NA	NA	NA	NA	NA	NA	NA	NA	NA
g2170	NA	NA	10000	81064	8.12427	7.94264e-05	-24650.3	-75312.3	NA	NA	NA	NA	NA	NA	NA	NA	NA	NA
G2176	NA	NA	10000	80447	8.06001	0.000430698	-24521.6	-72115.7	NA	NA	NA	NA	NA	NA	NA	NA	NA	NA
G2177	NA	NA	10000	89458	8.95655	0.00052435	-26725.5	-58673.7	NA	NA	NA	NA	NA	NA	NA	NA	NA	NA
G2181	NA	NA	10000	306959	30.8564	8.22769e-05	-75124.2	-124883	NA	NA	NA	NA	NA	NA	NA	NA	NA	NA
G2183	NA	NA	10000	283869	28.3926	0.000755687	-72573.1	-74740.9	NA	NA	NA	NA	NA	NA	NA	NA	NA	NA
G2191-1	NA	NA	10000	82170	8.23347	0.000880961	-25011.6	-64126.4	NA	NA	NA	NA	NA	NA	NA	NA	NA	NA
G2193	NA	NA	10000	76935	7.71201	0.000914534	-23745.5	-49024.5	NA	NA	NA	NA	NA	NA	NA	NA	NA	NA
g2198	NA	NA	10000	71439	7.17908	0.00119871	-22128.8	-51365.3	NA	NA	NA	NA	NA	NA	NA	NA	NA	NA
G2202	NA	NA	10000	82588	8.27369	0.000162736	-25036.5	-76611.8	NA	NA	NA	NA	NA	NA	NA	NA	NA	NA
G2207	NA	NA	10000	82525	8.26241	0.000157616	-25125.3	-77599	NA	NA	NA	NA	NA	NA	NA	NA	NA	NA
G2212	NA	NA	10000	75909	7.61145	0.000446574	-22965.7	-61228.9	NA	NA	NA	NA	NA	NA	NA	NA	NA	NA
G2223	NA	NA	10000	71548	7.17777	0.000289786	-23225.8	-78544.5	NA	NA	NA	NA	NA	NA	NA	NA	NA	NA
G2228-1	NA	NA	10000	82033	8.22221	0.000147044	-25170.7	-103996	NA	NA	NA	NA	NA	NA	NA	NA	NA	NA
G2229	NA	NA	10000	78466	7.86232	0.000441524	-24380	-48677.8	NA	NA	NA	NA	NA	NA	NA	NA	NA	NA
G2230	NA	NA	10000	83174	8.32489	0.000325551	-25388.9	-71876.3	NA	NA	NA	NA	NA	NA	NA	NA	NA	NA
g2232	NA	NA	10000	67349	6.77147	0.000847478	-20972.6	-57419.3	NA	NA	NA	NA	NA	NA	NA	NA	NA	NA
g2238	NA	NA	10000	76596	7.68805	0.000480808	-23253.2	-45233.8	NA	NA	NA	NA	NA	NA	NA	NA	NA	NA
G2239	NA	NA	10000	304842	30.4872	0.000442091	-76364.2	-82284.4	NA	NA	NA	NA	NA	NA	NA	NA	NA	NA
G2247	NA	NA	10000	71447	7.17555	0.00153012	-21792.7	-40120.2	NA	NA	NA	NA	NA	NA	NA	NA	NA	NA
g2248	NA	NA	10000	71861	7.22294	0.00139831	-22263.7	-35013.3	NA	NA	NA	NA	NA	NA	NA	NA	NA	NA
G2253	NA	NA	10000	89930	9.002	0.000365847	-26232.9	-69395.3	NA	NA	NA	NA	NA	NA	NA	NA	NA	NA
G2260	NA	NA	10000	76700	7.69771	3.17383e-07	-23356.9	-51285.7	NA	NA	NA	NA	NA	NA	NA	NA	NA	NA
G2262	NA	NA	10000	77488	7.78305	0.000268741	-23685.9	-78196.4	NA	NA	NA	NA	NA	NA	NA	NA	NA	NA
G2265	NA	NA	10000	77625	7.78898	1.75108e-08	-23524.6	-61999.8	NA	NA	NA	NA	NA	NA	NA	NA	NA	NA
G2283	NA	NA	10000	75368	7.56175	0.000863844	-23751.2	-43636.8	NA	NA	NA	NA	NA	NA	NA	NA	NA	NA
G2284	NA	NA	10000	86747	8.69208	0.000503864	-26093.6	-85279.6	NA	NA	NA	NA	NA	NA	NA	NA	NA	NA
G2285	NA	NA	10000	294735	29.4735	0.000769023	-74357.5	-77694.4	NA	NA	NA	NA	NA	NA	NA	NA	NA	NA
G2286	NA	NA	10000	297469	29.7499	2.0534e-05	-73155	-133185	NA	NA	NA	NA	NA	NA	NA	NA	NA	NA
G2287	NA	NA	10000	67898	6.81981	0.00105198	-21078.2	-32774.2	NA	NA	NA	NA	NA	NA	NA	NA	NA	NA
G2289	NA	NA	10000	76230	7.64057	0.000112297	-23357.8	-66402.5	NA	NA	NA	NA	NA	NA	NA	NA	NA	NA
G2294	NA	NA	10000	69063	6.92153	0.000348858	-22253.8	-85849.9	NA	NA	NA	NA	NA	NA	NA	NA	NA	NA
G2297	NA	NA	10000	73491	7.37417	0.00202597	-22866.5	-23080.2	NA	NA	NA	NA	NA	NA	NA	NA	NA	NA
G2326	NA	NA	10000	84659	8.47947	0.000457269	-25732.5	-57850.2	NA	NA	NA	NA	NA	NA	NA	NA	NA	NA
G2329	NA	NA	10000	84633	8.48026	0.000616064	-24927.3	-41101	NA	NA	NA	NA	NA	NA	NA	NA	NA	NA
G2330	NA	NA	10000	74401	7.46099	0.0023865	-22981.7	-23911.3	NA	NA	NA	NA	NA	NA	NA	NA	NA	NA
G2332	NA	NA	10000	81966	8.21303	0.000801006	-25494.5	-52770.7	NA	NA	NA	NA	NA	NA	NA	NA	NA	NA
G2333-2	NA	NA	10000	76032	7.62378	0.000694045	-23306.9	-71685.1	NA	NA	NA	NA	NA	NA	NA	NA	NA	NA
G2335-2	NA	NA	10000	73125	7.33156	0.000168693	-22745.7	-81260.7	NA	NA	NA	NA	NA	NA	NA	NA	NA	NA
G2344	NA	NA	10000	67361	6.75705	0.000507365	-21342.1	-86587.5	NA	NA	NA	NA	NA	NA	NA	NA	NA	NA
G2346	NA	NA	10000	79384	7.95431	0.000583095	-24268.1	-51785.9	NA	NA	NA	NA	NA	NA	NA	NA	NA	NA
G2347	NA	NA	10000	76260	7.63899	0.000478803	-23545.1	-75060.2	NA	NA	NA	NA	NA	NA	NA	NA	NA	NA
G2348	NA	NA	10000	79935	8.01514	0.00149125	-24852.6	-49253.6	NA	NA	NA	NA	NA	NA	NA	NA	NA	NA
G2350	NA	NA	10000	302606	30.2667	0.000463651	-73970.4	-74387.8	NA	NA	NA	NA	NA	NA	NA	NA	NA	NA
G2353	NA	NA	10000	280632	28.0688	0.000105777	-73097.5	-149214	NA	NA	NA	NA	NA	NA	NA	NA	NA	NA
G2355	NA	NA	10000	85857	8.59688	0.000158648	-25304.2	-74841.1	NA	NA	NA	NA	NA	NA	NA	NA	NA	NA
G2361	NA	NA	10000	81040	8.12105	6.29417e-05	-24681.5	-108009	NA	NA	NA	NA	NA	NA	NA	NA	NA	NA
G2367	NA	NA	10000	75762	7.61274	0.000386466	-22619.2	-66165.4	NA	NA	NA	NA	NA	NA	NA	NA	NA	NA
G2374	NA	NA	10000	70344	7.05415	0.000477243	-21590.2	-68534.3	NA	NA	NA	NA	NA	NA	NA	NA	NA	NA
G2376	NA	NA	10000	81604	8.17512	0.0003253	-24678.6	-82994.7	NA	NA	NA	NA	NA	NA	NA	NA	NA	NA
G2378-1	NA	NA	10000	90644	9.07529	0.000312622	-26994.6	-92847.9	NA	NA	NA	NA	NA	NA	NA	NA	NA	NA
G2383	NA	NA	10000	76416	7.66075	0.00215469	-24013.6	-29921.8	NA	NA	NA	NA	NA	NA	NA	NA	NA	NA
G2384	NA	NA	10000	69347	6.95208	0.000772375	-21729.4	-53361.9	NA	NA	NA	NA	NA	NA	NA	NA	NA	NA
G2387	NA	NA	10000	72041	7.23594	0.000347941	-21744.7	-82928	NA	NA	NA	NA	NA	NA	NA	NA	NA	NA
G2397	NA	NA	10000	301616	30.1707	3.1789e-05	-73012.9	-133736	NA	NA	NA	NA	NA	NA	NA	NA	NA	NA
G2407	NA	NA	10000	62814	6.31423	0.000698027	-20249.7	-75914.4	NA	NA	NA	NA	NA	NA	NA	NA	NA	NA
G2409-2	NA	NA	10000	78402	7.85119	0.000897469	-23930.3	-68156.5	NA	NA	NA	NA	NA	NA	NA	NA	NA	NA
G2410-1	NA	NA	10000	76259	7.64655	8.16003e-07	-23532.3	-57047.9	NA	NA	NA	NA	NA	NA	NA	NA	NA	NA
G2411	NA	NA	10000	287313	28.737	4.8078e-05	-76066.3	-163576	NA	NA	NA	NA	NA	NA	NA	NA	NA	NA
G2413	NA	NA	10000	74588	7.48951	0.000296056	-23593.5	-67883.3	NA	NA	NA	NA	NA	NA	NA	NA	NA	NA
G2414	NA	NA	10000	71194	7.14441	0.000256326	-22182.8	-71333.3	NA	NA	NA	NA	NA	NA	NA	NA	NA	NA
G2416	NA	NA	10000	69641	6.98295	4.7097e-08	-21703.7	-59662.1	NA	NA	NA	NA	NA	NA	NA	NA	NA	NA
G2420	NA	NA	10000	77539	7.78191	0.000557053	-24417.2	-38257.8	NA	NA	NA	NA	NA	NA	NA	NA	NA	NA
G2425	NA	NA	10000	78691	7.88092	0.000384076	-24126.4	-88731.3	NA	NA	NA	NA	NA	NA	NA	NA	NA	NA
g2428	NA	NA	10000	64796	6.50497	0.000107399	-20704.9	-86259.5	NA	NA	NA	NA	NA	NA	NA	NA	NA	NA
G2429	NA	NA	10000	76850	7.69963	0.000840836	-23857.3	-61070	NA	NA	NA	NA	NA	NA	NA	NA	NA	NA
G2439	NA	NA	10000	70566	7.07429	9.06734e-08	-22219.2	-44260.3	NA	NA	NA	NA	NA	NA	NA	NA	NA	NA
G2442	NA	NA	10000	77543	7.78154	0.000511168	-25033.4	-51077.6	NA	NA	NA	NA	NA	NA	NA	NA	NA	NA
G2445	NA	NA	10000	68801	6.90565	0.00160463	-21609.5	-46656.8	NA	NA	NA	NA	NA	NA	NA	NA	NA	NA
G2447	NA	NA	10000	65221	6.55027	0.000417966	-20889.6	-62427.1	NA	NA	NA	NA	NA	NA	NA	NA	NA	NA
g2451	NA	NA	10000	81776	8.19153	0.00195035	-24893.2	-38697.9	NA	NA	NA	NA	NA	NA	NA	NA	NA	NA
G2455	NA	NA	10000	77769	7.79717	0.000675394	-24248.6	-62567	NA	NA	NA	NA	NA	NA	NA	NA	NA	NA
G2457-1	NA	NA	10000	82438	8.26115	0.000916695	-24941.9	-62729.2	NA	NA	NA	NA	NA	NA	NA	NA	NA	NA
G2458	NA	NA	10000	285731	28.5817	4.13693e-05	-70782.9	-153347	NA	NA	NA	NA	NA	NA	NA	NA	NA	NA
G2459	NA	NA	10000	71523	7.17023	0.000465073	-22470.1	-84767	NA	NA	NA	NA	NA	NA	NA	NA	NA	NA
G2460	NA	NA	10000	287931	28.796	0.000163427	-72333.9	-128644	NA	NA	NA	NA	NA	NA	NA	NA	NA	NA
g2461	NA	NA	10000	70068	7.03777	0.000180724	-22602.4	-72994.6	NA	NA	NA	NA	NA	NA	NA	NA	NA	NA
G2462	NA	NA	10000	71290	7.14902	0.000230712	-22100	-82206.9	NA	NA	NA	NA	NA	NA	NA	NA	NA	NA
G2463	NA	NA	10000	67829	6.80741	0.404037	-28177.7	-30394.6	NA	NA	NA	NA	NA	NA	NA	NA	NA	NA
G2465	NA	NA	10000	69860	7.00772	2.93686e-07	-22116.8	-68246.3	NA	NA	NA	NA	NA	NA	NA	NA	NA	NA
G2469	NA	NA	10000	72887	7.30331	0.00266783	-22491.2	-25182.8	NA	NA	NA	NA	NA	NA	NA	NA	NA	NA
G2470	NA	NA	10000	298352	29.8442	0.000531274	-73807.8	-79939.5	NA	NA	NA	NA	NA	NA	NA	NA	NA	NA
G2473	NA	NA	10000	82393	8.25333	0.00061382	-25034.6	-77138.4	NA	NA	NA	NA	NA	NA	NA	NA	NA	NA
G2474-2	NA	NA	10000	86178	8.63334	0.00105538	-26791.2	-33393.5	NA	NA	NA	NA	NA	NA	NA	NA	NA	NA
G2488-2	NA	NA	10000	74353	7.45543	0.000277289	-23650.5	-87124.8	NA	NA	NA	NA	NA	NA	NA	NA	NA	NA
G2489	NA	NA	10000	77853	7.80638	2.45124e-23	-24208.2	-24208.2	NA	NA	NA	NA	NA	NA	NA	NA	NA	NA
G2491	NA	NA	10000	80719	8.08889	0.000743712	-24488.4	-82426.4	NA	NA	NA	NA	NA	NA	NA	NA	NA	NA
g2497	NA	NA	10000	76605	7.68124	0.000862618	-23976.1	-34811.6	NA	NA	NA	NA	NA	NA	NA	NA	NA	NA
G2500	NA	NA	10000	76716	7.68697	0.000638012	-23898.5	-72999.7	NA	NA	NA	NA	NA	NA	NA	NA	NA	NA
G2503	NA	NA	10000	75279	7.55055	0.000606976	-23538.2	-83302.4	NA	NA	NA	NA	NA	NA	NA	NA	NA	NA
G2513	NA	NA	10000	298718	29.8718	0.000896425	-75307.8	-83174	NA	NA	NA	NA	NA	NA	NA	NA	NA	NA
G2515	NA	NA	10000	299804	29.9834	0.299571	-108490	-121951	NA	NA	NA	NA	NA	NA	NA	NA	NA	NA
G2519	NA	NA	10000	73545	7.37441	0.000427459	-23046.3	-77337.6	NA	NA	NA	NA	NA	NA	NA	NA	NA	NA
g2523	NA	NA	10000	69989	7.03336	0.00176628	-21573.2	-34638.7	NA	NA	NA	NA	NA	NA	NA	NA	NA	NA
G2526	NA	NA	10000	294307	29.4366	3.86693e-05	-72069.2	-97312.5	NA	NA	NA	NA	NA	NA	NA	NA	NA	NA
G2535	NA	NA	10000	78759	7.88615	0.000587372	-23859.6	-76038.8	NA	NA	NA	NA	NA	NA	NA	NA	NA	NA
G2537	NA	NA	10000	82885	8.30594	0.000847729	-25625.9	-67707	NA	NA	NA	NA	NA	NA	NA	NA	NA	NA
G2544	NA	NA	10000	88033	8.81299	5.28921e-08	-25411.4	-25411.4	NA	NA	NA	NA	NA	NA	NA	NA	NA	NA
G2549	NA	NA	10000	67582	6.79489	0.000258706	-21417.5	-84368.7	NA	NA	NA	NA	NA	NA	NA	NA	NA	NA
G2552	NA	NA	10000	80334	8.04869	0.00062344	-24193.6	-35576.6	NA	NA	NA	NA	NA	NA	NA	NA	NA	NA
G2555	NA	NA	10000	310710	31.0741	7.52807e-05	-76443.8	-108235	NA	NA	NA	NA	NA	NA	NA	NA	NA	NA
G2561	NA	NA	10000	302402	30.2462	0.000624061	-75431.8	-76341	NA	NA	NA	NA	NA	NA	NA	NA	NA	NA
G2562	NA	NA	10000	295319	29.5349	0.000132833	-73759.1	-113426	NA	NA	NA	NA	NA	NA	NA	NA	NA	NA
G2563	NA	NA	10000	307704	30.7827	0.000161541	-76458.5	-81049.5	NA	NA	NA	NA	NA	NA	NA	NA	NA	NA
G2565	NA	NA	10000	84306	8.44157	0.00130812	-26242.6	-61615.2	NA	NA	NA	NA	NA	NA	NA	NA	NA	NA
G2569	NA	NA	10000	301839	30.193	0.000231026	-75646.1	-111644	NA	NA	NA	NA	NA	NA	NA	NA	NA	NA
G2571	NA	NA	10000	76790	7.69516	0.000412184	-23842.9	-69311.6	NA	NA	NA	NA	NA	NA	NA	NA	NA	NA
G2573	NA	NA	10000	75246	7.53666	0.0021624	-23913.4	-36264.3	NA	NA	NA	NA	NA	NA	NA	NA	NA	NA
G2578	NA	NA	10000	74305	7.46109	0.00151932	-22964.9	-71088.9	NA	NA	NA	NA	NA	NA	NA	NA	NA	NA
G2580	NA	NA	10000	65085	6.55042	0.000629642	-20516.2	-40382.2	NA	NA	NA	NA	NA	NA	NA	NA	NA	NA
G2584	NA	NA	10000	70010	7.03123	0.000147838	-22102.3	-93764.2	NA	NA	NA	NA	NA	NA	NA	NA	NA	NA
G2594	NA	NA	10000	304093	30.4123	0.000184057	-75652.6	-109920	NA	NA	NA	NA	NA	NA	NA	NA	NA	NA
G2595	NA	NA	10000	77740	7.7888	0.00130489	-23775.6	-49383.3	NA	NA	NA	NA	NA	NA	NA	NA	NA	NA
G2596	NA	NA	10000	72434	7.25792	0.00116796	-22336.8	-41292.8	NA	NA	NA	NA	NA	NA	NA	NA	NA	NA
G2598	NA	NA	10000	79772	7.99239	0.00103504	-24896.3	-27940.6	NA	NA	NA	NA	NA	NA	NA	NA	NA	NA
G2600	NA	NA	10000	307370	30.7401	7.47618e-05	-77437.2	-149110	NA	NA	NA	NA	NA	NA	NA	NA	NA	NA
G2601	NA	NA	10000	299949	29.9979	6.80484e-05	-72426.2	-138802	NA	NA	NA	NA	NA	NA	NA	NA	NA	NA
G2603	NA	NA	10000	295651	29.574	0.000222406	-74345.3	-101935	NA	NA	NA	NA	NA	NA	NA	NA	NA	NA
G2604	NA	NA	10000	87137	8.72417	0.000289466	-26188.5	-81540	NA	NA	NA	NA	NA	NA	NA	NA	NA	NA
G2614-1	NA	NA	10000	84309	8.44526	0.00102638	-25494	-47162.5	NA	NA	NA	NA	NA	NA	NA	NA	NA	NA
G2624	NA	NA	10000	281267	28.1351	0.00073729	-70410	-71012.5	NA	NA	NA	NA	NA	NA	NA	NA	NA	NA
G2627	NA	NA	10000	74905	7.5153	0.000626314	-23125.5	-35764.4	NA	NA	NA	NA	NA	NA	NA	NA	NA	NA
G2630	NA	NA	10000	286670	28.6727	0.000613572	-73005.5	-76428.9	NA	NA	NA	NA	NA	NA	NA	NA	NA	NA
G2633-1	NA	NA	10000	83292	8.34255	0.000191542	-25230.7	-88376.4	NA	NA	NA	NA	NA	NA	NA	NA	NA	NA
G2638	NA	NA	10000	73997	7.42494	0.00213755	-22998.8	-23366.7	NA	NA	NA	NA	NA	NA	NA	NA	NA	NA
G2639	NA	NA	10000	73416	7.36517	0.000546527	-22416.8	-28526.9	NA	NA	NA	NA	NA	NA	NA	NA	NA	NA
G2661	NA	NA	10000	66121	6.63732	1.97404e-07	-20752.8	-59639.7	NA	NA	NA	NA	NA	NA	NA	NA	NA	NA
G2679	NA	NA	10000	66498	6.68389	0.000125797	-21456.2	-33941.7	NA	NA	NA	NA	NA	NA	NA	NA	NA	NA
G2681	NA	NA	10000	72515	7.27259	0.000223444	-22854.7	-75405.6	NA	NA	NA	NA	NA	NA	NA	NA	NA	NA
G2684	NA	NA	10000	67467	6.77244	0.000692876	-20775.7	-44826.5	NA	NA	NA	NA	NA	NA	NA	NA	NA	NA
G2688-1	NA	NA	10000	68518	6.8807	0.000151667	-21299.7	-74666.9	NA	NA	NA	NA	NA	NA	NA	NA	NA	NA
G2697	NA	NA	10000	297727	29.7816	0.000738169	-76036.9	-76372.3	NA	NA	NA	NA	NA	NA	NA	NA	NA	NA
G2707	NA	NA	10000	73888	7.42518	4.8449e-08	-22810.3	-67623.7	NA	NA	NA	NA	NA	NA	NA	NA	NA	NA
G2708	NA	NA	10000	86689	8.6854	0.000618364	-25598.8	-57103.6	NA	NA	NA	NA	NA	NA	NA	NA	NA	NA
G2710	NA	NA	10000	62205	6.25679	0.00108014	-20007.2	-42304.1	NA	NA	NA	NA	NA	NA	NA	NA	NA	NA
G2711	NA	NA	10000	63413	6.37381	0.00021244	-19969.3	-62899.1	NA	NA	NA	NA	NA	NA	NA	NA	NA	NA
G2715	NA	NA	10000	73581	7.37285	0.000147869	-23003.5	-95197	NA	NA	NA	NA	NA	NA	NA	NA	NA	NA
G2717	NA	NA	10000	76877	7.70929	0.0012799	-23636.7	-31388.3	NA	NA	NA	NA	NA	NA	NA	NA	NA	NA
G2726	NA	NA	10000	66113	6.66395	0.00232626	-21474.6	-24527.6	NA	NA	NA	NA	NA	NA	NA	NA	NA	NA
G2730	NA	NA	10000	76748	7.70253	0.00134359	-23851.8	-43192.9	NA	NA	NA	NA	NA	NA	NA	NA	NA	NA
G2736	NA	NA	10000	70786	7.11346	0.00106019	-22403.3	-52944.5	NA	NA	NA	NA	NA	NA	NA	NA	NA	NA
G2737	NA	NA	10000	72219	7.26476	0.00177782	-23008.1	-31198.4	NA	NA	NA	NA	NA	NA	NA	NA	NA	NA
G2740	NA	NA	10000	69125	6.94235	0.000975796	-21731.1	-41029.8	NA	NA	NA	NA	NA	NA	NA	NA	NA	NA
G2744	NA	NA	10000	76351	7.66576	0.000901221	-23246.7	-66516	NA	NA	NA	NA	NA	NA	NA	NA	NA	NA
G2745	NA	NA	10000	76575	7.69211	0.000790833	-23497.9	-35740.8	NA	NA	NA	NA	NA	NA	NA	NA	NA	NA
G2768	NA	NA	10000	82723	8.30552	0.000628997	-25169.6	-31527.2	NA	NA	NA	NA	NA	NA	NA	NA	NA	NA
G2770	NA	NA	10000	79585	7.98405	0.00061498	-24024.8	-71140.3	NA	NA	NA	NA	NA	NA	NA	NA	NA	NA
G2776	NA	NA	10000	77754	7.80114	0.000275915	-23821	-36036.6	NA	NA	NA	NA	NA	NA	NA	NA	NA	NA
G2780	NA	NA	10000	75717	7.60746	0.000244633	-23275.6	-80000.3	NA	NA	NA	NA	NA	NA	NA	NA	NA	NA
G2787	NA	NA	10000	82166	8.2438	0.00213235	-25221.6	-35039.3	NA	NA	NA	NA	NA	NA	NA	NA	NA	NA
G2788	NA	NA	10000	70559	7.09064	3.98148e-05	-21873.1	-79370.5	NA	NA	NA	NA	NA	NA	NA	NA	NA	NA
G2791	NA	NA	10000	69670	7.00835	0.000450638	-22057.7	-64106.7	NA	NA	NA	NA	NA	NA	NA	NA	NA	NA
G2792	NA	NA	10000	77274	7.75221	0.00042711	-23837.8	-81412.8	NA	NA	NA	NA	NA	NA	NA	NA	NA	NA
G2793	NA	NA	10000	81318	8.16036	0.000638125	-24884.8	-74642	NA	NA	NA	NA	NA	NA	NA	NA	NA	NA
G2797D	NA	NA	10000	70402	7.06564	0.000376775	-21873	-49627.9	NA	NA	NA	NA	NA	NA	NA	NA	NA	NA
G2799	NA	NA	10000	79156	7.94579	0.000237466	-24148	-81356	NA	NA	NA	NA	NA	NA	NA	NA	NA	NA
G2818	NA	NA	10000	71013	7.14129	0.000502746	-21682.3	-45788.9	NA	NA	NA	NA	NA	NA	NA	NA	NA	NA
G2823	NA	NA	10000	84458	8.47802	0.000503228	-25924	-50030.3	NA	NA	NA	NA	NA	NA	NA	NA	NA	NA
G2829	NA	NA	10000	81124	8.14416	0.00105651	-24430.3	-77963	NA	NA	NA	NA	NA	NA	NA	NA	NA	NA
G2844	NA	NA	10000	72639	7.2938	0.000631006	-23204.8	-81030.7	NA	NA	NA	NA	NA	NA	NA	NA	NA	NA
G2849-1	NA	NA	10000	72415	7.28301	0.000171661	-22521.5	-90372.8	NA	NA	NA	NA	NA	NA	NA	NA	NA	NA
G2850-1	NA	NA	10000	61064	6.14141	0.000814756	-19907.7	-68669.3	NA	NA	NA	NA	NA	NA	NA	NA	NA	NA
G2851	NA	NA	10000	69871	7.02362	0.000583682	-22299.7	-68898.6	NA	NA	NA	NA	NA	NA	NA	NA	NA	NA
G2853-1	NA	NA	10000	56813	5.71789	0.000520097	-18774.2	-77855.6	NA	NA	NA	NA	NA	NA	NA	NA	NA	NA
G2854	NA	NA	10000	76262	7.65375	0.000404449	-23500.1	-31505.2	NA	NA	NA	NA	NA	NA	NA	NA	NA	NA
G2856	NA	NA	10000	68880	6.9247	0.000662917	-21628.8	-62925.2	NA	NA	NA	NA	NA	NA	NA	NA	NA	NA
G2857	NA	NA	10000	85955	8.62829	0.000278412	-25623.9	-58831.6	NA	NA	NA	NA	NA	NA	NA	NA	NA	NA
G2859	NA	NA	10000	86639	8.68736	0.000921975	-26328.8	-58828.5	NA	NA	NA	NA	NA	NA	NA	NA	NA	NA
G2870	NA	NA	10000	65371	6.58849	0.00105745	-21153.2	-52321.7	NA	NA	NA	NA	NA	NA	NA	NA	NA	NA
G2878	NA	NA	10000	71353	7.15462	0.00029309	-22542.5	-80748.9	NA	NA	NA	NA	NA	NA	NA	NA	NA	NA
G2879-1	NA	NA	10000	76962	7.71317	6.41348e-07	-23733.5	-79318	NA	NA	NA	NA	NA	NA	NA	NA	NA	NA
G2880	NA	NA	10000	71224	7.15819	0.000335595	-22591.7	-79123.8	NA	NA	NA	NA	NA	NA	NA	NA	NA	NA
G2884	NA	NA	10000	74701	7.50688	0.000650998	-23078.5	-74264.7	NA	NA	NA	NA	NA	NA	NA	NA	NA	NA
G2905	NA	NA	10000	76868	7.7138	0.00106272	-23563.4	-64838.4	NA	NA	NA	NA	NA	NA	NA	NA	NA	NA
G2906	NA	NA	10000	74193	7.45583	0.000998547	-22686.1	-44449.7	NA	NA	NA	NA	NA	NA	NA	NA	NA	NA
G2908-1	NA	NA	10000	67050	6.7326	0.000533985	-20986.8	-59853.3	NA	NA	NA	NA	NA	NA	NA	NA	NA	NA
G2915	NA	NA	10000	61826	6.23623	0.00242016	-19836.4	-32469.9	NA	NA	NA	NA	NA	NA	NA	NA	NA	NA
G2928	NA	NA	10000	79161	7.95029	0.000647768	-24155.1	-27487	NA	NA	NA	NA	NA	NA	NA	NA	NA	NA
G2930	NA	NA	10000	68341	6.86568	0.000736157	-21216.4	-25844.7	NA	NA	NA	NA	NA	NA	NA	NA	NA	NA
G2937	NA	NA	10000	75523	7.58187	0.001097	-23188.6	-27554.8	NA	NA	NA	NA	NA	NA	NA	NA	NA	NA
G2941	NA	NA	10000	75328	7.55774	0.000389864	-23627.9	-66585.7	NA	NA	NA	NA	NA	NA	NA	NA	NA	NA
G2945	NA	NA	10000	74121	7.44635	0.000950409	-22910.7	-46628.5	NA	NA	NA	NA	NA	NA	NA	NA	NA	NA
G2951	NA	NA	10000	72096	7.24656	0.000550929	-22640.3	-71151.6	NA	NA	NA	NA	NA	NA	NA	NA	NA	NA
G2954	NA	NA	10000	68764	6.90263	0.000592615	-21430.9	-43639.4	NA	NA	NA	NA	NA	NA	NA	NA	NA	NA
G2957	NA	NA	10000	85782	8.5997	0.000429019	-25153.3	-67898	NA	NA	NA	NA	NA	NA	NA	NA	NA	NA
G2963	NA	NA	10000	71702	7.199	0.000228157	-22332.5	-86221.9	NA	NA	NA	NA	NA	NA	NA	NA	NA	NA
G2966	NA	NA	10000	63313	6.36439	0.000772891	-20035.9	-65906.6	NA	NA	NA	NA	NA	NA	NA	NA	NA	NA
G2969	NA	NA	10000	64455	6.47204	0.000840542	-20832	-48570.5	NA	NA	NA	NA	NA	NA	NA	NA	NA	NA
G2971	NA	NA	10000	77949	7.81679	0.000142178	-23894.1	-50331.8	NA	NA	NA	NA	NA	NA	NA	NA	NA	NA
G2976	NA	NA	10000	73761	7.39385	3.07117e-10	-23107.1	-68563.5	NA	NA	NA	NA	NA	NA	NA	NA	NA	NA
G2978	NA	NA	10000	72682	7.28642	0.000769482	-22440.7	-65789.4	NA	NA	NA	NA	NA	NA	NA	NA	NA	NA
G2979	NA	NA	10000	66598	6.68386	0.000159863	-20931.1	-75695.5	NA	NA	NA	NA	NA	NA	NA	NA	NA	NA
G2980	NA	NA	10000	73759	7.39513	0.00054727	-23044.6	-86488.2	NA	NA	NA	NA	NA	NA	NA	NA	NA	NA
G2982	NA	NA	10000	75987	7.6124	5.78967e-07	-23469.4	-82971.8	NA	NA	NA	NA	NA	NA	NA	NA	NA	NA
G2986	NA	NA	10000	81991	8.21306	0.000557052	-25169.7	-61246.2	NA	NA	NA	NA	NA	NA	NA	NA	NA	NA
G2987	NA	NA	10000	65934	6.61656	0.000252876	-20483.2	-72416.5	NA	NA	NA	NA	NA	NA	NA	NA	NA	NA
G2989	NA	NA	10000	69337	6.95596	0.000844951	-21376.1	-65863.5	NA	NA	NA	NA	NA	NA	NA	NA	NA	NA
G2990	NA	NA	10000	65916	6.62273	0.000867727	-21070.7	-53318.4	NA	NA	NA	NA	NA	NA	NA	NA	NA	NA
G2994	NA	NA	10000	62409	6.26974	0.00107449	-19953.7	-42896.3	NA	NA	NA	NA	NA	NA	NA	NA	NA	NA
G2997	NA	NA	10000	72199	7.24962	0.000606072	-22238.4	-52512	NA	NA	NA	NA	NA	NA	NA	NA	NA	NA
G2998	NA	NA	10000	66925	6.70995	0.000249006	-21604.9	-91284.2	NA	NA	NA	NA	NA	NA	NA	NA	NA	NA
G3001	NA	NA	10000	88353	8.85567	0.000189047	-26099.7	-79391.2	NA	NA	NA	NA	NA	NA	NA	NA	NA	NA
G3002	NA	NA	10000	90134	9.02784	0.000421161	-27240.8	-78285.6	NA	NA	NA	NA	NA	NA	NA	NA	NA	NA
G3003	NA	NA	10000	75081	7.52692	0.00064977	-22821.2	-58674.6	NA	NA	NA	NA	NA	NA	NA	NA	NA	NA
G3008	NA	NA	10000	75253	7.54416	0.00392429	-23245.1	-23479.1	NA	NA	NA	NA	NA	NA	NA	NA	NA	NA
G3013	NA	NA	10000	68791	6.89842	0.000322796	-21386.9	-49411.8	NA	NA	NA	NA	NA	NA	NA	NA	NA	NA
G3014	NA	NA	10000	63681	6.39111	0.000432061	-20575.1	-79192	NA	NA	NA	NA	NA	NA	NA	NA	NA	NA
G3017	NA	NA	10000	76187	7.64316	0.00138607	-23728.3	-41869.7	NA	NA	NA	NA	NA	NA	NA	NA	NA	NA
G3018	NA	NA	10000	75360	7.54959	0.000296101	-23387.8	-76616.1	NA	NA	NA	NA	NA	NA	NA	NA	NA	NA
G3020	NA	NA	10000	78310	7.84591	0.00010556	-24143.1	-82955.4	NA	NA	NA	NA	NA	NA	NA	NA	NA	NA
G3021	NA	NA	10000	72674	7.29585	0.000422062	-22749.3	-53165.3	NA	NA	NA	NA	NA	NA	NA	NA	NA	NA
G3025	NA	NA	10000	67723	6.79063	5.10972e-08	-19818.8	-19818.8	NA	NA	NA	NA	NA	NA	NA	NA	NA	NA
G3026	NA	NA	10000	72920	7.30954	5.04793e-08	-22566.8	-22566.8	NA	NA	NA	NA	NA	NA	NA	NA	NA	NA
G3027	NA	NA	10000	72237	7.24471	5.17646e-07	-21871.2	-66547.4	NA	NA	NA	NA	NA	NA	NA	NA	NA	NA
G3028	NA	NA	10000	71782	7.19186	0.000591019	-22250.5	-44562.5	NA	NA	NA	NA	NA	NA	NA	NA	NA	NA
G3030	NA	NA	10000	73476	7.36085	0.0012259	-22563.1	-36490.4	NA	NA	NA	NA	NA	NA	NA	NA	NA	NA
G3034	NA	NA	10000	73817	7.39946	1.07701e-07	-22753.3	-53003.1	NA	NA	NA	NA	NA	NA	NA	NA	NA	NA
G3035	NA	NA	10000	78213	7.83697	0.000200373	-23540.3	-81126.3	NA	NA	NA	NA	NA	NA	NA	NA	NA	NA
G3042	NA	NA	10000	71700	7.18437	0.000221015	-21986.4	-74783.5	NA	NA	NA	NA	NA	NA	NA	NA	NA	NA
G3046	NA	NA	10000	75583	7.58028	0.000441146	-23501	-70593.2	NA	NA	NA	NA	NA	NA	NA	NA	NA	NA
G3050	NA	NA	10000	72362	7.26234	0.000559864	-22238	-73311.8	NA	NA	NA	NA	NA	NA	NA	NA	NA	NA
G3051	NA	NA	10000	78780	7.89933	0.00020477	-23967.6	-102906	NA	NA	NA	NA	NA	NA	NA	NA	NA	NA
G3052	NA	NA	10000	80853	8.09826	6.98358e-08	-24512.2	-42350.5	NA	NA	NA	NA	NA	NA	NA	NA	NA	NA
G3056	NA	NA	10000	70368	7.05797	0.00238236	-22418.6	-23527.2	NA	NA	NA	NA	NA	NA	NA	NA	NA	NA
G3057	NA	NA	10000	81415	8.157	0.000626245	-24496.9	-74176.1	NA	NA	NA	NA	NA	NA	NA	NA	NA	NA
G3061	NA	NA	10000	68120	6.84073	0.000253234	-21139.3	-81537.8	NA	NA	NA	NA	NA	NA	NA	NA	NA	NA
G3062	NA	NA	10000	68320	6.85806	0.000341673	-21282.8	-70059.2	NA	NA	NA	NA	NA	NA	NA	NA	NA	NA
G3063	NA	NA	10000	66798	6.70797	0.00176391	-21281.9	-53257.8	NA	NA	NA	NA	NA	NA	NA	NA	NA	NA
G3070	NA	NA	10000	82519	8.26512	0.000312323	-24545.5	-79905.2	NA	NA	NA	NA	NA	NA	NA	NA	NA	NA
G3071	NA	NA	10000	72165	7.24475	6.47511e-05	-21831.2	-92883.3	NA	NA	NA	NA	NA	NA	NA	NA	NA	NA
G3072	NA	NA	10000	66427	6.66737	0.000452306	-21382.4	-71374	NA	NA	NA	NA	NA	NA	NA	NA	NA	NA
G3079	NA	NA	10000	79690	7.98337	0.000344662	-24368.3	-78722.6	NA	NA	NA	NA	NA	NA	NA	NA	NA	NA
G3086	NA	NA	10000	70662	7.08746	0.000331393	-22167.6	-68346.7	NA	NA	NA	NA	NA	NA	NA	NA	NA	NA
G3090	NA	NA	10000	66246	6.65521	0.00141689	-20760.2	-49972.3	NA	NA	NA	NA	NA	NA	NA	NA	NA	NA
G3091	NA	NA	10000	61039	6.13642	4.79254e-08	-19144.5	-78005.3	NA	NA	NA	NA	NA	NA	NA	NA	NA	NA
G3092	NA	NA	10000	61276	6.16459	1.98357e-08	-19466	-92657.9	NA	NA	NA	NA	NA	NA	NA	NA	NA	NA
G3094	NA	NA	10000	64990	6.53494	0.00153279	-20390.6	-49479.9	NA	NA	NA	NA	NA	NA	NA	NA	NA	NA
G3096	NA	NA	10000	60011	6.03975	2.41449e-08	-19619.8	-60370.5	NA	NA	NA	NA	NA	NA	NA	NA	NA	NA
G3101	NA	NA	10000	61541	6.19	2.9273e-07	-19899.9	-49727.6	NA	NA	NA	NA	NA	NA	NA	NA	NA	NA
G3103	NA	NA	10000	73846	7.40682	0.000181829	-23264.9	-44029.4	NA	NA	NA	NA	NA	NA	NA	NA	NA	NA
G3109	NA	NA	10000	73607	7.37841	0.000499564	-23380.9	-78772.4	NA	NA	NA	NA	NA	NA	NA	NA	NA	NA
G3111	NA	NA	10000	72822	7.30265	0.000385949	-22514.5	-39364.4	NA	NA	NA	NA	NA	NA	NA	NA	NA	NA
G3119	NA	NA	10000	79797	7.99569	0.000275462	-24941.7	-72809	NA	NA	NA	NA	NA	NA	NA	NA	NA	NA
G3125	NA	NA	10000	59708	6.00563	0.000752972	-19389.8	-64962	NA	NA	NA	NA	NA	NA	NA	NA	NA	NA
G3129	NA	NA	10000	66445	6.67118	0.00127479	-21061.4	-41752.7	NA	NA	NA	NA	NA	NA	NA	NA	NA	NA
G3130	NA	NA	10000	64299	6.46221	0.00105403	-20661.1	-60136.5	NA	NA	NA	NA	NA	NA	NA	NA	NA	NA
G3131	NA	NA	10000	80509	8.06219	0.000179744	-24593.7	-91656	NA	NA	NA	NA	NA	NA	NA	NA	NA	NA
G3132	NA	NA	10000	67209	6.74518	0.000925434	-21215.3	-54349.2	NA	NA	NA	NA	NA	NA	NA	NA	NA	NA
G3135	NA	NA	10000	70929	7.12282	8.73647e-05	-21753	-77142.2	NA	NA	NA	NA	NA	NA	NA	NA	NA	NA
G3136	NA	NA	10000	69510	6.97611	0.000158251	-21196.1	-80019.1	NA	NA	NA	NA	NA	NA	NA	NA	NA	NA
G3140	NA	NA	10000	70762	7.10034	0.000607941	-21481	-72174.9	NA	NA	NA	NA	NA	NA	NA	NA	NA	NA
G3141	NA	NA	10000	70886	7.10922	0.000557165	-21582.4	-84979.4	NA	NA	NA	NA	NA	NA	NA	NA	NA	NA
G3142	NA	NA	10000	72219	7.25527	0.000935609	-22025	-52345.8	NA	NA	NA	NA	NA	NA	NA	NA	NA	NA
G3144	NA	NA	10000	77344	7.75689	5.07457e-05	-23614.3	-81096.3	NA	NA	NA	NA	NA	NA	NA	NA	NA	NA
G3146	NA	NA	10000	67711	6.79011	0.000284974	-20953.5	-55829	NA	NA	NA	NA	NA	NA	NA	NA	NA	NA
G3147	NA	NA	10000	64612	6.49497	0.000760537	-20197.2	-24388.7	NA	NA	NA	NA	NA	NA	NA	NA	NA	NA
G3157	NA	NA	10000	84510	8.46878	0.000138441	-25792.5	-91535.1	NA	NA	NA	NA	NA	NA	NA	NA	NA	NA
G3167	NA	NA	10000	74170	7.44305	0.000769128	-22831.9	-32013	NA	NA	NA	NA	NA	NA	NA	NA	NA	NA
G3168	NA	NA	10000	72447	7.26942	0.000292555	-22164.8	-79408.9	NA	NA	NA	NA	NA	NA	NA	NA	NA	NA
G3171	NA	NA	10000	73857	7.41238	0.000527056	-22707.5	-71077.8	NA	NA	NA	NA	NA	NA	NA	NA	NA	NA
G3172	NA	NA	10000	81480	8.16678	0.000859556	-23899	-68281.1	NA	NA	NA	NA	NA	NA	NA	NA	NA	NA
G3175	NA	NA	10000	79289	7.95515	0.000355163	-24253.7	-47265.3	NA	NA	NA	NA	NA	NA	NA	NA	NA	NA
G3176	NA	NA	10000	66937	6.71991	0.000274227	-20808.5	-75517.4	NA	NA	NA	NA	NA	NA	NA	NA	NA	NA
G3178	NA	NA	10000	77500	7.77176	0.00079226	-23844.4	-75242.9	NA	NA	NA	NA	NA	NA	NA	NA	NA	NA
G3180	NA	NA	10000	76879	7.71878	0.000528615	-23834	-49585.9	NA	NA	NA	NA	NA	NA	NA	NA	NA	NA
G3181	NA	NA	10000	86014	8.62642	0.00119153	-25759.7	-26127.5	NA	NA	NA	NA	NA	NA	NA	NA	NA	NA
G3184	NA	NA	10000	75416	7.55899	0.000676163	-23303.6	-63096.5	NA	NA	NA	NA	NA	NA	NA	NA	NA	NA
G3185	NA	NA	10000	74922	7.50721	0.00042203	-23180.6	-47609.7	NA	NA	NA	NA	NA	NA	NA	NA	NA	NA
G3186	NA	NA	10000	77785	7.79799	0.00112992	-24206.2	-55664.6	NA	NA	NA	NA	NA	NA	NA	NA	NA	NA
G3187	NA	NA	10000	76180	7.64169	0.000371208	-23331.7	-73700.6	NA	NA	NA	NA	NA	NA	NA	NA	NA	NA
G3191	NA	NA	10000	70635	7.09116	0.000383836	-21757	-70200.3	NA	NA	NA	NA	NA	NA	NA	NA	NA	NA
G3195	NA	NA	10000	70901	7.11643	0.000305097	-22492	-63643.9	NA	NA	NA	NA	NA	NA	NA	NA	NA	NA
G3201	NA	NA	10000	66156	6.64684	0.00129568	-20872	-64552.4	NA	NA	NA	NA	NA	NA	NA	NA	NA	NA
G3202	NA	NA	10000	76903	7.71112	0.000321786	-23261.7	-78280.6	NA	NA	NA	NA	NA	NA	NA	NA	NA	NA
G3203	NA	NA	10000	90373	9.05178	0.000630113	-26955.4	-66276	NA	NA	NA	NA	NA	NA	NA	NA	NA	NA
G3204	NA	NA	10000	80456	8.06819	1.31609e-06	-24802.2	-45937	NA	NA	NA	NA	NA	NA	NA	NA	NA	NA
G3205	NA	NA	10000	97062	9.72468	9.34042e-08	-28550.1	-60045.9	NA	NA	NA	NA	NA	NA	NA	NA	NA	NA
G3208	NA	NA	10000	78406	7.8571	0.00151655	-24147.3	-33888.7	NA	NA	NA	NA	NA	NA	NA	NA	NA	NA
G3218	NA	NA	10000	70530	7.07422	0.000270253	-22088.4	-94739.2	NA	NA	NA	NA	NA	NA	NA	NA	NA	NA
G3231	NA	NA	10000	79903	8.00711	0.00038647	-24416.5	-78568.5	NA	NA	NA	NA	NA	NA	NA	NA	NA	NA
G3233	NA	NA	10000	76118	7.62935	0.000224488	-23486.5	-72973.7	NA	NA	NA	NA	NA	NA	NA	NA	NA	NA
G3242	NA	NA	10000	74596	7.49031	0.000967682	-23087.9	-80468.4	NA	NA	NA	NA	NA	NA	NA	NA	NA	NA
G3247	NA	NA	10000	64952	6.52653	0.000326579	-20619.1	-57355.1	NA	NA	NA	NA	NA	NA	NA	NA	NA	NA
G3256	NA	NA	10000	80630	8.07916	4.74621e-05	-23956.1	-94339.1	NA	NA	NA	NA	NA	NA	NA	NA	NA	NA
G3257	NA	NA	10000	83340	8.35489	0.000524265	-24788	-67827.9	NA	NA	NA	NA	NA	NA	NA	NA	NA	NA
G3263	NA	NA	10000	69639	6.98836	0.000210796	-21634.6	-42919	NA	NA	NA	NA	NA	NA	NA	NA	NA	NA
G3267	NA	NA	10000	85858	8.60214	1.06114e-06	-25763.7	-73088.7	NA	NA	NA	NA	NA	NA	NA	NA	NA	NA
G3268	NA	NA	10000	73665	7.38644	0.00109652	-23019.3	-61977.8	NA	NA	NA	NA	NA	NA	NA	NA	NA	NA
G3270	NA	NA	10000	69331	6.95675	5.20635e-07	-22168.8	-63116.3	NA	NA	NA	NA	NA	NA	NA	NA	NA	NA
G3273	NA	NA	10000	75241	7.54145	0.000313701	-23619.9	-84617.9	NA	NA	NA	NA	NA	NA	NA	NA	NA	NA
G3283	NA	NA	10000	68548	6.88509	0.00126007	-21636.8	-65714.6	NA	NA	NA	NA	NA	NA	NA	NA	NA	NA
G3285	NA	NA	10000	75609	7.57757	0.000871714	-23732.5	-71872.3	NA	NA	NA	NA	NA	NA	NA	NA	NA	NA
G3286	NA	NA	10000	87742	8.79266	0.000512212	-27453.2	-70737.1	NA	NA	NA	NA	NA	NA	NA	NA	NA	NA
G3288	NA	NA	10000	72419	7.26807	0.000416732	-22264	-75803.5	NA	NA	NA	NA	NA	NA	NA	NA	NA	NA
G3294	NA	NA	10000	61449	6.17578	0.000186203	-19831.3	-75495.1	NA	NA	NA	NA	NA	NA	NA	NA	NA	NA
G3296	NA	NA	10000	75297	7.55084	0.000840715	-23007.4	-68648.9	NA	NA	NA	NA	NA	NA	NA	NA	NA	NA
G3297	NA	NA	10000	79681	7.98327	0.000502733	-24094.1	-62679.4	NA	NA	NA	NA	NA	NA	NA	NA	NA	NA
G3299	NA	NA	10000	299313	29.9373	0.000105983	-73751.4	-90610.8	NA	NA	NA	NA	NA	NA	NA	NA	NA	NA
G3301	NA	NA	10000	61269	6.16699	0.000675709	-19918.7	-60544.1	NA	NA	NA	NA	NA	NA	NA	NA	NA	NA
G3303	NA	NA	10000	71858	7.20237	0.000246371	-22040.2	-74932.6	NA	NA	NA	NA	NA	NA	NA	NA	NA	NA
G3306	NA	NA	10000	72319	7.26167	0.000524189	-22693.8	-74238.6	NA	NA	NA	NA	NA	NA	NA	NA	NA	NA
G3309	NA	NA	10000	72384	7.26893	8.2048e-08	-22753.8	-80728.7	NA	NA	NA	NA	NA	NA	NA	NA	NA	NA
G3311	NA	NA	10000	69449	6.97139	0.00269235	-21563.3	-24155	NA	NA	NA	NA	NA	NA	NA	NA	NA	NA
G3313	NA	NA	10000	72931	7.31725	0.000489654	-23627.2	-70823.2	NA	NA	NA	NA	NA	NA	NA	NA	NA	NA
G3314	NA	NA	10000	77768	7.79317	8.74245e-05	-22954.8	-85436.2	NA	NA	NA	NA	NA	NA	NA	NA	NA	NA
G3317	NA	NA	10000	78062	7.8242	0.00101289	-24171.4	-28052.2	NA	NA	NA	NA	NA	NA	NA	NA	NA	NA
G3319	NA	NA	10000	72703	7.29145	0.000617379	-22429.1	-28925.8	NA	NA	NA	NA	NA	NA	NA	NA	NA	NA
G3322	NA	NA	10000	66769	6.71788	0.000104049	-21338.2	-91360.2	NA	NA	NA	NA	NA	NA	NA	NA	NA	NA
G3324	NA	NA	10000	71843	7.21026	0.000538355	-21922.7	-55112.9	NA	NA	NA	NA	NA	NA	NA	NA	NA	NA
G3330	NA	NA	10000	68262	6.85086	0.000824696	-21318.1	-61376.4	NA	NA	NA	NA	NA	NA	NA	NA	NA	NA
G3336	NA	NA	10000	76685	7.6908	0.000143506	-23376	-78353.3	NA	NA	NA	NA	NA	NA	NA	NA	NA	NA
G3343	NA	NA	10000	298712	29.8802	0.000327192	-71767.1	-74618.4	NA	NA	NA	NA	NA	NA	NA	NA	NA	NA
G3344	NA	NA	10000	70605	7.08743	0.000574932	-22092.8	-58867	NA	NA	NA	NA	NA	NA	NA	NA	NA	NA
G3346	NA	NA	10000	66503	6.67902	0.00100499	-21147	-33779.9	NA	NA	NA	NA	NA	NA	NA	NA	NA	NA
G3348	NA	NA	10000	66922	6.7184	0.00010878	-21490.4	-91599.1	NA	NA	NA	NA	NA	NA	NA	NA	NA	NA
G3357	NA	NA	10000	82335	8.24504	0.000195658	-25019.7	-91144.4	NA	NA	NA	NA	NA	NA	NA	NA	NA	NA
G3363	NA	NA	10000	92294	9.24419	0.000388524	-28337.7	-90662.3	NA	NA	NA	NA	NA	NA	NA	NA	NA	NA
G3366	NA	NA	10000	72606	7.28537	0.000310084	-22260.5	-41997.5	NA	NA	NA	NA	NA	NA	NA	NA	NA	NA
G3370	NA	NA	10000	69405	6.96488	0.000568224	-21913.3	-60148.6	NA	NA	NA	NA	NA	NA	NA	NA	NA	NA
G3373	NA	NA	10000	73938	7.41382	0.00242866	-23830.4	-32568.3	NA	NA	NA	NA	NA	NA	NA	NA	NA	NA
G3376	NA	NA	10000	72681	7.28997	0.000453645	-22046.2	-43657.2	NA	NA	NA	NA	NA	NA	NA	NA	NA	NA
G3378	NA	NA	10000	77818	7.80678	0.000716797	-24007.6	-33319.5	NA	NA	NA	NA	NA	NA	NA	NA	NA	NA
G3379	NA	NA	10000	100512	10.0603	0.000134258	-29091.4	-108003	NA	NA	NA	NA	NA	NA	NA	NA	NA	NA
G3383	NA	NA	10000	76944	7.71678	0.000363549	-23388.8	-82878.1	NA	NA	NA	NA	NA	NA	NA	NA	NA	NA
G3384	NA	NA	10000	74102	7.43026	0.000323347	-22096	-91414.5	NA	NA	NA	NA	NA	NA	NA	NA	NA	NA
G3392	NA	NA	10000	69064	6.93414	0.000681075	-21637.7	-38977.8	NA	NA	NA	NA	NA	NA	NA	NA	NA	NA
G3393	NA	NA	10000	299983	30.0043	0.00043809	-73643.4	-74032.6	NA	NA	NA	NA	NA	NA	NA	NA	NA	NA
G3394	NA	NA	10000	74905	7.5153	0.000909135	-23010.4	-24927.3	NA	NA	NA	NA	NA	NA	NA	NA	NA	NA
G3395	NA	NA	10000	84956	8.52116	8.65238e-08	-26124.6	-90804.4	NA	NA	NA	NA	NA	NA	NA	NA	NA	NA
G3398	NA	NA	10000	82959	8.31253	0.000102055	-25404.9	-75709	NA	NA	NA	NA	NA	NA	NA	NA	NA	NA
G3399	NA	NA	10000	69506	6.97641	0.00115636	-22042	-73770.3	NA	NA	NA	NA	NA	NA	NA	NA	NA	NA
G3407	NA	NA	10000	73848	7.40999	0.000604553	-22685.2	-64888.6	NA	NA	NA	NA	NA	NA	NA	NA	NA	NA
G3408	NA	NA	10000	76810	7.70257	0.00053242	-23240.4	-64197.1	NA	NA	NA	NA	NA	NA	NA	NA	NA	NA
G3412	NA	NA	10000	81939	8.21361	0.00215143	-25151	-25870.3	NA	NA	NA	NA	NA	NA	NA	NA	NA	NA
G3417	NA	NA	10000	72373	7.26928	2.49738e-07	-22437.5	-45598.1	NA	NA	NA	NA	NA	NA	NA	NA	NA	NA
G3418	NA	NA	10000	78943	7.9125	0.000960901	-24183.6	-42119.2	NA	NA	NA	NA	NA	NA	NA	NA	NA	NA
G3421	NA	NA	10000	67594	6.78382	0.000291577	-20998.5	-53751.7	NA	NA	NA	NA	NA	NA	NA	NA	NA	NA
G3426	NA	NA	10000	80565	8.07507	0.00162911	-24799.2	-27364.4	NA	NA	NA	NA	NA	NA	NA	NA	NA	NA
G3429	NA	NA	10000	76132	7.62693	0.000738353	-23372.9	-44718.2	NA	NA	NA	NA	NA	NA	NA	NA	NA	NA
G3431	NA	NA	10000	60191	6.04752	0.000309632	-19549.2	-52958	NA	NA	NA	NA	NA	NA	NA	NA	NA	NA
G3432	NA	NA	10000	61140	6.14967	0.000900072	-19948.6	-55548.5	NA	NA	NA	NA	NA	NA	NA	NA	NA	NA
G3437	NA	NA	10000	78568	7.87728	0.00128446	-23738.2	-35671.1	NA	NA	NA	NA	NA	NA	NA	NA	NA	NA
G3441	NA	NA	10000	69636	6.99648	0.000882706	-21973	-49927.6	NA	NA	NA	NA	NA	NA	NA	NA	NA	NA
G3446	NA	NA	10000	78902	7.90522	0.00160584	-24595.1	-26401.6	NA	NA	NA	NA	NA	NA	NA	NA	NA	NA
G3449	NA	NA	10000	74203	7.43964	0.000676877	-22637.5	-52304.4	NA	NA	NA	NA	NA	NA	NA	NA	NA	NA
G3456	NA	NA	10000	81801	8.19896	0.000118484	-25319.6	-92202.9	NA	NA	NA	NA	NA	NA	NA	NA	NA	NA
G3464	NA	NA	10000	78578	7.88065	0.000699469	-23540.2	-64078.1	NA	NA	NA	NA	NA	NA	NA	NA	NA	NA
G3467	NA	NA	10000	85361	8.55492	0.000561267	-25560.2	-77034.1	NA	NA	NA	NA	NA	NA	NA	NA	NA	NA
G3470	NA	NA	10000	86533	8.6689	0.000504739	-26097.7	-67933.9	NA	NA	NA	NA	NA	NA	NA	NA	NA	NA
G3475	NA	NA	10000	71294	7.15229	0.00038655	-22009.5	-25817.4	NA	NA	NA	NA	NA	NA	NA	NA	NA	NA
G3483	NA	NA	10000	71747	7.19629	0.000376943	-21960	-60335.4	NA	NA	NA	NA	NA	NA	NA	NA	NA	NA
G3486	NA	NA	10000	85037	8.5233	0.000318698	-25905.3	-60024.9	NA	NA	NA	NA	NA	NA	NA	NA	NA	NA
G3487	NA	NA	10000	80861	8.10637	0.00020222	-24833.3	-99801.2	NA	NA	NA	NA	NA	NA	NA	NA	NA	NA
G3500	NA	NA	10000	78498	7.87816	0.000886897	-23483.3	-35812.3	NA	NA	NA	NA	NA	NA	NA	NA	NA	NA
G3506	NA	NA	10000	77386	7.75489	0.000528345	-23710.6	-53682.7	NA	NA	NA	NA	NA	NA	NA	NA	NA	NA
G3508	NA	NA	10000	75920	7.60417	0.000372531	-22989.8	-68606	NA	NA	NA	NA	NA	NA	NA	NA	NA	NA
G3512	NA	NA	10000	81079	8.12578	0.000328503	-24320.4	-38492.3	NA	NA	NA	NA	NA	NA	NA	NA	NA	NA
G3515	NA	NA	10000	64527	6.47861	0.000802506	-20730.4	-61094	NA	NA	NA	NA	NA	NA	NA	NA	NA	NA
G3524	NA	NA	10000	70814	7.11055	0.000510751	-22190.3	-77228.9	NA	NA	NA	NA	NA	NA	NA	NA	NA	NA
G3525	NA	NA	10000	70413	7.06107	0.00087648	-22046.9	-60472.7	NA	NA	NA	NA	NA	NA	NA	NA	NA	NA
G3527	NA	NA	10000	74643	7.48451	0.00168628	-23258.2	-25410.2	NA	NA	NA	NA	NA	NA	NA	NA	NA	NA
G3534	NA	NA	10000	68907	6.91698	0.000688796	-21373.9	-59933.4	NA	NA	NA	NA	NA	NA	NA	NA	NA	NA
G3537	NA	NA	10000	69772	7.00452	0.000190767	-22247.3	-81768.1	NA	NA	NA	NA	NA	NA	NA	NA	NA	NA
G3538	NA	NA	10000	68787	6.90425	0.00218848	-21476.3	-30744.9	NA	NA	NA	NA	NA	NA	NA	NA	NA	NA
G3551	NA	NA	10000	66094	6.63728	0.00092469	-21093.2	-50578.3	NA	NA	NA	NA	NA	NA	NA	NA	NA	NA
G3552	NA	NA	10000	63998	6.4339	0.00107773	-20521.1	-21505.3	NA	NA	NA	NA	NA	NA	NA	NA	NA	NA
G3553	NA	NA	10000	67313	6.75494	0.000579753	-21612.8	-29603.3	NA	NA	NA	NA	NA	NA	NA	NA	NA	NA
G3554	NA	NA	10000	60588	6.08741	0.00168039	-19422.4	-44404.6	NA	NA	NA	NA	NA	NA	NA	NA	NA	NA
G3556	NA	NA	10000	63955	6.43022	0.000214751	-20449.4	-65182	NA	NA	NA	NA	NA	NA	NA	NA	NA	NA
G3559	NA	NA	10000	81496	8.16593	0.000474666	-24715.8	-54043.2	NA	NA	NA	NA	NA	NA	NA	NA	NA	NA
G3561	NA	NA	10000	67539	6.78102	0.000762244	-21080.6	-28877	NA	NA	NA	NA	NA	NA	NA	NA	NA	NA
G3569	NA	NA	10000	67603	6.79018	0.000173429	-21022.6	-69502.1	NA	NA	NA	NA	NA	NA	NA	NA	NA	NA
G3572	NA	NA	10000	70371	7.06891	0.000386669	-21903.6	-88427.5	NA	NA	NA	NA	NA	NA	NA	NA	NA	NA
G3576	NA	NA	10000	73534	7.37849	0.000697271	-22174.6	-23919.1	NA	NA	NA	NA	NA	NA	NA	NA	NA	NA
G3577	NA	NA	10000	70569	7.07955	0.000567598	-22165.8	-70059.7	NA	NA	NA	NA	NA	NA	NA	NA	NA	NA
G3589	NA	NA	10000	75666	7.59241	1.14964e-07	-22647.9	-85469.1	NA	NA	NA	NA	NA	NA	NA	NA	NA	NA
G3596	NA	NA	10000	72620	7.28751	0.00109209	-22086.2	-24472.5	NA	NA	NA	NA	NA	NA	NA	NA	NA	NA
G3601	NA	NA	10000	70620	7.08325	0.000297551	-22108.4	-57713.1	NA	NA	NA	NA	NA	NA	NA	NA	NA	NA
G3603	NA	NA	10000	64917	6.52236	0.00186095	-20520.8	-25736	NA	NA	NA	NA	NA	NA	NA	NA	NA	NA
G3607	NA	NA	10000	69878	7.01868	0.000745774	-21520.2	-26736.4	NA	NA	NA	NA	NA	NA	NA	NA	NA	NA
G3610	NA	NA	10000	68231	6.85119	0.00024199	-22064.2	-64462.5	NA	NA	NA	NA	NA	NA	NA	NA	NA	NA
G3612	NA	NA	10000	66542	6.67891	0.000446316	-21563.2	-70516.3	NA	NA	NA	NA	NA	NA	NA	NA	NA	NA
G3613	NA	NA	10000	69962	7.02218	0.00114259	-21330.2	-33280.6	NA	NA	NA	NA	NA	NA	NA	NA	NA	NA
G3616	NA	NA	10000	78657	7.88067	0.000533637	-23227.8	-59568.9	NA	NA	NA	NA	NA	NA	NA	NA	NA	NA
G3617	NA	NA	10000	83898	8.40409	1.03122e-07	-25295.8	-67760.1	NA	NA	NA	NA	NA	NA	NA	NA	NA	NA
G3622	NA	NA	10000	74278	7.44791	0.000650256	-23158	-75489.6	NA	NA	NA	NA	NA	NA	NA	NA	NA	NA
G3623	NA	NA	10000	62432	6.28025	0.00175056	-20114.4	-27853.1	NA	NA	NA	NA	NA	NA	NA	NA	NA	NA
G3624	NA	NA	10000	62282	6.26076	0.000619334	-19869.1	-46371.1	NA	NA	NA	NA	NA	NA	NA	NA	NA	NA
G3626	NA	NA	10000	84112	8.42721	0.00014962	-24651.3	-85018.8	NA	NA	NA	NA	NA	NA	NA	NA	NA	NA
G3629	NA	NA	10000	63335	6.36533	0.000258877	-20159.5	-73170.4	NA	NA	NA	NA	NA	NA	NA	NA	NA	NA
G3631	NA	NA	10000	63249	6.35924	0.00307242	-19783.5	-21752.9	NA	NA	NA	NA	NA	NA	NA	NA	NA	NA
G3632	NA	NA	10000	73631	7.38526	0.000450821	-22856.7	-68787	NA	NA	NA	NA	NA	NA	NA	NA	NA	NA
G3633	NA	NA	10000	81122	8.12683	0.000764941	-24394.3	-36824.2	NA	NA	NA	NA	NA	NA	NA	NA	NA	NA
G3640	NA	NA	10000	86095	8.63108	0.00050003	-25387	-83734.8	NA	NA	NA	NA	NA	NA	NA	NA	NA	NA
G3641-1	NA	NA	10000	83553	8.37037	0.00044994	-25500	-89048.7	NA	NA	NA	NA	NA	NA	NA	NA	NA	NA
G3643	NA	NA	10000	74607	7.4779	0.000784664	-23213.4	-68696.4	NA	NA	NA	NA	NA	NA	NA	NA	NA	NA
G3648	NA	NA	10000	57189	5.76328	0.00114032	-18713.4	-63645.7	NA	NA	NA	NA	NA	NA	NA	NA	NA	NA
G3650	NA	NA	10000	68751	6.89786	0.000236251	-21259.4	-73696	NA	NA	NA	NA	NA	NA	NA	NA	NA	NA
G3652	NA	NA	10000	65935	6.6233	0.000775565	-21413	-49877.5	NA	NA	NA	NA	NA	NA	NA	NA	NA	NA
G3657	NA	NA	10000	73549	7.37555	0.000253494	-22822	-70391.2	NA	NA	NA	NA	NA	NA	NA	NA	NA	NA
G3663	NA	NA	10000	67466	6.7703	0.000375097	-21473.3	-72246.6	NA	NA	NA	NA	NA	NA	NA	NA	NA	NA
G3667	NA	NA	10000	67144	6.73798	0.00150132	-21139.9	-67276.7	NA	NA	NA	NA	NA	NA	NA	NA	NA	NA
G3675	NA	NA	10000	71299	7.15064	0.000381909	-22002.6	-62192.7	NA	NA	NA	NA	NA	NA	NA	NA	NA	NA
G3676	NA	NA	10000	60906	6.13662	1.16497e-08	-19411.8	-92249.8	NA	NA	NA	NA	NA	NA	NA	NA	NA	NA
G3677	NA	NA	10000	69678	6.99368	2.15175e-07	-21792.5	-43201.4	NA	NA	NA	NA	NA	NA	NA	NA	NA	NA
G3678	NA	NA	10000	109904	11.0069	4.06642e-08	-31034.1	-111674	NA	NA	NA	NA	NA	NA	NA	NA	NA	NA
G3682	NA	NA	10000	111125	11.1203	0.000208702	-31561.2	-79544.1	NA	NA	NA	NA	NA	NA	NA	NA	NA	NA
G3683	NA	NA	10000	104562	10.4698	0.000271098	-28643.3	-83734.8	NA	NA	NA	NA	NA	NA	NA	NA	NA	NA
G3684	NA	NA	10000	91362	9.15634	0.000211479	-27354.6	-36218.1	NA	NA	NA	NA	NA	NA	NA	NA	NA	NA
G3686	NA	NA	10000	87583	8.78113	0.000269953	-25641.1	-75008	NA	NA	NA	NA	NA	NA	NA	NA	NA	NA
G3688	NA	NA	10000	100305	10.0476	0.00054289	-28912.2	-41064.8	NA	NA	NA	NA	NA	NA	NA	NA	NA	NA
G3689	NA	NA	10000	97140	9.73639	0.000244682	-28863.6	-75720.1	NA	NA	NA	NA	NA	NA	NA	NA	NA	NA
G3694	NA	NA	10000	67394	6.7685	0.000599452	-21121.6	-64813.8	NA	NA	NA	NA	NA	NA	NA	NA	NA	NA
G3696	NA	NA	10000	74357	7.45733	0.000324104	-22908.2	-80052.1	NA	NA	NA	NA	NA	NA	NA	NA	NA	NA
G3697	NA	NA	10000	77094	7.72795	0.00050695	-23241	-76419.1	NA	NA	NA	NA	NA	NA	NA	NA	NA	NA
G3699	NA	NA	10000	70734	7.1068	0.000241156	-21894	-69128.3	NA	NA	NA	NA	NA	NA	NA	NA	NA	NA
G3703	NA	NA	10000	72188	7.24197	0.000360826	-22390.9	-81266.3	NA	NA	NA	NA	NA	NA	NA	NA	NA	NA
G3708	NA	NA	10000	81636	8.18242	0.000183521	-24749.6	-94566.6	NA	NA	NA	NA	NA	NA	NA	NA	NA	NA
G3713	NA	NA	10000	74320	7.4581	0.01835	-24016.6	-24268.5	NA	NA	NA	NA	NA	NA	NA	NA	NA	NA
G3715	NA	NA	10000	77598	7.78081	0.000183736	-23974.2	-74983.7	NA	NA	NA	NA	NA	NA	NA	NA	NA	NA
G3716	NA	NA	10000	68271	6.85383	0.00355802	-21425.8	-21581.3	NA	NA	NA	NA	NA	NA	NA	NA	NA	NA
G3729	NA	NA	10000	58615	5.9046	0.00032853	-18616.7	-77792	NA	NA	NA	NA	NA	NA	NA	NA	NA	NA
G3731	NA	NA	10000	84408	8.46026	0.000864678	-25824.7	-51606.3	NA	NA	NA	NA	NA	NA	NA	NA	NA	NA
G3732	NA	NA	10000	64878	6.52434	0.000488113	-20294	-80473.6	NA	NA	NA	NA	NA	NA	NA	NA	NA	NA
G3735	NA	NA	10000	82523	8.27298	0.00046349	-25072.4	-72579.9	NA	NA	NA	NA	NA	NA	NA	NA	NA	NA
G3741	NA	NA	10000	76929	7.70677	4.32161e-07	-23790.7	-67316.1	NA	NA	NA	NA	NA	NA	NA	NA	NA	NA
G3746	NA	NA	10000	75838	7.60281	0.000403903	-22884.7	-79867.6	NA	NA	NA	NA	NA	NA	NA	NA	NA	NA
G3748	NA	NA	10000	71716	7.19102	5.13327e-08	-22463.2	-22463.2	NA	NA	NA	NA	NA	NA	NA	NA	NA	NA
G3749	NA	NA	10000	74179	7.43724	0.00081987	-23014.3	-47671	NA	NA	NA	NA	NA	NA	NA	NA	NA	NA
G3754	NA	NA	10000	80173	8.04142	0.000822945	-23959	-55813.5	NA	NA	NA	NA	NA	NA	NA	NA	NA	NA
G3755	NA	NA	10000	67078	6.73001	0.000189674	-21271.4	-72122	NA	NA	NA	NA	NA	NA	NA	NA	NA	NA
G3756	NA	NA	10000	73571	7.37628	0.000390978	-22591.7	-66406.5	NA	NA	NA	NA	NA	NA	NA	NA	NA	NA
G3757	NA	NA	10000	67224	6.7406	9.99047e-08	-21149.4	-30841.7	NA	NA	NA	NA	NA	NA	NA	NA	NA	NA
G3760	NA	NA	10000	70106	7.04158	0.000356975	-22116	-87807.8	NA	NA	NA	NA	NA	NA	NA	NA	NA	NA
G3810	NA	NA	10000	70447	7.05811	9.21301e-08	-21573.1	-21573.1	NA	NA	NA	NA	NA	NA	NA	NA	NA	NA
G3818	NA	NA	10000	62890	6.32314	0.000442978	-19837.9	-84079.8	NA	NA	NA	NA	NA	NA	NA	NA	NA	NA
G3831	NA	NA	10000	69772	6.9996	0.000831335	-21740.9	-41565.5	NA	NA	NA	NA	NA	NA	NA	NA	NA	NA
G3832	NA	NA	10000	64928	6.51757	0.000373272	-20543.6	-92832.6	NA	NA	NA	NA	NA	NA	NA	NA	NA	NA
G3833	NA	NA	10000	68411	6.8672	0.00335395	-21254.6	-24804.8	NA	NA	NA	NA	NA	NA	NA	NA	NA	NA
G3840	NA	NA	10000	76899	7.71381	0.000619656	-23465.8	-70092.9	NA	NA	NA	NA	NA	NA	NA	NA	NA	NA
G3842	NA	NA	10000	70003	7.02066	0.000378988	-21688.9	-77201.4	NA	NA	NA	NA	NA	NA	NA	NA	NA	NA
G3843	NA	NA	10000	77408	7.75942	5.28445e-08	-23704.7	-67167.7	NA	NA	NA	NA	NA	NA	NA	NA	NA	NA
G3845	NA	NA	10000	72434	7.26155	0.000413296	-22581.4	-85386.4	NA	NA	NA	NA	NA	NA	NA	NA	NA	NA
G3852	NA	NA	10000	71121	7.13422	0.00021471	-22217.8	-82925.2	NA	NA	NA	NA	NA	NA	NA	NA	NA	NA
G3859	NA	NA	10000	66671	6.69253	0.000359883	-21095.2	-81254.6	NA	NA	NA	NA	NA	NA	NA	NA	NA	NA
G3862	NA	NA	10000	70564	7.07692	0.000256113	-21785.2	-76277.2	NA	NA	NA	NA	NA	NA	NA	NA	NA	NA
G3865	NA	NA	10000	56749	5.71088	0.00153434	-18623.4	-58175.2	NA	NA	NA	NA	NA	NA	NA	NA	NA	NA
G3879	NA	NA	10000	71273	7.14516	0.000251263	-22056.5	-75049.9	NA	NA	NA	NA	NA	NA	NA	NA	NA	NA
G3883	NA	NA	10000	70213	7.04738	0.000414608	-21647.9	-62391.2	NA	NA	NA	NA	NA	NA	NA	NA	NA	NA
G3890	NA	NA	10000	70773	7.11072	0.000249128	-22279.1	-66896.7	NA	NA	NA	NA	NA	NA	NA	NA	NA	NA
G3901	NA	NA	10000	76376	7.65444	0.000282963	-23312.1	-70068.1	NA	NA	NA	NA	NA	NA	NA	NA	NA	NA
G3905	NA	NA	10000	76088	7.62863	0.000649472	-23372.4	-65803.2	NA	NA	NA	NA	NA	NA	NA	NA	NA	NA
G3916	NA	NA	10000	57545	5.78516	0.000631071	-18701.7	-66855.9	NA	NA	NA	NA	NA	NA	NA	NA	NA	NA
G3926	NA	NA	10000	72371	7.26033	0.000333221	-22079.4	-78776.8	NA	NA	NA	NA	NA	NA	NA	NA	NA	NA
G3927	NA	NA	10000	70759	7.09577	0.000572699	-22210.5	-72263.8	NA	NA	NA	NA	NA	NA	NA	NA	NA	NA
G3934	NA	NA	10000	80017	8.01533	8.08027e-09	-23801.2	-78582.3	NA	NA	NA	NA	NA	NA	NA	NA	NA	NA
G3936	NA	NA	10000	65774	6.60315	0.000342814	-21234.5	-67562	NA	NA	NA	NA	NA	NA	NA	NA	NA	NA
G3939	NA	NA	10000	64424	6.47282	0.000540694	-20624.1	-79593.9	NA	NA	NA	NA	NA	NA	NA	NA	NA	NA
G3943	NA	NA	10000	61406	6.1758	0.00111813	-19576.5	-62187.6	NA	NA	NA	NA	NA	NA	NA	NA	NA	NA
G3945	NA	NA	10000	59803	6.02306	0.00152522	-19533.2	-32018.8	NA	NA	NA	NA	NA	NA	NA	NA	NA	NA
G3947	NA	NA	10000	69729	6.99458	4.64443e-08	-21928.4	-51060.3	NA	NA	NA	NA	NA	NA	NA	NA	NA	NA
G3952	NA	NA	10000	81779	8.19183	0.000358665	-25102.4	-64019.8	NA	NA	NA	NA	NA	NA	NA	NA	NA	NA
G3954	NA	NA	10000	75882	7.6118	0.000917753	-23779.9	-55173.1	NA	NA	NA	NA	NA	NA	NA	NA	NA	NA
G3961	NA	NA	10000	81665	8.18615	0.000915262	-25096.5	-35465.2	NA	NA	NA	NA	NA	NA	NA	NA	NA	NA
G3967	NA	NA	10000	82952	8.30766	0.000468976	-24437.1	-78155.5	NA	NA	NA	NA	NA	NA	NA	NA	NA	NA
G3979	NA	NA	10000	73189	7.34682	0.000553028	-22747.7	-24659.1	NA	NA	NA	NA	NA	NA	NA	NA	NA	NA
G3980	NA	NA	10000	74075	7.4283	0.000438874	-22719.1	-70663.8	NA	NA	NA	NA	NA	NA	NA	NA	NA	NA
G3981	NA	NA	10000	81093	8.12392	0.000987712	-25103.3	-26436	NA	NA	NA	NA	NA	NA	NA	NA	NA	NA
G3982	NA	NA	10000	81872	8.20032	0.000185423	-24437.4	-81089.9	NA	NA	NA	NA	NA	NA	NA	NA	NA	NA
G3986	NA	NA	10000	79062	7.92999	0.000137698	-24276	-71769	NA	NA	NA	NA	NA	NA	NA	NA	NA	NA
G4006	NA	NA	10000	74925	7.52486	0.000246647	-22284.1	-73202.5	NA	NA	NA	NA	NA	NA	NA	NA	NA	NA
G4008	NA	NA	10000	76143	7.63032	0.0012028	-23398	-38657.2	NA	NA	NA	NA	NA	NA	NA	NA	NA	NA
G4009	NA	NA	10000	80610	8.07715	0.00022004	-23663.1	-62092.5	NA	NA	NA	NA	NA	NA	NA	NA	NA	NA
G4016	NA	NA	10000	89257	8.93642	0.000169759	-26511.7	-95500.8	NA	NA	NA	NA	NA	NA	NA	NA	NA	NA
G4017	NA	NA	10000	83195	8.33701	0.000334273	-25377.9	-74719.4	NA	NA	NA	NA	NA	NA	NA	NA	NA	NA
G4020	NA	NA	10000	62090	6.24899	0.00121848	-20261.3	-54756.6	NA	NA	NA	NA	NA	NA	NA	NA	NA	NA
G4028	NA	NA	10000	73958	7.41508	0.00195517	-23071.2	-42286.1	NA	NA	NA	NA	NA	NA	NA	NA	NA	NA
G4029	NA	NA	10000	68329	6.87276	0.000190111	-21570.9	-96335.8	NA	NA	NA	NA	NA	NA	NA	NA	NA	NA
G4033	NA	NA	10000	62241	6.25601	1.08139e-07	-19954	-54007.5	NA	NA	NA	NA	NA	NA	NA	NA	NA	NA
G4038	NA	NA	10000	72901	7.31057	0.000975693	-22969.3	-36996.3	NA	NA	NA	NA	NA	NA	NA	NA	NA	NA
G4039	NA	NA	10000	70832	7.11093	0.00114328	-22356.1	-38132.4	NA	NA	NA	NA	NA	NA	NA	NA	NA	NA
G4053	NA	NA	10000	74297	7.4543	0.000391193	-23367.2	-80827.8	NA	NA	NA	NA	NA	NA	NA	NA	NA	NA
G4054	NA	NA	10000	70548	7.081	0.000768537	-21864.8	-79118.7	NA	NA	NA	NA	NA	NA	NA	NA	NA	NA
G4064	NA	NA	10000	75138	7.5349	0.000813387	-22842.1	-39768.2	NA	NA	NA	NA	NA	NA	NA	NA	NA	NA
G4069	NA	NA	10000	71539	7.17399	0.000707981	-21959.8	-66091.6	NA	NA	NA	NA	NA	NA	NA	NA	NA	NA
G4071	NA	NA	10000	75126	7.53143	0.000199429	-22822.1	-51031.7	NA	NA	NA	NA	NA	NA	NA	NA	NA	NA
G4073	NA	NA	10000	77862	7.79946	0.000313641	-23764.7	-87970.7	NA	NA	NA	NA	NA	NA	NA	NA	NA	NA
G4074	NA	NA	10000	75340	7.5544	0.000919038	-23377.4	-30335.2	NA	NA	NA	NA	NA	NA	NA	NA	NA	NA
G4075	NA	NA	10000	75367	7.55483	0.00144194	-24057.7	-26150.9	NA	NA	NA	NA	NA	NA	NA	NA	NA	NA
G4077	NA	NA	10000	71275	7.14608	0.000132753	-22415.3	-77768.8	NA	NA	NA	NA	NA	NA	NA	NA	NA	NA
G4079	NA	NA	10000	71843	7.20086	0.000504332	-22618.6	-77284.7	NA	NA	NA	NA	NA	NA	NA	NA	NA	NA
G4080	NA	NA	10000	69101	6.93855	0.00164326	-21682.4	-34272.5	NA	NA	NA	NA	NA	NA	NA	NA	NA	NA
G4087	NA	NA	10000	73659	7.38658	0.000632855	-23262.1	-36152.4	NA	NA	NA	NA	NA	NA	NA	NA	NA	NA
G4090	NA	NA	10000	73771	7.40301	0.000717691	-22586.1	-58925.6	NA	NA	NA	NA	NA	NA	NA	NA	NA	NA
G4092	NA	NA	10000	86166	8.62868	0.00031988	-25932.2	-57215	NA	NA	NA	NA	NA	NA	NA	NA	NA	NA
G4096	NA	NA	10000	74956	7.51439	0.000350194	-23224.2	-77060.6	NA	NA	NA	NA	NA	NA	NA	NA	NA	NA
G4098	NA	NA	10000	75496	7.56625	5.88538e-08	-22927.1	-65051.3	NA	NA	NA	NA	NA	NA	NA	NA	NA	NA
G4099	NA	NA	10000	80457	8.0594	0.000149804	-24672.5	-95087	NA	NA	NA	NA	NA	NA	NA	NA	NA	NA
G4104	NA	NA	10000	69731	6.99128	1.07811e-07	-21524.9	-75099.6	NA	NA	NA	NA	NA	NA	NA	NA	NA	NA
G4108	NA	NA	10000	69161	6.9383	0.00136434	-22065.6	-43085.6	NA	NA	NA	NA	NA	NA	NA	NA	NA	NA
G4109	NA	NA	10000	71143	7.13499	0.000298841	-21918.3	-83575.6	NA	NA	NA	NA	NA	NA	NA	NA	NA	NA
G4111	NA	NA	10000	74071	7.41451	0.000639396	-22924.9	-73838	NA	NA	NA	NA	NA	NA	NA	NA	NA	NA
G4120	NA	NA	10000	76547	7.66774	1.1578e-07	-23789.1	-64576.7	NA	NA	NA	NA	NA	NA	NA	NA	NA	NA
G4123	NA	NA	10000	67145	6.73944	0.000671727	-20830.9	-59707.1	NA	NA	NA	NA	NA	NA	NA	NA	NA	NA
G4126	NA	NA	10000	76706	7.68597	0.00093165	-23224.6	-28062.6	NA	NA	NA	NA	NA	NA	NA	NA	NA	NA
G4128	NA	NA	10000	75201	7.54273	0.000606759	-23262.2	-60257.6	NA	NA	NA	NA	NA	NA	NA	NA	NA	NA
G4130	NA	NA	10000	76103	7.62861	0.000244453	-23630.7	-32986.6	NA	NA	NA	NA	NA	NA	NA	NA	NA	NA
G4131	NA	NA	10000	77870	7.80261	0.000292446	-23892.1	-65352.7	NA	NA	NA	NA	NA	NA	NA	NA	NA	NA
G4133	NA	NA	10000	66983	6.73061	0.00072101	-21711.9	-38150.1	NA	NA	NA	NA	NA	NA	NA	NA	NA	NA
G4144	NA	NA	10000	73009	7.32434	0.000504683	-22335.5	-34742.6	NA	NA	NA	NA	NA	NA	NA	NA	NA	NA
G4146	NA	NA	10000	74543	7.46774	0.000358468	-22546.5	-73928.4	NA	NA	NA	NA	NA	NA	NA	NA	NA	NA
G4147	NA	NA	10000	72781	7.30513	0.00223291	-22246.9	-26937.1	NA	NA	NA	NA	NA	NA	NA	NA	NA	NA
G4151	NA	NA	10000	73525	7.36945	0.00156552	-22878.8	-26908.1	NA	NA	NA	NA	NA	NA	NA	NA	NA	NA
G4152	NA	NA	10000	74644	7.48086	0.00140609	-23729.6	-35499.2	NA	NA	NA	NA	NA	NA	NA	NA	NA	NA
G4154	NA	NA	10000	59223	5.95805	0.000128548	-19152.8	-58330.4	NA	NA	NA	NA	NA	NA	NA	NA	NA	NA
G4160	NA	NA	10000	62628	6.2987	0.000328249	-20012.3	-58051.9	NA	NA	NA	NA	NA	NA	NA	NA	NA	NA
G4161	NA	NA	10000	79278	7.93971	0.00181272	-24375.8	-25619.3	NA	NA	NA	NA	NA	NA	NA	NA	NA	NA
G4167	NA	NA	10000	69051	6.92379	0.000160869	-22029.5	-101114	NA	NA	NA	NA	NA	NA	NA	NA	NA	NA
G4168	NA	NA	10000	69421	6.96369	1.32007e-06	-21656.6	-48770.8	NA	NA	NA	NA	NA	NA	NA	NA	NA	NA
G4171	NA	NA	10000	70455	7.06954	0.00107956	-21735.8	-54145.8	NA	NA	NA	NA	NA	NA	NA	NA	NA	NA
G4173	NA	NA	10000	53836	5.42155	0.00178309	-18205	-67963.6	NA	NA	NA	NA	NA	NA	NA	NA	NA	NA
G4175	NA	NA	10000	68886	6.90656	0.0010668	-21604	-27156.5	NA	NA	NA	NA	NA	NA	NA	NA	NA	NA
G4177	NA	NA	10000	75723	7.58824	0.00119879	-23283.6	-62400.6	NA	NA	NA	NA	NA	NA	NA	NA	NA	NA
G4179	NA	NA	10000	72551	7.27912	0.0008059	-22936.1	-37254.3	NA	NA	NA	NA	NA	NA	NA	NA	NA	NA
G4184	NA	NA	10000	65230	6.55051	0.000471778	-21122.8	-83898.3	NA	NA	NA	NA	NA	NA	NA	NA	NA	NA
G4186	NA	NA	10000	68646	6.88802	0.000641931	-21432.8	-60000.1	NA	NA	NA	NA	NA	NA	NA	NA	NA	NA
G4187	NA	NA	10000	75449	7.55699	1.13369e-08	-23038.3	-71253.2	NA	NA	NA	NA	NA	NA	NA	NA	NA	NA
G4194	NA	NA	10000	70473	7.06992	0.000580713	-21548	-52897.9	NA	NA	NA	NA	NA	NA	NA	NA	NA	NA
G4197	NA	NA	10000	70304	7.04308	4.81014e-07	-22072.1	-36465.5	NA	NA	NA	NA	NA	NA	NA	NA	NA	NA
G4201	NA	NA	10000	64585	6.47988	0.00210771	-20367.4	-27914.5	NA	NA	NA	NA	NA	NA	NA	NA	NA	NA
G4203	NA	NA	10000	72097	7.22994	0.000183249	-22412.9	-71409.1	NA	NA	NA	NA	NA	NA	NA	NA	NA	NA
G4204	NA	NA	10000	66558	6.67985	0.000435868	-21602.4	-67156.3	NA	NA	NA	NA	NA	NA	NA	NA	NA	NA
G4205	NA	NA	10000	66064	6.63493	0.000479747	-20898.3	-70171	NA	NA	NA	NA	NA	NA	NA	NA	NA	NA
G4206	NA	NA	10000	64794	6.51196	0.000354281	-20402.9	-79035.8	NA	NA	NA	NA	NA	NA	NA	NA	NA	NA
G4213	NA	NA	10000	67301	6.75374	0.000764642	-21219.7	-54129.4	NA	NA	NA	NA	NA	NA	NA	NA	NA	NA
G4216	NA	NA	10000	71459	7.16237	0.000948515	-22270.2	-45401.2	NA	NA	NA	NA	NA	NA	NA	NA	NA	NA
G4221	NA	NA	10000	67574	6.77977	0.00079357	-21453.8	-59292.1	NA	NA	NA	NA	NA	NA	NA	NA	NA	NA
G4225	NA	NA	10000	72636	7.29277	0.00440361	-22302.8	-23618.2	NA	NA	NA	NA	NA	NA	NA	NA	NA	NA
G4228	NA	NA	10000	62974	6.33733	3.44045e-07	-20271.9	-51871.5	NA	NA	NA	NA	NA	NA	NA	NA	NA	NA
G4229	NA	NA	10000	67192	6.74618	0.00216872	-21561.7	-53962.6	NA	NA	NA	NA	NA	NA	NA	NA	NA	NA
G4231	NA	NA	10000	60831	6.12783	0.000467847	-19729.1	-73882.8	NA	NA	NA	NA	NA	NA	NA	NA	NA	NA
G4233	NA	NA	10000	57071	5.76475	5.95753e-09	-18326.4	-66294.2	NA	NA	NA	NA	NA	NA	NA	NA	NA	NA
G4237	NA	NA	10000	60682	6.1264	4.21595e-08	-19984	-19984	NA	NA	NA	NA	NA	NA	NA	NA	NA	NA
G4239	NA	NA	10000	71735	7.20159	0.000620653	-21546.3	-73562.4	NA	NA	NA	NA	NA	NA	NA	NA	NA	NA
G4256	NA	NA	10000	67564	6.79718	7.04628e-05	-20982.4	-79059.9	NA	NA	NA	NA	NA	NA	NA	NA	NA	NA
G4257	NA	NA	10000	64646	6.50493	0.000550696	-20300.7	-65767.4	NA	NA	NA	NA	NA	NA	NA	NA	NA	NA
G4258	NA	NA	10000	65266	6.57128	0.000311861	-20544.1	-66790.1	NA	NA	NA	NA	NA	NA	NA	NA	NA	NA
G4259	NA	NA	10000	74182	7.43903	0.00103282	-23314.4	-59740.1	NA	NA	NA	NA	NA	NA	NA	NA	NA	NA
G4260	NA	NA	10000	71721	7.19224	0.000953771	-22637.4	-31272.1	NA	NA	NA	NA	NA	NA	NA	NA	NA	NA
G4265	NA	NA	10000	73525	7.38351	0.000633404	-22915.5	-66484.9	NA	NA	NA	NA	NA	NA	NA	NA	NA	NA
G4274	NA	NA	10000	64695	6.50724	0.0011144	-20468.8	-61875.2	NA	NA	NA	NA	NA	NA	NA	NA	NA	NA
G4278	NA	NA	10000	63679	6.40376	0.000513358	-20205.3	-69228.1	NA	NA	NA	NA	NA	NA	NA	NA	NA	NA
G4284	NA	NA	10000	67977	6.8408	0.00159048	-21280.5	-34394.8	NA	NA	NA	NA	NA	NA	NA	NA	NA	NA
G4285	NA	NA	10000	66849	6.72728	0.00123984	-21573.7	-60704.8	NA	NA	NA	NA	NA	NA	NA	NA	NA	NA
G4287	NA	NA	10000	71871	7.22176	0.000667703	-22318.1	-31621.8	NA	NA	NA	NA	NA	NA	NA	NA	NA	NA
G4290	NA	NA	10000	71285	7.16576	0.000668459	-22101.6	-41872.9	NA	NA	NA	NA	NA	NA	NA	NA	NA	NA
G4293	NA	NA	10000	61779	6.21895	0.00111789	-19764.3	-64220.7	NA	NA	NA	NA	NA	NA	NA	NA	NA	NA
G4294	NA	NA	10000	72047	7.24382	0.000351081	-22262.1	-86013.8	NA	NA	NA	NA	NA	NA	NA	NA	NA	NA
G4312	NA	NA	10000	69997	7.02993	0.000906248	-21616.6	-59953.1	NA	NA	NA	NA	NA	NA	NA	NA	NA	NA
G4314	NA	NA	10000	67976	6.83451	1.66029e-07	-21386.5	-63017.5	NA	NA	NA	NA	NA	NA	NA	NA	NA	NA
G4315	NA	NA	10000	60680	6.11385	0.000955172	-19851.4	-69280.4	NA	NA	NA	NA	NA	NA	NA	NA	NA	NA
G4320	NA	NA	10000	66701	6.70564	0.000104062	-21014.9	-85870.8	NA	NA	NA	NA	NA	NA	NA	NA	NA	NA
G4321	NA	NA	10000	64982	6.53348	3.34976e-07	-20579.9	-57827.3	NA	NA	NA	NA	NA	NA	NA	NA	NA	NA
G4335	NA	NA	10000	62048	6.24477	0.00075252	-19984.5	-23983.4	NA	NA	NA	NA	NA	NA	NA	NA	NA	NA
G4337	NA	NA	10000	65008	6.54004	0.0014566	-20620.5	-37938.6	NA	NA	NA	NA	NA	NA	NA	NA	NA	NA
G4341	NA	NA	10000	65799	6.61762	2.09299e-07	-21334.7	-66999.1	NA	NA	NA	NA	NA	NA	NA	NA	NA	NA
G4354	NA	NA	10000	77844	7.81096	0.000213626	-23486.8	-77982.4	NA	NA	NA	NA	NA	NA	NA	NA	NA	NA
G4355	NA	NA	10000	58879	5.93957	1.68334e-07	-18969.9	-26844.1	NA	NA	NA	NA	NA	NA	NA	NA	NA	NA
G4357	NA	NA	10000	69267	6.96151	0.000201986	-21687	-81948.5	NA	NA	NA	NA	NA	NA	NA	NA	NA	NA
G4358	NA	NA	10000	65761	6.61114	0.000233547	-20869.9	-78100.9	NA	NA	NA	NA	NA	NA	NA	NA	NA	NA
G4361	NA	NA	10000	67491	6.78438	0.000885729	-20983.7	-44951.4	NA	NA	NA	NA	NA	NA	NA	NA	NA	NA
G4362	NA	NA	10000	69147	6.95015	0.000450382	-22062.5	-73002.1	NA	NA	NA	NA	NA	NA	NA	NA	NA	NA
G4363	NA	NA	10000	57788	5.82482	0.00066073	-19292.9	-59942.8	NA	NA	NA	NA	NA	NA	NA	NA	NA	NA
G4365	NA	NA	10000	69735	7.01348	0.00107894	-21515.4	-51812.1	NA	NA	NA	NA	NA	NA	NA	NA	NA	NA
G4366	NA	NA	10000	64623	6.49739	1.13495e-06	-21247.1	-66193.9	NA	NA	NA	NA	NA	NA	NA	NA	NA	NA
G4368	NA	NA	10000	67446	6.77441	0.000449744	-21155.1	-46943	NA	NA	NA	NA	NA	NA	NA	NA	NA	NA
G4374	NA	NA	10000	68011	6.84009	4.12618e-08	-21586.7	-21586.7	NA	NA	NA	NA	NA	NA	NA	NA	NA	NA
G4379	NA	NA	10000	70663	7.09824	0.0005265	-22162.7	-53783.3	NA	NA	NA	NA	NA	NA	NA	NA	NA	NA
G4383	NA	NA	10000	69956	7.03783	1.01636e-07	-21623.4	-59138.7	NA	NA	NA	NA	NA	NA	NA	NA	NA	NA
G4392	NA	NA	10000	63119	6.34426	4.25638e-06	-20486.4	-21131.6	NA	NA	NA	NA	NA	NA	NA	NA	NA	NA
G4393	NA	NA	10000	69985	7.0372	0.000354916	-22345.6	-85016.4	NA	NA	NA	NA	NA	NA	NA	NA	NA	NA
G4401	NA	NA	10000	64963	6.5342	0.000106411	-19801.1	-77313.5	NA	NA	NA	NA	NA	NA	NA	NA	NA	NA
G4408	NA	NA	10000	63734	6.40929	0.00060835	-20733.3	-39565.5	NA	NA	NA	NA	NA	NA	NA	NA	NA	NA
G4409	NA	NA	10000	61495	6.1941	0.000588568	-19732.7	-37541.3	NA	NA	NA	NA	NA	NA	NA	NA	NA	NA
G4412	NA	NA	10000	60157	6.05445	1.48792e-48	-19827.2	-40150.5	NA	NA	NA	NA	NA	NA	NA	NA	NA	NA
G4413	NA	NA	10000	60732	6.11971	0.00137599	-20147.2	-37262.4	NA	NA	NA	NA	NA	NA	NA	NA	NA	NA
G4429	NA	NA	10000	59109	5.95977	0.000663792	-18904.7	-61489.8	NA	NA	NA	NA	NA	NA	NA	NA	NA	NA
G4436	NA	NA	10000	63579	6.40724	0.000395935	-19811.9	-69694.8	NA	NA	NA	NA	NA	NA	NA	NA	NA	NA
G4437	NA	NA	10000	60391	6.08167	4.56845e-07	-19977	-59226	NA	NA	NA	NA	NA	NA	NA	NA	NA	NA
G4438	NA	NA	10000	65974	6.63522	0.000420118	-20720.7	-70257	NA	NA	NA	NA	NA	NA	NA	NA	NA	NA
G4440	NA	NA	10000	62705	6.31661	0.00113159	-19870.3	-60868.8	NA	NA	NA	NA	NA	NA	NA	NA	NA	NA
G4449	NA	NA	10000	62930	6.3278	4.44109e-07	-20110.5	-38350.3	NA	NA	NA	NA	NA	NA	NA	NA	NA	NA
G4467	NA	NA	10000	57951	5.8436	0.000343884	-19026.6	-73728.2	NA	NA	NA	NA	NA	NA	NA	NA	NA	NA
G4473	NA	NA	10000	65598	6.58945	4.80023e-07	-21027.1	-49524.5	NA	NA	NA	NA	NA	NA	NA	NA	NA	NA
G4474	NA	NA	10000	94274	9.43967	0.000283942	-27506.6	-44977.4	NA	NA	NA	NA	NA	NA	NA	NA	NA	NA
G4476	NA	NA	10000	59892	6.02596	2.38252e-08	-19288.1	-19288.1	NA	NA	NA	NA	NA	NA	NA	NA	NA	NA
G4477	NA	NA	10000	74927	7.51223	0.00126382	-22541.7	-72045.9	NA	NA	NA	NA	NA	NA	NA	NA	NA	NA
G4480	NA	NA	10000	64361	6.46519	0.00106735	-20468.2	-21793.5	NA	NA	NA	NA	NA	NA	NA	NA	NA	NA
G4486	NA	NA	10000	72682	7.293	0.000411976	-22863.1	-74842.5	NA	NA	NA	NA	NA	NA	NA	NA	NA	NA
G4487	NA	NA	10000	73569	7.37534	0.000512617	-22532.4	-70707.3	NA	NA	NA	NA	NA	NA	NA	NA	NA	NA
G4495	NA	NA	10000	71294	7.15157	0.000124844	-21949.8	-97416.7	NA	NA	NA	NA	NA	NA	NA	NA	NA	NA
G4496	NA	NA	10000	68137	6.83969	0.000222719	-21167.6	-71705	NA	NA	NA	NA	NA	NA	NA	NA	NA	NA
G4527	NA	NA	10000	65628	6.60308	0.000955602	-21060.6	-33201.7	NA	NA	NA	NA	NA	NA	NA	NA	NA	NA
G4529	NA	NA	10000	85093	8.52464	0.000523617	-25464.3	-89418.3	NA	NA	NA	NA	NA	NA	NA	NA	NA	NA
G4537	NA	NA	10000	83150	8.33417	1.33681e-08	-24831.1	-67417.6	NA	NA	NA	NA	NA	NA	NA	NA	NA	NA
G4538	NA	NA	10000	76355	7.66463	0.000258394	-23259.3	-69056.8	NA	NA	NA	NA	NA	NA	NA	NA	NA	NA
G4540	NA	NA	10000	71894	7.21393	0.000492275	-22400.5	-71381.5	NA	NA	NA	NA	NA	NA	NA	NA	NA	NA
G4553	NA	NA	10000	77469	7.77099	1.17456e-08	-23343.1	-23343.1	NA	NA	NA	NA	NA	NA	NA	NA	NA	NA
G4556	NA	NA	10000	82718	8.2834	8.80742e-05	-25193.2	-99236	NA	NA	NA	NA	NA	NA	NA	NA	NA	NA
G4565	NA	NA	10000	74847	7.50797	0.000712009	-23337.7	-83418.6	NA	NA	NA	NA	NA	NA	NA	NA	NA	NA
G4567	NA	NA	10000	80783	8.10017	0.000160214	-24605.8	-94875	NA	NA	NA	NA	NA	NA	NA	NA	NA	NA
G4569	NA	NA	10000	72653	7.29155	0.000100193	-22306.8	-73376.3	NA	NA	NA	NA	NA	NA	NA	NA	NA	NA
G4583	NA	NA	10000	76818	7.70646	0.00115522	-23188.4	-65738.8	NA	NA	NA	NA	NA	NA	NA	NA	NA	NA
G4589	NA	NA	10000	75367	7.55559	0.000480678	-23807.9	-77164.1	NA	NA	NA	NA	NA	NA	NA	NA	NA	NA
G4590	NA	NA	10000	69101	6.93646	0.00168248	-21871.1	-39907.7	NA	NA	NA	NA	NA	NA	NA	NA	NA	NA
G4594	NA	NA	10000	71479	7.17445	0.000470543	-22353.5	-55920.4	NA	NA	NA	NA	NA	NA	NA	NA	NA	NA
G4595	NA	NA	10000	77804	7.80459	0.000626297	-23448	-59005.6	NA	NA	NA	NA	NA	NA	NA	NA	NA	NA
G4600	NA	NA	10000	64334	6.46053	0.000387898	-20454.6	-92950.6	NA	NA	NA	NA	NA	NA	NA	NA	NA	NA
G4601	NA	NA	10000	69576	6.98624	2.40798e-08	-21910.5	-98642.1	NA	NA	NA	NA	NA	NA	NA	NA	NA	NA
G4609	NA	NA	10000	71414	7.16648	0.000219582	-22446.7	-70325.4	NA	NA	NA	NA	NA	NA	NA	NA	NA	NA
G4619	NA	NA	10000	71005	7.1283	0.000643627	-22110.6	-30985.6	NA	NA	NA	NA	NA	NA	NA	NA	NA	NA
G4620	NA	NA	10000	61284	6.16601	0.000431493	-19801.9	-64107.4	NA	NA	NA	NA	NA	NA	NA	NA	NA	NA
G4621	NA	NA	10000	69227	6.94701	0.000344864	-21548.5	-78726.9	NA	NA	NA	NA	NA	NA	NA	NA	NA	NA
G4622	NA	NA	10000	64365	6.47145	0.00017804	-20269.9	-85963.3	NA	NA	NA	NA	NA	NA	NA	NA	NA	NA
G4623	NA	NA	10000	67675	6.79673	0.00049817	-20925.9	-41434.3	NA	NA	NA	NA	NA	NA	NA	NA	NA	NA
G4624	NA	NA	10000	72499	7.28048	0.000932374	-23151	-67794.4	NA	NA	NA	NA	NA	NA	NA	NA	NA	NA
G4630	NA	NA	10000	73015	7.32053	0.000631769	-22192.4	-57786.5	NA	NA	NA	NA	NA	NA	NA	NA	NA	NA
G4647	NA	NA	10000	66797	6.70653	0.000352948	-21392.3	-72488.1	NA	NA	NA	NA	NA	NA	NA	NA	NA	NA
G4650	NA	NA	10000	69716	7.00171	0.000259483	-22259.1	-44873.9	NA	NA	NA	NA	NA	NA	NA	NA	NA	NA
G4653	NA	NA	10000	62261	6.25487	0.00022496	-19954.1	-57677.2	NA	NA	NA	NA	NA	NA	NA	NA	NA	NA
G4655	NA	NA	10000	92302	9.24592	0.000414346	-27044.4	-77224.6	NA	NA	NA	NA	NA	NA	NA	NA	NA	NA
G4659	NA	NA	10000	67820	6.80924	0.000553115	-21761.5	-71667.9	NA	NA	NA	NA	NA	NA	NA	NA	NA	NA
G4663	NA	NA	10000	73532	7.38421	0.000893409	-23102	-48136.1	NA	NA	NA	NA	NA	NA	NA	NA	NA	NA
G4668	NA	NA	10000	75391	7.55799	0.00307692	-22889.3	-29753.6	NA	NA	NA	NA	NA	NA	NA	NA	NA	NA
G4680	NA	NA	10000	66836	6.69968	0.000128227	-21053.4	-85150.5	NA	NA	NA	NA	NA	NA	NA	NA	NA	NA
G4681	NA	NA	10000	71613	7.18213	0.000194795	-22325.4	-84332.1	NA	NA	NA	NA	NA	NA	NA	NA	NA	NA
G4697	NA	NA	10000	65664	6.59807	0.00102335	-20923.1	-67425.2	NA	NA	NA	NA	NA	NA	NA	NA	NA	NA
G4700	NA	NA	10000	65209	6.55169	0.000627722	-20898	-47155.3	NA	NA	NA	NA	NA	NA	NA	NA	NA	NA
G4701	NA	NA	10000	65923	6.63143	0.000129083	-20848.7	-69051.8	NA	NA	NA	NA	NA	NA	NA	NA	NA	NA
gaoqihemu	NA	NA	10000	383852	38.3929	8.21768e-05	-94529.7	-137445	NA	NA	NA	NA	NA	NA	NA	NA	NA	NA
gaoyixiaofu	NA	NA	10000	396051	39.6051	7.77712e-05	-94520.1	-165948	NA	NA	NA	NA	NA	NA	NA	NA	NA	NA
gaoyixiaomu	NA	NA	10000	387081	38.712	7.66938e-05	-90777.2	-196730	NA	NA	NA	NA	NA	NA	NA	NA	NA	NA
gaozixuanfu	NA	NA	10000	345750	34.5888	0.00228949	-85302.4	-85764.5	NA	NA	NA	NA	NA	NA	NA	NA	NA	NA
gaozixuanmu	NA	NA	10000	375923	37.5998	0.00164788	-89984	-91033.9	NA	NA	NA	NA	NA	NA	NA	NA	NA	NA
gaozixuan	NA	NA	10000	357825	35.7897	0.0015927	-87331.7	-87750.8	NA	NA	NA	NA	NA	NA	NA	NA	NA	NA
GJBA	NA	NA	10000	254367	25.4469	0.000253956	-64662.1	-74010.8	NA	NA	NA	NA	NA	NA	NA	NA	NA	NA
GMLA	NA	NA	10000	312386	31.2448	0.000416729	-75727.9	-78790.8	NA	NA	NA	NA	NA	NA	NA	NA	NA	NA
hanxinruifu	NA	NA	10000	361306	36.1306	7.97084e-05	-85115.7	-196095	NA	NA	NA	NA	NA	NA	NA	NA	NA	NA
hanxinruimu	NA	NA	10000	331845	33.1845	0.000449366	-81242.1	-87038.3	NA	NA	NA	NA	NA	NA	NA	NA	NA	NA
HC67	NA	NA	10000	376448	37.6523	6.6305e-05	-92223.4	-135051	NA	NA	NA	NA	NA	NA	NA	NA	NA	NA
HC92	NA	NA	10000	382303	38.2341	0.000153883	-89488	-115984	NA	NA	NA	NA	NA	NA	NA	NA	NA	NA
HC95	NA	NA	10000	382198	38.2236	9.53875e-05	-91519.6	-112452	NA	NA	NA	NA	NA	NA	NA	NA	NA	NA
HC97	NA	NA	10000	387885	38.7924	0.000132214	-91989.2	-110657	NA	NA	NA	NA	NA	NA	NA	NA	NA	NA
HC99	NA	NA	10000	376059	37.6134	1.20796e-05	-88699.3	-168126	NA	NA	NA	NA	NA	NA	NA	NA	NA	NA
HD06C	NA	NA	10000	282943	28.2971	0.000174974	-69879.4	-123855	NA	NA	NA	NA	NA	NA	NA	NA	NA	NA
HD07C	NA	NA	10000	301215	30.1336	0.00038365	-74436.1	-79372.2	NA	NA	NA	NA	NA	NA	NA	NA	NA	NA
HD09A	NA	NA	10000	317576	31.7608	0.000182603	-77834	-82158	NA	NA	NA	NA	NA	NA	NA	NA	NA	NA
HD09B	NA	NA	10000	308213	30.8213	0.000299195	-76620.9	-88621.1	NA	NA	NA	NA	NA	NA	NA	NA	NA	NA
HD09C	NA	NA	10000	320496	32.0496	0.000157604	-78061.9	-137700	NA	NA	NA	NA	NA	NA	NA	NA	NA	NA
HD12C_redo	NA	NA	10000	308222	30.8222	0.000123667	-75960.5	-157069	NA	NA	NA	NA	NA	NA	NA	NA	NA	NA
HD13C	NA	NA	10000	326640	32.6705	0.000140555	-78515.5	-150974	NA	NA	NA	NA	NA	NA	NA	NA	NA	NA
hexuchunfu	NA	NA	10000	268776	26.8803	0.00331669	-67372.6	-67857.1	NA	NA	NA	NA	NA	NA	NA	NA	NA	NA
HG00096	NA	NA	10000	337834	33.7902	1.59109e-09	-86797.3	-151587	NA	NA	NA	NA	NA	NA	NA	NA	NA	NA
HG00097	NA	NA	10000	323122	32.3154	3.32259e-09	-83759.2	-83759.2	NA	NA	NA	NA	NA	NA	NA	NA	NA	NA
HG00099	NA	NA	10000	373279	37.3316	1.18035e-08	-93570.1	-93570.1	NA	NA	NA	NA	NA	NA	NA	NA	NA	NA
HG00100	NA	NA	10000	310087	31.0118	3.87423e-09	-79157.2	-149008	NA	NA	NA	NA	NA	NA	NA	NA	NA	NA
HG00101	NA	NA	10000	337664	33.7732	7.01948e-10	-85988.7	-149598	NA	NA	NA	NA	NA	NA	NA	NA	NA	NA
HG00102	NA	NA	10000	318506	31.8506	3.47512e-09	-81762.9	-163672	NA	NA	NA	NA	NA	NA	NA	NA	NA	NA
HG00103	NA	NA	10000	323181	32.3181	2.94004e-09	-84228.8	-84228.8	NA	NA	NA	NA	NA	NA	NA	NA	NA	NA
HG00105	NA	NA	10000	292285	29.2343	1.72323e-05	-75743.4	-117383	NA	NA	NA	NA	NA	NA	NA	NA	NA	NA
HG00106	NA	NA	10000	357222	35.7258	2.00787e-09	-89847.7	-172092	NA	NA	NA	NA	NA	NA	NA	NA	NA	NA
HG00107	NA	NA	10000	328606	32.8705	1.76183e-09	-83371.3	-147123	NA	NA	NA	NA	NA	NA	NA	NA	NA	NA
HG00108	NA	NA	10000	323172	32.3237	1.94548e-09	-83284.9	-146041	NA	NA	NA	NA	NA	NA	NA	NA	NA	NA
HG00109	NA	NA	10000	356280	35.628	2.46165e-09	-91924.2	-149149	NA	NA	NA	NA	NA	NA	NA	NA	NA	NA
HG00110	NA	NA	10000	313854	31.3885	8.64486e-09	-77244.6	-132292	NA	NA	NA	NA	NA	NA	NA	NA	NA	NA
HG00111	NA	NA	10000	323848	32.3848	1.25752e-08	-82059.8	-82059.8	NA	NA	NA	NA	NA	NA	NA	NA	NA	NA
HG00112	NA	NA	10000	327177	32.721	6.31474e-10	-81637	-146841	NA	NA	NA	NA	NA	NA	NA	NA	NA	NA
HG00113	NA	NA	10000	297519	29.7579	8.4619e-09	-76344.5	-76344.5	NA	NA	NA	NA	NA	NA	NA	NA	NA	NA
HG00114	NA	NA	10000	333163	33.323	2.72818e-09	-81143.5	-160248	NA	NA	NA	NA	NA	NA	NA	NA	NA	NA
HG00115	NA	NA	10000	290887	29.0974	4.13212e-09	-74711.7	-143643	NA	NA	NA	NA	NA	NA	NA	NA	NA	NA
HG00116	NA	NA	10000	437808	43.7896	2.52188e-09	-109752	-184341	NA	NA	NA	NA	NA	NA	NA	NA	NA	NA
HG00117	NA	NA	10000	385021	38.506	3.58981e-09	-94354.1	-176795	NA	NA	NA	NA	NA	NA	NA	NA	NA	NA
HG00118	NA	NA	10000	344919	34.4953	8.7424e-10	-87795	-157722	NA	NA	NA	NA	NA	NA	NA	NA	NA	NA
HG00119	NA	NA	10000	346265	34.6334	1.82126e-09	-87845.1	-151017	NA	NA	NA	NA	NA	NA	NA	NA	NA	NA
HG00120	NA	NA	10000	380196	38.0272	1.17813e-09	-94712	-157918	NA	NA	NA	NA	NA	NA	NA	NA	NA	NA
HG00121	NA	NA	10000	321287	32.1319	5.87831e-09	-82207.9	-139374	NA	NA	NA	NA	NA	NA	NA	NA	NA	NA
HG00122	NA	NA	10000	346063	34.6063	2.23457e-09	-86675.1	-150082	NA	NA	NA	NA	NA	NA	NA	NA	NA	NA
HG00123	NA	NA	10000	314345	31.4376	3.91593e-09	-82434.3	-144072	NA	NA	NA	NA	NA	NA	NA	NA	NA	NA
HG00125	NA	NA	10000	290336	29.0365	1.09357e-09	-74868.7	-143460	NA	NA	NA	NA	NA	NA	NA	NA	NA	NA
HG00126	NA	NA	10000	419444	41.9528	3.84996e-09	-104605	-190362	NA	NA	NA	NA	NA	NA	NA	NA	NA	NA
HG00127	NA	NA	10000	345369	34.5404	1.69246e-05	-87099.3	-145871	NA	NA	NA	NA	NA	NA	NA	NA	NA	NA
HG00128	NA	NA	10000	424833	42.4875	3.20128e-09	-107189	-172744	NA	NA	NA	NA	NA	NA	NA	NA	NA	NA
HG00129	NA	NA	10000	298403	29.8433	6.05162e-10	-76637.8	-137067	NA	NA	NA	NA	NA	NA	NA	NA	NA	NA
HG00130	NA	NA	10000	304176	30.4176	2.88133e-09	-77977.1	-160636	NA	NA	NA	NA	NA	NA	NA	NA	NA	NA
HG00131	NA	NA	10000	328534	32.8567	5.24504e-09	-84847.1	-84847.1	NA	NA	NA	NA	NA	NA	NA	NA	NA	NA
HG00132	NA	NA	10000	317315	31.7378	6.07633e-09	-81470.7	-141836	NA	NA	NA	NA	NA	NA	NA	NA	NA	NA
HG00133	NA	NA	10000	498059	49.8109	1.41055e-05	-121830	-134064	NA	NA	NA	NA	NA	NA	NA	NA	NA	NA
HG00136	NA	NA	10000	317568	31.76	1.69568e-09	-79855.8	-144605	NA	NA	NA	NA	NA	NA	NA	NA	NA	NA
HG00137	NA	NA	10000	324868	32.49	2.71656e-09	-82440.6	-137751	NA	NA	NA	NA	NA	NA	NA	NA	NA	NA
HG00138	NA	NA	10000	344205	34.4274	3.67556e-09	-87603.2	-87603.2	NA	NA	NA	NA	NA	NA	NA	NA	NA	NA
HG00139	NA	NA	10000	340151	34.0219	3.96388e-09	-86245.7	-86245.7	NA	NA	NA	NA	NA	NA	NA	NA	NA	NA
HG00140	NA	NA	10000	326979	32.6979	6.83871e-09	-80711.7	-80711.7	NA	NA	NA	NA	NA	NA	NA	NA	NA	NA
HG00141	NA	NA	10000	329145	32.9178	4.67657e-09	-85076.4	-167041	NA	NA	NA	NA	NA	NA	NA	NA	NA	NA
HG00142	NA	NA	10000	323283	32.3315	1.49475e-09	-84329.8	-144113	NA	NA	NA	NA	NA	NA	NA	NA	NA	NA
HG00143	NA	NA	10000	320974	32.1006	7.36e-10	-81851.7	-148692	NA	NA	NA	NA	NA	NA	NA	NA	NA	NA
HG00145	NA	NA	10000	304848	30.4878	2.45306e-09	-77903.9	-134598	NA	NA	NA	NA	NA	NA	NA	NA	NA	NA
HG00146	NA	NA	10000	426752	42.6795	5.31859e-09	-108939	-108939	NA	NA	NA	NA	NA	NA	NA	NA	NA	NA
HG00148	NA	NA	10000	300312	30.0372	3.97439e-09	-76143.1	-132975	NA	NA	NA	NA	NA	NA	NA	NA	NA	NA
HG00149	NA	NA	10000	326303	32.6368	3.11875e-09	-84636.2	-144665	NA	NA	NA	NA	NA	NA	NA	NA	NA	NA
HG00150	NA	NA	10000	389384	38.9423	8.63885e-10	-96888.7	-167587	NA	NA	NA	NA	NA	NA	NA	NA	NA	NA
HG00151	NA	NA	10000	348637	34.8707	3.45849e-09	-89205.4	-161537	NA	NA	NA	NA	NA	NA	NA	NA	NA	NA
HG00154	NA	NA	10000	332401	33.2434	8.88432e-09	-84025.3	-84025.3	NA	NA	NA	NA	NA	NA	NA	NA	NA	NA
HG00155	NA	NA	10000	305132	30.5224	5.88091e-09	-78417.1	-78417.1	NA	NA	NA	NA	NA	NA	NA	NA	NA	NA
HG00157	NA	NA	10000	305202	30.5202	4.27357e-09	-77203.5	-77203.5	NA	NA	NA	NA	NA	NA	NA	NA	NA	NA
HG00158	NA	NA	10000	356214	35.6321	1.56717e-09	-91429.9	-152664	NA	NA	NA	NA	NA	NA	NA	NA	NA	NA
HG00159	NA	NA	10000	337196	33.723	2.60125e-09	-86260.1	-157289	NA	NA	NA	NA	NA	NA	NA	NA	NA	NA
HG00160	NA	NA	10000	323589	32.3621	2.54917e-09	-82112.7	-148173	NA	NA	NA	NA	NA	NA	NA	NA	NA	NA
HG00171	NA	NA	10000	343211	34.328	7.44929e-10	-87879	-157768	NA	NA	NA	NA	NA	NA	NA	NA	NA	NA
HG00173	NA	NA	10000	301597	30.1597	1.68463e-09	-76847	-147030	NA	NA	NA	NA	NA	NA	NA	NA	NA	NA
HG00174	NA	NA	10000	333978	33.4045	5.55277e-10	-86349	-154220	NA	NA	NA	NA	NA	NA	NA	NA	NA	NA
HG00176	NA	NA	10000	338788	33.8788	1.0624e-09	-85982	-152519	NA	NA	NA	NA	NA	NA	NA	NA	NA	NA
HG00177	NA	NA	10000	307971	30.8033	3.14779e-09	-79389.6	-164098	NA	NA	NA	NA	NA	NA	NA	NA	NA	NA
HG00178	NA	NA	10000	317386	31.7449	1.5135e-08	-78638.4	-78638.4	NA	NA	NA	NA	NA	NA	NA	NA	NA	NA
HG00179	NA	NA	10000	311007	31.1038	2.06161e-09	-80934.1	-165542	NA	NA	NA	NA	NA	NA	NA	NA	NA	NA
HG00180	NA	NA	10000	343181	34.325	4.4927e-09	-86151.9	-86151.9	NA	NA	NA	NA	NA	NA	NA	NA	NA	NA
HG00181	NA	NA	10000	327916	32.7982	3.8221e-09	-84695.4	-167786	NA	NA	NA	NA	NA	NA	NA	NA	NA	NA
HG00182	NA	NA	10000	332753	33.2786	4.80733e-09	-84955.8	-143056	NA	NA	NA	NA	NA	NA	NA	NA	NA	NA
HG00183	NA	NA	10000	317792	31.7856	1.63819e-09	-81018.1	-146668	NA	NA	NA	NA	NA	NA	NA	NA	NA	NA
HG00185	NA	NA	10000	333300	33.3367	2.77376e-09	-84718.2	-143613	NA	NA	NA	NA	NA	NA	NA	NA	NA	NA
HG00186	NA	NA	10000	327020	32.702	1.7041e-09	-84027.2	-147207	NA	NA	NA	NA	NA	NA	NA	NA	NA	NA
HG00187	NA	NA	10000	339966	34	2.31532e-09	-86910.5	-152923	NA	NA	NA	NA	NA	NA	NA	NA	NA	NA
HG00188	NA	NA	10000	308964	30.8995	1.6577e-05	-78050.9	-133460	NA	NA	NA	NA	NA	NA	NA	NA	NA	NA
HG00189	NA	NA	10000	295879	29.5879	3.00869e-09	-75437.7	-137683	NA	NA	NA	NA	NA	NA	NA	NA	NA	NA
HG00190	NA	NA	10000	323286	32.3318	1.61537e-09	-82668.1	-145263	NA	NA	NA	NA	NA	NA	NA	NA	NA	NA
HG00231	NA	NA	10000	317194	31.7226	9.50132e-09	-80821.8	-80821.8	NA	NA	NA	NA	NA	NA	NA	NA	NA	NA
HG00232	NA	NA	10000	529875	52.9928	6.68548e-09	-127109	-127109	NA	NA	NA	NA	NA	NA	NA	NA	NA	NA
HG00233	NA	NA	10000	409710	40.9833	5.28263e-09	-103862	-103862	NA	NA	NA	NA	NA	NA	NA	NA	NA	NA
HG00234	NA	NA	10000	374922	37.4959	1.84041e-08	-92167.3	-92167.3	NA	NA	NA	NA	NA	NA	NA	NA	NA	NA
HG00235	NA	NA	10000	368976	36.9013	2.6273e-09	-91461.7	-154375	NA	NA	NA	NA	NA	NA	NA	NA	NA	NA
HG00236	NA	NA	10000	382868	38.2906	3.00299e-09	-96566.7	-158900	NA	NA	NA	NA	NA	NA	NA	NA	NA	NA
HG00237	NA	NA	10000	317951	31.8015	9.82077e-09	-82448.9	-144028	NA	NA	NA	NA	NA	NA	NA	NA	NA	NA
HG00238	NA	NA	10000	290253	29.0282	1.02193e-08	-75125.3	-75125.3	NA	NA	NA	NA	NA	NA	NA	NA	NA	NA
HG00239	NA	NA	10000	345991	34.606	3.51604e-09	-86452.1	-168590	NA	NA	NA	NA	NA	NA	NA	NA	NA	NA
HG00240	NA	NA	10000	292075	29.2104	0.00021119	-76575.9	-82661.8	NA	NA	NA	NA	NA	NA	NA	NA	NA	NA
HG00242	NA	NA	10000	404562	40.4562	2.25826e-09	-102542	-165050	NA	NA	NA	NA	NA	NA	NA	NA	NA	NA
HG00243	NA	NA	10000	397923	39.7963	7.72397e-09	-99448.8	-99448.8	NA	NA	NA	NA	NA	NA	NA	NA	NA	NA
HG00244	NA	NA	10000	357085	35.7085	2.01907e-05	-90151.5	-125125	NA	NA	NA	NA	NA	NA	NA	NA	NA	NA
HG00245	NA	NA	10000	418905	41.8905	1.31707e-09	-104287	-188025	NA	NA	NA	NA	NA	NA	NA	NA	NA	NA
HG00246	NA	NA	10000	328944	32.9043	3.36197e-09	-84685.7	-140367	NA	NA	NA	NA	NA	NA	NA	NA	NA	NA
HG00250	NA	NA	10000	305258	30.5289	4.12513e-09	-78152.6	-137097	NA	NA	NA	NA	NA	NA	NA	NA	NA	NA
HG00251	NA	NA	10000	399036	39.9116	7.30025e-10	-99023	-169118	NA	NA	NA	NA	NA	NA	NA	NA	NA	NA
HG00252	NA	NA	10000	334818	33.4918	5.78095e-09	-85247.1	-138909	NA	NA	NA	NA	NA	NA	NA	NA	NA	NA
HG00253	NA	NA	10000	355571	35.5607	1.13052e-08	-92125.5	-158413	NA	NA	NA	NA	NA	NA	NA	NA	NA	NA
HG00254	NA	NA	10000	340333	34.0367	2.18622e-05	-87189.3	-97796	NA	NA	NA	NA	NA	NA	NA	NA	NA	NA
HG00255	NA	NA	10000	339736	33.9804	7.24409e-09	-86221.7	-86221.7	NA	NA	NA	NA	NA	NA	NA	NA	NA	NA
HG00256	NA	NA	10000	321615	32.1647	1.35044e-09	-81119.9	-169751	NA	NA	NA	NA	NA	NA	NA	NA	NA	NA
HG00257	NA	NA	10000	342048	34.2082	4.81615e-09	-90151.9	-154084	NA	NA	NA	NA	NA	NA	NA	NA	NA	NA
HG00258	NA	NA	10000	369457	36.9494	1.76905e-09	-94146.2	-176152	NA	NA	NA	NA	NA	NA	NA	NA	NA	NA
HG00259	NA	NA	10000	309516	30.9516	3.58651e-09	-81385.6	-135788	NA	NA	NA	NA	NA	NA	NA	NA	NA	NA
HG00260	NA	NA	10000	307925	30.7956	5.88725e-09	-75822.9	-130632	NA	NA	NA	NA	NA	NA	NA	NA	NA	NA
HG00261	NA	NA	10000	312350	31.2444	1.40748e-08	-79376.1	-79376.1	NA	NA	NA	NA	NA	NA	NA	NA	NA	NA
HG00262	NA	NA	10000	298809	29.8839	1.9428e-09	-74625.2	-128315	NA	NA	NA	NA	NA	NA	NA	NA	NA	NA
HG00263	NA	NA	10000	303306	30.3336	2.01546e-09	-76114.4	-135167	NA	NA	NA	NA	NA	NA	NA	NA	NA	NA
HG00264	NA	NA	10000	334476	33.4476	1.09935e-09	-83054.7	-150085	NA	NA	NA	NA	NA	NA	NA	NA	NA	NA
HG00265	NA	NA	10000	350557	35.0592	1.96658e-09	-87368.7	-149252	NA	NA	NA	NA	NA	NA	NA	NA	NA	NA
HG00266	NA	NA	10000	307606	30.7637	1.1975e-05	-79153.2	-140582	NA	NA	NA	NA	NA	NA	NA	NA	NA	NA
HG00267	NA	NA	10000	335639	33.5673	3.66875e-09	-84312.4	-144324	NA	NA	NA	NA	NA	NA	NA	NA	NA	NA
HG00268	NA	NA	10000	314918	31.4981	8.23887e-09	-81406.9	-81406.9	NA	NA	NA	NA	NA	NA	NA	NA	NA	NA
HG00269	NA	NA	10000	303370	30.337	4.40235e-09	-77728.1	-144794	NA	NA	NA	NA	NA	NA	NA	NA	NA	NA
HG00271	NA	NA	10000	338757	33.8859	4.255e-09	-87504.3	-152933	NA	NA	NA	NA	NA	NA	NA	NA	NA	NA
HG00272	NA	NA	10000	442516	44.256	1.52738e-05	-113589	-135288	NA	NA	NA	NA	NA	NA	NA	NA	NA	NA
HG00273	NA	NA	10000	350048	35.0048	2.17857e-09	-89663.2	-147967	NA	NA	NA	NA	NA	NA	NA	NA	NA	NA
HG00274	NA	NA	10000	325245	32.5278	1.52219e-09	-83108	-145818	NA	NA	NA	NA	NA	NA	NA	NA	NA	NA
HG00275	NA	NA	10000	319019	31.9115	5.52811e-09	-83091.2	-83091.2	NA	NA	NA	NA	NA	NA	NA	NA	NA	NA
HG00276	NA	NA	10000	290721	29.075	5.22676e-09	-76398.1	-76398.1	NA	NA	NA	NA	NA	NA	NA	NA	NA	NA
HG00277	NA	NA	10000	332137	33.217	4.38643e-09	-86740.6	-147151	NA	NA	NA	NA	NA	NA	NA	NA	NA	NA
HG00278	NA	NA	10000	356530	35.653	2.34285e-09	-88981.7	-146730	NA	NA	NA	NA	NA	NA	NA	NA	NA	NA
HG00280	NA	NA	10000	355686	35.5757	4.67795e-09	-88263.3	-152559	NA	NA	NA	NA	NA	NA	NA	NA	NA	NA
HG00281	NA	NA	10000	320448	32.0448	1.36557e-09	-82391.3	-147547	NA	NA	NA	NA	NA	NA	NA	NA	NA	NA
HG00282	NA	NA	10000	317058	31.709	1.66404e-05	-80694.8	-92547.2	NA	NA	NA	NA	NA	NA	NA	NA	NA	NA
HG00284	NA	NA	10000	324155	32.4187	2.77746e-09	-84844.9	-138546	NA	NA	NA	NA	NA	NA	NA	NA	NA	NA
HG00285	NA	NA	10000	344814	34.4814	4.05427e-09	-87850.9	-147534	NA	NA	NA	NA	NA	NA	NA	NA	NA	NA
HG00288	NA	NA	10000	312566	31.2629	1.60745e-09	-77375.6	-149514	NA	NA	NA	NA	NA	NA	NA	NA	NA	NA
HG00290	NA	NA	10000	442064	44.2064	1.32755e-09	-112111	-178991	NA	NA	NA	NA	NA	NA	NA	NA	NA	NA
HG00304	NA	NA	10000	327909	32.7942	4.18941e-09	-83851.6	-83851.6	NA	NA	NA	NA	NA	NA	NA	NA	NA	NA
HG00306	NA	NA	10000	326246	32.6246	1.96675e-09	-84328.7	-147968	NA	NA	NA	NA	NA	NA	NA	NA	NA	NA
HG00308	NA	NA	10000	313971	31.3971	1.53251e-09	-80716.9	-152730	NA	NA	NA	NA	NA	NA	NA	NA	NA	NA
HG00309	NA	NA	10000	336736	33.6736	2.47656e-09	-87738.2	-163426	NA	NA	NA	NA	NA	NA	NA	NA	NA	NA
HG00310	NA	NA	10000	327447	32.7447	1.62414e-09	-83546.3	-145001	NA	NA	NA	NA	NA	NA	NA	NA	NA	NA
HG00311	NA	NA	10000	317136	31.7168	1.76815e-05	-81682.1	-110365	NA	NA	NA	NA	NA	NA	NA	NA	NA	NA
HG00313	NA	NA	10000	359059	35.9095	4.67895e-10	-91512.8	-181126	NA	NA	NA	NA	NA	NA	NA	NA	NA	NA
HG00315	NA	NA	10000	318292	31.8388	1.13565e-09	-80225.3	-147402	NA	NA	NA	NA	NA	NA	NA	NA	NA	NA
HG00318	NA	NA	10000	306210	30.6271	1.73029e-09	-77810.3	-156419	NA	NA	NA	NA	NA	NA	NA	NA	NA	NA
HG00319	NA	NA	10000	338315	33.8383	2.10617e-09	-83711.3	-83711.3	NA	NA	NA	NA	NA	NA	NA	NA	NA	NA
HG00320	NA	NA	10000	391564	39.1603	1.24065e-09	-97025.5	-162548	NA	NA	NA	NA	NA	NA	NA	NA	NA	NA
HG00321	NA	NA	10000	536372	53.6479	2.45751e-09	-131290	-194824	NA	NA	NA	NA	NA	NA	NA	NA	NA	NA
HG00323	NA	NA	10000	300658	30.0658	1.74635e-05	-75926.6	-104036	NA	NA	NA	NA	NA	NA	NA	NA	NA	NA
HG00324	NA	NA	10000	322530	32.253	6.57081e-10	-81222	-150333	NA	NA	NA	NA	NA	NA	NA	NA	NA	NA
HG00325	NA	NA	10000	298547	29.8607	6.21279e-09	-77543.5	-137231	NA	NA	NA	NA	NA	NA	NA	NA	NA	NA
HG00326	NA	NA	10000	403822	40.3903	2.56822e-09	-99848.7	-167775	NA	NA	NA	NA	NA	NA	NA	NA	NA	NA
HG00327	NA	NA	10000	335374	33.5408	1.51399e-09	-83118	-83118	NA	NA	NA	NA	NA	NA	NA	NA	NA	NA
HG00328	NA	NA	10000	312980	31.298	1.01617e-09	-79755.7	-174219	NA	NA	NA	NA	NA	NA	NA	NA	NA	NA
HG00329	NA	NA	10000	348505	34.854	1.17164e-09	-87935	-171773	NA	NA	NA	NA	NA	NA	NA	NA	NA	NA
HG00330	NA	NA	10000	321370	32.1466	1.55519e-05	-82200.3	-128871	NA	NA	NA	NA	NA	NA	NA	NA	NA	NA
HG00331	NA	NA	10000	333757	33.379	7.448e-09	-83205.6	-144005	NA	NA	NA	NA	NA	NA	NA	NA	NA	NA
HG00332	NA	NA	10000	344793	34.4793	2.82666e-09	-87888.4	-166591	NA	NA	NA	NA	NA	NA	NA	NA	NA	NA
HG00334	NA	NA	10000	315997	31.6029	5.05686e-09	-81373.1	-138607	NA	NA	NA	NA	NA	NA	NA	NA	NA	NA
HG00335	NA	NA	10000	317700	31.7732	3.08104e-09	-81446.7	-138778	NA	NA	NA	NA	NA	NA	NA	NA	NA	NA
HG00336	NA	NA	10000	325224	32.5289	1.22034e-05	-83225	-143939	NA	NA	NA	NA	NA	NA	NA	NA	NA	NA
HG00337	NA	NA	10000	306857	30.6857	2.30859e-08	-79007.4	-139146	NA	NA	NA	NA	NA	NA	NA	NA	NA	NA
HG00338	NA	NA	10000	350866	35.0936	6.44434e-10	-90800	-155251	NA	NA	NA	NA	NA	NA	NA	NA	NA	NA
HG00339	NA	NA	10000	402539	40.2539	1.18483e-09	-100255	-163409	NA	NA	NA	NA	NA	NA	NA	NA	NA	NA
HG00341	NA	NA	10000	320332	32.0396	2.12225e-09	-79887.4	-143074	NA	NA	NA	NA	NA	NA	NA	NA	NA	NA
HG00342	NA	NA	10000	325784	32.5817	6.48622e-09	-82584	-142487	NA	NA	NA	NA	NA	NA	NA	NA	NA	NA
HG00343	NA	NA	10000	319306	31.9434	1.56428e-09	-81467.1	-152706	NA	NA	NA	NA	NA	NA	NA	NA	NA	NA
HG00344	NA	NA	10000	342021	34.2055	9.02886e-10	-82618.7	-146163	NA	NA	NA	NA	NA	NA	NA	NA	NA	NA
HG00345	NA	NA	10000	326744	32.6744	3.82432e-09	-83592.9	-83592.9	NA	NA	NA	NA	NA	NA	NA	NA	NA	NA
HG00346	NA	NA	10000	309067	30.9129	3.03545e-09	-77490.3	-133654	NA	NA	NA	NA	NA	NA	NA	NA	NA	NA
HG00349	NA	NA	10000	348317	34.8456	5.15671e-09	-88731.8	-149636	NA	NA	NA	NA	NA	NA	NA	NA	NA	NA
HG00350	NA	NA	10000	460748	46.0748	1.38269e-09	-112456	-175318	NA	NA	NA	NA	NA	NA	NA	NA	NA	NA
HG00351	NA	NA	10000	295268	29.5327	2.12793e-09	-77509.1	-139805	NA	NA	NA	NA	NA	NA	NA	NA	NA	NA
HG00353	NA	NA	10000	316697	31.6697	1.1574e-05	-79380.1	-96213.2	NA	NA	NA	NA	NA	NA	NA	NA	NA	NA
HG00355	NA	NA	10000	461489	46.1489	5.12877e-09	-117156	-173968	NA	NA	NA	NA	NA	NA	NA	NA	NA	NA
HG00356	NA	NA	10000	327454	32.7552	1.51069e-08	-85889.9	-143053	NA	NA	NA	NA	NA	NA	NA	NA	NA	NA
HG00357	NA	NA	10000	325092	32.519	5.14837e-09	-81804.1	-81804.1	NA	NA	NA	NA	NA	NA	NA	NA	NA	NA
HG00358	NA	NA	10000	349637	34.9707	2.65649e-09	-89570.8	-146143	NA	NA	NA	NA	NA	NA	NA	NA	NA	NA
HG00360	NA	NA	10000	324659	32.4659	8.58884e-10	-80695.4	-146039	NA	NA	NA	NA	NA	NA	NA	NA	NA	NA
HG00361	NA	NA	10000	319605	31.9637	8.18893e-10	-82088.8	-151814	NA	NA	NA	NA	NA	NA	NA	NA	NA	NA
HG00362	NA	NA	10000	334350	33.435	2.91937e-09	-85864.8	-147199	NA	NA	NA	NA	NA	NA	NA	NA	NA	NA
HG00364	NA	NA	10000	322390	32.239	1.99108e-09	-83224	-166409	NA	NA	NA	NA	NA	NA	NA	NA	NA	NA
HG00365	NA	NA	10000	326925	32.699	1.32962e-05	-83908.5	-151679	NA	NA	NA	NA	NA	NA	NA	NA	NA	NA
HG00366	NA	NA	10000	289887	28.9887	2.65351e-09	-74541.2	-137963	NA	NA	NA	NA	NA	NA	NA	NA	NA	NA
HG00367	NA	NA	10000	316645	31.6677	2.43965e-09	-81133.9	-168269	NA	NA	NA	NA	NA	NA	NA	NA	NA	NA
HG00368	NA	NA	10000	322745	32.2842	5.57099e-09	-82610.7	-82610.7	NA	NA	NA	NA	NA	NA	NA	NA	NA	NA
HG00369	NA	NA	10000	455714	45.5714	2.24219e-09	-110347	-194501	NA	NA	NA	NA	NA	NA	NA	NA	NA	NA
HG00371	NA	NA	10000	354702	35.4773	2.47017e-09	-90096.3	-150096	NA	NA	NA	NA	NA	NA	NA	NA	NA	NA
HG00372	NA	NA	10000	314375	31.4406	1.68397e-08	-79797.9	-79797.9	NA	NA	NA	NA	NA	NA	NA	NA	NA	NA
HG00373	NA	NA	10000	312655	31.278	2.85352e-09	-78484.6	-138922	NA	NA	NA	NA	NA	NA	NA	NA	NA	NA
HG00375	NA	NA	10000	349870	34.9905	1.74119e-08	-88210.7	-148533	NA	NA	NA	NA	NA	NA	NA	NA	NA	NA
HG00376	NA	NA	10000	334844	33.4877	2.56822e-09	-84468.2	-141521	NA	NA	NA	NA	NA	NA	NA	NA	NA	NA
HG00378	NA	NA	10000	337403	33.747	3.33652e-09	-85245.4	-162624	NA	NA	NA	NA	NA	NA	NA	NA	NA	NA
HG00379	NA	NA	10000	338664	33.8698	3.84209e-09	-85759.7	-170110	NA	NA	NA	NA	NA	NA	NA	NA	NA	NA
HG00380	NA	NA	10000	336954	33.6988	1.16189e-09	-86962.9	-155935	NA	NA	NA	NA	NA	NA	NA	NA	NA	NA
HG00381	NA	NA	10000	336084	33.6151	2.70754e-09	-85763.9	-134262	NA	NA	NA	NA	NA	NA	NA	NA	NA	NA
HG00382	NA	NA	10000	317556	31.7588	1.7031e-09	-81722.8	-153235	NA	NA	NA	NA	NA	NA	NA	NA	NA	NA
HG00383	NA	NA	10000	330465	33.0498	3.93185e-09	-82887.6	-82887.6	NA	NA	NA	NA	NA	NA	NA	NA	NA	NA
HG00384	NA	NA	10000	329333	32.9399	0.00275066	-85251.4	-85997.6	NA	NA	NA	NA	NA	NA	NA	NA	NA	NA
HG00403	NA	NA	10000	312758	31.2852	6.02664e-09	-73992.8	-73992.8	NA	NA	NA	NA	NA	NA	NA	NA	NA	NA
HG00404	NA	NA	10000	298614	29.8644	1.56878e-09	-72850.9	-172299	NA	NA	NA	NA	NA	NA	NA	NA	NA	NA
HG00405	NA	NA	10000	320742	32.0806	1.93669e-08	-76813	-76813	NA	NA	NA	NA	NA	NA	NA	NA	NA	NA
HG00406	NA	NA	10000	326583	32.6648	1.15557e-09	-78331.7	-140721	NA	NA	NA	NA	NA	NA	NA	NA	NA	NA
HG00407	NA	NA	10000	343619	34.3619	2.07547e-09	-81909.9	-87870.4	NA	NA	NA	NA	NA	NA	NA	NA	NA	NA
HG00408	NA	NA	10000	328412	32.8511	2.41026e-08	-80292.5	-80292.5	NA	NA	NA	NA	NA	NA	NA	NA	NA	NA
HG00409	NA	NA	10000	292358	29.2446	8.31659e-09	-71282.8	-71282.8	NA	NA	NA	NA	NA	NA	NA	NA	NA	NA
HG00410	NA	NA	10000	334287	33.4387	6.05786e-09	-82042.5	-82042.5	NA	NA	NA	NA	NA	NA	NA	NA	NA	NA
HG00418	NA	NA	10000	344068	34.4102	6.91978e-10	-79502.2	-141105	NA	NA	NA	NA	NA	NA	NA	NA	NA	NA
HG00419	NA	NA	10000	326095	32.616	1.02891e-08	-79046.2	-79046.2	NA	NA	NA	NA	NA	NA	NA	NA	NA	NA
HG00420	NA	NA	10000	326734	32.6832	3.37245e-08	-79154.7	-90946	NA	NA	NA	NA	NA	NA	NA	NA	NA	NA
HG00421	NA	NA	10000	343345	34.3448	9.8007e-09	-81749.5	-81749.5	NA	NA	NA	NA	NA	NA	NA	NA	NA	NA
HG00422	NA	NA	10000	346690	34.6829	7.00686e-09	-82957.2	-136534	NA	NA	NA	NA	NA	NA	NA	NA	NA	NA
HG00423	NA	NA	10000	327003	32.7134	1.26073e-09	-74830.5	-150992	NA	NA	NA	NA	NA	NA	NA	NA	NA	NA
HG00427	NA	NA	10000	355996	35.6032	2.385e-08	-84645.7	-84645.7	NA	NA	NA	NA	NA	NA	NA	NA	NA	NA
HG00428	NA	NA	10000	314304	31.4367	1.03077e-08	-76047.2	-76047.2	NA	NA	NA	NA	NA	NA	NA	NA	NA	NA
HG00429	NA	NA	10000	333434	33.3467	1.18965e-08	-77687.5	-77687.5	NA	NA	NA	NA	NA	NA	NA	NA	NA	NA
HG00436	NA	NA	10000	305468	30.556	1.05703e-08	-73901.2	-73901.2	NA	NA	NA	NA	NA	NA	NA	NA	NA	NA
HG00437	NA	NA	10000	314901	31.4932	2.59825e-09	-75727.9	-114256	NA	NA	NA	NA	NA	NA	NA	NA	NA	NA
HG00438	NA	NA	10000	328327	32.8393	1.72106e-08	-78514	-78514	NA	NA	NA	NA	NA	NA	NA	NA	NA	NA
HG00442	NA	NA	10000	342730	34.2833	2.45642e-11	-81531.2	-140745	NA	NA	NA	NA	NA	NA	NA	NA	NA	NA
HG00443	NA	NA	10000	349751	34.9786	2.85773e-10	-82540.2	-144203	NA	NA	NA	NA	NA	NA	NA	NA	NA	NA
HG00444	NA	NA	10000	330338	33.0437	1.8637e-09	-78767.9	-136929	NA	NA	NA	NA	NA	NA	NA	NA	NA	NA
HG00445	NA	NA	10000	367552	36.7626	3.40813e-08	-88721.1	-88721.1	NA	NA	NA	NA	NA	NA	NA	NA	NA	NA
HG00446	NA	NA	10000	332026	33.2126	4.37825e-09	-80881.3	-133265	NA	NA	NA	NA	NA	NA	NA	NA	NA	NA
HG00447	NA	NA	10000	325606	32.5704	3.00126e-09	-80346.9	-134502	NA	NA	NA	NA	NA	NA	NA	NA	NA	NA
HG00448	NA	NA	10000	353917	35.3952	5.31625e-09	-84473	-137469	NA	NA	NA	NA	NA	NA	NA	NA	NA	NA
HG00449	NA	NA	10000	315193	31.5351	2.68762e-08	-76485.2	-76485.2	NA	NA	NA	NA	NA	NA	NA	NA	NA	NA
HG00450	NA	NA	10000	346691	34.676	1.96902e-09	-83985.3	-132373	NA	NA	NA	NA	NA	NA	NA	NA	NA	NA
HG00451	NA	NA	10000	336833	33.69	3.87411e-05	-82272.9	-92229.6	NA	NA	NA	NA	NA	NA	NA	NA	NA	NA
HG00452	NA	NA	10000	312533	31.2627	9.10928e-10	-73592.1	-168934	NA	NA	NA	NA	NA	NA	NA	NA	NA	NA
HG00453	NA	NA	10000	353727	35.3798	3.36351e-09	-83451	-134697	NA	NA	NA	NA	NA	NA	NA	NA	NA	NA
HG00457	NA	NA	10000	333254	33.3421	1.44955e-05	-81009.4	-141544	NA	NA	NA	NA	NA	NA	NA	NA	NA	NA
HG00458	NA	NA	10000	338410	33.8512	1.83229e-05	-81813.9	-121029	NA	NA	NA	NA	NA	NA	NA	NA	NA	NA
HG00459	NA	NA	10000	325891	32.6054	2.64243e-09	-76210.7	-130742	NA	NA	NA	NA	NA	NA	NA	NA	NA	NA
HG00463	NA	NA	10000	332035	33.2101	1.03868e-05	-78054.8	-167877	NA	NA	NA	NA	NA	NA	NA	NA	NA	NA
HG00464	NA	NA	10000	333823	33.3923	1.18115e-09	-79397.7	-136220	NA	NA	NA	NA	NA	NA	NA	NA	NA	NA
HG00465	NA	NA	10000	328768	32.89	2.16896e-08	-78991.4	-78991.4	NA	NA	NA	NA	NA	NA	NA	NA	NA	NA
HG00472	NA	NA	10000	296207	29.6296	1.09233e-09	-71374.6	-132729	NA	NA	NA	NA	NA	NA	NA	NA	NA	NA
HG00473	NA	NA	10000	363305	36.3378	1.85463e-09	-86083.8	-186220	NA	NA	NA	NA	NA	NA	NA	NA	NA	NA
HG00474	NA	NA	10000	347811	34.7846	2.88692e-08	-86024.2	-86024.2	NA	NA	NA	NA	NA	NA	NA	NA	NA	NA
HG00475	NA	NA	10000	328263	32.8329	2.87405e-09	-78192.3	-138080	NA	NA	NA	NA	NA	NA	NA	NA	NA	NA
HG00476	NA	NA	10000	299933	29.9963	1.81876e-08	-72971.2	-72971.2	NA	NA	NA	NA	NA	NA	NA	NA	NA	NA
HG00477	NA	NA	10000	342468	34.2468	2.38441e-08	-81928.3	-81928.3	NA	NA	NA	NA	NA	NA	NA	NA	NA	NA
HG00478	NA	NA	10000	325208	32.5241	1.62998e-08	-79005.2	-123286	NA	NA	NA	NA	NA	NA	NA	NA	NA	NA
HG00479	NA	NA	10000	299574	29.9604	6.927e-10	-71997.3	-135583	NA	NA	NA	NA	NA	NA	NA	NA	NA	NA
HG00480	NA	NA	10000	326396	32.6429	1.06626e-09	-80080.2	-137745	NA	NA	NA	NA	NA	NA	NA	NA	NA	NA
HG00500	NA	NA	10000	356698	35.6769	1.71073e-09	-84028.3	-139380	NA	NA	NA	NA	NA	NA	NA	NA	NA	NA
HG00501	NA	NA	10000	302386	30.2477	9.12593e-10	-73371	-157849	NA	NA	NA	NA	NA	NA	NA	NA	NA	NA
HG00502	NA	NA	10000	325165	32.523	7.45543e-10	-76661.2	-168595	NA	NA	NA	NA	NA	NA	NA	NA	NA	NA
HG00512	NA	NA	10000	338075	33.8143	2.9062e-09	-80841.6	-138040	NA	NA	NA	NA	NA	NA	NA	NA	NA	NA
HG00513	NA	NA	10000	612409	61.2532	1.69888e-08	-144235	-189241	NA	NA	NA	NA	NA	NA	NA	NA	NA	NA
HG00514	NA	NA	10000	330467	33.05	8.43925e-09	-79709.3	-79709.3	NA	NA	NA	NA	NA	NA	NA	NA	NA	NA
HG00524	NA	NA	10000	320880	32.0944	3.36726e-09	-79519.2	-79519.2	NA	NA	NA	NA	NA	NA	NA	NA	NA	NA
HG00525	NA	NA	10000	309248	30.931	1.30092e-09	-72670.1	-144228	NA	NA	NA	NA	NA	NA	NA	NA	NA	NA
HG00526	NA	NA	10000	331761	33.1794	7.86676e-10	-79444.9	-135885	NA	NA	NA	NA	NA	NA	NA	NA	NA	NA
HG00530	NA	NA	10000	333223	33.3256	1.66451e-09	-78787.7	-133140	NA	NA	NA	NA	NA	NA	NA	NA	NA	NA
HG00531	NA	NA	10000	335211	33.5345	4.30409e-10	-81025.8	-167397	NA	NA	NA	NA	NA	NA	NA	NA	NA	NA
HG00532	NA	NA	10000	347650	34.7685	8.97249e-09	-84431.3	-84431.3	NA	NA	NA	NA	NA	NA	NA	NA	NA	NA
HG00533	NA	NA	10000	332764	33.2864	3.24622e-08	-78949.8	-78949.8	NA	NA	NA	NA	NA	NA	NA	NA	NA	NA
HG00534	NA	NA	10000	331826	33.1959	9.4039e-10	-80612.7	-128222	NA	NA	NA	NA	NA	NA	NA	NA	NA	NA
HG00535	NA	NA	10000	324407	32.4472	9.87424e-09	-76618.5	-76618.5	NA	NA	NA	NA	NA	NA	NA	NA	NA	NA
HG00536	NA	NA	10000	304134	30.4195	3.18287e-09	-72719.3	-134302	NA	NA	NA	NA	NA	NA	NA	NA	NA	NA
HG00537	NA	NA	10000	305649	30.5741	1.6807e-08	-72889.4	-72889.4	NA	NA	NA	NA	NA	NA	NA	NA	NA	NA
HG00538	NA	NA	10000	331439	33.1538	1.89794e-05	-77347.3	-104846	NA	NA	NA	NA	NA	NA	NA	NA	NA	NA
HG00542	NA	NA	10000	321406	32.1502	1.55148e-08	-74984.7	-74984.7	NA	NA	NA	NA	NA	NA	NA	NA	NA	NA
HG00543	NA	NA	10000	374618	37.4655	7.2038e-09	-90675.3	-90675.3	NA	NA	NA	NA	NA	NA	NA	NA	NA	NA
HG00544	NA	NA	10000	322495	32.2527	4.24326e-10	-77402.2	-162389	NA	NA	NA	NA	NA	NA	NA	NA	NA	NA
HG00551	NA	NA	10000	448706	44.8751	1.75275e-09	-116844	-189436	NA	NA	NA	NA	NA	NA	NA	NA	NA	NA
HG00552	NA	NA	10000	341099	34.1201	5.17319e-09	-89147.2	-150629	NA	NA	NA	NA	NA	NA	NA	NA	NA	NA
HG00553	NA	NA	10000	348019	34.8089	3.4147e-09	-91879.4	-140473	NA	NA	NA	NA	NA	NA	NA	NA	NA	NA
HG00554	NA	NA	10000	332299	33.2299	1.01576e-09	-88224.7	-164299	NA	NA	NA	NA	NA	NA	NA	NA	NA	NA
HG00555	NA	NA	10000	315077	31.5109	7.35114e-09	-86235.3	-144187	NA	NA	NA	NA	NA	NA	NA	NA	NA	NA
HG00556	NA	NA	10000	294126	29.4155	2.24139e-08	-70507	-70507	NA	NA	NA	NA	NA	NA	NA	NA	NA	NA
HG00557	NA	NA	10000	329231	32.9264	2.2603e-08	-79905.1	-79905.1	NA	NA	NA	NA	NA	NA	NA	NA	NA	NA
HG00558	NA	NA	10000	319915	31.9947	2.45849e-08	-77152.3	-77152.3	NA	NA	NA	NA	NA	NA	NA	NA	NA	NA
HG00559	NA	NA	10000	321903	32.1903	1.49796e-09	-79795.4	-154733	NA	NA	NA	NA	NA	NA	NA	NA	NA	NA
HG00560	NA	NA	10000	306426	30.6518	1.06292e-09	-72979.9	-153341	NA	NA	NA	NA	NA	NA	NA	NA	NA	NA
HG00561	NA	NA	10000	336632	33.6666	4.6071e-09	-80889.3	-150809	NA	NA	NA	NA	NA	NA	NA	NA	NA	NA
HG00565	NA	NA	10000	304390	30.4481	1.15466e-08	-74446.4	-74446.4	NA	NA	NA	NA	NA	NA	NA	NA	NA	NA
HG00566	NA	NA	10000	431304	43.1347	2.1203e-08	-99152.3	-99152.3	NA	NA	NA	NA	NA	NA	NA	NA	NA	NA
HG00567	NA	NA	10000	281967	28.1995	1.38502e-08	-68563.5	-68563.5	NA	NA	NA	NA	NA	NA	NA	NA	NA	NA
HG00577	NA	NA	10000	319792	31.9856	5.62267e-09	-78633.1	-129638	NA	NA	NA	NA	NA	NA	NA	NA	NA	NA
HG00578	NA	NA	10000	325676	32.5774	2.66976e-08	-80554.3	-80554.3	NA	NA	NA	NA	NA	NA	NA	NA	NA	NA
HG00579	NA	NA	10000	324029	32.4061	2.66187e-10	-79298.2	-79298.2	NA	NA	NA	NA	NA	NA	NA	NA	NA	NA
HG00580	NA	NA	10000	333388	33.3421	1.96418e-09	-80693.1	-139704	NA	NA	NA	NA	NA	NA	NA	NA	NA	NA
HG00581	NA	NA	10000	309293	30.9386	1.66473e-09	-75925	-132580	NA	NA	NA	NA	NA	NA	NA	NA	NA	NA
HG00582	NA	NA	10000	312753	31.2816	1.18915e-08	-77016	-77016	NA	NA	NA	NA	NA	NA	NA	NA	NA	NA
HG00583	NA	NA	10000	330708	33.084	1.99301e-08	-79536.6	-160004	NA	NA	NA	NA	NA	NA	NA	NA	NA	NA
HG00584	NA	NA	10000	394635	39.4753	3.11821e-08	-94966.6	-94966.6	NA	NA	NA	NA	NA	NA	NA	NA	NA	NA
HG00585	NA	NA	10000	316328	31.6455	6.89173e-09	-77654.2	-137226	NA	NA	NA	NA	NA	NA	NA	NA	NA	NA
HG00589	NA	NA	10000	339599	33.9701	2.67421e-08	-79599.4	-79599.4	NA	NA	NA	NA	NA	NA	NA	NA	NA	NA
HG00590	NA	NA	10000	321577	32.1577	1.27548e-08	-78387.6	-78387.6	NA	NA	NA	NA	NA	NA	NA	NA	NA	NA
HG00591	NA	NA	10000	349531	34.9566	9.66761e-09	-83007.8	-130355	NA	NA	NA	NA	NA	NA	NA	NA	NA	NA
HG00592	NA	NA	10000	347160	34.7299	1.20905e-08	-83060.1	-83060.1	NA	NA	NA	NA	NA	NA	NA	NA	NA	NA
HG00593	NA	NA	10000	330431	33.0431	2.12931e-08	-80295.7	-80295.7	NA	NA	NA	NA	NA	NA	NA	NA	NA	NA
HG00594	NA	NA	10000	357310	35.7381	3.14695e-09	-86425.8	-142817	NA	NA	NA	NA	NA	NA	NA	NA	NA	NA
HG00595	NA	NA	10000	306626	30.6687	2.4883e-08	-72494.1	-72494.1	NA	NA	NA	NA	NA	NA	NA	NA	NA	NA
HG00596	NA	NA	10000	426416	42.6544	1.74276e-05	-99922.9	-114259	NA	NA	NA	NA	NA	NA	NA	NA	NA	NA
HG00597	NA	NA	10000	325978	32.6076	1.39182e-08	-78807.4	-78807.4	NA	NA	NA	NA	NA	NA	NA	NA	NA	NA
HG00598	NA	NA	10000	339495	33.9563	1.51951e-08	-82017.6	-82017.6	NA	NA	NA	NA	NA	NA	NA	NA	NA	NA
HG00599	NA	NA	10000	327508	32.7541	2.41481e-10	-78653.6	-178325	NA	NA	NA	NA	NA	NA	NA	NA	NA	NA
HG00607	NA	NA	10000	366880	36.699	6.57067e-10	-82715.8	-151722	NA	NA	NA	NA	NA	NA	NA	NA	NA	NA
HG00608	NA	NA	10000	435402	43.5489	3.79429e-08	-103078	-103078	NA	NA	NA	NA	NA	NA	NA	NA	NA	NA
HG00609	NA	NA	10000	351228	35.1333	4.41006e-08	-83059.2	-83059.2	NA	NA	NA	NA	NA	NA	NA	NA	NA	NA
HG00610	NA	NA	10000	343262	34.3365	3.81313e-09	-81766.3	-131580	NA	NA	NA	NA	NA	NA	NA	NA	NA	NA
HG00611	NA	NA	10000	345018	34.5053	3.37141e-09	-82777.5	-82777.5	NA	NA	NA	NA	NA	NA	NA	NA	NA	NA
HG00612	NA	NA	10000	325269	32.5399	1.46408e-08	-78507.6	-78507.6	NA	NA	NA	NA	NA	NA	NA	NA	NA	NA
HG00613	NA	NA	10000	322227	32.2291	6.23967e-09	-77388.4	-127082	NA	NA	NA	NA	NA	NA	NA	NA	NA	NA
HG00614	NA	NA	10000	313009	31.304	1.33986e-09	-75623.2	-145143	NA	NA	NA	NA	NA	NA	NA	NA	NA	NA
HG00615	NA	NA	10000	327874	32.794	3.45869e-08	-77375.4	-77375.4	NA	NA	NA	NA	NA	NA	NA	NA	NA	NA
HG00619	NA	NA	10000	336327	33.6462	4.95737e-09	-78426.1	-126455	NA	NA	NA	NA	NA	NA	NA	NA	NA	NA
HG00620	NA	NA	10000	336301	33.6402	8.30445e-11	-79920.2	-142750	NA	NA	NA	NA	NA	NA	NA	NA	NA	NA
HG00621	NA	NA	10000	321961	32.2058	2.93354e-08	-76972.2	-76972.2	NA	NA	NA	NA	NA	NA	NA	NA	NA	NA
HG00622	NA	NA	10000	309735	30.9797	4.82471e-09	-74911.9	-126288	NA	NA	NA	NA	NA	NA	NA	NA	NA	NA
HG00623	NA	NA	10000	355666	35.5666	2.09023e-08	-85043.5	-85043.5	NA	NA	NA	NA	NA	NA	NA	NA	NA	NA
HG00625	NA	NA	10000	343796	34.383	1.15419e-09	-81794.8	-137842	NA	NA	NA	NA	NA	NA	NA	NA	NA	NA
HG00626	NA	NA	10000	325684	32.5717	4.78516e-09	-79458.2	-128675	NA	NA	NA	NA	NA	NA	NA	NA	NA	NA
HG00627	NA	NA	10000	327348	32.7413	5.31027e-10	-79456.5	-144892	NA	NA	NA	NA	NA	NA	NA	NA	NA	NA
HG00628	NA	NA	10000	343713	34.3747	4.19104e-08	-81944.3	-97975.3	NA	NA	NA	NA	NA	NA	NA	NA	NA	NA
HG00629	NA	NA	10000	440416	44.0416	2.35547e-09	-100821	-189492	NA	NA	NA	NA	NA	NA	NA	NA	NA	NA
HG00630	NA	NA	10000	340949	34.1017	5.56036e-09	-82618	-82618	NA	NA	NA	NA	NA	NA	NA	NA	NA	NA
HG00631	NA	NA	10000	310006	31.0099	1.73003e-09	-74941.8	-164869	NA	NA	NA	NA	NA	NA	NA	NA	NA	NA
HG00632	NA	NA	10000	302089	30.2119	2.43365e-05	-74047.2	-103269	NA	NA	NA	NA	NA	NA	NA	NA	NA	NA
HG00634	NA	NA	10000	330307	33.0439	1.2461e-05	-80057.1	-147849	NA	NA	NA	NA	NA	NA	NA	NA	NA	NA
HG00635	NA	NA	10000	330741	33.0774	1.74192e-09	-81210.6	-150169	NA	NA	NA	NA	NA	NA	NA	NA	NA	NA
HG00636	NA	NA	10000	359096	35.9168	1.56876e-08	-87022.9	-125647	NA	NA	NA	NA	NA	NA	NA	NA	NA	NA
HG00637	NA	NA	10000	327878	32.7911	1.40793e-09	-88422.2	-154524	NA	NA	NA	NA	NA	NA	NA	NA	NA	NA
HG00638	NA	NA	10000	354044	35.4044	9.60054e-09	-92724.9	-92724.9	NA	NA	NA	NA	NA	NA	NA	NA	NA	NA
HG00639	NA	NA	10000	307463	30.7463	1.0638e-08	-82741.4	-82741.4	NA	NA	NA	NA	NA	NA	NA	NA	NA	NA
HG00640	NA	NA	10000	310875	31.0937	9.89728e-09	-79788.5	-79788.5	NA	NA	NA	NA	NA	NA	NA	NA	NA	NA
HG00641	NA	NA	10000	315989	31.6021	3.48659e-09	-82090.9	-151967	NA	NA	NA	NA	NA	NA	NA	NA	NA	NA
HG00642	NA	NA	10000	338402	33.8436	1.43426e-09	-87386.1	-171459	NA	NA	NA	NA	NA	NA	NA	NA	NA	NA
HG00650	NA	NA	10000	379823	37.9861	1.17742e-08	-87977.1	-106602	NA	NA	NA	NA	NA	NA	NA	NA	NA	NA
HG00651	NA	NA	10000	335285	33.5352	1.77802e-08	-82110.8	-82110.8	NA	NA	NA	NA	NA	NA	NA	NA	NA	NA
HG00652	NA	NA	10000	325884	32.5917	1.10662e-08	-78417.2	-167835	NA	NA	NA	NA	NA	NA	NA	NA	NA	NA
HG00653	NA	NA	10000	495509	49.5608	1.85743e-08	-116682	-116682	NA	NA	NA	NA	NA	NA	NA	NA	NA	NA
HG00654	NA	NA	10000	311567	31.1629	4.16161e-10	-74423.4	-129615	NA	NA	NA	NA	NA	NA	NA	NA	NA	NA
HG00655	NA	NA	10000	331549	33.1582	1.19808e-08	-80403.9	-80403.9	NA	NA	NA	NA	NA	NA	NA	NA	NA	NA
HG00656	NA	NA	10000	331113	33.1146	1.02907e-09	-79497.5	-173018	NA	NA	NA	NA	NA	NA	NA	NA	NA	NA
HG00657	NA	NA	10000	310625	31.0687	1.14603e-08	-73648.1	-73648.1	NA	NA	NA	NA	NA	NA	NA	NA	NA	NA
HG00658	NA	NA	10000	328212	32.8212	1.60542e-09	-77856.7	-161090	NA	NA	NA	NA	NA	NA	NA	NA	NA	NA
HG00662	NA	NA	10000	533194	53.3247	3.7533e-08	-121096	-159184	NA	NA	NA	NA	NA	NA	NA	NA	NA	NA
HG00663	NA	NA	10000	318305	31.8337	2.05384e-09	-76469.4	-177191	NA	NA	NA	NA	NA	NA	NA	NA	NA	NA
HG00664	NA	NA	10000	363752	36.3861	2.38437e-08	-85164.9	-85164.9	NA	NA	NA	NA	NA	NA	NA	NA	NA	NA
HG00671	NA	NA	10000	337535	33.767	1.98307e-09	-81980.4	-146091	NA	NA	NA	NA	NA	NA	NA	NA	NA	NA
HG00672	NA	NA	10000	294557	29.4586	3.20894e-09	-72645.4	-127427	NA	NA	NA	NA	NA	NA	NA	NA	NA	NA
HG00673	NA	NA	10000	315158	31.5253	2.65445e-08	-76214.5	-76214.5	NA	NA	NA	NA	NA	NA	NA	NA	NA	NA
HG00674	NA	NA	10000	330766	33.0799	4.57585e-09	-78978.6	-78978.6	NA	NA	NA	NA	NA	NA	NA	NA	NA	NA
HG00675	NA	NA	10000	305046	30.5168	7.21526e-09	-74349.7	-74349.7	NA	NA	NA	NA	NA	NA	NA	NA	NA	NA
HG00683	NA	NA	10000	317706	31.7801	1.50939e-08	-75685.5	-75685.5	NA	NA	NA	NA	NA	NA	NA	NA	NA	NA
HG00684	NA	NA	10000	297831	29.7891	1.55496e-08	-71669.6	-71669.6	NA	NA	NA	NA	NA	NA	NA	NA	NA	NA
HG00685	NA	NA	10000	347943	34.8013	1.19095e-08	-83785.9	-83785.9	NA	NA	NA	NA	NA	NA	NA	NA	NA	NA
HG00689	NA	NA	10000	477312	47.7407	1.14009e-08	-111743	-111743	NA	NA	NA	NA	NA	NA	NA	NA	NA	NA
HG00690	NA	NA	10000	309024	30.9086	8.89389e-09	-74745.4	-152751	NA	NA	NA	NA	NA	NA	NA	NA	NA	NA
HG00691	NA	NA	10000	333604	33.3704	3.81139e-08	-79984.5	-79984.5	NA	NA	NA	NA	NA	NA	NA	NA	NA	NA
HG00692	NA	NA	10000	329205	32.9337	7.67202e-09	-80633.1	-158641	NA	NA	NA	NA	NA	NA	NA	NA	NA	NA
HG00693	NA	NA	10000	331524	33.159	1.37417e-08	-78559	-78559	NA	NA	NA	NA	NA	NA	NA	NA	NA	NA
HG00694	NA	NA	10000	329272	32.9371	1.15613e-08	-79170.4	-79170.4	NA	NA	NA	NA	NA	NA	NA	NA	NA	NA
HG00698	NA	NA	10000	380710	38.0786	1.23819e-08	-89131.1	-89131.1	NA	NA	NA	NA	NA	NA	NA	NA	NA	NA
HG00699	NA	NA	10000	349482	34.9587	6.53368e-09	-82359.7	-82359.7	NA	NA	NA	NA	NA	NA	NA	NA	NA	NA
HG00700	NA	NA	10000	326968	32.7001	5.91454e-05	-79588.2	-90114.9	NA	NA	NA	NA	NA	NA	NA	NA	NA	NA
HG00701	NA	NA	10000	379566	37.9718	6.29714e-09	-88949.2	-141515	NA	NA	NA	NA	NA	NA	NA	NA	NA	NA
HG00702	NA	NA	10000	315752	31.5784	3.9866e-09	-75833.4	-75833.4	NA	NA	NA	NA	NA	NA	NA	NA	NA	NA
HG00703	NA	NA	10000	349594	34.9734	2.37143e-09	-84380.8	-162393	NA	NA	NA	NA	NA	NA	NA	NA	NA	NA
HG00704	NA	NA	10000	296468	29.6587	1.11913e-09	-70528.8	-111480	NA	NA	NA	NA	NA	NA	NA	NA	NA	NA
HG00705	NA	NA	10000	299368	29.9398	9.15553e-09	-72664.4	-72664.4	NA	NA	NA	NA	NA	NA	NA	NA	NA	NA
HG00706	NA	NA	10000	344750	34.4819	2.58424e-10	-84985	-148080	NA	NA	NA	NA	NA	NA	NA	NA	NA	NA
HG00707	NA	NA	10000	322283	32.2283	1.31553e-08	-77035.7	-77035.7	NA	NA	NA	NA	NA	NA	NA	NA	NA	NA
HG00708	NA	NA	10000	321975	32.2007	1.31307e-08	-78895	-78895	NA	NA	NA	NA	NA	NA	NA	NA	NA	NA
HG00709	NA	NA	10000	350327	35.0432	1.27789e-09	-82814.6	-156663	NA	NA	NA	NA	NA	NA	NA	NA	NA	NA
HG00717	NA	NA	10000	307107	30.7168	1.98543e-09	-74793.7	-131576	NA	NA	NA	NA	NA	NA	NA	NA	NA	NA
HG00728	NA	NA	10000	314994	31.5026	8.49679e-09	-77306.5	-77306.5	NA	NA	NA	NA	NA	NA	NA	NA	NA	NA
HG00729	NA	NA	10000	373411	37.3486	2.96723e-08	-87390	-87390	NA	NA	NA	NA	NA	NA	NA	NA	NA	NA
HG00731	NA	NA	10000	304999	30.4999	3.01759e-09	-81005.2	-150738	NA	NA	NA	NA	NA	NA	NA	NA	NA	NA
HG00732	NA	NA	10000	316898	31.6898	4.44864e-09	-84003.7	-158035	NA	NA	NA	NA	NA	NA	NA	NA	NA	NA
HG00733	NA	NA	10000	330925	33.0958	7.01234e-10	-84966.4	-152552	NA	NA	NA	NA	NA	NA	NA	NA	NA	NA
HG00734	NA	NA	10000	327161	32.7226	1.83452e-09	-87854	-171680	NA	NA	NA	NA	NA	NA	NA	NA	NA	NA
HG00735	NA	NA	10000	324645	32.471	8.93398e-09	-89261.1	-89261.1	NA	NA	NA	NA	NA	NA	NA	NA	NA	NA
HG00736	NA	NA	10000	320417	32.0449	2.54178e-09	-85811.2	-168280	NA	NA	NA	NA	NA	NA	NA	NA	NA	NA
HG00737	NA	NA	10000	324799	32.4831	1.42752e-09	-83976.2	-153377	NA	NA	NA	NA	NA	NA	NA	NA	NA	NA
HG00738	NA	NA	10000	343610	34.361	3.14167e-09	-93401.1	-153414	NA	NA	NA	NA	NA	NA	NA	NA	NA	NA
HG00739	NA	NA	10000	332840	33.2907	6.66969e-09	-88309.2	-163266	NA	NA	NA	NA	NA	NA	NA	NA	NA	NA
HG00740	NA	NA	10000	319762	31.9794	9.51161e-10	-84761.5	-158645	NA	NA	NA	NA	NA	NA	NA	NA	NA	NA
HG00741	NA	NA	10000	333456	33.3523	5.83972e-09	-87974.8	-169697	NA	NA	NA	NA	NA	NA	NA	NA	NA	NA
HG00742	NA	NA	10000	357086	35.7157	4.23414e-09	-92642	-153796	NA	NA	NA	NA	NA	NA	NA	NA	NA	NA
HG00743	NA	NA	10000	295803	29.5862	2.86809e-09	-79560.2	-140106	NA	NA	NA	NA	NA	NA	NA	NA	NA	NA
HG00759	NA	NA	10000	313355	31.3418	2.61808e-08	-75783	-75783	NA	NA	NA	NA	NA	NA	NA	NA	NA	NA
HG00766	NA	NA	10000	326979	32.7044	2.40024e-09	-78218.7	-145070	NA	NA	NA	NA	NA	NA	NA	NA	NA	NA
HG00844	NA	NA	10000	311713	31.1744	4.21641e-08	-76715.9	-90749.2	NA	NA	NA	NA	NA	NA	NA	NA	NA	NA
HG00851	NA	NA	10000	362515	36.266	0.0109858	-91242.4	-96742	NA	NA	NA	NA	NA	NA	NA	NA	NA	NA
HG00864	NA	NA	10000	326448	32.6513	2.68317e-09	-80208	-136759	NA	NA	NA	NA	NA	NA	NA	NA	NA	NA
HG00867	NA	NA	10000	328116	32.8182	4.21952e-10	-77938.5	-150408	NA	NA	NA	NA	NA	NA	NA	NA	NA	NA
HG00879	NA	NA	10000	296142	29.6261	1.50452e-08	-69426.8	-111606	NA	NA	NA	NA	NA	NA	NA	NA	NA	NA
HG00881	NA	NA	10000	342720	34.2789	5.30966e-09	-81113.1	-133739	NA	NA	NA	NA	NA	NA	NA	NA	NA	NA
HG00956	NA	NA	10000	326750	32.6881	2.56634e-08	-79251.5	-79251.5	NA	NA	NA	NA	NA	NA	NA	NA	NA	NA
HG00978	NA	NA	10000	362977	36.3195	0.000180962	-88665.8	-93208.3	NA	NA	NA	NA	NA	NA	NA	NA	NA	NA
HG00982	NA	NA	10000	333573	33.3673	0.00189314	-80748.9	-83284.1	NA	NA	NA	NA	NA	NA	NA	NA	NA	NA
HG01028	NA	NA	10000	489243	48.9292	2.51074e-08	-113983	-113983	NA	NA	NA	NA	NA	NA	NA	NA	NA	NA
HG01029	NA	NA	10000	417270	41.7437	7.08639e-10	-97195	-156554	NA	NA	NA	NA	NA	NA	NA	NA	NA	NA
HG01031	NA	NA	10000	331244	33.131	2.48688e-09	-79410.3	-140919	NA	NA	NA	NA	NA	NA	NA	NA	NA	NA
HG01046	NA	NA	10000	330569	33.0569	6.7136e-09	-80278.5	-80278.5	NA	NA	NA	NA	NA	NA	NA	NA	NA	NA
HG01047	NA	NA	10000	319997	31.9997	1.95746e-09	-85189.4	-167387	NA	NA	NA	NA	NA	NA	NA	NA	NA	NA
HG01048	NA	NA	10000	416763	41.6763	7.40846e-09	-106481	-166139	NA	NA	NA	NA	NA	NA	NA	NA	NA	NA
HG01049	NA	NA	10000	387594	38.7672	1.3974e-09	-103927	-181420	NA	NA	NA	NA	NA	NA	NA	NA	NA	NA
HG01050	NA	NA	10000	311307	31.1307	3.97995e-09	-85376.5	-150526	NA	NA	NA	NA	NA	NA	NA	NA	NA	NA
HG01051	NA	NA	10000	299718	29.9718	1.7732e-09	-80157.4	-154403	NA	NA	NA	NA	NA	NA	NA	NA	NA	NA
HG01052	NA	NA	10000	324925	32.5023	3.04045e-09	-87785.1	-170447	NA	NA	NA	NA	NA	NA	NA	NA	NA	NA
HG01053	NA	NA	10000	328570	32.857	2.43774e-09	-88372.5	-152534	NA	NA	NA	NA	NA	NA	NA	NA	NA	NA
HG01054	NA	NA	10000	297983	29.8072	6.30104e-10	-78981.9	-162348	NA	NA	NA	NA	NA	NA	NA	NA	NA	NA
HG01055	NA	NA	10000	324550	32.4582	8.84352e-10	-87631.6	-155607	NA	NA	NA	NA	NA	NA	NA	NA	NA	NA
HG01056	NA	NA	10000	348337	34.8407	1.26069e-09	-92454.3	-171080	NA	NA	NA	NA	NA	NA	NA	NA	NA	NA
HG01058	NA	NA	10000	334040	33.414	3.47372e-09	-88224.8	-170475	NA	NA	NA	NA	NA	NA	NA	NA	NA	NA
HG01060	NA	NA	10000	341634	34.1702	4.42467e-09	-90092.5	-178841	NA	NA	NA	NA	NA	NA	NA	NA	NA	NA
HG01061	NA	NA	10000	327137	32.717	0.00223153	-87200	-88449.5	NA	NA	NA	NA	NA	NA	NA	NA	NA	NA
HG01062	NA	NA	10000	314095	31.4158	7.55335e-09	-82338	-82338	NA	NA	NA	NA	NA	NA	NA	NA	NA	NA
HG01063	NA	NA	10000	325437	32.547	1.52899e-09	-88020.4	-158190	NA	NA	NA	NA	NA	NA	NA	NA	NA	NA
HG01064	NA	NA	10000	323255	32.332	1.93905e-09	-85779.9	-156542	NA	NA	NA	NA	NA	NA	NA	NA	NA	NA
HG01066	NA	NA	10000	328026	32.8092	2.44478e-10	-85181.6	-174852	NA	NA	NA	NA	NA	NA	NA	NA	NA	NA
HG01067	NA	NA	10000	320901	32.0933	1.83628e-05	-84014	-99075.3	NA	NA	NA	NA	NA	NA	NA	NA	NA	NA
HG01068	NA	NA	10000	344899	34.4933	2.47527e-09	-91581.6	-174742	NA	NA	NA	NA	NA	NA	NA	NA	NA	NA
HG01069	NA	NA	10000	494819	49.4868	8.79271e-10	-124194	-196350	NA	NA	NA	NA	NA	NA	NA	NA	NA	NA
HG01070	NA	NA	10000	308081	30.8143	9.62371e-09	-79934.6	-79934.6	NA	NA	NA	NA	NA	NA	NA	NA	NA	NA
HG01071	NA	NA	10000	333872	33.3872	1.18123e-09	-86869.5	-169627	NA	NA	NA	NA	NA	NA	NA	NA	NA	NA
HG01072	NA	NA	10000	289803	28.9832	1.12746e-08	-77409.5	-139762	NA	NA	NA	NA	NA	NA	NA	NA	NA	NA
HG01073	NA	NA	10000	345226	34.5261	9.20928e-10	-89981.9	-161819	NA	NA	NA	NA	NA	NA	NA	NA	NA	NA
HG01074	NA	NA	10000	333696	33.3763	2.54815e-09	-88081.3	-151588	NA	NA	NA	NA	NA	NA	NA	NA	NA	NA
HG01075	NA	NA	10000	349625	34.966	2.94812e-09	-89372.4	-150787	NA	NA	NA	NA	NA	NA	NA	NA	NA	NA
HG01077	NA	NA	10000	320528	32.0592	4.10921e-10	-85700.5	-168223	NA	NA	NA	NA	NA	NA	NA	NA	NA	NA
HG01079	NA	NA	10000	319873	31.9905	3.68237e-09	-85041.2	-149672	NA	NA	NA	NA	NA	NA	NA	NA	NA	NA
HG01080	NA	NA	10000	337606	33.764	4.73942e-10	-88694.8	-179006	NA	NA	NA	NA	NA	NA	NA	NA	NA	NA
HG01081	NA	NA	10000	341119	34.1153	4.27438e-09	-93783.6	-93783.6	NA	NA	NA	NA	NA	NA	NA	NA	NA	NA
HG01082	NA	NA	10000	329267	32.9333	1.50646e-09	-87627.9	-155188	NA	NA	NA	NA	NA	NA	NA	NA	NA	NA
HG01083	NA	NA	10000	382397	38.2435	6.0492e-09	-99825.4	-99825.3	NA	NA	NA	NA	NA	NA	NA	NA	NA	NA
HG01084	NA	NA	10000	341800	34.1834	9.76651e-09	-90414.2	-150985	NA	NA	NA	NA	NA	NA	NA	NA	NA	NA
HG01085	NA	NA	10000	316975	31.707	1.58712e-05	-85861.4	-112555	NA	NA	NA	NA	NA	NA	NA	NA	NA	NA
HG01086	NA	NA	10000	323941	32.4006	9.35675e-10	-86966.6	-160731	NA	NA	NA	NA	NA	NA	NA	NA	NA	NA
HG01087	NA	NA	10000	317607	31.7702	0.00525436	-88155.4	-89189.7	NA	NA	NA	NA	NA	NA	NA	NA	NA	NA
HG01088	NA	NA	10000	339581	33.9615	5.07585e-09	-91413.6	-165528	NA	NA	NA	NA	NA	NA	NA	NA	NA	NA
HG01089	NA	NA	10000	432144	43.2274	3.86083e-10	-115562	-203323	NA	NA	NA	NA	NA	NA	NA	NA	NA	NA
HG01092	NA	NA	10000	305148	30.527	5.26737e-09	-84466.4	-84466.4	NA	NA	NA	NA	NA	NA	NA	NA	NA	NA
HG01094	NA	NA	10000	325218	32.5283	3.66539e-09	-86993.1	-155621	NA	NA	NA	NA	NA	NA	NA	NA	NA	NA
HG01095	NA	NA	10000	305392	30.5453	2.25868e-09	-80673.3	-163008	NA	NA	NA	NA	NA	NA	NA	NA	NA	NA
HG01096	NA	NA	10000	343558	34.3592	2.55123e-05	-89805.9	-112346	NA	NA	NA	NA	NA	NA	NA	NA	NA	NA
HG01097	NA	NA	10000	316391	31.6486	1.23199e-09	-83924	-161237	NA	NA	NA	NA	NA	NA	NA	NA	NA	NA
HG01098	NA	NA	10000	328014	32.8112	6.17939e-09	-88931.4	-149917	NA	NA	NA	NA	NA	NA	NA	NA	NA	NA
HG01099	NA	NA	10000	371523	37.1634	7.51381e-09	-97555.9	-160350	NA	NA	NA	NA	NA	NA	NA	NA	NA	NA
HG01100	NA	NA	10000	345543	34.5543	1.62315e-09	-91670.8	-158353	NA	NA	NA	NA	NA	NA	NA	NA	NA	NA
HG01101	NA	NA	10000	349625	34.966	1.00075e-09	-93614	-168342	NA	NA	NA	NA	NA	NA	NA	NA	NA	NA
HG01102	NA	NA	10000	357571	35.7571	1.82047e-05	-96140.2	-112900	NA	NA	NA	NA	NA	NA	NA	NA	NA	NA
HG01103	NA	NA	10000	320391	32.0455	2.439e-09	-85972	-167339	NA	NA	NA	NA	NA	NA	NA	NA	NA	NA
HG01104	NA	NA	10000	308228	30.8259	7.42019e-10	-81680.2	-167592	NA	NA	NA	NA	NA	NA	NA	NA	NA	NA
HG01105	NA	NA	10000	411944	41.1985	2.39273e-09	-104666	-166113	NA	NA	NA	NA	NA	NA	NA	NA	NA	NA
HG01106	NA	NA	10000	343681	34.375	1.24476e-09	-91575.1	-173379	NA	NA	NA	NA	NA	NA	NA	NA	NA	NA
HG01107	NA	NA	10000	342012	34.2046	1.82266e-05	-92122.4	-96510.6	NA	NA	NA	NA	NA	NA	NA	NA	NA	NA
HG01108	NA	NA	10000	324363	32.4428	4.2778e-09	-88265.7	-163658	NA	NA	NA	NA	NA	NA	NA	NA	NA	NA
HG01109	NA	NA	10000	337430	33.7464	3.44409e-09	-95070.4	-163970	NA	NA	NA	NA	NA	NA	NA	NA	NA	NA
HG01110	NA	NA	10000	368353	36.8353	3.85702e-09	-96510.5	-179408	NA	NA	NA	NA	NA	NA	NA	NA	NA	NA
HG01111	NA	NA	10000	298709	29.8799	8.09456e-09	-79921.7	-79921.7	NA	NA	NA	NA	NA	NA	NA	NA	NA	NA
HG01112	NA	NA	10000	330028	33.0061	1.82309e-09	-82748.5	-171472	NA	NA	NA	NA	NA	NA	NA	NA	NA	NA
HG01113	NA	NA	10000	326749	32.6814	9.8887e-09	-86492.8	-86492.8	NA	NA	NA	NA	NA	NA	NA	NA	NA	NA
HG01114	NA	NA	10000	323448	32.348	1.15117e-09	-84391.8	-153913	NA	NA	NA	NA	NA	NA	NA	NA	NA	NA
HG01119	NA	NA	10000	324157	32.4189	1.10172e-09	-82389.5	-146840	NA	NA	NA	NA	NA	NA	NA	NA	NA	NA
HG01121	NA	NA	10000	312631	31.2694	2.08794e-09	-79993.9	-152772	NA	NA	NA	NA	NA	NA	NA	NA	NA	NA
HG01122	NA	NA	10000	388307	38.8346	3.04127e-09	-102415	-171884	NA	NA	NA	NA	NA	NA	NA	NA	NA	NA
HG01124	NA	NA	10000	327022	32.7055	8.17143e-09	-87467.9	-87467.9	NA	NA	NA	NA	NA	NA	NA	NA	NA	NA
HG01125	NA	NA	10000	324243	32.4275	1.13763e-08	-85889	-85889	NA	NA	NA	NA	NA	NA	NA	NA	NA	NA
HG01126	NA	NA	10000	326807	32.684	8.22299e-10	-87694.5	-164593	NA	NA	NA	NA	NA	NA	NA	NA	NA	NA
HG01130	NA	NA	10000	326994	32.7027	2.1141e-09	-86694.5	-171602	NA	NA	NA	NA	NA	NA	NA	NA	NA	NA
HG01131	NA	NA	10000	329563	32.9596	2.17921e-09	-87788.4	-163720	NA	NA	NA	NA	NA	NA	NA	NA	NA	NA
HG01133	NA	NA	10000	344000	34.4103	2.09323e-09	-88893.6	-160249	NA	NA	NA	NA	NA	NA	NA	NA	NA	NA
HG01134	NA	NA	10000	352675	35.271	5.55123e-10	-91484.3	-181003	NA	NA	NA	NA	NA	NA	NA	NA	NA	NA
HG01135	NA	NA	10000	333973	33.404	9.52193e-10	-87164.8	-163693	NA	NA	NA	NA	NA	NA	NA	NA	NA	NA
HG01136	NA	NA	10000	349126	34.9196	1.25641e-09	-93023	-159769	NA	NA	NA	NA	NA	NA	NA	NA	NA	NA
HG01137	NA	NA	10000	322248	32.2345	2.03222e-09	-81550.7	-170455	NA	NA	NA	NA	NA	NA	NA	NA	NA	NA
HG01138	NA	NA	10000	327284	32.7349	3.39715e-09	-84561.1	-161541	NA	NA	NA	NA	NA	NA	NA	NA	NA	NA
HG01139	NA	NA	10000	332863	33.2963	2.29173e-05	-89066.5	-102916	NA	NA	NA	NA	NA	NA	NA	NA	NA	NA
HG01140	NA	NA	10000	350320	35.039	7.14718e-09	-89827.3	-140710	NA	NA	NA	NA	NA	NA	NA	NA	NA	NA
HG01141	NA	NA	10000	321601	32.1633	3.16453e-09	-87117.4	-170723	NA	NA	NA	NA	NA	NA	NA	NA	NA	NA
HG01142	NA	NA	10000	342897	34.2931	0.000438084	-92410	-102445	NA	NA	NA	NA	NA	NA	NA	NA	NA	NA
HG01148	NA	NA	10000	315887	31.6013	2.1797e-09	-77625.3	-162268	NA	NA	NA	NA	NA	NA	NA	NA	NA	NA
HG01149	NA	NA	10000	564113	56.4169	5.32612e-09	-142112	-213439	NA	NA	NA	NA	NA	NA	NA	NA	NA	NA
HG01150	NA	NA	10000	346360	34.6395	9.11024e-09	-90073.9	-153537	NA	NA	NA	NA	NA	NA	NA	NA	NA	NA
HG01161	NA	NA	10000	327039	32.7072	2.19719e-09	-87369.9	-152424	NA	NA	NA	NA	NA	NA	NA	NA	NA	NA
HG01162	NA	NA	10000	303109	30.317	2.45271e-09	-80402.1	-163591	NA	NA	NA	NA	NA	NA	NA	NA	NA	NA
HG01164	NA	NA	10000	319075	31.9139	9.07018e-09	-84820.6	-84820.6	NA	NA	NA	NA	NA	NA	NA	NA	NA	NA
HG01167	NA	NA	10000	464766	46.4812	4.11335e-09	-121261	-185765	NA	NA	NA	NA	NA	NA	NA	NA	NA	NA
HG01168	NA	NA	10000	314889	31.4952	7.51243e-09	-82418.8	-153182	NA	NA	NA	NA	NA	NA	NA	NA	NA	NA
HG01169	NA	NA	10000	309505	30.9598	1.89074e-09	-82763.9	-156390	NA	NA	NA	NA	NA	NA	NA	NA	NA	NA
HG01170	NA	NA	10000	297802	29.7862	3.75711e-09	-78702.8	-144344	NA	NA	NA	NA	NA	NA	NA	NA	NA	NA
HG01171	NA	NA	10000	336160	33.6194	6.70073e-09	-90383.3	-90383.3	NA	NA	NA	NA	NA	NA	NA	NA	NA	NA
HG01172	NA	NA	10000	327585	32.7651	2.45616e-09	-88791.3	-174068	NA	NA	NA	NA	NA	NA	NA	NA	NA	NA
HG01173	NA	NA	10000	313335	31.3335	1.49386e-09	-82408.2	-148398	NA	NA	NA	NA	NA	NA	NA	NA	NA	NA
HG01174	NA	NA	10000	321222	32.1254	4.8466e-09	-83141.4	-146540	NA	NA	NA	NA	NA	NA	NA	NA	NA	NA
HG01175	NA	NA	10000	314665	31.4696	1.54371e-09	-83280	-163949	NA	NA	NA	NA	NA	NA	NA	NA	NA	NA
HG01176	NA	NA	10000	442454	44.2543	6.74555e-10	-115141	-198131	NA	NA	NA	NA	NA	NA	NA	NA	NA	NA
HG01177	NA	NA	10000	363281	36.3281	4.08852e-09	-94657.1	-156219	NA	NA	NA	NA	NA	NA	NA	NA	NA	NA
HG01178	NA	NA	10000	334362	33.4395	4.43086e-10	-87214.8	-176920	NA	NA	NA	NA	NA	NA	NA	NA	NA	NA
HG01182	NA	NA	10000	331469	33.1568	2.9778e-09	-88645.8	-150683	NA	NA	NA	NA	NA	NA	NA	NA	NA	NA
HG01183	NA	NA	10000	373468	37.3468	2.32334e-05	-97620.3	-164941	NA	NA	NA	NA	NA	NA	NA	NA	NA	NA
HG01184	NA	NA	10000	345100	34.5169	4.9989e-09	-91175.9	-91175.9	NA	NA	NA	NA	NA	NA	NA	NA	NA	NA
HG01187	NA	NA	10000	326612	32.6677	9.69966e-09	-87298.1	-87298.1	NA	NA	NA	NA	NA	NA	NA	NA	NA	NA
HG01188	NA	NA	10000	316525	31.6557	3.66333e-09	-85798.6	-151064	NA	NA	NA	NA	NA	NA	NA	NA	NA	NA
HG01189	NA	NA	10000	330739	33.0805	2.42883e-09	-90797.8	-90797.8	NA	NA	NA	NA	NA	NA	NA	NA	NA	NA
HG01190	NA	NA	10000	329618	32.9717	2.48413e-09	-87251.5	-159010	NA	NA	NA	NA	NA	NA	NA	NA	NA	NA
HG01191	NA	NA	10000	339254	33.9322	1.91201e-05	-88563.5	-144062	NA	NA	NA	NA	NA	NA	NA	NA	NA	NA
HG01192	NA	NA	10000	318137	31.8232	1.33028e-08	-85313.1	-138539	NA	NA	NA	NA	NA	NA	NA	NA	NA	NA
HG01197	NA	NA	10000	319643	31.9675	3.14771e-09	-83324.4	-169743	NA	NA	NA	NA	NA	NA	NA	NA	NA	NA
HG01198	NA	NA	10000	323819	32.3851	2.60372e-09	-82617.7	-147993	NA	NA	NA	NA	NA	NA	NA	NA	NA	NA
HG01199	NA	NA	10000	346543	34.6647	1.97182e-09	-91491.4	-173382	NA	NA	NA	NA	NA	NA	NA	NA	NA	NA
HG01200	NA	NA	10000	326064	32.6097	5.44657e-10	-82450.3	-155693	NA	NA	NA	NA	NA	NA	NA	NA	NA	NA
HG01204	NA	NA	10000	306768	30.6799	7.26532e-10	-79855.1	-148108	NA	NA	NA	NA	NA	NA	NA	NA	NA	NA
HG01205	NA	NA	10000	372318	37.2355	1.95887e-10	-97843.6	-187513	NA	NA	NA	NA	NA	NA	NA	NA	NA	NA
HG01206	NA	NA	10000	323434	32.3466	6.81307e-10	-86348.2	-160478	NA	NA	NA	NA	NA	NA	NA	NA	NA	NA
HG01241	NA	NA	10000	336060	33.6094	2.57162e-09	-87964.5	-160567	NA	NA	NA	NA	NA	NA	NA	NA	NA	NA
HG01242	NA	NA	10000	323131	32.3293	4.60539e-09	-89508.1	-165173	NA	NA	NA	NA	NA	NA	NA	NA	NA	NA
HG01243	NA	NA	10000	324082	32.4114	1.0689e-08	-87684.5	-87684.5	NA	NA	NA	NA	NA	NA	NA	NA	NA	NA
HG01247	NA	NA	10000	326339	32.6339	1.43973e-09	-87323.1	-174514	NA	NA	NA	NA	NA	NA	NA	NA	NA	NA
HG01248	NA	NA	10000	428278	42.8321	1.41248e-09	-110540	-194839	NA	NA	NA	NA	NA	NA	NA	NA	NA	NA
HG01249	NA	NA	10000	313096	31.3159	3.99495e-08	-85164.9	-85164.9	NA	NA	NA	NA	NA	NA	NA	NA	NA	NA
HG01250	NA	NA	10000	373385	37.3422	9.97362e-09	-99106.4	-99106.4	NA	NA	NA	NA	NA	NA	NA	NA	NA	NA
HG01251	NA	NA	10000	312057	31.2119	1.97453e-05	-81026.8	-114932	NA	NA	NA	NA	NA	NA	NA	NA	NA	NA
HG01252	NA	NA	10000	352283	35.2318	3.69623e-09	-91803.6	-175904	NA	NA	NA	NA	NA	NA	NA	NA	NA	NA
HG01253	NA	NA	10000	336886	33.6953	1.25618e-09	-89442.1	-161487	NA	NA	NA	NA	NA	NA	NA	NA	NA	NA
HG01254	NA	NA	10000	380442	38.0518	6.42326e-10	-100465	-186556	NA	NA	NA	NA	NA	NA	NA	NA	NA	NA
HG01255	NA	NA	10000	349256	34.9326	4.3762e-09	-94395.6	-158085	NA	NA	NA	NA	NA	NA	NA	NA	NA	NA
HG01256	NA	NA	10000	360750	36.0786	2.43826e-09	-95790.9	-163834	NA	NA	NA	NA	NA	NA	NA	NA	NA	NA
HG01257	NA	NA	10000	323052	32.3084	7.72124e-10	-82546.5	-154655	NA	NA	NA	NA	NA	NA	NA	NA	NA	NA
HG01258	NA	NA	10000	347068	34.7137	3.36617e-09	-89048.6	-147372	NA	NA	NA	NA	NA	NA	NA	NA	NA	NA
HG01259	NA	NA	10000	333712	33.3712	2.13066e-09	-86175.7	-158555	NA	NA	NA	NA	NA	NA	NA	NA	NA	NA
HG01260	NA	NA	10000	367040	36.715	2.11597e-10	-97774.6	-189969	NA	NA	NA	NA	NA	NA	NA	NA	NA	NA
HG01261	NA	NA	10000	346539	34.6539	9.32614e-09	-90646.1	-154485	NA	NA	NA	NA	NA	NA	NA	NA	NA	NA
HG01269	NA	NA	10000	331539	33.1572	1.81343e-09	-85179	-157367	NA	NA	NA	NA	NA	NA	NA	NA	NA	NA
HG01271	NA	NA	10000	346339	34.6408	1.79988e-09	-91673.3	-180675	NA	NA	NA	NA	NA	NA	NA	NA	NA	NA
HG01272	NA	NA	10000	320792	32.0856	6.09272e-10	-85368.4	-174399	NA	NA	NA	NA	NA	NA	NA	NA	NA	NA
HG01273	NA	NA	10000	342314	34.2382	1.65859e-09	-90909.1	-174855	NA	NA	NA	NA	NA	NA	NA	NA	NA	NA
HG01274	NA	NA	10000	332090	33.2156	9.4473e-09	-85373.8	-85373.8	NA	NA	NA	NA	NA	NA	NA	NA	NA	NA
HG01275	NA	NA	10000	319134	31.9198	1.65446e-05	-78483	-114482	NA	NA	NA	NA	NA	NA	NA	NA	NA	NA
HG01276	NA	NA	10000	308808	30.8901	1.77126e-08	-81761	-142906	NA	NA	NA	NA	NA	NA	NA	NA	NA	NA
HG01277	NA	NA	10000	316458	31.649	8.44874e-10	-80621.3	-169992	NA	NA	NA	NA	NA	NA	NA	NA	NA	NA
HG01278	NA	NA	10000	336414	33.6481	1.70269e-09	-85479.9	-155651	NA	NA	NA	NA	NA	NA	NA	NA	NA	NA
HG01279	NA	NA	10000	309981	31.0074	3.77114e-09	-76874.7	-142427	NA	NA	NA	NA	NA	NA	NA	NA	NA	NA
HG01280	NA	NA	10000	333933	33.3933	2.40745e-10	-87492.6	-174388	NA	NA	NA	NA	NA	NA	NA	NA	NA	NA
HG01281	NA	NA	10000	336847	33.6881	2.40833e-09	-89567.1	-170345	NA	NA	NA	NA	NA	NA	NA	NA	NA	NA
HG01284	NA	NA	10000	320426	32.049	5.74228e-09	-83554.3	-147929	NA	NA	NA	NA	NA	NA	NA	NA	NA	NA
HG01286	NA	NA	10000	343267	34.3301	3.56163e-09	-91585.9	-154263	NA	NA	NA	NA	NA	NA	NA	NA	NA	NA
HG01302	NA	NA	10000	329494	32.9593	1.42751e-09	-88381.7	-168880	NA	NA	NA	NA	NA	NA	NA	NA	NA	NA
HG01303	NA	NA	10000	311613	31.1644	2.54628e-09	-83820.4	-146942	NA	NA	NA	NA	NA	NA	NA	NA	NA	NA
HG01305	NA	NA	10000	325561	32.5626	9.00255e-09	-86010.5	-86010.5	NA	NA	NA	NA	NA	NA	NA	NA	NA	NA
HG01308	NA	NA	10000	327201	32.7234	6.26524e-09	-91347.1	-172348	NA	NA	NA	NA	NA	NA	NA	NA	NA	NA
HG01311	NA	NA	10000	336395	33.6395	2.67953e-09	-89583.6	-161792	NA	NA	NA	NA	NA	NA	NA	NA	NA	NA
HG01312	NA	NA	10000	323741	32.3806	9.15836e-10	-87886.8	-155567	NA	NA	NA	NA	NA	NA	NA	NA	NA	NA
HG01323	NA	NA	10000	335914	33.6015	1.02706e-09	-91527.7	-173596	NA	NA	NA	NA	NA	NA	NA	NA	NA	NA
HG01325	NA	NA	10000	332588	33.2688	3.65033e-09	-85106.4	-166171	NA	NA	NA	NA	NA	NA	NA	NA	NA	NA
HG01326	NA	NA	10000	330038	33.0104	5.53077e-09	-88582.2	-173648	NA	NA	NA	NA	NA	NA	NA	NA	NA	NA
HG01334	NA	NA	10000	326683	32.6716	1.49236e-05	-83419.3	-141055	NA	NA	NA	NA	NA	NA	NA	NA	NA	NA
HG01341	NA	NA	10000	327826	32.7957	5.15197e-10	-83036.7	-181303	NA	NA	NA	NA	NA	NA	NA	NA	NA	NA
HG01342	NA	NA	10000	309002	30.9033	1.99578e-05	-84892.5	-95926	NA	NA	NA	NA	NA	NA	NA	NA	NA	NA
HG01343	NA	NA	10000	336185	33.6219	6.35781e-09	-89894.5	-89894.5	NA	NA	NA	NA	NA	NA	NA	NA	NA	NA
HG01344	NA	NA	10000	343946	34.3946	4.70489e-09	-87348	-165322	NA	NA	NA	NA	NA	NA	NA	NA	NA	NA
HG01345	NA	NA	10000	321125	32.1125	9.6686e-10	-84378.7	-155877	NA	NA	NA	NA	NA	NA	NA	NA	NA	NA
HG01346	NA	NA	10000	338633	33.8633	2.34829e-09	-88641.1	-179890	NA	NA	NA	NA	NA	NA	NA	NA	NA	NA
HG01347	NA	NA	10000	325455	32.5488	4.04025e-09	-82123.9	-138240	NA	NA	NA	NA	NA	NA	NA	NA	NA	NA
HG01348	NA	NA	10000	343786	34.3855	1.16705e-09	-88195.2	-174478	NA	NA	NA	NA	NA	NA	NA	NA	NA	NA
HG01349	NA	NA	10000	330717	33.0783	1.58735e-09	-86587.8	-152562	NA	NA	NA	NA	NA	NA	NA	NA	NA	NA
HG01350	NA	NA	10000	323907	32.3939	5.736e-10	-82940.9	-175871	NA	NA	NA	NA	NA	NA	NA	NA	NA	NA
HG01351	NA	NA	10000	314603	31.4634	1.86662e-09	-81095.5	-168576	NA	NA	NA	NA	NA	NA	NA	NA	NA	NA
HG01352	NA	NA	10000	329082	32.9115	2.76929e-09	-85813.5	-174106	NA	NA	NA	NA	NA	NA	NA	NA	NA	NA
HG01353	NA	NA	10000	455705	45.5796	8.8607e-10	-114324	-200492	NA	NA	NA	NA	NA	NA	NA	NA	NA	NA
HG01354	NA	NA	10000	353131	35.3202	4.87529e-09	-90191	-158185	NA	NA	NA	NA	NA	NA	NA	NA	NA	NA
HG01355	NA	NA	10000	340384	34.0486	4.63703e-09	-88604.5	-165574	NA	NA	NA	NA	NA	NA	NA	NA	NA	NA
HG01356	NA	NA	10000	339838	33.9872	2.50215e-09	-88977.9	-175128	NA	NA	NA	NA	NA	NA	NA	NA	NA	NA
HG01357	NA	NA	10000	313591	31.3654	2.14829e-09	-81779.4	-169270	NA	NA	NA	NA	NA	NA	NA	NA	NA	NA
HG01358	NA	NA	10000	347681	34.7716	3.20157e-09	-88231.6	-176443	NA	NA	NA	NA	NA	NA	NA	NA	NA	NA
HG01359	NA	NA	10000	318710	31.8774	3.6849e-09	-84933.7	-149128	NA	NA	NA	NA	NA	NA	NA	NA	NA	NA
HG01360	NA	NA	10000	321408	32.1504	1.87152e-05	-84919.7	-115624	NA	NA	NA	NA	NA	NA	NA	NA	NA	NA
HG01361	NA	NA	10000	351710	35.178	3.88938e-09	-93013.7	-154435	NA	NA	NA	NA	NA	NA	NA	NA	NA	NA
HG01362	NA	NA	10000	313883	31.3883	3.81197e-09	-84785.9	-173147	NA	NA	NA	NA	NA	NA	NA	NA	NA	NA
HG01363	NA	NA	10000	311298	31.1298	1.21025e-09	-81593.9	-164736	NA	NA	NA	NA	NA	NA	NA	NA	NA	NA
HG01365	NA	NA	10000	343785	34.3854	2.45598e-09	-91234.3	-155205	NA	NA	NA	NA	NA	NA	NA	NA	NA	NA
HG01366	NA	NA	10000	319037	31.9101	2.27046e-09	-86418	-147773	NA	NA	NA	NA	NA	NA	NA	NA	NA	NA
HG01367	NA	NA	10000	318087	31.8151	1.0545e-08	-87620.5	-87620.5	NA	NA	NA	NA	NA	NA	NA	NA	NA	NA
HG01369	NA	NA	10000	365486	36.5559	1.7643e-09	-91916.1	-181514	NA	NA	NA	NA	NA	NA	NA	NA	NA	NA
HG01372	NA	NA	10000	331984	33.205	6.16783e-09	-86479.7	-155818	NA	NA	NA	NA	NA	NA	NA	NA	NA	NA
HG01374	NA	NA	10000	338795	33.8829	6.65762e-09	-87329.8	-87329.8	NA	NA	NA	NA	NA	NA	NA	NA	NA	NA
HG01375	NA	NA	10000	315005	31.51	7.42289e-09	-83961.7	-152426	NA	NA	NA	NA	NA	NA	NA	NA	NA	NA
HG01376	NA	NA	10000	325717	32.575	5.31213e-09	-85351.7	-135456	NA	NA	NA	NA	NA	NA	NA	NA	NA	NA
HG01377	NA	NA	10000	344310	34.4344	2.87597e-09	-92381.8	-157586	NA	NA	NA	NA	NA	NA	NA	NA	NA	NA
HG01378	NA	NA	10000	440295	44.0339	3.58033e-09	-110631	-174098	NA	NA	NA	NA	NA	NA	NA	NA	NA	NA
HG01379	NA	NA	10000	343553	34.369	4.23527e-09	-90423.4	-149585	NA	NA	NA	NA	NA	NA	NA	NA	NA	NA
HG01383	NA	NA	10000	343895	34.3929	3.11298e-09	-89464.4	-176309	NA	NA	NA	NA	NA	NA	NA	NA	NA	NA
HG01384	NA	NA	10000	321689	32.1753	3.11939e-10	-84530.4	-164206	NA	NA	NA	NA	NA	NA	NA	NA	NA	NA
HG01385	NA	NA	10000	322473	32.2505	9.81395e-08	-86435.1	-86435.1	NA	NA	NA	NA	NA	NA	NA	NA	NA	NA
HG01389	NA	NA	10000	309732	30.9794	1.82954e-09	-77615.3	-139417	NA	NA	NA	NA	NA	NA	NA	NA	NA	NA
HG01390	NA	NA	10000	335659	33.5693	4.18356e-09	-90962.2	-166224	NA	NA	NA	NA	NA	NA	NA	NA	NA	NA
HG01391	NA	NA	10000	333173	33.3206	3.49443e-09	-91574.9	-156861	NA	NA	NA	NA	NA	NA	NA	NA	NA	NA
HG01392	NA	NA	10000	336719	33.6786	8.88498e-10	-89473.7	-160866	NA	NA	NA	NA	NA	NA	NA	NA	NA	NA
HG01393	NA	NA	10000	302333	30.2393	4.46965e-09	-81172.1	-146992	NA	NA	NA	NA	NA	NA	NA	NA	NA	NA
HG01395	NA	NA	10000	345182	34.5217	7.94724e-10	-91623.5	-180304	NA	NA	NA	NA	NA	NA	NA	NA	NA	NA
HG01396	NA	NA	10000	333578	33.3611	4.89014e-09	-91147.4	-173043	NA	NA	NA	NA	NA	NA	NA	NA	NA	NA
HG01398	NA	NA	10000	331082	33.1214	2.01102e-09	-85571	-155932	NA	NA	NA	NA	NA	NA	NA	NA	NA	NA
HG01402	NA	NA	10000	322769	32.2834	7.666e-09	-86695.7	-86695.7	NA	NA	NA	NA	NA	NA	NA	NA	NA	NA
HG01403	NA	NA	10000	314328	31.4328	2.79948e-09	-86851.8	-151611	NA	NA	NA	NA	NA	NA	NA	NA	NA	NA
HG01405	NA	NA	10000	337380	33.7414	2.16773e-09	-87784.2	-153746	NA	NA	NA	NA	NA	NA	NA	NA	NA	NA
HG01412	NA	NA	10000	325111	32.5111	1.96532e-10	-85353.6	-159208	NA	NA	NA	NA	NA	NA	NA	NA	NA	NA
HG01413	NA	NA	10000	328363	32.8396	1.23474e-08	-85770.2	-156873	NA	NA	NA	NA	NA	NA	NA	NA	NA	NA
HG01414	NA	NA	10000	328725	32.8758	1.54198e-09	-88282.5	-154063	NA	NA	NA	NA	NA	NA	NA	NA	NA	NA
HG01431	NA	NA	10000	322303	32.2335	4.22266e-09	-85931.1	-159235	NA	NA	NA	NA	NA	NA	NA	NA	NA	NA
HG01432	NA	NA	10000	295277	29.5336	1.30664e-09	-77147.9	-77147.9	NA	NA	NA	NA	NA	NA	NA	NA	NA	NA
HG01433	NA	NA	10000	360003	36.0039	4.3481e-09	-94491.1	-163032	NA	NA	NA	NA	NA	NA	NA	NA	NA	NA
HG01435	NA	NA	10000	325128	32.5193	8.34393e-10	-85520.5	-156523	NA	NA	NA	NA	NA	NA	NA	NA	NA	NA
HG01437	NA	NA	10000	330388	33.0421	1.00985e-08	-84297.4	-84297.4	NA	NA	NA	NA	NA	NA	NA	NA	NA	NA
HG01438	NA	NA	10000	338944	33.9012	2.62459e-09	-85381.8	-151501	NA	NA	NA	NA	NA	NA	NA	NA	NA	NA
HG01439	NA	NA	10000	340254	34.0288	3.13086e-09	-87193.9	-148497	NA	NA	NA	NA	NA	NA	NA	NA	NA	NA
HG01440	NA	NA	10000	326749	32.6782	1.75773e-09	-87405.3	-158022	NA	NA	NA	NA	NA	NA	NA	NA	NA	NA
HG01441	NA	NA	10000	322923	32.3052	7.84938e-09	-84114.4	-84114.4	NA	NA	NA	NA	NA	NA	NA	NA	NA	NA
HG01443	NA	NA	10000	312497	31.2591	2.9848e-08	-81189	-81189	NA	NA	NA	NA	NA	NA	NA	NA	NA	NA
HG01444	NA	NA	10000	322095	32.2159	0.000917935	-86422.7	-93195.3	NA	NA	NA	NA	NA	NA	NA	NA	NA	NA
HG01447	NA	NA	10000	339991	34.0059	9.36005e-09	-89687.1	-89687.1	NA	NA	NA	NA	NA	NA	NA	NA	NA	NA
HG01455	NA	NA	10000	314701	31.4732	2.76694e-10	-82330.3	-174089	NA	NA	NA	NA	NA	NA	NA	NA	NA	NA
HG01456	NA	NA	10000	319434	31.9466	2.39211e-09	-84560.4	-173164	NA	NA	NA	NA	NA	NA	NA	NA	NA	NA
HG01457	NA	NA	10000	317987	31.8019	2.12836e-09	-82205.1	-160986	NA	NA	NA	NA	NA	NA	NA	NA	NA	NA
HG01459	NA	NA	10000	319142	31.9174	7.08292e-09	-84221.7	-84221.7	NA	NA	NA	NA	NA	NA	NA	NA	NA	NA
HG01461	NA	NA	10000	327858	32.7956	5.08352e-09	-88526.2	-88526.2	NA	NA	NA	NA	NA	NA	NA	NA	NA	NA
HG01462	NA	NA	10000	328251	32.8251	3.1379e-09	-88290.9	-166667	NA	NA	NA	NA	NA	NA	NA	NA	NA	NA
HG01463	NA	NA	10000	328325	32.8424	1.40616e-08	-88604.6	-157713	NA	NA	NA	NA	NA	NA	NA	NA	NA	NA
HG01464	NA	NA	10000	333453	33.3486	2.16312e-09	-90906.7	-158259	NA	NA	NA	NA	NA	NA	NA	NA	NA	NA
HG01465	NA	NA	10000	315281	31.5313	1.501e-09	-82917.5	-168810	NA	NA	NA	NA	NA	NA	NA	NA	NA	NA
HG01466	NA	NA	10000	315868	31.59	3.65686e-09	-87052.6	-163447	NA	NA	NA	NA	NA	NA	NA	NA	NA	NA
HG01468	NA	NA	10000	328737	32.877	7.11071e-09	-80314.5	-80314.5	NA	NA	NA	NA	NA	NA	NA	NA	NA	NA
HG01474	NA	NA	10000	307665	30.7665	6.29713e-09	-81047.6	-151881	NA	NA	NA	NA	NA	NA	NA	NA	NA	NA
HG01479	NA	NA	10000	326027	32.6092	1.84063e-09	-84029.1	-173029	NA	NA	NA	NA	NA	NA	NA	NA	NA	NA
HG01485	NA	NA	10000	334187	33.422	1.97755e-09	-90531.3	-166650	NA	NA	NA	NA	NA	NA	NA	NA	NA	NA
HG01486	NA	NA	10000	316007	31.6039	9.77261e-10	-81592	-173227	NA	NA	NA	NA	NA	NA	NA	NA	NA	NA
HG01488	NA	NA	10000	332882	33.2915	0.000119956	-91810.8	-101810	NA	NA	NA	NA	NA	NA	NA	NA	NA	NA
HG01489	NA	NA	10000	300696	30.0756	3.47723e-09	-77760.9	-143921	NA	NA	NA	NA	NA	NA	NA	NA	NA	NA
HG01490	NA	NA	10000	313806	31.3837	1.23876e-08	-83738.5	-83738.5	NA	NA	NA	NA	NA	NA	NA	NA	NA	NA
HG01491	NA	NA	10000	462345	46.2484	1.39897e-10	-108319	-187203	NA	NA	NA	NA	NA	NA	NA	NA	NA	NA
HG01492	NA	NA	10000	324777	32.4842	2.99003e-09	-85243.7	-145456	NA	NA	NA	NA	NA	NA	NA	NA	NA	NA
HG01493	NA	NA	10000	319676	31.9708	1.41836e-08	-83235.4	-83235.4	NA	NA	NA	NA	NA	NA	NA	NA	NA	NA
HG01494	NA	NA	10000	327022	32.7087	2.63194e-09	-86856.9	-175512	NA	NA	NA	NA	NA	NA	NA	NA	NA	NA
HG01495	NA	NA	10000	311858	31.1858	4.48341e-10	-83028.2	-176285	NA	NA	NA	NA	NA	NA	NA	NA	NA	NA
HG01496	NA	NA	10000	314029	31.4092	3.62842e-09	-83552.5	-144043	NA	NA	NA	NA	NA	NA	NA	NA	NA	NA
HG01497	NA	NA	10000	314337	31.44	3.75582e-09	-80018.8	-149595	NA	NA	NA	NA	NA	NA	NA	NA	NA	NA
HG01498	NA	NA	10000	309093	30.9155	8.05374e-09	-78076.9	-78076.9	NA	NA	NA	NA	NA	NA	NA	NA	NA	NA
HG01499	NA	NA	10000	268640	26.8694	2.34901e-09	-69358.2	-135443	NA	NA	NA	NA	NA	NA	NA	NA	NA	NA
HG01500	NA	NA	10000	308026	30.8088	5.26419e-09	-78375.7	-135085	NA	NA	NA	NA	NA	NA	NA	NA	NA	NA
HG01501	NA	NA	10000	331617	33.1617	1.72402e-09	-85080.6	-152364	NA	NA	NA	NA	NA	NA	NA	NA	NA	NA
HG01502	NA	NA	10000	348739	34.8774	2.42827e-09	-87346.5	-147127	NA	NA	NA	NA	NA	NA	NA	NA	NA	NA
HG01503	NA	NA	10000	316154	31.6249	8.90362e-09	-79755.1	-79755.1	NA	NA	NA	NA	NA	NA	NA	NA	NA	NA
HG01504	NA	NA	10000	311417	31.1448	3.8611e-10	-80369.5	-165511	NA	NA	NA	NA	NA	NA	NA	NA	NA	NA
HG01505	NA	NA	10000	283566	28.3594	0.000525068	-73103.5	-76051.6	NA	NA	NA	NA	NA	NA	NA	NA	NA	NA
HG01506	NA	NA	10000	317582	31.7614	2.87227e-09	-81871.2	-81871.2	NA	NA	NA	NA	NA	NA	NA	NA	NA	NA
HG01507	NA	NA	10000	311318	31.1411	1.69336e-09	-78552.4	-139441	NA	NA	NA	NA	NA	NA	NA	NA	NA	NA
HG01508	NA	NA	10000	360622	36.0622	3.10353e-09	-91313.4	-152504	NA	NA	NA	NA	NA	NA	NA	NA	NA	NA
HG01509	NA	NA	10000	299962	30.0022	4.72644e-09	-77505.1	-142250	NA	NA	NA	NA	NA	NA	NA	NA	NA	NA
HG01510	NA	NA	10000	296838	29.6868	1.91299e-05	-78252.7	-88403.9	NA	NA	NA	NA	NA	NA	NA	NA	NA	NA
HG01511	NA	NA	10000	347462	34.7532	2.10581e-09	-90117.3	-170562	NA	NA	NA	NA	NA	NA	NA	NA	NA	NA
HG01512	NA	NA	10000	301076	30.1106	4.51739e-09	-77487.2	-77487.2	NA	NA	NA	NA	NA	NA	NA	NA	NA	NA
HG01513	NA	NA	10000	297748	29.7778	1.94722e-05	-77229.2	-84131.6	NA	NA	NA	NA	NA	NA	NA	NA	NA	NA
HG01514	NA	NA	10000	339559	33.9627	1.13115e-09	-86422.7	-149830	NA	NA	NA	NA	NA	NA	NA	NA	NA	NA
HG01515	NA	NA	10000	312250	31.2312	3.65065e-10	-80407.5	-148687	NA	NA	NA	NA	NA	NA	NA	NA	NA	NA
HG01516	NA	NA	10000	326372	32.6372	1.59389e-09	-80059.6	-132367	NA	NA	NA	NA	NA	NA	NA	NA	NA	NA
HG01517	NA	NA	10000	350340	35.034	4.68135e-10	-87441.4	-167229	NA	NA	NA	NA	NA	NA	NA	NA	NA	NA
HG01518	NA	NA	10000	317842	31.7906	1.95824e-05	-79557.8	-99131.1	NA	NA	NA	NA	NA	NA	NA	NA	NA	NA
HG01519	NA	NA	10000	318412	31.8444	0.0008176	-81645.6	-89680.7	NA	NA	NA	NA	NA	NA	NA	NA	NA	NA
HG01520	NA	NA	10000	295708	29.5738	1.20777e-09	-74659.6	-142770	NA	NA	NA	NA	NA	NA	NA	NA	NA	NA
HG01521	NA	NA	10000	309088	30.9119	3.37687e-10	-75924.9	-139949	NA	NA	NA	NA	NA	NA	NA	NA	NA	NA
HG01522	NA	NA	10000	318932	31.8996	2.79476e-09	-79922.9	-159030	NA	NA	NA	NA	NA	NA	NA	NA	NA	NA
HG01523	NA	NA	10000	355019	35.5055	1.25131e-09	-88641.8	-157434	NA	NA	NA	NA	NA	NA	NA	NA	NA	NA
HG01524	NA	NA	10000	303496	30.3557	2.38733e-09	-80083.8	-143516	NA	NA	NA	NA	NA	NA	NA	NA	NA	NA
HG01525	NA	NA	10000	328784	32.885	1.07938e-09	-84942.1	-153191	NA	NA	NA	NA	NA	NA	NA	NA	NA	NA
HG01526	NA	NA	10000	369643	36.968	1.41183e-05	-97449.5	-151917	NA	NA	NA	NA	NA	NA	NA	NA	NA	NA
HG01527	NA	NA	10000	324843	32.4908	7.6902e-09	-82659.6	-82659.6	NA	NA	NA	NA	NA	NA	NA	NA	NA	NA
HG01528	NA	NA	10000	312796	31.2827	2.1765e-09	-81339.7	-161792	NA	NA	NA	NA	NA	NA	NA	NA	NA	NA
HG01529	NA	NA	10000	299662	29.9722	2.67438e-09	-77411.3	-141336	NA	NA	NA	NA	NA	NA	NA	NA	NA	NA
HG01530	NA	NA	10000	317185	31.7217	1.63348e-08	-81633.3	-127861	NA	NA	NA	NA	NA	NA	NA	NA	NA	NA
HG01531	NA	NA	10000	314544	31.4544	1.68252e-09	-78997.3	-152617	NA	NA	NA	NA	NA	NA	NA	NA	NA	NA
HG01532	NA	NA	10000	347651	34.7651	2.60549e-10	-88838.5	-158672	NA	NA	NA	NA	NA	NA	NA	NA	NA	NA
HG01536	NA	NA	10000	318001	31.8001	4.09968e-09	-80963.9	-127647	NA	NA	NA	NA	NA	NA	NA	NA	NA	NA
HG01537	NA	NA	10000	312655	31.2749	7.47747e-09	-80178.4	-140328	NA	NA	NA	NA	NA	NA	NA	NA	NA	NA
HG01538	NA	NA	10000	356782	35.6818	0.00115161	-90960.5	-91741.1	NA	NA	NA	NA	NA	NA	NA	NA	NA	NA
HG01550	NA	NA	10000	315460	31.5523	1.76087e-09	-83525.8	-169969	NA	NA	NA	NA	NA	NA	NA	NA	NA	NA
HG01551	NA	NA	10000	322116	32.218	2.98222e-09	-88420.7	-162660	NA	NA	NA	NA	NA	NA	NA	NA	NA	NA
HG01552	NA	NA	10000	317327	31.7359	1.08653e-08	-87466.9	-87466.9	NA	NA	NA	NA	NA	NA	NA	NA	NA	NA
HG01556	NA	NA	10000	304706	30.4797	7.52056e-10	-82131.4	-160968	NA	NA	NA	NA	NA	NA	NA	NA	NA	NA
HG01565	NA	NA	10000	396133	39.6212	1.0164e-09	-95623.5	-173774	NA	NA	NA	NA	NA	NA	NA	NA	NA	NA
HG01566	NA	NA	10000	334562	33.4595	5.02385e-10	-85713.3	-182529	NA	NA	NA	NA	NA	NA	NA	NA	NA	NA
HG01567	NA	NA	10000	348601	34.8601	4.57202e-09	-88519.8	-88519.8	NA	NA	NA	NA	NA	NA	NA	NA	NA	NA
HG01571	NA	NA	10000	335339	33.5406	1.45521e-09	-82423.4	-173666	NA	NA	NA	NA	NA	NA	NA	NA	NA	NA
HG01572	NA	NA	10000	298999	29.8999	1.27991e-08	-67509.8	-67509.8	NA	NA	NA	NA	NA	NA	NA	NA	NA	NA
HG01573	NA	NA	10000	318023	31.8118	7.45024e-10	-74446.8	-171167	NA	NA	NA	NA	NA	NA	NA	NA	NA	NA
HG01577	NA	NA	10000	322346	32.2378	3.15298e-09	-86152.9	-156026	NA	NA	NA	NA	NA	NA	NA	NA	NA	NA
HG01578	NA	NA	10000	342102	34.217	3.35218e-10	-81994.3	-181821	NA	NA	NA	NA	NA	NA	NA	NA	NA	NA
HG01579	NA	NA	10000	347690	34.776	1.24126e-09	-86389.1	-179494	NA	NA	NA	NA	NA	NA	NA	NA	NA	NA
HG01583	NA	NA	10000	346520	34.6555	7.70165e-09	-91997.2	-91997.2	NA	NA	NA	NA	NA	NA	NA	NA	NA	NA
HG01586	NA	NA	10000	315015	31.5047	4.39698e-09	-81914.4	-152996	NA	NA	NA	NA	NA	NA	NA	NA	NA	NA
HG01589	NA	NA	10000	322742	32.2774	3.88078e-09	-80178.8	-138078	NA	NA	NA	NA	NA	NA	NA	NA	NA	NA
HG01593	NA	NA	10000	332424	33.2457	1.05121e-08	-82932.4	-82932.4	NA	NA	NA	NA	NA	NA	NA	NA	NA	NA
HG01595	NA	NA	10000	325701	32.5766	4.38615e-09	-79502.4	-131134	NA	NA	NA	NA	NA	NA	NA	NA	NA	NA
HG01596	NA	NA	10000	344360	34.4429	2.54433e-08	-82131.7	-82131.7	NA	NA	NA	NA	NA	NA	NA	NA	NA	NA
HG01597	NA	NA	10000	340770	34.077	7.89639e-09	-82764.4	-82764.4	NA	NA	NA	NA	NA	NA	NA	NA	NA	NA
HG01598	NA	NA	10000	315043	31.5138	1.37943e-09	-75607.2	-140307	NA	NA	NA	NA	NA	NA	NA	NA	NA	NA
HG01599	NA	NA	10000	341917	34.1951	1.87122e-09	-83788.7	-163004	NA	NA	NA	NA	NA	NA	NA	NA	NA	NA
HG01600	NA	NA	10000	337737	33.7737	8.17052e-09	-81382	-134339	NA	NA	NA	NA	NA	NA	NA	NA	NA	NA
HG01601	NA	NA	10000	349128	34.9163	4.90433e-09	-88798	-88798	NA	NA	NA	NA	NA	NA	NA	NA	NA	NA
HG01602	NA	NA	10000	309930	30.9961	3.27613e-09	-77884.2	-141649	NA	NA	NA	NA	NA	NA	NA	NA	NA	NA
HG01603	NA	NA	10000	315259	31.5322	3.50627e-09	-81352.2	-143942	NA	NA	NA	NA	NA	NA	NA	NA	NA	NA
HG01604	NA	NA	10000	366142	36.6215	1.22086e-09	-92187.2	-162351	NA	NA	NA	NA	NA	NA	NA	NA	NA	NA
HG01605	NA	NA	10000	310750	31.0812	3.39773e-09	-79168.7	-79168.7	NA	NA	NA	NA	NA	NA	NA	NA	NA	NA
HG01606	NA	NA	10000	302517	30.2547	4.77985e-09	-76699.4	-146908	NA	NA	NA	NA	NA	NA	NA	NA	NA	NA
HG01607	NA	NA	10000	311931	31.1993	2.1114e-09	-80490.8	-144749	NA	NA	NA	NA	NA	NA	NA	NA	NA	NA
HG01608	NA	NA	10000	304524	30.4585	5.03564e-09	-79316	-145459	NA	NA	NA	NA	NA	NA	NA	NA	NA	NA
HG01609	NA	NA	10000	362806	36.2879	3.70377e-09	-95881.7	-157136	NA	NA	NA	NA	NA	NA	NA	NA	NA	NA
HG01610	NA	NA	10000	308393	30.8393	1.76922e-09	-78894.8	-141549	NA	NA	NA	NA	NA	NA	NA	NA	NA	NA
HG01611	NA	NA	10000	359169	35.9205	6.02812e-10	-93529.6	-166882	NA	NA	NA	NA	NA	NA	NA	NA	NA	NA
HG01612	NA	NA	10000	320837	32.0869	1.58267e-09	-83104.8	-149350	NA	NA	NA	NA	NA	NA	NA	NA	NA	NA
HG01613	NA	NA	10000	319331	31.9427	1.34319e-09	-82093.6	-160301	NA	NA	NA	NA	NA	NA	NA	NA	NA	NA
HG01614	NA	NA	10000	350666	35.0736	1.03238e-08	-90610.3	-90610.3	NA	NA	NA	NA	NA	NA	NA	NA	NA	NA
HG01615	NA	NA	10000	371844	37.1918	0.00496823	-98007.5	-99122	NA	NA	NA	NA	NA	NA	NA	NA	NA	NA
HG01616	NA	NA	10000	352253	35.2323	0.00118039	-90638.7	-91784.7	NA	NA	NA	NA	NA	NA	NA	NA	NA	NA
HG01617	NA	NA	10000	310148	31.0148	1.3545e-09	-79365.4	-143537	NA	NA	NA	NA	NA	NA	NA	NA	NA	NA
HG01618	NA	NA	10000	305033	30.5064	2.98813e-09	-77692.2	-133895	NA	NA	NA	NA	NA	NA	NA	NA	NA	NA
HG01619	NA	NA	10000	320733	32.0829	2.86886e-10	-83002.7	-154157	NA	NA	NA	NA	NA	NA	NA	NA	NA	NA
HG01620	NA	NA	10000	299583	29.9643	7.52118e-09	-77996	-130992	NA	NA	NA	NA	NA	NA	NA	NA	NA	NA
HG01621	NA	NA	10000	352363	35.2433	1.48659e-09	-89653.5	-149034	NA	NA	NA	NA	NA	NA	NA	NA	NA	NA
HG01622	NA	NA	10000	341053	34.1053	0.00076556	-88395.3	-94637.9	NA	NA	NA	NA	NA	NA	NA	NA	NA	NA
HG01623	NA	NA	10000	306495	30.6495	7.26735e-09	-81552.3	-81552.3	NA	NA	NA	NA	NA	NA	NA	NA	NA	NA
HG01624	NA	NA	10000	317875	31.7907	2.95405e-09	-83066.9	-140304	NA	NA	NA	NA	NA	NA	NA	NA	NA	NA
HG01625	NA	NA	10000	311428	31.149	4.76329e-09	-78670.6	-137186	NA	NA	NA	NA	NA	NA	NA	NA	NA	NA
HG01626	NA	NA	10000	352664	35.2699	1.20551e-08	-89128.2	-139174	NA	NA	NA	NA	NA	NA	NA	NA	NA	NA
HG01627	NA	NA	10000	365620	36.573	1.62177e-09	-91500.6	-169208	NA	NA	NA	NA	NA	NA	NA	NA	NA	NA
HG01628	NA	NA	10000	300776	30.0806	3.83139e-09	-78082.8	-135165	NA	NA	NA	NA	NA	NA	NA	NA	NA	NA
HG01629	NA	NA	10000	364134	36.417	6.55947e-05	-95342.1	-114722	NA	NA	NA	NA	NA	NA	NA	NA	NA	NA
HG01630	NA	NA	10000	308541	30.8541	2.11051e-08	-82021.6	-82021.6	NA	NA	NA	NA	NA	NA	NA	NA	NA	NA
HG01631	NA	NA	10000	306760	30.6821	2.48115e-09	-80612.6	-141956	NA	NA	NA	NA	NA	NA	NA	NA	NA	NA
HG01632	NA	NA	10000	303332	30.3393	2.16591e-09	-77941.2	-158538	NA	NA	NA	NA	NA	NA	NA	NA	NA	NA
HG01633	NA	NA	10000	361303	36.1375	0.00293483	-94501.7	-94945	NA	NA	NA	NA	NA	NA	NA	NA	NA	NA
HG01667	NA	NA	10000	339744	33.9778	1.51744e-09	-85907.6	-153998	NA	NA	NA	NA	NA	NA	NA	NA	NA	NA
HG01668	NA	NA	10000	312696	31.2727	7.91698e-10	-79103.6	-146096	NA	NA	NA	NA	NA	NA	NA	NA	NA	NA
HG01669	NA	NA	10000	312343	31.2343	8.80774e-10	-81275.8	-149100	NA	NA	NA	NA	NA	NA	NA	NA	NA	NA
HG01670	NA	NA	10000	306247	30.6278	1.64816e-09	-77248.4	-138545	NA	NA	NA	NA	NA	NA	NA	NA	NA	NA
HG01671	NA	NA	10000	349836	34.9871	8.63979e-09	-90300	-90300	NA	NA	NA	NA	NA	NA	NA	NA	NA	NA
HG01672	NA	NA	10000	317906	31.7938	2.67072e-09	-80271.7	-141105	NA	NA	NA	NA	NA	NA	NA	NA	NA	NA
HG01673	NA	NA	10000	314871	31.4965	1.16846e-08	-80090.1	-80090.1	NA	NA	NA	NA	NA	NA	NA	NA	NA	NA
HG01674	NA	NA	10000	359052	35.9088	1.28323e-08	-91905.8	-91905.8	NA	NA	NA	NA	NA	NA	NA	NA	NA	NA
HG01675	NA	NA	10000	303871	30.3932	4.19263e-09	-76317.7	-128925	NA	NA	NA	NA	NA	NA	NA	NA	NA	NA
HG01676	NA	NA	10000	312919	31.295	2.08979e-09	-79773.3	-160837	NA	NA	NA	NA	NA	NA	NA	NA	NA	NA
HG01677	NA	NA	10000	341879	34.1947	1.85263e-09	-85810	-166186	NA	NA	NA	NA	NA	NA	NA	NA	NA	NA
HG01678	NA	NA	10000	296901	29.6931	1.49057e-09	-76685.3	-149615	NA	NA	NA	NA	NA	NA	NA	NA	NA	NA
HG01679	NA	NA	10000	311368	31.143	2.50221e-09	-77681.8	-144602	NA	NA	NA	NA	NA	NA	NA	NA	NA	NA
HG01680	NA	NA	10000	306368	30.6429	1.46188e-08	-77734.1	-126112	NA	NA	NA	NA	NA	NA	NA	NA	NA	NA
HG01681	NA	NA	10000	362465	36.2501	4.36466e-09	-93961.2	-182216	NA	NA	NA	NA	NA	NA	NA	NA	NA	NA
HG01682	NA	NA	10000	315888	31.592	2.93699e-09	-79959.5	-139246	NA	NA	NA	NA	NA	NA	NA	NA	NA	NA
HG01683	NA	NA	10000	338598	33.8632	0.00985336	-88753.5	-89688.1	NA	NA	NA	NA	NA	NA	NA	NA	NA	NA
HG01684	NA	NA	10000	307181	30.7273	2.96948e-09	-78937.3	-160271	NA	NA	NA	NA	NA	NA	NA	NA	NA	NA
HG01685	NA	NA	10000	300419	30.0479	5.67034e-10	-76483.6	-147987	NA	NA	NA	NA	NA	NA	NA	NA	NA	NA
HG01686	NA	NA	10000	300382	30.0442	2.07842e-09	-77490.3	-140443	NA	NA	NA	NA	NA	NA	NA	NA	NA	NA
HG01687	NA	NA	10000	347454	34.7489	2.49789e-09	-88821.1	-170289	NA	NA	NA	NA	NA	NA	NA	NA	NA	NA
HG01694	NA	NA	10000	316201	31.6233	1.64624e-10	-77281.3	-163022	NA	NA	NA	NA	NA	NA	NA	NA	NA	NA
HG01695	NA	NA	10000	312282	31.2313	2.87599e-09	-81438.6	-164363	NA	NA	NA	NA	NA	NA	NA	NA	NA	NA
HG01696	NA	NA	10000	351468	35.1503	2.22107e-09	-91206.7	-172077	NA	NA	NA	NA	NA	NA	NA	NA	NA	NA
HG01697	NA	NA	10000	313887	31.3887	2.91825e-09	-82539.6	-136857	NA	NA	NA	NA	NA	NA	NA	NA	NA	NA
HG01698	NA	NA	10000	340049	34.0117	8.13227e-09	-86204.6	-159615	NA	NA	NA	NA	NA	NA	NA	NA	NA	NA
HG01699	NA	NA	10000	324172	32.4237	1.80203e-09	-83953.9	-159096	NA	NA	NA	NA	NA	NA	NA	NA	NA	NA
HG01700	NA	NA	10000	311593	31.1655	5.99247e-09	-77443.4	-77443.4	NA	NA	NA	NA	NA	NA	NA	NA	NA	NA
HG01701	NA	NA	10000	340611	34.0645	7.64373e-09	-85750	-154500	NA	NA	NA	NA	NA	NA	NA	NA	NA	NA
HG01702	NA	NA	10000	308110	30.8141	5.85998e-09	-77117.3	-77117.3	NA	NA	NA	NA	NA	NA	NA	NA	NA	NA
HG01703	NA	NA	10000	362689	36.2725	9.32679e-10	-91255.5	-175712	NA	NA	NA	NA	NA	NA	NA	NA	NA	NA
HG01704	NA	NA	10000	316134	31.6166	1.64086e-09	-81962.2	-145805	NA	NA	NA	NA	NA	NA	NA	NA	NA	NA
HG01705	NA	NA	10000	308213	30.8244	2.01466e-09	-77776.4	-148333	NA	NA	NA	NA	NA	NA	NA	NA	NA	NA
HG01706	NA	NA	10000	350849	35.0884	5.97654e-10	-89550.2	-171834	NA	NA	NA	NA	NA	NA	NA	NA	NA	NA
HG01707	NA	NA	10000	313364	31.3395	2.46e-09	-81622	-139732	NA	NA	NA	NA	NA	NA	NA	NA	NA	NA
HG01708	NA	NA	10000	316579	31.6611	1.06746e-08	-81452.7	-81452.7	NA	NA	NA	NA	NA	NA	NA	NA	NA	NA
HG01709	NA	NA	10000	323363	32.3428	3.48061e-09	-82252.9	-132851	NA	NA	NA	NA	NA	NA	NA	NA	NA	NA
HG01710	NA	NA	10000	332082	33.2148	1.21718e-09	-86436.3	-162158	NA	NA	NA	NA	NA	NA	NA	NA	NA	NA
HG01711	NA	NA	10000	352565	35.2636	5.91885e-09	-90262.5	-164244	NA	NA	NA	NA	NA	NA	NA	NA	NA	NA
HG01746	NA	NA	10000	329048	32.9147	1.84813e-09	-84750.2	-164553	NA	NA	NA	NA	NA	NA	NA	NA	NA	NA
HG01747	NA	NA	10000	337031	33.7065	2.49409e-09	-84420.2	-165756	NA	NA	NA	NA	NA	NA	NA	NA	NA	NA
HG01748	NA	NA	10000	333031	33.3098	1.69608e-09	-84474.4	-149696	NA	NA	NA	NA	NA	NA	NA	NA	NA	NA
HG01755	NA	NA	10000	330616	33.0715	1.39224e-09	-84234.3	-161588	NA	NA	NA	NA	NA	NA	NA	NA	NA	NA
HG01756	NA	NA	10000	329142	32.9274	7.28649e-09	-84309.8	-84309.8	NA	NA	NA	NA	NA	NA	NA	NA	NA	NA
HG01757	NA	NA	10000	323582	32.3647	1.0035e-08	-83605.3	-83605.3	NA	NA	NA	NA	NA	NA	NA	NA	NA	NA
HG01761	NA	NA	10000	321592	32.1656	3.92864e-09	-83777.9	-83777.9	NA	NA	NA	NA	NA	NA	NA	NA	NA	NA
HG01762	NA	NA	10000	321089	32.1121	4.52345e-09	-82957.8	-165488	NA	NA	NA	NA	NA	NA	NA	NA	NA	NA
HG01763	NA	NA	10000	341932	34.1966	1.11258e-09	-86068.5	-155351	NA	NA	NA	NA	NA	NA	NA	NA	NA	NA
HG01765	NA	NA	10000	309378	30.9378	9.12239e-09	-80071.2	-80071.2	NA	NA	NA	NA	NA	NA	NA	NA	NA	NA
HG01766	NA	NA	10000	329348	32.9447	2.6049e-09	-85588.2	-166619	NA	NA	NA	NA	NA	NA	NA	NA	NA	NA
HG01767	NA	NA	10000	336169	33.6236	1.82922e-09	-84435.6	-145844	NA	NA	NA	NA	NA	NA	NA	NA	NA	NA
HG01768	NA	NA	10000	325444	32.5509	5.60353e-09	-82093.2	-163183	NA	NA	NA	NA	NA	NA	NA	NA	NA	NA
HG01770	NA	NA	10000	318469	31.8533	1.62303e-09	-80592.6	-144626	NA	NA	NA	NA	NA	NA	NA	NA	NA	NA
HG01771	NA	NA	10000	341310	34.131	4.15735e-09	-85635.8	-135970	NA	NA	NA	NA	NA	NA	NA	NA	NA	NA
HG01772	NA	NA	10000	361657	36.1657	1.85681e-05	-93543.4	-102172	NA	NA	NA	NA	NA	NA	NA	NA	NA	NA
HG01773	NA	NA	10000	319074	31.9074	7.11175e-09	-81903.3	-128807	NA	NA	NA	NA	NA	NA	NA	NA	NA	NA
HG01774	NA	NA	10000	347411	34.7446	0.00145063	-88282.7	-93665.4	NA	NA	NA	NA	NA	NA	NA	NA	NA	NA
HG01775	NA	NA	10000	346419	34.6454	1.28214e-09	-89169.5	-153597	NA	NA	NA	NA	NA	NA	NA	NA	NA	NA
HG01776	NA	NA	10000	300483	30.0513	1.91605e-09	-77470.7	-139641	NA	NA	NA	NA	NA	NA	NA	NA	NA	NA
HG01777	NA	NA	10000	324170	32.4202	1.29361e-09	-83490.1	-146337	NA	NA	NA	NA	NA	NA	NA	NA	NA	NA
HG01778	NA	NA	10000	331913	33.1946	4.35362e-09	-83506.5	-140119	NA	NA	NA	NA	NA	NA	NA	NA	NA	NA
HG01779	NA	NA	10000	346601	34.6636	2.38556e-09	-88340.1	-146298	NA	NA	NA	NA	NA	NA	NA	NA	NA	NA
HG01780	NA	NA	10000	347990	34.8094	2.7084e-10	-87761.8	-154571	NA	NA	NA	NA	NA	NA	NA	NA	NA	NA
HG01781	NA	NA	10000	365501	36.5647	1.83487e-09	-92550.8	-155993	NA	NA	NA	NA	NA	NA	NA	NA	NA	NA
HG01782	NA	NA	10000	340286	34.032	1.90467e-09	-86156.5	-168168	NA	NA	NA	NA	NA	NA	NA	NA	NA	NA
HG01783	NA	NA	10000	319328	31.9328	4.03296e-09	-81388.7	-134511	NA	NA	NA	NA	NA	NA	NA	NA	NA	NA
HG01784	NA	NA	10000	322519	32.2616	1.43957e-09	-83744.5	-148790	NA	NA	NA	NA	NA	NA	NA	NA	NA	NA
HG01785	NA	NA	10000	367067	36.714	1.8181e-09	-93866.8	-157591	NA	NA	NA	NA	NA	NA	NA	NA	NA	NA
HG01786	NA	NA	10000	505045	50.5045	4.89596e-09	-124869	-185196	NA	NA	NA	NA	NA	NA	NA	NA	NA	NA
HG01789	NA	NA	10000	317303	31.7335	0.00642089	-81466.2	-81978	NA	NA	NA	NA	NA	NA	NA	NA	NA	NA
HG01790	NA	NA	10000	316026	31.6089	4.26989e-09	-81541.1	-142077	NA	NA	NA	NA	NA	NA	NA	NA	NA	NA
HG01791	NA	NA	10000	284510	28.451	1.83989e-09	-72802.5	-141332	NA	NA	NA	NA	NA	NA	NA	NA	NA	NA
HG01794	NA	NA	10000	320958	32.099	6.70982e-09	-77133.6	-77133.6	NA	NA	NA	NA	NA	NA	NA	NA	NA	NA
HG01795	NA	NA	10000	393485	39.3564	2.30699e-09	-92749.2	-150363	NA	NA	NA	NA	NA	NA	NA	NA	NA	NA
HG01796	NA	NA	10000	326774	32.6872	4.41011e-09	-76197.7	-132153	NA	NA	NA	NA	NA	NA	NA	NA	NA	NA
HG01797	NA	NA	10000	327231	32.7329	1.06149e-09	-78197.3	-132659	NA	NA	NA	NA	NA	NA	NA	NA	NA	NA
HG01798	NA	NA	10000	452168	45.2258	1.42208e-09	-107344	-165584	NA	NA	NA	NA	NA	NA	NA	NA	NA	NA
HG01799	NA	NA	10000	293686	29.3833	2.18996e-05	-71018.7	-92412.4	NA	NA	NA	NA	NA	NA	NA	NA	NA	NA
HG01800	NA	NA	10000	325603	32.5636	2.61848e-10	-76451.8	-139111	NA	NA	NA	NA	NA	NA	NA	NA	NA	NA
HG01801	NA	NA	10000	330990	33.1023	1.67338e-08	-78366.7	-78366.7	NA	NA	NA	NA	NA	NA	NA	NA	NA	NA
HG01802	NA	NA	10000	331778	33.1811	2.01653e-10	-79251.2	-166480	NA	NA	NA	NA	NA	NA	NA	NA	NA	NA
HG01804	NA	NA	10000	307679	30.7679	2.5545e-09	-73972.3	-73972.3	NA	NA	NA	NA	NA	NA	NA	NA	NA	NA
HG01805	NA	NA	10000	307659	30.7751	6.96828e-09	-76181.2	-76181.2	NA	NA	NA	NA	NA	NA	NA	NA	NA	NA
HG01806	NA	NA	10000	320412	32.054	2.46604e-08	-78236.9	-78236.9	NA	NA	NA	NA	NA	NA	NA	NA	NA	NA
HG01807	NA	NA	10000	317683	31.7715	1.97667e-08	-76921.9	-76921.9	NA	NA	NA	NA	NA	NA	NA	NA	NA	NA
HG01808	NA	NA	10000	333581	33.3681	4.03915e-08	-80666.9	-80666.9	NA	NA	NA	NA	NA	NA	NA	NA	NA	NA
HG01809	NA	NA	10000	336029	33.6029	4.97403e-10	-78232.5	-135180	NA	NA	NA	NA	NA	NA	NA	NA	NA	NA
HG01810	NA	NA	10000	306956	30.7048	1.91387e-08	-72099.1	-115569	NA	NA	NA	NA	NA	NA	NA	NA	NA	NA
HG01811	NA	NA	10000	320478	32.0542	4.34186e-09	-74784.9	-90167.3	NA	NA	NA	NA	NA	NA	NA	NA	NA	NA
HG01812	NA	NA	10000	316308	31.634	2.90389e-09	-76100.7	-148409	NA	NA	NA	NA	NA	NA	NA	NA	NA	NA
HG01813	NA	NA	10000	342108	34.2176	2.89226e-05	-81778.4	-171357	NA	NA	NA	NA	NA	NA	NA	NA	NA	NA
HG01815	NA	NA	10000	311656	31.1718	7.97945e-10	-75516.4	-132118	NA	NA	NA	NA	NA	NA	NA	NA	NA	NA
HG01816	NA	NA	10000	342359	34.2427	9.58971e-06	-73624.8	-134199	NA	NA	NA	NA	NA	NA	NA	NA	NA	NA
HG01817	NA	NA	10000	329111	32.9177	2.09447e-08	-78006.1	-78006.1	NA	NA	NA	NA	NA	NA	NA	NA	NA	NA
HG01840	NA	NA	10000	327540	32.7573	7.33145e-09	-78708.3	-113981	NA	NA	NA	NA	NA	NA	NA	NA	NA	NA
HG01841	NA	NA	10000	331886	33.1919	5.52254e-10	-79107.2	-132647	NA	NA	NA	NA	NA	NA	NA	NA	NA	NA
HG01842	NA	NA	10000	325268	32.5333	4.31448e-08	-81563.6	-98805.4	NA	NA	NA	NA	NA	NA	NA	NA	NA	NA
HG01843	NA	NA	10000	323605	32.3702	4.5392e-09	-78885.9	-132361	NA	NA	NA	NA	NA	NA	NA	NA	NA	NA
HG01844	NA	NA	10000	317545	31.7577	1.38004e-08	-78111.4	-101527	NA	NA	NA	NA	NA	NA	NA	NA	NA	NA
HG01845	NA	NA	10000	322102	32.2134	8.5456e-10	-78294.9	-150952	NA	NA	NA	NA	NA	NA	NA	NA	NA	NA
HG01846	NA	NA	10000	320373	32.0373	1.03309e-08	-77845.5	-77845.5	NA	NA	NA	NA	NA	NA	NA	NA	NA	NA
HG01847	NA	NA	10000	333707	33.3774	2.05166e-09	-82201.2	-140378	NA	NA	NA	NA	NA	NA	NA	NA	NA	NA
HG01848	NA	NA	10000	347279	34.7348	3.89795e-09	-84898.6	-143825	NA	NA	NA	NA	NA	NA	NA	NA	NA	NA
HG01849	NA	NA	10000	343160	34.3194	2.71756e-08	-84920.9	-112294	NA	NA	NA	NA	NA	NA	NA	NA	NA	NA
HG01850	NA	NA	10000	352454	35.2525	1.66414e-09	-85913.9	-149054	NA	NA	NA	NA	NA	NA	NA	NA	NA	NA
HG01851	NA	NA	10000	326784	32.6784	9.95281e-09	-78197.3	-78197.3	NA	NA	NA	NA	NA	NA	NA	NA	NA	NA
HG01852	NA	NA	10000	333269	33.3336	4.97081e-10	-81224.5	-142837	NA	NA	NA	NA	NA	NA	NA	NA	NA	NA
HG01853	NA	NA	10000	326833	32.7029	3.52566e-09	-79795.4	-109833	NA	NA	NA	NA	NA	NA	NA	NA	NA	NA
HG01855	NA	NA	10000	344125	34.4194	1.04625e-08	-82784.7	-82784.7	NA	NA	NA	NA	NA	NA	NA	NA	NA	NA
HG01857	NA	NA	10000	323777	32.3874	1.00209e-08	-78830.4	-78830.4	NA	NA	NA	NA	NA	NA	NA	NA	NA	NA
HG01858	NA	NA	10000	330668	33.0701	3.27605e-08	-79901.2	-79901.2	NA	NA	NA	NA	NA	NA	NA	NA	NA	NA
HG01859	NA	NA	10000	314417	31.4511	1.54364e-05	-75655.1	-98096.4	NA	NA	NA	NA	NA	NA	NA	NA	NA	NA
HG01860	NA	NA	10000	320460	32.0588	3.08244e-08	-77677.8	-77677.8	NA	NA	NA	NA	NA	NA	NA	NA	NA	NA
HG01861	NA	NA	10000	343709	34.3847	1.51354e-08	-81206.9	-129118	NA	NA	NA	NA	NA	NA	NA	NA	NA	NA
HG01862	NA	NA	10000	336299	33.6366	5.93008e-10	-79736.8	-126714	NA	NA	NA	NA	NA	NA	NA	NA	NA	NA
HG01863	NA	NA	10000	329481	32.9613	1.71962e-10	-80944.3	-181582	NA	NA	NA	NA	NA	NA	NA	NA	NA	NA
HG01864	NA	NA	10000	338994	33.8994	1.16754e-09	-81767.9	-140306	NA	NA	NA	NA	NA	NA	NA	NA	NA	NA
HG01865	NA	NA	10000	334945	33.5012	2.11617e-05	-81637.7	-100400	NA	NA	NA	NA	NA	NA	NA	NA	NA	NA
HG01866	NA	NA	10000	329262	32.9361	1.54767e-08	-78219.5	-124459	NA	NA	NA	NA	NA	NA	NA	NA	NA	NA
HG01867	NA	NA	10000	327264	32.7329	1.03032e-09	-78189.7	-173429	NA	NA	NA	NA	NA	NA	NA	NA	NA	NA
HG01868	NA	NA	10000	323162	32.3259	1.13032e-09	-76544.1	-160292	NA	NA	NA	NA	NA	NA	NA	NA	NA	NA
HG01869	NA	NA	10000	308663	30.8725	3.82332e-09	-78766.1	-135206	NA	NA	NA	NA	NA	NA	NA	NA	NA	NA
HG01870	NA	NA	10000	313464	31.3527	7.57312e-09	-74993.8	-132777	NA	NA	NA	NA	NA	NA	NA	NA	NA	NA
HG01871	NA	NA	10000	325424	32.5489	2.30129e-08	-77246.5	-77246.5	NA	NA	NA	NA	NA	NA	NA	NA	NA	NA
HG01872	NA	NA	10000	336813	33.6948	1.55031e-08	-81117.5	-81117.5	NA	NA	NA	NA	NA	NA	NA	NA	NA	NA
HG01873	NA	NA	10000	334063	33.4197	1.46655e-05	-80481.2	-133326	NA	NA	NA	NA	NA	NA	NA	NA	NA	NA
HG01874	NA	NA	10000	326455	32.6553	4.43838e-09	-81676.6	-81676.6	NA	NA	NA	NA	NA	NA	NA	NA	NA	NA
HG01878	NA	NA	10000	334407	33.444	2.16309e-09	-79191.1	-135199	NA	NA	NA	NA	NA	NA	NA	NA	NA	NA
HG01879	NA	NA	10000	321438	32.147	4.81241e-08	-83980.7	-88325.5	NA	NA	NA	NA	NA	NA	NA	NA	NA	NA
HG01880	NA	NA	10000	296862	29.6921	4.74616e-09	-83358.9	-146658	NA	NA	NA	NA	NA	NA	NA	NA	NA	NA
HG01881	NA	NA	10000	338095	33.8163	1.11447e-08	-90074.5	-153222	NA	NA	NA	NA	NA	NA	NA	NA	NA	NA
HG01882	NA	NA	10000	324488	32.4585	5.13607e-09	-82002.9	-138656	NA	NA	NA	NA	NA	NA	NA	NA	NA	NA
HG01883	NA	NA	10000	323093	32.319	7.10265e-09	-82635.4	-82635.4	NA	NA	NA	NA	NA	NA	NA	NA	NA	NA
HG01884	NA	NA	10000	344178	34.4281	8.2117e-10	-89475	-160337	NA	NA	NA	NA	NA	NA	NA	NA	NA	NA
HG01885	NA	NA	10000	323465	32.353	7.55051e-09	-83792.2	-140546	NA	NA	NA	NA	NA	NA	NA	NA	NA	NA
HG01886	NA	NA	10000	328266	32.8332	0.00152525	-87778.8	-92441.7	NA	NA	NA	NA	NA	NA	NA	NA	NA	NA
HG01887	NA	NA	10000	354399	35.4505	1.64909e-05	-91773.4	-122970	NA	NA	NA	NA	NA	NA	NA	NA	NA	NA
HG01888	NA	NA	10000	352606	35.2677	9.58703e-09	-90442.9	-90442.9	NA	NA	NA	NA	NA	NA	NA	NA	NA	NA
HG01889	NA	NA	10000	297266	29.7385	9.00701e-09	-74584.3	-74584.3	NA	NA	NA	NA	NA	NA	NA	NA	NA	NA
HG01890	NA	NA	10000	321455	32.1487	2.95512e-09	-83798.5	-151968	NA	NA	NA	NA	NA	NA	NA	NA	NA	NA
HG01891	NA	NA	10000	328376	32.8409	9.16481e-09	-82858.9	-143922	NA	NA	NA	NA	NA	NA	NA	NA	NA	NA
HG01892	NA	NA	10000	318543	31.8575	2.21567e-09	-78123.8	-78123.8	NA	NA	NA	NA	NA	NA	NA	NA	NA	NA
HG01893	NA	NA	10000	299792	29.9852	1.75905e-05	-77834.1	-125945	NA	NA	NA	NA	NA	NA	NA	NA	NA	NA
HG01894	NA	NA	10000	413403	41.3527	1.58919e-09	-103871	-168124	NA	NA	NA	NA	NA	NA	NA	NA	NA	NA
HG01895	NA	NA	10000	364101	36.4174	3.60425e-09	-94702.2	-160575	NA	NA	NA	NA	NA	NA	NA	NA	NA	NA
HG01896	NA	NA	10000	316884	31.6979	4.83985e-09	-78348.2	-139952	NA	NA	NA	NA	NA	NA	NA	NA	NA	NA
HG01897	NA	NA	10000	352013	35.2048	5.49568e-09	-88008.4	-111192	NA	NA	NA	NA	NA	NA	NA	NA	NA	NA
HG01898	NA	NA	10000	338909	33.8977	0.000228648	-86088.3	-95234.7	NA	NA	NA	NA	NA	NA	NA	NA	NA	NA
HG01912	NA	NA	10000	297701	29.785	5.92571e-05	-77084.1	-110008	NA	NA	NA	NA	NA	NA	NA	NA	NA	NA
HG01914	NA	NA	10000	300505	30.0535	1.95829e-09	-79206.8	-147154	NA	NA	NA	NA	NA	NA	NA	NA	NA	NA
HG01915	NA	NA	10000	299072	29.9102	6.33342e-09	-76629.3	-136229	NA	NA	NA	NA	NA	NA	NA	NA	NA	NA
HG01916	NA	NA	10000	292345	29.2462	9.39589e-10	-76677	-141855	NA	NA	NA	NA	NA	NA	NA	NA	NA	NA
HG01917	NA	NA	10000	309738	30.9924	2.19546e-09	-71407.6	-171132	NA	NA	NA	NA	NA	NA	NA	NA	NA	NA
HG01918	NA	NA	10000	316971	31.7098	5.34075e-09	-73108.8	-73108.8	NA	NA	NA	NA	NA	NA	NA	NA	NA	NA
HG01919	NA	NA	10000	337247	33.7382	8.04533e-09	-77432.9	-77432.9	NA	NA	NA	NA	NA	NA	NA	NA	NA	NA
HG01920	NA	NA	10000	312012	31.2043	3.33482e-08	-64891.8	-84142.6	NA	NA	NA	NA	NA	NA	NA	NA	NA	NA
HG01921	NA	NA	10000	308267	30.8267	1.93881e-08	-72144.5	-72144.5	NA	NA	NA	NA	NA	NA	NA	NA	NA	NA
HG01922	NA	NA	10000	342417	34.2451	1.38455e-08	-77351.7	-77351.7	NA	NA	NA	NA	NA	NA	NA	NA	NA	NA
HG01923	NA	NA	10000	304843	30.4904	2.54427e-08	-66527.4	-66527.4	NA	NA	NA	NA	NA	NA	NA	NA	NA	NA
HG01924	NA	NA	10000	324283	32.4315	3.09646e-08	-81038.9	-81038.9	NA	NA	NA	NA	NA	NA	NA	NA	NA	NA
HG01925	NA	NA	10000	354601	35.4672	2.06489e-09	-83227.2	-162260	NA	NA	NA	NA	NA	NA	NA	NA	NA	NA
HG01926	NA	NA	10000	323090	32.3187	3.79432e-09	-68496.9	-68496.9	NA	NA	NA	NA	NA	NA	NA	NA	NA	NA
HG01927	NA	NA	10000	338435	33.8469	2.14618e-09	-73454.5	-108287	NA	NA	NA	NA	NA	NA	NA	NA	NA	NA
HG01928	NA	NA	10000	359701	35.9737	3.1622e-08	-76487.6	-99367.9	NA	NA	NA	NA	NA	NA	NA	NA	NA	NA
HG01932	NA	NA	10000	322692	32.2757	2.58698e-09	-73729.9	-73729.9	NA	NA	NA	NA	NA	NA	NA	NA	NA	NA
HG01933	NA	NA	10000	322763	32.2795	1.49642e-08	-81888.3	-81888.3	NA	NA	NA	NA	NA	NA	NA	NA	NA	NA
HG01934	NA	NA	10000	366622	36.6622	9.06815e-09	-88326.3	-88326.3	NA	NA	NA	NA	NA	NA	NA	NA	NA	NA
HG01935	NA	NA	10000	344756	34.4825	1.78785e-08	-81169.2	-81169.2	NA	NA	NA	NA	NA	NA	NA	NA	NA	NA
HG01936	NA	NA	10000	311346	31.1408	7.68966e-09	-78239.5	-78239.5	NA	NA	NA	NA	NA	NA	NA	NA	NA	NA
HG01937	NA	NA	10000	341485	34.1553	2.42023e-09	-81292.4	-177073	NA	NA	NA	NA	NA	NA	NA	NA	NA	NA
HG01938	NA	NA	10000	343040	34.3109	1.83921e-05	-72944.9	-107591	NA	NA	NA	NA	NA	NA	NA	NA	NA	NA
HG01939	NA	NA	10000	343380	34.3449	1.79285e-08	-81382	-81382	NA	NA	NA	NA	NA	NA	NA	NA	NA	NA
HG01940	NA	NA	10000	343495	34.3529	3.08127e-05	-76778.9	-99910	NA	NA	NA	NA	NA	NA	NA	NA	NA	NA
HG01941	NA	NA	10000	344926	34.4995	6.46649e-09	-79922.2	-105317	NA	NA	NA	NA	NA	NA	NA	NA	NA	NA
HG01942	NA	NA	10000	332598	33.2665	2.40467e-08	-75976.5	-75976.5	NA	NA	NA	NA	NA	NA	NA	NA	NA	NA
HG01943	NA	NA	10000	331077	33.1143	8.82137e-09	-75106.4	-97535.8	NA	NA	NA	NA	NA	NA	NA	NA	NA	NA
HG01944	NA	NA	10000	335927	33.5961	2.09681e-08	-82154.3	-82154.3	NA	NA	NA	NA	NA	NA	NA	NA	NA	NA
HG01945	NA	NA	10000	327724	32.779	1.39891e-08	-77087.7	-77087.7	NA	NA	NA	NA	NA	NA	NA	NA	NA	NA
HG01946	NA	NA	10000	354954	35.5025	7.18022e-09	-84645.7	-84645.7	NA	NA	NA	NA	NA	NA	NA	NA	NA	NA
HG01947	NA	NA	10000	299804	29.9834	1.7483e-05	-73160.8	-129916	NA	NA	NA	NA	NA	NA	NA	NA	NA	NA
HG01948	NA	NA	10000	343508	34.3508	4.89292e-08	-88273.5	-115895	NA	NA	NA	NA	NA	NA	NA	NA	NA	NA
HG01949	NA	NA	10000	331780	33.1813	3.43162e-09	-84249.2	-145474	NA	NA	NA	NA	NA	NA	NA	NA	NA	NA
HG01950	NA	NA	10000	301416	30.1476	3.24471e-09	-69389.1	-69389.1	NA	NA	NA	NA	NA	NA	NA	NA	NA	NA
HG01951	NA	NA	10000	300428	30.0518	6.66541e-05	-65511	-70183.1	NA	NA	NA	NA	NA	NA	NA	NA	NA	NA
HG01952	NA	NA	10000	342064	34.2098	4.31642e-09	-76294.9	-102789	NA	NA	NA	NA	NA	NA	NA	NA	NA	NA
HG01953	NA	NA	10000	339564	33.9632	1.79853e-08	-76652.2	-76652.2	NA	NA	NA	NA	NA	NA	NA	NA	NA	NA
HG01954	NA	NA	10000	305145	30.5176	1.79848e-08	-66493.8	-66493.8	NA	NA	NA	NA	NA	NA	NA	NA	NA	NA
HG01955	NA	NA	10000	350799	35.0904	5.82656e-09	-76532.7	-76532.7	NA	NA	NA	NA	NA	NA	NA	NA	NA	NA
HG01956	NA	NA	10000	322066	32.213	6.80877e-09	-84366.4	-143205	NA	NA	NA	NA	NA	NA	NA	NA	NA	NA
HG01958	NA	NA	10000	327339	32.7503	4.958e-09	-86642.4	-152949	NA	NA	NA	NA	NA	NA	NA	NA	NA	NA
HG01959	NA	NA	10000	340043	34.0145	2.69183e-09	-88281.6	-155668	NA	NA	NA	NA	NA	NA	NA	NA	NA	NA
HG01960	NA	NA	10000	358942	35.9014	4.03857e-09	-94012.3	-158143	NA	NA	NA	NA	NA	NA	NA	NA	NA	NA
HG01961	NA	NA	10000	297900	29.793	0.00195489	-64899.2	-66020.8	NA	NA	NA	NA	NA	NA	NA	NA	NA	NA
HG01965	NA	NA	10000	308320	30.8351	1.26234e-08	-77777	-77777	NA	NA	NA	NA	NA	NA	NA	NA	NA	NA
HG01967	NA	NA	10000	301707	30.1767	4.47584e-09	-73181.9	-147384	NA	NA	NA	NA	NA	NA	NA	NA	NA	NA
HG01968	NA	NA	10000	331663	33.1696	1.02057e-08	-71781.1	-71781.1	NA	NA	NA	NA	NA	NA	NA	NA	NA	NA
HG01969	NA	NA	10000	349139	34.9209	3.33045e-09	-82024.6	-104039	NA	NA	NA	NA	NA	NA	NA	NA	NA	NA
HG01970	NA	NA	10000	311347	31.1409	3.13839e-09	-67371.9	-67371.9	NA	NA	NA	NA	NA	NA	NA	NA	NA	NA
HG01971	NA	NA	10000	330709	33.0742	8.72086e-10	-82485.5	-172491	NA	NA	NA	NA	NA	NA	NA	NA	NA	NA
HG01972	NA	NA	10000	346108	34.6246	2.62549e-09	-86736.8	-86736.8	NA	NA	NA	NA	NA	NA	NA	NA	NA	NA
HG01973	NA	NA	10000	290072	29.0159	1.94398e-08	-67271	-67271	NA	NA	NA	NA	NA	NA	NA	NA	NA	NA
HG01974	NA	NA	10000	296068	29.6098	3.28398e-10	-66311.9	-107147	NA	NA	NA	NA	NA	NA	NA	NA	NA	NA
HG01975	NA	NA	10000	354005	35.404	7.37008e-09	-78729.9	-101842	NA	NA	NA	NA	NA	NA	NA	NA	NA	NA
HG01976	NA	NA	10000	316812	31.6907	2.95211e-05	-77180.6	-92773.4	NA	NA	NA	NA	NA	NA	NA	NA	NA	NA
HG01977	NA	NA	10000	300082	30.0172	5.19475e-09	-70320.4	-83503.1	NA	NA	NA	NA	NA	NA	NA	NA	NA	NA
HG01978	NA	NA	10000	360653	36.0761	1.50962e-08	-85189.4	-85189.4	NA	NA	NA	NA	NA	NA	NA	NA	NA	NA
HG01979	NA	NA	10000	339277	33.9311	3.40391e-05	-82718.7	-95673.7	NA	NA	NA	NA	NA	NA	NA	NA	NA	NA
HG01980	NA	NA	10000	291652	29.171	1.02475e-07	-71949.9	-71949.9	NA	NA	NA	NA	NA	NA	NA	NA	NA	NA
HG01981	NA	NA	10000	338699	33.8767	6.03609e-10	-81603.9	-181241	NA	NA	NA	NA	NA	NA	NA	NA	NA	NA
HG01982	NA	NA	10000	330972	33.1038	1.89967e-08	-77402	-77402	NA	NA	NA	NA	NA	NA	NA	NA	NA	NA
HG01983	NA	NA	10000	360006	36.0078	4.74088e-09	-86290.3	-110438	NA	NA	NA	NA	NA	NA	NA	NA	NA	NA
HG01984	NA	NA	10000	313815	31.3878	2.22878e-08	-75776	-75776	NA	NA	NA	NA	NA	NA	NA	NA	NA	NA
HG01985	NA	NA	10000	292939	29.2998	7.49884e-09	-73755.2	-132813	NA	NA	NA	NA	NA	NA	NA	NA	NA	NA
HG01986	NA	NA	10000	295657	29.5687	8.56182e-09	-78268.3	-144551	NA	NA	NA	NA	NA	NA	NA	NA	NA	NA
HG01987	NA	NA	10000	346530	34.6599	1.45335e-09	-89554.8	-152555	NA	NA	NA	NA	NA	NA	NA	NA	NA	NA
HG01988	NA	NA	10000	308185	30.8216	1.22492e-08	-83279.7	-153964	NA	NA	NA	NA	NA	NA	NA	NA	NA	NA
HG01989	NA	NA	10000	303081	30.3142	5.7535e-09	-78451.6	-145128	NA	NA	NA	NA	NA	NA	NA	NA	NA	NA
HG01990	NA	NA	10000	301679	30.18	2.11251e-09	-77384	-145782	NA	NA	NA	NA	NA	NA	NA	NA	NA	NA
HG01991	NA	NA	10000	299442	29.9532	9.10455e-09	-72562.6	-72562.6	NA	NA	NA	NA	NA	NA	NA	NA	NA	NA
HG01992	NA	NA	10000	295508	29.5538	8.85146e-09	-66463.1	-66463.1	NA	NA	NA	NA	NA	NA	NA	NA	NA	NA
HG01993	NA	NA	10000	336931	33.7066	1.89582e-08	-79140	-101471	NA	NA	NA	NA	NA	NA	NA	NA	NA	NA
HG01997	NA	NA	10000	292141	29.2258	9.44013e-10	-65717.4	-142802	NA	NA	NA	NA	NA	NA	NA	NA	NA	NA
HG01998	NA	NA	10000	350675	35.078	1.17752e-08	-80689.5	-80689.5	NA	NA	NA	NA	NA	NA	NA	NA	NA	NA
HG02002	NA	NA	10000	329605	32.9638	1.71633e-08	-78445.1	-78445.1	NA	NA	NA	NA	NA	NA	NA	NA	NA	NA
HG02003	NA	NA	10000	305891	30.5922	3.04187e-09	-72034.7	-127875	NA	NA	NA	NA	NA	NA	NA	NA	NA	NA
HG02004	NA	NA	10000	342381	34.2484	9.47488e-09	-78333.6	-84456	NA	NA	NA	NA	NA	NA	NA	NA	NA	NA
HG02006	NA	NA	10000	332142	33.2208	4.76404e-09	-92937.3	-168154	NA	NA	NA	NA	NA	NA	NA	NA	NA	NA
HG02008	NA	NA	10000	296481	29.657	7.1503e-09	-69486	-89255	NA	NA	NA	NA	NA	NA	NA	NA	NA	NA
HG02009	NA	NA	10000	294276	29.4453	6.3496e-09	-79237.6	-79237.6	NA	NA	NA	NA	NA	NA	NA	NA	NA	NA
HG02010	NA	NA	10000	293931	29.4019	9.76485e-09	-76174.4	-76174.4	NA	NA	NA	NA	NA	NA	NA	NA	NA	NA
HG02011	NA	NA	10000	342782	34.2816	6.45986e-09	-89604.4	-152374	NA	NA	NA	NA	NA	NA	NA	NA	NA	NA
HG02012	NA	NA	10000	392046	39.2203	2.21408e-09	-101686	-168561	NA	NA	NA	NA	NA	NA	NA	NA	NA	NA
HG02013	NA	NA	10000	335582	33.5683	2.42118e-08	-85557.5	-85557.5	NA	NA	NA	NA	NA	NA	NA	NA	NA	NA
HG02014	NA	NA	10000	310431	31.0524	1.34906e-09	-80249.9	-145139	NA	NA	NA	NA	NA	NA	NA	NA	NA	NA
HG02015	NA	NA	10000	351141	35.1211	1.40241e-08	-86344	-86344	NA	NA	NA	NA	NA	NA	NA	NA	NA	NA
HG02016	NA	NA	10000	293937	29.3996	3.89608e-09	-75061.4	-133587	NA	NA	NA	NA	NA	NA	NA	NA	NA	NA
HG02017	NA	NA	10000	297033	29.7092	5.73235e-09	-72411.2	-134649	NA	NA	NA	NA	NA	NA	NA	NA	NA	NA
HG02018	NA	NA	10000	337420	33.7521	0.000859181	-82010.9	-82544.6	NA	NA	NA	NA	NA	NA	NA	NA	NA	NA
HG02019	NA	NA	10000	295263	29.5352	4.43028e-11	-70061.3	-131052	NA	NA	NA	NA	NA	NA	NA	NA	NA	NA
HG02020	NA	NA	10000	302558	30.2649	3.97752e-09	-73105.8	-124462	NA	NA	NA	NA	NA	NA	NA	NA	NA	NA
HG02023	NA	NA	10000	314074	31.4137	8.2134e-10	-77024.9	-153285	NA	NA	NA	NA	NA	NA	NA	NA	NA	NA
HG02024	NA	NA	10000	326940	32.7005	3.01778e-08	-79916.9	-79916.9	NA	NA	NA	NA	NA	NA	NA	NA	NA	NA
HG02025	NA	NA	10000	320596	32.0692	2.50146e-09	-77421.3	-127507	NA	NA	NA	NA	NA	NA	NA	NA	NA	NA
HG02026	NA	NA	10000	290030	29.0059	2.19357e-08	-70217.4	-70217.4	NA	NA	NA	NA	NA	NA	NA	NA	NA	NA
HG02027	NA	NA	10000	346116	34.622	8.1156e-08	-84015.9	-95140.2	NA	NA	NA	NA	NA	NA	NA	NA	NA	NA
HG02028	NA	NA	10000	293477	29.3477	1.37687e-08	-73017.5	-73017.5	NA	NA	NA	NA	NA	NA	NA	NA	NA	NA
HG02029	NA	NA	10000	321521	32.1553	3.2628e-08	-78844.3	-137775	NA	NA	NA	NA	NA	NA	NA	NA	NA	NA
HG02030	NA	NA	10000	343248	34.3317	5.44739e-09	-84215.6	-84215.6	NA	NA	NA	NA	NA	NA	NA	NA	NA	NA
HG02031	NA	NA	10000	309562	30.9624	0.000101426	-78021.2	-82588.3	NA	NA	NA	NA	NA	NA	NA	NA	NA	NA
HG02032	NA	NA	10000	322003	32.2067	9.1401e-10	-78837.7	-144718	NA	NA	NA	NA	NA	NA	NA	NA	NA	NA
HG02035	NA	NA	10000	335656	33.569	2.28811e-09	-81220	-129959	NA	NA	NA	NA	NA	NA	NA	NA	NA	NA
HG02040	NA	NA	10000	328760	32.8793	9.82873e-09	-79002.9	-79002.9	NA	NA	NA	NA	NA	NA	NA	NA	NA	NA
HG02047	NA	NA	10000	332176	33.2276	1.15499e-08	-79878.8	-79878.8	NA	NA	NA	NA	NA	NA	NA	NA	NA	NA
HG02048	NA	NA	10000	317704	31.7768	1.9601e-10	-76249.7	-132608	NA	NA	NA	NA	NA	NA	NA	NA	NA	NA
HG02049	NA	NA	10000	326835	32.6868	3.92717e-09	-81337.3	-132531	NA	NA	NA	NA	NA	NA	NA	NA	NA	NA
HG02050	NA	NA	10000	364550	36.4659	1.73927e-08	-86916.3	-86916.3	NA	NA	NA	NA	NA	NA	NA	NA	NA	NA
HG02051	NA	NA	10000	341185	34.1253	8.15302e-09	-85180.2	-85180.2	NA	NA	NA	NA	NA	NA	NA	NA	NA	NA
HG02052	NA	NA	10000	305815	30.5876	1.91028e-09	-75419.2	-137712	NA	NA	NA	NA	NA	NA	NA	NA	NA	NA
HG02053	NA	NA	10000	300818	30.0938	4.43398e-09	-77050.3	-143305	NA	NA	NA	NA	NA	NA	NA	NA	NA	NA
HG02054	NA	NA	10000	295891	29.598	8.34124e-09	-78738.4	-137723	NA	NA	NA	NA	NA	NA	NA	NA	NA	NA
HG02055	NA	NA	10000	337903	33.8072	1.45004e-09	-87253.7	-152628	NA	NA	NA	NA	NA	NA	NA	NA	NA	NA
HG02056	NA	NA	10000	335068	33.5135	2.48987e-08	-80174.6	-80174.6	NA	NA	NA	NA	NA	NA	NA	NA	NA	NA
HG02057	NA	NA	10000	321002	32.1034	4.59783e-09	-77828.8	-132860	NA	NA	NA	NA	NA	NA	NA	NA	NA	NA
HG02058	NA	NA	10000	337628	33.7662	2.17129e-09	-83182.5	-142716	NA	NA	NA	NA	NA	NA	NA	NA	NA	NA
HG02059	NA	NA	10000	341310	34.1378	1.98623e-08	-79571.1	-79571.1	NA	NA	NA	NA	NA	NA	NA	NA	NA	NA
HG02060	NA	NA	10000	321496	32.156	6.69775e-09	-78190.8	-78190.8	NA	NA	NA	NA	NA	NA	NA	NA	NA	NA
HG02061	NA	NA	10000	346906	34.6975	2.64778e-08	-82606.5	-141790	NA	NA	NA	NA	NA	NA	NA	NA	NA	NA
HG02064	NA	NA	10000	302741	30.2802	0.000172272	-75622.8	-103084	NA	NA	NA	NA	NA	NA	NA	NA	NA	NA
HG02067	NA	NA	10000	327054	32.7119	5.20976e-09	-79813.7	-79813.7	NA	NA	NA	NA	NA	NA	NA	NA	NA	NA
HG02068	NA	NA	10000	339229	33.9263	8.98808e-10	-82863.2	-172112	NA	NA	NA	NA	NA	NA	NA	NA	NA	NA
HG02069	NA	NA	10000	290611	29.0611	7.17992e-09	-71597.5	-71597.5	NA	NA	NA	NA	NA	NA	NA	NA	NA	NA
HG02070	NA	NA	10000	305810	30.5902	1.34273e-05	-74685.5	-145392	NA	NA	NA	NA	NA	NA	NA	NA	NA	NA
HG02071	NA	NA	10000	321420	32.1516	0.000182738	-76203.6	-139180	NA	NA	NA	NA	NA	NA	NA	NA	NA	NA
HG02072	NA	NA	10000	324161	32.4193	2.13671e-09	-76848.8	-117141	NA	NA	NA	NA	NA	NA	NA	NA	NA	NA
HG02073	NA	NA	10000	323546	32.3643	5.07845e-10	-78412.8	-152222	NA	NA	NA	NA	NA	NA	NA	NA	NA	NA
HG02074	NA	NA	10000	389107	38.9263	1.17774e-08	-91927.7	-148758	NA	NA	NA	NA	NA	NA	NA	NA	NA	NA
HG02075	NA	NA	10000	316982	31.7045	4.57609e-09	-76876.8	-76876.8	NA	NA	NA	NA	NA	NA	NA	NA	NA	NA
HG02076	NA	NA	10000	333648	33.3782	7.86294e-09	-80739.4	-80739.4	NA	NA	NA	NA	NA	NA	NA	NA	NA	NA
HG02077	NA	NA	10000	348326	34.8361	0.00256431	-84553.9	-87405.7	NA	NA	NA	NA	NA	NA	NA	NA	NA	NA
HG02078	NA	NA	10000	296590	29.662	1.19885e-08	-72869.2	-72869.2	NA	NA	NA	NA	NA	NA	NA	NA	NA	NA
HG02079	NA	NA	10000	303787	30.3878	9.03946e-09	-74939.7	-130617	NA	NA	NA	NA	NA	NA	NA	NA	NA	NA
HG02080	NA	NA	10000	345176	34.528	2.32486e-08	-85771.6	-85771.6	NA	NA	NA	NA	NA	NA	NA	NA	NA	NA
HG02081	NA	NA	10000	298380	29.844	1.24553e-09	-72618	-151039	NA	NA	NA	NA	NA	NA	NA	NA	NA	NA
HG02082	NA	NA	10000	297479	29.7598	5.30239e-05	-72745.5	-91145.7	NA	NA	NA	NA	NA	NA	NA	NA	NA	NA
HG02083	NA	NA	10000	341385	34.1453	3.16319e-10	-81427.1	-163132	NA	NA	NA	NA	NA	NA	NA	NA	NA	NA
HG02084	NA	NA	10000	297789	29.7908	2.58151e-09	-72943.6	-125498	NA	NA	NA	NA	NA	NA	NA	NA	NA	NA
HG02085	NA	NA	10000	307767	30.7798	2.86358e-05	-74311.7	-97402.9	NA	NA	NA	NA	NA	NA	NA	NA	NA	NA
HG02086	NA	NA	10000	304822	30.4913	3.83171e-08	-74173.3	-91876.5	NA	NA	NA	NA	NA	NA	NA	NA	NA	NA
HG02087	NA	NA	10000	328480	32.8579	5.48274e-09	-78018.7	-78018.7	NA	NA	NA	NA	NA	NA	NA	NA	NA	NA
HG02088	NA	NA	10000	337009	33.7144	9.98617e-09	-82439.2	-129949	NA	NA	NA	NA	NA	NA	NA	NA	NA	NA
HG02089	NA	NA	10000	300218	30.0278	2.47827e-08	-73965.4	-73965.4	NA	NA	NA	NA	NA	NA	NA	NA	NA	NA
HG02090	NA	NA	10000	310174	31.0267	5.42497e-09	-78886.2	-78886.2	NA	NA	NA	NA	NA	NA	NA	NA	NA	NA
HG02091	NA	NA	10000	348523	34.8558	2.83517e-10	-87810.2	-170549	NA	NA	NA	NA	NA	NA	NA	NA	NA	NA
HG02095	NA	NA	10000	320675	32.0771	4.63125e-05	-82702.8	-100570	NA	NA	NA	NA	NA	NA	NA	NA	NA	NA
HG02102	NA	NA	10000	310466	31.0466	1.99185e-09	-72469.9	-164075	NA	NA	NA	NA	NA	NA	NA	NA	NA	NA
HG02104	NA	NA	10000	337557	33.7625	2.91627e-08	-77751.9	-77751.9	NA	NA	NA	NA	NA	NA	NA	NA	NA	NA
HG02105	NA	NA	10000	299718	29.9838	4.60279e-09	-67487.5	-113822	NA	NA	NA	NA	NA	NA	NA	NA	NA	NA
HG02106	NA	NA	10000	368294	36.8368	0.000273741	-82035.5	-83587.6	NA	NA	NA	NA	NA	NA	NA	NA	NA	NA
HG02107	NA	NA	10000	417433	41.7517	1.55814e-09	-101200	-101200	NA	NA	NA	NA	NA	NA	NA	NA	NA	NA
HG02108	NA	NA	10000	322761	32.2793	6.2146e-09	-83871.1	-143891	NA	NA	NA	NA	NA	NA	NA	NA	NA	NA
HG02111	NA	NA	10000	324263	32.4328	8.67306e-10	-84895	-148736	NA	NA	NA	NA	NA	NA	NA	NA	NA	NA
HG02113	NA	NA	10000	319243	31.9339	8.26455e-09	-77266.1	-77266.1	NA	NA	NA	NA	NA	NA	NA	NA	NA	NA
HG02116	NA	NA	10000	314890	31.4953	1.79453e-08	-76488.4	-76488.4	NA	NA	NA	NA	NA	NA	NA	NA	NA	NA
HG02120	NA	NA	10000	347569	34.7639	1.61312e-09	-82757.6	-139618	NA	NA	NA	NA	NA	NA	NA	NA	NA	NA
HG02121	NA	NA	10000	295142	29.5172	5.62792e-08	-72471.4	-72471.4	NA	NA	NA	NA	NA	NA	NA	NA	NA	NA
HG02122	NA	NA	10000	323693	32.3758	1.38292e-08	-78290	-78290	NA	NA	NA	NA	NA	NA	NA	NA	NA	NA
HG02126	NA	NA	10000	351384	35.1489	6.68334e-09	-84178.4	-144664	NA	NA	NA	NA	NA	NA	NA	NA	NA	NA
HG02127	NA	NA	10000	327167	32.7298	1.10917e-09	-78257.5	-137943	NA	NA	NA	NA	NA	NA	NA	NA	NA	NA
HG02128	NA	NA	10000	317370	31.7433	5.57483e-09	-77919.4	-131135	NA	NA	NA	NA	NA	NA	NA	NA	NA	NA
HG02129	NA	NA	10000	352428	35.2498	7.87683e-10	-84311.7	-184377	NA	NA	NA	NA	NA	NA	NA	NA	NA	NA
HG02130	NA	NA	10000	322148	32.2245	3.92689e-09	-75954.8	-123751	NA	NA	NA	NA	NA	NA	NA	NA	NA	NA
HG02131	NA	NA	10000	321015	32.1047	3.24417e-08	-78888.4	-90484.8	NA	NA	NA	NA	NA	NA	NA	NA	NA	NA
HG02132	NA	NA	10000	347745	34.7815	1.22777e-07	-86439.6	-96593.2	NA	NA	NA	NA	NA	NA	NA	NA	NA	NA
HG02133	NA	NA	10000	340940	34.1076	8.25556e-10	-81414.2	-168108	NA	NA	NA	NA	NA	NA	NA	NA	NA	NA
HG02134	NA	NA	10000	325321	32.5386	1.20132e-10	-81492.1	-142767	NA	NA	NA	NA	NA	NA	NA	NA	NA	NA
HG02135	NA	NA	10000	353892	35.3963	8.37732e-10	-84685.5	-180904	NA	NA	NA	NA	NA	NA	NA	NA	NA	NA
HG02136	NA	NA	10000	313082	31.3145	2.33144e-08	-77732.8	-77732.8	NA	NA	NA	NA	NA	NA	NA	NA	NA	NA
HG02137	NA	NA	10000	322742	32.2871	2.26008e-05	-78228.9	-117600	NA	NA	NA	NA	NA	NA	NA	NA	NA	NA
HG02138	NA	NA	10000	330330	33.0396	1.7078e-05	-79826	-139844	NA	NA	NA	NA	NA	NA	NA	NA	NA	NA
HG02139	NA	NA	10000	331111	33.121	3.04525e-09	-81279.4	-141667	NA	NA	NA	NA	NA	NA	NA	NA	NA	NA
HG02140	NA	NA	10000	329715	32.9814	2.26984e-08	-79387.3	-79387.3	NA	NA	NA	NA	NA	NA	NA	NA	NA	NA
HG02141	NA	NA	10000	319850	31.9914	6.21754e-08	-78322.1	-78322.1	NA	NA	NA	NA	NA	NA	NA	NA	NA	NA
HG02142	NA	NA	10000	331762	33.1862	1.44841e-05	-81466	-139453	NA	NA	NA	NA	NA	NA	NA	NA	NA	NA
HG02143	NA	NA	10000	430202	43.0374	2.1274e-09	-109107	-170713	NA	NA	NA	NA	NA	NA	NA	NA	NA	NA
HG02144	NA	NA	10000	294077	29.4165	4.52748e-09	-76078.6	-134667	NA	NA	NA	NA	NA	NA	NA	NA	NA	NA
HG02145	NA	NA	10000	341348	34.145	3.02666e-09	-90357.4	-167829	NA	NA	NA	NA	NA	NA	NA	NA	NA	NA
HG02146	NA	NA	10000	300773	30.0803	3.36252e-05	-67587.3	-83521.1	NA	NA	NA	NA	NA	NA	NA	NA	NA	NA
HG02147	NA	NA	10000	327255	32.7288	2.11784e-08	-71590.4	-71590.4	NA	NA	NA	NA	NA	NA	NA	NA	NA	NA
HG02148	NA	NA	10000	312135	31.2166	2.1068e-08	-70601.6	-70601.6	NA	NA	NA	NA	NA	NA	NA	NA	NA	NA
HG02150	NA	NA	10000	326800	32.6898	3.98232e-09	-70154.2	-92160.8	NA	NA	NA	NA	NA	NA	NA	NA	NA	NA
HG02151	NA	NA	10000	329200	32.9266	3.8909e-08	-79043.8	-95025.1	NA	NA	NA	NA	NA	NA	NA	NA	NA	NA
HG02152	NA	NA	10000	320282	32.0346	7.22552e-09	-77599	-77599	NA	NA	NA	NA	NA	NA	NA	NA	NA	NA
HG02153	NA	NA	10000	328738	32.8771	2.55187e-09	-78206.3	-171092	NA	NA	NA	NA	NA	NA	NA	NA	NA	NA
HG02154	NA	NA	10000	327156	32.7189	2.73606e-09	-76350.7	-129596	NA	NA	NA	NA	NA	NA	NA	NA	NA	NA
HG02155	NA	NA	10000	305088	30.5149	6.4368e-09	-75846.7	-124857	NA	NA	NA	NA	NA	NA	NA	NA	NA	NA
HG02156	NA	NA	10000	327186	32.7284	3.00607e-07	-76960	-83308.1	NA	NA	NA	NA	NA	NA	NA	NA	NA	NA
HG02164	NA	NA	10000	361220	36.1292	0.00259226	-86646.7	-87412.7	NA	NA	NA	NA	NA	NA	NA	NA	NA	NA
HG02165	NA	NA	10000	322097	32.2161	3.47337e-09	-76905.8	-131117	NA	NA	NA	NA	NA	NA	NA	NA	NA	NA
HG02166	NA	NA	10000	311746	31.184	0.00246074	-77065.8	-77570.9	NA	NA	NA	NA	NA	NA	NA	NA	NA	NA
HG02178	NA	NA	10000	318248	31.8312	3.08442e-09	-77124.1	-77124.1	NA	NA	NA	NA	NA	NA	NA	NA	NA	NA
HG02179	NA	NA	10000	319630	31.9694	1.89374e-09	-79713.4	-135973	NA	NA	NA	NA	NA	NA	NA	NA	NA	NA
HG02180	NA	NA	10000	332858	33.2925	1.54387e-09	-79409.9	-152669	NA	NA	NA	NA	NA	NA	NA	NA	NA	NA
HG02181	NA	NA	10000	319187	31.9379	2.1197e-08	-76961.8	-76961.8	NA	NA	NA	NA	NA	NA	NA	NA	NA	NA
HG02182	NA	NA	10000	336128	33.6195	0.000762416	-82537.9	-90429.7	NA	NA	NA	NA	NA	NA	NA	NA	NA	NA
HG02184	NA	NA	10000	329475	32.9574	7.81395e-09	-78743.1	-78743.1	NA	NA	NA	NA	NA	NA	NA	NA	NA	NA
HG02185	NA	NA	10000	324010	32.4075	3.93345e-07	-76989.1	-95317.8	NA	NA	NA	NA	NA	NA	NA	NA	NA	NA
HG02186	NA	NA	10000	324941	32.5006	7.22507e-09	-77229.6	-77229.6	NA	NA	NA	NA	NA	NA	NA	NA	NA	NA
HG02187	NA	NA	10000	309170	30.9232	9.63898e-08	-77473.5	-77473.5	NA	NA	NA	NA	NA	NA	NA	NA	NA	NA
HG02188	NA	NA	10000	316425	31.6488	7.86371e-09	-75230.9	-75230.9	NA	NA	NA	NA	NA	NA	NA	NA	NA	NA
HG02190	NA	NA	10000	324744	32.4874	2.18729e-08	-79403.8	-79403.8	NA	NA	NA	NA	NA	NA	NA	NA	NA	NA
HG02215	NA	NA	10000	336923	33.6957	1.85233e-09	-85655.6	-165987	NA	NA	NA	NA	NA	NA	NA	NA	NA	NA
HG02219	NA	NA	10000	356720	35.6791	5.038e-09	-87992	-152858	NA	NA	NA	NA	NA	NA	NA	NA	NA	NA
HG02220	NA	NA	10000	318577	31.8704	3.2577e-09	-83879.7	-149892	NA	NA	NA	NA	NA	NA	NA	NA	NA	NA
HG02221	NA	NA	10000	320053	32.0085	8.66921e-10	-83973.9	-145315	NA	NA	NA	NA	NA	NA	NA	NA	NA	NA
HG02222	NA	NA	10000	342152	34.222	1.47351e-09	-88841.3	-151494	NA	NA	NA	NA	NA	NA	NA	NA	NA	NA
HG02223	NA	NA	10000	315574	31.5669	8.6533e-09	-82306.9	-82306.9	NA	NA	NA	NA	NA	NA	NA	NA	NA	NA
HG02224	NA	NA	10000	325952	32.5952	3.27391e-09	-84816	-146828	NA	NA	NA	NA	NA	NA	NA	NA	NA	NA
HG02225	NA	NA	10000	326146	32.6211	1.0378e-08	-84556.9	-84556.9	NA	NA	NA	NA	NA	NA	NA	NA	NA	NA
HG02229	NA	NA	10000	333751	33.3784	2.66375e-09	-84790.7	-143429	NA	NA	NA	NA	NA	NA	NA	NA	NA	NA
HG02230	NA	NA	10000	327912	32.7945	1.63212e-09	-82991.4	-145714	NA	NA	NA	NA	NA	NA	NA	NA	NA	NA
HG02231	NA	NA	10000	307394	30.7425	8.06854e-05	-79456.5	-130467	NA	NA	NA	NA	NA	NA	NA	NA	NA	NA
HG02232	NA	NA	10000	320954	32.0954	0.000225589	-84549.9	-87112.2	NA	NA	NA	NA	NA	NA	NA	NA	NA	NA
HG02233	NA	NA	10000	327016	32.7016	1.37252e-10	-82127.8	-165872	NA	NA	NA	NA	NA	NA	NA	NA	NA	NA
HG02234	NA	NA	10000	339624	33.9624	6.36543e-09	-85749.8	-85749.8	NA	NA	NA	NA	NA	NA	NA	NA	NA	NA
HG02235	NA	NA	10000	314193	31.4224	4.00199e-08	-80682	-91699.3	NA	NA	NA	NA	NA	NA	NA	NA	NA	NA
HG02236	NA	NA	10000	327354	32.7387	2.25603e-09	-83459.3	-150862	NA	NA	NA	NA	NA	NA	NA	NA	NA	NA
HG02237	NA	NA	10000	324391	32.4423	2.93995e-09	-81532.6	-161626	NA	NA	NA	NA	NA	NA	NA	NA	NA	NA
HG02238	NA	NA	10000	324403	32.4435	3.01514e-09	-85488.1	-161021	NA	NA	NA	NA	NA	NA	NA	NA	NA	NA
HG02239	NA	NA	10000	313189	31.3252	5.3323e-08	-80763.6	-130133	NA	NA	NA	NA	NA	NA	NA	NA	NA	NA
HG02240	NA	NA	10000	331820	33.1853	2.65596e-09	-86628.4	-149347	NA	NA	NA	NA	NA	NA	NA	NA	NA	NA
HG02250	NA	NA	10000	314954	31.5049	1.94412e-08	-75431	-75431	NA	NA	NA	NA	NA	NA	NA	NA	NA	NA
HG02252	NA	NA	10000	349242	34.9312	1.28831e-08	-83661.6	-83661.6	NA	NA	NA	NA	NA	NA	NA	NA	NA	NA
HG02253	NA	NA	10000	322989	32.3021	1.71749e-11	-83807.6	-162188	NA	NA	NA	NA	NA	NA	NA	NA	NA	NA
HG02255	NA	NA	10000	321581	32.1645	1.02682e-08	-82522.5	-82522.5	NA	NA	NA	NA	NA	NA	NA	NA	NA	NA
HG02256	NA	NA	10000	304505	30.4566	1.08523e-08	-80921.8	-142782	NA	NA	NA	NA	NA	NA	NA	NA	NA	NA
HG02257	NA	NA	10000	342998	34.3032	3.13627e-05	-90277.9	-97088.2	NA	NA	NA	NA	NA	NA	NA	NA	NA	NA
HG02258	NA	NA	10000	345513	34.5582	6.71839e-09	-88194.1	-148380	NA	NA	NA	NA	NA	NA	NA	NA	NA	NA
HG02259	NA	NA	10000	333324	33.3357	2.24079e-08	-72773.8	-154978	NA	NA	NA	NA	NA	NA	NA	NA	NA	NA
HG02260	NA	NA	10000	334801	33.4834	1.51717e-08	-77064.2	-77064.2	NA	NA	NA	NA	NA	NA	NA	NA	NA	NA
HG02261	NA	NA	10000	333933	33.3966	7.15973e-08	-75109.9	-75109.9	NA	NA	NA	NA	NA	NA	NA	NA	NA	NA
HG02262	NA	NA	10000	357801	35.7873	1.19687e-09	-85309.4	-113878	NA	NA	NA	NA	NA	NA	NA	NA	NA	NA
HG02265	NA	NA	10000	305391	30.5422	0.000734958	-67129.3	-75099.4	NA	NA	NA	NA	NA	NA	NA	NA	NA	NA
HG02266	NA	NA	10000	323423	32.352	5.10552e-09	-71564.7	-126347	NA	NA	NA	NA	NA	NA	NA	NA	NA	NA
HG02271	NA	NA	10000	327932	32.7998	2.06152e-05	-71906.9	-140648	NA	NA	NA	NA	NA	NA	NA	NA	NA	NA
HG02272	NA	NA	10000	339624	33.9658	4.21575e-08	-71754.5	-71754.5	NA	NA	NA	NA	NA	NA	NA	NA	NA	NA
HG02273	NA	NA	10000	321769	32.1833	1.2295e-08	-68269.5	-68269.5	NA	NA	NA	NA	NA	NA	NA	NA	NA	NA
HG02274	NA	NA	10000	334595	33.4595	3.74438e-09	-87541.9	-169319	NA	NA	NA	NA	NA	NA	NA	NA	NA	NA
HG02275	NA	NA	10000	316513	31.6545	1.78779e-08	-70265.7	-70265.7	NA	NA	NA	NA	NA	NA	NA	NA	NA	NA
HG02277	NA	NA	10000	321015	32.1079	3.69832e-08	-75991	-94624.4	NA	NA	NA	NA	NA	NA	NA	NA	NA	NA
HG02278	NA	NA	10000	313240	31.3303	1.23103e-08	-70500	-174253	NA	NA	NA	NA	NA	NA	NA	NA	NA	NA
HG02279	NA	NA	10000	347047	34.7047	3.27731e-08	-79980.9	-79980.9	NA	NA	NA	NA	NA	NA	NA	NA	NA	NA
HG02280	NA	NA	10000	363324	36.3397	4.38131e-09	-92781.7	-149280	NA	NA	NA	NA	NA	NA	NA	NA	NA	NA
HG02281	NA	NA	10000	298940	29.897	2.15783e-20	-76063.8	-146007	NA	NA	NA	NA	NA	NA	NA	NA	NA	NA
HG02282	NA	NA	10000	327530	32.7596	5.28919e-09	-87502.7	-150016	NA	NA	NA	NA	NA	NA	NA	NA	NA	NA
HG02283	NA	NA	10000	323543	32.364	2.66517e-09	-83834.1	-83834.1	NA	NA	NA	NA	NA	NA	NA	NA	NA	NA
HG02284	NA	NA	10000	322234	32.2331	1.02857e-08	-85023.4	-145435	NA	NA	NA	NA	NA	NA	NA	NA	NA	NA
HG02285	NA	NA	10000	316057	31.6057	1.79911e-08	-76139	-76139	NA	NA	NA	NA	NA	NA	NA	NA	NA	NA
HG02286	NA	NA	10000	308999	30.9092	2.80342e-08	-75449.8	-75449.8	NA	NA	NA	NA	NA	NA	NA	NA	NA	NA
HG02287	NA	NA	10000	335807	33.5908	1.03612e-08	-80518.7	-130411	NA	NA	NA	NA	NA	NA	NA	NA	NA	NA
HG02291	NA	NA	10000	319378	31.9474	1.24744e-08	-68828.5	-68828.5	NA	NA	NA	NA	NA	NA	NA	NA	NA	NA
HG02292	NA	NA	10000	334494	33.4561	7.0472e-08	-76413.8	-93350.5	NA	NA	NA	NA	NA	NA	NA	NA	NA	NA
HG02293	NA	NA	10000	328721	32.882	8.88427e-09	-75816	-128146	NA	NA	NA	NA	NA	NA	NA	NA	NA	NA
HG02298	NA	NA	10000	312368	31.2399	2.04987e-08	-78340.8	-78340.8	NA	NA	NA	NA	NA	NA	NA	NA	NA	NA
HG02299	NA	NA	10000	316188	31.622	8.11555e-09	-72580.4	-107824	NA	NA	NA	NA	NA	NA	NA	NA	NA	NA
HG02300	NA	NA	10000	347009	34.7078	5.22142e-09	-85264.4	-108195	NA	NA	NA	NA	NA	NA	NA	NA	NA	NA
HG02301	NA	NA	10000	311759	31.1821	0.000148636	-74594.9	-87298.2	NA	NA	NA	NA	NA	NA	NA	NA	NA	NA
HG02302	NA	NA	10000	345857	34.5926	1.91047e-09	-88197.2	-170535	NA	NA	NA	NA	NA	NA	NA	NA	NA	NA
HG02303	NA	NA	10000	329823	32.9889	1.86545e-08	-79649.7	-79649.7	NA	NA	NA	NA	NA	NA	NA	NA	NA	NA
HG02304	NA	NA	10000	325564	32.5597	8.58851e-09	-77224.2	-77224.2	NA	NA	NA	NA	NA	NA	NA	NA	NA	NA
HG02307	NA	NA	10000	318914	31.9074	1.29784e-05	-82283.7	-148744	NA	NA	NA	NA	NA	NA	NA	NA	NA	NA
HG02308	NA	NA	10000	319108	31.9172	7.0195e-09	-82472.7	-141326	NA	NA	NA	NA	NA	NA	NA	NA	NA	NA
HG02309	NA	NA	10000	307346	30.7438	1.95304e-09	-80877	-148189	NA	NA	NA	NA	NA	NA	NA	NA	NA	NA
HG02312	NA	NA	10000	319907	31.9971	2.6783e-10	-82835.6	-180899	NA	NA	NA	NA	NA	NA	NA	NA	NA	NA
HG02314	NA	NA	10000	323589	32.3654	6.89514e-09	-84112.7	-84112.7	NA	NA	NA	NA	NA	NA	NA	NA	NA	NA
HG02315	NA	NA	10000	298975	29.9095	4.86137e-09	-79802	-139438	NA	NA	NA	NA	NA	NA	NA	NA	NA	NA
HG02316	NA	NA	10000	324543	32.464	3.90177e-09	-80549.8	-147449	NA	NA	NA	NA	NA	NA	NA	NA	NA	NA
HG02317	NA	NA	10000	297554	29.7584	2.21412e-08	-77529.9	-140993	NA	NA	NA	NA	NA	NA	NA	NA	NA	NA
HG02318	NA	NA	10000	299036	29.9126	7.53431e-14	-75323.6	-112793	NA	NA	NA	NA	NA	NA	NA	NA	NA	NA
HG02321	NA	NA	10000	339989	34.0023	1.32521e-09	-86199.5	-155393	NA	NA	NA	NA	NA	NA	NA	NA	NA	NA
HG02322	NA	NA	10000	296374	29.6433	6.14513e-09	-79270.9	-134331	NA	NA	NA	NA	NA	NA	NA	NA	NA	NA
HG02323	NA	NA	10000	324503	32.4568	5.59736e-05	-83315.6	-166505	NA	NA	NA	NA	NA	NA	NA	NA	NA	NA
HG02325	NA	NA	10000	333149	33.3216	4.91565e-05	-85230.8	-85971.7	NA	NA	NA	NA	NA	NA	NA	NA	NA	NA
HG02330	NA	NA	10000	306414	30.6506	1.12975e-11	-81247.7	-81247.7	NA	NA	NA	NA	NA	NA	NA	NA	NA	NA
HG02332	NA	NA	10000	332479	33.2612	6.32725e-09	-83857.2	-143251	NA	NA	NA	NA	NA	NA	NA	NA	NA	NA
HG02334	NA	NA	10000	324653	32.4718	5.97481e-09	-89215.7	-147786	NA	NA	NA	NA	NA	NA	NA	NA	NA	NA
HG02337	NA	NA	10000	333147	33.3214	0.000849561	-84995.8	-90584.1	NA	NA	NA	NA	NA	NA	NA	NA	NA	NA
HG02339	NA	NA	10000	298601	29.8631	2.20931e-09	-74276.3	-138266	NA	NA	NA	NA	NA	NA	NA	NA	NA	NA
HG02343	NA	NA	10000	304065	30.4126	0.000110842	-81666.7	-104049	NA	NA	NA	NA	NA	NA	NA	NA	NA	NA
HG02345	NA	NA	10000	335106	33.5207	3.40872e-05	-88466.7	-115045	NA	NA	NA	NA	NA	NA	NA	NA	NA	NA
HG02348	NA	NA	10000	294248	29.4366	2.89754e-08	-67027.5	-130507	NA	NA	NA	NA	NA	NA	NA	NA	NA	NA
HG02351	NA	NA	10000	345227	34.5331	2.53478e-05	-83596.2	-90432.6	NA	NA	NA	NA	NA	NA	NA	NA	NA	NA
HG02353	NA	NA	10000	302822	30.2973	2.55238e-08	-73396.5	-73396.5	NA	NA	NA	NA	NA	NA	NA	NA	NA	NA
HG02355	NA	NA	10000	305308	30.54	3.70178e-09	-74327.3	-133779	NA	NA	NA	NA	NA	NA	NA	NA	NA	NA
HG02356	NA	NA	10000	314045	31.4139	2.60875e-08	-75886.7	-75886.7	NA	NA	NA	NA	NA	NA	NA	NA	NA	NA
HG02360	NA	NA	10000	302962	30.3023	0.00286185	-75777	-77840.8	NA	NA	NA	NA	NA	NA	NA	NA	NA	NA
HG02364	NA	NA	10000	332792	33.2892	2.758e-10	-79489.9	-173080	NA	NA	NA	NA	NA	NA	NA	NA	NA	NA
HG02367	NA	NA	10000	310097	31.0159	3.40984e-08	-73464.1	-73464.1	NA	NA	NA	NA	NA	NA	NA	NA	NA	NA
HG02371	NA	NA	10000	309790	30.9821	9.94344e-09	-74777.4	-74777.4	NA	NA	NA	NA	NA	NA	NA	NA	NA	NA
HG02373	NA	NA	10000	485765	48.5862	1.10781e-08	-115229	-115229	NA	NA	NA	NA	NA	NA	NA	NA	NA	NA
HG02374	NA	NA	10000	349235	34.9305	3.06343e-09	-83783.2	-165373	NA	NA	NA	NA	NA	NA	NA	NA	NA	NA
HG02375	NA	NA	10000	366234	36.6307	3.01528e-08	-87153.3	-87153.3	NA	NA	NA	NA	NA	NA	NA	NA	NA	NA
HG02379	NA	NA	10000	300185	30.0275	5.80337e-10	-71821	-128852	NA	NA	NA	NA	NA	NA	NA	NA	NA	NA
HG02380	NA	NA	10000	318757	31.8885	1.57166e-08	-72918.8	-72918.8	NA	NA	NA	NA	NA	NA	NA	NA	NA	NA
HG02382	NA	NA	10000	307638	30.7792	2.23572e-09	-73275.2	-125203	NA	NA	NA	NA	NA	NA	NA	NA	NA	NA
HG02383	NA	NA	10000	304385	30.4476	3.84788e-09	-72948.6	-123082	NA	NA	NA	NA	NA	NA	NA	NA	NA	NA
HG02384	NA	NA	10000	294838	29.5015	3.47338e-05	-71943.1	-79567.9	NA	NA	NA	NA	NA	NA	NA	NA	NA	NA
HG02385	NA	NA	10000	292327	29.2356	3.48173e-08	-72259	-72259	NA	NA	NA	NA	NA	NA	NA	NA	NA	NA
HG02386	NA	NA	10000	297543	29.7662	2.85754e-08	-72691	-72691	NA	NA	NA	NA	NA	NA	NA	NA	NA	NA
HG02389	NA	NA	10000	291234	29.1351	1.64105e-05	-71869.6	-136593	NA	NA	NA	NA	NA	NA	NA	NA	NA	NA
HG02390	NA	NA	10000	290719	29.0864	3.33443e-07	-70197.9	-90782.9	NA	NA	NA	NA	NA	NA	NA	NA	NA	NA
HG02391	NA	NA	10000	309187	30.9311	1.92745e-05	-74581.2	-86419.5	NA	NA	NA	NA	NA	NA	NA	NA	NA	NA
HG02392	NA	NA	10000	325828	32.5893	7.02518e-10	-75466.7	-146698	NA	NA	NA	NA	NA	NA	NA	NA	NA	NA
HG02394	NA	NA	10000	315394	31.5426	2.23806e-08	-77126.8	-77126.8	NA	NA	NA	NA	NA	NA	NA	NA	NA	NA
HG02395	NA	NA	10000	321436	32.1468	2.31972e-08	-79179.5	-79179.5	NA	NA	NA	NA	NA	NA	NA	NA	NA	NA
HG02396	NA	NA	10000	322820	32.2949	2.05492e-08	-78562	-78562	NA	NA	NA	NA	NA	NA	NA	NA	NA	NA
HG02397	NA	NA	10000	308126	30.8218	1.23938e-09	-72665.3	-149821	NA	NA	NA	NA	NA	NA	NA	NA	NA	NA
HG02398	NA	NA	10000	294889	29.4918	2.326e-05	-71309.9	-86451.3	NA	NA	NA	NA	NA	NA	NA	NA	NA	NA
HG02399	NA	NA	10000	308973	30.9004	1.93051e-08	-73760.9	-73760.9	NA	NA	NA	NA	NA	NA	NA	NA	NA	NA
HG02401	NA	NA	10000	307772	30.7864	3.66651e-08	-76778.5	-76778.5	NA	NA	NA	NA	NA	NA	NA	NA	NA	NA
HG02402	NA	NA	10000	299523	29.9553	1.07566e-08	-71097.1	-71097.1	NA	NA	NA	NA	NA	NA	NA	NA	NA	NA
HG02406	NA	NA	10000	315676	31.5739	1.07492e-09	-74943.1	-156697	NA	NA	NA	NA	NA	NA	NA	NA	NA	NA
HG02407	NA	NA	10000	315937	31.6	9.10172e-09	-76650.6	-76650.6	NA	NA	NA	NA	NA	NA	NA	NA	NA	NA
HG02408	NA	NA	10000	301285	30.1315	1.47354e-08	-73483.3	-73483.3	NA	NA	NA	NA	NA	NA	NA	NA	NA	NA
HG02409	NA	NA	10000	323126	32.3126	3.5244e-09	-78233.6	-144292	NA	NA	NA	NA	NA	NA	NA	NA	NA	NA
HG02410	NA	NA	10000	326531	32.6662	1.20691e-09	-77712.8	-176054	NA	NA	NA	NA	NA	NA	NA	NA	NA	NA
HG02419	NA	NA	10000	299737	29.9797	3.73074e-09	-77332	-135093	NA	NA	NA	NA	NA	NA	NA	NA	NA	NA
HG02420	NA	NA	10000	302750	30.278	4.8774e-09	-86048.2	-160375	NA	NA	NA	NA	NA	NA	NA	NA	NA	NA
HG02425	NA	NA	10000	319676	31.974	8.78036e-10	-82937.7	-162649	NA	NA	NA	NA	NA	NA	NA	NA	NA	NA
HG02427	NA	NA	10000	317253	31.7285	0.00101197	-80898.9	-82422.5	NA	NA	NA	NA	NA	NA	NA	NA	NA	NA
HG02429	NA	NA	10000	326961	32.7059	7.58378e-05	-84327.7	-118775	NA	NA	NA	NA	NA	NA	NA	NA	NA	NA
HG02433	NA	NA	10000	325783	32.5848	3.73338e-09	-84262.2	-143441	NA	NA	NA	NA	NA	NA	NA	NA	NA	NA
HG02439	NA	NA	10000	328488	32.8554	0.000653892	-83904.5	-87283.1	NA	NA	NA	NA	NA	NA	NA	NA	NA	NA
HG02442	NA	NA	10000	314306	31.44	2.53723e-05	-78628.9	-93495.3	NA	NA	NA	NA	NA	NA	NA	NA	NA	NA
HG02445	NA	NA	10000	352349	35.2384	4.19767e-08	-91426.6	-144259	NA	NA	NA	NA	NA	NA	NA	NA	NA	NA
HG02449	NA	NA	10000	342411	34.2514	5.81949e-09	-83591.4	-139508	NA	NA	NA	NA	NA	NA	NA	NA	NA	NA
HG02450	NA	NA	10000	332916	33.2983	0.000709731	-85600.7	-86639.5	NA	NA	NA	NA	NA	NA	NA	NA	NA	NA
HG02451	NA	NA	10000	343744	34.3813	0.000442358	-85724.3	-100538	NA	NA	NA	NA	NA	NA	NA	NA	NA	NA
HG02455	NA	NA	10000	337944	33.8012	0.000304955	-88824.2	-102482	NA	NA	NA	NA	NA	NA	NA	NA	NA	NA
HG02461	NA	NA	10000	343103	34.3206	0.00207211	-87737.2	-90428.3	NA	NA	NA	NA	NA	NA	NA	NA	NA	NA
HG02462	NA	NA	10000	334449	33.4516	2.42053e-09	-82153.1	-138097	NA	NA	NA	NA	NA	NA	NA	NA	NA	NA
HG02463	NA	NA	10000	359027	35.9171	3.15404e-09	-87722.4	-149283	NA	NA	NA	NA	NA	NA	NA	NA	NA	NA
HG02464	NA	NA	10000	300533	30.0623	1.08273e-07	-74736.6	-74736.6	NA	NA	NA	NA	NA	NA	NA	NA	NA	NA
HG02465	NA	NA	10000	302527	30.2648	1.141e-08	-75870.1	-133518	NA	NA	NA	NA	NA	NA	NA	NA	NA	NA
HG02466	NA	NA	10000	368711	36.8822	7.79175e-05	-90139.2	-93034.3	NA	NA	NA	NA	NA	NA	NA	NA	NA	NA
HG02470	NA	NA	10000	322093	32.2157	7.11309e-09	-81543.9	-127760	NA	NA	NA	NA	NA	NA	NA	NA	NA	NA
HG02471	NA	NA	10000	339061	33.9129	1.08372e-05	-84987	-149333	NA	NA	NA	NA	NA	NA	NA	NA	NA	NA
HG02476	NA	NA	10000	334964	33.4964	0.00121891	-88797	-90837.1	NA	NA	NA	NA	NA	NA	NA	NA	NA	NA
HG02477	NA	NA	10000	328227	32.8325	0.000125987	-84840.8	-91739	NA	NA	NA	NA	NA	NA	NA	NA	NA	NA
HG02479	NA	NA	10000	324300	32.4332	2.86493e-09	-83252.5	-149381	NA	NA	NA	NA	NA	NA	NA	NA	NA	NA
HG02481	NA	NA	10000	324693	32.4758	6.65099e-09	-84094.2	-143627	NA	NA	NA	NA	NA	NA	NA	NA	NA	NA
HG02484	NA	NA	10000	333892	33.3925	5.79969e-09	-85896.3	-144346	NA	NA	NA	NA	NA	NA	NA	NA	NA	NA
HG02485	NA	NA	10000	309493	30.9555	0.000247982	-82442.8	-97329.3	NA	NA	NA	NA	NA	NA	NA	NA	NA	NA
HG02489	NA	NA	10000	340203	34.0237	4.67197e-10	-86903.3	-158971	NA	NA	NA	NA	NA	NA	NA	NA	NA	NA
HG02490	NA	NA	10000	347596	34.7596	7.72584e-09	-84674.8	-84674.8	NA	NA	NA	NA	NA	NA	NA	NA	NA	NA
HG02491	NA	NA	10000	329751	32.9817	2.45137e-09	-83390.5	-167873	NA	NA	NA	NA	NA	NA	NA	NA	NA	NA
HG02492	NA	NA	10000	342438	34.2507	1.46686e-09	-90638.8	-156184	NA	NA	NA	NA	NA	NA	NA	NA	NA	NA
HG02493	NA	NA	10000	320245	32.0309	4.65395e-09	-82444.4	-138035	NA	NA	NA	NA	NA	NA	NA	NA	NA	NA
HG02494	NA	NA	10000	332842	33.2909	0.000363049	-87010.3	-94611	NA	NA	NA	NA	NA	NA	NA	NA	NA	NA
HG02495	NA	NA	10000	363448	36.3521	8.40167e-09	-92766.9	-92766.9	NA	NA	NA	NA	NA	NA	NA	NA	NA	NA
HG02496	NA	NA	10000	315791	31.5854	4.22467e-09	-83766.5	-148579	NA	NA	NA	NA	NA	NA	NA	NA	NA	NA
HG02497	NA	NA	10000	326058	32.6123	3.32565e-09	-83582.8	-142226	NA	NA	NA	NA	NA	NA	NA	NA	NA	NA
HG02501	NA	NA	10000	318359	31.8423	7.7567e-09	-86949.2	-151851	NA	NA	NA	NA	NA	NA	NA	NA	NA	NA
HG02502	NA	NA	10000	301008	30.1038	1.93716e-08	-80815.5	-98760.3	NA	NA	NA	NA	NA	NA	NA	NA	NA	NA
HG02505	NA	NA	10000	301100	30.116	2.66103e-09	-77239.6	-144277	NA	NA	NA	NA	NA	NA	NA	NA	NA	NA
HG02508	NA	NA	10000	321767	32.1896	0.00143404	-84522.5	-89884.5	NA	NA	NA	NA	NA	NA	NA	NA	NA	NA
HG02511	NA	NA	10000	367381	36.7491	8.14102e-09	-91928.6	-91928.6	NA	NA	NA	NA	NA	NA	NA	NA	NA	NA
HG02512	NA	NA	10000	338044	33.8078	1.12694e-08	-79629.2	-79629.2	NA	NA	NA	NA	NA	NA	NA	NA	NA	NA
HG02513	NA	NA	10000	335011	33.5078	1.08505e-09	-80918.9	-130424	NA	NA	NA	NA	NA	NA	NA	NA	NA	NA
HG02514	NA	NA	10000	362324	36.2396	1.50947e-09	-86339.2	-175422	NA	NA	NA	NA	NA	NA	NA	NA	NA	NA
HG02521	NA	NA	10000	329436	32.9469	1.05321e-09	-77945.2	-132942	NA	NA	NA	NA	NA	NA	NA	NA	NA	NA
HG02522	NA	NA	10000	297762	29.7792	2.23081e-09	-72535.9	-153025	NA	NA	NA	NA	NA	NA	NA	NA	NA	NA
HG02523	NA	NA	10000	331014	33.1047	1.96043e-08	-80799.6	-125590	NA	NA	NA	NA	NA	NA	NA	NA	NA	NA
HG02524	NA	NA	10000	324013	32.4078	9.40281e-05	-80745.5	-89476.6	NA	NA	NA	NA	NA	NA	NA	NA	NA	NA
HG02525	NA	NA	10000	320508	32.0604	1.13559e-08	-76170.6	-76170.6	NA	NA	NA	NA	NA	NA	NA	NA	NA	NA
HG02526	NA	NA	10000	313952	31.4015	1.46223e-08	-78084.2	-78084.2	NA	NA	NA	NA	NA	NA	NA	NA	NA	NA
HG02536	NA	NA	10000	331696	33.1729	8.68443e-09	-86306.4	-86306.4	NA	NA	NA	NA	NA	NA	NA	NA	NA	NA
HG02537	NA	NA	10000	328534	32.8567	5.38394e-08	-83343.6	-83343.6	NA	NA	NA	NA	NA	NA	NA	NA	NA	NA
HG02541	NA	NA	10000	319877	31.9909	1.10017e-08	-85049.6	-127634	NA	NA	NA	NA	NA	NA	NA	NA	NA	NA
HG02545	NA	NA	10000	291212	29.1241	3.54385e-09	-74768.7	-137271	NA	NA	NA	NA	NA	NA	NA	NA	NA	NA
HG02546	NA	NA	10000	326946	32.7011	2.58784e-09	-82753.5	-143247	NA	NA	NA	NA	NA	NA	NA	NA	NA	NA
HG02549	NA	NA	10000	339213	33.9247	9.96459e-10	-86412.8	-150784	NA	NA	NA	NA	NA	NA	NA	NA	NA	NA
HG02554	NA	NA	10000	384812	38.4927	8.6884e-09	-96675.7	-96675.7	NA	NA	NA	NA	NA	NA	NA	NA	NA	NA
HG02555	NA	NA	10000	338729	33.8932	2.04197e-09	-85631.2	-149047	NA	NA	NA	NA	NA	NA	NA	NA	NA	NA
HG02557	NA	NA	10000	314009	31.4103	2.81755e-09	-80859.4	-145950	NA	NA	NA	NA	NA	NA	NA	NA	NA	NA
HG02558	NA	NA	10000	325696	32.5826	3.28982e-06	-85638.7	-105359	NA	NA	NA	NA	NA	NA	NA	NA	NA	NA
HG02561	NA	NA	10000	362994	36.3103	6.52179e-05	-90113	-91039.3	NA	NA	NA	NA	NA	NA	NA	NA	NA	NA
HG02562	NA	NA	10000	377740	37.7816	3.53089e-05	-94153.3	-147501	NA	NA	NA	NA	NA	NA	NA	NA	NA	NA
HG02563	NA	NA	10000	329188	32.9287	2.65207e-09	-82699.4	-148534	NA	NA	NA	NA	NA	NA	NA	NA	NA	NA
HG02568	NA	NA	10000	301967	30.1967	1.78713e-08	-74971.9	-122907	NA	NA	NA	NA	NA	NA	NA	NA	NA	NA
HG02569	NA	NA	10000	358388	35.8424	1.73451e-09	-88280.6	-148580	NA	NA	NA	NA	NA	NA	NA	NA	NA	NA
HG02570	NA	NA	10000	330868	33.0967	1.40783e-13	-82979.1	-119508	NA	NA	NA	NA	NA	NA	NA	NA	NA	NA
HG02571	NA	NA	10000	318011	31.8043	1.19092e-08	-78943.4	-78943.4	NA	NA	NA	NA	NA	NA	NA	NA	NA	NA
HG02572	NA	NA	10000	332156	33.2256	6.95424e-05	-82857	-114998	NA	NA	NA	NA	NA	NA	NA	NA	NA	NA
HG02573	NA	NA	10000	331136	33.1202	9.88663e-10	-83785.8	-157011	NA	NA	NA	NA	NA	NA	NA	NA	NA	NA
HG02574	NA	NA	10000	304839	30.4869	1.15703e-10	-77384.4	-77384.4	NA	NA	NA	NA	NA	NA	NA	NA	NA	NA
HG02575	NA	NA	10000	375078	37.5153	0.0111989	-98776.3	-104548	NA	NA	NA	NA	NA	NA	NA	NA	NA	NA
HG02577	NA	NA	10000	361195	36.1231	2.56479e-09	-96446.2	-161950	NA	NA	NA	NA	NA	NA	NA	NA	NA	NA
HG02580	NA	NA	10000	320861	32.0957	4.398e-05	-84851.9	-93280.1	NA	NA	NA	NA	NA	NA	NA	NA	NA	NA
HG02582	NA	NA	10000	315631	31.5757	0.000192655	-79026	-82604.1	NA	NA	NA	NA	NA	NA	NA	NA	NA	NA
HG02583	NA	NA	10000	412689	41.2813	0.000219039	-100063	-105846	NA	NA	NA	NA	NA	NA	NA	NA	NA	NA
HG02584	NA	NA	10000	350556	35.0661	9.6407e-09	-85977.3	-122371	NA	NA	NA	NA	NA	NA	NA	NA	NA	NA
HG02585	NA	NA	10000	294929	29.5047	0.00201627	-75084.1	-75580.6	NA	NA	NA	NA	NA	NA	NA	NA	NA	NA
HG02586	NA	NA	10000	311573	31.1635	5.20975e-09	-77072.2	-139427	NA	NA	NA	NA	NA	NA	NA	NA	NA	NA
HG02587	NA	NA	10000	333858	33.3958	0.00010646	-83297.4	-85608.2	NA	NA	NA	NA	NA	NA	NA	NA	NA	NA
HG02588	NA	NA	10000	327020	32.7085	3.11583e-10	-81285.5	-81285.5	NA	NA	NA	NA	NA	NA	NA	NA	NA	NA
HG02589	NA	NA	10000	435485	43.5616	6.19996e-09	-104875	-176925	NA	NA	NA	NA	NA	NA	NA	NA	NA	NA
HG02590	NA	NA	10000	330706	33.0772	0.000152014	-81848.1	-110936	NA	NA	NA	NA	NA	NA	NA	NA	NA	NA
HG02594	NA	NA	10000	304631	30.4722	8.80733e-08	-76786.3	-76786.3	NA	NA	NA	NA	NA	NA	NA	NA	NA	NA
HG02595	NA	NA	10000	312534	31.2597	1.14766e-08	-77414.7	-142278	NA	NA	NA	NA	NA	NA	NA	NA	NA	NA
HG02596	NA	NA	10000	330184	33.0316	2.88932e-08	-82735.9	-135818	NA	NA	NA	NA	NA	NA	NA	NA	NA	NA
HG02597	NA	NA	10000	319024	31.9056	7.31855e-09	-84268.9	-140736	NA	NA	NA	NA	NA	NA	NA	NA	NA	NA
HG02600	NA	NA	10000	337965	33.8066	0.000184936	-88333.2	-90448.7	NA	NA	NA	NA	NA	NA	NA	NA	NA	NA
HG02601	NA	NA	10000	307036	30.7097	1.89899e-08	-80417.6	-137249	NA	NA	NA	NA	NA	NA	NA	NA	NA	NA
HG02602	NA	NA	10000	340906	34.0974	0.00025089	-88089.1	-100667	NA	NA	NA	NA	NA	NA	NA	NA	NA	NA
HG02603	NA	NA	10000	320581	32.0613	7.57774e-05	-83502.3	-84790.4	NA	NA	NA	NA	NA	NA	NA	NA	NA	NA
HG02604	NA	NA	10000	312296	31.239	2.44789e-09	-74847.5	-147631	NA	NA	NA	NA	NA	NA	NA	NA	NA	NA
HG02605	NA	NA	10000	342112	34.2146	1.84559e-08	-89050.9	-153383	NA	NA	NA	NA	NA	NA	NA	NA	NA	NA
HG02610	NA	NA	10000	308667	30.8729	1.56865e-05	-78505.4	-140200	NA	NA	NA	NA	NA	NA	NA	NA	NA	NA
HG02611	NA	NA	10000	313060	31.3217	2.60195e-05	-77938.4	-90285.7	NA	NA	NA	NA	NA	NA	NA	NA	NA	NA
HG02612	NA	NA	10000	352666	35.2772	1.35823e-08	-87415.6	-87415.6	NA	NA	NA	NA	NA	NA	NA	NA	NA	NA
HG02613	NA	NA	10000	324819	32.4884	0.000360689	-80607.8	-84918.9	NA	NA	NA	NA	NA	NA	NA	NA	NA	NA
HG02614	NA	NA	10000	308724	30.8786	0.000160787	-77964.3	-108647	NA	NA	NA	NA	NA	NA	NA	NA	NA	NA
HG02615	NA	NA	10000	355560	35.5631	3.22175e-07	-91569	-101022	NA	NA	NA	NA	NA	NA	NA	NA	NA	NA
HG02620	NA	NA	10000	320502	32.0534	0.000302988	-78460.4	-80032.7	NA	NA	NA	NA	NA	NA	NA	NA	NA	NA
HG02621	NA	NA	10000	303063	30.3124	6.90172e-05	-77178.5	-129498	NA	NA	NA	NA	NA	NA	NA	NA	NA	NA
HG02622	NA	NA	10000	358418	35.8526	2.60867e-08	-89336.6	-89336.6	NA	NA	NA	NA	NA	NA	NA	NA	NA	NA
HG02623	NA	NA	10000	318968	31.9032	8.64378e-05	-79217.5	-85212.9	NA	NA	NA	NA	NA	NA	NA	NA	NA	NA
HG02624	NA	NA	10000	381134	38.121	0.000174297	-94055.7	-104363	NA	NA	NA	NA	NA	NA	NA	NA	NA	NA
HG02625	NA	NA	10000	346575	34.661	7.48029e-09	-83724.5	-83724.5	NA	NA	NA	NA	NA	NA	NA	NA	NA	NA
HG02628	NA	NA	10000	319698	31.9826	4.46612e-09	-80013.9	-138110	NA	NA	NA	NA	NA	NA	NA	NA	NA	NA
HG02629	NA	NA	10000	315582	31.5645	5.00966e-09	-81193.2	-137150	NA	NA	NA	NA	NA	NA	NA	NA	NA	NA
HG02630	NA	NA	10000	358681	35.8789	1.94416e-08	-91115.5	-148569	NA	NA	NA	NA	NA	NA	NA	NA	NA	NA
HG02634	NA	NA	10000	359373	35.9409	0.000302351	-90016.5	-110575	NA	NA	NA	NA	NA	NA	NA	NA	NA	NA
HG02635	NA	NA	10000	333407	33.3407	7.8792e-09	-86488	-145369	NA	NA	NA	NA	NA	NA	NA	NA	NA	NA
HG02636	NA	NA	10000	363867	36.3976	1.19043e-07	-91404.8	-91404.8	NA	NA	NA	NA	NA	NA	NA	NA	NA	NA
HG02642	NA	NA	10000	319549	31.9613	2.46939e-10	-79607.3	-79607.3	NA	NA	NA	NA	NA	NA	NA	NA	NA	NA
HG02643	NA	NA	10000	309179	30.9272	0.00058829	-80095.9	-90755	NA	NA	NA	NA	NA	NA	NA	NA	NA	NA
HG02644	NA	NA	10000	362599	36.2708	2.38438e-09	-89331.1	-147929	NA	NA	NA	NA	NA	NA	NA	NA	NA	NA
HG02645	NA	NA	10000	323774	32.3839	7.53509e-09	-81638.5	-139923	NA	NA	NA	NA	NA	NA	NA	NA	NA	NA
HG02646	NA	NA	10000	316367	31.6399	2.57323e-33	-79211.4	-116128	NA	NA	NA	NA	NA	NA	NA	NA	NA	NA
HG02647	NA	NA	10000	371325	37.1436	0.000268872	-91538.3	-105479	NA	NA	NA	NA	NA	NA	NA	NA	NA	NA
HG02648	NA	NA	10000	327600	32.7633	4.31624e-09	-80285	-150277	NA	NA	NA	NA	NA	NA	NA	NA	NA	NA
HG02649	NA	NA	10000	305694	30.5694	2.58072e-05	-75235.6	-80576.7	NA	NA	NA	NA	NA	NA	NA	NA	NA	NA
HG02650	NA	NA	10000	356775	35.6811	2.51065e-05	-92795.5	-122041	NA	NA	NA	NA	NA	NA	NA	NA	NA	NA
HG02651	NA	NA	10000	310375	31.0437	6.00762e-05	-79958.9	-89064.7	NA	NA	NA	NA	NA	NA	NA	NA	NA	NA
HG02652	NA	NA	10000	324986	32.5019	1.07287e-07	-85318.9	-85318.9	NA	NA	NA	NA	NA	NA	NA	NA	NA	NA
HG02653	NA	NA	10000	333369	33.3402	1.44804e-08	-85028	-85028	NA	NA	NA	NA	NA	NA	NA	NA	NA	NA
HG02654	NA	NA	10000	333705	33.3738	0.000257271	-88078	-96546.5	NA	NA	NA	NA	NA	NA	NA	NA	NA	NA
HG02655	NA	NA	10000	318875	31.8939	2.17817e-09	-80410.5	-165037	NA	NA	NA	NA	NA	NA	NA	NA	NA	NA
HG02656	NA	NA	10000	365063	36.5173	3.1583e-09	-90816.4	-174593	NA	NA	NA	NA	NA	NA	NA	NA	NA	NA
HG02657	NA	NA	10000	310216	31.034	8.74985e-09	-83238.9	-164817	NA	NA	NA	NA	NA	NA	NA	NA	NA	NA
HG02658	NA	NA	10000	313735	31.3861	3.40699e-09	-71432.3	-139634	NA	NA	NA	NA	NA	NA	NA	NA	NA	NA
HG02659	NA	NA	10000	354475	35.4546	9.407e-08	-86836.3	-86836.3	NA	NA	NA	NA	NA	NA	NA	NA	NA	NA
HG02660	NA	NA	10000	327454	32.752	2.53325e-08	-83734.5	-140607	NA	NA	NA	NA	NA	NA	NA	NA	NA	NA
HG02661	NA	NA	10000	311857	31.1888	1.49787e-09	-81362.3	-145846	NA	NA	NA	NA	NA	NA	NA	NA	NA	NA
HG02662	NA	NA	10000	344563	34.4632	3.06671e-09	-86339.1	-171375	NA	NA	NA	NA	NA	NA	NA	NA	NA	NA
HG02666	NA	NA	10000	316415	31.651	7.43459e-05	-77961.9	-79358.9	NA	NA	NA	NA	NA	NA	NA	NA	NA	NA
HG02667	NA	NA	10000	313641	31.3704	9.32926e-05	-76005.1	-98276.7	NA	NA	NA	NA	NA	NA	NA	NA	NA	NA
HG02668	NA	NA	10000	311697	31.1822	2.13582e-05	-77002.5	-117590	NA	NA	NA	NA	NA	NA	NA	NA	NA	NA
HG02675	NA	NA	10000	311828	31.1859	2.02567e-09	-79132.1	-140104	NA	NA	NA	NA	NA	NA	NA	NA	NA	NA
HG02676	NA	NA	10000	316392	31.6455	1.64678e-08	-80495.4	-138528	NA	NA	NA	NA	NA	NA	NA	NA	NA	NA
HG02677	NA	NA	10000	345035	34.507	2.4219e-09	-87586.8	-153106	NA	NA	NA	NA	NA	NA	NA	NA	NA	NA
HG02678	NA	NA	10000	312530	31.2624	4.67188e-09	-75660	-137956	NA	NA	NA	NA	NA	NA	NA	NA	NA	NA
HG02679	NA	NA	10000	325653	32.5653	0.000658068	-82529.3	-83951.3	NA	NA	NA	NA	NA	NA	NA	NA	NA	NA
HG02680	NA	NA	10000	319202	31.9266	6.30497e-09	-81041.1	-137449	NA	NA	NA	NA	NA	NA	NA	NA	NA	NA
HG02681	NA	NA	10000	317142	31.7142	2.92295e-07	-82566.3	-101891	NA	NA	NA	NA	NA	NA	NA	NA	NA	NA
HG02682	NA	NA	10000	303234	30.3325	7.90873e-09	-80077.9	-80077.9	NA	NA	NA	NA	NA	NA	NA	NA	NA	NA
HG02683	NA	NA	10000	300486	30.0546	2.07739e-09	-73383.9	-138085	NA	NA	NA	NA	NA	NA	NA	NA	NA	NA
HG02684	NA	NA	10000	320889	32.0953	7.99354e-09	-72106.7	-134611	NA	NA	NA	NA	NA	NA	NA	NA	NA	NA
HG02685	NA	NA	10000	322775	32.2807	0.000443336	-80653.4	-87462	NA	NA	NA	NA	NA	NA	NA	NA	NA	NA
HG02686	NA	NA	10000	361868	36.1868	8.67062e-05	-91638.5	-96645.8	NA	NA	NA	NA	NA	NA	NA	NA	NA	NA
HG02687	NA	NA	10000	321159	32.1191	5.85562e-09	-82858.4	-135480	NA	NA	NA	NA	NA	NA	NA	NA	NA	NA
HG02688	NA	NA	10000	322722	32.2819	6.05037e-10	-81164.8	-151772	NA	NA	NA	NA	NA	NA	NA	NA	NA	NA
HG02689	NA	NA	10000	355223	35.5365	0.000457701	-91344	-104191	NA	NA	NA	NA	NA	NA	NA	NA	NA	NA
HG02690	NA	NA	10000	320407	32.0471	0.000171335	-78732.6	-158151	NA	NA	NA	NA	NA	NA	NA	NA	NA	NA
HG02691	NA	NA	10000	353875	35.3875	7.77259e-09	-88854.2	-88854.2	NA	NA	NA	NA	NA	NA	NA	NA	NA	NA
HG02692	NA	NA	10000	364909	36.4945	0.00623403	-91430.9	-92308.5	NA	NA	NA	NA	NA	NA	NA	NA	NA	NA
HG02694	NA	NA	10000	313626	31.3657	2.92601e-09	-74355.3	-157477	NA	NA	NA	NA	NA	NA	NA	NA	NA	NA
HG02696	NA	NA	10000	343396	34.3465	0.000694641	-91153.5	-96096.1	NA	NA	NA	NA	NA	NA	NA	NA	NA	NA
HG02697	NA	NA	10000	311273	31.1304	4.01313e-09	-81365.9	-146755	NA	NA	NA	NA	NA	NA	NA	NA	NA	NA
HG02698	NA	NA	10000	326643	32.6676	2.47637e-09	-87483.1	-164805	NA	NA	NA	NA	NA	NA	NA	NA	NA	NA
HG02699	NA	NA	10000	317680	31.7744	1.08481e-09	-77053.8	-151809	NA	NA	NA	NA	NA	NA	NA	NA	NA	NA
HG02700	NA	NA	10000	309807	30.9838	3.10619e-09	-81736	-166263	NA	NA	NA	NA	NA	NA	NA	NA	NA	NA
HG02701	NA	NA	10000	351186	35.1221	0.000690478	-80772.7	-84296.6	NA	NA	NA	NA	NA	NA	NA	NA	NA	NA
HG02702	NA	NA	10000	306207	30.6299	2.51534e-09	-77087.4	-139109	NA	NA	NA	NA	NA	NA	NA	NA	NA	NA
HG02703	NA	NA	10000	300208	30.0268	1.79201e-08	-76195.5	-127373	NA	NA	NA	NA	NA	NA	NA	NA	NA	NA
HG02704	NA	NA	10000	442017	44.2061	1.58115e-05	-109134	-165915	NA	NA	NA	NA	NA	NA	NA	NA	NA	NA
HG02715	NA	NA	10000	351659	35.18	3.34438e-09	-88011.6	-146137	NA	NA	NA	NA	NA	NA	NA	NA	NA	NA
HG02716	NA	NA	10000	330289	33.0355	8.10278e-05	-81310.1	-145935	NA	NA	NA	NA	NA	NA	NA	NA	NA	NA
HG02717	NA	NA	10000	355171	35.5207	3.08376e-09	-88905.9	-153724	NA	NA	NA	NA	NA	NA	NA	NA	NA	NA
HG02721	NA	NA	10000	318596	31.8628	7.60903e-10	-79879.3	-164469	NA	NA	NA	NA	NA	NA	NA	NA	NA	NA
HG02722	NA	NA	10000	309403	30.9496	3.01627e-09	-78724.7	-136916	NA	NA	NA	NA	NA	NA	NA	NA	NA	NA
HG02723	NA	NA	10000	356383	35.6419	2.70686e-08	-88753.9	-88753.9	NA	NA	NA	NA	NA	NA	NA	NA	NA	NA
HG02724	NA	NA	10000	329655	32.9655	0.00136073	-84960	-88383.6	NA	NA	NA	NA	NA	NA	NA	NA	NA	NA
HG02725	NA	NA	10000	344807	34.4841	6.12751e-09	-86515.9	-148580	NA	NA	NA	NA	NA	NA	NA	NA	NA	NA
HG02726	NA	NA	10000	327779	32.7779	1.10545e-09	-82863.2	-141054	NA	NA	NA	NA	NA	NA	NA	NA	NA	NA
HG02727	NA	NA	10000	325114	32.5114	0.00176697	-86469	-87015.5	NA	NA	NA	NA	NA	NA	NA	NA	NA	NA
HG02728	NA	NA	10000	387300	38.73	8.50009e-09	-98592.7	-98592.7	NA	NA	NA	NA	NA	NA	NA	NA	NA	NA
HG02729	NA	NA	10000	342581	34.2581	3.73556e-05	-88046.4	-108765	NA	NA	NA	NA	NA	NA	NA	NA	NA	NA
HG02731	NA	NA	10000	309429	30.946	3.92983e-05	-81367.4	-86225.2	NA	NA	NA	NA	NA	NA	NA	NA	NA	NA
HG02733	NA	NA	10000	322027	32.2124	0.00207973	-85685.4	-87408.1	NA	NA	NA	NA	NA	NA	NA	NA	NA	NA
HG02734	NA	NA	10000	300354	30.0414	7.77611e-10	-69133.8	-152229	NA	NA	NA	NA	NA	NA	NA	NA	NA	NA
HG02735	NA	NA	10000	321276	32.1308	0.0113103	-88186.5	-91692.3	NA	NA	NA	NA	NA	NA	NA	NA	NA	NA
HG02736	NA	NA	10000	317713	31.7745	6.38975e-09	-83716.4	-142197	NA	NA	NA	NA	NA	NA	NA	NA	NA	NA
HG02737	NA	NA	10000	331450	33.1516	4.34659e-09	-87648.9	-171608	NA	NA	NA	NA	NA	NA	NA	NA	NA	NA
HG02738	NA	NA	10000	366248	36.6321	2.77589e-09	-92357.2	-92357.2	NA	NA	NA	NA	NA	NA	NA	NA	NA	NA
HG02756	NA	NA	10000	320207	32.0271	8.56384e-09	-80100.1	-141475	NA	NA	NA	NA	NA	NA	NA	NA	NA	NA
HG02757	NA	NA	10000	400292	40.0332	0.000904897	-98728.8	-99602.6	NA	NA	NA	NA	NA	NA	NA	NA	NA	NA
HG02759	NA	NA	10000	336631	33.6665	1.22091e-08	-78709.2	-129592	NA	NA	NA	NA	NA	NA	NA	NA	NA	NA
HG02760	NA	NA	10000	291488	29.1605	6.99253e-10	-73543.9	-146681	NA	NA	NA	NA	NA	NA	NA	NA	NA	NA
HG02761	NA	NA	10000	362997	36.3142	4.62418e-08	-92967.8	-92967.8	NA	NA	NA	NA	NA	NA	NA	NA	NA	NA
HG02762	NA	NA	10000	356151	35.6222	1.03788e-08	-86813.3	-86813.3	NA	NA	NA	NA	NA	NA	NA	NA	NA	NA
HG02763	NA	NA	10000	370960	37.1071	7.6463e-05	-88040.2	-93454.8	NA	NA	NA	NA	NA	NA	NA	NA	NA	NA
HG02764	NA	NA	10000	351834	35.194	9.83535e-09	-85933.6	-167525	NA	NA	NA	NA	NA	NA	NA	NA	NA	NA
HG02768	NA	NA	10000	350691	35.0761	0.000676567	-87918.7	-90607.9	NA	NA	NA	NA	NA	NA	NA	NA	NA	NA
HG02769	NA	NA	10000	353184	35.3184	3.72838e-12	-88125.2	-88125.2	NA	NA	NA	NA	NA	NA	NA	NA	NA	NA
HG02770	NA	NA	10000	343586	34.3689	8.34676e-15	-86744.2	-123944	NA	NA	NA	NA	NA	NA	NA	NA	NA	NA
HG02771	NA	NA	10000	322868	32.29	3.66346e-09	-79139.2	-133917	NA	NA	NA	NA	NA	NA	NA	NA	NA	NA
HG02772	NA	NA	10000	335001	33.5035	5.4659e-09	-83386.1	-142914	NA	NA	NA	NA	NA	NA	NA	NA	NA	NA
HG02773	NA	NA	10000	352797	35.2903	3.24794e-07	-85072.1	-88905.8	NA	NA	NA	NA	NA	NA	NA	NA	NA	NA
HG02774	NA	NA	10000	302881	30.2911	1.10235e-07	-78279.7	-78279.7	NA	NA	NA	NA	NA	NA	NA	NA	NA	NA
HG02775	NA	NA	10000	300651	30.0681	3.05523e-09	-77360.7	-162246	NA	NA	NA	NA	NA	NA	NA	NA	NA	NA
HG02776	NA	NA	10000	274164	27.4219	0.00313383	-71602.2	-71882.7	NA	NA	NA	NA	NA	NA	NA	NA	NA	NA
HG02778	NA	NA	10000	314635	31.4666	1.17164e-09	-81932.6	-143283	NA	NA	NA	NA	NA	NA	NA	NA	NA	NA
HG02780	NA	NA	10000	377273	37.7311	3.88584e-07	-91475.6	-94995.7	NA	NA	NA	NA	NA	NA	NA	NA	NA	NA
HG02783	NA	NA	10000	331625	33.1691	4.01451e-09	-83987.8	-145526	NA	NA	NA	NA	NA	NA	NA	NA	NA	NA
HG02784	NA	NA	10000	323525	32.3557	5.19623e-09	-83776.2	-145109	NA	NA	NA	NA	NA	NA	NA	NA	NA	NA
HG02785	NA	NA	10000	340527	34.0561	7.55107e-10	-87756.9	-157015	NA	NA	NA	NA	NA	NA	NA	NA	NA	NA
HG02786	NA	NA	10000	350160	35.023	7.29466e-09	-90005.2	-90005.2	NA	NA	NA	NA	NA	NA	NA	NA	NA	NA
HG02787	NA	NA	10000	361350	36.1386	3.99279e-08	-91703.9	-91703.9	NA	NA	NA	NA	NA	NA	NA	NA	NA	NA
HG02788	NA	NA	10000	331429	33.1495	1.41713e-09	-84917.1	-152641	NA	NA	NA	NA	NA	NA	NA	NA	NA	NA
HG02789	NA	NA	10000	288158	28.8244	2.83202e-09	-75980	-139622	NA	NA	NA	NA	NA	NA	NA	NA	NA	NA
HG02790	NA	NA	10000	308228	30.829	6.70013e-09	-80179	-143217	NA	NA	NA	NA	NA	NA	NA	NA	NA	NA
HG02791	NA	NA	10000	350285	35.032	1.61162e-09	-89979.9	-145292	NA	NA	NA	NA	NA	NA	NA	NA	NA	NA
HG02792	NA	NA	10000	300770	30.08	0.000327207	-79627.3	-84792.5	NA	NA	NA	NA	NA	NA	NA	NA	NA	NA
HG02793	NA	NA	10000	319138	31.9202	0.000340354	-86010.5	-90544.3	NA	NA	NA	NA	NA	NA	NA	NA	NA	NA
HG02794	NA	NA	10000	358805	35.8877	3.14043e-08	-95296.4	-95296.4	NA	NA	NA	NA	NA	NA	NA	NA	NA	NA
HG02798	NA	NA	10000	353954	35.3989	1.79821e-23	-88294.9	-88294.9	NA	NA	NA	NA	NA	NA	NA	NA	NA	NA
HG02799	NA	NA	10000	314112	31.4238	1.41298e-05	-78029.1	-140681	NA	NA	NA	NA	NA	NA	NA	NA	NA	NA
HG02800	NA	NA	10000	367258	36.7295	9.02797e-09	-89858.1	-153066	NA	NA	NA	NA	NA	NA	NA	NA	NA	NA
HG02804	NA	NA	10000	340643	34.0711	2.16486e-23	-84078.6	-84078.6	NA	NA	NA	NA	NA	NA	NA	NA	NA	NA
HG02805	NA	NA	10000	318376	31.8408	8.3094e-09	-76506.4	-132562	NA	NA	NA	NA	NA	NA	NA	NA	NA	NA
HG02806	NA	NA	10000	350353	35.0353	0.00745106	-90698.6	-92034.7	NA	NA	NA	NA	NA	NA	NA	NA	NA	NA
HG02807	NA	NA	10000	410570	41.0611	0.000137911	-103451	-124475	NA	NA	NA	NA	NA	NA	NA	NA	NA	NA
HG02808	NA	NA	10000	318309	31.8373	5.36066e-08	-79725.6	-79725.6	NA	NA	NA	NA	NA	NA	NA	NA	NA	NA
HG02809	NA	NA	10000	341233	34.1267	9.4647e-09	-85847.7	-85847.7	NA	NA	NA	NA	NA	NA	NA	NA	NA	NA
HG02810	NA	NA	10000	318657	31.8753	3.20528e-09	-76832.2	-133270	NA	NA	NA	NA	NA	NA	NA	NA	NA	NA
HG02811	NA	NA	10000	328419	32.855	0.000143199	-81531.6	-84757.1	NA	NA	NA	NA	NA	NA	NA	NA	NA	NA
HG02812	NA	NA	10000	351649	35.1755	1.44677e-07	-86905.9	-96929.4	NA	NA	NA	NA	NA	NA	NA	NA	NA	NA
HG02813	NA	NA	10000	300838	30.0898	5.36159e-09	-75950.4	-143251	NA	NA	NA	NA	NA	NA	NA	NA	NA	NA
HG02814	NA	NA	10000	376716	37.6829	0.000364207	-95853.2	-96223.5	NA	NA	NA	NA	NA	NA	NA	NA	NA	NA
HG02815	NA	NA	10000	352665	35.2771	8.27768e-05	-89951.2	-105554	NA	NA	NA	NA	NA	NA	NA	NA	NA	NA
HG02816	NA	NA	10000	347975	34.8045	4.85999e-09	-85861.3	-144209	NA	NA	NA	NA	NA	NA	NA	NA	NA	NA
HG02817	NA	NA	10000	313741	31.3835	1.3465e-08	-79477.7	-135438	NA	NA	NA	NA	NA	NA	NA	NA	NA	NA
HG02818	NA	NA	10000	347660	34.773	2.40269e-09	-86309.4	-149741	NA	NA	NA	NA	NA	NA	NA	NA	NA	NA
HG02819	NA	NA	10000	338132	33.82	0.00478895	-87875.5	-88966.7	NA	NA	NA	NA	NA	NA	NA	NA	NA	NA
HG02820	NA	NA	10000	315120	31.5246	3.72555e-09	-78262.6	-132203	NA	NA	NA	NA	NA	NA	NA	NA	NA	NA
HG02821	NA	NA	10000	333275	33.3375	4.21999e-05	-84036.8	-106949	NA	NA	NA	NA	NA	NA	NA	NA	NA	NA
HG02836	NA	NA	10000	328640	32.8673	1.04563e-09	-82520.6	-125076	NA	NA	NA	NA	NA	NA	NA	NA	NA	NA
HG02837	NA	NA	10000	314874	31.5	9.0247e-09	-75327.9	-130098	NA	NA	NA	NA	NA	NA	NA	NA	NA	NA
HG02838	NA	NA	10000	351255	35.129	1.03196e-09	-86492.8	-153286	NA	NA	NA	NA	NA	NA	NA	NA	NA	NA
HG02839	NA	NA	10000	334087	33.4187	1.44724e-08	-83338.9	-137998	NA	NA	NA	NA	NA	NA	NA	NA	NA	NA
HG02840	NA	NA	10000	305311	30.5342	4.24189e-09	-77417.3	-129354	NA	NA	NA	NA	NA	NA	NA	NA	NA	NA
HG02841	NA	NA	10000	341513	34.1547	0.00163451	-84719.8	-85523.9	NA	NA	NA	NA	NA	NA	NA	NA	NA	NA
HG02851	NA	NA	10000	292623	29.2652	1.29478e-17	-73113.7	-73113.7	NA	NA	NA	NA	NA	NA	NA	NA	NA	NA
HG02852	NA	NA	10000	305892	30.5984	1.15346e-08	-76580.4	-130104	NA	NA	NA	NA	NA	NA	NA	NA	NA	NA
HG02853	NA	NA	10000	301237	30.1327	7.70393e-09	-75719.6	-139684	NA	NA	NA	NA	NA	NA	NA	NA	NA	NA
HG02854	NA	NA	10000	341266	34.13	1.932e-09	-84505.5	-144904	NA	NA	NA	NA	NA	NA	NA	NA	NA	NA
HG02855	NA	NA	10000	365016	36.5089	3.82364e-09	-87754	-145654	NA	NA	NA	NA	NA	NA	NA	NA	NA	NA
HG02856	NA	NA	10000	328982	32.9081	9.39255e-09	-81157.3	-144235	NA	NA	NA	NA	NA	NA	NA	NA	NA	NA
HG02860	NA	NA	10000	330595	33.0661	2.79562e-09	-83061.3	-142345	NA	NA	NA	NA	NA	NA	NA	NA	NA	NA
HG02861	NA	NA	10000	323797	32.3862	3.76504e-08	-80577.9	-120911	NA	NA	NA	NA	NA	NA	NA	NA	NA	NA
HG02862	NA	NA	10000	316892	31.6955	8.46822e-05	-80093.6	-83362.3	NA	NA	NA	NA	NA	NA	NA	NA	NA	NA
HG02869	NA	NA	10000	352237	35.2307	2.78502e-09	-87733.1	-144112	NA	NA	NA	NA	NA	NA	NA	NA	NA	NA
HG02870	NA	NA	10000	331573	33.1639	0.002963	-83997.8	-91411.2	NA	NA	NA	NA	NA	NA	NA	NA	NA	NA
HG02871	NA	NA	10000	327761	32.7859	0.000330235	-83676.5	-99073.4	NA	NA	NA	NA	NA	NA	NA	NA	NA	NA
HG02878	NA	NA	10000	326367	32.6432	8.07752e-09	-81997.2	-141105	NA	NA	NA	NA	NA	NA	NA	NA	NA	NA
HG02879	NA	NA	10000	320213	32.0213	1.62394e-05	-81405.7	-137103	NA	NA	NA	NA	NA	NA	NA	NA	NA	NA
HG02880	NA	NA	10000	353245	35.3316	3.1342e-09	-89342.6	-155564	NA	NA	NA	NA	NA	NA	NA	NA	NA	NA
HG02881	NA	NA	10000	317169	31.7264	7.26873e-13	-76619.5	-76619.5	NA	NA	NA	NA	NA	NA	NA	NA	NA	NA
HG02882	NA	NA	10000	326293	32.6358	2.42438e-10	-80751.4	-150291	NA	NA	NA	NA	NA	NA	NA	NA	NA	NA
HG02883	NA	NA	10000	353134	35.3169	1.00527e-05	-88801.8	-92503	NA	NA	NA	NA	NA	NA	NA	NA	NA	NA
HG02884	NA	NA	10000	308297	30.8359	0.00369818	-79646.2	-80226.4	NA	NA	NA	NA	NA	NA	NA	NA	NA	NA
HG02885	NA	NA	10000	417453	41.7495	0.00475042	-105965	-106392	NA	NA	NA	NA	NA	NA	NA	NA	NA	NA
HG02886	NA	NA	10000	366078	36.6151	9.9384e-08	-90328.1	-90328.1	NA	NA	NA	NA	NA	NA	NA	NA	NA	NA
HG02887	NA	NA	10000	312077	31.2139	3.2361e-09	-78015.1	-131694	NA	NA	NA	NA	NA	NA	NA	NA	NA	NA
HG02888	NA	NA	10000	292554	29.2671	2.53221e-09	-73301.3	-138539	NA	NA	NA	NA	NA	NA	NA	NA	NA	NA
HG02889	NA	NA	10000	348509	34.8614	2.25101e-09	-85866.8	-146188	NA	NA	NA	NA	NA	NA	NA	NA	NA	NA
HG02890	NA	NA	10000	301574	30.1664	0.000898286	-78368.6	-81850.6	NA	NA	NA	NA	NA	NA	NA	NA	NA	NA
HG02891	NA	NA	10000	320147	32.0211	2.59921e-09	-80903.7	-141100	NA	NA	NA	NA	NA	NA	NA	NA	NA	NA
HG02892	NA	NA	10000	348440	34.8545	6.21106e-09	-86197.6	-149668	NA	NA	NA	NA	NA	NA	NA	NA	NA	NA
HG02895	NA	NA	10000	368384	36.8458	3.01867e-10	-90649.4	-90649.4	NA	NA	NA	NA	NA	NA	NA	NA	NA	NA
HG02896	NA	NA	10000	322795	32.2892	0.000793116	-81366.1	-82745.6	NA	NA	NA	NA	NA	NA	NA	NA	NA	NA
HG02897	NA	NA	10000	322281	32.2313	8.58628e-09	-79091.1	-144351	NA	NA	NA	NA	NA	NA	NA	NA	NA	NA
HG02922	NA	NA	10000	308876	30.8969	3.33782e-09	-78689.4	-146322	NA	NA	NA	NA	NA	NA	NA	NA	NA	NA
HG02923	NA	NA	10000	323249	32.3346	1.16531e-08	-79636.1	-132301	NA	NA	NA	NA	NA	NA	NA	NA	NA	NA
HG02924	NA	NA	10000	338745	33.8847	1.2991e-08	-83308.3	-83308.3	NA	NA	NA	NA	NA	NA	NA	NA	NA	NA
HG02938	NA	NA	10000	362274	36.2383	0.000132077	-91785.4	-95470.2	NA	NA	NA	NA	NA	NA	NA	NA	NA	NA
HG02941	NA	NA	10000	319469	31.9533	3.90348e-09	-82713.7	-139678	NA	NA	NA	NA	NA	NA	NA	NA	NA	NA
HG02943	NA	NA	10000	319108	31.9108	7.92999e-09	-81110.1	-81110.1	NA	NA	NA	NA	NA	NA	NA	NA	NA	NA
HG02944	NA	NA	10000	360305	36.0377	5.46226e-09	-88918.9	-146149	NA	NA	NA	NA	NA	NA	NA	NA	NA	NA
HG02945	NA	NA	10000	344171	34.4171	1.83516e-08	-85307.8	-85307.8	NA	NA	NA	NA	NA	NA	NA	NA	NA	NA
HG02946	NA	NA	10000	323022	32.3054	5.49329e-09	-82544.9	-82544.9	NA	NA	NA	NA	NA	NA	NA	NA	NA	NA
HG02947	NA	NA	10000	319849	31.9913	3.70136e-05	-79657.7	-119653	NA	NA	NA	NA	NA	NA	NA	NA	NA	NA
HG02948	NA	NA	10000	353786	35.3821	0.00290231	-90149.1	-90616.4	NA	NA	NA	NA	NA	NA	NA	NA	NA	NA
HG02952	NA	NA	10000	309347	30.944	8.19646e-17	-79188.6	-79188.6	NA	NA	NA	NA	NA	NA	NA	NA	NA	NA
HG02953	NA	NA	10000	302831	30.2922	0.000185396	-76320.6	-79551.4	NA	NA	NA	NA	NA	NA	NA	NA	NA	NA
HG02954	NA	NA	10000	327248	32.7281	0.000700507	-83790.3	-84688.8	NA	NA	NA	NA	NA	NA	NA	NA	NA	NA
HG02964	NA	NA	10000	313277	31.3371	0.00212929	-81023.3	-81765.5	NA	NA	NA	NA	NA	NA	NA	NA	NA	NA
HG02965	NA	NA	10000	343537	34.364	7.03518e-08	-83543.9	-83543.9	NA	NA	NA	NA	NA	NA	NA	NA	NA	NA
HG02966	NA	NA	10000	328248	32.8347	0.000529119	-84293	-85689.2	NA	NA	NA	NA	NA	NA	NA	NA	NA	NA
HG02968	NA	NA	10000	313117	31.318	2.37282e-09	-75965.6	-143247	NA	NA	NA	NA	NA	NA	NA	NA	NA	NA
HG02970	NA	NA	10000	295701	29.579	2.97914e-05	-73914	-88333.7	NA	NA	NA	NA	NA	NA	NA	NA	NA	NA
HG02971	NA	NA	10000	322670	32.2702	1.44775e-07	-81904.3	-81904.3	NA	NA	NA	NA	NA	NA	NA	NA	NA	NA
HG02972	NA	NA	10000	352905	35.294	0.000344222	-87295.2	-92519.1	NA	NA	NA	NA	NA	NA	NA	NA	NA	NA
HG02973	NA	NA	10000	305019	30.508	0.000369236	-75337.8	-79581.6	NA	NA	NA	NA	NA	NA	NA	NA	NA	NA
HG02974	NA	NA	10000	305700	30.5792	9.29968e-09	-76690.2	-76690.2	NA	NA	NA	NA	NA	NA	NA	NA	NA	NA
HG02975	NA	NA	10000	347998	34.8033	0.00505876	-90811.1	-95410.2	NA	NA	NA	NA	NA	NA	NA	NA	NA	NA
HG02976	NA	NA	10000	336055	33.6257	7.37594e-09	-84817.4	-84817.4	NA	NA	NA	NA	NA	NA	NA	NA	NA	NA
HG02977	NA	NA	10000	294552	29.464	1.56996e-08	-74398.6	-132813	NA	NA	NA	NA	NA	NA	NA	NA	NA	NA
HG02978	NA	NA	10000	368373	36.8484	2.40992e-09	-89221.4	-89221.4	NA	NA	NA	NA	NA	NA	NA	NA	NA	NA
HG02979	NA	NA	10000	333007	33.3074	1.26247e-08	-81545.3	-118142	NA	NA	NA	NA	NA	NA	NA	NA	NA	NA
HG02980	NA	NA	10000	349186	34.9256	2.54146e-05	-87773.8	-139067	NA	NA	NA	NA	NA	NA	NA	NA	NA	NA
HG02981	NA	NA	10000	310694	31.0787	0.000392441	-79830.4	-82125.8	NA	NA	NA	NA	NA	NA	NA	NA	NA	NA
HG02982	NA	NA	10000	303336	30.3366	0.00111811	-77089.1	-78764.9	NA	NA	NA	NA	NA	NA	NA	NA	NA	NA
HG02983	NA	NA	10000	327010	32.7108	4.08456e-17	-82581.5	-100597	NA	NA	NA	NA	NA	NA	NA	NA	NA	NA
HG02984	NA	NA	10000	366042	36.6188	0.000253872	-93041.2	-93572.8	NA	NA	NA	NA	NA	NA	NA	NA	NA	NA
HG03006	NA	NA	10000	386052	38.6091	1.96616e-05	-99702.5	-116380	NA	NA	NA	NA	NA	NA	NA	NA	NA	NA
HG03007	NA	NA	10000	306534	30.6626	0.000706054	-79072.4	-87061.5	NA	NA	NA	NA	NA	NA	NA	NA	NA	NA
HG03008	NA	NA	10000	330980	33.1013	4.09679e-09	-86950.5	-152860	NA	NA	NA	NA	NA	NA	NA	NA	NA	NA
HG03009	NA	NA	10000	305938	30.5999	0.001303	-79225.1	-79804.2	NA	NA	NA	NA	NA	NA	NA	NA	NA	NA
HG03012	NA	NA	10000	317633	31.7728	0.000124675	-84439.9	-166095	NA	NA	NA	NA	NA	NA	NA	NA	NA	NA
HG03015	NA	NA	10000	324346	32.4443	4.15079e-08	-81475.3	-81475.3	NA	NA	NA	NA	NA	NA	NA	NA	NA	NA
HG03016	NA	NA	10000	331366	33.1432	1.03028e-09	-84314.8	-157874	NA	NA	NA	NA	NA	NA	NA	NA	NA	NA
HG03017	NA	NA	10000	353909	35.3944	8.70399e-08	-90089.6	-90089.6	NA	NA	NA	NA	NA	NA	NA	NA	NA	NA
HG03018	NA	NA	10000	319970	31.997	4.99454e-09	-83505.5	-171379	NA	NA	NA	NA	NA	NA	NA	NA	NA	NA
HG03019	NA	NA	10000	316120	31.6152	1.17613e-08	-80337.6	-133748	NA	NA	NA	NA	NA	NA	NA	NA	NA	NA
HG03021	NA	NA	10000	329195	32.9228	7.71604e-09	-84444.1	-166243	NA	NA	NA	NA	NA	NA	NA	NA	NA	NA
HG03022	NA	NA	10000	340207	34.0309	1.56487e-05	-80758.7	-127930	NA	NA	NA	NA	NA	NA	NA	NA	NA	NA
HG03024	NA	NA	10000	308309	30.8402	0.00147501	-77375.1	-96478	NA	NA	NA	NA	NA	NA	NA	NA	NA	NA
HG03025	NA	NA	10000	294391	29.4479	0.0010317	-74938.8	-75881.9	NA	NA	NA	NA	NA	NA	NA	NA	NA	NA
HG03026	NA	NA	10000	333847	33.3914	8.07625e-09	-83209.2	-141751	NA	NA	NA	NA	NA	NA	NA	NA	NA	NA
HG03027	NA	NA	10000	303654	30.3715	7.05516e-09	-74922.1	-130783	NA	NA	NA	NA	NA	NA	NA	NA	NA	NA
HG03028	NA	NA	10000	289940	29.0056	2.90217e-08	-73748.4	-135154	NA	NA	NA	NA	NA	NA	NA	NA	NA	NA
HG03029	NA	NA	10000	353040	35.3181	2.37835e-08	-86566.3	-141331	NA	NA	NA	NA	NA	NA	NA	NA	NA	NA
HG03033	NA	NA	10000	337291	33.7358	0.00250981	-85577.9	-87326.5	NA	NA	NA	NA	NA	NA	NA	NA	NA	NA
HG03034	NA	NA	10000	302055	30.2176	0.00111495	-76514.7	-80414.2	NA	NA	NA	NA	NA	NA	NA	NA	NA	NA
HG03035	NA	NA	10000	291148	29.1206	1.36406e-08	-72649.4	-146769	NA	NA	NA	NA	NA	NA	NA	NA	NA	NA
HG03039	NA	NA	10000	303845	30.3967	4.48993e-09	-75914.6	-128555	NA	NA	NA	NA	NA	NA	NA	NA	NA	NA
HG03040	NA	NA	10000	299477	29.9537	1.0338e-08	-77943.4	-135424	NA	NA	NA	NA	NA	NA	NA	NA	NA	NA
HG03041	NA	NA	10000	328582	32.8648	1.73735e-05	-83163.3	-94757.2	NA	NA	NA	NA	NA	NA	NA	NA	NA	NA
HG03045	NA	NA	10000	330000	33.0066	6.51407e-05	-82384	-94425	NA	NA	NA	NA	NA	NA	NA	NA	NA	NA
HG03046	NA	NA	10000	296374	29.6463	7.72409e-09	-76095.6	-126948	NA	NA	NA	NA	NA	NA	NA	NA	NA	NA
HG03047	NA	NA	10000	323702	32.3864	5.6033e-09	-80303.5	-139398	NA	NA	NA	NA	NA	NA	NA	NA	NA	NA
HG03048	NA	NA	10000	322984	32.3081	0.00130533	-83074.3	-83218.4	NA	NA	NA	NA	NA	NA	NA	NA	NA	NA
HG03049	NA	NA	10000	291319	29.1406	6.91437e-09	-71519.6	-137668	NA	NA	NA	NA	NA	NA	NA	NA	NA	NA
HG03050	NA	NA	10000	328412	32.8511	0.000721718	-81354.7	-83486.8	NA	NA	NA	NA	NA	NA	NA	NA	NA	NA
HG03052	NA	NA	10000	314231	31.4294	0.000228908	-79058.4	-82501.9	NA	NA	NA	NA	NA	NA	NA	NA	NA	NA
HG03054	NA	NA	10000	380135	38.0173	0.00213503	-95290.2	-95688.8	NA	NA	NA	NA	NA	NA	NA	NA	NA	NA
HG03055	NA	NA	10000	331173	33.1206	1.22546e-07	-80970.3	-120456	NA	NA	NA	NA	NA	NA	NA	NA	NA	NA
HG03056	NA	NA	10000	284798	28.4855	7.21496e-09	-71000	-127495	NA	NA	NA	NA	NA	NA	NA	NA	NA	NA
HG03057	NA	NA	10000	288636	28.8636	1.24581e-08	-72603.8	-72603.8	NA	NA	NA	NA	NA	NA	NA	NA	NA	NA
HG03058	NA	NA	10000	326178	32.6276	2.40793e-09	-82160.6	-140949	NA	NA	NA	NA	NA	NA	NA	NA	NA	NA
HG03060	NA	NA	10000	325084	32.5182	1.28235e-05	-79353	-174351	NA	NA	NA	NA	NA	NA	NA	NA	NA	NA
HG03061	NA	NA	10000	349109	34.9214	6.65375e-09	-87532.4	-148392	NA	NA	NA	NA	NA	NA	NA	NA	NA	NA
HG03063	NA	NA	10000	318883	31.8947	4.86914e-09	-80541	-138214	NA	NA	NA	NA	NA	NA	NA	NA	NA	NA
HG03064	NA	NA	10000	337641	33.7742	0.000109107	-85464.5	-99914.7	NA	NA	NA	NA	NA	NA	NA	NA	NA	NA
HG03065	NA	NA	10000	323451	32.3516	2.61838e-08	-80939.5	-80939.5	NA	NA	NA	NA	NA	NA	NA	NA	NA	NA
HG03066	NA	NA	10000	323027	32.3124	3.76878e-09	-80611.8	-137495	NA	NA	NA	NA	NA	NA	NA	NA	NA	NA
HG03069	NA	NA	10000	381553	38.1553	6.79683e-08	-95055.6	-130036	NA	NA	NA	NA	NA	NA	NA	NA	NA	NA
HG03072	NA	NA	10000	465369	46.5416	0.00228849	-112168	-112452	NA	NA	NA	NA	NA	NA	NA	NA	NA	NA
HG03073	NA	NA	10000	368514	36.8551	0.00047642	-91614	-92958.3	NA	NA	NA	NA	NA	NA	NA	NA	NA	NA
HG03074	NA	NA	10000	309326	30.9357	8.70368e-09	-76356.6	-139234	NA	NA	NA	NA	NA	NA	NA	NA	NA	NA
HG03077	NA	NA	10000	317895	31.799	1.33558e-09	-79827.3	-79827.3	NA	NA	NA	NA	NA	NA	NA	NA	NA	NA
HG03078	NA	NA	10000	305001	30.5123	2.44862e-05	-78963.5	-128784	NA	NA	NA	NA	NA	NA	NA	NA	NA	NA
HG03079	NA	NA	10000	295245	29.5334	0.000241985	-72949.1	-78928.6	NA	NA	NA	NA	NA	NA	NA	NA	NA	NA
HG03081	NA	NA	10000	346166	34.6235	1.58389e-08	-86177.3	-86177.3	NA	NA	NA	NA	NA	NA	NA	NA	NA	NA
HG03082	NA	NA	10000	345941	34.6045	5.98044e-05	-87414.7	-103961	NA	NA	NA	NA	NA	NA	NA	NA	NA	NA
HG03084	NA	NA	10000	317180	31.7212	6.27878e-09	-79077.8	-79077.8	NA	NA	NA	NA	NA	NA	NA	NA	NA	NA
HG03085	NA	NA	10000	312833	31.2927	2.79657e-09	-79351	-139858	NA	NA	NA	NA	NA	NA	NA	NA	NA	NA
HG03086	NA	NA	10000	316650	31.6745	2.11118e-09	-77162.2	-139273	NA	NA	NA	NA	NA	NA	NA	NA	NA	NA
HG03088	NA	NA	10000	326394	32.6557	3.48898e-05	-81592	-169017	NA	NA	NA	NA	NA	NA	NA	NA	NA	NA
HG03091	NA	NA	10000	319139	31.9203	1.89553e-08	-79731.9	-133220	NA	NA	NA	NA	NA	NA	NA	NA	NA	NA
HG03095	NA	NA	10000	294877	29.4995	0.00359972	-76540.3	-76818.2	NA	NA	NA	NA	NA	NA	NA	NA	NA	NA
HG03096	NA	NA	10000	303094	30.3124	2.81931e-06	-76400.3	-89199.6	NA	NA	NA	NA	NA	NA	NA	NA	NA	NA
HG03097	NA	NA	10000	332275	33.2308	0.00115333	-82769.7	-85864.4	NA	NA	NA	NA	NA	NA	NA	NA	NA	NA
HG03098	NA	NA	10000	334375	33.4442	5.96093e-08	-82554.2	-135922	NA	NA	NA	NA	NA	NA	NA	NA	NA	NA
HG03099	NA	NA	10000	334662	33.4729	2.0037e-08	-84539.4	-125768	NA	NA	NA	NA	NA	NA	NA	NA	NA	NA
HG03100	NA	NA	10000	334288	33.4321	0.000574075	-82757.9	-89301.2	NA	NA	NA	NA	NA	NA	NA	NA	NA	NA
HG03101	NA	NA	10000	344393	34.4496	3.05829e-09	-86116.5	-145691	NA	NA	NA	NA	NA	NA	NA	NA	NA	NA
HG03103	NA	NA	10000	439589	43.9633	0.00110597	-106640	-110442	NA	NA	NA	NA	NA	NA	NA	NA	NA	NA
HG03105	NA	NA	10000	332041	33.2107	0.00316368	-84595.5	-85196.4	NA	NA	NA	NA	NA	NA	NA	NA	NA	NA
HG03108	NA	NA	10000	387111	38.7188	7.70247e-05	-94853.3	-112496	NA	NA	NA	NA	NA	NA	NA	NA	NA	NA
HG03109	NA	NA	10000	341269	34.1303	2.31021e-08	-86299.6	-141441	NA	NA	NA	NA	NA	NA	NA	NA	NA	NA
HG03110	NA	NA	10000	335104	33.5138	7.07553e-09	-82795.3	-82795.3	NA	NA	NA	NA	NA	NA	NA	NA	NA	NA
HG03111	NA	NA	10000	330824	33.089	5.05979e-05	-81862.9	-125107	NA	NA	NA	NA	NA	NA	NA	NA	NA	NA
HG03112	NA	NA	10000	315164	31.5259	2.30142e-50	-78933.8	-78933.8	NA	NA	NA	NA	NA	NA	NA	NA	NA	NA
HG03113	NA	NA	10000	298105	29.8165	3.98746e-09	-72611.5	-129674	NA	NA	NA	NA	NA	NA	NA	NA	NA	NA
HG03114	NA	NA	10000	310846	31.0939	2.79356e-05	-77130.1	-87838.8	NA	NA	NA	NA	NA	NA	NA	NA	NA	NA
HG03115	NA	NA	10000	285301	28.5301	2.31803e-08	-71183	-120612	NA	NA	NA	NA	NA	NA	NA	NA	NA	NA
HG03116	NA	NA	10000	344475	34.4544	4.57592e-07	-84743.2	-86223.5	NA	NA	NA	NA	NA	NA	NA	NA	NA	NA
HG03117	NA	NA	10000	374152	37.4189	0.000172237	-93713.6	-96008.2	NA	NA	NA	NA	NA	NA	NA	NA	NA	NA
HG03118	NA	NA	10000	321432	32.1496	3.9708e-09	-80233.8	-145257	NA	NA	NA	NA	NA	NA	NA	NA	NA	NA
HG03119	NA	NA	10000	298660	29.869	4.00338e-05	-74425.8	-86582	NA	NA	NA	NA	NA	NA	NA	NA	NA	NA
HG03120	NA	NA	10000	339175	33.9243	3.03019e-08	-84973.4	-137338	NA	NA	NA	NA	NA	NA	NA	NA	NA	NA
HG03121	NA	NA	10000	334645	33.4779	2.31242e-05	-81723.2	-106441	NA	NA	NA	NA	NA	NA	NA	NA	NA	NA
HG03122	NA	NA	10000	309794	30.9825	1.24933e-08	-78244.9	-134788	NA	NA	NA	NA	NA	NA	NA	NA	NA	NA
HG03123	NA	NA	10000	322548	32.258	1.46603e-09	-80255	-141358	NA	NA	NA	NA	NA	NA	NA	NA	NA	NA
HG03124	NA	NA	10000	319752	31.9816	5.60496e-09	-80344.6	-103068	NA	NA	NA	NA	NA	NA	NA	NA	NA	NA
HG03125	NA	NA	10000	340985	34.1053	6.61245e-05	-87515.7	-90576.4	NA	NA	NA	NA	NA	NA	NA	NA	NA	NA
HG03126	NA	NA	10000	345821	34.5856	2.48185e-05	-86300	-107907	NA	NA	NA	NA	NA	NA	NA	NA	NA	NA
HG03127	NA	NA	10000	292055	29.2084	0.0010471	-74758.9	-85582.4	NA	NA	NA	NA	NA	NA	NA	NA	NA	NA
HG03128	NA	NA	10000	318075	31.8107	6.5182e-09	-79797.8	-79797.8	NA	NA	NA	NA	NA	NA	NA	NA	NA	NA
HG03129	NA	NA	10000	315090	31.5153	3.71529e-09	-75615.9	-140284	NA	NA	NA	NA	NA	NA	NA	NA	NA	NA
HG03130	NA	NA	10000	437110	43.7241	1.21347e-07	-105091	-110053	NA	NA	NA	NA	NA	NA	NA	NA	NA	NA
HG03131	NA	NA	10000	324043	32.4108	1.71446e-09	-80561	-148288	NA	NA	NA	NA	NA	NA	NA	NA	NA	NA
HG03132	NA	NA	10000	316886	31.6886	3.41226e-05	-81702.9	-126173	NA	NA	NA	NA	NA	NA	NA	NA	NA	NA
HG03133	NA	NA	10000	368862	36.8973	1.63742e-05	-88924	-128599	NA	NA	NA	NA	NA	NA	NA	NA	NA	NA
HG03134	NA	NA	10000	302311	30.2462	4.13572e-09	-76201.6	-134457	NA	NA	NA	NA	NA	NA	NA	NA	NA	NA
HG03135	NA	NA	10000	314632	31.4632	3.13408e-09	-77891.4	-136396	NA	NA	NA	NA	NA	NA	NA	NA	NA	NA
HG03136	NA	NA	10000	316475	31.6602	7.26364e-09	-78551.5	-141880	NA	NA	NA	NA	NA	NA	NA	NA	NA	NA
HG03137	NA	NA	10000	313588	31.3745	3.59699e-05	-78676.5	-134892	NA	NA	NA	NA	NA	NA	NA	NA	NA	NA
HG03139	NA	NA	10000	350671	35.0776	2.90832e-09	-87002.3	-142401	NA	NA	NA	NA	NA	NA	NA	NA	NA	NA
HG03157	NA	NA	10000	342834	34.2903	8.78795e-09	-84995.9	-145510	NA	NA	NA	NA	NA	NA	NA	NA	NA	NA
HG03159	NA	NA	10000	333943	33.3976	0.000186541	-84583	-88102.9	NA	NA	NA	NA	NA	NA	NA	NA	NA	NA
HG03160	NA	NA	10000	292161	29.219	1.08654e-08	-71317	-129641	NA	NA	NA	NA	NA	NA	NA	NA	NA	NA
HG03161	NA	NA	10000	319303	31.9335	0.000143464	-79381.1	-91623.4	NA	NA	NA	NA	NA	NA	NA	NA	NA	NA
HG03162	NA	NA	10000	311212	31.1243	2.21607e-08	-76986.6	-131576	NA	NA	NA	NA	NA	NA	NA	NA	NA	NA
HG03163	NA	NA	10000	324770	32.4867	8.88025e-10	-78218.9	-138048	NA	NA	NA	NA	NA	NA	NA	NA	NA	NA
HG03164	NA	NA	10000	342903	34.2972	2.41971e-09	-85549.1	-153765	NA	NA	NA	NA	NA	NA	NA	NA	NA	NA
HG03166	NA	NA	10000	314308	31.4371	0.000114416	-79179.3	-88249.8	NA	NA	NA	NA	NA	NA	NA	NA	NA	NA
HG03168	NA	NA	10000	335020	33.5087	3.58166e-08	-85585.9	-124193	NA	NA	NA	NA	NA	NA	NA	NA	NA	NA
HG03169	NA	NA	10000	332686	33.2753	6.22378e-09	-81921.1	-143957	NA	NA	NA	NA	NA	NA	NA	NA	NA	NA
HG03170	NA	NA	10000	319150	31.9246	3.17896e-08	-81266.5	-139478	NA	NA	NA	NA	NA	NA	NA	NA	NA	NA
HG03172	NA	NA	10000	314477	31.4571	0.00038612	-80265.8	-83298.3	NA	NA	NA	NA	NA	NA	NA	NA	NA	NA
HG03175	NA	NA	10000	329870	32.9936	1.07631e-08	-81347	-133311	NA	NA	NA	NA	NA	NA	NA	NA	NA	NA
HG03189	NA	NA	10000	313445	31.3476	9.4689e-09	-76581.1	-139190	NA	NA	NA	NA	NA	NA	NA	NA	NA	NA
HG03190	NA	NA	10000	308205	30.8267	2.83761e-09	-75298.4	-136828	NA	NA	NA	NA	NA	NA	NA	NA	NA	NA
HG03191	NA	NA	10000	326823	32.6856	0.00010817	-80646	-89554.5	NA	NA	NA	NA	NA	NA	NA	NA	NA	NA
HG03193	NA	NA	10000	325965	32.603	0.000220368	-80094.2	-80302.3	NA	NA	NA	NA	NA	NA	NA	NA	NA	NA
HG03195	NA	NA	10000	317171	31.7266	0.000105757	-78569.5	-90476.2	NA	NA	NA	NA	NA	NA	NA	NA	NA	NA
HG03196	NA	NA	10000	300717	30.0747	3.92438e-09	-75875.8	-142043	NA	NA	NA	NA	NA	NA	NA	NA	NA	NA
HG03197	NA	NA	10000	323508	32.354	9.96802e-08	-81431.8	-131998	NA	NA	NA	NA	NA	NA	NA	NA	NA	NA
HG03198	NA	NA	10000	321063	32.1159	0.000777385	-79481.6	-82898.4	NA	NA	NA	NA	NA	NA	NA	NA	NA	NA
HG03199	NA	NA	10000	316276	31.6339	0.000314479	-78122.8	-86213.1	NA	NA	NA	NA	NA	NA	NA	NA	NA	NA
HG03200	NA	NA	10000	315483	31.5546	1.21717e-05	-78810.9	-172019	NA	NA	NA	NA	NA	NA	NA	NA	NA	NA
HG03202	NA	NA	10000	291101	29.1159	0.000182001	-73091.6	-100074	NA	NA	NA	NA	NA	NA	NA	NA	NA	NA
HG03209	NA	NA	10000	329646	32.9778	9.85545e-09	-81671.5	-141335	NA	NA	NA	NA	NA	NA	NA	NA	NA	NA
HG03212	NA	NA	10000	327148	32.7213	1.42285e-08	-82007.4	-82007.4	NA	NA	NA	NA	NA	NA	NA	NA	NA	NA
HG03224	NA	NA	10000	311407	31.1625	2.49677e-12	-78080	-78080	NA	NA	NA	NA	NA	NA	NA	NA	NA	NA
HG03225	NA	NA	10000	319272	31.9336	3.27805e-09	-77914.7	-141131	NA	NA	NA	NA	NA	NA	NA	NA	NA	NA
HG03228	NA	NA	10000	300344	30.0374	0.000913957	-77387.2	-85613.1	NA	NA	NA	NA	NA	NA	NA	NA	NA	NA
HG03229	NA	NA	10000	294049	29.4078	6.80066e-05	-75200.9	-105847	NA	NA	NA	NA	NA	NA	NA	NA	NA	NA
HG03230	NA	NA	10000	310100	31.01	0.000168708	-76907.9	-94320.7	NA	NA	NA	NA	NA	NA	NA	NA	NA	NA
HG03234	NA	NA	10000	320160	32.016	7.33188e-10	-85949.2	-152752	NA	NA	NA	NA	NA	NA	NA	NA	NA	NA
HG03235	NA	NA	10000	367629	36.7703	2.30341e-08	-95342.9	-95342.9	NA	NA	NA	NA	NA	NA	NA	NA	NA	NA
HG03236	NA	NA	10000	302506	30.2506	1.34326e-08	-79706.8	-79706.8	NA	NA	NA	NA	NA	NA	NA	NA	NA	NA
HG03237	NA	NA	10000	333462	33.3495	1.40937e-08	-83376.1	-83376.1	NA	NA	NA	NA	NA	NA	NA	NA	NA	NA
HG03238	NA	NA	10000	322930	32.2962	3.70024e-09	-86780.4	-172567	NA	NA	NA	NA	NA	NA	NA	NA	NA	NA
HG03239	NA	NA	10000	315669	31.5732	0.000173685	-84975.4	-96214.2	NA	NA	NA	NA	NA	NA	NA	NA	NA	NA
HG03240	NA	NA	10000	314287	31.435	0.00115264	-79949.6	-81047.6	NA	NA	NA	NA	NA	NA	NA	NA	NA	NA
HG03241	NA	NA	10000	328863	32.8929	0.00116356	-82619.4	-86674.2	NA	NA	NA	NA	NA	NA	NA	NA	NA	NA
HG03242	NA	NA	10000	301547	30.1637	0.00108666	-75342.7	-75577.5	NA	NA	NA	NA	NA	NA	NA	NA	NA	NA
HG03246	NA	NA	10000	310369	31.0431	0.00121424	-79097.8	-80009	NA	NA	NA	NA	NA	NA	NA	NA	NA	NA
HG03247	NA	NA	10000	328245	32.8344	2.0275e-08	-83262.5	-116388	NA	NA	NA	NA	NA	NA	NA	NA	NA	NA
HG03248	NA	NA	10000	339330	33.9432	0.00128709	-85134.1	-85626.1	NA	NA	NA	NA	NA	NA	NA	NA	NA	NA
HG03249	NA	NA	10000	338576	33.8576	5.62187e-08	-85015.6	-85015.6	NA	NA	NA	NA	NA	NA	NA	NA	NA	NA
HG03250	NA	NA	10000	347018	34.7122	0.00217265	-88009.3	-88283.2	NA	NA	NA	NA	NA	NA	NA	NA	NA	NA
HG03251	NA	NA	10000	337678	33.7712	1.6686e-07	-85035.9	-115719	NA	NA	NA	NA	NA	NA	NA	NA	NA	NA
HG03258	NA	NA	10000	357836	35.7943	3.79181e-26	-87063.3	-123810	NA	NA	NA	NA	NA	NA	NA	NA	NA	NA
HG03259	NA	NA	10000	407451	40.7573	0.000108229	-91236.8	-93840.4	NA	NA	NA	NA	NA	NA	NA	NA	NA	NA
HG03260	NA	NA	10000	341139	34.1207	7.94498e-05	-84285.7	-90852.5	NA	NA	NA	NA	NA	NA	NA	NA	NA	NA
HG03265	NA	NA	10000	304930	30.5022	9.72962e-09	-76566.4	-76566.4	NA	NA	NA	NA	NA	NA	NA	NA	NA	NA
HG03267	NA	NA	10000	359560	35.9632	2.97131e-08	-89219.7	-90422.7	NA	NA	NA	NA	NA	NA	NA	NA	NA	NA
HG03268	NA	NA	10000	318611	31.877	2.62128e-09	-78134.2	-144354	NA	NA	NA	NA	NA	NA	NA	NA	NA	NA
HG03269	NA	NA	10000	318498	31.8594	3.22089e-09	-80008.7	-138402	NA	NA	NA	NA	NA	NA	NA	NA	NA	NA
HG03270	NA	NA	10000	549487	54.9597	0.000390402	-134277	-138679	NA	NA	NA	NA	NA	NA	NA	NA	NA	NA
HG03271	NA	NA	10000	316851	31.6914	0.000131039	-79674.9	-150907	NA	NA	NA	NA	NA	NA	NA	NA	NA	NA
HG03272	NA	NA	10000	318510	31.8574	2.08416e-08	-77947.5	-77947.5	NA	NA	NA	NA	NA	NA	NA	NA	NA	NA
HG03279	NA	NA	10000	369348	36.9385	0.00116493	-92283.6	-94919.6	NA	NA	NA	NA	NA	NA	NA	NA	NA	NA
HG03280	NA	NA	10000	366456	36.6493	2.73476e-09	-89498.6	-143102	NA	NA	NA	NA	NA	NA	NA	NA	NA	NA
HG03291	NA	NA	10000	304029	30.412	0.00010417	-77608.8	-91987.1	NA	NA	NA	NA	NA	NA	NA	NA	NA	NA
HG03294	NA	NA	10000	302573	30.2724	4.43071e-10	-76928.3	-152547	NA	NA	NA	NA	NA	NA	NA	NA	NA	NA
HG03295	NA	NA	10000	313126	31.3251	0.00106234	-79669.5	-81775.1	NA	NA	NA	NA	NA	NA	NA	NA	NA	NA
HG03296	NA	NA	10000	299445	29.9535	4.4669e-05	-75593.3	-132733	NA	NA	NA	NA	NA	NA	NA	NA	NA	NA
HG03297	NA	NA	10000	305748	30.5901	5.58904e-08	-77122.9	-137841	NA	NA	NA	NA	NA	NA	NA	NA	NA	NA
HG03298	NA	NA	10000	339799	33.9935	0.000380468	-85902	-86317.3	NA	NA	NA	NA	NA	NA	NA	NA	NA	NA
HG03299	NA	NA	10000	335399	33.55	0.00040702	-84771	-88253.8	NA	NA	NA	NA	NA	NA	NA	NA	NA	NA
HG03300	NA	NA	10000	326296	32.6361	0.000698648	-79584	-81651.5	NA	NA	NA	NA	NA	NA	NA	NA	NA	NA
HG03301	NA	NA	10000	325024	32.5089	2.74843e-09	-78802	-140015	NA	NA	NA	NA	NA	NA	NA	NA	NA	NA
HG03302	NA	NA	10000	330745	33.0778	0.000245534	-79626.3	-88690.6	NA	NA	NA	NA	NA	NA	NA	NA	NA	NA
HG03303	NA	NA	10000	317509	31.7541	0.00103925	-79959.9	-81306.1	NA	NA	NA	NA	NA	NA	NA	NA	NA	NA
HG03304	NA	NA	10000	321844	32.1908	1.99367e-08	-80641.4	-80641.4	NA	NA	NA	NA	NA	NA	NA	NA	NA	NA
HG03305	NA	NA	10000	339999	34.0033	3.55094e-05	-84409.4	-105990	NA	NA	NA	NA	NA	NA	NA	NA	NA	NA
HG03306	NA	NA	10000	329852	32.9984	4.34415e-09	-80831	-145326	NA	NA	NA	NA	NA	NA	NA	NA	NA	NA
HG03307	NA	NA	10000	343129	34.3232	0.000300693	-84161.1	-84873.4	NA	NA	NA	NA	NA	NA	NA	NA	NA	NA
HG03308	NA	NA	10000	328815	32.8881	0.000348171	-81739.6	-86424	NA	NA	NA	NA	NA	NA	NA	NA	NA	NA
HG03309	NA	NA	10000	302260	30.2351	0.00190497	-75838.4	-76317.4	NA	NA	NA	NA	NA	NA	NA	NA	NA	NA
HG03310	NA	NA	10000	306189	30.625	2.08971e-09	-75288	-138771	NA	NA	NA	NA	NA	NA	NA	NA	NA	NA
HG03311	NA	NA	10000	333140	33.324	5.65022e-13	-80769.1	-116802	NA	NA	NA	NA	NA	NA	NA	NA	NA	NA
HG03312	NA	NA	10000	296595	29.6654	0.000668929	-75558.2	-85779.2	NA	NA	NA	NA	NA	NA	NA	NA	NA	NA
HG03313	NA	NA	10000	327652	32.7685	4.27618e-09	-81693	-149214	NA	NA	NA	NA	NA	NA	NA	NA	NA	NA
HG03314	NA	NA	10000	305915	30.5976	5.28581e-05	-77697.5	-152419	NA	NA	NA	NA	NA	NA	NA	NA	NA	NA
HG03342	NA	NA	10000	333948	33.4048	0.000314868	-83263.3	-88497.4	NA	NA	NA	NA	NA	NA	NA	NA	NA	NA
HG03343	NA	NA	10000	429254	42.934	8.82542e-10	-102185	-102185	NA	NA	NA	NA	NA	NA	NA	NA	NA	NA
HG03344	NA	NA	10000	323006	32.3168	2.22764e-09	-79204	-146407	NA	NA	NA	NA	NA	NA	NA	NA	NA	NA
HG03350	NA	NA	10000	353274	35.3309	1.08656e-08	-88684.4	-145541	NA	NA	NA	NA	NA	NA	NA	NA	NA	NA
HG03351	NA	NA	10000	374997	37.511	8.53063e-08	-91652.2	-91652.2	NA	NA	NA	NA	NA	NA	NA	NA	NA	NA
HG03352	NA	NA	10000	301421	30.1451	6.18009e-09	-76163	-136628	NA	NA	NA	NA	NA	NA	NA	NA	NA	NA
HG03354	NA	NA	10000	312628	31.2691	0.00266115	-78488	-79423.9	NA	NA	NA	NA	NA	NA	NA	NA	NA	NA
HG03363	NA	NA	10000	310413	31.0537	0.000259721	-76974.6	-82646.9	NA	NA	NA	NA	NA	NA	NA	NA	NA	NA
HG03366	NA	NA	10000	370555	37.0592	3.86726e-09	-92682.1	-152627	NA	NA	NA	NA	NA	NA	NA	NA	NA	NA
HG03367	NA	NA	10000	369409	36.9483	7.41912e-09	-89533.2	-152741	NA	NA	NA	NA	NA	NA	NA	NA	NA	NA
HG03368	NA	NA	10000	301801	30.1831	0.000364919	-73390.4	-81223.6	NA	NA	NA	NA	NA	NA	NA	NA	NA	NA
HG03369	NA	NA	10000	412990	41.3155	4.84813e-08	-102282	-153227	NA	NA	NA	NA	NA	NA	NA	NA	NA	NA
HG03370	NA	NA	10000	319046	31.9142	1.11193e-08	-80550.4	-80550.4	NA	NA	NA	NA	NA	NA	NA	NA	NA	NA
HG03371	NA	NA	10000	329027	32.9159	4.14375e-05	-84000.7	-172916	NA	NA	NA	NA	NA	NA	NA	NA	NA	NA
HG03372	NA	NA	10000	395133	39.5212	9.27104e-08	-96763.2	-96763.2	NA	NA	NA	NA	NA	NA	NA	NA	NA	NA
HG03373	NA	NA	10000	311529	31.1654	1.49668e-08	-77602.6	-142362	NA	NA	NA	NA	NA	NA	NA	NA	NA	NA
HG03374	NA	NA	10000	311107	31.1138	0.000288672	-78027.7	-82191.6	NA	NA	NA	NA	NA	NA	NA	NA	NA	NA
HG03376	NA	NA	10000	312858	31.2889	0.00079264	-78766.9	-84134.6	NA	NA	NA	NA	NA	NA	NA	NA	NA	NA
HG03378	NA	NA	10000	309029	30.9122	0.00109131	-78898.8	-81775.7	NA	NA	NA	NA	NA	NA	NA	NA	NA	NA
HG03380	NA	NA	10000	323396	32.3428	0.000105272	-82093.8	-84119.5	NA	NA	NA	NA	NA	NA	NA	NA	NA	NA
HG03382	NA	NA	10000	310831	31.0955	1.59788e-09	-78261.9	-138552	NA	NA	NA	NA	NA	NA	NA	NA	NA	NA
HG03385	NA	NA	10000	326692	32.6823	2.31854e-07	-81060.2	-100980	NA	NA	NA	NA	NA	NA	NA	NA	NA	NA
HG03388	NA	NA	10000	334293	33.4326	0.000646276	-82948.1	-83421.1	NA	NA	NA	NA	NA	NA	NA	NA	NA	NA
HG03391	NA	NA	10000	324314	32.4379	0.000522835	-78992.2	-81871.8	NA	NA	NA	NA	NA	NA	NA	NA	NA	NA
HG03394	NA	NA	10000	320194	32.0226	1.64893e-08	-80441.1	-132362	NA	NA	NA	NA	NA	NA	NA	NA	NA	NA
HG03397	NA	NA	10000	299728	29.9788	0.00190836	-77817.2	-78039.5	NA	NA	NA	NA	NA	NA	NA	NA	NA	NA
HG03401	NA	NA	10000	290899	29.0957	1.45751e-05	-72485.4	-74761.3	NA	NA	NA	NA	NA	NA	NA	NA	NA	NA
HG03410	NA	NA	10000	304297	30.4327	0.000173904	-77861.6	-78913.6	NA	NA	NA	NA	NA	NA	NA	NA	NA	NA
HG03419	NA	NA	10000	327569	32.7635	5.38109e-05	-82191.1	-115549	NA	NA	NA	NA	NA	NA	NA	NA	NA	NA
HG03428	NA	NA	10000	329484	32.9583	0.00148349	-83437.8	-83944.8	NA	NA	NA	NA	NA	NA	NA	NA	NA	NA
HG03432	NA	NA	10000	350415	35.0485	8.41117e-10	-86838.8	-146474	NA	NA	NA	NA	NA	NA	NA	NA	NA	NA
HG03433	NA	NA	10000	391097	39.1175	8.92993e-08	-95665.7	-95665.7	NA	NA	NA	NA	NA	NA	NA	NA	NA	NA
HG03436	NA	NA	10000	331950	33.2016	0.00062522	-84006.6	-86056.9	NA	NA	NA	NA	NA	NA	NA	NA	NA	NA
HG03437	NA	NA	10000	321805	32.1934	1.3731e-07	-82370	-108749	NA	NA	NA	NA	NA	NA	NA	NA	NA	NA
HG03438	NA	NA	10000	331339	33.1372	1.51206e-09	-84435.1	-141905	NA	NA	NA	NA	NA	NA	NA	NA	NA	NA
HG03439	NA	NA	10000	329172	32.9271	1.92605e-09	-81433.3	-146157	NA	NA	NA	NA	NA	NA	NA	NA	NA	NA
HG03442	NA	NA	10000	329233	32.9266	6.69751e-05	-80977.1	-91325.5	NA	NA	NA	NA	NA	NA	NA	NA	NA	NA
HG03445	NA	NA	10000	309602	30.9602	0.000124606	-77913.6	-135151	NA	NA	NA	NA	NA	NA	NA	NA	NA	NA
HG03446	NA	NA	10000	312409	31.244	0.0010081	-78929.1	-87921.6	NA	NA	NA	NA	NA	NA	NA	NA	NA	NA
HG03449	NA	NA	10000	335007	33.5108	0.000198705	-83461.2	-156517	NA	NA	NA	NA	NA	NA	NA	NA	NA	NA
HG03451	NA	NA	10000	314162	31.4225	0.000289999	-77892.6	-79199.7	NA	NA	NA	NA	NA	NA	NA	NA	NA	NA
HG03452	NA	NA	10000	392590	39.2629	1.1235e-08	-97602.4	-155508	NA	NA	NA	NA	NA	NA	NA	NA	NA	NA
HG03453	NA	NA	10000	320193	32.0257	0.000760897	-81601.9	-82325	NA	NA	NA	NA	NA	NA	NA	NA	NA	NA
HG03454	NA	NA	10000	305321	30.5382	4.98309e-05	-76211.6	-99409.3	NA	NA	NA	NA	NA	NA	NA	NA	NA	NA
HG03455	NA	NA	10000	320814	32.0878	0.00104592	-82448.9	-83535.9	NA	NA	NA	NA	NA	NA	NA	NA	NA	NA
HG03456	NA	NA	10000	323895	32.3992	0.00119243	-81765.9	-83071.5	NA	NA	NA	NA	NA	NA	NA	NA	NA	NA
HG03457	NA	NA	10000	425267	42.531	1.08923e-08	-103266	-169519	NA	NA	NA	NA	NA	NA	NA	NA	NA	NA
HG03458	NA	NA	10000	299681	29.9831	0.00132172	-74066.3	-78450.5	NA	NA	NA	NA	NA	NA	NA	NA	NA	NA
HG03460	NA	NA	10000	340792	34.0894	0.000229452	-83833.6	-91398.6	NA	NA	NA	NA	NA	NA	NA	NA	NA	NA
HG03461	NA	NA	10000	309492	30.9523	1.67254e-09	-79272.6	-138136	NA	NA	NA	NA	NA	NA	NA	NA	NA	NA
HG03464	NA	NA	10000	310718	31.0718	0.00179162	-79244.9	-79481.6	NA	NA	NA	NA	NA	NA	NA	NA	NA	NA
HG03469	NA	NA	10000	320853	32.0949	1.54189e-08	-80914.4	-142753	NA	NA	NA	NA	NA	NA	NA	NA	NA	NA
HG03470	NA	NA	10000	355742	35.5778	0.000792633	-88450.1	-90264.3	NA	NA	NA	NA	NA	NA	NA	NA	NA	NA
HG03472	NA	NA	10000	295569	29.5628	0.00121611	-75729.6	-80302.1	NA	NA	NA	NA	NA	NA	NA	NA	NA	NA
HG03473	NA	NA	10000	286793	28.685	0.00037783	-70360.5	-74134.7	NA	NA	NA	NA	NA	NA	NA	NA	NA	NA
HG03476	NA	NA	10000	305221	30.5282	1.02855e-08	-76449.1	-132684	NA	NA	NA	NA	NA	NA	NA	NA	NA	NA
HG03478	NA	NA	10000	352816	35.2887	0.00109553	-86019.3	-87079.9	NA	NA	NA	NA	NA	NA	NA	NA	NA	NA
HG03479	NA	NA	10000	356292	35.6328	1.63304e-05	-87940.5	-128804	NA	NA	NA	NA	NA	NA	NA	NA	NA	NA
HG03480	NA	NA	10000	332256	33.2289	7.94675e-05	-80973	-85531.2	NA	NA	NA	NA	NA	NA	NA	NA	NA	NA
HG03484	NA	NA	10000	293943	29.4002	1.7731e-09	-73813.9	-142845	NA	NA	NA	NA	NA	NA	NA	NA	NA	NA
HG03485	NA	NA	10000	311113	31.1175	0.0010075	-78219	-79888.4	NA	NA	NA	NA	NA	NA	NA	NA	NA	NA
HG03486	NA	NA	10000	338498	33.8566	1.3802e-08	-83627.5	-83627.5	NA	NA	NA	NA	NA	NA	NA	NA	NA	NA
HG03487	NA	NA	10000	317671	31.7703	7.58824e-05	-82718.7	-122215	NA	NA	NA	NA	NA	NA	NA	NA	NA	NA
HG03488	NA	NA	10000	326983	32.7081	5.32323e-09	-85971.2	-174029	NA	NA	NA	NA	NA	NA	NA	NA	NA	NA
HG03489	NA	NA	10000	313719	31.3845	4.10676e-09	-79999.7	-130874	NA	NA	NA	NA	NA	NA	NA	NA	NA	NA
HG03490	NA	NA	10000	330340	33.0373	0.000333468	-81737.8	-84303.8	NA	NA	NA	NA	NA	NA	NA	NA	NA	NA
HG03491	NA	NA	10000	323124	32.3124	0.000211291	-84473.9	-100574	NA	NA	NA	NA	NA	NA	NA	NA	NA	NA
HG03492	NA	NA	10000	319380	31.9412	9.83174e-09	-83509.2	-137615	NA	NA	NA	NA	NA	NA	NA	NA	NA	NA
HG03499	NA	NA	10000	406306	40.6387	2.50894e-09	-98324.9	-160365	NA	NA	NA	NA	NA	NA	NA	NA	NA	NA
HG03511	NA	NA	10000	333546	33.3579	6.49418e-09	-84113.5	-84113.5	NA	NA	NA	NA	NA	NA	NA	NA	NA	NA
HG03514	NA	NA	10000	311686	31.1717	3.01809e-09	-78543.4	-137227	NA	NA	NA	NA	NA	NA	NA	NA	NA	NA
HG03515	NA	NA	10000	315965	31.6028	9.59531e-05	-80552.9	-80823.7	NA	NA	NA	NA	NA	NA	NA	NA	NA	NA
HG03516	NA	NA	10000	308806	30.8899	2.67755e-05	-78385.8	-84986.6	NA	NA	NA	NA	NA	NA	NA	NA	NA	NA
HG03517	NA	NA	10000	404230	40.4351	0.000219725	-100503	-101366	NA	NA	NA	NA	NA	NA	NA	NA	NA	NA
HG03518	NA	NA	10000	320531	32.0595	0.000498058	-80576	-84760.8	NA	NA	NA	NA	NA	NA	NA	NA	NA	NA
HG03519	NA	NA	10000	359923	35.9995	7.04295e-09	-90486	-148998	NA	NA	NA	NA	NA	NA	NA	NA	NA	NA
HG03520	NA	NA	10000	318333	31.8365	2.51614e-08	-80263.1	-136674	NA	NA	NA	NA	NA	NA	NA	NA	NA	NA
HG03521	NA	NA	10000	333257	33.3357	0.00015943	-83275.1	-92462	NA	NA	NA	NA	NA	NA	NA	NA	NA	NA
HG03522	NA	NA	10000	345904	34.5939	0.000781226	-83787.2	-88690	NA	NA	NA	NA	NA	NA	NA	NA	NA	NA
HG03538	NA	NA	10000	321840	32.2001	0.00047307	-82111.5	-83190.6	NA	NA	NA	NA	NA	NA	NA	NA	NA	NA
HG03539	NA	NA	10000	312198	31.226	1.93252e-09	-80455.2	-155762	NA	NA	NA	NA	NA	NA	NA	NA	NA	NA
HG03540	NA	NA	10000	359782	35.9818	0.000461304	-91155	-95312.4	NA	NA	NA	NA	NA	NA	NA	NA	NA	NA
HG03547	NA	NA	10000	315287	31.5319	7.9978e-05	-79143.8	-93666.1	NA	NA	NA	NA	NA	NA	NA	NA	NA	NA
HG03548	NA	NA	10000	319369	31.9465	3.41855e-09	-80469.8	-134222	NA	NA	NA	NA	NA	NA	NA	NA	NA	NA
HG03556	NA	NA	10000	335827	33.5861	0.000915241	-84149.7	-84915.9	NA	NA	NA	NA	NA	NA	NA	NA	NA	NA
HG03557	NA	NA	10000	357606	35.7606	2.56381e-09	-89943	-147357	NA	NA	NA	NA	NA	NA	NA	NA	NA	NA
HG03558	NA	NA	10000	314144	31.4333	6.72859e-08	-79776.3	-99784.8	NA	NA	NA	NA	NA	NA	NA	NA	NA	NA
HG03559	NA	NA	10000	323845	32.3942	1.82824e-09	-79761.7	-148123	NA	NA	NA	NA	NA	NA	NA	NA	NA	NA
HG03563	NA	NA	10000	325232	32.533	0.000527275	-82820.3	-86048.7	NA	NA	NA	NA	NA	NA	NA	NA	NA	NA
HG03565	NA	NA	10000	335071	33.5105	0.00116374	-84149.9	-85429.7	NA	NA	NA	NA	NA	NA	NA	NA	NA	NA
HG03567	NA	NA	10000	315076	31.5139	1.93748e-05	-77423.2	-133912	NA	NA	NA	NA	NA	NA	NA	NA	NA	NA
HG03571	NA	NA	10000	361005	36.1077	1.22839e-08	-90254.4	-142659	NA	NA	NA	NA	NA	NA	NA	NA	NA	NA
HG03572	NA	NA	10000	308331	30.8362	0.00145447	-76717.6	-77777.9	NA	NA	NA	NA	NA	NA	NA	NA	NA	NA
HG03574	NA	NA	10000	334847	33.4914	0.00326328	-87064.5	-93585.4	NA	NA	NA	NA	NA	NA	NA	NA	NA	NA
HG03575	NA	NA	10000	333952	33.4019	1.43873e-11	-83295.5	-155785	NA	NA	NA	NA	NA	NA	NA	NA	NA	NA
HG03576	NA	NA	10000	281739	28.1795	0.00012315	-71143	-117104	NA	NA	NA	NA	NA	NA	NA	NA	NA	NA
HG03577	NA	NA	10000	307967	30.7998	0.000671515	-79219.3	-84803.6	NA	NA	NA	NA	NA	NA	NA	NA	NA	NA
HG03578	NA	NA	10000	326146	32.6211	6.07957e-08	-82788	-129925	NA	NA	NA	NA	NA	NA	NA	NA	NA	NA
HG03579	NA	NA	10000	317190	31.7285	0.00010542	-79393.5	-152571	NA	NA	NA	NA	NA	NA	NA	NA	NA	NA
HG03582	NA	NA	10000	329138	32.9171	8.21578e-09	-80913.3	-80913.3	NA	NA	NA	NA	NA	NA	NA	NA	NA	NA
HG03583	NA	NA	10000	315966	31.6029	4.9477e-09	-77354.3	-139397	NA	NA	NA	NA	NA	NA	NA	NA	NA	NA
HG03584	NA	NA	10000	327431	32.7464	5.44598e-09	-80751.8	-143586	NA	NA	NA	NA	NA	NA	NA	NA	NA	NA
HG03585	NA	NA	10000	324538	32.457	1.68483e-09	-84781.7	-170792	NA	NA	NA	NA	NA	NA	NA	NA	NA	NA
HG03589	NA	NA	10000	315890	31.5922	0.000308012	-81823.1	-84417.4	NA	NA	NA	NA	NA	NA	NA	NA	NA	NA
HG03593	NA	NA	10000	316901	31.6964	2.28383e-09	-82396.8	-173963	NA	NA	NA	NA	NA	NA	NA	NA	NA	NA
HG03594	NA	NA	10000	318147	31.8211	3.0942e-08	-81622.4	-81622.4	NA	NA	NA	NA	NA	NA	NA	NA	NA	NA
HG03595	NA	NA	10000	371750	37.175	9.00459e-05	-96853.3	-113652	NA	NA	NA	NA	NA	NA	NA	NA	NA	NA
HG03596	NA	NA	10000	324356	32.4453	5.95987e-09	-85097.9	-163856	NA	NA	NA	NA	NA	NA	NA	NA	NA	NA
HG03598	NA	NA	10000	292220	29.2308	6.7234e-05	-77951.8	-100253	NA	NA	NA	NA	NA	NA	NA	NA	NA	NA
HG03600	NA	NA	10000	301508	30.1568	0.00109877	-80483.8	-82514.7	NA	NA	NA	NA	NA	NA	NA	NA	NA	NA
HG03603	NA	NA	10000	410766	41.0807	5.06881e-09	-104963	-165232	NA	NA	NA	NA	NA	NA	NA	NA	NA	NA
HG03604	NA	NA	10000	328932	32.8932	0.00141014	-87702.4	-111754	NA	NA	NA	NA	NA	NA	NA	NA	NA	NA
HG03605	NA	NA	10000	285242	28.5299	0.000910884	-75988.4	-77982.5	NA	NA	NA	NA	NA	NA	NA	NA	NA	NA
HG03606	NA	NA	10000	350928	35.1033	0.000548455	-91557.9	-112028	NA	NA	NA	NA	NA	NA	NA	NA	NA	NA
HG03607	NA	NA	10000	318368	31.84	0.000112187	-82902.9	-85372	NA	NA	NA	NA	NA	NA	NA	NA	NA	NA
HG03611	NA	NA	10000	680025	68.0161	2.71198e-05	-172356	-183828	NA	NA	NA	NA	NA	NA	NA	NA	NA	NA
HG03615	NA	NA	10000	346901	34.7005	5.78501e-09	-88500.2	-147251	NA	NA	NA	NA	NA	NA	NA	NA	NA	NA
HG03616	NA	NA	10000	319522	31.9586	4.96118e-09	-81530.2	-81530.2	NA	NA	NA	NA	NA	NA	NA	NA	NA	NA
HG03617	NA	NA	10000	331773	33.1806	8.48531e-09	-84664.6	-84664.6	NA	NA	NA	NA	NA	NA	NA	NA	NA	NA
HG03618	NA	NA	10000	335450	33.5484	1.37342e-08	-85906.3	-162426	NA	NA	NA	NA	NA	NA	NA	NA	NA	NA
HG03619	NA	NA	10000	312997	31.2997	1.34553e-08	-79162.8	-124898	NA	NA	NA	NA	NA	NA	NA	NA	NA	NA
HG03620	NA	NA	10000	336387	33.6421	1.17772e-08	-87240.1	-87240.1	NA	NA	NA	NA	NA	NA	NA	NA	NA	NA
HG03624	NA	NA	10000	306584	30.6615	1.36899e-08	-79054	-79054	NA	NA	NA	NA	NA	NA	NA	NA	NA	NA
HG03625	NA	NA	10000	391503	39.1542	0.00123791	-95314.9	-96361.9	NA	NA	NA	NA	NA	NA	NA	NA	NA	NA
HG03626	NA	NA	10000	327007	32.7007	0.000769808	-88101.2	-90637.1	NA	NA	NA	NA	NA	NA	NA	NA	NA	NA
HG03629	NA	NA	10000	320192	32.0192	6.70947e-09	-84587.8	-160906	NA	NA	NA	NA	NA	NA	NA	NA	NA	NA
HG03631	NA	NA	10000	315620	31.562	3.72198e-09	-81180.5	-148941	NA	NA	NA	NA	NA	NA	NA	NA	NA	NA
HG03633	NA	NA	10000	335980	33.6014	4.57377e-09	-83915.9	-145774	NA	NA	NA	NA	NA	NA	NA	NA	NA	NA
HG03634	NA	NA	10000	338153	33.8153	1.50932e-07	-88133.2	-96096.1	NA	NA	NA	NA	NA	NA	NA	NA	NA	NA
HG03635	NA	NA	10000	324546	32.4611	1.7165e-09	-85804	-154502	NA	NA	NA	NA	NA	NA	NA	NA	NA	NA
HG03636	NA	NA	10000	320742	32.0774	9.64023e-10	-84827.1	-155815	NA	NA	NA	NA	NA	NA	NA	NA	NA	NA
HG03639	NA	NA	10000	346489	34.6558	2.92444e-05	-87309.3	-92833.7	NA	NA	NA	NA	NA	NA	NA	NA	NA	NA
HG03640	NA	NA	10000	318480	31.8576	1.38808e-09	-83564.2	-153118	NA	NA	NA	NA	NA	NA	NA	NA	NA	NA
HG03641	NA	NA	10000	305249	30.531	0.000103899	-78392	-91270.4	NA	NA	NA	NA	NA	NA	NA	NA	NA	NA
HG03642	NA	NA	10000	321494	32.1526	5.20379e-09	-80753.4	-165895	NA	NA	NA	NA	NA	NA	NA	NA	NA	NA
HG03643	NA	NA	10000	320101	32.0101	2.18597e-09	-80789.1	-130468	NA	NA	NA	NA	NA	NA	NA	NA	NA	NA
HG03644	NA	NA	10000	307436	30.7467	3.9694e-09	-80989.9	-132659	NA	NA	NA	NA	NA	NA	NA	NA	NA	NA
HG03645	NA	NA	10000	313920	31.3951	6.67729e-09	-81478.6	-81478.6	NA	NA	NA	NA	NA	NA	NA	NA	NA	NA
HG03646	NA	NA	10000	318331	31.8363	3.70437e-10	-82866.4	-162907	NA	NA	NA	NA	NA	NA	NA	NA	NA	NA
HG03649	NA	NA	10000	328126	32.8159	1.59884e-08	-86902.5	-138030	NA	NA	NA	NA	NA	NA	NA	NA	NA	NA
HG03650	NA	NA	10000	314576	31.4576	1.61689e-08	-85340.3	-85340.3	NA	NA	NA	NA	NA	NA	NA	NA	NA	NA
HG03651	NA	NA	10000	330045	33.0111	1.94219e-09	-87129.4	-154820	NA	NA	NA	NA	NA	NA	NA	NA	NA	NA
HG03652	NA	NA	10000	353680	35.3751	0.000130683	-92019.4	-96973.9	NA	NA	NA	NA	NA	NA	NA	NA	NA	NA
HG03653	NA	NA	10000	303558	30.3588	1.44965e-09	-79555.9	-139703	NA	NA	NA	NA	NA	NA	NA	NA	NA	NA
HG03654	NA	NA	10000	340086	34.0154	7.7778e-10	-90145.7	-180288	NA	NA	NA	NA	NA	NA	NA	NA	NA	NA
HG03660	NA	NA	10000	369033	36.907	4.70465e-08	-96890.3	-96890.3	NA	NA	NA	NA	NA	NA	NA	NA	NA	NA
HG03663	NA	NA	10000	326195	32.6228	9.61072e-05	-86806.8	-135411	NA	NA	NA	NA	NA	NA	NA	NA	NA	NA
HG03667	NA	NA	10000	343756	34.379	4.8982e-08	-87496.5	-87496.5	NA	NA	NA	NA	NA	NA	NA	NA	NA	NA
HG03668	NA	NA	10000	320924	32.0988	0.000688847	-85950.2	-89613.1	NA	NA	NA	NA	NA	NA	NA	NA	NA	NA
HG03669	NA	NA	10000	341910	34.1944	0.000107655	-88941	-92499.5	NA	NA	NA	NA	NA	NA	NA	NA	NA	NA
HG03672	NA	NA	10000	497398	49.7497	7.00414e-05	-120772	-129574	NA	NA	NA	NA	NA	NA	NA	NA	NA	NA
HG03673	NA	NA	10000	321483	32.1547	1.08596e-08	-84094.6	-139485	NA	NA	NA	NA	NA	NA	NA	NA	NA	NA
HG03679	NA	NA	10000	316144	31.6176	1.36515e-09	-80997.7	-145573	NA	NA	NA	NA	NA	NA	NA	NA	NA	NA
HG03680	NA	NA	10000	302844	30.2905	8.65577e-08	-80690.8	-80690.8	NA	NA	NA	NA	NA	NA	NA	NA	NA	NA
HG03681	NA	NA	10000	301294	30.1354	4.96093e-09	-77005.3	-142321	NA	NA	NA	NA	NA	NA	NA	NA	NA	NA
HG03682	NA	NA	10000	306104	30.6165	4.20335e-09	-80017.3	-80017.3	NA	NA	NA	NA	NA	NA	NA	NA	NA	NA
HG03683	NA	NA	10000	339593	33.9627	4.0946e-09	-86731	-172093	NA	NA	NA	NA	NA	NA	NA	NA	NA	NA
HG03684	NA	NA	10000	321972	32.2004	4.83086e-09	-81400.6	-153704	NA	NA	NA	NA	NA	NA	NA	NA	NA	NA
HG03685	NA	NA	10000	310712	31.0774	4.84127e-05	-80589.4	-172257	NA	NA	NA	NA	NA	NA	NA	NA	NA	NA
HG03686	NA	NA	10000	326551	32.6584	0.000260804	-83586.1	-94191.9	NA	NA	NA	NA	NA	NA	NA	NA	NA	NA
HG03687	NA	NA	10000	292146	29.2204	2.05776e-05	-74931.5	-124891	NA	NA	NA	NA	NA	NA	NA	NA	NA	NA
HG03688	NA	NA	10000	343823	34.3892	3.55571e-08	-89232.3	-89232.3	NA	NA	NA	NA	NA	NA	NA	NA	NA	NA
HG03689	NA	NA	10000	366846	36.6956	1.35457e-08	-91137.9	-139233	NA	NA	NA	NA	NA	NA	NA	NA	NA	NA
HG03690	NA	NA	10000	315234	31.5234	0.000351103	-74243.1	-74631.1	NA	NA	NA	NA	NA	NA	NA	NA	NA	NA
HG03691	NA	NA	10000	348251	34.8286	1.60404e-09	-88476	-156587	NA	NA	NA	NA	NA	NA	NA	NA	NA	NA
HG03692	NA	NA	10000	321099	32.1131	6.70368e-10	-82594.9	-152459	NA	NA	NA	NA	NA	NA	NA	NA	NA	NA
HG03693	NA	NA	10000	337020	33.7054	1.26341e-08	-86866.5	-86866.5	NA	NA	NA	NA	NA	NA	NA	NA	NA	NA
HG03694	NA	NA	10000	310756	31.0818	1.02393e-08	-84044.9	-84044.9	NA	NA	NA	NA	NA	NA	NA	NA	NA	NA
HG03695	NA	NA	10000	323156	32.3188	7.40838e-09	-83043.3	-138056	NA	NA	NA	NA	NA	NA	NA	NA	NA	NA
HG03696	NA	NA	10000	336150	33.6217	8.62217e-09	-77362.6	-77362.6	NA	NA	NA	NA	NA	NA	NA	NA	NA	NA
HG03697	NA	NA	10000	320888	32.0984	1.24539e-08	-83471.4	-137851	NA	NA	NA	NA	NA	NA	NA	NA	NA	NA
HG03698	NA	NA	10000	329302	32.9368	5.29271e-09	-82587.9	-82587.9	NA	NA	NA	NA	NA	NA	NA	NA	NA	NA
HG03699	NA	NA	10000	357384	35.742	5.06857e-10	-91642.2	-179023	NA	NA	NA	NA	NA	NA	NA	NA	NA	NA
HG03700	NA	NA	10000	328915	32.8981	7.98562e-09	-86201.6	-86201.6	NA	NA	NA	NA	NA	NA	NA	NA	NA	NA
HG03701	NA	NA	10000	344183	34.4252	3.41652e-09	-90840.6	-152841	NA	NA	NA	NA	NA	NA	NA	NA	NA	NA
HG03702	NA	NA	10000	343446	34.3515	3.69554e-09	-89189.1	-152125	NA	NA	NA	NA	NA	NA	NA	NA	NA	NA
HG03703	NA	NA	10000	292654	29.2742	1.3379e-09	-77498.8	-150923	NA	NA	NA	NA	NA	NA	NA	NA	NA	NA
HG03704	NA	NA	10000	338166	33.8234	1.32244e-07	-89052.8	-89052.8	NA	NA	NA	NA	NA	NA	NA	NA	NA	NA
HG03705	NA	NA	10000	325865	32.5963	2.11207e-09	-84273.4	-154856	NA	NA	NA	NA	NA	NA	NA	NA	NA	NA
HG03706	NA	NA	10000	321430	32.1494	2.85104e-09	-81848.5	-133587	NA	NA	NA	NA	NA	NA	NA	NA	NA	NA
HG03707	NA	NA	10000	332896	33.2996	1.77466e-10	-85315.9	-176714	NA	NA	NA	NA	NA	NA	NA	NA	NA	NA
HG03708	NA	NA	10000	396527	39.6527	1.96168e-08	-100400	-151520	NA	NA	NA	NA	NA	NA	NA	NA	NA	NA
HG03709	NA	NA	10000	314671	31.4702	8.82405e-09	-82888	-82888	NA	NA	NA	NA	NA	NA	NA	NA	NA	NA
HG03710	NA	NA	10000	353331	35.3331	8.71672e-09	-90707	-90707	NA	NA	NA	NA	NA	NA	NA	NA	NA	NA
HG03711	NA	NA	10000	310022	31.0053	3.95864e-09	-78428.2	-144723	NA	NA	NA	NA	NA	NA	NA	NA	NA	NA
HG03713	NA	NA	10000	319914	31.9978	3.22783e-09	-84355.7	-145276	NA	NA	NA	NA	NA	NA	NA	NA	NA	NA
HG03714	NA	NA	10000	333223	33.3256	1.89592e-09	-87232.3	-172533	NA	NA	NA	NA	NA	NA	NA	NA	NA	NA
HG03716	NA	NA	10000	308755	30.8817	0.00317238	-82083.3	-83224.3	NA	NA	NA	NA	NA	NA	NA	NA	NA	NA
HG03717	NA	NA	10000	350714	35.0749	0.00284522	-91447.3	-92047.4	NA	NA	NA	NA	NA	NA	NA	NA	NA	NA
HG03718	NA	NA	10000	297960	29.8049	0.000385361	-76654.6	-79032	NA	NA	NA	NA	NA	NA	NA	NA	NA	NA
HG03719	NA	NA	10000	338932	33.8932	2.7752e-09	-86508.8	-172434	NA	NA	NA	NA	NA	NA	NA	NA	NA	NA
HG03720	NA	NA	10000	315482	31.5608	0.000402899	-81461.5	-88657.1	NA	NA	NA	NA	NA	NA	NA	NA	NA	NA
HG03721	NA	NA	10000	328379	32.8445	0.00165221	-83804.6	-84610.9	NA	NA	NA	NA	NA	NA	NA	NA	NA	NA
HG03722	NA	NA	10000	331523	33.1622	4.93634e-05	-80009	-86228.7	NA	NA	NA	NA	NA	NA	NA	NA	NA	NA
HG03725	NA	NA	10000	332090	33.209	0.00223355	-85195.6	-85514.5	NA	NA	NA	NA	NA	NA	NA	NA	NA	NA
HG03727	NA	NA	10000	341347	34.1347	2.70136e-09	-89045.1	-154839	NA	NA	NA	NA	NA	NA	NA	NA	NA	NA
HG03729	NA	NA	10000	326575	32.6673	8.97379e-05	-85283	-89809.1	NA	NA	NA	NA	NA	NA	NA	NA	NA	NA
HG03730	NA	NA	10000	305537	30.5537	3.80545e-09	-78425.1	-147023	NA	NA	NA	NA	NA	NA	NA	NA	NA	NA
HG03731	NA	NA	10000	310080	31.0111	2.40376e-09	-81847.1	-163060	NA	NA	NA	NA	NA	NA	NA	NA	NA	NA
HG03732	NA	NA	10000	326602	32.6602	9.94114e-05	-85956.4	-109189	NA	NA	NA	NA	NA	NA	NA	NA	NA	NA
HG03733	NA	NA	10000	359745	35.9781	5.70594e-09	-88942.7	-88942.7	NA	NA	NA	NA	NA	NA	NA	NA	NA	NA
HG03736	NA	NA	10000	289717	28.9804	1.77042e-09	-75021.1	-142173	NA	NA	NA	NA	NA	NA	NA	NA	NA	NA
HG03738	NA	NA	10000	328354	32.8387	1.84814e-09	-82626.2	-159446	NA	NA	NA	NA	NA	NA	NA	NA	NA	NA
HG03740	NA	NA	10000	313689	31.3752	8.11866e-10	-74641.2	-164486	NA	NA	NA	NA	NA	NA	NA	NA	NA	NA
HG03741	NA	NA	10000	342971	34.3074	0.000183401	-86103.8	-90424.3	NA	NA	NA	NA	NA	NA	NA	NA	NA	NA
HG03742	NA	NA	10000	338969	33.9003	1.1879e-08	-88700.9	-88700.9	NA	NA	NA	NA	NA	NA	NA	NA	NA	NA
HG03743	NA	NA	10000	324178	32.421	1.74042e-08	-81715.1	-81715.1	NA	NA	NA	NA	NA	NA	NA	NA	NA	NA
HG03744	NA	NA	10000	327029	32.7062	1.44121e-09	-84641.4	-168347	NA	NA	NA	NA	NA	NA	NA	NA	NA	NA
HG03745	NA	NA	10000	303327	30.3327	3.00043e-09	-76772.5	-138957	NA	NA	NA	NA	NA	NA	NA	NA	NA	NA
HG03746	NA	NA	10000	330145	33.0178	2.77597e-09	-85082.1	-151728	NA	NA	NA	NA	NA	NA	NA	NA	NA	NA
HG03750	NA	NA	10000	332026	33.2126	5.79755e-10	-86440	-147950	NA	NA	NA	NA	NA	NA	NA	NA	NA	NA
HG03752	NA	NA	10000	316290	31.6385	2.56635e-09	-77073.9	-138975	NA	NA	NA	NA	NA	NA	NA	NA	NA	NA
HG03753	NA	NA	10000	322306	32.2338	1.85989e-10	-83955.1	-168355	NA	NA	NA	NA	NA	NA	NA	NA	NA	NA
HG03754	NA	NA	10000	325235	32.5333	2.8439e-07	-83590.4	-136771	NA	NA	NA	NA	NA	NA	NA	NA	NA	NA
HG03755	NA	NA	10000	291628	29.1716	0.00284423	-78189.9	-78644.7	NA	NA	NA	NA	NA	NA	NA	NA	NA	NA
HG03756	NA	NA	10000	327116	32.7149	0.00155076	-80393.9	-81306.6	NA	NA	NA	NA	NA	NA	NA	NA	NA	NA
HG03757	NA	NA	10000	294834	29.4863	0.000534817	-79342.7	-79717.8	NA	NA	NA	NA	NA	NA	NA	NA	NA	NA
HG03760	NA	NA	10000	329285	32.9351	4.74875e-09	-84389.8	-137576	NA	NA	NA	NA	NA	NA	NA	NA	NA	NA
HG03761	NA	NA	10000	345823	34.5858	0.000713625	-92453.3	-94012.6	NA	NA	NA	NA	NA	NA	NA	NA	NA	NA
HG03762	NA	NA	10000	300407	30.0467	0.00543128	-81808.2	-83918.1	NA	NA	NA	NA	NA	NA	NA	NA	NA	NA
HG03763	NA	NA	10000	328127	32.816	1.40517e-09	-85380.7	-144669	NA	NA	NA	NA	NA	NA	NA	NA	NA	NA
HG03765	NA	NA	10000	318967	31.9031	1.50083e-09	-85529.9	-161048	NA	NA	NA	NA	NA	NA	NA	NA	NA	NA
HG03767	NA	NA	10000	301715	30.1775	0.00191567	-79209.3	-79700.8	NA	NA	NA	NA	NA	NA	NA	NA	NA	NA
HG03770	NA	NA	10000	308483	30.8576	0.000106069	-81335.8	-91269.3	NA	NA	NA	NA	NA	NA	NA	NA	NA	NA
HG03771	NA	NA	10000	327317	32.7317	0.000747842	-86419.7	-87439	NA	NA	NA	NA	NA	NA	NA	NA	NA	NA
HG03772	NA	NA	10000	313336	31.3399	2.29106e-05	-78525.7	-139061	NA	NA	NA	NA	NA	NA	NA	NA	NA	NA
HG03773	NA	NA	10000	397778	39.7778	0.000348188	-98728.4	-104548	NA	NA	NA	NA	NA	NA	NA	NA	NA	NA
HG03774	NA	NA	10000	327868	32.7901	1.70759e-10	-83112.5	-167416	NA	NA	NA	NA	NA	NA	NA	NA	NA	NA
HG03775	NA	NA	10000	325539	32.5572	2.82147e-09	-80617.7	-158118	NA	NA	NA	NA	NA	NA	NA	NA	NA	NA
HG03777	NA	NA	10000	326175	32.6273	5.47668e-10	-82153.8	-163493	NA	NA	NA	NA	NA	NA	NA	NA	NA	NA
HG03778	NA	NA	10000	384110	38.4225	3.22784e-05	-97078	-107193	NA	NA	NA	NA	NA	NA	NA	NA	NA	NA
HG03779	NA	NA	10000	324933	32.4998	1.47208e-09	-84351.3	-168587	NA	NA	NA	NA	NA	NA	NA	NA	NA	NA
HG03780	NA	NA	10000	308619	30.8681	3.10078e-09	-80755.8	-142232	NA	NA	NA	NA	NA	NA	NA	NA	NA	NA
HG03781	NA	NA	10000	313148	31.3211	1.53628e-09	-82887.8	-156174	NA	NA	NA	NA	NA	NA	NA	NA	NA	NA
HG03782	NA	NA	10000	292763	29.2822	5.12359e-09	-76722.6	-124654	NA	NA	NA	NA	NA	NA	NA	NA	NA	NA
HG03784	NA	NA	10000	329841	32.994	2.55145e-09	-81940.6	-165151	NA	NA	NA	NA	NA	NA	NA	NA	NA	NA
HG03785	NA	NA	10000	307095	30.7126	4.84631e-09	-76347	-130170	NA	NA	NA	NA	NA	NA	NA	NA	NA	NA
HG03786	NA	NA	10000	333410	33.341	9.4998e-08	-82701.5	-82701.5	NA	NA	NA	NA	NA	NA	NA	NA	NA	NA
HG03787	NA	NA	10000	308139	30.817	0.000334494	-81670.6	-87881.9	NA	NA	NA	NA	NA	NA	NA	NA	NA	NA
HG03788	NA	NA	10000	327247	32.728	2.81216e-09	-84325.3	-150217	NA	NA	NA	NA	NA	NA	NA	NA	NA	NA
HG03789	NA	NA	10000	324443	32.4475	0.00453157	-85266.5	-85608.4	NA	NA	NA	NA	NA	NA	NA	NA	NA	NA
HG03790	NA	NA	10000	320854	32.0854	4.42112e-09	-83806.6	-154441	NA	NA	NA	NA	NA	NA	NA	NA	NA	NA
HG03792	NA	NA	10000	318270	31.827	4.42002e-05	-82102.3	-86539.2	NA	NA	NA	NA	NA	NA	NA	NA	NA	NA
HG03793	NA	NA	10000	301468	30.1589	6.18583e-09	-80186.6	-80186.6	NA	NA	NA	NA	NA	NA	NA	NA	NA	NA
HG03794	NA	NA	10000	335929	33.5963	0.00178041	-88749.6	-89222.8	NA	NA	NA	NA	NA	NA	NA	NA	NA	NA
HG03795	NA	NA	10000	340724	34.0792	4.14772e-09	-88667.3	-147442	NA	NA	NA	NA	NA	NA	NA	NA	NA	NA
HG03796	NA	NA	10000	308298	30.8329	0.0016233	-83040.1	-84390.1	NA	NA	NA	NA	NA	NA	NA	NA	NA	NA
HG03797	NA	NA	10000	338961	33.8995	0.00013924	-86378.5	-89852.9	NA	NA	NA	NA	NA	NA	NA	NA	NA	NA
HG03798	NA	NA	10000	340739	34.0841	2.06772e-09	-86321.1	-155703	NA	NA	NA	NA	NA	NA	NA	NA	NA	NA
HG03799	NA	NA	10000	330024	33.009	1.92772e-07	-88029.8	-102676	NA	NA	NA	NA	NA	NA	NA	NA	NA	NA
HG03800	NA	NA	10000	323746	32.3811	1.99956e-05	-84118.5	-123578	NA	NA	NA	NA	NA	NA	NA	NA	NA	NA
HG03801	NA	NA	10000	319714	31.9778	1.75268e-09	-84383.6	-169766	NA	NA	NA	NA	NA	NA	NA	NA	NA	NA
HG03802	NA	NA	10000	335853	33.592	5.7423e-10	-85863.3	-179436	NA	NA	NA	NA	NA	NA	NA	NA	NA	NA
HG03803	NA	NA	10000	291180	29.1238	1.79379e-08	-77100.5	-162061	NA	NA	NA	NA	NA	NA	NA	NA	NA	NA
HG03804	NA	NA	10000	304141	30.4171	0.00436176	-81796.7	-82114.5	NA	NA	NA	NA	NA	NA	NA	NA	NA	NA
HG03805	NA	NA	10000	349387	34.9422	0.000817157	-90265.1	-91720.5	NA	NA	NA	NA	NA	NA	NA	NA	NA	NA
HG03806	NA	NA	10000	358871	35.8943	3.29009e-09	-92627.9	-167525	NA	NA	NA	NA	NA	NA	NA	NA	NA	NA
HG03807	NA	NA	10000	294849	29.4908	0.000437376	-78916.7	-90734	NA	NA	NA	NA	NA	NA	NA	NA	NA	NA
HG03808	NA	NA	10000	315538	31.5538	3.12905e-05	-84086.9	-100540	NA	NA	NA	NA	NA	NA	NA	NA	NA	NA
HG03809	NA	NA	10000	332931	33.2998	4.37001e-08	-84831.7	-84831.7	NA	NA	NA	NA	NA	NA	NA	NA	NA	NA
HG03812	NA	NA	10000	313915	31.3946	0.00139506	-84643.4	-86204.7	NA	NA	NA	NA	NA	NA	NA	NA	NA	NA
HG03814	NA	NA	10000	295331	29.539	1.40317e-09	-75781	-159419	NA	NA	NA	NA	NA	NA	NA	NA	NA	NA
HG03815	NA	NA	10000	358127	35.8199	2.74044e-05	-92692.4	-125918	NA	NA	NA	NA	NA	NA	NA	NA	NA	NA
HG03816	NA	NA	10000	297038	29.7068	1.94339e-09	-76372	-152167	NA	NA	NA	NA	NA	NA	NA	NA	NA	NA
HG03817	NA	NA	10000	334562	33.4595	0.00167153	-84524.4	-85575.4	NA	NA	NA	NA	NA	NA	NA	NA	NA	NA
HG03821	NA	NA	10000	327618	32.7716	0.000823958	-86561	-86774.3	NA	NA	NA	NA	NA	NA	NA	NA	NA	NA
HG03823	NA	NA	10000	316137	31.62	0.000242733	-81831.1	-89747.6	NA	NA	NA	NA	NA	NA	NA	NA	NA	NA
HG03824	NA	NA	10000	302953	30.3044	0.000150629	-81017.8	-97253.3	NA	NA	NA	NA	NA	NA	NA	NA	NA	NA
HG03825	NA	NA	10000	327181	32.7214	0.000393568	-85475.1	-88106.5	NA	NA	NA	NA	NA	NA	NA	NA	NA	NA
HG03826	NA	NA	10000	300795	30.0855	0.00221368	-79821.7	-80857.3	NA	NA	NA	NA	NA	NA	NA	NA	NA	NA
HG03829	NA	NA	10000	311201	31.1263	1.16034e-09	-79748.5	-150734	NA	NA	NA	NA	NA	NA	NA	NA	NA	NA
HG03830	NA	NA	10000	298625	29.8744	5.33603e-09	-79695.6	-139861	NA	NA	NA	NA	NA	NA	NA	NA	NA	NA
HG03831	NA	NA	10000	327528	32.7594	3.79545e-10	-88768.7	-179335	NA	NA	NA	NA	NA	NA	NA	NA	NA	NA
HG03832	NA	NA	10000	300809	30.0839	0.00223638	-80545.7	-80649.8	NA	NA	NA	NA	NA	NA	NA	NA	NA	NA
HG03833	NA	NA	10000	334726	33.4793	0.000775489	-88113.9	-89384.1	NA	NA	NA	NA	NA	NA	NA	NA	NA	NA
HG03834	NA	NA	10000	312978	31.3041	0.000468526	-80771.7	-84372.2	NA	NA	NA	NA	NA	NA	NA	NA	NA	NA
HG03836	NA	NA	10000	332386	33.2486	3.16665e-09	-81854.4	-142504	NA	NA	NA	NA	NA	NA	NA	NA	NA	NA
HG03837	NA	NA	10000	325548	32.5678	0.000252443	-76464.3	-78216.9	NA	NA	NA	NA	NA	NA	NA	NA	NA	NA
HG03838	NA	NA	10000	326481	32.6579	4.02168e-05	-80817.2	-93796.5	NA	NA	NA	NA	NA	NA	NA	NA	NA	NA
HG03844	NA	NA	10000	311811	31.1842	0.00100156	-81022.4	-83030.4	NA	NA	NA	NA	NA	NA	NA	NA	NA	NA
HG03846	NA	NA	10000	328925	32.8958	6.96418e-05	-86303.9	-136417	NA	NA	NA	NA	NA	NA	NA	NA	NA	NA
HG03848	NA	NA	10000	308879	30.8879	0.00104905	-80509.9	-80957.7	NA	NA	NA	NA	NA	NA	NA	NA	NA	NA
HG03849	NA	NA	10000	330793	33.0826	3.095e-09	-87080.7	-147707	NA	NA	NA	NA	NA	NA	NA	NA	NA	NA
HG03850	NA	NA	10000	325377	32.5442	0.00262006	-83462.7	-83689.5	NA	NA	NA	NA	NA	NA	NA	NA	NA	NA
HG03851	NA	NA	10000	333516	33.3583	1.26339e-09	-86288.8	-157435	NA	NA	NA	NA	NA	NA	NA	NA	NA	NA
HG03854	NA	NA	10000	343072	34.3141	0.00211191	-83592.2	-84295.7	NA	NA	NA	NA	NA	NA	NA	NA	NA	NA
HG03856	NA	NA	10000	292526	29.2555	2.93364e-08	-75076.1	-75076.1	NA	NA	NA	NA	NA	NA	NA	NA	NA	NA
HG03857	NA	NA	10000	312181	31.2243	0.000169493	-81819.8	-85036.2	NA	NA	NA	NA	NA	NA	NA	NA	NA	NA
HG03858	NA	NA	10000	313354	31.3417	0.00223056	-76923	-78898.1	NA	NA	NA	NA	NA	NA	NA	NA	NA	NA
HG03861	NA	NA	10000	316436	31.6499	0.000446092	-80117.3	-83208.1	NA	NA	NA	NA	NA	NA	NA	NA	NA	NA
HG03862	NA	NA	10000	315984	31.6016	0.000222294	-72399.5	-78196.5	NA	NA	NA	NA	NA	NA	NA	NA	NA	NA
HG03863	NA	NA	10000	304102	30.4132	0.000516955	-79458	-81019.6	NA	NA	NA	NA	NA	NA	NA	NA	NA	NA
HG03864	NA	NA	10000	337308	33.7375	9.47135e-10	-87287.2	-156028	NA	NA	NA	NA	NA	NA	NA	NA	NA	NA
HG03866	NA	NA	10000	316933	31.6996	1.20169e-09	-82370.8	-151169	NA	NA	NA	NA	NA	NA	NA	NA	NA	NA
HG03867	NA	NA	10000	313854	31.3885	2.26231e-09	-79178.3	-79178.3	NA	NA	NA	NA	NA	NA	NA	NA	NA	NA
HG03868	NA	NA	10000	338474	33.8474	0.000695819	-87189.6	-90375.1	NA	NA	NA	NA	NA	NA	NA	NA	NA	NA
HG03869	NA	NA	10000	337688	33.7722	0.000678437	-87477.5	-90963.4	NA	NA	NA	NA	NA	NA	NA	NA	NA	NA
HG03870	NA	NA	10000	291991	29.202	0.00113113	-75820.3	-76010.9	NA	NA	NA	NA	NA	NA	NA	NA	NA	NA
HG03871	NA	NA	10000	327461	32.7461	0.000476248	-85134.1	-90117.1	NA	NA	NA	NA	NA	NA	NA	NA	NA	NA
HG03872	NA	NA	10000	317976	31.804	9.19671e-09	-80251	-80251	NA	NA	NA	NA	NA	NA	NA	NA	NA	NA
HG03873	NA	NA	10000	313604	31.3635	1.57296e-09	-81769.6	-149823	NA	NA	NA	NA	NA	NA	NA	NA	NA	NA
HG03874	NA	NA	10000	335212	33.5246	8.37852e-05	-87469.6	-138869	NA	NA	NA	NA	NA	NA	NA	NA	NA	NA
HG03875	NA	NA	10000	389915	38.9954	0.00312476	-94862.7	-95508.4	NA	NA	NA	NA	NA	NA	NA	NA	NA	NA
HG03882	NA	NA	10000	308878	30.8971	8.28951e-09	-79784.2	-158841	NA	NA	NA	NA	NA	NA	NA	NA	NA	NA
HG03884	NA	NA	10000	300688	30.0778	0.00203929	-76172.2	-81107	NA	NA	NA	NA	NA	NA	NA	NA	NA	NA
HG03885	NA	NA	10000	317635	31.7667	6.24409e-10	-80977	-161154	NA	NA	NA	NA	NA	NA	NA	NA	NA	NA
HG03886	NA	NA	10000	301580	30.158	1.84218e-09	-81193.4	-162730	NA	NA	NA	NA	NA	NA	NA	NA	NA	NA
HG03887	NA	NA	10000	311145	31.1176	0.00324083	-83797.1	-84440.7	NA	NA	NA	NA	NA	NA	NA	NA	NA	NA
HG03888	NA	NA	10000	316828	31.686	0.000239509	-82262.1	-89797.5	NA	NA	NA	NA	NA	NA	NA	NA	NA	NA
HG03890	NA	NA	10000	350588	35.0658	3.68233e-08	-91601.2	-91601.2	NA	NA	NA	NA	NA	NA	NA	NA	NA	NA
HG03894	NA	NA	10000	331647	33.168	0.00111383	-84413.7	-84999.9	NA	NA	NA	NA	NA	NA	NA	NA	NA	NA
HG03895	NA	NA	10000	310486	31.0548	0.00161823	-78807.2	-79902.4	NA	NA	NA	NA	NA	NA	NA	NA	NA	NA
HG03896	NA	NA	10000	307325	30.7356	0.000951951	-75562.6	-76400.6	NA	NA	NA	NA	NA	NA	NA	NA	NA	NA
HG03897	NA	NA	10000	371810	37.1847	5.72451e-09	-95988.2	-146904	NA	NA	NA	NA	NA	NA	NA	NA	NA	NA
HG03898	NA	NA	10000	373792	37.3829	0.00637854	-92674	-93480.1	NA	NA	NA	NA	NA	NA	NA	NA	NA	NA
HG03899	NA	NA	10000	335794	33.5861	0.00043833	-85833.2	-86401.5	NA	NA	NA	NA	NA	NA	NA	NA	NA	NA
HG03900	NA	NA	10000	320233	32.0265	4.63218e-09	-80446.5	-80446.5	NA	NA	NA	NA	NA	NA	NA	NA	NA	NA
HG03902	NA	NA	10000	419451	41.9493	4.03106e-05	-108802	-161002	NA	NA	NA	NA	NA	NA	NA	NA	NA	NA
HG03904	NA	NA	10000	330911	33.0944	0.00108482	-87231.3	-87484.6	NA	NA	NA	NA	NA	NA	NA	NA	NA	NA
HG03905	NA	NA	10000	306107	30.6168	0.000161134	-83419	-138942	NA	NA	NA	NA	NA	NA	NA	NA	NA	NA
HG03906	NA	NA	10000	337545	33.7579	0.00177199	-89644.2	-90956.3	NA	NA	NA	NA	NA	NA	NA	NA	NA	NA
HG03907	NA	NA	10000	331327	33.1327	9.24633e-05	-87841.2	-92604.1	NA	NA	NA	NA	NA	NA	NA	NA	NA	NA
HG03908	NA	NA	10000	379166	37.9204	0.000572813	-97750.8	-99170.3	NA	NA	NA	NA	NA	NA	NA	NA	NA	NA
HG03909	NA	NA	10000	304092	30.4122	0.00705764	-85545.8	-86494.6	NA	NA	NA	NA	NA	NA	NA	NA	NA	NA
HG03910	NA	NA	10000	332629	33.2696	2.9356e-09	-85432.6	-172113	NA	NA	NA	NA	NA	NA	NA	NA	NA	NA
HG03911	NA	NA	10000	326890	32.689	4.74741e-09	-83680.3	-145902	NA	NA	NA	NA	NA	NA	NA	NA	NA	NA
HG03913	NA	NA	10000	327909	32.7942	2.14769e-08	-87048.4	-87048.4	NA	NA	NA	NA	NA	NA	NA	NA	NA	NA
HG03914	NA	NA	10000	297668	29.7698	0.000459049	-77895.7	-80572.2	NA	NA	NA	NA	NA	NA	NA	NA	NA	NA
HG03915	NA	NA	10000	296444	29.6474	2.18242e-09	-76390.1	-134379	NA	NA	NA	NA	NA	NA	NA	NA	NA	NA
HG03916	NA	NA	10000	327468	32.7468	1.43226e-09	-86223.8	-175566	NA	NA	NA	NA	NA	NA	NA	NA	NA	NA
HG03917	NA	NA	10000	370483	37.052	0.00733572	-102333	-103089	NA	NA	NA	NA	NA	NA	NA	NA	NA	NA
HG03919	NA	NA	10000	377542	37.7655	0.000244568	-99831.3	-108052	NA	NA	NA	NA	NA	NA	NA	NA	NA	NA
HG03920	NA	NA	10000	297308	29.7338	0.000461232	-78057.1	-82571.1	NA	NA	NA	NA	NA	NA	NA	NA	NA	NA
HG03922	NA	NA	10000	376198	37.6236	0.000931019	-99802.6	-100318	NA	NA	NA	NA	NA	NA	NA	NA	NA	NA
HG03925	NA	NA	10000	369767	36.9804	9.34151e-05	-97006.2	-106477	NA	NA	NA	NA	NA	NA	NA	NA	NA	NA
HG03926	NA	NA	10000	302307	30.2307	0.000927597	-78597.1	-82046.9	NA	NA	NA	NA	NA	NA	NA	NA	NA	NA
HG03927	NA	NA	10000	322700	32.2732	0.00172627	-86687.4	-87805	NA	NA	NA	NA	NA	NA	NA	NA	NA	NA
HG03928	NA	NA	10000	299517	29.9577	0.00239667	-79040.5	-79859.4	NA	NA	NA	NA	NA	NA	NA	NA	NA	NA
HG03929	NA	NA	10000	316812	31.6812	0.00134562	-82154.1	-82950.2	NA	NA	NA	NA	NA	NA	NA	NA	NA	NA
HG03930	NA	NA	10000	305505	30.5536	0.0020151	-80488.2	-80783.9	NA	NA	NA	NA	NA	NA	NA	NA	NA	NA
HG03931	NA	NA	10000	313387	31.3512	4.64463e-10	-82790.4	-157007	NA	NA	NA	NA	NA	NA	NA	NA	NA	NA
HG03934	NA	NA	10000	313236	31.3267	1.33885e-07	-83611.1	-83611.1	NA	NA	NA	NA	NA	NA	NA	NA	NA	NA
HG03937	NA	NA	10000	289720	28.972	0.0019478	-77418.4	-78368.9	NA	NA	NA	NA	NA	NA	NA	NA	NA	NA
HG03940	NA	NA	10000	302153	30.2244	4.31263e-09	-78786.7	-134206	NA	NA	NA	NA	NA	NA	NA	NA	NA	NA
HG03941	NA	NA	10000	321367	32.1399	0.00145848	-83247.4	-83902.5	NA	NA	NA	NA	NA	NA	NA	NA	NA	NA
HG03942	NA	NA	10000	332831	33.2931	2.8136e-05	-83672.4	-108705	NA	NA	NA	NA	NA	NA	NA	NA	NA	NA
HG03943	NA	NA	10000	291579	29.1608	4.23555e-05	-76976.5	-108364	NA	NA	NA	NA	NA	NA	NA	NA	NA	NA
HG03944	NA	NA	10000	323927	32.3959	0.000630295	-83241.1	-86743.8	NA	NA	NA	NA	NA	NA	NA	NA	NA	NA
HG03945	NA	NA	10000	341429	34.1463	3.44729e-09	-87167	-150718	NA	NA	NA	NA	NA	NA	NA	NA	NA	NA
HG03947	NA	NA	10000	344721	34.4755	0.000137014	-87941.4	-107892	NA	NA	NA	NA	NA	NA	NA	NA	NA	NA
HG03949	NA	NA	10000	328961	32.8961	0.00103253	-84303	-87927.9	NA	NA	NA	NA	NA	NA	NA	NA	NA	NA
HG03950	NA	NA	10000	316225	31.6257	9.7045e-09	-83004.3	-83004.3	NA	NA	NA	NA	NA	NA	NA	NA	NA	NA
HG03951	NA	NA	10000	288945	28.9032	4.47978e-05	-77633.3	-95892.6	NA	NA	NA	NA	NA	NA	NA	NA	NA	NA
HG03953	NA	NA	10000	271404	27.1485	0.00126988	-72518.3	-72832.2	NA	NA	NA	NA	NA	NA	NA	NA	NA	NA
HG03955	NA	NA	10000	326084	32.6149	3.13722e-05	-79271.6	-83946.7	NA	NA	NA	NA	NA	NA	NA	NA	NA	NA
HG03960	NA	NA	10000	295696	29.5785	0.00059695	-78304.6	-80264.9	NA	NA	NA	NA	NA	NA	NA	NA	NA	NA
HG03963	NA	NA	10000	392939	39.3018	0.000875822	-101912	-104326	NA	NA	NA	NA	NA	NA	NA	NA	NA	NA
HG03965	NA	NA	10000	354935	35.497	0.00105576	-90937.4	-91138.3	NA	NA	NA	NA	NA	NA	NA	NA	NA	NA
HG03967	NA	NA	10000	334143	33.4176	0.00114232	-82417.1	-83292.2	NA	NA	NA	NA	NA	NA	NA	NA	NA	NA
HG03968	NA	NA	10000	357714	35.7786	0.000764928	-93187.2	-94383.1	NA	NA	NA	NA	NA	NA	NA	NA	NA	NA
HG03969	NA	NA	10000	346888	34.6957	4.45698e-08	-88446.3	-143543	NA	NA	NA	NA	NA	NA	NA	NA	NA	NA
HG03971	NA	NA	10000	309112	30.9174	1.84541e-07	-80360.7	-96098.8	NA	NA	NA	NA	NA	NA	NA	NA	NA	NA
HG03973	NA	NA	10000	320348	32.038	2.42166e-08	-82883.3	-82883.3	NA	NA	NA	NA	NA	NA	NA	NA	NA	NA
HG03974	NA	NA	10000	310590	31.059	1.57401e-09	-80964.6	-167461	NA	NA	NA	NA	NA	NA	NA	NA	NA	NA
HG03976	NA	NA	10000	317105	31.7168	0.00053033	-84266.7	-85735.3	NA	NA	NA	NA	NA	NA	NA	NA	NA	NA
HG03977	NA	NA	10000	291648	29.1736	0.000212708	-74836.4	-76851	NA	NA	NA	NA	NA	NA	NA	NA	NA	NA
HG03978	NA	NA	10000	311565	31.1627	0.00111332	-82889.7	-83330.4	NA	NA	NA	NA	NA	NA	NA	NA	NA	NA
HG03985	NA	NA	10000	333217	33.325	0.000249999	-81874	-90728.1	NA	NA	NA	NA	NA	NA	NA	NA	NA	NA
HG03986	NA	NA	10000	311461	31.1523	0.00118263	-83543.3	-85594.5	NA	NA	NA	NA	NA	NA	NA	NA	NA	NA
HG03989	NA	NA	10000	349253	34.9358	0.000837944	-88653.6	-89099.2	NA	NA	NA	NA	NA	NA	NA	NA	NA	NA
HG03990	NA	NA	10000	355728	35.5835	0.00191802	-90569	-91693.2	NA	NA	NA	NA	NA	NA	NA	NA	NA	NA
HG03991	NA	NA	10000	366827	36.6827	1.2988e-08	-93536.7	-93536.7	NA	NA	NA	NA	NA	NA	NA	NA	NA	NA
HG03992	NA	NA	10000	332256	33.2322	2.00012e-07	-86172.5	-86172.5	NA	NA	NA	NA	NA	NA	NA	NA	NA	NA
HG03995	NA	NA	10000	406980	40.698	0.00284945	-105734	-106426	NA	NA	NA	NA	NA	NA	NA	NA	NA	NA
HG03998	NA	NA	10000	328550	32.8616	0.00066913	-86883.3	-102292	NA	NA	NA	NA	NA	NA	NA	NA	NA	NA
HG03999	NA	NA	10000	351286	35.1321	0.000138716	-93057.1	-105913	NA	NA	NA	NA	NA	NA	NA	NA	NA	NA
HG04001	NA	NA	10000	384583	38.466	1.98992e-10	-97110.3	-166255	NA	NA	NA	NA	NA	NA	NA	NA	NA	NA
HG04002	NA	NA	10000	342188	34.2256	1.2633e-09	-87295.9	-166078	NA	NA	NA	NA	NA	NA	NA	NA	NA	NA
HG04003	NA	NA	10000	398654	39.8694	0.00172135	-104267	-104549	NA	NA	NA	NA	NA	NA	NA	NA	NA	NA
HG04006	NA	NA	10000	370557	37.0631	0.000612723	-94715.3	-97646.9	NA	NA	NA	NA	NA	NA	NA	NA	NA	NA
HG04014	NA	NA	10000	352318	35.2353	1.25936e-09	-90195	-157610	NA	NA	NA	NA	NA	NA	NA	NA	NA	NA
HG04015	NA	NA	10000	310229	31.0322	5.81817e-09	-82441.9	-143472	NA	NA	NA	NA	NA	NA	NA	NA	NA	NA
HG04017	NA	NA	10000	362252	36.2252	0.000527135	-91580	-95515.3	NA	NA	NA	NA	NA	NA	NA	NA	NA	NA
HG04018	NA	NA	10000	329309	32.9408	0.000253614	-83882.4	-86615.6	NA	NA	NA	NA	NA	NA	NA	NA	NA	NA
HG04019	NA	NA	10000	348027	34.8062	0.000929467	-90215.4	-93149.3	NA	NA	NA	NA	NA	NA	NA	NA	NA	NA
HG04020	NA	NA	10000	358388	35.8496	0.00443107	-91781.3	-92605.4	NA	NA	NA	NA	NA	NA	NA	NA	NA	NA
HG04022	NA	NA	10000	340375	34.0409	0.000358887	-88182.9	-92820.7	NA	NA	NA	NA	NA	NA	NA	NA	NA	NA
HG04023	NA	NA	10000	340699	34.0733	6.02348e-10	-84177.5	-171299	NA	NA	NA	NA	NA	NA	NA	NA	NA	NA
HG04025	NA	NA	10000	365949	36.5986	0.000402846	-89954.6	-90475.8	NA	NA	NA	NA	NA	NA	NA	NA	NA	NA
HG04026	NA	NA	10000	325186	32.5251	0.0015048	-83443.3	-85017.1	NA	NA	NA	NA	NA	NA	NA	NA	NA	NA
HG04029	NA	NA	10000	326244	32.6309	0.00147193	-86329.5	-88373.1	NA	NA	NA	NA	NA	NA	NA	NA	NA	NA
HG04033	NA	NA	10000	371664	37.1664	0.000985719	-95764.6	-96233.3	NA	NA	NA	NA	NA	NA	NA	NA	NA	NA
HG04035	NA	NA	10000	289653	28.9653	0.00174892	-75834.9	-77184.1	NA	NA	NA	NA	NA	NA	NA	NA	NA	NA
HG04036	NA	NA	10000	317902	31.7966	0.00474206	-85787.4	-86144.5	NA	NA	NA	NA	NA	NA	NA	NA	NA	NA
HG04038	NA	NA	10000	313923	31.3954	0.000237711	-80894.6	-90169	NA	NA	NA	NA	NA	NA	NA	NA	NA	NA
HG04039	NA	NA	10000	331168	33.1168	0.000315703	-84923.7	-99229.5	NA	NA	NA	NA	NA	NA	NA	NA	NA	NA
HG04042	NA	NA	10000	338102	33.8136	0.00282173	-89402.8	-90001.8	NA	NA	NA	NA	NA	NA	NA	NA	NA	NA
HG04047	NA	NA	10000	343658	34.3692	0.000470709	-90749.7	-99438.4	NA	NA	NA	NA	NA	NA	NA	NA	NA	NA
HG04054	NA	NA	10000	372964	37.3001	2.66745e-05	-92706.4	-119558	NA	NA	NA	NA	NA	NA	NA	NA	NA	NA
HG04056	NA	NA	10000	301858	30.1858	7.24522e-09	-72890.4	-135558	NA	NA	NA	NA	NA	NA	NA	NA	NA	NA
HG04059	NA	NA	10000	322465	32.2497	0.00255652	-84372.1	-85574	NA	NA	NA	NA	NA	NA	NA	NA	NA	NA
HG04060	NA	NA	10000	416683	41.6766	0.000291175	-105916	-119616	NA	NA	NA	NA	NA	NA	NA	NA	NA	NA
HG04061	NA	NA	10000	375115	37.5265	0.00346089	-96992.8	-97240.1	NA	NA	NA	NA	NA	NA	NA	NA	NA	NA
HG04062	NA	NA	10000	332444	33.2511	9.55905e-05	-87071.1	-94369.6	NA	NA	NA	NA	NA	NA	NA	NA	NA	NA
HG04063	NA	NA	10000	320663	32.0695	3.91284e-08	-81839	-134643	NA	NA	NA	NA	NA	NA	NA	NA	NA	NA
HG04070	NA	NA	10000	322499	32.266	0.000141155	-71209.4	-77195.9	NA	NA	NA	NA	NA	NA	NA	NA	NA	NA
HG04075	NA	NA	10000	346741	34.681	0.000517831	-89233.7	-91589.1	NA	NA	NA	NA	NA	NA	NA	NA	NA	NA
HG04076	NA	NA	10000	335994	33.6028	0.00290428	-89772.6	-90442.7	NA	NA	NA	NA	NA	NA	NA	NA	NA	NA
HG04080	NA	NA	10000	365404	36.5441	2.28597e-09	-93867.2	-157241	NA	NA	NA	NA	NA	NA	NA	NA	NA	NA
HG04090	NA	NA	10000	355825	35.5896	0.00145389	-92739.9	-94329.3	NA	NA	NA	NA	NA	NA	NA	NA	NA	NA
HG04093	NA	NA	10000	326432	32.6465	0.00580688	-84081.8	-84620.9	NA	NA	NA	NA	NA	NA	NA	NA	NA	NA
HG04094	NA	NA	10000	304923	30.4953	0.0016921	-81102.6	-81527.4	NA	NA	NA	NA	NA	NA	NA	NA	NA	NA
HG04096	NA	NA	10000	322265	32.2265	0.000730879	-79005.9	-83485.9	NA	NA	NA	NA	NA	NA	NA	NA	NA	NA
HG04098	NA	NA	10000	329865	32.9931	0.000835899	-85038.4	-86287.8	NA	NA	NA	NA	NA	NA	NA	NA	NA	NA
HG04099	NA	NA	10000	326152	32.6217	0.00148236	-85463.6	-88242	NA	NA	NA	NA	NA	NA	NA	NA	NA	NA
HG04100	NA	NA	10000	418025	41.8109	0.00166407	-105772	-106181	NA	NA	NA	NA	NA	NA	NA	NA	NA	NA
HG04106	NA	NA	10000	387900	38.79	0.00065871	-97931.2	-102846	NA	NA	NA	NA	NA	NA	NA	NA	NA	NA
HG04107	NA	NA	10000	306715	30.6776	6.68e-09	-78314.3	-135647	NA	NA	NA	NA	NA	NA	NA	NA	NA	NA
HG04115	NA	NA	10000	321286	32.135	0.000540414	-81353.5	-82583.6	NA	NA	NA	NA	NA	NA	NA	NA	NA	NA
HG04118	NA	NA	10000	323530	32.3627	0.000379752	-83268.5	-85316.4	NA	NA	NA	NA	NA	NA	NA	NA	NA	NA
HG04122	NA	NA	10000	332512	33.2612	0.000203496	-86440.7	-152999	NA	NA	NA	NA	NA	NA	NA	NA	NA	NA
HG04127	NA	NA	10000	347550	34.7689	2.01019e-09	-90238.4	-155502	NA	NA	NA	NA	NA	NA	NA	NA	NA	NA
HG04131	NA	NA	10000	360701	36.0701	0.000575622	-93251.3	-98199.5	NA	NA	NA	NA	NA	NA	NA	NA	NA	NA
HG04132	NA	NA	10000	319984	32.0048	0.00104637	-85388.1	-86949.6	NA	NA	NA	NA	NA	NA	NA	NA	NA	NA
HG04133	NA	NA	10000	326765	32.6798	0.00176041	-86798.3	-87405.4	NA	NA	NA	NA	NA	NA	NA	NA	NA	NA
HG04134	NA	NA	10000	334539	33.4639	0.000837111	-87134.9	-89935.3	NA	NA	NA	NA	NA	NA	NA	NA	NA	NA
HG04135	NA	NA	10000	324004	32.4101	0.00154679	-85382.8	-86446.8	NA	NA	NA	NA	NA	NA	NA	NA	NA	NA
HG04136	NA	NA	10000	340674	34.0708	0.00209338	-89396.2	-89917.6	NA	NA	NA	NA	NA	NA	NA	NA	NA	NA
HG04140	NA	NA	10000	362866	36.2902	1.12661e-09	-94039.5	-167835	NA	NA	NA	NA	NA	NA	NA	NA	NA	NA
HG04141	NA	NA	10000	402623	40.2623	1.40039e-09	-102260	-172543	NA	NA	NA	NA	NA	NA	NA	NA	NA	NA
HG04142	NA	NA	10000	322025	32.2057	1.66525e-08	-83861.9	-129458	NA	NA	NA	NA	NA	NA	NA	NA	NA	NA
HG04144	NA	NA	10000	337486	33.7554	0.00164278	-88202.8	-89228.4	NA	NA	NA	NA	NA	NA	NA	NA	NA	NA
HG04146	NA	NA	10000	322713	32.2778	0.00139562	-83729.8	-85746.3	NA	NA	NA	NA	NA	NA	NA	NA	NA	NA
HG04147	NA	NA	10000	320799	32.0799	0.00139959	-83967.1	-86191.3	NA	NA	NA	NA	NA	NA	NA	NA	NA	NA
HG04148	NA	NA	10000	339266	33.93	3.81624e-09	-86733	-144848	NA	NA	NA	NA	NA	NA	NA	NA	NA	NA
HG04149	NA	NA	10000	336506	33.654	0.00575236	-90336.5	-91038.9	NA	NA	NA	NA	NA	NA	NA	NA	NA	NA
HG04150	NA	NA	10000	311902	31.1964	0.00133483	-82260.1	-85056.5	NA	NA	NA	NA	NA	NA	NA	NA	NA	NA
HG04151	NA	NA	10000	332365	33.2398	1.96871e-09	-87122	-156674	NA	NA	NA	NA	NA	NA	NA	NA	NA	NA
HG04152	NA	NA	10000	369115	36.9152	0.00246113	-92960.8	-94368.3	NA	NA	NA	NA	NA	NA	NA	NA	NA	NA
HG04153	NA	NA	10000	439095	43.9139	0.000406192	-112969	-115453	NA	NA	NA	NA	NA	NA	NA	NA	NA	NA
HG04155	NA	NA	10000	339469	33.9469	0.00145332	-89072.9	-90043.7	NA	NA	NA	NA	NA	NA	NA	NA	NA	NA
HG04156	NA	NA	10000	345144	34.5213	0.000610137	-89089.6	-97364.6	NA	NA	NA	NA	NA	NA	NA	NA	NA	NA
HG04157	NA	NA	10000	345819	34.5888	4.04575e-07	-91583.8	-98407.3	NA	NA	NA	NA	NA	NA	NA	NA	NA	NA
HG04158	NA	NA	10000	327158	32.7223	0.00133126	-86777.9	-90019.3	NA	NA	NA	NA	NA	NA	NA	NA	NA	NA
HG04159	NA	NA	10000	363283	36.3319	0.000927974	-95513.7	-97111.9	NA	NA	NA	NA	NA	NA	NA	NA	NA	NA
HG04160	NA	NA	10000	328935	32.9001	1.1788e-08	-85377.9	-85377.9	NA	NA	NA	NA	NA	NA	NA	NA	NA	NA
HG04161	NA	NA	10000	330441	33.0507	0.000121362	-86419.5	-97963.7	NA	NA	NA	NA	NA	NA	NA	NA	NA	NA
HG04162	NA	NA	10000	298772	29.8772	7.84742e-09	-80136.8	-130015	NA	NA	NA	NA	NA	NA	NA	NA	NA	NA
HG04164	NA	NA	10000	384718	38.4795	0.00138969	-102440	-102833	NA	NA	NA	NA	NA	NA	NA	NA	NA	NA
HG04171	NA	NA	10000	344767	34.487	9.15173e-09	-90383.1	-90383.1	NA	NA	NA	NA	NA	NA	NA	NA	NA	NA
HG04173	NA	NA	10000	334154	33.4221	2.79097e-09	-86430.7	-174003	NA	NA	NA	NA	NA	NA	NA	NA	NA	NA
HG04174	NA	NA	10000	342337	34.2405	1.76073e-09	-89989.1	-157342	NA	NA	NA	NA	NA	NA	NA	NA	NA	NA
HG04175	NA	NA	10000	334013	33.4113	0.00268278	-86986.9	-87233.3	NA	NA	NA	NA	NA	NA	NA	NA	NA	NA
HG04176	NA	NA	10000	295738	29.5797	0.000465145	-77647.7	-80740.9	NA	NA	NA	NA	NA	NA	NA	NA	NA	NA
HG04177	NA	NA	10000	331834	33.19	0.000316505	-86600.1	-91493.4	NA	NA	NA	NA	NA	NA	NA	NA	NA	NA
HG04180	NA	NA	10000	342686	34.272	0.000364279	-88829.5	-92259	NA	NA	NA	NA	NA	NA	NA	NA	NA	NA
HG04182	NA	NA	10000	319143	31.9207	0.000510493	-86453.5	-92473.4	NA	NA	NA	NA	NA	NA	NA	NA	NA	NA
HG04183	NA	NA	10000	423684	42.3726	2.59332e-07	-108753	-118400	NA	NA	NA	NA	NA	NA	NA	NA	NA	NA
HG04184	NA	NA	10000	316139	31.6171	0.00248974	-84941.7	-85189.9	NA	NA	NA	NA	NA	NA	NA	NA	NA	NA
HG04185	NA	NA	10000	299088	29.9148	0.000145609	-75924.3	-86403.4	NA	NA	NA	NA	NA	NA	NA	NA	NA	NA
HG04186	NA	NA	10000	348310	34.831	3.09223e-09	-88302.8	-148875	NA	NA	NA	NA	NA	NA	NA	NA	NA	NA
HG04187	NA	NA	10000	335213	33.5213	6.34885e-05	-84209.8	-100438	NA	NA	NA	NA	NA	NA	NA	NA	NA	NA
HG04188	NA	NA	10000	339276	33.9276	0.00202982	-91644.8	-92634.8	NA	NA	NA	NA	NA	NA	NA	NA	NA	NA
HG04189	NA	NA	10000	340401	34.0435	0.00164287	-89536.7	-90327.7	NA	NA	NA	NA	NA	NA	NA	NA	NA	NA
HG04191	NA	NA	10000	325818	32.5851	0.000258339	-84893.4	-90100.7	NA	NA	NA	NA	NA	NA	NA	NA	NA	NA
HG04192	NA	NA	10000	316886	31.6918	9.8849e-05	-85277.5	-104031	NA	NA	NA	NA	NA	NA	NA	NA	NA	NA
HG04193	NA	NA	10000	320007	32.0071	0.00138116	-79689.5	-81742.7	NA	NA	NA	NA	NA	NA	NA	NA	NA	NA
HG04194	NA	NA	10000	321461	32.1525	8.03194e-05	-85262.9	-143107	NA	NA	NA	NA	NA	NA	NA	NA	NA	NA
HG04195	NA	NA	10000	324517	32.4517	0.0020516	-87613.8	-88105.2	NA	NA	NA	NA	NA	NA	NA	NA	NA	NA
HG04198	NA	NA	10000	423929	42.3929	0.00415935	-112524	-113012	NA	NA	NA	NA	NA	NA	NA	NA	NA	NA
HG04199	NA	NA	10000	333079	33.3146	0.00286958	-87296.9	-87505.8	NA	NA	NA	NA	NA	NA	NA	NA	NA	NA
HG04200	NA	NA	10000	347919	34.7919	0.00126563	-87498.4	-88836.9	NA	NA	NA	NA	NA	NA	NA	NA	NA	NA
HG04202	NA	NA	10000	308633	30.8695	0.00260325	-82186.7	-83300.4	NA	NA	NA	NA	NA	NA	NA	NA	NA	NA
HG04204	NA	NA	10000	334838	33.4871	0.000340838	-87358.9	-96072.5	NA	NA	NA	NA	NA	NA	NA	NA	NA	NA
HG04206	NA	NA	10000	362468	36.2541	5.63416e-09	-91816.2	-157022	NA	NA	NA	NA	NA	NA	NA	NA	NA	NA
HG04209	NA	NA	10000	312685	31.2716	3.69104e-09	-77406.9	-152594	NA	NA	NA	NA	NA	NA	NA	NA	NA	NA
HG04210	NA	NA	10000	365066	36.5139	0.00176315	-94827.6	-95464.1	NA	NA	NA	NA	NA	NA	NA	NA	NA	NA
HG04211	NA	NA	10000	308595	30.8657	2.57467e-09	-70941.1	-156645	NA	NA	NA	NA	NA	NA	NA	NA	NA	NA
HG04212	NA	NA	10000	391882	39.1921	0.000750027	-99789	-103289	NA	NA	NA	NA	NA	NA	NA	NA	NA	NA
HG04214	NA	NA	10000	373873	37.3985	0.00182442	-97145.5	-98401.7	NA	NA	NA	NA	NA	NA	NA	NA	NA	NA
HG04215	NA	NA	10000	336592	33.6659	5.5893e-08	-86539.3	-143200	NA	NA	NA	NA	NA	NA	NA	NA	NA	NA
HG04216	NA	NA	10000	357800	35.7836	2.89297e-07	-92081.1	-98791.6	NA	NA	NA	NA	NA	NA	NA	NA	NA	NA
HG04217	NA	NA	10000	321587	32.1619	0.000695108	-82032	-82413	NA	NA	NA	NA	NA	NA	NA	NA	NA	NA
HG04219	NA	NA	10000	327589	32.7622	7.55699e-09	-85991.6	-149528	NA	NA	NA	NA	NA	NA	NA	NA	NA	NA
HG04222	NA	NA	10000	397264	39.7343	8.25117e-10	-103523	-173298	NA	NA	NA	NA	NA	NA	NA	NA	NA	NA
HG04225	NA	NA	10000	391456	39.1573	0.00143196	-99770	-100812	NA	NA	NA	NA	NA	NA	NA	NA	NA	NA
HG04227	NA	NA	10000	328728	32.8794	0.00066598	-84852.1	-89790.3	NA	NA	NA	NA	NA	NA	NA	NA	NA	NA
HG04228	NA	NA	10000	336933	33.7	2.55207e-09	-86835.4	-154140	NA	NA	NA	NA	NA	NA	NA	NA	NA	NA
HG04229	NA	NA	10000	285273	28.5302	6.12614e-08	-76000.3	-76000.3	NA	NA	NA	NA	NA	NA	NA	NA	NA	NA
HG04235	NA	NA	10000	348997	34.8997	8.80271e-09	-88528.6	-150349	NA	NA	NA	NA	NA	NA	NA	NA	NA	NA
HG04238	NA	NA	10000	314497	31.4591	0.000338666	-84249.5	-126871	NA	NA	NA	NA	NA	NA	NA	NA	NA	NA
HG04239	NA	NA	10000	301611	30.1702	1.15266e-09	-78240	-142217	NA	NA	NA	NA	NA	NA	NA	NA	NA	NA
HGDP00003	NA	NA	10000	323546	32.3611	0.00939232	-82098.5	-83932.7	NA	NA	NA	NA	NA	NA	NA	NA	NA	NA
HGDP00007	NA	NA	10000	379012	37.9088	0.0099481	-103394	-105569	NA	NA	NA	NA	NA	NA	NA	NA	NA	NA
HGDP00011	NA	NA	10000	331116	33.1215	0.00787284	-88933.6	-90361.1	NA	NA	NA	NA	NA	NA	NA	NA	NA	NA
HGDP00013	NA	NA	10000	282758	28.2843	0.0143974	-83148.3	-85909.5	NA	NA	NA	NA	NA	NA	NA	NA	NA	NA
HGDP00015	NA	NA	10000	340996	34.103	0.0133287	-91595.2	-94623.2	NA	NA	NA	NA	NA	NA	NA	NA	NA	NA
HGDP00017	NA	NA	10000	348726	34.8796	0.0080504	-88749.3	-90472.6	NA	NA	NA	NA	NA	NA	NA	NA	NA	NA
HGDP00021	NA	NA	10000	250045	25.007	0.00851422	-70469.5	-71677.1	NA	NA	NA	NA	NA	NA	NA	NA	NA	NA
HGDP00023	NA	NA	10000	305590	30.5621	0.0108064	-84405.4	-86372.9	NA	NA	NA	NA	NA	NA	NA	NA	NA	NA
HGDP00025	NA	NA	10000	285872	28.5929	0.0100964	-80609.1	-82259.1	NA	NA	NA	NA	NA	NA	NA	NA	NA	NA
HGDP00029	NA	NA	10000	333257	33.3357	0.00925764	-94805.1	-96712.5	NA	NA	NA	NA	NA	NA	NA	NA	NA	NA
HGDP00031	NA	NA	10000	317944	31.7976	0.00834549	-84746.8	-86238.9	NA	NA	NA	NA	NA	NA	NA	NA	NA	NA
HGDP00033	NA	NA	10000	316756	31.6819	0.0151072	-87795.7	-90911.9	NA	NA	NA	NA	NA	NA	NA	NA	NA	NA
HGDP00035	NA	NA	10000	288478	28.8507	0.019857	-83763	-87462.6	NA	NA	NA	NA	NA	NA	NA	NA	NA	NA
HGDP00037	NA	NA	10000	330750	33.0783	0.0116782	-89842.6	-92149.3	NA	NA	NA	NA	NA	NA	NA	NA	NA	NA
HGDP00039	NA	NA	10000	292349	29.2407	0.00818104	-79586.7	-80987	NA	NA	NA	NA	NA	NA	NA	NA	NA	NA
HGDP00041	NA	NA	10000	304290	30.4351	0.0109631	-76827.1	-79038.7	NA	NA	NA	NA	NA	NA	NA	NA	NA	NA
HGDP00043	NA	NA	10000	312313	31.2375	0.0112846	-85861.6	-87944.2	NA	NA	NA	NA	NA	NA	NA	NA	NA	NA
HGDP00045	NA	NA	10000	325291	32.5324	0.00973429	-89530	-91373.9	NA	NA	NA	NA	NA	NA	NA	NA	NA	NA
HGDP00047	NA	NA	10000	359965	36.0073	0.00760211	-96615.7	-98108.7	NA	NA	NA	NA	NA	NA	NA	NA	NA	NA
HGDP00049	NA	NA	10000	380320	38.0396	0.0146159	-103964	-107414	NA	NA	NA	NA	NA	NA	NA	NA	NA	NA
HGDP00052	NA	NA	10000	280122	28.0178	0.0127439	-72520.2	-74931.7	NA	NA	NA	NA	NA	NA	NA	NA	NA	NA
HGDP00054	NA	NA	10000	334810	33.481	0.00742958	-90396	-91855.3	NA	NA	NA	NA	NA	NA	NA	NA	NA	NA
HGDP00060	NA	NA	10000	303844	30.3844	0.00828106	-86705.3	-88310.4	NA	NA	NA	NA	NA	NA	NA	NA	NA	NA
HGDP00064	NA	NA	10000	295702	29.5702	0.0116077	-75501.8	-77732.5	NA	NA	NA	NA	NA	NA	NA	NA	NA	NA
HGDP00066	NA	NA	10000	293548	29.3548	0.0124309	-76639.4	-78967.5	NA	NA	NA	NA	NA	NA	NA	NA	NA	NA
HGDP00068	NA	NA	10000	371016	37.1164	0.0074986	-94868.8	-96532.6	NA	NA	NA	NA	NA	NA	NA	NA	NA	NA
HGDP00070	NA	NA	10000	317604	31.7668	0.00703944	-85971.6	-87354.9	NA	NA	NA	NA	NA	NA	NA	NA	NA	NA
HGDP00072	NA	NA	10000	305449	30.5449	0.0112735	-85475.8	-87504.9	NA	NA	NA	NA	NA	NA	NA	NA	NA	NA
HGDP00074	NA	NA	10000	288635	28.8664	0.0122956	-73109.2	-75546.9	NA	NA	NA	NA	NA	NA	NA	NA	NA	NA
HGDP00076	NA	NA	10000	363217	36.3253	0.00863191	-98544.4	-100423	NA	NA	NA	NA	NA	NA	NA	NA	NA	NA
HGDP00078	NA	NA	10000	291090	29.1119	0.00893212	-82073.5	-83620.3	NA	NA	NA	NA	NA	NA	NA	NA	NA	NA
HGDP00080	NA	NA	10000	340655	34.0757	0.0121453	-93014.5	-95657.9	NA	NA	NA	NA	NA	NA	NA	NA	NA	NA
HGDP00082	NA	NA	10000	367168	36.7168	0.00855972	-96505.1	-98369.6	NA	NA	NA	NA	NA	NA	NA	NA	NA	NA
HGDP00086	NA	NA	10000	346615	34.6719	0.00908097	-90547.6	-92401.1	NA	NA	NA	NA	NA	NA	NA	NA	NA	NA
HGDP00088	NA	NA	10000	292948	29.2948	0.0126269	-76075.9	-78502.5	NA	NA	NA	NA	NA	NA	NA	NA	NA	NA
HGDP00092	NA	NA	10000	327924	32.7957	0.0161542	-85533.6	-89501.1	NA	NA	NA	NA	NA	NA	NA	NA	NA	NA
HGDP00094	NA	NA	10000	312713	31.2776	0.0167332	-84352.3	-87877.9	NA	NA	NA	NA	NA	NA	NA	NA	NA	NA
HGDP00096	NA	NA	10000	276546	27.6629	0.0134997	-75180	-77557.9	NA	NA	NA	NA	NA	NA	NA	NA	NA	NA
HGDP00098	NA	NA	10000	313559	31.359	0.0103729	-80032.6	-82145.2	NA	NA	NA	NA	NA	NA	NA	NA	NA	NA
HGDP00099	NA	NA	10000	329103	32.9202	0.0128096	-90345.6	-92986.8	NA	NA	NA	NA	NA	NA	NA	NA	NA	NA
HGDP00100	NA	NA	10000	286973	28.6973	0.0150123	-81055	-83810.4	NA	NA	NA	NA	NA	NA	NA	NA	NA	NA
HGDP00102	NA	NA	10000	302205	30.2296	0.0101151	-85196.6	-87040.5	NA	NA	NA	NA	NA	NA	NA	NA	NA	NA
HGDP00104	NA	NA	10000	264359	26.4359	0.00909133	-73383.6	-75022.5	NA	NA	NA	NA	NA	NA	NA	NA	NA	NA
HGDP00106	NA	NA	10000	263578	26.3604	0.0127748	-75764.8	-77786.2	NA	NA	NA	NA	NA	NA	NA	NA	NA	NA
HGDP00108	NA	NA	10000	301980	30.204	0.0124582	-81624.1	-84070.6	NA	NA	NA	NA	NA	NA	NA	NA	NA	NA
HGDP00109	NA	NA	10000	294950	29.5039	0.0131422	-81713.7	-84382	NA	NA	NA	NA	NA	NA	NA	NA	NA	NA
HGDP00110	NA	NA	10000	307656	30.7656	0.00903577	-85088.9	-86769.1	NA	NA	NA	NA	NA	NA	NA	NA	NA	NA
HGDP00115	NA	NA	10000	342569	34.2569	0.013509	-92657	-95685	NA	NA	NA	NA	NA	NA	NA	NA	NA	NA
HGDP00119	NA	NA	10000	277575	27.7631	0.0129255	-78949	-81172.2	NA	NA	NA	NA	NA	NA	NA	NA	NA	NA
HGDP00120	NA	NA	10000	299690	29.969	0.0114264	-86450.6	-88496.6	NA	NA	NA	NA	NA	NA	NA	NA	NA	NA
HGDP00121	NA	NA	10000	346653	34.6688	0.00694891	-96343.4	-97904.4	NA	NA	NA	NA	NA	NA	NA	NA	NA	NA
HGDP00122	NA	NA	10000	322486	32.2551	0.0101873	-88312.6	-90606.8	NA	NA	NA	NA	NA	NA	NA	NA	NA	NA
HGDP00127	NA	NA	10000	330526	33.0592	0.0008802	-87678	-88274.5	NA	NA	NA	NA	NA	NA	NA	NA	NA	NA
HGDP00129	NA	NA	10000	346501	34.657	0.0101714	-98331.8	-100972	NA	NA	NA	NA	NA	NA	NA	NA	NA	NA
HGDP00130	NA	NA	10000	313665	31.3696	0.000753257	-86406.2	-88632.8	NA	NA	NA	NA	NA	NA	NA	NA	NA	NA
HGDP00131	NA	NA	10000	358058	35.8094	0.0073628	-96753.8	-98320.3	NA	NA	NA	NA	NA	NA	NA	NA	NA	NA
HGDP00133	NA	NA	10000	342411	34.2548	0.0115144	-89050.3	-91608.3	NA	NA	NA	NA	NA	NA	NA	NA	NA	NA
HGDP00134	NA	NA	10000	317839	31.803	0.0102184	-82392	-84386.9	NA	NA	NA	NA	NA	NA	NA	NA	NA	NA
HGDP00135	NA	NA	10000	287444	28.7444	0.00323623	-77739.7	-78184.1	NA	NA	NA	NA	NA	NA	NA	NA	NA	NA
HGDP00136	NA	NA	10000	299577	29.9607	0.00277145	-82965	-83305.4	NA	NA	NA	NA	NA	NA	NA	NA	NA	NA
HGDP00137	NA	NA	10000	321493	32.1493	0.0138692	-88995.5	-91849.6	NA	NA	NA	NA	NA	NA	NA	NA	NA	NA
HGDP00139	NA	NA	10000	320432	32.0496	0.0153033	-93346.5	-96519	NA	NA	NA	NA	NA	NA	NA	NA	NA	NA
HGDP00140	NA	NA	10000	310103	31.0165	0.021996	-90424.3	-95028	NA	NA	NA	NA	NA	NA	NA	NA	NA	NA
HGDP00141	NA	NA	10000	327117	32.7248	0.0102438	-85879	-88081.9	NA	NA	NA	NA	NA	NA	NA	NA	NA	NA
HGDP00143	NA	NA	10000	309767	30.9798	0.0105306	-83255.3	-85337.5	NA	NA	NA	NA	NA	NA	NA	NA	NA	NA
HGDP00144	NA	NA	10000	332178	33.2211	0.00949904	-90106.1	-92049.6	NA	NA	NA	NA	NA	NA	NA	NA	NA	NA
HGDP00145	NA	NA	10000	315749	31.5781	0.012665	-89282.4	-91823.8	NA	NA	NA	NA	NA	NA	NA	NA	NA	NA
HGDP00146	NA	NA	10000	321607	32.1607	0.019929	-85914.3	-90567.9	NA	NA	NA	NA	NA	NA	NA	NA	NA	NA
HGDP00148	NA	NA	10000	315605	31.5668	0.0120194	-87265.4	-89599.7	NA	NA	NA	NA	NA	NA	NA	NA	NA	NA
HGDP00149	NA	NA	10000	311411	31.1442	0.0145001	-87358.9	-90397.1	NA	NA	NA	NA	NA	NA	NA	NA	NA	NA
HGDP00150	NA	NA	10000	305626	30.5687	0.0216867	-86749.6	-91734	NA	NA	NA	NA	NA	NA	NA	NA	NA	NA
HGDP00151	NA	NA	10000	317911	31.7911	0.00722541	-79341.9	-80736.6	NA	NA	NA	NA	NA	NA	NA	NA	NA	NA
HGDP00153	NA	NA	10000	504353	50.4504	0.0111294	-133816	-137366	NA	NA	NA	NA	NA	NA	NA	NA	NA	NA
HGDP00154	NA	NA	10000	322273	32.2305	0.0088272	-85278.9	-87035.9	NA	NA	NA	NA	NA	NA	NA	NA	NA	NA
HGDP00155	NA	NA	10000	333882	33.3949	0.0105531	-92517.3	-94472.9	NA	NA	NA	NA	NA	NA	NA	NA	NA	NA
HGDP00158	NA	NA	10000	363583	36.3692	0.01006	-89096	-91565.4	NA	NA	NA	NA	NA	NA	NA	NA	NA	NA
HGDP00161	NA	NA	10000	347915	34.7985	0.0172326	-89754.6	-94396.4	NA	NA	NA	NA	NA	NA	NA	NA	NA	NA
HGDP00167	NA	NA	10000	316093	31.6125	0.000412826	-82522.3	-101064	NA	NA	NA	NA	NA	NA	NA	NA	NA	NA
HGDP00169	NA	NA	10000	280127	28.0155	0.0136543	-78824.2	-81182.8	NA	NA	NA	NA	NA	NA	NA	NA	NA	NA
HGDP00171	NA	NA	10000	337401	33.7468	0.00933193	-85525.7	-87579.4	NA	NA	NA	NA	NA	NA	NA	NA	NA	NA
HGDP00173	NA	NA	10000	292483	29.2542	0.0117944	-82675.9	-84884.4	NA	NA	NA	NA	NA	NA	NA	NA	NA	NA
HGDP00175	NA	NA	10000	290490	29.0548	0.0154481	-86483.2	-89906.6	NA	NA	NA	NA	NA	NA	NA	NA	NA	NA
HGDP00177	NA	NA	10000	275297	27.5325	0.0084924	-79680.9	-80994	NA	NA	NA	NA	NA	NA	NA	NA	NA	NA
HGDP00179	NA	NA	10000	356883	35.6919	0.00925467	-91259.2	-93298.9	NA	NA	NA	NA	NA	NA	NA	NA	NA	NA
HGDP00181	NA	NA	10000	327759	32.7792	0.009756	-86312.4	-88208.7	NA	NA	NA	NA	NA	NA	NA	NA	NA	NA
HGDP00183	NA	NA	10000	346107	34.6107	0.010917	-95948.7	-98197.7	NA	NA	NA	NA	NA	NA	NA	NA	NA	NA
HGDP00185	NA	NA	10000	285293	28.5379	0.0151954	-80996.5	-83683.8	NA	NA	NA	NA	NA	NA	NA	NA	NA	NA
HGDP00187	NA	NA	10000	378790	37.8828	0.0111368	-104701	-107248	NA	NA	NA	NA	NA	NA	NA	NA	NA	NA
HGDP00189	NA	NA	10000	273753	27.3808	0.0184438	-77305.2	-80565	NA	NA	NA	NA	NA	NA	NA	NA	NA	NA
HGDP00191	NA	NA	10000	306498	30.6529	0.0140032	-80546.9	-83406	NA	NA	NA	NA	NA	NA	NA	NA	NA	NA
HGDP00192	NA	NA	10000	316740	31.6772	0.0103982	-82361.8	-84476.1	NA	NA	NA	NA	NA	NA	NA	NA	NA	NA
HGDP00197	NA	NA	10000	305027	30.5058	0.0139646	-85662.7	-88222.3	NA	NA	NA	NA	NA	NA	NA	NA	NA	NA
HGDP00199	NA	NA	10000	302945	30.3036	0.00942666	-79813.7	-81491.1	NA	NA	NA	NA	NA	NA	NA	NA	NA	NA
HGDP00201	NA	NA	10000	333755	33.3822	0.0146891	-90335.2	-93394.2	NA	NA	NA	NA	NA	NA	NA	NA	NA	NA
HGDP00205	NA	NA	10000	297320	29.735	0.0148174	-83173.9	-85993.4	NA	NA	NA	NA	NA	NA	NA	NA	NA	NA
HGDP00206	NA	NA	10000	330824	33.0857	0.00850266	-85222.1	-86939.8	NA	NA	NA	NA	NA	NA	NA	NA	NA	NA
HGDP00210	NA	NA	10000	419759	41.9801	0.0103871	-115501	-118050	NA	NA	NA	NA	NA	NA	NA	NA	NA	NA
HGDP00222	NA	NA	10000	324466	32.4498	0.00902411	-87944.8	-89647.6	NA	NA	NA	NA	NA	NA	NA	NA	NA	NA
HGDP00224	NA	NA	10000	325291	32.5291	0.00937334	-84140.1	-85955	NA	NA	NA	NA	NA	NA	NA	NA	NA	NA
HGDP00226	NA	NA	10000	331447	33.148	0.018171	-92880.4	-96771.3	NA	NA	NA	NA	NA	NA	NA	NA	NA	NA
HGDP00228	NA	NA	10000	303700	30.37	0.0185521	-87014	-90573.3	NA	NA	NA	NA	NA	NA	NA	NA	NA	NA
HGDP00230	NA	NA	10000	330691	33.0724	0.0094154	-89913.2	-91708.7	NA	NA	NA	NA	NA	NA	NA	NA	NA	NA
HGDP00234	NA	NA	10000	293629	29.3688	0.00969058	-72430.6	-74324	NA	NA	NA	NA	NA	NA	NA	NA	NA	NA
HGDP00237	NA	NA	10000	330025	33.0058	0.0111995	-91811.8	-94005.1	NA	NA	NA	NA	NA	NA	NA	NA	NA	NA
HGDP00239	NA	NA	10000	300546	30.0576	0.0125492	-85566.2	-87722.1	NA	NA	NA	NA	NA	NA	NA	NA	NA	NA
HGDP00241	NA	NA	10000	325014	32.5079	0.0132816	-89880.8	-92577	NA	NA	NA	NA	NA	NA	NA	NA	NA	NA
HGDP00243	NA	NA	10000	318336	31.84	0.00881822	-84216.6	-85910.8	NA	NA	NA	NA	NA	NA	NA	NA	NA	NA
HGDP00244	NA	NA	10000	337805	33.7873	0.0137936	-90963.2	-93970.1	NA	NA	NA	NA	NA	NA	NA	NA	NA	NA
HGDP00247	NA	NA	10000	284585	28.4642	0.0222544	-80885.6	-85272.8	NA	NA	NA	NA	NA	NA	NA	NA	NA	NA
HGDP00248	NA	NA	10000	310779	31.0872	0.00913427	-85407.5	-86994.6	NA	NA	NA	NA	NA	NA	NA	NA	NA	NA
HGDP00251	NA	NA	10000	587000	58.7059	0.010726	-134207	-138896	NA	NA	NA	NA	NA	NA	NA	NA	NA	NA
HGDP00254	NA	NA	10000	308163	30.8163	0.011481	-84343	-86457.5	NA	NA	NA	NA	NA	NA	NA	NA	NA	NA
HGDP00258	NA	NA	10000	276636	27.6719	0.0108107	-72065.1	-73840	NA	NA	NA	NA	NA	NA	NA	NA	NA	NA
HGDP00259	NA	NA	10000	339491	33.9525	0.0109864	-86689.4	-89092	NA	NA	NA	NA	NA	NA	NA	NA	NA	NA
HGDP00262	NA	NA	10000	350322	35.0322	0.0106891	-92882.6	-95245.6	NA	NA	NA	NA	NA	NA	NA	NA	NA	NA
HGDP00264	NA	NA	10000	349275	34.9275	0.0122711	-97750.5	-100355	NA	NA	NA	NA	NA	NA	NA	NA	NA	NA
HGDP00274	NA	NA	10000	311757	31.1851	0.00916624	-81070.6	-82809.3	NA	NA	NA	NA	NA	NA	NA	NA	NA	NA
HGDP00277	NA	NA	10000	287819	28.7819	0.0129412	-77907.2	-80204.2	NA	NA	NA	NA	NA	NA	NA	NA	NA	NA
HGDP00279	NA	NA	10000	299296	29.9326	0.000523288	-78251.4	-81615	NA	NA	NA	NA	NA	NA	NA	NA	NA	NA
HGDP00281	NA	NA	10000	316207	31.6207	0.0277953	-89031.5	-95422.3	NA	NA	NA	NA	NA	NA	NA	NA	NA	NA
HGDP00285	NA	NA	10000	329367	32.94	0.00897583	-86859	-88677.1	NA	NA	NA	NA	NA	NA	NA	NA	NA	NA
HGDP00290	NA	NA	10000	376561	37.6599	0.010668	-101684	-104143	NA	NA	NA	NA	NA	NA	NA	NA	NA	NA
HGDP00298	NA	NA	10000	347825	34.7825	0.0127993	-94002.1	-96854.6	NA	NA	NA	NA	NA	NA	NA	NA	NA	NA
HGDP00302	NA	NA	10000	331291	33.139	0.00871515	-87695.1	-89437.3	NA	NA	NA	NA	NA	NA	NA	NA	NA	NA
HGDP00304	NA	NA	10000	279456	27.9456	0.00911477	-75027.1	-76523	NA	NA	NA	NA	NA	NA	NA	NA	NA	NA
HGDP00307	NA	NA	10000	305189	30.525	0.0115194	-83673.4	-85702.2	NA	NA	NA	NA	NA	NA	NA	NA	NA	NA
HGDP00309	NA	NA	10000	293112	29.3112	0.0137632	-76277.1	-78847.3	NA	NA	NA	NA	NA	NA	NA	NA	NA	NA
HGDP00311	NA	NA	10000	354455	35.4526	0.00951937	-93065.6	-95048.4	NA	NA	NA	NA	NA	NA	NA	NA	NA	NA
HGDP00313	NA	NA	10000	320710	32.0774	0.00931166	-84702.2	-86452.6	NA	NA	NA	NA	NA	NA	NA	NA	NA	NA
HGDP00315	NA	NA	10000	378856	37.8932	0.0179987	-103318	-108121	NA	NA	NA	NA	NA	NA	NA	NA	NA	NA
HGDP00321	NA	NA	10000	301227	30.1257	0.000462548	-75668.1	-90619.2	NA	NA	NA	NA	NA	NA	NA	NA	NA	NA
HGDP00323	NA	NA	10000	424228	42.427	0.0177326	-112232	-117621	NA	NA	NA	NA	NA	NA	NA	NA	NA	NA
HGDP00326	NA	NA	10000	308843	30.8874	0.00796268	-79408.9	-80901.5	NA	NA	NA	NA	NA	NA	NA	NA	NA	NA
HGDP00330	NA	NA	10000	291768	29.1797	0.00881409	-78877.3	-80440.7	NA	NA	NA	NA	NA	NA	NA	NA	NA	NA
HGDP00333	NA	NA	10000	301635	30.1665	0.0101042	-81066.7	-82938.4	NA	NA	NA	NA	NA	NA	NA	NA	NA	NA
HGDP00341	NA	NA	10000	333349	33.3416	0.000201323	-88374.7	-112127	NA	NA	NA	NA	NA	NA	NA	NA	NA	NA
HGDP00346	NA	NA	10000	315666	31.5698	0.00128076	-82935.1	-83192.4	NA	NA	NA	NA	NA	NA	NA	NA	NA	NA
HGDP00351	NA	NA	10000	287632	28.7661	0.0079528	-79148.3	-81718.8	NA	NA	NA	NA	NA	NA	NA	NA	NA	NA
HGDP00356	NA	NA	10000	249199	24.9199	0.0127421	-70247.3	-72914.9	NA	NA	NA	NA	NA	NA	NA	NA	NA	NA
HGDP00364	NA	NA	10000	289535	28.9593	0.0120922	-81577.3	-84199.2	NA	NA	NA	NA	NA	NA	NA	NA	NA	NA
HGDP00371	NA	NA	10000	311454	31.1516	0.0110165	-84868.2	-87496.6	NA	NA	NA	NA	NA	NA	NA	NA	NA	NA
HGDP00372	NA	NA	10000	280492	28.0548	0.010212	-79322.9	-81319.2	NA	NA	NA	NA	NA	NA	NA	NA	NA	NA
HGDP00376	NA	NA	10000	301310	30.14	0.0107826	-83381.9	-86332.1	NA	NA	NA	NA	NA	NA	NA	NA	NA	NA
HGDP00382	NA	NA	10000	269506	26.9506	0.0104154	-74905.6	-77390.9	NA	NA	NA	NA	NA	NA	NA	NA	NA	NA
HGDP00388	NA	NA	10000	386636	38.6636	0.00870262	-103485	-105505	NA	NA	NA	NA	NA	NA	NA	NA	NA	NA
HGDP00392	NA	NA	10000	310004	31.0066	0.0110182	-85356.7	-87380.1	NA	NA	NA	NA	NA	NA	NA	NA	NA	NA
HGDP00397	NA	NA	10000	332877	33.2944	0.0138798	-88537.2	-91579.2	NA	NA	NA	NA	NA	NA	NA	NA	NA	NA
HGDP00402	NA	NA	10000	331497	33.1497	0.0149299	-91263.1	-94417.2	NA	NA	NA	NA	NA	NA	NA	NA	NA	NA
HGDP00407	NA	NA	10000	340032	34.0032	0.00888552	-92323	-94099	NA	NA	NA	NA	NA	NA	NA	NA	NA	NA
HGDP00412	NA	NA	10000	332150	33.215	0.008083	-90922.7	-92469.4	NA	NA	NA	NA	NA	NA	NA	NA	NA	NA
HGDP00417	NA	NA	10000	394539	39.4578	0.0140599	-110688	-114154	NA	NA	NA	NA	NA	NA	NA	NA	NA	NA
HGDP00423	NA	NA	10000	303444	30.3505	0.015801	-83234.1	-86361.3	NA	NA	NA	NA	NA	NA	NA	NA	NA	NA
HGDP00433	NA	NA	10000	337693	33.7761	0.0103045	-90739.4	-92840.9	NA	NA	NA	NA	NA	NA	NA	NA	NA	NA
HGDP00438	NA	NA	10000	328546	32.8579	0.00990898	-88118.9	-90097.5	NA	NA	NA	NA	NA	NA	NA	NA	NA	NA
HGDP00444	NA	NA	10000	340554	34.0622	0.0110399	-95003.9	-97307.5	NA	NA	NA	NA	NA	NA	NA	NA	NA	NA
HGDP00445	NA	NA	10000	326884	32.6917	0.0134298	-92610.2	-95315.6	NA	NA	NA	NA	NA	NA	NA	NA	NA	NA
HGDP00452	NA	NA	10000	300820	30.094	0.000163879	-72768	-82513.9	NA	NA	NA	NA	NA	NA	NA	NA	NA	NA
HGDP00453	NA	NA	10000	329857	32.9956	0.00046011	-79826.2	-135299	NA	NA	NA	NA	NA	NA	NA	NA	NA	NA
HGDP00454	NA	NA	10000	353235	35.3376	0.00530709	-90389.1	-94177.8	NA	NA	NA	NA	NA	NA	NA	NA	NA	NA
HGDP00455	NA	NA	10000	369075	36.9186	0.00782212	-91248.3	-96008.1	NA	NA	NA	NA	NA	NA	NA	NA	NA	NA
HGDP00458	NA	NA	10000	329420	32.9486	0.00114466	-78649.7	-79802.6	NA	NA	NA	NA	NA	NA	NA	NA	NA	NA
HGDP00459	NA	NA	10000	324489	32.4554	0.000876083	-79160.4	-81853.4	NA	NA	NA	NA	NA	NA	NA	NA	NA	NA
HGDP00460	NA	NA	10000	358501	35.8573	0.00877508	-90541.5	-97413.3	NA	NA	NA	NA	NA	NA	NA	NA	NA	NA
HGDP00464	NA	NA	10000	326929	32.7027	0.000572452	-77815.3	-78936.1	NA	NA	NA	NA	NA	NA	NA	NA	NA	NA
HGDP00465	NA	NA	10000	322362	32.2459	0.000667909	-77670.2	-81671.8	NA	NA	NA	NA	NA	NA	NA	NA	NA	NA
HGDP00466	NA	NA	10000	318174	31.8269	0.000806295	-75354.9	-77266.6	NA	NA	NA	NA	NA	NA	NA	NA	NA	NA
HGDP00467	NA	NA	10000	362794	36.2903	0.000147723	-81027.9	-84673.6	NA	NA	NA	NA	NA	NA	NA	NA	NA	NA
HGDP00469	NA	NA	10000	339652	33.972	0.0115381	-86198	-92998.1	NA	NA	NA	NA	NA	NA	NA	NA	NA	NA
HGDP00470	NA	NA	10000	274117	27.4172	0.000231796	-67134.8	-149485	NA	NA	NA	NA	NA	NA	NA	NA	NA	NA
HGDP00472	NA	NA	10000	342552	34.2655	0.000467248	-80849.4	-81378.1	NA	NA	NA	NA	NA	NA	NA	NA	NA	NA
HGDP00473	NA	NA	10000	330752	33.0884	0.000280945	-80568.4	-99481.9	NA	NA	NA	NA	NA	NA	NA	NA	NA	NA
HGDP00475	NA	NA	10000	329434	32.9533	0.00052596	-82142.7	-84304.4	NA	NA	NA	NA	NA	NA	NA	NA	NA	NA
HGDP00478	NA	NA	10000	355844	35.5951	0.00026873	-80816.3	-95841.5	NA	NA	NA	NA	NA	NA	NA	NA	NA	NA
HGDP00479	NA	NA	10000	331268	33.1301	0.000214036	-78682.2	-80928.1	NA	NA	NA	NA	NA	NA	NA	NA	NA	NA
HGDP00490	NA	NA	10000	312268	31.233	0.000563396	-69707.9	-72756.1	NA	NA	NA	NA	NA	NA	NA	NA	NA	NA
HGDP00491	NA	NA	10000	351074	35.1179	0.000526791	-75930.9	-79161.4	NA	NA	NA	NA	NA	NA	NA	NA	NA	NA
HGDP00511	NA	NA	10000	316923	31.6986	0.00958475	-86245.8	-87966.8	NA	NA	NA	NA	NA	NA	NA	NA	NA	NA
HGDP00512	NA	NA	10000	291989	29.2047	0.0135522	-79859.7	-82313.2	NA	NA	NA	NA	NA	NA	NA	NA	NA	NA
HGDP00513	NA	NA	10000	329123	32.9156	0.0106623	-89439	-91507.1	NA	NA	NA	NA	NA	NA	NA	NA	NA	NA
HGDP00514	NA	NA	10000	320729	32.0761	0.0160697	-86692	-90000.6	NA	NA	NA	NA	NA	NA	NA	NA	NA	NA
HGDP00515	NA	NA	10000	327033	32.7033	0.0102645	-89400.2	-91227.1	NA	NA	NA	NA	NA	NA	NA	NA	NA	NA
HGDP00516	NA	NA	10000	301118	30.1148	0.0162028	-85060.5	-88140.5	NA	NA	NA	NA	NA	NA	NA	NA	NA	NA
HGDP00517	NA	NA	10000	352063	35.2098	0.0169497	-96634.8	-100462	NA	NA	NA	NA	NA	NA	NA	NA	NA	NA
HGDP00518	NA	NA	10000	339468	33.9502	0.00993572	-89527.1	-91515.3	NA	NA	NA	NA	NA	NA	NA	NA	NA	NA
HGDP00519	NA	NA	10000	247272	24.7321	0.00980715	-67929.7	-69367.5	NA	NA	NA	NA	NA	NA	NA	NA	NA	NA
HGDP00520	NA	NA	10000	349527	34.9562	0.00837438	-92129.1	-93742.1	NA	NA	NA	NA	NA	NA	NA	NA	NA	NA
HGDP00522	NA	NA	10000	303502	30.3563	0.0137097	-84771.5	-87212.6	NA	NA	NA	NA	NA	NA	NA	NA	NA	NA
HGDP00523	NA	NA	10000	324958	32.499	0.00885327	-86501.9	-88068.1	NA	NA	NA	NA	NA	NA	NA	NA	NA	NA
HGDP00524	NA	NA	10000	326875	32.6908	0.0148067	-89455.6	-92412.9	NA	NA	NA	NA	NA	NA	NA	NA	NA	NA
HGDP00525	NA	NA	10000	330198	33.0231	0.0185137	-93246	-96959.7	NA	NA	NA	NA	NA	NA	NA	NA	NA	NA
HGDP00527	NA	NA	10000	299645	29.9645	0.0211382	-85343.8	-89552	NA	NA	NA	NA	NA	NA	NA	NA	NA	NA
HGDP00528	NA	NA	10000	363393	36.3429	0.0113394	-99813.6	-102260	NA	NA	NA	NA	NA	NA	NA	NA	NA	NA
HGDP00529	NA	NA	10000	296107	29.6137	0.0115404	-81871.2	-83868.3	NA	NA	NA	NA	NA	NA	NA	NA	NA	NA
HGDP00531	NA	NA	10000	327930	32.7963	0.0110811	-89402.9	-91459.4	NA	NA	NA	NA	NA	NA	NA	NA	NA	NA
HGDP00534	NA	NA	10000	372337	37.2411	0.00919151	-98910.7	-100807	NA	NA	NA	NA	NA	NA	NA	NA	NA	NA
HGDP00535	NA	NA	10000	316165	31.6228	0.0100927	-84970.7	-86786.1	NA	NA	NA	NA	NA	NA	NA	NA	NA	NA
HGDP00536	NA	NA	10000	361390	36.1462	0.00986818	-94978.4	-97047.8	NA	NA	NA	NA	NA	NA	NA	NA	NA	NA
HGDP00537	NA	NA	10000	332780	33.2813	0.0143429	-88489.3	-91429.9	NA	NA	NA	NA	NA	NA	NA	NA	NA	NA
HGDP00538	NA	NA	10000	304464	30.4494	0.0187081	-85222.8	-88932	NA	NA	NA	NA	NA	NA	NA	NA	NA	NA
HGDP00539	NA	NA	10000	343347	34.3381	0.0102406	-91862.7	-93953.8	NA	NA	NA	NA	NA	NA	NA	NA	NA	NA
HGDP00540	NA	NA	10000	304345	30.4375	0.00102128	-63876	-64020.5	NA	NA	NA	NA	NA	NA	NA	NA	NA	NA
HGDP00541	NA	NA	10000	311952	31.2014	0.00091976	-66425.8	-66918	NA	NA	NA	NA	NA	NA	NA	NA	NA	NA
HGDP00542	NA	NA	10000	674083	67.415	0.00444787	-140224	-142480	NA	NA	NA	NA	NA	NA	NA	NA	NA	NA
HGDP00543	NA	NA	10000	320419	32.0451	0.00146234	-67657.7	-68230	NA	NA	NA	NA	NA	NA	NA	NA	NA	NA
HGDP00544	NA	NA	10000	311647	31.1709	0.00168395	-74196.6	-74887.4	NA	NA	NA	NA	NA	NA	NA	NA	NA	NA
HGDP00545	NA	NA	10000	305988	30.608	0.00185034	-65467.2	-65829.7	NA	NA	NA	NA	NA	NA	NA	NA	NA	NA
HGDP00546	NA	NA	10000	680120	68.0188	0.0038745	-133954	-136128	NA	NA	NA	NA	NA	NA	NA	NA	NA	NA
HGDP00547	NA	NA	10000	310121	31.0183	0.000680123	-64716.5	-66050	NA	NA	NA	NA	NA	NA	NA	NA	NA	NA
HGDP00549	NA	NA	10000	656841	65.6972	0.00568441	-135102	-138184	NA	NA	NA	NA	NA	NA	NA	NA	NA	NA
HGDP00550	NA	NA	10000	295618	29.5648	0.000763817	-64035.2	-67468.5	NA	NA	NA	NA	NA	NA	NA	NA	NA	NA
HGDP00551	NA	NA	10000	649332	64.9332	0.00392529	-134836	-136703	NA	NA	NA	NA	NA	NA	NA	NA	NA	NA
HGDP00553	NA	NA	10000	641153	64.1153	0.00339087	-130567	-132411	NA	NA	NA	NA	NA	NA	NA	NA	NA	NA
HGDP00555	NA	NA	10000	302336	30.2396	0.000236044	-64456.7	-151846	NA	NA	NA	NA	NA	NA	NA	NA	NA	NA
HGDP00556	NA	NA	10000	628091	62.8279	0.00393067	-126874	-128744	NA	NA	NA	NA	NA	NA	NA	NA	NA	NA
HGDP00557	NA	NA	10000	369986	37.006	0.00598799	-96061.2	-97162.4	NA	NA	NA	NA	NA	NA	NA	NA	NA	NA
HGDP00558	NA	NA	10000	339418	33.9418	0.00854136	-93922.1	-95510.9	NA	NA	NA	NA	NA	NA	NA	NA	NA	NA
HGDP00559	NA	NA	10000	334615	33.4715	0.00888933	-87036.4	-88763.2	NA	NA	NA	NA	NA	NA	NA	NA	NA	NA
HGDP00560	NA	NA	10000	400833	40.0913	0.00986622	-108179	-110386	NA	NA	NA	NA	NA	NA	NA	NA	NA	NA
HGDP00561	NA	NA	10000	273735	27.379	0.00860656	-75725.5	-77066.9	NA	NA	NA	NA	NA	NA	NA	NA	NA	NA
HGDP00562	NA	NA	10000	307342	30.7403	0.000312185	-80019.5	-108029	NA	NA	NA	NA	NA	NA	NA	NA	NA	NA
HGDP00563	NA	NA	10000	391615	39.1733	0.00501601	-98371.6	-99474.9	NA	NA	NA	NA	NA	NA	NA	NA	NA	NA
HGDP00564	NA	NA	10000	325754	32.5787	0.00645471	-82194.2	-83310.5	NA	NA	NA	NA	NA	NA	NA	NA	NA	NA
HGDP00565	NA	NA	10000	315581	31.5676	0.00981994	-85642.9	-87404	NA	NA	NA	NA	NA	NA	NA	NA	NA	NA
HGDP00566	NA	NA	10000	363723	36.3759	0.00651071	-98873.5	-100081	NA	NA	NA	NA	NA	NA	NA	NA	NA	NA
HGDP00567	NA	NA	10000	355664	35.5771	0.00946961	-96584.9	-98698.1	NA	NA	NA	NA	NA	NA	NA	NA	NA	NA
HGDP00568	NA	NA	10000	303183	30.3304	0.0114003	-76397.1	-78586.4	NA	NA	NA	NA	NA	NA	NA	NA	NA	NA
HGDP00571	NA	NA	10000	318808	31.8904	0.00876154	-81591.5	-83208.2	NA	NA	NA	NA	NA	NA	NA	NA	NA	NA
HGDP00572	NA	NA	10000	330266	33.0299	0.00845277	-89754.9	-91336.6	NA	NA	NA	NA	NA	NA	NA	NA	NA	NA
HGDP00573	NA	NA	10000	348444	34.8444	0.00527348	-91133.1	-92180.4	NA	NA	NA	NA	NA	NA	NA	NA	NA	NA
HGDP00574	NA	NA	10000	378904	37.898	0.00951603	-99148	-101203	NA	NA	NA	NA	NA	NA	NA	NA	NA	NA
HGDP00575	NA	NA	10000	343385	34.3454	0.00888383	-91724.1	-93463.5	NA	NA	NA	NA	NA	NA	NA	NA	NA	NA
HGDP00576	NA	NA	10000	268462	26.8516	0.000270302	-72619.8	-152267	NA	NA	NA	NA	NA	NA	NA	NA	NA	NA
HGDP00577	NA	NA	10000	361517	36.1553	0.00803364	-91792.2	-93436.3	NA	NA	NA	NA	NA	NA	NA	NA	NA	NA
HGDP00578	NA	NA	10000	345959	34.5994	0.0116256	-95664.1	-97985.5	NA	NA	NA	NA	NA	NA	NA	NA	NA	NA
HGDP00579	NA	NA	10000	254735	25.4786	0.0133682	-71456.8	-73476.2	NA	NA	NA	NA	NA	NA	NA	NA	NA	NA
HGDP00580	NA	NA	10000	329089	32.9089	9.23679e-05	-85048.2	-161657	NA	NA	NA	NA	NA	NA	NA	NA	NA	NA
HGDP00581	NA	NA	10000	316120	31.6152	0.00669134	-79891.1	-81067.7	NA	NA	NA	NA	NA	NA	NA	NA	NA	NA
HGDP00582	NA	NA	10000	336515	33.6549	0.0091778	-92175.4	-93902.3	NA	NA	NA	NA	NA	NA	NA	NA	NA	NA
HGDP00583	NA	NA	10000	327036	32.7167	0.0067407	-86954.4	-88114.9	NA	NA	NA	NA	NA	NA	NA	NA	NA	NA
HGDP00584	NA	NA	10000	349756	34.9826	0.00760403	-93022.6	-94734.1	NA	NA	NA	NA	NA	NA	NA	NA	NA	NA
HGDP00586	NA	NA	10000	372786	37.2898	0.00868122	-102083	-103801	NA	NA	NA	NA	NA	NA	NA	NA	NA	NA
HGDP00587	NA	NA	10000	335775	33.5809	0.006208	-90032.3	-91093	NA	NA	NA	NA	NA	NA	NA	NA	NA	NA
HGDP00588	NA	NA	10000	332574	33.2607	0.00743543	-84101.8	-85633.4	NA	NA	NA	NA	NA	NA	NA	NA	NA	NA
HGDP00590	NA	NA	10000	278938	27.8966	0.012338	-67364.9	-69719.6	NA	NA	NA	NA	NA	NA	NA	NA	NA	NA
HGDP00591	NA	NA	10000	367815	36.7852	0.00708415	-98189.3	-99649.6	NA	NA	NA	NA	NA	NA	NA	NA	NA	NA
HGDP00594	NA	NA	10000	319274	31.9274	0.00861127	-84919.8	-86576.6	NA	NA	NA	NA	NA	NA	NA	NA	NA	NA
HGDP00595	NA	NA	10000	368206	36.828	0.00748635	-93676.4	-95344.7	NA	NA	NA	NA	NA	NA	NA	NA	NA	NA
HGDP00598	NA	NA	10000	382933	38.2971	0.00814539	-102287	-104243	NA	NA	NA	NA	NA	NA	NA	NA	NA	NA
HGDP00599	NA	NA	10000	359645	35.9681	0.009069	-94945	-96866.3	NA	NA	NA	NA	NA	NA	NA	NA	NA	NA
HGDP00600	NA	NA	10000	340910	34.0978	0.00858752	-91691	-93352.4	NA	NA	NA	NA	NA	NA	NA	NA	NA	NA
HGDP00601	NA	NA	10000	351314	35.1384	0.00910459	-96507.2	-98358.4	NA	NA	NA	NA	NA	NA	NA	NA	NA	NA
HGDP00602	NA	NA	10000	327329	32.7362	0.0143511	-91896.6	-95061.2	NA	NA	NA	NA	NA	NA	NA	NA	NA	NA
HGDP00604	NA	NA	10000	310444	31.0506	0.00966064	-85041	-86894.9	NA	NA	NA	NA	NA	NA	NA	NA	NA	NA
HGDP00606	NA	NA	10000	341791	34.1859	0.00682341	-88305.3	-89621	NA	NA	NA	NA	NA	NA	NA	NA	NA	NA
HGDP00607	NA	NA	10000	305135	30.5166	0.00773151	-82140.8	-83516.3	NA	NA	NA	NA	NA	NA	NA	NA	NA	NA
HGDP00608	NA	NA	10000	279499	27.9583	0.00139984	-73611.7	-73913.3	NA	NA	NA	NA	NA	NA	NA	NA	NA	NA
HGDP00609	NA	NA	10000	341988	34.2022	0.00066259	-87642.7	-88577.9	NA	NA	NA	NA	NA	NA	NA	NA	NA	NA
HGDP00610	NA	NA	10000	332152	33.2218	0.00243372	-85592.6	-86044.3	NA	NA	NA	NA	NA	NA	NA	NA	NA	NA
HGDP00611	NA	NA	10000	411449	41.149	0.00837137	-113479	-115520	NA	NA	NA	NA	NA	NA	NA	NA	NA	NA
HGDP00612	NA	NA	10000	316938	31.7033	0.00630512	-80983.3	-82093.8	NA	NA	NA	NA	NA	NA	NA	NA	NA	NA
HGDP00613	NA	NA	10000	316289	31.6289	0.00832119	-86688	-88233.3	NA	NA	NA	NA	NA	NA	NA	NA	NA	NA
HGDP00614	NA	NA	10000	338241	33.8275	0.0126083	-91738	-94463.1	NA	NA	NA	NA	NA	NA	NA	NA	NA	NA
HGDP00615	NA	NA	10000	260413	26.0439	0.00649425	-66934.3	-69896.9	NA	NA	NA	NA	NA	NA	NA	NA	NA	NA
HGDP00618	NA	NA	10000	328280	32.828	0.0087642	-85445.3	-87237.7	NA	NA	NA	NA	NA	NA	NA	NA	NA	NA
HGDP00619	NA	NA	10000	349679	34.9714	0.00995837	-97594	-99637.5	NA	NA	NA	NA	NA	NA	NA	NA	NA	NA
HGDP00620	NA	NA	10000	364658	36.4658	0.0132281	-102199	-105309	NA	NA	NA	NA	NA	NA	NA	NA	NA	NA
HGDP00621	NA	NA	10000	324428	32.446	0.00876443	-89620.8	-92767.5	NA	NA	NA	NA	NA	NA	NA	NA	NA	NA
HGDP00622	NA	NA	10000	304715	30.4776	0.00741703	-82207	-83452.9	NA	NA	NA	NA	NA	NA	NA	NA	NA	NA
HGDP00623	NA	NA	10000	333176	33.3209	0.00719193	-86903.9	-88273.3	NA	NA	NA	NA	NA	NA	NA	NA	NA	NA
HGDP00624	NA	NA	10000	349030	34.9065	0.00868001	-93933.8	-95678.9	NA	NA	NA	NA	NA	NA	NA	NA	NA	NA
HGDP00625	NA	NA	10000	371455	37.1455	0.00761003	-98276.2	-100636	NA	NA	NA	NA	NA	NA	NA	NA	NA	NA
HGDP00626	NA	NA	10000	344418	34.4487	0.0101303	-88259.8	-90434.9	NA	NA	NA	NA	NA	NA	NA	NA	NA	NA
HGDP00627	NA	NA	10000	334623	33.4623	0.0101777	-91099.1	-93140.7	NA	NA	NA	NA	NA	NA	NA	NA	NA	NA
HGDP00628	NA	NA	10000	359955	35.9991	0.00662339	-91467.8	-93624.4	NA	NA	NA	NA	NA	NA	NA	NA	NA	NA
HGDP00629	NA	NA	10000	392406	39.2484	0.0121741	-97806.9	-101073	NA	NA	NA	NA	NA	NA	NA	NA	NA	NA
HGDP00630	NA	NA	10000	449112	44.9247	0.0146658	-116818	-121724	NA	NA	NA	NA	NA	NA	NA	NA	NA	NA
HGDP00631	NA	NA	10000	333569	33.3636	0.00673816	-85452.7	-87722.4	NA	NA	NA	NA	NA	NA	NA	NA	NA	NA
HGDP00632	NA	NA	10000	294892	29.4921	0.00708917	-82961.5	-84142.8	NA	NA	NA	NA	NA	NA	NA	NA	NA	NA
HGDP00634	NA	NA	10000	299550	29.964	0.00779537	-82682.7	-84070.5	NA	NA	NA	NA	NA	NA	NA	NA	NA	NA
HGDP00635	NA	NA	10000	306869	30.6869	0.0095257	-84168.9	-85931.4	NA	NA	NA	NA	NA	NA	NA	NA	NA	NA
HGDP00636	NA	NA	10000	355420	35.5456	0.00711017	-94073.1	-95499.7	NA	NA	NA	NA	NA	NA	NA	NA	NA	NA
HGDP00637	NA	NA	10000	324397	32.4462	0.0124883	-87294	-89863.6	NA	NA	NA	NA	NA	NA	NA	NA	NA	NA
HGDP00638	NA	NA	10000	307698	30.776	0.0108344	-82720.7	-84946.8	NA	NA	NA	NA	NA	NA	NA	NA	NA	NA
HGDP00639	NA	NA	10000	302284	30.2284	0.00939685	-80424.7	-82149.8	NA	NA	NA	NA	NA	NA	NA	NA	NA	NA
HGDP00640	NA	NA	10000	340767	34.0801	0.0135097	-97332.3	-100231	NA	NA	NA	NA	NA	NA	NA	NA	NA	NA
HGDP00641	NA	NA	10000	318420	31.8452	0.0176011	-88961.1	-92838.2	NA	NA	NA	NA	NA	NA	NA	NA	NA	NA
HGDP00642	NA	NA	10000	258906	25.8932	0.00908204	-73349.9	-74619.9	NA	NA	NA	NA	NA	NA	NA	NA	NA	NA
HGDP00643	NA	NA	10000	326933	32.7031	0.00786869	-84741.6	-86168	NA	NA	NA	NA	NA	NA	NA	NA	NA	NA
HGDP00644	NA	NA	10000	297498	29.7498	0.00791736	-81023.2	-82301.9	NA	NA	NA	NA	NA	NA	NA	NA	NA	NA
HGDP00645	NA	NA	10000	301794	30.1854	0.0107767	-82427.9	-84468	NA	NA	NA	NA	NA	NA	NA	NA	NA	NA
HGDP00646	NA	NA	10000	317790	31.7854	0.00940773	-88403.8	-90106.8	NA	NA	NA	NA	NA	NA	NA	NA	NA	NA
HGDP00647	NA	NA	10000	332101	33.2201	0.0113737	-86382.8	-88807	NA	NA	NA	NA	NA	NA	NA	NA	NA	NA
HGDP00648	NA	NA	10000	298151	29.8151	0.0170721	-83865.4	-87362.9	NA	NA	NA	NA	NA	NA	NA	NA	NA	NA
HGDP00649	NA	NA	10000	330276	33.0309	0.00893567	-80404.5	-82350.1	NA	NA	NA	NA	NA	NA	NA	NA	NA	NA
HGDP00651	NA	NA	10000	294900	29.4959	0.0062388	-75640.7	-76776.2	NA	NA	NA	NA	NA	NA	NA	NA	NA	NA
HGDP00653	NA	NA	10000	305875	30.6028	0.00891008	-82594	-84181.8	NA	NA	NA	NA	NA	NA	NA	NA	NA	NA
HGDP00654	NA	NA	10000	365211	36.5211	0.00769224	-97803.4	-99493.4	NA	NA	NA	NA	NA	NA	NA	NA	NA	NA
HGDP00655	NA	NA	10000	350077	35.0182	0.000293388	-78235.4	-82339.5	NA	NA	NA	NA	NA	NA	NA	NA	NA	NA
HGDP00661	NA	NA	10000	425668	42.5753	0.00590876	-94846.9	-96835.4	NA	NA	NA	NA	NA	NA	NA	NA	NA	NA
HGDP00662	NA	NA	10000	353046	35.3152	0.000730154	-79176.5	-83029.8	NA	NA	NA	NA	NA	NA	NA	NA	NA	NA
HGDP00663	NA	NA	10000	342030	34.2133	0.00770086	-80280.2	-82524.6	NA	NA	NA	NA	NA	NA	NA	NA	NA	NA
HGDP00664	NA	NA	10000	351347	35.1417	0.00620483	-82551.8	-84497.6	NA	NA	NA	NA	NA	NA	NA	NA	NA	NA
HGDP00666	NA	NA	10000	313616	31.3616	0.00728073	-82228.6	-83422.2	NA	NA	NA	NA	NA	NA	NA	NA	NA	NA
HGDP00667	NA	NA	10000	331814	33.1847	0.013655	-92055.5	-94649.1	NA	NA	NA	NA	NA	NA	NA	NA	NA	NA
HGDP00668	NA	NA	10000	281563	28.1591	0.00987516	-76339.9	-77933.5	NA	NA	NA	NA	NA	NA	NA	NA	NA	NA
HGDP00669	NA	NA	10000	315554	31.5586	0.00471896	-82886.6	-83608.2	NA	NA	NA	NA	NA	NA	NA	NA	NA	NA
HGDP00670	NA	NA	10000	436467	43.6511	0.00824983	-111300	-113242	NA	NA	NA	NA	NA	NA	NA	NA	NA	NA
HGDP00671	NA	NA	10000	353709	35.3744	0.00426559	-90351.4	-91109.2	NA	NA	NA	NA	NA	NA	NA	NA	NA	NA
HGDP00672	NA	NA	10000	330883	33.0916	0.00648826	-85515.9	-86667.7	NA	NA	NA	NA	NA	NA	NA	NA	NA	NA
HGDP00673	NA	NA	10000	345351	34.542	0.0119703	-92307.9	-94761.7	NA	NA	NA	NA	NA	NA	NA	NA	NA	NA
HGDP00674	NA	NA	10000	346552	34.6587	0.00668529	-89778.7	-90990.8	NA	NA	NA	NA	NA	NA	NA	NA	NA	NA
HGDP00675	NA	NA	10000	374991	37.4991	0.0080802	-98766.3	-100436	NA	NA	NA	NA	NA	NA	NA	NA	NA	NA
HGDP00676	NA	NA	10000	380286	38.0286	0.0087897	-103413	-105273	NA	NA	NA	NA	NA	NA	NA	NA	NA	NA
HGDP00677	NA	NA	10000	336982	33.7117	0.00951799	-86649.4	-88501.1	NA	NA	NA	NA	NA	NA	NA	NA	NA	NA
HGDP00678	NA	NA	10000	320661	32.0693	0.00858114	-77698.9	-79436.5	NA	NA	NA	NA	NA	NA	NA	NA	NA	NA
HGDP00679	NA	NA	10000	329185	32.9218	0.0104802	-89125.3	-91192.9	NA	NA	NA	NA	NA	NA	NA	NA	NA	NA
HGDP00680	NA	NA	10000	311968	31.203	0.0172345	-89837.4	-93368.1	NA	NA	NA	NA	NA	NA	NA	NA	NA	NA
HGDP00682	NA	NA	10000	315299	31.5362	0.00794276	-88150.9	-89568.6	NA	NA	NA	NA	NA	NA	NA	NA	NA	NA
HGDP00683	NA	NA	10000	318985	31.9017	0.00730359	-88964.8	-90202.4	NA	NA	NA	NA	NA	NA	NA	NA	NA	NA
HGDP00684	NA	NA	10000	334285	33.4285	0.00895615	-93422.3	-95104.6	NA	NA	NA	NA	NA	NA	NA	NA	NA	NA
HGDP00685	NA	NA	10000	337698	33.7766	0.00913284	-95876.1	-97615.8	NA	NA	NA	NA	NA	NA	NA	NA	NA	NA
HGDP00686	NA	NA	10000	314479	31.4573	0.0142459	-91713.1	-94352.3	NA	NA	NA	NA	NA	NA	NA	NA	NA	NA
HGDP00687	NA	NA	10000	303872	30.3902	0.0100878	-80481.2	-82339.7	NA	NA	NA	NA	NA	NA	NA	NA	NA	NA
HGDP00688	NA	NA	10000	350736	35.0771	0.00704482	-94862.4	-96178.6	NA	NA	NA	NA	NA	NA	NA	NA	NA	NA
HGDP00689	NA	NA	10000	320217	32.0281	0.0223607	-90876.9	-95931.3	NA	NA	NA	NA	NA	NA	NA	NA	NA	NA
HGDP00690	NA	NA	10000	323614	32.3679	7.90576e-05	-86806.1	-172789	NA	NA	NA	NA	NA	NA	NA	NA	NA	NA
HGDP00691	NA	NA	10000	319046	31.9078	0.00813602	-88234.3	-89733.5	NA	NA	NA	NA	NA	NA	NA	NA	NA	NA
HGDP00692	NA	NA	10000	570921	57.0978	0.00993208	-155295	-158633	NA	NA	NA	NA	NA	NA	NA	NA	NA	NA
HGDP00693	NA	NA	10000	329679	32.9712	0.0205912	-93021.7	-97941.5	NA	NA	NA	NA	NA	NA	NA	NA	NA	NA
HGDP00694	NA	NA	10000	317914	31.7946	0.00720195	-85679.4	-86869.2	NA	NA	NA	NA	NA	NA	NA	NA	NA	NA
HGDP00696	NA	NA	10000	332965	33.3032	0.0123852	-93830.6	-96332.9	NA	NA	NA	NA	NA	NA	NA	NA	NA	NA
HGDP00697	NA	NA	10000	346895	34.6964	0.0103976	-95138.7	-97286.8	NA	NA	NA	NA	NA	NA	NA	NA	NA	NA
HGDP00698	NA	NA	10000	344783	34.4817	0.00853455	-90428	-92375	NA	NA	NA	NA	NA	NA	NA	NA	NA	NA
HGDP00699	NA	NA	10000	318491	31.8523	0.0143984	-91770.6	-94640.3	NA	NA	NA	NA	NA	NA	NA	NA	NA	NA
HGDP00700	NA	NA	10000	336265	33.6332	0.00747305	-94256.5	-95622.5	NA	NA	NA	NA	NA	NA	NA	NA	NA	NA
HGDP00701	NA	NA	10000	298737	29.8737	0.0120609	-81301.1	-83558.2	NA	NA	NA	NA	NA	NA	NA	NA	NA	NA
HGDP00703	NA	NA	10000	300000	30.009	0.00107008	-70177.8	-71715.6	NA	NA	NA	NA	NA	NA	NA	NA	NA	NA
HGDP00704	NA	NA	10000	358979	35.9015	0.0069473	-79681.7	-82299.9	NA	NA	NA	NA	NA	NA	NA	NA	NA	NA
HGDP00708	NA	NA	10000	342538	34.2572	0.00725872	-72314	-75111.3	NA	NA	NA	NA	NA	NA	NA	NA	NA	NA
HGDP00710	NA	NA	10000	334945	33.4978	0.000492237	-67331.6	-73902.2	NA	NA	NA	NA	NA	NA	NA	NA	NA	NA
HGDP00711	NA	NA	10000	343685	34.3788	0.000169132	-86451.6	-122133	NA	NA	NA	NA	NA	NA	NA	NA	NA	NA
HGDP00712	NA	NA	10000	270931	27.1012	0.00934409	-70679	-72159.7	NA	NA	NA	NA	NA	NA	NA	NA	NA	NA
HGDP00714	NA	NA	10000	345862	34.5931	0.00021988	-85917.9	-141115	NA	NA	NA	NA	NA	NA	NA	NA	NA	NA
HGDP00715	NA	NA	10000	339250	33.9352	0.000524187	-86822.2	-92431.8	NA	NA	NA	NA	NA	NA	NA	NA	NA	NA
HGDP00716	NA	NA	10000	348616	34.8686	0.0115859	-90163.6	-92492.8	NA	NA	NA	NA	NA	NA	NA	NA	NA	NA
HGDP00719	NA	NA	10000	299900	29.996	0.0103134	-81337.7	-82904.7	NA	NA	NA	NA	NA	NA	NA	NA	NA	NA
HGDP00720	NA	NA	10000	321458	32.1522	0.0091613	-81542.2	-84113.5	NA	NA	NA	NA	NA	NA	NA	NA	NA	NA
HGDP00721	NA	NA	10000	313368	31.3493	0.0105344	-81932.7	-83834.2	NA	NA	NA	NA	NA	NA	NA	NA	NA	NA
HGDP00723	NA	NA	10000	296326	29.6385	0.000456294	-79812.6	-85345.1	NA	NA	NA	NA	NA	NA	NA	NA	NA	NA
HGDP00724	NA	NA	10000	291690	29.169	0.000194295	-74163.5	-96471.5	NA	NA	NA	NA	NA	NA	NA	NA	NA	NA
HGDP00726	NA	NA	10000	331312	33.1345	0.000654314	-89062.8	-89959	NA	NA	NA	NA	NA	NA	NA	NA	NA	NA
HGDP00727	NA	NA	10000	315928	31.6054	0.00979696	-85345.2	-87439.2	NA	NA	NA	NA	NA	NA	NA	NA	NA	NA
HGDP00729	NA	NA	10000	370546	37.0583	0.00506256	-99685.1	-101438	NA	NA	NA	NA	NA	NA	NA	NA	NA	NA
HGDP00730	NA	NA	10000	346327	34.6327	0.00993768	-99580.3	-101525	NA	NA	NA	NA	NA	NA	NA	NA	NA	NA
HGDP00731	NA	NA	10000	295421	29.548	0.00468731	-83209.7	-83889.7	NA	NA	NA	NA	NA	NA	NA	NA	NA	NA
HGDP00732	NA	NA	10000	337947	33.7947	0.0100668	-94354.7	-96336	NA	NA	NA	NA	NA	NA	NA	NA	NA	NA
HGDP00733	NA	NA	10000	334797	33.4864	0.01022	-93116.3	-95105.5	NA	NA	NA	NA	NA	NA	NA	NA	NA	NA
HGDP00734	NA	NA	10000	348769	34.8839	0.00708471	-94111.2	-95481.6	NA	NA	NA	NA	NA	NA	NA	NA	NA	NA
HGDP00735	NA	NA	10000	311900	31.19	0.0139471	-85372.2	-88262.8	NA	NA	NA	NA	NA	NA	NA	NA	NA	NA
HGDP00736	NA	NA	10000	356647	35.6683	0.00896303	-97322.9	-99274.4	NA	NA	NA	NA	NA	NA	NA	NA	NA	NA
HGDP00738	NA	NA	10000	309703	30.9796	0.0133376	-87299.8	-89920.8	NA	NA	NA	NA	NA	NA	NA	NA	NA	NA
HGDP00739	NA	NA	10000	318603	31.8635	0.0115046	-88928.6	-91195.3	NA	NA	NA	NA	NA	NA	NA	NA	NA	NA
HGDP00740	NA	NA	10000	341904	34.1938	0.00589154	-93840.3	-94931.7	NA	NA	NA	NA	NA	NA	NA	NA	NA	NA
HGDP00741	NA	NA	10000	326825	32.6858	0.00937314	-89221.3	-91071.8	NA	NA	NA	NA	NA	NA	NA	NA	NA	NA
HGDP00744	NA	NA	10000	295826	29.5885	0.0110403	-84298.4	-86183.4	NA	NA	NA	NA	NA	NA	NA	NA	NA	NA
HGDP00745	NA	NA	10000	338979	33.9013	0.0089558	-89505.7	-91291.5	NA	NA	NA	NA	NA	NA	NA	NA	NA	NA
HGDP00746	NA	NA	10000	317507	31.7539	0.0165083	-92295.2	-95641.4	NA	NA	NA	NA	NA	NA	NA	NA	NA	NA
HGDP00747	NA	NA	10000	263002	26.3055	0.0130702	-70302.5	-72440.7	NA	NA	NA	NA	NA	NA	NA	NA	NA	NA
HGDP00748	NA	NA	10000	310912	31.0974	0.00903343	-77644.5	-79298.9	NA	NA	NA	NA	NA	NA	NA	NA	NA	NA
HGDP00750	NA	NA	10000	289860	28.9918	0.0114506	-75166.6	-77216.2	NA	NA	NA	NA	NA	NA	NA	NA	NA	NA
HGDP00751	NA	NA	10000	276368	27.6423	0.013366	-70684.8	-72868.8	NA	NA	NA	NA	NA	NA	NA	NA	NA	NA
HGDP00752	NA	NA	10000	361214	36.1214	0.0109678	-91406.4	-95026.4	NA	NA	NA	NA	NA	NA	NA	NA	NA	NA
HGDP00753	NA	NA	10000	313674	31.3705	0.0127894	-79871.4	-83160.5	NA	NA	NA	NA	NA	NA	NA	NA	NA	NA
HGDP00754	NA	NA	10000	249563	24.9588	0.00780411	-62974.1	-63935.4	NA	NA	NA	NA	NA	NA	NA	NA	NA	NA
HGDP00755	NA	NA	10000	330433	33.0466	0.0104192	-82570	-84680.2	NA	NA	NA	NA	NA	NA	NA	NA	NA	NA
HGDP00756	NA	NA	10000	292280	29.2397	0.0104944	-75862.3	-77732.2	NA	NA	NA	NA	NA	NA	NA	NA	NA	NA
HGDP00757	NA	NA	10000	327339	32.7404	0.0102588	-83901.8	-85765.2	NA	NA	NA	NA	NA	NA	NA	NA	NA	NA
HGDP00758	NA	NA	10000	271252	27.1333	0.0144653	-70711.4	-73175.2	NA	NA	NA	NA	NA	NA	NA	NA	NA	NA
HGDP00759	NA	NA	10000	347477	34.7547	0.0117733	-88887.9	-91489.4	NA	NA	NA	NA	NA	NA	NA	NA	NA	NA
HGDP00760	NA	NA	10000	267436	26.7489	0.0178229	-72103.4	-75113.6	NA	NA	NA	NA	NA	NA	NA	NA	NA	NA
HGDP00761	NA	NA	10000	273414	27.3469	0.0144487	-73037.6	-75624.5	NA	NA	NA	NA	NA	NA	NA	NA	NA	NA
HGDP00762	NA	NA	10000	295759	29.5848	0.00891675	-74649.3	-76190.6	NA	NA	NA	NA	NA	NA	NA	NA	NA	NA
HGDP00763	NA	NA	10000	317286	31.7318	0.0114055	-81152.3	-83347.5	NA	NA	NA	NA	NA	NA	NA	NA	NA	NA
HGDP00764	NA	NA	10000	277770	27.7826	0.0103349	-71774	-73489.7	NA	NA	NA	NA	NA	NA	NA	NA	NA	NA
HGDP00765	NA	NA	10000	320122	32.0154	0.012232	-79563.6	-81910.1	NA	NA	NA	NA	NA	NA	NA	NA	NA	NA
HGDP00766	NA	NA	10000	284251	28.4279	0.0130015	-74691.3	-77000.5	NA	NA	NA	NA	NA	NA	NA	NA	NA	NA
HGDP00767	NA	NA	10000	291189	29.1218	0.0102171	-73767.2	-75385.4	NA	NA	NA	NA	NA	NA	NA	NA	NA	NA
HGDP00768	NA	NA	10000	347761	34.7796	0.0372874	-97009.6	-108236	NA	NA	NA	NA	NA	NA	NA	NA	NA	NA
HGDP00769	NA	NA	10000	381034	38.1072	0.00961147	-94590.4	-96678	NA	NA	NA	NA	NA	NA	NA	NA	NA	NA
HGDP00771	NA	NA	10000	266675	26.6728	0.0104753	-69000.9	-70645	NA	NA	NA	NA	NA	NA	NA	NA	NA	NA
HGDP00772	NA	NA	10000	269344	26.9398	0.0126756	-67164.5	-69200	NA	NA	NA	NA	NA	NA	NA	NA	NA	NA
HGDP00774	NA	NA	10000	358425	35.8461	0.0132149	-90090	-92890.2	NA	NA	NA	NA	NA	NA	NA	NA	NA	NA
HGDP00776	NA	NA	10000	306102	30.6163	0.017066	-81410.2	-84446.3	NA	NA	NA	NA	NA	NA	NA	NA	NA	NA
HGDP00777	NA	NA	10000	294290	29.429	0.00971928	-75273.3	-77033.1	NA	NA	NA	NA	NA	NA	NA	NA	NA	NA
HGDP00779	NA	NA	10000	308171	30.8233	0.00914992	-80296.4	-81828.2	NA	NA	NA	NA	NA	NA	NA	NA	NA	NA
HGDP00780	NA	NA	10000	323930	32.3962	0.00956066	-82555.6	-84475.3	NA	NA	NA	NA	NA	NA	NA	NA	NA	NA
HGDP00781	NA	NA	10000	332071	33.2071	0.0106312	-85709.3	-87915.1	NA	NA	NA	NA	NA	NA	NA	NA	NA	NA
HGDP00782	NA	NA	10000	299282	29.9282	0.0116065	-77665.1	-79646	NA	NA	NA	NA	NA	NA	NA	NA	NA	NA
HGDP00784	NA	NA	10000	302874	30.2904	0.0101999	-79728.1	-81428.1	NA	NA	NA	NA	NA	NA	NA	NA	NA	NA
HGDP00786	NA	NA	10000	324032	32.4032	0.0153453	-84076.6	-87057.9	NA	NA	NA	NA	NA	NA	NA	NA	NA	NA
HGDP00787	NA	NA	10000	394477	39.4516	0.00560519	-92246.5	-94397.6	NA	NA	NA	NA	NA	NA	NA	NA	NA	NA
HGDP00788	NA	NA	10000	332321	33.2387	0.000639182	-75199.2	-75974.9	NA	NA	NA	NA	NA	NA	NA	NA	NA	NA
HGDP00790	NA	NA	10000	355458	35.5494	0.0127835	-88741.1	-91513.5	NA	NA	NA	NA	NA	NA	NA	NA	NA	NA
HGDP00791	NA	NA	10000	294024	29.4171	0.00916851	-75257.3	-76775.9	NA	NA	NA	NA	NA	NA	NA	NA	NA	NA
HGDP00794	NA	NA	10000	344334	34.4403	0.0121456	-92872.2	-95306.5	NA	NA	NA	NA	NA	NA	NA	NA	NA	NA
HGDP00795	NA	NA	10000	317030	31.7093	0.00609801	-85518.3	-86449.5	NA	NA	NA	NA	NA	NA	NA	NA	NA	NA
HGDP00797	NA	NA	10000	309895	30.9957	0.00808333	-83326.9	-84664.2	NA	NA	NA	NA	NA	NA	NA	NA	NA	NA
HGDP00799	NA	NA	10000	337918	33.7952	0.00709024	-89792.2	-90934.7	NA	NA	NA	NA	NA	NA	NA	NA	NA	NA
HGDP00800	NA	NA	10000	343902	34.3902	0.007347	-90630.7	-91994.6	NA	NA	NA	NA	NA	NA	NA	NA	NA	NA
HGDP00802	NA	NA	10000	353161	35.3196	0.00898959	-96862.9	-98601	NA	NA	NA	NA	NA	NA	NA	NA	NA	NA
HGDP00803	NA	NA	10000	313597	31.3628	0.00693995	-81311	-82470.6	NA	NA	NA	NA	NA	NA	NA	NA	NA	NA
HGDP00804	NA	NA	10000	366980	36.7053	0.00858701	-96301	-97979.4	NA	NA	NA	NA	NA	NA	NA	NA	NA	NA
HGDP00805	NA	NA	10000	292752	29.2752	0.0179112	-80585.4	-83857.4	NA	NA	NA	NA	NA	NA	NA	NA	NA	NA
HGDP00806	NA	NA	10000	316707	31.6739	0.00570158	-81267.3	-82121.8	NA	NA	NA	NA	NA	NA	NA	NA	NA	NA
HGDP00807	NA	NA	10000	601778	60.1898	0.0103205	-154823	-158360	NA	NA	NA	NA	NA	NA	NA	NA	NA	NA
HGDP00808	NA	NA	10000	333307	33.3374	0.00526033	-87163.1	-88045.7	NA	NA	NA	NA	NA	NA	NA	NA	NA	NA
HGDP00810	NA	NA	10000	353505	35.3611	0.00573599	-92676.6	-93819.3	NA	NA	NA	NA	NA	NA	NA	NA	NA	NA
HGDP00811	NA	NA	10000	296819	29.6938	0.0224319	-78838.1	-82948.7	NA	NA	NA	NA	NA	NA	NA	NA	NA	NA
HGDP00812	NA	NA	10000	319413	31.9477	0.00865437	-79382.2	-81047	NA	NA	NA	NA	NA	NA	NA	NA	NA	NA
HGDP00813	NA	NA	10000	300355	30.0415	0.00962193	-75589.5	-77181	NA	NA	NA	NA	NA	NA	NA	NA	NA	NA
HGDP00814	NA	NA	10000	311029	31.106	0.0100558	-77997.4	-79975.3	NA	NA	NA	NA	NA	NA	NA	NA	NA	NA
HGDP00815	NA	NA	10000	324813	32.4845	0.00971262	-84034.6	-85871.1	NA	NA	NA	NA	NA	NA	NA	NA	NA	NA
HGDP00817	NA	NA	10000	325178	32.5243	0.0141853	-85438.9	-88375.9	NA	NA	NA	NA	NA	NA	NA	NA	NA	NA
HGDP00818	NA	NA	10000	293659	29.3659	0.0112759	-76780.3	-78949.5	NA	NA	NA	NA	NA	NA	NA	NA	NA	NA
HGDP00819	NA	NA	10000	342727	34.2761	0.0102363	-88142.3	-90012.2	NA	NA	NA	NA	NA	NA	NA	NA	NA	NA
HGDP00820	NA	NA	10000	285616	28.5702	0.0231551	-76771.8	-80858.8	NA	NA	NA	NA	NA	NA	NA	NA	NA	NA
HGDP00821	NA	NA	10000	313933	31.3996	0.00838436	-79145.7	-80782.5	NA	NA	NA	NA	NA	NA	NA	NA	NA	NA
HGDP00822	NA	NA	10000	576293	57.6293	0.011477	-146756	-150622	NA	NA	NA	NA	NA	NA	NA	NA	NA	NA
HGDP00823	NA	NA	10000	328138	32.8204	0.000483163	-72187.8	-76240.4	NA	NA	NA	NA	NA	NA	NA	NA	NA	NA
HGDP00828	NA	NA	10000	352500	35.25	0.00960852	-90541.8	-92587.6	NA	NA	NA	NA	NA	NA	NA	NA	NA	NA
HGDP00832	NA	NA	10000	358802	35.8946	0.00989619	-65278.1	-69027.6	NA	NA	NA	NA	NA	NA	NA	NA	NA	NA
HGDP00837	NA	NA	10000	350839	35.0874	0.000196025	-63340.3	-67319.8	NA	NA	NA	NA	NA	NA	NA	NA	NA	NA
HGDP00838	NA	NA	10000	365855	36.5928	0.00884077	-75227	-78207.3	NA	NA	NA	NA	NA	NA	NA	NA	NA	NA
HGDP00843	NA	NA	10000	354060	35.4166	0.000144591	-66646.9	-133362	NA	NA	NA	NA	NA	NA	NA	NA	NA	NA
HGDP00845	NA	NA	10000	344230	34.4264	0.000170037	-62938.2	-113367	NA	NA	NA	NA	NA	NA	NA	NA	NA	NA
HGDP00849	NA	NA	10000	332975	33.3042	0.00542224	-64250.1	-66431.8	NA	NA	NA	NA	NA	NA	NA	NA	NA	NA
HGDP00854	NA	NA	10000	371527	37.1601	0.00547401	-88842.7	-90604.2	NA	NA	NA	NA	NA	NA	NA	NA	NA	NA
HGDP00856	NA	NA	10000	314534	31.4628	0.0013582	-72787.4	-72969.4	NA	NA	NA	NA	NA	NA	NA	NA	NA	NA
HGDP00858	NA	NA	10000	340036	34.007	0.00733997	-79435.9	-81212.9	NA	NA	NA	NA	NA	NA	NA	NA	NA	NA
HGDP00859	NA	NA	10000	397088	39.7167	0.00953795	-95163.3	-98008.8	NA	NA	NA	NA	NA	NA	NA	NA	NA	NA
HGDP00860	NA	NA	10000	386425	38.6464	0.00638436	-96872.4	-98276.4	NA	NA	NA	NA	NA	NA	NA	NA	NA	NA
HGDP00861	NA	NA	10000	361420	36.142	0.00745326	-86486	-88336.4	NA	NA	NA	NA	NA	NA	NA	NA	NA	NA
HGDP00862	NA	NA	10000	349078	34.9148	0.00788543	-84283.6	-86090.3	NA	NA	NA	NA	NA	NA	NA	NA	NA	NA
HGDP00863	NA	NA	10000	358856	35.8964	0.00609113	-86157.1	-87700.1	NA	NA	NA	NA	NA	NA	NA	NA	NA	NA
HGDP00864	NA	NA	10000	329335	32.9368	0.00860498	-79516	-81646.7	NA	NA	NA	NA	NA	NA	NA	NA	NA	NA
HGDP00865	NA	NA	10000	365946	36.6019	0.00800949	-82731.2	-85557.4	NA	NA	NA	NA	NA	NA	NA	NA	NA	NA
HGDP00868	NA	NA	10000	322284	32.2348	0.00558958	-78344.8	-79657.3	NA	NA	NA	NA	NA	NA	NA	NA	NA	NA
HGDP00869	NA	NA	10000	361407	36.1515	0.00918697	-85489	-87771.4	NA	NA	NA	NA	NA	NA	NA	NA	NA	NA
HGDP00870	NA	NA	10000	374683	37.472	0.00761215	-86806.5	-88868.6	NA	NA	NA	NA	NA	NA	NA	NA	NA	NA
HGDP00871	NA	NA	10000	347525	34.7525	0.00724182	-86099.6	-87704.6	NA	NA	NA	NA	NA	NA	NA	NA	NA	NA
HGDP00872	NA	NA	10000	350071	35.0176	0.00904205	-81921.6	-84529.8	NA	NA	NA	NA	NA	NA	NA	NA	NA	NA
HGDP00873	NA	NA	10000	397178	39.7218	0.00910357	-91469.6	-94648.6	NA	NA	NA	NA	NA	NA	NA	NA	NA	NA
HGDP00875	NA	NA	10000	312508	31.2539	0.0124784	-75942.7	-78366	NA	NA	NA	NA	NA	NA	NA	NA	NA	NA
HGDP00876	NA	NA	10000	351491	35.1526	0.0101205	-90477.8	-92773.9	NA	NA	NA	NA	NA	NA	NA	NA	NA	NA
HGDP00877	NA	NA	10000	308336	30.8398	0.00097021	-72662.5	-74773.5	NA	NA	NA	NA	NA	NA	NA	NA	NA	NA
HGDP00879	NA	NA	10000	342292	34.2395	0.0116994	-93722.4	-96055.5	NA	NA	NA	NA	NA	NA	NA	NA	NA	NA
HGDP00880	NA	NA	10000	333008	33.3075	0.00853057	-89804.4	-91412.4	NA	NA	NA	NA	NA	NA	NA	NA	NA	NA
HGDP00881	NA	NA	10000	333545	33.3578	0.0121595	-92661.4	-95098.3	NA	NA	NA	NA	NA	NA	NA	NA	NA	NA
HGDP00882	NA	NA	10000	302505	30.2505	0.0188742	-84550.6	-88351.8	NA	NA	NA	NA	NA	NA	NA	NA	NA	NA
HGDP00883	NA	NA	10000	313403	31.3403	0.0138196	-84850.8	-87501.8	NA	NA	NA	NA	NA	NA	NA	NA	NA	NA
HGDP00884	NA	NA	10000	293530	29.3677	0.017445	-82057.4	-85114.9	NA	NA	NA	NA	NA	NA	NA	NA	NA	NA
HGDP00885	NA	NA	10000	316377	31.6377	0.00824946	-85449.5	-87013.1	NA	NA	NA	NA	NA	NA	NA	NA	NA	NA
HGDP00886	NA	NA	10000	395429	39.5429	0.0105938	-110167	-112521	NA	NA	NA	NA	NA	NA	NA	NA	NA	NA
HGDP00888	NA	NA	10000	354155	35.4261	0.00648565	-95717.3	-96876.6	NA	NA	NA	NA	NA	NA	NA	NA	NA	NA
HGDP00889	NA	NA	10000	331299	33.1365	0.00948173	-89970	-91752.6	NA	NA	NA	NA	NA	NA	NA	NA	NA	NA
HGDP00890	NA	NA	10000	369237	36.9348	0.0120564	-103412	-106052	NA	NA	NA	NA	NA	NA	NA	NA	NA	NA
HGDP00891	NA	NA	10000	342802	34.2802	0.0106454	-92850.2	-94981.3	NA	NA	NA	NA	NA	NA	NA	NA	NA	NA
HGDP00892	NA	NA	10000	338692	33.8726	0.0123645	-92419.6	-94905.2	NA	NA	NA	NA	NA	NA	NA	NA	NA	NA
HGDP00893	NA	NA	10000	354210	35.4245	0.0131261	-97003.7	-99768.7	NA	NA	NA	NA	NA	NA	NA	NA	NA	NA
HGDP00894	NA	NA	10000	340673	34.0707	0.00765177	-92055.5	-93414.3	NA	NA	NA	NA	NA	NA	NA	NA	NA	NA
HGDP00895	NA	NA	10000	315049	31.5112	0.00738138	-84904.4	-86186.8	NA	NA	NA	NA	NA	NA	NA	NA	NA	NA
HGDP00896	NA	NA	10000	336197	33.6264	0.00764614	-89886.2	-91284.3	NA	NA	NA	NA	NA	NA	NA	NA	NA	NA
HGDP00897	NA	NA	10000	354350	35.4421	0.0092581	-93758.5	-95739	NA	NA	NA	NA	NA	NA	NA	NA	NA	NA
HGDP00898	NA	NA	10000	365644	36.5681	0.0126116	-101669	-104416	NA	NA	NA	NA	NA	NA	NA	NA	NA	NA
HGDP00899	NA	NA	10000	332627	33.2694	0.0104835	-91662.5	-93728.7	NA	NA	NA	NA	NA	NA	NA	NA	NA	NA
HGDP00900	NA	NA	10000	377012	37.705	0.0140576	-102674	-106007	NA	NA	NA	NA	NA	NA	NA	NA	NA	NA
HGDP00901	NA	NA	10000	363171	36.3207	0.0224558	-101707	-107110	NA	NA	NA	NA	NA	NA	NA	NA	NA	NA
HGDP00902	NA	NA	10000	323070	32.3102	0.00688774	-85975.3	-87341.4	NA	NA	NA	NA	NA	NA	NA	NA	NA	NA
HGDP00904	NA	NA	10000	322410	32.2507	0.00021494	-82019.5	-127305	NA	NA	NA	NA	NA	NA	NA	NA	NA	NA
HGDP00905	NA	NA	10000	305702	30.5794	0.000322624	-79041.9	-101330	NA	NA	NA	NA	NA	NA	NA	NA	NA	NA
HGDP00906	NA	NA	10000	375500	37.5613	0.00619226	-97324.9	-103285	NA	NA	NA	NA	NA	NA	NA	NA	NA	NA
HGDP00909	NA	NA	10000	404680	40.4761	0.0115341	-106873	-114723	NA	NA	NA	NA	NA	NA	NA	NA	NA	NA
HGDP00912	NA	NA	10000	345421	34.549	0.00957631	-91236.5	-96226.2	NA	NA	NA	NA	NA	NA	NA	NA	NA	NA
HGDP00913	NA	NA	10000	305891	30.5922	0.00566466	-79336.6	-83146.5	NA	NA	NA	NA	NA	NA	NA	NA	NA	NA
HGDP00916	NA	NA	10000	318662	31.8694	0.000467373	-79840.5	-81326.8	NA	NA	NA	NA	NA	NA	NA	NA	NA	NA
HGDP00917	NA	NA	10000	307223	30.7254	0.00997671	-81966.1	-90234.5	NA	NA	NA	NA	NA	NA	NA	NA	NA	NA
HGDP00919	NA	NA	10000	324862	32.4862	0.000707268	-82387.4	-83100.1	NA	NA	NA	NA	NA	NA	NA	NA	NA	NA
HGDP00920	NA	NA	10000	302516	30.2546	0.000405439	-76627.2	-86262.8	NA	NA	NA	NA	NA	NA	NA	NA	NA	NA
HGDP00924	NA	NA	10000	299941	30.0031	0.000614188	-75893.3	-76640.8	NA	NA	NA	NA	NA	NA	NA	NA	NA	NA
HGDP00925	NA	NA	10000	297688	29.7748	0.000708229	-77410.1	-78518	NA	NA	NA	NA	NA	NA	NA	NA	NA	NA
HGDP00926	NA	NA	10000	279067	27.9095	0.00157137	-71792	-72131.5	NA	NA	NA	NA	NA	NA	NA	NA	NA	NA
HGDP00929	NA	NA	10000	324764	32.4829	0.000572176	-81171.8	-82874.4	NA	NA	NA	NA	NA	NA	NA	NA	NA	NA
HGDP00930	NA	NA	10000	664038	66.4171	0.00707157	-163214	-169183	NA	NA	NA	NA	NA	NA	NA	NA	NA	NA
HGDP00931	NA	NA	10000	343721	34.379	0.014919	-90638.6	-93551.1	NA	NA	NA	NA	NA	NA	NA	NA	NA	NA
HGDP00933	NA	NA	10000	297459	29.7578	0.00018247	-73712.4	-101903	NA	NA	NA	NA	NA	NA	NA	NA	NA	NA
HGDP00934	NA	NA	10000	337601	33.7635	0.000377297	-85933.2	-86409	NA	NA	NA	NA	NA	NA	NA	NA	NA	NA
HGDP00935	NA	NA	10000	342304	34.2372	0.0012296	-86259.9	-86760	NA	NA	NA	NA	NA	NA	NA	NA	NA	NA
HGDP00937	NA	NA	10000	311999	31.203	0.00101595	-80332.7	-80947.5	NA	NA	NA	NA	NA	NA	NA	NA	NA	NA
HGDP00938	NA	NA	10000	253309	25.3436	0.000169396	-66667.6	-148363	NA	NA	NA	NA	NA	NA	NA	NA	NA	NA
HGDP00945	NA	NA	10000	345455	34.549	0.00107136	-85239.4	-85729.1	NA	NA	NA	NA	NA	NA	NA	NA	NA	NA
HGDP00946	NA	NA	10000	323420	32.3517	0.0124633	-82108.8	-84563	NA	NA	NA	NA	NA	NA	NA	NA	NA	NA
HGDP00947	NA	NA	10000	341318	34.1318	0.000348794	-85406.7	-129236	NA	NA	NA	NA	NA	NA	NA	NA	NA	NA
HGDP00948	NA	NA	10000	334313	33.4346	0.000661897	-82388	-83362	NA	NA	NA	NA	NA	NA	NA	NA	NA	NA
HGDP00949	NA	NA	10000	288301	28.8359	0.0103514	-79933.7	-81800.1	NA	NA	NA	NA	NA	NA	NA	NA	NA	NA
HGDP00950	NA	NA	10000	261366	26.1418	0.00987562	-68854.3	-70386.6	NA	NA	NA	NA	NA	NA	NA	NA	NA	NA
HGDP00952	NA	NA	10000	263566	26.3592	0.0123411	-70544.2	-72455.5	NA	NA	NA	NA	NA	NA	NA	NA	NA	NA
HGDP00953	NA	NA	10000	281608	28.1664	0.0123561	-79786.3	-81800.5	NA	NA	NA	NA	NA	NA	NA	NA	NA	NA
HGDP00954	NA	NA	10000	326363	32.6396	0.0119816	-84069.7	-86564	NA	NA	NA	NA	NA	NA	NA	NA	NA	NA
HGDP00955	NA	NA	10000	289283	28.9341	0.0102729	-75049.1	-76710.2	NA	NA	NA	NA	NA	NA	NA	NA	NA	NA
HGDP00957	NA	NA	10000	365038	36.5038	0.0164549	-96589.1	-100410	NA	NA	NA	NA	NA	NA	NA	NA	NA	NA
HGDP00958	NA	NA	10000	419877	41.9961	0.0142261	-111411	-115183	NA	NA	NA	NA	NA	NA	NA	NA	NA	NA
HGDP00959	NA	NA	10000	271588	27.167	0.0088633	-68175.5	-69521.3	NA	NA	NA	NA	NA	NA	NA	NA	NA	NA
HGDP00960	NA	NA	10000	275952	27.6007	0.00877596	-70476.6	-71758.1	NA	NA	NA	NA	NA	NA	NA	NA	NA	NA
HGDP00961	NA	NA	10000	262849	26.2928	0.0124932	-70746.4	-72650.6	NA	NA	NA	NA	NA	NA	NA	NA	NA	NA
HGDP00962	NA	NA	10000	297734	29.7764	0.0103115	-77770.8	-79449	NA	NA	NA	NA	NA	NA	NA	NA	NA	NA
HGDP00963	NA	NA	10000	313779	31.3842	0.0127039	-81650	-84106.1	NA	NA	NA	NA	NA	NA	NA	NA	NA	NA
HGDP00964	NA	NA	10000	278762	27.8846	0.00997114	-73341.4	-74881.7	NA	NA	NA	NA	NA	NA	NA	NA	NA	NA
HGDP00965	NA	NA	10000	295560	29.5619	0.0118001	-77653.8	-79856.1	NA	NA	NA	NA	NA	NA	NA	NA	NA	NA
HGDP00966	NA	NA	10000	303790	30.382	0.0125358	-79073.7	-81451.1	NA	NA	NA	NA	NA	NA	NA	NA	NA	NA
HGDP00967	NA	NA	10000	292138	29.2167	0.0104878	-78221	-79963.1	NA	NA	NA	NA	NA	NA	NA	NA	NA	NA
HGDP00968	NA	NA	10000	233352	23.3399	0.00851137	-62632.6	-63635.5	NA	NA	NA	NA	NA	NA	NA	NA	NA	NA
HGDP00969	NA	NA	10000	275372	27.5372	0.0112924	-74418.7	-76192.6	NA	NA	NA	NA	NA	NA	NA	NA	NA	NA
HGDP00970	NA	NA	10000	342718	34.2752	0.00636764	-74451.4	-76463.3	NA	NA	NA	NA	NA	NA	NA	NA	NA	NA
HGDP00971	NA	NA	10000	298961	29.8991	0.010489	-78911.8	-80744	NA	NA	NA	NA	NA	NA	NA	NA	NA	NA
HGDP00972	NA	NA	10000	292379	29.2467	0.0279557	-79786.8	-85020.6	NA	NA	NA	NA	NA	NA	NA	NA	NA	NA
HGDP00973	NA	NA	10000	335410	33.5444	0.013538	-84335.3	-87095.8	NA	NA	NA	NA	NA	NA	NA	NA	NA	NA
HGDP00974	NA	NA	10000	328725	32.8791	0.011962	-83014.5	-85447.6	NA	NA	NA	NA	NA	NA	NA	NA	NA	NA
HGDP00975	NA	NA	10000	324084	32.4149	0.0112863	-81141.9	-83248.8	NA	NA	NA	NA	NA	NA	NA	NA	NA	NA
HGDP00976	NA	NA	10000	274400	27.4482	0.0191952	-73646	-76592.6	NA	NA	NA	NA	NA	NA	NA	NA	NA	NA
HGDP00977	NA	NA	10000	315980	31.598	0.00796081	-80396.8	-81881.7	NA	NA	NA	NA	NA	NA	NA	NA	NA	NA
HGDP00981	NA	NA	10000	271197	27.1251	0.000533632	-65594.2	-67510.2	NA	NA	NA	NA	NA	NA	NA	NA	NA	NA
HGDP00984	NA	NA	10000	354851	35.4957	0.000389607	-83204.1	-86477	NA	NA	NA	NA	NA	NA	NA	NA	NA	NA
HGDP00985	NA	NA	10000	304486	30.4608	0.000403725	-73036.4	-84997.3	NA	NA	NA	NA	NA	NA	NA	NA	NA	NA
HGDP00992	NA	NA	10000	347335	34.7474	0.000377964	-75973.1	-77446	NA	NA	NA	NA	NA	NA	NA	NA	NA	NA
HGDP00993	NA	NA	10000	329770	32.9803	0.000361095	-81433.6	-86555.8	NA	NA	NA	NA	NA	NA	NA	NA	NA	NA
HGDP00994	NA	NA	10000	311498	31.1591	0.000256211	-77431.4	-92092.4	NA	NA	NA	NA	NA	NA	NA	NA	NA	NA
HGDP00995	NA	NA	10000	440834	44.0834	0.00635365	-88792.9	-91126.9	NA	NA	NA	NA	NA	NA	NA	NA	NA	NA
HGDP00999	NA	NA	10000	350193	35.0193	0.00452023	-71499.4	-73432.9	NA	NA	NA	NA	NA	NA	NA	NA	NA	NA
HGDP01001	NA	NA	10000	309049	30.9142	0.00755721	-65408.9	-68021.4	NA	NA	NA	NA	NA	NA	NA	NA	NA	NA
HGDP01006	NA	NA	10000	390506	39.0584	0.00542436	-77530.8	-79360	NA	NA	NA	NA	NA	NA	NA	NA	NA	NA
HGDP01009	NA	NA	10000	355713	35.5713	0.000103032	-65440.6	-112172	NA	NA	NA	NA	NA	NA	NA	NA	NA	NA
HGDP01010	NA	NA	10000	373551	37.3588	0.00728786	-78960.8	-81369.2	NA	NA	NA	NA	NA	NA	NA	NA	NA	NA
HGDP01013	NA	NA	10000	356627	35.6663	8.09413e-05	-68650.6	-172748	NA	NA	NA	NA	NA	NA	NA	NA	NA	NA
HGDP01014	NA	NA	10000	342404	34.2404	0.00711586	-69162.2	-71599.1	NA	NA	NA	NA	NA	NA	NA	NA	NA	NA
HGDP01019	NA	NA	10000	356045	35.6152	0.00602014	-66869.9	-68912.2	NA	NA	NA	NA	NA	NA	NA	NA	NA	NA
HGDP01021	NA	NA	10000	302986	30.3016	0.0109678	-77569.3	-79485.8	NA	NA	NA	NA	NA	NA	NA	NA	NA	NA
HGDP01023	NA	NA	10000	311298	31.136	0.0122111	-81391.9	-83576.2	NA	NA	NA	NA	NA	NA	NA	NA	NA	NA
HGDP01024	NA	NA	10000	280539	28.0623	0.00752219	-72355.1	-73636.1	NA	NA	NA	NA	NA	NA	NA	NA	NA	NA
HGDP01027	NA	NA	10000	410769	41.0769	0.00795621	-95948.2	-99097.8	NA	NA	NA	NA	NA	NA	NA	NA	NA	NA
HGDP01031	NA	NA	10000	323224	32.3256	0.00018879	-82993.4	-187050	NA	NA	NA	NA	NA	NA	NA	NA	NA	NA
HGDP01033	NA	NA	10000	659383	65.9383	0.0057665	-166456	-174028	NA	NA	NA	NA	NA	NA	NA	NA	NA	NA
HGDP01037	NA	NA	10000	326499	32.6564	0.0001005	-69061.4	-97867.7	NA	NA	NA	NA	NA	NA	NA	NA	NA	NA
HGDP01041	NA	NA	10000	309380	30.9473	0.00662165	-70380.2	-72595.5	NA	NA	NA	NA	NA	NA	NA	NA	NA	NA
HGDP01043	NA	NA	10000	277562	27.759	0.000268781	-59320.2	-71304.2	NA	NA	NA	NA	NA	NA	NA	NA	NA	NA
HGDP01050	NA	NA	10000	316560	31.6592	0.000246773	-65031.5	-66215	NA	NA	NA	NA	NA	NA	NA	NA	NA	NA
HGDP01051	NA	NA	10000	363656	36.3765	0.00712995	-77393.7	-79401.2	NA	NA	NA	NA	NA	NA	NA	NA	NA	NA
HGDP01053	NA	NA	10000	339054	33.9122	0.00827094	-74725.5	-77240.6	NA	NA	NA	NA	NA	NA	NA	NA	NA	NA
HGDP01055	NA	NA	10000	344003	34.4037	0.00905811	-78313.6	-80767.4	NA	NA	NA	NA	NA	NA	NA	NA	NA	NA
HGDP01056	NA	NA	10000	343841	34.391	0.00539512	-71473.1	-73921.7	NA	NA	NA	NA	NA	NA	NA	NA	NA	NA
HGDP01057	NA	NA	10000	384523	38.4638	0.00612381	-83757.5	-86103.1	NA	NA	NA	NA	NA	NA	NA	NA	NA	NA
HGDP01058	NA	NA	10000	351520	35.1555	0.00591629	-72431.9	-74266.5	NA	NA	NA	NA	NA	NA	NA	NA	NA	NA
HGDP01059	NA	NA	10000	355116	35.5223	0.00467128	-78331.7	-80657.3	NA	NA	NA	NA	NA	NA	NA	NA	NA	NA
HGDP01060	NA	NA	10000	604462	60.4522	0.00862518	-136863	-140757	NA	NA	NA	NA	NA	NA	NA	NA	NA	NA
HGDP01062	NA	NA	10000	340015	34.0151	0.00648448	-86975.5	-88088.6	NA	NA	NA	NA	NA	NA	NA	NA	NA	NA
HGDP01063	NA	NA	10000	333694	33.3727	0.0110531	-88067.8	-90303.2	NA	NA	NA	NA	NA	NA	NA	NA	NA	NA
HGDP01064	NA	NA	10000	323661	32.3693	0.00786821	-85387.9	-86731.3	NA	NA	NA	NA	NA	NA	NA	NA	NA	NA
HGDP01065	NA	NA	10000	339884	33.9952	0.00760483	-89113.7	-90483.9	NA	NA	NA	NA	NA	NA	NA	NA	NA	NA
HGDP01066	NA	NA	10000	325495	32.5528	0.00585367	-85238	-86184.4	NA	NA	NA	NA	NA	NA	NA	NA	NA	NA
HGDP01067	NA	NA	10000	363792	36.3901	0.00876711	-94287.5	-96033.3	NA	NA	NA	NA	NA	NA	NA	NA	NA	NA
HGDP01068	NA	NA	10000	389572	38.9611	0.00953181	-103974	-105921	NA	NA	NA	NA	NA	NA	NA	NA	NA	NA
HGDP01069	NA	NA	10000	343901	34.3935	0.00711668	-89046.7	-90293.6	NA	NA	NA	NA	NA	NA	NA	NA	NA	NA
HGDP01070	NA	NA	10000	393810	39.3849	0.0104742	-101151	-103469	NA	NA	NA	NA	NA	NA	NA	NA	NA	NA
HGDP01071	NA	NA	10000	453817	45.3862	0.00993162	-116066	-118723	NA	NA	NA	NA	NA	NA	NA	NA	NA	NA
HGDP01072	NA	NA	10000	463679	46.3818	0.00481528	-119637	-120686	NA	NA	NA	NA	NA	NA	NA	NA	NA	NA
HGDP01073	NA	NA	10000	390089	39.0167	0.0059058	-101659	-102904	NA	NA	NA	NA	NA	NA	NA	NA	NA	NA
HGDP01074	NA	NA	10000	339889	34.0025	0.00492913	-89160	-89961.7	NA	NA	NA	NA	NA	NA	NA	NA	NA	NA
HGDP01075	NA	NA	10000	375819	37.5819	0.00947902	-97268.4	-99297.5	NA	NA	NA	NA	NA	NA	NA	NA	NA	NA
HGDP01077	NA	NA	10000	344572	34.4641	0.0116923	-90470.3	-92761.2	NA	NA	NA	NA	NA	NA	NA	NA	NA	NA
HGDP01086	NA	NA	10000	355904	35.6046	0.000312111	-85635.3	-99126.6	NA	NA	NA	NA	NA	NA	NA	NA	NA	NA
HGDP01087	NA	NA	10000	304819	30.491	0.000443857	-73011.4	-82666.1	NA	NA	NA	NA	NA	NA	NA	NA	NA	NA
HGDP01092	NA	NA	10000	342793	34.2862	0.000432008	-85163.9	-86696.9	NA	NA	NA	NA	NA	NA	NA	NA	NA	NA
HGDP01099	NA	NA	10000	345941	34.6045	0.00514839	-86642.8	-87670.6	NA	NA	NA	NA	NA	NA	NA	NA	NA	NA
HGDP01100	NA	NA	10000	330085	33.0118	0.0105165	-83958.6	-85903.9	NA	NA	NA	NA	NA	NA	NA	NA	NA	NA
HGDP01101	NA	NA	10000	344516	34.4585	0.00965399	-86431	-88388.2	NA	NA	NA	NA	NA	NA	NA	NA	NA	NA
HGDP01102	NA	NA	10000	319376	31.9376	0.0123113	-83154	-85407.4	NA	NA	NA	NA	NA	NA	NA	NA	NA	NA
HGDP01103	NA	NA	10000	359879	35.9915	0.00940227	-92825.8	-94762.4	NA	NA	NA	NA	NA	NA	NA	NA	NA	NA
HGDP01104	NA	NA	10000	345008	34.5146	0.0143107	-88262.1	-91057.7	NA	NA	NA	NA	NA	NA	NA	NA	NA	NA
HGDP01149	NA	NA	10000	356327	35.6327	0.0091675	-90080	-92032.2	NA	NA	NA	NA	NA	NA	NA	NA	NA	NA
HGDP01151	NA	NA	10000	346599	34.6668	0.00904195	-94380.3	-96007.7	NA	NA	NA	NA	NA	NA	NA	NA	NA	NA
HGDP01152	NA	NA	10000	290399	29.0486	0.00861411	-79912.5	-81252.6	NA	NA	NA	NA	NA	NA	NA	NA	NA	NA
HGDP01155	NA	NA	10000	342103	34.2206	0.00645556	-90478.5	-91566.5	NA	NA	NA	NA	NA	NA	NA	NA	NA	NA
HGDP01156	NA	NA	10000	333233	33.3233	0.00915815	-90603.1	-92226.2	NA	NA	NA	NA	NA	NA	NA	NA	NA	NA
HGDP01157	NA	NA	10000	364411	36.4411	0.00621261	-95116.2	-96290.1	NA	NA	NA	NA	NA	NA	NA	NA	NA	NA
HGDP01161	NA	NA	10000	290111	29.0169	0.0092571	-78353.1	-79844	NA	NA	NA	NA	NA	NA	NA	NA	NA	NA
HGDP01162	NA	NA	10000	546602	54.6657	0.00682343	-139783	-141676	NA	NA	NA	NA	NA	NA	NA	NA	NA	NA
HGDP01164	NA	NA	10000	319659	31.9691	0.0137738	-86703.7	-89371.7	NA	NA	NA	NA	NA	NA	NA	NA	NA	NA
HGDP01166	NA	NA	10000	365698	36.5771	0.00694629	-95263	-96549.6	NA	NA	NA	NA	NA	NA	NA	NA	NA	NA
HGDP01167	NA	NA	10000	356423	35.6459	0.00508748	-95880.9	-96849	NA	NA	NA	NA	NA	NA	NA	NA	NA	NA
HGDP01169	NA	NA	10000	362368	36.2404	0.00754188	-95605.6	-96988.2	NA	NA	NA	NA	NA	NA	NA	NA	NA	NA
HGDP01171	NA	NA	10000	314327	31.439	0.00398369	-80797.1	-81378.2	NA	NA	NA	NA	NA	NA	NA	NA	NA	NA
HGDP01173	NA	NA	10000	317832	31.7896	0.0109153	-86255.2	-88224.5	NA	NA	NA	NA	NA	NA	NA	NA	NA	NA
HGDP01174	NA	NA	10000	353061	35.3061	0.00694174	-91847	-93259.1	NA	NA	NA	NA	NA	NA	NA	NA	NA	NA
HGDP01177	NA	NA	10000	351713	35.1783	0.00786679	-92155	-93572.1	NA	NA	NA	NA	NA	NA	NA	NA	NA	NA
HGDP01180	NA	NA	10000	307911	30.7942	0.0106889	-78088.2	-80018.8	NA	NA	NA	NA	NA	NA	NA	NA	NA	NA
HGDP01181	NA	NA	10000	300669	30.0669	0.0132355	-77497.7	-79763.7	NA	NA	NA	NA	NA	NA	NA	NA	NA	NA
HGDP01182	NA	NA	10000	330343	33.0409	0.015343	-83944.8	-87149.8	NA	NA	NA	NA	NA	NA	NA	NA	NA	NA
HGDP01183	NA	NA	10000	316782	31.6845	0.00954824	-81659.7	-83395.4	NA	NA	NA	NA	NA	NA	NA	NA	NA	NA
HGDP01184	NA	NA	10000	263483	26.3562	0.0084016	-66726.6	-67911.7	NA	NA	NA	NA	NA	NA	NA	NA	NA	NA
HGDP01185	NA	NA	10000	320239	32.0335	0.00999511	-84469.2	-86235.6	NA	NA	NA	NA	NA	NA	NA	NA	NA	NA
HGDP01186	NA	NA	10000	291052	29.1139	0.00973965	-76687.4	-78342.5	NA	NA	NA	NA	NA	NA	NA	NA	NA	NA
HGDP01187	NA	NA	10000	307339	30.737	0.0107619	-79583.1	-81499.2	NA	NA	NA	NA	NA	NA	NA	NA	NA	NA
HGDP01193	NA	NA	10000	322811	32.2843	0.00946052	-82710.6	-84392.5	NA	NA	NA	NA	NA	NA	NA	NA	NA	NA
HGDP01194	NA	NA	10000	324662	32.4694	0.0138732	-83490.9	-86068.6	NA	NA	NA	NA	NA	NA	NA	NA	NA	NA
HGDP01195	NA	NA	10000	302195	30.2255	0.0209577	-80604.8	-84507	NA	NA	NA	NA	NA	NA	NA	NA	NA	NA
HGDP01196	NA	NA	10000	320845	32.0909	0.0104354	-83827.9	-85789.4	NA	NA	NA	NA	NA	NA	NA	NA	NA	NA
HGDP01197	NA	NA	10000	302090	30.2181	0.008552	-78383.3	-79835	NA	NA	NA	NA	NA	NA	NA	NA	NA	NA
HGDP01200	NA	NA	10000	311438	31.15	0.000969059	-81163.8	-81235.4	NA	NA	NA	NA	NA	NA	NA	NA	NA	NA
HGDP01201	NA	NA	10000	279792	27.9848	0.00132763	-73167.4	-74424.7	NA	NA	NA	NA	NA	NA	NA	NA	NA	NA
HGDP01204	NA	NA	10000	343579	34.3648	0.0111988	-89263.9	-91446	NA	NA	NA	NA	NA	NA	NA	NA	NA	NA
HGDP01205	NA	NA	10000	294207	29.4266	0.00874504	-76666	-78190.3	NA	NA	NA	NA	NA	NA	NA	NA	NA	NA
HGDP01206	NA	NA	10000	337599	33.7667	0.0102047	-87015.8	-89143.5	NA	NA	NA	NA	NA	NA	NA	NA	NA	NA
HGDP01207	NA	NA	10000	281484	28.1484	0.0176658	-74372.9	-77455.9	NA	NA	NA	NA	NA	NA	NA	NA	NA	NA
HGDP01208	NA	NA	10000	294679	29.4767	0.00812366	-75939.2	-77236.8	NA	NA	NA	NA	NA	NA	NA	NA	NA	NA
HGDP01209	NA	NA	10000	521424	52.158	0.0112003	-128446	-131911	NA	NA	NA	NA	NA	NA	NA	NA	NA	NA
HGDP01212	NA	NA	10000	276655	27.6683	0.0108095	-72858.8	-74715.5	NA	NA	NA	NA	NA	NA	NA	NA	NA	NA
HGDP01217	NA	NA	10000	356323	35.6359	8.26768e-05	-87251.1	-91972.9	NA	NA	NA	NA	NA	NA	NA	NA	NA	NA
HGDP01218	NA	NA	10000	286031	28.6031	0.0153655	-74120.7	-76889.8	NA	NA	NA	NA	NA	NA	NA	NA	NA	NA
HGDP01219	NA	NA	10000	306022	30.6053	0.336252	-114494	-128591	NA	NA	NA	NA	NA	NA	NA	NA	NA	NA
HGDP01220	NA	NA	10000	290883	29.0912	0.00841018	-76278	-77579.9	NA	NA	NA	NA	NA	NA	NA	NA	NA	NA
HGDP01221	NA	NA	10000	298412	29.8531	0.0101675	-78365.7	-80113.4	NA	NA	NA	NA	NA	NA	NA	NA	NA	NA
HGDP01222	NA	NA	10000	290131	29.0131	0.0114855	-75914.1	-77856.9	NA	NA	NA	NA	NA	NA	NA	NA	NA	NA
HGDP01227	NA	NA	10000	307022	30.7083	0.00993547	-84322.1	-85913	NA	NA	NA	NA	NA	NA	NA	NA	NA	NA
HGDP01229	NA	NA	10000	313921	31.3984	0.0102217	-83084.2	-84841	NA	NA	NA	NA	NA	NA	NA	NA	NA	NA
HGDP01230	NA	NA	10000	335796	33.583	0.0103379	-87922	-89873.4	NA	NA	NA	NA	NA	NA	NA	NA	NA	NA
HGDP01231	NA	NA	10000	285999	28.6028	0.00810564	-75385	-76543.5	NA	NA	NA	NA	NA	NA	NA	NA	NA	NA
HGDP01232	NA	NA	10000	324820	32.4885	0.0119719	-85128.4	-87533.2	NA	NA	NA	NA	NA	NA	NA	NA	NA	NA
HGDP01233	NA	NA	10000	304839	30.4869	0.0121341	-78902.8	-81065.2	NA	NA	NA	NA	NA	NA	NA	NA	NA	NA
HGDP01234	NA	NA	10000	349957	35.0027	0.0083067	-87065.1	-88707.7	NA	NA	NA	NA	NA	NA	NA	NA	NA	NA
HGDP01236	NA	NA	10000	297649	29.7679	0.00870159	-78223.1	-79725.4	NA	NA	NA	NA	NA	NA	NA	NA	NA	NA
HGDP01237	NA	NA	10000	358427	35.8499	0.0110152	-91439	-93725.4	NA	NA	NA	NA	NA	NA	NA	NA	NA	NA
HGDP01238	NA	NA	10000	287884	28.7913	0.0136217	-74997.8	-77218.8	NA	NA	NA	NA	NA	NA	NA	NA	NA	NA
HGDP01239	NA	NA	10000	292511	29.254	0.0106429	-76720.3	-78555.1	NA	NA	NA	NA	NA	NA	NA	NA	NA	NA
HGDP01241	NA	NA	10000	305050	30.5081	0.0102894	-79529.5	-81179.2	NA	NA	NA	NA	NA	NA	NA	NA	NA	NA
HGDP01247	NA	NA	10000	319704	31.9736	0.0141349	-85888.5	-88521.3	NA	NA	NA	NA	NA	NA	NA	NA	NA	NA
HGDP01248	NA	NA	10000	360157	36.0157	0.00988252	-94703.7	-96645.1	NA	NA	NA	NA	NA	NA	NA	NA	NA	NA
HGDP01249	NA	NA	10000	307407	30.7438	0.00915014	-78345.6	-79839.7	NA	NA	NA	NA	NA	NA	NA	NA	NA	NA
HGDP01251	NA	NA	10000	300397	30.0427	0.0122787	-78826.1	-81064.8	NA	NA	NA	NA	NA	NA	NA	NA	NA	NA
HGDP01254	NA	NA	10000	340332	34.0366	0.00884066	-92287.3	-94031.4	NA	NA	NA	NA	NA	NA	NA	NA	NA	NA
HGDP01255	NA	NA	10000	318417	31.8449	0.000361053	-88716.2	-98456.3	NA	NA	NA	NA	NA	NA	NA	NA	NA	NA
HGDP01256	NA	NA	10000	273755	27.3782	0.00020333	-76465.1	-80153.2	NA	NA	NA	NA	NA	NA	NA	NA	NA	NA
HGDP01257	NA	NA	10000	278586	27.8642	0.000141237	-75152.1	-91286	NA	NA	NA	NA	NA	NA	NA	NA	NA	NA
HGDP01258	NA	NA	10000	319298	31.9362	0.00583975	-86410.1	-88431.4	NA	NA	NA	NA	NA	NA	NA	NA	NA	NA
HGDP01259	NA	NA	10000	360113	36.0185	0.00908486	-99272	-101171	NA	NA	NA	NA	NA	NA	NA	NA	NA	NA
HGDP01260	NA	NA	10000	300949	30.1009	0.0130836	-81601.9	-84287	NA	NA	NA	NA	NA	NA	NA	NA	NA	NA
HGDP01261	NA	NA	10000	322821	32.2918	0.00679569	-89118	-90629.4	NA	NA	NA	NA	NA	NA	NA	NA	NA	NA
HGDP01262	NA	NA	10000	343819	34.3888	0.0060197	-96121.6	-97934.4	NA	NA	NA	NA	NA	NA	NA	NA	NA	NA
HGDP01263	NA	NA	10000	373756	37.3831	0.00652645	-103198	-105517	NA	NA	NA	NA	NA	NA	NA	NA	NA	NA
HGDP01264	NA	NA	10000	317868	31.7963	0.00550574	-87771.3	-88781.4	NA	NA	NA	NA	NA	NA	NA	NA	NA	NA
HGDP01265	NA	NA	10000	311274	31.1336	0.00792947	-83474.4	-84964.8	NA	NA	NA	NA	NA	NA	NA	NA	NA	NA
HGDP01266	NA	NA	10000	342733	34.2767	0.00782712	-94636.7	-96179.3	NA	NA	NA	NA	NA	NA	NA	NA	NA	NA
HGDP01267	NA	NA	10000	331797	33.1863	0.00874758	-90033.8	-91753.4	NA	NA	NA	NA	NA	NA	NA	NA	NA	NA
HGDP01268	NA	NA	10000	312229	31.2354	0.00706888	-87097.4	-88327.6	NA	NA	NA	NA	NA	NA	NA	NA	NA	NA
HGDP01269	NA	NA	10000	315175	31.5238	0.0067611	-84589.4	-85793.7	NA	NA	NA	NA	NA	NA	NA	NA	NA	NA
HGDP01270	NA	NA	10000	305084	30.5145	0.0114085	-88871.8	-92305.6	NA	NA	NA	NA	NA	NA	NA	NA	NA	NA
HGDP01271	NA	NA	10000	418375	41.8417	0.00582836	-110936	-114124	NA	NA	NA	NA	NA	NA	NA	NA	NA	NA
HGDP01272	NA	NA	10000	328472	32.8571	0.00764287	-88129	-90803	NA	NA	NA	NA	NA	NA	NA	NA	NA	NA
HGDP01273	NA	NA	10000	320560	32.0624	0.00909847	-88258.8	-90972.7	NA	NA	NA	NA	NA	NA	NA	NA	NA	NA
HGDP01275	NA	NA	10000	395391	39.5431	0.00613326	-104249	-106584	NA	NA	NA	NA	NA	NA	NA	NA	NA	NA
HGDP01276	NA	NA	10000	405253	40.5334	0.00771546	-109870	-112847	NA	NA	NA	NA	NA	NA	NA	NA	NA	NA
HGDP01277	NA	NA	10000	381849	38.1887	0.00621252	-98251.7	-100843	NA	NA	NA	NA	NA	NA	NA	NA	NA	NA
HGDP01279	NA	NA	10000	353327	35.3362	0.00555484	-95237	-97640.9	NA	NA	NA	NA	NA	NA	NA	NA	NA	NA
HGDP01280	NA	NA	10000	382113	38.2189	0.0103772	-103204	-106469	NA	NA	NA	NA	NA	NA	NA	NA	NA	NA
HGDP01282	NA	NA	10000	391023	39.1062	0.00828809	-108409	-111477	NA	NA	NA	NA	NA	NA	NA	NA	NA	NA
HGDP01283	NA	NA	10000	344656	34.469	6.39031e-05	-89352.3	-139351	NA	NA	NA	NA	NA	NA	NA	NA	NA	NA
HGDP01285	NA	NA	10000	344394	34.4428	0.000176883	-88600	-95922.3	NA	NA	NA	NA	NA	NA	NA	NA	NA	NA
HGDP01287	NA	NA	10000	313549	31.358	0.0110344	-81271.5	-83219.5	NA	NA	NA	NA	NA	NA	NA	NA	NA	NA
HGDP01288	NA	NA	10000	334870	33.4903	0.010332	-84158.5	-86265.4	NA	NA	NA	NA	NA	NA	NA	NA	NA	NA
HGDP01289	NA	NA	10000	313753	31.3816	0.0105358	-82059.3	-83810.8	NA	NA	NA	NA	NA	NA	NA	NA	NA	NA
HGDP01290	NA	NA	10000	291229	29.1287	0.0173077	-75505.8	-78489.1	NA	NA	NA	NA	NA	NA	NA	NA	NA	NA
HGDP01291	NA	NA	10000	366124	36.6161	0.00946001	-91687.2	-93632.7	NA	NA	NA	NA	NA	NA	NA	NA	NA	NA
HGDP01292	NA	NA	10000	303156	30.3186	0.0162804	-79250.9	-82173.3	NA	NA	NA	NA	NA	NA	NA	NA	NA	NA
HGDP01293	NA	NA	10000	305780	30.5872	0.01303	-79047.7	-81433.9	NA	NA	NA	NA	NA	NA	NA	NA	NA	NA
HGDP01294	NA	NA	10000	329771	32.987	0.00747692	-83879.2	-85251.4	NA	NA	NA	NA	NA	NA	NA	NA	NA	NA
HGDP01295	NA	NA	10000	327408	32.7473	0.0105362	-83443	-85490.5	NA	NA	NA	NA	NA	NA	NA	NA	NA	NA
HGDP01296	NA	NA	10000	302745	30.2866	0.0100381	-78834.8	-80710	NA	NA	NA	NA	NA	NA	NA	NA	NA	NA
HGDP01298	NA	NA	10000	315481	31.5544	0.00097366	-85699.1	-87400.8	NA	NA	NA	NA	NA	NA	NA	NA	NA	NA
HGDP01301	NA	NA	10000	299449	29.9509	0.0121186	-85485.6	-88004.8	NA	NA	NA	NA	NA	NA	NA	NA	NA	NA
HGDP01302	NA	NA	10000	354071	35.4106	0.00550346	-92805.1	-94258.8	NA	NA	NA	NA	NA	NA	NA	NA	NA	NA
HGDP01303	NA	NA	10000	267416	26.7469	0.0104865	-75979.9	-77700.8	NA	NA	NA	NA	NA	NA	NA	NA	NA	NA
HGDP01304	NA	NA	10000	305600	30.5661	0.0113433	-85930.5	-88172.8	NA	NA	NA	NA	NA	NA	NA	NA	NA	NA
HGDP01305	NA	NA	10000	293761	29.3849	0.00881509	-79776.6	-81234.3	NA	NA	NA	NA	NA	NA	NA	NA	NA	NA
HGDP01309	NA	NA	10000	315419	31.5482	0.00541437	-80637.7	-83118.3	NA	NA	NA	NA	NA	NA	NA	NA	NA	NA
HGDP01310	NA	NA	10000	322209	32.2273	0.0113953	-80187.9	-82179.2	NA	NA	NA	NA	NA	NA	NA	NA	NA	NA
HGDP01311	NA	NA	10000	289437	28.9466	0.0198204	-75812.2	-79386.4	NA	NA	NA	NA	NA	NA	NA	NA	NA	NA
HGDP01313	NA	NA	10000	307880	30.788	0.00912711	-77331	-78862.9	NA	NA	NA	NA	NA	NA	NA	NA	NA	NA
HGDP01316	NA	NA	10000	387766	38.7805	0.00926054	-96809.6	-98723.4	NA	NA	NA	NA	NA	NA	NA	NA	NA	NA
HGDP01317	NA	NA	10000	294635	29.4664	0.00898141	-77417.7	-78837.1	NA	NA	NA	NA	NA	NA	NA	NA	NA	NA
HGDP01318	NA	NA	10000	311547	31.1672	0.0087264	-78044.3	-79535.7	NA	NA	NA	NA	NA	NA	NA	NA	NA	NA
HGDP01319	NA	NA	10000	339038	33.9038	0.0137802	-87529.9	-90329.7	NA	NA	NA	NA	NA	NA	NA	NA	NA	NA
HGDP01321	NA	NA	10000	325252	32.5252	0.0089565	-82573.4	-84189.5	NA	NA	NA	NA	NA	NA	NA	NA	NA	NA
HGDP01322	NA	NA	10000	341224	34.1258	0.0101453	-83959.5	-85970.1	NA	NA	NA	NA	NA	NA	NA	NA	NA	NA
HGDP01326	NA	NA	10000	322344	32.2376	0.017352	-85785	-89136.9	NA	NA	NA	NA	NA	NA	NA	NA	NA	NA
HGDP01327	NA	NA	10000	318973	31.9037	0.0101759	-80843.8	-82902.9	NA	NA	NA	NA	NA	NA	NA	NA	NA	NA
HGDP01328	NA	NA	10000	341594	34.1628	0.0174491	-90192.1	-93780.8	NA	NA	NA	NA	NA	NA	NA	NA	NA	NA
HGDP01329	NA	NA	10000	465811	46.5858	0.0171832	-119040	-124051	NA	NA	NA	NA	NA	NA	NA	NA	NA	NA
HGDP01330	NA	NA	10000	288172	28.8201	0.00706737	-73188.9	-74703.3	NA	NA	NA	NA	NA	NA	NA	NA	NA	NA
HGDP01331	NA	NA	10000	299532	29.9532	0.00782733	-73982.9	-75375.6	NA	NA	NA	NA	NA	NA	NA	NA	NA	NA
HGDP01332	NA	NA	10000	305023	30.5084	0.00999335	-78915.2	-80576.1	NA	NA	NA	NA	NA	NA	NA	NA	NA	NA
HGDP01334	NA	NA	10000	339940	34.0008	0.00764508	-84137	-85629.4	NA	NA	NA	NA	NA	NA	NA	NA	NA	NA
HGDP01336	NA	NA	10000	337323	33.739	0.0127278	-86986.2	-89426.7	NA	NA	NA	NA	NA	NA	NA	NA	NA	NA
HGDP01337	NA	NA	10000	304105	30.4196	0.00746104	-76454	-77722	NA	NA	NA	NA	NA	NA	NA	NA	NA	NA
HGDP01339	NA	NA	10000	305160	30.5191	0.00593505	-78224.1	-80573	NA	NA	NA	NA	NA	NA	NA	NA	NA	NA
HGDP01340	NA	NA	10000	295350	29.5409	0.00877123	-76379	-77771.1	NA	NA	NA	NA	NA	NA	NA	NA	NA	NA
HGDP01341	NA	NA	10000	306895	30.6926	0.00911883	-78401.2	-80005.8	NA	NA	NA	NA	NA	NA	NA	NA	NA	NA
HGDP01342	NA	NA	10000	323427	32.3556	0.00964661	-81494.9	-83260.8	NA	NA	NA	NA	NA	NA	NA	NA	NA	NA
HGDP01346	NA	NA	10000	333841	33.3941	0.0125886	-87202.9	-89865	NA	NA	NA	NA	NA	NA	NA	NA	NA	NA
HGDP01347	NA	NA	10000	290060	29.0089	0.0174503	-77653.8	-80644.7	NA	NA	NA	NA	NA	NA	NA	NA	NA	NA
HGDP01348	NA	NA	10000	324681	32.4746	0.00751644	-83504.2	-85159.4	NA	NA	NA	NA	NA	NA	NA	NA	NA	NA
HGDP01349	NA	NA	10000	330824	33.0857	0.00711668	-85095.6	-86470.2	NA	NA	NA	NA	NA	NA	NA	NA	NA	NA
HGDP01351	NA	NA	10000	308640	30.8733	0.0101599	-79257.4	-80988.9	NA	NA	NA	NA	NA	NA	NA	NA	NA	NA
HGDP01352	NA	NA	10000	325870	32.6	0.00925555	-82412.3	-84085.4	NA	NA	NA	NA	NA	NA	NA	NA	NA	NA
HGDP01353	NA	NA	10000	353638	35.3709	0.010322	-91499.4	-93668.3	NA	NA	NA	NA	NA	NA	NA	NA	NA	NA
HGDP01354	NA	NA	10000	339838	33.9838	0.00971182	-88277.4	-90095.6	NA	NA	NA	NA	NA	NA	NA	NA	NA	NA
HGDP01356	NA	NA	10000	312523	31.2586	0.00935309	-83730.7	-85381.1	NA	NA	NA	NA	NA	NA	NA	NA	NA	NA
HGDP01357	NA	NA	10000	320400	32.0496	0.00804902	-84427.8	-85800	NA	NA	NA	NA	NA	NA	NA	NA	NA	NA
HGDP01358	NA	NA	10000	339964	33.9998	0.00868299	-86955.9	-88720.5	NA	NA	NA	NA	NA	NA	NA	NA	NA	NA
HGDP01359	NA	NA	10000	357825	35.7861	0.0119867	-95098.3	-97736.9	NA	NA	NA	NA	NA	NA	NA	NA	NA	NA
HGDP01360	NA	NA	10000	352348	35.2418	0.00995614	-93938.2	-95951.3	NA	NA	NA	NA	NA	NA	NA	NA	NA	NA
HGDP01361	NA	NA	10000	327708	32.7741	0.00906501	-88079.8	-89736.9	NA	NA	NA	NA	NA	NA	NA	NA	NA	NA
HGDP01362	NA	NA	10000	309144	30.9175	0.0115185	-84258.1	-86349.4	NA	NA	NA	NA	NA	NA	NA	NA	NA	NA
HGDP01363	NA	NA	10000	321693	32.1725	0.0157668	-87705.6	-90863.3	NA	NA	NA	NA	NA	NA	NA	NA	NA	NA
HGDP01366	NA	NA	10000	354144	35.4179	0.00700021	-93859.9	-95141	NA	NA	NA	NA	NA	NA	NA	NA	NA	NA
HGDP01367	NA	NA	10000	283825	28.3882	0.0118279	-76370.9	-78355.9	NA	NA	NA	NA	NA	NA	NA	NA	NA	NA
HGDP01368	NA	NA	10000	356067	35.6103	0.00673063	-90712.7	-91986	NA	NA	NA	NA	NA	NA	NA	NA	NA	NA
HGDP01369	NA	NA	10000	342394	34.2462	0.0092364	-91710.2	-93444	NA	NA	NA	NA	NA	NA	NA	NA	NA	NA
HGDP01370	NA	NA	10000	336261	33.6328	0.00893169	-89954.1	-91698.1	NA	NA	NA	NA	NA	NA	NA	NA	NA	NA
HGDP01371	NA	NA	10000	316324	31.6356	0.102757	-101906	-118440	NA	NA	NA	NA	NA	NA	NA	NA	NA	NA
HGDP01372	NA	NA	10000	347414	34.7483	0.00935284	-87259.2	-89067.8	NA	NA	NA	NA	NA	NA	NA	NA	NA	NA
HGDP01373	NA	NA	10000	271916	27.1916	0.0117546	-74785	-76595	NA	NA	NA	NA	NA	NA	NA	NA	NA	NA
HGDP01374	NA	NA	10000	282787	28.2815	0.00744521	-73962.8	-75038.6	NA	NA	NA	NA	NA	NA	NA	NA	NA	NA
HGDP01375	NA	NA	10000	356970	35.7041	0.00989128	-95124.8	-97176.8	NA	NA	NA	NA	NA	NA	NA	NA	NA	NA
HGDP01376	NA	NA	10000	349044	34.9079	0.00638947	-90521.4	-91668.4	NA	NA	NA	NA	NA	NA	NA	NA	NA	NA
HGDP01377	NA	NA	10000	346135	34.617	0.00954727	-90624.5	-92451.9	NA	NA	NA	NA	NA	NA	NA	NA	NA	NA
HGDP01378	NA	NA	10000	316210	31.6242	0.0111273	-84231.9	-86306.2	NA	NA	NA	NA	NA	NA	NA	NA	NA	NA
HGDP01379	NA	NA	10000	325793	32.5858	0.00733488	-85797.5	-87058.1	NA	NA	NA	NA	NA	NA	NA	NA	NA	NA
HGDP01380	NA	NA	10000	343270	34.3339	0.0227103	-91850.7	-97149	NA	NA	NA	NA	NA	NA	NA	NA	NA	NA
HGDP01381	NA	NA	10000	317295	31.7295	0.0144671	-89469.3	-92174.4	NA	NA	NA	NA	NA	NA	NA	NA	NA	NA
HGDP01382	NA	NA	10000	319437	31.9533	0.0126533	-88031.4	-90380.4	NA	NA	NA	NA	NA	NA	NA	NA	NA	NA
HGDP01383	NA	NA	10000	309888	30.995	0.000349257	-81240.4	-81947.2	NA	NA	NA	NA	NA	NA	NA	NA	NA	NA
HGDP01384	NA	NA	10000	291033	29.1062	0.0106917	-78813.7	-80678.2	NA	NA	NA	NA	NA	NA	NA	NA	NA	NA
HGDP01385	NA	NA	10000	324869	32.4901	0.000223399	-85799.7	-104013	NA	NA	NA	NA	NA	NA	NA	NA	NA	NA
HGDP01386	NA	NA	10000	317079	31.7142	0.0105319	-86078.9	-88092.9	NA	NA	NA	NA	NA	NA	NA	NA	NA	NA
HGDP01387	NA	NA	10000	322847	32.2847	0.0144961	-88133.8	-91044	NA	NA	NA	NA	NA	NA	NA	NA	NA	NA
HGDP01388	NA	NA	10000	250191	25.0241	0.0151157	-74133.4	-76191.8	NA	NA	NA	NA	NA	NA	NA	NA	NA	NA
HGDP01396	NA	NA	10000	294755	29.4784	0.000145265	-77730.9	-120299	NA	NA	NA	NA	NA	NA	NA	NA	NA	NA
HGDP01397	NA	NA	10000	344981	34.5085	0.00977079	-92943.1	-94823.2	NA	NA	NA	NA	NA	NA	NA	NA	NA	NA
HGDP01398	NA	NA	10000	327814	32.7847	0.0168093	-90866.5	-94301.7	NA	NA	NA	NA	NA	NA	NA	NA	NA	NA
HGDP01399	NA	NA	10000	323608	32.3673	0.0126617	-89797.3	-92214.2	NA	NA	NA	NA	NA	NA	NA	NA	NA	NA
HGDP01400	NA	NA	10000	309988	31.0019	0.0135637	-87234.5	-89634.4	NA	NA	NA	NA	NA	NA	NA	NA	NA	NA
HGDP01403	NA	NA	10000	319880	31.9912	0.0124915	-89774.3	-92185.6	NA	NA	NA	NA	NA	NA	NA	NA	NA	NA
HGDP01404	NA	NA	10000	299829	29.9859	0.0187476	-86220.8	-89926.4	NA	NA	NA	NA	NA	NA	NA	NA	NA	NA
HGDP01405	NA	NA	10000	324621	32.4718	0.000411477	-82901.3	-84258.7	NA	NA	NA	NA	NA	NA	NA	NA	NA	NA
HGDP01406	NA	NA	10000	316065	31.6128	0.000519514	-80815.7	-81356.9	NA	NA	NA	NA	NA	NA	NA	NA	NA	NA
HGDP01408	NA	NA	10000	317798	31.7798	0.00147975	-81611	-82039.5	NA	NA	NA	NA	NA	NA	NA	NA	NA	NA
HGDP01411	NA	NA	10000	327101	32.7134	0.000529332	-83513.4	-90208.6	NA	NA	NA	NA	NA	NA	NA	NA	NA	NA
HGDP01412	NA	NA	10000	306552	30.6644	0.000436289	-78090.9	-78973.5	NA	NA	NA	NA	NA	NA	NA	NA	NA	NA
HGDP01415	NA	NA	10000	301929	30.1989	0.00044913	-78763.4	-79359.1	NA	NA	NA	NA	NA	NA	NA	NA	NA	NA
HGDP01416	NA	NA	10000	313984	31.4015	0.000283024	-84136.2	-111707	NA	NA	NA	NA	NA	NA	NA	NA	NA	NA
HGDP01418	NA	NA	10000	312077	31.2108	0.00154457	-79351.3	-80520.2	NA	NA	NA	NA	NA	NA	NA	NA	NA	NA
HGDP01419	NA	NA	10000	301628	30.1658	0.000440801	-77322.7	-79732.2	NA	NA	NA	NA	NA	NA	NA	NA	NA	NA
HK100C	NA	NA	10000	272210	27.2237	0.00026398	-67204.6	-69655	NA	NA	NA	NA	NA	NA	NA	NA	NA	NA
HK102C	NA	NA	10000	289689	28.9718	0.000134877	-71058.1	-138968	NA	NA	NA	NA	NA	NA	NA	NA	NA	NA
HK105C	NA	NA	10000	287084	28.7084	4.24812e-05	-71866.4	-141628	NA	NA	NA	NA	NA	NA	NA	NA	NA	NA
HK106C	NA	NA	10000	268712	26.8766	4.50855e-08	-66235.6	-113760	NA	NA	NA	NA	NA	NA	NA	NA	NA	NA
HK107C	NA	NA	10000	281724	28.178	4.02839e-05	-66638.2	-144252	NA	NA	NA	NA	NA	NA	NA	NA	NA	NA
HK108C	NA	NA	10000	270823	27.085	0.000253592	-68834.8	-73882.8	NA	NA	NA	NA	NA	NA	NA	NA	NA	NA
HK111C	NA	NA	10000	268275	26.8329	5.58693e-05	-67574.7	-140640	NA	NA	NA	NA	NA	NA	NA	NA	NA	NA
HK112C	NA	NA	10000	298527	29.8557	3.95436e-05	-70553.4	-162581	NA	NA	NA	NA	NA	NA	NA	NA	NA	NA
HK113C	NA	NA	10000	407800	40.7841	5.57025e-05	-95770	-201218	NA	NA	NA	NA	NA	NA	NA	NA	NA	NA
HK114C	NA	NA	10000	269498	26.9525	0.000286936	-65468.8	-114796	NA	NA	NA	NA	NA	NA	NA	NA	NA	NA
HK115C	NA	NA	10000	277097	27.7152	5.64355e-05	-66898.9	-153014	NA	NA	NA	NA	NA	NA	NA	NA	NA	NA
HK116C	NA	NA	10000	289689	28.9718	0.000118572	-70671.1	-147879	NA	NA	NA	NA	NA	NA	NA	NA	NA	NA
HK117C	NA	NA	10000	266122	26.6202	0.00026708	-65610.1	-76353.4	NA	NA	NA	NA	NA	NA	NA	NA	NA	NA
HK118C	NA	NA	10000	258181	25.8258	0.000112679	-63362.2	-70817.3	NA	NA	NA	NA	NA	NA	NA	NA	NA	NA
HK119C	NA	NA	10000	413194	41.3235	0.000133886	-98629.6	-135564	NA	NA	NA	NA	NA	NA	NA	NA	NA	NA
HK122C	NA	NA	10000	283509	28.3566	0.00145757	-69444.8	-69934.9	NA	NA	NA	NA	NA	NA	NA	NA	NA	NA
HK124C	NA	NA	10000	302615	30.2615	1.4361e-08	-73810.9	-149556	NA	NA	NA	NA	NA	NA	NA	NA	NA	NA
HK125C	NA	NA	10000	270536	27.0536	0.000126436	-65628.4	-134933	NA	NA	NA	NA	NA	NA	NA	NA	NA	NA
HK130C	NA	NA	10000	284702	28.4787	0.000106577	-71962.7	-169888	NA	NA	NA	NA	NA	NA	NA	NA	NA	NA
HK131C	NA	NA	10000	286175	28.6232	7.11182e-05	-71279.1	-151213	NA	NA	NA	NA	NA	NA	NA	NA	NA	NA
HK132C	NA	NA	10000	294241	29.427	7.29491e-05	-73067.8	-160542	NA	NA	NA	NA	NA	NA	NA	NA	NA	NA
HK134C	NA	NA	10000	309962	31.0024	0.000169129	-74772.3	-84112.9	NA	NA	NA	NA	NA	NA	NA	NA	NA	NA
HK136C	NA	NA	10000	359238	35.931	0.00015469	-87191	-90156.2	NA	NA	NA	NA	NA	NA	NA	NA	NA	NA
HK138C	NA	NA	10000	358916	35.906	0.000179758	-86323.4	-90153.8	NA	NA	NA	NA	NA	NA	NA	NA	NA	NA
HK139C	NA	NA	10000	381495	38.1495	0.000381485	-93008.5	-119608	NA	NA	NA	NA	NA	NA	NA	NA	NA	NA
HK141C	NA	NA	10000	318018	31.8018	0.000180883	-76878.2	-85450.1	NA	NA	NA	NA	NA	NA	NA	NA	NA	NA
HK142C	NA	NA	10000	308019	30.8081	0.00137051	-74950.3	-75471.7	NA	NA	NA	NA	NA	NA	NA	NA	NA	NA
HK144C	NA	NA	10000	303759	30.385	0.000116081	-73991.2	-118714	NA	NA	NA	NA	NA	NA	NA	NA	NA	NA
HK145C	NA	NA	10000	293433	29.3462	0.000208578	-70648.9	-131203	NA	NA	NA	NA	NA	NA	NA	NA	NA	NA
HK147C	NA	NA	10000	279888	27.9916	0.000165045	-70046.8	-96826.3	NA	NA	NA	NA	NA	NA	NA	NA	NA	NA
HK150C	NA	NA	10000	291356	29.1356	5.42628e-05	-70415.4	-109903	NA	NA	NA	NA	NA	NA	NA	NA	NA	NA
HK151C	NA	NA	10000	370940	37.1014	7.01433e-05	-87785.7	-157457	NA	NA	NA	NA	NA	NA	NA	NA	NA	NA
HK152C	NA	NA	10000	353777	35.3883	0.000712342	-85644.5	-88104.9	NA	NA	NA	NA	NA	NA	NA	NA	NA	NA
HK154C	NA	NA	10000	380156	38.0156	5.72539e-05	-91902.9	-168222	NA	NA	NA	NA	NA	NA	NA	NA	NA	NA
HK155C	NA	NA	10000	381802	38.184	0.000223661	-91940.8	-112594	NA	NA	NA	NA	NA	NA	NA	NA	NA	NA
HK156C	NA	NA	10000	300526	30.0586	6.53871e-05	-72662	-139662	NA	NA	NA	NA	NA	NA	NA	NA	NA	NA
HK157C	NA	NA	10000	373900	37.3937	0.000129886	-89640.9	-176071	NA	NA	NA	NA	NA	NA	NA	NA	NA	NA
HK158C	NA	NA	10000	374118	37.4193	0.00013239	-89958.7	-119662	NA	NA	NA	NA	NA	NA	NA	NA	NA	NA
HK161C	NA	NA	10000	296702	29.6791	0.000101846	-72857.9	-117889	NA	NA	NA	NA	NA	NA	NA	NA	NA	NA
HK162C	NA	NA	10000	281453	28.1509	9.85706e-05	-68631.7	-151919	NA	NA	NA	NA	NA	NA	NA	NA	NA	NA
HK163C	NA	NA	10000	301115	30.1145	7.37594e-05	-73211.3	-145131	NA	NA	NA	NA	NA	NA	NA	NA	NA	NA
HK164A	NA	NA	10000	336854	33.6921	0.000229778	-84839.9	-91905.9	NA	NA	NA	NA	NA	NA	NA	NA	NA	NA
HK164B	NA	NA	10000	322649	32.2714	0.000238541	-84068.5	-104156	NA	NA	NA	NA	NA	NA	NA	NA	NA	NA
HK164C	NA	NA	10000	334573	33.4673	8.50699e-05	-77175.3	-165470	NA	NA	NA	NA	NA	NA	NA	NA	NA	NA
HK165C	NA	NA	10000	285304	28.5333	0.000194983	-70603	-83230.1	NA	NA	NA	NA	NA	NA	NA	NA	NA	NA
HK166C	NA	NA	10000	309084	30.9115	0.000285056	-76214.8	-78680.6	NA	NA	NA	NA	NA	NA	NA	NA	NA	NA
HK167C	NA	NA	10000	300113	30.0173	0.000144077	-73952.4	-114653	NA	NA	NA	NA	NA	NA	NA	NA	NA	NA
HK168C	NA	NA	10000	288226	28.8284	6.39625e-05	-68656.2	-124314	NA	NA	NA	NA	NA	NA	NA	NA	NA	NA
HK169C	NA	NA	10000	305086	30.5147	0.00017954	-76414.7	-123482	NA	NA	NA	NA	NA	NA	NA	NA	NA	NA
HK173C	NA	NA	10000	303805	30.3805	7.51415e-05	-88276.5	-161771	NA	NA	NA	NA	NA	NA	NA	NA	NA	NA
HK175C	NA	NA	10000	284265	28.4293	2.93422e-09	-69922.2	-135008	NA	NA	NA	NA	NA	NA	NA	NA	NA	NA
HK177C	NA	NA	10000	332686	33.2753	0.000287173	-82018.5	-83179.9	NA	NA	NA	NA	NA	NA	NA	NA	NA	NA
HK178C	NA	NA	10000	384459	38.4536	0.000103123	-90305.3	-104028	NA	NA	NA	NA	NA	NA	NA	NA	NA	NA
HK179C	NA	NA	10000	383311	38.3388	0.000134644	-93259.7	-113108	NA	NA	NA	NA	NA	NA	NA	NA	NA	NA
HK17C	NA	NA	10000	388934	38.8934	0.000765295	-92367	-92834.2	NA	NA	NA	NA	NA	NA	NA	NA	NA	NA
HK180A	NA	NA	10000	345456	34.5525	0.000152845	-86413.7	-100869	NA	NA	NA	NA	NA	NA	NA	NA	NA	NA
HK180B	NA	NA	10000	350195	35.0265	0.000124129	-84796.6	-158507	NA	NA	NA	NA	NA	NA	NA	NA	NA	NA
HK180C	NA	NA	10000	345001	34.5036	5.56591e-05	-83439.4	-166959	NA	NA	NA	NA	NA	NA	NA	NA	NA	NA
HK181C	NA	NA	10000	341760	34.1794	0.00117234	-81410.9	-81985.3	NA	NA	NA	NA	NA	NA	NA	NA	NA	NA
HK182C	NA	NA	10000	307384	30.7415	0.0019531	-77051.3	-77387	NA	NA	NA	NA	NA	NA	NA	NA	NA	NA
HK19C	NA	NA	10000	282761	28.2874	0.000153345	-69547	-113641	NA	NA	NA	NA	NA	NA	NA	NA	NA	NA
HK1C	NA	NA	10000	283211	28.3211	3.92775e-05	-72044.4	-164974	NA	NA	NA	NA	NA	NA	NA	NA	NA	NA
HK20C	NA	NA	10000	365835	36.5908	0.000100084	-89982.3	-147148	NA	NA	NA	NA	NA	NA	NA	NA	NA	NA
HK22C	NA	NA	10000	286204	28.6204	0.000238556	-71229.1	-78539.8	NA	NA	NA	NA	NA	NA	NA	NA	NA	NA
HK2C	NA	NA	10000	349363	34.9503	6.17269e-05	-85609.9	-184156	NA	NA	NA	NA	NA	NA	NA	NA	NA	NA
HK30C	NA	NA	10000	349901	34.9936	4.57737e-05	-83043.6	-155645	NA	NA	NA	NA	NA	NA	NA	NA	NA	NA
HK34C	NA	NA	10000	334115	33.4182	8.27889e-09	-81954.7	-180878	NA	NA	NA	NA	NA	NA	NA	NA	NA	NA
HK35C	NA	NA	10000	308898	30.8929	0.000242984	-74374.7	-77874.4	NA	NA	NA	NA	NA	NA	NA	NA	NA	NA
HK36C	NA	NA	10000	387452	38.753	8.79724e-05	-94821.9	-156432	NA	NA	NA	NA	NA	NA	NA	NA	NA	NA
HK37C	NA	NA	10000	288368	28.8368	0.000293367	-72678.4	-81152.8	NA	NA	NA	NA	NA	NA	NA	NA	NA	NA
HK3C	NA	NA	10000	395066	39.5145	0.000175918	-94690.7	-116989	NA	NA	NA	NA	NA	NA	NA	NA	NA	NA
HK42C	NA	NA	10000	349650	34.9685	5.86029e-05	-85207.6	-174839	NA	NA	NA	NA	NA	NA	NA	NA	NA	NA
HK44C	NA	NA	10000	301988	30.2018	0.0001261	-74956.7	-110919	NA	NA	NA	NA	NA	NA	NA	NA	NA	NA
HK45C	NA	NA	10000	401058	40.1098	0.000106993	-98416.5	-162079	NA	NA	NA	NA	NA	NA	NA	NA	NA	NA
HK47C	NA	NA	10000	340518	34.0654	6.45271e-05	-81901.9	-166808	NA	NA	NA	NA	NA	NA	NA	NA	NA	NA
HK49C	NA	NA	10000	335144	33.5278	4.9355e-05	-83418	-153615	NA	NA	NA	NA	NA	NA	NA	NA	NA	NA
HK4C	NA	NA	10000	314519	31.4519	7.43829e-05	-76079.3	-160806	NA	NA	NA	NA	NA	NA	NA	NA	NA	NA
HK50C	NA	NA	10000	342536	34.2536	0.000272867	-84335.8	-97361.6	NA	NA	NA	NA	NA	NA	NA	NA	NA	NA
HK52C	NA	NA	10000	302392	30.2452	4.26148e-05	-74345.5	-176766	NA	NA	NA	NA	NA	NA	NA	NA	NA	NA
HK54C	NA	NA	10000	316695	31.6727	5.61599e-05	-79232.5	-137413	NA	NA	NA	NA	NA	NA	NA	NA	NA	NA
HK55C	NA	NA	10000	306017	30.6078	8.66862e-05	-74246.6	-110582	NA	NA	NA	NA	NA	NA	NA	NA	NA	NA
HK59C	NA	NA	10000	390276	39.0276	0.000190809	-91642.5	-163948	NA	NA	NA	NA	NA	NA	NA	NA	NA	NA
HK60C	NA	NA	10000	323139	32.3171	0.000106557	-80137.1	-144908	NA	NA	NA	NA	NA	NA	NA	NA	NA	NA
HK61C	NA	NA	10000	407155	40.7196	0.000207336	-96127.6	-102879	NA	NA	NA	NA	NA	NA	NA	NA	NA	NA
HK62C	NA	NA	10000	396040	39.604	0.000113018	-94165.7	-170776	NA	NA	NA	NA	NA	NA	NA	NA	NA	NA
HK65C	NA	NA	10000	287013	28.707	4.40305e-05	-70374.8	-119233	NA	NA	NA	NA	NA	NA	NA	NA	NA	NA
HK68C	NA	NA	10000	290590	29.0619	0.0066312	-74266.7	-76190.3	NA	NA	NA	NA	NA	NA	NA	NA	NA	NA
HK69C	NA	NA	10000	405859	40.5981	0.00362039	-99295.9	-99970	NA	NA	NA	NA	NA	NA	NA	NA	NA	NA
HK71C	NA	NA	10000	288974	28.9061	0.000310296	-71209.3	-71771.4	NA	NA	NA	NA	NA	NA	NA	NA	NA	NA
HK72C	NA	NA	10000	260892	26.097	7.73358e-05	-64459.5	-130806	NA	NA	NA	NA	NA	NA	NA	NA	NA	NA
HK73C	NA	NA	10000	273355	27.3355	0.000121094	-69790.3	-102751	NA	NA	NA	NA	NA	NA	NA	NA	NA	NA
HK75C	NA	NA	10000	273681	27.3681	0.0378575	-75565.1	-80431.9	NA	NA	NA	NA	NA	NA	NA	NA	NA	NA
HK76C	NA	NA	10000	284033	28.4118	3.57412e-05	-70648.3	-148667	NA	NA	NA	NA	NA	NA	NA	NA	NA	NA
HK77C	NA	NA	10000	395366	39.5445	0.000212669	-92390.7	-94283.6	NA	NA	NA	NA	NA	NA	NA	NA	NA	NA
HK78C	NA	NA	10000	292458	29.2458	9.67998e-05	-71462.5	-142910	NA	NA	NA	NA	NA	NA	NA	NA	NA	NA
HK79C	NA	NA	10000	280574	28.0574	0.000159317	-67482	-133479	NA	NA	NA	NA	NA	NA	NA	NA	NA	NA
HK7C	NA	NA	10000	288540	28.8598	0.000141921	-69469.2	-114934	NA	NA	NA	NA	NA	NA	NA	NA	NA	NA
HK80C	NA	NA	10000	275634	27.5689	8.2575e-08	-68350.5	-141397	NA	NA	NA	NA	NA	NA	NA	NA	NA	NA
HK81C	NA	NA	10000	285725	28.5725	0.000105403	-69367.8	-159426	NA	NA	NA	NA	NA	NA	NA	NA	NA	NA
HK88C	NA	NA	10000	305419	30.5511	0.000257855	-75837	-83731.4	NA	NA	NA	NA	NA	NA	NA	NA	NA	NA
HK8C	NA	NA	10000	382813	38.2928	0.000114527	-92608.1	-160924	NA	NA	NA	NA	NA	NA	NA	NA	NA	NA
HK92C	NA	NA	10000	279774	27.983	3.4515e-05	-67420	-162805	NA	NA	NA	NA	NA	NA	NA	NA	NA	NA
HK93C	NA	NA	10000	248445	24.847	8.39856e-05	-61201.5	-117207	NA	NA	NA	NA	NA	NA	NA	NA	NA	NA
HK94C	NA	NA	10000	403118	40.3118	0.00035045	-96573.8	-102756	NA	NA	NA	NA	NA	NA	NA	NA	NA	NA
HK96A	NA	NA	10000	305938	30.5999	0.000203148	-75593.2	-132099	NA	NA	NA	NA	NA	NA	NA	NA	NA	NA
HK96B	NA	NA	10000	267490	26.749	7.4087e-05	-67103.1	-167669	NA	NA	NA	NA	NA	NA	NA	NA	NA	NA
HK96C	NA	NA	10000	298624	29.8654	0.000510627	-75093.8	-79577.2	NA	NA	NA	NA	NA	NA	NA	NA	NA	NA
HK97A	NA	NA	10000	327386	32.7419	0.000112189	-80849.1	-166735	NA	NA	NA	NA	NA	NA	NA	NA	NA	NA
HK97B	NA	NA	10000	271754	27.1863	0.00028833	-68049.6	-115508	NA	NA	NA	NA	NA	NA	NA	NA	NA	NA
HK97C	NA	NA	10000	270287	27.0287	0.000208272	-68573.7	-83051	NA	NA	NA	NA	NA	NA	NA	NA	NA	NA
HK98C	NA	NA	10000	399604	39.9644	0.000265363	-96084.7	-98374	NA	NA	NA	NA	NA	NA	NA	NA	NA	NA
HK99C	NA	NA	10000	292849	29.2908	0.000104941	-71109.4	-76008.2	NA	NA	NA	NA	NA	NA	NA	NA	NA	NA
HK9A	NA	NA	10000	305830	30.5861	0.000161824	-76870.9	-160311	NA	NA	NA	NA	NA	NA	NA	NA	NA	NA
HK9B	NA	NA	10000	299313	29.9343	0.000185803	-74021	-163804	NA	NA	NA	NA	NA	NA	NA	NA	NA	NA
HK9C	NA	NA	10000	295364	29.5394	0.000410759	-72181.8	-73746.2	NA	NA	NA	NA	NA	NA	NA	NA	NA	NA
HKU_10	NA	NA	10000	365018	36.5091	0.000101402	-89360.5	-154979	NA	NA	NA	NA	NA	NA	NA	NA	NA	NA
HKU_112	NA	NA	10000	362215	36.2324	3.51528e-05	-87393.8	-150098	NA	NA	NA	NA	NA	NA	NA	NA	NA	NA
HKU_113	NA	NA	10000	380022	38.006	5.59296e-05	-92003.8	-158229	NA	NA	NA	NA	NA	NA	NA	NA	NA	NA
HKU_114	NA	NA	10000	322152	32.2152	0.00030896	-79953.2	-147269	NA	NA	NA	NA	NA	NA	NA	NA	NA	NA
HKU_115	NA	NA	10000	382969	38.3007	0.00108762	-92288.6	-92412.2	NA	NA	NA	NA	NA	NA	NA	NA	NA	NA
HKU_116	NA	NA	10000	380430	38.0468	0.000336047	-92093.9	-95642	NA	NA	NA	NA	NA	NA	NA	NA	NA	NA
HKU_117	NA	NA	10000	377078	37.7116	0.000300595	-92743.8	-108020	NA	NA	NA	NA	NA	NA	NA	NA	NA	NA
HKU_118	NA	NA	10000	362489	36.2598	4.85103e-05	-88848.6	-187750	NA	NA	NA	NA	NA	NA	NA	NA	NA	NA
HKU_119	NA	NA	10000	360424	36.0496	0.000244777	-89799.7	-92163.6	NA	NA	NA	NA	NA	NA	NA	NA	NA	NA
HKU_11	NA	NA	10000	370991	37.1065	4.97597e-05	-91680	-146845	NA	NA	NA	NA	NA	NA	NA	NA	NA	NA
HKU_120	NA	NA	10000	347767	34.7871	0.000136941	-83735	-128159	NA	NA	NA	NA	NA	NA	NA	NA	NA	NA
HKU_121	NA	NA	10000	305858	30.5889	0.000705662	-77033.7	-78000.9	NA	NA	NA	NA	NA	NA	NA	NA	NA	NA
HKU_122	NA	NA	10000	372050	37.2162	0.00132919	-91289.3	-91608.3	NA	NA	NA	NA	NA	NA	NA	NA	NA	NA
HKU_123	NA	NA	10000	311257	31.1319	0.00142914	-78916.4	-79349.3	NA	NA	NA	NA	NA	NA	NA	NA	NA	NA
HKU_124	NA	NA	10000	358989	35.9025	0.000141385	-86708.6	-150164	NA	NA	NA	NA	NA	NA	NA	NA	NA	NA
HKU_125	NA	NA	10000	364558	36.4594	0.000693317	-89007.3	-90021.8	NA	NA	NA	NA	NA	NA	NA	NA	NA	NA
HKU_126	NA	NA	10000	321010	32.1042	0.00119856	-78918.3	-79610	NA	NA	NA	NA	NA	NA	NA	NA	NA	NA
HKU_129	NA	NA	10000	320550	32.0582	0.000143415	-79233.1	-162977	NA	NA	NA	NA	NA	NA	NA	NA	NA	NA
HKU_12	NA	NA	10000	360693	36.0729	3.59931e-05	-85958.7	-145296	NA	NA	NA	NA	NA	NA	NA	NA	NA	NA
HKU_130	NA	NA	10000	356851	35.6851	0.000172189	-86065.6	-90995.3	NA	NA	NA	NA	NA	NA	NA	NA	NA	NA
HKU_131	NA	NA	10000	347247	34.7247	0.000732989	-83244.3	-84039.9	NA	NA	NA	NA	NA	NA	NA	NA	NA	NA
HKU_132	NA	NA	10000	362666	36.2702	0.000175854	-87701.8	-89915	NA	NA	NA	NA	NA	NA	NA	NA	NA	NA
HKU_133	NA	NA	10000	339718	33.9786	0.000189683	-84529	-99631.6	NA	NA	NA	NA	NA	NA	NA	NA	NA	NA
HKU_134	NA	NA	10000	332253	33.2286	9.79499e-05	-80356.2	-123533	NA	NA	NA	NA	NA	NA	NA	NA	NA	NA
HKU_135	NA	NA	10000	327817	32.785	0.000279649	-83538.6	-84337.5	NA	NA	NA	NA	NA	NA	NA	NA	NA	NA
HKU_136	NA	NA	10000	354947	35.4947	8.12146e-05	-84790.5	-174493	NA	NA	NA	NA	NA	NA	NA	NA	NA	NA
HKU_137	NA	NA	10000	375039	37.5077	0.000314122	-95597.9	-98624	NA	NA	NA	NA	NA	NA	NA	NA	NA	NA
HKU_138	NA	NA	10000	327224	32.7224	0.000448512	-80416.2	-80989.7	NA	NA	NA	NA	NA	NA	NA	NA	NA	NA
HKU_139	NA	NA	10000	366405	36.6442	0.000126815	-88361.9	-111396	NA	NA	NA	NA	NA	NA	NA	NA	NA	NA
HKU_140	NA	NA	10000	350576	35.0646	3.00595e-05	-86883	-188213	NA	NA	NA	NA	NA	NA	NA	NA	NA	NA
HKU_141	NA	NA	10000	341818	34.1886	0.000154426	-84854.1	-143840	NA	NA	NA	NA	NA	NA	NA	NA	NA	NA
HKU_144	NA	NA	10000	351844	35.1914	7.00801e-05	-88681.5	-155551	NA	NA	NA	NA	NA	NA	NA	NA	NA	NA
HKU_145	NA	NA	10000	359422	35.9494	0.000180575	-87650.3	-94187.5	NA	NA	NA	NA	NA	NA	NA	NA	NA	NA
HKU_146	NA	NA	10000	375473	37.5473	0.000115413	-91771.1	-99179.7	NA	NA	NA	NA	NA	NA	NA	NA	NA	NA
HKU_147	NA	NA	10000	360687	36.0759	0.000189458	-88372.9	-94337	NA	NA	NA	NA	NA	NA	NA	NA	NA	NA
HKU_148	NA	NA	10000	377891	37.7929	0.000129689	-93149.7	-139821	NA	NA	NA	NA	NA	NA	NA	NA	NA	NA
HKU_151	NA	NA	10000	353217	35.3288	0.000120975	-87396	-180954	NA	NA	NA	NA	NA	NA	NA	NA	NA	NA
HKU_152	NA	NA	10000	352688	35.2759	0.000127961	-84434.3	-139870	NA	NA	NA	NA	NA	NA	NA	NA	NA	NA
HKU_154	NA	NA	10000	401796	40.1876	9.69598e-05	-94522.7	-187219	NA	NA	NA	NA	NA	NA	NA	NA	NA	NA
HKU_155	NA	NA	10000	372567	37.2679	0.000115608	-90842.3	-175245	NA	NA	NA	NA	NA	NA	NA	NA	NA	NA
HKU_157	NA	NA	10000	406096	40.6177	4.9561e-05	-97133.9	-172117	NA	NA	NA	NA	NA	NA	NA	NA	NA	NA
HKU_158	NA	NA	10000	372385	37.2422	0.000100945	-87875.4	-128354	NA	NA	NA	NA	NA	NA	NA	NA	NA	NA
HKU_161	NA	NA	10000	357124	35.716	0.000348899	-88717.3	-97076.5	NA	NA	NA	NA	NA	NA	NA	NA	NA	NA
HKU_162	NA	NA	10000	357625	35.7661	5.47388e-05	-84521.8	-176583	NA	NA	NA	NA	NA	NA	NA	NA	NA	NA
HKU_174	NA	NA	10000	400094	40.0134	0.000315642	-94431.9	-111401	NA	NA	NA	NA	NA	NA	NA	NA	NA	NA
HKU_177	NA	NA	10000	387183	38.7183	5.98341e-05	-94192	-126315	NA	NA	NA	NA	NA	NA	NA	NA	NA	NA
HKU_180	NA	NA	10000	387094	38.7133	0.000115501	-93949.4	-119058	NA	NA	NA	NA	NA	NA	NA	NA	NA	NA
HKU_183	NA	NA	10000	393051	39.3051	0.000254828	-93124.3	-101099	NA	NA	NA	NA	NA	NA	NA	NA	NA	NA
HKU_184	NA	NA	10000	390820	39.0859	0.000188232	-94683.1	-98205.7	NA	NA	NA	NA	NA	NA	NA	NA	NA	NA
HKU_185	NA	NA	10000	368443	36.8627	8.82729e-05	-87515.2	-192280	NA	NA	NA	NA	NA	NA	NA	NA	NA	NA
HKU_190	NA	NA	10000	387115	38.7154	3.99084e-05	-92333.8	-146484	NA	NA	NA	NA	NA	NA	NA	NA	NA	NA
HKU_191	NA	NA	10000	389414	38.9492	9.44265e-05	-92181.5	-141193	NA	NA	NA	NA	NA	NA	NA	NA	NA	NA
HKU_194	NA	NA	10000	380360	38.0436	0.000312901	-92898.4	-93689.9	NA	NA	NA	NA	NA	NA	NA	NA	NA	NA
HKU_197	NA	NA	10000	398462	39.8502	6.14078e-05	-96858.5	-191743	NA	NA	NA	NA	NA	NA	NA	NA	NA	NA
HKU_198	NA	NA	10000	397725	39.7844	0.000161191	-96741.4	-101377	NA	NA	NA	NA	NA	NA	NA	NA	NA	NA
HKU_201	NA	NA	10000	417257	41.7257	0.000203039	-100286	-108013	NA	NA	NA	NA	NA	NA	NA	NA	NA	NA
HKU_202	NA	NA	10000	385176	38.5215	0.000152253	-92320.6	-97062.5	NA	NA	NA	NA	NA	NA	NA	NA	NA	NA
HKU_204	NA	NA	10000	397700	39.7819	0.000105893	-94016.2	-148423	NA	NA	NA	NA	NA	NA	NA	NA	NA	NA
HKU_206	NA	NA	10000	404129	40.4129	0.000115997	-96485.2	-162550	NA	NA	NA	NA	NA	NA	NA	NA	NA	NA
HKU_212	NA	NA	10000	380992	38.1106	0.000151254	-90656.7	-128179	NA	NA	NA	NA	NA	NA	NA	NA	NA	NA
HKU_213	NA	NA	10000	369880	36.9954	6.89671e-05	-88553	-93773.7	NA	NA	NA	NA	NA	NA	NA	NA	NA	NA
HKU_215	NA	NA	10000	386789	38.6866	0.000107636	-93295.2	-160849	NA	NA	NA	NA	NA	NA	NA	NA	NA	NA
HKU_217	NA	NA	10000	394669	39.4748	0.000288239	-93142.6	-95487.4	NA	NA	NA	NA	NA	NA	NA	NA	NA	NA
HKU_218	NA	NA	10000	389115	38.9115	0.000105423	-91725.7	-178060	NA	NA	NA	NA	NA	NA	NA	NA	NA	NA
HKU_219	NA	NA	10000	378913	37.8951	0.000131921	-89967.7	-93860.6	NA	NA	NA	NA	NA	NA	NA	NA	NA	NA
HKU_21	NA	NA	10000	364760	36.4869	7.77602e-05	-88149.8	-176034	NA	NA	NA	NA	NA	NA	NA	NA	NA	NA
HKU_221	NA	NA	10000	382303	38.2303	0.000158904	-91583.1	-139075	NA	NA	NA	NA	NA	NA	NA	NA	NA	NA
HKU_222	NA	NA	10000	383987	38.4025	0.000224202	-93115.8	-100330	NA	NA	NA	NA	NA	NA	NA	NA	NA	NA
HKU_223	NA	NA	10000	381607	38.1683	3.73027e-05	-91853.4	-193985	NA	NA	NA	NA	NA	NA	NA	NA	NA	NA
HKU_224	NA	NA	10000	366657	36.6694	0.000104918	-84070.8	-132231	NA	NA	NA	NA	NA	NA	NA	NA	NA	NA
HKU_227	NA	NA	10000	305050	30.505	0.000360296	-74834.6	-79547.5	NA	NA	NA	NA	NA	NA	NA	NA	NA	NA
HKU_22	NA	NA	10000	364687	36.476	0.000276917	-87956.5	-89692.9	NA	NA	NA	NA	NA	NA	NA	NA	NA	NA
HKU_230	NA	NA	10000	393361	39.344	9.82325e-05	-96166.2	-182441	NA	NA	NA	NA	NA	NA	NA	NA	NA	NA
HKU_232	NA	NA	10000	386128	38.6205	0.000149436	-92212.3	-97910.8	NA	NA	NA	NA	NA	NA	NA	NA	NA	NA
HKU_234	NA	NA	10000	394479	39.4597	0.00017047	-97103.8	-107799	NA	NA	NA	NA	NA	NA	NA	NA	NA	NA
HKU_236	NA	NA	10000	370556	37.0593	0.000118326	-91128.5	-184690	NA	NA	NA	NA	NA	NA	NA	NA	NA	NA
HKU_23	NA	NA	10000	371718	37.1755	6.24524e-05	-89650	-145834	NA	NA	NA	NA	NA	NA	NA	NA	NA	NA
HKU_241	NA	NA	10000	390158	39.0197	0.052268	-109178	-121990	NA	NA	NA	NA	NA	NA	NA	NA	NA	NA
HKU_242	NA	NA	10000	374062	37.4099	0.000107326	-89488.2	-155205	NA	NA	NA	NA	NA	NA	NA	NA	NA	NA
HKU_244	NA	NA	10000	372818	37.2893	0.000109748	-91149.8	-155144	NA	NA	NA	NA	NA	NA	NA	NA	NA	NA
HKU_245	NA	NA	10000	364275	36.4348	8.00867e-05	-89598.5	-176441	NA	NA	NA	NA	NA	NA	NA	NA	NA	NA
HKU_246	NA	NA	10000	367824	36.7861	0.000272718	-89703.9	-92975.7	NA	NA	NA	NA	NA	NA	NA	NA	NA	NA
HKU_248	NA	NA	10000	361385	36.1385	0.00020304	-88706.3	-88962.2	NA	NA	NA	NA	NA	NA	NA	NA	NA	NA
HKU_249	NA	NA	10000	366942	36.7015	0.000223702	-90381.2	-96864.3	NA	NA	NA	NA	NA	NA	NA	NA	NA	NA
HKU_24	NA	NA	10000	416068	41.611	0.000118054	-97638.5	-104277	NA	NA	NA	NA	NA	NA	NA	NA	NA	NA
HKU_252	NA	NA	10000	363519	36.3519	9.96781e-05	-88772.8	-179557	NA	NA	NA	NA	NA	NA	NA	NA	NA	NA
HKU_254	NA	NA	10000	355606	35.5642	8.93514e-05	-85555.4	-171357	NA	NA	NA	NA	NA	NA	NA	NA	NA	NA
HKU_257	NA	NA	10000	365634	36.578	0.000203545	-86695.5	-88255.4	NA	NA	NA	NA	NA	NA	NA	NA	NA	NA
HKU_258	NA	NA	10000	334818	33.4851	0.000107291	-81046.7	-133686	NA	NA	NA	NA	NA	NA	NA	NA	NA	NA
HKU_25	NA	NA	10000	404512	40.4512	7.66813e-05	-98161.5	-163149	NA	NA	NA	NA	NA	NA	NA	NA	NA	NA
HKU_264	NA	NA	10000	366870	36.698	0.000171429	-88783.1	-104786	NA	NA	NA	NA	NA	NA	NA	NA	NA	NA
HKU_267	NA	NA	10000	361409	36.1445	0.000291984	-87453.1	-92769.1	NA	NA	NA	NA	NA	NA	NA	NA	NA	NA
HKU_268	NA	NA	10000	378943	37.8981	0.000114723	-91102.1	-134139	NA	NA	NA	NA	NA	NA	NA	NA	NA	NA
HKU_26	NA	NA	10000	408212	40.8294	0.000206506	-98294.6	-100782	NA	NA	NA	NA	NA	NA	NA	NA	NA	NA
HKU_270	NA	NA	10000	387914	38.7992	0.000192149	-94380.6	-107707	NA	NA	NA	NA	NA	NA	NA	NA	NA	NA
HKU_271	NA	NA	10000	365182	36.5182	0.000267732	-87895.5	-88906.2	NA	NA	NA	NA	NA	NA	NA	NA	NA	NA
HKU_274	NA	NA	10000	374151	37.4226	3.14839e-05	-91572.9	-181476	NA	NA	NA	NA	NA	NA	NA	NA	NA	NA
HKU_275	NA	NA	10000	376442	37.6517	0.000128536	-92273.5	-149818	NA	NA	NA	NA	NA	NA	NA	NA	NA	NA
HKU_276	NA	NA	10000	373410	37.3447	7.3242e-05	-87711.6	-142138	NA	NA	NA	NA	NA	NA	NA	NA	NA	NA
HKU_278	NA	NA	10000	370321	37.0395	4.06898e-05	-89427.9	-101521	NA	NA	NA	NA	NA	NA	NA	NA	NA	NA
HKU_279	NA	NA	10000	385834	38.595	0.000106157	-89734.6	-101013	NA	NA	NA	NA	NA	NA	NA	NA	NA	NA
HKU_27	NA	NA	10000	403987	40.4108	9.21691e-05	-94856.1	-158044	NA	NA	NA	NA	NA	NA	NA	NA	NA	NA
HKU_280	NA	NA	10000	376467	37.6542	6.74131e-05	-89182.9	-132516	NA	NA	NA	NA	NA	NA	NA	NA	NA	NA
HKU_281	NA	NA	10000	388526	38.8565	9.19698e-05	-91569.9	-178871	NA	NA	NA	NA	NA	NA	NA	NA	NA	NA
HKU_282	NA	NA	10000	381560	38.1598	0.000130976	-92183.7	-138116	NA	NA	NA	NA	NA	NA	NA	NA	NA	NA
HKU_284	NA	NA	10000	383771	38.3809	6.79046e-05	-92731	-181338	NA	NA	NA	NA	NA	NA	NA	NA	NA	NA
HKU_288	NA	NA	10000	379178	37.9216	0.000136405	-90515.3	-108259	NA	NA	NA	NA	NA	NA	NA	NA	NA	NA
HKU_290	NA	NA	10000	351407	35.1407	3.12521e-05	-84619.8	-148041	NA	NA	NA	NA	NA	NA	NA	NA	NA	NA
HKU_295	NA	NA	10000	379138	37.9252	5.95356e-05	-89142.1	-152179	NA	NA	NA	NA	NA	NA	NA	NA	NA	NA
HKU_296	NA	NA	10000	348985	34.902	5.2379e-05	-84417.6	-193152	NA	NA	NA	NA	NA	NA	NA	NA	NA	NA
HKU_29	NA	NA	10000	375487	37.5525	0.000139534	-91581.1	-190115	NA	NA	NA	NA	NA	NA	NA	NA	NA	NA
HKU_301	NA	NA	10000	373762	37.3837	5.24281e-05	-91897.4	-176562	NA	NA	NA	NA	NA	NA	NA	NA	NA	NA
HKU_302	NA	NA	10000	370514	37.0551	0.000199469	-90523.6	-98242.2	NA	NA	NA	NA	NA	NA	NA	NA	NA	NA
HKU_303	NA	NA	10000	289210	28.9297	0.00012158	-71423.8	-94436.5	NA	NA	NA	NA	NA	NA	NA	NA	NA	NA
HKU_304	NA	NA	10000	385606	38.5606	0.000118125	-92093.8	-159877	NA	NA	NA	NA	NA	NA	NA	NA	NA	NA
HKU_305	NA	NA	10000	371402	37.1476	0.000135312	-90086.3	-160909	NA	NA	NA	NA	NA	NA	NA	NA	NA	NA
HKU_309	NA	NA	10000	399040	39.912	0.000144401	-95106.6	-168412	NA	NA	NA	NA	NA	NA	NA	NA	NA	NA
HKU_30	NA	NA	10000	367243	36.728	0.000146053	-88203.7	-182783	NA	NA	NA	NA	NA	NA	NA	NA	NA	NA
HKU_310	NA	NA	10000	312186	31.2248	6.04672e-05	-76988.4	-131390	NA	NA	NA	NA	NA	NA	NA	NA	NA	NA
HKU_311	NA	NA	10000	273518	27.3545	0.000105497	-66127.9	-128215	NA	NA	NA	NA	NA	NA	NA	NA	NA	NA
HKU_312	NA	NA	10000	378451	37.8451	7.17433e-05	-89282.1	-174207	NA	NA	NA	NA	NA	NA	NA	NA	NA	NA
HKU_315	NA	NA	10000	375390	37.5428	0.000156897	-88619.4	-92067.5	NA	NA	NA	NA	NA	NA	NA	NA	NA	NA
HKU_319	NA	NA	10000	343824	34.3858	6.94529e-05	-82638.2	-167765	NA	NA	NA	NA	NA	NA	NA	NA	NA	NA
HKU_323	NA	NA	10000	304531	30.4622	0.000332713	-75363.9	-76480.2	NA	NA	NA	NA	NA	NA	NA	NA	NA	NA
HKU_326.GPU.BQSR	NA	NA	10000	297084	29.7173	0.000340605	-75508.7	-78440.9	NA	NA	NA	NA	NA	NA	NA	NA	NA	NA
HKU_327.GPU.BQSR	NA	NA	10000	288112	28.8198	0.000208797	-70461.3	-92633.9	NA	NA	NA	NA	NA	NA	NA	NA	NA	NA
HKU_32	NA	NA	10000	401747	40.1868	0.000116508	-98377.2	-158075	NA	NA	NA	NA	NA	NA	NA	NA	NA	NA
HKU_333.GPU.BQSR	NA	NA	10000	288581	28.861	0.000139473	-71378.3	-117342	NA	NA	NA	NA	NA	NA	NA	NA	NA	NA
HKU_334.GPU.BQSR	NA	NA	10000	328541	32.864	0.000172808	-82039	-94649	NA	NA	NA	NA	NA	NA	NA	NA	NA	NA
HKU_336	NA	NA	10000	278777	27.8805	8.14558e-05	-70271.8	-141758	NA	NA	NA	NA	NA	NA	NA	NA	NA	NA
HKU_337	NA	NA	10000	312304	31.2366	0.000215888	-76099.2	-92529.9	NA	NA	NA	NA	NA	NA	NA	NA	NA	NA
HKU_338	NA	NA	10000	288097	28.8155	7.4641e-05	-69191.6	-144815	NA	NA	NA	NA	NA	NA	NA	NA	NA	NA
HKU_342	NA	NA	10000	273778	27.3833	8.65648e-05	-68817.6	-128358	NA	NA	NA	NA	NA	NA	NA	NA	NA	NA
HKU_344	NA	NA	10000	300354	30.0474	6.67841e-05	-72787.7	-159569	NA	NA	NA	NA	NA	NA	NA	NA	NA	NA
HKU_347	NA	NA	10000	280934	28.0934	2.5027e-05	-69665.7	-156523	NA	NA	NA	NA	NA	NA	NA	NA	NA	NA
HKU_348	NA	NA	10000	328501	32.8534	0.000101527	-81200.5	-100631	NA	NA	NA	NA	NA	NA	NA	NA	NA	NA
HKU_349	NA	NA	10000	317979	31.8011	0.000333247	-76577.8	-87277.5	NA	NA	NA	NA	NA	NA	NA	NA	NA	NA
HKU_350	NA	NA	10000	303857	30.3918	6.77691e-05	-72834.3	-83948.4	NA	NA	NA	NA	NA	NA	NA	NA	NA	NA
HKU_351	NA	NA	10000	275877	27.596	9.05563e-05	-67361.7	-151117	NA	NA	NA	NA	NA	NA	NA	NA	NA	NA
HKU_353	NA	NA	10000	278651	27.8707	0.000103053	-67619	-107389	NA	NA	NA	NA	NA	NA	NA	NA	NA	NA
HKU_354	NA	NA	10000	292101	29.2189	5.62308e-05	-71569.7	-142829	NA	NA	NA	NA	NA	NA	NA	NA	NA	NA
HKU_355	NA	NA	10000	264523	26.4549	0.00014328	-67893.4	-149815	NA	NA	NA	NA	NA	NA	NA	NA	NA	NA
HKU_356	NA	NA	10000	322741	32.2773	0.000171947	-79627.8	-106963	NA	NA	NA	NA	NA	NA	NA	NA	NA	NA
HKU_357	NA	NA	10000	320708	32.074	2.95937e-05	-77258.5	-139928	NA	NA	NA	NA	NA	NA	NA	NA	NA	NA
HKU_358	NA	NA	10000	317090	31.7185	6.95637e-05	-74950.6	-141225	NA	NA	NA	NA	NA	NA	NA	NA	NA	NA
HKU_359	NA	NA	10000	313607	31.367	5.97712e-05	-76652.8	-158442	NA	NA	NA	NA	NA	NA	NA	NA	NA	NA
HKU_361	NA	NA	10000	314893	31.4924	7.91732e-05	-74703.1	-141281	NA	NA	NA	NA	NA	NA	NA	NA	NA	NA
HKU_362	NA	NA	10000	300211	30.0241	7.97946e-05	-74242.6	-136521	NA	NA	NA	NA	NA	NA	NA	NA	NA	NA
HKU_363	NA	NA	10000	331135	33.1201	0.000223002	-81811.7	-90766.8	NA	NA	NA	NA	NA	NA	NA	NA	NA	NA
HKU_364	NA	NA	10000	312860	31.2891	9.6517e-05	-74500	-134312	NA	NA	NA	NA	NA	NA	NA	NA	NA	NA
HKU_365	NA	NA	10000	310351	31.0444	0.000178891	-76883.3	-81712.7	NA	NA	NA	NA	NA	NA	NA	NA	NA	NA
HKU_366	NA	NA	10000	276211	27.6294	0.000109404	-68094.6	-117427	NA	NA	NA	NA	NA	NA	NA	NA	NA	NA
HKU_367	NA	NA	10000	284491	28.4519	0.000298961	-72168.2	-86898.8	NA	NA	NA	NA	NA	NA	NA	NA	NA	NA
HKU_368	NA	NA	10000	307485	30.7516	0.00142416	-77052	-77702.1	NA	NA	NA	NA	NA	NA	NA	NA	NA	NA
HKU_369	NA	NA	10000	282732	28.2789	0.000215516	-69316.9	-73322.7	NA	NA	NA	NA	NA	NA	NA	NA	NA	NA
HKU_373	NA	NA	10000	290137	29.0166	4.87102e-05	-71014.7	-167841	NA	NA	NA	NA	NA	NA	NA	NA	NA	NA
HKU_375	NA	NA	10000	212729	21.2729	1.40314e-08	-53443.4	-143782	NA	NA	NA	NA	NA	NA	NA	NA	NA	NA
HKU_376	NA	NA	10000	251341	25.1366	8.68903e-05	-63726.3	-149628	NA	NA	NA	NA	NA	NA	NA	NA	NA	NA
HKU_378	NA	NA	10000	281785	28.1785	0.000131765	-69514.1	-160922	NA	NA	NA	NA	NA	NA	NA	NA	NA	NA
HKU_380	NA	NA	10000	266537	26.6564	0.000545461	-66630.1	-68557.7	NA	NA	NA	NA	NA	NA	NA	NA	NA	NA
HKU_382	NA	NA	10000	324832	32.4962	0.000159852	-79025.3	-129621	NA	NA	NA	NA	NA	NA	NA	NA	NA	NA
HKU_383	NA	NA	10000	331187	33.122	0.000133992	-83421.8	-137172	NA	NA	NA	NA	NA	NA	NA	NA	NA	NA
HKU_384	NA	NA	10000	320860	32.0924	0.000347494	-80266.8	-89054.5	NA	NA	NA	NA	NA	NA	NA	NA	NA	NA
HKU_385	NA	NA	10000	326392	32.6457	0.000294925	-82195.9	-87504.5	NA	NA	NA	NA	NA	NA	NA	NA	NA	NA
HKU_388	NA	NA	10000	324556	32.4621	0.00102331	-81589	-82825.2	NA	NA	NA	NA	NA	NA	NA	NA	NA	NA
HKU_389	NA	NA	10000	300696	30.0756	9.73299e-05	-73703.5	-160883	NA	NA	NA	NA	NA	NA	NA	NA	NA	NA
HKU_390	NA	NA	10000	290199	29.0286	8.55808e-05	-70957.4	-123550	NA	NA	NA	NA	NA	NA	NA	NA	NA	NA
HKU_393	NA	NA	10000	350063	35.0133	0.000116383	-85433.4	-123827	NA	NA	NA	NA	NA	NA	NA	NA	NA	NA
HKU_394	NA	NA	10000	270265	27.0265	6.87856e-05	-66342.4	-160375	NA	NA	NA	NA	NA	NA	NA	NA	NA	NA
HKU_396	NA	NA	10000	290454	29.0512	0.000197973	-69368	-78351.3	NA	NA	NA	NA	NA	NA	NA	NA	NA	NA
HKU_402	NA	NA	10000	293491	29.352	7.23052e-05	-72553	-113592	NA	NA	NA	NA	NA	NA	NA	NA	NA	NA
HKU_404	NA	NA	10000	284642	28.4727	6.6507e-05	-69498.9	-138982	NA	NA	NA	NA	NA	NA	NA	NA	NA	NA
HKU_405	NA	NA	10000	288412	28.8412	6.06881e-05	-71007.9	-145545	NA	NA	NA	NA	NA	NA	NA	NA	NA	NA
HKU_407	NA	NA	10000	293279	29.3279	0.00106496	-71703.4	-72594.1	NA	NA	NA	NA	NA	NA	NA	NA	NA	NA
HKU_409	NA	NA	10000	267329	26.7356	0.000215703	-63540.8	-70381.3	NA	NA	NA	NA	NA	NA	NA	NA	NA	NA
HKU_410	NA	NA	10000	333412	33.3545	6.40277e-05	-77867.1	-165826	NA	NA	NA	NA	NA	NA	NA	NA	NA	NA
HKU_411	NA	NA	10000	306199	30.626	9.62715e-05	-74383.1	-121745	NA	NA	NA	NA	NA	NA	NA	NA	NA	NA
HKU_413	NA	NA	10000	313472	31.3566	0.000121769	-77686.6	-153213	NA	NA	NA	NA	NA	NA	NA	NA	NA	NA
HKU_415	NA	NA	10000	298160	29.819	5.35386e-05	-72419.1	-129260	NA	NA	NA	NA	NA	NA	NA	NA	NA	NA
HKU_417	NA	NA	10000	299133	29.9223	0.00010554	-74780.6	-120312	NA	NA	NA	NA	NA	NA	NA	NA	NA	NA
HKU_419	NA	NA	10000	291421	29.1421	8.74302e-10	-70615.9	-70615.9	NA	NA	NA	NA	NA	NA	NA	NA	NA	NA
HKU_41	NA	NA	10000	394731	39.481	0.000150687	-93872.5	-129776	NA	NA	NA	NA	NA	NA	NA	NA	NA	NA
HKU_420	NA	NA	10000	274228	27.4255	4.98575e-05	-68074.3	-151086	NA	NA	NA	NA	NA	NA	NA	NA	NA	NA
HKU_421	NA	NA	10000	287545	28.7545	0.000194244	-68532.2	-144717	NA	NA	NA	NA	NA	NA	NA	NA	NA	NA
HKU_422	NA	NA	10000	285280	28.5337	0.000326901	-69189.9	-75715.1	NA	NA	NA	NA	NA	NA	NA	NA	NA	NA
HKU_423	NA	NA	10000	273814	27.3869	0.000719096	-68039	-68343.6	NA	NA	NA	NA	NA	NA	NA	NA	NA	NA
HKU_426	NA	NA	10000	299785	29.9845	0.00011734	-72930.5	-85342.4	NA	NA	NA	NA	NA	NA	NA	NA	NA	NA
HKU_427	NA	NA	10000	277276	27.7304	0.000131603	-68347.1	-128325	NA	NA	NA	NA	NA	NA	NA	NA	NA	NA
HKU_429	NA	NA	10000	303069	30.3099	0.000171699	-74106.3	-80101.8	NA	NA	NA	NA	NA	NA	NA	NA	NA	NA
HKU_42	NA	NA	10000	389902	38.9941	9.89126e-05	-91034.1	-152275	NA	NA	NA	NA	NA	NA	NA	NA	NA	NA
HKU_431	NA	NA	10000	286297	28.6412	2.78394e-05	-70735.9	-170192	NA	NA	NA	NA	NA	NA	NA	NA	NA	NA
HKU_432	NA	NA	10000	293641	29.3641	7.29247e-05	-70328.8	-118265	NA	NA	NA	NA	NA	NA	NA	NA	NA	NA
HKU_434	NA	NA	10000	312025	31.2056	0.000408838	-78025.9	-82759	NA	NA	NA	NA	NA	NA	NA	NA	NA	NA
HKU_435	NA	NA	10000	315557	31.5557	0.0027219	-76593	-77152.7	NA	NA	NA	NA	NA	NA	NA	NA	NA	NA
HKU_436	NA	NA	10000	343732	34.3766	9.84307e-05	-82496.9	-170847	NA	NA	NA	NA	NA	NA	NA	NA	NA	NA
HKU_437	NA	NA	10000	209302	20.9344	5.185e-05	-52511	-146028	NA	NA	NA	NA	NA	NA	NA	NA	NA	NA
HKU_439	NA	NA	10000	292104	29.2133	6.86423e-05	-70978	-116866	NA	NA	NA	NA	NA	NA	NA	NA	NA	NA
HKU_43	NA	NA	10000	315897	31.6023	0.000161071	-79064.3	-140708	NA	NA	NA	NA	NA	NA	NA	NA	NA	NA
HKU_440	NA	NA	10000	287967	28.7996	2.80592e-05	-72012.2	-155785	NA	NA	NA	NA	NA	NA	NA	NA	NA	NA
HKU_441	NA	NA	10000	307910	30.8002	7.65602e-05	-75709.7	-127970	NA	NA	NA	NA	NA	NA	NA	NA	NA	NA
HKU_442	NA	NA	10000	309112	30.9205	8.88577e-05	-74419	-111450	NA	NA	NA	NA	NA	NA	NA	NA	NA	NA
HKU_448	NA	NA	10000	292945	29.3062	0.000337292	-74775.7	-136697	NA	NA	NA	NA	NA	NA	NA	NA	NA	NA
HKU_449	NA	NA	10000	327268	32.7333	0.000163885	-80845.5	-125073	NA	NA	NA	NA	NA	NA	NA	NA	NA	NA
HKU_44	NA	NA	10000	285146	28.5146	0.000220949	-71297.6	-146795	NA	NA	NA	NA	NA	NA	NA	NA	NA	NA
HKU_450	NA	NA	10000	271209	27.1263	2.27071e-11	-66084.9	-125296	NA	NA	NA	NA	NA	NA	NA	NA	NA	NA
HKU_451	NA	NA	10000	324674	32.4739	4.45887e-05	-78100.7	-156864	NA	NA	NA	NA	NA	NA	NA	NA	NA	NA
HKU_453	NA	NA	10000	318911	31.8943	0.000167658	-78517.4	-119580	NA	NA	NA	NA	NA	NA	NA	NA	NA	NA
HKU_456	NA	NA	10000	330813	33.0846	8.70114e-05	-77794.6	-127925	NA	NA	NA	NA	NA	NA	NA	NA	NA	NA
HKU_457	NA	NA	10000	323802	32.3867	4.61491e-05	-76143.8	-136403	NA	NA	NA	NA	NA	NA	NA	NA	NA	NA
HKU_45	NA	NA	10000	331832	33.1865	0.000105812	-80544.4	-169224	NA	NA	NA	NA	NA	NA	NA	NA	NA	NA
HKU_461	NA	NA	10000	353064	35.3064	7.62937e-05	-86814.8	-182031	NA	NA	NA	NA	NA	NA	NA	NA	NA	NA
HKU_463	NA	NA	10000	369751	36.9788	0.000159703	-89411	-110299	NA	NA	NA	NA	NA	NA	NA	NA	NA	NA
HKU_465	NA	NA	10000	342216	34.2216	0.000196804	-84704	-87798.8	NA	NA	NA	NA	NA	NA	NA	NA	NA	NA
HKU_466	NA	NA	10000	357646	35.7789	0.000156399	-86671.6	-95907.6	NA	NA	NA	NA	NA	NA	NA	NA	NA	NA
HKU_467	NA	NA	10000	336058	33.6125	0.000102313	-82724.5	-127039	NA	NA	NA	NA	NA	NA	NA	NA	NA	NA
HKU_468	NA	NA	10000	307891	30.7983	4.77591e-05	-74275.6	-155746	NA	NA	NA	NA	NA	NA	NA	NA	NA	NA
HKU_469	NA	NA	10000	332878	33.2911	0.00027561	-80948.9	-100721	NA	NA	NA	NA	NA	NA	NA	NA	NA	NA
HKU_46	NA	NA	10000	371192	37.1192	0.000146832	-89524.9	-132001	NA	NA	NA	NA	NA	NA	NA	NA	NA	NA
HKU_470	NA	NA	10000	353301	35.3336	0.00014055	-85275.3	-89258.5	NA	NA	NA	NA	NA	NA	NA	NA	NA	NA
HKU_474	NA	NA	10000	346626	34.6695	0.000285174	-85295.7	-107612	NA	NA	NA	NA	NA	NA	NA	NA	NA	NA
HKU_475	NA	NA	10000	335681	33.5748	0.000193156	-81685.5	-84054.4	NA	NA	NA	NA	NA	NA	NA	NA	NA	NA
HKU_478	NA	NA	10000	304554	30.4584	5.49883e-05	-72521	-79137.8	NA	NA	NA	NA	NA	NA	NA	NA	NA	NA
HKU_481	NA	NA	10000	319778	31.981	8.52228e-05	-78361.9	-161616	NA	NA	NA	NA	NA	NA	NA	NA	NA	NA
HKU_482	NA	NA	10000	319235	31.9299	2.93176e-05	-77756.3	-141068	NA	NA	NA	NA	NA	NA	NA	NA	NA	NA
HKU_484	NA	NA	10000	303857	30.3887	2.48103e-05	-74389.2	-147510	NA	NA	NA	NA	NA	NA	NA	NA	NA	NA
HKU_48	NA	NA	10000	337833	33.7867	5.92986e-05	-83358.1	-177676	NA	NA	NA	NA	NA	NA	NA	NA	NA	NA
HKU_501	NA	NA	10000	368329	36.8329	0.000345619	-89392.3	-91711.7	NA	NA	NA	NA	NA	NA	NA	NA	NA	NA
HKU_509	NA	NA	10000	318613	31.8677	0.000256383	-78005.6	-94804.4	NA	NA	NA	NA	NA	NA	NA	NA	NA	NA
HKU_50	NA	NA	10000	330274	33.0307	0.000221052	-80188.1	-167412	NA	NA	NA	NA	NA	NA	NA	NA	NA	NA
HKU_512	NA	NA	10000	331731	33.1797	8.82188e-05	-81090.9	-141988	NA	NA	NA	NA	NA	NA	NA	NA	NA	NA
HKU_518	NA	NA	10000	314529	31.456	8.94268e-05	-78205.9	-163447	NA	NA	NA	NA	NA	NA	NA	NA	NA	NA
HKU_51	NA	NA	10000	394086	39.4125	0.000111384	-93706.7	-122768	NA	NA	NA	NA	NA	NA	NA	NA	NA	NA
HKU_522	NA	NA	10000	314453	31.4484	7.19267e-05	-78465.2	-157948	NA	NA	NA	NA	NA	NA	NA	NA	NA	NA
HKU_525	NA	NA	10000	268421	26.8475	0.000170706	-68239.6	-132062	NA	NA	NA	NA	NA	NA	NA	NA	NA	NA
HKU_526	NA	NA	10000	307151	30.7243	4.40888e-05	-75270.6	-146300	NA	NA	NA	NA	NA	NA	NA	NA	NA	NA
HKU_529	NA	NA	10000	293987	29.4016	9.61541e-05	-73753.4	-169076	NA	NA	NA	NA	NA	NA	NA	NA	NA	NA
HKU_52	NA	NA	10000	390961	39.0961	0.000108355	-92009.8	-117410	NA	NA	NA	NA	NA	NA	NA	NA	NA	NA
HKU_531	NA	NA	10000	315430	31.5493	9.20488e-05	-79217.3	-155945	NA	NA	NA	NA	NA	NA	NA	NA	NA	NA
HKU_537	NA	NA	10000	286804	28.6833	0.000138975	-73894.8	-139312	NA	NA	NA	NA	NA	NA	NA	NA	NA	NA
HKU_53	NA	NA	10000	312701	31.2701	7.51672e-11	-77806.6	-136493	NA	NA	NA	NA	NA	NA	NA	NA	NA	NA
HKU_545	NA	NA	10000	339126	33.9194	0.000275591	-81914.4	-84651.2	NA	NA	NA	NA	NA	NA	NA	NA	NA	NA
HKU_548	NA	NA	10000	331192	33.1258	0.000206537	-82035.4	-114296	NA	NA	NA	NA	NA	NA	NA	NA	NA	NA
HKU_54	NA	NA	10000	299705	29.9735	0.00020522	-75163.7	-130835	NA	NA	NA	NA	NA	NA	NA	NA	NA	NA
HKU_550	NA	NA	10000	326252	32.6252	8.83151e-05	-80771	-153704	NA	NA	NA	NA	NA	NA	NA	NA	NA	NA
HKU_551	NA	NA	10000	334268	33.4301	7.30439e-05	-82397.7	-178102	NA	NA	NA	NA	NA	NA	NA	NA	NA	NA
HKU_55	NA	NA	10000	291759	29.1847	0.000240607	-70977	-136342	NA	NA	NA	NA	NA	NA	NA	NA	NA	NA
HKU_57	NA	NA	10000	270968	27.0995	0.000207714	-67660.3	-69830.8	NA	NA	NA	NA	NA	NA	NA	NA	NA	NA
HKU_58	NA	NA	10000	272826	27.2881	0.000144027	-68441.6	-86584.5	NA	NA	NA	NA	NA	NA	NA	NA	NA	NA
HKU_59	NA	NA	10000	335687	33.5721	6.0446e-05	-82307.9	-126551	NA	NA	NA	NA	NA	NA	NA	NA	NA	NA
HKU_60	NA	NA	10000	355147	35.5254	7.11639e-05	-86092.8	-174143	NA	NA	NA	NA	NA	NA	NA	NA	NA	NA
HKU_61	NA	NA	10000	396561	39.6601	0.000101128	-92900.5	-170896	NA	NA	NA	NA	NA	NA	NA	NA	NA	NA
HKU_63	NA	NA	10000	321749	32.1749	0.000128992	-78813.6	-169917	NA	NA	NA	NA	NA	NA	NA	NA	NA	NA
HKU_64	NA	NA	10000	322672	32.2704	7.20938e-05	-79966.9	-143924	NA	NA	NA	NA	NA	NA	NA	NA	NA	NA
HKU_66	NA	NA	10000	384023	38.4061	5.34446e-05	-93127.2	-158244	NA	NA	NA	NA	NA	NA	NA	NA	NA	NA
HKU_67	NA	NA	10000	381921	38.1997	0.000195348	-88873.5	-101291	NA	NA	NA	NA	NA	NA	NA	NA	NA	NA
HKU_68	NA	NA	10000	352912	35.2947	0.00011811	-85863.6	-164581	NA	NA	NA	NA	NA	NA	NA	NA	NA	NA
HKU_69	NA	NA	10000	373509	37.3696	0.000112762	-90734.6	-92684.8	NA	NA	NA	NA	NA	NA	NA	NA	NA	NA
HKU_6	NA	NA	10000	352922	35.2957	0.000131745	-87535.7	-168873	NA	NA	NA	NA	NA	NA	NA	NA	NA	NA
HKU_70	NA	NA	10000	399187	39.9187	6.68283e-05	-96679.4	-161597	NA	NA	NA	NA	NA	NA	NA	NA	NA	NA
HKU_71	NA	NA	10000	388058	38.8136	0.000106627	-92468.3	-138148	NA	NA	NA	NA	NA	NA	NA	NA	NA	NA
HKU_72	NA	NA	10000	382065	38.2141	5.00691e-05	-91103	-155633	NA	NA	NA	NA	NA	NA	NA	NA	NA	NA
HKU_76	NA	NA	10000	356154	35.6154	0.000196476	-85780.2	-94626.3	NA	NA	NA	NA	NA	NA	NA	NA	NA	NA
HKU_77	NA	NA	10000	350255	35.029	0.00016966	-84329.8	-95731.7	NA	NA	NA	NA	NA	NA	NA	NA	NA	NA
HKU_78	NA	NA	10000	382060	38.2136	0.000199403	-92540.2	-93767.9	NA	NA	NA	NA	NA	NA	NA	NA	NA	NA
HKU_7	NA	NA	10000	340204	34.0204	0.000107854	-83594.5	-157436	NA	NA	NA	NA	NA	NA	NA	NA	NA	NA
HKU_89	NA	NA	10000	396143	39.6183	0.000126794	-94894.1	-163732	NA	NA	NA	NA	NA	NA	NA	NA	NA	NA
HKU_8	NA	NA	10000	352889	35.2924	0.000131712	-86855.5	-124453	NA	NA	NA	NA	NA	NA	NA	NA	NA	NA
HKU_91	NA	NA	10000	391610	39.161	0.000589859	-91015	-95295.3	NA	NA	NA	NA	NA	NA	NA	NA	NA	NA
HKU_93	NA	NA	10000	386577	38.6577	0.000145721	-91944.4	-98612.9	NA	NA	NA	NA	NA	NA	NA	NA	NA	NA
HKU_96	NA	NA	10000	394481	39.456	9.96428e-05	-95192.7	-112863	NA	NA	NA	NA	NA	NA	NA	NA	NA	NA
HKU_9	NA	NA	10000	315244	31.5339	7.20631e-05	-77693.9	-116155	NA	NA	NA	NA	NA	NA	NA	NA	NA	NA
HKUPS_001Blood	NA	NA	10000	419339	41.9339	0.000304667	-104825	-137578	NA	NA	NA	NA	NA	NA	NA	NA	NA	NA
HKUPS_001Cell	NA	NA	10000	419116	41.9158	0.000249955	-105180	-118762	NA	NA	NA	NA	NA	NA	NA	NA	NA	NA
HKUPS_003Cell	NA	NA	10000	292469	29.2528	0.000366402	-73799.3	-75735.8	NA	NA	NA	NA	NA	NA	NA	NA	NA	NA
HLA107	NA	NA	10000	499506	49.9656	0.000297856	-115584	-119244	NA	NA	NA	NA	NA	NA	NA	NA	NA	NA
HLA111	NA	NA	10000	471131	47.1178	0.000295999	-109781	-120092	NA	NA	NA	NA	NA	NA	NA	NA	NA	NA
HLA113	NA	NA	10000	429282	42.9454	0.000334334	-100609	-108818	NA	NA	NA	NA	NA	NA	NA	NA	NA	NA
HLA114	NA	NA	10000	377663	37.7776	0.00058227	-93204.8	-94860.9	NA	NA	NA	NA	NA	NA	NA	NA	NA	NA
HLA118	NA	NA	10000	340300	34.0402	0.000413825	-80991.5	-85350	NA	NA	NA	NA	NA	NA	NA	NA	NA	NA
HLA135	NA	NA	10000	324301	32.4431	0.000626629	-81016.2	-82606	NA	NA	NA	NA	NA	NA	NA	NA	NA	NA
HLA139	NA	NA	10000	346229	34.6298	0.000587517	-84932.4	-87929.4	NA	NA	NA	NA	NA	NA	NA	NA	NA	NA
HLA153	NA	NA	10000	416249	41.6249	0.000771409	-98574.5	-100235	NA	NA	NA	NA	NA	NA	NA	NA	NA	NA
HLA266	NA	NA	10000	419821	41.9821	0.000614165	-102939	-103767	NA	NA	NA	NA	NA	NA	NA	NA	NA	NA
HS04001	NA	NA	10000	384769	38.4846	1.85626e-08	-94656.7	-94656.7	NA	NA	NA	NA	NA	NA	NA	NA	NA	NA
HS04002	NA	NA	10000	459691	45.9737	3.56524e-07	-109704	-140769	NA	NA	NA	NA	NA	NA	NA	NA	NA	NA
HS04003	NA	NA	10000	502805	50.2956	0.000231995	-122950	-127640	NA	NA	NA	NA	NA	NA	NA	NA	NA	NA
HS04004	NA	NA	10000	463114	46.3207	0.000136172	-107541	-117153	NA	NA	NA	NA	NA	NA	NA	NA	NA	NA
HS04005	NA	NA	10000	469194	46.9335	0.00012587	-111539	-118183	NA	NA	NA	NA	NA	NA	NA	NA	NA	NA
HS04006	NA	NA	10000	474480	47.4527	6.3064e-05	-117064	-182341	NA	NA	NA	NA	NA	NA	NA	NA	NA	NA
HS04008	NA	NA	10000	497237	49.7237	0.000343072	-118665	-137913	NA	NA	NA	NA	NA	NA	NA	NA	NA	NA
HS04009	NA	NA	10000	448988	44.9033	0.000304024	-111805	-114438	NA	NA	NA	NA	NA	NA	NA	NA	NA	NA
HS04010	NA	NA	10000	510636	51.0687	0.000269152	-120893	-122143	NA	NA	NA	NA	NA	NA	NA	NA	NA	NA
HS04011	NA	NA	10000	469473	46.9567	8.62595e-05	-114283	-129905	NA	NA	NA	NA	NA	NA	NA	NA	NA	NA
HS04012	NA	NA	10000	467422	46.7469	5.3571e-05	-113441	-151068	NA	NA	NA	NA	NA	NA	NA	NA	NA	NA
HS04014	NA	NA	10000	502376	50.2476	8.11624e-05	-117054	-172670	NA	NA	NA	NA	NA	NA	NA	NA	NA	NA
HS04015	NA	NA	10000	433298	43.3341	7.11574e-05	-105593	-162776	NA	NA	NA	NA	NA	NA	NA	NA	NA	NA
HS04016	NA	NA	10000	443262	44.3306	1.86692e-08	-109431	-109431	NA	NA	NA	NA	NA	NA	NA	NA	NA	NA
HS04017	NA	NA	10000	448965	44.901	4.75874e-05	-109186	-131135	NA	NA	NA	NA	NA	NA	NA	NA	NA	NA
HS04018	NA	NA	10000	439195	43.9283	0.000168556	-109686	-138889	NA	NA	NA	NA	NA	NA	NA	NA	NA	NA
HS04019	NA	NA	10000	477816	47.7912	0.000188192	-121219	-130489	NA	NA	NA	NA	NA	NA	NA	NA	NA	NA
HS04020	NA	NA	10000	470517	47.0658	0.00010593	-109201	-161033	NA	NA	NA	NA	NA	NA	NA	NA	NA	NA
HS04021	NA	NA	10000	482183	48.2279	0.00173108	-116323	-116703	NA	NA	NA	NA	NA	NA	NA	NA	NA	NA
HS04022	NA	NA	10000	439016	43.9016	2.98292e-05	-105492	-159589	NA	NA	NA	NA	NA	NA	NA	NA	NA	NA
HS04023	NA	NA	10000	444827	44.4871	3.0211e-05	-102113	-172615	NA	NA	NA	NA	NA	NA	NA	NA	NA	NA
HS04024	NA	NA	10000	461921	46.2013	0.000121866	-111670	-115893	NA	NA	NA	NA	NA	NA	NA	NA	NA	NA
HS04025	NA	NA	10000	424682	42.4767	7.01673e-06	-104083	-196151	NA	NA	NA	NA	NA	NA	NA	NA	NA	NA
HS04026	NA	NA	10000	420517	42.0643	2.1559e-09	-98919.5	-198395	NA	NA	NA	NA	NA	NA	NA	NA	NA	NA
HS04027	NA	NA	10000	415598	41.564	8.85753e-05	-103932	-158115	NA	NA	NA	NA	NA	NA	NA	NA	NA	NA
HS04028	NA	NA	10000	419127	41.9169	9.80574e-05	-106540	-128580	NA	NA	NA	NA	NA	NA	NA	NA	NA	NA
HS04029	NA	NA	10000	409221	40.9303	7.41886e-05	-98312	-142811	NA	NA	NA	NA	NA	NA	NA	NA	NA	NA
HS04030	NA	NA	10000	395968	39.5968	1.31323e-08	-93788.2	-149441	NA	NA	NA	NA	NA	NA	NA	NA	NA	NA
HS04031	NA	NA	10000	409863	40.9863	4.79801e-05	-98526.7	-143663	NA	NA	NA	NA	NA	NA	NA	NA	NA	NA
HS04032	NA	NA	10000	437841	43.7929	8.0121e-05	-103492	-122955	NA	NA	NA	NA	NA	NA	NA	NA	NA	NA
HS04033	NA	NA	10000	418347	41.8431	6.23802e-05	-104793	-168677	NA	NA	NA	NA	NA	NA	NA	NA	NA	NA
HS04034	NA	NA	10000	379940	38.0054	3.11252e-08	-93019.5	-172171	NA	NA	NA	NA	NA	NA	NA	NA	NA	NA
HS04035	NA	NA	10000	367893	36.7893	1.29172e-09	-91628.9	-170923	NA	NA	NA	NA	NA	NA	NA	NA	NA	NA
HS04036	NA	NA	10000	415648	41.569	0.000107445	-101344	-118835	NA	NA	NA	NA	NA	NA	NA	NA	NA	NA
HS04037	NA	NA	10000	388887	38.8926	1.85465e-05	-94722.2	-194372	NA	NA	NA	NA	NA	NA	NA	NA	NA	NA
HS04038	NA	NA	10000	449219	44.9219	0.000250101	-105017	-108250	NA	NA	NA	NA	NA	NA	NA	NA	NA	NA
HS04039	NA	NA	10000	453549	45.364	3.40534e-05	-108208	-203740	NA	NA	NA	NA	NA	NA	NA	NA	NA	NA
HS04040	NA	NA	10000	447757	44.7847	5.22446e-12	-107146	-166018	NA	NA	NA	NA	NA	NA	NA	NA	NA	NA
HS04041	NA	NA	10000	434217	43.4304	3.05095e-08	-107419	-177123	NA	NA	NA	NA	NA	NA	NA	NA	NA	NA
HS04042	NA	NA	10000	440066	44.0154	4.63121e-09	-105556	-187493	NA	NA	NA	NA	NA	NA	NA	NA	NA	NA
HS04043	NA	NA	10000	465179	46.5272	5.79687e-05	-110757	-154661	NA	NA	NA	NA	NA	NA	NA	NA	NA	NA
HS04044	NA	NA	10000	440127	44.0171	2.4112e-05	-106631	-155556	NA	NA	NA	NA	NA	NA	NA	NA	NA	NA
HS04045	NA	NA	10000	422876	42.2918	9.10829e-09	-101812	-202602	NA	NA	NA	NA	NA	NA	NA	NA	NA	NA
HS04046	NA	NA	10000	455973	45.6019	5.70454e-05	-107508	-133289	NA	NA	NA	NA	NA	NA	NA	NA	NA	NA
HS04047	NA	NA	10000	464731	46.4731	1.429e-05	-112476	-180365	NA	NA	NA	NA	NA	NA	NA	NA	NA	NA
HS04048	NA	NA	10000	461772	46.1818	3.16014e-05	-113593	-132153	NA	NA	NA	NA	NA	NA	NA	NA	NA	NA
HS04049	NA	NA	10000	452050	45.2095	6.92051e-08	-110678	-146894	NA	NA	NA	NA	NA	NA	NA	NA	NA	NA
HS04050	NA	NA	10000	436865	43.6865	0.000461338	-106596	-109885	NA	NA	NA	NA	NA	NA	NA	NA	NA	NA
HS04051	NA	NA	10000	404756	40.4756	7.67179e-05	-97878.6	-115858	NA	NA	NA	NA	NA	NA	NA	NA	NA	NA
HS04052	NA	NA	10000	398278	39.8318	0.000181093	-95752.1	-102178	NA	NA	NA	NA	NA	NA	NA	NA	NA	NA
HS11034	NA	NA	10000	452007	45.255	0.000113467	-110025	-156204	NA	NA	NA	NA	NA	NA	NA	NA	NA	NA
HS11035	NA	NA	10000	417952	41.7952	5.53098e-05	-101144	-177966	NA	NA	NA	NA	NA	NA	NA	NA	NA	NA
HS11036	NA	NA	10000	425743	42.5786	9.38121e-05	-104410	-178918	NA	NA	NA	NA	NA	NA	NA	NA	NA	NA
HS11037	NA	NA	10000	417093	41.726	0.000663646	-103447	-106338	NA	NA	NA	NA	NA	NA	NA	NA	NA	NA
HS11038	NA	NA	10000	427699	42.7742	0.000143305	-103864	-146190	NA	NA	NA	NA	NA	NA	NA	NA	NA	NA
HS11039	NA	NA	10000	410819	41.0819	0.000814576	-99746.1	-100041	NA	NA	NA	NA	NA	NA	NA	NA	NA	NA
HS11040	NA	NA	10000	420800	42.0884	1.09968e-05	-106670	-199126	NA	NA	NA	NA	NA	NA	NA	NA	NA	NA
huangsiqimu	NA	NA	10000	294970	29.4999	0.00204808	-71840.3	-72095.6	NA	NA	NA	NA	NA	NA	NA	NA	NA	NA
huangziyufu	NA	NA	10000	374985	37.5023	0.000404804	-91900.2	-92758.3	NA	NA	NA	NA	NA	NA	NA	NA	NA	NA
huangziyumu	NA	NA	10000	363675	36.3711	0.000584084	-85470.2	-87029	NA	NA	NA	NA	NA	NA	NA	NA	NA	NA
huangziyu	NA	NA	10000	355779	35.5815	0.000361098	-84494.9	-84931.4	NA	NA	NA	NA	NA	NA	NA	NA	NA	NA
huhaobofu	NA	NA	10000	395823	39.5863	0.00205819	-95937.7	-96401.6	NA	NA	NA	NA	NA	NA	NA	NA	NA	NA
huhaobomu	NA	NA	10000	389592	38.967	3.78663e-05	-94572.9	-164075	NA	NA	NA	NA	NA	NA	NA	NA	NA	NA
huhaobo	NA	NA	10000	365199	36.5236	0.00235047	-89334.7	-89784.2	NA	NA	NA	NA	NA	NA	NA	NA	NA	NA
huxinlefu	NA	NA	10000	383260	38.326	8.95413e-05	-93569.3	-152394	NA	NA	NA	NA	NA	NA	NA	NA	NA	NA
huxinlemu	NA	NA	10000	367961	36.8071	0.000127896	-87321.1	-115430	NA	NA	NA	NA	NA	NA	NA	NA	NA	NA
huxinle	NA	NA	10000	306907	30.703	0.000270329	-74344.1	-102005	NA	NA	NA	NA	NA	NA	NA	NA	NA	NA
HXPA	NA	NA	10000	320114	32.0178	0.000595419	-78728.1	-83328.3	NA	NA	NA	NA	NA	NA	NA	NA	NA	NA
IMR-90	NA	NA	10000	349793	34.9793	0.0171614	-95758.2	-103050	NA	NA	NA	NA	NA	NA	NA	NA	NA	NA
jiangjianhuifu	NA	NA	10000	368183	36.822	0.000196353	-91924.6	-135567	NA	NA	NA	NA	NA	NA	NA	NA	NA	NA
jiangjianhuimu	NA	NA	10000	293139	29.3198	0.00383107	-74326.3	-74877.8	NA	NA	NA	NA	NA	NA	NA	NA	NA	NA
jiangjunxianfu	NA	NA	10000	368138	36.8138	0.000158405	-89955.3	-93484.8	NA	NA	NA	NA	NA	NA	NA	NA	NA	NA
jiangjunxianmu	NA	NA	10000	358634	35.867	0.000113903	-84525.2	-141704	NA	NA	NA	NA	NA	NA	NA	NA	NA	NA
jiangjunxian	NA	NA	10000	372368	37.2405	0.000177427	-88587.8	-97796.4	NA	NA	NA	NA	NA	NA	NA	NA	NA	NA
jiangyushanmu	NA	NA	10000	327152	32.7217	0.00457518	-81279.3	-82113.7	NA	NA	NA	NA	NA	NA	NA	NA	NA	NA
KIF3Bhetero12_003	NA	NA	10000	398207	39.8287	0.000995742	-96049.9	-97442	NA	NA	NA	NA	NA	NA	NA	NA	NA	NA
KIF3Bhomo10_003	NA	NA	10000	443896	44.3985	0.000316675	-105525	-106080	NA	NA	NA	NA	NA	NA	NA	NA	NA	NA
KIF3Bhomo15_003	NA	NA	10000	371936	37.201	0.000219072	-92042.8	-114819	NA	NA	NA	NA	NA	NA	NA	NA	NA	NA
kongxiangcan	NA	NA	10000	390499	39.0577	0.000224162	-93440.2	-99678.7	NA	NA	NA	NA	NA	NA	NA	NA	NA	NA
KPGP-00001	NA	NA	10000	281507	28.1789	3.1903e-05	-67252.6	-126720	NA	NA	NA	NA	NA	NA	NA	NA	NA	NA
KPGP-00002	NA	NA	10000	297329	29.7627	0.000146081	-72027.1	-77777.1	NA	NA	NA	NA	NA	NA	NA	NA	NA	NA
KPGP-00003	NA	NA	10000	308798	30.886	5.06384e-07	-73990.8	-110572	NA	NA	NA	NA	NA	NA	NA	NA	NA	NA
KPGP-00005	NA	NA	10000	277743	27.8077	8.43894e-05	-66712.1	-122560	NA	NA	NA	NA	NA	NA	NA	NA	NA	NA
KPGP-00006	NA	NA	10000	269254	26.9551	2.42683e-08	-64820	-117466	NA	NA	NA	NA	NA	NA	NA	NA	NA	NA
KPGP-00009	NA	NA	10000	251462	25.1537	0.000131256	-62948.4	-139169	NA	NA	NA	NA	NA	NA	NA	NA	NA	NA
KPGP-00010	NA	NA	10000	241584	24.1608	0.000140328	-61747.3	-115568	NA	NA	NA	NA	NA	NA	NA	NA	NA	NA
KPGP-00032	NA	NA	10000	337231	33.7332	5.69368e-08	-81529.9	-81529.9	NA	NA	NA	NA	NA	NA	NA	NA	NA	NA
KPGP-00033	NA	NA	10000	328856	32.8922	5.29342e-08	-78005.6	-108023	NA	NA	NA	NA	NA	NA	NA	NA	NA	NA
KPGP-00039	NA	NA	10000	311553	31.1553	0.00262388	-76020.1	-76289.3	NA	NA	NA	NA	NA	NA	NA	NA	NA	NA
KPGP-00056	NA	NA	10000	332927	33.296	0.000758691	-79123.1	-80013.4	NA	NA	NA	NA	NA	NA	NA	NA	NA	NA
KPGP-00086	NA	NA	10000	311699	31.173	0.00136629	-77070.4	-77705.8	NA	NA	NA	NA	NA	NA	NA	NA	NA	NA
KPGP-00088	NA	NA	10000	252887	25.2912	0.000144023	-63177.7	-101358	NA	NA	NA	NA	NA	NA	NA	NA	NA	NA
KPGP-00089	NA	NA	10000	256013	25.6039	4.75607e-05	-63713	-144950	NA	NA	NA	NA	NA	NA	NA	NA	NA	NA
KPGP-00090	NA	NA	10000	245917	24.604	0.000202709	-61801.9	-71952.3	NA	NA	NA	NA	NA	NA	NA	NA	NA	NA
KPGP-00091	NA	NA	10000	240864	24.0984	7.52903e-05	-60344.1	-86157.4	NA	NA	NA	NA	NA	NA	NA	NA	NA	NA
KPGP-00117	NA	NA	10000	351281	35.1879	1.40354e-07	-85271.1	-85271.1	NA	NA	NA	NA	NA	NA	NA	NA	NA	NA
KPGP-00120	NA	NA	10000	369850	37.0294	6.62718e-08	-89432	-189086	NA	NA	NA	NA	NA	NA	NA	NA	NA	NA
KPGP-00121	NA	NA	10000	361169	36.1386	9.55632e-05	-87262.9	-123030	NA	NA	NA	NA	NA	NA	NA	NA	NA	NA
KPGP-00122	NA	NA	10000	318358	31.8836	1.80771e-08	-75402.8	-165055	NA	NA	NA	NA	NA	NA	NA	NA	NA	NA
KPGP-00124	NA	NA	10000	356471	35.6864	0.000232168	-84917.3	-86797.5	NA	NA	NA	NA	NA	NA	NA	NA	NA	NA
KPGP-00125	NA	NA	10000	371977	37.276	4.65893e-05	-88710.7	-115838	NA	NA	NA	NA	NA	NA	NA	NA	NA	NA
KPGP-00127	NA	NA	10000	374364	37.5415	7.99148e-05	-90808.8	-96584.6	NA	NA	NA	NA	NA	NA	NA	NA	NA	NA
KPGP-00128	NA	NA	10000	366463	36.694	6.51732e-05	-87003	-97989	NA	NA	NA	NA	NA	NA	NA	NA	NA	NA
KPGP-00129	NA	NA	10000	342519	34.2999	6.12758e-05	-82089.7	-91653.6	NA	NA	NA	NA	NA	NA	NA	NA	NA	NA
KPGP-00131	NA	NA	10000	384896	38.5358	4.24449e-05	-93188.1	-141902	NA	NA	NA	NA	NA	NA	NA	NA	NA	NA
KPGP-00132	NA	NA	10000	380322	38.097	0.000101433	-91803.3	-153309	NA	NA	NA	NA	NA	NA	NA	NA	NA	NA
KPGP-00134	NA	NA	10000	363532	36.375	4.11776e-05	-85018.9	-90851.2	NA	NA	NA	NA	NA	NA	NA	NA	NA	NA
KPGP-00136	NA	NA	10000	353440	35.3688	6.85625e-05	-86147.2	-119904	NA	NA	NA	NA	NA	NA	NA	NA	NA	NA
KPGP-00137	NA	NA	10000	369952	37.0508	3.2069e-05	-86152.6	-112057	NA	NA	NA	NA	NA	NA	NA	NA	NA	NA
KPGP-00138	NA	NA	10000	375658	37.6335	0.000109426	-89421.6	-108020	NA	NA	NA	NA	NA	NA	NA	NA	NA	NA
KPGP-00139	NA	NA	10000	332401	33.2867	0.000181157	-78908.4	-89080.3	NA	NA	NA	NA	NA	NA	NA	NA	NA	NA
KPGP-00141	NA	NA	10000	354589	35.5228	1.32155e-07	-87088.5	-160008	NA	NA	NA	NA	NA	NA	NA	NA	NA	NA
KPGP-00142	NA	NA	10000	368759	36.9239	2.70778e-05	-89048.3	-143603	NA	NA	NA	NA	NA	NA	NA	NA	NA	NA
KPGP-00144	NA	NA	10000	385131	38.5748	1.91919e-05	-91037.1	-141752	NA	NA	NA	NA	NA	NA	NA	NA	NA	NA
KPGP-00145	NA	NA	10000	350158	35.0473	3.05493e-08	-83650.3	-154076	NA	NA	NA	NA	NA	NA	NA	NA	NA	NA
KPGP-00205	NA	NA	10000	384917	38.4994	0.0120955	-95464	-97410.8	NA	NA	NA	NA	NA	NA	NA	NA	NA	NA
KPGP-00216	NA	NA	10000	359852	35.9888	0.000222057	-88347.4	-95310.3	NA	NA	NA	NA	NA	NA	NA	NA	NA	NA
KPGP-00219	NA	NA	10000	309394	31.0045	2.50861e-07	-73740.1	-79355.1	NA	NA	NA	NA	NA	NA	NA	NA	NA	NA
KPGP-00220	NA	NA	10000	304879	30.5337	8.76294e-08	-71331.4	-155694	NA	NA	NA	NA	NA	NA	NA	NA	NA	NA
KPGP-00221	NA	NA	10000	318988	31.9243	2.76411e-05	-77111	-144127	NA	NA	NA	NA	NA	NA	NA	NA	NA	NA
KPGP-00224	NA	NA	10000	314753	31.4942	2.93994e-05	-78145.4	-121603	NA	NA	NA	NA	NA	NA	NA	NA	NA	NA
KPGP-00227	NA	NA	10000	356544	35.7044	7.94524e-05	-82396.2	-100164	NA	NA	NA	NA	NA	NA	NA	NA	NA	NA
KPGP-00228	NA	NA	10000	352670	35.3129	1.30127e-05	-83099.3	-171997	NA	NA	NA	NA	NA	NA	NA	NA	NA	NA
KPGP-00229	NA	NA	10000	343328	34.4016	4.45859e-05	-79089.2	-134272	NA	NA	NA	NA	NA	NA	NA	NA	NA	NA
KPGP-00230	NA	NA	10000	344352	34.5008	5.25035e-09	-81270.5	-111772	NA	NA	NA	NA	NA	NA	NA	NA	NA	NA
KPGP-00231	NA	NA	10000	343138	34.355	5.02089e-05	-81294.6	-182235	NA	NA	NA	NA	NA	NA	NA	NA	NA	NA
KPGP-00232	NA	NA	10000	344176	34.4417	0.000188275	-81964.4	-101959	NA	NA	NA	NA	NA	NA	NA	NA	NA	NA
KPGP-00233	NA	NA	10000	333303	33.357	3.62874e-05	-80296.7	-141503	NA	NA	NA	NA	NA	NA	NA	NA	NA	NA
KPGP-00234	NA	NA	10000	365206	36.5645	9.11821e-05	-86103.6	-148342	NA	NA	NA	NA	NA	NA	NA	NA	NA	NA
KPGP-00235	NA	NA	10000	363027	36.3427	6.78035e-05	-86374.8	-157873	NA	NA	NA	NA	NA	NA	NA	NA	NA	NA
KPGP-00245	NA	NA	10000	322924	32.3021	0.000403097	-78468.2	-78998.4	NA	NA	NA	NA	NA	NA	NA	NA	NA	NA
KPGP-00252	NA	NA	10000	363974	36.412	1.53694e-07	-86825.4	-139226	NA	NA	NA	NA	NA	NA	NA	NA	NA	NA
KPGP-00253	NA	NA	10000	356099	35.6277	1.23762e-07	-86193.7	-96249.7	NA	NA	NA	NA	NA	NA	NA	NA	NA	NA
KPGP-00254	NA	NA	10000	358305	35.8341	5.07658e-05	-84829.2	-154008	NA	NA	NA	NA	NA	NA	NA	NA	NA	NA
KPGP-00255	NA	NA	10000	315378	31.5441	0.00138722	-76662.3	-77099.4	NA	NA	NA	NA	NA	NA	NA	NA	NA	NA
KPGP-00256	NA	NA	10000	377776	37.7814	0.000715235	-89653.1	-91979.5	NA	NA	NA	NA	NA	NA	NA	NA	NA	NA
KPGP-00260	NA	NA	10000	340998	34.0998	0.0014418	-83049.7	-83291.3	NA	NA	NA	NA	NA	NA	NA	NA	NA	NA
KPGP-00265	NA	NA	10000	282809	28.3007	9.77069e-05	-69236.5	-155360	NA	NA	NA	NA	NA	NA	NA	NA	NA	NA
KPGP-00266	NA	NA	10000	275765	27.5958	0.000200124	-67137.5	-133916	NA	NA	NA	NA	NA	NA	NA	NA	NA	NA
KPGP-00269	NA	NA	10000	314363	31.4457	0.000163844	-78193	-88992.6	NA	NA	NA	NA	NA	NA	NA	NA	NA	NA
KPGP-00288	NA	NA	10000	359199	35.9307	0.000795322	-87541.7	-88443.3	NA	NA	NA	NA	NA	NA	NA	NA	NA	NA
KPGP-00317	NA	NA	10000	255155	25.5257	0.00058122	-63876.2	-68712.8	NA	NA	NA	NA	NA	NA	NA	NA	NA	NA
KPGP-00318	NA	NA	10000	283322	28.335	0.000247061	-70258.2	-72817.7	NA	NA	NA	NA	NA	NA	NA	NA	NA	NA
KPGP-00319	NA	NA	10000	257754	25.7831	0.000457548	-66264.4	-70940.9	NA	NA	NA	NA	NA	NA	NA	NA	NA	NA
KPGP-00320	NA	NA	10000	254573	25.4624	0.00106056	-62891.6	-64426.7	NA	NA	NA	NA	NA	NA	NA	NA	NA	NA
KPGP-00321	NA	NA	10000	369472	36.9472	0.00103587	-89974.7	-90154.4	NA	NA	NA	NA	NA	NA	NA	NA	NA	NA
KPGP-00324	NA	NA	10000	274989	27.4989	0.00169725	-70569.2	-72786.2	NA	NA	NA	NA	NA	NA	NA	NA	NA	NA
KPGP-00325	NA	NA	10000	304387	30.4448	0.00146664	-74430.9	-75594.9	NA	NA	NA	NA	NA	NA	NA	NA	NA	NA
KPGP-00326	NA	NA	10000	250628	25.0703	0.00150519	-63465.2	-64484.8	NA	NA	NA	NA	NA	NA	NA	NA	NA	NA
KPGP-00327	NA	NA	10000	269053	26.9053	0.00128017	-67252.8	-67783.1	NA	NA	NA	NA	NA	NA	NA	NA	NA	NA
KPGP-00328	NA	NA	10000	356675	35.6746	0.00125776	-87846.9	-88236.4	NA	NA	NA	NA	NA	NA	NA	NA	NA	NA
KPGP-00329	NA	NA	10000	260631	26.0709	0.00105563	-66876.9	-70743.4	NA	NA	NA	NA	NA	NA	NA	NA	NA	NA
KPGP-00331	NA	NA	10000	320479	32.0543	0.00200986	-77806.5	-78681.6	NA	NA	NA	NA	NA	NA	NA	NA	NA	NA
KPGP-00332	NA	NA	10000	331485	33.1518	0.00095491	-80398.5	-81164	NA	NA	NA	NA	NA	NA	NA	NA	NA	NA
KPGP-00333	NA	NA	10000	298456	29.8456	0.000618556	-72365.6	-73647	NA	NA	NA	NA	NA	NA	NA	NA	NA	NA
KPGP-00334	NA	NA	10000	265070	26.515	0.000640866	-67497.3	-71512.6	NA	NA	NA	NA	NA	NA	NA	NA	NA	NA
KPGP-00336	NA	NA	10000	274778	27.4833	0.000700123	-68864.5	-72956.1	NA	NA	NA	NA	NA	NA	NA	NA	NA	NA
KPGP-00337	NA	NA	10000	316707	31.6739	0.00109896	-76358.7	-76544.2	NA	NA	NA	NA	NA	NA	NA	NA	NA	NA
KPGP-00338	NA	NA	10000	306161	30.6222	0.000447808	-77024.9	-79446.2	NA	NA	NA	NA	NA	NA	NA	NA	NA	NA
KPGP-00339	NA	NA	10000	270061	27.0169	0.000844965	-66566.4	-67380.6	NA	NA	NA	NA	NA	NA	NA	NA	NA	NA
KPGP-00340	NA	NA	10000	267423	26.7476	0.000985378	-66728.6	-68623	NA	NA	NA	NA	NA	NA	NA	NA	NA	NA
KPGP-00341	NA	NA	10000	268657	26.8711	0.000620653	-66784.9	-67940.4	NA	NA	NA	NA	NA	NA	NA	NA	NA	NA
KPGP-00342	NA	NA	10000	344447	34.4481	6.99889e-05	-83604.4	-172993	NA	NA	NA	NA	NA	NA	NA	NA	NA	NA
KPGP-00343	NA	NA	10000	340997	34.1099	0.000526998	-82824.1	-84182	NA	NA	NA	NA	NA	NA	NA	NA	NA	NA
KPGP-00344	NA	NA	10000	349204	34.9309	7.60456e-05	-85366.7	-162200	NA	NA	NA	NA	NA	NA	NA	NA	NA	NA
KPGP-00345	NA	NA	10000	351731	35.1837	0.000415176	-85495.3	-85940.2	NA	NA	NA	NA	NA	NA	NA	NA	NA	NA
KPGP-00346	NA	NA	10000	376517	37.6592	8.48475e-05	-90450.1	-162631	NA	NA	NA	NA	NA	NA	NA	NA	NA	NA
KPGP-00347	NA	NA	10000	374852	37.4927	0.000136203	-93182.2	-160431	NA	NA	NA	NA	NA	NA	NA	NA	NA	NA
KPGP-00348	NA	NA	10000	355569	35.5605	4.89702e-05	-85744	-165243	NA	NA	NA	NA	NA	NA	NA	NA	NA	NA
KPGP-00349	NA	NA	10000	281730	28.1786	0.000458947	-75317.1	-82895.6	NA	NA	NA	NA	NA	NA	NA	NA	NA	NA
KPGP-00350	NA	NA	10000	487292	48.7292	0.00153113	-114942	-115192	NA	NA	NA	NA	NA	NA	NA	NA	NA	NA
KPGP-00351	NA	NA	10000	451357	45.1402	0.00157861	-108257	-109792	NA	NA	NA	NA	NA	NA	NA	NA	NA	NA
KPGP-00352	NA	NA	10000	462175	46.2267	0.00113694	-112821	-113297	NA	NA	NA	NA	NA	NA	NA	NA	NA	NA
KPGP-00353	NA	NA	10000	252967	25.2992	0.000178489	-63758.6	-121899	NA	NA	NA	NA	NA	NA	NA	NA	NA	NA
KPGP-00354	NA	NA	10000	226906	22.6951	0.00185604	-57397.6	-58801.9	NA	NA	NA	NA	NA	NA	NA	NA	NA	NA
KPGP-00356	NA	NA	10000	318517	31.8581	0.00116034	-75083.1	-75940.4	NA	NA	NA	NA	NA	NA	NA	NA	NA	NA
KPGP-00357	NA	NA	10000	314459	31.4459	0.00104942	-77680.7	-78640.4	NA	NA	NA	NA	NA	NA	NA	NA	NA	NA
KPGP-00358	NA	NA	10000	366141	36.6178	0.00261277	-90669.2	-94682.9	NA	NA	NA	NA	NA	NA	NA	NA	NA	NA
KPGP-00360	NA	NA	10000	399319	39.9399	6.84823e-05	-95540.1	-152204	NA	NA	NA	NA	NA	NA	NA	NA	NA	NA
KPGP-00361	NA	NA	10000	367004	36.7114	0.000118238	-88577.8	-89324.5	NA	NA	NA	NA	NA	NA	NA	NA	NA	NA
KPGP-00362	NA	NA	10000	361252	36.1324	9.08801e-05	-85763.5	-153288	NA	NA	NA	NA	NA	NA	NA	NA	NA	NA
KPGP-00363	NA	NA	10000	410301	41.0342	5.98019e-05	-96744.7	-139292	NA	NA	NA	NA	NA	NA	NA	NA	NA	NA
KPGP-00364	NA	NA	10000	412950	41.3033	9.99994e-05	-99750.8	-180586	NA	NA	NA	NA	NA	NA	NA	NA	NA	NA
L100	NA	NA	10000	361204	36.124	0.000112586	-87341.9	-112671	NA	NA	NA	NA	NA	NA	NA	NA	NA	NA
L101	NA	NA	10000	369210	36.9284	0.000106645	-87287.1	-127837	NA	NA	NA	NA	NA	NA	NA	NA	NA	NA
L102	NA	NA	10000	359263	35.9299	0.000295559	-87995.6	-91153.4	NA	NA	NA	NA	NA	NA	NA	NA	NA	NA
L103	NA	NA	10000	362833	36.2942	0.000122672	-88000	-159015	NA	NA	NA	NA	NA	NA	NA	NA	NA	NA
L104	NA	NA	10000	375005	37.5118	0.000128953	-90020.5	-104581	NA	NA	NA	NA	NA	NA	NA	NA	NA	NA
L105	NA	NA	10000	375580	37.5693	0.00016802	-90392.7	-111330	NA	NA	NA	NA	NA	NA	NA	NA	NA	NA
L106	NA	NA	10000	377152	37.7265	6.77196e-05	-94151.7	-167985	NA	NA	NA	NA	NA	NA	NA	NA	NA	NA
L107	NA	NA	10000	375629	37.5742	9.61081e-05	-92189.5	-129919	NA	NA	NA	NA	NA	NA	NA	NA	NA	NA
L108	NA	NA	10000	371320	37.1431	0.000130588	-91264.3	-134841	NA	NA	NA	NA	NA	NA	NA	NA	NA	NA
L109	NA	NA	10000	349292	34.9362	6.96866e-05	-83176.4	-144335	NA	NA	NA	NA	NA	NA	NA	NA	NA	NA
L10	NA	NA	10000	319935	31.9999	0.000299655	-77749	-80128.8	NA	NA	NA	NA	NA	NA	NA	NA	NA	NA
L110	NA	NA	10000	282278	28.2363	0.00013598	-69008.9	-81614.8	NA	NA	NA	NA	NA	NA	NA	NA	NA	NA
L111	NA	NA	10000	296456	29.6515	4.34508e-05	-74447.8	-133021	NA	NA	NA	NA	NA	NA	NA	NA	NA	NA
L112	NA	NA	10000	338241	33.8343	0.000251262	-82965.1	-103872	NA	NA	NA	NA	NA	NA	NA	NA	NA	NA
L113	NA	NA	10000	308872	30.8996	7.57793e-05	-74723.7	-88006.5	NA	NA	NA	NA	NA	NA	NA	NA	NA	NA
L114	NA	NA	10000	371004	37.1078	0.000279323	-89240.7	-98009.5	NA	NA	NA	NA	NA	NA	NA	NA	NA	NA
L115	NA	NA	10000	370530	37.0567	9.38303e-05	-90226.3	-93603.7	NA	NA	NA	NA	NA	NA	NA	NA	NA	NA
L116	NA	NA	10000	329156	32.9189	5.16159e-05	-81822	-180991	NA	NA	NA	NA	NA	NA	NA	NA	NA	NA
L117	NA	NA	10000	370227	37.0338	3.6047e-05	-89869.5	-160956	NA	NA	NA	NA	NA	NA	NA	NA	NA	NA
L118	NA	NA	10000	339245	33.9347	6.3958e-05	-84847.9	-191968	NA	NA	NA	NA	NA	NA	NA	NA	NA	NA
L119	NA	NA	10000	328794	32.8794	0.000160999	-80697.9	-86132.6	NA	NA	NA	NA	NA	NA	NA	NA	NA	NA
L11	NA	NA	10000	349525	34.963	0.000327985	-87003	-91106.8	NA	NA	NA	NA	NA	NA	NA	NA	NA	NA
L120	NA	NA	10000	300560	30.059	0.000272096	-74939.4	-77260.6	NA	NA	NA	NA	NA	NA	NA	NA	NA	NA
L121	NA	NA	10000	303816	30.3907	8.17515e-05	-75969	-142301	NA	NA	NA	NA	NA	NA	NA	NA	NA	NA
L123	NA	NA	10000	349899	34.9969	8.59634e-05	-83894.3	-134905	NA	NA	NA	NA	NA	NA	NA	NA	NA	NA
L124	NA	NA	10000	379903	38.0093	0.00014793	-92523	-94391	NA	NA	NA	NA	NA	NA	NA	NA	NA	NA
L125	NA	NA	10000	351570	35.1711	0.000399938	-87339.4	-89160.8	NA	NA	NA	NA	NA	NA	NA	NA	NA	NA
L126	NA	NA	10000	348867	34.8972	0.000127442	-86106.3	-155373	NA	NA	NA	NA	NA	NA	NA	NA	NA	NA
L127	NA	NA	10000	384118	38.4233	0.00041752	-95161.1	-95954.8	NA	NA	NA	NA	NA	NA	NA	NA	NA	NA
L128	NA	NA	10000	376752	37.6865	0.000235602	-93844.4	-117212	NA	NA	NA	NA	NA	NA	NA	NA	NA	NA
L12	NA	NA	10000	310319	31.035	0.000657513	-77023.9	-77637.2	NA	NA	NA	NA	NA	NA	NA	NA	NA	NA
L133	NA	NA	10000	313934	31.3997	0.000183468	-75959.5	-138426	NA	NA	NA	NA	NA	NA	NA	NA	NA	NA
L134	NA	NA	10000	372393	37.2542	0.000594759	-90170.8	-92815.3	NA	NA	NA	NA	NA	NA	NA	NA	NA	NA
L135	NA	NA	10000	356722	35.6758	0.000371263	-86707.5	-87731.6	NA	NA	NA	NA	NA	NA	NA	NA	NA	NA
L136	NA	NA	10000	362427	36.2536	0.000288596	-89824.9	-115857	NA	NA	NA	NA	NA	NA	NA	NA	NA	NA
L137	NA	NA	10000	355956	35.5992	7.49873e-05	-86290	-162811	NA	NA	NA	NA	NA	NA	NA	NA	NA	NA
L138	NA	NA	10000	356485	35.6628	0.000120781	-87056.7	-136974	NA	NA	NA	NA	NA	NA	NA	NA	NA	NA
L139	NA	NA	10000	293317	29.3376	2.07734e-05	-72952	-148827	NA	NA	NA	NA	NA	NA	NA	NA	NA	NA
L13	NA	NA	10000	358267	35.8303	0.000333792	-88092.3	-90736.2	NA	NA	NA	NA	NA	NA	NA	NA	NA	NA
L140	NA	NA	10000	311867	31.1929	0.000287115	-78801.4	-79886.9	NA	NA	NA	NA	NA	NA	NA	NA	NA	NA
L141	NA	NA	10000	318104	31.8168	7.07497e-05	-80015.2	-142849	NA	NA	NA	NA	NA	NA	NA	NA	NA	NA
L142	NA	NA	10000	316807	31.6807	2.85893e-05	-78633.1	-129322	NA	NA	NA	NA	NA	NA	NA	NA	NA	NA
L143	NA	NA	10000	333457	33.349	5.51316e-05	-83160.9	-150393	NA	NA	NA	NA	NA	NA	NA	NA	NA	NA
L144	NA	NA	10000	317028	31.7091	0.000137806	-79163	-133202	NA	NA	NA	NA	NA	NA	NA	NA	NA	NA
L145	NA	NA	10000	308380	30.8473	0.000256969	-78552.7	-81034.8	NA	NA	NA	NA	NA	NA	NA	NA	NA	NA
L146	NA	NA	10000	331763	33.1863	0.000207878	-84769.1	-130212	NA	NA	NA	NA	NA	NA	NA	NA	NA	NA
L147	NA	NA	10000	355463	35.5499	0.000224677	-86732.5	-87240.1	NA	NA	NA	NA	NA	NA	NA	NA	NA	NA
L148	NA	NA	10000	280682	28.0766	4.17875e-05	-70048.9	-151280	NA	NA	NA	NA	NA	NA	NA	NA	NA	NA
L149	NA	NA	10000	322754	32.2948	0.000492691	-80650.1	-86210.6	NA	NA	NA	NA	NA	NA	NA	NA	NA	NA
L14	NA	NA	10000	351706	35.1812	0.000367164	-86392.9	-86974	NA	NA	NA	NA	NA	NA	NA	NA	NA	NA
L150	NA	NA	10000	339644	33.9814	6.85555e-05	-83210	-142893	NA	NA	NA	NA	NA	NA	NA	NA	NA	NA
L151	NA	NA	10000	330255	33.0288	0.000394856	-80958.9	-81484.6	NA	NA	NA	NA	NA	NA	NA	NA	NA	NA
L152	NA	NA	10000	294884	29.4943	0.00107186	-75950.9	-78239.7	NA	NA	NA	NA	NA	NA	NA	NA	NA	NA
L153	NA	NA	10000	308754	30.8847	0.000173055	-77815.3	-78421.4	NA	NA	NA	NA	NA	NA	NA	NA	NA	NA
L154	NA	NA	10000	320897	32.1025	0.000135041	-79588.4	-134488	NA	NA	NA	NA	NA	NA	NA	NA	NA	NA
L155	NA	NA	10000	341918	34.2021	9.88144e-05	-81249	-99441.2	NA	NA	NA	NA	NA	NA	NA	NA	NA	NA
L156	NA	NA	10000	336966	33.7	0.000131494	-82377.7	-114021	NA	NA	NA	NA	NA	NA	NA	NA	NA	NA
L157	NA	NA	10000	311753	31.1784	0.000624237	-77313.4	-78129.1	NA	NA	NA	NA	NA	NA	NA	NA	NA	NA
L158	NA	NA	10000	343232	34.3266	0.000186563	-86025.8	-133747	NA	NA	NA	NA	NA	NA	NA	NA	NA	NA
L15	NA	NA	10000	354580	35.4722	0.000144132	-87077.9	-148988	NA	NA	NA	NA	NA	NA	NA	NA	NA	NA
L160	NA	NA	10000	343319	34.3353	0.000160693	-84908.4	-154735	NA	NA	NA	NA	NA	NA	NA	NA	NA	NA
L161	NA	NA	10000	332946	33.2979	0.00276207	-84037	-84483.9	NA	NA	NA	NA	NA	NA	NA	NA	NA	NA
L162	NA	NA	10000	305242	30.5273	6.99285e-05	-77838.2	-163089	NA	NA	NA	NA	NA	NA	NA	NA	NA	NA
L163	NA	NA	10000	255715	25.5741	0.00124299	-67771.7	-68669.4	NA	NA	NA	NA	NA	NA	NA	NA	NA	NA
L164	NA	NA	10000	371178	37.1215	0.000131006	-90239.4	-140858	NA	NA	NA	NA	NA	NA	NA	NA	NA	NA
L165	NA	NA	10000	298744	29.8804	0.000179783	-77498	-119351	NA	NA	NA	NA	NA	NA	NA	NA	NA	NA
L166	NA	NA	10000	314643	31.4674	0.000116652	-77650.3	-135323	NA	NA	NA	NA	NA	NA	NA	NA	NA	NA
L167	NA	NA	10000	296372	29.6461	0.000342683	-76767.6	-79966.7	NA	NA	NA	NA	NA	NA	NA	NA	NA	NA
L168	NA	NA	10000	317692	31.7692	0.000296603	-79210.5	-91914.4	NA	NA	NA	NA	NA	NA	NA	NA	NA	NA
L169	NA	NA	10000	330238	33.0271	9.10277e-05	-81112.3	-136396	NA	NA	NA	NA	NA	NA	NA	NA	NA	NA
L16	NA	NA	10000	358403	35.8439	0.000584364	-89781	-96456.4	NA	NA	NA	NA	NA	NA	NA	NA	NA	NA
L170	NA	NA	10000	327540	32.7671	8.36546e-05	-81173.3	-120734	NA	NA	NA	NA	NA	NA	NA	NA	NA	NA
L171	NA	NA	10000	344911	34.5049	0.000358419	-83009.2	-89233.5	NA	NA	NA	NA	NA	NA	NA	NA	NA	NA
L172	NA	NA	10000	346356	34.6425	0.000172056	-84681.9	-132210	NA	NA	NA	NA	NA	NA	NA	NA	NA	NA
L173	NA	NA	10000	349081	34.9256	4.29666e-05	-84238.6	-181619	NA	NA	NA	NA	NA	NA	NA	NA	NA	NA
L174	NA	NA	10000	328328	32.8361	0.00034934	-80498.9	-83855.1	NA	NA	NA	NA	NA	NA	NA	NA	NA	NA
L175	NA	NA	10000	322378	32.2507	0.000414937	-79343.4	-86817.7	NA	NA	NA	NA	NA	NA	NA	NA	NA	NA
L176	NA	NA	10000	346868	34.7042	0.000132109	-83908	-130906	NA	NA	NA	NA	NA	NA	NA	NA	NA	NA
L177	NA	NA	10000	323078	32.3143	0.000707766	-81521.7	-86326.7	NA	NA	NA	NA	NA	NA	NA	NA	NA	NA
L178	NA	NA	10000	321150	32.1214	0.000578765	-79981.3	-80196.1	NA	NA	NA	NA	NA	NA	NA	NA	NA	NA
L179	NA	NA	10000	329066	32.9099	0.000170208	-83296.7	-86738.7	NA	NA	NA	NA	NA	NA	NA	NA	NA	NA
L17	NA	NA	10000	345279	34.5417	0.000405738	-87963.9	-110302	NA	NA	NA	NA	NA	NA	NA	NA	NA	NA
L180	NA	NA	10000	315314	31.5377	0.000368857	-81873.4	-90165.3	NA	NA	NA	NA	NA	NA	NA	NA	NA	NA
L181	NA	NA	10000	339797	33.9831	0.000376044	-82059.2	-86239.3	NA	NA	NA	NA	NA	NA	NA	NA	NA	NA
L182	NA	NA	10000	339315	33.9349	0.000480776	-81364.5	-87821.3	NA	NA	NA	NA	NA	NA	NA	NA	NA	NA
L183	NA	NA	10000	341546	34.1614	0.000117746	-83773.7	-146142	NA	NA	NA	NA	NA	NA	NA	NA	NA	NA
L184	NA	NA	10000	339583	33.9617	0.000359452	-83363.5	-104216	NA	NA	NA	NA	NA	NA	NA	NA	NA	NA
L185	NA	NA	10000	336570	33.6604	0.000245692	-83689.3	-91390.9	NA	NA	NA	NA	NA	NA	NA	NA	NA	NA
L186	NA	NA	10000	336096	33.6197	0.000178557	-81296.4	-105558	NA	NA	NA	NA	NA	NA	NA	NA	NA	NA
L187	NA	NA	10000	337306	33.734	0.000232137	-82469.4	-113586	NA	NA	NA	NA	NA	NA	NA	NA	NA	NA
L188	NA	NA	10000	342287	34.2321	0.000112736	-83255.8	-87257	NA	NA	NA	NA	NA	NA	NA	NA	NA	NA
L189	NA	NA	10000	343727	34.3796	0.00035516	-84644.1	-85870.9	NA	NA	NA	NA	NA	NA	NA	NA	NA	NA
L18	NA	NA	10000	362358	36.243	0.000155146	-89713	-149882	NA	NA	NA	NA	NA	NA	NA	NA	NA	NA
L190	NA	NA	10000	343264	34.3298	0.000127204	-84337.4	-88037.1	NA	NA	NA	NA	NA	NA	NA	NA	NA	NA
L191	NA	NA	10000	342137	34.2171	0.000312221	-81495.9	-82697.3	NA	NA	NA	NA	NA	NA	NA	NA	NA	NA
L193	NA	NA	10000	341589	34.1657	0.00024789	-83718.4	-87917.3	NA	NA	NA	NA	NA	NA	NA	NA	NA	NA
L194	NA	NA	10000	344473	34.4473	0.000185163	-85023.2	-91252	NA	NA	NA	NA	NA	NA	NA	NA	NA	NA
L195	NA	NA	10000	343948	34.4017	0.000310401	-83943.8	-86985.8	NA	NA	NA	NA	NA	NA	NA	NA	NA	NA
L196	NA	NA	10000	343100	34.31	0.000204699	-87914.6	-123227	NA	NA	NA	NA	NA	NA	NA	NA	NA	NA
L197	NA	NA	10000	344474	34.4543	0.00021801	-84078.9	-87825.5	NA	NA	NA	NA	NA	NA	NA	NA	NA	NA
L198	NA	NA	10000	343443	34.3512	0.000644938	-84489.7	-86173.6	NA	NA	NA	NA	NA	NA	NA	NA	NA	NA
L199	NA	NA	10000	339885	33.9919	0.000344437	-84687.4	-86779.9	NA	NA	NA	NA	NA	NA	NA	NA	NA	NA
L19	NA	NA	10000	350834	35.101	0.00014723	-83803.9	-88636.5	NA	NA	NA	NA	NA	NA	NA	NA	NA	NA
L1	NA	NA	10000	362851	36.2924	0.000213685	-86736	-102345	NA	NA	NA	NA	NA	NA	NA	NA	NA	NA
L200	NA	NA	10000	340960	34.1028	0.000214429	-82971.1	-97916.5	NA	NA	NA	NA	NA	NA	NA	NA	NA	NA
L201	NA	NA	10000	371745	37.1857	0.000107443	-92182.9	-149866	NA	NA	NA	NA	NA	NA	NA	NA	NA	NA
L202	NA	NA	10000	332331	33.2397	0.000181035	-79808.2	-91493.3	NA	NA	NA	NA	NA	NA	NA	NA	NA	NA
L203	NA	NA	10000	370411	37.0485	0.000200543	-91156.4	-113492	NA	NA	NA	NA	NA	NA	NA	NA	NA	NA
L204	NA	NA	10000	347661	34.7731	8.28399e-05	-85116.9	-118707	NA	NA	NA	NA	NA	NA	NA	NA	NA	NA
L205	NA	NA	10000	345150	34.5219	5.44319e-05	-83644.5	-164056	NA	NA	NA	NA	NA	NA	NA	NA	NA	NA
L20	NA	NA	10000	369968	36.9968	0.00103892	-90372.2	-90717.3	NA	NA	NA	NA	NA	NA	NA	NA	NA	NA
L21	NA	NA	10000	337116	33.7183	0.00209083	-83006.9	-83488.2	NA	NA	NA	NA	NA	NA	NA	NA	NA	NA
L22	NA	NA	10000	313182	31.3276	0.000271037	-78966.2	-100608	NA	NA	NA	NA	NA	NA	NA	NA	NA	NA
L23	NA	NA	10000	360328	36.0436	0.000155422	-86678	-153320	NA	NA	NA	NA	NA	NA	NA	NA	NA	NA
L24	NA	NA	10000	361308	36.1344	0.000158851	-87409.4	-90999.7	NA	NA	NA	NA	NA	NA	NA	NA	NA	NA
L25	NA	NA	10000	344420	34.4523	0.000384373	-85253.7	-86208.9	NA	NA	NA	NA	NA	NA	NA	NA	NA	NA
L26	NA	NA	10000	365330	36.5476	5.96898e-05	-91538.9	-141243	NA	NA	NA	NA	NA	NA	NA	NA	NA	NA
L27	NA	NA	10000	368608	36.8608	0.00027395	-92618.9	-116633	NA	NA	NA	NA	NA	NA	NA	NA	NA	NA
L28	NA	NA	10000	351216	35.1251	0.000453692	-86321.1	-96125.3	NA	NA	NA	NA	NA	NA	NA	NA	NA	NA
L29	NA	NA	10000	379186	37.9186	0.00019062	-94967.4	-148196	NA	NA	NA	NA	NA	NA	NA	NA	NA	NA
L2	NA	NA	10000	324682	32.4779	0.000105746	-80137.4	-125043	NA	NA	NA	NA	NA	NA	NA	NA	NA	NA
L30	NA	NA	10000	363280	36.3316	0.000182485	-91312	-124155	NA	NA	NA	NA	NA	NA	NA	NA	NA	NA
L31	NA	NA	10000	319766	31.983	0.00016459	-79556.3	-144643	NA	NA	NA	NA	NA	NA	NA	NA	NA	NA
L33	NA	NA	10000	380449	38.0525	9.20423e-05	-95029.1	-117190	NA	NA	NA	NA	NA	NA	NA	NA	NA	NA
L34	NA	NA	10000	379501	37.9615	5.9233e-05	-93788.9	-147773	NA	NA	NA	NA	NA	NA	NA	NA	NA	NA
L35	NA	NA	10000	359308	35.9344	0.000220347	-89576.1	-92883.1	NA	NA	NA	NA	NA	NA	NA	NA	NA	NA
L36	NA	NA	10000	324491	32.4588	0.000283429	-78152.4	-80902.9	NA	NA	NA	NA	NA	NA	NA	NA	NA	NA
L37	NA	NA	10000	380395	38.0433	0.00016913	-94784.4	-97725.6	NA	NA	NA	NA	NA	NA	NA	NA	NA	NA
L38	NA	NA	10000	309956	30.9987	0.000444917	-77213.4	-78076.4	NA	NA	NA	NA	NA	NA	NA	NA	NA	NA
L39	NA	NA	10000	373226	37.3263	0.000120647	-90965	-153797	NA	NA	NA	NA	NA	NA	NA	NA	NA	NA
L3	NA	NA	10000	356804	35.6911	2.96316e-05	-87507.7	-171243	NA	NA	NA	NA	NA	NA	NA	NA	NA	NA
L40	NA	NA	10000	278884	27.894	0.00014749	-69983.3	-74997.4	NA	NA	NA	NA	NA	NA	NA	NA	NA	NA
L41	NA	NA	10000	363499	36.3572	0.00051755	-88966.4	-90583.2	NA	NA	NA	NA	NA	NA	NA	NA	NA	NA
L42	NA	NA	10000	359923	35.9959	0.000235257	-88648.4	-99677	NA	NA	NA	NA	NA	NA	NA	NA	NA	NA
L43	NA	NA	10000	333818	33.3851	0.000138164	-82652.7	-126765	NA	NA	NA	NA	NA	NA	NA	NA	NA	NA
L44	NA	NA	10000	355509	35.5545	0.000133838	-87527.4	-140637	NA	NA	NA	NA	NA	NA	NA	NA	NA	NA
L45	NA	NA	10000	336247	33.6415	0.00055463	-83054.8	-85111.7	NA	NA	NA	NA	NA	NA	NA	NA	NA	NA
L46	NA	NA	10000	350659	35.0729	0.00326906	-86957.8	-87332.1	NA	NA	NA	NA	NA	NA	NA	NA	NA	NA
L47	NA	NA	10000	335425	33.5459	0.000568085	-83511.7	-83571.4	NA	NA	NA	NA	NA	NA	NA	NA	NA	NA
L48	NA	NA	10000	357186	35.7293	0.000119956	-88678.2	-170344	NA	NA	NA	NA	NA	NA	NA	NA	NA	NA
L49	NA	NA	10000	351718	35.1788	0.00029714	-86596.7	-91126.2	NA	NA	NA	NA	NA	NA	NA	NA	NA	NA
L4	NA	NA	10000	342762	34.2796	0.000202084	-84539.4	-100091	NA	NA	NA	NA	NA	NA	NA	NA	NA	NA
L50	NA	NA	10000	283338	28.3423	0.000392064	-72311.7	-73879.9	NA	NA	NA	NA	NA	NA	NA	NA	NA	NA
L51	NA	NA	10000	311484	31.1609	0.000264812	-79162.4	-105050	NA	NA	NA	NA	NA	NA	NA	NA	NA	NA
L52	NA	NA	10000	306992	30.7115	0.000130802	-77541.8	-92007.3	NA	NA	NA	NA	NA	NA	NA	NA	NA	NA
L54	NA	NA	10000	345105	34.5174	0.00549362	-86754.2	-87611.4	NA	NA	NA	NA	NA	NA	NA	NA	NA	NA
L55	NA	NA	10000	332200	33.22	0.000172515	-84465.4	-143139	NA	NA	NA	NA	NA	NA	NA	NA	NA	NA
L56	NA	NA	10000	311708	31.1802	0.000448778	-75991	-80989.6	NA	NA	NA	NA	NA	NA	NA	NA	NA	NA
L57	NA	NA	10000	344590	34.4659	0.000321353	-86247.4	-97286.3	NA	NA	NA	NA	NA	NA	NA	NA	NA	NA
L58	NA	NA	10000	345665	34.5734	0.000356217	-87762.4	-103230	NA	NA	NA	NA	NA	NA	NA	NA	NA	NA
L59	NA	NA	10000	356316	35.6387	0.000196093	-87370.1	-131481	NA	NA	NA	NA	NA	NA	NA	NA	NA	NA
L5	NA	NA	10000	357868	35.8011	0.000142547	-89896.6	-150708	NA	NA	NA	NA	NA	NA	NA	NA	NA	NA
L60	NA	NA	10000	380145	38.0145	0.000568539	-92308.7	-93378.6	NA	NA	NA	NA	NA	NA	NA	NA	NA	NA
L61	NA	NA	10000	355058	35.5129	0.000427051	-89049.6	-89529.4	NA	NA	NA	NA	NA	NA	NA	NA	NA	NA
L62	NA	NA	10000	375982	37.602	0.00310327	-92728.1	-93351.8	NA	NA	NA	NA	NA	NA	NA	NA	NA	NA
L63	NA	NA	10000	347758	34.7862	8.61668e-05	-84846.6	-150529	NA	NA	NA	NA	NA	NA	NA	NA	NA	NA
L64	NA	NA	10000	349324	34.9429	0.000114237	-84975.7	-160620	NA	NA	NA	NA	NA	NA	NA	NA	NA	NA
L65	NA	NA	10000	366474	36.6511	0.000132583	-90013.6	-135829	NA	NA	NA	NA	NA	NA	NA	NA	NA	NA
L67	NA	NA	10000	295805	29.5864	0.000204093	-72673.4	-120466	NA	NA	NA	NA	NA	NA	NA	NA	NA	NA
L68	NA	NA	10000	310673	31.0673	0.000101848	-77355.8	-137531	NA	NA	NA	NA	NA	NA	NA	NA	NA	NA
L69	NA	NA	10000	285513	28.557	0.00115426	-71228.8	-71392.1	NA	NA	NA	NA	NA	NA	NA	NA	NA	NA
L6	NA	NA	10000	345867	34.5971	0.000265482	-83275.7	-85603.5	NA	NA	NA	NA	NA	NA	NA	NA	NA	NA
L70	NA	NA	10000	292036	29.2036	0.000187296	-72481	-124894	NA	NA	NA	NA	NA	NA	NA	NA	NA	NA
L71	NA	NA	10000	274711	27.4766	9.77981e-05	-70558	-159052	NA	NA	NA	NA	NA	NA	NA	NA	NA	NA
L72	NA	NA	10000	298376	29.8406	0.000115456	-76465.8	-104528	NA	NA	NA	NA	NA	NA	NA	NA	NA	NA
L73	NA	NA	10000	347029	34.7098	7.241e-05	-87576.2	-120908	NA	NA	NA	NA	NA	NA	NA	NA	NA	NA
L74	NA	NA	10000	369591	36.9628	0.000169512	-90088.3	-103751	NA	NA	NA	NA	NA	NA	NA	NA	NA	NA
L75	NA	NA	10000	374466	37.4653	0.000523546	-90981.4	-91211	NA	NA	NA	NA	NA	NA	NA	NA	NA	NA
L76	NA	NA	10000	331021	33.112	0.000458675	-81162.6	-84786.5	NA	NA	NA	NA	NA	NA	NA	NA	NA	NA
L77	NA	NA	10000	375710	37.5785	0.000163594	-95122	-143328	NA	NA	NA	NA	NA	NA	NA	NA	NA	NA
L78	NA	NA	10000	373467	37.3691	0.000298366	-93557.7	-107774	NA	NA	NA	NA	NA	NA	NA	NA	NA	NA
L79	NA	NA	10000	366282	36.6502	0.000197929	-93464.8	-156045	NA	NA	NA	NA	NA	NA	NA	NA	NA	NA
L7	NA	NA	10000	347708	34.7778	0.000110505	-83532.4	-150493	NA	NA	NA	NA	NA	NA	NA	NA	NA	NA
L80	NA	NA	10000	366366	36.6513	0.000562115	-90041.2	-90621	NA	NA	NA	NA	NA	NA	NA	NA	NA	NA
L81	NA	NA	10000	373426	37.3575	0.000308948	-93139.2	-98817	NA	NA	NA	NA	NA	NA	NA	NA	NA	NA
L82	NA	NA	10000	288354	28.8412	0.000393403	-72237.8	-73524.8	NA	NA	NA	NA	NA	NA	NA	NA	NA	NA
L83	NA	NA	10000	271404	27.1458	0.000131635	-69486.3	-124460	NA	NA	NA	NA	NA	NA	NA	NA	NA	NA
L84	NA	NA	10000	277298	27.7353	0.000536385	-71599.9	-72516.8	NA	NA	NA	NA	NA	NA	NA	NA	NA	NA
L85	NA	NA	10000	302958	30.3019	0.000142386	-76341.1	-135446	NA	NA	NA	NA	NA	NA	NA	NA	NA	NA
L86	NA	NA	10000	304621	30.4682	0.000106282	-76048.1	-166886	NA	NA	NA	NA	NA	NA	NA	NA	NA	NA
L87	NA	NA	10000	320816	32.088	0.000162074	-79302.9	-163352	NA	NA	NA	NA	NA	NA	NA	NA	NA	NA
L88	NA	NA	10000	348532	34.8637	0.000188213	-84621.9	-98799.3	NA	NA	NA	NA	NA	NA	NA	NA	NA	NA
L89	NA	NA	10000	271977	27.2059	0.000378701	-69096	-78881.9	NA	NA	NA	NA	NA	NA	NA	NA	NA	NA
L8	NA	NA	10000	350032	35.0102	0.000142514	-85481.2	-90897.3	NA	NA	NA	NA	NA	NA	NA	NA	NA	NA
L90	NA	NA	10000	339691	33.9725	0.000227493	-84431.9	-88368.3	NA	NA	NA	NA	NA	NA	NA	NA	NA	NA
L91	NA	NA	10000	305825	30.5856	0.000126559	-76452.5	-153693	NA	NA	NA	NA	NA	NA	NA	NA	NA	NA
L92	NA	NA	10000	294363	29.4392	0.000311637	-73708.3	-101059	NA	NA	NA	NA	NA	NA	NA	NA	NA	NA
L93	NA	NA	10000	301988	30.2018	0.000705363	-75527.2	-75782.7	NA	NA	NA	NA	NA	NA	NA	NA	NA	NA
L94	NA	NA	10000	293142	29.3201	0.000133817	-72442.1	-119731	NA	NA	NA	NA	NA	NA	NA	NA	NA	NA
L95	NA	NA	10000	367748	36.7895	0.000559583	-91285.9	-94014.9	NA	NA	NA	NA	NA	NA	NA	NA	NA	NA
L96	NA	NA	10000	373490	37.3602	0.000117146	-91643.3	-115648	NA	NA	NA	NA	NA	NA	NA	NA	NA	NA
L97	NA	NA	10000	375309	37.5459	0.000375171	-92254	-95481.4	NA	NA	NA	NA	NA	NA	NA	NA	NA	NA
L98	NA	NA	10000	371607	37.1719	0.000357681	-94900.2	-97179.9	NA	NA	NA	NA	NA	NA	NA	NA	NA	NA
L99	NA	NA	10000	367443	36.748	0.000107671	-87970.4	-145929	NA	NA	NA	NA	NA	NA	NA	NA	NA	NA
L9	NA	NA	10000	343225	34.3328	0.000139442	-85398.8	-101222	NA	NA	NA	NA	NA	NA	NA	NA	NA	NA
LHYA	NA	NA	10000	321947	32.2044	0.00015256	-80552.8	-133785	NA	NA	NA	NA	NA	NA	NA	NA	NA	NA
liangzihanmu	NA	NA	10000	359660	35.9696	0.00163625	-88198.5	-89381.9	NA	NA	NA	NA	NA	NA	NA	NA	NA	NA
liaoyinyingfu	NA	NA	10000	285698	28.5784	0.00170232	-71090.7	-71777.1	NA	NA	NA	NA	NA	NA	NA	NA	NA	NA
liaoyinying	NA	NA	10000	280073	28.0129	0.00463783	-71013.8	-71738.2	NA	NA	NA	NA	NA	NA	NA	NA	NA	NA
lichengyun	NA	NA	10000	287923	28.7923	0.00263265	-69080.9	-69556.2	NA	NA	NA	NA	NA	NA	NA	NA	NA	NA
lijiaxuanfu	NA	NA	10000	387160	38.7199	0.000984998	-92038.6	-92684.8	NA	NA	NA	NA	NA	NA	NA	NA	NA	NA
lijiaxuan	NA	NA	10000	410017	41.0058	0.000481944	-98939.7	-99770.4	NA	NA	NA	NA	NA	NA	NA	NA	NA	NA
linkexinfu	NA	NA	10000	363447	36.3483	0.00141625	-91353.8	-91689.6	NA	NA	NA	NA	NA	NA	NA	NA	NA	NA
liuhaoyufu	NA	NA	10000	284424	28.4481	0.00291492	-71040.2	-71541.2	NA	NA	NA	NA	NA	NA	NA	NA	NA	NA
liuhaoyumu	NA	NA	10000	333293	33.3293	0.00445873	-82649.7	-83336.9	NA	NA	NA	NA	NA	NA	NA	NA	NA	NA
liuhaoyu	NA	NA	10000	315721	31.5721	0.0026325	-76238.1	-76623.2	NA	NA	NA	NA	NA	NA	NA	NA	NA	NA
liujinda	NA	NA	10000	406459	40.6581	0.000125015	-97009.8	-132970	NA	NA	NA	NA	NA	NA	NA	NA	NA	NA
liujingyufu	NA	NA	10000	364556	36.4629	0.000837955	-89746.6	-91022.4	NA	NA	NA	NA	NA	NA	NA	NA	NA	NA
liujingyumu	NA	NA	10000	308789	30.8851	0.00137066	-75537.7	-75739.9	NA	NA	NA	NA	NA	NA	NA	NA	NA	NA
liujingyu	NA	NA	10000	334604	33.4604	0.00207335	-81610.9	-82008.7	NA	NA	NA	NA	NA	NA	NA	NA	NA	NA
liujunximu	NA	NA	10000	319015	31.9047	0.00171746	-80086.3	-80563.9	NA	NA	NA	NA	NA	NA	NA	NA	NA	NA
liumuxifu	NA	NA	10000	371244	37.1393	0.00283092	-90439.5	-91041.5	NA	NA	NA	NA	NA	NA	NA	NA	NA	NA
liumuximu	NA	NA	10000	357728	35.78	7.69561e-05	-87285.7	-152813	NA	NA	NA	NA	NA	NA	NA	NA	NA	NA
liumuxi	NA	NA	10000	278570	27.8598	0.00337534	-70616.7	-71036.9	NA	NA	NA	NA	NA	NA	NA	NA	NA	NA
liuxinmei	NA	NA	10000	353876	35.3911	5.83324e-05	-84420.9	-173150	NA	NA	NA	NA	NA	NA	NA	NA	NA	NA
liuyuchenfu	NA	NA	10000	360971	36.1043	0.00097797	-90541.3	-90905.4	NA	NA	NA	NA	NA	NA	NA	NA	NA	NA
liuyuchenmu	NA	NA	10000	354145	35.4145	0.00111371	-86136.4	-86775.9	NA	NA	NA	NA	NA	NA	NA	NA	NA	NA
liuyuchen	NA	NA	10000	354437	35.4543	0.000949997	-88108	-88718	NA	NA	NA	NA	NA	NA	NA	NA	NA	NA
liuyulongfu	NA	NA	10000	390945	39.0945	0.000118238	-96062.5	-106896	NA	NA	NA	NA	NA	NA	NA	NA	NA	NA
liuyulongmu	NA	NA	10000	395455	39.5534	0.00227746	-98717.9	-99250.5	NA	NA	NA	NA	NA	NA	NA	NA	NA	NA
liuzihanmu	NA	NA	10000	403306	40.3387	7.86041e-05	-97862.9	-169587	NA	NA	NA	NA	NA	NA	NA	NA	NA	NA
liyuchen	NA	NA	10000	268855	26.8963	0.00546995	-67976.7	-68897	NA	NA	NA	NA	NA	NA	NA	NA	NA	NA
LKW-Father	NA	NA	10000	571685	57.1914	0.00018125	-132079	-149823	NA	NA	NA	NA	NA	NA	NA	NA	NA	NA
LKW-Mother	NA	NA	10000	399829	39.9949	0.000309277	-96981.6	-100364	NA	NA	NA	NA	NA	NA	NA	NA	NA	NA
LKW-Proband	NA	NA	10000	448153	44.8243	0.000109921	-107350	-152636	NA	NA	NA	NA	NA	NA	NA	NA	NA	NA
LP6005441-DNA_A01	NA	NA	10000	387836	38.7875	0.000119726	-97730.9	-193290	NA	NA	NA	NA	NA	NA	NA	NA	NA	NA
LP6005441-DNA_A03	NA	NA	10000	352111	35.2146	0.000141459	-78091	-172120	NA	NA	NA	NA	NA	NA	NA	NA	NA	NA
LP6005441-DNA_A04	NA	NA	10000	372876	37.2913	0.000324841	-73397.5	-84765.9	NA	NA	NA	NA	NA	NA	NA	NA	NA	NA
LP6005441-DNA_A05	NA	NA	10000	401510	40.159	0.000629712	-97586.7	-98611.1	NA	NA	NA	NA	NA	NA	NA	NA	NA	NA
LP6005441-DNA_A06	NA	NA	10000	636720	63.6784	0.000193151	-156477	-161632	NA	NA	NA	NA	NA	NA	NA	NA	NA	NA
LP6005441-DNA_A09	NA	NA	10000	376580	37.6618	0.111357	-115956	-135314	NA	NA	NA	NA	NA	NA	NA	NA	NA	NA
LP6005441-DNA_A10	NA	NA	10000	306062	30.6154	0.0011921	-66678	-68009	NA	NA	NA	NA	NA	NA	NA	NA	NA	NA
LP6005441-DNA_A11	NA	NA	10000	333618	33.3651	0.000414876	-74633.3	-86109.5	NA	NA	NA	NA	NA	NA	NA	NA	NA	NA
LP6005441-DNA_A12	NA	NA	10000	376255	37.6255	4.42452e-05	-68094.6	-121326	NA	NA	NA	NA	NA	NA	NA	NA	NA	NA
LP6005441-DNA_B01	NA	NA	10000	320057	32.0089	0.000346002	-84590.7	-85011.7	NA	NA	NA	NA	NA	NA	NA	NA	NA	NA
LP6005441-DNA_B02	NA	NA	10000	347205	34.7309	9.81846e-05	-86111.8	-181047	NA	NA	NA	NA	NA	NA	NA	NA	NA	NA
LP6005441-DNA_B03	NA	NA	10000	376373	37.6448	0.000216633	-82137	-152925	NA	NA	NA	NA	NA	NA	NA	NA	NA	NA
LP6005441-DNA_B04	NA	NA	10000	372923	37.296	0.000255787	-77418.6	-78682.5	NA	NA	NA	NA	NA	NA	NA	NA	NA	NA
LP6005441-DNA_B05	NA	NA	10000	356465	35.6465	0.000229311	-91894.5	-93629.5	NA	NA	NA	NA	NA	NA	NA	NA	NA	NA
LP6005441-DNA_B06	NA	NA	10000	735079	73.5079	2.7361e-05	-183400	-260272	NA	NA	NA	NA	NA	NA	NA	NA	NA	NA
LP6005441-DNA_B07	NA	NA	10000	355097	35.5204	0.000142117	-85258.6	-139986	NA	NA	NA	NA	NA	NA	NA	NA	NA	NA
LP6005441-DNA_B08	NA	NA	10000	337260	33.7361	0.000103074	-78206.9	-133553	NA	NA	NA	NA	NA	NA	NA	NA	NA	NA
LP6005441-DNA_B09	NA	NA	10000	381579	38.1655	7.88643e-05	-92548.3	-165374	NA	NA	NA	NA	NA	NA	NA	NA	NA	NA
LP6005441-DNA_B10	NA	NA	10000	405438	40.5479	0.000551447	-84500	-85143.7	NA	NA	NA	NA	NA	NA	NA	NA	NA	NA
LP6005441-DNA_B11	NA	NA	10000	309576	30.9607	0.000384335	-69470.4	-72804.5	NA	NA	NA	NA	NA	NA	NA	NA	NA	NA
LP6005441-DNA_B12	NA	NA	10000	324996	32.5061	0.00169967	-58882.4	-60668.4	NA	NA	NA	NA	NA	NA	NA	NA	NA	NA
LP6005441-DNA_C01	NA	NA	10000	389863	38.9902	0.00021637	-98806	-113839	NA	NA	NA	NA	NA	NA	NA	NA	NA	NA
LP6005441-DNA_C02	NA	NA	10000	390717	39.0795	0.00086949	-100633	-100681	NA	NA	NA	NA	NA	NA	NA	NA	NA	NA
LP6005441-DNA_C03	NA	NA	10000	325596	32.5661	0.000355583	-79687.4	-93617	NA	NA	NA	NA	NA	NA	NA	NA	NA	NA
LP6005441-DNA_C05	NA	NA	10000	382304	38.2342	5.02909e-05	-91081.8	-116950	NA	NA	NA	NA	NA	NA	NA	NA	NA	NA
LP6005441-DNA_C06	NA	NA	10000	771585	77.1662	0.000413792	-172794	-173854	NA	NA	NA	NA	NA	NA	NA	NA	NA	NA
LP6005441-DNA_C07	NA	NA	10000	397525	39.7565	0.000281696	-102147	-102984	NA	NA	NA	NA	NA	NA	NA	NA	NA	NA
LP6005441-DNA_C08	NA	NA	10000	316999	31.7062	0.000119911	-77901.3	-141532	NA	NA	NA	NA	NA	NA	NA	NA	NA	NA
LP6005441-DNA_C09	NA	NA	10000	368971	36.9045	0.00025248	-94361.1	-94872.3	NA	NA	NA	NA	NA	NA	NA	NA	NA	NA
LP6005441-DNA_C10	NA	NA	10000	370226	37.03	0.00181624	-97936.7	-98228.2	NA	NA	NA	NA	NA	NA	NA	NA	NA	NA
LP6005441-DNA_C11	NA	NA	10000	335183	33.525	7.77964e-05	-84631.2	-173988	NA	NA	NA	NA	NA	NA	NA	NA	NA	NA
LP6005441-DNA_D01	NA	NA	10000	390316	39.0355	0.000675899	-94324.7	-96303.7	NA	NA	NA	NA	NA	NA	NA	NA	NA	NA
LP6005441-DNA_D02	NA	NA	10000	355058	35.5094	0.000312169	-88024.1	-92249.5	NA	NA	NA	NA	NA	NA	NA	NA	NA	NA
LP6005441-DNA_D03	NA	NA	10000	351378	35.1519	0.000351223	-92066.7	-99153.3	NA	NA	NA	NA	NA	NA	NA	NA	NA	NA
LP6005441-DNA_D04	NA	NA	10000	356249	35.6249	1.36993e-08	-82886	-159201	NA	NA	NA	NA	NA	NA	NA	NA	NA	NA
LP6005441-DNA_D05	NA	NA	10000	632691	63.2818	0.000129484	-148851	-152582	NA	NA	NA	NA	NA	NA	NA	NA	NA	NA
LP6005441-DNA_D06	NA	NA	10000	387393	38.747	0.000189657	-94178.3	-111214	NA	NA	NA	NA	NA	NA	NA	NA	NA	NA
LP6005441-DNA_D07	NA	NA	10000	377773	37.7849	0.000133573	-89626.9	-99413.1	NA	NA	NA	NA	NA	NA	NA	NA	NA	NA
LP6005441-DNA_D08	NA	NA	10000	332485	33.2552	7.40256e-05	-82622.1	-175034	NA	NA	NA	NA	NA	NA	NA	NA	NA	NA
LP6005441-DNA_D09	NA	NA	10000	363020	36.302	5.2664e-05	-90599.8	-173577	NA	NA	NA	NA	NA	NA	NA	NA	NA	NA
LP6005441-DNA_D10	NA	NA	10000	386177	38.6177	9.66377e-05	-101280	-142060	NA	NA	NA	NA	NA	NA	NA	NA	NA	NA
LP6005441-DNA_D11	NA	NA	10000	318112	31.8144	0.000368214	-82086.7	-84890.9	NA	NA	NA	NA	NA	NA	NA	NA	NA	NA
LP6005441-DNA_D12	NA	NA	10000	348045	34.8149	0.00103155	-88291.9	-92147.5	NA	NA	NA	NA	NA	NA	NA	NA	NA	NA
LP6005441-DNA_E02	NA	NA	10000	406737	40.6778	0.00105268	-100224	-100468	NA	NA	NA	NA	NA	NA	NA	NA	NA	NA
LP6005441-DNA_E03	NA	NA	10000	389000	38.9117	0.000893889	-99945.6	-100018	NA	NA	NA	NA	NA	NA	NA	NA	NA	NA
LP6005441-DNA_E05	NA	NA	10000	618768	61.883	0.000202576	-154977	-157818	NA	NA	NA	NA	NA	NA	NA	NA	NA	NA
LP6005441-DNA_E06	NA	NA	10000	349152	34.9222	0.00250439	-86411.4	-86894	NA	NA	NA	NA	NA	NA	NA	NA	NA	NA
LP6005441-DNA_E07	NA	NA	10000	319709	31.9773	1.92729e-05	-80499.4	-172409	NA	NA	NA	NA	NA	NA	NA	NA	NA	NA
LP6005441-DNA_E08	NA	NA	10000	352087	35.2122	0.000569614	-86077.6	-86716.8	NA	NA	NA	NA	NA	NA	NA	NA	NA	NA
LP6005441-DNA_E09	NA	NA	10000	358430	35.8466	7.66843e-05	-84045.4	-163623	NA	NA	NA	NA	NA	NA	NA	NA	NA	NA
LP6005441-DNA_E10	NA	NA	10000	402210	40.225	3.64704e-05	-84898.8	-138848	NA	NA	NA	NA	NA	NA	NA	NA	NA	NA
LP6005441-DNA_F01	NA	NA	10000	381985	38.2023	0.000420215	-97017.4	-103461	NA	NA	NA	NA	NA	NA	NA	NA	NA	NA
LP6005441-DNA_F02	NA	NA	10000	386249	38.6288	0.000489706	-96151.6	-98725.4	NA	NA	NA	NA	NA	NA	NA	NA	NA	NA
LP6005441-DNA_F03	NA	NA	10000	376453	37.6528	0.000326747	-99241.8	-106428	NA	NA	NA	NA	NA	NA	NA	NA	NA	NA
LP6005441-DNA_F04	NA	NA	10000	422914	42.2999	0.000102862	-101104	-115768	NA	NA	NA	NA	NA	NA	NA	NA	NA	NA
LP6005441-DNA_F05	NA	NA	10000	593968	59.3968	0.00121279	-154918	-155223	NA	NA	NA	NA	NA	NA	NA	NA	NA	NA
LP6005441-DNA_F06	NA	NA	10000	316780	31.6843	0.000327387	-79907.2	-102971	NA	NA	NA	NA	NA	NA	NA	NA	NA	NA
LP6005441-DNA_F07	NA	NA	10000	357412	35.7483	3.76635e-09	-88515.5	-164381	NA	NA	NA	NA	NA	NA	NA	NA	NA	NA
LP6005441-DNA_F08	NA	NA	10000	408752	40.8793	7.9802e-05	-98679	-158088	NA	NA	NA	NA	NA	NA	NA	NA	NA	NA
LP6005441-DNA_F09	NA	NA	10000	370203	37.0277	7.29729e-10	-89186.7	-170668	NA	NA	NA	NA	NA	NA	NA	NA	NA	NA
LP6005441-DNA_F10	NA	NA	10000	335299	33.5366	0.00013202	-69068	-102838	NA	NA	NA	NA	NA	NA	NA	NA	NA	NA
LP6005441-DNA_F12	NA	NA	10000	345092	34.5127	0.000321468	-84927.4	-103366	NA	NA	NA	NA	NA	NA	NA	NA	NA	NA
LP6005441-DNA_G02	NA	NA	10000	409301	40.9342	6.11583e-05	-99221.5	-201539	NA	NA	NA	NA	NA	NA	NA	NA	NA	NA
LP6005441-DNA_G03	NA	NA	10000	401450	40.153	0.000437857	-98891.6	-99108.9	NA	NA	NA	NA	NA	NA	NA	NA	NA	NA
LP6005441-DNA_G04	NA	NA	10000	412666	41.2749	0.000144603	-101177	-103217	NA	NA	NA	NA	NA	NA	NA	NA	NA	NA
LP6005441-DNA_G05	NA	NA	10000	397153	39.7232	9.0164e-05	-93704.4	-96049.2	NA	NA	NA	NA	NA	NA	NA	NA	NA	NA
LP6005441-DNA_G06	NA	NA	10000	419690	41.9732	4.1555e-05	-78318.4	-107341	NA	NA	NA	NA	NA	NA	NA	NA	NA	NA
LP6005441-DNA_G07	NA	NA	10000	343269	34.3303	0.000760924	-73461.7	-75267.7	NA	NA	NA	NA	NA	NA	NA	NA	NA	NA
LP6005441-DNA_G08	NA	NA	10000	352779	35.2814	0.000347724	-88984.1	-101550	NA	NA	NA	NA	NA	NA	NA	NA	NA	NA
LP6005441-DNA_G09	NA	NA	10000	387592	38.767	0.00015833	-100044	-167566	NA	NA	NA	NA	NA	NA	NA	NA	NA	NA
LP6005441-DNA_G10	NA	NA	10000	352775	35.2775	0.00140347	-92368.5	-94039.5	NA	NA	NA	NA	NA	NA	NA	NA	NA	NA
LP6005441-DNA_G11	NA	NA	10000	372440	37.2515	6.38239e-05	-93842.7	-167864	NA	NA	NA	NA	NA	NA	NA	NA	NA	NA
LP6005441-DNA_G12	NA	NA	10000	370747	37.0821	0.000839562	-98368	-101247	NA	NA	NA	NA	NA	NA	NA	NA	NA	NA
LP6005441-DNA_H02	NA	NA	10000	406702	40.6783	0.000134808	-96214.7	-115033	NA	NA	NA	NA	NA	NA	NA	NA	NA	NA
LP6005441-DNA_H03	NA	NA	10000	359704	35.9776	0.000641328	-90696	-101243	NA	NA	NA	NA	NA	NA	NA	NA	NA	NA
LP6005441-DNA_H05	NA	NA	10000	368489	36.8526	0.000115643	-91220.4	-99617	NA	NA	NA	NA	NA	NA	NA	NA	NA	NA
LP6005441-DNA_H06	NA	NA	10000	356546	35.6546	0.000339209	-66903	-68883.9	NA	NA	NA	NA	NA	NA	NA	NA	NA	NA
LP6005441-DNA_H07	NA	NA	10000	408631	40.8672	0.000430752	-84329.8	-85428.3	NA	NA	NA	NA	NA	NA	NA	NA	NA	NA
LP6005441-DNA_H08	NA	NA	10000	365459	36.5496	1.03423e-05	-94813	-176056	NA	NA	NA	NA	NA	NA	NA	NA	NA	NA
LP6005441-DNA_H09	NA	NA	10000	358626	35.8662	0.000720197	-93436.8	-93891.7	NA	NA	NA	NA	NA	NA	NA	NA	NA	NA
LP6005441-DNA_H10	NA	NA	10000	358986	35.9058	0.000613871	-91864.9	-93932.4	NA	NA	NA	NA	NA	NA	NA	NA	NA	NA
LP6005441-DNA_H11	NA	NA	10000	355047	35.5047	0.00312447	-94022.1	-94578.1	NA	NA	NA	NA	NA	NA	NA	NA	NA	NA
LP6005441-DNA_H12	NA	NA	10000	357635	35.7742	0.000834121	-91263.9	-94069.5	NA	NA	NA	NA	NA	NA	NA	NA	NA	NA
LP6005442-DNA_A02	NA	NA	10000	321365	32.1397	0.000261586	-81572	-86991.7	NA	NA	NA	NA	NA	NA	NA	NA	NA	NA
LP6005442-DNA_A03	NA	NA	10000	401361	40.1361	3.566e-09	-101800	-169725	NA	NA	NA	NA	NA	NA	NA	NA	NA	NA
LP6005442-DNA_A04	NA	NA	10000	313753	31.3784	0.000140031	-82565.9	-87836.2	NA	NA	NA	NA	NA	NA	NA	NA	NA	NA
LP6005442-DNA_A08	NA	NA	10000	381779	38.1817	4.86582e-05	-97281.6	-171655	NA	NA	NA	NA	NA	NA	NA	NA	NA	NA
LP6005442-DNA_A10	NA	NA	10000	331261	33.1327	0.000874682	-82878.9	-85263	NA	NA	NA	NA	NA	NA	NA	NA	NA	NA
LP6005442-DNA_A11	NA	NA	10000	331714	33.1747	3.10182e-05	-83193.1	-159909	NA	NA	NA	NA	NA	NA	NA	NA	NA	NA
LP6005442-DNA_A12	NA	NA	10000	361197	36.1233	0.000763866	-91415.5	-91660.5	NA	NA	NA	NA	NA	NA	NA	NA	NA	NA
LP6005442-DNA_B01	NA	NA	10000	349888	34.9958	0.000719493	-97972.3	-98779.2	NA	NA	NA	NA	NA	NA	NA	NA	NA	NA
LP6005442-DNA_B02	NA	NA	10000	332296	33.2329	0.000383182	-83220.8	-87889.6	NA	NA	NA	NA	NA	NA	NA	NA	NA	NA
LP6005442-DNA_B03	NA	NA	10000	353000	35.3035	0.000193532	-90288.3	-105833	NA	NA	NA	NA	NA	NA	NA	NA	NA	NA
LP6005442-DNA_B04	NA	NA	10000	397300	39.734	3.86902e-05	-100210	-163129	NA	NA	NA	NA	NA	NA	NA	NA	NA	NA
LP6005442-DNA_B08	NA	NA	10000	370998	37.1035	2.27625e-08	-93165.7	-168340	NA	NA	NA	NA	NA	NA	NA	NA	NA	NA
LP6005442-DNA_B10	NA	NA	10000	378769	37.8807	0.000109217	-95972.4	-137074	NA	NA	NA	NA	NA	NA	NA	NA	NA	NA
LP6005442-DNA_B11	NA	NA	10000	395005	39.5005	6.26628e-06	-100233	-174263	NA	NA	NA	NA	NA	NA	NA	NA	NA	NA
LP6005442-DNA_B12	NA	NA	10000	308642	30.8673	0.00114539	-80557.3	-81265.2	NA	NA	NA	NA	NA	NA	NA	NA	NA	NA
LP6005442-DNA_C02	NA	NA	10000	350808	35.0808	8.42632e-06	-88397.9	-180846	NA	NA	NA	NA	NA	NA	NA	NA	NA	NA
LP6005442-DNA_C04	NA	NA	10000	370371	37.0445	0.00109913	-98947.6	-99062.2	NA	NA	NA	NA	NA	NA	NA	NA	NA	NA
LP6005442-DNA_C07	NA	NA	10000	335713	33.578	1.02692e-05	-80717.4	-140432	NA	NA	NA	NA	NA	NA	NA	NA	NA	NA
LP6005442-DNA_C10	NA	NA	10000	326108	32.6108	5.41504e-08	-83640.3	-138266	NA	NA	NA	NA	NA	NA	NA	NA	NA	NA
LP6005442-DNA_C11	NA	NA	10000	346831	34.6831	4.79734e-05	-84242.4	-142534	NA	NA	NA	NA	NA	NA	NA	NA	NA	NA
LP6005442-DNA_D01	NA	NA	10000	335305	33.5439	0.000133476	-85874.5	-166593	NA	NA	NA	NA	NA	NA	NA	NA	NA	NA
LP6005442-DNA_D02	NA	NA	10000	358633	35.8669	9.95537e-05	-92314.1	-113055	NA	NA	NA	NA	NA	NA	NA	NA	NA	NA
LP6005442-DNA_D03	NA	NA	10000	402717	40.2798	0.000178553	-103321	-159649	NA	NA	NA	NA	NA	NA	NA	NA	NA	NA
LP6005442-DNA_D08	NA	NA	10000	342319	34.2353	8.47591e-05	-87113.2	-106027	NA	NA	NA	NA	NA	NA	NA	NA	NA	NA
LP6005442-DNA_D09	NA	NA	10000	383083	38.3198	0.000112768	-95873.5	-174626	NA	NA	NA	NA	NA	NA	NA	NA	NA	NA
LP6005442-DNA_D10	NA	NA	10000	352934	35.2969	1.38445e-05	-92253.7	-178772	NA	NA	NA	NA	NA	NA	NA	NA	NA	NA
LP6005442-DNA_D11	NA	NA	10000	352344	35.2379	4.1229e-05	-85151.1	-183879	NA	NA	NA	NA	NA	NA	NA	NA	NA	NA
LP6005442-DNA_E04	NA	NA	10000	390326	39.0404	0.000791135	-101389	-101914	NA	NA	NA	NA	NA	NA	NA	NA	NA	NA
LP6005442-DNA_E07	NA	NA	10000	337112	33.7179	2.08697e-08	-72945.8	-119041	NA	NA	NA	NA	NA	NA	NA	NA	NA	NA
LP6005442-DNA_E10	NA	NA	10000	385326	38.5365	0.000131018	-98202.9	-117128	NA	NA	NA	NA	NA	NA	NA	NA	NA	NA
LP6005442-DNA_E11	NA	NA	10000	334020	33.4154	3.66067e-05	-85812.6	-190533	NA	NA	NA	NA	NA	NA	NA	NA	NA	NA
LP6005442-DNA_E12	NA	NA	10000	387311	38.735	2.75082e-08	-96085.4	-171792	NA	NA	NA	NA	NA	NA	NA	NA	NA	NA
LP6005442-DNA_F01	NA	NA	10000	354787	35.4893	0.000791073	-87952.8	-88903.9	NA	NA	NA	NA	NA	NA	NA	NA	NA	NA
LP6005442-DNA_F02	NA	NA	10000	357690	35.7762	5.59249e-05	-89647.5	-145216	NA	NA	NA	NA	NA	NA	NA	NA	NA	NA
LP6005442-DNA_F04	NA	NA	10000	344122	34.4122	0.000528458	-84832.8	-85711.1	NA	NA	NA	NA	NA	NA	NA	NA	NA	NA
LP6005442-DNA_F09	NA	NA	10000	344596	34.463	5.68868e-09	-87354.5	-87354.5	NA	NA	NA	NA	NA	NA	NA	NA	NA	NA
LP6005442-DNA_F10	NA	NA	10000	417914	41.7998	9.95642e-09	-106451	-170119	NA	NA	NA	NA	NA	NA	NA	NA	NA	NA
LP6005442-DNA_F11	NA	NA	10000	356224	35.626	1.36055e-05	-87260	-195547	NA	NA	NA	NA	NA	NA	NA	NA	NA	NA
LP6005442-DNA_F12	NA	NA	10000	355012	35.5048	2.42743e-05	-92893	-129766	NA	NA	NA	NA	NA	NA	NA	NA	NA	NA
LP6005442-DNA_G01	NA	NA	10000	375019	37.5019	0.00432116	-94875.7	-99639.9	NA	NA	NA	NA	NA	NA	NA	NA	NA	NA
LP6005442-DNA_G02	NA	NA	10000	371619	37.1693	3.54379e-05	-97322.4	-140346	NA	NA	NA	NA	NA	NA	NA	NA	NA	NA
LP6005442-DNA_G03	NA	NA	10000	327900	32.79	7.84253e-05	-85426.6	-179783	NA	NA	NA	NA	NA	NA	NA	NA	NA	NA
LP6005442-DNA_G04	NA	NA	10000	370808	37.0845	0.00051398	-94804.4	-96833.4	NA	NA	NA	NA	NA	NA	NA	NA	NA	NA
LP6005442-DNA_G07	NA	NA	10000	347726	34.7796	1.00062e-07	-89031.5	-175814	NA	NA	NA	NA	NA	NA	NA	NA	NA	NA
LP6005442-DNA_G09	NA	NA	10000	411962	41.1962	0.000131292	-106350	-118225	NA	NA	NA	NA	NA	NA	NA	NA	NA	NA
LP6005442-DNA_G10	NA	NA	10000	374002	37.4077	0.000841152	-93195.3	-97026.5	NA	NA	NA	NA	NA	NA	NA	NA	NA	NA
luquanyifu	NA	NA	10000	257802	25.7854	0.00331052	-60805.7	-61501.5	NA	NA	NA	NA	NA	NA	NA	NA	NA	NA
luquanyimu	NA	NA	10000	241312	24.1336	0.00283746	-60387.1	-60863.1	NA	NA	NA	NA	NA	NA	NA	NA	NA	NA
luquanyi	NA	NA	10000	264983	26.5036	0.00121271	-65934	-66414.7	NA	NA	NA	NA	NA	NA	NA	NA	NA	NA
luwenjunfu	NA	NA	10000	354551	35.4622	1.08276e-07	-88266.2	-158735	NA	NA	NA	NA	NA	NA	NA	NA	NA	NA
luziyufu	NA	NA	10000	328211	32.8277	0.00158254	-82377.5	-83973.5	NA	NA	NA	NA	NA	NA	NA	NA	NA	NA
luziyu	NA	NA	10000	387268	38.7268	0.00312068	-95915.6	-96671	NA	NA	NA	NA	NA	NA	NA	NA	NA	NA
majialefu	NA	NA	10000	372769	37.2769	0.0005487	-89595	-99432.2	NA	NA	NA	NA	NA	NA	NA	NA	NA	NA
majialemu	NA	NA	10000	359668	35.9704	0.00360351	-88306.1	-88920.7	NA	NA	NA	NA	NA	NA	NA	NA	NA	NA
mamingjun	NA	NA	10000	312247	31.2309	0.0056806	-78458.9	-80041.8	NA	NA	NA	NA	NA	NA	NA	NA	NA	NA
NA06984	NA	NA	10000	334764	33.4831	6.23348e-10	-85037.2	-174884	NA	NA	NA	NA	NA	NA	NA	NA	NA	NA
NA06985	NA	NA	10000	342268	34.2302	5.90587e-09	-87353.6	-87353.6	NA	NA	NA	NA	NA	NA	NA	NA	NA	NA
NA06986	NA	NA	10000	316034	31.6066	1.40858e-09	-79174	-159005	NA	NA	NA	NA	NA	NA	NA	NA	NA	NA
NA06989	NA	NA	10000	280391	28.0419	5.72362e-09	-73625	-123377	NA	NA	NA	NA	NA	NA	NA	NA	NA	NA
NA06991	NA	NA	10000	292042	29.21	0.00308878	-75102.6	-75965.7	NA	NA	NA	NA	NA	NA	NA	NA	NA	NA
NA06993	NA	NA	10000	335098	33.5165	2.23227e-09	-85188.4	-176922	NA	NA	NA	NA	NA	NA	NA	NA	NA	NA
NA06994	NA	NA	10000	301603	30.1694	2.85843e-09	-77563.2	-139036	NA	NA	NA	NA	NA	NA	NA	NA	NA	NA
NA06995	NA	NA	10000	337530	33.753	2.23204e-05	-84838.2	-105374	NA	NA	NA	NA	NA	NA	NA	NA	NA	NA
NA06997	NA	NA	10000	320433	32.0465	2.12078e-09	-83627.1	-165937	NA	NA	NA	NA	NA	NA	NA	NA	NA	NA
NA07000	NA	NA	10000	365827	36.59	7.91691e-09	-95411.4	-95411.4	NA	NA	NA	NA	NA	NA	NA	NA	NA	NA
NA07014	NA	NA	10000	341741	34.1809	1.73306e-09	-86849.8	-162349	NA	NA	NA	NA	NA	NA	NA	NA	NA	NA
NA07019	NA	NA	10000	327820	32.7886	9.86168e-09	-84664	-84664	NA	NA	NA	NA	NA	NA	NA	NA	NA	NA
NA07022	NA	NA	10000	328608	32.8641	1.55617e-09	-84703.6	-148006	NA	NA	NA	NA	NA	NA	NA	NA	NA	NA
NA07029	NA	NA	10000	336996	33.7097	3.90377e-05	-86291.1	-97934.1	NA	NA	NA	NA	NA	NA	NA	NA	NA	NA
NA07031	NA	NA	10000	336304	33.6338	7.373e-09	-84448.8	-84448.8	NA	NA	NA	NA	NA	NA	NA	NA	NA	NA
NA07034	NA	NA	10000	314494	31.4588	2.43421e-09	-80742.9	-148715	NA	NA	NA	NA	NA	NA	NA	NA	NA	NA
NA07037	NA	NA	10000	337659	33.7659	1.45989e-08	-86515.5	-86515.5	NA	NA	NA	NA	NA	NA	NA	NA	NA	NA
NA07045	NA	NA	10000	350367	35.0402	3.52333e-09	-88482.6	-160433	NA	NA	NA	NA	NA	NA	NA	NA	NA	NA
NA07048	NA	NA	10000	324926	32.4991	4.61649e-10	-83161	-154687	NA	NA	NA	NA	NA	NA	NA	NA	NA	NA
NA07051	NA	NA	10000	318564	31.8628	3.29199e-09	-81990.6	-146027	NA	NA	NA	NA	NA	NA	NA	NA	NA	NA
NA07055	NA	NA	10000	308582	30.8644	1.13018e-09	-78252.3	-146336	NA	NA	NA	NA	NA	NA	NA	NA	NA	NA
NA07056	NA	NA	10000	310168	31.0199	1.76689e-09	-79350.6	-140892	NA	NA	NA	NA	NA	NA	NA	NA	NA	NA
NA07345	NA	NA	10000	289873	28.9902	5.32852e-09	-75275.4	-75275.4	NA	NA	NA	NA	NA	NA	NA	NA	NA	NA
NA07346	NA	NA	10000	342275	34.2309	3.35361e-10	-86687.9	-175560	NA	NA	NA	NA	NA	NA	NA	NA	NA	NA
NA07347	NA	NA	10000	329413	32.9512	6.66002e-09	-86430.3	-147843	NA	NA	NA	NA	NA	NA	NA	NA	NA	NA
NA07348	NA	NA	10000	329206	32.9206	1.2245e-09	-83573.8	-149880	NA	NA	NA	NA	NA	NA	NA	NA	NA	NA
NA07349	NA	NA	10000	309824	30.9917	1.08352e-09	-79244.8	-165457	NA	NA	NA	NA	NA	NA	NA	NA	NA	NA
NA07357	NA	NA	10000	299620	29.962	4.65007e-10	-76998.9	-144815	NA	NA	NA	NA	NA	NA	NA	NA	NA	NA
NA07435	NA	NA	10000	353688	35.3794	1.79035e-09	-89214.4	-151411	NA	NA	NA	NA	NA	NA	NA	NA	NA	NA
NA10830	NA	NA	10000	300245	30.0365	3.2361e-09	-76685.5	-128949	NA	NA	NA	NA	NA	NA	NA	NA	NA	NA
NA10831	NA	NA	10000	352621	35.2656	4.23375e-09	-90608.4	-90608.4	NA	NA	NA	NA	NA	NA	NA	NA	NA	NA
NA10835	NA	NA	10000	288436	28.8436	1.32233e-09	-74035	-142405	NA	NA	NA	NA	NA	NA	NA	NA	NA	NA
NA10836	NA	NA	10000	339542	33.9576	1.56525e-08	-86611.1	-86611.1	NA	NA	NA	NA	NA	NA	NA	NA	NA	NA
NA10837	NA	NA	10000	346008	34.6043	1.43173e-09	-90354.1	-169522	NA	NA	NA	NA	NA	NA	NA	NA	NA	NA
NA10838	NA	NA	10000	335458	33.5525	3.24313e-09	-83888.7	-165867	NA	NA	NA	NA	NA	NA	NA	NA	NA	NA
NA10839	NA	NA	10000	351593	35.1628	8.54165e-09	-83295.6	-83295.6	NA	NA	NA	NA	NA	NA	NA	NA	NA	NA
NA10840	NA	NA	10000	287600	28.7629	8.45377e-09	-74118.9	-131989	NA	NA	NA	NA	NA	NA	NA	NA	NA	NA
NA10842	NA	NA	10000	322255	32.2255	2.56161e-09	-82195.4	-144678	NA	NA	NA	NA	NA	NA	NA	NA	NA	NA
NA10843	NA	NA	10000	340446	34.048	2.82565e-10	-86124	-154468	NA	NA	NA	NA	NA	NA	NA	NA	NA	NA
NA10845	NA	NA	10000	338087	33.8188	9.73143e-10	-86860.7	-165628	NA	NA	NA	NA	NA	NA	NA	NA	NA	NA
NA10846	NA	NA	10000	338552	33.862	3.18828e-09	-83894.3	-138796	NA	NA	NA	NA	NA	NA	NA	NA	NA	NA
NA10847	NA	NA	10000	328308	32.8308	1.99792e-10	-82931.6	-151678	NA	NA	NA	NA	NA	NA	NA	NA	NA	NA
NA10851	NA	NA	10000	326916	32.6916	0.000448184	-84852.3	-93127.6	NA	NA	NA	NA	NA	NA	NA	NA	NA	NA
NA10852	NA	NA	10000	346656	34.6691	1.86081e-09	-87290.8	-148101	NA	NA	NA	NA	NA	NA	NA	NA	NA	NA
NA10854	NA	NA	10000	341751	34.1785	1.07815e-09	-84409.8	-153562	NA	NA	NA	NA	NA	NA	NA	NA	NA	NA
NA10855	NA	NA	10000	331962	33.1995	8.50818e-09	-84759.7	-84759.7	NA	NA	NA	NA	NA	NA	NA	NA	NA	NA
NA10856	NA	NA	10000	330239	33.0338	2.01546e-09	-83313.3	-165577	NA	NA	NA	NA	NA	NA	NA	NA	NA	NA
NA10857	NA	NA	10000	362488	36.2488	1.01522e-08	-89926	-89926	NA	NA	NA	NA	NA	NA	NA	NA	NA	NA
NA10859	NA	NA	10000	337865	33.7899	8.33315e-09	-85581.4	-85581.4	NA	NA	NA	NA	NA	NA	NA	NA	NA	NA
NA10860	NA	NA	10000	326108	32.6141	5.4888e-10	-83252.9	-159228	NA	NA	NA	NA	NA	NA	NA	NA	NA	NA
NA10861	NA	NA	10000	327575	32.7608	1.94689e-09	-81299.5	-148014	NA	NA	NA	NA	NA	NA	NA	NA	NA	NA
NA10863	NA	NA	10000	324172	32.4204	1.25569e-08	-80902.8	-80902.8	NA	NA	NA	NA	NA	NA	NA	NA	NA	NA
NA10864	NA	NA	10000	331890	33.189	2.72303e-10	-84640.7	-149258	NA	NA	NA	NA	NA	NA	NA	NA	NA	NA
NA10865	NA	NA	10000	343538	34.3607	9.036e-09	-87358	-128406	NA	NA	NA	NA	NA	NA	NA	NA	NA	NA
NA11829	NA	NA	10000	369461	36.9498	8.36803e-09	-90233.1	-90233.1	NA	NA	NA	NA	NA	NA	NA	NA	NA	NA
NA11830	NA	NA	10000	336872	33.6872	3.62494e-09	-84990.3	-155714	NA	NA	NA	NA	NA	NA	NA	NA	NA	NA
NA11831	NA	NA	10000	350569	35.0604	1.15308e-09	-88840.1	-156245	NA	NA	NA	NA	NA	NA	NA	NA	NA	NA
NA11832	NA	NA	10000	320546	32.0642	2.13574e-08	-82295.7	-82295.7	NA	NA	NA	NA	NA	NA	NA	NA	NA	NA
NA11839	NA	NA	10000	322258	32.2258	2.25023e-09	-81989.3	-163865	NA	NA	NA	NA	NA	NA	NA	NA	NA	NA
NA11840	NA	NA	10000	326978	32.7076	1.31799e-09	-81646.6	-161065	NA	NA	NA	NA	NA	NA	NA	NA	NA	NA
NA11843	NA	NA	10000	300501	30.0531	5.81911e-09	-79256.4	-153172	NA	NA	NA	NA	NA	NA	NA	NA	NA	NA
NA11881	NA	NA	10000	330686	33.0686	9.11327e-10	-83243.4	-150558	NA	NA	NA	NA	NA	NA	NA	NA	NA	NA
NA11882	NA	NA	10000	324589	32.4621	0.00107493	-83578.3	-86846.2	NA	NA	NA	NA	NA	NA	NA	NA	NA	NA
NA11891	NA	NA	10000	336960	33.696	1.82378e-09	-85804.9	-154426	NA	NA	NA	NA	NA	NA	NA	NA	NA	NA
NA11892	NA	NA	10000	330351	33.0417	2.10134e-09	-82723.5	-138460	NA	NA	NA	NA	NA	NA	NA	NA	NA	NA
NA11893	NA	NA	10000	324897	32.4897	6.27707e-09	-83465.1	-165746	NA	NA	NA	NA	NA	NA	NA	NA	NA	NA
NA11894	NA	NA	10000	329782	32.9815	2.12584e-09	-84899.7	-141147	NA	NA	NA	NA	NA	NA	NA	NA	NA	NA
NA11917	NA	NA	10000	334025	33.4025	3.8881e-09	-85256.3	-85256.3	NA	NA	NA	NA	NA	NA	NA	NA	NA	NA
NA11918	NA	NA	10000	300393	30.0423	9.99957e-08	-76779.1	-76779.1	NA	NA	NA	NA	NA	NA	NA	NA	NA	NA
NA11919	NA	NA	10000	314015	31.4046	6.58067e-08	-82468.8	-82468.8	NA	NA	NA	NA	NA	NA	NA	NA	NA	NA
NA11920	NA	NA	10000	314672	31.4672	2.94052e-08	-78987.4	-78987.4	NA	NA	NA	NA	NA	NA	NA	NA	NA	NA
NA11930	NA	NA	10000	302283	30.2313	1.80282e-10	-77424.1	-163712	NA	NA	NA	NA	NA	NA	NA	NA	NA	NA
NA11931	NA	NA	10000	332638	33.2671	1.17359e-09	-84057.6	-157324	NA	NA	NA	NA	NA	NA	NA	NA	NA	NA
NA11932	NA	NA	10000	328090	32.8123	5.75067e-09	-84590.2	-84590.2	NA	NA	NA	NA	NA	NA	NA	NA	NA	NA
NA11933	NA	NA	10000	319044	31.9044	2.58764e-10	-81295.9	-165486	NA	NA	NA	NA	NA	NA	NA	NA	NA	NA
NA11992	NA	NA	10000	310812	31.0843	1.05535e-09	-79698.1	-140071	NA	NA	NA	NA	NA	NA	NA	NA	NA	NA
NA11993	NA	NA	10000	335642	33.5642	1.26595e-09	-84249.3	-152365	NA	NA	NA	NA	NA	NA	NA	NA	NA	NA
NA11994	NA	NA	10000	337559	33.7627	9.3785e-09	-83343.5	-83343.4	NA	NA	NA	NA	NA	NA	NA	NA	NA	NA
NA11995	NA	NA	10000	297706	29.7736	9.89835e-09	-76549.8	-76549.8	NA	NA	NA	NA	NA	NA	NA	NA	NA	NA
NA12003	NA	NA	10000	356075	35.6075	2.47125e-05	-89196.2	-98218.4	NA	NA	NA	NA	NA	NA	NA	NA	NA	NA
NA12004	NA	NA	10000	338426	33.8494	2.41955e-05	-87587.4	-96010.9	NA	NA	NA	NA	NA	NA	NA	NA	NA	NA
NA12005	NA	NA	10000	305212	30.5243	3.85415e-09	-76017.6	-132034	NA	NA	NA	NA	NA	NA	NA	NA	NA	NA
NA12006	NA	NA	10000	319818	31.9882	1.38666e-09	-79471.4	-159818	NA	NA	NA	NA	NA	NA	NA	NA	NA	NA
NA12043	NA	NA	10000	370301	37.0338	2.91675e-09	-91574.2	-174427	NA	NA	NA	NA	NA	NA	NA	NA	NA	NA
NA12044	NA	NA	10000	334070	33.407	2.5459e-08	-85948.8	-145823	NA	NA	NA	NA	NA	NA	NA	NA	NA	NA
NA12045	NA	NA	10000	330739	33.0772	2.08585e-09	-84992.1	-166617	NA	NA	NA	NA	NA	NA	NA	NA	NA	NA
NA12046	NA	NA	10000	312192	31.2223	6.26236e-09	-79890.7	-79890.7	NA	NA	NA	NA	NA	NA	NA	NA	NA	NA
NA12056	NA	NA	10000	304407	30.4407	2.06089e-09	-78153.1	-140477	NA	NA	NA	NA	NA	NA	NA	NA	NA	NA
NA12057	NA	NA	10000	350473	35.0508	1.56949e-09	-89396.1	-157688	NA	NA	NA	NA	NA	NA	NA	NA	NA	NA
NA12058	NA	NA	10000	326440	32.6473	2.17388e-08	-83007	-128156	NA	NA	NA	NA	NA	NA	NA	NA	NA	NA
NA12144	NA	NA	10000	310150	31.0212	1.85446e-10	-78789.1	-146860	NA	NA	NA	NA	NA	NA	NA	NA	NA	NA
NA12145	NA	NA	10000	313305	31.3336	2.60837e-09	-78722.1	-142865	NA	NA	NA	NA	NA	NA	NA	NA	NA	NA
NA12146	NA	NA	10000	347689	34.7759	2.0756e-09	-87598.7	-183936	NA	NA	NA	NA	NA	NA	NA	NA	NA	NA
NA12154	NA	NA	10000	326370	32.6435	9.55249e-10	-82033.3	-153281	NA	NA	NA	NA	NA	NA	NA	NA	NA	NA
NA12155	NA	NA	10000	326753	32.6818	1.93836e-05	-85723.3	-140441	NA	NA	NA	NA	NA	NA	NA	NA	NA	NA
NA12156	NA	NA	10000	357836	35.7908	2.54191e-09	-92403.9	-160016	NA	NA	NA	NA	NA	NA	NA	NA	NA	NA
NA12234	NA	NA	10000	314395	31.4458	2.14399e-08	-79199.2	-93316.1	NA	NA	NA	NA	NA	NA	NA	NA	NA	NA
NA12236	NA	NA	10000	325748	32.5846	2.64601e-09	-82246.9	-135730	NA	NA	NA	NA	NA	NA	NA	NA	NA	NA
NA12239	NA	NA	10000	316506	31.6506	0.000258068	-81767.3	-86292.6	NA	NA	NA	NA	NA	NA	NA	NA	NA	NA
NA12248	NA	NA	10000	326727	32.676	3.51783e-09	-83578.1	-139948	NA	NA	NA	NA	NA	NA	NA	NA	NA	NA
NA12249	NA	NA	10000	361965	36.2037	7.06642e-10	-90705.8	-156226	NA	NA	NA	NA	NA	NA	NA	NA	NA	NA
NA12264	NA	NA	10000	329888	32.9954	3.09153e-09	-84536.2	-142701	NA	NA	NA	NA	NA	NA	NA	NA	NA	NA
NA12272	NA	NA	10000	330846	33.0846	5.47007e-09	-85437.5	-163662	NA	NA	NA	NA	NA	NA	NA	NA	NA	NA
NA12273	NA	NA	10000	326507	32.6507	8.905e-09	-85137	-85137	NA	NA	NA	NA	NA	NA	NA	NA	NA	NA
NA12274	NA	NA	10000	315353	31.5416	7.81268e-10	-78078.8	-143431	NA	NA	NA	NA	NA	NA	NA	NA	NA	NA
NA12275	NA	NA	10000	289204	28.9262	1.60286e-09	-74858.4	-138177	NA	NA	NA	NA	NA	NA	NA	NA	NA	NA
NA12282	NA	NA	10000	345192	34.5261	1.73411e-09	-87122.7	-160864	NA	NA	NA	NA	NA	NA	NA	NA	NA	NA
NA12283	NA	NA	10000	410415	41.0538	2.17599e-09	-100259	-181949	NA	NA	NA	NA	NA	NA	NA	NA	NA	NA
NA12286	NA	NA	10000	329360	32.936	2.72723e-09	-85418.8	-151261	NA	NA	NA	NA	NA	NA	NA	NA	NA	NA
NA12287	NA	NA	10000	332861	33.2928	5.4125e-10	-85462.1	-172783	NA	NA	NA	NA	NA	NA	NA	NA	NA	NA
NA12329	NA	NA	10000	332169	33.2202	1.59296e-09	-83073.2	-142173	NA	NA	NA	NA	NA	NA	NA	NA	NA	NA
NA12335	NA	NA	10000	336590	33.6691	8.66527e-06	-84854.2	-165182	NA	NA	NA	NA	NA	NA	NA	NA	NA	NA
NA12336	NA	NA	10000	347194	34.7263	2.1759e-09	-87394.2	-143048	NA	NA	NA	NA	NA	NA	NA	NA	NA	NA
NA12340	NA	NA	10000	325162	32.5227	4.68425e-09	-82986.1	-142096	NA	NA	NA	NA	NA	NA	NA	NA	NA	NA
NA12341	NA	NA	10000	350636	35.0741	1.82032e-08	-88136.4	-88136.4	NA	NA	NA	NA	NA	NA	NA	NA	NA	NA
NA12342	NA	NA	10000	385664	38.578	6.05232e-09	-94055.9	-154245	NA	NA	NA	NA	NA	NA	NA	NA	NA	NA
NA12343	NA	NA	10000	334238	33.4271	4.09118e-09	-83699.5	-141859	NA	NA	NA	NA	NA	NA	NA	NA	NA	NA
NA12344	NA	NA	10000	306433	30.6464	8.24475e-09	-77530.7	-77530.7	NA	NA	NA	NA	NA	NA	NA	NA	NA	NA
NA12347	NA	NA	10000	346277	34.6277	2.12863e-09	-87392.9	-169090	NA	NA	NA	NA	NA	NA	NA	NA	NA	NA
NA12348	NA	NA	10000	313188	31.3219	2.42134e-09	-78772.1	-138848	NA	NA	NA	NA	NA	NA	NA	NA	NA	NA
NA12376	NA	NA	10000	326375	32.6375	6.75057e-10	-81811.6	-156343	NA	NA	NA	NA	NA	NA	NA	NA	NA	NA
NA12383	NA	NA	10000	324371	32.4403	1.30054e-05	-85143.7	-148534	NA	NA	NA	NA	NA	NA	NA	NA	NA	NA
NA12386	NA	NA	10000	334447	33.4514	1.51983e-09	-86372.9	-86372.9	NA	NA	NA	NA	NA	NA	NA	NA	NA	NA
NA12399	NA	NA	10000	388596	38.8635	8.38672e-10	-96794.4	-178636	NA	NA	NA	NA	NA	NA	NA	NA	NA	NA
NA12400	NA	NA	10000	390403	39.052	4.60826e-09	-97841.6	-157788	NA	NA	NA	NA	NA	NA	NA	NA	NA	NA
NA12413	NA	NA	10000	288638	28.8725	5.47288e-09	-71701.9	-71701.9	NA	NA	NA	NA	NA	NA	NA	NA	NA	NA
NA12414	NA	NA	10000	306277	30.6308	0.00443262	-81869.2	-82351.6	NA	NA	NA	NA	NA	NA	NA	NA	NA	NA
NA12485	NA	NA	10000	315654	31.5717	7.4558e-09	-79881.7	-79881.7	NA	NA	NA	NA	NA	NA	NA	NA	NA	NA
NA12489	NA	NA	10000	321543	32.1543	2.44259e-09	-82460.4	-164146	NA	NA	NA	NA	NA	NA	NA	NA	NA	NA
NA12546	NA	NA	10000	307890	30.7921	9.38217e-09	-80318.8	-80318.8	NA	NA	NA	NA	NA	NA	NA	NA	NA	NA
NA12707	NA	NA	10000	344818	34.4956	1.06711e-08	-90783.4	-138823	NA	NA	NA	NA	NA	NA	NA	NA	NA	NA
NA12716	NA	NA	10000	333787	33.3854	3.11631e-09	-86604.5	-146279	NA	NA	NA	NA	NA	NA	NA	NA	NA	NA
NA12717	NA	NA	10000	331924	33.2024	2.518e-09	-85917.9	-149479	NA	NA	NA	NA	NA	NA	NA	NA	NA	NA
NA12718	NA	NA	10000	318658	31.8722	8.8396e-09	-80405.7	-121836	NA	NA	NA	NA	NA	NA	NA	NA	NA	NA
NA12739	NA	NA	10000	330017	33.005	1.67182e-09	-83697.9	-141627	NA	NA	NA	NA	NA	NA	NA	NA	NA	NA
NA12740	NA	NA	10000	333365	33.3365	2.63876e-09	-84464.9	-149194	NA	NA	NA	NA	NA	NA	NA	NA	NA	NA
NA12748	NA	NA	10000	336896	33.6963	5.82181e-09	-88225.7	-154990	NA	NA	NA	NA	NA	NA	NA	NA	NA	NA
NA12749	NA	NA	10000	306665	30.6696	1.31484e-09	-78908.9	-144438	NA	NA	NA	NA	NA	NA	NA	NA	NA	NA
NA12750	NA	NA	10000	347836	34.7906	2.56427e-09	-87511.4	-87511.4	NA	NA	NA	NA	NA	NA	NA	NA	NA	NA
NA12751	NA	NA	10000	378461	37.8461	3.17611e-08	-95113.5	-95113.5	NA	NA	NA	NA	NA	NA	NA	NA	NA	NA
NA12752	NA	NA	10000	315987	31.5987	1.10684e-09	-79480.1	-141792	NA	NA	NA	NA	NA	NA	NA	NA	NA	NA
NA12753	NA	NA	10000	273273	27.3328	0.000600747	-71257.8	-72763.9	NA	NA	NA	NA	NA	NA	NA	NA	NA	NA
NA12760	NA	NA	10000	343084	34.3084	2.56369e-05	-88683.9	-90815	NA	NA	NA	NA	NA	NA	NA	NA	NA	NA
NA12761	NA	NA	10000	332978	33.3011	1.5592e-09	-85306.6	-147781	NA	NA	NA	NA	NA	NA	NA	NA	NA	NA
NA12762	NA	NA	10000	348588	34.8623	6.97884e-09	-87928.7	-87928.7	NA	NA	NA	NA	NA	NA	NA	NA	NA	NA
NA12763	NA	NA	10000	332016	33.2049	3.43202e-09	-85685.4	-142024	NA	NA	NA	NA	NA	NA	NA	NA	NA	NA
NA12766	NA	NA	10000	351294	35.1329	2.11167e-08	-89689.1	-124345	NA	NA	NA	NA	NA	NA	NA	NA	NA	NA
NA12767	NA	NA	10000	328580	32.8679	1.81914e-09	-83324.4	-167578	NA	NA	NA	NA	NA	NA	NA	NA	NA	NA
NA12775	NA	NA	10000	331168	33.1234	0.00592268	-86156	-86648.1	NA	NA	NA	NA	NA	NA	NA	NA	NA	NA
NA12776	NA	NA	10000	328880	32.8979	1.0762e-08	-84190.6	-84190.6	NA	NA	NA	NA	NA	NA	NA	NA	NA	NA
NA12777	NA	NA	10000	326600	32.6665	5.05711e-09	-81957.5	-142550	NA	NA	NA	NA	NA	NA	NA	NA	NA	NA
NA12778	NA	NA	10000	295317	29.5376	1.72722e-08	-76245.7	-138149	NA	NA	NA	NA	NA	NA	NA	NA	NA	NA
NA12801	NA	NA	10000	333447	33.348	2.02496e-09	-85802.1	-138630	NA	NA	NA	NA	NA	NA	NA	NA	NA	NA
NA12802	NA	NA	10000	320390	32.0454	3.768e-09	-83536.8	-131054	NA	NA	NA	NA	NA	NA	NA	NA	NA	NA
NA12812	NA	NA	10000	361890	36.1926	9.76657e-09	-89493.8	-89493.8	NA	NA	NA	NA	NA	NA	NA	NA	NA	NA
NA12813	NA	NA	10000	545166	54.5275	3.30871e-09	-135323	-200672	NA	NA	NA	NA	NA	NA	NA	NA	NA	NA
NA12814	NA	NA	10000	329275	32.9374	2.65901e-10	-84669.7	-172973	NA	NA	NA	NA	NA	NA	NA	NA	NA	NA
NA12815	NA	NA	10000	345567	34.5602	6.94527e-09	-87983.3	-134977	NA	NA	NA	NA	NA	NA	NA	NA	NA	NA
NA12817	NA	NA	10000	352137	35.2207	3.00776e-09	-86295.3	-146321	NA	NA	NA	NA	NA	NA	NA	NA	NA	NA
NA12818	NA	NA	10000	336988	33.7022	1.9571e-09	-83602	-160324	NA	NA	NA	NA	NA	NA	NA	NA	NA	NA
NA12827	NA	NA	10000	471327	47.1421	6.48003e-09	-116305	-116305	NA	NA	NA	NA	NA	NA	NA	NA	NA	NA
NA12828	NA	NA	10000	313175	31.3269	5.37083e-09	-79690	-137818	NA	NA	NA	NA	NA	NA	NA	NA	NA	NA
NA12829	NA	NA	10000	515033	51.5085	1.06587e-09	-125363	-198357	NA	NA	NA	NA	NA	NA	NA	NA	NA	NA
NA12830	NA	NA	10000	299701	29.9731	6.6319e-06	-77415.2	-135646	NA	NA	NA	NA	NA	NA	NA	NA	NA	NA
NA12832	NA	NA	10000	314945	31.5008	8.13121e-10	-80352.9	-140106	NA	NA	NA	NA	NA	NA	NA	NA	NA	NA
NA12842	NA	NA	10000	318224	31.8288	2.25966e-09	-83546.6	-140688	NA	NA	NA	NA	NA	NA	NA	NA	NA	NA
NA12843	NA	NA	10000	302034	30.2094	2.67882e-09	-77633.2	-138822	NA	NA	NA	NA	NA	NA	NA	NA	NA	NA
NA12864	NA	NA	10000	320029	32.0125	1.76518e-05	-81971.6	-125896	NA	NA	NA	NA	NA	NA	NA	NA	NA	NA
NA12865	NA	NA	10000	324039	32.4071	4.38735e-09	-80681.8	-145177	NA	NA	NA	NA	NA	NA	NA	NA	NA	NA
NA12872	NA	NA	10000	414301	41.4342	2.92237e-09	-104676	-171721	NA	NA	NA	NA	NA	NA	NA	NA	NA	NA
NA12873	NA	NA	10000	385975	38.6014	2.34594e-09	-95540.1	-158613	NA	NA	NA	NA	NA	NA	NA	NA	NA	NA
NA12874	NA	NA	10000	343983	34.4017	0.000487983	-84993.7	-89485.1	NA	NA	NA	NA	NA	NA	NA	NA	NA	NA
NA12875	NA	NA	10000	324355	32.4387	1.62641e-05	-81446.9	-109731	NA	NA	NA	NA	NA	NA	NA	NA	NA	NA
NA12877	NA	NA	10000	343441	34.351	3.30788e-09	-87172.7	-143204	NA	NA	NA	NA	NA	NA	NA	NA	NA	NA
NA12878	NA	NA	10000	323133	32.3198	5.40388e-09	-84673.8	-143694	NA	NA	NA	NA	NA	NA	NA	NA	NA	NA
NA12889	NA	NA	10000	406365	40.6446	6.91558e-09	-102394	-102394	NA	NA	NA	NA	NA	NA	NA	NA	NA	NA
NA12890	NA	NA	10000	308614	30.8676	2.42147e-09	-78958.4	-131497	NA	NA	NA	NA	NA	NA	NA	NA	NA	NA
NA12891	NA	NA	10000	341932	34.2035	5.98243e-09	-86570.4	-86570.4	NA	NA	NA	NA	NA	NA	NA	NA	NA	NA
NA12892	NA	NA	10000	342687	34.2721	2.31513e-09	-87792.7	-148171	NA	NA	NA	NA	NA	NA	NA	NA	NA	NA
NA18484	NA	NA	10000	325442	32.5475	8.93757e-09	-80686.7	-80686.7	NA	NA	NA	NA	NA	NA	NA	NA	NA	NA
NA18485	NA	NA	10000	342594	34.2628	2.02955e-09	-83863.8	-120312	NA	NA	NA	NA	NA	NA	NA	NA	NA	NA
NA18486	NA	NA	10000	318406	31.8533	8.28815e-09	-78279.2	-132422	NA	NA	NA	NA	NA	NA	NA	NA	NA	NA
NA18487	NA	NA	10000	335013	33.5214	2.66295e-09	-83126.5	-148659	NA	NA	NA	NA	NA	NA	NA	NA	NA	NA
NA18488	NA	NA	10000	308616	30.8678	5.99378e-09	-77215.7	-134024	NA	NA	NA	NA	NA	NA	NA	NA	NA	NA
NA18489	NA	NA	10000	574570	57.4685	5.89707e-09	-134246	-191143	NA	NA	NA	NA	NA	NA	NA	NA	NA	NA
NA18497	NA	NA	10000	339848	33.9882	1.26721e-08	-83449.4	-135710	NA	NA	NA	NA	NA	NA	NA	NA	NA	NA
NA18498	NA	NA	10000	297996	29.8056	5.36108e-09	-76396.4	-141317	NA	NA	NA	NA	NA	NA	NA	NA	NA	NA
NA18499	NA	NA	10000	333614	33.3681	3.52005e-09	-82261.7	-143406	NA	NA	NA	NA	NA	NA	NA	NA	NA	NA
NA18500	NA	NA	10000	312096	31.219	1.57852e-09	-77483.2	-137223	NA	NA	NA	NA	NA	NA	NA	NA	NA	NA
NA18501	NA	NA	10000	288121	28.8179	4.15931e-09	-73893.1	-131711	NA	NA	NA	NA	NA	NA	NA	NA	NA	NA
NA18502	NA	NA	10000	292903	29.2991	7.57731e-09	-72166.4	-128741	NA	NA	NA	NA	NA	NA	NA	NA	NA	NA
NA18503	NA	NA	10000	324906	32.5036	1.23494e-08	-81720	-156896	NA	NA	NA	NA	NA	NA	NA	NA	NA	NA
NA18504	NA	NA	10000	306067	30.6128	1.75942e-09	-76084.8	-144272	NA	NA	NA	NA	NA	NA	NA	NA	NA	NA
NA18505	NA	NA	10000	360059	36.0095	2.61541e-09	-92612	-154272	NA	NA	NA	NA	NA	NA	NA	NA	NA	NA
NA18506	NA	NA	10000	331099	33.1132	0.00327118	-85051.5	-93479.8	NA	NA	NA	NA	NA	NA	NA	NA	NA	NA
NA18507	NA	NA	10000	322099	32.2228	6.14516e-09	-79143.8	-79143.8	NA	NA	NA	NA	NA	NA	NA	NA	NA	NA
NA18508	NA	NA	10000	457344	45.739	1.26376e-08	-116593	-116593	NA	NA	NA	NA	NA	NA	NA	NA	NA	NA
NA18510	NA	NA	10000	297016	29.7046	5.53292e-09	-74199.4	-131737	NA	NA	NA	NA	NA	NA	NA	NA	NA	NA
NA18511	NA	NA	10000	401479	40.1599	5.457e-09	-98032.3	-161967	NA	NA	NA	NA	NA	NA	NA	NA	NA	NA
NA18515	NA	NA	10000	328095	32.8226	4.30656e-09	-80732.1	-146059	NA	NA	NA	NA	NA	NA	NA	NA	NA	NA
NA18516	NA	NA	10000	324371	32.4468	9.88697e-09	-81063.7	-138679	NA	NA	NA	NA	NA	NA	NA	NA	NA	NA
NA18517	NA	NA	10000	326681	32.6746	5.08145e-08	-80251.1	-80251.1	NA	NA	NA	NA	NA	NA	NA	NA	NA	NA
NA18518	NA	NA	10000	386695	38.6734	3.76096e-09	-94828.3	-150085	NA	NA	NA	NA	NA	NA	NA	NA	NA	NA
NA18519	NA	NA	10000	293991	29.4109	3.87162e-11	-71091.9	-137184	NA	NA	NA	NA	NA	NA	NA	NA	NA	NA
NA18520	NA	NA	10000	317865	31.7897	2.8172e-09	-79059.2	-140068	NA	NA	NA	NA	NA	NA	NA	NA	NA	NA
NA18521	NA	NA	10000	293207	29.3236	1.92616e-84	-73409.3	-73409.3	NA	NA	NA	NA	NA	NA	NA	NA	NA	NA
NA18522	NA	NA	10000	301709	30.1769	5.40695e-09	-75238.1	-143669	NA	NA	NA	NA	NA	NA	NA	NA	NA	NA
NA18523	NA	NA	10000	335167	33.5234	4.4608e-09	-85497.5	-149701	NA	NA	NA	NA	NA	NA	NA	NA	NA	NA
NA18525	NA	NA	10000	324687	32.4719	1.06628e-08	-79044	-79044	NA	NA	NA	NA	NA	NA	NA	NA	NA	NA
NA18526	NA	NA	10000	346002	34.614	1.61512e-05	-82030.2	-125665	NA	NA	NA	NA	NA	NA	NA	NA	NA	NA
NA18528	NA	NA	10000	299144	29.9204	3.09026e-09	-71811.8	-118093	NA	NA	NA	NA	NA	NA	NA	NA	NA	NA
NA18530	NA	NA	10000	332761	33.2794	1.39942e-08	-80536.9	-80536.9	NA	NA	NA	NA	NA	NA	NA	NA	NA	NA
NA18531	NA	NA	10000	302095	30.2155	1.71797e-05	-72982.6	-119187	NA	NA	NA	NA	NA	NA	NA	NA	NA	NA
NA18532	NA	NA	10000	303989	30.405	2.38184e-09	-73578.7	-123287	NA	NA	NA	NA	NA	NA	NA	NA	NA	NA
NA18533	NA	NA	10000	304555	30.4555	3.62153e-10	-74390.5	-171223	NA	NA	NA	NA	NA	NA	NA	NA	NA	NA
NA18534	NA	NA	10000	301626	30.1656	2.1665e-09	-73531.4	-161225	NA	NA	NA	NA	NA	NA	NA	NA	NA	NA
NA18535	NA	NA	10000	297289	29.7378	1.07216e-09	-72529.1	-132916	NA	NA	NA	NA	NA	NA	NA	NA	NA	NA
NA18536	NA	NA	10000	294078	29.4137	8.94995e-10	-72164.3	-143700	NA	NA	NA	NA	NA	NA	NA	NA	NA	NA
NA18537	NA	NA	10000	325069	32.5069	1.37316e-08	-79778.3	-79778.3	NA	NA	NA	NA	NA	NA	NA	NA	NA	NA
NA18538	NA	NA	10000	417161	41.7203	2.5276e-05	-100983	-152911	NA	NA	NA	NA	NA	NA	NA	NA	NA	NA
NA18539	NA	NA	10000	367830	36.794	2.75875e-09	-90317.8	-164257	NA	NA	NA	NA	NA	NA	NA	NA	NA	NA
NA18541	NA	NA	10000	354516	35.4551	1.89073e-05	-85091.9	-101210	NA	NA	NA	NA	NA	NA	NA	NA	NA	NA
NA18542	NA	NA	10000	322517	32.2582	4.38041e-08	-77107.5	-77107.5	NA	NA	NA	NA	NA	NA	NA	NA	NA	NA
NA18543	NA	NA	10000	316952	31.7047	1.60339e-08	-77764.5	-77764.5	NA	NA	NA	NA	NA	NA	NA	NA	NA	NA
NA18544	NA	NA	10000	317982	31.8046	2.09471e-05	-76985.1	-97998.6	NA	NA	NA	NA	NA	NA	NA	NA	NA	NA
NA18545	NA	NA	10000	345233	34.5337	4.28123e-09	-81053.7	-130847	NA	NA	NA	NA	NA	NA	NA	NA	NA	NA
NA18546	NA	NA	10000	318234	31.8234	3.05016e-09	-76822.1	-76822.1	NA	NA	NA	NA	NA	NA	NA	NA	NA	NA
NA18547	NA	NA	10000	390661	39.0778	1.46279e-09	-93259.8	-196015	NA	NA	NA	NA	NA	NA	NA	NA	NA	NA
NA18548	NA	NA	10000	329022	32.9055	0.000732624	-79656.6	-89495.7	NA	NA	NA	NA	NA	NA	NA	NA	NA	NA
NA18549	NA	NA	10000	324321	32.4418	1.19323e-08	-79038.1	-139682	NA	NA	NA	NA	NA	NA	NA	NA	NA	NA
NA18550	NA	NA	10000	306855	30.6947	3.42658e-09	-74955.8	-118935	NA	NA	NA	NA	NA	NA	NA	NA	NA	NA
NA18552	NA	NA	10000	316393	31.652	1.20274e-08	-75985.1	-75985.1	NA	NA	NA	NA	NA	NA	NA	NA	NA	NA
NA18553	NA	NA	10000	334834	33.4867	1.19212e-09	-81538.3	-153548	NA	NA	NA	NA	NA	NA	NA	NA	NA	NA
NA18555	NA	NA	10000	334861	33.4894	3.15873e-08	-82156.2	-82156.2	NA	NA	NA	NA	NA	NA	NA	NA	NA	NA
NA18557	NA	NA	10000	319843	31.9907	1.18133e-09	-75853.3	-158045	NA	NA	NA	NA	NA	NA	NA	NA	NA	NA
NA18558	NA	NA	10000	310792	31.0823	2.39575e-09	-74044.2	-141109	NA	NA	NA	NA	NA	NA	NA	NA	NA	NA
NA18559	NA	NA	10000	358306	35.8449	1.18025e-08	-87586.7	-87586.7	NA	NA	NA	NA	NA	NA	NA	NA	NA	NA
NA18560	NA	NA	10000	312314	31.2376	6.40915e-09	-76319.1	-125868	NA	NA	NA	NA	NA	NA	NA	NA	NA	NA
NA18561	NA	NA	10000	304947	30.5008	1.61246e-07	-76424.7	-78591.8	NA	NA	NA	NA	NA	NA	NA	NA	NA	NA
NA18562	NA	NA	10000	360910	36.091	6.82755e-10	-86745.2	-147111	NA	NA	NA	NA	NA	NA	NA	NA	NA	NA
NA18563	NA	NA	10000	341304	34.1338	1.92974e-09	-81849.1	-132693	NA	NA	NA	NA	NA	NA	NA	NA	NA	NA
NA18564	NA	NA	10000	331116	33.1215	2.1323e-08	-80227.4	-80227.4	NA	NA	NA	NA	NA	NA	NA	NA	NA	NA
NA18565	NA	NA	10000	508828	50.8879	4.19873e-08	-118913	-118913	NA	NA	NA	NA	NA	NA	NA	NA	NA	NA
NA18566	NA	NA	10000	310235	31.0266	1.96461e-08	-72738.9	-72738.9	NA	NA	NA	NA	NA	NA	NA	NA	NA	NA
NA18567	NA	NA	10000	339674	33.9742	3.3488e-08	-80831	-80831	NA	NA	NA	NA	NA	NA	NA	NA	NA	NA
NA18570	NA	NA	10000	306832	30.6955	1.00942e-08	-74495.4	-74495.4	NA	NA	NA	NA	NA	NA	NA	NA	NA	NA
NA18571	NA	NA	10000	338454	33.8488	1.52174e-09	-81320.5	-176164	NA	NA	NA	NA	NA	NA	NA	NA	NA	NA
NA18572	NA	NA	10000	477826	47.7922	1.25257e-05	-109637	-150511	NA	NA	NA	NA	NA	NA	NA	NA	NA	NA
NA18573	NA	NA	10000	320091	32.0123	3.0438e-05	-76965.4	-80002.2	NA	NA	NA	NA	NA	NA	NA	NA	NA	NA
NA18574	NA	NA	10000	327955	32.7955	2.21857e-10	-76738.1	-142774	NA	NA	NA	NA	NA	NA	NA	NA	NA	NA
NA18577	NA	NA	10000	326350	32.635	7.44455e-09	-76529.6	-76529.6	NA	NA	NA	NA	NA	NA	NA	NA	NA	NA
NA18579	NA	NA	10000	326239	32.637	3.94894e-09	-79675.9	-144603	NA	NA	NA	NA	NA	NA	NA	NA	NA	NA
NA18582	NA	NA	10000	332968	33.3001	1.91863e-05	-79458.1	-94702.2	NA	NA	NA	NA	NA	NA	NA	NA	NA	NA
NA18591	NA	NA	10000	432084	43.2127	1.86134e-08	-99511.6	-99511.6	NA	NA	NA	NA	NA	NA	NA	NA	NA	NA
NA18592	NA	NA	10000	343064	34.3064	4.94243e-09	-81587.2	-146448	NA	NA	NA	NA	NA	NA	NA	NA	NA	NA
NA18593	NA	NA	10000	326902	32.7033	1.24549e-09	-78442	-137588	NA	NA	NA	NA	NA	NA	NA	NA	NA	NA
NA18595	NA	NA	10000	316260	31.6292	7.30857e-09	-74742	-74742	NA	NA	NA	NA	NA	NA	NA	NA	NA	NA
NA18596	NA	NA	10000	305042	30.5134	1.67126e-08	-72529.4	-72529.4	NA	NA	NA	NA	NA	NA	NA	NA	NA	NA
NA18597	NA	NA	10000	304068	30.4098	2.08846e-08	-73397.8	-73397.8	NA	NA	NA	NA	NA	NA	NA	NA	NA	NA
NA18599	NA	NA	10000	353509	35.358	1.58486e-09	-85211.1	-126356	NA	NA	NA	NA	NA	NA	NA	NA	NA	NA
NA18602	NA	NA	10000	293827	29.3915	2.60099e-07	-70660.2	-117558	NA	NA	NA	NA	NA	NA	NA	NA	NA	NA
NA18603	NA	NA	10000	348101	34.8171	2.5556e-08	-85261.8	-85261.8	NA	NA	NA	NA	NA	NA	NA	NA	NA	NA
NA18605	NA	NA	10000	324616	32.4746	1.49022e-05	-79877.7	-134605	NA	NA	NA	NA	NA	NA	NA	NA	NA	NA
NA18606	NA	NA	10000	409728	40.981	4.66259e-09	-92613.6	-145037	NA	NA	NA	NA	NA	NA	NA	NA	NA	NA
NA18608	NA	NA	10000	322361	32.2458	7.61775e-09	-78160	-78160	NA	NA	NA	NA	NA	NA	NA	NA	NA	NA
NA18609	NA	NA	10000	344601	34.4704	1.29186e-08	-82630.8	-82630.8	NA	NA	NA	NA	NA	NA	NA	NA	NA	NA
NA18610	NA	NA	10000	312885	31.2979	2.35536e-09	-76639	-118175	NA	NA	NA	NA	NA	NA	NA	NA	NA	NA
NA18611	NA	NA	10000	346627	34.68	4.81573e-09	-83632.2	-83632.2	NA	NA	NA	NA	NA	NA	NA	NA	NA	NA
NA18612	NA	NA	10000	461310	46.1495	1.90636e-08	-109941	-109941	NA	NA	NA	NA	NA	NA	NA	NA	NA	NA
NA18613	NA	NA	10000	324642	32.4674	2.02894e-05	-79134.2	-107013	NA	NA	NA	NA	NA	NA	NA	NA	NA	NA
NA18614	NA	NA	10000	304697	30.4697	2.97034e-08	-74617.5	-74617.5	NA	NA	NA	NA	NA	NA	NA	NA	NA	NA
NA18615	NA	NA	10000	335226	33.536	1.40343e-09	-80459.2	-137369	NA	NA	NA	NA	NA	NA	NA	NA	NA	NA
NA18616	NA	NA	10000	317907	31.7939	1.84036e-09	-75761.9	-138755	NA	NA	NA	NA	NA	NA	NA	NA	NA	NA
NA18617	NA	NA	10000	318804	31.8836	7.274e-09	-76028	-148622	NA	NA	NA	NA	NA	NA	NA	NA	NA	NA
NA18618	NA	NA	10000	350619	35.0724	2.55462e-08	-84412.8	-84412.8	NA	NA	NA	NA	NA	NA	NA	NA	NA	NA
NA18619	NA	NA	10000	325558	32.5591	3.22584e-09	-77174.4	-116673	NA	NA	NA	NA	NA	NA	NA	NA	NA	NA
NA18620	NA	NA	10000	357012	35.7155	2.20666e-09	-86583.7	-165361	NA	NA	NA	NA	NA	NA	NA	NA	NA	NA
NA18621	NA	NA	10000	307549	30.7611	2.35167e-08	-75068.4	-75068.4	NA	NA	NA	NA	NA	NA	NA	NA	NA	NA
NA18622	NA	NA	10000	336920	33.6954	8.95611e-09	-82282.3	-82282.3	NA	NA	NA	NA	NA	NA	NA	NA	NA	NA
NA18623	NA	NA	10000	326880	32.7011	9.84165e-10	-79409.7	-149921	NA	NA	NA	NA	NA	NA	NA	NA	NA	NA
NA18624	NA	NA	10000	313596	31.3627	5.39328e-09	-74404.7	-128123	NA	NA	NA	NA	NA	NA	NA	NA	NA	NA
NA18625	NA	NA	10000	335512	33.5613	7.04126e-09	-78239.1	-78239.1	NA	NA	NA	NA	NA	NA	NA	NA	NA	NA
NA18626	NA	NA	10000	359535	35.9643	3.7906e-09	-87384.3	-143177	NA	NA	NA	NA	NA	NA	NA	NA	NA	NA
NA18627	NA	NA	10000	309416	30.9478	1.36936e-09	-73886.9	-127921	NA	NA	NA	NA	NA	NA	NA	NA	NA	NA
NA18628	NA	NA	10000	315875	31.5907	9.92297e-10	-76083.7	-154588	NA	NA	NA	NA	NA	NA	NA	NA	NA	NA
NA18629	NA	NA	10000	404989	40.4989	5.19351e-10	-95202.6	-154916	NA	NA	NA	NA	NA	NA	NA	NA	NA	NA
NA18630	NA	NA	10000	448327	44.8372	1.80456e-05	-104494	-109533	NA	NA	NA	NA	NA	NA	NA	NA	NA	NA
NA18631	NA	NA	10000	320127	32.0223	3.57744e-09	-77135.3	-137880	NA	NA	NA	NA	NA	NA	NA	NA	NA	NA
NA18632	NA	NA	10000	320607	32.0639	1.17948e-07	-78487.6	-78487.6	NA	NA	NA	NA	NA	NA	NA	NA	NA	NA
NA18633	NA	NA	10000	401433	40.1553	2.31237e-08	-95934.1	-95934.1	NA	NA	NA	NA	NA	NA	NA	NA	NA	NA
NA18634	NA	NA	10000	306636	30.6728	8.81746e-09	-74112.5	-74112.5	NA	NA	NA	NA	NA	NA	NA	NA	NA	NA
NA18635	NA	NA	10000	344197	34.43	2.80214e-08	-82654.1	-115610	NA	NA	NA	NA	NA	NA	NA	NA	NA	NA
NA18636	NA	NA	10000	353152	35.3223	1.74837e-08	-83153	-83153	NA	NA	NA	NA	NA	NA	NA	NA	NA	NA
NA18637	NA	NA	10000	331045	33.1177	1.43863e-08	-80234.6	-135996	NA	NA	NA	NA	NA	NA	NA	NA	NA	NA
NA18638	NA	NA	10000	540457	54.0565	4.22751e-09	-123712	-203298	NA	NA	NA	NA	NA	NA	NA	NA	NA	NA
NA18639	NA	NA	10000	307859	30.7921	7.42431e-09	-75271.8	-75271.8	NA	NA	NA	NA	NA	NA	NA	NA	NA	NA
NA18640	NA	NA	10000	329140	32.9239	5.29809e-09	-80687.7	-80687.7	NA	NA	NA	NA	NA	NA	NA	NA	NA	NA
NA18641	NA	NA	10000	335038	33.5105	0.00304173	-81804.7	-86417.9	NA	NA	NA	NA	NA	NA	NA	NA	NA	NA
NA18642	NA	NA	10000	340520	34.0554	1.97483e-05	-81464.4	-92640.8	NA	NA	NA	NA	NA	NA	NA	NA	NA	NA
NA18643	NA	NA	10000	350877	35.0982	1.82842e-08	-84756.5	-84756.5	NA	NA	NA	NA	NA	NA	NA	NA	NA	NA
NA18644	NA	NA	10000	417908	41.7992	3.13881e-08	-97440.2	-97440.2	NA	NA	NA	NA	NA	NA	NA	NA	NA	NA
NA18645	NA	NA	10000	325464	32.5497	6.23277e-10	-75953.1	-75953.1	NA	NA	NA	NA	NA	NA	NA	NA	NA	NA
NA18646	NA	NA	10000	293653	29.3741	4.67671e-10	-71524.1	-165248	NA	NA	NA	NA	NA	NA	NA	NA	NA	NA
NA18647	NA	NA	10000	331715	33.1815	1.00293e-08	-80404	-133193	NA	NA	NA	NA	NA	NA	NA	NA	NA	NA
NA18648	NA	NA	10000	341246	34.1348	1.29353e-09	-82388.3	-184960	NA	NA	NA	NA	NA	NA	NA	NA	NA	NA
NA18740	NA	NA	10000	332327	33.2327	2.58386e-09	-80027.4	-140720	NA	NA	NA	NA	NA	NA	NA	NA	NA	NA
NA18745	NA	NA	10000	331191	33.1224	9.32305e-09	-79836.5	-79836.5	NA	NA	NA	NA	NA	NA	NA	NA	NA	NA
NA18747	NA	NA	10000	320863	32.0959	2.44944e-08	-77794.8	-77794.8	NA	NA	NA	NA	NA	NA	NA	NA	NA	NA
NA18748	NA	NA	10000	356427	35.6498	1.75089e-08	-85803.3	-85803.3	NA	NA	NA	NA	NA	NA	NA	NA	NA	NA
NA18749	NA	NA	10000	299821	29.9851	2.00452e-08	-71780	-71780	NA	NA	NA	NA	NA	NA	NA	NA	NA	NA
NA18757	NA	NA	10000	296342	29.6372	2.31845e-09	-72285.3	-158143	NA	NA	NA	NA	NA	NA	NA	NA	NA	NA
NA18852	NA	NA	10000	349306	34.9411	1.39736e-08	-88180.9	-143106	NA	NA	NA	NA	NA	NA	NA	NA	NA	NA
NA18853	NA	NA	10000	335100	33.5167	3.87519e-09	-83143.6	-147951	NA	NA	NA	NA	NA	NA	NA	NA	NA	NA
NA18854	NA	NA	10000	353137	35.3243	7.74352e-09	-86022.4	-86022.4	NA	NA	NA	NA	NA	NA	NA	NA	NA	NA
NA18855	NA	NA	10000	336793	33.686	4.77329e-10	-82978.5	-149349	NA	NA	NA	NA	NA	NA	NA	NA	NA	NA
NA18856	NA	NA	10000	320722	32.0786	1.06087e-08	-81361.1	-117654	NA	NA	NA	NA	NA	NA	NA	NA	NA	NA
NA18857	NA	NA	10000	333455	33.3555	6.21307e-09	-83264.9	-83264.9	NA	NA	NA	NA	NA	NA	NA	NA	NA	NA
NA18858	NA	NA	10000	343534	34.3568	3.87653e-09	-84353.5	-147542	NA	NA	NA	NA	NA	NA	NA	NA	NA	NA
NA18859	NA	NA	10000	310688	31.0719	6.29109e-09	-77729.7	-77729.7	NA	NA	NA	NA	NA	NA	NA	NA	NA	NA
NA18860	NA	NA	10000	289773	28.9831	5.38227e-09	-73317.9	-127648	NA	NA	NA	NA	NA	NA	NA	NA	NA	NA
NA18861	NA	NA	10000	317803	31.7898	2.10295e-09	-81119.9	-139179	NA	NA	NA	NA	NA	NA	NA	NA	NA	NA
NA18862	NA	NA	10000	346492	34.6527	2.34761e-09	-88586	-148050	NA	NA	NA	NA	NA	NA	NA	NA	NA	NA
NA18863	NA	NA	10000	339167	33.9167	8.61288e-10	-84618	-153473	NA	NA	NA	NA	NA	NA	NA	NA	NA	NA
NA18864	NA	NA	10000	295657	29.5716	5.23347e-09	-73221.9	-123238	NA	NA	NA	NA	NA	NA	NA	NA	NA	NA
NA18865	NA	NA	10000	324709	32.4741	2.28393e-09	-83500.9	-148841	NA	NA	NA	NA	NA	NA	NA	NA	NA	NA
NA18867	NA	NA	10000	319511	31.9607	8.81062e-09	-81460.2	-138567	NA	NA	NA	NA	NA	NA	NA	NA	NA	NA
NA18868	NA	NA	10000	325300	32.5365	3.87041e-09	-80412.6	-142453	NA	NA	NA	NA	NA	NA	NA	NA	NA	NA
NA18869	NA	NA	10000	326904	32.7035	1.2972e-09	-83269	-141462	NA	NA	NA	NA	NA	NA	NA	NA	NA	NA
NA18870	NA	NA	10000	337835	33.7936	2.31382e-05	-84887.9	-116425	NA	NA	NA	NA	NA	NA	NA	NA	NA	NA
NA18871	NA	NA	10000	433194	43.3237	0.000139801	-106710	-117587	NA	NA	NA	NA	NA	NA	NA	NA	NA	NA
NA18872	NA	NA	10000	350522	35.0522	2.47225e-14	-87295.8	-87295.8	NA	NA	NA	NA	NA	NA	NA	NA	NA	NA
NA18873	NA	NA	10000	318184	31.8279	3.48351e-08	-81604	-81604	NA	NA	NA	NA	NA	NA	NA	NA	NA	NA
NA18874	NA	NA	10000	296652	29.6741	1.83862e-08	-75713.1	-128623	NA	NA	NA	NA	NA	NA	NA	NA	NA	NA
NA18875	NA	NA	10000	329202	32.9268	7.32322e-09	-83239.3	-83239.3	NA	NA	NA	NA	NA	NA	NA	NA	NA	NA
NA18876	NA	NA	10000	316249	31.6312	3.43702e-09	-81461.6	-124447	NA	NA	NA	NA	NA	NA	NA	NA	NA	NA
NA18877	NA	NA	10000	320874	32.097	6.07321e-09	-79737.8	-136752	NA	NA	NA	NA	NA	NA	NA	NA	NA	NA
NA18878	NA	NA	10000	354686	35.4721	3.51671e-09	-89666.7	-148303	NA	NA	NA	NA	NA	NA	NA	NA	NA	NA
NA18879	NA	NA	10000	401082	40.1162	2.49459e-09	-97130.1	-161633	NA	NA	NA	NA	NA	NA	NA	NA	NA	NA
NA18881	NA	NA	10000	551503	55.1669	5.02303e-09	-134236	-189172	NA	NA	NA	NA	NA	NA	NA	NA	NA	NA
NA18906	NA	NA	10000	321203	32.1203	7.70535e-09	-80765.8	-80765.8	NA	NA	NA	NA	NA	NA	NA	NA	NA	NA
NA18907	NA	NA	10000	321453	32.1485	2.74476e-09	-81390.8	-141825	NA	NA	NA	NA	NA	NA	NA	NA	NA	NA
NA18908	NA	NA	10000	316845	31.6908	1.06489e-09	-78170.7	-144255	NA	NA	NA	NA	NA	NA	NA	NA	NA	NA
NA18909	NA	NA	10000	321618	32.1618	7.10074e-09	-80467.6	-141777	NA	NA	NA	NA	NA	NA	NA	NA	NA	NA
NA18910	NA	NA	10000	325063	32.5096	5.31993e-09	-81930.4	-81930.4	NA	NA	NA	NA	NA	NA	NA	NA	NA	NA
NA18911	NA	NA	10000	276228	27.6339	3.00148e-09	-68465.4	-124478	NA	NA	NA	NA	NA	NA	NA	NA	NA	NA
NA18912	NA	NA	10000	335133	33.52	3.17155e-09	-82568.1	-148727	NA	NA	NA	NA	NA	NA	NA	NA	NA	NA
NA18913	NA	NA	10000	303418	30.357	3.38496e-09	-75540.9	-131408	NA	NA	NA	NA	NA	NA	NA	NA	NA	NA
NA18914	NA	NA	10000	336276	33.6377	3.54813e-09	-83594	-147506	NA	NA	NA	NA	NA	NA	NA	NA	NA	NA
NA18915	NA	NA	10000	390565	39.0604	2.53909e-09	-95468.9	-152760	NA	NA	NA	NA	NA	NA	NA	NA	NA	NA
NA18916	NA	NA	10000	333530	33.353	4.31817e-09	-84052.8	-137750	NA	NA	NA	NA	NA	NA	NA	NA	NA	NA
NA18917	NA	NA	10000	322503	32.2535	5.44369e-09	-79817.4	-136628	NA	NA	NA	NA	NA	NA	NA	NA	NA	NA
NA18923	NA	NA	10000	325451	32.5516	1.18224e-09	-80882.9	-152603	NA	NA	NA	NA	NA	NA	NA	NA	NA	NA
NA18924	NA	NA	10000	326716	32.6814	6.15074e-09	-81421.2	-139816	NA	NA	NA	NA	NA	NA	NA	NA	NA	NA
NA18925	NA	NA	10000	336883	33.6984	5.29222e-09	-84416.1	-144706	NA	NA	NA	NA	NA	NA	NA	NA	NA	NA
NA18930	NA	NA	10000	330063	33.0129	3.26944e-09	-83996.7	-83996.7	NA	NA	NA	NA	NA	NA	NA	NA	NA	NA
NA18933	NA	NA	10000	302639	30.2669	4.11646e-09	-75408.9	-139274	NA	NA	NA	NA	NA	NA	NA	NA	NA	NA
NA18934	NA	NA	10000	298861	29.8891	1.86768e-09	-74868.1	-135522	NA	NA	NA	NA	NA	NA	NA	NA	NA	NA
NA18935	NA	NA	10000	323619	32.3684	2.17884e-08	-79808.8	-79808.8	NA	NA	NA	NA	NA	NA	NA	NA	NA	NA
NA18939	NA	NA	10000	302526	30.2587	3.73168e-09	-74148.4	-108785	NA	NA	NA	NA	NA	NA	NA	NA	NA	NA
NA18940	NA	NA	10000	334705	33.4772	1.56116e-05	-81118.8	-128430	NA	NA	NA	NA	NA	NA	NA	NA	NA	NA
NA18941	NA	NA	10000	319665	31.9793	1.31636e-08	-73276.2	-73276.2	NA	NA	NA	NA	NA	NA	NA	NA	NA	NA
NA18942	NA	NA	10000	333300	33.3333	1.59474e-08	-78453.9	-78453.9	NA	NA	NA	NA	NA	NA	NA	NA	NA	NA
NA18943	NA	NA	10000	326298	32.6396	1.57623e-08	-79595	-79595	NA	NA	NA	NA	NA	NA	NA	NA	NA	NA
NA18944	NA	NA	10000	301377	30.1437	8.12955e-05	-72913.2	-88898.2	NA	NA	NA	NA	NA	NA	NA	NA	NA	NA
NA18945	NA	NA	10000	329724	32.979	3.32027e-09	-79226.7	-130129	NA	NA	NA	NA	NA	NA	NA	NA	NA	NA
NA18946	NA	NA	10000	301663	30.1723	1.66822e-09	-72718.1	-131610	NA	NA	NA	NA	NA	NA	NA	NA	NA	NA
NA18947	NA	NA	10000	317417	31.7449	1.65151e-08	-77470	-77470	NA	NA	NA	NA	NA	NA	NA	NA	NA	NA
NA18948	NA	NA	10000	313865	31.3928	2.72862e-08	-76502	-76502	NA	NA	NA	NA	NA	NA	NA	NA	NA	NA
NA18949	NA	NA	10000	322063	32.2192	8.57262e-10	-75180	-171233	NA	NA	NA	NA	NA	NA	NA	NA	NA	NA
NA18950	NA	NA	10000	317305	31.7337	1.51042e-08	-74171.2	-74171.2	NA	NA	NA	NA	NA	NA	NA	NA	NA	NA
NA18951	NA	NA	10000	339945	33.9979	1.71968e-08	-80541.5	-81689.6	NA	NA	NA	NA	NA	NA	NA	NA	NA	NA
NA18952	NA	NA	10000	338022	33.8056	1.69306e-09	-79337.5	-157317	NA	NA	NA	NA	NA	NA	NA	NA	NA	NA
NA18953	NA	NA	10000	324213	32.431	3.71081e-09	-78141.3	-113142	NA	NA	NA	NA	NA	NA	NA	NA	NA	NA
NA18954	NA	NA	10000	324655	32.472	3.00463e-09	-78195.7	-150095	NA	NA	NA	NA	NA	NA	NA	NA	NA	NA
NA18956	NA	NA	10000	308026	30.8149	1.43007e-09	-74268	-163398	NA	NA	NA	NA	NA	NA	NA	NA	NA	NA
NA18957	NA	NA	10000	306389	30.645	1.72184e-08	-73541.2	-73541.2	NA	NA	NA	NA	NA	NA	NA	NA	NA	NA
NA18959	NA	NA	10000	435178	43.5222	9.87951e-10	-102253	-173995	NA	NA	NA	NA	NA	NA	NA	NA	NA	NA
NA18960	NA	NA	10000	334634	33.4701	2.56559e-09	-80115.2	-166577	NA	NA	NA	NA	NA	NA	NA	NA	NA	NA
NA18961	NA	NA	10000	318178	31.8273	2.8857e-05	-76411.3	-88353.3	NA	NA	NA	NA	NA	NA	NA	NA	NA	NA
NA18962	NA	NA	10000	343680	34.3818	7.28111e-10	-81289.6	-184491	NA	NA	NA	NA	NA	NA	NA	NA	NA	NA
NA18963	NA	NA	10000	322475	32.2604	6.04782e-09	-78504.9	-78504.9	NA	NA	NA	NA	NA	NA	NA	NA	NA	NA
NA18964	NA	NA	10000	318874	31.897	6.26228e-10	-76978.2	-173546	NA	NA	NA	NA	NA	NA	NA	NA	NA	NA
NA18965	NA	NA	10000	348069	34.8173	7.81568e-10	-84545.1	-170030	NA	NA	NA	NA	NA	NA	NA	NA	NA	NA
NA18966	NA	NA	10000	344715	34.4818	2.48518e-09	-83449.2	-140560	NA	NA	NA	NA	NA	NA	NA	NA	NA	NA
NA18967	NA	NA	10000	350011	35.0046	9.70077e-09	-83179.6	-83179.6	NA	NA	NA	NA	NA	NA	NA	NA	NA	NA
NA18968	NA	NA	10000	351312	35.1417	8.21661e-09	-82700.7	-82700.7	NA	NA	NA	NA	NA	NA	NA	NA	NA	NA
NA18969	NA	NA	10000	341064	34.1098	9.28096e-09	-80741.7	-80741.7	NA	NA	NA	NA	NA	NA	NA	NA	NA	NA
NA18970	NA	NA	10000	399337	39.9377	4.09989e-09	-94545.8	-146895	NA	NA	NA	NA	NA	NA	NA	NA	NA	NA
NA18971	NA	NA	10000	332773	33.2873	7.31109e-09	-81124.7	-115783	NA	NA	NA	NA	NA	NA	NA	NA	NA	NA
NA18972	NA	NA	10000	382546	38.2699	5.63519e-09	-90343.6	-90343.6	NA	NA	NA	NA	NA	NA	NA	NA	NA	NA
NA18973	NA	NA	10000	351303	35.1373	1.28615e-09	-84100	-153440	NA	NA	NA	NA	NA	NA	NA	NA	NA	NA
NA18974	NA	NA	10000	417358	41.74	2.64635e-09	-98446.5	-168975	NA	NA	NA	NA	NA	NA	NA	NA	NA	NA
NA18975	NA	NA	10000	324507	32.4572	1.52939e-09	-77562.3	-131711	NA	NA	NA	NA	NA	NA	NA	NA	NA	NA
NA18976	NA	NA	10000	317423	31.755	2.678e-08	-75951.2	-75951.2	NA	NA	NA	NA	NA	NA	NA	NA	NA	NA
NA18977	NA	NA	10000	323438	32.3503	1.16816e-08	-79082.9	-79082.9	NA	NA	NA	NA	NA	NA	NA	NA	NA	NA
NA18978	NA	NA	10000	326183	32.6314	1.76686e-07	-76646.5	-84415.4	NA	NA	NA	NA	NA	NA	NA	NA	NA	NA
NA18979	NA	NA	10000	371164	37.135	2.70625e-08	-89715.2	-89715.2	NA	NA	NA	NA	NA	NA	NA	NA	NA	NA
NA18980	NA	NA	10000	328084	32.815	1.03804e-08	-77435.2	-127757	NA	NA	NA	NA	NA	NA	NA	NA	NA	NA
NA18981	NA	NA	10000	290390	29.0448	4.22886e-08	-68362.9	-68362.9	NA	NA	NA	NA	NA	NA	NA	NA	NA	NA
NA18982	NA	NA	10000	305821	30.5882	1.38757e-08	-73466.9	-73466.9	NA	NA	NA	NA	NA	NA	NA	NA	NA	NA
NA18983	NA	NA	10000	305244	30.5305	3.91416e-08	-73275.7	-73275.7	NA	NA	NA	NA	NA	NA	NA	NA	NA	NA
NA18984	NA	NA	10000	328721	32.8754	1.41902e-05	-75255.6	-115885	NA	NA	NA	NA	NA	NA	NA	NA	NA	NA
NA18985	NA	NA	10000	316242	31.64	1.54751e-09	-75431.2	-135170	NA	NA	NA	NA	NA	NA	NA	NA	NA	NA
NA18986	NA	NA	10000	375143	37.5143	1.38574e-09	-88447.2	-151695	NA	NA	NA	NA	NA	NA	NA	NA	NA	NA
NA18987	NA	NA	10000	297908	29.7968	1.86107e-09	-71125.9	-171361	NA	NA	NA	NA	NA	NA	NA	NA	NA	NA
NA18988	NA	NA	10000	320607	32.0671	1.96507e-08	-77821.2	-77821.2	NA	NA	NA	NA	NA	NA	NA	NA	NA	NA
NA18989	NA	NA	10000	426701	42.6829	1.47432e-10	-98856.2	-199189	NA	NA	NA	NA	NA	NA	NA	NA	NA	NA
NA18990	NA	NA	10000	344376	34.441	1.19968e-09	-79963	-148294	NA	NA	NA	NA	NA	NA	NA	NA	NA	NA
NA18991	NA	NA	10000	310986	31.111	3.09692e-08	-76216.1	-76216.1	NA	NA	NA	NA	NA	NA	NA	NA	NA	NA
NA18992	NA	NA	10000	301960	30.2051	4.80003e-08	-69946.5	-81950.8	NA	NA	NA	NA	NA	NA	NA	NA	NA	NA
NA18993	NA	NA	10000	323997	32.4094	7.76568e-09	-78582.8	-78582.8	NA	NA	NA	NA	NA	NA	NA	NA	NA	NA
NA18994	NA	NA	10000	370821	37.0858	9.3421e-09	-87894	-87894	NA	NA	NA	NA	NA	NA	NA	NA	NA	NA
NA18995	NA	NA	10000	349782	34.9817	5.06007e-09	-83828.2	-83828.2	NA	NA	NA	NA	NA	NA	NA	NA	NA	NA
NA18997	NA	NA	10000	317922	31.7986	7.77971e-10	-76502.1	-135347	NA	NA	NA	NA	NA	NA	NA	NA	NA	NA
NA18998	NA	NA	10000	328305	32.8338	0.00855007	-82998.9	-83737.3	NA	NA	NA	NA	NA	NA	NA	NA	NA	NA
NA18999	NA	NA	10000	348456	34.8561	9.18074e-10	-82808.4	-173632	NA	NA	NA	NA	NA	NA	NA	NA	NA	NA
NA19000	NA	NA	10000	345611	34.568	4.10522e-09	-82277.4	-135341	NA	NA	NA	NA	NA	NA	NA	NA	NA	NA
NA19001	NA	NA	10000	323355	32.342	7.16236e-09	-76424.6	-76424.6	NA	NA	NA	NA	NA	NA	NA	NA	NA	NA
NA19002	NA	NA	10000	347309	34.7378	5.53049e-09	-81981.2	-81981.2	NA	NA	NA	NA	NA	NA	NA	NA	NA	NA
NA19003	NA	NA	10000	307052	30.7144	1.77053e-08	-72217.3	-113547	NA	NA	NA	NA	NA	NA	NA	NA	NA	NA
NA19004	NA	NA	10000	325218	32.5251	2.04529e-08	-75900.6	-75900.6	NA	NA	NA	NA	NA	NA	NA	NA	NA	NA
NA19005	NA	NA	10000	325762	32.5795	2.28909e-05	-77880.3	-95781.6	NA	NA	NA	NA	NA	NA	NA	NA	NA	NA
NA19006	NA	NA	10000	315231	31.5294	6.33091e-09	-74081	-132231	NA	NA	NA	NA	NA	NA	NA	NA	NA	NA
NA19007	NA	NA	10000	305281	30.5312	1.2051e-09	-73941.3	-139635	NA	NA	NA	NA	NA	NA	NA	NA	NA	NA
NA19009	NA	NA	10000	371026	37.1137	2.17431e-09	-89040.6	-165189	NA	NA	NA	NA	NA	NA	NA	NA	NA	NA
NA19010	NA	NA	10000	338888	33.8956	1.51028e-09	-80977.7	-164581	NA	NA	NA	NA	NA	NA	NA	NA	NA	NA
NA19011	NA	NA	10000	335445	33.5479	1.66115e-09	-80708.2	-117049	NA	NA	NA	NA	NA	NA	NA	NA	NA	NA
NA19012	NA	NA	10000	363590	36.3735	2.81192e-08	-80161	-85489.5	NA	NA	NA	NA	NA	NA	NA	NA	NA	NA
NA19017	NA	NA	10000	365895	36.5968	6.807e-09	-91803.5	-91803.5	NA	NA	NA	NA	NA	NA	NA	NA	NA	NA
NA19019	NA	NA	10000	351237	35.1342	2.62879e-09	-87182.2	-152839	NA	NA	NA	NA	NA	NA	NA	NA	NA	NA
NA19020	NA	NA	10000	324880	32.4945	1.78997e-05	-81644.1	-116403	NA	NA	NA	NA	NA	NA	NA	NA	NA	NA
NA19023	NA	NA	10000	322302	32.2366	3.79228e-09	-80063.2	-139218	NA	NA	NA	NA	NA	NA	NA	NA	NA	NA
NA19024	NA	NA	10000	323139	32.3268	1.26043e-09	-81482.3	-147238	NA	NA	NA	NA	NA	NA	NA	NA	NA	NA
NA19025	NA	NA	10000	333346	33.3546	1.15542e-11	-84529.5	-84529.5	NA	NA	NA	NA	NA	NA	NA	NA	NA	NA
NA19026	NA	NA	10000	309179	30.9272	4.9627e-09	-80006	-139629	NA	NA	NA	NA	NA	NA	NA	NA	NA	NA
NA19027	NA	NA	10000	356828	35.6864	5.20618e-09	-90890.8	-157064	NA	NA	NA	NA	NA	NA	NA	NA	NA	NA
NA19028	NA	NA	10000	324681	32.4778	2.34072e-09	-82363.2	-148122	NA	NA	NA	NA	NA	NA	NA	NA	NA	NA
NA19030	NA	NA	10000	320829	32.0893	1.20829e-07	-80675	-131200	NA	NA	NA	NA	NA	NA	NA	NA	NA	NA
NA19031	NA	NA	10000	534748	53.4908	6.38463e-09	-134349	-189254	NA	NA	NA	NA	NA	NA	NA	NA	NA	NA
NA19035	NA	NA	10000	359281	35.9425	1.7775e-09	-91042	-151830	NA	NA	NA	NA	NA	NA	NA	NA	NA	NA
NA19036	NA	NA	10000	488818	48.8867	3.77179e-09	-119266	-119266	NA	NA	NA	NA	NA	NA	NA	NA	NA	NA
NA19037	NA	NA	10000	383547	38.3624	4.63721e-09	-94735.2	-132284	NA	NA	NA	NA	NA	NA	NA	NA	NA	NA
NA19038	NA	NA	10000	328689	32.8755	3.77242e-09	-82839	-146523	NA	NA	NA	NA	NA	NA	NA	NA	NA	NA
NA19041	NA	NA	10000	287099	28.7128	4.27092e-09	-72722	-117641	NA	NA	NA	NA	NA	NA	NA	NA	NA	NA
NA19042	NA	NA	10000	381684	38.176	2.38487e-09	-97068.7	-171315	NA	NA	NA	NA	NA	NA	NA	NA	NA	NA
NA19043	NA	NA	10000	368166	36.8313	2.56946e-09	-93550.4	-156638	NA	NA	NA	NA	NA	NA	NA	NA	NA	NA
NA19054	NA	NA	10000	324704	32.4736	4.03538e-09	-78445.4	-78445.4	NA	NA	NA	NA	NA	NA	NA	NA	NA	NA
NA19055	NA	NA	10000	407050	40.7131	4.65603e-08	-94152.4	-104632	NA	NA	NA	NA	NA	NA	NA	NA	NA	NA
NA19056	NA	NA	10000	332003	33.2036	4.63791e-11	-79363.8	-165073	NA	NA	NA	NA	NA	NA	NA	NA	NA	NA
NA19057	NA	NA	10000	312767	31.283	1.98175e-08	-74378.2	-112167	NA	NA	NA	NA	NA	NA	NA	NA	NA	NA
NA19058	NA	NA	10000	312824	31.2918	8.21505e-09	-76282.3	-76282.3	NA	NA	NA	NA	NA	NA	NA	NA	NA	NA
NA19059	NA	NA	10000	330051	33.0117	8.46316e-09	-78804.1	-78804.1	NA	NA	NA	NA	NA	NA	NA	NA	NA	NA
NA19060	NA	NA	10000	336574	33.6675	4.60334e-10	-80671.3	-156526	NA	NA	NA	NA	NA	NA	NA	NA	NA	NA
NA19062	NA	NA	10000	310017	31.0079	4.52384e-08	-74532.3	-74532.3	NA	NA	NA	NA	NA	NA	NA	NA	NA	NA
NA19063	NA	NA	10000	396394	39.6434	1.9653e-09	-92959.2	-156945	NA	NA	NA	NA	NA	NA	NA	NA	NA	NA
NA19064	NA	NA	10000	345803	34.5872	9.52193e-09	-80338.5	-138861	NA	NA	NA	NA	NA	NA	NA	NA	NA	NA
NA19065	NA	NA	10000	317375	31.7438	9.19726e-09	-76333.6	-76333.6	NA	NA	NA	NA	NA	NA	NA	NA	NA	NA
NA19066	NA	NA	10000	306507	30.6599	2.42222e-08	-75553.7	-75553.7	NA	NA	NA	NA	NA	NA	NA	NA	NA	NA
NA19067	NA	NA	10000	334578	33.4745	1.78098e-08	-79981.6	-79981.6	NA	NA	NA	NA	NA	NA	NA	NA	NA	NA
NA19068	NA	NA	10000	332094	33.216	4.75808e-09	-79995.7	-133526	NA	NA	NA	NA	NA	NA	NA	NA	NA	NA
NA19070	NA	NA	10000	331138	33.1237	1.71104e-08	-80687.3	-80687.3	NA	NA	NA	NA	NA	NA	NA	NA	NA	NA
NA19072	NA	NA	10000	351941	35.2047	3.42387e-09	-84151.8	-137845	NA	NA	NA	NA	NA	NA	NA	NA	NA	NA
NA19074	NA	NA	10000	333938	33.3971	1.52258e-08	-77102.3	-77102.3	NA	NA	NA	NA	NA	NA	NA	NA	NA	NA
NA19075	NA	NA	10000	335416	33.5517	1.94226e-08	-80569.5	-80569.5	NA	NA	NA	NA	NA	NA	NA	NA	NA	NA
NA19076	NA	NA	10000	397837	39.8036	2.16034e-08	-92067.4	-92067.4	NA	NA	NA	NA	NA	NA	NA	NA	NA	NA
NA19077	NA	NA	10000	327258	32.7323	4.77324e-09	-77336.5	-132162	NA	NA	NA	NA	NA	NA	NA	NA	NA	NA
NA19078	NA	NA	10000	345567	34.5636	8.80851e-09	-82301.1	-82301.1	NA	NA	NA	NA	NA	NA	NA	NA	NA	NA
NA19079	NA	NA	10000	471535	47.1582	1.97072e-10	-110878	-200976	NA	NA	NA	NA	NA	NA	NA	NA	NA	NA
NA19080	NA	NA	10000	310318	31.038	1.50142e-08	-74242.7	-74242.7	NA	NA	NA	NA	NA	NA	NA	NA	NA	NA
NA19081	NA	NA	10000	305904	30.6026	2.96253e-08	-73897.3	-97451.9	NA	NA	NA	NA	NA	NA	NA	NA	NA	NA
NA19082	NA	NA	10000	312010	31.2072	2.11244e-08	-74397.6	-74397.6	NA	NA	NA	NA	NA	NA	NA	NA	NA	NA
NA19083	NA	NA	10000	299282	29.9282	3.32302e-09	-73733.1	-138295	NA	NA	NA	NA	NA	NA	NA	NA	NA	NA
NA19084	NA	NA	10000	372549	37.2624	1.35243e-05	-88336.1	-154134	NA	NA	NA	NA	NA	NA	NA	NA	NA	NA
NA19085	NA	NA	10000	295563	29.5652	1.17783e-08	-70393.3	-70393.3	NA	NA	NA	NA	NA	NA	NA	NA	NA	NA
NA19086	NA	NA	10000	338473	33.8541	3.548e-09	-80423.2	-131784	NA	NA	NA	NA	NA	NA	NA	NA	NA	NA
NA19087	NA	NA	10000	321481	32.1545	3.82095e-08	-77281.8	-77281.8	NA	NA	NA	NA	NA	NA	NA	NA	NA	NA
NA19088	NA	NA	10000	351694	35.1764	2.14762e-08	-84630	-84630	NA	NA	NA	NA	NA	NA	NA	NA	NA	NA
NA19089	NA	NA	10000	329355	32.9388	4.01236e-09	-79050.9	-144834	NA	NA	NA	NA	NA	NA	NA	NA	NA	NA
NA19090	NA	NA	10000	409573	40.9737	1.4724e-08	-98270.5	-98270.5	NA	NA	NA	NA	NA	NA	NA	NA	NA	NA
NA19091	NA	NA	10000	351855	35.189	7.12972e-09	-81813.2	-81813.2	NA	NA	NA	NA	NA	NA	NA	NA	NA	NA
NA19092	NA	NA	10000	341726	34.1794	2.97936e-09	-84713.8	-142582	NA	NA	NA	NA	NA	NA	NA	NA	NA	NA
NA19093	NA	NA	10000	352742	35.2883	3.24344e-09	-85318.8	-121601	NA	NA	NA	NA	NA	NA	NA	NA	NA	NA
NA19094	NA	NA	10000	301172	30.1262	5.38909e-09	-75253.7	-132724	NA	NA	NA	NA	NA	NA	NA	NA	NA	NA
NA19095	NA	NA	10000	301761	30.1791	1.49491e-09	-75195.9	-134477	NA	NA	NA	NA	NA	NA	NA	NA	NA	NA
NA19096	NA	NA	10000	334038	33.4071	1.49937e-05	-82905.7	-145754	NA	NA	NA	NA	NA	NA	NA	NA	NA	NA
NA19097	NA	NA	10000	350587	35.0622	2.89957e-09	-87276.5	-152826	NA	NA	NA	NA	NA	NA	NA	NA	NA	NA
NA19098	NA	NA	10000	363182	36.3327	1.39931e-13	-89330.1	-126239	NA	NA	NA	NA	NA	NA	NA	NA	NA	NA
NA19099	NA	NA	10000	372194	37.2194	1.97927e-09	-92212.1	-153803	NA	NA	NA	NA	NA	NA	NA	NA	NA	NA
NA19100	NA	NA	10000	327744	32.7842	1.19773e-09	-81104.4	-147147	NA	NA	NA	NA	NA	NA	NA	NA	NA	NA
NA19101	NA	NA	10000	303853	30.4005	3.6617e-09	-76532	-137767	NA	NA	NA	NA	NA	NA	NA	NA	NA	NA
NA19102	NA	NA	10000	313245	31.3402	1.65588e-08	-78921.3	-134250	NA	NA	NA	NA	NA	NA	NA	NA	NA	NA
NA19103	NA	NA	10000	346185	34.6324	1.93047e-05	-86156	-119372	NA	NA	NA	NA	NA	NA	NA	NA	NA	NA
NA19107	NA	NA	10000	318981	31.9077	2.04741e-09	-80163.5	-138351	NA	NA	NA	NA	NA	NA	NA	NA	NA	NA
NA19108	NA	NA	10000	317963	31.809	5.10645e-09	-78251.7	-78251.7	NA	NA	NA	NA	NA	NA	NA	NA	NA	NA
NA19109	NA	NA	10000	346228	34.6367	3.57264e-09	-85775.2	-144351	NA	NA	NA	NA	NA	NA	NA	NA	NA	NA
NA19113	NA	NA	10000	319564	31.966	5.73036e-09	-79239.1	-79239.1	NA	NA	NA	NA	NA	NA	NA	NA	NA	NA
NA19114	NA	NA	10000	306073	30.6104	2.39651e-09	-76561.8	-136844	NA	NA	NA	NA	NA	NA	NA	NA	NA	NA
NA19115	NA	NA	10000	349666	34.9736	2.13383e-09	-85799.9	-150694	NA	NA	NA	NA	NA	NA	NA	NA	NA	NA
NA19116	NA	NA	10000	339775	33.9775	2.41704e-09	-85655.8	-146921	NA	NA	NA	NA	NA	NA	NA	NA	NA	NA
NA19117	NA	NA	10000	308299	30.8422	5.09575e-10	-76671.8	-138591	NA	NA	NA	NA	NA	NA	NA	NA	NA	NA
NA19118	NA	NA	10000	363763	36.3836	1.22281e-09	-91151.4	-153821	NA	NA	NA	NA	NA	NA	NA	NA	NA	NA
NA19119	NA	NA	10000	302554	30.2584	1.96243e-08	-77834.7	-138606	NA	NA	NA	NA	NA	NA	NA	NA	NA	NA
NA19120	NA	NA	10000	287112	28.7112	4.67369e-21	-73787.1	-73787.1	NA	NA	NA	NA	NA	NA	NA	NA	NA	NA
NA19121	NA	NA	10000	300286	30.0316	5.17814e-10	-76327.6	-113481	NA	NA	NA	NA	NA	NA	NA	NA	NA	NA
NA19122	NA	NA	10000	336938	33.7005	4.67584e-10	-83984.4	-152560	NA	NA	NA	NA	NA	NA	NA	NA	NA	NA
NA19123	NA	NA	10000	324223	32.4288	1.71927e-09	-82128.4	-160206	NA	NA	NA	NA	NA	NA	NA	NA	NA	NA
NA19127	NA	NA	10000	330146	33.0179	5.1719e-18	-82268.3	-119140	NA	NA	NA	NA	NA	NA	NA	NA	NA	NA
NA19128	NA	NA	10000	332562	33.2629	2.98178e-09	-83406.2	-139965	NA	NA	NA	NA	NA	NA	NA	NA	NA	NA
NA19129	NA	NA	10000	348082	34.8186	6.10437e-09	-86649.2	-144636	NA	NA	NA	NA	NA	NA	NA	NA	NA	NA
NA19130	NA	NA	10000	324982	32.5015	1.91956e-08	-81570.5	-141515	NA	NA	NA	NA	NA	NA	NA	NA	NA	NA
NA19131	NA	NA	10000	378218	37.8407	1.37336e-08	-95409.2	-149940	NA	NA	NA	NA	NA	NA	NA	NA	NA	NA
NA19132	NA	NA	10000	305827	30.5888	6.94666e-09	-76973.5	-134544	NA	NA	NA	NA	NA	NA	NA	NA	NA	NA
NA19137	NA	NA	10000	309968	31.0061	2.89805e-09	-76807.5	-137320	NA	NA	NA	NA	NA	NA	NA	NA	NA	NA
NA19138	NA	NA	10000	322182	32.2279	1.92493e-05	-80908.7	-104770	NA	NA	NA	NA	NA	NA	NA	NA	NA	NA
NA19139	NA	NA	10000	336848	33.6983	3.27754e-09	-83525	-128701	NA	NA	NA	NA	NA	NA	NA	NA	NA	NA
NA19140	NA	NA	10000	319803	31.9835	4.83958e-11	-79447	-116335	NA	NA	NA	NA	NA	NA	NA	NA	NA	NA
NA19141	NA	NA	10000	291025	29.1054	5.16657e-09	-74740.5	-134680	NA	NA	NA	NA	NA	NA	NA	NA	NA	NA
NA19142	NA	NA	10000	282244	28.2329	1.5759e-09	-71654.5	-131537	NA	NA	NA	NA	NA	NA	NA	NA	NA	NA
NA19143	NA	NA	10000	313578	31.3672	1.66024e-09	-77515.6	-136515	NA	NA	NA	NA	NA	NA	NA	NA	NA	NA
NA19144	NA	NA	10000	326483	32.6581	3.24336e-07	-82279	-104298	NA	NA	NA	NA	NA	NA	NA	NA	NA	NA
NA19145	NA	NA	10000	337798	33.7899	2.99036e-08	-84599.2	-84599.2	NA	NA	NA	NA	NA	NA	NA	NA	NA	NA
NA19146	NA	NA	10000	321279	32.1343	0.00221254	-80324.5	-85328.3	NA	NA	NA	NA	NA	NA	NA	NA	NA	NA
NA19147	NA	NA	10000	318107	31.8139	4.90023e-09	-79224.5	-128121	NA	NA	NA	NA	NA	NA	NA	NA	NA	NA
NA19148	NA	NA	10000	302314	30.2374	2.52557e-09	-76381.4	-141707	NA	NA	NA	NA	NA	NA	NA	NA	NA	NA
NA19149	NA	NA	10000	316137	31.62	2.96121e-09	-77621.5	-142708	NA	NA	NA	NA	NA	NA	NA	NA	NA	NA
NA19150	NA	NA	10000	298867	29.8927	1.25789e-09	-74789.7	-134737	NA	NA	NA	NA	NA	NA	NA	NA	NA	NA
NA19151	NA	NA	10000	338733	33.8835	2.82049e-08	-84737.4	-142852	NA	NA	NA	NA	NA	NA	NA	NA	NA	NA
NA19152	NA	NA	10000	336603	33.667	4.91524e-09	-82010.5	-135515	NA	NA	NA	NA	NA	NA	NA	NA	NA	NA
NA19153	NA	NA	10000	341689	34.1757	1.18208e-08	-82925.5	-146140	NA	NA	NA	NA	NA	NA	NA	NA	NA	NA
NA19154	NA	NA	10000	327243	32.7276	8.292e-09	-81279.3	-143425	NA	NA	NA	NA	NA	NA	NA	NA	NA	NA
NA19159	NA	NA	10000	340470	34.0538	1.5621e-08	-83897.9	-128213	NA	NA	NA	NA	NA	NA	NA	NA	NA	NA
NA19160	NA	NA	10000	311848	31.191	8.06421e-09	-78768.9	-133321	NA	NA	NA	NA	NA	NA	NA	NA	NA	NA
NA19161	NA	NA	10000	348467	34.8502	1.96402e-09	-86361.9	-154362	NA	NA	NA	NA	NA	NA	NA	NA	NA	NA
NA19171	NA	NA	10000	297068	29.7187	7.33283e-10	-74523.7	-138240	NA	NA	NA	NA	NA	NA	NA	NA	NA	NA
NA19172	NA	NA	10000	307744	30.7806	7.10488e-09	-75350.6	-145391	NA	NA	NA	NA	NA	NA	NA	NA	NA	NA
NA19173	NA	NA	10000	311793	31.1824	1.23863e-09	-77793.3	-143055	NA	NA	NA	NA	NA	NA	NA	NA	NA	NA
NA19174	NA	NA	10000	327775	32.7873	5.35549e-10	-82016	-145191	NA	NA	NA	NA	NA	NA	NA	NA	NA	NA
NA19175	NA	NA	10000	362273	36.2418	2.29971e-09	-90644.1	-150731	NA	NA	NA	NA	NA	NA	NA	NA	NA	NA
NA19176	NA	NA	10000	311097	31.1159	6.95279e-10	-78829.1	-157186	NA	NA	NA	NA	NA	NA	NA	NA	NA	NA
NA19177	NA	NA	10000	345576	34.568	4.75113e-10	-84221.4	-150179	NA	NA	NA	NA	NA	NA	NA	NA	NA	NA
NA19184	NA	NA	10000	296700	29.6789	5.66155e-09	-75099.1	-133103	NA	NA	NA	NA	NA	NA	NA	NA	NA	NA
NA19185	NA	NA	10000	366495	36.6568	2.78998e-09	-90979.9	-156255	NA	NA	NA	NA	NA	NA	NA	NA	NA	NA
NA19186	NA	NA	10000	339285	33.9353	4.8033e-35	-83997.1	-83997.1	NA	NA	NA	NA	NA	NA	NA	NA	NA	NA
NA19189	NA	NA	10000	292503	29.262	2.92446e-09	-72631.2	-129344	NA	NA	NA	NA	NA	NA	NA	NA	NA	NA
NA19190	NA	NA	10000	379350	37.9426	8.79406e-09	-94049.4	-151792	NA	NA	NA	NA	NA	NA	NA	NA	NA	NA
NA19191	NA	NA	10000	335056	33.5224	1.89714e-08	-83822.2	-146674	NA	NA	NA	NA	NA	NA	NA	NA	NA	NA
NA19197	NA	NA	10000	320366	32.0462	6.16794e-09	-81988.6	-139997	NA	NA	NA	NA	NA	NA	NA	NA	NA	NA
NA19198	NA	NA	10000	360690	36.0798	9.08131e-10	-87556.5	-151464	NA	NA	NA	NA	NA	NA	NA	NA	NA	NA
NA19199	NA	NA	10000	335054	33.5155	1.83809e-05	-84642.3	-136426	NA	NA	NA	NA	NA	NA	NA	NA	NA	NA
NA19200	NA	NA	10000	310356	31.0418	7.09649e-09	-76800.9	-76800.9	NA	NA	NA	NA	NA	NA	NA	NA	NA	NA
NA19201	NA	NA	10000	303995	30.4025	2.90523e-09	-74725	-138787	NA	NA	NA	NA	NA	NA	NA	NA	NA	NA
NA19202	NA	NA	10000	306617	30.6678	8.89628e-09	-73224.4	-73224.4	NA	NA	NA	NA	NA	NA	NA	NA	NA	NA
NA19203	NA	NA	10000	333035	33.3102	2.64301e-09	-82949.2	-135152	NA	NA	NA	NA	NA	NA	NA	NA	NA	NA
NA19204	NA	NA	10000	331208	33.1274	2.38568e-09	-84236.3	-84236.3	NA	NA	NA	NA	NA	NA	NA	NA	NA	NA
NA19205	NA	NA	10000	302139	30.2199	3.04468e-09	-77645.5	-142344	NA	NA	NA	NA	NA	NA	NA	NA	NA	NA
NA19206	NA	NA	10000	334438	33.4505	1.52952e-09	-83310.9	-142843	NA	NA	NA	NA	NA	NA	NA	NA	NA	NA
NA19207	NA	NA	10000	346733	34.6802	0.000292517	-87054.2	-93530.7	NA	NA	NA	NA	NA	NA	NA	NA	NA	NA
NA19208	NA	NA	10000	328439	32.8538	3.42699e-09	-83433.7	-148804	NA	NA	NA	NA	NA	NA	NA	NA	NA	NA
NA19209	NA	NA	10000	369610	36.9795	2.23424e-09	-90309.1	-146661	NA	NA	NA	NA	NA	NA	NA	NA	NA	NA
NA19210	NA	NA	10000	339386	33.9488	2.38858e-09	-83664.8	-148596	NA	NA	NA	NA	NA	NA	NA	NA	NA	NA
NA19211	NA	NA	10000	345442	34.5546	0.00595626	-87180.2	-87706.8	NA	NA	NA	NA	NA	NA	NA	NA	NA	NA
NA19213	NA	NA	10000	300950	30.104	1.84214e-05	-75659.1	-124730	NA	NA	NA	NA	NA	NA	NA	NA	NA	NA
NA19214	NA	NA	10000	419310	41.9436	6.19446e-10	-101980	-163842	NA	NA	NA	NA	NA	NA	NA	NA	NA	NA
NA19215	NA	NA	10000	328105	32.8203	5.82828e-09	-81560	-140144	NA	NA	NA	NA	NA	NA	NA	NA	NA	NA
NA19221	NA	NA	10000	327196	32.7261	4.75129e-10	-79923.6	-151661	NA	NA	NA	NA	NA	NA	NA	NA	NA	NA
NA19222	NA	NA	10000	333284	33.3317	4.81725e-10	-81909.1	-143972	NA	NA	NA	NA	NA	NA	NA	NA	NA	NA
NA19223	NA	NA	10000	345714	34.5749	6.87125e-09	-85627.3	-85627.3	NA	NA	NA	NA	NA	NA	NA	NA	NA	NA
NA19224	NA	NA	10000	338262	33.8364	7.87491e-16	-82789.1	-119807	NA	NA	NA	NA	NA	NA	NA	NA	NA	NA
NA19225	NA	NA	10000	307220	30.7251	7.40799e-09	-77475.9	-141427	NA	NA	NA	NA	NA	NA	NA	NA	NA	NA
NA19226	NA	NA	10000	341643	34.1746	1.81117e-09	-84552	-150372	NA	NA	NA	NA	NA	NA	NA	NA	NA	NA
NA19235	NA	NA	10000	309448	30.9572	4.37673e-09	-77895.8	-138115	NA	NA	NA	NA	NA	NA	NA	NA	NA	NA
NA19236	NA	NA	10000	330598	33.0697	4.25371e-09	-82783.5	-144895	NA	NA	NA	NA	NA	NA	NA	NA	NA	NA
NA19237	NA	NA	10000	342769	34.2838	2.25512e-09	-83784.4	-141967	NA	NA	NA	NA	NA	NA	NA	NA	NA	NA
NA19238	NA	NA	10000	405806	40.5887	7.36006e-09	-98698.8	-98698.8	NA	NA	NA	NA	NA	NA	NA	NA	NA	NA
NA19239	NA	NA	10000	308236	30.8298	4.30237e-09	-77687.3	-142688	NA	NA	NA	NA	NA	NA	NA	NA	NA	NA
NA19240	NA	NA	10000	322655	32.2687	2.62022e-09	-81278	-147211	NA	NA	NA	NA	NA	NA	NA	NA	NA	NA
NA19247	NA	NA	10000	297383	29.7442	8.06014e-09	-73353.6	-73353.6	NA	NA	NA	NA	NA	NA	NA	NA	NA	NA
NA19248	NA	NA	10000	345461	34.5565	2.67535e-09	-84971.4	-148643	NA	NA	NA	NA	NA	NA	NA	NA	NA	NA
NA19249	NA	NA	10000	309592	30.9623	8.17162e-10	-77147.4	-158191	NA	NA	NA	NA	NA	NA	NA	NA	NA	NA
NA19256	NA	NA	10000	292931	29.3019	1.6368e-08	-73324.8	-127363	NA	NA	NA	NA	NA	NA	NA	NA	NA	NA
NA19257	NA	NA	10000	355215	35.5286	1.47467e-05	-88090.5	-148053	NA	NA	NA	NA	NA	NA	NA	NA	NA	NA
NA19258	NA	NA	10000	343201	34.3201	8.1746e-09	-87099.7	-87099.7	NA	NA	NA	NA	NA	NA	NA	NA	NA	NA
NA19307	NA	NA	10000	338756	33.8824	7.18927e-09	-85278.9	-151941	NA	NA	NA	NA	NA	NA	NA	NA	NA	NA
NA19308	NA	NA	10000	420668	42.0794	1.0498e-09	-104399	-166064	NA	NA	NA	NA	NA	NA	NA	NA	NA	NA
NA19309	NA	NA	10000	306844	30.6905	9.85473e-10	-77753.3	-147263	NA	NA	NA	NA	NA	NA	NA	NA	NA	NA
NA19310	NA	NA	10000	311280	31.1342	9.15663e-09	-77492.8	-77492.8	NA	NA	NA	NA	NA	NA	NA	NA	NA	NA
NA19312	NA	NA	10000	334678	33.4711	1.4112e-09	-83310.8	-149507	NA	NA	NA	NA	NA	NA	NA	NA	NA	NA
NA19314	NA	NA	10000	376955	37.7144	4.82301e-09	-96408.4	-164593	NA	NA	NA	NA	NA	NA	NA	NA	NA	NA
NA19315	NA	NA	10000	344345	34.4448	2.86913e-09	-87465.7	-149578	NA	NA	NA	NA	NA	NA	NA	NA	NA	NA
NA19316	NA	NA	10000	354985	35.5092	2.10504e-09	-88461.6	-174442	NA	NA	NA	NA	NA	NA	NA	NA	NA	NA
NA19317	NA	NA	10000	340195	34.0331	6.19249e-09	-87616.8	-148565	NA	NA	NA	NA	NA	NA	NA	NA	NA	NA
NA19318	NA	NA	10000	357614	35.7757	4.59143e-09	-89149	-143630	NA	NA	NA	NA	NA	NA	NA	NA	NA	NA
NA19319	NA	NA	10000	347938	34.7973	2.20773e-09	-87876.7	-151240	NA	NA	NA	NA	NA	NA	NA	NA	NA	NA
NA19320	NA	NA	10000	321474	32.157	1.59954e-05	-80353.5	-96091.5	NA	NA	NA	NA	NA	NA	NA	NA	NA	NA
NA19321	NA	NA	10000	322386	32.2483	4.06502e-09	-81003.5	-134560	NA	NA	NA	NA	NA	NA	NA	NA	NA	NA
NA19323	NA	NA	10000	322454	32.2519	1.99291e-09	-82102.2	-148475	NA	NA	NA	NA	NA	NA	NA	NA	NA	NA
NA19324	NA	NA	10000	313270	31.3301	3.10065e-23	-80154.3	-137492	NA	NA	NA	NA	NA	NA	NA	NA	NA	NA
NA19327	NA	NA	10000	384132	38.417	9.7701e-10	-97898.1	-173658	NA	NA	NA	NA	NA	NA	NA	NA	NA	NA
NA19328	NA	NA	10000	420315	42.0399	6.80155e-09	-100651	-100651	NA	NA	NA	NA	NA	NA	NA	NA	NA	NA
NA19331	NA	NA	10000	338208	33.8343	2.39572e-09	-83704.6	-145926	NA	NA	NA	NA	NA	NA	NA	NA	NA	NA
NA19332	NA	NA	10000	336303	33.637	5.92609e-10	-84533.4	-148255	NA	NA	NA	NA	NA	NA	NA	NA	NA	NA
NA19334	NA	NA	10000	329134	32.9266	5.71147e-09	-81254.1	-81254.1	NA	NA	NA	NA	NA	NA	NA	NA	NA	NA
NA19338	NA	NA	10000	311312	31.1343	1.53317e-05	-78124.8	-135468	NA	NA	NA	NA	NA	NA	NA	NA	NA	NA
NA19346	NA	NA	10000	318082	31.8114	3.4712e-08	-81648.9	-129806	NA	NA	NA	NA	NA	NA	NA	NA	NA	NA
NA19347	NA	NA	10000	337829	33.7829	1.15616e-08	-86947.9	-145839	NA	NA	NA	NA	NA	NA	NA	NA	NA	NA
NA19350	NA	NA	10000	307090	30.7151	4.69377e-09	-80280.3	-151413	NA	NA	NA	NA	NA	NA	NA	NA	NA	NA
NA19351	NA	NA	10000	324312	32.4377	4.68333e-09	-80587.6	-140964	NA	NA	NA	NA	NA	NA	NA	NA	NA	NA
NA19355	NA	NA	10000	334381	33.4481	4.55595e-09	-86171.9	-146439	NA	NA	NA	NA	NA	NA	NA	NA	NA	NA
NA19360	NA	NA	10000	312338	31.2369	9.97435e-09	-79123.7	-79123.7	NA	NA	NA	NA	NA	NA	NA	NA	NA	NA
NA19372	NA	NA	10000	334870	33.497	3.83682e-09	-83280.6	-83280.6	NA	NA	NA	NA	NA	NA	NA	NA	NA	NA
NA19374	NA	NA	10000	616899	61.6899	3.23753e-10	-154735	-226625	NA	NA	NA	NA	NA	NA	NA	NA	NA	NA
NA19375	NA	NA	10000	331904	33.2037	1.76434e-09	-82788.4	-149310	NA	NA	NA	NA	NA	NA	NA	NA	NA	NA
NA19376	NA	NA	10000	332807	33.2907	1.85567e-09	-81996.2	-143077	NA	NA	NA	NA	NA	NA	NA	NA	NA	NA
NA19377	NA	NA	10000	333658	33.3758	4.80402e-09	-83855.3	-137535	NA	NA	NA	NA	NA	NA	NA	NA	NA	NA
NA19378	NA	NA	10000	296662	29.6662	3.65467e-09	-77123.3	-77123.3	NA	NA	NA	NA	NA	NA	NA	NA	NA	NA
NA19379	NA	NA	10000	338946	33.9014	9.63771e-09	-86306.3	-148158	NA	NA	NA	NA	NA	NA	NA	NA	NA	NA
NA19380	NA	NA	10000	320484	32.0644	2.43357e-09	-80934.2	-143316	NA	NA	NA	NA	NA	NA	NA	NA	NA	NA
NA19383	NA	NA	10000	344648	34.4751	9.68765e-09	-87230.5	-87230.5	NA	NA	NA	NA	NA	NA	NA	NA	NA	NA
NA19384	NA	NA	10000	320710	32.0774	1.79529e-09	-80591.3	-139603	NA	NA	NA	NA	NA	NA	NA	NA	NA	NA
NA19385	NA	NA	10000	315581	31.5613	9.45337e-09	-81272	-81272	NA	NA	NA	NA	NA	NA	NA	NA	NA	NA
NA19390	NA	NA	10000	308036	30.8067	4.62711e-09	-77543.6	-137726	NA	NA	NA	NA	NA	NA	NA	NA	NA	NA
NA19391	NA	NA	10000	322421	32.2485	6.34492e-09	-81786.1	-81786.1	NA	NA	NA	NA	NA	NA	NA	NA	NA	NA
NA19393	NA	NA	10000	342245	34.2382	1.69501e-09	-87070.3	-146390	NA	NA	NA	NA	NA	NA	NA	NA	NA	NA
NA19394	NA	NA	10000	325479	32.5577	3.3419e-09	-81884.1	-146519	NA	NA	NA	NA	NA	NA	NA	NA	NA	NA
NA19395	NA	NA	10000	349548	34.9688	2.221e-09	-86128.3	-153266	NA	NA	NA	NA	NA	NA	NA	NA	NA	NA
NA19397	NA	NA	10000	333020	33.3087	4.2163e-09	-83570.4	-141075	NA	NA	NA	NA	NA	NA	NA	NA	NA	NA
NA19399	NA	NA	10000	308958	30.9051	3.58875e-09	-78540.1	-142413	NA	NA	NA	NA	NA	NA	NA	NA	NA	NA
NA19401	NA	NA	10000	325381	32.5446	4.02279e-09	-81117.6	-122628	NA	NA	NA	NA	NA	NA	NA	NA	NA	NA
NA19403	NA	NA	10000	335492	33.5526	2.5708e-09	-85404.5	-154666	NA	NA	NA	NA	NA	NA	NA	NA	NA	NA
NA19404	NA	NA	10000	319192	31.932	9.04817e-09	-81130.2	-81130.2	NA	NA	NA	NA	NA	NA	NA	NA	NA	NA
NA19428	NA	NA	10000	327491	32.7589	4.43904e-09	-81514.9	-139671	NA	NA	NA	NA	NA	NA	NA	NA	NA	NA
NA19429	NA	NA	10000	328505	32.8571	9.54633e-09	-81775.1	-81775.1	NA	NA	NA	NA	NA	NA	NA	NA	NA	NA
NA19430	NA	NA	10000	323301	32.3398	2.10618e-09	-82591	-148845	NA	NA	NA	NA	NA	NA	NA	NA	NA	NA
NA19431	NA	NA	10000	326137	32.6235	4.14621e-09	-83321.8	-120962	NA	NA	NA	NA	NA	NA	NA	NA	NA	NA
NA19434	NA	NA	10000	327517	32.755	7.18751e-09	-81999	-140966	NA	NA	NA	NA	NA	NA	NA	NA	NA	NA
NA19435	NA	NA	10000	321543	32.1607	9.44038e-09	-80998.2	-80998.2	NA	NA	NA	NA	NA	NA	NA	NA	NA	NA
NA19436	NA	NA	10000	319881	32.0009	2.87781e-09	-80489.8	-140874	NA	NA	NA	NA	NA	NA	NA	NA	NA	NA
NA19437	NA	NA	10000	313237	31.3268	1.85337e-09	-80710.3	-147961	NA	NA	NA	NA	NA	NA	NA	NA	NA	NA
NA19438	NA	NA	10000	334940	33.494	3.65806e-09	-85856.8	-146871	NA	NA	NA	NA	NA	NA	NA	NA	NA	NA
NA19439	NA	NA	10000	328886	32.8886	2.0292e-09	-82813.5	-142319	NA	NA	NA	NA	NA	NA	NA	NA	NA	NA
NA19440	NA	NA	10000	325539	32.5669	1.79447e-17	-82655.9	-159944	NA	NA	NA	NA	NA	NA	NA	NA	NA	NA
NA19443	NA	NA	10000	320907	32.0939	2.30245e-08	-80775.7	-99052.1	NA	NA	NA	NA	NA	NA	NA	NA	NA	NA
NA19445	NA	NA	10000	313484	31.3578	1.10356e-08	-80558	-139220	NA	NA	NA	NA	NA	NA	NA	NA	NA	NA
NA19446	NA	NA	10000	333280	33.3313	8.66043e-09	-82879.6	-82879.6	NA	NA	NA	NA	NA	NA	NA	NA	NA	NA
NA19448	NA	NA	10000	326285	32.6318	5.99066e-09	-82587.3	-119867	NA	NA	NA	NA	NA	NA	NA	NA	NA	NA
NA19449	NA	NA	10000	319806	31.987	2.50503e-09	-81894.3	-81894.3	NA	NA	NA	NA	NA	NA	NA	NA	NA	NA
NA19451	NA	NA	10000	336732	33.6799	6.87501e-09	-85924.7	-144170	NA	NA	NA	NA	NA	NA	NA	NA	NA	NA
NA19452	NA	NA	10000	331503	33.1569	1.20543e-05	-84098.4	-103672	NA	NA	NA	NA	NA	NA	NA	NA	NA	NA
NA19454	NA	NA	10000	331509	33.1575	1.44752e-11	-84289.6	-142229	NA	NA	NA	NA	NA	NA	NA	NA	NA	NA
NA19455	NA	NA	10000	315191	31.5254	6.63319e-09	-81055	-139269	NA	NA	NA	NA	NA	NA	NA	NA	NA	NA
NA19456	NA	NA	10000	321982	32.2014	3.45701e-09	-82253.4	-148796	NA	NA	NA	NA	NA	NA	NA	NA	NA	NA
NA19457	NA	NA	10000	316363	31.6458	3.19807e-09	-80822.4	-138758	NA	NA	NA	NA	NA	NA	NA	NA	NA	NA
NA19461	NA	NA	10000	333296	33.3396	2.81015e-09	-84820.4	-146477	NA	NA	NA	NA	NA	NA	NA	NA	NA	NA
NA19462	NA	NA	10000	342127	34.2195	2.31787e-10	-87339.1	-124052	NA	NA	NA	NA	NA	NA	NA	NA	NA	NA
NA19463	NA	NA	10000	320167	32.0231	2.61029e-09	-82403.9	-142621	NA	NA	NA	NA	NA	NA	NA	NA	NA	NA
NA19466	NA	NA	10000	335415	33.5482	2.0202e-08	-86299.6	-139925	NA	NA	NA	NA	NA	NA	NA	NA	NA	NA
NA19467	NA	NA	10000	326543	32.6641	2.95448e-10	-83955.9	-122020	NA	NA	NA	NA	NA	NA	NA	NA	NA	NA
NA19468	NA	NA	10000	324890	32.4922	1.26409e-10	-82841.7	-119901	NA	NA	NA	NA	NA	NA	NA	NA	NA	NA
NA19471	NA	NA	10000	323708	32.3773	5.81789e-09	-82474	-140166	NA	NA	NA	NA	NA	NA	NA	NA	NA	NA
NA19472	NA	NA	10000	294561	29.462	3.95177e-09	-76529.2	-134113	NA	NA	NA	NA	NA	NA	NA	NA	NA	NA
NA19473	NA	NA	10000	318461	31.862	2.34868e-09	-80063.8	-143064	NA	NA	NA	NA	NA	NA	NA	NA	NA	NA
NA19474	NA	NA	10000	321970	32.2002	5.46418e-09	-82282.3	-145885	NA	NA	NA	NA	NA	NA	NA	NA	NA	NA
NA19475	NA	NA	10000	314562	31.4656	8.05227e-06	-81009.1	-151481	NA	NA	NA	NA	NA	NA	NA	NA	NA	NA
NA19625	NA	NA	10000	323181	32.3213	3.8477e-09	-90291.1	-157207	NA	NA	NA	NA	NA	NA	NA	NA	NA	NA
NA19648	NA	NA	10000	323899	32.3964	1.76327e-09	-83255.1	-153420	NA	NA	NA	NA	NA	NA	NA	NA	NA	NA
NA19649	NA	NA	10000	291250	29.1308	4.52125e-09	-76359.1	-76359.1	NA	NA	NA	NA	NA	NA	NA	NA	NA	NA
NA19650	NA	NA	10000	345535	34.5639	2.29605e-09	-89504.9	-167450	NA	NA	NA	NA	NA	NA	NA	NA	NA	NA
NA19651	NA	NA	10000	300377	30.0407	3.37126e-09	-80728.7	-166507	NA	NA	NA	NA	NA	NA	NA	NA	NA	NA
NA19652	NA	NA	10000	315326	31.5358	1.70858e-09	-84208.4	-149816	NA	NA	NA	NA	NA	NA	NA	NA	NA	NA
NA19653	NA	NA	10000	332416	33.2449	3.38154e-09	-85427.2	-155445	NA	NA	NA	NA	NA	NA	NA	NA	NA	NA
NA19654	NA	NA	10000	315280	31.5343	5.87981e-09	-81878	-156674	NA	NA	NA	NA	NA	NA	NA	NA	NA	NA
NA19655	NA	NA	10000	339000	33.9	0.0130026	-93231.5	-95155.3	NA	NA	NA	NA	NA	NA	NA	NA	NA	NA
NA19656	NA	NA	10000	336834	33.6834	8.31297e-09	-87391.7	-174308	NA	NA	NA	NA	NA	NA	NA	NA	NA	NA
NA19657	NA	NA	10000	291877	29.1935	2.70634e-09	-74850.9	-167471	NA	NA	NA	NA	NA	NA	NA	NA	NA	NA
NA19658	NA	NA	10000	317901	31.7965	3.32272e-09	-82687.2	-169774	NA	NA	NA	NA	NA	NA	NA	NA	NA	NA
NA19659	NA	NA	10000	324951	32.5081	1.80144e-09	-83054.3	-173065	NA	NA	NA	NA	NA	NA	NA	NA	NA	NA
NA19660	NA	NA	10000	334631	33.4731	7.38124e-10	-85090.9	-169339	NA	NA	NA	NA	NA	NA	NA	NA	NA	NA
NA19661	NA	NA	10000	313877	31.394	7.57192e-09	-81221.5	-145963	NA	NA	NA	NA	NA	NA	NA	NA	NA	NA
NA19662	NA	NA	10000	333661	33.3661	1.75295e-10	-86948.4	-179150	NA	NA	NA	NA	NA	NA	NA	NA	NA	NA
NA19663	NA	NA	10000	290523	29.0552	1.98797e-09	-73937.2	-165690	NA	NA	NA	NA	NA	NA	NA	NA	NA	NA
NA19664	NA	NA	10000	295693	29.5752	6.53842e-09	-77718.7	-165877	NA	NA	NA	NA	NA	NA	NA	NA	NA	NA
NA19665	NA	NA	10000	322923	32.2955	3.6691e-09	-80427.3	-155431	NA	NA	NA	NA	NA	NA	NA	NA	NA	NA
NA19669	NA	NA	10000	313733	31.3796	1.18175e-10	-79871.8	-159684	NA	NA	NA	NA	NA	NA	NA	NA	NA	NA
NA19670	NA	NA	10000	335694	33.5795	1.09967e-09	-85609.3	-159382	NA	NA	NA	NA	NA	NA	NA	NA	NA	NA
NA19671	NA	NA	10000	334930	33.5031	1.88082e-09	-86902.4	-178635	NA	NA	NA	NA	NA	NA	NA	NA	NA	NA
NA19675	NA	NA	10000	356234	35.6305	2.40949e-09	-94522.7	-165520	NA	NA	NA	NA	NA	NA	NA	NA	NA	NA
NA19676	NA	NA	10000	306172	30.6203	1.25614e-08	-82159.1	-82159.1	NA	NA	NA	NA	NA	NA	NA	NA	NA	NA
NA19677	NA	NA	10000	316524	31.6556	3.96627e-09	-82770.9	-154525	NA	NA	NA	NA	NA	NA	NA	NA	NA	NA
NA19678	NA	NA	10000	436276	43.6363	7.57958e-10	-113751	-183171	NA	NA	NA	NA	NA	NA	NA	NA	NA	NA
NA19679	NA	NA	10000	320861	32.0893	2.04125e-09	-80047.4	-143769	NA	NA	NA	NA	NA	NA	NA	NA	NA	NA
NA19680	NA	NA	10000	338561	33.8663	4.13054e-08	-91066.7	-91066.7	NA	NA	NA	NA	NA	NA	NA	NA	NA	NA
NA19681	NA	NA	10000	295095	29.5125	7.8093e-10	-76017.9	-160448	NA	NA	NA	NA	NA	NA	NA	NA	NA	NA
NA19682	NA	NA	10000	320819	32.0883	3.97861e-09	-81741.7	-81741.7	NA	NA	NA	NA	NA	NA	NA	NA	NA	NA
NA19683	NA	NA	10000	329108	32.9174	2.76553e-09	-84895.1	-154214	NA	NA	NA	NA	NA	NA	NA	NA	NA	NA
NA19684	NA	NA	10000	323636	32.3701	2.38795e-09	-84965.7	-155508	NA	NA	NA	NA	NA	NA	NA	NA	NA	NA
NA19685	NA	NA	10000	349040	34.9145	2.97014e-09	-89230.3	-175544	NA	NA	NA	NA	NA	NA	NA	NA	NA	NA
NA19686	NA	NA	10000	327179	32.7277	2.79621e-09	-84102.2	-158456	NA	NA	NA	NA	NA	NA	NA	NA	NA	NA
NA19700	NA	NA	10000	321185	32.1314	1.49899e-09	-84095.6	-153035	NA	NA	NA	NA	NA	NA	NA	NA	NA	NA
NA19701	NA	NA	10000	324633	32.4665	2.85376e-09	-86441.9	-86441.9	NA	NA	NA	NA	NA	NA	NA	NA	NA	NA
NA19702	NA	NA	10000	337891	33.8026	1.77116e-09	-87651.9	-151641	NA	NA	NA	NA	NA	NA	NA	NA	NA	NA
NA19703	NA	NA	10000	338505	33.8607	1.40088e-08	-88930.1	-153532	NA	NA	NA	NA	NA	NA	NA	NA	NA	NA
NA19704	NA	NA	10000	318616	31.8712	8.20433e-09	-83806.4	-144758	NA	NA	NA	NA	NA	NA	NA	NA	NA	NA
NA19705	NA	NA	10000	339589	33.9759	1.64362e-05	-89648.3	-157541	NA	NA	NA	NA	NA	NA	NA	NA	NA	NA
NA19707	NA	NA	10000	306669	30.67	2.07496e-05	-83996.7	-97115.2	NA	NA	NA	NA	NA	NA	NA	NA	NA	NA
NA19711	NA	NA	10000	314109	31.4172	9.89925e-09	-83462.4	-83462.4	NA	NA	NA	NA	NA	NA	NA	NA	NA	NA
NA19712	NA	NA	10000	301613	30.1673	1.00095e-08	-77598.9	-77598.9	NA	NA	NA	NA	NA	NA	NA	NA	NA	NA
NA19713	NA	NA	10000	315099	31.5194	3.77522e-05	-86725.2	-99653.2	NA	NA	NA	NA	NA	NA	NA	NA	NA	NA
NA19716	NA	NA	10000	307757	30.7788	2.87936e-09	-78516.9	-140332	NA	NA	NA	NA	NA	NA	NA	NA	NA	NA
NA19717	NA	NA	10000	333609	33.3709	3.49484e-09	-83890.9	-172019	NA	NA	NA	NA	NA	NA	NA	NA	NA	NA
NA19718	NA	NA	10000	327948	32.8014	1.50196e-09	-81590.4	-152893	NA	NA	NA	NA	NA	NA	NA	NA	NA	NA
NA19719	NA	NA	10000	335682	33.5716	1.18016e-09	-89915.4	-158339	NA	NA	NA	NA	NA	NA	NA	NA	NA	NA
NA19720	NA	NA	10000	360986	36.1094	2.39301e-10	-91777.5	-193036	NA	NA	NA	NA	NA	NA	NA	NA	NA	NA
NA19721	NA	NA	10000	323266	32.3298	2.06156e-09	-83923.3	-175076	NA	NA	NA	NA	NA	NA	NA	NA	NA	NA
NA19722	NA	NA	10000	308317	30.8348	3.94013e-09	-82359.8	-172404	NA	NA	NA	NA	NA	NA	NA	NA	NA	NA
NA19723	NA	NA	10000	320287	32.0319	2.41058e-09	-81839.5	-150046	NA	NA	NA	NA	NA	NA	NA	NA	NA	NA
NA19724	NA	NA	10000	337898	33.7966	2.79462e-09	-87206.4	-177931	NA	NA	NA	NA	NA	NA	NA	NA	NA	NA
NA19725	NA	NA	10000	297409	29.7439	2.31619e-05	-78214.6	-91687	NA	NA	NA	NA	NA	NA	NA	NA	NA	NA
NA19726	NA	NA	10000	323829	32.3926	1.37556e-09	-83722.9	-156456	NA	NA	NA	NA	NA	NA	NA	NA	NA	NA
NA19727	NA	NA	10000	335566	33.56	4.71704e-09	-86435	-86435	NA	NA	NA	NA	NA	NA	NA	NA	NA	NA
NA19728	NA	NA	10000	321447	32.1511	0.000340019	-71681	-72231.1	NA	NA	NA	NA	NA	NA	NA	NA	NA	NA
NA19729	NA	NA	10000	312962	31.3056	1.81514e-08	-70437.1	-70437.1	NA	NA	NA	NA	NA	NA	NA	NA	NA	NA
NA19730	NA	NA	10000	328761	32.8827	1.63391e-08	-74854.4	-74854.4	NA	NA	NA	NA	NA	NA	NA	NA	NA	NA
NA19731	NA	NA	10000	313751	31.3814	1.46638e-08	-67908.3	-164644	NA	NA	NA	NA	NA	NA	NA	NA	NA	NA
NA19732	NA	NA	10000	311896	31.1958	2.5133e-05	-67971.1	-82513.8	NA	NA	NA	NA	NA	NA	NA	NA	NA	NA
NA19733	NA	NA	10000	328378	32.8509	1.73141e-08	-74605.3	-74605.3	NA	NA	NA	NA	NA	NA	NA	NA	NA	NA
NA19734	NA	NA	10000	300686	30.0746	2.77811e-09	-73986.9	-144893	NA	NA	NA	NA	NA	NA	NA	NA	NA	NA
NA19735	NA	NA	10000	314571	31.4634	2.32793e-08	-74436.7	-74436.7	NA	NA	NA	NA	NA	NA	NA	NA	NA	NA
NA19740	NA	NA	10000	309120	30.9213	4.19952e-09	-74508	-107104	NA	NA	NA	NA	NA	NA	NA	NA	NA	NA
NA19741	NA	NA	10000	297364	29.7423	2.09079e-08	-71485	-94467.4	NA	NA	NA	NA	NA	NA	NA	NA	NA	NA
NA19746	NA	NA	10000	326325	32.639	0.000150222	-81608.9	-84252.9	NA	NA	NA	NA	NA	NA	NA	NA	NA	NA
NA19747	NA	NA	10000	316456	31.6519	1.97062e-09	-82279.6	-161138	NA	NA	NA	NA	NA	NA	NA	NA	NA	NA
NA19748	NA	NA	10000	336938	33.7005	2.35176e-07	-84300.8	-92945.7	NA	NA	NA	NA	NA	NA	NA	NA	NA	NA
NA19749	NA	NA	10000	292467	29.2496	1.76316e-09	-74463	-142804	NA	NA	NA	NA	NA	NA	NA	NA	NA	NA
NA19750	NA	NA	10000	316972	31.7004	2.64928e-09	-81602.3	-168740	NA	NA	NA	NA	NA	NA	NA	NA	NA	NA
NA19751	NA	NA	10000	335288	33.5355	6.41391e-10	-85588.6	-180305	NA	NA	NA	NA	NA	NA	NA	NA	NA	NA
NA19752	NA	NA	10000	310366	31.0366	3.03188e-09	-76977.9	-149694	NA	NA	NA	NA	NA	NA	NA	NA	NA	NA
NA19755	NA	NA	10000	298956	29.8956	6.59703e-10	-75260.3	-125358	NA	NA	NA	NA	NA	NA	NA	NA	NA	NA
NA19756	NA	NA	10000	310260	31.0291	8.74219e-10	-81622.9	-176288	NA	NA	NA	NA	NA	NA	NA	NA	NA	NA
NA19757	NA	NA	10000	328832	32.8865	1.72437e-09	-82432.5	-168807	NA	NA	NA	NA	NA	NA	NA	NA	NA	NA
NA19758	NA	NA	10000	324555	32.4587	1.53536e-05	-79780.7	-145967	NA	NA	NA	NA	NA	NA	NA	NA	NA	NA
NA19759	NA	NA	10000	307461	30.7553	6.30962e-09	-75888	-75888	NA	NA	NA	NA	NA	NA	NA	NA	NA	NA
NA19760	NA	NA	10000	322161	32.2193	5.50499e-05	-79358.1	-94646.3	NA	NA	NA	NA	NA	NA	NA	NA	NA	NA
NA19761	NA	NA	10000	293501	29.3648	2.68984e-05	-75471.2	-88366.7	NA	NA	NA	NA	NA	NA	NA	NA	NA	NA
NA19762	NA	NA	10000	418691	41.8733	2.02437e-08	-105535	-176458	NA	NA	NA	NA	NA	NA	NA	NA	NA	NA
NA19763	NA	NA	10000	317834	31.7929	1.46664e-09	-81764.3	-151995	NA	NA	NA	NA	NA	NA	NA	NA	NA	NA
NA19764	NA	NA	10000	305015	30.5076	1.38871e-09	-80447.3	-154218	NA	NA	NA	NA	NA	NA	NA	NA	NA	NA
NA19770	NA	NA	10000	311534	31.1565	2.01135e-05	-81678.3	-97255.6	NA	NA	NA	NA	NA	NA	NA	NA	NA	NA
NA19771	NA	NA	10000	300027	30.0087	3.36088e-09	-76917.3	-138071	NA	NA	NA	NA	NA	NA	NA	NA	NA	NA
NA19772	NA	NA	10000	347410	34.7479	1.83951e-09	-87359.6	-156427	NA	NA	NA	NA	NA	NA	NA	NA	NA	NA
NA19773	NA	NA	10000	305539	30.5631	1.36529e-09	-81474.7	-173324	NA	NA	NA	NA	NA	NA	NA	NA	NA	NA
NA19774	NA	NA	10000	309643	30.9705	1.5239e-09	-81110.9	-167575	NA	NA	NA	NA	NA	NA	NA	NA	NA	NA
NA19775	NA	NA	10000	321877	32.1974	7.39611e-10	-84124.6	-176689	NA	NA	NA	NA	NA	NA	NA	NA	NA	NA
NA19776	NA	NA	10000	313742	31.3773	7.03862e-09	-82333.7	-164797	NA	NA	NA	NA	NA	NA	NA	NA	NA	NA
NA19777	NA	NA	10000	330287	33.0353	1.51992e-05	-84763.6	-108144	NA	NA	NA	NA	NA	NA	NA	NA	NA	NA
NA19778	NA	NA	10000	333793	33.386	9.74815e-09	-88026.2	-88026.2	NA	NA	NA	NA	NA	NA	NA	NA	NA	NA
NA19779	NA	NA	10000	300760	30.079	2.08981e-09	-80134.2	-147639	NA	NA	NA	NA	NA	NA	NA	NA	NA	NA
NA19780	NA	NA	10000	313860	31.3954	4.30149e-09	-78744.5	-78744.5	NA	NA	NA	NA	NA	NA	NA	NA	NA	NA
NA19781	NA	NA	10000	343494	34.3563	2.73461e-10	-89983.9	-176981	NA	NA	NA	NA	NA	NA	NA	NA	NA	NA
NA19782	NA	NA	10000	313009	31.3072	2.018e-09	-84123	-151381	NA	NA	NA	NA	NA	NA	NA	NA	NA	NA
NA19783	NA	NA	10000	309347	30.9409	0.000790017	-76158.1	-77415.8	NA	NA	NA	NA	NA	NA	NA	NA	NA	NA
NA19784	NA	NA	10000	340035	34.0137	1.37377e-09	-87241.1	-179881	NA	NA	NA	NA	NA	NA	NA	NA	NA	NA
NA19785	NA	NA	10000	309649	30.9711	1.17425e-09	-76561.3	-154226	NA	NA	NA	NA	NA	NA	NA	NA	NA	NA
NA19786	NA	NA	10000	314485	31.4579	5.47944e-09	-80502	-144069	NA	NA	NA	NA	NA	NA	NA	NA	NA	NA
NA19787	NA	NA	10000	331947	33.198	2.77166e-10	-84290.2	-176826	NA	NA	NA	NA	NA	NA	NA	NA	NA	NA
NA19788	NA	NA	10000	309750	30.9812	4.00118e-09	-79893.3	-79893.3	NA	NA	NA	NA	NA	NA	NA	NA	NA	NA
NA19789	NA	NA	10000	299038	29.9098	3.73392e-10	-79890.2	-165745	NA	NA	NA	NA	NA	NA	NA	NA	NA	NA
NA19790	NA	NA	10000	319985	32.0049	8.71291e-09	-85314.2	-85314.2	NA	NA	NA	NA	NA	NA	NA	NA	NA	NA
NA19792	NA	NA	10000	316615	31.671	4.92022e-09	-81399.8	-81399.8	NA	NA	NA	NA	NA	NA	NA	NA	NA	NA
NA19794	NA	NA	10000	342913	34.2947	9.99122e-10	-87000.3	-156627	NA	NA	NA	NA	NA	NA	NA	NA	NA	NA
NA19795	NA	NA	10000	313427	31.3427	1.88661e-09	-82961.5	-175426	NA	NA	NA	NA	NA	NA	NA	NA	NA	NA
NA19796	NA	NA	10000	337334	33.7368	1.94756e-09	-87898.2	-179946	NA	NA	NA	NA	NA	NA	NA	NA	NA	NA
NA19818	NA	NA	10000	320942	32.1038	1.68993e-05	-86534	-101676	NA	NA	NA	NA	NA	NA	NA	NA	NA	NA
NA19819	NA	NA	10000	331969	33.2069	6.41479e-08	-88360.2	-88360.2	NA	NA	NA	NA	NA	NA	NA	NA	NA	NA
NA19828	NA	NA	10000	338858	33.8892	1.11277e-08	-92775.4	-92775.4	NA	NA	NA	NA	NA	NA	NA	NA	NA	NA
NA19834	NA	NA	10000	410302	41.0343	3.11288e-09	-111088	-181108	NA	NA	NA	NA	NA	NA	NA	NA	NA	NA
NA19835	NA	NA	10000	409290	40.9331	2.27545e-05	-106340	-109015	NA	NA	NA	NA	NA	NA	NA	NA	NA	NA
NA19836	NA	NA	10000	325465	32.5563	2.27203e-09	-88051.1	-153368	NA	NA	NA	NA	NA	NA	NA	NA	NA	NA
NA19900	NA	NA	10000	333183	33.3283	1.11353e-08	-88863.1	-150524	NA	NA	NA	NA	NA	NA	NA	NA	NA	NA
NA19901	NA	NA	10000	326306	32.6469	3.90421e-09	-84423.1	-150125	NA	NA	NA	NA	NA	NA	NA	NA	NA	NA
NA19902	NA	NA	10000	315766	31.5829	2.25086e-09	-82324.5	-149395	NA	NA	NA	NA	NA	NA	NA	NA	NA	NA
NA19904	NA	NA	10000	303341	30.3402	1.39399e-09	-79514	-156743	NA	NA	NA	NA	NA	NA	NA	NA	NA	NA
NA19908	NA	NA	10000	352623	35.2694	0.00487604	-94517.1	-100634	NA	NA	NA	NA	NA	NA	NA	NA	NA	NA
NA19909	NA	NA	10000	309323	30.9447	1.31096e-09	-77764.1	-142782	NA	NA	NA	NA	NA	NA	NA	NA	NA	NA
NA19913	NA	NA	10000	308843	30.8905	8.10496e-09	-82739.2	-143176	NA	NA	NA	NA	NA	NA	NA	NA	NA	NA
NA19914	NA	NA	10000	304592	30.4653	1.36506e-09	-84157.4	-159037	NA	NA	NA	NA	NA	NA	NA	NA	NA	NA
NA19916	NA	NA	10000	404013	40.4013	2.38625e-09	-103490	-170627	NA	NA	NA	NA	NA	NA	NA	NA	NA	NA
NA19917	NA	NA	10000	318830	31.8894	1.01653e-08	-80991.1	-140591	NA	NA	NA	NA	NA	NA	NA	NA	NA	NA
NA19918	NA	NA	10000	323656	32.3688	2.86469e-09	-84777.7	-155711	NA	NA	NA	NA	NA	NA	NA	NA	NA	NA
NA19919	NA	NA	10000	349823	34.9998	2.08092e-09	-87626.4	-155513	NA	NA	NA	NA	NA	NA	NA	NA	NA	NA
NA19920	NA	NA	10000	331197	33.1263	3.85951e-09	-84164.3	-149616	NA	NA	NA	NA	NA	NA	NA	NA	NA	NA
NA19921	NA	NA	10000	299250	29.934	2.48862e-09	-83258.1	-155302	NA	NA	NA	NA	NA	NA	NA	NA	NA	NA
NA19922	NA	NA	10000	342013	34.2047	1.44664e-05	-92086.9	-142515	NA	NA	NA	NA	NA	NA	NA	NA	NA	NA
NA19923	NA	NA	10000	338600	33.8668	8.95821e-09	-92915.9	-159576	NA	NA	NA	NA	NA	NA	NA	NA	NA	NA
NA19924	NA	NA	10000	331153	33.1219	3.65745e-09	-90326.7	-160677	NA	NA	NA	NA	NA	NA	NA	NA	NA	NA
NA19982	NA	NA	10000	317332	31.7427	1.13431e-08	-83653.4	-142153	NA	NA	NA	NA	NA	NA	NA	NA	NA	NA
NA19983	NA	NA	10000	326514	32.6579	5.39046e-09	-88143.1	-148363	NA	NA	NA	NA	NA	NA	NA	NA	NA	NA
NA19984	NA	NA	10000	334870	33.4903	6.10274e-09	-87472.5	-87472.5	NA	NA	NA	NA	NA	NA	NA	NA	NA	NA
NA20126	NA	NA	10000	313884	31.3947	1.01083e-08	-87753.2	-87753.2	NA	NA	NA	NA	NA	NA	NA	NA	NA	NA
NA20127	NA	NA	10000	402516	40.2677	2.77965e-09	-102526	-102526	NA	NA	NA	NA	NA	NA	NA	NA	NA	NA
NA20128	NA	NA	10000	320138	32.0234	1.53604e-05	-84747.2	-145646	NA	NA	NA	NA	NA	NA	NA	NA	NA	NA
NA20129	NA	NA	10000	333783	33.3883	8.88104e-09	-89175.7	-150705	NA	NA	NA	NA	NA	NA	NA	NA	NA	NA
NA20274	NA	NA	10000	316252	31.6284	5.10945e-09	-87833.2	-163465	NA	NA	NA	NA	NA	NA	NA	NA	NA	NA
NA20276	NA	NA	10000	307737	30.7799	2.23848e-09	-81100.8	-149199	NA	NA	NA	NA	NA	NA	NA	NA	NA	NA
NA20278	NA	NA	10000	313389	31.342	3.7376e-09	-90510	-158022	NA	NA	NA	NA	NA	NA	NA	NA	NA	NA
NA20279	NA	NA	10000	329467	32.9533	5.39747e-09	-87719.9	-152313	NA	NA	NA	NA	NA	NA	NA	NA	NA	NA
NA20281	NA	NA	10000	300914	30.0974	5.7395e-09	-80100.6	-140272	NA	NA	NA	NA	NA	NA	NA	NA	NA	NA
NA20282	NA	NA	10000	308349	30.8349	3.26677e-09	-82457.1	-148186	NA	NA	NA	NA	NA	NA	NA	NA	NA	NA
NA20287	NA	NA	10000	533844	53.3897	1.59521e-09	-137486	-205480	NA	NA	NA	NA	NA	NA	NA	NA	NA	NA
NA20289	NA	NA	10000	359000	35.9036	7.71207e-09	-96938.7	-160538	NA	NA	NA	NA	NA	NA	NA	NA	NA	NA
NA20291	NA	NA	10000	302617	30.2678	2.33981e-08	-79519.2	-178559	NA	NA	NA	NA	NA	NA	NA	NA	NA	NA
NA20294	NA	NA	10000	326466	32.6531	2.515e-09	-86038.3	-153679	NA	NA	NA	NA	NA	NA	NA	NA	NA	NA
NA20296	NA	NA	10000	303055	30.3085	5.27953e-09	-81679.7	-142054	NA	NA	NA	NA	NA	NA	NA	NA	NA	NA
NA20298	NA	NA	10000	335368	33.5469	5.72284e-09	-87604.8	-87604.8	NA	NA	NA	NA	NA	NA	NA	NA	NA	NA
NA20299	NA	NA	10000	296089	29.6207	9.99229e-09	-85963.8	-85963.8	NA	NA	NA	NA	NA	NA	NA	NA	NA	NA
NA20314	NA	NA	10000	302493	30.2554	5.91977e-09	-74248.8	-149205	NA	NA	NA	NA	NA	NA	NA	NA	NA	NA
NA20317	NA	NA	10000	317583	31.7647	6.70589e-09	-85639.6	-148080	NA	NA	NA	NA	NA	NA	NA	NA	NA	NA
NA20318	NA	NA	10000	350374	35.0409	4.82855e-08	-95401.8	-155022	NA	NA	NA	NA	NA	NA	NA	NA	NA	NA
NA20320	NA	NA	10000	280334	28.0446	1.03956e-08	-71842.7	-71842.7	NA	NA	NA	NA	NA	NA	NA	NA	NA	NA
NA20321	NA	NA	10000	307186	30.7247	4.11268e-09	-81102.1	-81102.1	NA	NA	NA	NA	NA	NA	NA	NA	NA	NA
NA20332	NA	NA	10000	287161	28.7218	4.27061e-09	-78676.3	-142678	NA	NA	NA	NA	NA	NA	NA	NA	NA	NA
NA20334	NA	NA	10000	332380	33.2446	8.66216e-09	-90723.7	-154953	NA	NA	NA	NA	NA	NA	NA	NA	NA	NA
NA20339	NA	NA	10000	331833	33.1866	1.22894e-08	-84946.2	-145121	NA	NA	NA	NA	NA	NA	NA	NA	NA	NA
NA20340	NA	NA	10000	336678	33.6745	1.50954e-05	-88701.5	-101140	NA	NA	NA	NA	NA	NA	NA	NA	NA	NA
NA20342	NA	NA	10000	325175	32.524	3.15983e-09	-88222.9	-158073	NA	NA	NA	NA	NA	NA	NA	NA	NA	NA
NA20346	NA	NA	10000	326531	32.6596	5.05379e-09	-86227.2	-147039	NA	NA	NA	NA	NA	NA	NA	NA	NA	NA
NA20348	NA	NA	10000	342173	34.2207	1.2464e-08	-90208.3	-149902	NA	NA	NA	NA	NA	NA	NA	NA	NA	NA
NA20351	NA	NA	10000	336863	33.6964	1.04602e-09	-92805.7	-164768	NA	NA	NA	NA	NA	NA	NA	NA	NA	NA
NA20355	NA	NA	10000	324489	32.4521	4.69748e-09	-85059.7	-147507	NA	NA	NA	NA	NA	NA	NA	NA	NA	NA
NA20356	NA	NA	10000	323928	32.396	1.68147e-05	-85821.9	-146540	NA	NA	NA	NA	NA	NA	NA	NA	NA	NA
NA20357	NA	NA	10000	331672	33.1738	3.18555e-09	-86745.8	-153681	NA	NA	NA	NA	NA	NA	NA	NA	NA	NA
NA20358	NA	NA	10000	350625	35.0695	1.69238e-08	-90794.3	-150275	NA	NA	NA	NA	NA	NA	NA	NA	NA	NA
NA20359	NA	NA	10000	310491	31.0522	4.8602e-09	-81726.9	-143695	NA	NA	NA	NA	NA	NA	NA	NA	NA	NA
NA20362	NA	NA	10000	350317	35.0317	9.65174e-09	-92548.7	-92548.7	NA	NA	NA	NA	NA	NA	NA	NA	NA	NA
NA20412	NA	NA	10000	340143	34.0177	4.87219e-09	-89302.4	-151291	NA	NA	NA	NA	NA	NA	NA	NA	NA	NA
NA20502	NA	NA	10000	335221	33.5255	5.98779e-09	-84881.8	-84881.8	NA	NA	NA	NA	NA	NA	NA	NA	NA	NA
NA20503	NA	NA	10000	352170	35.2205	4.91786e-09	-89107.1	-146496	NA	NA	NA	NA	NA	NA	NA	NA	NA	NA
NA20504	NA	NA	10000	323882	32.3947	4.94918e-09	-82907.1	-82907.1	NA	NA	NA	NA	NA	NA	NA	NA	NA	NA
NA20505	NA	NA	10000	310989	31.1051	3.08422e-09	-81878.8	-135315	NA	NA	NA	NA	NA	NA	NA	NA	NA	NA
NA20506	NA	NA	10000	329933	32.9999	7.94985e-10	-85761.1	-155069	NA	NA	NA	NA	NA	NA	NA	NA	NA	NA
NA20507	NA	NA	10000	309285	30.9316	1.42558e-09	-78475.8	-158497	NA	NA	NA	NA	NA	NA	NA	NA	NA	NA
NA20508	NA	NA	10000	306595	30.6687	3.34974e-09	-78589	-137274	NA	NA	NA	NA	NA	NA	NA	NA	NA	NA
NA20509	NA	NA	10000	345160	34.5229	1.17004e-09	-89888.3	-178300	NA	NA	NA	NA	NA	NA	NA	NA	NA	NA
NA20510	NA	NA	10000	294886	29.4886	1.06544e-09	-77962.6	-161915	NA	NA	NA	NA	NA	NA	NA	NA	NA	NA
NA20511	NA	NA	10000	312727	31.2758	2.89595e-05	-80358	-91633.1	NA	NA	NA	NA	NA	NA	NA	NA	NA	NA
NA20512	NA	NA	10000	331270	33.1369	7.04071e-10	-84422.7	-149337	NA	NA	NA	NA	NA	NA	NA	NA	NA	NA
NA20513	NA	NA	10000	313860	31.3891	6.54663e-10	-80358.9	-141284	NA	NA	NA	NA	NA	NA	NA	NA	NA	NA
NA20514	NA	NA	10000	317153	31.7185	2.99962e-09	-81833.1	-163439	NA	NA	NA	NA	NA	NA	NA	NA	NA	NA
NA20515	NA	NA	10000	306422	30.6483	7.00215e-09	-77226.7	-77226.7	NA	NA	NA	NA	NA	NA	NA	NA	NA	NA
NA20516	NA	NA	10000	331440	33.1473	0.000500192	-81479.1	-85006.6	NA	NA	NA	NA	NA	NA	NA	NA	NA	NA
NA20517	NA	NA	10000	314697	31.4791	3.73893e-09	-80597.9	-143042	NA	NA	NA	NA	NA	NA	NA	NA	NA	NA
NA20518	NA	NA	10000	317955	31.7987	8.43072e-10	-80986.5	-145210	NA	NA	NA	NA	NA	NA	NA	NA	NA	NA
NA20519	NA	NA	10000	317482	31.7514	0.000624918	-81381.3	-84479.2	NA	NA	NA	NA	NA	NA	NA	NA	NA	NA
NA20520	NA	NA	10000	391538	39.1577	4.40283e-09	-100818	-158475	NA	NA	NA	NA	NA	NA	NA	NA	NA	NA
NA20521	NA	NA	10000	345318	34.5353	4.27227e-09	-87619.9	-148397	NA	NA	NA	NA	NA	NA	NA	NA	NA	NA
NA20522	NA	NA	10000	310339	31.037	1.01821e-09	-80715.6	-147675	NA	NA	NA	NA	NA	NA	NA	NA	NA	NA
NA20524	NA	NA	10000	345655	34.5724	0.000162556	-86948.6	-92106.3	NA	NA	NA	NA	NA	NA	NA	NA	NA	NA
NA20525	NA	NA	10000	324295	32.4327	7.19282e-06	-83943	-159042	NA	NA	NA	NA	NA	NA	NA	NA	NA	NA
NA20527	NA	NA	10000	314672	31.4703	8.94666e-09	-80368.3	-80368.3	NA	NA	NA	NA	NA	NA	NA	NA	NA	NA
NA20528	NA	NA	10000	315099	31.5099	5.10506e-09	-82213	-82213	NA	NA	NA	NA	NA	NA	NA	NA	NA	NA
NA20529	NA	NA	10000	308999	30.9092	2.65403e-09	-79743.2	-140245	NA	NA	NA	NA	NA	NA	NA	NA	NA	NA
NA20530	NA	NA	10000	344454	34.4592	6.71741e-08	-86266.9	-113807	NA	NA	NA	NA	NA	NA	NA	NA	NA	NA
NA20531	NA	NA	10000	309922	31.0015	4.14571e-09	-81390.2	-130077	NA	NA	NA	NA	NA	NA	NA	NA	NA	NA
NA20532	NA	NA	10000	309471	30.9502	8.93819e-09	-80676.7	-148851	NA	NA	NA	NA	NA	NA	NA	NA	NA	NA
NA20533	NA	NA	10000	333485	33.3485	3.23383e-09	-85344.7	-172012	NA	NA	NA	NA	NA	NA	NA	NA	NA	NA
NA20534	NA	NA	10000	321915	32.1979	2.8262e-09	-83567.1	-140693	NA	NA	NA	NA	NA	NA	NA	NA	NA	NA
NA20535	NA	NA	10000	327157	32.7255	1.99083e-09	-83868	-159549	NA	NA	NA	NA	NA	NA	NA	NA	NA	NA
NA20536	NA	NA	10000	308529	30.856	1.53428e-09	-82459.5	-148451	NA	NA	NA	NA	NA	NA	NA	NA	NA	NA
NA20538	NA	NA	10000	315797	31.5829	4.94832e-09	-83405.1	-141246	NA	NA	NA	NA	NA	NA	NA	NA	NA	NA
NA20539	NA	NA	10000	309058	30.9089	7.11571e-09	-78788	-151359	NA	NA	NA	NA	NA	NA	NA	NA	NA	NA
NA20540	NA	NA	10000	312054	31.2085	2.57961e-09	-79810.7	-134521	NA	NA	NA	NA	NA	NA	NA	NA	NA	NA
NA20541	NA	NA	10000	329765	32.9831	2.08692e-09	-84368.7	-165728	NA	NA	NA	NA	NA	NA	NA	NA	NA	NA
NA20542	NA	NA	10000	319107	31.9171	0.000815861	-83952.2	-86550.3	NA	NA	NA	NA	NA	NA	NA	NA	NA	NA
NA20543	NA	NA	10000	332466	33.2533	0.000295211	-85554.9	-94842.8	NA	NA	NA	NA	NA	NA	NA	NA	NA	NA
NA20544	NA	NA	10000	338921	33.9023	4.75543e-09	-85284.6	-85284.6	NA	NA	NA	NA	NA	NA	NA	NA	NA	NA
NA20581	NA	NA	10000	339080	33.908	5.35484e-09	-86857.1	-155093	NA	NA	NA	NA	NA	NA	NA	NA	NA	NA
NA20582	NA	NA	10000	322119	32.2183	6.92105e-09	-80780.2	-139066	NA	NA	NA	NA	NA	NA	NA	NA	NA	NA
NA20585	NA	NA	10000	317979	31.8011	1.75952e-09	-78415.6	-159773	NA	NA	NA	NA	NA	NA	NA	NA	NA	NA
NA20586	NA	NA	10000	317630	31.7662	4.44381e-09	-82194.5	-82194.5	NA	NA	NA	NA	NA	NA	NA	NA	NA	NA
NA20587	NA	NA	10000	340932	34.0966	2.36816e-09	-88080.6	-157680	NA	NA	NA	NA	NA	NA	NA	NA	NA	NA
NA20588	NA	NA	10000	331423	33.1456	5.99377e-09	-84024.8	-137437	NA	NA	NA	NA	NA	NA	NA	NA	NA	NA
NA20589	NA	NA	10000	322250	32.2314	2.37781e-09	-82952.9	-165129	NA	NA	NA	NA	NA	NA	NA	NA	NA	NA
NA20752	NA	NA	10000	315273	31.5273	5.3174e-09	-82524	-149137	NA	NA	NA	NA	NA	NA	NA	NA	NA	NA
NA20753	NA	NA	10000	315787	31.585	2.95085e-09	-81485.5	-135314	NA	NA	NA	NA	NA	NA	NA	NA	NA	NA
NA20754	NA	NA	10000	338514	33.8582	5.27065e-09	-86122.9	-137854	NA	NA	NA	NA	NA	NA	NA	NA	NA	NA
NA20755	NA	NA	10000	338154	33.8222	5.81685e-09	-85394.6	-144618	NA	NA	NA	NA	NA	NA	NA	NA	NA	NA
NA20756	NA	NA	10000	314624	31.4687	1.50835e-09	-81986.8	-151403	NA	NA	NA	NA	NA	NA	NA	NA	NA	NA
NA20757	NA	NA	10000	337127	33.7194	3.31431e-09	-85212.3	-156137	NA	NA	NA	NA	NA	NA	NA	NA	NA	NA
NA20758	NA	NA	10000	309206	30.9237	2.34884e-09	-79225.1	-153159	NA	NA	NA	NA	NA	NA	NA	NA	NA	NA
NA20759	NA	NA	10000	349573	34.9608	2.77384e-09	-91160.6	-158102	NA	NA	NA	NA	NA	NA	NA	NA	NA	NA
NA20760	NA	NA	10000	326263	32.6328	0.00118462	-83999.6	-94217.7	NA	NA	NA	NA	NA	NA	NA	NA	NA	NA
NA20761	NA	NA	10000	322821	32.2853	2.62943e-09	-81991.1	-140845	NA	NA	NA	NA	NA	NA	NA	NA	NA	NA
NA20762	NA	NA	10000	521940	52.194	1.10597e-09	-125499	-199686	NA	NA	NA	NA	NA	NA	NA	NA	NA	NA
NA20763	NA	NA	10000	385629	38.5629	5.2805e-09	-96409.8	-96409.8	NA	NA	NA	NA	NA	NA	NA	NA	NA	NA
NA20764	NA	NA	10000	321344	32.1408	1.78087e-09	-82126.1	-141886	NA	NA	NA	NA	NA	NA	NA	NA	NA	NA
NA20765	NA	NA	10000	306202	30.6294	3.45413e-10	-77337	-166146	NA	NA	NA	NA	NA	NA	NA	NA	NA	NA
NA20766	NA	NA	10000	311538	31.1569	1.77371e-09	-81343.7	-141432	NA	NA	NA	NA	NA	NA	NA	NA	NA	NA
NA20767	NA	NA	10000	317253	31.7316	2.73145e-09	-81673.4	-146505	NA	NA	NA	NA	NA	NA	NA	NA	NA	NA
NA20768	NA	NA	10000	307395	30.7456	1.88725e-09	-79790	-146897	NA	NA	NA	NA	NA	NA	NA	NA	NA	NA
NA20769	NA	NA	10000	322396	32.2428	3.10477e-09	-85036.2	-165903	NA	NA	NA	NA	NA	NA	NA	NA	NA	NA
NA20770	NA	NA	10000	339353	33.9387	8.68773e-10	-85241.5	-154938	NA	NA	NA	NA	NA	NA	NA	NA	NA	NA
NA20771	NA	NA	10000	375106	37.5219	1.30683e-05	-95056.5	-119501	NA	NA	NA	NA	NA	NA	NA	NA	NA	NA
NA20772	NA	NA	10000	291965	29.1994	3.04629e-09	-74366.4	-131891	NA	NA	NA	NA	NA	NA	NA	NA	NA	NA
NA20773	NA	NA	10000	324542	32.4607	4.30437e-10	-83436.1	-156371	NA	NA	NA	NA	NA	NA	NA	NA	NA	NA
NA20774	NA	NA	10000	328953	32.9019	8.51329e-09	-83714.8	-83714.8	NA	NA	NA	NA	NA	NA	NA	NA	NA	NA
NA20775	NA	NA	10000	344015	34.4084	2.32988e-09	-84762.2	-147592	NA	NA	NA	NA	NA	NA	NA	NA	NA	NA
NA20778	NA	NA	10000	345486	34.5555	1.91996e-05	-87555.7	-139041	NA	NA	NA	NA	NA	NA	NA	NA	NA	NA
NA20783	NA	NA	10000	336377	33.6411	1.17915e-05	-85121	-144017	NA	NA	NA	NA	NA	NA	NA	NA	NA	NA
NA20785	NA	NA	10000	383668	38.3668	9.50201e-10	-97558.7	-163186	NA	NA	NA	NA	NA	NA	NA	NA	NA	NA
NA20786	NA	NA	10000	330050	33.0116	3.18294e-09	-85326.3	-146079	NA	NA	NA	NA	NA	NA	NA	NA	NA	NA
NA20787	NA	NA	10000	339159	33.9227	3.44836e-09	-86448.3	-86448.3	NA	NA	NA	NA	NA	NA	NA	NA	NA	NA
NA20790	NA	NA	10000	336969	33.7003	1.97475e-05	-83315.7	-95392.2	NA	NA	NA	NA	NA	NA	NA	NA	NA	NA
NA20792	NA	NA	10000	356782	35.6853	6.68224e-09	-90334.6	-90334.6	NA	NA	NA	NA	NA	NA	NA	NA	NA	NA
NA20795	NA	NA	10000	329774	32.9807	8.68277e-09	-85187.2	-144298	NA	NA	NA	NA	NA	NA	NA	NA	NA	NA
NA20796	NA	NA	10000	333950	33.395	8.76423e-10	-87689.5	-155449	NA	NA	NA	NA	NA	NA	NA	NA	NA	NA
NA20797	NA	NA	10000	312504	31.2535	1.00854e-09	-81041.3	-143458	NA	NA	NA	NA	NA	NA	NA	NA	NA	NA
NA20798	NA	NA	10000	311143	31.1174	2.3668e-09	-81115.4	-144049	NA	NA	NA	NA	NA	NA	NA	NA	NA	NA
NA20799	NA	NA	10000	319226	31.929	2.42962e-09	-80683.7	-137257	NA	NA	NA	NA	NA	NA	NA	NA	NA	NA
NA20800	NA	NA	10000	344330	34.433	1.44043e-09	-87880	-152341	NA	NA	NA	NA	NA	NA	NA	NA	NA	NA
NA20801	NA	NA	10000	335179	33.5213	2.01387e-09	-84951.4	-156497	NA	NA	NA	NA	NA	NA	NA	NA	NA	NA
NA20802	NA	NA	10000	315703	31.5766	9.29538e-09	-82497.6	-82497.6	NA	NA	NA	NA	NA	NA	NA	NA	NA	NA
NA20803	NA	NA	10000	336231	33.6265	9.52845e-10	-83941.4	-171762	NA	NA	NA	NA	NA	NA	NA	NA	NA	NA
NA20804	NA	NA	10000	292863	29.2863	1.19671e-09	-75230.6	-134916	NA	NA	NA	NA	NA	NA	NA	NA	NA	NA
NA20805	NA	NA	10000	341293	34.1361	2.04747e-09	-88900.4	-170575	NA	NA	NA	NA	NA	NA	NA	NA	NA	NA
NA20806	NA	NA	10000	342668	34.2668	1.57058e-09	-87457	-151051	NA	NA	NA	NA	NA	NA	NA	NA	NA	NA
NA20807	NA	NA	10000	327363	32.7428	1.37842e-09	-83970.8	-152485	NA	NA	NA	NA	NA	NA	NA	NA	NA	NA
NA20808	NA	NA	10000	355536	35.5678	0.00548149	-91918.6	-92410.9	NA	NA	NA	NA	NA	NA	NA	NA	NA	NA
NA20809	NA	NA	10000	332411	33.2477	8.40793e-09	-85097.1	-85097.1	NA	NA	NA	NA	NA	NA	NA	NA	NA	NA
NA20810	NA	NA	10000	343847	34.3916	2.21766e-09	-87766.4	-168006	NA	NA	NA	NA	NA	NA	NA	NA	NA	NA
NA20811	NA	NA	10000	341923	34.1991	1.57282e-05	-87276	-106084	NA	NA	NA	NA	NA	NA	NA	NA	NA	NA
NA20812	NA	NA	10000	335468	33.5535	2.28498e-09	-87355.9	-168535	NA	NA	NA	NA	NA	NA	NA	NA	NA	NA
NA20813	NA	NA	10000	332926	33.3026	5.58368e-10	-84492.1	-154170	NA	NA	NA	NA	NA	NA	NA	NA	NA	NA
NA20814	NA	NA	10000	338372	33.8406	2.01577e-09	-86634.8	-167281	NA	NA	NA	NA	NA	NA	NA	NA	NA	NA
NA20815	NA	NA	10000	309859	30.989	5.19531e-10	-80601.6	-146962	NA	NA	NA	NA	NA	NA	NA	NA	NA	NA
NA20818	NA	NA	10000	334149	33.4182	3.80378e-09	-87158.1	-141006	NA	NA	NA	NA	NA	NA	NA	NA	NA	NA
NA20819	NA	NA	10000	309911	31.0035	1.14021e-09	-78898.6	-148359	NA	NA	NA	NA	NA	NA	NA	NA	NA	NA
NA20821	NA	NA	10000	321162	32.1226	1.54057e-09	-82284.4	-148489	NA	NA	NA	NA	NA	NA	NA	NA	NA	NA
NA20822	NA	NA	10000	324336	32.4401	7.07042e-09	-84455.3	-84455.3	NA	NA	NA	NA	NA	NA	NA	NA	NA	NA
NA20826	NA	NA	10000	367700	36.7774	5.54436e-09	-95451.6	-142586	NA	NA	NA	NA	NA	NA	NA	NA	NA	NA
NA20827	NA	NA	10000	412252	41.2293	5.18005e-09	-103415	-103415	NA	NA	NA	NA	NA	NA	NA	NA	NA	NA
NA20828	NA	NA	10000	329714	32.9747	1.13183e-08	-83595.5	-83595.5	NA	NA	NA	NA	NA	NA	NA	NA	NA	NA
NA20832	NA	NA	10000	326387	32.6452	2.12565e-08	-81635.6	-81635.6	NA	NA	NA	NA	NA	NA	NA	NA	NA	NA
NA20845	NA	NA	10000	329078	32.9111	2.54954e-09	-86066.3	-86066.3	NA	NA	NA	NA	NA	NA	NA	NA	NA	NA
NA20846	NA	NA	10000	321142	32.1142	1.81546e-09	-80671.2	-150325	NA	NA	NA	NA	NA	NA	NA	NA	NA	NA
NA20847	NA	NA	10000	308207	30.8269	2.56382e-09	-81433.9	-148395	NA	NA	NA	NA	NA	NA	NA	NA	NA	NA
NA20849	NA	NA	10000	320862	32.1055	6.41214e-10	-82905.4	-175160	NA	NA	NA	NA	NA	NA	NA	NA	NA	NA
NA20850	NA	NA	10000	459309	45.9447	2.6174e-09	-114202	-177405	NA	NA	NA	NA	NA	NA	NA	NA	NA	NA
NA20851	NA	NA	10000	309172	30.9203	2.40915e-09	-80474.6	-140306	NA	NA	NA	NA	NA	NA	NA	NA	NA	NA
NA20852	NA	NA	10000	300773	30.0803	5.64878e-09	-75901.4	-124053	NA	NA	NA	NA	NA	NA	NA	NA	NA	NA
NA20853	NA	NA	10000	329302	32.9368	2.24439e-09	-83911.6	-154642	NA	NA	NA	NA	NA	NA	NA	NA	NA	NA
NA20854	NA	NA	10000	330878	33.0977	2.16351e-09	-85199	-143873	NA	NA	NA	NA	NA	NA	NA	NA	NA	NA
NA20856	NA	NA	10000	318383	31.8479	5.64051e-05	-83164.2	-106272	NA	NA	NA	NA	NA	NA	NA	NA	NA	NA
NA20858	NA	NA	10000	330222	33.0222	5.14442e-10	-89287.7	-158530	NA	NA	NA	NA	NA	NA	NA	NA	NA	NA
NA20859	NA	NA	10000	355220	35.5291	1.08185e-08	-91562	-91562	NA	NA	NA	NA	NA	NA	NA	NA	NA	NA
NA20861	NA	NA	10000	307175	30.7206	2.56165e-05	-79974.4	-96910.3	NA	NA	NA	NA	NA	NA	NA	NA	NA	NA
NA20862	NA	NA	10000	305607	30.5668	1.57435e-09	-78173.7	-155187	NA	NA	NA	NA	NA	NA	NA	NA	NA	NA
NA20863	NA	NA	10000	340088	34.0088	1.49959e-11	-88300.8	-137655	NA	NA	NA	NA	NA	NA	NA	NA	NA	NA
NA20864	NA	NA	10000	349242	34.9277	1.34872e-09	-89214.3	-155052	NA	NA	NA	NA	NA	NA	NA	NA	NA	NA
NA20866	NA	NA	10000	346868	34.6903	3.2407e-09	-90825.8	-90825.8	NA	NA	NA	NA	NA	NA	NA	NA	NA	NA
NA20867	NA	NA	10000	324878	32.4975	3.9286e-09	-80146.5	-143548	NA	NA	NA	NA	NA	NA	NA	NA	NA	NA
NA20868	NA	NA	10000	355910	35.6017	1.92216e-09	-91955.4	-152868	NA	NA	NA	NA	NA	NA	NA	NA	NA	NA
NA20869	NA	NA	10000	363936	36.4009	2.09674e-09	-92908.6	-176772	NA	NA	NA	NA	NA	NA	NA	NA	NA	NA
NA20870	NA	NA	10000	316725	31.6757	3.66221e-09	-82479.4	-144342	NA	NA	NA	NA	NA	NA	NA	NA	NA	NA
NA20872	NA	NA	10000	294219	29.4278	0.00208609	-76260.5	-76524.4	NA	NA	NA	NA	NA	NA	NA	NA	NA	NA
NA20874	NA	NA	10000	326244	32.6244	1.00616e-08	-86020.4	-86020.4	NA	NA	NA	NA	NA	NA	NA	NA	NA	NA
NA20875	NA	NA	10000	370347	37.0384	1.64512e-09	-91613.5	-177139	NA	NA	NA	NA	NA	NA	NA	NA	NA	NA
NA20876	NA	NA	10000	321446	32.151	0.00013793	-83318	-87985	NA	NA	NA	NA	NA	NA	NA	NA	NA	NA
NA20877	NA	NA	10000	303013	30.3074	1.47123e-09	-78555.2	-147503	NA	NA	NA	NA	NA	NA	NA	NA	NA	NA
NA20878	NA	NA	10000	355733	35.5733	8.8541e-09	-89672.3	-128983	NA	NA	NA	NA	NA	NA	NA	NA	NA	NA
NA20881	NA	NA	10000	331040	33.1073	1.09926e-09	-85209.4	-159093	NA	NA	NA	NA	NA	NA	NA	NA	NA	NA
NA20882	NA	NA	10000	389110	38.9149	1.14798e-08	-98703.9	-98703.9	NA	NA	NA	NA	NA	NA	NA	NA	NA	NA
NA20884	NA	NA	10000	308027	30.8058	8.05563e-10	-79077.2	-146650	NA	NA	NA	NA	NA	NA	NA	NA	NA	NA
NA20885	NA	NA	10000	302136	30.2136	7.60045e-09	-77820	-143603	NA	NA	NA	NA	NA	NA	NA	NA	NA	NA
NA20886	NA	NA	10000	337340	33.7441	2.62626e-09	-83742.9	-169002	NA	NA	NA	NA	NA	NA	NA	NA	NA	NA
NA20887	NA	NA	10000	332951	33.3018	7.8337e-10	-86256.7	-153357	NA	NA	NA	NA	NA	NA	NA	NA	NA	NA
NA20888	NA	NA	10000	330901	33.0934	1.68388e-09	-83502.9	-147723	NA	NA	NA	NA	NA	NA	NA	NA	NA	NA
NA20889	NA	NA	10000	334623	33.469	2.02724e-09	-88660.1	-88660.1	NA	NA	NA	NA	NA	NA	NA	NA	NA	NA
NA20890	NA	NA	10000	320807	32.0871	1.24794e-10	-84281.1	-177133	NA	NA	NA	NA	NA	NA	NA	NA	NA	NA
NA20891	NA	NA	10000	301767	30.1827	0.00339776	-78439.2	-79013	NA	NA	NA	NA	NA	NA	NA	NA	NA	NA
NA20892	NA	NA	10000	308037	30.816	4.08612e-09	-79409.8	-137235	NA	NA	NA	NA	NA	NA	NA	NA	NA	NA
NA20894	NA	NA	10000	311103	31.1134	2.39671e-09	-81494.1	-146719	NA	NA	NA	NA	NA	NA	NA	NA	NA	NA
NA20895	NA	NA	10000	321449	32.1513	1.96343e-05	-84943	-107951	NA	NA	NA	NA	NA	NA	NA	NA	NA	NA
NA20896	NA	NA	10000	306517	30.6548	1.05416e-09	-79686.5	-160754	NA	NA	NA	NA	NA	NA	NA	NA	NA	NA
NA20897	NA	NA	10000	319208	31.9272	4.46527e-09	-84124.1	-145556	NA	NA	NA	NA	NA	NA	NA	NA	NA	NA
NA20899	NA	NA	10000	319678	31.971	6.87044e-10	-82292.2	-158145	NA	NA	NA	NA	NA	NA	NA	NA	NA	NA
NA20900	NA	NA	10000	308962	30.9024	3.96339e-09	-80473.2	-138685	NA	NA	NA	NA	NA	NA	NA	NA	NA	NA
NA20901	NA	NA	10000	332790	33.2857	3.44492e-10	-85214.1	-162433	NA	NA	NA	NA	NA	NA	NA	NA	NA	NA
NA20902	NA	NA	10000	340273	34.0307	1.67858e-09	-87050.1	-158898	NA	NA	NA	NA	NA	NA	NA	NA	NA	NA
NA20903	NA	NA	10000	349697	34.9732	3.17551e-09	-89810.6	-89810.6	NA	NA	NA	NA	NA	NA	NA	NA	NA	NA
NA20904	NA	NA	10000	363725	36.3725	4.62453e-09	-94940.1	-94940.1	NA	NA	NA	NA	NA	NA	NA	NA	NA	NA
NA20905	NA	NA	10000	483453	48.3453	2.65998e-09	-122044	-187005	NA	NA	NA	NA	NA	NA	NA	NA	NA	NA
NA20906	NA	NA	10000	384439	38.4477	7.651e-10	-98435.2	-168083	NA	NA	NA	NA	NA	NA	NA	NA	NA	NA
NA20908	NA	NA	10000	302255	30.2315	2.68693e-09	-79049.6	-161701	NA	NA	NA	NA	NA	NA	NA	NA	NA	NA
NA20910	NA	NA	10000	330496	33.0496	2.23894e-09	-86212.3	-154355	NA	NA	NA	NA	NA	NA	NA	NA	NA	NA
NA20911	NA	NA	10000	311859	31.1921	2.54235e-05	-81926.8	-101572	NA	NA	NA	NA	NA	NA	NA	NA	NA	NA
NA21086	NA	NA	10000	371820	37.1894	2.99078e-09	-94863.3	-94863.3	NA	NA	NA	NA	NA	NA	NA	NA	NA	NA
NA21087	NA	NA	10000	321052	32.1084	1.23002e-09	-81523.6	-165591	NA	NA	NA	NA	NA	NA	NA	NA	NA	NA
NA21088	NA	NA	10000	343329	34.3363	1.69786e-09	-87133.1	-175430	NA	NA	NA	NA	NA	NA	NA	NA	NA	NA
NA21089	NA	NA	10000	314705	31.4736	2.85143e-09	-81361.7	-169996	NA	NA	NA	NA	NA	NA	NA	NA	NA	NA
NA21090	NA	NA	10000	313236	31.3299	8.84014e-10	-83756	-165011	NA	NA	NA	NA	NA	NA	NA	NA	NA	NA
NA21091	NA	NA	10000	330057	33.0123	3.1894e-09	-85090.4	-133425	NA	NA	NA	NA	NA	NA	NA	NA	NA	NA
NA21092	NA	NA	10000	302777	30.2868	5.48375e-09	-78144.3	-141215	NA	NA	NA	NA	NA	NA	NA	NA	NA	NA
NA21093	NA	NA	10000	422781	42.2781	1.13912e-09	-104743	-174193	NA	NA	NA	NA	NA	NA	NA	NA	NA	NA
NA21094	NA	NA	10000	443446	44.3535	4.79074e-06	-111715	-118313	NA	NA	NA	NA	NA	NA	NA	NA	NA	NA
NA21095	NA	NA	10000	293923	29.3982	1.2601e-08	-74059.2	-74059.2	NA	NA	NA	NA	NA	NA	NA	NA	NA	NA
NA21097	NA	NA	10000	312268	31.2299	5.24918e-10	-81186.7	-169709	NA	NA	NA	NA	NA	NA	NA	NA	NA	NA
NA21098	NA	NA	10000	308930	30.8992	2.98835e-09	-79470	-169856	NA	NA	NA	NA	NA	NA	NA	NA	NA	NA
NA21099	NA	NA	10000	325650	32.5715	3.13593e-09	-84523.7	-146998	NA	NA	NA	NA	NA	NA	NA	NA	NA	NA
NA21100	NA	NA	10000	303479	30.354	1.49335e-09	-77413.8	-159833	NA	NA	NA	NA	NA	NA	NA	NA	NA	NA
NA21101	NA	NA	10000	380635	38.0673	2.8462e-09	-96593.9	-166403	NA	NA	NA	NA	NA	NA	NA	NA	NA	NA
NA21102	NA	NA	10000	399675	39.9755	1.00135e-08	-101343	-101343	NA	NA	NA	NA	NA	NA	NA	NA	NA	NA
NA21103	NA	NA	10000	303414	30.3444	3.4961e-09	-77561.6	-129362	NA	NA	NA	NA	NA	NA	NA	NA	NA	NA
NA21104	NA	NA	10000	317665	31.7665	2.45372e-09	-82012.4	-149299	NA	NA	NA	NA	NA	NA	NA	NA	NA	NA
NA21105	NA	NA	10000	370121	37.0158	2.79067e-09	-97236.6	-176736	NA	NA	NA	NA	NA	NA	NA	NA	NA	NA
NA21106	NA	NA	10000	529661	52.9661	1.4705e-09	-131440	-200679	NA	NA	NA	NA	NA	NA	NA	NA	NA	NA
NA21107	NA	NA	10000	311893	31.1955	1.87895e-09	-80820.8	-165455	NA	NA	NA	NA	NA	NA	NA	NA	NA	NA
NA21108	NA	NA	10000	313528	31.3622	8.39536e-09	-81801.6	-131414	NA	NA	NA	NA	NA	NA	NA	NA	NA	NA
NA21109	NA	NA	10000	331105	33.1105	7.35933e-10	-84082.8	-146776	NA	NA	NA	NA	NA	NA	NA	NA	NA	NA
NA21110	NA	NA	10000	472207	47.2301	2.20352e-09	-118095	-183782	NA	NA	NA	NA	NA	NA	NA	NA	NA	NA
NA21111	NA	NA	10000	300875	30.0875	7.78233e-10	-78380	-156498	NA	NA	NA	NA	NA	NA	NA	NA	NA	NA
NA21112	NA	NA	10000	336488	33.6555	5.86663e-10	-85851.9	-168785	NA	NA	NA	NA	NA	NA	NA	NA	NA	NA
NA21113	NA	NA	10000	309286	30.9348	3.52834e-09	-78460.1	-140970	NA	NA	NA	NA	NA	NA	NA	NA	NA	NA
NA21114	NA	NA	10000	309351	30.9382	1.74896e-09	-79388.3	-148862	NA	NA	NA	NA	NA	NA	NA	NA	NA	NA
NA21115	NA	NA	10000	387060	38.7137	5.43485e-09	-98957.2	-160354	NA	NA	NA	NA	NA	NA	NA	NA	NA	NA
NA21116	NA	NA	10000	319118	31.915	1.64151e-05	-83047.4	-118477	NA	NA	NA	NA	NA	NA	NA	NA	NA	NA
NA21117	NA	NA	10000	304757	30.4818	3.78323e-09	-78235.2	-78235.2	NA	NA	NA	NA	NA	NA	NA	NA	NA	NA
NA21118	NA	NA	10000	311781	31.1843	1.84223e-09	-80670.9	-137869	NA	NA	NA	NA	NA	NA	NA	NA	NA	NA
NA21119	NA	NA	10000	304248	30.4309	3.54408e-09	-79878.2	-140195	NA	NA	NA	NA	NA	NA	NA	NA	NA	NA
NA21120	NA	NA	10000	346202	34.6202	7.46121e-11	-89417.6	-167392	NA	NA	NA	NA	NA	NA	NA	NA	NA	NA
NA21122	NA	NA	10000	310600	31.0662	1.04386e-09	-80126.6	-156512	NA	NA	NA	NA	NA	NA	NA	NA	NA	NA
NA21123	NA	NA	10000	346425	34.6529	8.30078e-09	-90829.8	-136825	NA	NA	NA	NA	NA	NA	NA	NA	NA	NA
NA21124	NA	NA	10000	326814	32.6912	3.00273e-09	-85222.8	-141775	NA	NA	NA	NA	NA	NA	NA	NA	NA	NA
NA21125	NA	NA	10000	339431	33.9499	4.15248e-10	-85501.1	-152038	NA	NA	NA	NA	NA	NA	NA	NA	NA	NA
NA21126	NA	NA	10000	309779	30.9841	2.21106e-09	-80169.9	-164620	NA	NA	NA	NA	NA	NA	NA	NA	NA	NA
NA21127	NA	NA	10000	388106	38.8106	4.47389e-09	-99917.6	-99917.6	NA	NA	NA	NA	NA	NA	NA	NA	NA	NA
NA21128	NA	NA	10000	401374	40.1414	4.57868e-09	-100345	-100345	NA	NA	NA	NA	NA	NA	NA	NA	NA	NA
NA21129	NA	NA	10000	294703	29.4762	6.16647e-08	-76568.7	-122517	NA	NA	NA	NA	NA	NA	NA	NA	NA	NA
NA21130	NA	NA	10000	317208	31.7208	2.24e-09	-80922.5	-144588	NA	NA	NA	NA	NA	NA	NA	NA	NA	NA
NA21133	NA	NA	10000	425569	42.5569	5.73109e-09	-107795	-107795	NA	NA	NA	NA	NA	NA	NA	NA	NA	NA
NA21135	NA	NA	10000	347572	34.7572	5.4343e-10	-88995.9	-156527	NA	NA	NA	NA	NA	NA	NA	NA	NA	NA
NA21137	NA	NA	10000	304253	30.4344	3.76733e-09	-78628.7	-78628.7	NA	NA	NA	NA	NA	NA	NA	NA	NA	NA
NA21141	NA	NA	10000	349123	34.9193	3.03396e-12	-90346.7	-139431	NA	NA	NA	NA	NA	NA	NA	NA	NA	NA
NA21142	NA	NA	10000	373885	37.396	1.62785e-10	-94424.8	-183320	NA	NA	NA	NA	NA	NA	NA	NA	NA	NA
NA21143	NA	NA	10000	384563	38.4563	6.71749e-10	-98359.8	-165595	NA	NA	NA	NA	NA	NA	NA	NA	NA	NA
NA21144	NA	NA	10000	292457	29.2516	1.78494e-09	-73897.6	-155155	NA	NA	NA	NA	NA	NA	NA	NA	NA	NA
nichangmu	NA	NA	10000	358298	35.837	0.000650672	-86286	-86916.7	NA	NA	NA	NA	NA	NA	NA	NA	NA	NA
nichang	NA	NA	10000	370879	37.0953	0.000417449	-90023.3	-91104.7	NA	NA	NA	NA	NA	NA	NA	NA	NA	NA
niuyixinfu	NA	NA	10000	308736	30.8736	0.00421028	-77321.6	-77914.9	NA	NA	NA	NA	NA	NA	NA	NA	NA	NA
niuyixin	NA	NA	10000	304140	30.417	0.00395305	-76746	-77435.3	NA	NA	NA	NA	NA	NA	NA	NA	NA	NA
NJ_BA10C	NA	NA	10000	581912	58.197	0.0015145	-137964	-138482	NA	NA	NA	NA	NA	NA	NA	NA	NA	NA
NJ_BA11C	NA	NA	10000	326803	32.6901	0.0021307	-82479	-83707.9	NA	NA	NA	NA	NA	NA	NA	NA	NA	NA
NJ_BA12C	NA	NA	10000	435419	43.5506	0.00367296	-110271	-110829	NA	NA	NA	NA	NA	NA	NA	NA	NA	NA
NJ_BA13C	NA	NA	10000	525596	52.5649	0.00156701	-125068	-125290	NA	NA	NA	NA	NA	NA	NA	NA	NA	NA
NJ_BA14C	NA	NA	10000	453591	45.3727	0.00163405	-112222	-112599	NA	NA	NA	NA	NA	NA	NA	NA	NA	NA
NJ_BA15C	NA	NA	10000	617772	61.7834	0.000269414	-143502	-155850	NA	NA	NA	NA	NA	NA	NA	NA	NA	NA
NJ_BA19C	NA	NA	10000	543075	54.3129	0.00102194	-134820	-135345	NA	NA	NA	NA	NA	NA	NA	NA	NA	NA
NJ_BA20C	NA	NA	10000	541057	54.1165	0.00119707	-130771	-131275	NA	NA	NA	NA	NA	NA	NA	NA	NA	NA
NJ_BA22C	NA	NA	10000	522067	52.2171	8.51782e-05	-122222	-129424	NA	NA	NA	NA	NA	NA	NA	NA	NA	NA
NJ_BA24C	NA	NA	10000	521613	52.1665	0.00150755	-127663	-128496	NA	NA	NA	NA	NA	NA	NA	NA	NA	NA
NJ_BA25A	NA	NA	10000	477215	47.7358	0.0016382	-113286	-114073	NA	NA	NA	NA	NA	NA	NA	NA	NA	NA
NJ_BA25B	NA	NA	10000	526420	52.6473	0.00170362	-128266	-128745	NA	NA	NA	NA	NA	NA	NA	NA	NA	NA
NJ_BA26C	NA	NA	10000	482988	48.3036	0.00102762	-120103	-120472	NA	NA	NA	NA	NA	NA	NA	NA	NA	NA
NJ_BA27C	NA	NA	10000	463933	46.4026	0.00153735	-113177	-113559	NA	NA	NA	NA	NA	NA	NA	NA	NA	NA
NJ_BA28A	NA	NA	10000	461587	46.1633	0.00221798	-117396	-117742	NA	NA	NA	NA	NA	NA	NA	NA	NA	NA
NJ_BA28B	NA	NA	10000	558222	55.8222	0.00157802	-137396	-138297	NA	NA	NA	NA	NA	NA	NA	NA	NA	NA
NJ_BA29A	NA	NA	10000	479761	47.9857	0.00180284	-118802	-119498	NA	NA	NA	NA	NA	NA	NA	NA	NA	NA
NJ_BA2C	NA	NA	10000	529402	52.9508	0.00205634	-127326	-127959	NA	NA	NA	NA	NA	NA	NA	NA	NA	NA
NJ_BA3C	NA	NA	10000	496339	49.6438	0.0012994	-118679	-119466	NA	NA	NA	NA	NA	NA	NA	NA	NA	NA
NJ_BA4C	NA	NA	10000	499257	49.9357	0.00272407	-119771	-120270	NA	NA	NA	NA	NA	NA	NA	NA	NA	NA
NM004A	NA	NA	10000	301935	30.2026	0.0016978	-74293.3	-75139.6	NA	NA	NA	NA	NA	NA	NA	NA	NA	NA
NM006A	NA	NA	10000	300076	30.0136	0.000297603	-77782.5	-97293.3	NA	NA	NA	NA	NA	NA	NA	NA	NA	NA
NM007A	NA	NA	10000	284991	28.5077	0.0016744	-73780.2	-74481.1	NA	NA	NA	NA	NA	NA	NA	NA	NA	NA
NM008A	NA	NA	10000	277355	27.7383	0.000811793	-72349.1	-75250.2	NA	NA	NA	NA	NA	NA	NA	NA	NA	NA
NM051B	NA	NA	10000	366233	36.627	0.000783214	-86234.7	-87007.8	NA	NA	NA	NA	NA	NA	NA	NA	NA	NA
NM052	NA	NA	10000	377524	37.7524	0.000162809	-91849.3	-92608.1	NA	NA	NA	NA	NA	NA	NA	NA	NA	NA
NM053	NA	NA	10000	383165	38.3165	0.000349308	-93057.4	-93385.6	NA	NA	NA	NA	NA	NA	NA	NA	NA	NA
NM065	NA	NA	10000	302359	30.2419	0.000284787	-76280.4	-77175.7	NA	NA	NA	NA	NA	NA	NA	NA	NA	NA
NM066	NA	NA	10000	386582	38.6659	7.9663e-05	-98965.5	-173052	NA	NA	NA	NA	NA	NA	NA	NA	NA	NA
NM067	NA	NA	10000	377075	37.7113	0.000121742	-93489	-168081	NA	NA	NA	NA	NA	NA	NA	NA	NA	NA
NM085A	NA	NA	10000	292052	29.211	0.000831891	-75977.5	-77383.4	NA	NA	NA	NA	NA	NA	NA	NA	NA	NA
NM095A	NA	NA	10000	362280	36.2316	0.000942025	-87429.5	-89583.4	NA	NA	NA	NA	NA	NA	NA	NA	NA	NA
NM096A	NA	NA	10000	424322	42.4449	0.00149124	-101856	-103556	NA	NA	NA	NA	NA	NA	NA	NA	NA	NA
NM097A	NA	NA	10000	348634	34.8669	0.000848158	-84216.3	-84615.4	NA	NA	NA	NA	NA	NA	NA	NA	NA	NA
NM099	NA	NA	10000	293693	29.3752	0.00290597	-75865.1	-76113.2	NA	NA	NA	NA	NA	NA	NA	NA	NA	NA
NM103A	NA	NA	10000	295388	29.5418	0.000993877	-73653.9	-73981.8	NA	NA	NA	NA	NA	NA	NA	NA	NA	NA
NM106	NA	NA	10000	381551	38.1627	9.92551e-05	-92443.4	-138821	NA	NA	NA	NA	NA	NA	NA	NA	NA	NA
NM107	NA	NA	10000	373599	37.3599	0.000120864	-92376.9	-124479	NA	NA	NA	NA	NA	NA	NA	NA	NA	NA
NM118A	NA	NA	10000	379787	37.9825	6.0714e-05	-92663.5	-150537	NA	NA	NA	NA	NA	NA	NA	NA	NA	NA
NM119A	NA	NA	10000	380292	38.0406	9.01923e-05	-91828.1	-95585.1	NA	NA	NA	NA	NA	NA	NA	NA	NA	NA
NM123	NA	NA	10000	500902	50.1002	9.56584e-05	-118111	-166188	NA	NA	NA	NA	NA	NA	NA	NA	NA	NA
NM124	NA	NA	10000	382621	38.2659	1.52841e-07	-94005.9	-130775	NA	NA	NA	NA	NA	NA	NA	NA	NA	NA
NM131A	NA	NA	10000	279849	27.9877	0.00105147	-73017.5	-73920.8	NA	NA	NA	NA	NA	NA	NA	NA	NA	NA
NM133	NA	NA	10000	439004	43.9092	0.00163428	-105868	-106641	NA	NA	NA	NA	NA	NA	NA	NA	NA	NA
NM134A	NA	NA	10000	340978	34.1046	0.00117957	-82458.8	-82662.5	NA	NA	NA	NA	NA	NA	NA	NA	NA	NA
NM135A	NA	NA	10000	356694	35.6765	0.00130538	-85345.2	-85687.2	NA	NA	NA	NA	NA	NA	NA	NA	NA	NA
NM136A	NA	NA	10000	421171	42.1213	0.000729744	-96093.7	-96569.1	NA	NA	NA	NA	NA	NA	NA	NA	NA	NA
NM137A	NA	NA	10000	371231	37.1305	0.00163919	-88042.2	-89823.2	NA	NA	NA	NA	NA	NA	NA	NA	NA	NA
NM138A	NA	NA	10000	300562	30.0622	0.000855154	-71408.3	-72923.5	NA	NA	NA	NA	NA	NA	NA	NA	NA	NA
NM139A	NA	NA	10000	360773	36.0809	0.000923788	-89033.7	-89765.3	NA	NA	NA	NA	NA	NA	NA	NA	NA	NA
NM140A	NA	NA	10000	428586	42.8672	0.00100644	-101470	-102000	NA	NA	NA	NA	NA	NA	NA	NA	NA	NA
NM144A	NA	NA	10000	317222	31.7254	0.000768101	-78785.6	-79466.8	NA	NA	NA	NA	NA	NA	NA	NA	NA	NA
NM145A	NA	NA	10000	299708	29.9768	0.000619783	-72701.8	-73846.1	NA	NA	NA	NA	NA	NA	NA	NA	NA	NA
NM146A	NA	NA	10000	351631	35.1666	0.000808141	-85837.9	-90309.6	NA	NA	NA	NA	NA	NA	NA	NA	NA	NA
NM156	NA	NA	10000	375972	37.6047	3.24276e-05	-89523.3	-176667	NA	NA	NA	NA	NA	NA	NA	NA	NA	NA
P100A	NA	NA	10000	273688	27.3715	0.000482032	-71779.9	-83428	NA	NA	NA	NA	NA	NA	NA	NA	NA	NA
P10B	NA	NA	10000	312187	31.2218	0.000283725	-78068.2	-92162.2	NA	NA	NA	NA	NA	NA	NA	NA	NA	NA
P10P	NA	NA	10000	251800	25.1825	0.000474507	-70514.1	-103006	NA	NA	NA	NA	NA	NA	NA	NA	NA	NA
P10	NA	NA	10000	269192	26.9219	0.00024517	-71749.4	-76593.5	NA	NA	NA	NA	NA	NA	NA	NA	NA	NA
P11B	NA	NA	10000	282596	28.2681	0.000130505	-79086.5	-149132	NA	NA	NA	NA	NA	NA	NA	NA	NA	NA
P11P	NA	NA	10000	286662	28.6748	0.000607077	-81717.4	-82467.2	NA	NA	NA	NA	NA	NA	NA	NA	NA	NA
P11	NA	NA	10000	295626	29.5685	0.000304056	-73193.4	-74825.6	NA	NA	NA	NA	NA	NA	NA	NA	NA	NA
P12P	NA	NA	10000	289541	28.957	0.000275561	-79418	-150726	NA	NA	NA	NA	NA	NA	NA	NA	NA	NA
P12	NA	NA	10000	308876	30.8969	0.000112385	-76005.3	-155705	NA	NA	NA	NA	NA	NA	NA	NA	NA	NA
P13B	NA	NA	10000	322079	32.2111	0.000374162	-84884.3	-86440.4	NA	NA	NA	NA	NA	NA	NA	NA	NA	NA
P13	NA	NA	10000	322605	32.267	0.000163908	-87465.7	-91414.4	NA	NA	NA	NA	NA	NA	NA	NA	NA	NA
P14B	NA	NA	10000	322766	32.2798	0.000348621	-81933.4	-88230.6	NA	NA	NA	NA	NA	NA	NA	NA	NA	NA
P14	NA	NA	10000	325526	32.5591	0.000211257	-76289	-105938	NA	NA	NA	NA	NA	NA	NA	NA	NA	NA
P15	NA	NA	10000	289729	28.9787	0.000342639	-79240.8	-83301.4	NA	NA	NA	NA	NA	NA	NA	NA	NA	NA
P16B	NA	NA	10000	302505	30.2596	0.00022206	-79063.9	-151281	NA	NA	NA	NA	NA	NA	NA	NA	NA	NA
P16	NA	NA	10000	306980	30.7041	0.000183914	-79628.8	-100507	NA	NA	NA	NA	NA	NA	NA	NA	NA	NA
P17B	NA	NA	10000	265202	26.5255	0.00102291	-75036.9	-75669.2	NA	NA	NA	NA	NA	NA	NA	NA	NA	NA
P17	NA	NA	10000	340594	34.0628	4.8877e-05	-85882.2	-147825	NA	NA	NA	NA	NA	NA	NA	NA	NA	NA
P18B	NA	NA	10000	287948	28.8006	0.00109465	-67654.6	-68502.5	NA	NA	NA	NA	NA	NA	NA	NA	NA	NA
P18	NA	NA	10000	310217	31.0279	0.000175526	-72174.2	-131607	NA	NA	NA	NA	NA	NA	NA	NA	NA	NA
P19B	NA	NA	10000	316058	31.6058	0.000665084	-80555.5	-81681.9	NA	NA	NA	NA	NA	NA	NA	NA	NA	NA
P19	NA	NA	10000	308732	30.8794	0.000150011	-83101.6	-141373	NA	NA	NA	NA	NA	NA	NA	NA	NA	NA
P1B	NA	NA	10000	311960	31.2022	0.000298866	-86286.8	-99038.4	NA	NA	NA	NA	NA	NA	NA	NA	NA	NA
P1P	NA	NA	10000	228013	22.8059	0.00162471	-66447.6	-67279.7	NA	NA	NA	NA	NA	NA	NA	NA	NA	NA
P1	NA	NA	10000	294097	29.4185	0.000150411	-80551.4	-119598	NA	NA	NA	NA	NA	NA	NA	NA	NA	NA
P20B	NA	NA	10000	322182	32.2279	0.000490831	-81757.2	-85485.7	NA	NA	NA	NA	NA	NA	NA	NA	NA	NA
P20	NA	NA	10000	348656	34.8691	0.000524865	-96112.6	-100378	NA	NA	NA	NA	NA	NA	NA	NA	NA	NA
P21B	NA	NA	10000	325814	32.5847	0.000349106	-83488.2	-86668	NA	NA	NA	NA	NA	NA	NA	NA	NA	NA
P21	NA	NA	10000	310003	31.0096	0.000114228	-83061.4	-184354	NA	NA	NA	NA	NA	NA	NA	NA	NA	NA
P22B	NA	NA	10000	292582	29.2611	0.000660156	-75559.7	-77752.5	NA	NA	NA	NA	NA	NA	NA	NA	NA	NA
P22	NA	NA	10000	299953	30.0013	7.24979e-05	-81033.1	-154401	NA	NA	NA	NA	NA	NA	NA	NA	NA	NA
P23B	NA	NA	10000	310578	31.064	0.00107452	-81724.8	-82882.2	NA	NA	NA	NA	NA	NA	NA	NA	NA	NA
P23	NA	NA	10000	303919	30.401	7.68481e-05	-82527.9	-168339	NA	NA	NA	NA	NA	NA	NA	NA	NA	NA
P24B	NA	NA	10000	339657	33.9725	0.000270545	-89978.5	-98529.5	NA	NA	NA	NA	NA	NA	NA	NA	NA	NA
P24	NA	NA	10000	323803	32.3835	0.000116414	-85682	-144500	NA	NA	NA	NA	NA	NA	NA	NA	NA	NA
P25B	NA	NA	10000	279258	27.9398	0.000563724	-68886.4	-70733.2	NA	NA	NA	NA	NA	NA	NA	NA	NA	NA
P25	NA	NA	10000	316187	31.6219	0.000895418	-87806.8	-88746.1	NA	NA	NA	NA	NA	NA	NA	NA	NA	NA
P26B	NA	NA	10000	285134	28.5191	0.000286785	-72012.5	-87337.8	NA	NA	NA	NA	NA	NA	NA	NA	NA	NA
P26	NA	NA	10000	307681	30.7681	0.000211074	-82025	-82745.5	NA	NA	NA	NA	NA	NA	NA	NA	NA	NA
P27B	NA	NA	10000	311026	31.1026	0.00029582	-87857.8	-158887	NA	NA	NA	NA	NA	NA	NA	NA	NA	NA
P27	NA	NA	10000	335811	33.5878	0.000119966	-84663.3	-148078	NA	NA	NA	NA	NA	NA	NA	NA	NA	NA
P28B	NA	NA	10000	267942	26.7996	0.000321077	-68229.4	-140508	NA	NA	NA	NA	NA	NA	NA	NA	NA	NA
P28	NA	NA	10000	315557	31.562	0.000176217	-85564.2	-134678	NA	NA	NA	NA	NA	NA	NA	NA	NA	NA
P29B	NA	NA	10000	321584	32.1584	0.00057274	-86391.4	-88887.1	NA	NA	NA	NA	NA	NA	NA	NA	NA	NA
P29	NA	NA	10000	342948	34.3017	7.22905e-05	-84655.1	-150998	NA	NA	NA	NA	NA	NA	NA	NA	NA	NA
P2B	NA	NA	10000	296224	29.6224	0.000474487	-79039.9	-87313.3	NA	NA	NA	NA	NA	NA	NA	NA	NA	NA
P2P	NA	NA	10000	280374	28.0458	0.000519512	-72392.9	-73310	NA	NA	NA	NA	NA	NA	NA	NA	NA	NA
P2	NA	NA	10000	358484	35.8592	0.000100704	-92112.7	-174690	NA	NA	NA	NA	NA	NA	NA	NA	NA	NA
P30B	NA	NA	10000	292942	29.2971	0.000483479	-80531.5	-94581.4	NA	NA	NA	NA	NA	NA	NA	NA	NA	NA
P30	NA	NA	10000	331623	33.1689	0.000151412	-82718.7	-116240	NA	NA	NA	NA	NA	NA	NA	NA	NA	NA
P31B	NA	NA	10000	320807	32.0871	0.000480892	-82099.6	-92132.3	NA	NA	NA	NA	NA	NA	NA	NA	NA	NA
P31	NA	NA	10000	324215	32.428	0.000102924	-86926.6	-158004	NA	NA	NA	NA	NA	NA	NA	NA	NA	NA
P32B	NA	NA	10000	324722	32.4754	0.000585028	-85564.4	-85711.1	NA	NA	NA	NA	NA	NA	NA	NA	NA	NA
P32	NA	NA	10000	318472	31.8536	0.00017121	-84999.8	-109222	NA	NA	NA	NA	NA	NA	NA	NA	NA	NA
P33B	NA	NA	10000	272948	27.303	0.000566601	-74989.6	-79646.4	NA	NA	NA	NA	NA	NA	NA	NA	NA	NA
P33	NA	NA	10000	332166	33.2232	0.000121172	-87339.1	-125033	NA	NA	NA	NA	NA	NA	NA	NA	NA	NA
P34	NA	NA	10000	299572	29.9602	0.00168757	-81722.4	-82017.7	NA	NA	NA	NA	NA	NA	NA	NA	NA	NA
P35B	NA	NA	10000	308641	30.8672	0.000277618	-85266.2	-86080	NA	NA	NA	NA	NA	NA	NA	NA	NA	NA
P35	NA	NA	10000	439499	43.9499	7.84764e-05	-113171	-198079	NA	NA	NA	NA	NA	NA	NA	NA	NA	NA
P36B	NA	NA	10000	301671	30.1762	0.000427647	-83707.4	-99544.9	NA	NA	NA	NA	NA	NA	NA	NA	NA	NA
P36	NA	NA	10000	322719	32.2848	3.21023e-05	-83026.4	-174961	NA	NA	NA	NA	NA	NA	NA	NA	NA	NA
P37B	NA	NA	10000	277250	27.7305	0.000232208	-70819.2	-160463	NA	NA	NA	NA	NA	NA	NA	NA	NA	NA
P37	NA	NA	10000	360933	36.1041	0.000106359	-89533	-177285	NA	NA	NA	NA	NA	NA	NA	NA	NA	NA
P38B	NA	NA	10000	316934	31.6934	0.000403374	-84629.6	-95581.2	NA	NA	NA	NA	NA	NA	NA	NA	NA	NA
P38	NA	NA	10000	444221	44.431	0.000154899	-114916	-115889	NA	NA	NA	NA	NA	NA	NA	NA	NA	NA
P39B	NA	NA	10000	307076	30.7107	0.10507	-103455	-120058	NA	NA	NA	NA	NA	NA	NA	NA	NA	NA
P39	NA	NA	10000	333554	33.3621	0.000168331	-87363.7	-138170	NA	NA	NA	NA	NA	NA	NA	NA	NA	NA
P3B	NA	NA	10000	293547	29.3606	0.000119962	-74966.4	-147850	NA	NA	NA	NA	NA	NA	NA	NA	NA	NA
P3P	NA	NA	10000	261313	26.1365	0.000558121	-71286.5	-72097.9	NA	NA	NA	NA	NA	NA	NA	NA	NA	NA
P3	NA	NA	10000	325599	32.5632	0.000108072	-79037.2	-141235	NA	NA	NA	NA	NA	NA	NA	NA	NA	NA
P40B	NA	NA	10000	306657	30.6688	0.000406985	-83875.6	-90339.7	NA	NA	NA	NA	NA	NA	NA	NA	NA	NA
P40	NA	NA	10000	298971	29.9061	7.7042e-05	-81371.1	-106576	NA	NA	NA	NA	NA	NA	NA	NA	NA	NA
P41B	NA	NA	10000	281337	28.1393	0.0526885	-87144.3	-98154.5	NA	NA	NA	NA	NA	NA	NA	NA	NA	NA
P41	NA	NA	10000	355255	35.5326	0.000195803	-93424.1	-138012	NA	NA	NA	NA	NA	NA	NA	NA	NA	NA
P42B	NA	NA	10000	281139	28.1195	0.00060802	-68270.1	-69058.4	NA	NA	NA	NA	NA	NA	NA	NA	NA	NA
P42	NA	NA	10000	331235	33.1235	0.000240414	-84889.3	-92626.7	NA	NA	NA	NA	NA	NA	NA	NA	NA	NA
P43B	NA	NA	10000	284203	28.4231	0.00034612	-74738.6	-75911.6	NA	NA	NA	NA	NA	NA	NA	NA	NA	NA
P43	NA	NA	10000	292685	29.2714	8.98368e-05	-78357.2	-156550	NA	NA	NA	NA	NA	NA	NA	NA	NA	NA
P44B	NA	NA	10000	295663	29.5663	0.000210304	-80595.4	-138340	NA	NA	NA	NA	NA	NA	NA	NA	NA	NA
P44	NA	NA	10000	332399	33.2399	0.000132821	-86364.3	-150977	NA	NA	NA	NA	NA	NA	NA	NA	NA	NA
P45B	NA	NA	10000	299668	29.9668	0.000440918	-78314.3	-83009.4	NA	NA	NA	NA	NA	NA	NA	NA	NA	NA
P45	NA	NA	10000	459424	45.947	7.52509e-05	-119268	-187841	NA	NA	NA	NA	NA	NA	NA	NA	NA	NA
P46B	NA	NA	10000	286742	28.6771	0.000471974	-82239	-94433.6	NA	NA	NA	NA	NA	NA	NA	NA	NA	NA
P46	NA	NA	10000	378425	37.8463	0.000174645	-98709.9	-114849	NA	NA	NA	NA	NA	NA	NA	NA	NA	NA
P47B	NA	NA	10000	326840	32.6873	0.000564055	-89107.3	-89674.7	NA	NA	NA	NA	NA	NA	NA	NA	NA	NA
P47	NA	NA	10000	410318	41.04	0.000141028	-106475	-160386	NA	NA	NA	NA	NA	NA	NA	NA	NA	NA
P48B	NA	NA	10000	294066	29.4066	0.000375004	-80664.5	-83208.5	NA	NA	NA	NA	NA	NA	NA	NA	NA	NA
P48	NA	NA	10000	355534	35.5605	0.000154337	-91730	-101200	NA	NA	NA	NA	NA	NA	NA	NA	NA	NA
P49B	NA	NA	10000	338479	33.8547	0.000283655	-83994.7	-131205	NA	NA	NA	NA	NA	NA	NA	NA	NA	NA
P49	NA	NA	10000	362736	36.2736	0.000279223	-92195.4	-107376	NA	NA	NA	NA	NA	NA	NA	NA	NA	NA
P4P	NA	NA	10000	270859	27.0886	0.000261234	-73583	-77410.7	NA	NA	NA	NA	NA	NA	NA	NA	NA	NA
P4	NA	NA	10000	305823	30.5884	0.000296923	-82354	-83484.3	NA	NA	NA	NA	NA	NA	NA	NA	NA	NA
P50B	NA	NA	10000	305399	30.5491	0.000172732	-75492.7	-168341	NA	NA	NA	NA	NA	NA	NA	NA	NA	NA
P50	NA	NA	10000	342187	34.2255	0.000116569	-90849	-183506	NA	NA	NA	NA	NA	NA	NA	NA	NA	NA
P51B	NA	NA	10000	320913	32.0977	0.000150657	-80003.4	-164217	NA	NA	NA	NA	NA	NA	NA	NA	NA	NA
P51	NA	NA	10000	372511	37.2511	0.000265602	-94712.7	-96142.5	NA	NA	NA	NA	NA	NA	NA	NA	NA	NA
P52B	NA	NA	10000	297575	29.7664	0.000346101	-81099.4	-89389.7	NA	NA	NA	NA	NA	NA	NA	NA	NA	NA
P52	NA	NA	10000	399812	39.9892	7.12655e-05	-92971.7	-156892	NA	NA	NA	NA	NA	NA	NA	NA	NA	NA
P53B	NA	NA	10000	282149	28.2177	0.000453502	-72324.6	-72979.5	NA	NA	NA	NA	NA	NA	NA	NA	NA	NA
P53	NA	NA	10000	359220	35.9256	0.000159674	-95754.1	-99674.4	NA	NA	NA	NA	NA	NA	NA	NA	NA	NA
P54B	NA	NA	10000	287968	28.7968	0.000113011	-81331.3	-147082	NA	NA	NA	NA	NA	NA	NA	NA	NA	NA
P54	NA	NA	10000	400119	40.0159	0.000169341	-101334	-162627	NA	NA	NA	NA	NA	NA	NA	NA	NA	NA
P55B	NA	NA	10000	307652	30.7744	0.00041934	-83734	-87081.3	NA	NA	NA	NA	NA	NA	NA	NA	NA	NA
P55	NA	NA	10000	362309	36.2418	8.41949e-05	-83936.6	-164412	NA	NA	NA	NA	NA	NA	NA	NA	NA	NA
P56B	NA	NA	10000	291717	29.1746	0.000602142	-77880.6	-78485.1	NA	NA	NA	NA	NA	NA	NA	NA	NA	NA
P56	NA	NA	10000	357824	35.786	0.000176753	-92583.3	-117586	NA	NA	NA	NA	NA	NA	NA	NA	NA	NA
P57B	NA	NA	10000	342291	34.2325	0.000197013	-92123.7	-154256	NA	NA	NA	NA	NA	NA	NA	NA	NA	NA
P57	NA	NA	10000	367825	36.7899	0.00030348	-93233.3	-94339.4	NA	NA	NA	NA	NA	NA	NA	NA	NA	NA
P58B	NA	NA	10000	292660	29.2748	0.000273385	-80239.4	-99587.2	NA	NA	NA	NA	NA	NA	NA	NA	NA	NA
P58	NA	NA	10000	347129	34.7164	3.94313e-05	-89206.1	-132568	NA	NA	NA	NA	NA	NA	NA	NA	NA	NA
P59B	NA	NA	10000	333186	33.3253	0.000318255	-86477.8	-87617.4	NA	NA	NA	NA	NA	NA	NA	NA	NA	NA
P59	NA	NA	10000	373229	37.3266	0.000114557	-99079	-150211	NA	NA	NA	NA	NA	NA	NA	NA	NA	NA
P5B	NA	NA	10000	331454	33.1487	0.000488768	-85818.8	-88008.6	NA	NA	NA	NA	NA	NA	NA	NA	NA	NA
P5P	NA	NA	10000	237455	23.7479	9.59406e-05	-55767.6	-113363	NA	NA	NA	NA	NA	NA	NA	NA	NA	NA
P5	NA	NA	10000	333674	33.3774	0.000139391	-91807.4	-110388	NA	NA	NA	NA	NA	NA	NA	NA	NA	NA
P60B	NA	NA	10000	282990	28.3047	0.000318088	-79892.6	-95553.7	NA	NA	NA	NA	NA	NA	NA	NA	NA	NA
P60	NA	NA	10000	335844	33.5844	0.000218189	-90215.3	-127379	NA	NA	NA	NA	NA	NA	NA	NA	NA	NA
P61B	NA	NA	10000	353281	35.3352	0.000778805	-96737.8	-97446.6	NA	NA	NA	NA	NA	NA	NA	NA	NA	NA
P61	NA	NA	10000	341703	34.1806	0.000249894	-88520.9	-89819.1	NA	NA	NA	NA	NA	NA	NA	NA	NA	NA
P62B	NA	NA	10000	313912	31.4006	0.000570782	-86643	-87271.6	NA	NA	NA	NA	NA	NA	NA	NA	NA	NA
P62	NA	NA	10000	347763	34.7867	0.000381436	-91544.5	-94478.2	NA	NA	NA	NA	NA	NA	NA	NA	NA	NA
P63B	NA	NA	10000	309362	30.9486	0.000444126	-78413.1	-81803.5	NA	NA	NA	NA	NA	NA	NA	NA	NA	NA
P63	NA	NA	10000	328583	32.8616	0.000340475	-85481.2	-87374.4	NA	NA	NA	NA	NA	NA	NA	NA	NA	NA
P64B	NA	NA	10000	290025	29.0054	0.000386218	-77516	-93611.9	NA	NA	NA	NA	NA	NA	NA	NA	NA	NA
P64	NA	NA	10000	312669	31.2669	0.000161905	-82183.9	-149508	NA	NA	NA	NA	NA	NA	NA	NA	NA	NA
P65B	NA	NA	10000	301851	30.1881	0.000134189	-83067.6	-154933	NA	NA	NA	NA	NA	NA	NA	NA	NA	NA
P65	NA	NA	10000	354624	35.4624	0.000213641	-92996.5	-97651.3	NA	NA	NA	NA	NA	NA	NA	NA	NA	NA
P66B	NA	NA	10000	294454	29.4513	0.000248816	-80774.5	-121025	NA	NA	NA	NA	NA	NA	NA	NA	NA	NA
P66	NA	NA	10000	293810	29.3869	0.000110432	-77517.8	-115050	NA	NA	NA	NA	NA	NA	NA	NA	NA	NA
P67B	NA	NA	10000	330897	33.0963	7.7506e-05	-83515.6	-161838	NA	NA	NA	NA	NA	NA	NA	NA	NA	NA
P67	NA	NA	10000	356410	35.6446	7.87449e-05	-88412.4	-155022	NA	NA	NA	NA	NA	NA	NA	NA	NA	NA
P68B	NA	NA	10000	326321	32.6419	0.000198459	-89584.1	-152873	NA	NA	NA	NA	NA	NA	NA	NA	NA	NA
P68	NA	NA	10000	331443	33.1509	0.000160114	-87014.5	-100958	NA	NA	NA	NA	NA	NA	NA	NA	NA	NA
P69B	NA	NA	10000	334652	33.4719	0.000603981	-93384	-97011	NA	NA	NA	NA	NA	NA	NA	NA	NA	NA
P69	NA	NA	10000	334103	33.4136	0.000274178	-80508.5	-108930	NA	NA	NA	NA	NA	NA	NA	NA	NA	NA
P6B	NA	NA	10000	309393	30.9424	0.000537429	-79068.3	-80045.1	NA	NA	NA	NA	NA	NA	NA	NA	NA	NA
P6P	NA	NA	10000	247077	24.7151	0.000539028	-71315.3	-74988.7	NA	NA	NA	NA	NA	NA	NA	NA	NA	NA
P6	NA	NA	10000	310061	31.0061	0.000111959	-82799.3	-148685	NA	NA	NA	NA	NA	NA	NA	NA	NA	NA
P70B	NA	NA	10000	309680	30.9711	0.000139396	-78021.4	-157081	NA	NA	NA	NA	NA	NA	NA	NA	NA	NA
P70	NA	NA	10000	305826	30.5826	0.000380854	-81647.6	-82997.3	NA	NA	NA	NA	NA	NA	NA	NA	NA	NA
P71B	NA	NA	10000	305640	30.5701	0.000182523	-78664.5	-133845	NA	NA	NA	NA	NA	NA	NA	NA	NA	NA
P71	NA	NA	10000	365159	36.5196	0.000129523	-95798.5	-165073	NA	NA	NA	NA	NA	NA	NA	NA	NA	NA
P72B	NA	NA	10000	335306	33.5373	0.000289309	-91269.2	-145102	NA	NA	NA	NA	NA	NA	NA	NA	NA	NA
P72	NA	NA	10000	385798	38.5837	0.000111778	-100137	-172991	NA	NA	NA	NA	NA	NA	NA	NA	NA	NA
P73B	NA	NA	10000	339846	33.988	0.000144287	-93445.8	-154998	NA	NA	NA	NA	NA	NA	NA	NA	NA	NA
P73	NA	NA	10000	366653	36.6726	5.35511e-05	-91171.8	-179912	NA	NA	NA	NA	NA	NA	NA	NA	NA	NA
P74B	NA	NA	10000	334065	33.4132	0.000278822	-92740.6	-116563	NA	NA	NA	NA	NA	NA	NA	NA	NA	NA
P74	NA	NA	10000	303709	30.3739	0.000569024	-84040.2	-84871.4	NA	NA	NA	NA	NA	NA	NA	NA	NA	NA
P75B	NA	NA	10000	350345	35.038	0.000178106	-93042.2	-126773	NA	NA	NA	NA	NA	NA	NA	NA	NA	NA
P75	NA	NA	10000	338490	33.8558	0.000381936	-89653.7	-94051.7	NA	NA	NA	NA	NA	NA	NA	NA	NA	NA
P76B	NA	NA	10000	311575	31.1575	0.000222959	-82789.2	-155543	NA	NA	NA	NA	NA	NA	NA	NA	NA	NA
P76	NA	NA	10000	314016	31.4047	0.000195224	-84260.8	-144896	NA	NA	NA	NA	NA	NA	NA	NA	NA	NA
P77B	NA	NA	10000	324234	32.4266	0.000617229	-87401.5	-88068.1	NA	NA	NA	NA	NA	NA	NA	NA	NA	NA
P77	NA	NA	10000	308197	30.8197	0.000490935	-84793.1	-96079.4	NA	NA	NA	NA	NA	NA	NA	NA	NA	NA
P78B	NA	NA	10000	282765	28.2822	0.000731969	-75812.7	-79091.5	NA	NA	NA	NA	NA	NA	NA	NA	NA	NA
P78	NA	NA	10000	298524	29.8554	0.000533464	-82804.3	-86833.5	NA	NA	NA	NA	NA	NA	NA	NA	NA	NA
P79B	NA	NA	10000	275779	27.5807	0.000705841	-76870.5	-77943.7	NA	NA	NA	NA	NA	NA	NA	NA	NA	NA
P79	NA	NA	10000	314599	31.4662	0.000489241	-80720.4	-83731.9	NA	NA	NA	NA	NA	NA	NA	NA	NA	NA
P7B	NA	NA	10000	280258	28.0258	0.000139041	-74804.5	-144223	NA	NA	NA	NA	NA	NA	NA	NA	NA	NA
P7P	NA	NA	10000	267484	26.7538	0.000323052	-73995.7	-77607.2	NA	NA	NA	NA	NA	NA	NA	NA	NA	NA
P7	NA	NA	10000	305841	30.5902	0.000206983	-83868.4	-103322	NA	NA	NA	NA	NA	NA	NA	NA	NA	NA
P80B	NA	NA	10000	291630	29.1659	0.000522317	-81422.8	-84656.8	NA	NA	NA	NA	NA	NA	NA	NA	NA	NA
P80	NA	NA	10000	317131	31.7194	0.00129525	-84287.2	-85107.1	NA	NA	NA	NA	NA	NA	NA	NA	NA	NA
P81B	NA	NA	10000	336087	33.6121	0.000231674	-91196.1	-110149	NA	NA	NA	NA	NA	NA	NA	NA	NA	NA
P81	NA	NA	10000	275935	27.5963	0.000253091	-75493.9	-103145	NA	NA	NA	NA	NA	NA	NA	NA	NA	NA
P82B	NA	NA	10000	305758	30.5789	0.000152837	-80200	-132489	NA	NA	NA	NA	NA	NA	NA	NA	NA	NA
P82	NA	NA	10000	306526	30.6587	0.000263009	-84017.9	-170788	NA	NA	NA	NA	NA	NA	NA	NA	NA	NA
P83B	NA	NA	10000	291877	29.1877	0.000247193	-82139.1	-113676	NA	NA	NA	NA	NA	NA	NA	NA	NA	NA
P83	NA	NA	10000	266779	26.6806	0.000384754	-74738.3	-84871.7	NA	NA	NA	NA	NA	NA	NA	NA	NA	NA
P84B	NA	NA	10000	306457	30.6488	0.000659188	-82102.1	-82470.7	NA	NA	NA	NA	NA	NA	NA	NA	NA	NA
P84	NA	NA	10000	322443	32.254	0.000298563	-86169.2	-109355	NA	NA	NA	NA	NA	NA	NA	NA	NA	NA
P85B	NA	NA	10000	292928	29.2957	0.000197222	-81302.5	-138616	NA	NA	NA	NA	NA	NA	NA	NA	NA	NA
P85	NA	NA	10000	319271	31.9367	0.000343014	-83986.5	-106654	NA	NA	NA	NA	NA	NA	NA	NA	NA	NA
P86B	NA	NA	10000	274159	27.4186	0.000493099	-76732.6	-93374.2	NA	NA	NA	NA	NA	NA	NA	NA	NA	NA
P86	NA	NA	10000	313073	31.3136	0.000303385	-81652.2	-96667.1	NA	NA	NA	NA	NA	NA	NA	NA	NA	NA
P87B	NA	NA	10000	316831	31.6863	0.000371982	-84852	-87519.4	NA	NA	NA	NA	NA	NA	NA	NA	NA	NA
P87	NA	NA	10000	297659	29.7748	0.000183971	-80640.7	-95329.1	NA	NA	NA	NA	NA	NA	NA	NA	NA	NA
P88B	NA	NA	10000	291233	29.1262	0.000276289	-82147	-143855	NA	NA	NA	NA	NA	NA	NA	NA	NA	NA
P88	NA	NA	10000	304225	30.4255	0.000398746	-83033.1	-123985	NA	NA	NA	NA	NA	NA	NA	NA	NA	NA
P89B	NA	NA	10000	289359	28.9446	0.000288496	-76861	-163883	NA	NA	NA	NA	NA	NA	NA	NA	NA	NA
P89	NA	NA	10000	322734	32.2799	0.000411405	-88530.1	-100250	NA	NA	NA	NA	NA	NA	NA	NA	NA	NA
P8B	NA	NA	10000	278547	27.8603	0.000356464	-71010.7	-102581	NA	NA	NA	NA	NA	NA	NA	NA	NA	NA
P8P	NA	NA	10000	258751	25.8777	0.00046585	-73746.5	-74807.8	NA	NA	NA	NA	NA	NA	NA	NA	NA	NA
P8	NA	NA	10000	311537	31.1599	0.000176282	-83337.8	-129660	NA	NA	NA	NA	NA	NA	NA	NA	NA	NA
P90B	NA	NA	10000	288204	28.8262	0.000284	-74830.4	-133916	NA	NA	NA	NA	NA	NA	NA	NA	NA	NA
P90	NA	NA	10000	310247	31.0371	0.000162806	-79145.9	-133018	NA	NA	NA	NA	NA	NA	NA	NA	NA	NA
P91B	NA	NA	10000	283026	28.3111	0.000487931	-79012.3	-80640.4	NA	NA	NA	NA	NA	NA	NA	NA	NA	NA
P91	NA	NA	10000	307595	30.7626	0.000358219	-86843.3	-94183.8	NA	NA	NA	NA	NA	NA	NA	NA	NA	NA
P92B	NA	NA	10000	325982	32.6015	0.00070719	-84946.1	-94084.8	NA	NA	NA	NA	NA	NA	NA	NA	NA	NA
P92	NA	NA	10000	307023	30.7054	0.00031216	-84404.4	-91169.1	NA	NA	NA	NA	NA	NA	NA	NA	NA	NA
P93B	NA	NA	10000	296435	29.6465	0.000168395	-78914.5	-170502	NA	NA	NA	NA	NA	NA	NA	NA	NA	NA
P93	NA	NA	10000	316851	31.6883	0.000516307	-87460.4	-87586.9	NA	NA	NA	NA	NA	NA	NA	NA	NA	NA
P94B	NA	NA	10000	279570	27.9598	0.000273003	-78575.3	-96153.5	NA	NA	NA	NA	NA	NA	NA	NA	NA	NA
P94	NA	NA	10000	290910	29.0939	0.000129263	-79540.9	-151288	NA	NA	NA	NA	NA	NA	NA	NA	NA	NA
P95B	NA	NA	10000	329697	32.973	0.000216237	-89137.3	-153048	NA	NA	NA	NA	NA	NA	NA	NA	NA	NA
P95	NA	NA	10000	289058	28.9116	0.000332978	-77879.8	-109775	NA	NA	NA	NA	NA	NA	NA	NA	NA	NA
P96B	NA	NA	10000	307565	30.7596	0.000394876	-83801.8	-89506	NA	NA	NA	NA	NA	NA	NA	NA	NA	NA
P96	NA	NA	10000	294014	29.4014	0.000194747	-84535.2	-140215	NA	NA	NA	NA	NA	NA	NA	NA	NA	NA
P97B	NA	NA	10000	288391	28.8449	0.000572064	-75628.6	-79532.4	NA	NA	NA	NA	NA	NA	NA	NA	NA	NA
P97	NA	NA	10000	304355	30.4355	0.000519622	-84213.2	-85210.5	NA	NA	NA	NA	NA	NA	NA	NA	NA	NA
P98B	NA	NA	10000	291278	29.1336	0.0202431	-86036.9	-90131.3	NA	NA	NA	NA	NA	NA	NA	NA	NA	NA
P98	NA	NA	10000	304319	30.438	8.6615e-05	-84280.3	-140255	NA	NA	NA	NA	NA	NA	NA	NA	NA	NA
P99B	NA	NA	10000	279603	27.9715	0.000581441	-78829.1	-80665.2	NA	NA	NA	NA	NA	NA	NA	NA	NA	NA
P99	NA	NA	10000	279424	27.9536	0.000183603	-78161.1	-170904	NA	NA	NA	NA	NA	NA	NA	NA	NA	NA
P9B	NA	NA	10000	295167	29.5197	0.000476868	-82554.2	-87490.6	NA	NA	NA	NA	NA	NA	NA	NA	NA	NA
P9P	NA	NA	10000	277457	27.7485	0.000508426	-74202.4	-75166.2	NA	NA	NA	NA	NA	NA	NA	NA	NA	NA
P9	NA	NA	10000	309806	30.9837	0.00022506	-82582.8	-135110	NA	NA	NA	NA	NA	NA	NA	NA	NA	NA
peichenchenmu	NA	NA	10000	357614	35.765	8.06316e-05	-84617.7	-102397	NA	NA	NA	NA	NA	NA	NA	NA	NA	NA
peichenchen	NA	NA	10000	344973	34.5042	0.00201653	-84338	-84625.9	NA	NA	NA	NA	NA	NA	NA	NA	NA	NA
pengshiyamu	NA	NA	10000	386564	38.6641	0.000337493	-90891.5	-113970	NA	NA	NA	NA	NA	NA	NA	NA	NA	NA
Q0001	NA	NA	10000	338254	33.8389	0.000169528	-83259.6	-102039	NA	NA	NA	NA	NA	NA	NA	NA	NA	NA
Q0002	NA	NA	10000	377475	37.7551	0.000239741	-92085.1	-100897	NA	NA	NA	NA	NA	NA	NA	NA	NA	NA
Q0004	NA	NA	10000	366565	36.6675	0.000100091	-88628.6	-148088	NA	NA	NA	NA	NA	NA	NA	NA	NA	NA
Q0007	NA	NA	10000	378642	37.8718	2.57148e-05	-95133.6	-164914	NA	NA	NA	NA	NA	NA	NA	NA	NA	NA
Q0009	NA	NA	10000	375712	37.5862	0.000261769	-89442.1	-119165	NA	NA	NA	NA	NA	NA	NA	NA	NA	NA
Q0010	NA	NA	10000	357184	35.7255	3.57327e-05	-86341.1	-134844	NA	NA	NA	NA	NA	NA	NA	NA	NA	NA
Q0012	NA	NA	10000	388543	38.8582	0.000704443	-93860.5	-95979	NA	NA	NA	NA	NA	NA	NA	NA	NA	NA
Q0013	NA	NA	10000	394404	39.4443	0.000182614	-99468.8	-158169	NA	NA	NA	NA	NA	NA	NA	NA	NA	NA
Q0015	NA	NA	10000	410099	41.0222	0.000426908	-98786	-105524	NA	NA	NA	NA	NA	NA	NA	NA	NA	NA
Q0016	NA	NA	10000	369975	37.0012	0.000562735	-90432.1	-95211.5	NA	NA	NA	NA	NA	NA	NA	NA	NA	NA
Q0017	NA	NA	10000	365274	36.5457	3.64741e-05	-90509	-154212	NA	NA	NA	NA	NA	NA	NA	NA	NA	NA
Q0019	NA	NA	10000	326455	32.652	7.22661e-05	-79519.6	-88945.2	NA	NA	NA	NA	NA	NA	NA	NA	NA	NA
Q0021	NA	NA	10000	362014	36.2014	4.46829e-05	-89306.3	-180546	NA	NA	NA	NA	NA	NA	NA	NA	NA	NA
Q0022	NA	NA	10000	353409	35.348	0.000205173	-85977.6	-97226.1	NA	NA	NA	NA	NA	NA	NA	NA	NA	NA
Q0023	NA	NA	10000	338690	33.8724	0.000373424	-83886.2	-86328.1	NA	NA	NA	NA	NA	NA	NA	NA	NA	NA
Q0025	NA	NA	10000	378443	37.8481	0.000256671	-92748.4	-99384.6	NA	NA	NA	NA	NA	NA	NA	NA	NA	NA
Q0031	NA	NA	10000	383901	38.3939	0.000435291	-96116.5	-97888.2	NA	NA	NA	NA	NA	NA	NA	NA	NA	NA
Q0032	NA	NA	10000	424905	42.5075	0.000439588	-99639.2	-115069	NA	NA	NA	NA	NA	NA	NA	NA	NA	NA
Q0033	NA	NA	10000	366664	36.6737	0.000483817	-90206.7	-92969.1	NA	NA	NA	NA	NA	NA	NA	NA	NA	NA
Q0036	NA	NA	10000	372309	37.2346	0.000187846	-90804	-93618	NA	NA	NA	NA	NA	NA	NA	NA	NA	NA
Q0037	NA	NA	10000	378222	37.8298	0.000305217	-89949.2	-90249.7	NA	NA	NA	NA	NA	NA	NA	NA	NA	NA
Q0038	NA	NA	10000	370641	37.0678	0.000871742	-92034	-92761.6	NA	NA	NA	NA	NA	NA	NA	NA	NA	NA
Q0039	NA	NA	10000	409112	40.9276	0.000180733	-97519.8	-103470	NA	NA	NA	NA	NA	NA	NA	NA	NA	NA
Q0040	NA	NA	10000	377165	37.7203	0.000485588	-90704.5	-99663.6	NA	NA	NA	NA	NA	NA	NA	NA	NA	NA
Q0041	NA	NA	10000	374641	37.4641	0.000258803	-92733.1	-95219.6	NA	NA	NA	NA	NA	NA	NA	NA	NA	NA
Q0042	NA	NA	10000	386161	38.6238	0.000265304	-92651.6	-96271.8	NA	NA	NA	NA	NA	NA	NA	NA	NA	NA
Q0043	NA	NA	10000	387449	38.7449	4.25378e-05	-96546.5	-169108	NA	NA	NA	NA	NA	NA	NA	NA	NA	NA
Q0044	NA	NA	10000	448522	44.8612	0.000270569	-106544	-108363	NA	NA	NA	NA	NA	NA	NA	NA	NA	NA
Q0046	NA	NA	10000	395557	39.5794	0.000402171	-92000.5	-92122.8	NA	NA	NA	NA	NA	NA	NA	NA	NA	NA
Q0047	NA	NA	10000	380987	38.1025	0.000682106	-93651.6	-95258.5	NA	NA	NA	NA	NA	NA	NA	NA	NA	NA
Q0048	NA	NA	10000	331357	33.1423	0.000726152	-79878.7	-82894.4	NA	NA	NA	NA	NA	NA	NA	NA	NA	NA
Q0049	NA	NA	10000	415255	41.5421	0.000171188	-97702.4	-163197	NA	NA	NA	NA	NA	NA	NA	NA	NA	NA
Q0050	NA	NA	10000	376909	37.6947	0.000476267	-93421.5	-99263.4	NA	NA	NA	NA	NA	NA	NA	NA	NA	NA
Q0051	NA	NA	10000	418253	41.842	0.000426604	-99186.7	-102346	NA	NA	NA	NA	NA	NA	NA	NA	NA	NA
Q0052	NA	NA	10000	368472	36.8472	0.000789231	-90610	-90852.5	NA	NA	NA	NA	NA	NA	NA	NA	NA	NA
Q0053	NA	NA	10000	366160	36.627	0.000466667	-88543.1	-97414.3	NA	NA	NA	NA	NA	NA	NA	NA	NA	NA
Q0054	NA	NA	10000	388768	38.8885	0.000680941	-93858.3	-94162.2	NA	NA	NA	NA	NA	NA	NA	NA	NA	NA
Q0056	NA	NA	10000	377525	37.7714	0.000276368	-92759	-100038	NA	NA	NA	NA	NA	NA	NA	NA	NA	NA
Q0059	NA	NA	10000	367292	36.7329	0.000930393	-87719.1	-87996.5	NA	NA	NA	NA	NA	NA	NA	NA	NA	NA
Q0060	NA	NA	10000	379072	37.9186	0.000403386	-92630.7	-97911.6	NA	NA	NA	NA	NA	NA	NA	NA	NA	NA
Q0061	NA	NA	10000	375445	37.552	0.000624282	-89652.2	-95021.2	NA	NA	NA	NA	NA	NA	NA	NA	NA	NA
Q0062	NA	NA	10000	415110	41.5276	0.000433492	-98306.9	-99168.9	NA	NA	NA	NA	NA	NA	NA	NA	NA	NA
Q0064	NA	NA	10000	365482	36.5555	0.000439297	-89948.6	-93198.7	NA	NA	NA	NA	NA	NA	NA	NA	NA	NA
Q0066	NA	NA	10000	361880	36.1952	0.000735198	-87280.6	-87787	NA	NA	NA	NA	NA	NA	NA	NA	NA	NA
Q0071	NA	NA	10000	383454	38.3492	0.000915039	-92846.5	-93625.3	NA	NA	NA	NA	NA	NA	NA	NA	NA	NA
Q0072	NA	NA	10000	374612	37.4687	6.53347e-05	-88282.9	-120107	NA	NA	NA	NA	NA	NA	NA	NA	NA	NA
Q0073	NA	NA	10000	369923	36.9923	6.1089e-05	-89730.5	-160573	NA	NA	NA	NA	NA	NA	NA	NA	NA	NA
Q0075	NA	NA	10000	362946	36.2982	7.74784e-05	-88975.5	-90850.6	NA	NA	NA	NA	NA	NA	NA	NA	NA	NA
Q0076	NA	NA	10000	319169	31.9201	0.000459624	-80161.2	-81524.9	NA	NA	NA	NA	NA	NA	NA	NA	NA	NA
Q0077	NA	NA	10000	363524	36.3633	0.000383198	-89198.5	-121352	NA	NA	NA	NA	NA	NA	NA	NA	NA	NA
Q0078	NA	NA	10000	371181	37.1255	8.30445e-05	-89381.9	-135771	NA	NA	NA	NA	NA	NA	NA	NA	NA	NA
Q0081	NA	NA	10000	419603	41.9729	0.000606673	-98444.1	-98829.4	NA	NA	NA	NA	NA	NA	NA	NA	NA	NA
Q0083	NA	NA	10000	377262	37.7375	0.000129874	-92641.5	-101113	NA	NA	NA	NA	NA	NA	NA	NA	NA	NA
Q0084	NA	NA	10000	369737	36.9848	0.000273715	-92497.2	-108146	NA	NA	NA	NA	NA	NA	NA	NA	NA	NA
Q0088	NA	NA	10000	321113	32.1209	0.00434587	-82834.2	-83543.9	NA	NA	NA	NA	NA	NA	NA	NA	NA	NA
Q0095	NA	NA	10000	365803	36.5913	0.000139072	-90267.6	-177882	NA	NA	NA	NA	NA	NA	NA	NA	NA	NA
Q0098	NA	NA	10000	370395	37.0543	0.000123852	-91289.6	-123769	NA	NA	NA	NA	NA	NA	NA	NA	NA	NA
Q0100	NA	NA	10000	352557	35.2663	0.000240582	-89036.6	-93982.7	NA	NA	NA	NA	NA	NA	NA	NA	NA	NA
Q0101	NA	NA	10000	364179	36.4325	0.000223712	-90663.7	-120822	NA	NA	NA	NA	NA	NA	NA	NA	NA	NA
Q0103	NA	NA	10000	348410	34.8549	0.000385615	-85700.4	-132283	NA	NA	NA	NA	NA	NA	NA	NA	NA	NA
Q0107	NA	NA	10000	345439	34.5439	0.000268843	-86111.2	-94914	NA	NA	NA	NA	NA	NA	NA	NA	NA	NA
Q0109	NA	NA	10000	366193	36.6303	0.000394568	-90313.9	-102205	NA	NA	NA	NA	NA	NA	NA	NA	NA	NA
Q0110	NA	NA	10000	357193	35.7264	0.000315756	-86692	-92882.6	NA	NA	NA	NA	NA	NA	NA	NA	NA	NA
Q0111	NA	NA	10000	356529	35.6529	0.00251369	-89380	-90030.6	NA	NA	NA	NA	NA	NA	NA	NA	NA	NA
Q0116	NA	NA	10000	293726	29.3785	0.0006053	-74629.9	-74825.8	NA	NA	NA	NA	NA	NA	NA	NA	NA	NA
Q0117	NA	NA	10000	371865	37.1902	0.00022309	-89239.5	-103609	NA	NA	NA	NA	NA	NA	NA	NA	NA	NA
Q0119	NA	NA	10000	412375	41.2499	0.000437799	-98341	-103474	NA	NA	NA	NA	NA	NA	NA	NA	NA	NA
Q0120	NA	NA	10000	378434	37.851	0.00043337	-88009	-88183.1	NA	NA	NA	NA	NA	NA	NA	NA	NA	NA
Q0121	NA	NA	10000	351650	35.1756	0.00031971	-86094.9	-87603	NA	NA	NA	NA	NA	NA	NA	NA	NA	NA
Q0122	NA	NA	10000	379171	37.9285	0.000496375	-91834	-97015.8	NA	NA	NA	NA	NA	NA	NA	NA	NA	NA
Q0124	NA	NA	10000	364446	36.4519	0.000470813	-90200.2	-90875.3	NA	NA	NA	NA	NA	NA	NA	NA	NA	NA
Q0126	NA	NA	10000	369006	36.908	5.2477e-05	-88247.5	-129802	NA	NA	NA	NA	NA	NA	NA	NA	NA	NA
Q0127	NA	NA	10000	388403	38.8481	0.000359901	-94858.5	-98960.9	NA	NA	NA	NA	NA	NA	NA	NA	NA	NA
Q0128	NA	NA	10000	373357	37.3432	0.000431233	-88444.4	-90696.5	NA	NA	NA	NA	NA	NA	NA	NA	NA	NA
Q0130	NA	NA	10000	409123	40.9287	0.00048494	-96346.4	-96958.5	NA	NA	NA	NA	NA	NA	NA	NA	NA	NA
Q0131	NA	NA	10000	413952	41.4159	0.000314577	-98375.5	-98942.1	NA	NA	NA	NA	NA	NA	NA	NA	NA	NA
Q0132	NA	NA	10000	419935	42.0061	0.000404896	-98140.1	-99899.8	NA	NA	NA	NA	NA	NA	NA	NA	NA	NA
Q0133	NA	NA	10000	408471	40.8512	0.000422533	-97317.3	-103823	NA	NA	NA	NA	NA	NA	NA	NA	NA	NA
Q0137	NA	NA	10000	360489	36.0525	0.000155457	-86473.8	-87771.8	NA	NA	NA	NA	NA	NA	NA	NA	NA	NA
Q0140	NA	NA	10000	357938	35.8117	0.000425787	-88384.8	-92096	NA	NA	NA	NA	NA	NA	NA	NA	NA	NA
Q0142	NA	NA	10000	319856	31.992	0.000335157	-80174.5	-81672.3	NA	NA	NA	NA	NA	NA	NA	NA	NA	NA
Q0145	NA	NA	10000	330311	33.0311	0.00016483	-80455.4	-135983	NA	NA	NA	NA	NA	NA	NA	NA	NA	NA
Q0148	NA	NA	10000	353345	35.3416	4.4712e-10	-90070	-90070	NA	NA	NA	NA	NA	NA	NA	NA	NA	NA
Q0149	NA	NA	10000	442152	44.224	0.0011203	-104211	-104702	NA	NA	NA	NA	NA	NA	NA	NA	NA	NA
Q0151	NA	NA	10000	355934	35.6005	0.00177879	-86561.5	-87411.3	NA	NA	NA	NA	NA	NA	NA	NA	NA	NA
Q0152	NA	NA	10000	423256	42.3425	0.00034695	-99484.6	-103657	NA	NA	NA	NA	NA	NA	NA	NA	NA	NA
Q0153	NA	NA	10000	350828	35.0898	7.69659e-05	-89353.3	-148451	NA	NA	NA	NA	NA	NA	NA	NA	NA	NA
Q0154	NA	NA	10000	321902	32.1966	0.000298419	-80057.9	-84521.6	NA	NA	NA	NA	NA	NA	NA	NA	NA	NA
Q0155	NA	NA	10000	428141	42.8227	0.000457236	-103408	-103869	NA	NA	NA	NA	NA	NA	NA	NA	NA	NA
Q0157	NA	NA	10000	344541	34.4575	0.000340872	-84147.8	-91863.3	NA	NA	NA	NA	NA	NA	NA	NA	NA	NA
Q0158	NA	NA	10000	349719	34.9754	0.000374142	-88057	-94140.3	NA	NA	NA	NA	NA	NA	NA	NA	NA	NA
Q0159	NA	NA	10000	426965	42.7093	0.00024998	-103256	-117232	NA	NA	NA	NA	NA	NA	NA	NA	NA	NA
Q0160	NA	NA	10000	373932	37.4082	0.000681765	-88506	-90710.4	NA	NA	NA	NA	NA	NA	NA	NA	NA	NA
Q0161	NA	NA	10000	388035	38.8113	0.000464258	-92885.1	-94476.9	NA	NA	NA	NA	NA	NA	NA	NA	NA	NA
Q0162	NA	NA	10000	404682	40.4884	0.000294149	-96348.9	-110255	NA	NA	NA	NA	NA	NA	NA	NA	NA	NA
Q0163	NA	NA	10000	324616	32.4648	0.00059988	-82116.4	-84022.6	NA	NA	NA	NA	NA	NA	NA	NA	NA	NA
Q0164	NA	NA	10000	470909	47.105	0.000424764	-113386	-118234	NA	NA	NA	NA	NA	NA	NA	NA	NA	NA
Q0165	NA	NA	10000	410165	41.0288	0.000436368	-98330.6	-100558	NA	NA	NA	NA	NA	NA	NA	NA	NA	NA
Q0166	NA	NA	10000	444624	44.4846	0.000682073	-104415	-105243	NA	NA	NA	NA	NA	NA	NA	NA	NA	NA
Q0167	NA	NA	10000	351771	35.1841	0.000460352	-89846.6	-91707.9	NA	NA	NA	NA	NA	NA	NA	NA	NA	NA
Q0168	NA	NA	10000	354634	35.4705	0.000309167	-88778.1	-90879.8	NA	NA	NA	NA	NA	NA	NA	NA	NA	NA
Q0169	NA	NA	10000	376731	37.6806	0.000208782	-89179	-102677	NA	NA	NA	NA	NA	NA	NA	NA	NA	NA
Q0171	NA	NA	10000	356220	35.6256	0.000455446	-87370.7	-88402.1	NA	NA	NA	NA	NA	NA	NA	NA	NA	NA
Q0172	NA	NA	10000	433200	43.3287	0.000174602	-102466	-107740	NA	NA	NA	NA	NA	NA	NA	NA	NA	NA
Q0173	NA	NA	10000	362265	36.2374	0.000434688	-88169.6	-92986.3	NA	NA	NA	NA	NA	NA	NA	NA	NA	NA
Q0175	NA	NA	10000	364917	36.4953	0.000408151	-90701.3	-96254.5	NA	NA	NA	NA	NA	NA	NA	NA	NA	NA
Q0177	NA	NA	10000	348688	34.8688	0.000116266	-85981	-93165.4	NA	NA	NA	NA	NA	NA	NA	NA	NA	NA
Q0178	NA	NA	10000	337726	33.7895	0.000726803	-82758.2	-85116	NA	NA	NA	NA	NA	NA	NA	NA	NA	NA
Q0182	NA	NA	10000	351480	35.1515	0.000181546	-89967.8	-180200	NA	NA	NA	NA	NA	NA	NA	NA	NA	NA
Q0183	NA	NA	10000	390523	39.0679	0.000642137	-90261	-91496.7	NA	NA	NA	NA	NA	NA	NA	NA	NA	NA
Q0184	NA	NA	10000	358165	35.8237	5.51709e-05	-87347.7	-135093	NA	NA	NA	NA	NA	NA	NA	NA	NA	NA
Q0185	NA	NA	10000	347668	34.7772	0.000355651	-82316.3	-86328.3	NA	NA	NA	NA	NA	NA	NA	NA	NA	NA
Q0186	NA	NA	10000	337361	33.7361	6.80761e-05	-83123.2	-134410	NA	NA	NA	NA	NA	NA	NA	NA	NA	NA
Q0187	NA	NA	10000	425085	42.5255	0.00101266	-101247	-101701	NA	NA	NA	NA	NA	NA	NA	NA	NA	NA
Q0188	NA	NA	10000	359369	35.9477	9.2862e-05	-88197.9	-174461	NA	NA	NA	NA	NA	NA	NA	NA	NA	NA
Q0189	NA	NA	10000	364562	36.4635	0.000538289	-88892.4	-90440.6	NA	NA	NA	NA	NA	NA	NA	NA	NA	NA
Q0191	NA	NA	10000	375330	37.548	0.000291288	-89524.9	-93820.1	NA	NA	NA	NA	NA	NA	NA	NA	NA	NA
Q0192	NA	NA	10000	357131	35.7167	6.16918e-05	-87946.7	-125068	NA	NA	NA	NA	NA	NA	NA	NA	NA	NA
Q0195	NA	NA	10000	370126	37.0163	0.000202394	-89150.2	-117126	NA	NA	NA	NA	NA	NA	NA	NA	NA	NA
Q0196	NA	NA	10000	339845	34.0015	0.000361068	-83098.9	-83754.1	NA	NA	NA	NA	NA	NA	NA	NA	NA	NA
Q0198	NA	NA	10000	341146	34.1146	0.000199777	-84960.8	-93799.3	NA	NA	NA	NA	NA	NA	NA	NA	NA	NA
Q0199	NA	NA	10000	457329	45.742	0.000703414	-106235	-106611	NA	NA	NA	NA	NA	NA	NA	NA	NA	NA
Q0201	NA	NA	10000	358849	35.8921	0.000118873	-89073.2	-132586	NA	NA	NA	NA	NA	NA	NA	NA	NA	NA
Q0202	NA	NA	10000	457790	45.8019	0.000487686	-106849	-107434	NA	NA	NA	NA	NA	NA	NA	NA	NA	NA
Q0203	NA	NA	10000	366777	36.6887	0.000100135	-91091.5	-99045	NA	NA	NA	NA	NA	NA	NA	NA	NA	NA
Q0204	NA	NA	10000	336612	33.6679	0.00019203	-79094.2	-83918.2	NA	NA	NA	NA	NA	NA	NA	NA	NA	NA
Q0206	NA	NA	10000	345895	34.593	0.000119344	-88755.1	-100149	NA	NA	NA	NA	NA	NA	NA	NA	NA	NA
Q0213	NA	NA	10000	360940	36.1048	9.04422e-05	-86694.9	-141482	NA	NA	NA	NA	NA	NA	NA	NA	NA	NA
Q0214	NA	NA	10000	364235	36.4308	0.000249317	-90999.4	-96599.9	NA	NA	NA	NA	NA	NA	NA	NA	NA	NA
Q0215	NA	NA	10000	437246	43.7377	0.000549481	-105620	-111464	NA	NA	NA	NA	NA	NA	NA	NA	NA	NA
Q0216	NA	NA	10000	355484	35.552	3.83998e-05	-86981.1	-167330	NA	NA	NA	NA	NA	NA	NA	NA	NA	NA
Q0217	NA	NA	10000	349043	34.9148	8.46358e-05	-85401.8	-127586	NA	NA	NA	NA	NA	NA	NA	NA	NA	NA
Q0219	NA	NA	10000	353636	35.3707	0.000543672	-88539	-95083.8	NA	NA	NA	NA	NA	NA	NA	NA	NA	NA
Q0220	NA	NA	10000	363992	36.4065	0.000288182	-90611.7	-94724.3	NA	NA	NA	NA	NA	NA	NA	NA	NA	NA
Q0221	NA	NA	10000	350422	35.0492	0.000159119	-85086.1	-86226.3	NA	NA	NA	NA	NA	NA	NA	NA	NA	NA
Q0222	NA	NA	10000	442608	44.2697	0.000832164	-104694	-106588	NA	NA	NA	NA	NA	NA	NA	NA	NA	NA
Q0223	NA	NA	10000	421126	42.1168	0.000279864	-101122	-103622	NA	NA	NA	NA	NA	NA	NA	NA	NA	NA
Q0226	NA	NA	10000	361113	36.1221	0.000386925	-86107.5	-88737.5	NA	NA	NA	NA	NA	NA	NA	NA	NA	NA
Q0229	NA	NA	10000	307858	30.8012	0.000268625	-76056.6	-78354.3	NA	NA	NA	NA	NA	NA	NA	NA	NA	NA
Q0230	NA	NA	10000	360860	36.0968	0.000225154	-88140.3	-99099	NA	NA	NA	NA	NA	NA	NA	NA	NA	NA
Q0231	NA	NA	10000	390664	39.082	0.000433489	-95628	-97802.8	NA	NA	NA	NA	NA	NA	NA	NA	NA	NA
Q0232	NA	NA	10000	376385	37.646	0.000403603	-88937.9	-104119	NA	NA	NA	NA	NA	NA	NA	NA	NA	NA
Q0233	NA	NA	10000	362475	36.262	0.000407381	-88386	-92072.8	NA	NA	NA	NA	NA	NA	NA	NA	NA	NA
Q0234	NA	NA	10000	367720	36.783	0.000258536	-90136.2	-104030	NA	NA	NA	NA	NA	NA	NA	NA	NA	NA
Q0236	NA	NA	10000	368718	36.8755	0.000459568	-92842.5	-96518.8	NA	NA	NA	NA	NA	NA	NA	NA	NA	NA
Q0238	NA	NA	10000	362157	36.2193	0.000263704	-85856.5	-94169.2	NA	NA	NA	NA	NA	NA	NA	NA	NA	NA
Q0240	NA	NA	10000	361393	36.1465	0.00014529	-89155.5	-148746	NA	NA	NA	NA	NA	NA	NA	NA	NA	NA
Q0241	NA	NA	10000	366761	36.6798	7.43969e-05	-90260.7	-164057	NA	NA	NA	NA	NA	NA	NA	NA	NA	NA
Q0246	NA	NA	10000	365783	36.5893	0.000232197	-90762.8	-99852	NA	NA	NA	NA	NA	NA	NA	NA	NA	NA
Q0247	NA	NA	10000	344529	34.4667	0.000220868	-83226.3	-128526	NA	NA	NA	NA	NA	NA	NA	NA	NA	NA
Q0248	NA	NA	10000	368956	36.8993	0.000127542	-87156.5	-144516	NA	NA	NA	NA	NA	NA	NA	NA	NA	NA
Q0249	NA	NA	10000	396256	39.6415	0.000475129	-92160	-97786.5	NA	NA	NA	NA	NA	NA	NA	NA	NA	NA
Q0250	NA	NA	10000	361702	36.1811	0.0003804	-85861.3	-95887.9	NA	NA	NA	NA	NA	NA	NA	NA	NA	NA
Q0251	NA	NA	10000	364391	36.4464	6.29926e-05	-88675.5	-147791	NA	NA	NA	NA	NA	NA	NA	NA	NA	NA
Q0252	NA	NA	10000	386732	38.6887	0.000309638	-94595	-127245	NA	NA	NA	NA	NA	NA	NA	NA	NA	NA
Q0253	NA	NA	10000	404744	40.4865	0.000143907	-96611.2	-126789	NA	NA	NA	NA	NA	NA	NA	NA	NA	NA
Q0254	NA	NA	10000	371631	37.1705	0.000238519	-90956.2	-100221	NA	NA	NA	NA	NA	NA	NA	NA	NA	NA
Q0256	NA	NA	10000	325436	32.5566	0.000346454	-79286.3	-81753.4	NA	NA	NA	NA	NA	NA	NA	NA	NA	NA
Q0257	NA	NA	10000	365845	36.5955	0.000358934	-88653.7	-91413.7	NA	NA	NA	NA	NA	NA	NA	NA	NA	NA
Q0258	NA	NA	10000	380217	38.0255	0.000117329	-90879.2	-119324	NA	NA	NA	NA	NA	NA	NA	NA	NA	NA
Q0259	NA	NA	10000	376207	37.632	0.000953664	-90944.3	-92151.3	NA	NA	NA	NA	NA	NA	NA	NA	NA	NA
Q0260	NA	NA	10000	408309	40.8391	0.000511943	-98401.5	-101399	NA	NA	NA	NA	NA	NA	NA	NA	NA	NA
Q0261	NA	NA	10000	328658	32.8757	7.12726e-05	-81202.9	-152092	NA	NA	NA	NA	NA	NA	NA	NA	NA	NA
Q0262	NA	NA	10000	346698	34.6767	9.47087e-05	-84731.3	-151118	NA	NA	NA	NA	NA	NA	NA	NA	NA	NA
Q0263	NA	NA	10000	373394	37.3581	0.000228131	-87059.7	-89660.5	NA	NA	NA	NA	NA	NA	NA	NA	NA	NA
Q0265	NA	NA	10000	342417	34.2451	5.86893e-05	-85480.9	-153587	NA	NA	NA	NA	NA	NA	NA	NA	NA	NA
Q0266	NA	NA	10000	328823	32.8922	0.000379134	-81678.9	-83454.5	NA	NA	NA	NA	NA	NA	NA	NA	NA	NA
Q0267	NA	NA	10000	336177	33.6312	0.000756575	-79740.6	-83329.5	NA	NA	NA	NA	NA	NA	NA	NA	NA	NA
Q0268	NA	NA	10000	354875	35.4946	0.000414912	-85415.7	-87293.1	NA	NA	NA	NA	NA	NA	NA	NA	NA	NA
Q0269	NA	NA	10000	358980	35.9088	0.000348444	-87324.9	-92787.5	NA	NA	NA	NA	NA	NA	NA	NA	NA	NA
Q0270	NA	NA	10000	353838	35.3909	0.000172727	-89448.4	-129313	NA	NA	NA	NA	NA	NA	NA	NA	NA	NA
Q0271	NA	NA	10000	384911	38.5027	0.000315244	-91534.2	-101065	NA	NA	NA	NA	NA	NA	NA	NA	NA	NA
Q0272	NA	NA	10000	372447	37.2484	0.000296153	-91792.5	-94020	NA	NA	NA	NA	NA	NA	NA	NA	NA	NA
Q0273	NA	NA	10000	353058	35.3093	0.000380287	-85731.7	-95559	NA	NA	NA	NA	NA	NA	NA	NA	NA	NA
Q0274	NA	NA	10000	292716	29.2804	0.000914513	-70810.6	-71095.9	NA	NA	NA	NA	NA	NA	NA	NA	NA	NA
Q0275	NA	NA	10000	383644	38.3798	0.00107477	-91435.4	-91887.7	NA	NA	NA	NA	NA	NA	NA	NA	NA	NA
Q0276	NA	NA	10000	360616	36.0688	0.000151981	-86786	-100682	NA	NA	NA	NA	NA	NA	NA	NA	NA	NA
Q0279	NA	NA	10000	316854	31.6854	0.000471941	-78222.1	-110729	NA	NA	NA	NA	NA	NA	NA	NA	NA	NA
Q0280	NA	NA	10000	366960	36.7107	1.80872e-05	-91567.3	-140755	NA	NA	NA	NA	NA	NA	NA	NA	NA	NA
Q0281	NA	NA	10000	363744	36.3744	0.00012114	-87897.2	-104832	NA	NA	NA	NA	NA	NA	NA	NA	NA	NA
Q0282	NA	NA	10000	371628	37.1702	0.000241278	-90164	-98327.7	NA	NA	NA	NA	NA	NA	NA	NA	NA	NA
Q0283	NA	NA	10000	357418	35.7525	0.000213316	-84619.3	-102896	NA	NA	NA	NA	NA	NA	NA	NA	NA	NA
Q0286	NA	NA	10000	368741	36.8741	0.000274962	-90685.2	-93925.1	NA	NA	NA	NA	NA	NA	NA	NA	NA	NA
Q0288	NA	NA	10000	386385	38.6501	0.0011547	-94584.6	-94970.6	NA	NA	NA	NA	NA	NA	NA	NA	NA	NA
Q0289	NA	NA	10000	352473	35.2614	0.000593555	-85641.9	-91514.9	NA	NA	NA	NA	NA	NA	NA	NA	NA	NA
Q0290	NA	NA	10000	361107	36.1215	0.000173541	-87932.6	-89901.8	NA	NA	NA	NA	NA	NA	NA	NA	NA	NA
Q0291	NA	NA	10000	360537	36.0609	7.51946e-05	-87574.6	-122147	NA	NA	NA	NA	NA	NA	NA	NA	NA	NA
Q0292	NA	NA	10000	332146	33.2312	0.000710315	-80286.7	-80705.3	NA	NA	NA	NA	NA	NA	NA	NA	NA	NA
Q0293	NA	NA	10000	332117	33.225	0.000975699	-83329.7	-84670.7	NA	NA	NA	NA	NA	NA	NA	NA	NA	NA
Q0294	NA	NA	10000	367611	36.7685	0.000339397	-89872.8	-92014.3	NA	NA	NA	NA	NA	NA	NA	NA	NA	NA
Q0295	NA	NA	10000	362480	36.2589	0.000591502	-86001	-86850.7	NA	NA	NA	NA	NA	NA	NA	NA	NA	NA
Q0296	NA	NA	10000	383391	38.3391	0.000194843	-91599.8	-95830.8	NA	NA	NA	NA	NA	NA	NA	NA	NA	NA
Q0297	NA	NA	10000	366425	36.6462	0.000389517	-88751.9	-89248.7	NA	NA	NA	NA	NA	NA	NA	NA	NA	NA
Q0298	NA	NA	10000	301573	30.1603	0.000342876	-74973.8	-92123.5	NA	NA	NA	NA	NA	NA	NA	NA	NA	NA
Q0299	NA	NA	10000	300141	30.0261	0.0025783	-73274.1	-73516	NA	NA	NA	NA	NA	NA	NA	NA	NA	NA
Q0301	NA	NA	10000	338125	33.8294	0.000944841	-84679.8	-85651.1	NA	NA	NA	NA	NA	NA	NA	NA	NA	NA
Q0305	NA	NA	10000	368733	36.8844	0.000509708	-88863.2	-95281.9	NA	NA	NA	NA	NA	NA	NA	NA	NA	NA
Q0307	NA	NA	10000	373840	37.3877	6.94497e-05	-90819.9	-162082	NA	NA	NA	NA	NA	NA	NA	NA	NA	NA
Q0308	NA	NA	10000	376889	37.6927	0.000428723	-91702.8	-105198	NA	NA	NA	NA	NA	NA	NA	NA	NA	NA
Q0309	NA	NA	10000	399862	39.9982	0.000692801	-98400.4	-99023.7	NA	NA	NA	NA	NA	NA	NA	NA	NA	NA
Q0310	NA	NA	10000	351429	35.157	0.000202166	-83771.7	-115378	NA	NA	NA	NA	NA	NA	NA	NA	NA	NA
Q0311	NA	NA	10000	329699	32.9765	0.000104633	-79238.8	-100901	NA	NA	NA	NA	NA	NA	NA	NA	NA	NA
Q0312	NA	NA	10000	421014	42.1098	0.000502005	-99350.8	-102343	NA	NA	NA	NA	NA	NA	NA	NA	NA	NA
Q0313	NA	NA	10000	438032	43.8163	0.000182933	-104560	-118867	NA	NA	NA	NA	NA	NA	NA	NA	NA	NA
Q0314	NA	NA	10000	370201	37.0312	0.000150426	-90442.6	-90910.1	NA	NA	NA	NA	NA	NA	NA	NA	NA	NA
Q0315	NA	NA	10000	365946	36.6166	9.17707e-05	-90711.5	-153705	NA	NA	NA	NA	NA	NA	NA	NA	NA	NA
Q0316	NA	NA	10000	365658	36.5695	3.99441e-05	-87837.4	-126097	NA	NA	NA	NA	NA	NA	NA	NA	NA	NA
Q0317	NA	NA	10000	439146	43.9234	0.000946709	-104532	-106136	NA	NA	NA	NA	NA	NA	NA	NA	NA	NA
Q0318	NA	NA	10000	317916	31.8011	0.000422382	-77315.6	-79588.7	NA	NA	NA	NA	NA	NA	NA	NA	NA	NA
Q0322	NA	NA	10000	396816	39.7015	4.30058e-05	-94473.3	-174661	NA	NA	NA	NA	NA	NA	NA	NA	NA	NA
Q0324	NA	NA	10000	425832	42.6045	0.000213947	-99563.7	-102962	NA	NA	NA	NA	NA	NA	NA	NA	NA	NA
Q0325	NA	NA	10000	325215	32.5345	0.000274624	-76397	-80385.6	NA	NA	NA	NA	NA	NA	NA	NA	NA	NA
Q0326	NA	NA	10000	362726	36.2799	8.2326e-05	-89117.6	-153235	NA	NA	NA	NA	NA	NA	NA	NA	NA	NA
Q0328	NA	NA	10000	377563	37.7714	0.000175987	-89092.5	-148405	NA	NA	NA	NA	NA	NA	NA	NA	NA	NA
Q0329	NA	NA	10000	367892	36.8002	0.000108964	-90144.8	-93416	NA	NA	NA	NA	NA	NA	NA	NA	NA	NA
Q0330	NA	NA	10000	404665	40.4746	0.00190665	-97361.4	-98264.2	NA	NA	NA	NA	NA	NA	NA	NA	NA	NA
Q0331	NA	NA	10000	375700	37.5775	0.000140429	-88960.9	-97903.7	NA	NA	NA	NA	NA	NA	NA	NA	NA	NA
Q0333	NA	NA	10000	396820	39.6939	0.000801763	-93758.1	-95533.7	NA	NA	NA	NA	NA	NA	NA	NA	NA	NA
Q0334	NA	NA	10000	382033	38.2109	4.67263e-05	-93507.1	-125810	NA	NA	NA	NA	NA	NA	NA	NA	NA	NA
Q0335	NA	NA	10000	383224	38.3339	0.000149386	-92227.5	-112503	NA	NA	NA	NA	NA	NA	NA	NA	NA	NA
Q0336	NA	NA	10000	389471	38.951	0.000168519	-95244.5	-103689	NA	NA	NA	NA	NA	NA	NA	NA	NA	NA
Q0338	NA	NA	10000	374987	37.5025	9.2243e-05	-88632.9	-118859	NA	NA	NA	NA	NA	NA	NA	NA	NA	NA
Q0339	NA	NA	10000	380915	38.0991	0.000128596	-92126.8	-144136	NA	NA	NA	NA	NA	NA	NA	NA	NA	NA
Q0340	NA	NA	10000	394872	39.4951	0.000222937	-95462.5	-96076.2	NA	NA	NA	NA	NA	NA	NA	NA	NA	NA
Q0341	NA	NA	10000	379099	37.9137	0.000165672	-88996.6	-115152	NA	NA	NA	NA	NA	NA	NA	NA	NA	NA
Q0342	NA	NA	10000	340435	34.0537	0.000336085	-83227.5	-86022.3	NA	NA	NA	NA	NA	NA	NA	NA	NA	NA
Q0343	NA	NA	10000	429160	42.9332	0.000101015	-102897	-116736	NA	NA	NA	NA	NA	NA	NA	NA	NA	NA
Q0345	NA	NA	10000	378869	37.9021	8.06684e-05	-92026	-164577	NA	NA	NA	NA	NA	NA	NA	NA	NA	NA
Q0346	NA	NA	10000	372939	37.3014	8.11323e-05	-90031.6	-95767.4	NA	NA	NA	NA	NA	NA	NA	NA	NA	NA
Q0347	NA	NA	10000	393969	39.4087	0.00063224	-96786.6	-97027.7	NA	NA	NA	NA	NA	NA	NA	NA	NA	NA
Q0348	NA	NA	10000	384303	38.438	9.79723e-05	-90313.2	-139800	NA	NA	NA	NA	NA	NA	NA	NA	NA	NA
Q0349	NA	NA	10000	421752	42.1879	0.000233727	-100638	-106795	NA	NA	NA	NA	NA	NA	NA	NA	NA	NA
Q0350	NA	NA	10000	311529	31.1685	0.00046947	-78154	-78926	NA	NA	NA	NA	NA	NA	NA	NA	NA	NA
Q0351	NA	NA	10000	375685	37.5723	0.000219998	-90055.1	-100912	NA	NA	NA	NA	NA	NA	NA	NA	NA	NA
Q0352	NA	NA	10000	396173	39.6371	0.000267535	-95408.3	-97625.7	NA	NA	NA	NA	NA	NA	NA	NA	NA	NA
Q0353	NA	NA	10000	373116	37.3153	0.000136795	-88575.5	-93213.7	NA	NA	NA	NA	NA	NA	NA	NA	NA	NA
Q0354	NA	NA	10000	374002	37.4114	0.000183933	-90103.4	-101663	NA	NA	NA	NA	NA	NA	NA	NA	NA	NA
Q0355	NA	NA	10000	373753	37.3903	0.000309427	-91550.9	-95834.7	NA	NA	NA	NA	NA	NA	NA	NA	NA	NA
Q0356	NA	NA	10000	447573	44.7752	0.00089379	-104476	-105664	NA	NA	NA	NA	NA	NA	NA	NA	NA	NA
Q0357	NA	NA	10000	371207	37.1281	0.000196316	-88574.4	-94881.2	NA	NA	NA	NA	NA	NA	NA	NA	NA	NA
Q0359	NA	NA	10000	292446	29.2563	0.000511205	-72257	-80467.3	NA	NA	NA	NA	NA	NA	NA	NA	NA	NA
Q0360	NA	NA	10000	374835	37.4872	5.35429e-05	-91618.2	-100270	NA	NA	NA	NA	NA	NA	NA	NA	NA	NA
Q0361	NA	NA	10000	377343	37.7418	8.72999e-05	-93666.5	-125937	NA	NA	NA	NA	NA	NA	NA	NA	NA	NA
Q0363	NA	NA	10000	481015	48.1111	0.000624587	-115109	-115449	NA	NA	NA	NA	NA	NA	NA	NA	NA	NA
Q0364	NA	NA	10000	437192	43.7367	0.00018305	-102486	-140972	NA	NA	NA	NA	NA	NA	NA	NA	NA	NA
Q0365	NA	NA	10000	392911	39.3029	0.000210648	-92963.8	-106655	NA	NA	NA	NA	NA	NA	NA	NA	NA	NA
Q0366	NA	NA	10000	375432	37.5507	8.29025e-05	-89844.8	-102636	NA	NA	NA	NA	NA	NA	NA	NA	NA	NA
Q0367	NA	NA	10000	345685	34.5754	0.000371868	-85375.9	-87673.4	NA	NA	NA	NA	NA	NA	NA	NA	NA	NA
Q0368	NA	NA	10000	442052	44.214	0.000550629	-105305	-105979	NA	NA	NA	NA	NA	NA	NA	NA	NA	NA
Q0369	NA	NA	10000	400540	40.066	0.000170375	-94528.3	-131415	NA	NA	NA	NA	NA	NA	NA	NA	NA	NA
Q0370	NA	NA	10000	379583	37.9621	2.4085e-08	-91702.7	-149718	NA	NA	NA	NA	NA	NA	NA	NA	NA	NA
Q0371	NA	NA	10000	376771	37.6846	0.000254116	-91740.1	-101942	NA	NA	NA	NA	NA	NA	NA	NA	NA	NA
Q0373	NA	NA	10000	428862	42.8948	0.000350266	-102593	-103167	NA	NA	NA	NA	NA	NA	NA	NA	NA	NA
Q0374	NA	NA	10000	365116	36.5189	0.000137241	-87305.2	-92632.8	NA	NA	NA	NA	NA	NA	NA	NA	NA	NA
Q0375	NA	NA	10000	371817	37.1929	2.34978e-05	-88374.2	-163266	NA	NA	NA	NA	NA	NA	NA	NA	NA	NA
Q0378	NA	NA	10000	448121	44.8255	0.000262038	-106444	-117393	NA	NA	NA	NA	NA	NA	NA	NA	NA	NA
Q0379	NA	NA	10000	372721	37.2796	0.000202537	-90399.4	-111583	NA	NA	NA	NA	NA	NA	NA	NA	NA	NA
Q0381	NA	NA	10000	373428	37.354	0.000137659	-92026.1	-93657.7	NA	NA	NA	NA	NA	NA	NA	NA	NA	NA
Q0382	NA	NA	10000	367810	36.792	0.000249929	-88599.8	-89870.5	NA	NA	NA	NA	NA	NA	NA	NA	NA	NA
Q0383	NA	NA	10000	374302	37.4339	0.000134068	-91464.2	-137788	NA	NA	NA	NA	NA	NA	NA	NA	NA	NA
Q0384	NA	NA	10000	369673	36.9821	0.000437526	-89477.4	-97420.7	NA	NA	NA	NA	NA	NA	NA	NA	NA	NA
Q0385	NA	NA	10000	427591	42.7762	0.000235173	-103870	-104034	NA	NA	NA	NA	NA	NA	NA	NA	NA	NA
Q0386	NA	NA	10000	419568	41.9694	0.000158554	-100213	-101702	NA	NA	NA	NA	NA	NA	NA	NA	NA	NA
Q0387	NA	NA	10000	376355	37.6393	0.000110633	-94219	-165665	NA	NA	NA	NA	NA	NA	NA	NA	NA	NA
Q0388	NA	NA	10000	373768	37.3805	0.000489643	-90802.1	-97656.3	NA	NA	NA	NA	NA	NA	NA	NA	NA	NA
Q0389	NA	NA	10000	357877	35.7984	0.000195257	-86922.7	-97023.9	NA	NA	NA	NA	NA	NA	NA	NA	NA	NA
Q0390	NA	NA	10000	364156	36.4192	0.00031752	-88487.3	-92837.7	NA	NA	NA	NA	NA	NA	NA	NA	NA	NA
Q0391	NA	NA	10000	370694	37.0694	0.000257997	-88342.6	-91109.6	NA	NA	NA	NA	NA	NA	NA	NA	NA	NA
Q0392	NA	NA	10000	365768	36.5878	0.00011683	-89019.9	-93540.8	NA	NA	NA	NA	NA	NA	NA	NA	NA	NA
Q0393	NA	NA	10000	372003	37.2152	0.000288119	-88680.6	-89545.4	NA	NA	NA	NA	NA	NA	NA	NA	NA	NA
Q0394	NA	NA	10000	351774	35.188	2.75401e-05	-85137	-88532.9	NA	NA	NA	NA	NA	NA	NA	NA	NA	NA
Q0395	NA	NA	10000	413571	41.3695	0.000516879	-97689.9	-100588	NA	NA	NA	NA	NA	NA	NA	NA	NA	NA
Q0396	NA	NA	10000	374133	37.4245	0.000105375	-88580.6	-132719	NA	NA	NA	NA	NA	NA	NA	NA	NA	NA
Q0397	NA	NA	10000	340079	34.0215	0.000314743	-81225.7	-83795	NA	NA	NA	NA	NA	NA	NA	NA	NA	NA
Q0398	NA	NA	10000	448891	44.9071	0.000163523	-106618	-108821	NA	NA	NA	NA	NA	NA	NA	NA	NA	NA
Q0399	NA	NA	10000	307442	30.7565	0.000242798	-75627.5	-87881.2	NA	NA	NA	NA	NA	NA	NA	NA	NA	NA
Q0400	NA	NA	10000	415450	41.5575	0.000419244	-99463.7	-104184	NA	NA	NA	NA	NA	NA	NA	NA	NA	NA
Q0401	NA	NA	10000	430087	43.0216	0.000381063	-103294	-107513	NA	NA	NA	NA	NA	NA	NA	NA	NA	NA
Q0402	NA	NA	10000	447713	44.7803	0.000332703	-104170	-106590	NA	NA	NA	NA	NA	NA	NA	NA	NA	NA
Q0403	NA	NA	10000	399438	39.9638	0.000502796	-96500.2	-97990.1	NA	NA	NA	NA	NA	NA	NA	NA	NA	NA
Q0404	NA	NA	10000	377294	37.7369	0.000374184	-90846.5	-93863.7	NA	NA	NA	NA	NA	NA	NA	NA	NA	NA
Q0405	NA	NA	10000	366055	36.6165	0.000376348	-90928.4	-94737.3	NA	NA	NA	NA	NA	NA	NA	NA	NA	NA
Q0406	NA	NA	10000	456267	45.645	0.000301385	-106813	-110267	NA	NA	NA	NA	NA	NA	NA	NA	NA	NA
Q0407	NA	NA	10000	352684	35.2755	0.000400896	-85355.7	-88944.8	NA	NA	NA	NA	NA	NA	NA	NA	NA	NA
Q0408	NA	NA	10000	372302	37.2526	0.000265099	-90933.4	-98063.3	NA	NA	NA	NA	NA	NA	NA	NA	NA	NA
Q0410	NA	NA	10000	380381	38.0457	0.000176689	-90901	-97248	NA	NA	NA	NA	NA	NA	NA	NA	NA	NA
Q0411	NA	NA	10000	314382	31.4571	0.000812744	-77815.2	-78128.5	NA	NA	NA	NA	NA	NA	NA	NA	NA	NA
Q0412	NA	NA	10000	367066	36.7176	0.000204157	-89582.3	-139729	NA	NA	NA	NA	NA	NA	NA	NA	NA	NA
Q0413	NA	NA	10000	387474	38.7552	0.000100193	-89289.6	-165615	NA	NA	NA	NA	NA	NA	NA	NA	NA	NA
Q0414	NA	NA	10000	382400	38.2476	0.0015904	-92699.7	-93934.6	NA	NA	NA	NA	NA	NA	NA	NA	NA	NA
Q0415	NA	NA	10000	416135	41.626	0.000264356	-100970	-101650	NA	NA	NA	NA	NA	NA	NA	NA	NA	NA
Q0416	NA	NA	10000	363703	36.3812	0.000283355	-87380.9	-91189.8	NA	NA	NA	NA	NA	NA	NA	NA	NA	NA
Q0417	NA	NA	10000	375971	37.6084	0.000400267	-89395.8	-89731.7	NA	NA	NA	NA	NA	NA	NA	NA	NA	NA
Q0418	NA	NA	10000	363877	36.395	0.00011997	-90332.9	-112940	NA	NA	NA	NA	NA	NA	NA	NA	NA	NA
Q0419	NA	NA	10000	372406	37.248	0.000241064	-89543.9	-92749	NA	NA	NA	NA	NA	NA	NA	NA	NA	NA
Q0420	NA	NA	10000	381949	38.1987	0.000441607	-93075.1	-100197	NA	NA	NA	NA	NA	NA	NA	NA	NA	NA
Q0422	NA	NA	10000	405630	40.5792	0.000564817	-95958.9	-96114.6	NA	NA	NA	NA	NA	NA	NA	NA	NA	NA
Q0425	NA	NA	10000	427106	42.7234	0.000512032	-102400	-104563	NA	NA	NA	NA	NA	NA	NA	NA	NA	NA
Q0426	NA	NA	10000	383485	38.36	0.000223047	-92535.6	-114213	NA	NA	NA	NA	NA	NA	NA	NA	NA	NA
Q0427	NA	NA	10000	396608	39.6727	0.000206771	-92879.5	-139901	NA	NA	NA	NA	NA	NA	NA	NA	NA	NA
Q0428	NA	NA	10000	414390	41.4514	0.000334947	-99440.4	-102643	NA	NA	NA	NA	NA	NA	NA	NA	NA	NA
Q0429	NA	NA	10000	366660	36.6697	0.000444627	-89182.3	-92598.6	NA	NA	NA	NA	NA	NA	NA	NA	NA	NA
Q0430	NA	NA	10000	398840	39.9	0.000354427	-92422.5	-93806.4	NA	NA	NA	NA	NA	NA	NA	NA	NA	NA
Q0431	NA	NA	10000	399798	39.9958	0.000262925	-94176.2	-102811	NA	NA	NA	NA	NA	NA	NA	NA	NA	NA
Q0432	NA	NA	10000	297660	29.769	0.000448219	-75884.8	-78441.5	NA	NA	NA	NA	NA	NA	NA	NA	NA	NA
Q0433	NA	NA	10000	433542	43.3585	0.000389624	-98665.9	-103193	NA	NA	NA	NA	NA	NA	NA	NA	NA	NA
Q0434	NA	NA	10000	410757	41.0839	0.000283554	-96247.9	-97394.4	NA	NA	NA	NA	NA	NA	NA	NA	NA	NA
Q0436	NA	NA	10000	372844	37.2919	0.000127022	-89764.5	-130173	NA	NA	NA	NA	NA	NA	NA	NA	NA	NA
Q0437	NA	NA	10000	376663	37.6738	8.56077e-05	-93402.3	-151007	NA	NA	NA	NA	NA	NA	NA	NA	NA	NA
Q0438	NA	NA	10000	374182	37.4332	0.000449329	-91313.5	-92253.6	NA	NA	NA	NA	NA	NA	NA	NA	NA	NA
Q0439	NA	NA	10000	371785	37.1859	9.62791e-05	-91907.2	-120250	NA	NA	NA	NA	NA	NA	NA	NA	NA	NA
Q0440	NA	NA	10000	369842	36.9916	0.000348302	-90835	-91951.3	NA	NA	NA	NA	NA	NA	NA	NA	NA	NA
Q0441	NA	NA	10000	373502	37.3614	9.51773e-05	-91927.4	-117416	NA	NA	NA	NA	NA	NA	NA	NA	NA	NA
Q0442	NA	NA	10000	373649	37.3724	0.000146135	-91220.8	-95981.4	NA	NA	NA	NA	NA	NA	NA	NA	NA	NA
Q0443	NA	NA	10000	364411	36.452	0.000211346	-87675.7	-94757	NA	NA	NA	NA	NA	NA	NA	NA	NA	NA
Q0444	NA	NA	10000	376819	37.697	0.00040532	-88712.7	-105487	NA	NA	NA	NA	NA	NA	NA	NA	NA	NA
Q0445	NA	NA	10000	374207	37.4282	0.000294637	-86555.6	-89618	NA	NA	NA	NA	NA	NA	NA	NA	NA	NA
Q0446	NA	NA	10000	373389	37.3464	5.8884e-05	-92288.4	-133262	NA	NA	NA	NA	NA	NA	NA	NA	NA	NA
Q0447	NA	NA	10000	379411	37.9525	0.00023177	-95109.6	-102269	NA	NA	NA	NA	NA	NA	NA	NA	NA	NA
Q0448	NA	NA	10000	381475	38.1551	0.000572128	-94664	-96362.2	NA	NA	NA	NA	NA	NA	NA	NA	NA	NA
Q0449	NA	NA	10000	375266	37.5341	0.000195956	-92706.1	-108928	NA	NA	NA	NA	NA	NA	NA	NA	NA	NA
Q0450	NA	NA	10000	372158	37.2232	8.693e-05	-92845.6	-154509	NA	NA	NA	NA	NA	NA	NA	NA	NA	NA
Q0451	NA	NA	10000	469245	46.9339	0.0003405	-110243	-112483	NA	NA	NA	NA	NA	NA	NA	NA	NA	NA
Q0452	NA	NA	10000	370091	37.0128	0.000219463	-91558.7	-98181.1	NA	NA	NA	NA	NA	NA	NA	NA	NA	NA
Q0454	NA	NA	10000	371387	37.1498	0.000702032	-91276.1	-93103.3	NA	NA	NA	NA	NA	NA	NA	NA	NA	NA
Q0455	NA	NA	10000	467482	46.7529	0.000610469	-108774	-109878	NA	NA	NA	NA	NA	NA	NA	NA	NA	NA
Q0456	NA	NA	10000	374647	37.4722	0.000319087	-90449.6	-101432	NA	NA	NA	NA	NA	NA	NA	NA	NA	NA
Q0457	NA	NA	10000	369295	36.9406	0.000110255	-88794.8	-92726.4	NA	NA	NA	NA	NA	NA	NA	NA	NA	NA
Q0458	NA	NA	10000	363927	36.4	0.000132836	-89835.6	-97680.3	NA	NA	NA	NA	NA	NA	NA	NA	NA	NA
Q0459	NA	NA	10000	365806	36.5879	9.27138e-05	-89070.8	-169752	NA	NA	NA	NA	NA	NA	NA	NA	NA	NA
Q0460	NA	NA	10000	403801	40.3922	0.000580703	-96689.8	-97052	NA	NA	NA	NA	NA	NA	NA	NA	NA	NA
Q0461	NA	NA	10000	420339	42.0549	0.00050825	-99048.4	-110215	NA	NA	NA	NA	NA	NA	NA	NA	NA	NA
Q0462	NA	NA	10000	381328	38.1442	0.000516397	-90771.7	-92612.3	NA	NA	NA	NA	NA	NA	NA	NA	NA	NA
Q0463	NA	NA	10000	397956	39.8075	0.000148291	-94616.6	-147954	NA	NA	NA	NA	NA	NA	NA	NA	NA	NA
Q0464	NA	NA	10000	421923	42.1965	0.000223561	-101186	-111227	NA	NA	NA	NA	NA	NA	NA	NA	NA	NA
Q0465	NA	NA	10000	450251	45.0251	0.000102142	-106392	-181033	NA	NA	NA	NA	NA	NA	NA	NA	NA	NA
Q0466	NA	NA	10000	415587	41.5629	0.000339167	-101431	-102217	NA	NA	NA	NA	NA	NA	NA	NA	NA	NA
Q0467	NA	NA	10000	372892	37.2892	0.00116839	-92433.8	-93186.2	NA	NA	NA	NA	NA	NA	NA	NA	NA	NA
Q0468	NA	NA	10000	411377	41.1459	0.000258441	-99522.6	-105439	NA	NA	NA	NA	NA	NA	NA	NA	NA	NA
Q0469	NA	NA	10000	398731	39.8811	0.000586977	-95074	-104189	NA	NA	NA	NA	NA	NA	NA	NA	NA	NA
Q0471	NA	NA	10000	449806	44.9986	0.000762332	-106555	-106682	NA	NA	NA	NA	NA	NA	NA	NA	NA	NA
Q0472	NA	NA	10000	368272	36.8309	9.10416e-05	-88615.1	-152453	NA	NA	NA	NA	NA	NA	NA	NA	NA	NA
Q0473	NA	NA	10000	461168	46.126	0.000216705	-107940	-112271	NA	NA	NA	NA	NA	NA	NA	NA	NA	NA
Q0474	NA	NA	10000	375582	37.562	0.000467623	-92147.7	-98318.4	NA	NA	NA	NA	NA	NA	NA	NA	NA	NA
Q0475	NA	NA	10000	422354	42.2396	0.000270166	-101597	-105636	NA	NA	NA	NA	NA	NA	NA	NA	NA	NA
Q0477	NA	NA	10000	421663	42.1747	0.000481482	-101204	-105406	NA	NA	NA	NA	NA	NA	NA	NA	NA	NA
Q0478	NA	NA	10000	379331	37.9483	3.46851e-05	-89895	-147487	NA	NA	NA	NA	NA	NA	NA	NA	NA	NA
Q0481	NA	NA	10000	352686	35.2757	0.000425091	-84708.6	-85314.3	NA	NA	NA	NA	NA	NA	NA	NA	NA	NA
Q0482	NA	NA	10000	381180	38.1218	0.000180236	-94298	-150412	NA	NA	NA	NA	NA	NA	NA	NA	NA	NA
Q0483	NA	NA	10000	382941	38.3018	0.000126328	-96168.2	-103996	NA	NA	NA	NA	NA	NA	NA	NA	NA	NA
Q0484	NA	NA	10000	394644	39.4762	0.000348694	-92669.5	-92843.1	NA	NA	NA	NA	NA	NA	NA	NA	NA	NA
Q0485	NA	NA	10000	387520	38.7636	0.000640299	-92250.6	-93261	NA	NA	NA	NA	NA	NA	NA	NA	NA	NA
Q0486	NA	NA	10000	435125	43.5212	0.000295943	-105490	-112695	NA	NA	NA	NA	NA	NA	NA	NA	NA	NA
Q0487	NA	NA	10000	411368	41.145	0.00023371	-96735.1	-100511	NA	NA	NA	NA	NA	NA	NA	NA	NA	NA
Q0488	NA	NA	10000	388325	38.8442	0.000126555	-94737.1	-98759.6	NA	NA	NA	NA	NA	NA	NA	NA	NA	NA
Q0489	NA	NA	10000	404585	40.4625	0.000103185	-98470.7	-156632	NA	NA	NA	NA	NA	NA	NA	NA	NA	NA
Q0490	NA	NA	10000	387178	38.7217	0.000439196	-95704.7	-98890.5	NA	NA	NA	NA	NA	NA	NA	NA	NA	NA
Q0491	NA	NA	10000	434762	43.4849	6.53459e-05	-100957	-131149	NA	NA	NA	NA	NA	NA	NA	NA	NA	NA
Q0492	NA	NA	10000	380900	38.0938	0.000372767	-90869.9	-92414.5	NA	NA	NA	NA	NA	NA	NA	NA	NA	NA
Q0493	NA	NA	10000	439953	43.9997	0.00020761	-104301	-108174	NA	NA	NA	NA	NA	NA	NA	NA	NA	NA
Q0494	NA	NA	10000	388183	38.8261	5.23531e-05	-92119.1	-178029	NA	NA	NA	NA	NA	NA	NA	NA	NA	NA
Q0495	NA	NA	10000	451133	45.1223	0.000101015	-106598	-122079	NA	NA	NA	NA	NA	NA	NA	NA	NA	NA
Q0497	NA	NA	10000	460939	46.1077	4.84645e-05	-108046	-182734	NA	NA	NA	NA	NA	NA	NA	NA	NA	NA
Q0498	NA	NA	10000	377006	37.7081	0.00020275	-91474.8	-92560	NA	NA	NA	NA	NA	NA	NA	NA	NA	NA
Q0499	NA	NA	10000	386248	38.6287	0.000342666	-90922	-92824.4	NA	NA	NA	NA	NA	NA	NA	NA	NA	NA
Q0500	NA	NA	10000	393242	39.336	0.000497217	-94229.7	-94842.3	NA	NA	NA	NA	NA	NA	NA	NA	NA	NA
Q0501	NA	NA	10000	384985	38.5062	0.000120763	-92569.1	-106690	NA	NA	NA	NA	NA	NA	NA	NA	NA	NA
Q0502	NA	NA	10000	387886	38.7925	0.000102144	-94506.3	-145209	NA	NA	NA	NA	NA	NA	NA	NA	NA	NA
Q0503	NA	NA	10000	380473	38.0549	0.000521299	-91843.4	-95951.7	NA	NA	NA	NA	NA	NA	NA	NA	NA	NA
Q0504	NA	NA	10000	391185	39.1185	0.000262301	-94984.5	-96511.5	NA	NA	NA	NA	NA	NA	NA	NA	NA	NA
Q0505	NA	NA	10000	391743	39.1782	0.000177116	-96701.3	-134847	NA	NA	NA	NA	NA	NA	NA	NA	NA	NA
Q0506	NA	NA	10000	404253	40.4293	6.32783e-05	-94997.3	-151482	NA	NA	NA	NA	NA	NA	NA	NA	NA	NA
Q0507	NA	NA	10000	340280	34.0348	0.000213642	-83058.3	-137276	NA	NA	NA	NA	NA	NA	NA	NA	NA	NA
Q0508	NA	NA	10000	341280	34.1485	7.76898e-05	-84536.1	-127691	NA	NA	NA	NA	NA	NA	NA	NA	NA	NA
Q0509	NA	NA	10000	420931	42.1057	0.000228734	-100034	-106541	NA	NA	NA	NA	NA	NA	NA	NA	NA	NA
Q0511	NA	NA	10000	387504	38.7582	9.97143e-05	-95291.3	-152701	NA	NA	NA	NA	NA	NA	NA	NA	NA	NA
Q0512	NA	NA	10000	449523	44.9568	0.000267724	-109384	-114881	NA	NA	NA	NA	NA	NA	NA	NA	NA	NA
Q0514	NA	NA	10000	395109	39.5228	0.000214606	-94889.3	-96598.4	NA	NA	NA	NA	NA	NA	NA	NA	NA	NA
Q0515	NA	NA	10000	383446	38.3446	0.000366705	-93544.9	-93834.3	NA	NA	NA	NA	NA	NA	NA	NA	NA	NA
Q0516	NA	NA	10000	468804	46.8851	0.000283248	-110709	-112133	NA	NA	NA	NA	NA	NA	NA	NA	NA	NA
Q0518	NA	NA	10000	445720	44.572	0.000339336	-104290	-106207	NA	NA	NA	NA	NA	NA	NA	NA	NA	NA
Q0519	NA	NA	10000	375892	37.5967	9.83645e-05	-90962	-117108	NA	NA	NA	NA	NA	NA	NA	NA	NA	NA
Q0520	NA	NA	10000	379440	37.9516	8.89923e-05	-94931.8	-156797	NA	NA	NA	NA	NA	NA	NA	NA	NA	NA
Q0521	NA	NA	10000	378496	37.8572	0.000112392	-93396.3	-152539	NA	NA	NA	NA	NA	NA	NA	NA	NA	NA
Q0522	NA	NA	10000	384669	38.4746	0.000323683	-95160.7	-96740.7	NA	NA	NA	NA	NA	NA	NA	NA	NA	NA
Q0523	NA	NA	10000	387734	38.7773	0.000268649	-92000.7	-93800.6	NA	NA	NA	NA	NA	NA	NA	NA	NA	NA
Q0524	NA	NA	10000	381612	38.165	0.00030553	-94771.3	-97981.2	NA	NA	NA	NA	NA	NA	NA	NA	NA	NA
Q0525	NA	NA	10000	410519	41.056	0.000220237	-97015.2	-100245	NA	NA	NA	NA	NA	NA	NA	NA	NA	NA
Q0526	NA	NA	10000	379436	37.9474	0.000644222	-94497.4	-95506.1	NA	NA	NA	NA	NA	NA	NA	NA	NA	NA
Q0528	NA	NA	10000	446753	44.6887	0.000133562	-105016	-138357	NA	NA	NA	NA	NA	NA	NA	NA	NA	NA
Q0529	NA	NA	10000	339171	33.9205	0.000218144	-82749.3	-85436.3	NA	NA	NA	NA	NA	NA	NA	NA	NA	NA
Q0530	NA	NA	10000	416215	41.6298	0.000335596	-98872	-103244	NA	NA	NA	NA	NA	NA	NA	NA	NA	NA
Q0531	NA	NA	10000	374707	37.4744	0.00020923	-88478.2	-105839	NA	NA	NA	NA	NA	NA	NA	NA	NA	NA
Q0532	NA	NA	10000	416088	41.613	0.000500686	-99533.6	-100872	NA	NA	NA	NA	NA	NA	NA	NA	NA	NA
Q0533	NA	NA	10000	379835	37.9835	0.000251848	-92063.3	-97258.7	NA	NA	NA	NA	NA	NA	NA	NA	NA	NA
Q0534	NA	NA	10000	380973	38.1049	0.000197625	-93894.1	-129962	NA	NA	NA	NA	NA	NA	NA	NA	NA	NA
Q0535	NA	NA	10000	438515	43.869	0.000130214	-102019	-156255	NA	NA	NA	NA	NA	NA	NA	NA	NA	NA
Q0538	NA	NA	10000	390474	39.063	0.000245399	-92103.8	-95649.5	NA	NA	NA	NA	NA	NA	NA	NA	NA	NA
Q0539	NA	NA	10000	381833	38.1909	0.000340772	-93315.9	-100975	NA	NA	NA	NA	NA	NA	NA	NA	NA	NA
Q0540	NA	NA	10000	388431	38.8548	0.000287658	-95745.5	-123402	NA	NA	NA	NA	NA	NA	NA	NA	NA	NA
Q0541	NA	NA	10000	366305	36.6415	8.61932e-05	-86828.7	-143879	NA	NA	NA	NA	NA	NA	NA	NA	NA	NA
Q0543	NA	NA	10000	383388	38.3465	0.000133372	-93855	-118147	NA	NA	NA	NA	NA	NA	NA	NA	NA	NA
Q0544	NA	NA	10000	406080	40.6242	4.40421e-05	-96069.4	-194431	NA	NA	NA	NA	NA	NA	NA	NA	NA	NA
Q0546	NA	NA	10000	338377	33.8445	0.000625603	-84413.3	-85375.3	NA	NA	NA	NA	NA	NA	NA	NA	NA	NA
Q0547	NA	NA	10000	354823	35.4965	0.00152382	-85923.5	-86218.6	NA	NA	NA	NA	NA	NA	NA	NA	NA	NA
Q0548	NA	NA	10000	391999	39.2077	0.000365079	-93885.9	-96242.7	NA	NA	NA	NA	NA	NA	NA	NA	NA	NA
Q0549	NA	NA	10000	452630	45.2675	0.00165892	-105046	-105421	NA	NA	NA	NA	NA	NA	NA	NA	NA	NA
Q0551	NA	NA	10000	382113	38.2113	0.000476308	-91476.7	-93524.1	NA	NA	NA	NA	NA	NA	NA	NA	NA	NA
Q0552	NA	NA	10000	380131	38.0245	0.000861733	-92082.9	-92812.1	NA	NA	NA	NA	NA	NA	NA	NA	NA	NA
Q0553	NA	NA	10000	390768	39.0807	0.000607347	-91311.5	-92359.5	NA	NA	NA	NA	NA	NA	NA	NA	NA	NA
Q0554	NA	NA	10000	333038	33.3138	0.000930546	-80768.7	-81529.3	NA	NA	NA	NA	NA	NA	NA	NA	NA	NA
Q0555	NA	NA	10000	378366	37.848	0.000444543	-92313.6	-94638	NA	NA	NA	NA	NA	NA	NA	NA	NA	NA
Q0556	NA	NA	10000	415372	41.5497	0.000702078	-97858.4	-98093	NA	NA	NA	NA	NA	NA	NA	NA	NA	NA
Q0559	NA	NA	10000	389460	38.9538	0.000318092	-93525.6	-94882.4	NA	NA	NA	NA	NA	NA	NA	NA	NA	NA
Q0560	NA	NA	10000	395472	39.5591	0.000114235	-94101	-154316	NA	NA	NA	NA	NA	NA	NA	NA	NA	NA
Q0563	NA	NA	10000	384290	38.4367	8.97791e-05	-93446.2	-134874	NA	NA	NA	NA	NA	NA	NA	NA	NA	NA
Q0564	NA	NA	10000	374589	37.4664	0.000172911	-90555	-95296.2	NA	NA	NA	NA	NA	NA	NA	NA	NA	NA
Q0565	NA	NA	10000	367823	36.7897	0.000909357	-88489	-90967	NA	NA	NA	NA	NA	NA	NA	NA	NA	NA
Q0566	NA	NA	10000	400020	40.006	0.00034986	-98512	-106076	NA	NA	NA	NA	NA	NA	NA	NA	NA	NA
Q0567	NA	NA	10000	460292	46.0292	0.000822506	-112381	-112557	NA	NA	NA	NA	NA	NA	NA	NA	NA	NA
Q0568	NA	NA	10000	379060	37.9136	0.00012471	-93081.4	-106695	NA	NA	NA	NA	NA	NA	NA	NA	NA	NA
Q0569	NA	NA	10000	365830	36.6013	0.00057114	-88967.5	-90726.8	NA	NA	NA	NA	NA	NA	NA	NA	NA	NA
Q0570	NA	NA	10000	327461	32.7658	0.000915702	-80599.1	-80911.8	NA	NA	NA	NA	NA	NA	NA	NA	NA	NA
Q0571	NA	NA	10000	386079	38.6156	0.000157482	-91965.5	-141952	NA	NA	NA	NA	NA	NA	NA	NA	NA	NA
Q0572	NA	NA	10000	364495	36.4531	0.000846619	-86440.5	-87015.7	NA	NA	NA	NA	NA	NA	NA	NA	NA	NA
Q0573	NA	NA	10000	383527	38.3642	0.000113706	-93515.2	-98053.8	NA	NA	NA	NA	NA	NA	NA	NA	NA	NA
Q0574	NA	NA	10000	362556	36.2701	0.00189948	-88396.1	-89060.5	NA	NA	NA	NA	NA	NA	NA	NA	NA	NA
Q0575	NA	NA	10000	398062	39.8181	0.000752043	-95747.8	-96560.2	NA	NA	NA	NA	NA	NA	NA	NA	NA	NA
Q0576	NA	NA	10000	359408	35.948	0.000565929	-85601.7	-91358.1	NA	NA	NA	NA	NA	NA	NA	NA	NA	NA
Q0577	NA	NA	10000	387245	38.7361	0.000384535	-92312	-93270	NA	NA	NA	NA	NA	NA	NA	NA	NA	NA
Q0578	NA	NA	10000	369427	36.9464	0.000601317	-88976.4	-89149	NA	NA	NA	NA	NA	NA	NA	NA	NA	NA
Q0579	NA	NA	10000	379168	37.9244	0.000645717	-92383.9	-92736.9	NA	NA	NA	NA	NA	NA	NA	NA	NA	NA
Q0580	NA	NA	10000	403752	40.3873	0.000464826	-100068	-111314	NA	NA	NA	NA	NA	NA	NA	NA	NA	NA
Q0581	NA	NA	10000	379393	37.9545	0.000282632	-89235.7	-96538.4	NA	NA	NA	NA	NA	NA	NA	NA	NA	NA
Q0582	NA	NA	10000	377839	37.7877	9.43482e-05	-91852.9	-107876	NA	NA	NA	NA	NA	NA	NA	NA	NA	NA
Q0583	NA	NA	10000	383839	38.3877	0.000428508	-93456.7	-94771.9	NA	NA	NA	NA	NA	NA	NA	NA	NA	NA
Q0584	NA	NA	10000	391120	39.1198	0.000678898	-90601.5	-93504.3	NA	NA	NA	NA	NA	NA	NA	NA	NA	NA
Q0585	NA	NA	10000	422341	42.2425	0.000620471	-97752.2	-99820.7	NA	NA	NA	NA	NA	NA	NA	NA	NA	NA
Q0586	NA	NA	10000	457079	45.7079	0.000838923	-108167	-108738	NA	NA	NA	NA	NA	NA	NA	NA	NA	NA
Q0587	NA	NA	10000	382391	38.2544	0.000212004	-91198.4	-93391.9	NA	NA	NA	NA	NA	NA	NA	NA	NA	NA
Q0588	NA	NA	10000	338612	33.8646	0.000449584	-83576.6	-89418	NA	NA	NA	NA	NA	NA	NA	NA	NA	NA
Q0589	NA	NA	10000	335096	33.513	0.000364913	-83101.2	-86945	NA	NA	NA	NA	NA	NA	NA	NA	NA	NA
Q0590	NA	NA	10000	371974	37.1974	0.000565532	-90941.4	-91480.7	NA	NA	NA	NA	NA	NA	NA	NA	NA	NA
Q0591	NA	NA	10000	396856	39.7015	0.000526008	-96974.4	-97178.8	NA	NA	NA	NA	NA	NA	NA	NA	NA	NA
Q0592	NA	NA	10000	395858	39.5977	0.00249104	-97652.4	-98039.8	NA	NA	NA	NA	NA	NA	NA	NA	NA	NA
Q0593	NA	NA	10000	371674	37.1748	0.000606903	-88271.2	-89499.9	NA	NA	NA	NA	NA	NA	NA	NA	NA	NA
Q0594	NA	NA	10000	391014	39.1131	0.000688545	-94645.3	-97966.2	NA	NA	NA	NA	NA	NA	NA	NA	NA	NA
Q0595	NA	NA	10000	314797	31.486	0.000224876	-80222.6	-96156.5	NA	NA	NA	NA	NA	NA	NA	NA	NA	NA
Q0597	NA	NA	10000	405210	40.521	0.000673314	-96645.6	-97106.2	NA	NA	NA	NA	NA	NA	NA	NA	NA	NA
Q0599	NA	NA	10000	451948	45.2038	0.000159411	-105784	-110392	NA	NA	NA	NA	NA	NA	NA	NA	NA	NA
Q0600	NA	NA	10000	457974	45.8157	0.000540858	-105910	-106358	NA	NA	NA	NA	NA	NA	NA	NA	NA	NA
Q0601	NA	NA	10000	336139	33.624	0.00436392	-83857.9	-84768.6	NA	NA	NA	NA	NA	NA	NA	NA	NA	NA
Q0602	NA	NA	10000	390294	39.0333	0.000640421	-95148.3	-98836	NA	NA	NA	NA	NA	NA	NA	NA	NA	NA
Q0603	NA	NA	10000	430681	43.081	0.000452665	-103426	-103898	NA	NA	NA	NA	NA	NA	NA	NA	NA	NA
Q0604	NA	NA	10000	383277	38.3354	0.000799292	-91047.4	-92194	NA	NA	NA	NA	NA	NA	NA	NA	NA	NA
Q0605	NA	NA	10000	440883	44.1015	0.000561231	-103659	-104503	NA	NA	NA	NA	NA	NA	NA	NA	NA	NA
Q0606	NA	NA	10000	394139	39.4218	0.000313281	-94087.9	-120370	NA	NA	NA	NA	NA	NA	NA	NA	NA	NA
Q0607	NA	NA	10000	381173	38.1211	0.000539783	-90821.8	-93349.3	NA	NA	NA	NA	NA	NA	NA	NA	NA	NA
Q0608	NA	NA	10000	382796	38.2873	0.000779149	-93624.1	-93884.2	NA	NA	NA	NA	NA	NA	NA	NA	NA	NA
Q0610	NA	NA	10000	368457	36.8494	0.00183499	-88627.4	-88961.6	NA	NA	NA	NA	NA	NA	NA	NA	NA	NA
Q0611	NA	NA	10000	387841	38.7841	6.75925e-05	-92270.6	-136355	NA	NA	NA	NA	NA	NA	NA	NA	NA	NA
Q0612	NA	NA	10000	386423	38.6423	0.000602863	-94809.4	-96301.1	NA	NA	NA	NA	NA	NA	NA	NA	NA	NA
Q0613	NA	NA	10000	360364	36.0472	0.000224846	-88179.4	-96419.8	NA	NA	NA	NA	NA	NA	NA	NA	NA	NA
Q0614	NA	NA	10000	389421	38.9499	0.000443059	-91744.9	-99590.2	NA	NA	NA	NA	NA	NA	NA	NA	NA	NA
Q0615	NA	NA	10000	423390	42.3559	0.001137	-100318	-101832	NA	NA	NA	NA	NA	NA	NA	NA	NA	NA
Q0616	NA	NA	10000	326139	32.6237	0.000184038	-78844.4	-154632	NA	NA	NA	NA	NA	NA	NA	NA	NA	NA
Q0617	NA	NA	10000	490773	49.092	0.00026602	-111910	-121405	NA	NA	NA	NA	NA	NA	NA	NA	NA	NA
Q0618	NA	NA	10000	325136	32.5169	0.000387722	-81666.5	-91258.9	NA	NA	NA	NA	NA	NA	NA	NA	NA	NA
Q0619	NA	NA	10000	442714	44.2758	0.000375734	-101979	-103090	NA	NA	NA	NA	NA	NA	NA	NA	NA	NA
Q0620	NA	NA	10000	390346	39.0385	0.000445983	-94167.8	-94700.2	NA	NA	NA	NA	NA	NA	NA	NA	NA	NA
Q0622	NA	NA	10000	394062	39.4101	0.000378812	-94920	-95451.1	NA	NA	NA	NA	NA	NA	NA	NA	NA	NA
Q0623	NA	NA	10000	342197	34.23	0.000203769	-82360.4	-91374.7	NA	NA	NA	NA	NA	NA	NA	NA	NA	NA
Q0626	NA	NA	10000	413717	41.3883	0.000526988	-98692.7	-108485	NA	NA	NA	NA	NA	NA	NA	NA	NA	NA
Q0627	NA	NA	10000	440987	44.1031	0.00253021	-107670	-108110	NA	NA	NA	NA	NA	NA	NA	NA	NA	NA
Q0628	NA	NA	10000	348496	34.8601	0.000523565	-85611.4	-89781.8	NA	NA	NA	NA	NA	NA	NA	NA	NA	NA
Q0629	NA	NA	10000	407396	40.7518	0.000476574	-98868.2	-106358	NA	NA	NA	NA	NA	NA	NA	NA	NA	NA
Q0630	NA	NA	10000	450179	45.0269	0.000481451	-108148	-109899	NA	NA	NA	NA	NA	NA	NA	NA	NA	NA
Q0631	NA	NA	10000	334408	33.4508	0.000253914	-80916.5	-105480	NA	NA	NA	NA	NA	NA	NA	NA	NA	NA
Q0632	NA	NA	10000	472691	47.2738	0.000376873	-114648	-115198	NA	NA	NA	NA	NA	NA	NA	NA	NA	NA
Q0633	NA	NA	10000	387090	38.7167	0.0001751	-93598.6	-98748.6	NA	NA	NA	NA	NA	NA	NA	NA	NA	NA
Q0635	NA	NA	10000	431502	43.1588	0.00103926	-102726	-103205	NA	NA	NA	NA	NA	NA	NA	NA	NA	NA
Q0636	NA	NA	10000	419099	41.9183	0.000252596	-100623	-124290	NA	NA	NA	NA	NA	NA	NA	NA	NA	NA
Q0637	NA	NA	10000	315256	31.5351	0.000759115	-76760.9	-77340.4	NA	NA	NA	NA	NA	NA	NA	NA	NA	NA
Q0638	NA	NA	10000	388362	38.8595	0.000360061	-95965.3	-96802.9	NA	NA	NA	NA	NA	NA	NA	NA	NA	NA
Q0639	NA	NA	10000	405748	40.5789	0.000421993	-95740.3	-98006.4	NA	NA	NA	NA	NA	NA	NA	NA	NA	NA
Q0640	NA	NA	10000	375667	37.5817	0.00081801	-91274	-92820.9	NA	NA	NA	NA	NA	NA	NA	NA	NA	NA
Q0641	NA	NA	10000	392793	39.2872	0.000347479	-94944.6	-100477	NA	NA	NA	NA	NA	NA	NA	NA	NA	NA
Q0642	NA	NA	10000	323790	32.3822	0.000409289	-78416.6	-79866.2	NA	NA	NA	NA	NA	NA	NA	NA	NA	NA
Q0643	NA	NA	10000	387041	38.7157	0.000383913	-92039.6	-96398.9	NA	NA	NA	NA	NA	NA	NA	NA	NA	NA
Q0644	NA	NA	10000	412332	41.2332	0.000637003	-98720.4	-99266.7	NA	NA	NA	NA	NA	NA	NA	NA	NA	NA
Q0645	NA	NA	10000	312967	31.2967	0.000290615	-81489.7	-146556	NA	NA	NA	NA	NA	NA	NA	NA	NA	NA
Q0646	NA	NA	10000	296318	29.6318	0.000264775	-73746.7	-134801	NA	NA	NA	NA	NA	NA	NA	NA	NA	NA
Q0647	NA	NA	10000	310197	31.029	0.000493283	-75561.5	-78942.6	NA	NA	NA	NA	NA	NA	NA	NA	NA	NA
Q0648	NA	NA	10000	450064	45.0244	0.00160859	-107536	-108068	NA	NA	NA	NA	NA	NA	NA	NA	NA	NA
Q0649	NA	NA	10000	374086	37.4161	0.000379872	-90811.5	-91975.5	NA	NA	NA	NA	NA	NA	NA	NA	NA	NA
Q0650	NA	NA	10000	388168	38.8323	0.000235713	-94386.4	-97682.9	NA	NA	NA	NA	NA	NA	NA	NA	NA	NA
Q0651	NA	NA	10000	421346	42.1346	0.000249854	-96996.3	-99971.8	NA	NA	NA	NA	NA	NA	NA	NA	NA	NA
Q0652	NA	NA	10000	384033	38.4071	7.01214e-05	-93132.5	-103948	NA	NA	NA	NA	NA	NA	NA	NA	NA	NA
Q0654	NA	NA	10000	388520	38.8637	0.0001919	-94391.1	-100710	NA	NA	NA	NA	NA	NA	NA	NA	NA	NA
Q0655	NA	NA	10000	345329	34.5398	0.000123201	-83794.6	-141355	NA	NA	NA	NA	NA	NA	NA	NA	NA	NA
Q0656	NA	NA	10000	382537	38.2614	7.39683e-05	-92406	-108444	NA	NA	NA	NA	NA	NA	NA	NA	NA	NA
Q0657	NA	NA	10000	383205	38.3205	0.00230903	-92340.3	-93164.4	NA	NA	NA	NA	NA	NA	NA	NA	NA	NA
Q0658	NA	NA	10000	387732	38.7732	0.000393259	-94369.4	-96331	NA	NA	NA	NA	NA	NA	NA	NA	NA	NA
Q0659	NA	NA	10000	367165	36.7312	0.000576844	-90024.6	-90360.9	NA	NA	NA	NA	NA	NA	NA	NA	NA	NA
Q0660	NA	NA	10000	376169	37.6282	0.000660573	-90237.9	-90685.6	NA	NA	NA	NA	NA	NA	NA	NA	NA	NA
Q0661	NA	NA	10000	399290	39.933	0.000411847	-92870.1	-95469.3	NA	NA	NA	NA	NA	NA	NA	NA	NA	NA
Q0662	NA	NA	10000	383327	38.3365	0.000546509	-94050.3	-96526.7	NA	NA	NA	NA	NA	NA	NA	NA	NA	NA
Q0663	NA	NA	10000	409679	40.9761	0.000663994	-98141.3	-98514.9	NA	NA	NA	NA	NA	NA	NA	NA	NA	NA
Q0664	NA	NA	10000	374141	37.4253	0.000476794	-91197.3	-92039.3	NA	NA	NA	NA	NA	NA	NA	NA	NA	NA
Q0665	NA	NA	10000	369837	36.9911	0.000478859	-88032.5	-89661.4	NA	NA	NA	NA	NA	NA	NA	NA	NA	NA
Q0666	NA	NA	10000	425313	42.5441	0.000460956	-101590	-109598	NA	NA	NA	NA	NA	NA	NA	NA	NA	NA
Q0667	NA	NA	10000	374482	37.4557	0.000453214	-89341.1	-92959.5	NA	NA	NA	NA	NA	NA	NA	NA	NA	NA
Q0668	NA	NA	10000	366113	36.6186	0.000124285	-88931.5	-116463	NA	NA	NA	NA	NA	NA	NA	NA	NA	NA
Q0670	NA	NA	10000	521903	52.1903	0.000334204	-122815	-124328	NA	NA	NA	NA	NA	NA	NA	NA	NA	NA
Q0671	NA	NA	10000	449347	44.9482	0.000329827	-106444	-113846	NA	NA	NA	NA	NA	NA	NA	NA	NA	NA
Q0672	NA	NA	10000	397012	39.7131	6.0221e-05	-93083.4	-101925	NA	NA	NA	NA	NA	NA	NA	NA	NA	NA
Q0674	NA	NA	10000	419596	41.968	0.000344335	-98689.4	-104771	NA	NA	NA	NA	NA	NA	NA	NA	NA	NA
Q0675	NA	NA	10000	371978	37.2015	0.000197241	-90365.1	-94852.1	NA	NA	NA	NA	NA	NA	NA	NA	NA	NA
Q0676	NA	NA	10000	397997	39.8116	0.000368819	-94966.8	-96039.6	NA	NA	NA	NA	NA	NA	NA	NA	NA	NA
Q0680	NA	NA	10000	368541	36.8578	0.00299012	-92687.9	-93660.4	NA	NA	NA	NA	NA	NA	NA	NA	NA	NA
Q0682	NA	NA	10000	240640	25.8892	0.00186934	-64409.3	-65707.1	NA	NA	NA	NA	NA	NA	NA	NA	NA	NA
Q0686	NA	NA	10000	271183	27.1292	0.00281765	-67299.2	-69358.5	NA	NA	NA	NA	NA	NA	NA	NA	NA	NA
Q0687	NA	NA	10000	374550	37.4587	0.00269972	-92270	-93771.9	NA	NA	NA	NA	NA	NA	NA	NA	NA	NA
Q0688	NA	NA	10000	272285	28.6345	0.00136636	-69955.3	-71563.6	NA	NA	NA	NA	NA	NA	NA	NA	NA	NA
Q0689	NA	NA	10000	194473	19.4551	0.00193735	-50299.6	-51963.6	NA	NA	NA	NA	NA	NA	NA	NA	NA	NA
Q0691	NA	NA	10000	404869	40.495	0.000901201	-97243.8	-97657.5	NA	NA	NA	NA	NA	NA	NA	NA	NA	NA
Q0692	NA	NA	10000	263850	26.3876	0.00229119	-67740.2	-68797	NA	NA	NA	NA	NA	NA	NA	NA	NA	NA
Q0693	NA	NA	10000	343890	34.3959	0.00229539	-87406.3	-87898.7	NA	NA	NA	NA	NA	NA	NA	NA	NA	NA
Q0697	NA	NA	10000	382595	38.2633	0.000244543	-91890.3	-93608.3	NA	NA	NA	NA	NA	NA	NA	NA	NA	NA
Q0699	NA	NA	10000	245763	26.6439	0.00133877	-64406.9	-68221.7	NA	NA	NA	NA	NA	NA	NA	NA	NA	NA
Q0700	NA	NA	10000	254733	27.1512	0.00179811	-66379.4	-69244.6	NA	NA	NA	NA	NA	NA	NA	NA	NA	NA
Q0701	NA	NA	10000	300447	31.8641	0.00159434	-76210.3	-77544.7	NA	NA	NA	NA	NA	NA	NA	NA	NA	NA
Q0702	NA	NA	10000	320025	32.0121	0.00263157	-78728.1	-80643.3	NA	NA	NA	NA	NA	NA	NA	NA	NA	NA
Q0703	NA	NA	10000	282651	28.8125	0.000819178	-72120.7	-74483.1	NA	NA	NA	NA	NA	NA	NA	NA	NA	NA
Q0704	NA	NA	10000	333813	33.388	0.00303586	-84829.4	-85694.6	NA	NA	NA	NA	NA	NA	NA	NA	NA	NA
Q0705	NA	NA	10000	257822	26.9999	0.00141207	-67807.9	-69485.1	NA	NA	NA	NA	NA	NA	NA	NA	NA	NA
Q0706	NA	NA	10000	275927	28.5668	0.00147552	-73556.9	-74613.4	NA	NA	NA	NA	NA	NA	NA	NA	NA	NA
Q0707	NA	NA	10000	240146	25.7061	0.0018023	-61744.5	-66352.3	NA	NA	NA	NA	NA	NA	NA	NA	NA	NA
Q0708	NA	NA	10000	392374	39.2452	0.000176877	-95024	-97724.7	NA	NA	NA	NA	NA	NA	NA	NA	NA	NA
Q0709	NA	NA	10000	368469	36.8469	0.00010504	-89113.5	-155646	NA	NA	NA	NA	NA	NA	NA	NA	NA	NA
Q0710	NA	NA	10000	378824	37.89	0.000207992	-91261.5	-92418.5	NA	NA	NA	NA	NA	NA	NA	NA	NA	NA
Q0711	NA	NA	10000	373101	37.3138	0.000121079	-89242.7	-126521	NA	NA	NA	NA	NA	NA	NA	NA	NA	NA
Q0712	NA	NA	10000	370992	37.1066	0.000108753	-88836.2	-108727	NA	NA	NA	NA	NA	NA	NA	NA	NA	NA
Q0713	NA	NA	10000	343380	34.3414	0.000389646	-85531	-88848.9	NA	NA	NA	NA	NA	NA	NA	NA	NA	NA
Q0714	NA	NA	10000	445209	44.5298	0.000275212	-106455	-113832	NA	NA	NA	NA	NA	NA	NA	NA	NA	NA
Q0715	NA	NA	10000	369855	36.9966	0.000376949	-88082.9	-89857.1	NA	NA	NA	NA	NA	NA	NA	NA	NA	NA
Q0716	NA	NA	10000	480017	48.0113	8.32868e-05	-109501	-156795	NA	NA	NA	NA	NA	NA	NA	NA	NA	NA
Q0717	NA	NA	10000	419307	41.9433	0.00046058	-97442.6	-98930.1	NA	NA	NA	NA	NA	NA	NA	NA	NA	NA
Q0718	NA	NA	10000	374756	37.4868	8.58847e-05	-90145.2	-129574	NA	NA	NA	NA	NA	NA	NA	NA	NA	NA
Q0719	NA	NA	10000	458884	45.8976	0.000140719	-109025	-135031	NA	NA	NA	NA	NA	NA	NA	NA	NA	NA
Q0720	NA	NA	10000	462200	46.22	0.000337918	-107554	-113820	NA	NA	NA	NA	NA	NA	NA	NA	NA	NA
Q0721	NA	NA	10000	357790	35.7897	0.000193638	-85196.7	-87214.6	NA	NA	NA	NA	NA	NA	NA	NA	NA	NA
Q0722	NA	NA	10000	367462	36.7536	0.000108194	-88610.3	-98241.9	NA	NA	NA	NA	NA	NA	NA	NA	NA	NA
Q0723	NA	NA	10000	378226	37.8226	3.21456e-05	-90570.4	-146763	NA	NA	NA	NA	NA	NA	NA	NA	NA	NA
Q0724	NA	NA	10000	384787	38.4941	0.00169919	-94628.8	-95048.3	NA	NA	NA	NA	NA	NA	NA	NA	NA	NA
Q0725	NA	NA	10000	407244	40.7325	0.000134442	-95407.1	-131019	NA	NA	NA	NA	NA	NA	NA	NA	NA	NA
Q0726	NA	NA	10000	458340	45.8478	0.000484719	-107367	-109350	NA	NA	NA	NA	NA	NA	NA	NA	NA	NA
Q0728	NA	NA	10000	373393	37.3505	0.000267786	-88632.7	-93666.8	NA	NA	NA	NA	NA	NA	NA	NA	NA	NA
Q0729	NA	NA	10000	351517	35.1587	0.000314133	-84725.6	-92261.4	NA	NA	NA	NA	NA	NA	NA	NA	NA	NA
Q0730	NA	NA	10000	369762	36.9836	0.000250928	-89244.6	-106183	NA	NA	NA	NA	NA	NA	NA	NA	NA	NA
Q0731	NA	NA	10000	379750	37.9864	8.05603e-05	-89611.3	-158172	NA	NA	NA	NA	NA	NA	NA	NA	NA	NA
Q0732	NA	NA	10000	371110	37.1184	0.0001292	-89104.9	-97218.9	NA	NA	NA	NA	NA	NA	NA	NA	NA	NA
Q0733	NA	NA	10000	367319	36.7429	0.000549002	-87147.6	-88062.5	NA	NA	NA	NA	NA	NA	NA	NA	NA	NA
Q0734	NA	NA	10000	330317	33.0482	0.00112418	-79355.6	-80362.8	NA	NA	NA	NA	NA	NA	NA	NA	NA	NA
Q0736	NA	NA	10000	388066	38.8182	0.000473057	-93829.5	-95903.9	NA	NA	NA	NA	NA	NA	NA	NA	NA	NA
Q0737	NA	NA	10000	315557	31.5715	0.000165709	-80104.9	-155640	NA	NA	NA	NA	NA	NA	NA	NA	NA	NA
Q0739	NA	NA	10000	416983	41.715	0.00164285	-101649	-102186	NA	NA	NA	NA	NA	NA	NA	NA	NA	NA
Q0740	NA	NA	10000	430360	43.0446	0.000821146	-101417	-103223	NA	NA	NA	NA	NA	NA	NA	NA	NA	NA
Q0741	NA	NA	10000	301999	30.209	0.00034194	-77228.4	-114166	NA	NA	NA	NA	NA	NA	NA	NA	NA	NA
Q0742	NA	NA	10000	336245	33.6279	0.000191323	-85805.7	-155176	NA	NA	NA	NA	NA	NA	NA	NA	NA	NA
Q0743	NA	NA	10000	449174	44.9219	0.000296641	-105627	-110666	NA	NA	NA	NA	NA	NA	NA	NA	NA	NA
Q0744	NA	NA	10000	284103	28.416	0.000378819	-72821.3	-83240.8	NA	NA	NA	NA	NA	NA	NA	NA	NA	NA
Q0745	NA	NA	10000	439073	43.9117	0.000556111	-103776	-104014	NA	NA	NA	NA	NA	NA	NA	NA	NA	NA
Q0746	NA	NA	10000	349600	34.981	0.000186962	-82953.4	-127811	NA	NA	NA	NA	NA	NA	NA	NA	NA	NA
Q0750	NA	NA	10000	385022	38.5099	0.000547473	-90563.1	-90843.5	NA	NA	NA	NA	NA	NA	NA	NA	NA	NA
Q0751	NA	NA	10000	436422	43.6553	0.00112278	-103921	-104238	NA	NA	NA	NA	NA	NA	NA	NA	NA	NA
Q0752	NA	NA	10000	410524	41.0606	0.000479749	-99757.9	-100603	NA	NA	NA	NA	NA	NA	NA	NA	NA	NA
Q0753	NA	NA	10000	358695	35.8803	0.000249712	-85904.5	-95135.4	NA	NA	NA	NA	NA	NA	NA	NA	NA	NA
Q0754	NA	NA	10000	346013	34.6117	8.89665e-05	-86925.2	-172784	NA	NA	NA	NA	NA	NA	NA	NA	NA	NA
Q0755	NA	NA	10000	274172	27.4227	0.000576296	-70827.1	-73379.1	NA	NA	NA	NA	NA	NA	NA	NA	NA	NA
Q0756	NA	NA	10000	312190	31.2284	0.000155351	-78866.6	-135751	NA	NA	NA	NA	NA	NA	NA	NA	NA	NA
Q0757	NA	NA	10000	293693	29.3752	0.000310232	-73293.7	-78428.4	NA	NA	NA	NA	NA	NA	NA	NA	NA	NA
Q0758	NA	NA	10000	311268	31.1299	0.000152691	-79090.4	-121987	NA	NA	NA	NA	NA	NA	NA	NA	NA	NA
Q0759	NA	NA	10000	371317	37.1354	0.000356931	-87376	-90789.1	NA	NA	NA	NA	NA	NA	NA	NA	NA	NA
Q0760	NA	NA	10000	381916	38.2031	0.000294991	-90101	-92659.5	NA	NA	NA	NA	NA	NA	NA	NA	NA	NA
Q0761	NA	NA	10000	374490	37.4602	0.000201849	-88842.5	-91364.6	NA	NA	NA	NA	NA	NA	NA	NA	NA	NA
Q0762	NA	NA	10000	290568	29.0684	0.000600142	-70298.1	-70588.7	NA	NA	NA	NA	NA	NA	NA	NA	NA	NA
Q0763	NA	NA	10000	341411	34.1582	0.000307284	-81059.1	-84882.8	NA	NA	NA	NA	NA	NA	NA	NA	NA	NA
Q0767	NA	NA	10000	400573	40.0693	0.000396342	-96146.1	-104060	NA	NA	NA	NA	NA	NA	NA	NA	NA	NA
Q0768	NA	NA	10000	371413	37.1524	0.000198565	-90140	-99509	NA	NA	NA	NA	NA	NA	NA	NA	NA	NA
Q0770	NA	NA	10000	301158	30.1248	0.000427756	-78119.1	-99457	NA	NA	NA	NA	NA	NA	NA	NA	NA	NA
Q0771	NA	NA	10000	372481	37.2518	7.52646e-05	-88985.3	-146331	NA	NA	NA	NA	NA	NA	NA	NA	NA	NA
Q0772	NA	NA	10000	420056	42.014	0.000475392	-99361.3	-100267	NA	NA	NA	NA	NA	NA	NA	NA	NA	NA
Q0774	NA	NA	10000	368385	36.8496	0.000163852	-88351.8	-93272.2	NA	NA	NA	NA	NA	NA	NA	NA	NA	NA
Q0775	NA	NA	10000	370140	37.0251	0.00012297	-91551.7	-137584	NA	NA	NA	NA	NA	NA	NA	NA	NA	NA
Q0776	NA	NA	10000	377593	37.7744	0.000608056	-91747	-92820.7	NA	NA	NA	NA	NA	NA	NA	NA	NA	NA
Q0777	NA	NA	10000	371153	37.1227	0.000303175	-89543.2	-94810.2	NA	NA	NA	NA	NA	NA	NA	NA	NA	NA
Q0778	NA	NA	10000	438671	43.8715	0.000918386	-106625	-107585	NA	NA	NA	NA	NA	NA	NA	NA	NA	NA
Q0779	NA	NA	10000	366131	36.6204	0.000114814	-88170.5	-143883	NA	NA	NA	NA	NA	NA	NA	NA	NA	NA
Q0780	NA	NA	10000	436234	43.6409	0.0014087	-102795	-103300	NA	NA	NA	NA	NA	NA	NA	NA	NA	NA
Q0781	NA	NA	10000	427582	42.7668	0.000520764	-102620	-106181	NA	NA	NA	NA	NA	NA	NA	NA	NA	NA
Q0782	NA	NA	10000	432475	43.2562	0.000638974	-101041	-101536	NA	NA	NA	NA	NA	NA	NA	NA	NA	NA
Q0783	NA	NA	10000	300632	30.0692	0.00017472	-77246	-152032	NA	NA	NA	NA	NA	NA	NA	NA	NA	NA
Q0784	NA	NA	10000	377706	37.7744	4.32911e-05	-89940.9	-149312	NA	NA	NA	NA	NA	NA	NA	NA	NA	NA
Q0785	NA	NA	10000	396596	39.6715	0.0015126	-95304.1	-95680.8	NA	NA	NA	NA	NA	NA	NA	NA	NA	NA
Q0786	NA	NA	10000	287389	28.7446	0.000357236	-72587.8	-84774.7	NA	NA	NA	NA	NA	NA	NA	NA	NA	NA
Q0787	NA	NA	10000	377538	37.7651	0.000432314	-90504.1	-95929.9	NA	NA	NA	NA	NA	NA	NA	NA	NA	NA
Q0788	NA	NA	10000	385773	38.585	0.000757924	-92266.6	-93138.9	NA	NA	NA	NA	NA	NA	NA	NA	NA	NA
Q0789	NA	NA	10000	368465	36.8612	0.000397236	-88761.5	-92783.8	NA	NA	NA	NA	NA	NA	NA	NA	NA	NA
Q0790	NA	NA	10000	370601	37.0712	0.000326506	-88205.9	-90623	NA	NA	NA	NA	NA	NA	NA	NA	NA	NA
Q0791	NA	NA	10000	422564	42.2649	0.000358925	-102394	-103478	NA	NA	NA	NA	NA	NA	NA	NA	NA	NA
Q0792	NA	NA	10000	399200	39.944	0.000338611	-91803.2	-99101.2	NA	NA	NA	NA	NA	NA	NA	NA	NA	NA
Q0793	NA	NA	10000	284060	28.4117	0.000716069	-71229	-72158.1	NA	NA	NA	NA	NA	NA	NA	NA	NA	NA
Q0794	NA	NA	10000	423270	42.327	0.00086054	-103889	-104477	NA	NA	NA	NA	NA	NA	NA	NA	NA	NA
Q0796	NA	NA	10000	378865	37.8903	5.26225e-05	-92848.4	-135036	NA	NA	NA	NA	NA	NA	NA	NA	NA	NA
Q0797	NA	NA	10000	374403	37.444	5.53014e-05	-91237.6	-166791	NA	NA	NA	NA	NA	NA	NA	NA	NA	NA
Q0798	NA	NA	10000	279446	27.9446	0.000371134	-71592	-75151.7	NA	NA	NA	NA	NA	NA	NA	NA	NA	NA
Q0799	NA	NA	10000	450216	45.0306	0.000475985	-105392	-106161	NA	NA	NA	NA	NA	NA	NA	NA	NA	NA
Q0800	NA	NA	10000	307293	30.7293	0.000215313	-79757.8	-89830.3	NA	NA	NA	NA	NA	NA	NA	NA	NA	NA
Q0805	NA	NA	10000	268584	26.8665	0.000353388	-68538.6	-78061.7	NA	NA	NA	NA	NA	NA	NA	NA	NA	NA
Q0806	NA	NA	10000	325327	32.5392	0.000277025	-82064.5	-168181	NA	NA	NA	NA	NA	NA	NA	NA	NA	NA
Q0807	NA	NA	10000	275095	27.5205	0.000400679	-71685.3	-84130.1	NA	NA	NA	NA	NA	NA	NA	NA	NA	NA
Q0808	NA	NA	10000	419680	41.9764	0.000922593	-101044	-102128	NA	NA	NA	NA	NA	NA	NA	NA	NA	NA
Q0809	NA	NA	10000	324646	32.4678	0.000618019	-80596	-82414.9	NA	NA	NA	NA	NA	NA	NA	NA	NA	NA
Q0810	NA	NA	10000	428622	42.8751	0.000336303	-100359	-103604	NA	NA	NA	NA	NA	NA	NA	NA	NA	NA
Q0811	NA	NA	10000	296944	29.6944	0.000270632	-74989.7	-95334	NA	NA	NA	NA	NA	NA	NA	NA	NA	NA
Q0813	NA	NA	10000	405114	40.5114	0.000723976	-100782	-101345	NA	NA	NA	NA	NA	NA	NA	NA	NA	NA
Q0814	NA	NA	10000	296212	29.6271	0.000349917	-73702.2	-74904	NA	NA	NA	NA	NA	NA	NA	NA	NA	NA
Q0815	NA	NA	10000	387543	38.7621	0.000422024	-91285.1	-93269.9	NA	NA	NA	NA	NA	NA	NA	NA	NA	NA
Q0817	NA	NA	10000	300948	30.0978	0.000580259	-72964.8	-75287.6	NA	NA	NA	NA	NA	NA	NA	NA	NA	NA
Q0818	NA	NA	10000	278368	27.8424	0.000250276	-73272.5	-110998	NA	NA	NA	NA	NA	NA	NA	NA	NA	NA
Q0819	NA	NA	10000	287270	28.7385	0.000364636	-72703.1	-100395	NA	NA	NA	NA	NA	NA	NA	NA	NA	NA
Q0824	NA	NA	10000	417720	41.7845	0.000885356	-105455	-106765	NA	NA	NA	NA	NA	NA	NA	NA	NA	NA
Q0825	NA	NA	10000	398795	39.8835	0.000385396	-94347.1	-101702	NA	NA	NA	NA	NA	NA	NA	NA	NA	NA
Q0826	NA	NA	10000	306917	30.7009	0.000405933	-79069.9	-81390	NA	NA	NA	NA	NA	NA	NA	NA	NA	NA
Q0828	NA	NA	10000	362578	36.2614	0.000641845	-91458.6	-99945.7	NA	NA	NA	NA	NA	NA	NA	NA	NA	NA
Q0829	NA	NA	10000	277871	27.7899	0.000152695	-71243.9	-171466	NA	NA	NA	NA	NA	NA	NA	NA	NA	NA
Q0831	NA	NA	10000	462415	46.2554	0.000848448	-109521	-109980	NA	NA	NA	NA	NA	NA	NA	NA	NA	NA
Q0832	NA	NA	10000	287184	28.7241	0.00020905	-74373.2	-83736.9	NA	NA	NA	NA	NA	NA	NA	NA	NA	NA
Q0834	NA	NA	10000	281083	28.1139	0.000241444	-72333.8	-133530	NA	NA	NA	NA	NA	NA	NA	NA	NA	NA
Q0835	NA	NA	10000	321413	32.1509	0.000651331	-79360.5	-80476.2	NA	NA	NA	NA	NA	NA	NA	NA	NA	NA
Q0837	NA	NA	10000	288701	28.873	0.000351815	-73984.8	-82011.8	NA	NA	NA	NA	NA	NA	NA	NA	NA	NA
Q0838	NA	NA	10000	311021	31.1083	0.000287634	-80170.4	-130586	NA	NA	NA	NA	NA	NA	NA	NA	NA	NA
Q0839	NA	NA	10000	260366	26.0418	0.000649729	-67112.5	-68463.3	NA	NA	NA	NA	NA	NA	NA	NA	NA	NA
Q0840	NA	NA	10000	387719	38.7835	0.00114887	-93375.6	-98077.9	NA	NA	NA	NA	NA	NA	NA	NA	NA	NA
Q0841	NA	NA	10000	412392	41.2433	0.000879572	-96295.3	-96419.6	NA	NA	NA	NA	NA	NA	NA	NA	NA	NA
Q0843	NA	NA	10000	451877	45.1967	0.000853447	-107971	-111109	NA	NA	NA	NA	NA	NA	NA	NA	NA	NA
Q0844	NA	NA	10000	421242	42.1368	0.000554595	-99981.8	-102657	NA	NA	NA	NA	NA	NA	NA	NA	NA	NA
Q0845	NA	NA	10000	319592	31.9752	0.000381106	-80618.1	-90081.2	NA	NA	NA	NA	NA	NA	NA	NA	NA	NA
Q0846	NA	NA	10000	307984	30.7984	0.00033396	-78011.6	-91004.6	NA	NA	NA	NA	NA	NA	NA	NA	NA	NA
Q0847	NA	NA	10000	408566	40.8648	0.000546821	-92115.3	-93531.4	NA	NA	NA	NA	NA	NA	NA	NA	NA	NA
Q0849	NA	NA	10000	477799	47.7942	0.000638182	-114322	-119603	NA	NA	NA	NA	NA	NA	NA	NA	NA	NA
Q0852	NA	NA	10000	309082	30.9144	0.00030072	-77510.6	-101327	NA	NA	NA	NA	NA	NA	NA	NA	NA	NA
Q0853	NA	NA	10000	354631	35.4702	0.000567046	-83269.3	-85637.4	NA	NA	NA	NA	NA	NA	NA	NA	NA	NA
Q0854	NA	NA	10000	311947	31.2009	0.000510532	-75174.9	-79694.6	NA	NA	NA	NA	NA	NA	NA	NA	NA	NA
Q0855	NA	NA	10000	495916	49.5966	0.00101718	-114958	-115267	NA	NA	NA	NA	NA	NA	NA	NA	NA	NA
Q0856	NA	NA	10000	443577	44.3621	0.000104756	-102433	-127874	NA	NA	NA	NA	NA	NA	NA	NA	NA	NA
Q0858	NA	NA	10000	618069	61.8131	0.00158526	-146149	-146474	NA	NA	NA	NA	NA	NA	NA	NA	NA	NA
Q0862	NA	NA	10000	342520	34.2554	0.000384314	-86144	-88244.3	NA	NA	NA	NA	NA	NA	NA	NA	NA	NA
Q0863	NA	NA	10000	286407	28.6436	0.000220217	-73153.6	-143249	NA	NA	NA	NA	NA	NA	NA	NA	NA	NA
Q0864	NA	NA	10000	305083	30.5175	0.000146893	-78578.3	-115805	NA	NA	NA	NA	NA	NA	NA	NA	NA	NA
Q0865	NA	NA	10000	295752	29.5811	0.000111509	-74426.5	-167503	NA	NA	NA	NA	NA	NA	NA	NA	NA	NA
Q0866	NA	NA	10000	284178	28.4206	0.0001676	-75047.3	-153565	NA	NA	NA	NA	NA	NA	NA	NA	NA	NA
Q0867	NA	NA	10000	291807	29.1836	0.000284339	-73375.5	-160916	NA	NA	NA	NA	NA	NA	NA	NA	NA	NA
Q0868	NA	NA	10000	525160	52.5213	0.000926557	-122027	-122687	NA	NA	NA	NA	NA	NA	NA	NA	NA	NA
Q0869	NA	NA	10000	489229	48.9376	8.48196e-05	-114250	-132583	NA	NA	NA	NA	NA	NA	NA	NA	NA	NA
Q0871	NA	NA	10000	333928	33.3961	0.000382348	-81304.9	-86930.8	NA	NA	NA	NA	NA	NA	NA	NA	NA	NA
Q0872	NA	NA	10000	272810	27.2892	0.000505764	-69642.9	-79422.9	NA	NA	NA	NA	NA	NA	NA	NA	NA	NA
Q0873	NA	NA	10000	455602	45.5693	0.000308775	-105565	-119998	NA	NA	NA	NA	NA	NA	NA	NA	NA	NA
Q0874	NA	NA	10000	398626	39.8666	0.000379927	-93509.5	-97539.6	NA	NA	NA	NA	NA	NA	NA	NA	NA	NA
Q0875	NA	NA	10000	389986	39.0103	0.00173461	-92546.5	-92912.1	NA	NA	NA	NA	NA	NA	NA	NA	NA	NA
Q0876	NA	NA	10000	397464	39.7464	0.000949725	-91793.5	-92398.7	NA	NA	NA	NA	NA	NA	NA	NA	NA	NA
Q0877	NA	NA	10000	376567	37.6567	0.000428969	-90254.2	-91331.8	NA	NA	NA	NA	NA	NA	NA	NA	NA	NA
Q0878	NA	NA	10000	487514	48.7612	0.000358538	-117103	-127645	NA	NA	NA	NA	NA	NA	NA	NA	NA	NA
Q0879	NA	NA	10000	382008	38.2046	0.000542502	-91148.9	-93253.9	NA	NA	NA	NA	NA	NA	NA	NA	NA	NA
Q0880	NA	NA	10000	298198	29.8287	0.000301465	-76233.5	-78187.1	NA	NA	NA	NA	NA	NA	NA	NA	NA	NA
Q0881	NA	NA	10000	296596	29.6655	0.000385012	-77097	-123022	NA	NA	NA	NA	NA	NA	NA	NA	NA	NA
Q0882	NA	NA	10000	372586	37.2698	0.000755916	-90503.1	-91896.6	NA	NA	NA	NA	NA	NA	NA	NA	NA	NA
Q0883	NA	NA	10000	297838	29.7838	0.000377077	-77614.8	-83767.1	NA	NA	NA	NA	NA	NA	NA	NA	NA	NA
Q0884	NA	NA	10000	375166	37.5279	0.000805123	-91894.6	-94879.8	NA	NA	NA	NA	NA	NA	NA	NA	NA	NA
Q0885	NA	NA	10000	318716	31.8716	0.000133311	-78395.6	-158125	NA	NA	NA	NA	NA	NA	NA	NA	NA	NA
Q0886	NA	NA	10000	374700	37.4775	0.000236306	-87117.9	-137507	NA	NA	NA	NA	NA	NA	NA	NA	NA	NA
Q0887	NA	NA	10000	354531	35.4602	0.0023464	-86776.3	-87758.2	NA	NA	NA	NA	NA	NA	NA	NA	NA	NA
Q0888	NA	NA	10000	370075	37.0186	0.00168622	-91779.9	-92006.7	NA	NA	NA	NA	NA	NA	NA	NA	NA	NA
Q0889	NA	NA	10000	319493	31.9493	0.000650705	-82670.2	-83315.2	NA	NA	NA	NA	NA	NA	NA	NA	NA	NA
Q0892	NA	NA	10000	397161	39.736	0.00291342	-99579.2	-100102	NA	NA	NA	NA	NA	NA	NA	NA	NA	NA
Q0893	NA	NA	10000	352863	35.304	0.00415039	-87627.1	-89122.8	NA	NA	NA	NA	NA	NA	NA	NA	NA	NA
Q0894	NA	NA	10000	416257	41.634	0.00130747	-101126	-101779	NA	NA	NA	NA	NA	NA	NA	NA	NA	NA
Q0896	NA	NA	10000	440173	44.0305	0.000757044	-101256	-103358	NA	NA	NA	NA	NA	NA	NA	NA	NA	NA
Q0898	NA	NA	10000	358139	35.8246	7.14241e-05	-84618.5	-94951.9	NA	NA	NA	NA	NA	NA	NA	NA	NA	NA
Q0899	NA	NA	10000	363136	36.3245	0.00031598	-86213.7	-91256.8	NA	NA	NA	NA	NA	NA	NA	NA	NA	NA
Q0900	NA	NA	10000	554698	55.492	0.000377633	-129715	-131799	NA	NA	NA	NA	NA	NA	NA	NA	NA	NA
Q0901	NA	NA	10000	396856	39.6935	0.000330098	-93945.2	-96778.8	NA	NA	NA	NA	NA	NA	NA	NA	NA	NA
Q0902	NA	NA	10000	359443	35.9479	5.94855e-05	-85275.7	-92733.5	NA	NA	NA	NA	NA	NA	NA	NA	NA	NA
Q0903	NA	NA	10000	496651	49.6701	0.000705472	-115663	-116114	NA	NA	NA	NA	NA	NA	NA	NA	NA	NA
Q0904	NA	NA	10000	377233	37.7384	0.000663219	-92213.3	-97216.8	NA	NA	NA	NA	NA	NA	NA	NA	NA	NA
Q0905	NA	NA	10000	358400	35.8472	0.000261089	-87531.4	-91775.1	NA	NA	NA	NA	NA	NA	NA	NA	NA	NA
Q0906	NA	NA	10000	335229	33.533	0.000425505	-81260.7	-83365.6	NA	NA	NA	NA	NA	NA	NA	NA	NA	NA
Q0909	NA	NA	10000	421550	42.1592	0.000486952	-98771.1	-101130	NA	NA	NA	NA	NA	NA	NA	NA	NA	NA
Q0910	NA	NA	10000	394090	39.4129	0.000383313	-95770.1	-104734	NA	NA	NA	NA	NA	NA	NA	NA	NA	NA
Q0911	NA	NA	10000	358870	35.8906	0.000465184	-84535.6	-87657.9	NA	NA	NA	NA	NA	NA	NA	NA	NA	NA
Q0912	NA	NA	10000	375612	37.5687	0.000405598	-91774.7	-92354.3	NA	NA	NA	NA	NA	NA	NA	NA	NA	NA
Q0913	NA	NA	10000	404816	40.4897	0.00189083	-97837	-98351.1	NA	NA	NA	NA	NA	NA	NA	NA	NA	NA
Q0914	NA	NA	10000	436232	43.6407	0.000159027	-100832	-125829	NA	NA	NA	NA	NA	NA	NA	NA	NA	NA
Q0915	NA	NA	10000	361387	36.1423	0.000207733	-83309.5	-97380.4	NA	NA	NA	NA	NA	NA	NA	NA	NA	NA
Q0916	NA	NA	10000	403452	40.3492	0.00179329	-97417.3	-97917.5	NA	NA	NA	NA	NA	NA	NA	NA	NA	NA
Q0918	NA	NA	10000	377303	37.7378	0.00015808	-90539.8	-99541.8	NA	NA	NA	NA	NA	NA	NA	NA	NA	NA
Q0919	NA	NA	10000	341901	34.1969	0.00055436	-85579.5	-86310.5	NA	NA	NA	NA	NA	NA	NA	NA	NA	NA
Q0920	NA	NA	10000	354951	35.5093	0.000369498	-84912.6	-91116.3	NA	NA	NA	NA	NA	NA	NA	NA	NA	NA
Q0921	NA	NA	10000	435744	43.5788	0.000888641	-106054	-107526	NA	NA	NA	NA	NA	NA	NA	NA	NA	NA
Q0922	NA	NA	10000	367020	36.7057	9.31531e-05	-89525.5	-109363	NA	NA	NA	NA	NA	NA	NA	NA	NA	NA
Q0923	NA	NA	10000	439177	43.9265	0.000146027	-101960	-109048	NA	NA	NA	NA	NA	NA	NA	NA	NA	NA
Q0925	NA	NA	10000	374938	37.4975	0.000185881	-92081	-100592	NA	NA	NA	NA	NA	NA	NA	NA	NA	NA
Q0927	NA	NA	10000	370392	37.0503	0.000590604	-88882.1	-91887.8	NA	NA	NA	NA	NA	NA	NA	NA	NA	NA
Q0928	NA	NA	10000	378842	37.888	0.000763863	-90783.9	-91425.1	NA	NA	NA	NA	NA	NA	NA	NA	NA	NA
Q0929	NA	NA	10000	378129	37.828	0.000104568	-89738.8	-147945	NA	NA	NA	NA	NA	NA	NA	NA	NA	NA
Q0930	NA	NA	10000	499744	49.9844	0.000789083	-119074	-120137	NA	NA	NA	NA	NA	NA	NA	NA	NA	NA
Q0931	NA	NA	10000	373492	37.3604	0.00035334	-87614.3	-88387.8	NA	NA	NA	NA	NA	NA	NA	NA	NA	NA
Q0932	NA	NA	10000	377385	37.746	0.000350412	-91714.4	-94191.1	NA	NA	NA	NA	NA	NA	NA	NA	NA	NA
Q0933	NA	NA	10000	310573	31.0604	0.00072527	-77545.5	-79358	NA	NA	NA	NA	NA	NA	NA	NA	NA	NA
Q0934	NA	NA	10000	369391	36.9391	0.000235001	-86679.2	-111719	NA	NA	NA	NA	NA	NA	NA	NA	NA	NA
Q0935	NA	NA	10000	454240	45.4331	0.000576639	-106794	-107470	NA	NA	NA	NA	NA	NA	NA	NA	NA	NA
Q0936	NA	NA	10000	422183	42.231	0.000852314	-102165	-103529	NA	NA	NA	NA	NA	NA	NA	NA	NA	NA
Q0937	NA	NA	10000	319240	31.9368	0.000633906	-78247.3	-78497.9	NA	NA	NA	NA	NA	NA	NA	NA	NA	NA
Q0938	NA	NA	10000	377481	37.7519	0.000708619	-88790.2	-90361.5	NA	NA	NA	NA	NA	NA	NA	NA	NA	NA
Q0939	NA	NA	10000	296167	29.6226	0.000422487	-75004.7	-78452.3	NA	NA	NA	NA	NA	NA	NA	NA	NA	NA
Q0940	NA	NA	10000	432012	43.2142	0.000629813	-103931	-105171	NA	NA	NA	NA	NA	NA	NA	NA	NA	NA
Q0941	NA	NA	10000	230890	23.0936	0.00113342	-60612.8	-61659.8	NA	NA	NA	NA	NA	NA	NA	NA	NA	NA
Q0942	NA	NA	10000	385553	38.5592	0.000372959	-93119	-98432	NA	NA	NA	NA	NA	NA	NA	NA	NA	NA
Q0943	NA	NA	10000	366747	36.6784	0.00195495	-89708.4	-90081.8	NA	NA	NA	NA	NA	NA	NA	NA	NA	NA
Q0944	NA	NA	10000	419077	41.9161	0.00073303	-100868	-101657	NA	NA	NA	NA	NA	NA	NA	NA	NA	NA
Q0945	NA	NA	10000	284319	28.4347	0.000279198	-72208.5	-145086	NA	NA	NA	NA	NA	NA	NA	NA	NA	NA
Q0946	NA	NA	10000	370021	37.0169	0.000343315	-90412.2	-92563.1	NA	NA	NA	NA	NA	NA	NA	NA	NA	NA
Q0948	NA	NA	10000	363793	36.3829	2.93814e-08	-90327	-125852	NA	NA	NA	NA	NA	NA	NA	NA	NA	NA
Q0949	NA	NA	10000	426180	42.6223	0.000323233	-99559.6	-105307	NA	NA	NA	NA	NA	NA	NA	NA	NA	NA
Q0950	NA	NA	10000	384599	38.4676	0.000342778	-90100.6	-92021.9	NA	NA	NA	NA	NA	NA	NA	NA	NA	NA
Q0952	NA	NA	10000	312245	31.2339	0.000245463	-76688.5	-79026.1	NA	NA	NA	NA	NA	NA	NA	NA	NA	NA
Q0953	NA	NA	10000	388379	38.8496	0.000291717	-94422.9	-96452.6	NA	NA	NA	NA	NA	NA	NA	NA	NA	NA
Q0954	NA	NA	10000	370333	37.0333	0.000221364	-87718.4	-90262.1	NA	NA	NA	NA	NA	NA	NA	NA	NA	NA
Q0955	NA	NA	10000	311496	31.1589	0.000958813	-73984.9	-74941.2	NA	NA	NA	NA	NA	NA	NA	NA	NA	NA
Q0956	NA	NA	10000	368580	36.8691	6.59802e-05	-91054.1	-153539	NA	NA	NA	NA	NA	NA	NA	NA	NA	NA
Q0957	NA	NA	10000	315367	31.543	0.00196447	-76092.7	-76480.3	NA	NA	NA	NA	NA	NA	NA	NA	NA	NA
Q0958	NA	NA	10000	356105	35.6176	0.0023906	-85875.5	-86478.9	NA	NA	NA	NA	NA	NA	NA	NA	NA	NA
Q0959	NA	NA	10000	353986	35.4021	0.00109005	-84450.2	-84801.7	NA	NA	NA	NA	NA	NA	NA	NA	NA	NA
Q0960	NA	NA	10000	346220	34.6324	0.00223273	-86707	-87288.5	NA	NA	NA	NA	NA	NA	NA	NA	NA	NA
Q0961	NA	NA	10000	319135	31.9167	0.00188915	-76469.3	-76837	NA	NA	NA	NA	NA	NA	NA	NA	NA	NA
Q0962	NA	NA	10000	308692	30.8723	0.000602593	-80018.3	-82001.9	NA	NA	NA	NA	NA	NA	NA	NA	NA	NA
Q0963	NA	NA	10000	350726	35.0761	4.31802e-05	-85563.1	-143635	NA	NA	NA	NA	NA	NA	NA	NA	NA	NA
Q0964	NA	NA	10000	293546	29.3663	0.000899541	-73710.9	-75111.3	NA	NA	NA	NA	NA	NA	NA	NA	NA	NA
Q0965	NA	NA	10000	415667	41.5709	0.00182978	-100768	-101375	NA	NA	NA	NA	NA	NA	NA	NA	NA	NA
Q0966	NA	NA	10000	383958	38.3958	0.00285696	-94217.3	-94856.1	NA	NA	NA	NA	NA	NA	NA	NA	NA	NA
Q0967	NA	NA	10000	336677	33.6711	0.000206453	-82289.8	-113116	NA	NA	NA	NA	NA	NA	NA	NA	NA	NA
Q0968	NA	NA	10000	309116	30.9209	0.00147761	-74464.6	-75479.4	NA	NA	NA	NA	NA	NA	NA	NA	NA	NA
Q0969	NA	NA	10000	378242	37.8242	2.67393e-05	-90998.3	-116782	NA	NA	NA	NA	NA	NA	NA	NA	NA	NA
Q0970	NA	NA	10000	353840	35.3982	0.00184724	-85534.9	-85857	NA	NA	NA	NA	NA	NA	NA	NA	NA	NA
Q0971	NA	NA	10000	377891	37.7929	0.00197517	-90379.8	-90649.6	NA	NA	NA	NA	NA	NA	NA	NA	NA	NA
Q0972	NA	NA	10000	407747	40.7788	0.00232506	-97049.3	-97681.7	NA	NA	NA	NA	NA	NA	NA	NA	NA	NA
Q0974	NA	NA	10000	435713	43.5844	0.00075842	-102991	-104480	NA	NA	NA	NA	NA	NA	NA	NA	NA	NA
Q0975	NA	NA	10000	422553	42.2595	0.0022956	-101091	-101805	NA	NA	NA	NA	NA	NA	NA	NA	NA	NA
Q0976	NA	NA	10000	530257	53.0363	0.00157373	-126333	-126578	NA	NA	NA	NA	NA	NA	NA	NA	NA	NA
Q0977	NA	NA	10000	357336	35.7336	0.000200002	-84021.4	-94483.1	NA	NA	NA	NA	NA	NA	NA	NA	NA	NA
Q0978	NA	NA	10000	495967	49.6066	0.00129264	-116199	-116582	NA	NA	NA	NA	NA	NA	NA	NA	NA	NA
Q0979	NA	NA	10000	474508	47.4603	0.000894598	-111347	-111688	NA	NA	NA	NA	NA	NA	NA	NA	NA	NA
Q0980	NA	NA	10000	338823	33.8925	0.000114334	-83205.6	-92581.1	NA	NA	NA	NA	NA	NA	NA	NA	NA	NA
Q0981	NA	NA	10000	386751	38.6828	0.00218206	-94341.5	-94786.9	NA	NA	NA	NA	NA	NA	NA	NA	NA	NA
Q0983	NA	NA	10000	425050	42.505	0.0010681	-102815	-103932	NA	NA	NA	NA	NA	NA	NA	NA	NA	NA
Q0984	NA	NA	10000	386994	38.711	0.000156186	-92956.1	-148148	NA	NA	NA	NA	NA	NA	NA	NA	NA	NA
Q0985	NA	NA	10000	372192	37.2192	4.68187e-05	-89844.9	-146577	NA	NA	NA	NA	NA	NA	NA	NA	NA	NA
Q0986	NA	NA	10000	321491	32.1587	0.0007896	-77903.4	-79016.5	NA	NA	NA	NA	NA	NA	NA	NA	NA	NA
Q0987	NA	NA	10000	413191	41.3232	0.000444937	-97251.6	-102316	NA	NA	NA	NA	NA	NA	NA	NA	NA	NA
Q0988	NA	NA	10000	355358	35.5429	0.000175527	-88524.5	-140309	NA	NA	NA	NA	NA	NA	NA	NA	NA	NA
Q0990	NA	NA	10000	287253	28.7397	0.000195397	-70463.4	-76184	NA	NA	NA	NA	NA	NA	NA	NA	NA	NA
Q0991	NA	NA	10000	389187	38.9343	0.000496727	-90613.3	-94628.3	NA	NA	NA	NA	NA	NA	NA	NA	NA	NA
Q0992	NA	NA	10000	497041	49.719	0.000328978	-117307	-117611	NA	NA	NA	NA	NA	NA	NA	NA	NA	NA
Q0993	NA	NA	10000	367133	36.7243	0.00102137	-90931.5	-91446.7	NA	NA	NA	NA	NA	NA	NA	NA	NA	NA
Q0994	NA	NA	10000	376693	37.6768	0.000998902	-94348.1	-94652.4	NA	NA	NA	NA	NA	NA	NA	NA	NA	NA
Q0995	NA	NA	10000	372834	37.2983	0.0001754	-89782.3	-97791.4	NA	NA	NA	NA	NA	NA	NA	NA	NA	NA
Q0996	NA	NA	10000	366616	36.6763	0.000358467	-87734.1	-89113.2	NA	NA	NA	NA	NA	NA	NA	NA	NA	NA
Q0997	NA	NA	10000	399765	39.9925	0.00031494	-93584.7	-94572	NA	NA	NA	NA	NA	NA	NA	NA	NA	NA
Q0999	NA	NA	10000	387654	38.7732	0.000460717	-91644	-95204.9	NA	NA	NA	NA	NA	NA	NA	NA	NA	NA
Q1000	NA	NA	10000	366696	36.6806	0.000718809	-92149.7	-96835.3	NA	NA	NA	NA	NA	NA	NA	NA	NA	NA
Q1001	NA	NA	10000	391236	39.1393	0.00019726	-91587.8	-109538	NA	NA	NA	NA	NA	NA	NA	NA	NA	NA
Q1002	NA	NA	10000	377850	37.7963	0.000561965	-93180.4	-93291.4	NA	NA	NA	NA	NA	NA	NA	NA	NA	NA
Q1003	NA	NA	10000	371332	37.1481	0.000415696	-89193.7	-89928.9	NA	NA	NA	NA	NA	NA	NA	NA	NA	NA
Q1004	NA	NA	10000	377845	37.7958	0.00058934	-91620.3	-94896.4	NA	NA	NA	NA	NA	NA	NA	NA	NA	NA
Q1005	NA	NA	10000	345590	34.5763	0.000240509	-83666.2	-87361.4	NA	NA	NA	NA	NA	NA	NA	NA	NA	NA
Q1006	NA	NA	10000	384421	38.4459	0.000284502	-88867.9	-94447.5	NA	NA	NA	NA	NA	NA	NA	NA	NA	NA
Q1007	NA	NA	10000	398428	39.8548	0.000495386	-95315.4	-97222.9	NA	NA	NA	NA	NA	NA	NA	NA	NA	NA
Q1008	NA	NA	10000	374566	37.4603	0.000129578	-89767.6	-145875	NA	NA	NA	NA	NA	NA	NA	NA	NA	NA
Q1009	NA	NA	10000	370580	37.0765	0.000281157	-89058.2	-104066	NA	NA	NA	NA	NA	NA	NA	NA	NA	NA
Q1010	NA	NA	10000	399337	39.9537	0.000266025	-95583.8	-103520	NA	NA	NA	NA	NA	NA	NA	NA	NA	NA
Q1011	NA	NA	10000	369393	36.9467	0.000873693	-90572.4	-91342.2	NA	NA	NA	NA	NA	NA	NA	NA	NA	NA
Q1012	NA	NA	10000	376559	37.6634	0.000256745	-91733.4	-118605	NA	NA	NA	NA	NA	NA	NA	NA	NA	NA
Q1014	NA	NA	10000	374521	37.4633	0.000207578	-90784.1	-117098	NA	NA	NA	NA	NA	NA	NA	NA	NA	NA
Q1015	NA	NA	10000	363898	36.3971	0.000223005	-87966.6	-135392	NA	NA	NA	NA	NA	NA	NA	NA	NA	NA
Q1016	NA	NA	10000	413200	41.3241	0.000131409	-99894.3	-121048	NA	NA	NA	NA	NA	NA	NA	NA	NA	NA
Q1017	NA	NA	10000	453567	45.3612	0.0002942	-104100	-105287	NA	NA	NA	NA	NA	NA	NA	NA	NA	NA
Q1018	NA	NA	10000	380693	38.0769	7.53424e-05	-92637.8	-169359	NA	NA	NA	NA	NA	NA	NA	NA	NA	NA
Q1020	NA	NA	10000	377194	37.7269	0.000435993	-91467.7	-94884.5	NA	NA	NA	NA	NA	NA	NA	NA	NA	NA
Q1022	NA	NA	10000	443816	44.386	0.00039321	-103984	-105158	NA	NA	NA	NA	NA	NA	NA	NA	NA	NA
Q1023	NA	NA	10000	414420	41.4503	0.000149735	-98301.2	-105945	NA	NA	NA	NA	NA	NA	NA	NA	NA	NA
Q1024	NA	NA	10000	375516	37.5629	0.000180714	-91867.6	-135875	NA	NA	NA	NA	NA	NA	NA	NA	NA	NA
Q1025	NA	NA	10000	369050	36.9087	0.000444758	-88913	-89256.6	NA	NA	NA	NA	NA	NA	NA	NA	NA	NA
Q1026	NA	NA	10000	459763	45.9855	0.000450757	-108548	-109676	NA	NA	NA	NA	NA	NA	NA	NA	NA	NA
Q1027	NA	NA	10000	377598	37.7674	0.000370611	-92106.8	-93403.7	NA	NA	NA	NA	NA	NA	NA	NA	NA	NA
Q1028	NA	NA	10000	374548	37.4623	0.000495187	-92042.2	-94214.6	NA	NA	NA	NA	NA	NA	NA	NA	NA	NA
Q1029	NA	NA	10000	370078	37.0189	0.000107607	-89532.8	-134642	NA	NA	NA	NA	NA	NA	NA	NA	NA	NA
Q1030	NA	NA	10000	473195	47.329	0.000260087	-108733	-110576	NA	NA	NA	NA	NA	NA	NA	NA	NA	NA
Q1031	NA	NA	10000	406737	40.6778	0.000422412	-97830.1	-101086	NA	NA	NA	NA	NA	NA	NA	NA	NA	NA
Q1032	NA	NA	10000	466098	46.6331	6.14348e-05	-109401	-115670	NA	NA	NA	NA	NA	NA	NA	NA	NA	NA
Q1033	NA	NA	10000	375012	37.5087	0.000545081	-90843	-91750.9	NA	NA	NA	NA	NA	NA	NA	NA	NA	NA
Q1034	NA	NA	10000	389678	38.9795	0.000304026	-95466.8	-98421.7	NA	NA	NA	NA	NA	NA	NA	NA	NA	NA
Q1035	NA	NA	10000	480248	48.0344	0.000226961	-113451	-124535	NA	NA	NA	NA	NA	NA	NA	NA	NA	NA
Q1037	NA	NA	10000	530552	53.0658	0.000317866	-122397	-123938	NA	NA	NA	NA	NA	NA	NA	NA	NA	NA
Q1039	NA	NA	10000	400297	40.0417	0.000304915	-98167.3	-99238.3	NA	NA	NA	NA	NA	NA	NA	NA	NA	NA
Q1040	NA	NA	10000	361224	36.126	0.000610803	-87996.4	-88946.1	NA	NA	NA	NA	NA	NA	NA	NA	NA	NA
Q1041	NA	NA	10000	421958	42.2042	0.000153099	-100101	-152027	NA	NA	NA	NA	NA	NA	NA	NA	NA	NA
Q1042	NA	NA	10000	370293	37.0367	0.000208599	-88428.8	-100853	NA	NA	NA	NA	NA	NA	NA	NA	NA	NA
Q1043	NA	NA	10000	369737	36.9848	0.00019841	-87372.6	-127347	NA	NA	NA	NA	NA	NA	NA	NA	NA	NA
Q1044	NA	NA	10000	377530	37.7643	0.0005549	-91513.9	-91940.1	NA	NA	NA	NA	NA	NA	NA	NA	NA	NA
Q1045	NA	NA	10000	370392	37.0429	0.000473733	-90635.9	-91435.9	NA	NA	NA	NA	NA	NA	NA	NA	NA	NA
Q1046	NA	NA	10000	457759	45.7896	0.000187477	-106180	-155160	NA	NA	NA	NA	NA	NA	NA	NA	NA	NA
Q1047	NA	NA	10000	393608	39.3687	0.000262478	-92537.8	-98830.6	NA	NA	NA	NA	NA	NA	NA	NA	NA	NA
Q1049	NA	NA	10000	404480	40.4601	0.000139385	-94924.3	-155122	NA	NA	NA	NA	NA	NA	NA	NA	NA	NA
Q1050	NA	NA	10000	360539	36.0647	0.000354021	-89610	-90612	NA	NA	NA	NA	NA	NA	NA	NA	NA	NA
Q1051	NA	NA	10000	433688	43.3731	8.22347e-05	-102113	-149622	NA	NA	NA	NA	NA	NA	NA	NA	NA	NA
Q1053	NA	NA	10000	452356	45.2446	4.38925e-05	-104086	-163981	NA	NA	NA	NA	NA	NA	NA	NA	NA	NA
Q1054	NA	NA	10000	452733	45.2778	0.000564358	-104853	-105979	NA	NA	NA	NA	NA	NA	NA	NA	NA	NA
Q1055	NA	NA	10000	456759	45.6759	0.000227322	-108545	-147981	NA	NA	NA	NA	NA	NA	NA	NA	NA	NA
Q1056	NA	NA	10000	410861	41.0943	0.000212901	-94786.3	-100969	NA	NA	NA	NA	NA	NA	NA	NA	NA	NA
Q1057	NA	NA	10000	459667	45.9713	0.000626836	-114258	-121699	NA	NA	NA	NA	NA	NA	NA	NA	NA	NA
Q1058	NA	NA	10000	468485	46.8626	0.000178731	-108459	-110388	NA	NA	NA	NA	NA	NA	NA	NA	NA	NA
Q1059	NA	NA	10000	449965	45.001	0.000211668	-106623	-159587	NA	NA	NA	NA	NA	NA	NA	NA	NA	NA
Q1060	NA	NA	10000	417635	41.7719	0.000323683	-102757	-111552	NA	NA	NA	NA	NA	NA	NA	NA	NA	NA
Q1061	NA	NA	10000	390228	39.0306	0.000236418	-94887.2	-144442	NA	NA	NA	NA	NA	NA	NA	NA	NA	NA
Q1062	NA	NA	10000	406660	40.6782	0.000393845	-96733.7	-98035.6	NA	NA	NA	NA	NA	NA	NA	NA	NA	NA
Q1063	NA	NA	10000	374092	37.4129	7.18962e-05	-90327	-115779	NA	NA	NA	NA	NA	NA	NA	NA	NA	NA
Q1064	NA	NA	10000	401453	40.1493	0.000454512	-95990.5	-96814.7	NA	NA	NA	NA	NA	NA	NA	NA	NA	NA
Q1065	NA	NA	10000	366301	36.6374	0.00013383	-89036.9	-146484	NA	NA	NA	NA	NA	NA	NA	NA	NA	NA
Q1066	NA	NA	10000	403639	40.372	0.000122162	-94315.6	-150040	NA	NA	NA	NA	NA	NA	NA	NA	NA	NA
Q1067	NA	NA	10000	348611	34.8611	0.000454944	-83958.2	-84812.6	NA	NA	NA	NA	NA	NA	NA	NA	NA	NA
Q1068	NA	NA	10000	388144	38.8299	0.000211181	-94933.1	-109742	NA	NA	NA	NA	NA	NA	NA	NA	NA	NA
Q1069	NA	NA	10000	349539	34.9644	0.000542748	-88418.2	-89107.3	NA	NA	NA	NA	NA	NA	NA	NA	NA	NA
Q1071	NA	NA	10000	370769	37.0769	0.000114526	-91810.9	-166782	NA	NA	NA	NA	NA	NA	NA	NA	NA	NA
Q1072	NA	NA	10000	443885	44.4018	0.000481146	-102073	-110806	NA	NA	NA	NA	NA	NA	NA	NA	NA	NA
Q1074	NA	NA	10000	414422	41.4588	0.000144768	-97102	-107540	NA	NA	NA	NA	NA	NA	NA	NA	NA	NA
Q1075	NA	NA	10000	387886	38.7964	0.000574949	-91092.6	-93508.4	NA	NA	NA	NA	NA	NA	NA	NA	NA	NA
Q1076	NA	NA	10000	370446	37.0483	0.000278433	-90392.3	-91413.2	NA	NA	NA	NA	NA	NA	NA	NA	NA	NA
Q1077	NA	NA	10000	404341	40.4381	0.000683488	-97219.3	-98950.1	NA	NA	NA	NA	NA	NA	NA	NA	NA	NA
Q1078	NA	NA	10000	452515	45.2606	0.00105173	-106772	-107063	NA	NA	NA	NA	NA	NA	NA	NA	NA	NA
Q1079	NA	NA	10000	377113	37.7188	0.000146296	-89902	-96054	NA	NA	NA	NA	NA	NA	NA	NA	NA	NA
Q1080	NA	NA	10000	377994	37.7994	0.000240438	-89105.4	-98921.1	NA	NA	NA	NA	NA	NA	NA	NA	NA	NA
Q1081	NA	NA	10000	380834	38.0872	0.000310055	-92236.1	-108440	NA	NA	NA	NA	NA	NA	NA	NA	NA	NA
Q1082	NA	NA	10000	436513	43.6688	0.000294982	-104414	-105572	NA	NA	NA	NA	NA	NA	NA	NA	NA	NA
Q1083	NA	NA	10000	429100	42.9143	0.000113998	-103824	-144339	NA	NA	NA	NA	NA	NA	NA	NA	NA	NA
Q1084	NA	NA	10000	438040	43.8171	0.000210374	-101016	-108156	NA	NA	NA	NA	NA	NA	NA	NA	NA	NA
Q1086	NA	NA	10000	372642	37.2679	5.43889e-05	-91013.1	-125512	NA	NA	NA	NA	NA	NA	NA	NA	NA	NA
Q1087	NA	NA	10000	404465	40.4586	0.000503485	-97257.8	-98081.9	NA	NA	NA	NA	NA	NA	NA	NA	NA	NA
Q1088	NA	NA	10000	379002	37.9116	0.000637986	-91673.7	-92166.1	NA	NA	NA	NA	NA	NA	NA	NA	NA	NA
Q1089	NA	NA	10000	351988	35.2094	0.000415833	-84465.1	-87243.4	NA	NA	NA	NA	NA	NA	NA	NA	NA	NA
Q1090	NA	NA	10000	397508	39.7707	0.000366196	-93624.5	-94323.5	NA	NA	NA	NA	NA	NA	NA	NA	NA	NA
Q1091	NA	NA	10000	442030	44.2118	0.000217366	-106273	-115929	NA	NA	NA	NA	NA	NA	NA	NA	NA	NA
Q1092	NA	NA	10000	438689	43.8865	0.000454475	-101829	-102822	NA	NA	NA	NA	NA	NA	NA	NA	NA	NA
Q1093	NA	NA	10000	300704	30.0794	0.000386901	-71655.4	-73552.7	NA	NA	NA	NA	NA	NA	NA	NA	NA	NA
Q1094	NA	NA	10000	360370	36.0478	0.000145322	-86274.4	-180025	NA	NA	NA	NA	NA	NA	NA	NA	NA	NA
Q1095	NA	NA	10000	384162	38.42	0.000530431	-91075.3	-94153.1	NA	NA	NA	NA	NA	NA	NA	NA	NA	NA
Q1096	NA	NA	10000	409113	40.9236	0.000386986	-96047.5	-98904.3	NA	NA	NA	NA	NA	NA	NA	NA	NA	NA
Q1097	NA	NA	10000	341584	34.1687	0.000356281	-84701.9	-86430.3	NA	NA	NA	NA	NA	NA	NA	NA	NA	NA
Q1099	NA	NA	10000	383419	38.3457	0.000179283	-93541.7	-132743	NA	NA	NA	NA	NA	NA	NA	NA	NA	NA
Q1100	NA	NA	10000	383664	38.3779	0.000270456	-91446.8	-102942	NA	NA	NA	NA	NA	NA	NA	NA	NA	NA
Q1101	NA	NA	10000	399164	39.9244	0.000203071	-100126	-120177	NA	NA	NA	NA	NA	NA	NA	NA	NA	NA
Q1102	NA	NA	10000	367895	36.8042	0.000169558	-90036.8	-117400	NA	NA	NA	NA	NA	NA	NA	NA	NA	NA
Q1103	NA	NA	10000	336611	33.6712	0.000304014	-81312.3	-101900	NA	NA	NA	NA	NA	NA	NA	NA	NA	NA
Q1104	NA	NA	10000	357477	35.7549	0.000644269	-86145.5	-89979	NA	NA	NA	NA	NA	NA	NA	NA	NA	NA
Q1105	NA	NA	10000	393220	39.3338	0.00054441	-96046.2	-97812.3	NA	NA	NA	NA	NA	NA	NA	NA	NA	NA
Q1108	NA	NA	10000	390020	39.0176	0.000647793	-93688	-94022.3	NA	NA	NA	NA	NA	NA	NA	NA	NA	NA
Q1109	NA	NA	10000	390007	39.0124	0.000189726	-95233.5	-96567.9	NA	NA	NA	NA	NA	NA	NA	NA	NA	NA
Q1110	NA	NA	10000	360131	36.0239	0.000242271	-85523.8	-87954.7	NA	NA	NA	NA	NA	NA	NA	NA	NA	NA
Q1111	NA	NA	10000	390462	39.0618	0.000422334	-92687.2	-96009.4	NA	NA	NA	NA	NA	NA	NA	NA	NA	NA
Q1112	NA	NA	10000	359876	35.9948	0.000129528	-87410.1	-121580	NA	NA	NA	NA	NA	NA	NA	NA	NA	NA
Q1113	NA	NA	10000	422176	42.2218	0.000689864	-103365	-104071	NA	NA	NA	NA	NA	NA	NA	NA	NA	NA
Q1114	NA	NA	10000	369137	36.9211	0.000520359	-88979.5	-91486.9	NA	NA	NA	NA	NA	NA	NA	NA	NA	NA
Q1115	NA	NA	10000	365061	36.5244	0.000707994	-87630.7	-90803.4	NA	NA	NA	NA	NA	NA	NA	NA	NA	NA
Q1116	NA	NA	10000	372902	37.3051	0.000184474	-89210.4	-136184	NA	NA	NA	NA	NA	NA	NA	NA	NA	NA
Q1117	NA	NA	10000	366295	36.6332	0.000555297	-87972.6	-90233.5	NA	NA	NA	NA	NA	NA	NA	NA	NA	NA
Q1118	NA	NA	10000	366155	36.6192	9.3253e-05	-91989.5	-138045	NA	NA	NA	NA	NA	NA	NA	NA	NA	NA
Q1119	NA	NA	10000	314305	31.4368	0.000492747	-76757.8	-80058.2	NA	NA	NA	NA	NA	NA	NA	NA	NA	NA
Q1120	NA	NA	10000	264601	26.4707	0.00110508	-67970.1	-68724.7	NA	NA	NA	NA	NA	NA	NA	NA	NA	NA
Q1121	NA	NA	10000	340067	34.0169	0.000391582	-84800.7	-86404.2	NA	NA	NA	NA	NA	NA	NA	NA	NA	NA
Q1122	NA	NA	10000	373011	37.3086	0.000379458	-90794.3	-91402.4	NA	NA	NA	NA	NA	NA	NA	NA	NA	NA
Q1123	NA	NA	10000	335081	33.5148	0.000104971	-80880	-121162	NA	NA	NA	NA	NA	NA	NA	NA	NA	NA
Q1124	NA	NA	10000	370035	37.0183	0.00063673	-86537.6	-87436.5	NA	NA	NA	NA	NA	NA	NA	NA	NA	NA
Q1125	NA	NA	10000	376354	37.6429	7.24082e-05	-89511.8	-145400	NA	NA	NA	NA	NA	NA	NA	NA	NA	NA
Q1126	NA	NA	10000	304734	30.4825	0.000485889	-75129.1	-76991.8	NA	NA	NA	NA	NA	NA	NA	NA	NA	NA
Q1127	NA	NA	10000	362019	36.2164	0.000675323	-87059.3	-87434.8	NA	NA	NA	NA	NA	NA	NA	NA	NA	NA
Q1128	NA	NA	10000	372195	37.2381	0.000640917	-88836	-89640.8	NA	NA	NA	NA	NA	NA	NA	NA	NA	NA
Q1129	NA	NA	10000	366677	36.6824	0.000311299	-84606.1	-86326.4	NA	NA	NA	NA	NA	NA	NA	NA	NA	NA
Q1130	NA	NA	10000	405552	40.5674	0.000486	-97046.1	-105393	NA	NA	NA	NA	NA	NA	NA	NA	NA	NA
Q1131	NA	NA	10000	340772	34.084	0.000299662	-83289.6	-88974.6	NA	NA	NA	NA	NA	NA	NA	NA	NA	NA
Q1132	NA	NA	10000	334960	33.5027	0.000181962	-83205.6	-85502.3	NA	NA	NA	NA	NA	NA	NA	NA	NA	NA
Q1133	NA	NA	10000	394369	39.4527	0.000801652	-93891.9	-94324.5	NA	NA	NA	NA	NA	NA	NA	NA	NA	NA
Q1134	NA	NA	10000	390443	39.0677	0.000797688	-94585.2	-99775.7	NA	NA	NA	NA	NA	NA	NA	NA	NA	NA
Q1135	NA	NA	10000	368375	36.8522	0.00016807	-89476.1	-96123.6	NA	NA	NA	NA	NA	NA	NA	NA	NA	NA
Q1136	NA	NA	10000	384970	38.5086	0.000504573	-90489.7	-91009.3	NA	NA	NA	NA	NA	NA	NA	NA	NA	NA
Q1137	NA	NA	10000	370999	37.1073	0.000607337	-89602	-90493.7	NA	NA	NA	NA	NA	NA	NA	NA	NA	NA
Q1138	NA	NA	10000	384383	38.446	0.000483903	-92867.5	-96283.8	NA	NA	NA	NA	NA	NA	NA	NA	NA	NA
Q1139	NA	NA	10000	358030	35.8102	0.000116021	-88314	-120764	NA	NA	NA	NA	NA	NA	NA	NA	NA	NA
Q1140	NA	NA	10000	401057	40.1097	0.000665225	-95159.8	-95754.4	NA	NA	NA	NA	NA	NA	NA	NA	NA	NA
Q1141	NA	NA	10000	346602	34.6706	0.000481963	-82357.8	-83828.5	NA	NA	NA	NA	NA	NA	NA	NA	NA	NA
Q1142	NA	NA	10000	423919	42.4046	0.000576274	-98634.2	-100127	NA	NA	NA	NA	NA	NA	NA	NA	NA	NA
Q1143	NA	NA	10000	396731	39.6929	0.000431572	-93705.2	-95385.4	NA	NA	NA	NA	NA	NA	NA	NA	NA	NA
Q1144	NA	NA	10000	373642	37.3792	0.000573281	-91472.7	-94878.1	NA	NA	NA	NA	NA	NA	NA	NA	NA	NA
Q1145	NA	NA	10000	285032	28.5061	0.000585037	-70144.5	-72379	NA	NA	NA	NA	NA	NA	NA	NA	NA	NA
Q1147	NA	NA	10000	394114	39.4232	0.000625631	-95741.4	-98705.2	NA	NA	NA	NA	NA	NA	NA	NA	NA	NA
Q1148	NA	NA	10000	546009	54.6118	0.000526615	-126193	-126454	NA	NA	NA	NA	NA	NA	NA	NA	NA	NA
Q1149	NA	NA	10000	398383	39.8503	0.000437631	-96842.9	-102869	NA	NA	NA	NA	NA	NA	NA	NA	NA	NA
Q1150	NA	NA	10000	381305	38.1419	0.000712665	-93727.9	-103639	NA	NA	NA	NA	NA	NA	NA	NA	NA	NA
Q1151	NA	NA	10000	421221	42.139	0.000698659	-96904	-98226.9	NA	NA	NA	NA	NA	NA	NA	NA	NA	NA
Q1152	NA	NA	10000	404327	40.4408	0.000493359	-97831.8	-102982	NA	NA	NA	NA	NA	NA	NA	NA	NA	NA
Q1153	NA	NA	10000	375681	37.5756	0.000835688	-95445.1	-96013.7	NA	NA	NA	NA	NA	NA	NA	NA	NA	NA
Q1154	NA	NA	10000	350463	35.0989	0.000121781	-87553.2	-149676	NA	NA	NA	NA	NA	NA	NA	NA	NA	NA
Q1155	NA	NA	10000	401171	40.1332	0.000196998	-96702.3	-104513	NA	NA	NA	NA	NA	NA	NA	NA	NA	NA
Q1156	NA	NA	10000	338050	33.8084	0.000146236	-84171.2	-155368	NA	NA	NA	NA	NA	NA	NA	NA	NA	NA
Q1157	NA	NA	10000	358601	35.8744	0.000424874	-86027.7	-86817.6	NA	NA	NA	NA	NA	NA	NA	NA	NA	NA
Q1158	NA	NA	10000	326091	32.6287	0.000517009	-79133.8	-81899.8	NA	NA	NA	NA	NA	NA	NA	NA	NA	NA
Q1159	NA	NA	10000	409954	40.9995	0.000854964	-98460.3	-98763.9	NA	NA	NA	NA	NA	NA	NA	NA	NA	NA
Q1160	NA	NA	10000	366203	36.6313	0.000305882	-90817.7	-94843.1	NA	NA	NA	NA	NA	NA	NA	NA	NA	NA
Q1161	NA	NA	10000	406974	40.7096	0.000424246	-97888.2	-99156.2	NA	NA	NA	NA	NA	NA	NA	NA	NA	NA
Q1162	NA	NA	10000	391113	39.1191	0.000121649	-96816.6	-154192	NA	NA	NA	NA	NA	NA	NA	NA	NA	NA
Q1163	NA	NA	10000	433657	43.3744	0.002604	-104647	-105434	NA	NA	NA	NA	NA	NA	NA	NA	NA	NA
Q1164	NA	NA	10000	384502	38.4579	0.000240106	-89525.1	-94941.6	NA	NA	NA	NA	NA	NA	NA	NA	NA	NA
Q1165	NA	NA	10000	365434	36.5617	0.00104586	-89616.9	-89776.5	NA	NA	NA	NA	NA	NA	NA	NA	NA	NA
Q1166	NA	NA	10000	437984	43.8028	0.000455075	-103478	-104474	NA	NA	NA	NA	NA	NA	NA	NA	NA	NA
Q1168	NA	NA	10000	390751	39.0829	0.000415151	-96441	-96780.1	NA	NA	NA	NA	NA	NA	NA	NA	NA	NA
Q1169	NA	NA	10000	371297	37.1446	0.00116278	-92195.5	-92383.7	NA	NA	NA	NA	NA	NA	NA	NA	NA	NA
Q1170	NA	NA	10000	388296	38.849	0.00037008	-92430.2	-94035.6	NA	NA	NA	NA	NA	NA	NA	NA	NA	NA
Q1171	NA	NA	10000	412823	41.2947	0.000730555	-97602.7	-98384.7	NA	NA	NA	NA	NA	NA	NA	NA	NA	NA
Q1172	NA	NA	10000	397696	39.7776	0.000254291	-94003	-97289	NA	NA	NA	NA	NA	NA	NA	NA	NA	NA
Q1174	NA	NA	10000	384833	38.491	0.00236473	-93180.7	-94679.8	NA	NA	NA	NA	NA	NA	NA	NA	NA	NA
Q1175	NA	NA	10000	456989	45.7126	0.000314908	-106992	-107446	NA	NA	NA	NA	NA	NA	NA	NA	NA	NA
Q1176	NA	NA	10000	438670	43.8846	0.000439612	-105569	-118662	NA	NA	NA	NA	NA	NA	NA	NA	NA	NA
Q1178	NA	NA	10000	319148	31.9244	0.00028515	-80369.3	-91952.9	NA	NA	NA	NA	NA	NA	NA	NA	NA	NA
Q1179	NA	NA	10000	403865	40.3986	0.000294972	-95842.3	-99773.2	NA	NA	NA	NA	NA	NA	NA	NA	NA	NA
Q1180	NA	NA	10000	368172	36.8356	0.000302991	-87732.3	-120587	NA	NA	NA	NA	NA	NA	NA	NA	NA	NA
Q1181	NA	NA	10000	371769	37.1881	0.000344768	-92809.4	-99199.4	NA	NA	NA	NA	NA	NA	NA	NA	NA	NA
Q1182	NA	NA	10000	377481	37.7594	0.000772265	-90131.7	-93192.6	NA	NA	NA	NA	NA	NA	NA	NA	NA	NA
Q1183	NA	NA	10000	351330	35.1435	0.000338617	-86182.5	-88281.6	NA	NA	NA	NA	NA	NA	NA	NA	NA	NA
Q1184	NA	NA	10000	369787	36.9861	4.35942e-05	-90038.5	-160092	NA	NA	NA	NA	NA	NA	NA	NA	NA	NA
Q1185	NA	NA	10000	420355	42.0523	0.000678509	-100192	-100875	NA	NA	NA	NA	NA	NA	NA	NA	NA	NA
Q1186	NA	NA	10000	391013	39.1052	0.000181119	-95226.9	-111635	NA	NA	NA	NA	NA	NA	NA	NA	NA	NA
Q1187	NA	NA	10000	370114	37.0188	0.000243496	-90527	-139506	NA	NA	NA	NA	NA	NA	NA	NA	NA	NA
Q1189	NA	NA	10000	419616	41.9742	0.000625503	-98749.1	-99680.1	NA	NA	NA	NA	NA	NA	NA	NA	NA	NA
Q1190	NA	NA	10000	311823	31.1979	0.000201254	-76801.6	-80699.2	NA	NA	NA	NA	NA	NA	NA	NA	NA	NA
Q1191	NA	NA	10000	366668	36.6741	0.000645285	-89152.3	-90547.9	NA	NA	NA	NA	NA	NA	NA	NA	NA	NA
Q1193	NA	NA	10000	361389	36.1497	0.000422115	-86537.1	-88896.8	NA	NA	NA	NA	NA	NA	NA	NA	NA	NA
Q1194	NA	NA	10000	380869	38.0983	0.000372022	-90145.8	-94471.8	NA	NA	NA	NA	NA	NA	NA	NA	NA	NA
Q1195	NA	NA	10000	362377	36.2595	0.000486254	-88737.6	-89823.4	NA	NA	NA	NA	NA	NA	NA	NA	NA	NA
Q1196	NA	NA	10000	377548	37.7661	0.000303232	-90539.7	-91916.8	NA	NA	NA	NA	NA	NA	NA	NA	NA	NA
Q1197	NA	NA	10000	377817	37.7893	7.01661e-05	-92862.4	-152510	NA	NA	NA	NA	NA	NA	NA	NA	NA	NA
Q1198	NA	NA	10000	427915	42.8001	0.000240154	-101687	-120552	NA	NA	NA	NA	NA	NA	NA	NA	NA	NA
Q1199	NA	NA	10000	378632	37.8708	0.000352946	-93464.9	-94225.3	NA	NA	NA	NA	NA	NA	NA	NA	NA	NA
Q1200	NA	NA	10000	365610	36.572	0.000193315	-88553.7	-91225.7	NA	NA	NA	NA	NA	NA	NA	NA	NA	NA
Q1201	NA	NA	10000	402995	40.3076	0.000326448	-95950.1	-98317.1	NA	NA	NA	NA	NA	NA	NA	NA	NA	NA
Q1202	NA	NA	10000	429083	42.9212	0.00102896	-101568	-103782	NA	NA	NA	NA	NA	NA	NA	NA	NA	NA
Q1203	NA	NA	10000	428756	42.8928	0.000712403	-105131	-107155	NA	NA	NA	NA	NA	NA	NA	NA	NA	NA
Q1204	NA	NA	10000	308680	30.8773	0.000702408	-78329.2	-78772.6	NA	NA	NA	NA	NA	NA	NA	NA	NA	NA
Q1205	NA	NA	10000	427843	42.7929	0.000518364	-102153	-104658	NA	NA	NA	NA	NA	NA	NA	NA	NA	NA
Q1206	NA	NA	10000	412831	41.2955	0.000422609	-97791.1	-103145	NA	NA	NA	NA	NA	NA	NA	NA	NA	NA
Q1207	NA	NA	10000	439522	43.961	0.000406751	-104140	-106641	NA	NA	NA	NA	NA	NA	NA	NA	NA	NA
Q1208	NA	NA	10000	404151	40.4313	0.000395743	-98632.6	-98850.3	NA	NA	NA	NA	NA	NA	NA	NA	NA	NA
Q1209	NA	NA	10000	310348	31.041	0.000499445	-78799.1	-79585.4	NA	NA	NA	NA	NA	NA	NA	NA	NA	NA
Q1210	NA	NA	10000	343946	34.4118	0.000519373	-83321.9	-86355.7	NA	NA	NA	NA	NA	NA	NA	NA	NA	NA
Q1211	NA	NA	10000	350536	35.0606	0.00075747	-87174.3	-87816.4	NA	NA	NA	NA	NA	NA	NA	NA	NA	NA
Q1212	NA	NA	10000	359637	35.9673	0.000300258	-87239.7	-96007	NA	NA	NA	NA	NA	NA	NA	NA	NA	NA
Q1213	NA	NA	10000	332125	33.2225	0.00074597	-78212	-78671.6	NA	NA	NA	NA	NA	NA	NA	NA	NA	NA
Q1214	NA	NA	10000	301623	30.1774	0.000239343	-74240	-76880.1	NA	NA	NA	NA	NA	NA	NA	NA	NA	NA
Q1215	NA	NA	10000	368502	36.8613	0.000515554	-88906.6	-89419.3	NA	NA	NA	NA	NA	NA	NA	NA	NA	NA
Q1216	NA	NA	10000	394228	39.4425	0.000811448	-94516.1	-95235.1	NA	NA	NA	NA	NA	NA	NA	NA	NA	NA
Q1217	NA	NA	10000	393126	39.3283	0.000659554	-93584	-94435.8	NA	NA	NA	NA	NA	NA	NA	NA	NA	NA
Q1218	NA	NA	10000	314691	31.4754	0.000591044	-78949.9	-79378	NA	NA	NA	NA	NA	NA	NA	NA	NA	NA
Q1219	NA	NA	10000	404970	40.5092	0.000335231	-98685.1	-100030	NA	NA	NA	NA	NA	NA	NA	NA	NA	NA
Q1220	NA	NA	10000	368362	36.8362	0.000428209	-93282.6	-94295.9	NA	NA	NA	NA	NA	NA	NA	NA	NA	NA
Q1221	NA	NA	10000	360665	36.0773	0.000758999	-86351.3	-90460.9	NA	NA	NA	NA	NA	NA	NA	NA	NA	NA
Q1222	NA	NA	10000	294902	29.4961	0.000389294	-73753.6	-74175.6	NA	NA	NA	NA	NA	NA	NA	NA	NA	NA
Q1223	NA	NA	10000	417944	41.8153	0.00109395	-99643.2	-100020	NA	NA	NA	NA	NA	NA	NA	NA	NA	NA
Q1224	NA	NA	10000	360605	36.0677	0.000479381	-88033.7	-93022.7	NA	NA	NA	NA	NA	NA	NA	NA	NA	NA
Q1225	NA	NA	10000	407672	40.7835	0.000374758	-94340.4	-106316	NA	NA	NA	NA	NA	NA	NA	NA	NA	NA
Q1226	NA	NA	10000	360518	36.0554	0.000595694	-89793.4	-91319.1	NA	NA	NA	NA	NA	NA	NA	NA	NA	NA
Q1227	NA	NA	10000	324423	32.4423	0.000388861	-81241.8	-85130.1	NA	NA	NA	NA	NA	NA	NA	NA	NA	NA
Q1228	NA	NA	10000	442137	44.2314	0.00027473	-104601	-108822	NA	NA	NA	NA	NA	NA	NA	NA	NA	NA
Q1229	NA	NA	10000	380810	38.0886	0.000671323	-93408.8	-94152	NA	NA	NA	NA	NA	NA	NA	NA	NA	NA
Q1230	NA	NA	10000	415447	41.5489	0.000476915	-98526.1	-98679.7	NA	NA	NA	NA	NA	NA	NA	NA	NA	NA
Q1231	NA	NA	10000	361168	36.1313	0.000288125	-86220.5	-88355.5	NA	NA	NA	NA	NA	NA	NA	NA	NA	NA
Q1234	NA	NA	10000	394380	39.4538	0.00046011	-95632.4	-97602.2	NA	NA	NA	NA	NA	NA	NA	NA	NA	NA
Q1235	NA	NA	10000	417904	41.7988	0.000249443	-99220.4	-102049	NA	NA	NA	NA	NA	NA	NA	NA	NA	NA
Q1236	NA	NA	10000	402385	40.2465	0.000293559	-95799.6	-100453	NA	NA	NA	NA	NA	NA	NA	NA	NA	NA
Q1238	NA	NA	10000	327027	32.7158	0.000237231	-81439.4	-98384.9	NA	NA	NA	NA	NA	NA	NA	NA	NA	NA
Q1239	NA	NA	10000	387008	38.7163	0.000650885	-94010.3	-94486.2	NA	NA	NA	NA	NA	NA	NA	NA	NA	NA
Q1241	NA	NA	10000	321949	32.1981	0.000811507	-80777.4	-83313.9	NA	NA	NA	NA	NA	NA	NA	NA	NA	NA
Q1242	NA	NA	10000	396436	39.6595	0.000330936	-94796.2	-97796.6	NA	NA	NA	NA	NA	NA	NA	NA	NA	NA
Q1243	NA	NA	10000	368582	36.8582	0.000554939	-90553.9	-92555.9	NA	NA	NA	NA	NA	NA	NA	NA	NA	NA
Q1244	NA	NA	10000	481811	48.2052	0.000263946	-114689	-115546	NA	NA	NA	NA	NA	NA	NA	NA	NA	NA
Q1245	NA	NA	10000	419301	41.9427	0.000391898	-100604	-106077	NA	NA	NA	NA	NA	NA	NA	NA	NA	NA
Q1246	NA	NA	10000	384922	38.4999	0.000440364	-92335.4	-96750.4	NA	NA	NA	NA	NA	NA	NA	NA	NA	NA
Q1247	NA	NA	10000	366195	36.6342	0.000350863	-87176.5	-88753.1	NA	NA	NA	NA	NA	NA	NA	NA	NA	NA
Q1248	NA	NA	10000	363746	36.3746	0.000906385	-90073.9	-90566.9	NA	NA	NA	NA	NA	NA	NA	NA	NA	NA
Q1249	NA	NA	10000	446000	44.6045	0.000520108	-104827	-107175	NA	NA	NA	NA	NA	NA	NA	NA	NA	NA
Q1250	NA	NA	10000	360259	36.0259	0.000746082	-88868.6	-89791.7	NA	NA	NA	NA	NA	NA	NA	NA	NA	NA
Q1251	NA	NA	10000	364630	36.4666	0.000487232	-89682.6	-90562.2	NA	NA	NA	NA	NA	NA	NA	NA	NA	NA
Q1252	NA	NA	10000	374410	37.456	0.000455745	-88889.2	-89786.3	NA	NA	NA	NA	NA	NA	NA	NA	NA	NA
Q1253	NA	NA	10000	387705	38.7783	7.7366e-05	-91867	-102995	NA	NA	NA	NA	NA	NA	NA	NA	NA	NA
Q1254	NA	NA	10000	384540	38.4732	0.000479947	-92498.9	-93479.2	NA	NA	NA	NA	NA	NA	NA	NA	NA	NA
Q1255	NA	NA	10000	383549	38.3626	0.000355953	-92675.1	-102437	NA	NA	NA	NA	NA	NA	NA	NA	NA	NA
Q1256	NA	NA	10000	411547	41.1712	0.000271279	-96597	-106829	NA	NA	NA	NA	NA	NA	NA	NA	NA	NA
Q1257	NA	NA	10000	355015	35.5122	0.000302447	-84822.8	-103187	NA	NA	NA	NA	NA	NA	NA	NA	NA	NA
Q1258	NA	NA	10000	368166	36.8276	0.000470068	-87237.2	-87777.7	NA	NA	NA	NA	NA	NA	NA	NA	NA	NA
Q1259	NA	NA	10000	376991	37.7066	0.000161607	-89311.7	-96548.6	NA	NA	NA	NA	NA	NA	NA	NA	NA	NA
Q1260	NA	NA	10000	478656	47.8752	0.00030738	-110487	-115605	NA	NA	NA	NA	NA	NA	NA	NA	NA	NA
Q1261	NA	NA	10000	400782	40.0942	0.000111221	-96856.8	-103818	NA	NA	NA	NA	NA	NA	NA	NA	NA	NA
Q1262	NA	NA	10000	376936	37.6936	0.00036074	-89256.2	-92893	NA	NA	NA	NA	NA	NA	NA	NA	NA	NA
Q1263	NA	NA	10000	440294	44.0514	0.000433883	-106216	-106403	NA	NA	NA	NA	NA	NA	NA	NA	NA	NA
Q1264	NA	NA	10000	340719	34.0855	0.00166671	-81060.1	-81755.7	NA	NA	NA	NA	NA	NA	NA	NA	NA	NA
Q1266	NA	NA	10000	478100	47.8148	0.00119301	-111499	-112276	NA	NA	NA	NA	NA	NA	NA	NA	NA	NA
Q1267	NA	NA	10000	433313	43.3356	0.00066325	-105567	-105915	NA	NA	NA	NA	NA	NA	NA	NA	NA	NA
Q1269	NA	NA	10000	389581	38.9698	0.000242459	-91370	-96399.7	NA	NA	NA	NA	NA	NA	NA	NA	NA	NA
Q1270	NA	NA	10000	346266	34.6301	0.00164805	-82744.2	-83840.1	NA	NA	NA	NA	NA	NA	NA	NA	NA	NA
Q1271	NA	NA	10000	368457	36.8531	0.000211541	-90549.1	-140541	NA	NA	NA	NA	NA	NA	NA	NA	NA	NA
Q1272	NA	NA	10000	429605	42.9691	0.000896786	-99552	-100581	NA	NA	NA	NA	NA	NA	NA	NA	NA	NA
Q1273	NA	NA	10000	512590	51.259	0.000483403	-120129	-123365	NA	NA	NA	NA	NA	NA	NA	NA	NA	NA
Q1274	NA	NA	10000	372434	37.2509	7.73265e-05	-89829.8	-120158	NA	NA	NA	NA	NA	NA	NA	NA	NA	NA
Q1275	NA	NA	10000	377202	37.724	8.19056e-05	-90451.1	-127045	NA	NA	NA	NA	NA	NA	NA	NA	NA	NA
Q1276	NA	NA	10000	443321	44.3454	0.00129071	-106895	-107890	NA	NA	NA	NA	NA	NA	NA	NA	NA	NA
Q1277	NA	NA	10000	427499	42.7627	0.000951092	-101072	-101387	NA	NA	NA	NA	NA	NA	NA	NA	NA	NA
Q1278	NA	NA	10000	464433	46.4572	0.00144152	-112041	-112477	NA	NA	NA	NA	NA	NA	NA	NA	NA	NA
Q1279	NA	NA	10000	379223	37.9337	7.28493e-05	-91174.7	-131593	NA	NA	NA	NA	NA	NA	NA	NA	NA	NA
Q1281	NA	NA	10000	465968	46.6015	0.000709718	-108865	-109297	NA	NA	NA	NA	NA	NA	NA	NA	NA	NA
Q1282	NA	NA	10000	456806	45.6852	0.00100717	-105655	-106213	NA	NA	NA	NA	NA	NA	NA	NA	NA	NA
Q1283	NA	NA	10000	316259	31.6259	0.00197993	-76985.5	-77865.3	NA	NA	NA	NA	NA	NA	NA	NA	NA	NA
Q1284	NA	NA	10000	355956	35.6027	0.000263332	-85284.7	-97491.8	NA	NA	NA	NA	NA	NA	NA	NA	NA	NA
Q1285	NA	NA	10000	308331	30.8393	0.000171218	-77084.6	-113515	NA	NA	NA	NA	NA	NA	NA	NA	NA	NA
Q1286	NA	NA	10000	361847	36.1919	0.00101518	-88130.2	-88713.3	NA	NA	NA	NA	NA	NA	NA	NA	NA	NA
Q1287	NA	NA	10000	322029	32.2093	0.000183522	-76753.9	-112407	NA	NA	NA	NA	NA	NA	NA	NA	NA	NA
Q1288	NA	NA	10000	312370	31.2401	0.000152593	-74778.7	-76549.5	NA	NA	NA	NA	NA	NA	NA	NA	NA	NA
Q1289	NA	NA	10000	319089	31.9153	0.000287885	-77574.4	-84191	NA	NA	NA	NA	NA	NA	NA	NA	NA	NA
Q1290	NA	NA	10000	358903	35.8975	0.000196373	-87948.2	-137624	NA	NA	NA	NA	NA	NA	NA	NA	NA	NA
Q1291	NA	NA	10000	446384	44.6429	5.02775e-05	-105127	-193330	NA	NA	NA	NA	NA	NA	NA	NA	NA	NA
Q1292	NA	NA	10000	429018	42.9147	0.000431273	-103349	-104845	NA	NA	NA	NA	NA	NA	NA	NA	NA	NA
Q1293	NA	NA	10000	441712	44.1756	0.0003914	-104513	-107219	NA	NA	NA	NA	NA	NA	NA	NA	NA	NA
Q1294	NA	NA	10000	381053	38.1091	0.000226084	-91111	-99643.9	NA	NA	NA	NA	NA	NA	NA	NA	NA	NA
Q1295	NA	NA	10000	346380	34.6449	0.000284219	-84075.2	-90195.7	NA	NA	NA	NA	NA	NA	NA	NA	NA	NA
Q1296	NA	NA	10000	357236	35.7272	0.000177459	-88565.2	-145414	NA	NA	NA	NA	NA	NA	NA	NA	NA	NA
Q1297	NA	NA	10000	349050	34.912	0.000360104	-84932.3	-86767.9	NA	NA	NA	NA	NA	NA	NA	NA	NA	NA
Q1298	NA	NA	10000	371476	37.155	0.000311203	-87005.5	-87554.5	NA	NA	NA	NA	NA	NA	NA	NA	NA	NA
Q1299	NA	NA	10000	383375	38.3528	0.000135276	-93113.3	-160340	NA	NA	NA	NA	NA	NA	NA	NA	NA	NA
Q1300	NA	NA	10000	435779	43.5953	0.000742961	-106083	-106443	NA	NA	NA	NA	NA	NA	NA	NA	NA	NA
Q1301	NA	NA	10000	298898	29.8958	0.000178184	-76085.3	-175009	NA	NA	NA	NA	NA	NA	NA	NA	NA	NA
Q1302	NA	NA	10000	309658	30.9813	0.000419568	-73828.5	-81821	NA	NA	NA	NA	NA	NA	NA	NA	NA	NA
Q1306	NA	NA	10000	388321	38.8438	0.000127466	-92168.6	-169598	NA	NA	NA	NA	NA	NA	NA	NA	NA	NA
Q1307	NA	NA	10000	391209	39.1405	0.000319092	-94081.9	-95288.2	NA	NA	NA	NA	NA	NA	NA	NA	NA	NA
Q1308	NA	NA	10000	269463	26.949	0.000248448	-70226.8	-128299	NA	NA	NA	NA	NA	NA	NA	NA	NA	NA
Q1309	NA	NA	10000	449337	44.9562	0.000446437	-105031	-105528	NA	NA	NA	NA	NA	NA	NA	NA	NA	NA
Q1310	NA	NA	10000	374237	37.4349	0.000175735	-91428.9	-112887	NA	NA	NA	NA	NA	NA	NA	NA	NA	NA
Q1311	NA	NA	10000	359855	35.9927	0.000230065	-85789.7	-89312.2	NA	NA	NA	NA	NA	NA	NA	NA	NA	NA
Q1312	NA	NA	10000	463900	46.4132	0.000298083	-108073	-110376	NA	NA	NA	NA	NA	NA	NA	NA	NA	NA
Q1313	NA	NA	10000	281458	28.1514	0.000527689	-75144.1	-79584.4	NA	NA	NA	NA	NA	NA	NA	NA	NA	NA
Q1315	NA	NA	10000	376743	37.6818	0.000565892	-92725.6	-94100.5	NA	NA	NA	NA	NA	NA	NA	NA	NA	NA
Q1316	NA	NA	10000	373536	37.3648	0.00055712	-88972.6	-89993.4	NA	NA	NA	NA	NA	NA	NA	NA	NA	NA
Q1317	NA	NA	10000	363755	36.3828	0.000325376	-89310.5	-92846.4	NA	NA	NA	NA	NA	NA	NA	NA	NA	NA
Q1318	NA	NA	10000	364819	36.4928	0.000432834	-88642.6	-93902.1	NA	NA	NA	NA	NA	NA	NA	NA	NA	NA
Q1319	NA	NA	10000	379137	37.9327	0.000347548	-92707.2	-96935.3	NA	NA	NA	NA	NA	NA	NA	NA	NA	NA
Q1320	NA	NA	10000	465121	46.5261	0.000236796	-110157	-115299	NA	NA	NA	NA	NA	NA	NA	NA	NA	NA
Q1321	NA	NA	10000	360397	36.0433	0.000376348	-87363.8	-110470	NA	NA	NA	NA	NA	NA	NA	NA	NA	NA
Q1322	NA	NA	10000	381013	38.1165	0.000362844	-95302.6	-95506.6	NA	NA	NA	NA	NA	NA	NA	NA	NA	NA
Q1323	NA	NA	10000	371969	37.2043	0.000330301	-89454.9	-96655	NA	NA	NA	NA	NA	NA	NA	NA	NA	NA
Q1324	NA	NA	10000	378012	37.805	0.000175843	-91159.6	-123139	NA	NA	NA	NA	NA	NA	NA	NA	NA	NA
Q1325	NA	NA	10000	414990	41.5073	0.000246916	-97744.1	-105493	NA	NA	NA	NA	NA	NA	NA	NA	NA	NA
Q1326	NA	NA	10000	374024	37.4061	0.000710107	-90615.8	-91041.3	NA	NA	NA	NA	NA	NA	NA	NA	NA	NA
Q1327	NA	NA	10000	371098	37.1172	0.000256618	-90169	-91376.1	NA	NA	NA	NA	NA	NA	NA	NA	NA	NA
Q1328	NA	NA	10000	446899	44.7078	0.000177876	-106979	-145846	NA	NA	NA	NA	NA	NA	NA	NA	NA	NA
Q1329	NA	NA	10000	379178	37.9254	0.000180036	-92648.8	-94508.4	NA	NA	NA	NA	NA	NA	NA	NA	NA	NA
Q1330	NA	NA	10000	361853	36.1962	0.000271999	-89518.9	-91938	NA	NA	NA	NA	NA	NA	NA	NA	NA	NA
Q1331	NA	NA	10000	489157	48.9451	0.000323241	-117386	-119443	NA	NA	NA	NA	NA	NA	NA	NA	NA	NA
Q1332	NA	NA	10000	317923	31.7987	0.000142377	-75946.3	-101309	NA	NA	NA	NA	NA	NA	NA	NA	NA	NA
Q1333	NA	NA	10000	379531	37.9683	0.000273542	-93194	-94553.1	NA	NA	NA	NA	NA	NA	NA	NA	NA	NA
Q1334	NA	NA	10000	404484	40.4524	0.000355849	-97320.9	-101914	NA	NA	NA	NA	NA	NA	NA	NA	NA	NA
Q1335	NA	NA	10000	339413	33.9447	0.000226741	-82247.8	-86607	NA	NA	NA	NA	NA	NA	NA	NA	NA	NA
Q1336	NA	NA	10000	374882	37.4994	0.000343763	-90146.8	-92260.2	NA	NA	NA	NA	NA	NA	NA	NA	NA	NA
Q1337	NA	NA	10000	353351	35.3492	0.000356703	-84825	-86097.9	NA	NA	NA	NA	NA	NA	NA	NA	NA	NA
Q1338	NA	NA	10000	375383	37.5496	0.000390246	-91120.2	-104646	NA	NA	NA	NA	NA	NA	NA	NA	NA	NA
Q1339	NA	NA	10000	411594	41.18	0.000552775	-96899.4	-97130.7	NA	NA	NA	NA	NA	NA	NA	NA	NA	NA
Q1340	NA	NA	10000	397915	39.8034	0.000438324	-96046.2	-102247	NA	NA	NA	NA	NA	NA	NA	NA	NA	NA
Q1341	NA	NA	10000	617128	61.7251	0.000699545	-141369	-143337	NA	NA	NA	NA	NA	NA	NA	NA	NA	NA
Q1342	NA	NA	10000	350995	35.11	0.000375049	-85872	-88157.7	NA	NA	NA	NA	NA	NA	NA	NA	NA	NA
Q1343	NA	NA	10000	357937	35.7973	0.000459333	-86494	-93042.9	NA	NA	NA	NA	NA	NA	NA	NA	NA	NA
Q1344	NA	NA	10000	423504	42.3589	0.00047827	-99291.8	-102949	NA	NA	NA	NA	NA	NA	NA	NA	NA	NA
Q1345	NA	NA	10000	368538	36.8649	0.000377616	-91862.7	-95418.3	NA	NA	NA	NA	NA	NA	NA	NA	NA	NA
Q1346	NA	NA	10000	364573	36.4792	0.000279725	-89493.4	-95467.5	NA	NA	NA	NA	NA	NA	NA	NA	NA	NA
Q1347	NA	NA	10000	396881	39.704	0.000407578	-95901.9	-101772	NA	NA	NA	NA	NA	NA	NA	NA	NA	NA
Q1348	NA	NA	10000	368023	36.8097	0.00037873	-89743.8	-97947.3	NA	NA	NA	NA	NA	NA	NA	NA	NA	NA
Q1349	NA	NA	10000	349629	34.9699	7.86568e-05	-84871.7	-116211	NA	NA	NA	NA	NA	NA	NA	NA	NA	NA
Q1350	NA	NA	10000	407460	40.7623	0.000254391	-93903.6	-94841	NA	NA	NA	NA	NA	NA	NA	NA	NA	NA
Q1351	NA	NA	10000	370004	37.0041	0.000462432	-89450	-91601.7	NA	NA	NA	NA	NA	NA	NA	NA	NA	NA
Q1352	NA	NA	10000	419337	41.9463	0.000588988	-100341	-101221	NA	NA	NA	NA	NA	NA	NA	NA	NA	NA
Q1353	NA	NA	10000	355149	35.522	0.000317703	-87074.4	-87497.7	NA	NA	NA	NA	NA	NA	NA	NA	NA	NA
Q1354	NA	NA	10000	372476	37.2513	0.000170746	-91991.3	-96379.9	NA	NA	NA	NA	NA	NA	NA	NA	NA	NA
Q1355	NA	NA	10000	425640	42.5725	0.000275312	-102808	-107728	NA	NA	NA	NA	NA	NA	NA	NA	NA	NA
Q1357	NA	NA	10000	356466	35.6537	0.000307586	-90143.3	-94266.1	NA	NA	NA	NA	NA	NA	NA	NA	NA	NA
Q1358	NA	NA	10000	349256	34.9396	0.000349821	-86818.2	-89110.1	NA	NA	NA	NA	NA	NA	NA	NA	NA	NA
Q1359	NA	NA	10000	452125	45.2261	0.000278451	-106369	-115177	NA	NA	NA	NA	NA	NA	NA	NA	NA	NA
Q1360	NA	NA	10000	326893	32.6958	0.000730232	-82892.9	-84602.6	NA	NA	NA	NA	NA	NA	NA	NA	NA	NA
Q1361	NA	NA	10000	292733	29.2821	0.000409252	-76044.7	-76526.5	NA	NA	NA	NA	NA	NA	NA	NA	NA	NA
Q1362	NA	NA	10000	370431	37.0505	0.000208025	-88987.6	-90212.9	NA	NA	NA	NA	NA	NA	NA	NA	NA	NA
Q1363	NA	NA	10000	374589	37.4739	0.000367419	-91088	-92968.4	NA	NA	NA	NA	NA	NA	NA	NA	NA	NA
Q1364	NA	NA	10000	466957	46.7097	0.000330737	-108004	-113449	NA	NA	NA	NA	NA	NA	NA	NA	NA	NA
Q1365	NA	NA	10000	340492	34.0594	0.000262931	-81639.1	-100909	NA	NA	NA	NA	NA	NA	NA	NA	NA	NA
Q1366	NA	NA	10000	357990	35.8062	0.000116145	-88767.2	-136380	NA	NA	NA	NA	NA	NA	NA	NA	NA	NA
Q1367	NA	NA	10000	372394	37.2506	0.000386734	-93923.5	-96998.6	NA	NA	NA	NA	NA	NA	NA	NA	NA	NA
Q1368	NA	NA	10000	365348	36.5458	0.000198908	-89113.3	-93995	NA	NA	NA	NA	NA	NA	NA	NA	NA	NA
Q1369	NA	NA	10000	369208	36.9282	0.000307725	-92558.2	-93473.1	NA	NA	NA	NA	NA	NA	NA	NA	NA	NA
Q1370	NA	NA	10000	371161	37.1198	0.000296718	-90880.1	-108013	NA	NA	NA	NA	NA	NA	NA	NA	NA	NA
Q1371	NA	NA	10000	331234	33.1234	0.000334417	-83071	-85782.9	NA	NA	NA	NA	NA	NA	NA	NA	NA	NA
Q1372	NA	NA	10000	279736	27.9848	0.000453059	-69054.2	-75811.9	NA	NA	NA	NA	NA	NA	NA	NA	NA	NA
Q1373	NA	NA	10000	359338	35.941	0.0001396	-89823.7	-134630	NA	NA	NA	NA	NA	NA	NA	NA	NA	NA
Q1374	NA	NA	10000	360463	36.0571	0.000445065	-88435.2	-100973	NA	NA	NA	NA	NA	NA	NA	NA	NA	NA
Q1375	NA	NA	10000	362893	36.2966	0.000393076	-89301.3	-95685	NA	NA	NA	NA	NA	NA	NA	NA	NA	NA
Q1376	NA	NA	10000	366662	36.6772	0.000321436	-92549.6	-95448.8	NA	NA	NA	NA	NA	NA	NA	NA	NA	NA
Q1377	NA	NA	10000	453482	45.3482	0.000387543	-108129	-111090	NA	NA	NA	NA	NA	NA	NA	NA	NA	NA
Q1378	NA	NA	10000	458528	45.8574	0.000121647	-109523	-122545	NA	NA	NA	NA	NA	NA	NA	NA	NA	NA
Q1379	NA	NA	10000	353797	35.3868	0.000396768	-87889.6	-91160.2	NA	NA	NA	NA	NA	NA	NA	NA	NA	NA
Q1380	NA	NA	10000	372977	37.3052	0.000451849	-92799	-97028.7	NA	NA	NA	NA	NA	NA	NA	NA	NA	NA
Q1381	NA	NA	10000	372212	37.2249	0.000290316	-92359.6	-95115	NA	NA	NA	NA	NA	NA	NA	NA	NA	NA
Q1382	NA	NA	10000	355082	35.5082	0.000518155	-87301.4	-90023.3	NA	NA	NA	NA	NA	NA	NA	NA	NA	NA
Q1383	NA	NA	10000	370208	37.0282	0.000375803	-92522.7	-93116.9	NA	NA	NA	NA	NA	NA	NA	NA	NA	NA
Q1384	NA	NA	10000	369422	36.9422	0.000566775	-93487	-94255.8	NA	NA	NA	NA	NA	NA	NA	NA	NA	NA
Q1385	NA	NA	10000	383665	38.3857	0.000264029	-92282.3	-95475.7	NA	NA	NA	NA	NA	NA	NA	NA	NA	NA
Q1386	NA	NA	10000	375180	37.5218	0.00040018	-93320.4	-98109.9	NA	NA	NA	NA	NA	NA	NA	NA	NA	NA
Q1387	NA	NA	10000	396372	39.6412	0.000371745	-89904.5	-115933	NA	NA	NA	NA	NA	NA	NA	NA	NA	NA
Q1388	NA	NA	10000	336089	33.6156	0.000854175	-81351.6	-82269.1	NA	NA	NA	NA	NA	NA	NA	NA	NA	NA
Q1390	NA	NA	10000	453383	45.3428	0.00164752	-109138	-109490	NA	NA	NA	NA	NA	NA	NA	NA	NA	NA
Q1391	NA	NA	10000	319481	31.9545	0.000925286	-78771.4	-79649.1	NA	NA	NA	NA	NA	NA	NA	NA	NA	NA
Q1392	NA	NA	10000	457884	45.8067	0.000870135	-111524	-112329	NA	NA	NA	NA	NA	NA	NA	NA	NA	NA
Q1393	NA	NA	10000	473690	47.3785	0.00052014	-114913	-115753	NA	NA	NA	NA	NA	NA	NA	NA	NA	NA
Q1394	NA	NA	10000	371253	37.1364	0.00157632	-89007.3	-90081.7	NA	NA	NA	NA	NA	NA	NA	NA	NA	NA
Q1395	NA	NA	10000	402814	40.2854	0.00146757	-97540.3	-98250.4	NA	NA	NA	NA	NA	NA	NA	NA	NA	NA
Q1396	NA	NA	10000	421364	42.1406	0.000497612	-101544	-101659	NA	NA	NA	NA	NA	NA	NA	NA	NA	NA
Q1397	NA	NA	10000	444967	44.4967	0.00131538	-107565	-110323	NA	NA	NA	NA	NA	NA	NA	NA	NA	NA
Q1398	NA	NA	10000	505275	50.5326	0.000817948	-121169	-121836	NA	NA	NA	NA	NA	NA	NA	NA	NA	NA
Q1399	NA	NA	10000	314655	31.4686	0.000834444	-74616.5	-75131.3	NA	NA	NA	NA	NA	NA	NA	NA	NA	NA
Q1400	NA	NA	10000	452461	45.2642	0.00109614	-107528	-107924	NA	NA	NA	NA	NA	NA	NA	NA	NA	NA
Q1401	NA	NA	10000	384868	38.4945	0.000813629	-90874.7	-93270.7	NA	NA	NA	NA	NA	NA	NA	NA	NA	NA
Q1402	NA	NA	10000	361206	36.1351	0.00148301	-83796.5	-84023.8	NA	NA	NA	NA	NA	NA	NA	NA	NA	NA
Q1403	NA	NA	10000	449014	44.9194	0.000384713	-105523	-140757	NA	NA	NA	NA	NA	NA	NA	NA	NA	NA
Q1405	NA	NA	10000	405293	40.5374	0.000640209	-95333	-95910.9	NA	NA	NA	NA	NA	NA	NA	NA	NA	NA
Q1406	NA	NA	10000	318291	31.8418	0.000758995	-78921.9	-81949.8	NA	NA	NA	NA	NA	NA	NA	NA	NA	NA
Q1407	NA	NA	10000	393022	39.3179	0.000777952	-93426.4	-95604.5	NA	NA	NA	NA	NA	NA	NA	NA	NA	NA
Q1408	NA	NA	10000	435953	43.6084	0.000881594	-105387	-105985	NA	NA	NA	NA	NA	NA	NA	NA	NA	NA
Q1409	NA	NA	10000	317807	31.7871	0.000938889	-76912.2	-77132.8	NA	NA	NA	NA	NA	NA	NA	NA	NA	NA
Q1410	NA	NA	10000	480565	48.0613	0.000653577	-111936	-112743	NA	NA	NA	NA	NA	NA	NA	NA	NA	NA
Q1411	NA	NA	10000	350124	35.0194	0.000732464	-82156.2	-82771	NA	NA	NA	NA	NA	NA	NA	NA	NA	NA
Q1412	NA	NA	10000	440923	44.1011	0.000623084	-104560	-106111	NA	NA	NA	NA	NA	NA	NA	NA	NA	NA
Q1413	NA	NA	10000	404679	40.48	0.000848154	-101387	-102275	NA	NA	NA	NA	NA	NA	NA	NA	NA	NA
Q1414	NA	NA	10000	339147	33.9215	0.00104271	-82322.6	-82705.2	NA	NA	NA	NA	NA	NA	NA	NA	NA	NA
Q1415	NA	NA	10000	347040	34.7144	0.000245253	-84957.8	-142567	NA	NA	NA	NA	NA	NA	NA	NA	NA	NA
Q1416	NA	NA	10000	374332	37.4407	0.00112984	-90566.5	-91711	NA	NA	NA	NA	NA	NA	NA	NA	NA	NA
Q1417	NA	NA	10000	426296	42.6467	0.00231359	-100477	-100794	NA	NA	NA	NA	NA	NA	NA	NA	NA	NA
Q1418	NA	NA	10000	369558	36.9595	0.000792801	-89703.3	-90336.2	NA	NA	NA	NA	NA	NA	NA	NA	NA	NA
Q1420	NA	NA	10000	447375	44.7509	0.000434011	-105251	-106530	NA	NA	NA	NA	NA	NA	NA	NA	NA	NA
Q1421	NA	NA	10000	330673	33.0706	0.000662402	-81446.1	-82161.5	NA	NA	NA	NA	NA	NA	NA	NA	NA	NA
Q1422	NA	NA	10000	394582	39.4779	0.000734105	-93663.5	-93734.8	NA	NA	NA	NA	NA	NA	NA	NA	NA	NA
Q1423	NA	NA	10000	358711	35.8711	0.000851563	-87142	-87397.7	NA	NA	NA	NA	NA	NA	NA	NA	NA	NA
Q1424	NA	NA	10000	439987	44.0075	0.000479259	-105764	-106592	NA	NA	NA	NA	NA	NA	NA	NA	NA	NA
Q1425	NA	NA	10000	323403	32.3468	0.00106916	-78251.8	-78749.4	NA	NA	NA	NA	NA	NA	NA	NA	NA	NA
Q1427	NA	NA	10000	453497	45.3633	0.000714924	-106863	-107787	NA	NA	NA	NA	NA	NA	NA	NA	NA	NA
Q1428	NA	NA	10000	410392	41.0474	0.0008384	-100964	-101446	NA	NA	NA	NA	NA	NA	NA	NA	NA	NA
Q1430	NA	NA	10000	369014	36.9088	0.000859667	-88449.9	-91396.8	NA	NA	NA	NA	NA	NA	NA	NA	NA	NA
Q1432	NA	NA	10000	284655	28.4769	0.000523416	-70724.4	-75872.8	NA	NA	NA	NA	NA	NA	NA	NA	NA	NA
Q1433	NA	NA	10000	489275	48.9324	0.000768729	-116287	-116392	NA	NA	NA	NA	NA	NA	NA	NA	NA	NA
Q1434	NA	NA	10000	497230	49.7429	0.000530674	-118447	-121634	NA	NA	NA	NA	NA	NA	NA	NA	NA	NA
Q1435	NA	NA	10000	438959	43.9047	0.00129416	-105167	-105727	NA	NA	NA	NA	NA	NA	NA	NA	NA	NA
Q1436	NA	NA	10000	391924	39.2002	0.00069086	-95186.4	-95622.3	NA	NA	NA	NA	NA	NA	NA	NA	NA	NA
Q1437	NA	NA	10000	287778	28.7893	0.00146573	-68731.3	-69185.6	NA	NA	NA	NA	NA	NA	NA	NA	NA	NA
Q1438	NA	NA	10000	315800	31.5863	0.000734787	-78559.4	-83410.2	NA	NA	NA	NA	NA	NA	NA	NA	NA	NA
Q1439	NA	NA	10000	504994	50.5196	0.00137604	-115030	-115770	NA	NA	NA	NA	NA	NA	NA	NA	NA	NA
Q1440	NA	NA	10000	451470	45.1605	0.00110397	-106862	-107397	NA	NA	NA	NA	NA	NA	NA	NA	NA	NA
Q1441	NA	NA	10000	418009	41.8051	0.000899723	-99141.2	-99486.3	NA	NA	NA	NA	NA	NA	NA	NA	NA	NA
Q1442	NA	NA	10000	384591	38.4668	0.000199308	-93313.8	-128092	NA	NA	NA	NA	NA	NA	NA	NA	NA	NA
Q1443	NA	NA	10000	377494	37.7607	0.00107002	-92085.9	-92635.9	NA	NA	NA	NA	NA	NA	NA	NA	NA	NA
Q1444	NA	NA	10000	291562	29.1591	0.00114468	-71183.6	-71819.9	NA	NA	NA	NA	NA	NA	NA	NA	NA	NA
Q1445	NA	NA	10000	454077	45.4122	0.000940242	-105960	-106217	NA	NA	NA	NA	NA	NA	NA	NA	NA	NA
Q1447	NA	NA	10000	338478	33.8613	0.00107155	-81165.1	-81769.8	NA	NA	NA	NA	NA	NA	NA	NA	NA	NA
Q1448	NA	NA	10000	383055	38.3132	0.000391384	-93120.9	-94914.3	NA	NA	NA	NA	NA	NA	NA	NA	NA	NA
Q1449	NA	NA	10000	362013	36.2049	0.000254735	-89287.9	-104247	NA	NA	NA	NA	NA	NA	NA	NA	NA	NA
Q1450	NA	NA	10000	406289	40.637	0.0007514	-95331.8	-95666.4	NA	NA	NA	NA	NA	NA	NA	NA	NA	NA
Q1451	NA	NA	10000	332671	33.2704	0.00249219	-81081.2	-81586.5	NA	NA	NA	NA	NA	NA	NA	NA	NA	NA
Q1452	NA	NA	10000	384193	38.427	0.000129386	-92662.3	-125550	NA	NA	NA	NA	NA	NA	NA	NA	NA	NA
Q1453	NA	NA	10000	384460	38.4498	0.000345575	-96969.4	-105198	NA	NA	NA	NA	NA	NA	NA	NA	NA	NA
Q1454	NA	NA	10000	368451	36.8488	0.000124998	-93967	-178323	NA	NA	NA	NA	NA	NA	NA	NA	NA	NA
Q1455	NA	NA	10000	363987	36.4023	0.000119012	-89520.8	-168593	NA	NA	NA	NA	NA	NA	NA	NA	NA	NA
Q1456	NA	NA	10000	382565	38.2565	6.94343e-05	-92879.1	-155548	NA	NA	NA	NA	NA	NA	NA	NA	NA	NA
Q1457	NA	NA	10000	369951	37.0062	0.000123147	-92194	-150016	NA	NA	NA	NA	NA	NA	NA	NA	NA	NA
Q1458	NA	NA	10000	368743	36.8817	0.00182118	-91435.7	-91812.7	NA	NA	NA	NA	NA	NA	NA	NA	NA	NA
Q1460	NA	NA	10000	412756	41.288	0.00222339	-99323.5	-99822	NA	NA	NA	NA	NA	NA	NA	NA	NA	NA
Q1461	NA	NA	10000	467070	46.7117	0.00228569	-113481	-113952	NA	NA	NA	NA	NA	NA	NA	NA	NA	NA
Q1462	NA	NA	10000	468396	46.8443	0.00118897	-110811	-111150	NA	NA	NA	NA	NA	NA	NA	NA	NA	NA
Q1464	NA	NA	10000	405170	40.5251	0.00290627	-98641.8	-99206.4	NA	NA	NA	NA	NA	NA	NA	NA	NA	NA
Q1465	NA	NA	10000	373302	37.3414	0.000195215	-91063.5	-92900.1	NA	NA	NA	NA	NA	NA	NA	NA	NA	NA
Q1466	NA	NA	10000	366038	36.6075	0.00153873	-90237.6	-90501.7	NA	NA	NA	NA	NA	NA	NA	NA	NA	NA
Q1467	NA	NA	10000	370873	37.1096	6.33587e-05	-90442.6	-178908	NA	NA	NA	NA	NA	NA	NA	NA	NA	NA
Q1468	NA	NA	10000	334914	33.4981	0.00323321	-86429	-86894.6	NA	NA	NA	NA	NA	NA	NA	NA	NA	NA
Q1469	NA	NA	10000	365683	36.572	0.000130474	-86617.2	-148057	NA	NA	NA	NA	NA	NA	NA	NA	NA	NA
Q1470	NA	NA	10000	351990	35.2131	0.000123658	-84922.9	-103275	NA	NA	NA	NA	NA	NA	NA	NA	NA	NA
Q1471	NA	NA	10000	363109	36.3182	0.000415983	-90380.2	-91978.9	NA	NA	NA	NA	NA	NA	NA	NA	NA	NA
Q1472	NA	NA	10000	351333	35.1403	0.0001295	-87552.7	-108513	NA	NA	NA	NA	NA	NA	NA	NA	NA	NA
Q1473	NA	NA	10000	375125	37.52	0.000103766	-92275.8	-156473	NA	NA	NA	NA	NA	NA	NA	NA	NA	NA
Q1474	NA	NA	10000	361487	36.1668	0.000110592	-89977.7	-146105	NA	NA	NA	NA	NA	NA	NA	NA	NA	NA
Q1475	NA	NA	10000	363964	36.4073	0.000207079	-91125.2	-92362.9	NA	NA	NA	NA	NA	NA	NA	NA	NA	NA
Q1476	NA	NA	10000	364702	36.4848	0.000321304	-89664.4	-103261	NA	NA	NA	NA	NA	NA	NA	NA	NA	NA
Q1477	NA	NA	10000	378270	37.8384	0.000263196	-93711.9	-103688	NA	NA	NA	NA	NA	NA	NA	NA	NA	NA
Q1478	NA	NA	10000	413618	41.3659	0.00110229	-98528.9	-100253	NA	NA	NA	NA	NA	NA	NA	NA	NA	NA
Q1479	NA	NA	10000	428780	42.8909	0.00182141	-101755	-102393	NA	NA	NA	NA	NA	NA	NA	NA	NA	NA
Q1480	NA	NA	10000	381986	38.2101	0.000136319	-92238.2	-118655	NA	NA	NA	NA	NA	NA	NA	NA	NA	NA
Q1481	NA	NA	10000	325437	32.5502	0.000189284	-80784.6	-83643.3	NA	NA	NA	NA	NA	NA	NA	NA	NA	NA
Q1482	NA	NA	10000	372080	37.2154	0.000299087	-90487.6	-91260.4	NA	NA	NA	NA	NA	NA	NA	NA	NA	NA
Q1483	NA	NA	10000	373359	37.3434	0.000448263	-91647.5	-92329.5	NA	NA	NA	NA	NA	NA	NA	NA	NA	NA
Q1484	NA	NA	10000	372736	37.2811	0.000229032	-91116.4	-115653	NA	NA	NA	NA	NA	NA	NA	NA	NA	NA
Q1485	NA	NA	10000	471547	47.1547	0.00136509	-112454	-112880	NA	NA	NA	NA	NA	NA	NA	NA	NA	NA
Q1486	NA	NA	10000	327892	32.7958	0.000499816	-82000	-84240.6	NA	NA	NA	NA	NA	NA	NA	NA	NA	NA
Q1487	NA	NA	10000	308604	30.8666	0.000123895	-77918.5	-166225	NA	NA	NA	NA	NA	NA	NA	NA	NA	NA
Q1488	NA	NA	10000	373511	37.3586	0.000119489	-92274.9	-121890	NA	NA	NA	NA	NA	NA	NA	NA	NA	NA
Q1489	NA	NA	10000	382172	38.2287	0.00136555	-92308.1	-93026.3	NA	NA	NA	NA	NA	NA	NA	NA	NA	NA
Q1490	NA	NA	10000	374673	37.4823	0.000134968	-91047.7	-101030	NA	NA	NA	NA	NA	NA	NA	NA	NA	NA
Q1491	NA	NA	10000	376225	37.63	0.000272737	-91030.3	-94175.4	NA	NA	NA	NA	NA	NA	NA	NA	NA	NA
Q1492	NA	NA	10000	383136	38.3174	0.00255634	-90981.8	-91473.6	NA	NA	NA	NA	NA	NA	NA	NA	NA	NA
Q1493	NA	NA	10000	373654	37.3654	7.35644e-05	-90282.3	-117682	NA	NA	NA	NA	NA	NA	NA	NA	NA	NA
Q1494	NA	NA	10000	379186	37.9224	0.000426607	-90749.8	-93998.6	NA	NA	NA	NA	NA	NA	NA	NA	NA	NA
Q1495	NA	NA	10000	410044	41.0249	0.00177449	-99238.5	-99934.3	NA	NA	NA	NA	NA	NA	NA	NA	NA	NA
Q1496	NA	NA	10000	449945	45.008	0.00117214	-107382	-107630	NA	NA	NA	NA	NA	NA	NA	NA	NA	NA
Q1497	NA	NA	10000	374060	37.4247	0.000104897	-89504.6	-157022	NA	NA	NA	NA	NA	NA	NA	NA	NA	NA
Q1498	NA	NA	10000	383563	38.3601	0.000405218	-90976.1	-92473.5	NA	NA	NA	NA	NA	NA	NA	NA	NA	NA
Q1499	NA	NA	10000	384790	38.4828	0.000329195	-96632.2	-100359	NA	NA	NA	NA	NA	NA	NA	NA	NA	NA
Q1500	NA	NA	10000	381377	38.1415	0.000126145	-94373.9	-104892	NA	NA	NA	NA	NA	NA	NA	NA	NA	NA
Q1501	NA	NA	10000	344110	34.411	0.000221727	-84218.1	-87058.8	NA	NA	NA	NA	NA	NA	NA	NA	NA	NA
Q1502	NA	NA	10000	381732	38.1847	0.000133682	-93383.4	-149976	NA	NA	NA	NA	NA	NA	NA	NA	NA	NA
Q1503	NA	NA	10000	385901	38.5901	0.000212028	-93977.6	-100518	NA	NA	NA	NA	NA	NA	NA	NA	NA	NA
Q1504	NA	NA	10000	391379	39.1418	0.000104231	-95264.9	-158204	NA	NA	NA	NA	NA	NA	NA	NA	NA	NA
Q1505	NA	NA	10000	373129	37.3353	0.000140743	-91702	-140834	NA	NA	NA	NA	NA	NA	NA	NA	NA	NA
Q1506	NA	NA	10000	370600	37.0711	0.000275952	-94233.7	-94827.3	NA	NA	NA	NA	NA	NA	NA	NA	NA	NA
Q1507	NA	NA	10000	490137	49.0235	0.00108572	-115008	-115598	NA	NA	NA	NA	NA	NA	NA	NA	NA	NA
Q1508	NA	NA	10000	386044	38.6237	0.000111237	-90947.3	-116474	NA	NA	NA	NA	NA	NA	NA	NA	NA	NA
Q1509	NA	NA	10000	380437	38.0513	5.21255e-05	-93360.6	-116841	NA	NA	NA	NA	NA	NA	NA	NA	NA	NA
Q1510	NA	NA	10000	379842	37.988	0.000604955	-93066.5	-93789.4	NA	NA	NA	NA	NA	NA	NA	NA	NA	NA
Q1511	NA	NA	10000	373688	37.3838	5.31282e-05	-89242.4	-188241	NA	NA	NA	NA	NA	NA	NA	NA	NA	NA
Q1512	NA	NA	10000	374560	37.4672	0.000114615	-89981.9	-154166	NA	NA	NA	NA	NA	NA	NA	NA	NA	NA
Q1513	NA	NA	10000	384316	38.4393	0.000189197	-91437	-98099.3	NA	NA	NA	NA	NA	NA	NA	NA	NA	NA
Q1514	NA	NA	10000	366913	36.7023	0.000218665	-88961	-91999.8	NA	NA	NA	NA	NA	NA	NA	NA	NA	NA
Q1515	NA	NA	10000	385180	38.5219	6.35892e-05	-91602.7	-139217	NA	NA	NA	NA	NA	NA	NA	NA	NA	NA
Q1516	NA	NA	10000	442431	44.2564	0.00137504	-107450	-107815	NA	NA	NA	NA	NA	NA	NA	NA	NA	NA
Q1517	NA	NA	10000	356842	35.6878	0.00245031	-87824.9	-88811.4	NA	NA	NA	NA	NA	NA	NA	NA	NA	NA
Q1519	NA	NA	10000	450054	45.0099	0.0016524	-109168	-109592	NA	NA	NA	NA	NA	NA	NA	NA	NA	NA
Q1520	NA	NA	10000	397727	39.7807	0.000371268	-95996.4	-99511.6	NA	NA	NA	NA	NA	NA	NA	NA	NA	NA
Q1521	NA	NA	10000	361295	36.1331	0.000371774	-88342.1	-93044.3	NA	NA	NA	NA	NA	NA	NA	NA	NA	NA
Q1522	NA	NA	10000	376712	37.675	0.00165261	-93592.8	-93870.6	NA	NA	NA	NA	NA	NA	NA	NA	NA	NA
Q1523	NA	NA	10000	376480	37.6631	0.000229195	-92999.4	-94416.8	NA	NA	NA	NA	NA	NA	NA	NA	NA	NA
Q1524	NA	NA	10000	573192	57.3364	0.00120567	-136852	-137214	NA	NA	NA	NA	NA	NA	NA	NA	NA	NA
Q1525	NA	NA	10000	375433	37.5508	0.000450449	-91628.5	-93445.8	NA	NA	NA	NA	NA	NA	NA	NA	NA	NA
Q1526	NA	NA	10000	379652	37.9728	0.000199307	-92057.7	-97589.9	NA	NA	NA	NA	NA	NA	NA	NA	NA	NA
Q1527	NA	NA	10000	374818	37.4893	0.000271406	-90216.5	-92898.6	NA	NA	NA	NA	NA	NA	NA	NA	NA	NA
Q1528	NA	NA	10000	312800	31.2831	0.00159042	-77162.8	-79111	NA	NA	NA	NA	NA	NA	NA	NA	NA	NA
Q1529	NA	NA	10000	358313	35.8421	0.000301784	-89409.7	-92559.8	NA	NA	NA	NA	NA	NA	NA	NA	NA	NA
Q1530	NA	NA	10000	371753	37.1753	0.000284531	-91031.2	-102432	NA	NA	NA	NA	NA	NA	NA	NA	NA	NA
Q1531	NA	NA	10000	446843	44.6977	0.000970759	-105238	-105813	NA	NA	NA	NA	NA	NA	NA	NA	NA	NA
Q1532	NA	NA	10000	373903	37.394	0.000258374	-92498.6	-118195	NA	NA	NA	NA	NA	NA	NA	NA	NA	NA
Q1533	NA	NA	10000	375981	37.6094	0.000130565	-95908.1	-127041	NA	NA	NA	NA	NA	NA	NA	NA	NA	NA
Q1534	NA	NA	10000	373737	37.3812	0.000347002	-88955.2	-96486.2	NA	NA	NA	NA	NA	NA	NA	NA	NA	NA
Q1535	NA	NA	10000	371449	37.156	0.000170293	-91186.6	-114536	NA	NA	NA	NA	NA	NA	NA	NA	NA	NA
Q1536	NA	NA	10000	444733	44.4822	0.00145045	-106543	-106916	NA	NA	NA	NA	NA	NA	NA	NA	NA	NA
Q1537	NA	NA	10000	363609	36.3682	0.000253119	-90499.3	-97132.4	NA	NA	NA	NA	NA	NA	NA	NA	NA	NA
Q1538	NA	NA	10000	382306	38.2459	7.00823e-05	-91612.7	-152967	NA	NA	NA	NA	NA	NA	NA	NA	NA	NA
Q1539	NA	NA	10000	386180	38.6257	0.000230222	-96927.9	-103765	NA	NA	NA	NA	NA	NA	NA	NA	NA	NA
Q1540	NA	NA	10000	385781	38.582	0.000131246	-93962.4	-141840	NA	NA	NA	NA	NA	NA	NA	NA	NA	NA
Q1541	NA	NA	10000	380723	38.0837	3.81836e-05	-95372	-193520	NA	NA	NA	NA	NA	NA	NA	NA	NA	NA
Q1542	NA	NA	10000	372527	37.2676	0.000252735	-92240	-97357.8	NA	NA	NA	NA	NA	NA	NA	NA	NA	NA
Q1543	NA	NA	10000	371017	37.1054	0.00023549	-90636.3	-138821	NA	NA	NA	NA	NA	NA	NA	NA	NA	NA
Q1544	NA	NA	10000	369529	36.9677	0.000245979	-94199.1	-103287	NA	NA	NA	NA	NA	NA	NA	NA	NA	NA
Q1545	NA	NA	10000	369475	36.9549	0.000594081	-91613.1	-92165.5	NA	NA	NA	NA	NA	NA	NA	NA	NA	NA
Q1546	NA	NA	10000	379553	37.9705	0.000316176	-93797.5	-98479	NA	NA	NA	NA	NA	NA	NA	NA	NA	NA
Q1547	NA	NA	10000	372306	37.2343	0.000298598	-91296.6	-91920.4	NA	NA	NA	NA	NA	NA	NA	NA	NA	NA
Q1548	NA	NA	10000	371378	37.1489	0.000455616	-90106	-90261.3	NA	NA	NA	NA	NA	NA	NA	NA	NA	NA
Q1549	NA	NA	10000	435287	43.5374	0.00200154	-105270	-105692	NA	NA	NA	NA	NA	NA	NA	NA	NA	NA
Q1550	NA	NA	10000	374502	37.4577	0.000312418	-87538.8	-89074	NA	NA	NA	NA	NA	NA	NA	NA	NA	NA
Q1551	NA	NA	10000	340755	34.0857	0.00156931	-82502	-82914.6	NA	NA	NA	NA	NA	NA	NA	NA	NA	NA
Q1553	NA	NA	10000	361782	36.1854	0.00141022	-88308.1	-88705.6	NA	NA	NA	NA	NA	NA	NA	NA	NA	NA
Q1554	NA	NA	10000	389536	38.9575	0.00056929	-96003.2	-102427	NA	NA	NA	NA	NA	NA	NA	NA	NA	NA
Q1555	NA	NA	10000	363599	36.3672	0.000918093	-88828.9	-89427.6	NA	NA	NA	NA	NA	NA	NA	NA	NA	NA
Q1556	NA	NA	10000	394204	39.4243	0.000523391	-93334.4	-98779.2	NA	NA	NA	NA	NA	NA	NA	NA	NA	NA
Q1557	NA	NA	10000	398398	39.8438	0.000337483	-96945.3	-97253.1	NA	NA	NA	NA	NA	NA	NA	NA	NA	NA
Q1558	NA	NA	10000	399000	39.9	0.000243406	-96857.1	-150987	NA	NA	NA	NA	NA	NA	NA	NA	NA	NA
Q1559	NA	NA	10000	384525	38.4602	0.000273993	-92972.4	-96903.3	NA	NA	NA	NA	NA	NA	NA	NA	NA	NA
Q1560	NA	NA	10000	565391	56.5504	0.00126686	-134739	-136661	NA	NA	NA	NA	NA	NA	NA	NA	NA	NA
Q1561	NA	NA	10000	394651	39.473	0.000503718	-94064	-99590.3	NA	NA	NA	NA	NA	NA	NA	NA	NA	NA
Q1562	NA	NA	10000	356741	35.6848	0.00193909	-85454.5	-86875.9	NA	NA	NA	NA	NA	NA	NA	NA	NA	NA
Q1563	NA	NA	10000	393779	39.3897	0.000826917	-97964.7	-98676.4	NA	NA	NA	NA	NA	NA	NA	NA	NA	NA
Q1565	NA	NA	10000	357929	35.8001	0.0009123	-83875	-84489.2	NA	NA	NA	NA	NA	NA	NA	NA	NA	NA
Q1566	NA	NA	10000	325346	32.5444	0.000505136	-79585.8	-84170.6	NA	NA	NA	NA	NA	NA	NA	NA	NA	NA
Q1567	NA	NA	10000	375964	37.6002	0.00017089	-91803.9	-122186	NA	NA	NA	NA	NA	NA	NA	NA	NA	NA
Q1568	NA	NA	10000	381233	38.1347	0.000388898	-94029.7	-112997	NA	NA	NA	NA	NA	NA	NA	NA	NA	NA
Q1569	NA	NA	10000	389550	38.9667	0.000332067	-95399.6	-100052	NA	NA	NA	NA	NA	NA	NA	NA	NA	NA
Q1570	NA	NA	10000	314215	31.4246	0.00150356	-78750	-79048.5	NA	NA	NA	NA	NA	NA	NA	NA	NA	NA
Q1571	NA	NA	10000	316938	31.7001	0.000965792	-77143.4	-79038.7	NA	NA	NA	NA	NA	NA	NA	NA	NA	NA
Q1572	NA	NA	10000	383679	38.3756	0.000509205	-89537.1	-92204.1	NA	NA	NA	NA	NA	NA	NA	NA	NA	NA
Q1573	NA	NA	10000	410419	41.0501	0.00122067	-98518.7	-100180	NA	NA	NA	NA	NA	NA	NA	NA	NA	NA
Q1574	NA	NA	10000	369661	36.9772	0.000450113	-90585.8	-102180	NA	NA	NA	NA	NA	NA	NA	NA	NA	NA
Q1575	NA	NA	10000	374776	37.4888	0.000524669	-91845.7	-93351.1	NA	NA	NA	NA	NA	NA	NA	NA	NA	NA
Q1576	NA	NA	10000	378301	37.8415	0.000334866	-90457.5	-92428.3	NA	NA	NA	NA	NA	NA	NA	NA	NA	NA
Q1577	NA	NA	10000	376551	37.6551	0.000650156	-89784.5	-90097	NA	NA	NA	NA	NA	NA	NA	NA	NA	NA
Q1578	NA	NA	10000	375614	37.5727	0.00025739	-90306.4	-152307	NA	NA	NA	NA	NA	NA	NA	NA	NA	NA
Q1579	NA	NA	10000	313060	31.3091	0.000767092	-78404.3	-79914.9	NA	NA	NA	NA	NA	NA	NA	NA	NA	NA
Q1580	NA	NA	10000	370588	37.0588	0.000268943	-90112.4	-131421	NA	NA	NA	NA	NA	NA	NA	NA	NA	NA
Q1581	NA	NA	10000	358167	35.831	0.000410329	-86613.9	-89434	NA	NA	NA	NA	NA	NA	NA	NA	NA	NA
Q1582	NA	NA	10000	403993	40.4155	0.000693305	-93459.7	-94116.6	NA	NA	NA	NA	NA	NA	NA	NA	NA	NA
Q1583	NA	NA	10000	416788	41.6913	0.000569855	-97878	-113867	NA	NA	NA	NA	NA	NA	NA	NA	NA	NA
Q1584	NA	NA	10000	361833	36.1905	0.000300066	-86090.6	-101206	NA	NA	NA	NA	NA	NA	NA	NA	NA	NA
Q1585	NA	NA	10000	375348	37.5423	0.000309808	-89823.6	-96058.6	NA	NA	NA	NA	NA	NA	NA	NA	NA	NA
Q1586	NA	NA	10000	335323	33.5357	0.00334273	-84789.2	-85488.6	NA	NA	NA	NA	NA	NA	NA	NA	NA	NA
Q1587	NA	NA	10000	381594	38.167	0.000510974	-91626.9	-92007.7	NA	NA	NA	NA	NA	NA	NA	NA	NA	NA
Q1588	NA	NA	10000	387869	38.7947	0.000400529	-92090.7	-92440.9	NA	NA	NA	NA	NA	NA	NA	NA	NA	NA
Q1589	NA	NA	10000	454930	45.5021	0.000573872	-108747	-111109	NA	NA	NA	NA	NA	NA	NA	NA	NA	NA
Q1590	NA	NA	10000	375231	37.5269	0.00028839	-90934.1	-100669	NA	NA	NA	NA	NA	NA	NA	NA	NA	NA
Q1591	NA	NA	10000	362353	36.2353	0.000307566	-87176.3	-89749.9	NA	NA	NA	NA	NA	NA	NA	NA	NA	NA
Q1592	NA	NA	10000	358260	35.8368	0.000515965	-85062.5	-86122.8	NA	NA	NA	NA	NA	NA	NA	NA	NA	NA
Q1593	NA	NA	10000	380372	38.0486	0.000392122	-92112.5	-94648.3	NA	NA	NA	NA	NA	NA	NA	NA	NA	NA
Q1594	NA	NA	10000	374909	37.4909	0.0012163	-92565.6	-94209.2	NA	NA	NA	NA	NA	NA	NA	NA	NA	NA
Q1595	NA	NA	10000	388171	38.821	0.0001644	-94247.3	-109422	NA	NA	NA	NA	NA	NA	NA	NA	NA	NA
Q1596	NA	NA	10000	287833	28.7891	0.000777957	-71614.6	-72316	NA	NA	NA	NA	NA	NA	NA	NA	NA	NA
Q1597	NA	NA	10000	379963	38.0001	0.000362248	-93141.8	-99711.6	NA	NA	NA	NA	NA	NA	NA	NA	NA	NA
Q1598	NA	NA	10000	315875	31.5907	0.000869229	-78231.6	-79837.8	NA	NA	NA	NA	NA	NA	NA	NA	NA	NA
Q1599	NA	NA	10000	305715	30.5807	0.000431308	-76203.2	-78253.7	NA	NA	NA	NA	NA	NA	NA	NA	NA	NA
Q1600	NA	NA	10000	361915	36.1951	0.00045051	-88111.8	-88999.1	NA	NA	NA	NA	NA	NA	NA	NA	NA	NA
Q1601	NA	NA	10000	397565	39.7645	0.000574686	-94461.5	-96521.1	NA	NA	NA	NA	NA	NA	NA	NA	NA	NA
Q1602	NA	NA	10000	360942	36.0942	0.00058154	-87438.3	-88916.4	NA	NA	NA	NA	NA	NA	NA	NA	NA	NA
Q1603	NA	NA	10000	394903	39.4942	0.000873633	-92357.1	-92779.9	NA	NA	NA	NA	NA	NA	NA	NA	NA	NA
Q1604	NA	NA	10000	428829	42.9001	0.000807409	-99328.6	-100892	NA	NA	NA	NA	NA	NA	NA	NA	NA	NA
Q1605	NA	NA	10000	422428	42.2555	0.000587849	-98660.5	-100549	NA	NA	NA	NA	NA	NA	NA	NA	NA	NA
Q1606	NA	NA	10000	354091	35.4197	9.67784e-05	-84659.6	-139091	NA	NA	NA	NA	NA	NA	NA	NA	NA	NA
Q1607	NA	NA	10000	372275	37.2349	7.8542e-05	-91866.9	-148677	NA	NA	NA	NA	NA	NA	NA	NA	NA	NA
Q1608	NA	NA	10000	359761	35.9797	6.27721e-05	-87317.8	-122881	NA	NA	NA	NA	NA	NA	NA	NA	NA	NA
Q1609	NA	NA	10000	368877	36.8988	0.000108646	-86082.4	-134607	NA	NA	NA	NA	NA	NA	NA	NA	NA	NA
Q1610	NA	NA	10000	360228	36.0228	0.000341022	-86725.6	-90085.7	NA	NA	NA	NA	NA	NA	NA	NA	NA	NA
Q1611	NA	NA	10000	358089	35.8196	0.000151867	-87071.3	-98342.4	NA	NA	NA	NA	NA	NA	NA	NA	NA	NA
Q1612	NA	NA	10000	303955	30.4016	0.000137398	-76396.7	-110164	NA	NA	NA	NA	NA	NA	NA	NA	NA	NA
Q1613	NA	NA	10000	355662	35.5698	7.77067e-05	-86244.1	-147941	NA	NA	NA	NA	NA	NA	NA	NA	NA	NA
Q1614	NA	NA	10000	374673	37.4748	0.000126138	-91025.3	-110883	NA	NA	NA	NA	NA	NA	NA	NA	NA	NA
Q1616	NA	NA	10000	323798	32.3928	0.000819575	-78480.7	-81681.7	NA	NA	NA	NA	NA	NA	NA	NA	NA	NA
Q1617	NA	NA	10000	336814	33.6915	0.000895129	-85377.4	-86032.5	NA	NA	NA	NA	NA	NA	NA	NA	NA	NA
Q1618	NA	NA	10000	317496	31.7528	1.15377e-07	-81241.4	-95215.5	NA	NA	NA	NA	NA	NA	NA	NA	NA	NA
Q1619	NA	NA	10000	372147	37.2184	3.92329e-05	-87826	-94987.8	NA	NA	NA	NA	NA	NA	NA	NA	NA	NA
Q1620	NA	NA	10000	495241	49.534	0.000574146	-115345	-116676	NA	NA	NA	NA	NA	NA	NA	NA	NA	NA
Q1621	NA	NA	10000	375127	37.5277	1.36693e-12	-90047.4	-117022	NA	NA	NA	NA	NA	NA	NA	NA	NA	NA
Q1622	NA	NA	10000	469817	46.9958	0.000882603	-112944	-113366	NA	NA	NA	NA	NA	NA	NA	NA	NA	NA
Q1623	NA	NA	10000	323376	32.3505	0.000577224	-78045.4	-78248.7	NA	NA	NA	NA	NA	NA	NA	NA	NA	NA
Q1624	NA	NA	10000	472409	47.2456	0.000624854	-113453	-114187	NA	NA	NA	NA	NA	NA	NA	NA	NA	NA
Q1625	NA	NA	10000	352087	35.2087	0.00119505	-87465.6	-88407.5	NA	NA	NA	NA	NA	NA	NA	NA	NA	NA
Q1626	NA	NA	10000	358526	35.8634	0.00116628	-86042.3	-86199.6	NA	NA	NA	NA	NA	NA	NA	NA	NA	NA
Q1627	NA	NA	10000	500609	50.0709	0.00100772	-115141	-115376	NA	NA	NA	NA	NA	NA	NA	NA	NA	NA
Q1628	NA	NA	10000	377929	37.7967	0.00123285	-88993	-89653.5	NA	NA	NA	NA	NA	NA	NA	NA	NA	NA
Q1629	NA	NA	10000	291297	29.1414	0.00126088	-72720	-74331.7	NA	NA	NA	NA	NA	NA	NA	NA	NA	NA
Q1630	NA	NA	10000	411523	41.1605	0.000733033	-96676.1	-97034.6	NA	NA	NA	NA	NA	NA	NA	NA	NA	NA
Q1631	NA	NA	10000	462734	46.278	0.00083379	-111816	-112193	NA	NA	NA	NA	NA	NA	NA	NA	NA	NA
Q1633	NA	NA	10000	481338	48.1338	0.000975531	-114836	-115006	NA	NA	NA	NA	NA	NA	NA	NA	NA	NA
Q1634	NA	NA	10000	361546	36.1727	0.00111846	-87520.2	-88206.8	NA	NA	NA	NA	NA	NA	NA	NA	NA	NA
Q1635	NA	NA	10000	374951	37.5139	0.000380906	-91684.2	-92631.2	NA	NA	NA	NA	NA	NA	NA	NA	NA	NA
Q1636	NA	NA	10000	359496	35.9604	0.000297372	-86265.3	-88288.7	NA	NA	NA	NA	NA	NA	NA	NA	NA	NA
Q1637	NA	NA	10000	364763	36.4836	0.000492751	-90771.2	-91029.7	NA	NA	NA	NA	NA	NA	NA	NA	NA	NA
Q1638	NA	NA	10000	364993	36.5066	0.000205081	-85759.8	-88670.2	NA	NA	NA	NA	NA	NA	NA	NA	NA	NA
Q1639	NA	NA	10000	370569	37.0606	6.9849e-05	-89934.8	-146483	NA	NA	NA	NA	NA	NA	NA	NA	NA	NA
Q1640	NA	NA	10000	369256	36.9293	7.19495e-05	-89409.7	-152171	NA	NA	NA	NA	NA	NA	NA	NA	NA	NA
Q1641	NA	NA	10000	377766	37.7879	3.70697e-05	-90605	-133104	NA	NA	NA	NA	NA	NA	NA	NA	NA	NA
Q1643	NA	NA	10000	346900	34.6935	0.00109874	-83808.9	-84738.5	NA	NA	NA	NA	NA	NA	NA	NA	NA	NA
Q1644	NA	NA	10000	373014	37.3051	0.000189929	-90095.1	-97360.3	NA	NA	NA	NA	NA	NA	NA	NA	NA	NA
Q1645	NA	NA	10000	352810	35.2845	0.000188471	-86717.4	-104285	NA	NA	NA	NA	NA	NA	NA	NA	NA	NA
Q1646	NA	NA	10000	373003	37.304	0.000252548	-92194.5	-94847	NA	NA	NA	NA	NA	NA	NA	NA	NA	NA
Q1647	NA	NA	10000	492037	49.2135	0.00106986	-115749	-115981	NA	NA	NA	NA	NA	NA	NA	NA	NA	NA
Q1648	NA	NA	10000	383363	38.3363	0.000966811	-91992.1	-92522.7	NA	NA	NA	NA	NA	NA	NA	NA	NA	NA
Q1649	NA	NA	10000	414702	41.4785	0.000845282	-98946.2	-99084.5	NA	NA	NA	NA	NA	NA	NA	NA	NA	NA
Q1650	NA	NA	10000	420316	42.0442	0.000665291	-99236.9	-100056	NA	NA	NA	NA	NA	NA	NA	NA	NA	NA
Q1651	NA	NA	10000	354312	35.4418	0.000520752	-84894.4	-96794.7	NA	NA	NA	NA	NA	NA	NA	NA	NA	NA
Q1652	NA	NA	10000	345676	34.578	0.000152236	-84354.1	-90730.5	NA	NA	NA	NA	NA	NA	NA	NA	NA	NA
Q1653	NA	NA	10000	371053	37.1164	0.000125003	-88359.8	-112608	NA	NA	NA	NA	NA	NA	NA	NA	NA	NA
Q1654	NA	NA	10000	380318	38.0432	0.000424311	-89476.2	-91420.2	NA	NA	NA	NA	NA	NA	NA	NA	NA	NA
Q1655	NA	NA	10000	498914	49.9014	0.000449469	-119105	-120458	NA	NA	NA	NA	NA	NA	NA	NA	NA	NA
Q1656	NA	NA	10000	388705	38.8822	3.04981e-05	-95813	-154610	NA	NA	NA	NA	NA	NA	NA	NA	NA	NA
Q1657	NA	NA	10000	376070	37.6183	0.000169187	-91090.4	-93961.8	NA	NA	NA	NA	NA	NA	NA	NA	NA	NA
Q1658	NA	NA	10000	443766	44.3899	0.000662365	-107086	-108177	NA	NA	NA	NA	NA	NA	NA	NA	NA	NA
Q1659	NA	NA	10000	384898	38.4898	0.000449104	-92237.7	-92533.2	NA	NA	NA	NA	NA	NA	NA	NA	NA	NA
Q1661	NA	NA	10000	411836	41.2001	0.000356422	-96558	-102415	NA	NA	NA	NA	NA	NA	NA	NA	NA	NA
Q1662	NA	NA	10000	454660	45.4705	0.000462764	-108726	-108932	NA	NA	NA	NA	NA	NA	NA	NA	NA	NA
Q1663	NA	NA	10000	416488	41.653	0.000234453	-101974	-107343	NA	NA	NA	NA	NA	NA	NA	NA	NA	NA
Q1664	NA	NA	10000	415646	41.5729	0.000328445	-99880.4	-100690	NA	NA	NA	NA	NA	NA	NA	NA	NA	NA
Q1665	NA	NA	10000	443674	44.3763	0.00051162	-105384	-105543	NA	NA	NA	NA	NA	NA	NA	NA	NA	NA
Q1666	NA	NA	10000	403604	40.3725	0.000537656	-95573.9	-96465.8	NA	NA	NA	NA	NA	NA	NA	NA	NA	NA
Q1667	NA	NA	10000	380188	38.0302	0.000572456	-91645.8	-95485.5	NA	NA	NA	NA	NA	NA	NA	NA	NA	NA
Q1668	NA	NA	10000	469412	46.9553	0.000323986	-106810	-108064	NA	NA	NA	NA	NA	NA	NA	NA	NA	NA
Q1669	NA	NA	10000	384548	38.4625	2.66964e-05	-92500.7	-168762	NA	NA	NA	NA	NA	NA	NA	NA	NA	NA
Q1670	NA	NA	10000	381530	38.1606	0.000185799	-92807.6	-97612.4	NA	NA	NA	NA	NA	NA	NA	NA	NA	NA
Q1671	NA	NA	10000	471616	47.1663	0.000348735	-112697	-118238	NA	NA	NA	NA	NA	NA	NA	NA	NA	NA
Q1672	NA	NA	10000	377026	37.7139	0.00143931	-92380.8	-92576.5	NA	NA	NA	NA	NA	NA	NA	NA	NA	NA
Q1674	NA	NA	10000	452228	45.2273	0.000444114	-106692	-109713	NA	NA	NA	NA	NA	NA	NA	NA	NA	NA
Q1675	NA	NA	10000	391114	39.1153	0.000612923	-92989.5	-93788.7	NA	NA	NA	NA	NA	NA	NA	NA	NA	NA
Q1677	NA	NA	10000	382526	38.2603	5.07487e-05	-91916.2	-115759	NA	NA	NA	NA	NA	NA	NA	NA	NA	NA
Q1678	NA	NA	10000	382237	38.2352	0.0003417	-92332.4	-96052.6	NA	NA	NA	NA	NA	NA	NA	NA	NA	NA
Q1679	NA	NA	10000	382736	38.2813	0.000167565	-90251.2	-95243.4	NA	NA	NA	NA	NA	NA	NA	NA	NA	NA
Q1680	NA	NA	10000	380075	38.0151	6.4268e-09	-91820.2	-97816	NA	NA	NA	NA	NA	NA	NA	NA	NA	NA
Q1681	NA	NA	10000	383432	38.347	0.000102497	-90646.4	-114398	NA	NA	NA	NA	NA	NA	NA	NA	NA	NA
Q1682	NA	NA	10000	390922	39.1	6.1242e-05	-90773.9	-96777.9	NA	NA	NA	NA	NA	NA	NA	NA	NA	NA
Q1683	NA	NA	10000	385224	38.5378	8.80454e-05	-92058.8	-107296	NA	NA	NA	NA	NA	NA	NA	NA	NA	NA
Q1684	NA	NA	10000	391002	39.108	0.000683219	-93989.8	-95631.8	NA	NA	NA	NA	NA	NA	NA	NA	NA	NA
Q1685	NA	NA	10000	375972	37.6085	0.000121275	-91478.7	-110031	NA	NA	NA	NA	NA	NA	NA	NA	NA	NA
Q1686	NA	NA	10000	373501	37.365	0.000243751	-89501	-94315.3	NA	NA	NA	NA	NA	NA	NA	NA	NA	NA
Q1687	NA	NA	10000	402424	40.2464	0.000447883	-96305	-98733.2	NA	NA	NA	NA	NA	NA	NA	NA	NA	NA
Q1688	NA	NA	10000	411647	41.1729	0.00051993	-96308.8	-97227.6	NA	NA	NA	NA	NA	NA	NA	NA	NA	NA
Q1689	NA	NA	10000	352487	35.2663	7.43946e-09	-84958.7	-84958.7	NA	NA	NA	NA	NA	NA	NA	NA	NA	NA
Q1690	NA	NA	10000	409334	40.9498	0.000456847	-98027.5	-98827	NA	NA	NA	NA	NA	NA	NA	NA	NA	NA
Q1691	NA	NA	10000	417141	41.7266	0.000311395	-101077	-102313	NA	NA	NA	NA	NA	NA	NA	NA	NA	NA
Q1692	NA	NA	10000	373387	37.3536	8.14006e-05	-91263.9	-120951	NA	NA	NA	NA	NA	NA	NA	NA	NA	NA
Q1693	NA	NA	10000	326175	32.6273	0.000368211	-80093.7	-83181.8	NA	NA	NA	NA	NA	NA	NA	NA	NA	NA
Q1694	NA	NA	10000	374778	37.489	0.000139569	-90934.4	-126004	NA	NA	NA	NA	NA	NA	NA	NA	NA	NA
Q1695	NA	NA	10000	367912	36.8059	8.36068e-05	-90623.5	-120901	NA	NA	NA	NA	NA	NA	NA	NA	NA	NA
Q1696	NA	NA	10000	382738	38.2815	9.14097e-05	-95150	-123281	NA	NA	NA	NA	NA	NA	NA	NA	NA	NA
Q1697	NA	NA	10000	428867	42.891	0.00108998	-104320	-106559	NA	NA	NA	NA	NA	NA	NA	NA	NA	NA
Q1698	NA	NA	10000	357692	35.7692	0.000120475	-87706	-132634	NA	NA	NA	NA	NA	NA	NA	NA	NA	NA
Q1699	NA	NA	10000	370519	37.0741	0.000678919	-88274.5	-90303.4	NA	NA	NA	NA	NA	NA	NA	NA	NA	NA
Q1700	NA	NA	10000	523809	52.3914	0.000404317	-126032	-127116	NA	NA	NA	NA	NA	NA	NA	NA	NA	NA
Q1701	NA	NA	10000	398453	39.8612	0.000113375	-93767.2	-146438	NA	NA	NA	NA	NA	NA	NA	NA	NA	NA
Q1703	NA	NA	10000	362827	36.29	0.000294868	-86839.6	-120237	NA	NA	NA	NA	NA	NA	NA	NA	NA	NA
Q1704	NA	NA	10000	325912	32.5912	0.000332174	-80424.3	-85698.7	NA	NA	NA	NA	NA	NA	NA	NA	NA	NA
Q1705	NA	NA	10000	367384	36.7457	0.000280836	-87629	-104233	NA	NA	NA	NA	NA	NA	NA	NA	NA	NA
Q1706	NA	NA	10000	346731	34.6835	8.57295e-05	-83741.7	-123067	NA	NA	NA	NA	NA	NA	NA	NA	NA	NA
Q1707	NA	NA	10000	353819	35.3996	0.000180033	-84793.1	-91432.8	NA	NA	NA	NA	NA	NA	NA	NA	NA	NA
Q1708	NA	NA	10000	324655	32.472	4.34227e-05	-80562.7	-97676.1	NA	NA	NA	NA	NA	NA	NA	NA	NA	NA
Q1709	NA	NA	10000	347797	34.7901	0.000218936	-85942.2	-87380.7	NA	NA	NA	NA	NA	NA	NA	NA	NA	NA
Q1710	NA	NA	10000	368851	36.8962	0.000390618	-87812	-94300.8	NA	NA	NA	NA	NA	NA	NA	NA	NA	NA
Q1711	NA	NA	10000	284450	28.4592	7.45963e-05	-69887.1	-98778.3	NA	NA	NA	NA	NA	NA	NA	NA	NA	NA
Q1712	NA	NA	10000	330328	33.0493	3.8933e-05	-80067.5	-158958	NA	NA	NA	NA	NA	NA	NA	NA	NA	NA
Q1713	NA	NA	10000	367470	36.7617	0.000177325	-86941.4	-97083.8	NA	NA	NA	NA	NA	NA	NA	NA	NA	NA
Q1714	NA	NA	10000	371010	37.1121	0.000969013	-88614.5	-90416.5	NA	NA	NA	NA	NA	NA	NA	NA	NA	NA
Q1715	NA	NA	10000	365620	36.5693	0.000684019	-89125.6	-90642.5	NA	NA	NA	NA	NA	NA	NA	NA	NA	NA
Q1716	NA	NA	10000	342610	34.2781	0.000954952	-85530.9	-86437.9	NA	NA	NA	NA	NA	NA	NA	NA	NA	NA
Q1717	NA	NA	10000	359335	35.9443	0.00105919	-88194	-88624	NA	NA	NA	NA	NA	NA	NA	NA	NA	NA
Q1718	NA	NA	10000	295973	29.6032	0.000492809	-73898.7	-76976.2	NA	NA	NA	NA	NA	NA	NA	NA	NA	NA
Q1719	NA	NA	10000	379204	37.928	0.000126526	-90538.5	-145001	NA	NA	NA	NA	NA	NA	NA	NA	NA	NA
Q1720	NA	NA	10000	376558	37.6671	0.000454454	-90688.9	-107599	NA	NA	NA	NA	NA	NA	NA	NA	NA	NA
Q1721	NA	NA	10000	324785	32.485	0.000698212	-78040.8	-87600.2	NA	NA	NA	NA	NA	NA	NA	NA	NA	NA
Q1722	NA	NA	10000	330861	33.0993	0.000362897	-81124.3	-83193.2	NA	NA	NA	NA	NA	NA	NA	NA	NA	NA
Q1723	NA	NA	10000	327104	32.7169	0.000313204	-80127.6	-82917.5	NA	NA	NA	NA	NA	NA	NA	NA	NA	NA
Q1724	NA	NA	10000	372736	37.2811	0.000437078	-91480.4	-94956.8	NA	NA	NA	NA	NA	NA	NA	NA	NA	NA
Q1725	NA	NA	10000	379128	37.9242	0.000489202	-93653.8	-95011.3	NA	NA	NA	NA	NA	NA	NA	NA	NA	NA
Q1726	NA	NA	10000	387359	38.7436	0.000586364	-95590	-96769.3	NA	NA	NA	NA	NA	NA	NA	NA	NA	NA
Q1727	NA	NA	10000	383360	38.3398	0.000220995	-93055.2	-126063	NA	NA	NA	NA	NA	NA	NA	NA	NA	NA
Q1728	NA	NA	10000	376918	37.6993	0.000497173	-94522.8	-100593	NA	NA	NA	NA	NA	NA	NA	NA	NA	NA
Q1729	NA	NA	10000	400082	40.0202	0.000356561	-96717.3	-103191	NA	NA	NA	NA	NA	NA	NA	NA	NA	NA
Q1730	NA	NA	10000	424397	42.4524	0.000651255	-98871	-99811.3	NA	NA	NA	NA	NA	NA	NA	NA	NA	NA
Q1731	NA	NA	10000	357707	35.7886	0.000396617	-83856.4	-84999.3	NA	NA	NA	NA	NA	NA	NA	NA	NA	NA
Q1732	NA	NA	10000	367750	36.786	9.62679e-05	-90972.6	-176895	NA	NA	NA	NA	NA	NA	NA	NA	NA	NA
Q1733	NA	NA	10000	374239	37.4239	0.000302056	-90914.2	-94561.5	NA	NA	NA	NA	NA	NA	NA	NA	NA	NA
Q1734	NA	NA	10000	380320	38.0396	0.000430142	-91551	-92876.4	NA	NA	NA	NA	NA	NA	NA	NA	NA	NA
Q1735	NA	NA	10000	321119	32.1247	0.000191732	-79546.6	-94630.9	NA	NA	NA	NA	NA	NA	NA	NA	NA	NA
Q1736	NA	NA	10000	382235	38.2311	0.000478238	-93408.8	-94911.5	NA	NA	NA	NA	NA	NA	NA	NA	NA	NA
Q1737	NA	NA	10000	435071	43.5202	0.000344554	-103592	-104528	NA	NA	NA	NA	NA	NA	NA	NA	NA	NA
Q1738	NA	NA	10000	379809	37.9999	0.00023887	-92101.9	-106408	NA	NA	NA	NA	NA	NA	NA	NA	NA	NA
Q1740	NA	NA	10000	357539	35.7646	0.00103949	-83470.7	-84055.9	NA	NA	NA	NA	NA	NA	NA	NA	NA	NA
Q1741	NA	NA	10000	388979	38.9096	0.000458213	-95617.5	-97464.5	NA	NA	NA	NA	NA	NA	NA	NA	NA	NA
Q1742	NA	NA	10000	365150	36.526	0.000345005	-87249.6	-94497.9	NA	NA	NA	NA	NA	NA	NA	NA	NA	NA
Q1743	NA	NA	10000	443945	44.3989	0.000287052	-103964	-106364	NA	NA	NA	NA	NA	NA	NA	NA	NA	NA
Q1744	NA	NA	10000	386878	38.6917	0.000226582	-94841.2	-101083	NA	NA	NA	NA	NA	NA	NA	NA	NA	NA
Q1745	NA	NA	10000	430576	43.0705	0.000234043	-105475	-108466	NA	NA	NA	NA	NA	NA	NA	NA	NA	NA
Q1746	NA	NA	10000	440807	44.0939	0.000287099	-103931	-114418	NA	NA	NA	NA	NA	NA	NA	NA	NA	NA
Q1747	NA	NA	10000	435971	43.6058	0.000314823	-101623	-102382	NA	NA	NA	NA	NA	NA	NA	NA	NA	NA
Q1748	NA	NA	10000	433372	43.3502	0.000103524	-104116	-126092	NA	NA	NA	NA	NA	NA	NA	NA	NA	NA
Q1749	NA	NA	10000	385727	38.5804	0.000234243	-92103.8	-94452.3	NA	NA	NA	NA	NA	NA	NA	NA	NA	NA
Q1750	NA	NA	10000	408752	40.8793	0.000213463	-97531.1	-98371.1	NA	NA	NA	NA	NA	NA	NA	NA	NA	NA
Q1751	NA	NA	10000	396841	39.696	0.000611536	-95788.4	-97428.2	NA	NA	NA	NA	NA	NA	NA	NA	NA	NA
Q1752	NA	NA	10000	390496	39.0613	6.45322e-05	-95633.4	-191550	NA	NA	NA	NA	NA	NA	NA	NA	NA	NA
Q1753	NA	NA	10000	387823	38.7939	0.000230077	-91882.9	-111624	NA	NA	NA	NA	NA	NA	NA	NA	NA	NA
Q1754	NA	NA	10000	393634	39.3713	0.000240965	-91083	-91233.4	NA	NA	NA	NA	NA	NA	NA	NA	NA	NA
Q1755	NA	NA	10000	459754	45.9938	0.000179856	-108198	-111016	NA	NA	NA	NA	NA	NA	NA	NA	NA	NA
Q1756	NA	NA	10000	367065	36.7102	0.000377415	-87822.3	-88293.8	NA	NA	NA	NA	NA	NA	NA	NA	NA	NA
Q1757	NA	NA	10000	433320	43.345	0.000214117	-102968	-105469	NA	NA	NA	NA	NA	NA	NA	NA	NA	NA
Q1758	NA	NA	10000	336134	33.6201	0.000444459	-83330.9	-85632.8	NA	NA	NA	NA	NA	NA	NA	NA	NA	NA
Q1759	NA	NA	10000	382192	38.2307	0.000421399	-93175.2	-99232.8	NA	NA	NA	NA	NA	NA	NA	NA	NA	NA
Q1760	NA	NA	10000	363538	36.3574	0.000735067	-90329.6	-92790.8	NA	NA	NA	NA	NA	NA	NA	NA	NA	NA
Q1762	NA	NA	10000	386092	38.6169	0.000433877	-92652.4	-95689.2	NA	NA	NA	NA	NA	NA	NA	NA	NA	NA
Q1774	NA	NA	10000	380729	38.0767	0.000197604	-91216.8	-115184	NA	NA	NA	NA	NA	NA	NA	NA	NA	NA
Q1775	NA	NA	10000	365352	36.5425	0.000231411	-86137.2	-95078.1	NA	NA	NA	NA	NA	NA	NA	NA	NA	NA
Q1776	NA	NA	10000	385827	38.5943	0.000453281	-96493.7	-101035	NA	NA	NA	NA	NA	NA	NA	NA	NA	NA
Q1778	NA	NA	10000	377192	37.723	0.000379861	-92058.8	-93936.9	NA	NA	NA	NA	NA	NA	NA	NA	NA	NA
Q1779	NA	NA	10000	370280	37.0354	0.000456362	-89819.5	-92791.5	NA	NA	NA	NA	NA	NA	NA	NA	NA	NA
Q1780	NA	NA	10000	388818	38.8935	0.000606878	-95368.8	-96241.2	NA	NA	NA	NA	NA	NA	NA	NA	NA	NA
Q1781	NA	NA	10000	384678	38.4716	0.000406267	-95076.7	-95371.9	NA	NA	NA	NA	NA	NA	NA	NA	NA	NA
Q1782	NA	NA	10000	377818	37.7856	0.000327919	-92228.6	-93184.3	NA	NA	NA	NA	NA	NA	NA	NA	NA	NA
Q1783	NA	NA	10000	393386	39.3543	0.000503559	-92370	-94275.8	NA	NA	NA	NA	NA	NA	NA	NA	NA	NA
Q1784	NA	NA	10000	444461	44.4639	0.00134296	-106109	-106507	NA	NA	NA	NA	NA	NA	NA	NA	NA	NA
Q1785	NA	NA	10000	381734	38.1887	0.000463952	-93522.5	-103480	NA	NA	NA	NA	NA	NA	NA	NA	NA	NA
Q1786	NA	NA	10000	376848	37.6923	0.000324617	-92366.9	-97000.6	NA	NA	NA	NA	NA	NA	NA	NA	NA	NA
Q1787	NA	NA	10000	397064	39.7104	0.000121453	-94997.1	-155253	NA	NA	NA	NA	NA	NA	NA	NA	NA	NA
Q1789	NA	NA	10000	401047	40.1127	9.85339e-05	-95808.8	-163574	NA	NA	NA	NA	NA	NA	NA	NA	NA	NA
Q1790	NA	NA	10000	369650	36.9687	0.000195064	-88632.3	-122192	NA	NA	NA	NA	NA	NA	NA	NA	NA	NA
Q1791	NA	NA	10000	378659	37.8735	0.00024537	-92322.9	-102433	NA	NA	NA	NA	NA	NA	NA	NA	NA	NA
Q1792	NA	NA	10000	351660	35.1801	0.000750793	-87072.3	-87951.4	NA	NA	NA	NA	NA	NA	NA	NA	NA	NA
Q1793	NA	NA	10000	383981	38.4019	9.41283e-05	-91399.5	-149474	NA	NA	NA	NA	NA	NA	NA	NA	NA	NA
Q1794	NA	NA	10000	376463	37.6576	0.000269851	-93527.2	-98005.9	NA	NA	NA	NA	NA	NA	NA	NA	NA	NA
Q1795	NA	NA	10000	369025	36.9099	0.000343591	-89520.7	-95955.9	NA	NA	NA	NA	NA	NA	NA	NA	NA	NA
Q1796	NA	NA	10000	345937	34.6041	0.000227554	-84122.1	-118532	NA	NA	NA	NA	NA	NA	NA	NA	NA	NA
Q1797	NA	NA	10000	413125	41.3208	0.000406044	-98583.9	-104011	NA	NA	NA	NA	NA	NA	NA	NA	NA	NA
Q1798	NA	NA	10000	345741	34.5845	0.000307713	-81998	-91850.5	NA	NA	NA	NA	NA	NA	NA	NA	NA	NA
Q1800	NA	NA	10000	413285	41.3409	5.24046e-05	-98705.3	-178398	NA	NA	NA	NA	NA	NA	NA	NA	NA	NA
Q1801	NA	NA	10000	391408	39.1565	0.000299658	-94923.5	-107906	NA	NA	NA	NA	NA	NA	NA	NA	NA	NA
Q1802	NA	NA	10000	374661	37.4848	0.00045322	-91800.6	-93371.3	NA	NA	NA	NA	NA	NA	NA	NA	NA	NA
Q1803	NA	NA	10000	380382	38.0572	0.00033549	-95038.9	-114134	NA	NA	NA	NA	NA	NA	NA	NA	NA	NA
Q1804	NA	NA	10000	346931	34.6966	0.00019546	-84028.4	-96236.7	NA	NA	NA	NA	NA	NA	NA	NA	NA	NA
Q1805	NA	NA	10000	408865	40.8988	0.0002506	-98022.5	-100578	NA	NA	NA	NA	NA	NA	NA	NA	NA	NA
Q1806	NA	NA	10000	333810	33.3977	0.000101751	-80310	-153129	NA	NA	NA	NA	NA	NA	NA	NA	NA	NA
Q1807	NA	NA	10000	375502	37.5577	0.000565229	-89673.7	-94750.5	NA	NA	NA	NA	NA	NA	NA	NA	NA	NA
Q1808	NA	NA	10000	380818	38.0856	0.000682894	-92330.2	-93269.1	NA	NA	NA	NA	NA	NA	NA	NA	NA	NA
Q1809	NA	NA	10000	402709	40.291	0.000329131	-96965.3	-97362.2	NA	NA	NA	NA	NA	NA	NA	NA	NA	NA
Q1810	NA	NA	10000	377230	37.7305	0.000335571	-90607.2	-91308.8	NA	NA	NA	NA	NA	NA	NA	NA	NA	NA
Q1811	NA	NA	10000	439387	43.9563	6.005e-05	-102634	-191667	NA	NA	NA	NA	NA	NA	NA	NA	NA	NA
Q1812	NA	NA	10000	370159	37.027	0.000382547	-90433.7	-94441.1	NA	NA	NA	NA	NA	NA	NA	NA	NA	NA
Q1813	NA	NA	10000	388805	38.8883	0.000407955	-95532.9	-100715	NA	NA	NA	NA	NA	NA	NA	NA	NA	NA
Q1814	NA	NA	10000	386609	38.6686	0.000467391	-94877.3	-97342.3	NA	NA	NA	NA	NA	NA	NA	NA	NA	NA
Q1815	NA	NA	10000	388824	38.8863	0.000475468	-93744.9	-102115	NA	NA	NA	NA	NA	NA	NA	NA	NA	NA
Q1816	NA	NA	10000	391440	39.1597	0.000250887	-93054.7	-112519	NA	NA	NA	NA	NA	NA	NA	NA	NA	NA
Q1817	NA	NA	10000	405886	40.5927	0.000436779	-99096	-99927.8	NA	NA	NA	NA	NA	NA	NA	NA	NA	NA
Q1818	NA	NA	10000	353594	35.3665	0.000273808	-88667.2	-90854.7	NA	NA	NA	NA	NA	NA	NA	NA	NA	NA
Q1819	NA	NA	10000	379380	37.9418	0.000129765	-89823.2	-155654	NA	NA	NA	NA	NA	NA	NA	NA	NA	NA
Q1820	NA	NA	10000	379555	37.9707	0.000246495	-92226.5	-96399.6	NA	NA	NA	NA	NA	NA	NA	NA	NA	NA
Q1821	NA	NA	10000	369399	36.951	0.000493272	-90647	-91900.9	NA	NA	NA	NA	NA	NA	NA	NA	NA	NA
Q1822	NA	NA	10000	391173	39.129	0.000208722	-94720.3	-107712	NA	NA	NA	NA	NA	NA	NA	NA	NA	NA
Q1823	NA	NA	10000	439563	43.9695	0.000152858	-104749	-155198	NA	NA	NA	NA	NA	NA	NA	NA	NA	NA
Q1824	NA	NA	10000	454750	45.4841	0.000259373	-108477	-110501	NA	NA	NA	NA	NA	NA	NA	NA	NA	NA
Q1825	NA	NA	10000	372733	37.2845	0.000404888	-90566.3	-90925.7	NA	NA	NA	NA	NA	NA	NA	NA	NA	NA
Q1826	NA	NA	10000	468138	46.8185	4.6442e-05	-111246	-175762	NA	NA	NA	NA	NA	NA	NA	NA	NA	NA
Q1827	NA	NA	10000	454844	45.498	0.000377095	-109530	-110069	NA	NA	NA	NA	NA	NA	NA	NA	NA	NA
Q1829	NA	NA	10000	359243	35.9279	0.000369238	-89225.2	-100165	NA	NA	NA	NA	NA	NA	NA	NA	NA	NA
Q1830	NA	NA	10000	442030	44.2118	0.000435721	-104721	-108017	NA	NA	NA	NA	NA	NA	NA	NA	NA	NA
Q1831	NA	NA	10000	293226	29.3255	0.000304392	-74406.8	-81799.8	NA	NA	NA	NA	NA	NA	NA	NA	NA	NA
Q1832	NA	NA	10000	422015	42.2142	0.000342296	-100445	-106309	NA	NA	NA	NA	NA	NA	NA	NA	NA	NA
Q1833	NA	NA	10000	544479	54.4588	0.000110086	-123874	-176132	NA	NA	NA	NA	NA	NA	NA	NA	NA	NA
Q1834	NA	NA	10000	469596	46.969	0.000145195	-112135	-162521	NA	NA	NA	NA	NA	NA	NA	NA	NA	NA
Q1835	NA	NA	10000	396686	39.6805	1.14152e-06	-97644.9	-147576	NA	NA	NA	NA	NA	NA	NA	NA	NA	NA
Q1836	NA	NA	10000	434931	43.4974	0.000227609	-100282	-109944	NA	NA	NA	NA	NA	NA	NA	NA	NA	NA
Q1837	NA	NA	10000	384375	38.4452	0.000328921	-93024.1	-96266.8	NA	NA	NA	NA	NA	NA	NA	NA	NA	NA
Q1838	NA	NA	10000	441171	44.1259	0.000209719	-104575	-105611	NA	NA	NA	NA	NA	NA	NA	NA	NA	NA
Q1839	NA	NA	10000	461964	46.201	0.000235904	-108766	-110328	NA	NA	NA	NA	NA	NA	NA	NA	NA	NA
Q1846	NA	NA	10000	384974	38.509	0.000206102	-91204.9	-123787	NA	NA	NA	NA	NA	NA	NA	NA	NA	NA
Q1847	NA	NA	10000	441345	44.1389	4.93089e-05	-104156	-187612	NA	NA	NA	NA	NA	NA	NA	NA	NA	NA
Q1848	NA	NA	10000	333185	33.3285	0.000933472	-81953.7	-83487.3	NA	NA	NA	NA	NA	NA	NA	NA	NA	NA
Q1849	NA	NA	10000	359734	35.9878	0.000161537	-88929.7	-102223	NA	NA	NA	NA	NA	NA	NA	NA	NA	NA
Q1850	NA	NA	10000	358882	35.899	0.000118886	-87247.7	-113419	NA	NA	NA	NA	NA	NA	NA	NA	NA	NA
Q1851	NA	NA	10000	295594	29.5653	0.000194334	-71878.1	-119758	NA	NA	NA	NA	NA	NA	NA	NA	NA	NA
Q1852	NA	NA	10000	301533	30.1623	0.000689003	-71282.7	-74137.1	NA	NA	NA	NA	NA	NA	NA	NA	NA	NA
Q1853	NA	NA	10000	419491	41.9575	0.000513106	-101524	-111500	NA	NA	NA	NA	NA	NA	NA	NA	NA	NA
Q1854	NA	NA	10000	370335	37.0409	0.000995738	-88850.6	-89491	NA	NA	NA	NA	NA	NA	NA	NA	NA	NA
Q1855	NA	NA	10000	333358	33.3391	0.000759807	-82582.5	-85269.3	NA	NA	NA	NA	NA	NA	NA	NA	NA	NA
Q1856	NA	NA	10000	563810	56.381	0.000592103	-134064	-135977	NA	NA	NA	NA	NA	NA	NA	NA	NA	NA
Q1857	NA	NA	10000	286818	28.6904	0.00098374	-69269.1	-69808.9	NA	NA	NA	NA	NA	NA	NA	NA	NA	NA
Q1858	NA	NA	10000	417744	41.7786	0.000795063	-98696.9	-98947.9	NA	NA	NA	NA	NA	NA	NA	NA	NA	NA
Q1859	NA	NA	10000	472644	47.2786	0.000320625	-109666	-137897	NA	NA	NA	NA	NA	NA	NA	NA	NA	NA
Q1860	NA	NA	10000	329336	32.9435	0.000630146	-82094.9	-100760	NA	NA	NA	NA	NA	NA	NA	NA	NA	NA
Q1861	NA	NA	10000	527931	52.8195	0.000600632	-123650	-124352	NA	NA	NA	NA	NA	NA	NA	NA	NA	NA
Q1862	NA	NA	10000	452036	45.2081	0.0010143	-109616	-110279	NA	NA	NA	NA	NA	NA	NA	NA	NA	NA
Q1863	NA	NA	10000	541413	54.1521	0.000773919	-125334	-128889	NA	NA	NA	NA	NA	NA	NA	NA	NA	NA
Q1865	NA	NA	10000	448006	44.8006	0.000543896	-105759	-106674	NA	NA	NA	NA	NA	NA	NA	NA	NA	NA
Q1866	NA	NA	10000	318135	31.8262	0.000395883	-77586.7	-80154.9	NA	NA	NA	NA	NA	NA	NA	NA	NA	NA
Q1867	NA	NA	10000	307331	30.7331	0.0021986	-75634.4	-75958.1	NA	NA	NA	NA	NA	NA	NA	NA	NA	NA
Q1868	NA	NA	10000	306122	30.6183	0.00203031	-75288.3	-75699.3	NA	NA	NA	NA	NA	NA	NA	NA	NA	NA
Q1869	NA	NA	10000	358766	35.8766	0.0023392	-88057.1	-88757	NA	NA	NA	NA	NA	NA	NA	NA	NA	NA
Q1870	NA	NA	10000	349243	34.9313	0.000904052	-83568.2	-83746.5	NA	NA	NA	NA	NA	NA	NA	NA	NA	NA
Q1871	NA	NA	10000	492070	49.2119	0.00135302	-116037	-116251	NA	NA	NA	NA	NA	NA	NA	NA	NA	NA
Q1872	NA	NA	10000	454142	45.4187	0.00143798	-107151	-107831	NA	NA	NA	NA	NA	NA	NA	NA	NA	NA
Q1873	NA	NA	10000	359622	35.9694	0.000653994	-86564.4	-91699.6	NA	NA	NA	NA	NA	NA	NA	NA	NA	NA
Q1874	NA	NA	10000	643630	64.3694	0.00046444	-149318	-152214	NA	NA	NA	NA	NA	NA	NA	NA	NA	NA
Q1875	NA	NA	10000	412316	41.2316	0.00168012	-101218	-101527	NA	NA	NA	NA	NA	NA	NA	NA	NA	NA
Q1876	NA	NA	10000	484105	48.4299	0.000492443	-116870	-117487	NA	NA	NA	NA	NA	NA	NA	NA	NA	NA
Q1877	NA	NA	10000	333218	33.3218	0.00103133	-81586.1	-82125	NA	NA	NA	NA	NA	NA	NA	NA	NA	NA
Q1878	NA	NA	10000	376891	37.6966	0.00193101	-92137.5	-92875.2	NA	NA	NA	NA	NA	NA	NA	NA	NA	NA
Q1879	NA	NA	10000	327979	32.8077	0.000278871	-80343.9	-94693.9	NA	NA	NA	NA	NA	NA	NA	NA	NA	NA
Q1880	NA	NA	10000	382655	38.2732	0.000688855	-92705.2	-94828.4	NA	NA	NA	NA	NA	NA	NA	NA	NA	NA
Q1881	NA	NA	10000	287826	28.7855	0.000587465	-70141	-75803.7	NA	NA	NA	NA	NA	NA	NA	NA	NA	NA
Q1882	NA	NA	10000	368928	36.9002	0.000853616	-87845.7	-88646.9	NA	NA	NA	NA	NA	NA	NA	NA	NA	NA
Q1883	NA	NA	10000	455317	45.5363	0.000552648	-103279	-104291	NA	NA	NA	NA	NA	NA	NA	NA	NA	NA
Q1884	NA	NA	10000	494328	49.4377	0.00111557	-116019	-116518	NA	NA	NA	NA	NA	NA	NA	NA	NA	NA
Q1885	NA	NA	10000	377232	37.7307	0.00081708	-91599.4	-92157.9	NA	NA	NA	NA	NA	NA	NA	NA	NA	NA
Q1886	NA	NA	10000	303333	30.3454	0.000923882	-74170.4	-74378.8	NA	NA	NA	NA	NA	NA	NA	NA	NA	NA
Q1887	NA	NA	10000	368901	36.8975	0.000147973	-90769.5	-122444	NA	NA	NA	NA	NA	NA	NA	NA	NA	NA
Q2219	NA	NA	10000	65877	6.62214	0.000977758	-20690.6	-45818.4	NA	NA	NA	NA	NA	NA	NA	NA	NA	NA
Q2227	NA	NA	10000	68664	6.89259	0.00020562	-21799.8	-92977.2	NA	NA	NA	NA	NA	NA	NA	NA	NA	NA
Q2381	NA	NA	10000	69959	7.01695	0.000315928	-22154.5	-79980	NA	NA	NA	NA	NA	NA	NA	NA	NA	NA
qinrenhaofu	NA	NA	10000	401315	40.1355	0.00261777	-98054.9	-98667.5	NA	NA	NA	NA	NA	NA	NA	NA	NA	NA
qinrenhaomu	NA	NA	10000	354983	35.5019	0.00419652	-87408.2	-88294.2	NA	NA	NA	NA	NA	NA	NA	NA	NA	NA
qinrenhao	NA	NA	10000	434397	43.444	0.00168875	-101944	-102470	NA	NA	NA	NA	NA	NA	NA	NA	NA	NA
qiuzhixuanfu	NA	NA	10000	248537	24.8587	0.000731102	-62806.6	-62940.6	NA	NA	NA	NA	NA	NA	NA	NA	NA	NA
QWA	NA	NA	10000	316656	31.6719	0.000612848	-79773.8	-82042.1	NA	NA	NA	NA	NA	NA	NA	NA	NA	NA
RET2	NA	NA	10000	378928	37.8928	0.00103887	-108950	-109196	NA	NA	NA	NA	NA	NA	NA	NA	NA	NA
sayuwenyafu	NA	NA	10000	353535	35.3606	0.00284525	-89553.4	-90251.5	NA	NA	NA	NA	NA	NA	NA	NA	NA	NA
sayuwenya	NA	NA	10000	366462	36.6499	8.74589e-05	-89736.1	-150179	NA	NA	NA	NA	NA	NA	NA	NA	NA	NA
SD001	NA	NA	10000	325640	32.5673	0.000266213	-79435.7	-143576	NA	NA	NA	NA	NA	NA	NA	NA	NA	NA
SD003	NA	NA	10000	197930	19.7989	0.000149422	-52175.9	-124759	NA	NA	NA	NA	NA	NA	NA	NA	NA	NA
SD004	NA	NA	10000	310797	31.0828	0.00010318	-77477.3	-147740	NA	NA	NA	NA	NA	NA	NA	NA	NA	NA
SD005	NA	NA	10000	302480	30.248	0.000430747	-76740.6	-77678.5	NA	NA	NA	NA	NA	NA	NA	NA	NA	NA
SD006	NA	NA	10000	323776	32.3808	0.000366094	-77883.8	-79250.3	NA	NA	NA	NA	NA	NA	NA	NA	NA	NA
SD007	NA	NA	10000	351648	35.1683	0.00181263	-88761.7	-89497.6	NA	NA	NA	NA	NA	NA	NA	NA	NA	NA
SD008	NA	NA	10000	336966	33.7	0.000220747	-82207.1	-146273	NA	NA	NA	NA	NA	NA	NA	NA	NA	NA
SD009	NA	NA	10000	347367	34.7471	0.000550158	-85262.8	-85867.5	NA	NA	NA	NA	NA	NA	NA	NA	NA	NA
SD010	NA	NA	10000	339783	33.9885	0.000577156	-83418	-83925.2	NA	NA	NA	NA	NA	NA	NA	NA	NA	NA
SD011	NA	NA	10000	298734	29.8764	0.000358422	-74076.3	-79830.2	NA	NA	NA	NA	NA	NA	NA	NA	NA	NA
SD012	NA	NA	10000	294591	29.462	0.000197721	-71521.1	-144656	NA	NA	NA	NA	NA	NA	NA	NA	NA	NA
SD013	NA	NA	10000	292388	29.2446	0.000522478	-71700.2	-73031.3	NA	NA	NA	NA	NA	NA	NA	NA	NA	NA
SD014	NA	NA	10000	294534	29.4563	0.000183088	-72553.6	-103028	NA	NA	NA	NA	NA	NA	NA	NA	NA	NA
SD015	NA	NA	10000	288182	28.824	0.000172656	-72447.6	-147600	NA	NA	NA	NA	NA	NA	NA	NA	NA	NA
SD016	NA	NA	10000	303014	30.3014	0.000122098	-77937.1	-130361	NA	NA	NA	NA	NA	NA	NA	NA	NA	NA
SD017	NA	NA	10000	267526	26.7553	0.00216543	-68019.8	-68401.4	NA	NA	NA	NA	NA	NA	NA	NA	NA	NA
SD018	NA	NA	10000	284185	28.4242	0.000249333	-70474.7	-99710.1	NA	NA	NA	NA	NA	NA	NA	NA	NA	NA
SD019	NA	NA	10000	358156	35.8335	0.000429502	-90285.1	-96128.6	NA	NA	NA	NA	NA	NA	NA	NA	NA	NA
SD021	NA	NA	10000	296494	29.6524	0.000474876	-75753.6	-83810.8	NA	NA	NA	NA	NA	NA	NA	NA	NA	NA
SD022	NA	NA	10000	350415	35.0415	0.000138684	-84609.2	-183173	NA	NA	NA	NA	NA	NA	NA	NA	NA	NA
SD023	NA	NA	10000	281324	28.138	0.000465901	-71130.8	-129779	NA	NA	NA	NA	NA	NA	NA	NA	NA	NA
SD024	NA	NA	10000	290180	29.0209	0.000529908	-73783.4	-80144.4	NA	NA	NA	NA	NA	NA	NA	NA	NA	NA
SD025	NA	NA	10000	346714	34.6749	0.00071958	-85741	-88997.9	NA	NA	NA	NA	NA	NA	NA	NA	NA	NA
SD026	NA	NA	10000	308711	30.8742	0.000220655	-75995.9	-174660	NA	NA	NA	NA	NA	NA	NA	NA	NA	NA
SD027	NA	NA	10000	291602	29.1631	0.000984098	-75210	-76281.8	NA	NA	NA	NA	NA	NA	NA	NA	NA	NA
SD028	NA	NA	10000	326440	32.6505	0.000945914	-84147.3	-84735.2	NA	NA	NA	NA	NA	NA	NA	NA	NA	NA
SD029	NA	NA	10000	298304	29.8364	0.00099272	-75544.3	-76272	NA	NA	NA	NA	NA	NA	NA	NA	NA	NA
SD030	NA	NA	10000	320410	32.0474	0.000231866	-80484.3	-164229	NA	NA	NA	NA	NA	NA	NA	NA	NA	NA
SD031	NA	NA	10000	320060	32.0092	0.000644708	-80550.8	-81852.2	NA	NA	NA	NA	NA	NA	NA	NA	NA	NA
SD032	NA	NA	10000	331334	33.1367	0.000486159	-82226.2	-82913.3	NA	NA	NA	NA	NA	NA	NA	NA	NA	NA
SD034	NA	NA	10000	341856	34.1993	0.000367041	-83681	-84722.5	NA	NA	NA	NA	NA	NA	NA	NA	NA	NA
SD035	NA	NA	10000	334989	33.5056	0.00034462	-83467.2	-86228.3	NA	NA	NA	NA	NA	NA	NA	NA	NA	NA
SD036	NA	NA	10000	341543	34.1577	0.000427355	-83603.6	-84980.1	NA	NA	NA	NA	NA	NA	NA	NA	NA	NA
SD037	NA	NA	10000	324281	32.4313	0.000215311	-81450.1	-114189	NA	NA	NA	NA	NA	NA	NA	NA	NA	NA
SD039	NA	NA	10000	313004	31.3035	0.000648957	-78270.7	-82133.5	NA	NA	NA	NA	NA	NA	NA	NA	NA	NA
SD041	NA	NA	10000	321395	32.1427	0.000118288	-79137.3	-141220	NA	NA	NA	NA	NA	NA	NA	NA	NA	NA
SD042	NA	NA	10000	318529	31.8561	0.000132917	-80853.5	-129906	NA	NA	NA	NA	NA	NA	NA	NA	NA	NA
SD043	NA	NA	10000	308855	30.8855	0.000298617	-78165.1	-93378.3	NA	NA	NA	NA	NA	NA	NA	NA	NA	NA
SD044	NA	NA	10000	325732	32.5765	0.000148059	-79089.4	-159456	NA	NA	NA	NA	NA	NA	NA	NA	NA	NA
SD045	NA	NA	10000	317396	31.7428	7.58716e-05	-77617.4	-180643	NA	NA	NA	NA	NA	NA	NA	NA	NA	NA
SD047	NA	NA	10000	301908	30.1938	0.000184785	-74442	-137409	NA	NA	NA	NA	NA	NA	NA	NA	NA	NA
SD048	NA	NA	10000	295536	29.5625	0.00041819	-71192	-75256.4	NA	NA	NA	NA	NA	NA	NA	NA	NA	NA
SD049	NA	NA	10000	297270	29.7329	0.000190627	-75487.1	-177140	NA	NA	NA	NA	NA	NA	NA	NA	NA	NA
SD050	NA	NA	10000	306311	30.6372	0.000165753	-75222.2	-96748.8	NA	NA	NA	NA	NA	NA	NA	NA	NA	NA
SD052	NA	NA	10000	324156	32.4188	0.00078332	-82033.9	-82812.1	NA	NA	NA	NA	NA	NA	NA	NA	NA	NA
SD056	NA	NA	10000	289121	28.915	0.000140309	-72204.1	-162982	NA	NA	NA	NA	NA	NA	NA	NA	NA	NA
SD059	NA	NA	10000	315215	31.5215	0.00333638	-79273.3	-79765.1	NA	NA	NA	NA	NA	NA	NA	NA	NA	NA
SD062	NA	NA	10000	327986	32.8052	0.000412283	-82250.4	-84263.8	NA	NA	NA	NA	NA	NA	NA	NA	NA	NA
SD064	NA	NA	10000	328624	32.8657	0.000139161	-80731.1	-171670	NA	NA	NA	NA	NA	NA	NA	NA	NA	NA
SD066	NA	NA	10000	327543	32.7576	0.000113397	-78638.2	-173043	NA	NA	NA	NA	NA	NA	NA	NA	NA	NA
SD067	NA	NA	10000	307252	30.7313	0.000107692	-78406.8	-126976	NA	NA	NA	NA	NA	NA	NA	NA	NA	NA
SD068	NA	NA	10000	332870	33.2937	0.000243844	-81182	-141174	NA	NA	NA	NA	NA	NA	NA	NA	NA	NA
SD073	NA	NA	10000	318213	31.8213	6.34212e-05	-77219	-138555	NA	NA	NA	NA	NA	NA	NA	NA	NA	NA
SD078	NA	NA	10000	318178	31.821	4.36203e-05	-79048.5	-174223	NA	NA	NA	NA	NA	NA	NA	NA	NA	NA
SD081	NA	NA	10000	285938	28.5995	0.000176412	-73094.5	-108050	NA	NA	NA	NA	NA	NA	NA	NA	NA	NA
SD086	NA	NA	10000	333484	33.3517	0.00012194	-82712.5	-139017	NA	NA	NA	NA	NA	NA	NA	NA	NA	NA
SD087	NA	NA	10000	306854	30.6885	0.000159221	-75141.4	-175568	NA	NA	NA	NA	NA	NA	NA	NA	NA	NA
SD089	NA	NA	10000	345102	34.5102	0.000349008	-83409.5	-90507.6	NA	NA	NA	NA	NA	NA	NA	NA	NA	NA
SD090	NA	NA	10000	324288	32.4288	0.000202828	-80316.5	-150618	NA	NA	NA	NA	NA	NA	NA	NA	NA	NA
SD091	NA	NA	10000	327666	32.7732	0.000534887	-81976.3	-82848.9	NA	NA	NA	NA	NA	NA	NA	NA	NA	NA
SD093	NA	NA	10000	317911	31.7975	0.00352647	-79340.3	-80316	NA	NA	NA	NA	NA	NA	NA	NA	NA	NA
SD094	NA	NA	10000	284619	28.4676	0.000102303	-73625	-159971	NA	NA	NA	NA	NA	NA	NA	NA	NA	NA
SD095	NA	NA	10000	354128	35.4163	0.000575356	-87126	-88080.6	NA	NA	NA	NA	NA	NA	NA	NA	NA	NA
SD096	NA	NA	10000	336219	33.6219	0.000346371	-82760	-83588.4	NA	NA	NA	NA	NA	NA	NA	NA	NA	NA
SD097	NA	NA	10000	299624	29.9714	0.000153726	-76889.3	-155402	NA	NA	NA	NA	NA	NA	NA	NA	NA	NA
SD098	NA	NA	10000	299670	29.973	0.000189649	-73986.3	-89795.3	NA	NA	NA	NA	NA	NA	NA	NA	NA	NA
SD099	NA	NA	10000	333241	33.3308	0.000196896	-82227.3	-127874	NA	NA	NA	NA	NA	NA	NA	NA	NA	NA
SD100	NA	NA	10000	320420	32.0484	0.00032579	-80773.1	-83535	NA	NA	NA	NA	NA	NA	NA	NA	NA	NA
SD101	NA	NA	10000	256622	25.6699	0.00134745	-63268	-64005.9	NA	NA	NA	NA	NA	NA	NA	NA	NA	NA
SD102	NA	NA	10000	293481	29.351	0.000174206	-71605.8	-107799	NA	NA	NA	NA	NA	NA	NA	NA	NA	NA
SD103	NA	NA	10000	274013	27.404	0.000281232	-69291.1	-91699.4	NA	NA	NA	NA	NA	NA	NA	NA	NA	NA
SD104	NA	NA	10000	281417	28.1417	8.55908e-05	-69343.8	-149480	NA	NA	NA	NA	NA	NA	NA	NA	NA	NA
SD105	NA	NA	10000	336241	33.6275	0.000182453	-82682.8	-153646	NA	NA	NA	NA	NA	NA	NA	NA	NA	NA
SD106	NA	NA	10000	348768	34.8838	0.000278029	-84406	-86120	NA	NA	NA	NA	NA	NA	NA	NA	NA	NA
SD107	NA	NA	10000	287358	28.7387	9.87137e-05	-71841.5	-156139	NA	NA	NA	NA	NA	NA	NA	NA	NA	NA
SD108	NA	NA	10000	287685	28.7685	0.000182642	-71728.7	-111078	NA	NA	NA	NA	NA	NA	NA	NA	NA	NA
SD109	NA	NA	10000	284122	28.4179	0.000124226	-69926.3	-151554	NA	NA	NA	NA	NA	NA	NA	NA	NA	NA
SD110	NA	NA	10000	310053	31.0084	0.000434925	-80128.4	-80764.6	NA	NA	NA	NA	NA	NA	NA	NA	NA	NA
SD111	NA	NA	10000	341588	34.1656	0.000342128	-85991.3	-94109.5	NA	NA	NA	NA	NA	NA	NA	NA	NA	NA
SD115	NA	NA	10000	330177	33.0177	0.000155258	-79951.4	-181009	NA	NA	NA	NA	NA	NA	NA	NA	NA	NA
SD116	NA	NA	10000	338647	33.8715	0.000128426	-82805.6	-182199	NA	NA	NA	NA	NA	NA	NA	NA	NA	NA
SD117	NA	NA	10000	323351	32.3416	0.000392123	-78637	-81852.6	NA	NA	NA	NA	NA	NA	NA	NA	NA	NA
SD118	NA	NA	10000	342320	34.2388	0.000418399	-84731	-87684	NA	NA	NA	NA	NA	NA	NA	NA	NA	NA
SD119	NA	NA	10000	331194	33.1227	9.00351e-05	-79877.6	-130186	NA	NA	NA	NA	NA	NA	NA	NA	NA	NA
SD120	NA	NA	10000	328703	32.8736	0.000203158	-82544.8	-118059	NA	NA	NA	NA	NA	NA	NA	NA	NA	NA
SD121	NA	NA	10000	322026	32.2058	0.000141138	-78542.4	-123959	NA	NA	NA	NA	NA	NA	NA	NA	NA	NA
SD122	NA	NA	10000	382270	38.2346	0.000307613	-92202.3	-96277.2	NA	NA	NA	NA	NA	NA	NA	NA	NA	NA
SD123	NA	NA	10000	377026	37.7101	0.000408878	-92357.7	-97149.1	NA	NA	NA	NA	NA	NA	NA	NA	NA	NA
SD124	NA	NA	10000	361391	36.1391	0.000199229	-86957.9	-140206	NA	NA	NA	NA	NA	NA	NA	NA	NA	NA
SD125	NA	NA	10000	368757	36.8868	8.99739e-05	-86686.4	-157365	NA	NA	NA	NA	NA	NA	NA	NA	NA	NA
SD126	NA	NA	10000	368640	36.8677	0.000402911	-89182.3	-91394.1	NA	NA	NA	NA	NA	NA	NA	NA	NA	NA
SD127	NA	NA	10000	361065	36.1137	0.000302064	-87431	-90132.2	NA	NA	NA	NA	NA	NA	NA	NA	NA	NA
SD128	NA	NA	10000	359515	35.9551	0.000332709	-87953	-95696	NA	NA	NA	NA	NA	NA	NA	NA	NA	NA
SD129	NA	NA	10000	385068	38.5145	0.000377901	-94916.4	-98251.7	NA	NA	NA	NA	NA	NA	NA	NA	NA	NA
SD130	NA	NA	10000	382797	38.2912	0.00038905	-93659.4	-96077.3	NA	NA	NA	NA	NA	NA	NA	NA	NA	NA
SD131	NA	NA	10000	380850	38.0888	0.000340115	-92327.7	-92952.3	NA	NA	NA	NA	NA	NA	NA	NA	NA	NA
SD132	NA	NA	10000	369604	36.9604	0.000164446	-91142.3	-149046	NA	NA	NA	NA	NA	NA	NA	NA	NA	NA
SD134	NA	NA	10000	377872	37.791	0.000315809	-94197.1	-101804	NA	NA	NA	NA	NA	NA	NA	NA	NA	NA
SD136	NA	NA	10000	372063	37.2137	0.00012552	-90325.5	-173236	NA	NA	NA	NA	NA	NA	NA	NA	NA	NA
SD137	NA	NA	10000	311783	31.1783	0.000444937	-74995.8	-75586.7	NA	NA	NA	NA	NA	NA	NA	NA	NA	NA
SD138	NA	NA	10000	339479	33.9513	0.00182251	-83665.2	-84316	NA	NA	NA	NA	NA	NA	NA	NA	NA	NA
SD139	NA	NA	10000	375909	37.5984	0.000157527	-89699.9	-113609	NA	NA	NA	NA	NA	NA	NA	NA	NA	NA
SD140	NA	NA	10000	322456	32.2521	0.000141795	-76990.4	-128431	NA	NA	NA	NA	NA	NA	NA	NA	NA	NA
SD141	NA	NA	10000	312830	31.2861	0.000178997	-76878.2	-100890	NA	NA	NA	NA	NA	NA	NA	NA	NA	NA
SD142	NA	NA	10000	338431	33.8465	4.52531e-05	-83017.2	-160464	NA	NA	NA	NA	NA	NA	NA	NA	NA	NA
SD143	NA	NA	10000	359776	35.9884	0.000210439	-87737.7	-125215	NA	NA	NA	NA	NA	NA	NA	NA	NA	NA
SD191	NA	NA	10000	337596	33.763	0.000136291	-80777.4	-160352	NA	NA	NA	NA	NA	NA	NA	NA	NA	NA
SD192	NA	NA	10000	344098	34.4167	0.000444168	-84755.2	-85597.2	NA	NA	NA	NA	NA	NA	NA	NA	NA	NA
SD194	NA	NA	10000	331065	33.1131	5.01948e-05	-79782.8	-90962.8	NA	NA	NA	NA	NA	NA	NA	NA	NA	NA
SD195	NA	NA	10000	375527	37.5565	0.000126877	-90636.7	-131130	NA	NA	NA	NA	NA	NA	NA	NA	NA	NA
SD196	NA	NA	10000	383455	38.3493	0.000113427	-94569.6	-114464	NA	NA	NA	NA	NA	NA	NA	NA	NA	NA
SD197	NA	NA	10000	381396	38.1472	8.58089e-05	-93583.2	-99248.5	NA	NA	NA	NA	NA	NA	NA	NA	NA	NA
SD198	NA	NA	10000	357245	35.7316	0.000122572	-87143.4	-198647	NA	NA	NA	NA	NA	NA	NA	NA	NA	NA
SD199	NA	NA	10000	375085	37.5123	0.000152674	-90838.1	-142410	NA	NA	NA	NA	NA	NA	NA	NA	NA	NA
SD200	NA	NA	10000	367601	36.7675	0.00044139	-91230	-94515.8	NA	NA	NA	NA	NA	NA	NA	NA	NA	NA
SD202	NA	NA	10000	388296	38.8374	0.000167516	-93767.9	-95052.2	NA	NA	NA	NA	NA	NA	NA	NA	NA	NA
SD203	NA	NA	10000	352280	35.235	9.06707e-05	-86403.2	-107073	NA	NA	NA	NA	NA	NA	NA	NA	NA	NA
SD204	NA	NA	10000	362009	36.2009	0.000450939	-85846.1	-88688	NA	NA	NA	NA	NA	NA	NA	NA	NA	NA
SD205	NA	NA	10000	351035	35.107	0.000299765	-86264	-87457.9	NA	NA	NA	NA	NA	NA	NA	NA	NA	NA
SD206	NA	NA	10000	359320	35.9356	5.26591e-05	-87562.4	-172717	NA	NA	NA	NA	NA	NA	NA	NA	NA	NA
SD208	NA	NA	10000	348530	34.8635	6.28756e-05	-85052.6	-176870	NA	NA	NA	NA	NA	NA	NA	NA	NA	NA
SD210	NA	NA	10000	349269	34.9304	8.94189e-05	-83944.2	-159656	NA	NA	NA	NA	NA	NA	NA	NA	NA	NA
SD213	NA	NA	10000	356416	35.6487	8.62084e-05	-87968.2	-147570	NA	NA	NA	NA	NA	NA	NA	NA	NA	NA
SD214	NA	NA	10000	362793	36.2829	0.000239768	-90821.7	-92367.2	NA	NA	NA	NA	NA	NA	NA	NA	NA	NA
SD218	NA	NA	10000	355452	35.5488	9.6753e-05	-86156.2	-169440	NA	NA	NA	NA	NA	NA	NA	NA	NA	NA
SD221	NA	NA	10000	365323	36.5396	0.000157255	-88076.4	-162660	NA	NA	NA	NA	NA	NA	NA	NA	NA	NA
SD223	NA	NA	10000	343219	34.3288	0.000448502	-84144	-88286.8	NA	NA	NA	NA	NA	NA	NA	NA	NA	NA
SD224	NA	NA	10000	347568	34.7672	8.03185e-05	-82891.3	-169327	NA	NA	NA	NA	NA	NA	NA	NA	NA	NA
SD225	NA	NA	10000	306897	30.6958	6.70881e-05	-75643.7	-148350	NA	NA	NA	NA	NA	NA	NA	NA	NA	NA
SD226	NA	NA	10000	366172	36.6209	0.000125549	-87469	-155217	NA	NA	NA	NA	NA	NA	NA	NA	NA	NA
SD227	NA	NA	10000	353237	35.3308	0.000254663	-86403.2	-95067.9	NA	NA	NA	NA	NA	NA	NA	NA	NA	NA
SD228	NA	NA	10000	302328	30.2388	0.000290813	-74039.5	-80733.9	NA	NA	NA	NA	NA	NA	NA	NA	NA	NA
SD229	NA	NA	10000	350937	35.0972	9.61605e-05	-83279.8	-180832	NA	NA	NA	NA	NA	NA	NA	NA	NA	NA
SD231	NA	NA	10000	345053	34.5157	0.000333113	-83291.9	-92959.1	NA	NA	NA	NA	NA	NA	NA	NA	NA	NA
SD232	NA	NA	10000	348541	34.8646	0.000143399	-83858.2	-96114.9	NA	NA	NA	NA	NA	NA	NA	NA	NA	NA
SD233	NA	NA	10000	297258	29.7317	0.000127356	-73724.5	-100842	NA	NA	NA	NA	NA	NA	NA	NA	NA	NA
SD234	NA	NA	10000	351255	35.1325	0.000125299	-84245	-144862	NA	NA	NA	NA	NA	NA	NA	NA	NA	NA
SD235	NA	NA	10000	367057	36.7094	0.000215933	-92291.8	-101502	NA	NA	NA	NA	NA	NA	NA	NA	NA	NA
SD236	NA	NA	10000	362765	36.2838	0.000219419	-87557.5	-99935	NA	NA	NA	NA	NA	NA	NA	NA	NA	NA
SD237	NA	NA	10000	350878	35.0948	0.000243431	-83246.8	-97171.9	NA	NA	NA	NA	NA	NA	NA	NA	NA	NA
SD238	NA	NA	10000	341609	34.1643	0.000477381	-81290.5	-82760.6	NA	NA	NA	NA	NA	NA	NA	NA	NA	NA
SD239	NA	NA	10000	354689	35.476	9.1515e-05	-87444.6	-184703	NA	NA	NA	NA	NA	NA	NA	NA	NA	NA
SD240	NA	NA	10000	342855	34.2924	0.000569026	-84088.2	-85210	NA	NA	NA	NA	NA	NA	NA	NA	NA	NA
SD241	NA	NA	10000	325889	32.5922	9.41324e-05	-79761	-128625	NA	NA	NA	NA	NA	NA	NA	NA	NA	NA
SD242	NA	NA	10000	329518	32.965	0.000275385	-80818.2	-86026.3	NA	NA	NA	NA	NA	NA	NA	NA	NA	NA
SD243	NA	NA	10000	332380	33.2413	0.000149413	-81769.9	-141385	NA	NA	NA	NA	NA	NA	NA	NA	NA	NA
SD244	NA	NA	10000	347689	34.7724	0.00023284	-84387.5	-93196.9	NA	NA	NA	NA	NA	NA	NA	NA	NA	NA
SD245	NA	NA	10000	342589	34.2623	4.62005e-05	-82993	-103013	NA	NA	NA	NA	NA	NA	NA	NA	NA	NA
SD246	NA	NA	10000	339245	33.9279	0.000213139	-81101.6	-104347	NA	NA	NA	NA	NA	NA	NA	NA	NA	NA
SD247	NA	NA	10000	351424	35.1529	0.00022718	-84817	-86057.7	NA	NA	NA	NA	NA	NA	NA	NA	NA	NA
SD248	NA	NA	10000	355701	35.5772	0.000460325	-85604.9	-86863.7	NA	NA	NA	NA	NA	NA	NA	NA	NA	NA
SD249	NA	NA	10000	297632	29.7662	9.44679e-05	-75488.4	-132152	NA	NA	NA	NA	NA	NA	NA	NA	NA	NA
SD250	NA	NA	10000	363044	36.3044	9.68975e-05	-89687.5	-133635	NA	NA	NA	NA	NA	NA	NA	NA	NA	NA
SD251	NA	NA	10000	350473	35.0508	9.65062e-05	-85070.8	-162908	NA	NA	NA	NA	NA	NA	NA	NA	NA	NA
SD252	NA	NA	10000	354569	35.4569	7.16212e-05	-84011.7	-133793	NA	NA	NA	NA	NA	NA	NA	NA	NA	NA
SD253	NA	NA	10000	355232	35.5303	0.000135933	-89512.4	-155384	NA	NA	NA	NA	NA	NA	NA	NA	NA	NA
SD254	NA	NA	10000	353912	35.3947	8.68676e-05	-87262.5	-184154	NA	NA	NA	NA	NA	NA	NA	NA	NA	NA
SD255	NA	NA	10000	350977	35.0977	0.000167559	-85129.4	-178239	NA	NA	NA	NA	NA	NA	NA	NA	NA	NA
SD256	NA	NA	10000	357420	35.742	0.000148388	-86868.3	-110136	NA	NA	NA	NA	NA	NA	NA	NA	NA	NA
SD257	NA	NA	10000	348014	34.8014	0.000103983	-84292.3	-144876	NA	NA	NA	NA	NA	NA	NA	NA	NA	NA
SD258	NA	NA	10000	357801	35.7908	0.000155762	-86384.6	-119197	NA	NA	NA	NA	NA	NA	NA	NA	NA	NA
SD259	NA	NA	10000	370110	37.0184	6.55464e-05	-88587.6	-154275	NA	NA	NA	NA	NA	NA	NA	NA	NA	NA
SD260	NA	NA	10000	368806	36.888	5.17119e-05	-88647.3	-203562	NA	NA	NA	NA	NA	NA	NA	NA	NA	NA
SD261	NA	NA	10000	365749	36.5822	0.000340207	-90319.7	-91354	NA	NA	NA	NA	NA	NA	NA	NA	NA	NA
SD262	NA	NA	10000	377946	37.7984	0.000167522	-92387.2	-96352.2	NA	NA	NA	NA	NA	NA	NA	NA	NA	NA
SD263	NA	NA	10000	388162	38.8201	8.66101e-05	-92924.1	-196289	NA	NA	NA	NA	NA	NA	NA	NA	NA	NA
SD264	NA	NA	10000	372396	37.247	0.000126722	-93060.5	-153242	NA	NA	NA	NA	NA	NA	NA	NA	NA	NA
SD265	NA	NA	10000	372998	37.3035	0.000307705	-88569.8	-89377.5	NA	NA	NA	NA	NA	NA	NA	NA	NA	NA
SD266	NA	NA	10000	370075	37.0075	6.676e-05	-87972.6	-147114	NA	NA	NA	NA	NA	NA	NA	NA	NA	NA
SD267	NA	NA	10000	367260	36.7407	0.000143533	-87430.7	-99650.8	NA	NA	NA	NA	NA	NA	NA	NA	NA	NA
SD268	NA	NA	10000	370520	37.0594	7.87854e-05	-92298.4	-159454	NA	NA	NA	NA	NA	NA	NA	NA	NA	NA
SD269	NA	NA	10000	372402	37.2476	8.70995e-05	-92105.4	-174516	NA	NA	NA	NA	NA	NA	NA	NA	NA	NA
SD270	NA	NA	10000	366795	36.6868	3.33234e-05	-86082.3	-167140	NA	NA	NA	NA	NA	NA	NA	NA	NA	NA
SH_283	NA	NA	10000	354175	35.4246	0.000292161	-86039.5	-87466.1	NA	NA	NA	NA	NA	NA	NA	NA	NA	NA
SH_284	NA	NA	10000	362707	36.2743	0.0006515	-86612.4	-87617.4	NA	NA	NA	NA	NA	NA	NA	NA	NA	NA
SH_286	NA	NA	10000	338354	33.8388	0.000255949	-84107.4	-92740.4	NA	NA	NA	NA	NA	NA	NA	NA	NA	NA
SH_287	NA	NA	10000	361751	36.1787	0.000319883	-88503.7	-94339	NA	NA	NA	NA	NA	NA	NA	NA	NA	NA
SH_288	NA	NA	10000	348121	34.8191	0.00041058	-85257.8	-87558.5	NA	NA	NA	NA	NA	NA	NA	NA	NA	NA
SH_289	NA	NA	10000	315001	31.5033	0.000982841	-79162.9	-79755.7	NA	NA	NA	NA	NA	NA	NA	NA	NA	NA
SH_290	NA	NA	10000	367201	36.7238	0.000666355	-88779.2	-89309.2	NA	NA	NA	NA	NA	NA	NA	NA	NA	NA
SH_291	NA	NA	10000	317440	31.7599	0.000482454	-76461.9	-86467.5	NA	NA	NA	NA	NA	NA	NA	NA	NA	NA
SH_292	NA	NA	10000	352947	35.2947	0.000660774	-85234.2	-87346.3	NA	NA	NA	NA	NA	NA	NA	NA	NA	NA
SH_293	NA	NA	10000	358672	35.8744	0.0012504	-89205.3	-89793.5	NA	NA	NA	NA	NA	NA	NA	NA	NA	NA
SH_294	NA	NA	10000	336624	33.6691	0.000626219	-83015.4	-83956.7	NA	NA	NA	NA	NA	NA	NA	NA	NA	NA
SH_295	NA	NA	10000	331821	33.1854	0.000796506	-81649.6	-81917.8	NA	NA	NA	NA	NA	NA	NA	NA	NA	NA
SH_296	NA	NA	10000	332380	33.2513	0.000588949	-81839.2	-85503.8	NA	NA	NA	NA	NA	NA	NA	NA	NA	NA
SH_297	NA	NA	10000	346479	34.6514	0.000702293	-84516.5	-84897.5	NA	NA	NA	NA	NA	NA	NA	NA	NA	NA
SH_299	NA	NA	10000	294544	29.4573	0.00128868	-72984	-73408.9	NA	NA	NA	NA	NA	NA	NA	NA	NA	NA
SH_300	NA	NA	10000	291280	29.1338	0.000861937	-70150.8	-70708.3	NA	NA	NA	NA	NA	NA	NA	NA	NA	NA
SH_301	NA	NA	10000	371978	37.2127	0.000191416	-89214.7	-91934	NA	NA	NA	NA	NA	NA	NA	NA	NA	NA
SH_302	NA	NA	10000	336282	33.6383	0.000213339	-84105.8	-89252.9	NA	NA	NA	NA	NA	NA	NA	NA	NA	NA
SH_303	NA	NA	10000	344402	34.4471	0.000732432	-83186.9	-83636.8	NA	NA	NA	NA	NA	NA	NA	NA	NA	NA
SH_304	NA	NA	10000	304374	30.4526	0.000889061	-75403.6	-75783.6	NA	NA	NA	NA	NA	NA	NA	NA	NA	NA
SH_305	NA	NA	10000	320165	32.0293	0.000702953	-77633.4	-79711.2	NA	NA	NA	NA	NA	NA	NA	NA	NA	NA
SH_306	NA	NA	10000	339706	33.9808	0.000836593	-82582.8	-84487.8	NA	NA	NA	NA	NA	NA	NA	NA	NA	NA
SH_307	NA	NA	10000	338063	33.8097	8.14967e-05	-80698.3	-166165	NA	NA	NA	NA	NA	NA	NA	NA	NA	NA
SH_308	NA	NA	10000	277426	27.7509	0.0016911	-68943.7	-69441.4	NA	NA	NA	NA	NA	NA	NA	NA	NA	NA
SH_309	NA	NA	10000	336057	33.6091	0.000854219	-81644.8	-82580.6	NA	NA	NA	NA	NA	NA	NA	NA	NA	NA
SH_310	NA	NA	10000	321110	32.1142	0.000724117	-79334.1	-79970.3	NA	NA	NA	NA	NA	NA	NA	NA	NA	NA
SH_311	NA	NA	10000	335976	33.5976	0.00151733	-83308.7	-83651.1	NA	NA	NA	NA	NA	NA	NA	NA	NA	NA
SH_312	NA	NA	10000	328886	32.8952	0.00068928	-79842.5	-80115.4	NA	NA	NA	NA	NA	NA	NA	NA	NA	NA
SH_313	NA	NA	10000	342586	34.2689	0.000870997	-82533.8	-83771.7	NA	NA	NA	NA	NA	NA	NA	NA	NA	NA
SH_314	NA	NA	10000	381630	38.1745	6.28076e-05	-86731.9	-125224	NA	NA	NA	NA	NA	NA	NA	NA	NA	NA
SH_315	NA	NA	10000	313479	31.3573	0.000862795	-76355.7	-77163.1	NA	NA	NA	NA	NA	NA	NA	NA	NA	NA
SH_316	NA	NA	10000	309743	30.9743	0.00115931	-78529.6	-79346.3	NA	NA	NA	NA	NA	NA	NA	NA	NA	NA
SH_317	NA	NA	10000	347180	34.7249	0.000856332	-84622.7	-86539.7	NA	NA	NA	NA	NA	NA	NA	NA	NA	NA
SH_318	NA	NA	10000	329875	32.9941	0.00323137	-80972.6	-81518.8	NA	NA	NA	NA	NA	NA	NA	NA	NA	NA
SH_319	NA	NA	10000	335382	33.555	0.000809863	-82417.9	-84245.9	NA	NA	NA	NA	NA	NA	NA	NA	NA	NA
SH_320	NA	NA	10000	296427	29.6516	0.000739202	-75381	-76874.5	NA	NA	NA	NA	NA	NA	NA	NA	NA	NA
SH_321	NA	NA	10000	309380	30.9473	0.00116107	-77354.1	-77708.4	NA	NA	NA	NA	NA	NA	NA	NA	NA	NA
SH_322	NA	NA	10000	312557	31.2588	0.00096098	-77976.4	-79632.4	NA	NA	NA	NA	NA	NA	NA	NA	NA	NA
SH_323	NA	NA	10000	331113	33.1179	0.00116909	-81976.8	-83338.3	NA	NA	NA	NA	NA	NA	NA	NA	NA	NA
SH_324	NA	NA	10000	340827	34.0827	0.00103805	-82835.9	-83108.7	NA	NA	NA	NA	NA	NA	NA	NA	NA	NA
SH_325	NA	NA	10000	342475	34.2544	0.00106984	-82750.4	-83686.9	NA	NA	NA	NA	NA	NA	NA	NA	NA	NA
SH_326	NA	NA	10000	355856	35.5998	4.62111e-08	-85223.8	-107866	NA	NA	NA	NA	NA	NA	NA	NA	NA	NA
SH_327	NA	NA	10000	343688	34.3791	0.000727446	-83932.4	-84158.5	NA	NA	NA	NA	NA	NA	NA	NA	NA	NA
SH_328	NA	NA	10000	340657	34.0657	0.00088814	-84928.9	-85406.5	NA	NA	NA	NA	NA	NA	NA	NA	NA	NA
SH_329	NA	NA	10000	346352	34.6352	0.00107324	-84110.1	-84340.7	NA	NA	NA	NA	NA	NA	NA	NA	NA	NA
SH_330	NA	NA	10000	282827	28.2855	5.48487e-05	-70286.9	-84690.1	NA	NA	NA	NA	NA	NA	NA	NA	NA	NA
SH_331	NA	NA	10000	334881	33.4948	0.000855542	-80162.9	-80891.8	NA	NA	NA	NA	NA	NA	NA	NA	NA	NA
SH_332	NA	NA	10000	344080	34.4149	0.000722107	-83093.1	-86176.2	NA	NA	NA	NA	NA	NA	NA	NA	NA	NA
SH_333	NA	NA	10000	325897	32.6027	0.000560382	-79577.5	-80338	NA	NA	NA	NA	NA	NA	NA	NA	NA	NA
SH_334	NA	NA	10000	340350	34.0486	0.00125245	-81182.6	-81371.8	NA	NA	NA	NA	NA	NA	NA	NA	NA	NA
SH_335	NA	NA	10000	346074	34.6212	0.000721031	-84143.9	-85284	NA	NA	NA	NA	NA	NA	NA	NA	NA	NA
SH_336	NA	NA	10000	338425	33.8527	0.000986832	-82429.8	-82627.2	NA	NA	NA	NA	NA	NA	NA	NA	NA	NA
SH_337	NA	NA	10000	337973	33.7973	0.00144451	-82740.4	-83446.8	NA	NA	NA	NA	NA	NA	NA	NA	NA	NA
SH_338	NA	NA	10000	332120	33.212	0.000992788	-81597.6	-84138.1	NA	NA	NA	NA	NA	NA	NA	NA	NA	NA
SH_339	NA	NA	10000	323520	32.3552	0.0027969	-79661.2	-80507.9	NA	NA	NA	NA	NA	NA	NA	NA	NA	NA
SH_340	NA	NA	10000	326059	32.6157	0.00071871	-78378.8	-80893	NA	NA	NA	NA	NA	NA	NA	NA	NA	NA
SH_341	NA	NA	10000	342017	34.212	0.0120549	-86147.5	-88583.1	NA	NA	NA	NA	NA	NA	NA	NA	NA	NA
SH_342	NA	NA	10000	337540	33.7709	0.000769173	-82355.5	-83826.1	NA	NA	NA	NA	NA	NA	NA	NA	NA	NA
SH_343	NA	NA	10000	352801	35.2907	0.000947483	-86087.6	-86609.4	NA	NA	NA	NA	NA	NA	NA	NA	NA	NA
SH_344	NA	NA	10000	337941	33.7975	0.00136548	-82287.8	-82624.5	NA	NA	NA	NA	NA	NA	NA	NA	NA	NA
SH_345	NA	NA	10000	344297	34.4435	0.000810993	-84911.8	-85472.2	NA	NA	NA	NA	NA	NA	NA	NA	NA	NA
SH_346	NA	NA	10000	327697	32.7795	0.00151384	-79446.9	-79926.1	NA	NA	NA	NA	NA	NA	NA	NA	NA	NA
SH_347	NA	NA	10000	345477	34.5512	0.00178253	-84228.2	-84460.5	NA	NA	NA	NA	NA	NA	NA	NA	NA	NA
SH_348	NA	NA	10000	341806	34.1874	0.000823738	-82428.6	-82956.1	NA	NA	NA	NA	NA	NA	NA	NA	NA	NA
SH_349	NA	NA	10000	338864	33.8932	0.00102042	-83024.2	-83188.2	NA	NA	NA	NA	NA	NA	NA	NA	NA	NA
SH_350	NA	NA	10000	354263	35.4298	0.00101632	-88603.6	-89133.4	NA	NA	NA	NA	NA	NA	NA	NA	NA	NA
SH_351	NA	NA	10000	346687	34.6722	0.000859357	-83577.5	-84243.1	NA	NA	NA	NA	NA	NA	NA	NA	NA	NA
SH_352	NA	NA	10000	344322	34.4356	0.000952	-84331.2	-85276.6	NA	NA	NA	NA	NA	NA	NA	NA	NA	NA
SH_353	NA	NA	10000	286138	28.6195	0.00126731	-72799.4	-73562.3	NA	NA	NA	NA	NA	NA	NA	NA	NA	NA
SH_354	NA	NA	10000	294904	29.5022	0.00133337	-73164	-73782.4	NA	NA	NA	NA	NA	NA	NA	NA	NA	NA
SH_355	NA	NA	10000	317313	31.7313	7.1245e-05	-78992.3	-162032	NA	NA	NA	NA	NA	NA	NA	NA	NA	NA
SH_356	NA	NA	10000	335714	33.5815	0.00123164	-83230.3	-84509.6	NA	NA	NA	NA	NA	NA	NA	NA	NA	NA
SH_357	NA	NA	10000	304315	30.4376	3.8877e-05	-74494.9	-145121	NA	NA	NA	NA	NA	NA	NA	NA	NA	NA
SH_358	NA	NA	10000	334690	33.479	0.000910562	-80983.6	-84409.5	NA	NA	NA	NA	NA	NA	NA	NA	NA	NA
SH_359	NA	NA	10000	372762	37.2837	0.000118272	-91078.3	-103952	NA	NA	NA	NA	NA	NA	NA	NA	NA	NA
SH_360	NA	NA	10000	337933	33.8102	0.00130832	-81834.4	-82374.7	NA	NA	NA	NA	NA	NA	NA	NA	NA	NA
SH_361	NA	NA	10000	298301	29.8361	0.00132364	-74832.3	-79167.5	NA	NA	NA	NA	NA	NA	NA	NA	NA	NA
SH_362	NA	NA	10000	351827	35.1897	0.0021229	-87926.1	-88444.5	NA	NA	NA	NA	NA	NA	NA	NA	NA	NA
SH_363	NA	NA	10000	342860	34.2894	0.000728814	-84067.7	-85204.4	NA	NA	NA	NA	NA	NA	NA	NA	NA	NA
SH_364	NA	NA	10000	336982	33.7083	0.00146044	-84901.4	-86158.6	NA	NA	NA	NA	NA	NA	NA	NA	NA	NA
SH_365	NA	NA	10000	338808	33.8876	0.00109135	-82206.8	-84738	NA	NA	NA	NA	NA	NA	NA	NA	NA	NA
SH_366	NA	NA	10000	329824	32.989	6.13955e-05	-81415.3	-176273	NA	NA	NA	NA	NA	NA	NA	NA	NA	NA
SH_369	NA	NA	10000	340357	34.0391	0.00104981	-84184.4	-84962.7	NA	NA	NA	NA	NA	NA	NA	NA	NA	NA
SH_370	NA	NA	10000	335810	33.5844	0.00348951	-81929.1	-82738.2	NA	NA	NA	NA	NA	NA	NA	NA	NA	NA
SH_371	NA	NA	10000	363000	36.3073	8.54736e-05	-87960.2	-164056	NA	NA	NA	NA	NA	NA	NA	NA	NA	NA
SH_372	NA	NA	10000	322837	32.2966	0.000859812	-79305.3	-81062.7	NA	NA	NA	NA	NA	NA	NA	NA	NA	NA
SH_373	NA	NA	10000	342528	34.2597	0.00093202	-83782	-84472.1	NA	NA	NA	NA	NA	NA	NA	NA	NA	NA
SH_374	NA	NA	10000	371653	37.1765	1.98006e-07	-88423.3	-88423.3	NA	NA	NA	NA	NA	NA	NA	NA	NA	NA
SH_375	NA	NA	10000	342038	34.2175	0.000820666	-83872.9	-84540.6	NA	NA	NA	NA	NA	NA	NA	NA	NA	NA
SH_376	NA	NA	10000	326407	32.6472	0.000867568	-79030.1	-80691.5	NA	NA	NA	NA	NA	NA	NA	NA	NA	NA
SH_377	NA	NA	10000	326937	32.7035	0.000982155	-81511.2	-81700	NA	NA	NA	NA	NA	NA	NA	NA	NA	NA
SH_378	NA	NA	10000	322523	32.2684	0.00118634	-78915.9	-79811.1	NA	NA	NA	NA	NA	NA	NA	NA	NA	NA
SH_379	NA	NA	10000	325267	32.543	0.000741607	-78495.1	-79099.2	NA	NA	NA	NA	NA	NA	NA	NA	NA	NA
SH_380	NA	NA	10000	313252	31.3377	7.06835e-05	-75913.7	-158776	NA	NA	NA	NA	NA	NA	NA	NA	NA	NA
SH_381	NA	NA	10000	336008	33.6008	0.00119492	-84359.1	-85761	NA	NA	NA	NA	NA	NA	NA	NA	NA	NA
SH_382	NA	NA	10000	334050	33.4117	0.000692583	-80911.1	-82122.4	NA	NA	NA	NA	NA	NA	NA	NA	NA	NA
SH_383	NA	NA	10000	332429	33.2462	0.0020797	-80347.3	-80831.4	NA	NA	NA	NA	NA	NA	NA	NA	NA	NA
SH_384	NA	NA	10000	327211	32.7309	0.00107096	-82070.3	-82702.6	NA	NA	NA	NA	NA	NA	NA	NA	NA	NA
SH_385	NA	NA	10000	298867	29.8927	0.000536649	-75769.5	-76601.7	NA	NA	NA	NA	NA	NA	NA	NA	NA	NA
SH_386	NA	NA	10000	311759	31.1821	0.00092292	-77205.9	-77437.7	NA	NA	NA	NA	NA	NA	NA	NA	NA	NA
SH_387	NA	NA	10000	330631	33.0631	0.00419307	-82517.5	-83280	NA	NA	NA	NA	NA	NA	NA	NA	NA	NA
SH_388	NA	NA	10000	340238	34.0272	0.000722929	-83437.8	-83724.2	NA	NA	NA	NA	NA	NA	NA	NA	NA	NA
SH_389	NA	NA	10000	326534	32.6534	0.00152041	-83186.5	-83577.6	NA	NA	NA	NA	NA	NA	NA	NA	NA	NA
SH_390	NA	NA	10000	308299	30.8361	0.0040071	-76071.3	-76854.6	NA	NA	NA	NA	NA	NA	NA	NA	NA	NA
SH_391	NA	NA	10000	331218	33.1317	0.000960903	-79388.4	-80037.7	NA	NA	NA	NA	NA	NA	NA	NA	NA	NA
SH_392	NA	NA	10000	330199	33.0232	0.00049071	-80728.4	-85132.6	NA	NA	NA	NA	NA	NA	NA	NA	NA	NA
SH_393	NA	NA	10000	322573	32.2734	0.00105656	-80210.2	-86634.4	NA	NA	NA	NA	NA	NA	NA	NA	NA	NA
SH_394	NA	NA	10000	352640	35.2675	0.00014783	-85154	-111040	NA	NA	NA	NA	NA	NA	NA	NA	NA	NA
SH_396	NA	NA	10000	333400	33.3467	0.000769592	-82978.7	-85334.2	NA	NA	NA	NA	NA	NA	NA	NA	NA	NA
SH_397	NA	NA	10000	338385	33.8419	0.000791012	-83194	-89240.1	NA	NA	NA	NA	NA	NA	NA	NA	NA	NA
SH_398	NA	NA	10000	334373	33.444	0.000923562	-82686.2	-83034.2	NA	NA	NA	NA	NA	NA	NA	NA	NA	NA
SH_399	NA	NA	10000	330714	33.0846	0.00070173	-80221.7	-81864.8	NA	NA	NA	NA	NA	NA	NA	NA	NA	NA
SH_400	NA	NA	10000	343173	34.3276	0.000721258	-84607.5	-86762.8	NA	NA	NA	NA	NA	NA	NA	NA	NA	NA
SH_401	NA	NA	10000	331026	33.1125	0.000885263	-81839.7	-84150.8	NA	NA	NA	NA	NA	NA	NA	NA	NA	NA
SH_402	NA	NA	10000	314176	31.4365	0.000766699	-76816	-77806.2	NA	NA	NA	NA	NA	NA	NA	NA	NA	NA
SH_403	NA	NA	10000	326625	32.6723	0.000612937	-79689.9	-81467	NA	NA	NA	NA	NA	NA	NA	NA	NA	NA
SH_404	NA	NA	10000	326926	32.7024	0.000779818	-78019.4	-79202.3	NA	NA	NA	NA	NA	NA	NA	NA	NA	NA
SH_405	NA	NA	10000	325153	32.5283	0.00120045	-78238.9	-78980.9	NA	NA	NA	NA	NA	NA	NA	NA	NA	NA
SH_406	NA	NA	10000	333498	33.3531	0.000604801	-81456.3	-82806.9	NA	NA	NA	NA	NA	NA	NA	NA	NA	NA
SH_407	NA	NA	10000	339689	33.9791	0.000797022	-83155.8	-83664.1	NA	NA	NA	NA	NA	NA	NA	NA	NA	NA
SH_408	NA	NA	10000	329122	32.9122	0.000555363	-79181.5	-79663.1	NA	NA	NA	NA	NA	NA	NA	NA	NA	NA
SH_409	NA	NA	10000	337672	33.774	0.000951606	-81713	-83901.5	NA	NA	NA	NA	NA	NA	NA	NA	NA	NA
SH_410	NA	NA	10000	343998	34.4136	0.000906142	-85197.2	-85575.1	NA	NA	NA	NA	NA	NA	NA	NA	NA	NA
SH_411	NA	NA	10000	317246	31.7278	0.00086835	-77885.6	-82315.6	NA	NA	NA	NA	NA	NA	NA	NA	NA	NA
SH_412	NA	NA	10000	269622	26.9676	0.0015317	-69059.5	-69788.5	NA	NA	NA	NA	NA	NA	NA	NA	NA	NA
SH_413	NA	NA	10000	318851	31.8915	0.0005755	-79240.1	-83909.3	NA	NA	NA	NA	NA	NA	NA	NA	NA	NA
SH_414	NA	NA	10000	378316	37.843	0.000172993	-93007.1	-96941	NA	NA	NA	NA	NA	NA	NA	NA	NA	NA
SH_415	NA	NA	10000	378719	37.8757	4.83103e-05	-87053.4	-140473	NA	NA	NA	NA	NA	NA	NA	NA	NA	NA
SH_416	NA	NA	10000	324860	32.486	0.00079225	-77484.6	-77892.4	NA	NA	NA	NA	NA	NA	NA	NA	NA	NA
SH_417	NA	NA	10000	330579	33.0645	0.000869093	-79680.7	-80148.2	NA	NA	NA	NA	NA	NA	NA	NA	NA	NA
SH_418	NA	NA	10000	336514	33.6615	0.000495824	-78359.7	-82335.1	NA	NA	NA	NA	NA	NA	NA	NA	NA	NA
SH_419	NA	NA	10000	333910	33.401	0.00083765	-80719.9	-80907.9	NA	NA	NA	NA	NA	NA	NA	NA	NA	NA
SH_423	NA	NA	10000	325466	32.5499	0.000750173	-78902.5	-79196.6	NA	NA	NA	NA	NA	NA	NA	NA	NA	NA
SH_424	NA	NA	10000	336699	33.6766	0.000877328	-81897.1	-83673.2	NA	NA	NA	NA	NA	NA	NA	NA	NA	NA
SH_425	NA	NA	10000	330444	33.051	0.000659079	-81737.9	-82096.3	NA	NA	NA	NA	NA	NA	NA	NA	NA	NA
SH_426	NA	NA	10000	323781	32.3878	0.00119435	-81751	-82241.2	NA	NA	NA	NA	NA	NA	NA	NA	NA	NA
SH_427	NA	NA	10000	313928	31.3959	0.00155532	-77197.2	-78353.6	NA	NA	NA	NA	NA	NA	NA	NA	NA	NA
SH_428	NA	NA	10000	332070	33.217	0.000779744	-83272.4	-86133.7	NA	NA	NA	NA	NA	NA	NA	NA	NA	NA
SH_429	NA	NA	10000	338446	33.848	0.000867662	-82780	-83863.4	NA	NA	NA	NA	NA	NA	NA	NA	NA	NA
SH_430	NA	NA	10000	337024	33.7159	0.000796326	-82658.9	-85157.2	NA	NA	NA	NA	NA	NA	NA	NA	NA	NA
SH_431	NA	NA	10000	355708	35.5815	0.000249337	-84306.5	-96289.6	NA	NA	NA	NA	NA	NA	NA	NA	NA	NA
SH_432	NA	NA	10000	328311	32.8344	0.000386394	-79186.9	-79868.4	NA	NA	NA	NA	NA	NA	NA	NA	NA	NA
SH_433	NA	NA	10000	342829	34.2829	0.00104109	-82177.1	-83004.1	NA	NA	NA	NA	NA	NA	NA	NA	NA	NA
SH_434	NA	NA	10000	330292	33.0325	0.00064242	-78974	-81159.3	NA	NA	NA	NA	NA	NA	NA	NA	NA	NA
SH_435	NA	NA	10000	339658	33.9794	0.000900924	-82554.7	-83026.5	NA	NA	NA	NA	NA	NA	NA	NA	NA	NA
SH_91	NA	NA	10000	320631	32.0663	0.000927902	-79686	-80808.6	NA	NA	NA	NA	NA	NA	NA	NA	NA	NA
SH_92	NA	NA	10000	308983	30.9014	0.00120497	-77358	-77731.7	NA	NA	NA	NA	NA	NA	NA	NA	NA	NA
SH_93	NA	NA	10000	339945	34.0013	0.000531304	-84228.6	-84620.3	NA	NA	NA	NA	NA	NA	NA	NA	NA	NA
SH_94	NA	NA	10000	344502	34.4605	0.00370502	-85257.6	-85989.3	NA	NA	NA	NA	NA	NA	NA	NA	NA	NA
SRR27468491	NA	NA	10000	192486	19.2544	2.46263e-05	-50718.8	-149495	NA	NA	NA	NA	NA	NA	NA	NA	NA	NA
SRR27468492	NA	NA	10000	242453	24.2502	0.00147975	-60707.9	-62567.3	NA	NA	NA	NA	NA	NA	NA	NA	NA	NA
SRR27468493	NA	NA	10000	237661	23.7732	0.00178373	-66326.5	-67082.9	NA	NA	NA	NA	NA	NA	NA	NA	NA	NA
SRR27468494	NA	NA	10000	276254	27.6337	0.00170516	-68650.4	-69195	NA	NA	NA	NA	NA	NA	NA	NA	NA	NA
SRR27468495	NA	NA	10000	155710	15.5757	0.000636939	-42125.7	-44623	NA	NA	NA	NA	NA	NA	NA	NA	NA	NA
SRR27468496	NA	NA	10000	235514	23.5538	0.00173927	-64457.1	-66251.5	NA	NA	NA	NA	NA	NA	NA	NA	NA	NA
SRR27468497	NA	NA	10000	237091	23.7091	0.192956	-87667.8	-103003	NA	NA	NA	NA	NA	NA	NA	NA	NA	NA
SRR27468498	NA	NA	10000	228846	22.8892	0.00154735	-61214.3	-61416.9	NA	NA	NA	NA	NA	NA	NA	NA	NA	NA
SRR27468499	NA	NA	10000	247450	24.7499	2.2688e-08	-63027	-115835	NA	NA	NA	NA	NA	NA	NA	NA	NA	NA
SRR27468500	NA	NA	10000	242585	24.2634	0.00535267	-63347.6	-63896.4	NA	NA	NA	NA	NA	NA	NA	NA	NA	NA
SRR27468501	NA	NA	10000	233040	23.3087	0.00580882	-61745.2	-62541.2	NA	NA	NA	NA	NA	NA	NA	NA	NA	NA
sujunhaomu	NA	NA	10000	286160	28.6189	0.00195873	-72489.8	-73086.5	NA	NA	NA	NA	NA	NA	NA	NA	NA	NA
sujunhao	NA	NA	10000	385049	38.5088	8.68185e-05	-90949.8	-155211	NA	NA	NA	NA	NA	NA	NA	NA	NA	NA
sunmiaohanfu	NA	NA	10000	377278	37.7391	8.72421e-05	-91029	-156205	NA	NA	NA	NA	NA	NA	NA	NA	NA	NA
sunmiaohanmu	NA	NA	10000	375086	37.5124	0.000100669	-89518.5	-143980	NA	NA	NA	NA	NA	NA	NA	NA	NA	NA
sunmiaohan	NA	NA	10000	345456	34.5491	0.000343362	-84876.6	-91688.2	NA	NA	NA	NA	NA	NA	NA	NA	NA	NA
sz0000001A	NA	NA	10000	281246	28.1302	0.00103826	-76589.8	-78910.6	NA	NA	NA	NA	NA	NA	NA	NA	NA	NA
sz0000002A	NA	NA	10000	303661	30.3691	0.000380961	-77554.4	-82349.9	NA	NA	NA	NA	NA	NA	NA	NA	NA	NA
sz0000003A	NA	NA	10000	303511	30.3541	0.000423661	-76882.2	-79388.7	NA	NA	NA	NA	NA	NA	NA	NA	NA	NA
sz0000004A	NA	NA	10000	308060	30.8122	0.00040699	-77076.6	-85104.7	NA	NA	NA	NA	NA	NA	NA	NA	NA	NA
sz0000005A	NA	NA	10000	304071	30.4132	0.000303289	-77686.4	-108626	NA	NA	NA	NA	NA	NA	NA	NA	NA	NA
sz0000006A	NA	NA	10000	302840	30.2931	0.000524513	-77601.9	-78823.7	NA	NA	NA	NA	NA	NA	NA	NA	NA	NA
sz0000007A	NA	NA	10000	306859	30.692	0.00012946	-75692.4	-94102.4	NA	NA	NA	NA	NA	NA	NA	NA	NA	NA
sz0000008A	NA	NA	10000	300335	30.0395	0.000380519	-74688	-83951	NA	NA	NA	NA	NA	NA	NA	NA	NA	NA
sz0000009A	NA	NA	10000	301924	30.1954	0.000187376	-75166.9	-103415	NA	NA	NA	NA	NA	NA	NA	NA	NA	NA
sz0000010A	NA	NA	10000	299589	29.9619	0.000454635	-74809.8	-76620.1	NA	NA	NA	NA	NA	NA	NA	NA	NA	NA
sz0000011A	NA	NA	10000	305016	30.5047	0.000199444	-75421.6	-122448	NA	NA	NA	NA	NA	NA	NA	NA	NA	NA
sz0000012A	NA	NA	10000	301640	30.17	0.000335388	-75862.2	-78983.3	NA	NA	NA	NA	NA	NA	NA	NA	NA	NA
sz0000013A	NA	NA	10000	305313	30.5374	0.000348353	-75446.2	-76058.6	NA	NA	NA	NA	NA	NA	NA	NA	NA	NA
sz0000014A	NA	NA	10000	302271	30.2331	0.000118674	-73365.9	-121843	NA	NA	NA	NA	NA	NA	NA	NA	NA	NA
sz0000015A	NA	NA	10000	303752	30.3752	0.000284197	-74507.5	-83150.8	NA	NA	NA	NA	NA	NA	NA	NA	NA	NA
sz0000016A	NA	NA	10000	307989	30.8112	0.000141916	-75799	-110565	NA	NA	NA	NA	NA	NA	NA	NA	NA	NA
sz0000017A	NA	NA	10000	301389	30.1389	0.000145848	-73385.9	-105810	NA	NA	NA	NA	NA	NA	NA	NA	NA	NA
sz0000018A	NA	NA	10000	304592	30.4714	0.000171122	-75590.3	-145065	NA	NA	NA	NA	NA	NA	NA	NA	NA	NA
sz0000019A	NA	NA	10000	308693	30.8817	0.00040341	-77982.2	-87986.7	NA	NA	NA	NA	NA	NA	NA	NA	NA	NA
sz0000020A	NA	NA	10000	296237	29.6326	0.000246788	-75302.4	-96674.1	NA	NA	NA	NA	NA	NA	NA	NA	NA	NA
sz0000021A	NA	NA	10000	303711	30.3833	0.000227546	-74956.1	-83278.9	NA	NA	NA	NA	NA	NA	NA	NA	NA	NA
sz0000022A	NA	NA	10000	287975	28.8004	0.000784892	-77709.2	-80533	NA	NA	NA	NA	NA	NA	NA	NA	NA	NA
sz0000023A	NA	NA	10000	289789	28.9818	0.000741715	-75397.5	-75952	NA	NA	NA	NA	NA	NA	NA	NA	NA	NA
sz0000024A	NA	NA	10000	304723	30.4784	0.000795685	-74682.5	-75526.2	NA	NA	NA	NA	NA	NA	NA	NA	NA	NA
sz0000025A	NA	NA	10000	302437	30.2467	0.000722015	-73957.5	-75112.8	NA	NA	NA	NA	NA	NA	NA	NA	NA	NA
sz0000026A	NA	NA	10000	306289	30.632	0.00134425	-74564.6	-74952.6	NA	NA	NA	NA	NA	NA	NA	NA	NA	NA
sz0000027A	NA	NA	10000	306530	30.6561	0.000810269	-75899.7	-76099.3	NA	NA	NA	NA	NA	NA	NA	NA	NA	NA
sz0000028A	NA	NA	10000	299022	29.9052	0.00106118	-72772.5	-75253.6	NA	NA	NA	NA	NA	NA	NA	NA	NA	NA
sz0000029A	NA	NA	10000	306809	30.6809	0.00139255	-76209	-77046.2	NA	NA	NA	NA	NA	NA	NA	NA	NA	NA
sz0000030A	NA	NA	10000	306021	30.6113	0.000934757	-74874.6	-75188.8	NA	NA	NA	NA	NA	NA	NA	NA	NA	NA
sz0000031A	NA	NA	10000	303119	30.321	0.000614474	-75745.6	-77441.2	NA	NA	NA	NA	NA	NA	NA	NA	NA	NA
sz0000032A	NA	NA	10000	309913	30.9944	0.000596476	-76394.9	-76519.7	NA	NA	NA	NA	NA	NA	NA	NA	NA	NA
sz0000033A	NA	NA	10000	307888	30.795	0.00141262	-75996	-76279.1	NA	NA	NA	NA	NA	NA	NA	NA	NA	NA
sz0000034A	NA	NA	10000	306191	30.6283	0.00127055	-74685.9	-74918.6	NA	NA	NA	NA	NA	NA	NA	NA	NA	NA
sz0000035A	NA	NA	10000	293290	29.3349	0.000961079	-75869.8	-76906.2	NA	NA	NA	NA	NA	NA	NA	NA	NA	NA
sz0000036A	NA	NA	10000	304361	30.4391	0.000653473	-74323	-79567.8	NA	NA	NA	NA	NA	NA	NA	NA	NA	NA
sz0000037A	NA	NA	10000	311009	31.104	0.00071596	-76854.8	-77643.2	NA	NA	NA	NA	NA	NA	NA	NA	NA	NA
sz0000038A	NA	NA	10000	288668	28.8668	0.00104833	-73327.4	-75411.7	NA	NA	NA	NA	NA	NA	NA	NA	NA	NA
sz0000039A	NA	NA	10000	286542	28.6571	0.000583387	-74513.9	-76089.5	NA	NA	NA	NA	NA	NA	NA	NA	NA	NA
sz0000040A	NA	NA	10000	294716	29.4834	0.0006556	-76558.7	-79017.8	NA	NA	NA	NA	NA	NA	NA	NA	NA	NA
sz0000041A	NA	NA	10000	288231	28.8346	0.000605813	-75800.9	-76934.6	NA	NA	NA	NA	NA	NA	NA	NA	NA	NA
sz0000042A	NA	NA	10000	293222	29.3281	0.00104829	-73534.3	-76779.9	NA	NA	NA	NA	NA	NA	NA	NA	NA	NA
sz0000043A	NA	NA	10000	293633	29.3662	0.000869736	-76118.1	-80426	NA	NA	NA	NA	NA	NA	NA	NA	NA	NA
sz0000044A	NA	NA	10000	290846	29.0933	0.000468491	-73279.7	-75197	NA	NA	NA	NA	NA	NA	NA	NA	NA	NA
sz0000045A	NA	NA	10000	286232	28.6261	0.000313268	-73240.5	-79237	NA	NA	NA	NA	NA	NA	NA	NA	NA	NA
sz0000046A	NA	NA	10000	293224	29.3253	0.00110404	-75458.9	-75782.9	NA	NA	NA	NA	NA	NA	NA	NA	NA	NA
sz0000047A	NA	NA	10000	295778	29.5808	0.00183736	-76027.9	-76567	NA	NA	NA	NA	NA	NA	NA	NA	NA	NA
sz0000048A	NA	NA	10000	288487	28.8516	0.0018288	-75021	-75882.5	NA	NA	NA	NA	NA	NA	NA	NA	NA	NA
sz0000049A	NA	NA	10000	295517	29.5606	0.000594227	-76858.5	-80116.2	NA	NA	NA	NA	NA	NA	NA	NA	NA	NA
sz0000050A	NA	NA	10000	305362	30.5423	0.00101582	-74538.1	-76107.6	NA	NA	NA	NA	NA	NA	NA	NA	NA	NA
sz0000051A	NA	NA	10000	313650	31.3744	0.000188512	-77149.1	-84594	NA	NA	NA	NA	NA	NA	NA	NA	NA	NA
sz0000052A	NA	NA	10000	305216	30.5277	0.000319557	-75055	-75815.4	NA	NA	NA	NA	NA	NA	NA	NA	NA	NA
sz0000053A	NA	NA	10000	309642	30.9704	0.000137	-76322.9	-119412	NA	NA	NA	NA	NA	NA	NA	NA	NA	NA
sz0000054A	NA	NA	10000	305581	30.5642	6.18654e-05	-76109.8	-98304.2	NA	NA	NA	NA	NA	NA	NA	NA	NA	NA
sz0000055A	NA	NA	10000	293427	29.3456	0.000401476	-70561.6	-73560.7	NA	NA	NA	NA	NA	NA	NA	NA	NA	NA
sz0000056A	NA	NA	10000	306010	30.6071	0.00178898	-72004.8	-72476.3	NA	NA	NA	NA	NA	NA	NA	NA	NA	NA
sz0000057A	NA	NA	10000	309976	31.0007	0.000601438	-75058.6	-75700.5	NA	NA	NA	NA	NA	NA	NA	NA	NA	NA
sz0000058A	NA	NA	10000	305386	30.5417	0.000105655	-74533.5	-144391	NA	NA	NA	NA	NA	NA	NA	NA	NA	NA
sz0000059A	NA	NA	10000	307509	30.7571	0.000147868	-76439	-86232.6	NA	NA	NA	NA	NA	NA	NA	NA	NA	NA
sz0000060A	NA	NA	10000	309879	30.991	0.000280714	-76414.1	-104673	NA	NA	NA	NA	NA	NA	NA	NA	NA	NA
sz0000061A	NA	NA	10000	303023	30.3023	3.05366e-05	-73852.5	-82159	NA	NA	NA	NA	NA	NA	NA	NA	NA	NA
sz0000062A	NA	NA	10000	300665	30.0665	0.000152422	-72473.4	-115036	NA	NA	NA	NA	NA	NA	NA	NA	NA	NA
sz0000063A	NA	NA	10000	316722	31.6849	0.000159368	-76825.3	-118771	NA	NA	NA	NA	NA	NA	NA	NA	NA	NA
sz0000064A	NA	NA	10000	311582	31.1582	0.000404127	-76200.8	-80511.6	NA	NA	NA	NA	NA	NA	NA	NA	NA	NA
sz0000065A	NA	NA	10000	309233	30.9264	0.000143607	-77159.3	-83474.7	NA	NA	NA	NA	NA	NA	NA	NA	NA	NA
sz0000066A	NA	NA	10000	308944	30.9006	0.000311304	-77364.9	-86439.1	NA	NA	NA	NA	NA	NA	NA	NA	NA	NA
sz0000067A	NA	NA	10000	307360	30.7421	0.000386284	-75891.3	-81063.6	NA	NA	NA	NA	NA	NA	NA	NA	NA	NA
sz0000068A	NA	NA	10000	310298	31.036	0.000400522	-76808.5	-78883.7	NA	NA	NA	NA	NA	NA	NA	NA	NA	NA
sz0000069A	NA	NA	10000	312810	31.2841	0.000907615	-76392	-77498.7	NA	NA	NA	NA	NA	NA	NA	NA	NA	NA
sz0000070A	NA	NA	10000	310892	31.0954	0.000262687	-76012.4	-78257.8	NA	NA	NA	NA	NA	NA	NA	NA	NA	NA
sz0000071A	NA	NA	10000	316720	31.6752	0.000472171	-77596.9	-83063.5	NA	NA	NA	NA	NA	NA	NA	NA	NA	NA
SZ00121B	NA	NA	10000	346586	34.6621	0.000256091	-83559.2	-117382	NA	NA	NA	NA	NA	NA	NA	NA	NA	NA
SZ00132L	NA	NA	10000	422590	42.2632	7.42824e-05	-99569.9	-168768	NA	NA	NA	NA	NA	NA	NA	NA	NA	NA
SZ00150G	NA	NA	10000	385855	38.5894	0.000314555	-91172.6	-105065	NA	NA	NA	NA	NA	NA	NA	NA	NA	NA
SZ00370D	NA	NA	10000	366897	36.7007	0.000129473	-87885.3	-147974	NA	NA	NA	NA	NA	NA	NA	NA	NA	NA
SZ00480A	NA	NA	10000	452029	45.2119	0.000231543	-106836	-108765	NA	NA	NA	NA	NA	NA	NA	NA	NA	NA
SZ00592C	NA	NA	10000	320277	32.0341	0.000890668	-75456.2	-75905.7	NA	NA	NA	NA	NA	NA	NA	NA	NA	NA
SZ01132I	NA	NA	10000	378265	37.8492	0.00029745	-92991.2	-94493	NA	NA	NA	NA	NA	NA	NA	NA	NA	NA
SZ01140J	NA	NA	10000	419333	41.9501	5.75817e-05	-96851.2	-183339	NA	NA	NA	NA	NA	NA	NA	NA	NA	NA
SZ01150M	NA	NA	10000	452591	45.2636	0.000198557	-106152	-108529	NA	NA	NA	NA	NA	NA	NA	NA	NA	NA
SZ01581K	NA	NA	10000	398165	39.8245	0.000186434	-91373.6	-95601.3	NA	NA	NA	NA	NA	NA	NA	NA	NA	NA
SZ02232F	NA	NA	10000	397398	39.7637	0.000143259	-92789.9	-140219	NA	NA	NA	NA	NA	NA	NA	NA	NA	NA
SZ02561E	NA	NA	10000	360856	36.0856	0.000217096	-87040.9	-120111	NA	NA	NA	NA	NA	NA	NA	NA	NA	NA
sz20200823A	NA	NA	10000	307241	30.7302	0.00179217	-75682.7	-76379.1	NA	NA	NA	NA	NA	NA	NA	NA	NA	NA
sz20200823fA	NA	NA	10000	301552	30.1612	0.000626438	-75609.7	-77193.7	NA	NA	NA	NA	NA	NA	NA	NA	NA	NA
sz20200823mA	NA	NA	10000	301894	30.1924	0.000282018	-75948	-81512.7	NA	NA	NA	NA	NA	NA	NA	NA	NA	NA
SZ2025011401A	NA	NA	10000	388778	38.8817	0.0931704	-125082	-150189	NA	NA	NA	NA	NA	NA	NA	NA	NA	NA
SZ2025011402A	NA	NA	10000	396110	39.6189	0.000103993	-100583	-134415	NA	NA	NA	NA	NA	NA	NA	NA	NA	NA
SZ2025011501A	NA	NA	10000	388563	38.868	0.000178568	-92968.9	-96301.5	NA	NA	NA	NA	NA	NA	NA	NA	NA	NA
sz5097762A	NA	NA	10000	301400	30.14	9.20224e-05	-75972.5	-119944	NA	NA	NA	NA	NA	NA	NA	NA	NA	NA
sz5097762fA	NA	NA	10000	308590	30.8621	0.000334225	-76560.3	-77509.6	NA	NA	NA	NA	NA	NA	NA	NA	NA	NA
sz5097762mA	NA	NA	10000	303032	30.3062	0.000460488	-75679.2	-76707.8	NA	NA	NA	NA	NA	NA	NA	NA	NA	NA
sz5097762sA	NA	NA	10000	299970	30	0.00038874	-74251.3	-81599.8	NA	NA	NA	NA	NA	NA	NA	NA	NA	NA
sz6015714A	NA	NA	10000	280845	28.0901	0.0010208	-73209.5	-74669.1	NA	NA	NA	NA	NA	NA	NA	NA	NA	NA
sz6015714fA	NA	NA	10000	292694	29.2753	0.000385347	-74352.8	-84472.6	NA	NA	NA	NA	NA	NA	NA	NA	NA	NA
sz6015714mA	NA	NA	10000	282965	28.2993	0.000414114	-74220.5	-101738	NA	NA	NA	NA	NA	NA	NA	NA	NA	NA
sz6801603A	NA	NA	10000	297229	29.7229	0.0153789	-79416.9	-81492.9	NA	NA	NA	NA	NA	NA	NA	NA	NA	NA
sz7094389A	NA	NA	10000	273470	27.3552	0.000248215	-69812.5	-116799	NA	NA	NA	NA	NA	NA	NA	NA	NA	NA
sz7094389fA	NA	NA	10000	308338	30.84	0.000448707	-77435.7	-80374.3	NA	NA	NA	NA	NA	NA	NA	NA	NA	NA
sz7094389mA	NA	NA	10000	298966	29.8996	0.000262617	-73416.2	-76972.1	NA	NA	NA	NA	NA	NA	NA	NA	NA	NA
sz73366658	NA	NA	10000	280245	28.0273	0.000785956	-76240.6	-79428	NA	NA	NA	NA	NA	NA	NA	NA	NA	NA
sz7686926A	NA	NA	10000	309199	30.923	0.00030412	-75338.8	-80917.8	NA	NA	NA	NA	NA	NA	NA	NA	NA	NA
sz7686926fA	NA	NA	10000	309676	30.9738	0.00026292	-76979.9	-113664	NA	NA	NA	NA	NA	NA	NA	NA	NA	NA
sz7933474A	NA	NA	10000	312543	31.2574	0.000330795	-76864	-77435.5	NA	NA	NA	NA	NA	NA	NA	NA	NA	NA
sz7933474fA	NA	NA	10000	303008	30.3099	0.000280042	-76555.6	-131685	NA	NA	NA	NA	NA	NA	NA	NA	NA	NA
sz7933474mA	NA	NA	10000	297702	29.7762	0.000432078	-75618.5	-81193.3	NA	NA	NA	NA	NA	NA	NA	NA	NA	NA
sz8030829f	NA	NA	10000	304258	30.4349	0.000339248	-76619.4	-77622.8	NA	NA	NA	NA	NA	NA	NA	NA	NA	NA
sz8030829m	NA	NA	10000	295791	29.585	0.000537833	-73097.8	-79258.7	NA	NA	NA	NA	NA	NA	NA	NA	NA	NA
sz8030829	NA	NA	10000	298279	29.8279	0.000406422	-76881.4	-78554.3	NA	NA	NA	NA	NA	NA	NA	NA	NA	NA
sz8064973A	NA	NA	10000	313909	31.3909	0.000230082	-75029.1	-104191	NA	NA	NA	NA	NA	NA	NA	NA	NA	NA
sz8064973bA	NA	NA	10000	318679	31.8743	0.00012934	-76911.7	-144099	NA	NA	NA	NA	NA	NA	NA	NA	NA	NA
sz8064973fA	NA	NA	10000	313731	31.3731	0.000396508	-77609.5	-83362.5	NA	NA	NA	NA	NA	NA	NA	NA	NA	NA
sz8064973mA	NA	NA	10000	311974	31.2036	0.000243894	-75121.2	-78533	NA	NA	NA	NA	NA	NA	NA	NA	NA	NA
sz8064974A	NA	NA	10000	310382	31.0382	0.000190386	-74645.5	-91837.4	NA	NA	NA	NA	NA	NA	NA	NA	NA	NA
sz8207031f	NA	NA	10000	285834	28.5863	0.00145573	-78473.4	-81003.2	NA	NA	NA	NA	NA	NA	NA	NA	NA	NA
sz8207031m	NA	NA	10000	278310	27.8394	0.000859741	-74775.2	-83205.7	NA	NA	NA	NA	NA	NA	NA	NA	NA	NA
sz8207031	NA	NA	10000	276812	27.684	0.00134764	-74760.2	-76030.1	NA	NA	NA	NA	NA	NA	NA	NA	NA	NA
sz820713f	NA	NA	10000	282225	28.2281	0.000651679	-75817.8	-76296.9	NA	NA	NA	NA	NA	NA	NA	NA	NA	NA
sz820713m	NA	NA	10000	278962	27.8962	0.000260753	-75899.5	-131526	NA	NA	NA	NA	NA	NA	NA	NA	NA	NA
sz820713	NA	NA	10000	283204	28.3232	0.00189388	-77389.3	-77629.8	NA	NA	NA	NA	NA	NA	NA	NA	NA	NA
SZ83111H	NA	NA	10000	414661	41.4702	9.41333e-05	-98431.7	-157343	NA	NA	NA	NA	NA	NA	NA	NA	NA	NA
sz8516328b	NA	NA	10000	281624	28.1652	0.0013164	-74925.4	-75217.3	NA	NA	NA	NA	NA	NA	NA	NA	NA	NA
sz8516328f	NA	NA	10000	274601	27.4601	0.000807593	-75936.2	-92442.3	NA	NA	NA	NA	NA	NA	NA	NA	NA	NA
sz8516328m	NA	NA	10000	282595	28.2652	0.000565814	-74828.3	-81230.8	NA	NA	NA	NA	NA	NA	NA	NA	NA	NA
sz8516328	NA	NA	10000	292333	29.2333	0.000500764	-73737.4	-78427.5	NA	NA	NA	NA	NA	NA	NA	NA	NA	NA
sz8587694A	NA	NA	10000	292645	29.2733	0.000656122	-74753.4	-75831.4	NA	NA	NA	NA	NA	NA	NA	NA	NA	NA
sz8587694fA	NA	NA	10000	301216	30.1276	0.000559294	-76021.9	-76551.8	NA	NA	NA	NA	NA	NA	NA	NA	NA	NA
sz8587694mA	NA	NA	10000	280864	28.092	0.000786356	-72276.7	-80388.8	NA	NA	NA	NA	NA	NA	NA	NA	NA	NA
sz8587694sA	NA	NA	10000	283031	28.3088	0.000751871	-71522.8	-71750.4	NA	NA	NA	NA	NA	NA	NA	NA	NA	NA
sz8608864A	NA	NA	10000	290639	29.0697	0.000614221	-75444.1	-76374.6	NA	NA	NA	NA	NA	NA	NA	NA	NA	NA
sz8608864fA	NA	NA	10000	302056	30.2086	0.000541697	-78739.1	-81569.4	NA	NA	NA	NA	NA	NA	NA	NA	NA	NA
sz8608864mA	NA	NA	10000	295645	29.5763	0.000320327	-76075.6	-104344	NA	NA	NA	NA	NA	NA	NA	NA	NA	NA
sz8626197A	NA	NA	10000	305301	30.5362	0.000303048	-75906.7	-77239.1	NA	NA	NA	NA	NA	NA	NA	NA	NA	NA
sz8626197fA	NA	NA	10000	307813	30.7875	8.81811e-05	-75820.2	-89165.4	NA	NA	NA	NA	NA	NA	NA	NA	NA	NA
sz8626197mA	NA	NA	10000	303418	30.3479	0.000206893	-77064.1	-92516.8	NA	NA	NA	NA	NA	NA	NA	NA	NA	NA
Sz8626197zcq	NA	NA	10000	302379	30.2439	0.000139243	-73128.3	-84493.3	NA	NA	NA	NA	NA	NA	NA	NA	NA	NA
Sz8626197zdm	NA	NA	10000	302308	30.2368	0.000728889	-76171.2	-77642.8	NA	NA	NA	NA	NA	NA	NA	NA	NA	NA
Sz8626197zsr	NA	NA	10000	299668	29.9758	0.000267321	-75869.6	-120208	NA	NA	NA	NA	NA	NA	NA	NA	NA	NA
sz8645782A	NA	NA	10000	289837	28.9924	0.000808526	-73802.8	-76428.3	NA	NA	NA	NA	NA	NA	NA	NA	NA	NA
sz8793859A	NA	NA	10000	312957	31.3051	0.000101798	-75781.9	-143314	NA	NA	NA	NA	NA	NA	NA	NA	NA	NA
sz8810710A	NA	NA	10000	303599	30.366	0.000196313	-78360.4	-84110.7	NA	NA	NA	NA	NA	NA	NA	NA	NA	NA
sz8810710fA	NA	NA	10000	309096	30.9127	0.000153771	-77907	-123180	NA	NA	NA	NA	NA	NA	NA	NA	NA	NA
sz8810710mA	NA	NA	10000	301679	30.1679	0.000151514	-75249.2	-139262	NA	NA	NA	NA	NA	NA	NA	NA	NA	NA
SZ_BA10A	NA	NA	10000	367701	36.7775	0.000176647	-87307.1	-93846	NA	NA	NA	NA	NA	NA	NA	NA	NA	NA
SZ_BA10B	NA	NA	10000	355865	35.5865	0.000106351	-86203.2	-114206	NA	NA	NA	NA	NA	NA	NA	NA	NA	NA
SZ_BA10C	NA	NA	10000	362413	36.2449	0.000173845	-87587.3	-89956.7	NA	NA	NA	NA	NA	NA	NA	NA	NA	NA
SZ_BA11A	NA	NA	10000	256107	25.6133	0.000216483	-64909.1	-75583.2	NA	NA	NA	NA	NA	NA	NA	NA	NA	NA
SZ_BA11B	NA	NA	10000	360069	36.0177	0.000197954	-87073.1	-107155	NA	NA	NA	NA	NA	NA	NA	NA	NA	NA
SZ_BA11C	NA	NA	10000	360237	36.0273	7.19422e-05	-89139.1	-104170	NA	NA	NA	NA	NA	NA	NA	NA	NA	NA
SZ_BA12A	NA	NA	10000	350219	35.0254	2.00161e-07	-84587.6	-182005	NA	NA	NA	NA	NA	NA	NA	NA	NA	NA
SZ_BA12B	NA	NA	10000	353854	35.3889	0.000566896	-86471.8	-87417.6	NA	NA	NA	NA	NA	NA	NA	NA	NA	NA
SZ_BA12C	NA	NA	10000	375702	37.574	0.000571478	-94526.5	-97719.4	NA	NA	NA	NA	NA	NA	NA	NA	NA	NA
SZ_BA13A	NA	NA	10000	360216	36.0252	0.000166202	-87204.6	-116642	NA	NA	NA	NA	NA	NA	NA	NA	NA	NA
SZ_BA13B	NA	NA	10000	361499	36.1571	0.000620981	-93220.5	-94125.4	NA	NA	NA	NA	NA	NA	NA	NA	NA	NA
SZ_BA13C	NA	NA	10000	355851	35.5887	0.000562805	-86641.6	-87217.7	NA	NA	NA	NA	NA	NA	NA	NA	NA	NA
SZ_BA14A	NA	NA	10000	368630	36.863	0.000542978	-91868.2	-92849	NA	NA	NA	NA	NA	NA	NA	NA	NA	NA
SZ_BA14B	NA	NA	10000	339645	33.9679	0.000348359	-78387.6	-82384.7	NA	NA	NA	NA	NA	NA	NA	NA	NA	NA
SZ_BA14C	NA	NA	10000	355686	35.5686	0.00193978	-92415.4	-93218.9	NA	NA	NA	NA	NA	NA	NA	NA	NA	NA
SZ_BA15A	NA	NA	10000	363090	36.3199	0.000265771	-85513.5	-90322.7	NA	NA	NA	NA	NA	NA	NA	NA	NA	NA
SZ_BA15C	NA	NA	10000	354092	35.4163	6.38595e-05	-86272.3	-135428	NA	NA	NA	NA	NA	NA	NA	NA	NA	NA
SZ_BA16A	NA	NA	10000	358934	35.9042	3.62162e-05	-87577.5	-167623	NA	NA	NA	NA	NA	NA	NA	NA	NA	NA
SZ_BA16B	NA	NA	10000	362690	36.2763	5.1618e-05	-87284.8	-159546	NA	NA	NA	NA	NA	NA	NA	NA	NA	NA
SZ_BA16C	NA	NA	10000	360410	36.0482	7.69658e-05	-88689.8	-139678	NA	NA	NA	NA	NA	NA	NA	NA	NA	NA
SZ_BA17A	NA	NA	10000	362888	36.2924	0.000128284	-89586.9	-109297	NA	NA	NA	NA	NA	NA	NA	NA	NA	NA
SZ_BA17B	NA	NA	10000	359132	35.9204	8.58684e-05	-85358.2	-150444	NA	NA	NA	NA	NA	NA	NA	NA	NA	NA
SZ_BA17C	NA	NA	10000	349789	34.9894	0.000136037	-84443.4	-89283.1	NA	NA	NA	NA	NA	NA	NA	NA	NA	NA
SZ_BA18A	NA	NA	10000	366846	36.6846	6.81718e-05	-89497.7	-150984	NA	NA	NA	NA	NA	NA	NA	NA	NA	NA
SZ_BA18B	NA	NA	10000	357995	35.8031	0.000258101	-85774.6	-98462.5	NA	NA	NA	NA	NA	NA	NA	NA	NA	NA
SZ_BA18C	NA	NA	10000	355346	35.5453	0.00043714	-85481.1	-86850.3	NA	NA	NA	NA	NA	NA	NA	NA	NA	NA
SZ_BA19B	NA	NA	10000	355021	35.5128	0.00036857	-87454.1	-89667.8	NA	NA	NA	NA	NA	NA	NA	NA	NA	NA
SZ_BA19C	NA	NA	10000	351540	35.1645	0.000130608	-86214.9	-115424	NA	NA	NA	NA	NA	NA	NA	NA	NA	NA
SZ_BA1A	NA	NA	10000	365142	36.5179	0.000299258	-85884	-92400.6	NA	NA	NA	NA	NA	NA	NA	NA	NA	NA
SZ_BA1B	NA	NA	10000	363191	36.3227	6.87721e-05	-85005.1	-164825	NA	NA	NA	NA	NA	NA	NA	NA	NA	NA
SZ_BA1C	NA	NA	10000	353806	35.3806	7.30514e-05	-83646.9	-126415	NA	NA	NA	NA	NA	NA	NA	NA	NA	NA
SZ_BA20A	NA	NA	10000	362053	36.2125	0.000258562	-85805.6	-86355.3	NA	NA	NA	NA	NA	NA	NA	NA	NA	NA
SZ_BA20B	NA	NA	10000	357762	35.7798	0.000167464	-87361.8	-131352	NA	NA	NA	NA	NA	NA	NA	NA	NA	NA
SZ_BA20C	NA	NA	10000	352141	35.2176	3.08547e-05	-85887.3	-155813	NA	NA	NA	NA	NA	NA	NA	NA	NA	NA
SZ_BA21A	NA	NA	10000	367636	36.771	0.000121335	-88573	-119054	NA	NA	NA	NA	NA	NA	NA	NA	NA	NA
SZ_BA21B	NA	NA	10000	355322	35.5393	9.39765e-05	-85880.1	-192999	NA	NA	NA	NA	NA	NA	NA	NA	NA	NA
SZ_BA21C	NA	NA	10000	355888	35.5959	0.000138643	-86017.3	-109220	NA	NA	NA	NA	NA	NA	NA	NA	NA	NA
SZ_BA22A	NA	NA	10000	372477	37.2589	3.20009e-05	-91772.4	-176716	NA	NA	NA	NA	NA	NA	NA	NA	NA	NA
SZ_BA22B	NA	NA	10000	317789	31.7821	0.000226607	-81432.1	-86756.4	NA	NA	NA	NA	NA	NA	NA	NA	NA	NA
SZ_BA22C	NA	NA	10000	359329	35.9329	0.000357362	-89648.2	-93794.6	NA	NA	NA	NA	NA	NA	NA	NA	NA	NA
SZ_BA24A	NA	NA	10000	358541	35.8577	8.81574e-05	-83635.4	-121049	NA	NA	NA	NA	NA	NA	NA	NA	NA	NA
SZ_BA24B	NA	NA	10000	356333	35.6333	5.4936e-05	-88987	-93357	NA	NA	NA	NA	NA	NA	NA	NA	NA	NA
SZ_BA24C	NA	NA	10000	366196	36.6196	0.0011265	-92948.4	-93198.7	NA	NA	NA	NA	NA	NA	NA	NA	NA	NA
SZ_BA25A	NA	NA	10000	370976	37.0976	1.54068e-05	-88981.4	-179404	NA	NA	NA	NA	NA	NA	NA	NA	NA	NA
SZ_BA25B	NA	NA	10000	358076	35.8112	5.25891e-05	-87457.5	-118415	NA	NA	NA	NA	NA	NA	NA	NA	NA	NA
SZ_BA25C	NA	NA	10000	369499	36.9536	0.000173623	-89757.7	-93045.2	NA	NA	NA	NA	NA	NA	NA	NA	NA	NA
SZ_BA26A	NA	NA	10000	354085	35.4156	0.000417119	-87187.2	-94382.2	NA	NA	NA	NA	NA	NA	NA	NA	NA	NA
SZ_BA26B	NA	NA	10000	349569	34.9604	0.000378019	-83895.8	-88759.8	NA	NA	NA	NA	NA	NA	NA	NA	NA	NA
SZ_BA26C	NA	NA	10000	350056	35.0126	5.37985e-05	-86712.6	-91554.2	NA	NA	NA	NA	NA	NA	NA	NA	NA	NA
SZ_BA27A	NA	NA	10000	371550	37.1624	0.000516478	-91975.1	-92305.6	NA	NA	NA	NA	NA	NA	NA	NA	NA	NA
SZ_BA27B	NA	NA	10000	366054	36.6054	0.000152101	-90721.7	-133873	NA	NA	NA	NA	NA	NA	NA	NA	NA	NA
SZ_BA27C	NA	NA	10000	354172	35.4243	0.00264468	-89524.7	-89805	NA	NA	NA	NA	NA	NA	NA	NA	NA	NA
SZ_BA28A	NA	NA	10000	370652	37.0689	0.000268609	-93497.8	-100910	NA	NA	NA	NA	NA	NA	NA	NA	NA	NA
SZ_BA28C	NA	NA	10000	347839	34.7874	0.000219389	-87077.6	-87804	NA	NA	NA	NA	NA	NA	NA	NA	NA	NA
SZ_BA29A	NA	NA	10000	367543	36.758	9.38884e-05	-91428.8	-118146	NA	NA	NA	NA	NA	NA	NA	NA	NA	NA
SZ_BA29B	NA	NA	10000	350829	35.0899	0.00011365	-86435.5	-159184	NA	NA	NA	NA	NA	NA	NA	NA	NA	NA
SZ_BA29C	NA	NA	10000	362191	36.2227	0.000257783	-89546.4	-90865	NA	NA	NA	NA	NA	NA	NA	NA	NA	NA
SZ_BA30A	NA	NA	10000	364934	36.5007	0.000477546	-94009.7	-101820	NA	NA	NA	NA	NA	NA	NA	NA	NA	NA
SZ_BA30B	NA	NA	10000	362676	36.2749	9.89699e-05	-91732.1	-138901	NA	NA	NA	NA	NA	NA	NA	NA	NA	NA
SZ_BA30C	NA	NA	10000	369707	36.9818	0.000266268	-96127.4	-98153.8	NA	NA	NA	NA	NA	NA	NA	NA	NA	NA
SZ_BA31A	NA	NA	10000	367017	36.709	9.08158e-05	-94955	-181400	NA	NA	NA	NA	NA	NA	NA	NA	NA	NA
SZ_BA31B	NA	NA	10000	352361	35.2467	0.000460817	-87876.3	-92401	NA	NA	NA	NA	NA	NA	NA	NA	NA	NA
SZ_BA31C	NA	NA	10000	370974	37.0974	0.000346758	-95179.1	-97800.3	NA	NA	NA	NA	NA	NA	NA	NA	NA	NA
SZ_BA33A	NA	NA	10000	359781	35.9889	0.00010443	-84863.4	-145395	NA	NA	NA	NA	NA	NA	NA	NA	NA	NA
SZ_BA33B	NA	NA	10000	352456	35.2527	0.000200875	-85055.2	-89436.1	NA	NA	NA	NA	NA	NA	NA	NA	NA	NA
SZ_BA33C	NA	NA	10000	345717	34.5855	0.000274014	-82863.7	-86294.6	NA	NA	NA	NA	NA	NA	NA	NA	NA	NA
SZ_BA35A	NA	NA	10000	341194	34.1194	0.00305261	-85174.3	-85739.8	NA	NA	NA	NA	NA	NA	NA	NA	NA	NA
SZ_BA35B	NA	NA	10000	346128	34.6197	0.00226351	-86004.6	-86920.7	NA	NA	NA	NA	NA	NA	NA	NA	NA	NA
SZ_BA35C	NA	NA	10000	335013	33.508	0.000244066	-82666.1	-176153	NA	NA	NA	NA	NA	NA	NA	NA	NA	NA
SZ_BA37A	NA	NA	10000	342041	34.2144	0.0012575	-86503.4	-86669	NA	NA	NA	NA	NA	NA	NA	NA	NA	NA
SZ_BA37B	NA	NA	10000	325942	32.6072	0.00358658	-84956	-85447.1	NA	NA	NA	NA	NA	NA	NA	NA	NA	NA
SZ_BA37C	NA	NA	10000	336772	33.694	0.0019162	-85671.4	-86159.8	NA	NA	NA	NA	NA	NA	NA	NA	NA	NA
SZ_BA39A	NA	NA	10000	320512	32.0576	0.00138114	-80181.9	-81525.3	NA	NA	NA	NA	NA	NA	NA	NA	NA	NA
SZ_BA39B	NA	NA	10000	337681	33.7681	0.00328921	-84188.5	-84930.6	NA	NA	NA	NA	NA	NA	NA	NA	NA	NA
SZ_BA39C	NA	NA	10000	349571	34.9606	0.00078104	-85472	-85849.6	NA	NA	NA	NA	NA	NA	NA	NA	NA	NA
SZ_BA3A	NA	NA	10000	364906	36.4906	0.000171582	-89644.5	-99704.5	NA	NA	NA	NA	NA	NA	NA	NA	NA	NA
SZ_BA3C	NA	NA	10000	338562	33.8562	9.38627e-05	-84526.5	-105659	NA	NA	NA	NA	NA	NA	NA	NA	NA	NA
SZ_BA43A	NA	NA	10000	347844	34.7914	0.000520125	-84319.6	-87727.4	NA	NA	NA	NA	NA	NA	NA	NA	NA	NA
SZ_BA43B	NA	NA	10000	343029	34.3098	0.00105893	-83603.7	-86223.2	NA	NA	NA	NA	NA	NA	NA	NA	NA	NA
SZ_BA43C	NA	NA	10000	337817	33.7885	0.00625247	-85089.8	-85925.1	NA	NA	NA	NA	NA	NA	NA	NA	NA	NA
SZ_BA44A	NA	NA	10000	309727	30.9789	0.00341717	-79257.3	-79754.7	NA	NA	NA	NA	NA	NA	NA	NA	NA	NA
SZ_BA44B	NA	NA	10000	342182	34.2216	0.00055012	-81294.5	-81746.4	NA	NA	NA	NA	NA	NA	NA	NA	NA	NA
SZ_BA44C	NA	NA	10000	347310	34.7379	0.000925989	-84977	-85904.2	NA	NA	NA	NA	NA	NA	NA	NA	NA	NA
SZ_BA45A	NA	NA	10000	357414	35.7414	0.00717503	-89458.9	-90593.9	NA	NA	NA	NA	NA	NA	NA	NA	NA	NA
SZ_BA45B	NA	NA	10000	348610	34.868	0.00061041	-86476.9	-86962	NA	NA	NA	NA	NA	NA	NA	NA	NA	NA
SZ_BA45C	NA	NA	10000	353870	35.3941	0.000387723	-85151.1	-87279.1	NA	NA	NA	NA	NA	NA	NA	NA	NA	NA
SZ_BA46A	NA	NA	10000	341498	34.16	0.000952563	-86127.5	-86961.2	NA	NA	NA	NA	NA	NA	NA	NA	NA	NA
SZ_BA46B	NA	NA	10000	328556	32.8622	0.00138593	-83851	-84464.4	NA	NA	NA	NA	NA	NA	NA	NA	NA	NA
SZ_BA46C	NA	NA	10000	340517	34.0619	0.00148101	-84449.5	-84681.9	NA	NA	NA	NA	NA	NA	NA	NA	NA	NA
SZ_BA47A	NA	NA	10000	341913	34.1913	0.000939582	-82643.2	-83331.5	NA	NA	NA	NA	NA	NA	NA	NA	NA	NA
SZ_BA47B	NA	NA	10000	332163	33.2163	0.00106672	-81176.9	-81860.2	NA	NA	NA	NA	NA	NA	NA	NA	NA	NA
SZ_BA47C	NA	NA	10000	322819	32.2819	0.000791537	-80093.6	-80816.8	NA	NA	NA	NA	NA	NA	NA	NA	NA	NA
SZ_BA48A	NA	NA	10000	348252	34.8287	0.000479649	-84691.3	-85979.4	NA	NA	NA	NA	NA	NA	NA	NA	NA	NA
SZ_BA48C	NA	NA	10000	341111	34.1179	0.00554109	-85406.3	-86235.2	NA	NA	NA	NA	NA	NA	NA	NA	NA	NA
SZ_BA49A	NA	NA	10000	341287	34.1287	0.000844623	-83012.1	-85924	NA	NA	NA	NA	NA	NA	NA	NA	NA	NA
SZ_BA49B	NA	NA	10000	352932	35.2932	0.000830988	-81337.8	-84245.4	NA	NA	NA	NA	NA	NA	NA	NA	NA	NA
SZ_BA49C	NA	NA	10000	350155	35.019	0.000515567	-84170.4	-84601.9	NA	NA	NA	NA	NA	NA	NA	NA	NA	NA
SZ_BA4A	NA	NA	10000	364273	36.4419	0.000253714	-87089.2	-89180.4	NA	NA	NA	NA	NA	NA	NA	NA	NA	NA
SZ_BA4B	NA	NA	10000	361688	36.1797	0.00013149	-87297.9	-106603	NA	NA	NA	NA	NA	NA	NA	NA	NA	NA
SZ_BA4C	NA	NA	10000	359455	35.9527	0.00100584	-88846.3	-90622.4	NA	NA	NA	NA	NA	NA	NA	NA	NA	NA
SZ_BA51A	NA	NA	10000	326423	32.6488	0.000809945	-81304.1	-82126.6	NA	NA	NA	NA	NA	NA	NA	NA	NA	NA
SZ_BA51B	NA	NA	10000	345923	34.5992	0.000269867	-81400.6	-86924.5	NA	NA	NA	NA	NA	NA	NA	NA	NA	NA
SZ_BA51C	NA	NA	10000	347463	34.7567	0.00012565	-82312.7	-132017	NA	NA	NA	NA	NA	NA	NA	NA	NA	NA
SZ_BA52B	NA	NA	10000	362865	36.2938	0.000644926	-88719.7	-89293.1	NA	NA	NA	NA	NA	NA	NA	NA	NA	NA
SZ_BA52C	NA	NA	10000	315763	31.5826	0.000536371	-81452.1	-93477.2	NA	NA	NA	NA	NA	NA	NA	NA	NA	NA
SZ_BA53A	NA	NA	10000	336878	33.6945	0.00115648	-84535.3	-84984.6	NA	NA	NA	NA	NA	NA	NA	NA	NA	NA
SZ_BA53B	NA	NA	10000	336828	33.6828	0.000718112	-86066.2	-88329.1	NA	NA	NA	NA	NA	NA	NA	NA	NA	NA
SZ_BA53C	NA	NA	10000	336944	33.7011	0.000681269	-83332.6	-84412.4	NA	NA	NA	NA	NA	NA	NA	NA	NA	NA
SZ_BA56B	NA	NA	10000	310896	31.0958	0.000962851	-79541.2	-80768.1	NA	NA	NA	NA	NA	NA	NA	NA	NA	NA
SZ_BA56C	NA	NA	10000	312568	31.2599	0.000959605	-75782.7	-77200.5	NA	NA	NA	NA	NA	NA	NA	NA	NA	NA
SZ_BA57B	NA	NA	10000	324844	32.4909	0.0066343	-79030.7	-80102.7	NA	NA	NA	NA	NA	NA	NA	NA	NA	NA
SZ_BA57C	NA	NA	10000	347778	34.7882	0.000430367	-87370.8	-104798	NA	NA	NA	NA	NA	NA	NA	NA	NA	NA
SZ_BA58A	NA	NA	10000	364752	36.4752	0.000482645	-87840.7	-89646.5	NA	NA	NA	NA	NA	NA	NA	NA	NA	NA
SZ_BA58B	NA	NA	10000	333936	33.3969	0.0118608	-86105.7	-88439.9	NA	NA	NA	NA	NA	NA	NA	NA	NA	NA
SZ_BA58C	NA	NA	10000	354245	35.428	0.0010316	-87486	-88986.1	NA	NA	NA	NA	NA	NA	NA	NA	NA	NA
SZ_BA59A	NA	NA	10000	296620	29.6739	0.000790721	-74229.7	-75317.5	NA	NA	NA	NA	NA	NA	NA	NA	NA	NA
SZ_BA59C	NA	NA	10000	347306	34.748	0.000552856	-85555.3	-86635.7	NA	NA	NA	NA	NA	NA	NA	NA	NA	NA
SZ_BA5A	NA	NA	10000	364079	36.4152	0.0013944	-86304.3	-86655.5	NA	NA	NA	NA	NA	NA	NA	NA	NA	NA
SZ_BA5B	NA	NA	10000	359782	35.9818	9.61495e-05	-89316.4	-90976.6	NA	NA	NA	NA	NA	NA	NA	NA	NA	NA
SZ_BA5C	NA	NA	10000	360034	36.0106	0.000328728	-84500	-85767	NA	NA	NA	NA	NA	NA	NA	NA	NA	NA
SZ_BA60A	NA	NA	10000	347641	34.7711	0.000417416	-88050.7	-92508.5	NA	NA	NA	NA	NA	NA	NA	NA	NA	NA
SZ_BA60B	NA	NA	10000	339011	33.9011	0.000125159	-81578.7	-118026	NA	NA	NA	NA	NA	NA	NA	NA	NA	NA
SZ_BA60C	NA	NA	10000	327601	32.7634	0.00339845	-85309.2	-86238.6	NA	NA	NA	NA	NA	NA	NA	NA	NA	NA
SZ_BA61A	NA	NA	10000	329101	32.9167	0.00533699	-82120.4	-82939.6	NA	NA	NA	NA	NA	NA	NA	NA	NA	NA
SZ_BA61B	NA	NA	10000	333264	33.3331	0.00123385	-83419.2	-84070.4	NA	NA	NA	NA	NA	NA	NA	NA	NA	NA
SZ_BA61C	NA	NA	10000	337761	33.7795	0.000383148	-82274.5	-83933.3	NA	NA	NA	NA	NA	NA	NA	NA	NA	NA
SZ_BA62A	NA	NA	10000	288808	28.8895	0.00106592	-73334.3	-73910.2	NA	NA	NA	NA	NA	NA	NA	NA	NA	NA
SZ_BA62B	NA	NA	10000	323560	32.3657	0.0016866	-80260.7	-80767.6	NA	NA	NA	NA	NA	NA	NA	NA	NA	NA
SZ_BA62C	NA	NA	10000	339474	33.9542	0.00102363	-84107.5	-84869.8	NA	NA	NA	NA	NA	NA	NA	NA	NA	NA
SZ_BA64A	NA	NA	10000	328531	32.8597	0.00225445	-82120.6	-82761.7	NA	NA	NA	NA	NA	NA	NA	NA	NA	NA
SZ_BA64B	NA	NA	10000	333714	33.3814	0.000768304	-82859.9	-84108.3	NA	NA	NA	NA	NA	NA	NA	NA	NA	NA
SZ_BA64C	NA	NA	10000	333836	33.3869	0.000789028	-82083.7	-83646.2	NA	NA	NA	NA	NA	NA	NA	NA	NA	NA
SZ_BA65A	NA	NA	10000	331895	33.1995	0.000889743	-82227.6	-84701	NA	NA	NA	NA	NA	NA	NA	NA	NA	NA
SZ_BA65B	NA	NA	10000	327487	32.752	0.00057085	-81730.9	-82425.8	NA	NA	NA	NA	NA	NA	NA	NA	NA	NA
SZ_BA65C	NA	NA	10000	326319	32.6384	0.00718792	-83294.1	-84606.7	NA	NA	NA	NA	NA	NA	NA	NA	NA	NA
SZ_BA66A	NA	NA	10000	335756	33.5823	0.00579167	-83125.2	-84175.3	NA	NA	NA	NA	NA	NA	NA	NA	NA	NA
SZ_BA66B	NA	NA	10000	327365	32.743	0.000714905	-82778.7	-86024.3	NA	NA	NA	NA	NA	NA	NA	NA	NA	NA
SZ_BA66C	NA	NA	10000	338222	33.8256	0.000489256	-86477.6	-100304	NA	NA	NA	NA	NA	NA	NA	NA	NA	NA
SZ_BA6A	NA	NA	10000	359576	35.9684	5.85042e-05	-86634.5	-179906	NA	NA	NA	NA	NA	NA	NA	NA	NA	NA
SZ_BA6B	NA	NA	10000	364111	36.4111	5.00329e-05	-87568.8	-145160	NA	NA	NA	NA	NA	NA	NA	NA	NA	NA
SZ_BA6C	NA	NA	10000	356910	35.6946	6.90025e-05	-88360.9	-173207	NA	NA	NA	NA	NA	NA	NA	NA	NA	NA
SZ_BA7A	NA	NA	10000	373174	37.3249	0.000105097	-88694.3	-98777.7	NA	NA	NA	NA	NA	NA	NA	NA	NA	NA
SZ_BA7B	NA	NA	10000	366930	36.7003	0.000707178	-86216.1	-89222.6	NA	NA	NA	NA	NA	NA	NA	NA	NA	NA
SZ_BA7C	NA	NA	10000	364299	36.4408	0.000639308	-84835.1	-86729.3	NA	NA	NA	NA	NA	NA	NA	NA	NA	NA
SZ_BA8A	NA	NA	10000	366880	36.6953	0.000350359	-88771.4	-99469.7	NA	NA	NA	NA	NA	NA	NA	NA	NA	NA
SZ_BA8B	NA	NA	10000	360970	36.1078	0.000410199	-86968.1	-88721.4	NA	NA	NA	NA	NA	NA	NA	NA	NA	NA
SZ_BA8C	NA	NA	10000	363140	36.3213	0.000239149	-86890.7	-93538.7	NA	NA	NA	NA	NA	NA	NA	NA	NA	NA
SZ_BA9A	NA	NA	10000	370996	37.107	5.92659e-05	-88719.7	-157726	NA	NA	NA	NA	NA	NA	NA	NA	NA	NA
SZ_BA9B	NA	NA	10000	360893	36.0965	0.000180696	-86410.2	-91235.5	NA	NA	NA	NA	NA	NA	NA	NA	NA	NA
SZ_BA9C	NA	NA	10000	360013	36.0085	0.000103326	-86923.3	-119159	NA	NA	NA	NA	NA	NA	NA	NA	NA	NA
SZ_H00001	NA	NA	10000	359329	35.9509	0.000559202	-86245.8	-91183.5	NA	NA	NA	NA	NA	NA	NA	NA	NA	NA
SZPA	NA	NA	10000	325874	32.6004	0.000208494	-80318.8	-139855	NA	NA	NA	NA	NA	NA	NA	NA	NA	NA
T24	NA	NA	10000	299738	29.9798	0.000683973	-74860.8	-78305.1	NA	NA	NA	NA	NA	NA	NA	NA	NA	NA
taochenxiaofu	NA	NA	10000	391567	39.1645	0.000654439	-91601.7	-92307.4	NA	NA	NA	NA	NA	NA	NA	NA	NA	NA
TCA-082A	NA	NA	10000	230101	23.0216	0.000594643	-58106.8	-65352.3	NA	NA	NA	NA	NA	NA	NA	NA	NA	NA
TCA-093A	NA	NA	10000	260415	26.0467	0.000312663	-65561	-77802	NA	NA	NA	NA	NA	NA	NA	NA	NA	NA
TCA-099A	NA	NA	10000	263805	26.3858	6.38347e-05	-66687.2	-138692	NA	NA	NA	NA	NA	NA	NA	NA	NA	NA
TCA-101A	NA	NA	10000	289276	28.9334	0.000100989	-70078.8	-97511.1	NA	NA	NA	NA	NA	NA	NA	NA	NA	NA
TCA-106A	NA	NA	10000	291242	29.1271	7.8864e-05	-72504.3	-153219	NA	NA	NA	NA	NA	NA	NA	NA	NA	NA
TCA-110A	NA	NA	10000	278143	27.8199	0.000260504	-68864.6	-112380	NA	NA	NA	NA	NA	NA	NA	NA	NA	NA
TCA-115A	NA	NA	10000	286866	28.6952	0.000303367	-69824.1	-98417.6	NA	NA	NA	NA	NA	NA	NA	NA	NA	NA
TCA-116A	NA	NA	10000	298811	29.8871	0.000151509	-74807	-138107	NA	NA	NA	NA	NA	NA	NA	NA	NA	NA
TCA-117A	NA	NA	10000	290093	29.0151	0.00101435	-72243.5	-73068.1	NA	NA	NA	NA	NA	NA	NA	NA	NA	NA
TCA-119A2	NA	NA	10000	280652	28.0708	7.55242e-05	-70149.1	-165878	NA	NA	NA	NA	NA	NA	NA	NA	NA	NA
TCA-121A	NA	NA	10000	287770	28.7799	0.000245316	-69711.6	-101014	NA	NA	NA	NA	NA	NA	NA	NA	NA	NA
TCA-125A	NA	NA	10000	272158	27.2185	0.000215136	-66882.2	-91542.8	NA	NA	NA	NA	NA	NA	NA	NA	NA	NA
TCA-132A	NA	NA	10000	286417	28.6446	0.000562602	-71503.8	-72461.9	NA	NA	NA	NA	NA	NA	NA	NA	NA	NA
TCA-136A2	NA	NA	10000	262216	26.2268	0.000223539	-66048.2	-86873.9	NA	NA	NA	NA	NA	NA	NA	NA	NA	NA
TCA-137A	NA	NA	10000	272380	27.2434	0.00218281	-70104.4	-74353.1	NA	NA	NA	NA	NA	NA	NA	NA	NA	NA
TCA-140A	NA	NA	10000	290731	29.076	0.000668462	-73894.5	-79064.2	NA	NA	NA	NA	NA	NA	NA	NA	NA	NA
TCA-142A2	NA	NA	10000	258544	25.8596	4.92318e-05	-65395.4	-135991	NA	NA	NA	NA	NA	NA	NA	NA	NA	NA
TCA-143A	NA	NA	10000	257280	25.7357	0.00129329	-66815.3	-67909.5	NA	NA	NA	NA	NA	NA	NA	NA	NA	NA
TCA-145A	NA	NA	10000	261426	26.1504	0.000462872	-64919	-72251.1	NA	NA	NA	NA	NA	NA	NA	NA	NA	NA
TCA-146A	NA	NA	10000	275614	27.5669	0.00253673	-69054.4	-69519.1	NA	NA	NA	NA	NA	NA	NA	NA	NA	NA
TCA-147A	NA	NA	10000	222192	22.2281	0.00232799	-57144.5	-60242	NA	NA	NA	NA	NA	NA	NA	NA	NA	NA
TCA-148A2	NA	NA	10000	284693	28.4807	8.42632e-05	-71497.8	-94778.9	NA	NA	NA	NA	NA	NA	NA	NA	NA	NA
TCA-149A	NA	NA	10000	281595	28.1651	0.000152203	-70151.3	-94516	NA	NA	NA	NA	NA	NA	NA	NA	NA	NA
TCA-151A	NA	NA	10000	254378	25.4454	0.000498559	-64889.6	-68277.3	NA	NA	NA	NA	NA	NA	NA	NA	NA	NA
TCA-154A	NA	NA	10000	258198	25.8275	0.000590981	-66235.8	-67521.1	NA	NA	NA	NA	NA	NA	NA	NA	NA	NA
TCA-155A	NA	NA	10000	286534	28.6649	0.00106985	-72631.2	-79900.7	NA	NA	NA	NA	NA	NA	NA	NA	NA	NA
TCA-156A	NA	NA	10000	264751	26.4804	0.000933215	-66948.1	-67611.3	NA	NA	NA	NA	NA	NA	NA	NA	NA	NA
TCA-157A	NA	NA	10000	266456	26.6536	0.000588312	-67497	-68391.3	NA	NA	NA	NA	NA	NA	NA	NA	NA	NA
TCA-158A	NA	NA	10000	260642	26.0668	0.000330751	-66641.7	-67436.8	NA	NA	NA	NA	NA	NA	NA	NA	NA	NA
TCA-160A	NA	NA	10000	263399	26.3425	0.000594192	-66882.7	-70707.7	NA	NA	NA	NA	NA	NA	NA	NA	NA	NA
TCA-161A	NA	NA	10000	243888	24.3961	4.90977e-05	-62693.4	-145492	NA	NA	NA	NA	NA	NA	NA	NA	NA	NA
TCA-163A	NA	NA	10000	264641	26.4641	0.000165251	-65376.1	-69025.5	NA	NA	NA	NA	NA	NA	NA	NA	NA	NA
TCA-165A	NA	NA	10000	284158	28.4215	0.000256155	-70935	-85688.1	NA	NA	NA	NA	NA	NA	NA	NA	NA	NA
TCA-170A	NA	NA	10000	274316	27.4398	0.000440584	-68908.4	-69263.4	NA	NA	NA	NA	NA	NA	NA	NA	NA	NA
TCA-172A	NA	NA	10000	206934	20.6996	0.000226726	-52647.7	-56232.6	NA	NA	NA	NA	NA	NA	NA	NA	NA	NA
TCA-173A	NA	NA	10000	219896	21.994	0.00047435	-56113.9	-57556.8	NA	NA	NA	NA	NA	NA	NA	NA	NA	NA
TCA-175A	NA	NA	10000	264091	26.417	0.000694399	-67873.1	-70586.8	NA	NA	NA	NA	NA	NA	NA	NA	NA	NA
TCA-176A	NA	NA	10000	272199	27.2253	0.000456306	-69549.5	-73744	NA	NA	NA	NA	NA	NA	NA	NA	NA	NA
TCA-177A2	NA	NA	10000	238716	23.8788	0.000986199	-62551.3	-63459.7	NA	NA	NA	NA	NA	NA	NA	NA	NA	NA
TCA-178A2	NA	NA	10000	283663	28.3663	0.000122499	-67356.9	-132270	NA	NA	NA	NA	NA	NA	NA	NA	NA	NA
TCA-179A	NA	NA	10000	287932	28.7961	0.000138165	-71825	-166898	NA	NA	NA	NA	NA	NA	NA	NA	NA	NA
TCA-180A	NA	NA	10000	270626	27.068	0.000363222	-67892	-69583.2	NA	NA	NA	NA	NA	NA	NA	NA	NA	NA
TG0001	NA	NA	10000	58824	5.92387	0.00230908	-19616.1	-37118.1	NA	NA	NA	NA	NA	NA	NA	NA	NA	NA
TG0002	NA	NA	10000	67668	6.79534	0.000209529	-21111.4	-64753.2	NA	NA	NA	NA	NA	NA	NA	NA	NA	NA
TG0005	NA	NA	10000	65445	6.57408	0.000482101	-20481.1	-65088.6	NA	NA	NA	NA	NA	NA	NA	NA	NA	NA
TG0013	NA	NA	10000	62984	6.32243	0.000886108	-19859.9	-41973.5	NA	NA	NA	NA	NA	NA	NA	NA	NA	NA
TG0020	NA	NA	10000	73522	7.38099	0.000223996	-21445.8	-68367	NA	NA	NA	NA	NA	NA	NA	NA	NA	NA
TG0021	NA	NA	10000	72997	7.31799	0.000536034	-22495.4	-69966.7	NA	NA	NA	NA	NA	NA	NA	NA	NA	NA
TG0023	NA	NA	10000	74346	7.45323	0.000201233	-23212.5	-73714.3	NA	NA	NA	NA	NA	NA	NA	NA	NA	NA
TG0027	NA	NA	10000	67225	6.75221	0.00069986	-20922.3	-68039.7	NA	NA	NA	NA	NA	NA	NA	NA	NA	NA
TG0033	NA	NA	10000	70851	7.11213	4.00247e-07	-22345.8	-63459.5	NA	NA	NA	NA	NA	NA	NA	NA	NA	NA
TG0035	NA	NA	10000	72670	7.29326	0.000245918	-22553.2	-81514.4	NA	NA	NA	NA	NA	NA	NA	NA	NA	NA
TG0036	NA	NA	10000	79529	7.96964	0.000478758	-24121.3	-44732.3	NA	NA	NA	NA	NA	NA	NA	NA	NA	NA
TG0037	NA	NA	10000	73028	7.32919	0.000727232	-22594.7	-73580.7	NA	NA	NA	NA	NA	NA	NA	NA	NA	NA
TG0042	NA	NA	10000	62902	6.32244	0.000354009	-19864	-67414.4	NA	NA	NA	NA	NA	NA	NA	NA	NA	NA
TG0043	NA	NA	10000	61455	6.17887	0.000792166	-19333.6	-55382	NA	NA	NA	NA	NA	NA	NA	NA	NA	NA
TG0055	NA	NA	10000	84790	8.4994	0.000316749	-25301.8	-89074.9	NA	NA	NA	NA	NA	NA	NA	NA	NA	NA
TG0057	NA	NA	10000	74096	7.42371	0.000640423	-22317.3	-54173.8	NA	NA	NA	NA	NA	NA	NA	NA	NA	NA
TG0059	NA	NA	10000	72597	7.27789	0.00383154	-22538	-24117.6	NA	NA	NA	NA	NA	NA	NA	NA	NA	NA
TG0060	NA	NA	10000	78961	7.9143	0.000268729	-24345	-92080.2	NA	NA	NA	NA	NA	NA	NA	NA	NA	NA
TG0071	NA	NA	10000	72712	7.28796	6.03586e-08	-22330.9	-66173.4	NA	NA	NA	NA	NA	NA	NA	NA	NA	NA
TG0074	NA	NA	10000	74228	7.44514	0.000684419	-22746	-52166.5	NA	NA	NA	NA	NA	NA	NA	NA	NA	NA
TG0075	NA	NA	10000	72787	7.29987	0.000553858	-22488.1	-72412	NA	NA	NA	NA	NA	NA	NA	NA	NA	NA
TG0078	NA	NA	10000	69150	6.93929	0.000428572	-21743.3	-54079.8	NA	NA	NA	NA	NA	NA	NA	NA	NA	NA
TG0079	NA	NA	10000	66736	6.71051	0.00317516	-20772.8	-22458.7	NA	NA	NA	NA	NA	NA	NA	NA	NA	NA
TG0084	NA	NA	10000	75639	7.58514	0.000818713	-23668.7	-71274	NA	NA	NA	NA	NA	NA	NA	NA	NA	NA
TG0085	NA	NA	10000	77888	7.8091	0.000476455	-23602.3	-67124.6	NA	NA	NA	NA	NA	NA	NA	NA	NA	NA
TG0092	NA	NA	10000	74077	7.43894	0.000164237	-22284.6	-79569.8	NA	NA	NA	NA	NA	NA	NA	NA	NA	NA
TG0093	NA	NA	10000	76128	7.63954	9.76274e-07	-23252.6	-38544.1	NA	NA	NA	NA	NA	NA	NA	NA	NA	NA
TG0095	NA	NA	10000	73734	7.39262	0.00024979	-23122	-47578	NA	NA	NA	NA	NA	NA	NA	NA	NA	NA
TG0096	NA	NA	10000	78888	7.90619	0.000681229	-24076.5	-43213.5	NA	NA	NA	NA	NA	NA	NA	NA	NA	NA
TG0097	NA	NA	10000	78798	7.89559	0.000374149	-24235.8	-32129.7	NA	NA	NA	NA	NA	NA	NA	NA	NA	NA
TG0099	NA	NA	10000	65283	6.55189	0.00078625	-20705.2	-72505.1	NA	NA	NA	NA	NA	NA	NA	NA	NA	NA
TG0104	NA	NA	10000	72783	7.30386	0.00194907	-22958.4	-26487.7	NA	NA	NA	NA	NA	NA	NA	NA	NA	NA
TG0111	NA	NA	10000	71759	7.20038	0.000728698	-22320.8	-62720.8	NA	NA	NA	NA	NA	NA	NA	NA	NA	NA
TG0115	NA	NA	10000	83182	8.33403	0.000577823	-25650	-73093	NA	NA	NA	NA	NA	NA	NA	NA	NA	NA
TG0119	NA	NA	10000	81908	8.21298	0.000450587	-24615.4	-74648.5	NA	NA	NA	NA	NA	NA	NA	NA	NA	NA
TG0120	NA	NA	10000	96012	9.61851	0.000462237	-27251.2	-71400.5	NA	NA	NA	NA	NA	NA	NA	NA	NA	NA
TG0121	NA	NA	10000	91724	9.19539	0.000205104	-27162.7	-83552	NA	NA	NA	NA	NA	NA	NA	NA	NA	NA
TG0124	NA	NA	10000	92589	9.28211	0.00147551	-27804.7	-28856.8	NA	NA	NA	NA	NA	NA	NA	NA	NA	NA
TG0125	NA	NA	10000	65602	6.5839	0.00184695	-20910.6	-26647	NA	NA	NA	NA	NA	NA	NA	NA	NA	NA
TG0137	NA	NA	10000	60305	6.06812	0.000457369	-19907.3	-65988.2	NA	NA	NA	NA	NA	NA	NA	NA	NA	NA
TG0145	NA	NA	10000	60507	6.09397	0.000842929	-19670	-54117.7	NA	NA	NA	NA	NA	NA	NA	NA	NA	NA
TG0146	NA	NA	10000	70361	7.05444	0.000639657	-21885.3	-66289	NA	NA	NA	NA	NA	NA	NA	NA	NA	NA
TG0152	NA	NA	10000	62945	6.3274	0.000205448	-19985.6	-70647.1	NA	NA	NA	NA	NA	NA	NA	NA	NA	NA
TG0164	NA	NA	10000	62259	6.2509	0.000278677	-20294.6	-88690	NA	NA	NA	NA	NA	NA	NA	NA	NA	NA
TG0165	NA	NA	10000	65305	6.55081	0.000502471	-20687.3	-61445	NA	NA	NA	NA	NA	NA	NA	NA	NA	NA
TG0170	NA	NA	10000	69707	6.99378	1.11238e-07	-21318.2	-21318.2	NA	NA	NA	NA	NA	NA	NA	NA	NA	NA
TG0179	NA	NA	10000	62236	6.24734	1.91359e-07	-19915.7	-48293.2	NA	NA	NA	NA	NA	NA	NA	NA	NA	NA
TG0188	NA	NA	10000	71591	7.17488	3.06732e-07	-21985.6	-60870.4	NA	NA	NA	NA	NA	NA	NA	NA	NA	NA
TG0193	NA	NA	10000	64009	6.42983	0.000673679	-20160.9	-38097.7	NA	NA	NA	NA	NA	NA	NA	NA	NA	NA
TG0200	NA	NA	10000	87432	8.76336	0.000459007	-25941.3	-64694.8	NA	NA	NA	NA	NA	NA	NA	NA	NA	NA
TG0203	NA	NA	10000	67520	6.7832	0.000409379	-21436.6	-76273.8	NA	NA	NA	NA	NA	NA	NA	NA	NA	NA
TG0204	NA	NA	10000	78230	7.84103	0.000131554	-24068.1	-81794.3	NA	NA	NA	NA	NA	NA	NA	NA	NA	NA
TG0216	NA	NA	10000	78290	7.84469	0.00023241	-24281.3	-95373.2	NA	NA	NA	NA	NA	NA	NA	NA	NA	NA
TG0219	NA	NA	10000	87349	8.75065	6.15949e-05	-25683.3	-75641.7	NA	NA	NA	NA	NA	NA	NA	NA	NA	NA
TG0221	NA	NA	10000	87680	8.78645	5.92388e-09	-26637.3	-75292.5	NA	NA	NA	NA	NA	NA	NA	NA	NA	NA
TG0223	NA	NA	10000	81427	8.15984	0.00041858	-23528.3	-75369.7	NA	NA	NA	NA	NA	NA	NA	NA	NA	NA
TG0225	NA	NA	10000	82392	8.2524	2.00837e-08	-24882.4	-94199.4	NA	NA	NA	NA	NA	NA	NA	NA	NA	NA
TG0227	NA	NA	10000	69436	6.9806	0.000141929	-22452.1	-78003.8	NA	NA	NA	NA	NA	NA	NA	NA	NA	NA
TG0230	NA	NA	10000	80099	8.03561	0.000349005	-24347.8	-80844	NA	NA	NA	NA	NA	NA	NA	NA	NA	NA
TG0247	NA	NA	10000	80761	8.09959	0.000713317	-24410.6	-68445.9	NA	NA	NA	NA	NA	NA	NA	NA	NA	NA
TG0256	NA	NA	10000	71138	7.13163	0.00123361	-21871.9	-67255.4	NA	NA	NA	NA	NA	NA	NA	NA	NA	NA
TG0264	NA	NA	10000	70425	7.06724	5.58245e-08	-22366.1	-100026	NA	NA	NA	NA	NA	NA	NA	NA	NA	NA
TG0266	NA	NA	10000	69304	6.94986	0.00132554	-21196.4	-33788.1	NA	NA	NA	NA	NA	NA	NA	NA	NA	NA
TG0268	NA	NA	10000	66414	6.67008	8.5072e-05	-20766	-89241.5	NA	NA	NA	NA	NA	NA	NA	NA	NA	NA
TG0273	NA	NA	10000	76784	7.70073	0.000330639	-22933.6	-80227.6	NA	NA	NA	NA	NA	NA	NA	NA	NA	NA
TG0277	NA	NA	10000	70396	7.06574	0.0002063	-21961.2	-90945.6	NA	NA	NA	NA	NA	NA	NA	NA	NA	NA
TG0289	NA	NA	10000	70256	7.05098	0.000635948	-21410.6	-23382.2	NA	NA	NA	NA	NA	NA	NA	NA	NA	NA
TG0292	NA	NA	10000	73574	7.38324	0.000829905	-22616.9	-64318.8	NA	NA	NA	NA	NA	NA	NA	NA	NA	NA
TG0294	NA	NA	10000	77759	7.78602	0.00110552	-24182	-52528.6	NA	NA	NA	NA	NA	NA	NA	NA	NA	NA
TG0295	NA	NA	10000	74797	7.5007	0.00922854	-23274.6	-24467.6	NA	NA	NA	NA	NA	NA	NA	NA	NA	NA
TG0297	NA	NA	10000	74054	7.42024	6.83011e-05	-23088.9	-64363.6	NA	NA	NA	NA	NA	NA	NA	NA	NA	NA
TG0304	NA	NA	10000	63473	6.38305	0.0009907	-20328.7	-31162.2	NA	NA	NA	NA	NA	NA	NA	NA	NA	NA
TG0308	NA	NA	10000	68889	6.92074	0.00176038	-21347.3	-34214.2	NA	NA	NA	NA	NA	NA	NA	NA	NA	NA
TG0312	NA	NA	10000	73469	7.37123	0.000861306	-22595	-25820	NA	NA	NA	NA	NA	NA	NA	NA	NA	NA
TG0331	NA	NA	10000	68054	6.83891	0.000404578	-21086.2	-41349.9	NA	NA	NA	NA	NA	NA	NA	NA	NA	NA
TG0343	NA	NA	10000	67679	6.79781	0.000180642	-21049.5	-71374.1	NA	NA	NA	NA	NA	NA	NA	NA	NA	NA
TG0348	NA	NA	10000	71326	7.15334	0.00045791	-21593.2	-71077.8	NA	NA	NA	NA	NA	NA	NA	NA	NA	NA
TG0357	NA	NA	10000	69974	7.02198	0.00204641	-22176.9	-25506.2	NA	NA	NA	NA	NA	NA	NA	NA	NA	NA
TG0362	NA	NA	10000	73768	7.39825	3.19085e-07	-22955.8	-55509.1	NA	NA	NA	NA	NA	NA	NA	NA	NA	NA
TG0366	NA	NA	10000	66661	6.69489	0.000594876	-21484.5	-69478.9	NA	NA	NA	NA	NA	NA	NA	NA	NA	NA
TG0373	NA	NA	10000	77160	7.74232	0.00116049	-23509.3	-64796.1	NA	NA	NA	NA	NA	NA	NA	NA	NA	NA
TG0374	NA	NA	10000	76989	7.71897	0.000260139	-23561.6	-75123.4	NA	NA	NA	NA	NA	NA	NA	NA	NA	NA
TG0376	NA	NA	10000	75526	7.57685	0.000682012	-22524	-29375	NA	NA	NA	NA	NA	NA	NA	NA	NA	NA
TG0390	NA	NA	10000	63873	6.41875	0.00132139	-20605.3	-32640.4	NA	NA	NA	NA	NA	NA	NA	NA	NA	NA
TG0410	NA	NA	10000	71715	7.19669	0.00134361	-22632.9	-26752.7	NA	NA	NA	NA	NA	NA	NA	NA	NA	NA
TG0421	NA	NA	10000	79083	7.92812	0.000414456	-23914	-69717.7	NA	NA	NA	NA	NA	NA	NA	NA	NA	NA
TG0422	NA	NA	10000	72872	7.30327	0.000929648	-22308.8	-62931.8	NA	NA	NA	NA	NA	NA	NA	NA	NA	NA
TG0424	NA	NA	10000	69638	6.98265	1.31607e-07	-21539.2	-61861.9	NA	NA	NA	NA	NA	NA	NA	NA	NA	NA
TG0425	NA	NA	10000	69495	6.97111	0.000735907	-21902.9	-71602.2	NA	NA	NA	NA	NA	NA	NA	NA	NA	NA
TG0428	NA	NA	10000	72930	7.31421	0.00222866	-23209.8	-23609.4	NA	NA	NA	NA	NA	NA	NA	NA	NA	NA
TG0468	NA	NA	10000	77276	7.74697	0.000824651	-23438.7	-69665.6	NA	NA	NA	NA	NA	NA	NA	NA	NA	NA
TG0470	NA	NA	10000	65509	6.58779	0.000334468	-21031.4	-79091.6	NA	NA	NA	NA	NA	NA	NA	NA	NA	NA
TG0482	NA	NA	10000	78606	7.87951	0.00064072	-24039.3	-65299.6	NA	NA	NA	NA	NA	NA	NA	NA	NA	NA
TG0483	NA	NA	10000	69577	6.98354	0.000235304	-21986.2	-41346.4	NA	NA	NA	NA	NA	NA	NA	NA	NA	NA
TG0487	NA	NA	10000	82044	8.22579	0.000641577	-24925.1	-78438.6	NA	NA	NA	NA	NA	NA	NA	NA	NA	NA
TG0494	NA	NA	10000	79857	8.01134	7.5457e-05	-24156.8	-43424.3	NA	NA	NA	NA	NA	NA	NA	NA	NA	NA
TG0502	NA	NA	10000	79757	7.99729	5.13094e-05	-24179.5	-84390.6	NA	NA	NA	NA	NA	NA	NA	NA	NA	NA
TG0504	NA	NA	10000	85523	8.56601	0.00017945	-25470.4	-69348.8	NA	NA	NA	NA	NA	NA	NA	NA	NA	NA
TG0509	NA	NA	10000	80740	8.09018	0.000311875	-24388.6	-82733.5	NA	NA	NA	NA	NA	NA	NA	NA	NA	NA
TG0511	NA	NA	10000	80909	8.10549	0.000256688	-24708.4	-89029.7	NA	NA	NA	NA	NA	NA	NA	NA	NA	NA
TG0520	NA	NA	10000	70586	7.08552	0.000382533	-22094.2	-55983.4	NA	NA	NA	NA	NA	NA	NA	NA	NA	NA
TG0528	NA	NA	10000	79590	7.98215	0.000550685	-24407.1	-68459.1	NA	NA	NA	NA	NA	NA	NA	NA	NA	NA
TG0530	NA	NA	10000	82010	8.21579	0.00055174	-24468.4	-39309.7	NA	NA	NA	NA	NA	NA	NA	NA	NA	NA
TG0542	NA	NA	10000	71118	7.12819	0.000103737	-21930.9	-86581.7	NA	NA	NA	NA	NA	NA	NA	NA	NA	NA
TG0544	NA	NA	10000	79208	7.93986	0.000394636	-24128.5	-83353.8	NA	NA	NA	NA	NA	NA	NA	NA	NA	NA
TG0548	NA	NA	10000	65051	6.5286	0.000878494	-21326.3	-67144.2	NA	NA	NA	NA	NA	NA	NA	NA	NA	NA
TG0572	NA	NA	10000	67538	6.77956	4.23515e-17	-21404.5	-65951.3	NA	NA	NA	NA	NA	NA	NA	NA	NA	NA
TG0574	NA	NA	10000	70317	7.04932	0.000415531	-22145.6	-66996.8	NA	NA	NA	NA	NA	NA	NA	NA	NA	NA
TG0578	NA	NA	10000	59585	5.99266	0.00117623	-19437.3	-63213.2	NA	NA	NA	NA	NA	NA	NA	NA	NA	NA
TG0579	NA	NA	10000	72229	7.241	0.00137833	-22883.8	-38664.2	NA	NA	NA	NA	NA	NA	NA	NA	NA	NA
TG0587	NA	NA	10000	82864	8.30467	0.000330381	-24683.2	-71974.3	NA	NA	NA	NA	NA	NA	NA	NA	NA	NA
TG0588	NA	NA	10000	79433	7.95922	0.0012547	-24226.7	-62107.6	NA	NA	NA	NA	NA	NA	NA	NA	NA	NA
TG0592	NA	NA	10000	69175	6.94458	0.000837066	-21652.7	-62022.5	NA	NA	NA	NA	NA	NA	NA	NA	NA	NA
TG0597	NA	NA	10000	68177	6.84165	0.000641142	-21310.1	-69756.5	NA	NA	NA	NA	NA	NA	NA	NA	NA	NA
TG0604	NA	NA	10000	66102	6.63741	0.00178748	-21718.5	-42615.6	NA	NA	NA	NA	NA	NA	NA	NA	NA	NA
TG0605	NA	NA	10000	67179	6.74827	0.000513194	-21027.4	-44508.2	NA	NA	NA	NA	NA	NA	NA	NA	NA	NA
TG0616	NA	NA	10000	68931	6.91454	0.00048063	-21642.1	-54634.4	NA	NA	NA	NA	NA	NA	NA	NA	NA	NA
TG0629	NA	NA	10000	66662	6.68827	0.000963165	-20545.4	-65613.1	NA	NA	NA	NA	NA	NA	NA	NA	NA	NA
TG0633	NA	NA	10000	61444	6.17776	5.14599e-08	-20123.6	-20123.6	NA	NA	NA	NA	NA	NA	NA	NA	NA	NA
TG0635	NA	NA	10000	70054	7.02296	0.000237814	-21873.1	-81290.1	NA	NA	NA	NA	NA	NA	NA	NA	NA	NA
TG0649	NA	NA	10000	73953	7.41235	0.000813972	-22599.1	-45018.3	NA	NA	NA	NA	NA	NA	NA	NA	NA	NA
TG0653	NA	NA	10000	65874	6.6205	0.00144705	-21008.1	-56191.2	NA	NA	NA	NA	NA	NA	NA	NA	NA	NA
TG0654	NA	NA	10000	64599	6.47609	0.000337405	-19801.8	-47344.6	NA	NA	NA	NA	NA	NA	NA	NA	NA	NA
TG0657	NA	NA	10000	73977	7.41624	0.000326589	-23024.5	-84073.7	NA	NA	NA	NA	NA	NA	NA	NA	NA	NA
TG0665	NA	NA	10000	68241	6.84944	0.000472392	-21343.6	-59068.2	NA	NA	NA	NA	NA	NA	NA	NA	NA	NA
TG0667	NA	NA	10000	67605	6.79038	0.0023075	-21537.9	-25129.1	NA	NA	NA	NA	NA	NA	NA	NA	NA	NA
TG0669	NA	NA	10000	63880	6.41108	6.05587e-08	-19578.4	-58393.1	NA	NA	NA	NA	NA	NA	NA	NA	NA	NA
TG0675	NA	NA	10000	73603	7.37727	0.00130796	-23234.6	-27774.4	NA	NA	NA	NA	NA	NA	NA	NA	NA	NA
TG0679	NA	NA	10000	68046	6.8285	0.000285944	-21261.7	-69504.4	NA	NA	NA	NA	NA	NA	NA	NA	NA	NA
TG0683	NA	NA	10000	67003	6.71979	0.000413478	-21538.6	-64940.6	NA	NA	NA	NA	NA	NA	NA	NA	NA	NA
TG0685	NA	NA	10000	69599	6.98925	0.000405853	-21906.5	-85593.2	NA	NA	NA	NA	NA	NA	NA	NA	NA	NA
TG0687	NA	NA	10000	74191	7.43695	0.000334168	-22640.4	-70337.4	NA	NA	NA	NA	NA	NA	NA	NA	NA	NA
TG0689	NA	NA	10000	70259	7.05766	0.000591707	-22050.7	-53334.1	NA	NA	NA	NA	NA	NA	NA	NA	NA	NA
TG0696	NA	NA	10000	66232	6.6478	3.19118e-07	-20559.9	-34362.6	NA	NA	NA	NA	NA	NA	NA	NA	NA	NA
TG0697	NA	NA	10000	67581	6.78797	0.00616498	-21886.8	-22182.3	NA	NA	NA	NA	NA	NA	NA	NA	NA	NA
TG0704	NA	NA	10000	74180	7.43957	0.000638626	-23403.5	-58143.5	NA	NA	NA	NA	NA	NA	NA	NA	NA	NA
TG0711	NA	NA	10000	65074	6.53944	0.00187756	-20351	-35229.4	NA	NA	NA	NA	NA	NA	NA	NA	NA	NA
TG0713	NA	NA	10000	68746	6.89805	0.000173612	-21605.5	-92453.7	NA	NA	NA	NA	NA	NA	NA	NA	NA	NA
TG0725	NA	NA	10000	68086	6.82909	5.49923e-08	-21393.3	-54306.1	NA	NA	NA	NA	NA	NA	NA	NA	NA	NA
TG0731	NA	NA	10000	65245	6.5507	0.000434006	-20950.4	-76895.3	NA	NA	NA	NA	NA	NA	NA	NA	NA	NA
TG0732	NA	NA	10000	68675	6.89093	0.000758482	-21812.3	-57141.2	NA	NA	NA	NA	NA	NA	NA	NA	NA	NA
TG0734	NA	NA	10000	62729	6.29872	4.40967e-07	-20210.1	-49308.4	NA	NA	NA	NA	NA	NA	NA	NA	NA	NA
TG0739	NA	NA	10000	56724	5.70721	0.000877592	-18614.2	-22805.7	NA	NA	NA	NA	NA	NA	NA	NA	NA	NA
TG0747	NA	NA	10000	68008	6.82263	0.000811833	-21467.2	-44489.6	NA	NA	NA	NA	NA	NA	NA	NA	NA	NA
TG0748	NA	NA	10000	62053	6.23962	0.00101847	-20008.1	-50301.6	NA	NA	NA	NA	NA	NA	NA	NA	NA	NA
TG0752	NA	NA	10000	60846	6.12071	0.00139826	-19478.1	-21991	NA	NA	NA	NA	NA	NA	NA	NA	NA	NA
TG0761	NA	NA	10000	64833	6.5113	0.00118187	-21037.5	-30924.5	NA	NA	NA	NA	NA	NA	NA	NA	NA	NA
TG0762	NA	NA	10000	69221	6.93597	0.000170966	-21676	-87162.3	NA	NA	NA	NA	NA	NA	NA	NA	NA	NA
TG0764	NA	NA	10000	55603	5.60967	0.000890933	-18448.4	-64681	NA	NA	NA	NA	NA	NA	NA	NA	NA	NA
TG0775	NA	NA	10000	66797	6.70249	0.000938495	-21110.7	-69750.7	NA	NA	NA	NA	NA	NA	NA	NA	NA	NA
TG0778	NA	NA	10000	57641	5.84357	0.000731795	-18976.7	-26728.3	NA	NA	NA	NA	NA	NA	NA	NA	NA	NA
TG0784	NA	NA	10000	77114	7.72918	0.000488725	-23834.3	-74502.4	NA	NA	NA	NA	NA	NA	NA	NA	NA	NA
TG0794	NA	NA	10000	69123	6.94424	0.00216768	-21864.2	-23681.2	NA	NA	NA	NA	NA	NA	NA	NA	NA	NA
TG0796	NA	NA	10000	59443	5.98259	0.00268535	-19704.2	-47032.4	NA	NA	NA	NA	NA	NA	NA	NA	NA	NA
TG0797	NA	NA	10000	68008	6.82674	0.000638118	-21208.5	-59792.3	NA	NA	NA	NA	NA	NA	NA	NA	NA	NA
TG0800	NA	NA	10000	66738	6.69053	1.2613e-07	-21058	-21058	NA	NA	NA	NA	NA	NA	NA	NA	NA	NA
TG0803	NA	NA	10000	69853	7.01476	0.000462638	-21745.7	-72256	NA	NA	NA	NA	NA	NA	NA	NA	NA	NA
TG0810	NA	NA	10000	85633	8.5839	0.000594351	-25822.8	-36329.3	NA	NA	NA	NA	NA	NA	NA	NA	NA	NA
TG0845	NA	NA	10000	78260	7.8464	0.000322982	-23458.4	-56625.5	NA	NA	NA	NA	NA	NA	NA	NA	NA	NA
TG0853	NA	NA	10000	70543	7.08192	0.00145052	-22129.8	-28458.5	NA	NA	NA	NA	NA	NA	NA	NA	NA	NA
TG0861	NA	NA	10000	78125	7.82659	0.00031712	-23699.9	-73410.2	NA	NA	NA	NA	NA	NA	NA	NA	NA	NA
TG0863	NA	NA	10000	75625	7.58373	0.000758142	-23335.2	-65665.7	NA	NA	NA	NA	NA	NA	NA	NA	NA	NA
TG0867	NA	NA	10000	80174	8.04152	0.000321314	-24440.2	-74544.7	NA	NA	NA	NA	NA	NA	NA	NA	NA	NA
TG0873	NA	NA	10000	75283	7.55247	0.000744764	-23318.1	-72954	NA	NA	NA	NA	NA	NA	NA	NA	NA	NA
TG0877	NA	NA	10000	75604	7.57859	0.000524977	-22927.4	-68646.9	NA	NA	NA	NA	NA	NA	NA	NA	NA	NA
TG0882	NA	NA	10000	60607	6.11698	8.99623e-08	-19437.4	-19437.4	NA	NA	NA	NA	NA	NA	NA	NA	NA	NA
TG0893	NA	NA	10000	57646	5.81461	0.00119324	-18465.7	-61337.5	NA	NA	NA	NA	NA	NA	NA	NA	NA	NA
TG0899	NA	NA	10000	61836	6.22907	0.000988958	-19914.3	-62878	NA	NA	NA	NA	NA	NA	NA	NA	NA	NA
TG0900	NA	NA	10000	56423	5.68895	2.24584e-08	-18735.6	-18735.6	NA	NA	NA	NA	NA	NA	NA	NA	NA	NA
TG0921	NA	NA	10000	58600	5.89715	0.000207375	-19713	-74975.8	NA	NA	NA	NA	NA	NA	NA	NA	NA	NA
TG0923	NA	NA	10000	57693	5.81524	0.00204057	-18596.8	-28078.7	NA	NA	NA	NA	NA	NA	NA	NA	NA	NA
TG0924	NA	NA	10000	57435	5.78341	0.000343769	-19183.3	-76226.1	NA	NA	NA	NA	NA	NA	NA	NA	NA	NA
TG0925	NA	NA	10000	58480	5.89041	0.00126721	-18875.4	-51175.3	NA	NA	NA	NA	NA	NA	NA	NA	NA	NA
TG0931	NA	NA	10000	64210	6.45911	0.00113105	-20617.5	-50257.7	NA	NA	NA	NA	NA	NA	NA	NA	NA	NA
TG0936	NA	NA	10000	81134	8.14517	0.00179443	-24681.8	-27555.5	NA	NA	NA	NA	NA	NA	NA	NA	NA	NA
TG0944	NA	NA	10000	73879	7.40345	0.00128513	-23494.5	-40299.3	NA	NA	NA	NA	NA	NA	NA	NA	NA	NA
TG0949	NA	NA	10000	71027	7.11907	0.000951453	-22832	-63669.6	NA	NA	NA	NA	NA	NA	NA	NA	NA	NA
TG0982	NA	NA	10000	72307	7.25391	0.000228781	-22249.5	-72399.6	NA	NA	NA	NA	NA	NA	NA	NA	NA	NA
TG0989	NA	NA	10000	71373	7.16596	0.000201379	-22280.4	-84595.9	NA	NA	NA	NA	NA	NA	NA	NA	NA	NA
TG1007	NA	NA	10000	78445	7.8681	0.00169983	-23459.1	-25568	NA	NA	NA	NA	NA	NA	NA	NA	NA	NA
TG1010	NA	NA	10000	60206	6.05877	0.00046389	-19404.1	-74566.2	NA	NA	NA	NA	NA	NA	NA	NA	NA	NA
TG1014	NA	NA	10000	68610	6.88855	0.000508588	-21648.4	-56757.1	NA	NA	NA	NA	NA	NA	NA	NA	NA	NA
TG1022	NA	NA	10000	69653	6.99327	0.000989033	-22096.4	-47207.8	NA	NA	NA	NA	NA	NA	NA	NA	NA	NA
TG1030	NA	NA	10000	71668	7.19558	0.000279245	-22412.7	-66753.7	NA	NA	NA	NA	NA	NA	NA	NA	NA	NA
TG1033	NA	NA	10000	79338	7.95129	8.15902e-05	-24035.4	-108460	NA	NA	NA	NA	NA	NA	NA	NA	NA	NA
TG1037	NA	NA	10000	80730	8.09648	0.00103463	-25045.6	-75234.9	NA	NA	NA	NA	NA	NA	NA	NA	NA	NA
TG1039	NA	NA	10000	62244	6.26386	0.00120233	-19984.7	-56213.1	NA	NA	NA	NA	NA	NA	NA	NA	NA	NA
TG1041	NA	NA	10000	63096	6.33176	0.000707731	-20329.7	-75368.1	NA	NA	NA	NA	NA	NA	NA	NA	NA	NA
TG1042	NA	NA	10000	60467	6.0881	0.0011524	-19623.7	-25505.3	NA	NA	NA	NA	NA	NA	NA	NA	NA	NA
TG1069	NA	NA	10000	60447	6.08731	0.000587608	-19138.2	-66875.5	NA	NA	NA	NA	NA	NA	NA	NA	NA	NA
THOMSON_1	NA	NA	10000	375032	37.5257	0.000690813	-97102.4	-98211.3	NA	NA	NA	NA	NA	NA	NA	NA	NA	NA
THOMSON_3	NA	NA	10000	334596	33.4629	0.000326269	-85723.7	-87772.4	NA	NA	NA	NA	NA	NA	NA	NA	NA	NA
THOMSON_4	NA	NA	10000	333737	33.377	0.000624611	-87262	-88605.5	NA	NA	NA	NA	NA	NA	NA	NA	NA	NA
THOMSON_5	NA	NA	10000	358773	35.8809	0.0005154	-90673.6	-94311.9	NA	NA	NA	NA	NA	NA	NA	NA	NA	NA
VH100C	NA	NA	10000	368014	36.8051	0.00188214	-89105.8	-89675.3	NA	NA	NA	NA	NA	NA	NA	NA	NA	NA
VH101C	NA	NA	10000	402161	40.2282	0.00234965	-100316	-100673	NA	NA	NA	NA	NA	NA	NA	NA	NA	NA
VH105A	NA	NA	10000	368319	36.8356	6.70898e-05	-91852.1	-177694	NA	NA	NA	NA	NA	NA	NA	NA	NA	NA
VH105B	NA	NA	10000	366878	36.6878	0.000165712	-89406.9	-145482	NA	NA	NA	NA	NA	NA	NA	NA	NA	NA
VH105C	NA	NA	10000	359052	35.9052	9.33355e-05	-87850.2	-161330	NA	NA	NA	NA	NA	NA	NA	NA	NA	NA
VH106A	NA	NA	10000	340581	34.0649	0.000213729	-82777.8	-140916	NA	NA	NA	NA	NA	NA	NA	NA	NA	NA
VH106B	NA	NA	10000	360717	36.0789	6.23135e-05	-87049.1	-196342	NA	NA	NA	NA	NA	NA	NA	NA	NA	NA
VH106C	NA	NA	10000	380243	38.0319	0.000130265	-92591.1	-98726.7	NA	NA	NA	NA	NA	NA	NA	NA	NA	NA
VH108A	NA	NA	10000	343397	34.3466	0.000128484	-88113.1	-168617	NA	NA	NA	NA	NA	NA	NA	NA	NA	NA
VH108B	NA	NA	10000	330922	33.0955	0.000104265	-85738.1	-131717	NA	NA	NA	NA	NA	NA	NA	NA	NA	NA
VH108C	NA	NA	10000	337391	33.7425	9.60263e-05	-87214.5	-188749	NA	NA	NA	NA	NA	NA	NA	NA	NA	NA
VH10C	NA	NA	10000	377346	37.7346	0.000142179	-92331.6	-163217	NA	NA	NA	NA	NA	NA	NA	NA	NA	NA
VH112C	NA	NA	10000	352208	35.2278	0.0023005	-85483.9	-85824.5	NA	NA	NA	NA	NA	NA	NA	NA	NA	NA
VH113C	NA	NA	10000	332389	33.2455	0.00109945	-79940.3	-80502	NA	NA	NA	NA	NA	NA	NA	NA	NA	NA
VH114C	NA	NA	10000	315960	31.5992	0.000507165	-77879.7	-80068.4	NA	NA	NA	NA	NA	NA	NA	NA	NA	NA
VH116C	NA	NA	10000	309933	30.9964	0.00100543	-75178	-75383.7	NA	NA	NA	NA	NA	NA	NA	NA	NA	NA
VH117C	NA	NA	10000	346103	34.6172	0.000273716	-85877.6	-87014.9	NA	NA	NA	NA	NA	NA	NA	NA	NA	NA
VH119C	NA	NA	10000	326519	32.665	0.000713227	-82209.9	-84138.4	NA	NA	NA	NA	NA	NA	NA	NA	NA	NA
VH120C	NA	NA	10000	339147	33.9215	0.000518515	-81509.9	-84242.6	NA	NA	NA	NA	NA	NA	NA	NA	NA	NA
VH121C	NA	NA	10000	316452	31.6452	0.000630256	-78759.7	-84205.8	NA	NA	NA	NA	NA	NA	NA	NA	NA	NA
VH122C	NA	NA	10000	344658	34.4727	0.00100391	-83627.4	-83873.9	NA	NA	NA	NA	NA	NA	NA	NA	NA	NA
VH123C	NA	NA	10000	324045	32.4142	0.000631548	-76949.5	-77531.2	NA	NA	NA	NA	NA	NA	NA	NA	NA	NA
VH124C	NA	NA	10000	305031	30.5092	0.000873461	-75840.4	-80326.9	NA	NA	NA	NA	NA	NA	NA	NA	NA	NA
VH125C	NA	NA	10000	326594	32.6692	0.000530162	-81039.7	-85183.6	NA	NA	NA	NA	NA	NA	NA	NA	NA	NA
VH126C	NA	NA	10000	311409	31.144	0.000374916	-75441.6	-85491.9	NA	NA	NA	NA	NA	NA	NA	NA	NA	NA
VH128C	NA	NA	10000	345368	34.5437	0.000964762	-84009.9	-84325.7	NA	NA	NA	NA	NA	NA	NA	NA	NA	NA
VH129C	NA	NA	10000	345180	34.518	0.000679512	-87643.2	-91816.1	NA	NA	NA	NA	NA	NA	NA	NA	NA	NA
VH130C	NA	NA	10000	325567	32.5632	0.000563981	-80351.3	-84996.1	NA	NA	NA	NA	NA	NA	NA	NA	NA	NA
VH131C	NA	NA	10000	312039	31.2133	0.000515998	-78269.6	-79531	NA	NA	NA	NA	NA	NA	NA	NA	NA	NA
VH132C	NA	NA	10000	350552	35.0587	0.000961138	-84402	-85274	NA	NA	NA	NA	NA	NA	NA	NA	NA	NA
VH133C	NA	NA	10000	297375	29.7464	0.000595512	-75680.1	-78389.7	NA	NA	NA	NA	NA	NA	NA	NA	NA	NA
VH134C	NA	NA	10000	345913	34.5948	0.00139787	-85769.4	-86675.1	NA	NA	NA	NA	NA	NA	NA	NA	NA	NA
VH135C	NA	NA	10000	361874	36.2019	0.00079343	-86791.1	-88972	NA	NA	NA	NA	NA	NA	NA	NA	NA	NA
VH136C	NA	NA	10000	335810	33.5911	0.000733644	-81204.6	-81616.2	NA	NA	NA	NA	NA	NA	NA	NA	NA	NA
VH137C	NA	NA	10000	384483	38.456	0.000561683	-94659.6	-95091.8	NA	NA	NA	NA	NA	NA	NA	NA	NA	NA
VH138C	NA	NA	10000	371732	37.1881	0.000858571	-90957.7	-91750.6	NA	NA	NA	NA	NA	NA	NA	NA	NA	NA
VH139C	NA	NA	10000	342561	34.2561	0.000895952	-84109.8	-84683.8	NA	NA	NA	NA	NA	NA	NA	NA	NA	NA
VH13C	NA	NA	10000	383778	38.3855	0.000117688	-91763.6	-114746	NA	NA	NA	NA	NA	NA	NA	NA	NA	NA
VH140C	NA	NA	10000	334189	33.4222	0.000578672	-79143.9	-80854.9	NA	NA	NA	NA	NA	NA	NA	NA	NA	NA
VH141C	NA	NA	10000	351477	35.1547	0.0011641	-84561.5	-84866.3	NA	NA	NA	NA	NA	NA	NA	NA	NA	NA
VH142C	NA	NA	10000	331086	33.1185	0.000960773	-82807.2	-83061.3	NA	NA	NA	NA	NA	NA	NA	NA	NA	NA
VH144C	NA	NA	10000	306101	30.6101	0.00159578	-76755.6	-77069.6	NA	NA	NA	NA	NA	NA	NA	NA	NA	NA
VH145C	NA	NA	10000	317595	31.7659	0.000480484	-76582.2	-90326	NA	NA	NA	NA	NA	NA	NA	NA	NA	NA
VH147C	NA	NA	10000	285058	28.5115	0.000528842	-70366.9	-72054.7	NA	NA	NA	NA	NA	NA	NA	NA	NA	NA
VH149C	NA	NA	10000	312501	31.2532	0.000434988	-76680.4	-79924.7	NA	NA	NA	NA	NA	NA	NA	NA	NA	NA
VH14C	NA	NA	10000	361341	36.1449	7.05286e-05	-89740.2	-163331	NA	NA	NA	NA	NA	NA	NA	NA	NA	NA
VH15C	NA	NA	10000	365044	36.5044	0.000166516	-88574	-108915	NA	NA	NA	NA	NA	NA	NA	NA	NA	NA
VH160C	NA	NA	10000	296576	29.6576	0.00103396	-71168	-73069.8	NA	NA	NA	NA	NA	NA	NA	NA	NA	NA
VH161C	NA	NA	10000	366118	36.6191	0.000878826	-89373.2	-91900.8	NA	NA	NA	NA	NA	NA	NA	NA	NA	NA
VH162C	NA	NA	10000	349668	34.9703	0.0010744	-85424.3	-85779.4	NA	NA	NA	NA	NA	NA	NA	NA	NA	NA
VH16C	NA	NA	10000	360888	36.0924	7.38492e-05	-88083	-163067	NA	NA	NA	NA	NA	NA	NA	NA	NA	NA
VH17C	NA	NA	10000	361288	36.1324	5.50534e-05	-89073.1	-110110	NA	NA	NA	NA	NA	NA	NA	NA	NA	NA
VH18C	NA	NA	10000	372720	37.2795	0.000163088	-91193.5	-91801.5	NA	NA	NA	NA	NA	NA	NA	NA	NA	NA
VH19C	NA	NA	10000	352856	35.2856	0.00021404	-83586	-94157.5	NA	NA	NA	NA	NA	NA	NA	NA	NA	NA
VH1C	NA	NA	10000	369320	36.9357	0.000108956	-91687.1	-191080	NA	NA	NA	NA	NA	NA	NA	NA	NA	NA
VH20C	NA	NA	10000	354960	35.5031	0.000157013	-85954.1	-93402.1	NA	NA	NA	NA	NA	NA	NA	NA	NA	NA
VH21C	NA	NA	10000	353406	35.3477	0.000133973	-88432.2	-119302	NA	NA	NA	NA	NA	NA	NA	NA	NA	NA
VH23C	NA	NA	10000	373104	37.3104	0.000104615	-91488.9	-179830	NA	NA	NA	NA	NA	NA	NA	NA	NA	NA
VH24C	NA	NA	10000	379027	37.9065	9.38423e-05	-91464.4	-150910	NA	NA	NA	NA	NA	NA	NA	NA	NA	NA
VH25C	NA	NA	10000	385013	38.5052	0.000130039	-91970.5	-166349	NA	NA	NA	NA	NA	NA	NA	NA	NA	NA
VH26C	NA	NA	10000	383913	38.3913	0.000224939	-94240.1	-107641	NA	NA	NA	NA	NA	NA	NA	NA	NA	NA
VH28C	NA	NA	10000	391573	39.1691	0.000114864	-96166.1	-109066	NA	NA	NA	NA	NA	NA	NA	NA	NA	NA
VH2C	NA	NA	10000	369276	36.935	0.00091668	-90392.1	-90932.9	NA	NA	NA	NA	NA	NA	NA	NA	NA	NA
VH30C	NA	NA	10000	388235	38.8274	0.000103277	-94673.6	-143956	NA	NA	NA	NA	NA	NA	NA	NA	NA	NA
VH31C	NA	NA	10000	376890	37.6965	0.00015126	-90826.8	-98414.6	NA	NA	NA	NA	NA	NA	NA	NA	NA	NA
VH32C	NA	NA	10000	389499	38.9577	7.9416e-05	-96504.7	-174663	NA	NA	NA	NA	NA	NA	NA	NA	NA	NA
VH33C	NA	NA	10000	375108	37.5108	0.000249988	-91577.5	-96920.2	NA	NA	NA	NA	NA	NA	NA	NA	NA	NA
VH34C	NA	NA	10000	381328	38.1366	6.82497e-05	-94093.6	-128824	NA	NA	NA	NA	NA	NA	NA	NA	NA	NA
VH37C	NA	NA	10000	380610	38.061	0.000319793	-88599.9	-130244	NA	NA	NA	NA	NA	NA	NA	NA	NA	NA
VH38C	NA	NA	10000	391707	39.1746	4.60646e-05	-95941.8	-125337	NA	NA	NA	NA	NA	NA	NA	NA	NA	NA
VH39C	NA	NA	10000	390396	39.0513	5.7785e-05	-95026.8	-164349	NA	NA	NA	NA	NA	NA	NA	NA	NA	NA
VH3C	NA	NA	10000	354694	35.48	0.00021252	-87748.8	-89422.9	NA	NA	NA	NA	NA	NA	NA	NA	NA	NA
VH40C	NA	NA	10000	376461	37.6536	9.22488e-05	-91362.9	-185043	NA	NA	NA	NA	NA	NA	NA	NA	NA	NA
VH41C	NA	NA	10000	305145	30.5206	0.000880868	-73958.2	-75562.3	NA	NA	NA	NA	NA	NA	NA	NA	NA	NA
VH42C	NA	NA	10000	352732	35.2767	0.000827627	-87268.7	-87965.8	NA	NA	NA	NA	NA	NA	NA	NA	NA	NA
VH43C	NA	NA	10000	330026	33.0092	0.000603057	-81496.1	-86606.8	NA	NA	NA	NA	NA	NA	NA	NA	NA	NA
VH44C	NA	NA	10000	292561	29.2678	0.00107357	-72197	-72846	NA	NA	NA	NA	NA	NA	NA	NA	NA	NA
VH45C	NA	NA	10000	286632	28.6689	0.000850415	-72986.4	-73568.1	NA	NA	NA	NA	NA	NA	NA	NA	NA	NA
VH46C	NA	NA	10000	648655	64.8785	0.000949811	-150880	-151512	NA	NA	NA	NA	NA	NA	NA	NA	NA	NA
VH47C	NA	NA	10000	299929	29.9959	0.000757024	-72451	-73348	NA	NA	NA	NA	NA	NA	NA	NA	NA	NA
VH48C	NA	NA	10000	326995	32.7126	0.00195907	-79287.9	-79893.6	NA	NA	NA	NA	NA	NA	NA	NA	NA	NA
VH49C	NA	NA	10000	334021	33.4054	0.000544492	-82662.3	-88838.6	NA	NA	NA	NA	NA	NA	NA	NA	NA	NA
VH51C	NA	NA	10000	362489	36.2489	0.00103479	-91138.7	-92127.7	NA	NA	NA	NA	NA	NA	NA	NA	NA	NA
VH55C	NA	NA	10000	352207	35.2242	0.00102593	-85612.4	-85817	NA	NA	NA	NA	NA	NA	NA	NA	NA	NA
VH56C	NA	NA	10000	319588	31.962	0.00114796	-79109.8	-79632.9	NA	NA	NA	NA	NA	NA	NA	NA	NA	NA
VH57C	NA	NA	10000	352529	35.2635	0.00107277	-85868.3	-86735.2	NA	NA	NA	NA	NA	NA	NA	NA	NA	NA
VH58C	NA	NA	10000	306065	30.6157	0.00110259	-73821.5	-74015.3	NA	NA	NA	NA	NA	NA	NA	NA	NA	NA
VH59C	NA	NA	10000	366582	36.6619	0.00183265	-88393.5	-88742	NA	NA	NA	NA	NA	NA	NA	NA	NA	NA
VH60C	NA	NA	10000	330207	33.0273	0.000830033	-83148.5	-83283.3	NA	NA	NA	NA	NA	NA	NA	NA	NA	NA
VH61C	NA	NA	10000	361004	36.1148	0.00126745	-89949.5	-90293.8	NA	NA	NA	NA	NA	NA	NA	NA	NA	NA
VH62C	NA	NA	10000	370362	37.0399	0.000915393	-89709.4	-90103.8	NA	NA	NA	NA	NA	NA	NA	NA	NA	NA
VH63C	NA	NA	10000	317544	31.7576	0.00041697	-78435.5	-79126	NA	NA	NA	NA	NA	NA	NA	NA	NA	NA
VH64C	NA	NA	10000	328485	32.8551	0.000426138	-82448	-83000.1	NA	NA	NA	NA	NA	NA	NA	NA	NA	NA
VH68C	NA	NA	10000	313692	31.3723	0.000756136	-76528.6	-82074.7	NA	NA	NA	NA	NA	NA	NA	NA	NA	NA
VH6C	NA	NA	10000	287764	28.7793	9.22743e-05	-71952.2	-136983	NA	NA	NA	NA	NA	NA	NA	NA	NA	NA
VH70C	NA	NA	10000	295183	29.5242	0.00135451	-72569.3	-72715.2	NA	NA	NA	NA	NA	NA	NA	NA	NA	NA
VH71C	NA	NA	10000	312913	31.2913	0.000471832	-77413.4	-78408.6	NA	NA	NA	NA	NA	NA	NA	NA	NA	NA
VH72C	NA	NA	10000	304264	30.4325	0.00127374	-74695.3	-74964.4	NA	NA	NA	NA	NA	NA	NA	NA	NA	NA
VH73C	NA	NA	10000	322477	32.2477	0.000454594	-79702.7	-81661.7	NA	NA	NA	NA	NA	NA	NA	NA	NA	NA
VH74C	NA	NA	10000	349690	34.969	0.000958821	-86262.2	-87705.9	NA	NA	NA	NA	NA	NA	NA	NA	NA	NA
VH75C	NA	NA	10000	308805	30.8867	0.000419138	-77968.2	-84349.6	NA	NA	NA	NA	NA	NA	NA	NA	NA	NA
VH76C	NA	NA	10000	364686	36.4832	0.00153801	-88238	-88595.6	NA	NA	NA	NA	NA	NA	NA	NA	NA	NA
VH77C	NA	NA	10000	317835	31.793	0.000812817	-78500.8	-78892.3	NA	NA	NA	NA	NA	NA	NA	NA	NA	NA
VH78C	NA	NA	10000	324884	32.4949	0.000887497	-77268.8	-83161	NA	NA	NA	NA	NA	NA	NA	NA	NA	NA
VH7C	NA	NA	10000	345709	34.5744	6.63481e-05	-83679.6	-114568	NA	NA	NA	NA	NA	NA	NA	NA	NA	NA
VH80C	NA	NA	10000	339957	33.9991	0.00100371	-83438.6	-84401.8	NA	NA	NA	NA	NA	NA	NA	NA	NA	NA
VH81C	NA	NA	10000	305804	30.5865	0.00152817	-73926.4	-74511.5	NA	NA	NA	NA	NA	NA	NA	NA	NA	NA
VH82C	NA	NA	10000	349066	34.9101	0.00108825	-86603.2	-86953.3	NA	NA	NA	NA	NA	NA	NA	NA	NA	NA
VH83C	NA	NA	10000	347081	34.7081	0.000925884	-86777.3	-87310.3	NA	NA	NA	NA	NA	NA	NA	NA	NA	NA
VH86C	NA	NA	10000	389184	38.9223	0.00123575	-93695.8	-94020.7	NA	NA	NA	NA	NA	NA	NA	NA	NA	NA
VH87C	NA	NA	10000	369506	36.9543	0.00109331	-91284.2	-91628	NA	NA	NA	NA	NA	NA	NA	NA	NA	NA
VH88C	NA	NA	10000	289160	28.9189	0.00337236	-74556.8	-75059.3	NA	NA	NA	NA	NA	NA	NA	NA	NA	NA
VH91C	NA	NA	10000	343159	34.3193	0.00216913	-83608.3	-84254.7	NA	NA	NA	NA	NA	NA	NA	NA	NA	NA
VH93C	NA	NA	10000	329517	32.9583	0.00224427	-83105	-83584.4	NA	NA	NA	NA	NA	NA	NA	NA	NA	NA
VH95C	NA	NA	10000	318513	31.8577	0.00195741	-78347.6	-78819.7	NA	NA	NA	NA	NA	NA	NA	NA	NA	NA
VH96C	NA	NA	10000	349044	34.9079	0.00183882	-85510.2	-86158.5	NA	NA	NA	NA	NA	NA	NA	NA	NA	NA
VH97C	NA	NA	10000	346329	34.6398	0.00241884	-84743.8	-85105	NA	NA	NA	NA	NA	NA	NA	NA	NA	NA
VH9C	NA	NA	10000	364197	36.4306	0.00060218	-88325.8	-88857.4	NA	NA	NA	NA	NA	NA	NA	NA	NA	NA
wangjinghanfu	NA	NA	10000	301753	30.1783	0.0036171	-76740.4	-77366.3	NA	NA	NA	NA	NA	NA	NA	NA	NA	NA
wangjinghanmu	NA	NA	10000	362408	36.248	0.00206855	-88294.1	-88748.9	NA	NA	NA	NA	NA	NA	NA	NA	NA	NA
wangjinghan	NA	NA	10000	366487	36.656	0.00425022	-89394.3	-90210.8	NA	NA	NA	NA	NA	NA	NA	NA	NA	NA
wangliqi	NA	NA	10000	383448	38.3525	8.94974e-05	-93985.9	-160944	NA	NA	NA	NA	NA	NA	NA	NA	NA	NA
wangmeihanmu	NA	NA	10000	371019	37.1167	0.00034373	-88529.2	-91243.9	NA	NA	NA	NA	NA	NA	NA	NA	NA	NA
wangmeihan	NA	NA	10000	367111	36.7148	0.000128927	-87415.6	-151473	NA	NA	NA	NA	NA	NA	NA	NA	NA	NA
wangmingyumu	NA	NA	10000	374799	37.4836	0.000310457	-89606.5	-104072	NA	NA	NA	NA	NA	NA	NA	NA	NA	NA
wangxinyanmu	NA	NA	10000	415376	41.5501	0.00193472	-99011.9	-99870.5	NA	NA	NA	NA	NA	NA	NA	NA	NA	NA
wangxinyimu	NA	NA	10000	386808	38.6847	0.000232206	-89411.8	-90420	NA	NA	NA	NA	NA	NA	NA	NA	NA	NA
wangxinyi	NA	NA	10000	373161	37.3198	9.6738e-05	-86579	-155648	NA	NA	NA	NA	NA	NA	NA	NA	NA	NA
wangyixiafu	NA	NA	10000	379218	37.9294	0.000687612	-93033.7	-93920.2	NA	NA	NA	NA	NA	NA	NA	NA	NA	NA
wangyixia	NA	NA	10000	361892	36.2001	0.000641348	-89487.1	-91225.9	NA	NA	NA	NA	NA	NA	NA	NA	NA	NA
wangyiying	NA	NA	10000	386459	38.6498	6.48794e-05	-92067.8	-195526	NA	NA	NA	NA	NA	NA	NA	NA	NA	NA
wangyuchen	NA	NA	10000	382751	38.2751	0.000543525	-89432	-90522.4	NA	NA	NA	NA	NA	NA	NA	NA	NA	NA
wangzihan	NA	NA	10000	306180	30.618	0.00317049	-74860.3	-75483.2	NA	NA	NA	NA	NA	NA	NA	NA	NA	NA
weiziyangfu	NA	NA	10000	368335	36.8372	0.000133464	-88269.8	-161691	NA	NA	NA	NA	NA	NA	NA	NA	NA	NA
WFYA	NA	NA	10000	313623	31.3748	0.00054681	-77195.1	-77676.2	NA	NA	NA	NA	NA	NA	NA	NA	NA	NA
WJJA	NA	NA	10000	323585	32.3617	0.000166011	-78660.4	-87653.9	NA	NA	NA	NA	NA	NA	NA	NA	NA	NA
WT10	NA	NA	10000	337681	33.7749	0.000492139	-82916.4	-86181.4	NA	NA	NA	NA	NA	NA	NA	NA	NA	NA
WT12	NA	NA	10000	333838	33.3871	0.000606545	-80279.5	-80704.3	NA	NA	NA	NA	NA	NA	NA	NA	NA	NA
WT14	NA	NA	10000	353028	35.3028	0.000693305	-87777.4	-88762.1	NA	NA	NA	NA	NA	NA	NA	NA	NA	NA
WT15	NA	NA	10000	344444	34.4513	0.000406131	-84088	-93843.9	NA	NA	NA	NA	NA	NA	NA	NA	NA	NA
WT16	NA	NA	10000	295692	29.5781	0.000422054	-74542.3	-76100.9	NA	NA	NA	NA	NA	NA	NA	NA	NA	NA
WT17	NA	NA	10000	339495	33.9529	0.000599558	-82345.1	-95897.9	NA	NA	NA	NA	NA	NA	NA	NA	NA	NA
WT19	NA	NA	10000	320835	32.0867	0.000371826	-81914.5	-82916.1	NA	NA	NA	NA	NA	NA	NA	NA	NA	NA
WT1	NA	NA	10000	328196	32.8262	0.000441423	-81004.2	-85056.9	NA	NA	NA	NA	NA	NA	NA	NA	NA	NA
WT20	NA	NA	10000	356355	35.6391	0.000412318	-89126	-91631.3	NA	NA	NA	NA	NA	NA	NA	NA	NA	NA
WT21	NA	NA	10000	333882	33.3915	0.000280574	-83006.9	-86532.4	NA	NA	NA	NA	NA	NA	NA	NA	NA	NA
WT23	NA	NA	10000	338258	33.8292	0.000805938	-83065	-84474.2	NA	NA	NA	NA	NA	NA	NA	NA	NA	NA
WT24	NA	NA	10000	299365	29.9425	0.000230091	-73344.9	-86421.2	NA	NA	NA	NA	NA	NA	NA	NA	NA	NA
WT27	NA	NA	10000	315123	31.5186	0.00217194	-79575.6	-80188.6	NA	NA	NA	NA	NA	NA	NA	NA	NA	NA
WT28	NA	NA	10000	374000	37.4075	0.000579507	-89287.6	-89714.3	NA	NA	NA	NA	NA	NA	NA	NA	NA	NA
WT29	NA	NA	10000	283809	28.3923	0.000785532	-71365.3	-71869.6	NA	NA	NA	NA	NA	NA	NA	NA	NA	NA
WT2	NA	NA	10000	314484	31.4484	0.000292896	-75209.9	-80525.3	NA	NA	NA	NA	NA	NA	NA	NA	NA	NA
WT30	NA	NA	10000	320584	32.0584	0.000271904	-78710.6	-100608	NA	NA	NA	NA	NA	NA	NA	NA	NA	NA
WT31	NA	NA	10000	336010	33.6077	0.00140562	-82523.2	-83307.3	NA	NA	NA	NA	NA	NA	NA	NA	NA	NA
WT32	NA	NA	10000	343400	34.34	0.00064644	-86094.8	-92047.6	NA	NA	NA	NA	NA	NA	NA	NA	NA	NA
WT33	NA	NA	10000	318246	31.8342	0.000520971	-79737.4	-82529.8	NA	NA	NA	NA	NA	NA	NA	NA	NA	NA
WT35	NA	NA	10000	288112	28.817	0.000473194	-71080.2	-73035.6	NA	NA	NA	NA	NA	NA	NA	NA	NA	NA
WT36	NA	NA	10000	303101	30.3131	0.000874427	-74385.6	-74567.1	NA	NA	NA	NA	NA	NA	NA	NA	NA	NA
WT38	NA	NA	10000	317470	31.7534	0.000177007	-76778.3	-134226	NA	NA	NA	NA	NA	NA	NA	NA	NA	NA
WT39	NA	NA	10000	338491	33.8593	0.00123832	-82829.6	-83469.8	NA	NA	NA	NA	NA	NA	NA	NA	NA	NA
WT40	NA	NA	10000	289132	28.919	0.000520105	-73068	-76534.8	NA	NA	NA	NA	NA	NA	NA	NA	NA	NA
WT43	NA	NA	10000	309703	30.9734	0.00119934	-79240.7	-79655.3	NA	NA	NA	NA	NA	NA	NA	NA	NA	NA
WT44	NA	NA	10000	306093	30.6124	0.00044329	-77231.1	-87431.9	NA	NA	NA	NA	NA	NA	NA	NA	NA	NA
WT46	NA	NA	10000	345672	34.5776	0.000571382	-84438.2	-85232.6	NA	NA	NA	NA	NA	NA	NA	NA	NA	NA
WT47	NA	NA	10000	319810	31.9842	0.000472645	-76971.2	-78229.8	NA	NA	NA	NA	NA	NA	NA	NA	NA	NA
WT49	NA	NA	10000	352896	35.3002	0.000600029	-82800.1	-83788.4	NA	NA	NA	NA	NA	NA	NA	NA	NA	NA
WT4	NA	NA	10000	262675	26.2701	0.000349974	-65897.6	-71706.7	NA	NA	NA	NA	NA	NA	NA	NA	NA	NA
WT53	NA	NA	10000	298037	29.8126	0.000539632	-72259	-73398	NA	NA	NA	NA	NA	NA	NA	NA	NA	NA
WT56	NA	NA	10000	302079	30.217	0.000792146	-75221.5	-75816.1	NA	NA	NA	NA	NA	NA	NA	NA	NA	NA
WT58	NA	NA	10000	336219	33.632	0.000756739	-83263.7	-83765.1	NA	NA	NA	NA	NA	NA	NA	NA	NA	NA
WT5	NA	NA	10000	271762	27.1816	0.000589356	-69361.1	-71020.7	NA	NA	NA	NA	NA	NA	NA	NA	NA	NA
WT60	NA	NA	10000	310467	31.0529	0.000488127	-75300.1	-76543.7	NA	NA	NA	NA	NA	NA	NA	NA	NA	NA
WT66	NA	NA	10000	337309	33.7376	0.000152576	-83458.7	-103633	NA	NA	NA	NA	NA	NA	NA	NA	NA	NA
WT69	NA	NA	10000	340084	34.022	0.000816387	-83240.5	-83860.5	NA	NA	NA	NA	NA	NA	NA	NA	NA	NA
WT6	NA	NA	10000	315326	31.5389	0.000859232	-77129.9	-77341.5	NA	NA	NA	NA	NA	NA	NA	NA	NA	NA
WT70	NA	NA	10000	342570	34.2604	0.00025811	-85375	-88125.2	NA	NA	NA	NA	NA	NA	NA	NA	NA	NA
WT71	NA	NA	10000	341592	34.1626	0.000416732	-81671.2	-85485.3	NA	NA	NA	NA	NA	NA	NA	NA	NA	NA
WT72	NA	NA	10000	324152	32.4184	0.00111294	-79973.7	-80200.6	NA	NA	NA	NA	NA	NA	NA	NA	NA	NA
WT77	NA	NA	10000	302129	30.2129	0.00066049	-75878.2	-76457.3	NA	NA	NA	NA	NA	NA	NA	NA	NA	NA
WT79	NA	NA	10000	344272	34.4306	0.00122005	-82996.5	-83700.4	NA	NA	NA	NA	NA	NA	NA	NA	NA	NA
WT7	NA	NA	10000	343263	34.34	0.000370868	-84255.4	-91984.4	NA	NA	NA	NA	NA	NA	NA	NA	NA	NA
WT80	NA	NA	10000	305852	30.5944	0.000462108	-73802.8	-75191.9	NA	NA	NA	NA	NA	NA	NA	NA	NA	NA
WT83	NA	NA	10000	306055	30.6147	0.00205854	-77111	-77435.9	NA	NA	NA	NA	NA	NA	NA	NA	NA	NA
WT84	NA	NA	10000	390062	39.014	0.000907935	-93636.2	-94772.3	NA	NA	NA	NA	NA	NA	NA	NA	NA	NA
WT86	NA	NA	10000	384480	38.448	0.000127216	-90695.6	-150151	NA	NA	NA	NA	NA	NA	NA	NA	NA	NA
WT88	NA	NA	10000	388468	38.8468	0.000230871	-93259.7	-120352	NA	NA	NA	NA	NA	NA	NA	NA	NA	NA
WT8	NA	NA	10000	378340	37.8378	0.00084709	-90926.6	-92173.2	NA	NA	NA	NA	NA	NA	NA	NA	NA	NA
WT90	NA	NA	10000	377730	37.7806	6.27486e-05	-90815.2	-110892	NA	NA	NA	NA	NA	NA	NA	NA	NA	NA
WT93	NA	NA	10000	382601	38.2639	7.05159e-05	-88481.6	-123729	NA	NA	NA	NA	NA	NA	NA	NA	NA	NA
WT9	NA	NA	10000	351896	35.1931	0.000407868	-85701.4	-86854.4	NA	NA	NA	NA	NA	NA	NA	NA	NA	NA
wuhaohang	NA	NA	10000	382091	38.2129	0.00184098	-94664.2	-94977.9	NA	NA	NA	NA	NA	NA	NA	NA	NA	NA
wujingyu	NA	NA	10000	345121	34.5225	0.0042351	-85168.2	-86073	NA	NA	NA	NA	NA	NA	NA	NA	NA	NA
wuruimu	NA	NA	10000	377328	37.7366	0.000132812	-92079.4	-161094	NA	NA	NA	NA	NA	NA	NA	NA	NA	NA
wuzixinmu	NA	NA	10000	349068	34.9068	0.00010527	-83923.1	-146483	NA	NA	NA	NA	NA	NA	NA	NA	NA	NA
xiaoyaxinfu	NA	NA	10000	367211	36.7211	4.04548e-05	-88884.4	-177170	NA	NA	NA	NA	NA	NA	NA	NA	NA	NA
xiaoyaxinmu	NA	NA	10000	291495	29.1582	0.00322919	-72015.9	-72477.5	NA	NA	NA	NA	NA	NA	NA	NA	NA	NA
xiaoyaxin	NA	NA	10000	296988	29.7018	0.00274619	-74437.4	-75497	NA	NA	NA	NA	NA	NA	NA	NA	NA	NA
xiaozhengxiang	NA	NA	10000	368463	36.8463	0.00149106	-89416	-89768.4	NA	NA	NA	NA	NA	NA	NA	NA	NA	NA
xuebowenmu	NA	NA	10000	370409	37.052	0.00251929	-89538.6	-90111.5	NA	NA	NA	NA	NA	NA	NA	NA	NA	NA
xumengchenfu	NA	NA	10000	393807	39.3886	3.70651e-05	-93209	-161235	NA	NA	NA	NA	NA	NA	NA	NA	NA	NA
xumengchenmu	NA	NA	10000	367034	36.7071	0.000292362	-87967	-88636.1	NA	NA	NA	NA	NA	NA	NA	NA	NA	NA
yangjinzhuomamu	NA	NA	10000	372315	37.2352	0.003137	-91935.8	-92841	NA	NA	NA	NA	NA	NA	NA	NA	NA	NA
yangzhien	NA	NA	10000	358458	35.8601	0.000170568	-88651.8	-102876	NA	NA	NA	NA	NA	NA	NA	NA	NA	NA
zhangboxuanfu	NA	NA	10000	395844	39.5923	6.90075e-05	-92405.9	-190808	NA	NA	NA	NA	NA	NA	NA	NA	NA	NA
zhangboxuanmu	NA	NA	10000	384950	38.495	0.00042817	-92022	-92308	NA	NA	NA	NA	NA	NA	NA	NA	NA	NA
zhangboxuan	NA	NA	10000	382429	38.2506	0.000164383	-91625	-122208	NA	NA	NA	NA	NA	NA	NA	NA	NA	NA
zhangcaiqing	NA	NA	10000	366473	36.651	0.00021185	-88192.9	-90552.3	NA	NA	NA	NA	NA	NA	NA	NA	NA	NA
zhangyuanwanhanfu	NA	NA	10000	484152	48.4152	0.00194248	-115253	-115763	NA	NA	NA	NA	NA	NA	NA	NA	NA	NA
zhangyuanwanhanmu	NA	NA	10000	364706	36.4742	0.00268741	-89008.8	-89713.7	NA	NA	NA	NA	NA	NA	NA	NA	NA	NA
zhanzhaoyuanfu	NA	NA	10000	410715	41.0756	0.00021695	-96866.6	-101609	NA	NA	NA	NA	NA	NA	NA	NA	NA	NA
zhouchenlin	NA	NA	10000	259742	25.9768	0.00308441	-65725.9	-66253.8	NA	NA	NA	NA	NA	NA	NA	NA	NA	NA
zhoujunanfu	NA	NA	10000	383258	38.3335	0.000193208	-91426.9	-93534.9	NA	NA	NA	NA	NA	NA	NA	NA	NA	NA
zhoujunanmu	NA	NA	10000	365607	36.5717	0.00015608	-88528.1	-92920.9	NA	NA	NA	NA	NA	NA	NA	NA	NA	NA
zhoujunan	NA	NA	10000	382968	38.3045	0.000146362	-94672.4	-122477	NA	NA	NA	NA	NA	NA	NA	NA	NA	NA
zhouliushuruimu	NA	NA	10000	273953	27.398	0.00368813	-69627.5	-70144.5	NA	NA	NA	NA	NA	NA	NA	NA	NA	NA
zhouliushurui	NA	NA	10000	305357	30.5449	0.00364092	-73974.7	-74667.2	NA	NA	NA	NA	NA	NA	NA	NA	NA	NA
zhouyongquanfu	NA	NA	10000	423404	42.3404	0.00323507	-103527	-104191	NA	NA	NA	NA	NA	NA	NA	NA	NA	NA
zhouyongquanmu	NA	NA	10000	350192	35.0297	0.00300846	-87101.4	-87682	NA	NA	NA	NA	NA	NA	NA	NA	NA	NA
zhukailemu	NA	NA	10000	396007	39.6126	0.00414297	-98281	-99119.1	NA	NA	NA	NA	NA	NA	NA	NA	NA	NA
zhukaile	NA	NA	10000	312177	31.2239	0.00340265	-78070.4	-78721.3	NA	NA	NA	NA	NA	NA	NA	NA	NA	NA
zouyuxuanfu	NA	NA	10000	376878	37.6916	0.00300072	-92779.8	-93935	NA	NA	NA	NA	NA	NA	NA	NA	NA	NA
zouyuxuanmu	NA	NA	10000	367604	36.7678	0.00206577	-90781.5	-91118.6	NA	NA	NA	NA	NA	NA	NA	NA	NA	NA
zouyuxuan	NA	NA	10000	385411	38.545	0.00011829	-94399.1	-180671	NA	NA	NA	NA	NA	NA	NA	NA	NA	NA
zouzihanfu	NA	NA	10000	401030	40.111	7.31129e-05	-91968.5	-194698	NA	NA	NA	NA	NA	NA	NA	NA	NA	NA
zouzihan	NA	NA	10000	396647	39.6726	7.8684e-05	-94740	-125499	NA	NA	NA	NA	NA	NA	NA	NA	NA	NA
