ID,优先纳入,FREEMIX,status,log10_FREEMIX
1000434,FIRST,0.00107859,PASS,-2.967143610531216
1000592,FIRST,0.00024483,PASS,-3.6111353674244056
1000612,FIRST,0.000308796,PASS,-3.5103283339489275
1000753,FIRST,0.000404546,PASS,-3.393032088612095
1000810,FIRST,8.61e-05,PASS,-4.064996848546345
1000907,FIRST,0.000366642,PASS,-3.4357577867184443
1000917,FIRST,0.00180295,PASS,-2.744016317107433
1001070,FIRST,0.000833009,PASS,-3.079350306361253
1001091,FIRST,0.000980419,PASS,-3.0085882809417877
1001099,FIRST,0.00117091,PASS,-2.931476484949406
1001194,FIRST,0.000462054,PASS,-3.335307265717546
1001738,FIRST,0.00119731,PASS,-2.9217933902293947
1001746,FIRST,0.000293709,PASS,-3.5320827453721573
1001969,FIRST,0.00149861,PASS,-2.8243113737462395
1002052,FIRST,0.00100016,PASS,-2.999930518441272
1002259,FIRST,0.000444802,PASS,-3.351833268667431
1002448,FIRST,0.000555548,PASS,-3.255278411548424
1002730,FIRST,0.00132116,PASS,-2.8790445836653427
1002806,FIRST,0.000348492,PASS,-3.4578071871376608
1003028,FIRST,0.000133915,PASS,-3.873170774351915
1006061,FIRST,0.000332528,PASS,-3.4781717797337737
1006189,FIRST,0.00114758,PASS,-2.940217029235142
1006194,FIRST,0.000224829,PASS,-3.648147671182715
1006204,FIRST,0.00216543,PASS,-2.6644558507727885
1006307,FIRST,0.000396375,PASS,-3.401893744964855
1006464,FIRST,0.000363194,PASS,-3.439861334678527
1006683,FIRST,0.000842059,PASS,-3.074657478005406
1006739,FIRST,0.000795854,PASS,-3.0991665965965423
1006749,FIRST,0.0016519,PASS,-2.7820162468235625
1006900,FIRST,0.000706371,PASS,-3.150967138986696
1006999,FIRST,0.000642961,PASS,-3.19181536921959
1007120,FIRST,0.000441801,PASS,-3.3547733054541937
1007170,FIRST,0.000564753,PASS,-3.2481414534045268
1007607,FIRST,0.00387954,PASS,-2.411219765979239
1007633,FIRST,0.000850464,PASS,-3.0703440652756906
1007642,FIRST,0.00041011,PASS,-3.387099640876207
1007647,FIRST,0.00103563,PASS,-2.9847953774668428
1009658,FIRST,0.000493662,PASS,-3.3065703016349732
1009684,FIRST,0.000839511,PASS,-3.0759736089863217
1009700,FIRST,0.00089007,PASS,-3.05057583670535
1009704,FIRST,0.000599667,PASS,-3.22208984996535
1009782,FIRST,0.000426273,PASS,-3.370312174559911
1009784,FIRST,0.000410081,PASS,-3.387130352112932
1009796,FIRST,0.000603886,PASS,-3.2190450386036793
1009802,FIRST,0.000841635,PASS,-3.0748762123647606
1009812,FIRST,0.00193006,PASS,-2.714429189819231
102YWC,FIRST,0.00102889,PASS,-2.9876310537571236
107FJW,FIRST,0.00114279,PASS,-2.9420335685726515
1138837,FIRST,0.000618073,PASS,-3.2089602277835616
1138912,FIRST,0.000474093,PASS,-3.3241364570071696
1139281,FIRST,0.00047749,PASS,-3.3210357193478695
1139354,FIRST,0.000609101,PASS,-3.2153106874890147
1139461,FIRST,0.000228574,PASS,-3.640973171572893
1139606,FIRST,0.000138859,PASS,-3.857425966661532
1139929,FIRST,0.000210824,PASS,-3.6760799509819426
1139962,FIRST,0.00058427,PASS,-3.233386412455677
1140048,FIRST,0.000551173,PASS,-3.258712065117508
1140464,FIRST,0.000257756,PASS,-3.58879121649425
1140557,FIRST,0.00026732,PASS,-3.5729685475483444
1196221,FIRST,0.000138424,PASS,-3.8587886052265445
1196256,FIRST,0.000740339,PASS,-3.130569372002824
1196905,FIRST,0.000188634,PASS,-3.7243800259063895
1197024,FIRST,0.000463021,PASS,-3.3343993114068913
1199393,FIRST,0.000354352,PASS,-3.4505651116917617
1199524,FIRST,6.3e-05,PASS,-4.200659450546418
1199767,FIRST,0.000162806,PASS,-3.7883295938026236
1199840,FIRST,7.3e-05,PASS,-4.136677139879544
119SZX,FIRST,0.00115869,PASS,-2.9360327411698366
1200084,FIRST,0.000175971,PASS,-3.7545588979682796
1200524,FIRST,1.43e-07,PASS,-6.844663962534939
1200618,FIRST,0.000520258,PASS,-3.2837812329248073
1200709,FIRST,0.000723942,PASS,-3.1402962267434043
1200900,FIRST,0.000555929,PASS,-3.25498067042722
1201142,FIRST,0.00287197,PASS,-2.541820100955679
1201536,FIRST,0.000596797,PASS,-3.224173368656568
1201570,FIRST,0.00443921,PASS,-2.352694309877994
1201606,FIRST,0.000407995,PASS,-3.38934515917903
1201631,FIRST,0.000412184,PASS,-3.384908870505799
1206666,FIRST,0.000305884,PASS,-3.514443239241022
1206844,FIRST,0.000337701,PASS,-3.4714676533301234
1206992,FIRST,0.00037766,PASS,-3.422899011198985
1207280,FIRST,0.000751233,PASS,-3.124225342729275
1207299,FIRST,0.000203479,PASS,-3.6914804053809083
1207363,FIRST,0.000491732,PASS,-3.3082715285997795
1207950,FIRST,0.000186649,PASS,-3.72897433252924
1208122,FIRST,0.00151167,PASS,-2.820543005674148
1208475,FIRST,0.000410188,PASS,-3.387017049014004
1208781,FIRST,0.000395701,PASS,-3.4026328522006564
1208821,FIRST,0.000236028,PASS,-3.6270364736223515
1209159,FIRST,0.000555243,PASS,-3.2555169079357897
1209371,FIRST,0.000289438,PASS,-3.5384444514238855
1209411,FIRST,0.000353291,PASS,-3.4518674259677096
1209488,FIRST,0.000197957,PASS,-3.7034291364597807
1209674,FIRST,0.000667214,PASS,-3.1757348495721205
1209861,FIRST,0.000270063,PASS,-3.568534912282524
1210281,FIRST,0.000419095,PASS,-3.377687520472199
1210651,FIRST,0.000239578,PASS,-3.6205530649023983
1211776,FIRST,0.000380426,PASS,-3.4197298091093353
1211839,FIRST,0.00028116,PASS,-3.5510464653554124
1211997,FIRST,0.000425247,PASS,-3.3713587415320694
1212230,FIRST,0.000800535,PASS,-3.096619675644023
1212250,FIRST,0.000357874,PASS,-3.4462698525088395
1GJM,FIRST,0.00087508,PASS,-3.05795224186869
2023072001-1A,FIRST,7.46e-05,PASS,-4.127261172527331
2023072002-1A,FIRST,9.51e-05,PASS,-4.021819483062586
2023072003-1A,FIRST,7.62e-05,PASS,-4.1180450286604
2613,FIRST,0.000550893,PASS,-3.2589327460160193
2BT22060700001,FIRST,9.71e-05,PASS,-4.012780770091995
2BT22060700002,FIRST,3.53e-05,PASS,-4.452225294612178
2BT22060700003,FIRST,0.00013111,PASS,-3.8823641826105058
2BT22060700004,FIRST,7.65e-05,PASS,-4.116338564846382
2BT22060700005,FIRST,0.000155914,PASS,-3.807114886416277
2BT22060700006,FIRST,5.89e-05,PASS,-4.229884705212898
2BT22060700007,FIRST,0.00121358,PASS,-2.915931589407557
2BT22060700008,FIRST,0.00118897,PASS,-2.924829103328177
2BT22060700009,FIRST,0.00145202,PASS,-2.838027401659466
2BT22060700010,FIRST,0.0010067,PASS,-2.997099931388613
2BT22060700011,FIRST,0.00138887,PASS,-2.8573384028763864
2BT22060700012,FIRST,0.00175048,PASS,-2.7568428468751027
2BT22060700013,FIRST,0.00135647,PASS,-2.8675898067520205
2BT22060700014,FIRST,0.000873896,PASS,-3.0585402485024282
2BT22060700015,FIRST,0.00100996,PASS,-2.9956958263394178
2BT22060700016,FIRST,0.00121838,PASS,-2.9142172386616134
2BT22060700017,FIRST,0.00105883,PASS,-2.9751737622612433
2BT22060700018,FIRST,0.00146887,PASS,-2.833016639050417
2BT22060700019,FIRST,0.00159235,PASS,-2.7979614677778506
2BT22060700020,FIRST,0.00218201,PASS,-2.661143263401725
2BT22060700021,FIRST,0.0010331,PASS,-2.9858576384549944
2BT22060700022,FIRST,0.00076765,PASS,-3.1148367457436295
2BT22060700023,FIRST,0.00119237,PASS,-2.9235889593404787
2BT22060700024,FIRST,0.00086357,PASS,-3.063702453253928
2BT22060700025,FIRST,0.00145653,PASS,-2.8366805658249996
2BT22060700026,FIRST,0.000890599,PASS,-3.05031779684765
2BT22060700027,FIRST,0.00105746,PASS,-2.9757360514780538
2BT22060700028,FIRST,0.00114912,PASS,-2.939634616554021
2BT22060700029,FIRST,0.00104989,PASS,-2.9788562008305837
2BT22060700030,FIRST,0.00145634,PASS,-2.8367372219419416
2ZDM,FIRST,0.00062154,PASS,-3.2065309165472398
3hFib,FIRST,0.000569953,PASS,-3.2441609560507305
3LJW,FIRST,0.00118783,PASS,-2.92524571031853
42LDH,FIRST,0.00035722,PASS,-3.447064233863891
43CJQ,FIRST,0.000775846,PASS,-3.11022447460201
45LRH,FIRST,0.00079661,PASS,-3.0987542461095177
4WQ,FIRST,0.000431315,PASS,-3.365205437972875
56PSL,FIRST,0.00141647,PASS,-2.8487926191473756
5C3,FIRST,0.000721608,PASS,-3.1416986606981046
5CJ,FIRST,0.00104953,PASS,-2.9790051429336573
6ZLF,FIRST,0.000803062,PASS,-3.0952509239387074
76YXN,FIRST,0.000431279,PASS,-3.3652416881702045
77HZH,FIRST,0.00061017,PASS,-3.2145491489629396
7JZW,FIRST,0.000383359,PASS,-3.4163943364915976
82WXQ,FIRST,0.00109551,PASS,-2.9603836537719226
96WYQ,FIRST,0.00147235,PASS,-2.8319889393188236
97LYX,FIRST,0.00121573,PASS,-2.915162866288745
99LJF,FIRST,0.00101327,PASS,-2.9942748153642946
A140019A,FIRST,4.72e-05,PASS,-4.3260580013659125
A140135,FIRST,3.87e-08,PASS,-7.412289034981089
A140136,FIRST,0.00014415,PASS,-3.8411853532757734
A140227A,FIRST,0.000264304,PASS,-3.577896264167638
A140228A,FIRST,0.000122237,PASS,-3.9127973173043276
A140417,FIRST,0.000117684,PASS,-3.929282578652344
A140418,FIRST,0.000345861,PASS,-3.461098407166648
A150001A,FIRST,0.00140868,PASS,-2.8511876513320327
A160212,FIRST,0.00063003,PASS,-3.2006387703491854
A160221,FIRST,0.00133714,PASS,-2.873823119256805
A160251,FIRST,0.000547127,PASS,-3.261911852830506
A160252,FIRST,0.000339991,PASS,-3.4685325791403043
A160442A,FIRST,0.000325189,PASS,-3.487864153484177
A160485,FIRST,0.000468172,PASS,-3.329594563747298
A160647B,FIRST,0.000579928,PASS,-3.236625922202071
A160681A,FIRST,0.00243678,PASS,-2.6131836784882045
A160688B,FIRST,0.00678028,PASS,-2.168752371037946
A160781,FIRST,0.000916623,PASS,-3.037809249592036
A180282,FIRST,0.000215523,PASS,-3.666506376361356
A180285,FIRST,0.000260479,PASS,-3.58422728407942
A180287,FIRST,0.000221126,PASS,-3.6553601900641315
A190117A,FIRST,0.00363453,PASS,-2.4395517420549386
A190118A,FIRST,0.000249703,PASS,-3.6025762398848595
A190119A,FIRST,0.000315272,PASS,-3.5013145981879226
A200126,FIRST,0.000947501,PASS,-3.0234203230018397
A200137,FIRST,1.43e-05,PASS,-4.844663962534939
A200256,FIRST,9.22e-05,PASS,-4.035269078946371
A200301,FIRST,3.97e-05,PASS,-4.401209493236885
A200369,FIRST,0.000231027,PASS,-3.636337261381527
A200407,FIRST,0.000160274,PASS,-3.7951369241359276
A200446,FIRST,0.000120036,PASS,-3.920688485147148
A200484,FIRST,0.000260649,PASS,-3.5839439369380557
A200497,FIRST,0.000121219,PASS,-3.9164293030373867
A200501,FIRST,0.00042589,PASS,-3.370702557145799
A200579,FIRST,0.00010693,PASS,-3.9709004331764572
A200608,FIRST,0.000264893,PASS,-3.576929518114777
A200660,FIRST,0.000280515,PASS,-3.5520439107249233
A200668,FIRST,0.000142313,PASS,-3.84675542619548
A210032,FIRST,0.000120712,PASS,-3.918249554469887
A210091,FIRST,0.000219221,PASS,-3.6591178455011826
A210110,FIRST,0.000111505,PASS,-3.952705657963594
A210150,FIRST,5.23e-05,PASS,-4.281498311132726
A210466,FIRST,9.77e-05,PASS,-4.0101054362812265
A210540,FIRST,0.000117214,PASS,-3.9310205132357754
A210585,FIRST,0.000116583,PASS,-3.933364773285898
A220029,FIRST,0.000170643,PASS,-3.7679115223500426
A220039,FIRST,0.000190732,PASS,-3.7195764372238536
A220075,FIRST,0.000113644,PASS,-3.944453488541543
A220153,FIRST,0.000155503,PASS,-3.8082612280462893
A220248,FIRST,0.000144022,PASS,-3.8415711624268325
A220333,FIRST,0.000180045,PASS,-3.744618934845659
A230016,FIRST,0.000285825,PASS,-3.543899787836133
A230058,FIRST,0.000206108,PASS,-3.6859051509261413
A230109,FIRST,0.00024636,PASS,-3.6084298045817835
A230151,FIRST,0.000432477,PASS,-3.3640369842423823
A230238,FIRST,0.000232099,PASS,-3.634326730700556
ADD3hetero5_001,FIRST,0.000114494,PASS,-3.941217271709833
ADD3hetero6_001,FIRST,0.000222393,PASS,-3.652878886645812
ADD3homo7_001,FIRST,0.000741853,PASS,-3.1296821427177064
BA106A,FIRST,8.14e-05,PASS,-4.089375595110798
BA116A,FIRST,0.000104424,PASS,-3.981199674995677
BA116B,FIRST,0.00201187,PASS,-2.696400085299349
BA116C,FIRST,0.00144548,PASS,-2.839987912951973
BA119A,FIRST,3.26e-05,PASS,-4.486782399932061
BA119B,FIRST,4.92e-05,PASS,-4.308034897232639
BA119C,FIRST,6.77e-09,PASS,-8.169411331314855
BA127A,FIRST,0.000266863,PASS,-3.57371163606539
BA13A,FIRST,4.55e-09,PASS,-8.341988603342887
BA13B,FIRST,4.12e-09,PASS,-8.385102783966865
BA13C,FIRST,1.54e-08,PASS,-7.812479279163537
BA141A,FIRST,0.00318964,PASS,-2.496258330998048
BA141B,FIRST,0.00134543,PASS,-2.871138892775411
BA141C,FIRST,0.00125696,PASS,-2.900678542565182
BA176A,FIRST,0.000503552,PASS,-3.2979556747688137
BA18A,FIRST,2.51e-05,PASS,-4.600326278518962
BA18B,FIRST,4.34e-05,PASS,-4.36251027048749
BA18C,FIRST,3.5e-05,PASS,-4.455931955649724
BA297A,FIRST,0.00163517,PASS,-2.7864370893499157
BA297B,FIRST,0.0013132,PASS,-2.8816691259426976
BA297C,FIRST,0.00130666,PASS,-2.8838374034930307
BA298A,FIRST,1.05e-05,PASS,-4.978810700930062
BA298B,FIRST,7.79e-10,PASS,-9.108462542327436
BA298C,FIRST,1.3e-08,PASS,-7.886056647693163
BA304A,FIRST,1.16e-08,PASS,-7.935542010773082
BA304B,FIRST,8.01e-05,PASS,-4.096367483915762
BA304C,FIRST,2.43e-05,PASS,-4.614393726401688
BA3A,FIRST,0.000387194,PASS,-3.4120713811856507
BA428A,FIRST,0.000110028,PASS,-3.9584967812227907
BA428B,FIRST,2.17e-05,PASS,-4.663540266151471
BA428C,FIRST,4.9e-05,PASS,-4.309803919971486
BA436A,FIRST,4.02e-05,PASS,-4.39577394691553
BA436B,FIRST,5.61e-05,PASS,-4.251037138743839
BA436C,FIRST,5.12e-05,PASS,-4.29073003902417
BA45A,FIRST,1.43e-08,PASS,-7.844663962534939
BA45B,FIRST,3.6e-09,PASS,-8.443697499232712
BA45C,FIRST,6.94e-05,PASS,-4.158640529545145
BA52A,FIRST,6.5e-05,PASS,-4.187086643357144
BA52B,FIRST,5.88e-05,PASS,-4.230622673923862
BA52C,FIRST,7.66e-05,PASS,-4.115771230367396
BA593A,FIRST,0.000386077,PASS,-3.4133260700947066
BA593B,FIRST,0.000842143,PASS,-3.0746141569114873
BA593C,FIRST,0.00228356,PASS,-2.641387572922064
BA597A,FIRST,5.78e-05,PASS,-4.2380721615794705
BA597B,FIRST,3.19e-05,PASS,-4.496209316942819
BA597C,FIRST,2.27e-08,PASS,-7.6439741428068775
BA59A,FIRST,1.72e-05,PASS,-4.764471553092451
BA59B,FIRST,3.73e-09,PASS,-8.428291168191313
BA59C,FIRST,2.04e-09,PASS,-8.6903698325741
BA60A,FIRST,9.49e-08,PASS,-7.022733787572707
BA60B,FIRST,4.52e-05,PASS,-4.3448615651886175
BA60C,FIRST,0.000173404,PASS,-3.7609408886482094
BA612A,FIRST,2.36e-05,PASS,-4.627087997029894
BA612B,FIRST,7.84e-10,PASS,-9.105683937315561
BA612C,FIRST,3.51e-05,PASS,-4.454692883534176
BA615A,FIRST,5.01e-10,PASS,-9.300162274132754
BA615B,FIRST,5.46e-09,PASS,-8.262807357295262
BA615C,FIRST,2.06e-05,PASS,-4.686132779630847
BA616A,FIRST,2.23e-05,PASS,-4.651695136951839
BA616B,FIRST,4.22e-05,PASS,-4.374687549038326
BA616C,FIRST,1.74e-09,PASS,-8.7594507517174
BA618A,FIRST,2.46e-12,PASS,-11.60906489289662
BA618B,FIRST,1.93e-05,PASS,-4.714442690992226
BA618C,FIRST,1.1e-05,PASS,-4.958607314841775
BA619A,FIRST,2.57e-08,PASS,-7.590066876668706
BA619B,FIRST,2.4e-10,PASS,-9.619788758288394
BA619C,FIRST,1.63e-08,PASS,-7.787812395596042
BA620A,FIRST,1.98e-08,PASS,-7.703334809738469
BA620B,FIRST,1.78e-05,PASS,-4.749579997691106
BA620C,FIRST,1.72e-05,PASS,-4.764471553092451
BA640A,FIRST,0.00018117,PASS,-3.7419137156720206
BA640B,FIRST,0.00316024,PASS,-2.500279934243074
BA640C,FIRST,0.000417572,PASS,-3.379268630343875
BA644A,FIRST,0.00227239,PASS,-2.643517130569913
BA644B,FIRST,0.000127932,PASS,-3.8930208106020756
BA644C,FIRST,0.000249808,PASS,-3.6023936576343325
BA652A,FIRST,2.87e-08,PASS,-7.542118103266008
BA652B,FIRST,6e-09,PASS,-8.221848749616356
BA652C,FIRST,2.26e-09,PASS,-8.645891560852599
BA653A,FIRST,2.6e-08,PASS,-7.585026652029182
BA653B,FIRST,2.74e-09,PASS,-8.562249437179611
BA653C,FIRST,1.46e-09,PASS,-8.835647144215564
BA654A,FIRST,3.49e-09,PASS,-8.45717457304082
BA654B,FIRST,1.28e-08,PASS,-7.892790030352131
BA654C,FIRST,2.07e-09,PASS,-8.684029654543082
BA657A,FIRST,4.69e-05,PASS,-4.328827157284917
BA657B,FIRST,3.39e-05,PASS,-4.4698003017969175
BA657C,FIRST,7.13e-05,PASS,-4.146910470148135
BA658A,FIRST,2.22e-05,PASS,-4.653647025549361
BA658B,FIRST,1.19e-08,PASS,-7.924453038607469
BA658C,FIRST,1.87e-05,PASS,-4.728158393463501
BA659A,FIRST,2.22e-05,PASS,-4.653647025549361
BA659B,FIRST,6.86e-10,PASS,-9.163675884293248
BA659C,FIRST,9.57e-09,PASS,-8.019088062223156
BA660A,FIRST,1.85e-05,PASS,-4.732828271596986
BA660B,FIRST,2.24e-08,PASS,-7.649751981665837
BA660C,FIRST,9.99e-10,PASS,-9.000434511774017
BA662A,FIRST,8.35e-10,PASS,-9.078313524516398
BA662B,FIRST,1.95e-09,PASS,-8.709965388637482
BA662C,FIRST,1.74e-09,PASS,-8.7594507517174
BA663A,FIRST,1.59e-05,PASS,-4.798602875679548
BA663B,FIRST,9.2e-09,PASS,-8.036212172654444
BA663C,FIRST,4.09e-09,PASS,-8.388276691992658
BA666A,FIRST,1.17e-05,PASS,-4.931814138253839
BA666B,FIRST,1.23e-09,PASS,-8.910094888560602
BA666C,FIRST,1.96e-05,PASS,-4.707743928643524
BA667A,FIRST,2.24e-09,PASS,-8.649751981665837
BA667B,FIRST,3.64e-08,PASS,-7.438898616350944
BA667C,FIRST,2.48e-08,PASS,-7.605548319173784
BA668A,FIRST,2.53e-05,PASS,-4.5968794788241825
BA668B,FIRST,1.48e-05,PASS,-4.8297382846050425
BA668C,FIRST,8.85e-10,PASS,-9.053056729302174
BA669A,FIRST,2.45e-05,PASS,-4.610833915635467
BA669B,FIRST,1.82e-05,PASS,-4.739928612014925
BA669C,FIRST,2.56e-09,PASS,-8.59176003468815
BA671A,FIRST,3.67e-09,PASS,-8.435333935747911
BA671B,FIRST,1.22e-11,PASS,-10.913640169325252
BA671C,FIRST,1.58e-05,PASS,-4.801342913045577
BA673A,FIRST,3.92e-10,PASS,-9.406713932979542
BA673B,FIRST,2.64e-09,PASS,-8.578396073130168
BA673C,FIRST,2.31e-08,PASS,-7.636388020107856
BA674A,FIRST,0.00143517,PASS,-2.8430966524567767
BA674B,FIRST,0.00236378,PASS,-2.626392946247685
BA674C,FIRST,0.000244653,PASS,-3.611449454437223
BA675A,FIRST,8.59e-08,PASS,-7.066006836168758
BA675B,FIRST,6.67e-09,PASS,-8.175874166083451
BA675C,FIRST,0.00475011,PASS,-2.3232963331456884
BA676A,FIRST,6.94e-05,PASS,-4.158640529545145
BA676B,FIRST,3.47e-05,PASS,-4.459670525209126
BA676C,FIRST,2.21e-09,PASS,-8.655607726314889
BA677A,FIRST,3.8e-08,PASS,-7.42021640338319
BA677B,FIRST,6.01e-05,PASS,-4.221125527997261
BA677C,FIRST,2.02e-05,PASS,-4.694648630553377
BA678A,FIRST,5.14e-05,PASS,-4.289036881004725
BA678B,FIRST,0.000133739,PASS,-3.873741928452595
BA678C,FIRST,3.51e-05,PASS,-4.454692883534176
BA679A,FIRST,5.84e-05,PASS,-4.2335871528876
BA679B,FIRST,3.25e-05,PASS,-4.488116639021126
BA679C,FIRST,2.91e-05,PASS,-4.536107011014093
BA680A,FIRST,2.38e-05,PASS,-4.623423042943488
BA680B,FIRST,8.71e-05,PASS,-4.059981844992337
BA680C,FIRST,1.61e-09,PASS,-8.79317412396815
BA681A,FIRST,1.83e-08,PASS,-7.73754891026957
BA681B,FIRST,2.88e-05,PASS,-4.540607512240769
BA681C,FIRST,3.97e-09,PASS,-8.401209493236886
BA684A,FIRST,1.46e-05,PASS,-4.835647144215563
BA684B,FIRST,7.96e-09,PASS,-8.099086932262331
BA684C,FIRST,1.68e-08,PASS,-7.774690718274137
BA685A,FIRST,0.002204,PASS,-2.6567884098202526
BA685B,FIRST,0.00195104,PASS,-2.709733826658174
BA685C,FIRST,0.0016807,PASS,-2.774509799928716
BA687A,FIRST,4.93e-05,PASS,-4.30715308072277
BA687B,FIRST,2.37e-05,PASS,-4.6252516539898965
BA687C,FIRST,7.19e-05,PASS,-4.1432711096171175
BA691A,FIRST,4.35e-05,PASS,-4.361510743045363
BA691B,FIRST,6.06e-05,PASS,-4.217527375833714
BA691C,FIRST,4.94e-05,PASS,-4.306273051076353
BA692A,FIRST,5.76e-05,PASS,-4.239577516576788
BA692B,FIRST,6.1e-09,PASS,-8.214670164989233
BA692C,FIRST,8.22e-05,PASS,-4.0851281824599495
BA694A,FIRST,5.87e-05,PASS,-4.231361898752385
BA694B,FIRST,2.84e-05,PASS,-4.546681659952962
BA694C,FIRST,4.53e-05,PASS,-4.343901797987168
BA696A,FIRST,1.68e-05,PASS,-4.774690718274138
BA696B,FIRST,2.8e-05,PASS,-4.552841968657781
BA696C,FIRST,0.000107796,PASS,-3.96739735427134
BA697A,FIRST,2.2e-05,PASS,-4.657577319177793
BA697B,FIRST,4.91e-08,PASS,-7.308918507877031
BA697C,FIRST,2.94e-05,PASS,-4.531652669587842
BA700A,FIRST,2.65e-05,PASS,-4.576754126063192
BA700B,FIRST,9.05e-09,PASS,-8.043351420794796
BA700C,FIRST,4.77e-05,PASS,-4.321481620959886
BA701A,FIRST,0.00150891,PASS,-2.821336663252256
BA701B,FIRST,0.000535188,PASS,-3.2714936328938373
BA701C,FIRST,0.00140383,PASS,-2.852685480904257
BA704A,FIRST,3.56e-05,PASS,-4.448550002027125
BA704B,FIRST,4.61e-08,PASS,-7.336299074610352
BA704C,FIRST,2.1e-08,PASS,-7.6777807052660805
BA705A,FIRST,0.00122805,PASS,-2.9107839505547597
BA705B,FIRST,0.0020261,PASS,-2.6933391234493698
BA705C,FIRST,0.00164455,PASS,-2.7839529179283677
BA706A,FIRST,7.49e-05,PASS,-4.125518182300533
BA706B,FIRST,2.38e-05,PASS,-4.623423042943488
BA706C,FIRST,5.63e-05,PASS,-4.249491605148654
BA707A,FIRST,2.67e-08,PASS,-7.573488738635425
BA707B,FIRST,1.85e-05,PASS,-4.732828271596986
BA707C,FIRST,2.16e-07,PASS,-6.665546248849069
BA709A,FIRST,4.81e-05,PASS,-4.317854923626168
BA709B,FIRST,9.5e-05,PASS,-4.022276394711152
BA709C,FIRST,3.41e-05,PASS,-4.467245621007502
BA711A,FIRST,0.00129168,PASS,-2.888845064860658
BA711B,FIRST,0.00033107,PASS,-3.4800801711801124
BA711C,FIRST,0.00150408,PASS,-2.822729063588423
BA712A,FIRST,3.35e-05,PASS,-4.474955192963154
BA712B,FIRST,0.00146339,PASS,-2.8346399170214025
BA712C,FIRST,0.000338294,PASS,-3.470705704813259
BA714A,FIRST,0.00148835,PASS,-2.827294928202261
BA714B,FIRST,0.00175767,PASS,-2.755062659769632
BA714C,FIRST,0.00132148,PASS,-2.8789394053323965
BA717A,FIRST,0.00126625,PASS,-2.8974805416316634
BA717B,FIRST,0.00129249,PASS,-2.888572808359064
BA717C,FIRST,0.00110356,PASS,-2.9572040494887055
BA718A,FIRST,0.00224242,PASS,-2.6492830417858975
BA718B,FIRST,0.00130421,PASS,-2.884652474172901
BA718C,FIRST,0.000243241,PASS,-3.6139632198063603
BA719A,FIRST,0.000278676,PASS,-3.5549004317760318
BA719B,FIRST,0.000797688,PASS,-3.0981669411980906
BA719C,FIRST,0.00155985,PASS,-2.806917162738114
BA721A,FIRST,0.000258908,PASS,-3.586854530089741
BA721B,FIRST,0.000227161,PASS,-3.6436662281487915
BA721C,FIRST,0.000173193,PASS,-3.7614696649907744
BA77A,FIRST,2.44e-08,PASS,-7.61261017366127
BA77B,FIRST,1.06e-05,PASS,-4.97469413473523
BA77C,FIRST,1.53e-08,PASS,-7.815308569182402
BASC1C,FIRST,2.39e-10,PASS,-9.621602099051863
B-FS25063001,FIRST,0.000113288,PASS,-3.945816090222995
B-FS25071001,FIRST,0.000110555,PASS,-3.956421611083414
B-FS25071402,FIRST,7.31e-05,PASS,-4.13608262304214
B-FS25072101,FIRST,0.00013166,PASS,-3.88054614924394
B-FS25072303,FIRST,5.95e-05,PASS,-4.22548303427145
B-FS25072501,FIRST,0.000248563,PASS,-3.604563518058589
B-FS25072801,FIRST,0.000104993,PASS,-3.9788396548606637
B-FS25072901,FIRST,8.14e-05,PASS,-4.089375595110798
B-FS25073001,FIRST,0.00014193,PASS,-3.847925797231772
B-FS25080401,FIRST,4.97e-05,PASS,-4.303643611266668
C15,FIRST,0.000471128,PASS,-3.326861084078189
C150C,FIRST,0.000126616,PASS,-3.89751141064844
C153C,FIRST,0.000170559,PASS,-3.768125358946645
C15C,FIRST,8.88e-05,PASS,-4.051587034221399
C20C,FIRST,0.000462456,PASS,-3.334929581554631
C21C,FIRST,0.000803469,PASS,-3.0950308748292708
C227C,FIRST,7.97e-05,PASS,-4.098541678603888
C25C,FIRST,0.000158852,PASS,-3.79900731288911
C26C,FIRST,0.000146204,PASS,-3.8350407453387354
C272C,FIRST,0.000159703,PASS,-3.7966869256197615
C275C,FIRST,0.000103801,PASS,-3.9837984625531684
C276C,FIRST,0.000200612,PASS,-3.6976430923629056
C277C,FIRST,0.000114845,PASS,-3.939887907910648
C278C,FIRST,0.000472634,PASS,-3.325475039620157
C281C,FIRST,6.59e-05,PASS,-4.18111458540599
C29C,FIRST,0.000495778,PASS,-3.3047127488279537
C312C,FIRST,0.000153498,PASS,-3.8138972787836836
C313C,FIRST,7.92e-05,PASS,-4.101274818410507
C316C,FIRST,0.0362631,FAIL,-1.4405350724041457
C31C,FIRST,0.00198201,PASS,-2.702894158663123
C322C,FIRST,0.00041742,PASS,-3.3794267462587064
C330C,FIRST,6.84e-05,PASS,-4.164943898279883
C335C,FIRST,8.96e-05,PASS,-4.047691990337875
C337C,FIRST,9.4e-05,PASS,-4.026872146400302
C338C,FIRST,2.51e-05,PASS,-4.600326278518962
C340C,FIRST,0.000607257,PASS,-3.2166274702752378
C36C,FIRST,0.000158265,PASS,-3.800615117907714
C38C,FIRST,0.000464511,PASS,-3.333003997100402
C39C,FIRST,0.000123795,PASS,-3.907296895834973
C41C,FIRST,0.000163085,PASS,-3.787585982042534
C421C,FIRST,0.000183905,PASS,-3.735406463024618
C42C,FIRST,0.000452418,PASS,-3.344460124469036
C45C,FIRST,0.000178407,PASS,-3.7485881095914406
C463C,FIRST,0.000401483,PASS,-3.3963328393329952
C468C,FIRST,0.000413737,PASS,-3.38327563893698
C46C,FIRST,0.000402683,PASS,-3.395036704542143
C488C,FIRST,0.000347922,PASS,-3.458518108830685
C491C,FIRST,0.000119591,PASS,-3.9223015026001926
C492C,FIRST,0.000383175,PASS,-3.4166028339260364
C493C,FIRST,0.00547233,PASS,-2.2618277210727196
C494C,FIRST,0.00141145,PASS,-2.8503345019369752
C496C,FIRST,0.000231321,PASS,-3.635784938910622
C499C,FIRST,0.000196389,PASS,-3.7068828412592936
C49C,FIRST,0.000413235,PASS,-3.3838029019076594
C500C,FIRST,0.000106234,PASS,-3.973736465841981
C502C,FIRST,0.00019212,PASS,-3.7164274220330755
C507C,FIRST,0.000133641,PASS,-3.8740602833118394
C509C,FIRST,6.01e-05,PASS,-4.221125527997261
C50C,FIRST,0.000244308,PASS,-3.6120623115817425
C512C,FIRST,0.000102639,PASS,-3.988687587893821
C513C,FIRST,6.94e-05,PASS,-4.158640529545145
C514C,FIRST,8.19e-05,PASS,-4.086716098239582
C515C,FIRST,0.000170555,PASS,-3.76813554426843
C517C,FIRST,9.03e-05,PASS,-4.044312249686494
C521C,FIRST,0.000185972,PASS,-3.7305524383674196
C524C,FIRST,0.000276401,PASS,-3.558460390047129
C527C,FIRST,3.51e-05,PASS,-4.454692883534176
C531C,FIRST,8.58e-05,PASS,-4.066512712151295
C533C,FIRST,0.000131636,PASS,-3.8806253230072674
C535C,FIRST,0.000113476,PASS,-3.945095981375875
C53C,FIRST,0.000313929,PASS,-3.5031685633753615
C542C,FIRST,0.0163106,PASS,-1.787530062755168
C568C,FIRST,0.000662259,PASS,-3.1789721309940715
C569C,FIRST,0.000430989,PASS,-3.3655338140626196
C570C,FIRST,8.4e-05,PASS,-4.075720713938118
C571C,FIRST,0.000143105,PASS,-3.8443451919951213
C572C,FIRST,0.000203648,PASS,-3.69111985070555
C573C,FIRST,0.000281567,PASS,-3.55041824639682
C574C,FIRST,0.000205544,PASS,-3.6870951961150755
C575C,FIRST,6.28e-05,PASS,-4.202040356262804
C576C,FIRST,0.000365763,PASS,-3.4368002291727646
C578C,FIRST,0.000119187,PASS,-3.923771111509837
C579C,FIRST,0.00101291,PASS,-2.9944291412535344
C580C,FIRST,0.0231223,FAIL,-1.6359689683645262
C582C,FIRST,0.000133589,PASS,-3.874229301111817
C584C,FIRST,6.08e-05,PASS,-4.216096420727265
C589C,FIRST,0.000205133,PASS,-3.6879644685196866
C598C,FIRST,0.000421368,PASS,-3.3753384491529648
C5C,FIRST,0.000192024,PASS,-3.7166444878788556
C603C,FIRST,6.05e-05,PASS,-4.218244625347531
C605C,FIRST,0.000152609,PASS,-3.816419853438281
C607C,FIRST,0.000280958,PASS,-3.5513585972889947
C608C,FIRST,5.89e-05,PASS,-4.229884705212898
C609C,FIRST,7.4e-05,PASS,-4.130768280269024
C610C,FIRST,6.97e-05,PASS,-4.15676722190199
C611C,FIRST,0.000199329,PASS,-3.700429512018264
C612C,FIRST,0.00011922,PASS,-3.923650882506541
C613C,FIRST,0.000209953,PASS,-3.6778779153859498
C615C,FIRST,6.66e-05,PASS,-4.176525770829699
C616C,FIRST,8.31e-05,PASS,-4.080398976215889
C617C,FIRST,0.000109979,PASS,-3.9586902335217187
C618C,FIRST,0.000173752,PASS,-3.760070187693447
C619C,FIRST,7.65e-05,PASS,-4.116338564846382
C620C,FIRST,0.000146928,PASS,-3.8328954330270784
C623C,FIRST,0.000100205,PASS,-3.9991106076281255
C626C,FIRST,8.39e-05,PASS,-4.0762380391713
C628C,FIRST,9.16e-05,PASS,-4.03810452633215
C631C,FIRST,0.00025232,PASS,-3.5980483240151724
C632C,FIRST,0.000243181,PASS,-3.614070359981132
C633C,FIRST,0.00019096,PASS,-3.7190575940013018
C634C,FIRST,2.32e-05,PASS,-4.634512015109101
C635C,FIRST,0.000216253,PASS,-3.6650378590103925
C636C,FIRST,0.000111357,PASS,-3.953282477634695
C639C,FIRST,0.000217205,PASS,-3.663130181627316
C63C,FIRST,0.00121278,PASS,-2.916217973619391
C640C,FIRST,8.34e-05,PASS,-4.078833949362261
C641C,FIRST,9.04e-05,PASS,-4.043831569524636
C642C,FIRST,7.51e-05,PASS,-4.124360062995832
C644C,FIRST,8.07e-05,PASS,-4.09312646527793
C645C,FIRST,2.08e-11,PASS,-10.681936665037238
C646C,FIRST,0.000341526,PASS,-3.4665762283610495
C647C,FIRST,0.000115135,PASS,-3.9387926346998827
C648C,FIRST,3.63e-05,PASS,-4.440093374963888
C650C,FIRST,6.57e-05,PASS,-4.182434630440219
C651C,FIRST,8.73e-05,PASS,-4.0589857562944305
C653C,FIRST,5.49e-05,PASS,-4.260427655549908
C654C,FIRST,6.9e-05,PASS,-4.161150909262744
C655C,FIRST,9.92e-05,PASS,-4.0034883278458215
C656C,FIRST,0.000188192,PASS,-3.7253988422780564
C657C,FIRST,0.000203947,PASS,-3.6904826786431757
C658C,FIRST,0.00102169,PASS,-2.9906808573443193
C659C,FIRST,0.00121505,PASS,-2.9154058502324984
C661C,FIRST,0.00116871,PASS,-2.932293239928242
C663C,FIRST,0.00121308,PASS,-2.916110557408039
C664C,FIRST,0.00179106,PASS,-2.746889865165794
C665C,FIRST,0.00168885,PASS,-2.7724089218115737
C666C,FIRST,0.00121827,PASS,-2.9142564501963366
C667C,FIRST,0.0721286,FAIL,-1.1418924972869242
C668C,FIRST,0.00123022,PASS,-2.910017216818828
C669C,FIRST,0.166354,FAIL,-0.7789667520116172
C670C,FIRST,0.00135931,PASS,-2.866681488126647
C671C,FIRST,0.00108481,PASS,-2.9646463200433817
C672C,FIRST,0.00105444,PASS,-2.976978127551114
C673C,FIRST,0.00169416,PASS,-2.7710455763927104
C674C,FIRST,0.0018987,PASS,-2.721543649605791
C675C,FIRST,0.00234012,PASS,-2.6307618716490095
C676C,FIRST,0.00519613,PASS,-2.2843199920146393
C677C,FIRST,0.00170892,PASS,-2.7672782675143526
C678C,FIRST,0.158379,FAIL,-0.8003024034834638
C680C,FIRST,0.0028714,PASS,-2.541906303953396
C681C,FIRST,0.001904,PASS,-2.7203330559515444
C682C,FIRST,0.00183827,PASS,-2.735590700295764
C683C,FIRST,0.00207654,PASS,-2.6826596987404936
C684C,FIRST,0.00101206,PASS,-2.9947937395747926
C685C,FIRST,0.00160217,PASS,-2.795291404515904
C687C,FIRST,0.00090569,PASS,-3.0430204274088295
C688C,FIRST,0.00192875,PASS,-2.7147240609287953
C689C,FIRST,0.00147296,PASS,-2.8318090467861197
C68C,FIRST,0.00203601,PASS,-2.691220093263494
C690C,FIRST,0.000520731,PASS,-3.283386567267289
C691C,FIRST,0.00100764,PASS,-2.9966946007665505
C692C,FIRST,0.00167649,PASS,-2.7755990327259283
C694C,FIRST,0.00126361,PASS,-2.8983869458187765
C696C,FIRST,0.00117849,PASS,-2.9286740983015114
C697C,FIRST,0.00253371,PASS,-2.5962430945066903
C698C,FIRST,0.00168802,PASS,-2.7726224120716303
C699C,FIRST,0.00174589,PASS,-2.757983122542208
C69C,FIRST,0.000337065,PASS,-3.472286341207953
C6C,FIRST,0.000903623,PASS,-3.044012723473277
C702C,FIRST,0.00107079,PASS,-2.970295693298607
C704C,FIRST,0.0169057,PASS,-1.7719668420621648
C705C,FIRST,0.0018168,PASS,-2.7406928787883214
C706C,FIRST,0.00114909,PASS,-2.9396459547994014
C708C,FIRST,0.00144697,PASS,-2.8395404730064078
C710C,FIRST,0.00194212,PASS,-2.7117239393467885
C712C,FIRST,0.000857112,PASS,-3.0669624245133913
C713C,FIRST,0.00138035,PASS,-2.8600107804131305
C714C,FIRST,0.00107327,PASS,-2.9692910098518235
C715C,FIRST,0.00112619,PASS,-2.948388333294158
C716C,FIRST,0.0014745,PASS,-2.8313552231121832
C717C,FIRST,0.000858119,PASS,-3.066452482011742
C718C,FIRST,0.00218113,PASS,-2.6613184487724704
C719C,FIRST,0.00136691,PASS,-2.864260079280099
C720C,FIRST,0.00180987,PASS,-2.742352618672391
C721C,FIRST,0.0021985,PASS,-2.657873530044275
C722C,FIRST,0.00189479,PASS,-2.722438915983494
C723C,FIRST,0.00182538,PASS,-2.7386467121806
C724C,FIRST,0.0014967,PASS,-2.824865241341156
C725C,FIRST,0.00578354,PASS,-2.237806256413066
C726C,FIRST,0.00268538,PASS,-2.570994249917502
C727C,FIRST,0.00277805,PASS,-2.5562599419934067
C728C,FIRST,0.00190894,PASS,-2.7192077217259873
C729C,FIRST,0.0038097,PASS,-2.419109222086665
C72C,FIRST,0.000114145,PASS,-3.9425431075637447
C730C,FIRST,0.00351482,PASS,-2.454096911044839
C731C,FIRST,0.00222196,PASS,-2.6532637635480043
C732C,FIRST,0.302548,FAIL,-0.5192057136349898
C733C,FIRST,0.00311195,PASS,-2.5069673894775093
C734C,FIRST,0.00243241,PASS,-2.6139632198063607
C735C,FIRST,0.00283217,PASS,-2.547880681827584
C736C,FIRST,0.0027737,PASS,-2.5569405134827163
C737C,FIRST,0.0027228,PASS,-2.5649842580674393
C738C,FIRST,0.00686836,PASS,-2.163146949691081
C739C,FIRST,0.00464336,PASS,-2.3331676441493396
C73C,FIRST,0.00013237,PASS,-3.8782104311407033
C740C,FIRST,0.00684336,PASS,-2.1647306130212156
C741C,FIRST,0.000134855,PASS,-3.8701329466367236
C742C,FIRST,0.00659458,PASS,-2.1808128588728546
C743C,FIRST,0.00582871,PASS,-2.234427551908695
C745C,FIRST,0.00564678,PASS,-2.248199132158148
C746C,FIRST,0.00488654,PASS,-2.3109985418526193
C748C,FIRST,4.87e-05,PASS,-4.3124710387853655
C749C,FIRST,0.00159786,PASS,-2.7964612750163984
C74C,FIRST,0.000174132,PASS,-3.7591214118442577
C750C,FIRST,0.00127235,PASS,-2.8953934058573143
C751C,FIRST,0.0013473,PASS,-2.870535690217623
C752C,FIRST,0.0015988,PASS,-2.796205860411933
C753C,FIRST,0.000838804,PASS,-3.0763395071840596
C754C,FIRST,0.000950136,PASS,-3.022214226477258
C755C,FIRST,0.00147982,PASS,-2.8297911074164563
C756C,FIRST,0.00140823,PASS,-2.8513264079969733
C757C,FIRST,0.00105817,PASS,-2.975444555239366
C758C,FIRST,0.00280494,PASS,-2.5520764242287144
C759C,FIRST,0.00147101,PASS,-2.8323843749066935
C760C,FIRST,0.00148678,PASS,-2.8277532896183204
C761C,FIRST,0.00155873,PASS,-2.8072291058921417
C764C,FIRST,0.00230321,PASS,-2.6376664625206523
C765C,FIRST,0.00135529,PASS,-2.867967766100186
C766C,FIRST,0.00162888,PASS,-2.788110909096927
C768C,FIRST,0.00144658,PASS,-2.8396575436282863
C769C,FIRST,0.00219064,PASS,-2.6594289865923684
C76C,FIRST,0.000776499,PASS,-3.1098590992332484
C770C,FIRST,0.00253305,PASS,-2.596356237564454
C771C,FIRST,0.0024444,PASS,-2.611827724952211
C772C,FIRST,0.00360462,PASS,-2.443140511971368
C773C,FIRST,0.00249038,PASS,-2.6037343800883566
C776C,FIRST,0.00156433,PASS,-2.805671625917235
C777C,FIRST,0.00328465,PASS,-2.4835109004319986
C779C,FIRST,0.00307612,PASS,-2.511996726633513
C780C,FIRST,0.00224692,PASS,-2.648412390053971
C781C,FIRST,0.00152281,PASS,-2.817354279920082
C782C,FIRST,0.0030869,PASS,-2.5104774392421128
C783C,FIRST,0.00362048,PASS,-2.441233847275704
C784C,FIRST,0.0046289,PASS,-2.3345222013552966
C786C,FIRST,0.010755,PASS,-1.9683895852765185
C787C,FIRST,0.00441987,PASS,-2.3545905042058703
C788C,FIRST,0.00456127,PASS,-2.340914219353117
C789C,FIRST,0.00269783,PASS,-2.568985420263827
C790C,FIRST,0.00288192,PASS,-2.54031807905318
C791C,FIRST,0.00359708,PASS,-2.444049903251215
C792C,FIRST,0.000324998,PASS,-3.488119311610776
C793C,FIRST,0.000111189,PASS,-3.953938175664041
C794C,FIRST,7.89e-05,PASS,-4.102922996790579
C795C,FIRST,0.000105682,PASS,-3.975998976423574
C796C,FIRST,0.000978967,PASS,-3.009231947583434
C82C,FIRST,0.00151638,PASS,-2.819191952250693
C85C,FIRST,0.000219168,PASS,-3.659222855470196
C8C,FIRST,0.000366511,PASS,-3.435912986459112
caikaiqi,FIRST,5.04e-05,PASS,-4.297569463554475
caikaiqifu,FIRST,0.00017383,PASS,-3.759875269831434
caikaiqimu,FIRST,4.96e-05,PASS,-4.304518323509803
caitaiyu,FIRST,0.000869289,PASS,-3.0608358159109166
caitaiyufu,FIRST,0.000340488,PASS,-3.4678981895533054
caitaiyumu,FIRST,0.000400141,PASS,-3.3977869468427295
caomainafu,FIRST,0.000893334,PASS,-3.048986136590635
caowenxinmu,FIRST,8.27e-05,PASS,-4.082494490447453
CC11A,FIRST,0.0008293,PASS,-3.0812883346176787
CC11B,FIRST,0.000858849,PASS,-3.066083185681359
CC11C,FIRST,0.000208029,PASS,-3.681876118584969
CC12A,FIRST,0.000686046,PASS,-3.1636467634821748
CC12B,FIRST,0.000480052,PASS,-3.31871171660382
CC12C,FIRST,0.000424948,PASS,-3.371664210407898
CC153A,FIRST,0.00135731,PASS,-2.867320951224712
CC153B,FIRST,0.00166207,PASS,-2.779350689352422
CC153C,FIRST,0.0020959,PASS,-2.6786294423391848
CC176A,FIRST,0.000208664,PASS,-3.6805524716339226
CC176B,FIRST,0.00185221,PASS,-2.7323097753912013
CC176C,FIRST,0.00231778,PASS,-2.634927788959289
CC224A,FIRST,0.00203801,PASS,-2.6907936893511017
CC224B,FIRST,0.00221551,PASS,-2.6545262853818534
CC224C,FIRST,0.00144121,PASS,-2.841272733137207
CC267A,FIRST,0.00259823,PASS,-2.5853224070314336
CC267B,FIRST,0.00198147,PASS,-2.7030124986177486
CC267C,FIRST,0.00749013,PASS,-2.1255106445444993
CC279A,FIRST,0.00201602,PASS,-2.6955051637708807
CC279B,FIRST,0.00188201,PASS,-2.7253780732927786
CC279C,FIRST,4.18e-05,PASS,-4.3788237182249645
CC280A,FIRST,0.00235328,PASS,-2.6283263961472505
CC280B,FIRST,0.00151765,PASS,-2.8188283737598865
CC280C,FIRST,0.00178105,PASS,-2.7493238882743816
CC283A,FIRST,0.00215772,PASS,-2.666004912917501
CC283B,FIRST,0.00013541,PASS,-3.8683492619104585
CC283C,FIRST,0.00189529,PASS,-2.7223243288284937
CC285A,FIRST,0.00210826,PASS,-2.676075831029547
CC285B,FIRST,0.000303919,PASS,-3.5172421484320027
CC285C,FIRST,0.00283577,PASS,-2.547328996261013
CC288A,FIRST,0.00109621,PASS,-2.9601062404639555
CC288B,FIRST,0.000508247,PASS,-3.2939251761671318
CC288C,FIRST,0.000233279,PASS,-3.6321243550537035
CC289A,FIRST,0.000516396,PASS,-3.2870171304347724
CC289B,FIRST,0.000502135,PASS,-3.299179506215564
CC289C,FIRST,0.000506388,PASS,-3.2955165944510725
CC42A,FIRST,0.00113683,PASS,-2.9443044742585025
CC42B,FIRST,0.00214698,PASS,-2.668172001176278
CC42C,FIRST,0.000832585,PASS,-3.07957141770568
CCAM37A,FIRST,0.000267171,PASS,-3.573210684008939
CCAM37C,FIRST,0.000447324,PASS,-3.349377800266982
CCAM49A,FIRST,0.00201128,PASS,-2.6965274649626276
CCAM49B,FIRST,0.00190812,PASS,-2.7193943163724636
CCAM49C,FIRST,0.00154369,PASS,-2.811439909185934
CCAM51A,FIRST,0.0014805,PASS,-2.829591588274682
CCAM51B,FIRST,0.00145805,PASS,-2.8362275827726626
CCAM51C,FIRST,0.0017226,PASS,-2.7638155571198504
CCAM52A,FIRST,0.0020115,PASS,-2.69647996309272
CCAM52B,FIRST,0.00139033,PASS,-2.856882106098963
CCAM52C,FIRST,0.00178783,PASS,-2.7476737794841526
CCAM53A,FIRST,0.00133609,PASS,-2.8741642864810615
CCAM53B,FIRST,0.0013889,PASS,-2.8573290220893104
CCAM53C,FIRST,0.00151167,PASS,-2.820543005674148
CCAM55A,FIRST,0.00171362,PASS,-2.766085477745325
CCAM55B,FIRST,0.00163643,PASS,-2.786102567358075
CCAM55C,FIRST,0.0016959,PASS,-2.770599759820219
CCMA37B,FIRST,0.00167612,PASS,-2.7756948917485746
CD_BA10A,FIRST,0.000884704,PASS,-3.053202009154446
CD_BA10B,FIRST,0.00106025,PASS,-2.9745917188682527
CD_BA10C,FIRST,0.00165344,PASS,-2.7816115601344324
CD_BA11A,FIRST,4.81e-05,PASS,-4.317854923626168
CD_BA11B,FIRST,0.000394021,PASS,-3.4044806311158524
CD_BA11C,FIRST,0.00121645,PASS,-2.9149057372636693
CD_BA12A,FIRST,0.000143343,PASS,-3.8436235104998557
CD_BA12B,FIRST,0.000297246,PASS,-3.5268839809131936
CD_BA12C,FIRST,0.000144573,PASS,-3.839912806943937
CD_BA13A,FIRST,0.000179666,PASS,-3.745534101018221
CD_BA13B,FIRST,0.000982829,PASS,-3.007522037423782
CD_BA13C,FIRST,0.000269202,PASS,-3.5699217179037173
CD_BA14A,FIRST,2.74e-05,PASS,-4.562249437179612
CD_BA14B,FIRST,4.41e-05,PASS,-4.355561410532162
CD_BA14C,FIRST,0.000535965,PASS,-3.270863570014631
CD_BA15A,FIRST,0.000304428,PASS,-3.5165154054945917
CD_BA15B,FIRST,0.000777464,PASS,-3.1093197115787046
CD_BA15C,FIRST,6.74e-05,PASS,-4.17134010346468
CD_BA16A,FIRST,0.000297017,PASS,-3.527218692787494
CD_BA16B,FIRST,0.000306873,PASS,-3.5130413209746485
CD_BA16C,FIRST,0.000270404,PASS,-3.567986888303335
CD_BA17A,FIRST,0.000101144,PASS,-3.995059875069931
CD_BA17B,FIRST,1.15e-07,PASS,-6.939302159646388
CD_BA17C,FIRST,0.00026363,PASS,-3.5790051703560426
CD_BA1A,FIRST,0.000355651,PASS,-3.4489759658389794
CD_BA1B,FIRST,5.73e-05,PASS,-4.24184537803261
CD_BA1C,FIRST,0.000489737,PASS,-3.310037083466351
CD_BA2A,FIRST,0.000200262,PASS,-3.6984014508859806
CD_BA2B,FIRST,0.000741873,PASS,-3.129670434505222
CD_BA2C,FIRST,0.000118453,PASS,-3.9264539356423827
CD_BA3A,FIRST,0.000505989,PASS,-3.295858924447213
CD_BA3B,FIRST,0.00017315,PASS,-3.7615775041145203
CD_BA3C,FIRST,0.000157822,PASS,-3.80183245732029
CD_BA4A,FIRST,0.000381882,PASS,-3.418070811605487
CD_BA4B,FIRST,0.000254293,PASS,-3.594665594614756
CD_BA4C,FIRST,0.000332575,PASS,-3.4781104002461354
CD_BA5A,FIRST,0.000483584,PASS,-3.315528076766317
CD_BA5B,FIRST,0.000299072,PASS,-3.5242242449917995
CD_BA5C,FIRST,0.000321754,PASS,-3.4924760453027384
CD_BA6A,FIRST,0.000289018,PASS,-3.5390751086024865
CD_BA6B,FIRST,0.000441436,PASS,-3.355132252135364
CD_BA6C,FIRST,0.00113663,PASS,-2.9443808854525453
CD_BA7A,FIRST,0.000128613,PASS,-3.8907151313890953
CD_BA7B,FIRST,0.000434714,PASS,-3.361796373094555
CD_BA7C,FIRST,0.00018012,PASS,-3.7444380617091046
CD_BA8A,FIRST,0.000706966,PASS,-3.1506014721542304
CD_BA8B,FIRST,0.00120639,PASS,-2.9185122714103247
CD_BA8C,FIRST,0.000386946,PASS,-3.4123496384393683
CD_BA9A,FIRST,0.00131602,PASS,-2.8807375105521267
CD_BA9B,FIRST,0.00489249,PASS,-2.3104700533448224
CD_BA9C,FIRST,0.00152266,PASS,-2.81739706095049
chenboan,FIRST,0.00521504,PASS,-2.2827423561324354
chenboanfu,FIRST,0.00249679,PASS,-2.602617983750572
chenhaoranmu,FIRST,0.00317581,PASS,-2.4981454881151754
chenjingjingzhizimu,FIRST,0.000114136,PASS,-3.942577351765751
chenshiji,FIRST,0.000149084,PASS,-3.8265689634187163
chenwenhan,FIRST,0.00246325,PASS,-2.608491508538235
chenwenhanfu,FIRST,0.00207456,PASS,-2.68307400007719
chenyaqi,FIRST,0.0024782,PASS,-2.6058636473581123
chenyaqifu,FIRST,0.00289583,PASS,-2.5382269370290973
chenyicheng,FIRST,0.000515008,PASS,-3.288186024689158
chenyichengfu,FIRST,0.00108742,PASS,-2.9636026836483036
chenyichengmu,FIRST,0.0005047,PASS,-3.296966695266314
chenyixuan,FIRST,9.31e-05,PASS,-4.031050319018657
chenyixuanmu,FIRST,0.00347037,PASS,-2.459624219620676
chenzhaoyangmu,FIRST,7.92e-05,PASS,-4.101274818410507
chenzimofu,FIRST,0.00469526,PASS,-2.328340353677133
chenzimomu,FIRST,0.00423514,PASS,-2.373132228728195
CKN,FIRST,0.000400415,PASS,-3.3974896617241668
CKN-F,FIRST,0.000149397,PASS,-3.825658123380908
cuigutongfu,FIRST,0.00296406,PASS,-2.5281130093954163
cuiyaxuan,FIRST,0.00377315,PASS,-2.4232959292603407
CZSA,FIRST,0.000272787,PASS,-3.5641763303601044
douxuanyifu,FIRST,0.00313457,PASS,-2.5038220272210077
douxuanyimu,FIRST,8.64e-05,PASS,-4.063486257521107
DT2302328760_1,FIRST,0.0016916,PASS,-2.7717023235251372
DT2302328760-1,FIRST,0.00193609,PASS,-2.7130744581872945
DT2302328761_1,FIRST,0.0016814,PASS,-2.774328956918856
DT2302328761-1,FIRST,0.00199019,PASS,-2.7011054602673745
DT2302328762_1,FIRST,0.00155342,PASS,-2.8087111076830142
DT2302328762-1,FIRST,0.00171024,PASS,-2.766942940273397
DT2302328763_1,FIRST,0.00221803,PASS,-2.6540325840902192
DT2302328763-1,FIRST,0.00295541,PASS,-2.52938226152183
DT2302328764_1,FIRST,0.00156305,PASS,-2.806027129225357
DT2302328764-1,FIRST,0.00199206,PASS,-2.700697584950228
DT2302328765_1,FIRST,0.00171719,PASS,-2.765181649284996
DT2302328765-1,FIRST,0.00214587,PASS,-2.6683965917795627
DT2302328770_1,FIRST,0.00151147,PASS,-2.820600468376178
DT2302328770-1,FIRST,0.00172934,PASS,-2.7621196130838546
DT2302328771_1,FIRST,0.00215841,PASS,-2.6658660555637765
DT2302328771-1,FIRST,0.00266604,PASS,-2.5741333389248013
DT2302328772_1,FIRST,0.0036986,PASS,-2.431962634671664
DT2302328772-1,FIRST,0.00426559,PASS,-2.3700208903996534
DT2302328773_1,FIRST,0.00158042,PASS,-2.8012274830182564
DT2302328773-1,FIRST,0.00187194,PASS,-2.727708075515923
DT2302328774_1,FIRST,0.00165591,PASS,-2.78096327115352
DT2302328774-1,FIRST,0.00188843,PASS,-2.7238991088916156
DT2302328775_1,FIRST,0.000283588,PASS,-3.5473121502310163
DT2302328775-1,FIRST,0.000371275,PASS,-3.4303042932397245
DT2302328776-1,FIRST,0.00136145,PASS,-2.8659983037348375
DT2302328777_1,FIRST,0.00265329,PASS,-2.5762152797889883
DT2302328777-1,FIRST,0.00292061,PASS,-2.5345264321247276
DT2302328778_1,FIRST,0.00202382,PASS,-2.6938281165768143
DT2302328778-1,FIRST,0.00253935,PASS,-2.595277435954615
DT2302328779_1,FIRST,0.00104225,PASS,-2.982028096201665
DT2302328779-1,FIRST,0.00158856,PASS,-2.7989963772001905
dujunxiao,FIRST,0.00464364,PASS,-2.3331414564773314
dujunxiaofu,FIRST,0.000160307,PASS,-3.795047513235385
dujunxiaomu,FIRST,0.000128839,PASS,-3.8899526546701613
dupengfei,FIRST,0.00524429,PASS,-2.2803133005980083
dupengfeifu,FIRST,7.19e-05,PASS,-4.1432711096171175
E-1,FIRST,0.000405168,PASS,-3.3923648623547304
E-10,FIRST,0.000408965,PASS,-3.3883138581473857
E-11,FIRST,0.000588302,PASS,-3.230399675176233
E-12,FIRST,0.000255574,PASS,-3.5924833298206416
E-13,FIRST,0.00060752,PASS,-3.216439420204278
E-14,FIRST,0.000308953,PASS,-3.5101075833362128
E-15,FIRST,0.000356959,PASS,-3.4473816637094146
E-16,FIRST,0.000406986,PASS,-3.3904205299082473
E-17,FIRST,0.000299109,PASS,-3.5241705191267156
E-18,FIRST,0.00017447,PASS,-3.7582792389314066
E-19,FIRST,0.000251934,PASS,-3.598713217908957
E-2,FIRST,8.26e-05,PASS,-4.083019952679618
E-20,FIRST,0.000119365,PASS,-3.923122997621664
E-21,FIRST,0.000433209,PASS,-3.3633025294018988
E-22,FIRST,0.000248826,PASS,-3.6041042418808473
E-23,FIRST,0.000386944,PASS,-3.4123518831743147
E-24,FIRST,0.000193886,PASS,-3.7124535490556743
E-25,FIRST,0.000297615,PASS,-3.526345183834962
E-26,FIRST,0.000658766,PASS,-3.181268823578524
E-27,FIRST,0.000299636,PASS,-3.523406009189877
E-28,FIRST,0.000256016,PASS,-3.5917328921312275
E-29,FIRST,0.000360394,PASS,-3.443222447960961
E-3,FIRST,0.000370936,PASS,-3.430701015572331
E-30,FIRST,0.000478998,PASS,-3.3196662999273516
E-31,FIRST,0.00150098,PASS,-2.823625094530551
E-32,FIRST,0.000415229,PASS,-3.3817123225484296
E-33,FIRST,0.00103147,PASS,-2.986543398833753
E-34,FIRST,0.00047397,PASS,-3.324249146188319
E-35,FIRST,0.000169237,PASS,-3.7715046818457862
E-36,FIRST,0.000247522,PASS,-3.606386194492095
E-37,FIRST,0.000311004,PASS,-3.507234025227966
E-38,FIRST,0.000513873,PASS,-3.2891442004877387
E-39,FIRST,0.000102961,PASS,-3.98732724803478
E-4,FIRST,0.000223937,PASS,-3.6498741441687796
E-40,FIRST,0.000279182,PASS,-3.554112585879376
E-41,FIRST,0.000494614,PASS,-3.305733595138698
E-42,FIRST,0.000402996,PASS,-3.3946992644954883
E-43,FIRST,0.000359644,PASS,-3.444127180709024
E-44,FIRST,0.000203638,PASS,-3.6911411769717115
E-45,FIRST,0.00022492,PASS,-3.6479719251626346
E-5,FIRST,0.00019306,PASS,-3.7143076981459124
E-6,FIRST,0.000674255,PASS,-3.171175824312434
E-7,FIRST,0.000753931,PASS,-3.122668399077803
E-8,FIRST,0.000603421,PASS,-3.2193795797668976
E-9,FIRST,0.00035021,PASS,-3.455671457102334
E-S24597809551A,FIRST,6.49e-05,PASS,-4.187755303199631
E-S24807224985A,FIRST,0.000478576,PASS,-3.320049084512622
fangyufu,FIRST,0.000147703,PASS,-3.8306106836304057
FBJA,FIRST,0.000573638,PASS,-3.2413620870409487
G1354,FIRST,0.00029805,PASS,-3.5257108738345035
G1366,FIRST,0.000173153,PASS,-3.7615699795857362
G1367,FIRST,0.00023862,PASS,-3.622293158630376
G1368,FIRST,0.000206607,PASS,-3.684854968344603
G1371,FIRST,0.000314154,PASS,-3.502857406211075
G1406,FIRST,0.000476527,PASS,-3.3219124872212284
G1412,FIRST,0.00103845,PASS,-2.9836144093328825
G1421,FIRST,0.00034357,PASS,-3.463984765106422
G1426,FIRST,0.000269889,PASS,-3.5688148158386435
G1434,FIRST,0.00031647,PASS,-3.499667452951449
G1439,FIRST,0.000242275,PASS,-3.6156913977576894
G1442,FIRST,0.000183101,PASS,-3.737309283807009
G1451,FIRST,0.000427412,PASS,-3.3691532887685267
G1459,FIRST,0.000199207,PASS,-3.7006954048281844
G1463,FIRST,0.000299098,PASS,-3.524186490986963
G1478,FIRST,0.000433822,PASS,-3.362688427802844
G1484,FIRST,0.000467435,PASS,-3.3302787721796117
G1487,FIRST,0.000431027,PASS,-3.365495524308548
G1494,FIRST,0.000264748,PASS,-3.5771673120221568
G1495,FIRST,0.000797307,PASS,-3.0983744229779733
G1496,FIRST,0.000489586,PASS,-3.310171009591413
G1527,FIRST,0.000378595,PASS,-3.4218251259420804
G1550,FIRST,0.000603827,PASS,-3.2190874714903877
G1552,FIRST,0.000738766,PASS,-3.1314931001730053
G1583,FIRST,0.0001736,PASS,-3.760450279159527
G1585,FIRST,0.000223576,PASS,-3.6505748180798148
G1594,FIRST,0.000816943,PASS,-3.0878082441396133
G1598,FIRST,0.000307191,PASS,-3.5125915122980578
G1599,FIRST,0.000350815,PASS,-3.454921845528471
G1603,FIRST,0.000114577,PASS,-3.9409025531852233
G1617,FIRST,0.000408638,PASS,-3.3886612499821873
G1618,FIRST,0.00048336,PASS,-3.315729292070795
G1647,FIRST,9.42e-05,PASS,-4.025949097207123
G1659,FIRST,8.04e-05,PASS,-4.094743951251549
G1664,FIRST,0.000364483,PASS,-3.438322722979385
G1682,FIRST,0.000446102,PASS,-3.350565829690424
G1695,FIRST,0.000575849,PASS,-3.239691383007445
G1710,FIRST,0.000467325,PASS,-3.330380985353538
G1717,FIRST,0.000288537,PASS,-3.5397984880004367
G1720,FIRST,0.000388751,PASS,-3.4103284808103194
G1727,FIRST,0.000140905,PASS,-3.851073595720439
G1734,FIRST,0.000275093,PASS,-3.560520460501089
G1738,FIRST,0.000309979,PASS,-3.5086677271110287
G1740,FIRST,0.000286793,PASS,-3.5424314530686507
G1745,FIRST,0.000405003,PASS,-3.392541759801084
G1746,FIRST,0.000706848,PASS,-3.1506739664837298
G1773,FIRST,0.000151629,PASS,-3.819217729208544
G1801,FIRST,0.0002493,PASS,-3.6032777214962266
G1819,FIRST,0.000488365,PASS,-3.3112554685018054
G1832,FIRST,0.000235333,PASS,-3.628317168816286
G1843,FIRST,0.000753374,PASS,-3.1229893719896302
G1844,FIRST,0.00022759,PASS,-3.6428468241760403
G1845,FIRST,0.000289904,PASS,-3.5377457923513047
G1847,FIRST,0.000696336,PASS,-3.1571811515755424
G1852,FIRST,0.000606755,PASS,-3.2169866361522494
G1860,FIRST,0.000112028,PASS,-3.9506734172787836
G1868,FIRST,0.000710977,PASS,-3.148144448404762
G1879,FIRST,0.000414775,PASS,-3.382187428004422
G1891,FIRST,0.000588569,PASS,-3.2302026159766135
G1911,FIRST,0.00135687,PASS,-2.8674617595526133
G1930,FIRST,0.000588806,PASS,-3.2300277731379237
G1945,FIRST,0.000398372,PASS,-3.399711194025526
G1957,FIRST,0.000298683,PASS,-3.524789495227462
G1971,FIRST,0.41734,FAIL,-0.3795099882891312
G1982,FIRST,0.000625119,PASS,-3.2040373008576277
G2012,FIRST,0.00643219,PASS,-2.1916411354765155
G2027,FIRST,0.000115787,PASS,-3.9363401983391175
G2036,FIRST,0.000176392,PASS,-3.7535211155457024
G2069,FIRST,3.56e-05,PASS,-4.448550002027125
G2095,FIRST,3.58e-05,PASS,-4.446116973356125
G2121,FIRST,0.000808974,PASS,-3.0920654361602637
G2146,FIRST,0.000353814,PASS,-3.451224986569163
G2151,FIRST,0.000715567,PASS,-3.1453496961208294
G2157,FIRST,6.93e-05,PASS,-4.159266765388193
G2181,FIRST,8.23e-05,PASS,-4.08460016478773
G2183,FIRST,0.000755687,PASS,-3.1216580488379697
G2239,FIRST,0.000442091,PASS,-3.3544883262841796
G2285,FIRST,0.000769023,PASS,-3.114060671091014
G2286,FIRST,2.05e-05,PASS,-4.688246138944246
G2350,FIRST,0.000463651,PASS,-3.3338087991959853
G2353,FIRST,0.000105777,PASS,-3.9756087544083694
G2397,FIRST,3.18e-05,PASS,-4.497572880015567
G2411,FIRST,4.81e-05,PASS,-4.317854923626168
G2458,FIRST,4.14e-05,PASS,-4.382999658879101
G2460,FIRST,0.000163427,PASS,-3.786676191485808
G2470,FIRST,0.000531274,PASS,-3.274681437492909
G2513,FIRST,0.000896425,PASS,-3.047486040121528
G2515,FIRST,0.299571,FAIL,-0.5235002308576291
G2526,FIRST,3.87e-05,PASS,-4.412289034981089
G2555,FIRST,7.53e-05,PASS,-4.123205023799299
G2561,FIRST,0.000624061,PASS,-3.2047729573230233
G2562,FIRST,0.000132833,PASS,-3.8766940188119396
G2563,FIRST,0.000161541,PASS,-3.791717232998966
G2569,FIRST,0.000231026,PASS,-3.6363391412285657
G2594,FIRST,0.000184057,PASS,-3.7350476609472074
G2600,FIRST,7.48e-05,PASS,-4.126098402135539
G2601,FIRST,6.8e-05,PASS,-4.167491087293763
G2603,FIRST,0.000222406,PASS,-3.6528535006702754
G2624,FIRST,0.00073729,PASS,-3.132361656472964
G2630,FIRST,0.000613572,PASS,-3.212134467382009
G2697,FIRST,0.000738169,PASS,-3.1318441973029634
G3299,FIRST,0.000105983,PASS,-3.9747637913228635
G3343,FIRST,0.000327192,PASS,-3.4851973235775167
G3393,FIRST,0.00043809,PASS,-3.3584366600708213
gaoqihemu,FIRST,8.22e-05,PASS,-4.0851281824599495
gaoyixiaofu,FIRST,7.78e-05,PASS,-4.1090204030103115
gaoyixiaomu,FIRST,7.67e-05,PASS,-4.115204636051019
gaozixuan,FIRST,0.0015927,PASS,-2.7978660199391805
gaozixuanfu,FIRST,0.00228949,PASS,-2.64026124903705
gaozixuanmu,FIRST,0.00164788,PASS,-2.7830744171749005
GJBA,FIRST,0.000253956,PASS,-3.5952415220119573
GMLA,FIRST,0.000416729,PASS,-3.3801462761164185
hanxinruifu,FIRST,7.97e-05,PASS,-4.098541678603888
hanxinruimu,FIRST,0.000449366,PASS,-3.347399790330296
HC67,FIRST,6.63e-05,PASS,-4.178486471595227
HC92,FIRST,0.000153883,PASS,-3.8128093555680715
HC95,FIRST,9.54e-05,PASS,-4.020451625295905
HC97,FIRST,0.000132214,PASS,-3.8787225554341425
HC99,FIRST,1.21e-05,PASS,-4.91721462968355
HD06C,FIRST,0.000174974,PASS,-3.7570264798589705
HD07C,FIRST,0.00038365,PASS,-3.4160647974632483
HD09A,FIRST,0.000182603,PASS,-3.738492091682645
HD09B,FIRST,0.000299195,PASS,-3.5240456684631702
HD09C,FIRST,0.000157604,PASS,-3.8024327642837568
HD12C_redo,FIRST,0.000123667,PASS,-3.9077461745011215
HD13C,FIRST,0.000140555,PASS,-3.8521537005098603
hexuchunfu,FIRST,0.00331669,PASS,-2.4792951186466206
HG00096,FIRST,1.59e-09,PASS,-8.79860287567955
HG00097,FIRST,3.32e-09,PASS,-8.478861916295964
HG00099,FIRST,1.18e-08,PASS,-7.928117992693875
HG00100,FIRST,3.87e-09,PASS,-8.41228903498109
HG00101,FIRST,7.02e-10,PASS,-9.153662887870194
HG00102,FIRST,3.48e-09,PASS,-8.45842075605342
HG00103,FIRST,2.94e-09,PASS,-8.531652669587842
HG00105,FIRST,1.72e-05,PASS,-4.764471553092451
HG00106,FIRST,2.01e-09,PASS,-8.69680394257951
HG00107,FIRST,1.76e-09,PASS,-8.75448733218585
HG00108,FIRST,1.95e-09,PASS,-8.709965388637482
HG00109,FIRST,2.46e-09,PASS,-8.60906489289662
HG00110,FIRST,8.64e-09,PASS,-8.063486257521106
HG00111,FIRST,1.26e-08,PASS,-7.8996294548824375
HG00112,FIRST,6.31e-10,PASS,-9.199970640755865
HG00113,FIRST,8.46e-09,PASS,-8.072629636960977
HG00114,FIRST,2.73e-09,PASS,-8.563837352959244
HG00115,FIRST,4.13e-09,PASS,-8.384049948343598
HG00116,FIRST,2.52e-09,PASS,-8.598599459218455
HG00117,FIRST,3.59e-09,PASS,-8.44490555142168
HG00118,FIRST,8.74e-10,PASS,-9.058488567365597
HG00119,FIRST,1.82e-09,PASS,-8.739928612014925
HG00120,FIRST,1.18e-09,PASS,-8.928117992693874
HG00121,FIRST,5.88e-09,PASS,-8.230622673923861
HG00122,FIRST,2.23e-09,PASS,-8.65169513695184
HG00123,FIRST,3.92e-09,PASS,-8.406713932979542
HG00125,FIRST,1.09e-09,PASS,-8.962573502059376
HG00126,FIRST,3.85e-09,PASS,-8.414539270491499
HG00127,FIRST,1.69e-05,PASS,-4.772113295386326
HG00128,FIRST,3.2e-09,PASS,-8.494850021680094
HG00129,FIRST,6.05e-10,PASS,-9.21824462534753
HG00130,FIRST,2.88e-09,PASS,-8.540607512240769
HG00131,FIRST,5.25e-09,PASS,-8.279840696594043
HG00132,FIRST,6.08e-09,PASS,-8.216096420727265
HG00133,FIRST,1.41e-05,PASS,-4.85078088734462
HG00136,FIRST,1.7e-09,PASS,-8.769551078621726
HG00137,FIRST,2.72e-09,PASS,-8.5654310959658
HG00138,FIRST,3.68e-09,PASS,-8.434152181326482
HG00139,FIRST,3.96e-09,PASS,-8.402304814074487
HG00140,FIRST,6.84e-09,PASS,-8.164943898279883
HG00141,FIRST,4.68e-09,PASS,-8.329754146925875
HG00142,FIRST,1.49e-09,PASS,-8.826813731587725
HG00143,FIRST,7.36e-10,PASS,-9.1331221856625
HG00145,FIRST,2.45e-09,PASS,-8.610833915635467
HG00146,FIRST,5.32e-09,PASS,-8.274088367704952
HG00148,FIRST,3.97e-09,PASS,-8.401209493236886
HG00149,FIRST,3.12e-09,PASS,-8.505845405981557
HG00150,FIRST,8.64e-10,PASS,-9.063486257521106
HG00151,FIRST,3.46e-09,PASS,-8.460923901207224
HG00154,FIRST,8.88e-09,PASS,-8.051587034221399
HG00155,FIRST,5.88e-09,PASS,-8.230622673923861
HG00157,FIRST,4.27e-09,PASS,-8.369572124974976
HG00158,FIRST,1.57e-09,PASS,-8.804100347590767
HG00159,FIRST,2.6e-09,PASS,-8.585026652029182
HG00160,FIRST,2.55e-09,PASS,-8.593459819566045
HG00171,FIRST,7.45e-10,PASS,-9.127843727251706
HG00173,FIRST,1.68e-09,PASS,-8.774690718274137
HG00174,FIRST,5.55e-10,PASS,-9.255707016877324
HG00176,FIRST,1.06e-09,PASS,-8.97469413473523
HG00177,FIRST,3.15e-09,PASS,-8.5016894462104
HG00178,FIRST,1.51e-08,PASS,-7.82102305270683
HG00179,FIRST,2.06e-09,PASS,-8.686132779630846
HG00180,FIRST,4.49e-09,PASS,-8.347753658996677
HG00181,FIRST,3.82e-09,PASS,-8.41793663708829
HG00182,FIRST,4.81e-09,PASS,-8.317854923626168
HG00183,FIRST,1.64e-09,PASS,-8.785156151952302
HG00185,FIRST,2.77e-09,PASS,-8.557520230935552
HG00186,FIRST,1.7e-09,PASS,-8.769551078621726
HG00187,FIRST,2.32e-09,PASS,-8.6345120151091
HG00188,FIRST,1.66e-05,PASS,-4.779891911959945
HG00189,FIRST,3.01e-09,PASS,-8.521433504406156
HG00190,FIRST,1.62e-09,PASS,-8.790484985457368
HG00231,FIRST,9.5e-09,PASS,-8.022276394711152
HG00232,FIRST,6.69e-09,PASS,-8.174573882232178
HG00233,FIRST,5.28e-09,PASS,-8.277366077466187
HG00234,FIRST,1.84e-08,PASS,-7.735182176990463
HG00235,FIRST,2.63e-09,PASS,-8.580044251510243
HG00236,FIRST,3e-09,PASS,-8.522878745280337
HG00237,FIRST,9.82e-09,PASS,-8.00788851221305
HG00238,FIRST,1.02e-08,PASS,-7.991399828238082
HG00239,FIRST,3.52e-09,PASS,-8.453457336521868
HG00240,FIRST,0.00021119,PASS,-3.6753266498107546
HG00242,FIRST,2.26e-09,PASS,-8.645891560852599
HG00243,FIRST,7.72e-09,PASS,-8.112382699664265
HG00244,FIRST,2.02e-05,PASS,-4.694648630553377
HG00245,FIRST,1.32e-09,PASS,-8.87942606879415
HG00246,FIRST,3.36e-09,PASS,-8.473660722610155
HG00250,FIRST,4.13e-09,PASS,-8.384049948343598
HG00251,FIRST,7.3e-10,PASS,-9.136677139879545
HG00252,FIRST,5.78e-09,PASS,-8.23807216157947
HG00253,FIRST,1.13e-08,PASS,-7.94692155651658
HG00254,FIRST,2.19e-05,PASS,-4.6595558851598815
HG00255,FIRST,7.24e-09,PASS,-8.140261433802854
HG00256,FIRST,1.35e-09,PASS,-8.869666231504993
HG00257,FIRST,4.82e-09,PASS,-8.31695296176115
HG00258,FIRST,1.77e-09,PASS,-8.752026733638193
HG00259,FIRST,3.59e-09,PASS,-8.44490555142168
HG00260,FIRST,5.89e-09,PASS,-8.229884705212898
HG00261,FIRST,1.41e-08,PASS,-7.85078088734462
HG00262,FIRST,1.94e-09,PASS,-8.712198270069774
HG00263,FIRST,2.02e-09,PASS,-8.694648630553376
HG00264,FIRST,1.1e-09,PASS,-8.958607314841775
HG00265,FIRST,1.97e-09,PASS,-8.705533773838408
HG00266,FIRST,1.2e-05,PASS,-4.920818753952375
HG00267,FIRST,3.67e-09,PASS,-8.435333935747911
HG00268,FIRST,8.24e-09,PASS,-8.084072788302885
HG00269,FIRST,4.4e-09,PASS,-8.356547323513812
HG00271,FIRST,4.26e-09,PASS,-8.370590400897282
HG00272,FIRST,1.53e-05,PASS,-4.815308569182402
HG00273,FIRST,2.18e-09,PASS,-8.661543506395395
HG00274,FIRST,1.52e-09,PASS,-8.818156412055227
HG00275,FIRST,5.53e-09,PASS,-8.257274868695301
HG00276,FIRST,5.23e-09,PASS,-8.281498311132726
HG00277,FIRST,4.39e-09,PASS,-8.357535479757878
HG00278,FIRST,2.34e-09,PASS,-8.630784142589857
HG00280,FIRST,4.68e-09,PASS,-8.329754146925875
HG00281,FIRST,1.37e-09,PASS,-8.863279432843592
HG00282,FIRST,1.66e-05,PASS,-4.779891911959945
HG00284,FIRST,2.78e-09,PASS,-8.555955204081924
HG00285,FIRST,4.05e-09,PASS,-8.39254497678533
HG00288,FIRST,1.61e-09,PASS,-8.79317412396815
HG00290,FIRST,1.33e-09,PASS,-8.876148359032914
HG00304,FIRST,4.19e-09,PASS,-8.377785977033705
HG00306,FIRST,1.97e-09,PASS,-8.705533773838408
HG00308,FIRST,1.53e-09,PASS,-8.8153085691824
HG00309,FIRST,2.48e-09,PASS,-8.605548319173783
HG00310,FIRST,1.62e-09,PASS,-8.790484985457368
HG00311,FIRST,1.77e-05,PASS,-4.752026733638194
HG00313,FIRST,4.68e-10,PASS,-9.329754146925875
HG00315,FIRST,1.14e-09,PASS,-8.943095148663527
HG00318,FIRST,1.73e-09,PASS,-8.761953896871205
HG00319,FIRST,2.11e-09,PASS,-8.675717544702307
HG00320,FIRST,1.24e-09,PASS,-8.906578314837764
HG00321,FIRST,2.46e-09,PASS,-8.60906489289662
HG00323,FIRST,1.75e-05,PASS,-4.756961951313706
HG00324,FIRST,6.57e-10,PASS,-9.18243463044022
HG00325,FIRST,6.21e-09,PASS,-8.20690839982342
HG00326,FIRST,2.57e-09,PASS,-8.590066876668706
HG00327,FIRST,1.51e-09,PASS,-8.821023052706831
HG00328,FIRST,1.02e-09,PASS,-8.991399828238082
HG00329,FIRST,1.17e-09,PASS,-8.931814138253838
HG00330,FIRST,1.56e-05,PASS,-4.806875401645538
HG00331,FIRST,7.45e-09,PASS,-8.127843727251706
HG00332,FIRST,2.83e-09,PASS,-8.54821356447571
HG00334,FIRST,5.06e-09,PASS,-8.2958494831602
HG00335,FIRST,3.08e-09,PASS,-8.511449283499555
HG00336,FIRST,1.22e-05,PASS,-4.913640169325252
HG00337,FIRST,2.31e-08,PASS,-7.636388020107856
HG00338,FIRST,6.44e-10,PASS,-9.191114132640188
HG00339,FIRST,1.18e-09,PASS,-8.928117992693874
HG00341,FIRST,2.12e-09,PASS,-8.67366413907125
HG00342,FIRST,6.49e-09,PASS,-8.18775530319963
HG00343,FIRST,1.56e-09,PASS,-8.806875401645538
HG00344,FIRST,9.03e-10,PASS,-9.044312249686493
HG00345,FIRST,3.82e-09,PASS,-8.41793663708829
HG00346,FIRST,3.04e-09,PASS,-8.517126416391246
HG00349,FIRST,5.16e-09,PASS,-8.287350298372788
HG00350,FIRST,1.38e-09,PASS,-8.860120913598763
HG00351,FIRST,2.13e-09,PASS,-8.671620396561263
HG00353,FIRST,1.16e-05,PASS,-4.935542010773082
HG00355,FIRST,5.13e-09,PASS,-8.289882634888183
HG00356,FIRST,1.51e-08,PASS,-7.82102305270683
HG00357,FIRST,5.15e-09,PASS,-8.288192770958808
HG00358,FIRST,2.66e-09,PASS,-8.575118363368933
HG00360,FIRST,8.59e-10,PASS,-9.066006836168757
HG00361,FIRST,8.19e-10,PASS,-9.086716098239581
HG00362,FIRST,2.92e-09,PASS,-8.534617148551582
HG00364,FIRST,1.99e-09,PASS,-8.701146923590294
HG00365,FIRST,1.33e-05,PASS,-4.876148359032914
HG00366,FIRST,2.65e-09,PASS,-8.576754126063193
HG00367,FIRST,2.44e-09,PASS,-8.61261017366127
HG00368,FIRST,5.57e-09,PASS,-8.254144804826272
HG00369,FIRST,2.24e-09,PASS,-8.649751981665837
HG00371,FIRST,2.47e-09,PASS,-8.607303046740334
HG00372,FIRST,1.68e-08,PASS,-7.774690718274137
HG00373,FIRST,2.85e-09,PASS,-8.54515513999149
HG00375,FIRST,1.74e-08,PASS,-7.7594507517174005
HG00376,FIRST,2.57e-09,PASS,-8.590066876668706
HG00378,FIRST,3.34e-09,PASS,-8.476253533188435
HG00379,FIRST,3.84e-09,PASS,-8.415668775632469
HG00380,FIRST,1.16e-09,PASS,-8.935542010773082
HG00381,FIRST,2.71e-09,PASS,-8.567030709125595
HG00382,FIRST,1.7e-09,PASS,-8.769551078621726
HG00383,FIRST,3.93e-09,PASS,-8.405607449624574
HG00384,FIRST,0.00275066,PASS,-2.560563087999761
HG00403,FIRST,6.03e-09,PASS,-8.219682687859848
HG00404,FIRST,1.57e-09,PASS,-8.804100347590767
HG00406,FIRST,1.16e-09,PASS,-8.935542010773082
HG00407,FIRST,2.08e-09,PASS,-8.681936665037238
HG00409,FIRST,8.32e-09,PASS,-8.079876673709276
HG00410,FIRST,6.06e-09,PASS,-8.217527375833713
HG00419,FIRST,1.03e-08,PASS,-7.987162775294828
HG00421,FIRST,9.8e-09,PASS,-8.008773924307505
HG00422,FIRST,7.01e-09,PASS,-8.154281982033341
HG00428,FIRST,1.03e-08,PASS,-7.987162775294828
HG00436,FIRST,1.06e-08,PASS,-7.97469413473523
HG00437,FIRST,2.6e-09,PASS,-8.585026652029182
HG00442,FIRST,2.46e-11,PASS,-10.60906489289662
HG00443,FIRST,2.86e-10,PASS,-9.543633966870956
HG00445,FIRST,3.41e-08,PASS,-7.467245621007502
HG00446,FIRST,4.38e-09,PASS,-8.358525889495901
HG00448,FIRST,5.32e-09,PASS,-8.274088367704952
HG00449,FIRST,2.69e-08,PASS,-7.570247719997592
HG00451,FIRST,3.87e-05,PASS,-4.412289034981089
HG00452,FIRST,9.11e-10,PASS,-9.040481623027002
HG00457,FIRST,1.45e-05,PASS,-4.838631997765025
HG00458,FIRST,1.83e-05,PASS,-4.73754891026957
HG00463,FIRST,1.04e-05,PASS,-4.982966660701219
HG00464,FIRST,1.18e-09,PASS,-8.928117992693874
HG00472,FIRST,1.09e-09,PASS,-8.962573502059376
HG00473,FIRST,1.85e-09,PASS,-8.732828271596986
HG00475,FIRST,2.87e-09,PASS,-8.542118103266008
HG00476,FIRST,1.82e-08,PASS,-7.739928612014925
HG00478,FIRST,1.63e-08,PASS,-7.787812395596042
HG00479,FIRST,6.93e-10,PASS,-9.159266765388193
HG00500,FIRST,1.71e-09,PASS,-8.767003889607846
HG00513,FIRST,1.7e-08,PASS,-7.769551078621726
HG00524,FIRST,3.37e-09,PASS,-8.47237009912866
HG00525,FIRST,1.3e-09,PASS,-8.886056647693163
HG00530,FIRST,1.66e-09,PASS,-8.779891911959945
HG00531,FIRST,4.3e-10,PASS,-9.366531544420413
HG00533,FIRST,3.25e-08,PASS,-7.488116639021126
HG00534,FIRST,9.4e-10,PASS,-9.0268721464003
HG00536,FIRST,3.18e-09,PASS,-8.497572880015568
HG00537,FIRST,1.68e-08,PASS,-7.774690718274137
HG00542,FIRST,1.55e-08,PASS,-7.809668301829708
HG00543,FIRST,7.2e-09,PASS,-8.142667503568731
HG00551,FIRST,1.75e-09,PASS,-8.756961951313706
HG00553,FIRST,3.41e-09,PASS,-8.467245621007502
HG00554,FIRST,1.02e-09,PASS,-8.991399828238082
HG00556,FIRST,2.24e-08,PASS,-7.649751981665837
HG00557,FIRST,2.26e-08,PASS,-7.645891560852599
HG00559,FIRST,1.5e-09,PASS,-8.823908740944319
HG00560,FIRST,1.06e-09,PASS,-8.97469413473523
HG00565,FIRST,1.15e-08,PASS,-7.939302159646388
HG00566,FIRST,2.12e-08,PASS,-7.673664139071248
HG00580,FIRST,1.96e-09,PASS,-8.707743928643524
HG00581,FIRST,1.66e-09,PASS,-8.779891911959945
HG00583,FIRST,1.99e-08,PASS,-7.701146923590294
HG00584,FIRST,3.12e-08,PASS,-7.505845405981558
HG00589,FIRST,2.67e-08,PASS,-7.573488738635425
HG00590,FIRST,1.28e-08,PASS,-7.892790030352131
HG00592,FIRST,1.21e-08,PASS,-7.91721462968355
HG00593,FIRST,2.13e-08,PASS,-7.671620396561262
HG00595,FIRST,2.49e-08,PASS,-7.603800652904264
HG00596,FIRST,1.74e-05,PASS,-4.7594507517174005
HG00598,FIRST,1.52e-08,PASS,-7.818156412055227
HG00599,FIRST,2.41e-10,PASS,-9.61798295742513
HG00607,FIRST,6.57e-10,PASS,-9.18243463044022
HG00608,FIRST,3.79e-08,PASS,-7.421360790031928
HG00610,FIRST,3.81e-09,PASS,-8.41907502432438
HG00611,FIRST,3.37e-09,PASS,-8.47237009912866
HG00613,FIRST,6.24e-09,PASS,-8.204815410317575
HG00614,FIRST,1.34e-09,PASS,-8.872895201635192
HG00619,FIRST,4.96e-09,PASS,-8.304518323509802
HG00620,FIRST,8.3e-11,PASS,-10.080921907623926
HG00622,FIRST,4.82e-09,PASS,-8.31695296176115
HG00623,FIRST,2.09e-08,PASS,-7.679853713888946
HG00625,FIRST,1.15e-09,PASS,-8.939302159646388
HG00626,FIRST,4.79e-09,PASS,-8.319664486585436
HG00628,FIRST,4.19e-08,PASS,-7.377785977033705
HG00629,FIRST,2.36e-09,PASS,-8.627087997029893
HG00631,FIRST,1.73e-09,PASS,-8.761953896871205
HG00632,FIRST,2.43e-05,PASS,-4.614393726401688
HG00634,FIRST,1.25e-05,PASS,-4.903089986991944
HG00637,FIRST,1.41e-09,PASS,-8.85078088734462
HG00638,FIRST,9.6e-09,PASS,-8.017728766960431
HG00640,FIRST,9.9e-09,PASS,-8.00436480540245
HG00641,FIRST,3.49e-09,PASS,-8.45717457304082
HG00650,FIRST,1.18e-08,PASS,-7.928117992693875
HG00651,FIRST,1.78e-08,PASS,-7.749579997691106
HG00653,FIRST,1.86e-08,PASS,-7.730487055782084
HG00654,FIRST,4.16e-10,PASS,-9.380906669373257
HG00656,FIRST,1.03e-09,PASS,-8.987162775294827
HG00657,FIRST,1.15e-08,PASS,-7.939302159646388
HG00662,FIRST,3.75e-08,PASS,-7.425968732272281
HG00663,FIRST,2.05e-09,PASS,-8.688246138944246
HG00671,FIRST,1.98e-09,PASS,-8.703334809738468
HG00672,FIRST,3.21e-09,PASS,-8.493494967595128
HG00674,FIRST,4.58e-09,PASS,-8.339134521996131
HG00675,FIRST,7.22e-09,PASS,-8.141462802430361
HG00683,FIRST,1.51e-08,PASS,-7.82102305270683
HG00684,FIRST,1.55e-08,PASS,-7.809668301829708
HG00689,FIRST,1.14e-08,PASS,-7.943095148663527
HG00690,FIRST,8.89e-09,PASS,-8.051098239029786
HG00692,FIRST,7.67e-09,PASS,-8.115204636051018
HG00693,FIRST,1.37e-08,PASS,-7.863279432843593
HG00698,FIRST,1.24e-08,PASS,-7.906578314837765
HG00699,FIRST,6.53e-09,PASS,-8.185086818724926
HG00701,FIRST,6.3e-09,PASS,-8.200659450546418
HG00704,FIRST,1.12e-09,PASS,-8.950781977329818
HG00705,FIRST,9.16e-09,PASS,-8.03810452633215
HG00707,FIRST,1.32e-08,PASS,-7.87942606879415
HG00708,FIRST,1.31e-08,PASS,-7.882728704344236
HG00717,FIRST,1.99e-09,PASS,-8.701146923590294
HG00728,FIRST,8.5e-09,PASS,-8.070581074285707
HG00729,FIRST,2.97e-08,PASS,-7.527243550682788
HG00731,FIRST,3.02e-09,PASS,-8.51999305704285
HG00732,FIRST,4.45e-09,PASS,-8.351639989019068
HG00734,FIRST,1.83e-09,PASS,-8.73754891026957
HG00736,FIRST,2.54e-09,PASS,-8.595166283380062
HG00737,FIRST,1.43e-09,PASS,-8.844663962534938
HG00739,FIRST,6.67e-09,PASS,-8.175874166083451
HG00740,FIRST,9.51e-10,PASS,-9.021819483062586
HG00742,FIRST,4.23e-09,PASS,-8.373659632624957
HG00743,FIRST,2.87e-09,PASS,-8.542118103266008
HG00759,FIRST,2.62e-08,PASS,-7.581698708680254
HG00766,FIRST,2.4e-09,PASS,-8.619788758288394
HG00844,FIRST,4.22e-08,PASS,-7.374687549038327
HG00851,FIRST,0.0109858,PASS,-1.959168311712532
HG00864,FIRST,2.68e-09,PASS,-8.57186520597121
HG00867,FIRST,4.22e-10,PASS,-9.374687549038326
HG00879,FIRST,1.5e-08,PASS,-7.823908740944319
HG00881,FIRST,5.31e-09,PASS,-8.27490547891853
HG00956,FIRST,2.57e-08,PASS,-7.590066876668706
HG00978,FIRST,0.000180962,PASS,-3.74241261255034
HG00982,FIRST,0.00189314,PASS,-2.7228172682447354
HG01028,FIRST,2.51e-08,PASS,-7.600326278518962
HG01029,FIRST,7.09e-10,PASS,-9.149353764816933
HG01031,FIRST,2.49e-09,PASS,-8.603800652904264
HG01046,FIRST,6.71e-09,PASS,-8.173277479831007
HG01047,FIRST,1.96e-09,PASS,-8.707743928643524
HG01048,FIRST,7.41e-09,PASS,-8.130181792020672
HG01049,FIRST,1.4e-09,PASS,-8.853871964321762
HG01051,FIRST,1.77e-09,PASS,-8.752026733638193
HG01052,FIRST,3.04e-09,PASS,-8.517126416391246
HG01054,FIRST,6.3e-10,PASS,-9.200659450546418
HG01055,FIRST,8.84e-10,PASS,-9.053547734986926
HG01058,FIRST,3.47e-09,PASS,-8.459670525209127
HG01060,FIRST,4.42e-09,PASS,-8.354577730650908
HG01061,FIRST,0.00223153,PASS,-2.651397270263345
HG01063,FIRST,1.53e-09,PASS,-8.8153085691824
HG01064,FIRST,1.94e-09,PASS,-8.712198270069774
HG01066,FIRST,2.44e-10,PASS,-9.61261017366127
HG01067,FIRST,1.84e-05,PASS,-4.735182176990463
HG01069,FIRST,8.79e-10,PASS,-9.056011124926227
HG01070,FIRST,9.62e-09,PASS,-8.016824927962187
HG01072,FIRST,1.13e-08,PASS,-7.94692155651658
HG01073,FIRST,9.21e-10,PASS,-9.03574036980315
HG01075,FIRST,2.95e-09,PASS,-8.530177984021837
HG01077,FIRST,4.11e-10,PASS,-9.386158178123932
HG01079,FIRST,3.68e-09,PASS,-8.434152181326482
HG01080,FIRST,4.74e-10,PASS,-9.324221658325914
HG01082,FIRST,1.51e-09,PASS,-8.821023052706831
HG01083,FIRST,6.05e-09,PASS,-8.21824462534753
HG01085,FIRST,1.59e-05,PASS,-4.798602875679548
HG01086,FIRST,9.36e-10,PASS,-9.028724151261894
HG01088,FIRST,5.08e-09,PASS,-8.29413628771608
HG01089,FIRST,3.86e-10,PASS,-9.413412695328246
HG01092,FIRST,5.27e-09,PASS,-8.278189384787453
HG01094,FIRST,3.67e-09,PASS,-8.435333935747911
HG01095,FIRST,2.26e-09,PASS,-8.645891560852599
HG01097,FIRST,1.23e-09,PASS,-8.910094888560602
HG01098,FIRST,6.18e-09,PASS,-8.209011524911185
HG01101,FIRST,1e-09,PASS,-9.0
HG01102,FIRST,1.82e-05,PASS,-4.739928612014925
HG01104,FIRST,7.42e-10,PASS,-9.129596094720974
HG01105,FIRST,2.39e-09,PASS,-8.621602099051863
HG01107,FIRST,1.82e-05,PASS,-4.739928612014925
HG01108,FIRST,4.28e-09,PASS,-8.368556230986828
HG01110,FIRST,3.86e-09,PASS,-8.413412695328246
HG01111,FIRST,8.09e-09,PASS,-8.092051478387727
HG01112,FIRST,1.82e-09,PASS,-8.739928612014925
HG01113,FIRST,9.89e-09,PASS,-8.00480370840282
HG01119,FIRST,1.1e-09,PASS,-8.958607314841775
HG01121,FIRST,2.09e-09,PASS,-8.679853713888946
HG01122,FIRST,3.04e-09,PASS,-8.517126416391246
HG01124,FIRST,8.17e-09,PASS,-8.087777943467584
HG01125,FIRST,1.14e-08,PASS,-7.943095148663527
HG01130,FIRST,2.11e-09,PASS,-8.675717544702307
HG01131,FIRST,2.18e-09,PASS,-8.661543506395395
HG01133,FIRST,2.09e-09,PASS,-8.679853713888946
HG01134,FIRST,5.55e-10,PASS,-9.255707016877324
HG01136,FIRST,1.26e-09,PASS,-8.899629454882437
HG01137,FIRST,2.03e-09,PASS,-8.692503962086787
HG01139,FIRST,2.29e-05,PASS,-4.640164517660112
HG01140,FIRST,7.15e-09,PASS,-8.145693958198919
HG01142,FIRST,0.000438084,PASS,-3.358442608128836
HG01148,FIRST,2.18e-09,PASS,-8.661543506395395
HG01149,FIRST,5.33e-09,PASS,-8.273272790973428
HG01161,FIRST,2.2e-09,PASS,-8.657577319177793
HG01162,FIRST,2.45e-09,PASS,-8.610833915635467
HG01164,FIRST,9.07e-09,PASS,-8.042392712939904
HG01167,FIRST,4.11e-09,PASS,-8.386158178123932
HG01168,FIRST,7.51e-09,PASS,-8.124360062995832
HG01170,FIRST,3.76e-09,PASS,-8.424812155072338
HG01171,FIRST,6.7e-09,PASS,-8.173925197299173
HG01173,FIRST,1.49e-09,PASS,-8.826813731587725
HG01174,FIRST,4.85e-09,PASS,-8.314258261397736
HG01176,FIRST,6.75e-10,PASS,-9.170696227168975
HG01177,FIRST,4.09e-09,PASS,-8.388276691992658
HG01182,FIRST,2.98e-09,PASS,-8.525783735923746
HG01183,FIRST,2.32e-05,PASS,-4.634512015109101
HG01187,FIRST,9.7e-09,PASS,-8.013228265733755
HG01188,FIRST,3.66e-09,PASS,-8.436518914605589
HG01190,FIRST,2.48e-09,PASS,-8.605548319173783
HG01191,FIRST,1.91e-05,PASS,-4.718966632752273
HG01197,FIRST,3.15e-09,PASS,-8.5016894462104
HG01198,FIRST,2.6e-09,PASS,-8.585026652029182
HG01200,FIRST,5.45e-10,PASS,-9.263603497723357
HG01204,FIRST,7.27e-10,PASS,-9.138465589140962
HG01205,FIRST,1.96e-10,PASS,-9.707743928643524
HG01241,FIRST,2.57e-09,PASS,-8.590066876668706
HG01242,FIRST,4.61e-09,PASS,-8.336299074610352
HG01247,FIRST,1.44e-09,PASS,-8.84163750790475
HG01248,FIRST,1.41e-09,PASS,-8.85078088734462
HG01250,FIRST,9.97e-09,PASS,-8.001304841688345
HG01251,FIRST,1.97e-05,PASS,-4.705533773838407
HG01253,FIRST,1.26e-09,PASS,-8.899629454882437
HG01254,FIRST,6.42e-10,PASS,-9.192464971931146
HG01256,FIRST,2.44e-09,PASS,-8.61261017366127
HG01257,FIRST,7.72e-10,PASS,-9.112382699664265
HG01259,FIRST,2.13e-09,PASS,-8.671620396561263
HG01260,FIRST,2.12e-10,PASS,-9.67366413907125
HG01269,FIRST,1.81e-09,PASS,-8.742321425130816
HG01271,FIRST,1.8e-09,PASS,-8.744727494896694
HG01272,FIRST,6.09e-10,PASS,-9.215382707367125
HG01275,FIRST,1.65e-05,PASS,-4.782516055786093
HG01277,FIRST,8.45e-10,PASS,-9.073143291050307
HG01280,FIRST,2.41e-10,PASS,-9.61798295742513
HG01281,FIRST,2.41e-09,PASS,-8.61798295742513
HG01284,FIRST,5.74e-09,PASS,-8.241088107602026
HG01286,FIRST,3.56e-09,PASS,-8.448550002027124
HG01302,FIRST,1.43e-09,PASS,-8.844663962534938
HG01303,FIRST,2.55e-09,PASS,-8.593459819566045
HG01305,FIRST,9e-09,PASS,-8.045757490560675
HG01308,FIRST,6.27e-09,PASS,-8.202732459169283
HG01311,FIRST,2.68e-09,PASS,-8.57186520597121
HG01312,FIRST,9.16e-10,PASS,-9.03810452633215
HG01323,FIRST,1.03e-09,PASS,-8.987162775294827
HG01325,FIRST,3.65e-09,PASS,-8.437707135543524
HG01326,FIRST,5.53e-09,PASS,-8.257274868695301
HG01334,FIRST,1.49e-05,PASS,-4.826813731587726
HG01341,FIRST,5.15e-10,PASS,-9.288192770958808
HG01342,FIRST,2e-05,PASS,-4.698970004336019
HG01344,FIRST,4.7e-09,PASS,-8.327902142064282
HG01345,FIRST,9.67e-10,PASS,-9.014573525916997
HG01348,FIRST,1.17e-09,PASS,-8.931814138253838
HG01350,FIRST,5.74e-10,PASS,-9.241088107602026
HG01351,FIRST,1.87e-09,PASS,-8.7281583934635
HG01353,FIRST,8.86e-10,PASS,-9.052566278112948
HG01354,FIRST,4.88e-09,PASS,-8.311580177997289
HG01356,FIRST,2.5e-09,PASS,-8.602059991327963
HG01357,FIRST,2.15e-09,PASS,-8.667561540084394
HG01359,FIRST,3.68e-09,PASS,-8.434152181326482
HG01360,FIRST,1.87e-05,PASS,-4.728158393463501
HG01362,FIRST,3.81e-09,PASS,-8.41907502432438
HG01363,FIRST,1.21e-09,PASS,-8.91721462968355
HG01365,FIRST,2.46e-09,PASS,-8.60906489289662
HG01366,FIRST,2.27e-09,PASS,-8.643974142806877
HG01369,FIRST,1.76e-09,PASS,-8.75448733218585
HG01372,FIRST,6.17e-09,PASS,-8.209714835966759
HG01374,FIRST,6.66e-09,PASS,-8.176525770829699
HG01375,FIRST,7.42e-09,PASS,-8.129596094720974
HG01377,FIRST,2.88e-09,PASS,-8.540607512240769
HG01378,FIRST,3.58e-09,PASS,-8.446116973356126
HG01383,FIRST,3.11e-09,PASS,-8.507239610973162
HG01384,FIRST,3.12e-10,PASS,-9.505845405981557
HG01389,FIRST,1.83e-09,PASS,-8.73754891026957
HG01390,FIRST,4.18e-09,PASS,-8.378823718224965
HG01392,FIRST,8.88e-10,PASS,-9.051587034221399
HG01393,FIRST,4.47e-09,PASS,-8.349692476868064
HG01395,FIRST,7.95e-10,PASS,-9.09963287134353
HG01396,FIRST,4.89e-09,PASS,-8.31069114087638
HG01398,FIRST,2.01e-09,PASS,-8.69680394257951
HG01402,FIRST,7.67e-09,PASS,-8.115204636051018
HG01403,FIRST,2.8e-09,PASS,-8.55284196865778
HG01405,FIRST,2.17e-09,PASS,-8.66354026615147
HG01412,FIRST,1.97e-10,PASS,-9.705533773838408
HG01413,FIRST,1.23e-08,PASS,-7.910094888560602
HG01414,FIRST,1.54e-09,PASS,-8.812479279163536
HG01431,FIRST,4.22e-09,PASS,-8.374687549038326
HG01432,FIRST,1.31e-09,PASS,-8.882728704344236
HG01435,FIRST,8.34e-10,PASS,-9.078833949362261
HG01437,FIRST,1.01e-08,PASS,-7.995678626217358
HG01438,FIRST,2.62e-09,PASS,-8.581698708680255
HG01440,FIRST,1.76e-09,PASS,-8.75448733218585
HG01441,FIRST,7.85e-09,PASS,-8.105130343254748
HG01443,FIRST,2.98e-08,PASS,-7.525783735923745
HG01444,FIRST,0.000917935,PASS,-3.037188070586087
HG01447,FIRST,9.36e-09,PASS,-8.028724151261894
HG01455,FIRST,2.77e-10,PASS,-9.557520230935552
HG01456,FIRST,2.39e-09,PASS,-8.621602099051863
HG01459,FIRST,7.08e-09,PASS,-8.14996674231023
HG01461,FIRST,5.08e-09,PASS,-8.29413628771608
HG01462,FIRST,3.14e-09,PASS,-8.503070351926786
HG01464,FIRST,2.16e-09,PASS,-8.665546248849068
HG01465,FIRST,1.5e-09,PASS,-8.823908740944319
HG01468,FIRST,7.11e-09,PASS,-8.148130399270233
HG01474,FIRST,6.3e-09,PASS,-8.200659450546418
HG01479,FIRST,1.84e-09,PASS,-8.735182176990463
HG01485,FIRST,1.98e-09,PASS,-8.703334809738468
HG01486,FIRST,9.77e-10,PASS,-9.010105436281227
HG01488,FIRST,0.000119956,PASS,-3.920978024463785
HG01489,FIRST,3.48e-09,PASS,-8.45842075605342
HG01491,FIRST,1.4e-10,PASS,-9.853871964321762
HG01492,FIRST,2.99e-09,PASS,-8.52432881167557
HG01494,FIRST,2.63e-09,PASS,-8.580044251510243
HG01495,FIRST,4.48e-10,PASS,-9.348721986001856
HG01497,FIRST,3.76e-09,PASS,-8.424812155072338
HG01498,FIRST,8.05e-09,PASS,-8.094204119632131
HG01500,FIRST,5.26e-09,PASS,-8.279014255846262
HG01501,FIRST,1.72e-09,PASS,-8.76447155309245
HG01503,FIRST,8.9e-09,PASS,-8.050609993355087
HG01504,FIRST,3.86e-10,PASS,-9.413412695328246
HG01506,FIRST,2.87e-09,PASS,-8.542118103266008
HG01507,FIRST,1.69e-09,PASS,-8.772113295386326
HG01509,FIRST,4.73e-09,PASS,-8.325138859262188
HG01510,FIRST,1.91e-05,PASS,-4.718966632752273
HG01512,FIRST,4.52e-09,PASS,-8.344861565188618
HG01513,FIRST,1.95e-05,PASS,-4.709965388637482
HG01515,FIRST,3.65e-10,PASS,-9.437707135543524
HG01516,FIRST,1.59e-09,PASS,-8.79860287567955
HG01518,FIRST,1.96e-05,PASS,-4.707743928643524
HG01519,FIRST,0.0008176,PASS,-3.0874591172093626
HG01521,FIRST,3.38e-10,PASS,-9.471083299722345
HG01522,FIRST,2.79e-09,PASS,-8.554395796726402
HG01524,FIRST,2.39e-09,PASS,-8.621602099051863
HG01525,FIRST,1.08e-09,PASS,-8.96657624451305
HG01527,FIRST,7.69e-09,PASS,-8.114073660198569
HG01528,FIRST,2.18e-09,PASS,-8.661543506395395
HG01530,FIRST,1.63e-08,PASS,-7.787812395596042
HG01531,FIRST,1.68e-09,PASS,-8.774690718274137
HG01536,FIRST,4.1e-09,PASS,-8.387216143280265
HG01537,FIRST,7.48e-09,PASS,-8.126098402135538
HG01550,FIRST,1.76e-09,PASS,-8.75448733218585
HG01551,FIRST,2.98e-09,PASS,-8.525783735923746
HG01556,FIRST,7.52e-10,PASS,-9.123782159408357
HG01565,FIRST,1.02e-09,PASS,-8.991399828238082
HG01566,FIRST,5.02e-10,PASS,-9.29929628285498
HG01571,FIRST,1.46e-09,PASS,-8.835647144215564
HG01572,FIRST,1.28e-08,PASS,-7.892790030352131
HG01577,FIRST,3.15e-09,PASS,-8.5016894462104
HG01578,FIRST,3.35e-10,PASS,-9.474955192963154
HG01583,FIRST,7.7e-09,PASS,-8.113509274827518
HG01586,FIRST,4.4e-09,PASS,-8.356547323513812
HG01589,FIRST,3.88e-09,PASS,-8.411168274405792
HG01593,FIRST,1.05e-08,PASS,-7.978810700930062
HG01595,FIRST,4.39e-09,PASS,-8.357535479757878
HG01596,FIRST,2.54e-08,PASS,-7.595166283380062
HG01597,FIRST,7.9e-09,PASS,-8.102372908709558
HG01598,FIRST,1.38e-09,PASS,-8.860120913598763
HG01599,FIRST,1.87e-09,PASS,-8.7281583934635
HG01600,FIRST,8.17e-09,PASS,-8.087777943467584
HG01602,FIRST,3.28e-09,PASS,-8.48412615628832
HG01603,FIRST,3.51e-09,PASS,-8.454692883534175
HG01605,FIRST,3.4e-09,PASS,-8.468521082957745
HG01606,FIRST,4.78e-09,PASS,-8.320572103387882
HG01607,FIRST,2.11e-09,PASS,-8.675717544702307
HG01608,FIRST,5.04e-09,PASS,-8.297569463554474
HG01610,FIRST,1.77e-09,PASS,-8.752026733638193
HG01612,FIRST,1.58e-09,PASS,-8.801342913045577
HG01613,FIRST,1.34e-09,PASS,-8.872895201635192
HG01615,FIRST,0.00496823,PASS,-2.3037983070708696
HG01617,FIRST,1.35e-09,PASS,-8.869666231504993
HG01618,FIRST,2.99e-09,PASS,-8.52432881167557
HG01619,FIRST,2.87e-10,PASS,-9.542118103266008
HG01620,FIRST,7.52e-09,PASS,-8.123782159408357
HG01623,FIRST,7.27e-09,PASS,-8.138465589140962
HG01624,FIRST,2.95e-09,PASS,-8.530177984021837
HG01625,FIRST,4.76e-09,PASS,-8.322393047279506
HG01626,FIRST,1.21e-08,PASS,-7.91721462968355
HG01628,FIRST,3.83e-09,PASS,-8.416801226031378
HG01630,FIRST,2.11e-08,PASS,-7.675717544702307
HG01631,FIRST,2.48e-09,PASS,-8.605548319173783
HG01632,FIRST,2.17e-09,PASS,-8.66354026615147
HG01668,FIRST,7.92e-10,PASS,-9.101274818410506
HG01669,FIRST,8.81e-10,PASS,-9.055024091587953
HG01670,FIRST,1.65e-09,PASS,-8.782516055786093
HG01672,FIRST,2.67e-09,PASS,-8.573488738635424
HG01673,FIRST,1.17e-08,PASS,-7.931814138253839
HG01675,FIRST,4.19e-09,PASS,-8.377785977033705
HG01676,FIRST,2.09e-09,PASS,-8.679853713888946
HG01678,FIRST,1.49e-09,PASS,-8.826813731587725
HG01679,FIRST,2.5e-09,PASS,-8.602059991327963
HG01680,FIRST,1.46e-08,PASS,-7.835647144215563
HG01682,FIRST,2.94e-09,PASS,-8.531652669587842
HG01684,FIRST,2.97e-09,PASS,-8.527243550682787
HG01685,FIRST,5.67e-10,PASS,-9.246416941107093
HG01686,FIRST,2.08e-09,PASS,-8.681936665037238
HG01694,FIRST,1.65e-10,PASS,-9.782516055786093
HG01695,FIRST,2.88e-09,PASS,-8.540607512240769
HG01697,FIRST,2.92e-09,PASS,-8.534617148551582
HG01699,FIRST,1.8e-09,PASS,-8.744727494896694
HG01700,FIRST,5.99e-09,PASS,-8.22257317761069
HG01702,FIRST,5.86e-09,PASS,-8.232102383981909
HG01704,FIRST,1.64e-09,PASS,-8.785156151952302
HG01705,FIRST,2.01e-09,PASS,-8.69680394257951
HG01707,FIRST,2.46e-09,PASS,-8.60906489289662
HG01708,FIRST,1.07e-08,PASS,-7.97061622231479
HG01709,FIRST,3.48e-09,PASS,-8.45842075605342
HG01710,FIRST,1.22e-09,PASS,-8.913640169325252
HG01746,FIRST,1.85e-09,PASS,-8.732828271596986
HG01747,FIRST,2.49e-09,PASS,-8.603800652904264
HG01756,FIRST,7.29e-09,PASS,-8.137272471682026
HG01757,FIRST,1e-08,PASS,-8.0
HG01761,FIRST,3.93e-09,PASS,-8.405607449624574
HG01762,FIRST,4.52e-09,PASS,-8.344861565188618
HG01765,FIRST,9.12e-09,PASS,-8.040005161671584
HG01766,FIRST,2.6e-09,PASS,-8.585026652029182
HG01767,FIRST,1.83e-09,PASS,-8.73754891026957
HG01768,FIRST,5.6e-09,PASS,-8.2518119729938
HG01770,FIRST,1.62e-09,PASS,-8.790484985457368
HG01771,FIRST,4.16e-09,PASS,-8.380906669373257
HG01773,FIRST,7.11e-09,PASS,-8.148130399270233
HG01775,FIRST,1.28e-09,PASS,-8.892790030352131
HG01776,FIRST,1.92e-09,PASS,-8.71669877129645
HG01777,FIRST,1.29e-09,PASS,-8.88941028970075
HG01779,FIRST,2.39e-09,PASS,-8.621602099051863
HG01781,FIRST,1.83e-09,PASS,-8.73754891026957
HG01783,FIRST,4.03e-09,PASS,-8.39469495385889
HG01784,FIRST,1.44e-09,PASS,-8.84163750790475
HG01785,FIRST,1.82e-09,PASS,-8.739928612014925
HG01786,FIRST,4.9e-09,PASS,-8.309803919971486
HG01789,FIRST,0.00642089,PASS,-2.192404770171064
HG01790,FIRST,4.27e-09,PASS,-8.369572124974976
HG01791,FIRST,1.84e-09,PASS,-8.735182176990463
HG01794,FIRST,6.71e-09,PASS,-8.173277479831007
HG01795,FIRST,2.31e-09,PASS,-8.636388020107855
HG01796,FIRST,4.41e-09,PASS,-8.355561410532161
HG01797,FIRST,1.06e-09,PASS,-8.97469413473523
HG01798,FIRST,1.42e-09,PASS,-8.847711655616944
HG01799,FIRST,2.19e-05,PASS,-4.6595558851598815
HG01800,FIRST,2.62e-10,PASS,-9.581698708680255
HG01801,FIRST,1.67e-08,PASS,-7.777283528852417
HG01802,FIRST,2.02e-10,PASS,-9.694648630553376
HG01804,FIRST,2.55e-09,PASS,-8.593459819566045
HG01805,FIRST,6.97e-09,PASS,-8.15676722190199
HG01806,FIRST,2.47e-08,PASS,-7.607303046740334
HG01807,FIRST,1.98e-08,PASS,-7.703334809738469
HG01808,FIRST,4.04e-08,PASS,-7.393618634889395
HG01809,FIRST,4.97e-10,PASS,-9.303643611266669
HG01810,FIRST,1.91e-08,PASS,-7.718966632752273
HG01811,FIRST,4.34e-09,PASS,-8.362510270487489
HG01812,FIRST,2.9e-09,PASS,-8.537602002101044
HG01813,FIRST,2.89e-05,PASS,-4.539102157243452
HG01815,FIRST,7.98e-10,PASS,-9.09799710864927
HG01816,FIRST,9.59e-06,PASS,-5.018181392829336
HG01817,FIRST,2.09e-08,PASS,-7.679853713888946
HG01840,FIRST,7.33e-09,PASS,-8.134896025358872
HG01841,FIRST,5.52e-10,PASS,-9.2580609222708
HG01842,FIRST,4.31e-08,PASS,-7.3655227298392685
HG01843,FIRST,4.54e-09,PASS,-8.342944147142896
HG01844,FIRST,1.38e-08,PASS,-7.860120913598763
HG01845,FIRST,8.55e-10,PASS,-9.068033885271827
HG01846,FIRST,1.03e-08,PASS,-7.987162775294828
HG01847,FIRST,2.05e-09,PASS,-8.688246138944246
HG01848,FIRST,3.9e-09,PASS,-8.4089353929735
HG01849,FIRST,2.72e-08,PASS,-7.565431095965801
HG01850,FIRST,1.66e-09,PASS,-8.779891911959945
HG01851,FIRST,9.95e-09,PASS,-8.002176919254275
HG01852,FIRST,4.97e-10,PASS,-9.303643611266669
HG01853,FIRST,3.53e-09,PASS,-8.452225294612177
HG01855,FIRST,1.05e-08,PASS,-7.978810700930062
HG01857,FIRST,1e-08,PASS,-8.0
HG01858,FIRST,3.28e-08,PASS,-7.484126156288321
HG01859,FIRST,1.54e-05,PASS,-4.8124792791635365
HG01860,FIRST,3.08e-08,PASS,-7.511449283499556
HG01861,FIRST,1.51e-08,PASS,-7.82102305270683
HG01862,FIRST,5.93e-10,PASS,-9.226945306635738
HG01863,FIRST,1.72e-10,PASS,-9.76447155309245
HG01864,FIRST,1.17e-09,PASS,-8.931814138253838
HG01865,FIRST,2.12e-05,PASS,-4.673664139071248
HG01866,FIRST,1.55e-08,PASS,-7.809668301829708
HG01867,FIRST,1.03e-09,PASS,-8.987162775294827
HG01868,FIRST,1.13e-09,PASS,-8.94692155651658
HG01869,FIRST,3.82e-09,PASS,-8.41793663708829
HG01870,FIRST,7.57e-09,PASS,-8.120904120499928
HG01871,FIRST,2.3e-08,PASS,-7.638272163982407
HG01872,FIRST,1.55e-08,PASS,-7.809668301829708
HG01873,FIRST,1.47e-05,PASS,-4.8326826652518236
HG01874,FIRST,4.44e-09,PASS,-8.35261702988538
HG01878,FIRST,2.16e-09,PASS,-8.665546248849068
HG01879,FIRST,4.81e-08,PASS,-7.317854923626168
HG01880,FIRST,4.75e-09,PASS,-8.323306390375134
HG01882,FIRST,5.14e-09,PASS,-8.289036881004725
HG01883,FIRST,7.1e-09,PASS,-8.148741651280925
HG01885,FIRST,7.55e-09,PASS,-8.122053048370812
HG01886,FIRST,0.00152525,PASS,-2.816658966335575
HG01889,FIRST,9.01e-09,PASS,-8.045275209020938
HG01890,FIRST,2.96e-09,PASS,-8.528708288941061
HG01892,FIRST,2.22e-09,PASS,-8.653647025549361
HG01893,FIRST,1.76e-05,PASS,-4.7544873321858505
HG01894,FIRST,1.59e-09,PASS,-8.79860287567955
HG01896,FIRST,4.84e-09,PASS,-8.315154638355587
HG01912,FIRST,5.93e-05,PASS,-4.226945306635737
HG01914,FIRST,1.96e-09,PASS,-8.707743928643524
HG01915,FIRST,6.33e-09,PASS,-8.198596289982644
HG01917,FIRST,2.2e-09,PASS,-8.657577319177793
HG01918,FIRST,5.34e-09,PASS,-8.272458742971443
HG01920,FIRST,3.33e-08,PASS,-7.47755576649368
HG01921,FIRST,1.94e-08,PASS,-7.7121982700697735
HG01923,FIRST,2.54e-08,PASS,-7.595166283380062
HG01924,FIRST,3.1e-08,PASS,-7.508638306165727
HG01926,FIRST,3.79e-09,PASS,-8.421360790031928
HG01927,FIRST,2.15e-09,PASS,-8.667561540084394
HG01932,FIRST,2.59e-09,PASS,-8.586700235918748
HG01933,FIRST,1.5e-08,PASS,-7.823908740944319
HG01935,FIRST,1.79e-08,PASS,-7.747146969020107
HG01936,FIRST,7.69e-09,PASS,-8.114073660198569
HG01938,FIRST,1.84e-05,PASS,-4.735182176990463
HG01939,FIRST,1.79e-08,PASS,-7.747146969020107
HG01941,FIRST,6.47e-09,PASS,-8.1890957193313
HG01942,FIRST,2.4e-08,PASS,-7.619788758288394
HG01944,FIRST,2.1e-08,PASS,-7.6777807052660805
HG01945,FIRST,1.4e-08,PASS,-7.853871964321762
HG01947,FIRST,1.75e-05,PASS,-4.756961951313706
HG01948,FIRST,4.89e-08,PASS,-7.31069114087638
HG01950,FIRST,3.24e-09,PASS,-8.489454989793387
HG01951,FIRST,6.67e-05,PASS,-4.175874166083451
HG01953,FIRST,1.8e-08,PASS,-7.7447274948966935
HG01954,FIRST,1.8e-08,PASS,-7.7447274948966935
HG01956,FIRST,6.81e-09,PASS,-8.166852888087215
HG01958,FIRST,4.96e-09,PASS,-8.304518323509802
HG01961,FIRST,0.00195489,PASS,-2.7088776749622525
HG01965,FIRST,1.26e-08,PASS,-7.8996294548824375
HG01967,FIRST,4.48e-09,PASS,-8.348721986001856
HG01968,FIRST,1.02e-08,PASS,-7.991399828238082
HG01970,FIRST,3.14e-09,PASS,-8.503070351926786
HG01971,FIRST,8.72e-10,PASS,-9.059483515067432
HG01973,FIRST,1.94e-08,PASS,-7.7121982700697735
HG01974,FIRST,3.28e-10,PASS,-9.48412615628832
HG01976,FIRST,2.95e-05,PASS,-4.530177984021837
HG01977,FIRST,5.19e-09,PASS,-8.284832642151542
HG01979,FIRST,3.4e-05,PASS,-4.468521082957745
HG01980,FIRST,1.02e-07,PASS,-6.991399828238082
HG01982,FIRST,1.9e-08,PASS,-7.721246399047171
HG01985,FIRST,7.5e-09,PASS,-8.1249387366083
HG01986,FIRST,8.56e-09,PASS,-8.067526235322847
HG01988,FIRST,1.22e-08,PASS,-7.913640169325252
HG01989,FIRST,5.75e-09,PASS,-8.24033215531037
HG01990,FIRST,2.11e-09,PASS,-8.675717544702307
HG01991,FIRST,9.1e-09,PASS,-8.040958607678906
HG01992,FIRST,8.85e-09,PASS,-8.053056729302174
HG01997,FIRST,9.44e-10,PASS,-9.02502800570193
HG02002,FIRST,1.72e-08,PASS,-7.764471553092451
HG02003,FIRST,3.04e-09,PASS,-8.517126416391246
HG02006,FIRST,4.76e-09,PASS,-8.322393047279506
HG02008,FIRST,7.15e-09,PASS,-8.145693958198919
HG02009,FIRST,6.35e-09,PASS,-8.197226274708024
HG02010,FIRST,9.76e-09,PASS,-8.010550182333308
HG02012,FIRST,2.21e-09,PASS,-8.655607726314889
HG02013,FIRST,2.42e-08,PASS,-7.616184634019569
HG02014,FIRST,1.35e-09,PASS,-8.869666231504993
HG02016,FIRST,3.9e-09,PASS,-8.4089353929735
HG02017,FIRST,5.73e-09,PASS,-8.24184537803261
HG02019,FIRST,4.43e-11,PASS,-10.35359627377693
HG02020,FIRST,3.98e-09,PASS,-8.400116927926312
HG02023,FIRST,8.21e-10,PASS,-9.085656842880558
HG02025,FIRST,2.5e-09,PASS,-8.602059991327963
HG02026,FIRST,2.19e-08,PASS,-7.6595558851598815
HG02028,FIRST,1.38e-08,PASS,-7.860120913598763
HG02029,FIRST,3.26e-08,PASS,-7.486782399932061
HG02031,FIRST,0.000101426,PASS,-3.9938507017173905
HG02032,FIRST,9.14e-10,PASS,-9.03905380426617
HG02035,FIRST,2.29e-09,PASS,-8.640164517660113
HG02040,FIRST,9.83e-09,PASS,-8.007446482167865
HG02047,FIRST,1.15e-08,PASS,-7.939302159646388
HG02048,FIRST,1.96e-10,PASS,-9.707743928643524
HG02049,FIRST,3.93e-09,PASS,-8.405607449624574
HG02050,FIRST,1.74e-08,PASS,-7.7594507517174005
HG02051,FIRST,8.15e-09,PASS,-8.088842391260023
HG02052,FIRST,1.91e-09,PASS,-8.718966632752272
HG02053,FIRST,4.43e-09,PASS,-8.35359627377693
HG02054,FIRST,8.34e-09,PASS,-8.078833949362261
HG02057,FIRST,4.6e-09,PASS,-8.337242168318426
HG02058,FIRST,2.17e-09,PASS,-8.66354026615147
HG02060,FIRST,6.7e-09,PASS,-8.173925197299173
HG02061,FIRST,2.65e-08,PASS,-7.576754126063192
HG02064,FIRST,0.000172272,PASS,-3.763785304291173
HG02067,FIRST,5.21e-09,PASS,-8.283162276700475
HG02069,FIRST,7.18e-09,PASS,-8.143875555757699
HG02070,FIRST,1.34e-05,PASS,-4.872895201635193
HG02072,FIRST,2.14e-09,PASS,-8.669586226650809
HG02073,FIRST,5.08e-10,PASS,-9.29413628771608
HG02075,FIRST,4.58e-09,PASS,-8.339134521996131
HG02076,FIRST,7.86e-09,PASS,-8.104577453960593
HG02078,FIRST,1.2e-08,PASS,-7.920818753952375
HG02079,FIRST,9.04e-09,PASS,-8.043831569524636
HG02081,FIRST,1.25e-09,PASS,-8.903089986991944
HG02082,FIRST,5.3e-05,PASS,-4.275724130399211
HG02084,FIRST,2.58e-09,PASS,-8.588380294036769
HG02085,FIRST,2.86e-05,PASS,-4.543633966870957
HG02086,FIRST,3.83e-08,PASS,-7.416801226031377
HG02087,FIRST,5.48e-09,PASS,-8.261219441515632
HG02088,FIRST,9.99e-09,PASS,-8.000434511774017
HG02089,FIRST,2.48e-08,PASS,-7.605548319173784
HG02090,FIRST,5.42e-09,PASS,-8.266000713461613
HG02095,FIRST,4.63e-05,PASS,-4.334419008982047
HG02102,FIRST,1.99e-09,PASS,-8.701146923590294
HG02104,FIRST,2.92e-08,PASS,-7.534617148551582
HG02105,FIRST,4.6e-09,PASS,-8.337242168318426
HG02107,FIRST,1.56e-09,PASS,-8.806875401645538
HG02108,FIRST,6.21e-09,PASS,-8.20690839982342
HG02111,FIRST,8.67e-10,PASS,-9.06198090252379
HG02113,FIRST,8.26e-09,PASS,-8.083019952679617
HG02116,FIRST,1.79e-08,PASS,-7.747146969020107
HG02121,FIRST,5.63e-08,PASS,-7.249491605148654
HG02122,FIRST,1.38e-08,PASS,-7.860120913598763
HG02127,FIRST,1.11e-09,PASS,-8.954677021213342
HG02128,FIRST,5.57e-09,PASS,-8.254144804826272
HG02130,FIRST,3.93e-09,PASS,-8.405607449624574
HG02131,FIRST,3.24e-08,PASS,-7.489454989793388
HG02133,FIRST,8.26e-10,PASS,-9.083019952679617
HG02134,FIRST,1.2e-10,PASS,-9.920818753952375
HG02136,FIRST,2.33e-08,PASS,-7.632644078973981
HG02137,FIRST,2.26e-05,PASS,-4.645891560852599
HG02138,FIRST,1.71e-05,PASS,-4.767003889607846
HG02139,FIRST,3.05e-09,PASS,-8.515700160653214
HG02140,FIRST,2.27e-08,PASS,-7.6439741428068775
HG02141,FIRST,6.22e-08,PASS,-7.206209615309181
HG02142,FIRST,1.45e-05,PASS,-4.838631997765025
HG02143,FIRST,2.13e-09,PASS,-8.671620396561263
HG02144,FIRST,4.53e-09,PASS,-8.343901797987169
HG02146,FIRST,3.36e-05,PASS,-4.473660722610156
HG02147,FIRST,2.12e-08,PASS,-7.673664139071248
HG02150,FIRST,3.98e-09,PASS,-8.400116927926312
HG02151,FIRST,3.89e-08,PASS,-7.410050398674293
HG02152,FIRST,7.23e-09,PASS,-8.14086170270547
HG02153,FIRST,2.55e-09,PASS,-8.593459819566045
HG02154,FIRST,2.74e-09,PASS,-8.562249437179611
HG02155,FIRST,6.44e-09,PASS,-8.191114132640188
HG02156,FIRST,3.01e-07,PASS,-6.521433504406157
HG02164,FIRST,0.00259226,PASS,-2.5863214414964983
HG02165,FIRST,3.47e-09,PASS,-8.459670525209127
HG02166,FIRST,0.00246074,PASS,-2.6089342711124863
HG02178,FIRST,3.08e-09,PASS,-8.511449283499555
HG02179,FIRST,1.89e-09,PASS,-8.723538195826755
HG02180,FIRST,1.54e-09,PASS,-8.812479279163536
HG02181,FIRST,2.12e-08,PASS,-7.673664139071248
HG02182,FIRST,0.000762416,PASS,-3.117807998205515
HG02184,FIRST,7.81e-09,PASS,-8.1073489661227
HG02185,FIRST,3.93e-07,PASS,-6.405607449624573
HG02186,FIRST,7.23e-09,PASS,-8.14086170270547
HG02187,FIRST,9.64e-08,PASS,-7.015922966097169
HG02188,FIRST,7.86e-09,PASS,-8.104577453960593
HG02190,FIRST,2.19e-08,PASS,-7.6595558851598815
HG02215,FIRST,1.85e-09,PASS,-8.732828271596986
HG02219,FIRST,5.04e-09,PASS,-8.297569463554474
HG02220,FIRST,3.26e-09,PASS,-8.48678239993206
HG02221,FIRST,8.67e-10,PASS,-9.06198090252379
HG02223,FIRST,8.65e-09,PASS,-8.062983892535186
HG02224,FIRST,3.27e-09,PASS,-8.485452247339714
HG02230,FIRST,1.63e-09,PASS,-8.787812395596042
HG02231,FIRST,8.07e-05,PASS,-4.09312646527793
HG02232,FIRST,0.000225589,PASS,-3.646682080911085
HG02233,FIRST,1.37e-10,PASS,-9.863279432843592
HG02235,FIRST,4e-08,PASS,-7.3979400086720375
HG02236,FIRST,2.26e-09,PASS,-8.645891560852599
HG02238,FIRST,3.02e-09,PASS,-8.51999305704285
HG02239,FIRST,5.33e-08,PASS,-7.273272790973428
HG02250,FIRST,1.94e-08,PASS,-7.7121982700697735
HG02252,FIRST,1.29e-08,PASS,-7.889410289700751
HG02253,FIRST,1.72e-11,PASS,-10.76447155309245
HG02255,FIRST,1.03e-08,PASS,-7.987162775294828
HG02256,FIRST,1.09e-08,PASS,-7.962573502059376
HG02259,FIRST,2.24e-08,PASS,-7.649751981665837
HG02260,FIRST,1.52e-08,PASS,-7.818156412055227
HG02262,FIRST,1.2e-09,PASS,-8.920818753952375
HG02265,FIRST,0.000734958,PASS,-3.1337374784524217
HG02266,FIRST,5.11e-09,PASS,-8.291579099865288
HG02271,FIRST,2.06e-05,PASS,-4.686132779630847
HG02272,FIRST,4.22e-08,PASS,-7.374687549038327
HG02274,FIRST,3.74e-09,PASS,-8.42712839779952
HG02275,FIRST,1.79e-08,PASS,-7.747146969020107
HG02277,FIRST,3.7e-08,PASS,-7.431798275933005
HG02278,FIRST,1.23e-08,PASS,-7.910094888560602
HG02281,FIRST,2.16e-20,PASS,-19.66554624884907
HG02282,FIRST,5.29e-09,PASS,-8.276544327964814
HG02283,FIRST,2.67e-09,PASS,-8.573488738635424
HG02284,FIRST,1.03e-08,PASS,-7.987162775294828
HG02285,FIRST,1.8e-08,PASS,-7.7447274948966935
HG02286,FIRST,2.8e-08,PASS,-7.552841968657781
HG02291,FIRST,1.25e-08,PASS,-7.903089986991944
HG02292,FIRST,7.05e-08,PASS,-7.151810883008602
HG02298,FIRST,2.05e-08,PASS,-7.688246138944246
HG02299,FIRST,8.12e-09,PASS,-8.090443970758825
HG02301,FIRST,0.000148636,PASS,-3.827875990657365
HG02304,FIRST,8.59e-09,PASS,-8.066006836168757
HG02307,FIRST,1.3e-05,PASS,-4.886056647693163
HG02308,FIRST,7.02e-09,PASS,-8.153662887870194
HG02309,FIRST,1.95e-09,PASS,-8.709965388637482
HG02312,FIRST,2.68e-10,PASS,-9.57186520597121
HG02314,FIRST,6.9e-09,PASS,-8.161150909262744
HG02315,FIRST,4.86e-09,PASS,-8.313363730737706
HG02317,FIRST,2.21e-08,PASS,-7.655607726314889
HG02318,FIRST,7.53e-14,PASS,-13.123205023799299
HG02322,FIRST,6.15e-09,PASS,-8.211124884224583
HG02323,FIRST,5.6e-05,PASS,-4.251811972993799
HG02325,FIRST,4.92e-05,PASS,-4.308034897232639
HG02330,FIRST,1.13e-11,PASS,-10.94692155651658
HG02332,FIRST,6.33e-09,PASS,-8.198596289982644
HG02334,FIRST,5.97e-09,PASS,-8.224025668870631
HG02337,FIRST,0.000849561,PASS,-3.0708054325544554
HG02339,FIRST,2.21e-09,PASS,-8.655607726314889
HG02343,FIRST,0.000110842,PASS,-3.9552956465389624
HG02345,FIRST,3.41e-05,PASS,-4.467245621007502
HG02348,FIRST,2.9e-08,PASS,-7.5376020021010435
HG02351,FIRST,2.53e-05,PASS,-4.5968794788241825
HG02353,FIRST,2.55e-08,PASS,-7.5934598195660445
HG02355,FIRST,3.7e-09,PASS,-8.431798275933005
HG02356,FIRST,2.61e-08,PASS,-7.583359492661719
HG02360,FIRST,0.00286185,PASS,-2.5433531329380443
HG02364,FIRST,2.76e-10,PASS,-9.559090917934782
HG02367,FIRST,3.41e-08,PASS,-7.467245621007502
HG02371,FIRST,9.94e-09,PASS,-8.002613615602687
HG02373,FIRST,1.11e-08,PASS,-7.954677021213342
HG02374,FIRST,3.06e-09,PASS,-8.51427857351842
HG02375,FIRST,3.02e-08,PASS,-7.519993057042849
HG02379,FIRST,5.8e-10,PASS,-9.236572006437063
HG02380,FIRST,1.57e-08,PASS,-7.804100347590766
HG02382,FIRST,2.24e-09,PASS,-8.649751981665837
HG02383,FIRST,3.85e-09,PASS,-8.414539270491499
HG02384,FIRST,3.47e-05,PASS,-4.459670525209126
HG02385,FIRST,3.48e-08,PASS,-7.458420756053419
HG02386,FIRST,2.86e-08,PASS,-7.543633966870957
HG02389,FIRST,1.64e-05,PASS,-4.785156151952302
HG02390,FIRST,3.33e-07,PASS,-6.47755576649368
HG02391,FIRST,1.93e-05,PASS,-4.714442690992226
HG02392,FIRST,7.03e-10,PASS,-9.153044674980176
HG02394,FIRST,2.24e-08,PASS,-7.649751981665837
HG02395,FIRST,2.32e-08,PASS,-7.634512015109101
HG02396,FIRST,2.05e-08,PASS,-7.688246138944246
HG02397,FIRST,1.24e-09,PASS,-8.906578314837764
HG02398,FIRST,2.33e-05,PASS,-4.632644078973981
HG02399,FIRST,1.93e-08,PASS,-7.714442690992226
HG02401,FIRST,3.67e-08,PASS,-7.435333935747911
HG02402,FIRST,1.08e-08,PASS,-7.966576244513051
HG02406,FIRST,1.07e-09,PASS,-8.97061622231479
HG02407,FIRST,9.1e-09,PASS,-8.040958607678906
HG02408,FIRST,1.47e-08,PASS,-7.8326826652518236
HG02409,FIRST,3.52e-09,PASS,-8.453457336521868
HG02410,FIRST,1.21e-09,PASS,-8.91721462968355
HG02419,FIRST,3.73e-09,PASS,-8.428291168191313
HG02420,FIRST,4.88e-09,PASS,-8.311580177997289
HG02425,FIRST,8.78e-10,PASS,-9.056505484093897
HG02427,FIRST,0.00101197,PASS,-2.9948323620293977
HG02429,FIRST,7.58e-05,PASS,-4.120330794367947
HG02433,FIRST,3.73e-09,PASS,-8.428291168191313
HG02439,FIRST,0.000653892,PASS,-3.1844939759528934
HG02442,FIRST,2.54e-05,PASS,-4.5951662833800615
HG02445,FIRST,4.2e-08,PASS,-7.376750709602099
HG02449,FIRST,5.82e-09,PASS,-8.235077015350111
HG02450,FIRST,0.000709731,PASS,-3.148906225016414
HG02455,FIRST,0.000304955,PASS,-3.5157642416156496
HG02461,FIRST,0.00207211,PASS,-2.6835871933645628
HG02462,FIRST,2.42e-09,PASS,-8.616184634019568
HG02464,FIRST,1.08e-07,PASS,-6.966576244513051
HG02465,FIRST,1.14e-08,PASS,-7.943095148663527
HG02470,FIRST,7.11e-09,PASS,-8.148130399270233
HG02471,FIRST,1.08e-05,PASS,-4.966576244513051
HG02476,FIRST,0.00121891,PASS,-2.914028359965162
HG02477,FIRST,0.000125987,PASS,-3.8996742653549594
HG02479,FIRST,2.86e-09,PASS,-8.543633966870956
HG02481,FIRST,6.65e-09,PASS,-8.177178354696895
HG02484,FIRST,5.8e-09,PASS,-8.236572006437063
HG02485,FIRST,0.000247982,PASS,-3.6055798416914464
HG02489,FIRST,4.67e-10,PASS,-9.330683119433887
HG02490,FIRST,7.73e-09,PASS,-8.111820506081676
HG02491,FIRST,2.45e-09,PASS,-8.610833915635467
HG02493,FIRST,4.65e-09,PASS,-8.332547047110046
HG02494,FIRST,0.000363049,PASS,-3.440034755147193
HG02496,FIRST,4.22e-09,PASS,-8.374687549038326
HG02497,FIRST,3.33e-09,PASS,-8.47755576649368
HG02501,FIRST,7.76e-09,PASS,-8.110138278741811
HG02502,FIRST,1.94e-08,PASS,-7.7121982700697735
HG02505,FIRST,2.66e-09,PASS,-8.575118363368933
HG02508,FIRST,0.00143404,PASS,-2.843438734625683
HG02511,FIRST,8.14e-09,PASS,-8.089375595110798
HG02512,FIRST,1.13e-08,PASS,-7.94692155651658
HG02513,FIRST,1.09e-09,PASS,-8.962573502059376
HG02521,FIRST,1.05e-09,PASS,-8.978810700930062
HG02522,FIRST,2.23e-09,PASS,-8.65169513695184
HG02536,FIRST,8.68e-09,PASS,-8.061480274823507
HG02537,FIRST,5.38e-08,PASS,-7.269217724333611
HG02541,FIRST,1.1e-08,PASS,-7.958607314841775
HG02545,FIRST,3.54e-09,PASS,-8.450996737974211
HG02546,FIRST,2.59e-09,PASS,-8.586700235918748
HG02549,FIRST,9.96e-10,PASS,-9.001740661576301
HG02554,FIRST,8.69e-09,PASS,-8.060980223551333
HG02555,FIRST,2.04e-09,PASS,-8.6903698325741
HG02557,FIRST,2.82e-09,PASS,-8.549750891680638
HG02558,FIRST,3.29e-06,PASS,-5.482804102050026
HG02561,FIRST,6.52e-05,PASS,-4.185752404268079
HG02562,FIRST,3.53e-05,PASS,-4.452225294612178
HG02568,FIRST,1.79e-08,PASS,-7.747146969020107
HG02570,FIRST,1.41e-13,PASS,-12.85078088734462
HG02571,FIRST,1.19e-08,PASS,-7.924453038607469
HG02573,FIRST,9.89e-10,PASS,-9.00480370840282
HG02574,FIRST,1.16e-10,PASS,-9.935542010773082
HG02577,FIRST,2.56e-09,PASS,-8.59176003468815
HG02580,FIRST,4.4e-05,PASS,-4.356547323513813
HG02582,FIRST,0.000192655,PASS,-3.7152197152041544
HG02583,FIRST,0.000219039,PASS,-3.659478551932297
HG02585,FIRST,0.00201627,PASS,-2.695451311681564
HG02586,FIRST,5.21e-09,PASS,-8.283162276700475
HG02588,FIRST,3.12e-10,PASS,-9.505845405981557
HG02589,FIRST,6.2e-09,PASS,-8.207608310501746
HG02594,FIRST,8.81e-08,PASS,-7.055024091587952
HG02595,FIRST,1.15e-08,PASS,-7.939302159646388
HG02597,FIRST,7.32e-09,PASS,-8.135488918941608
HG02600,FIRST,0.000184936,PASS,-3.73297854000622
HG02601,FIRST,1.9e-08,PASS,-7.721246399047171
HG02603,FIRST,7.58e-05,PASS,-4.120330794367947
HG02604,FIRST,2.45e-09,PASS,-8.610833915635467
HG02610,FIRST,1.57e-05,PASS,-4.804100347590766
HG02611,FIRST,2.6e-05,PASS,-4.585026652029182
HG02613,FIRST,0.000360689,PASS,-3.442867102239847
HG02614,FIRST,0.000160787,PASS,-3.79374906787922
HG02620,FIRST,0.000302988,PASS,-3.518574571619755
HG02621,FIRST,6.9e-05,PASS,-4.161150909262744
HG02623,FIRST,8.64e-05,PASS,-4.063486257521107
HG02624,FIRST,0.000174297,PASS,-3.758710087902389
HG02628,FIRST,4.47e-09,PASS,-8.349692476868064
HG02629,FIRST,5.01e-09,PASS,-8.300162274132754
HG02634,FIRST,0.000302351,PASS,-3.5194885906639146
HG02635,FIRST,7.88e-09,PASS,-8.103473782510445
HG02642,FIRST,2.47e-10,PASS,-9.607303046740334
HG02643,FIRST,0.00058829,PASS,-3.230408533869447
HG02645,FIRST,7.54e-09,PASS,-8.122628654130226
HG02646,FIRST,2.57e-33,PASS,-32.59006687666871
HG02648,FIRST,4.32e-09,PASS,-8.364516253185087
HG02649,FIRST,2.58e-05,PASS,-4.58838029403677
HG02651,FIRST,6.01e-05,PASS,-4.221125527997261
HG02652,FIRST,1.07e-07,PASS,-6.97061622231479
HG02654,FIRST,0.000257271,PASS,-3.5896091654017286
HG02655,FIRST,2.18e-09,PASS,-8.661543506395395
HG02657,FIRST,8.75e-09,PASS,-8.057991946977687
HG02658,FIRST,3.41e-09,PASS,-8.467245621007502
HG02660,FIRST,2.53e-08,PASS,-7.5968794788241825
HG02661,FIRST,1.5e-09,PASS,-8.823908740944319
HG02666,FIRST,7.43e-05,PASS,-4.129011186239425
HG02667,FIRST,9.33e-05,PASS,-4.0301183562535
HG02675,FIRST,2.03e-09,PASS,-8.692503962086787
HG02676,FIRST,1.65e-08,PASS,-7.782516055786093
HG02678,FIRST,4.67e-09,PASS,-8.330683119433887
HG02679,FIRST,0.000658068,PASS,-3.1817292272083795
HG02681,FIRST,2.92e-07,PASS,-6.534617148551582
HG02682,FIRST,7.91e-09,PASS,-8.101823516502323
HG02684,FIRST,7.99e-09,PASS,-8.097453220686008
HG02685,FIRST,0.000443336,PASS,-3.3532670014627977
HG02687,FIRST,5.86e-09,PASS,-8.232102383981909
HG02688,FIRST,6.05e-10,PASS,-9.21824462534753
HG02690,FIRST,0.000171335,PASS,-3.7661539110904414
HG02691,FIRST,7.77e-09,PASS,-8.109578981199085
HG02694,FIRST,2.93e-09,PASS,-8.53313237964589
HG02696,FIRST,0.000694641,PASS,-3.1582395867778317
HG02697,FIRST,4.01e-09,PASS,-8.396855627379818
HG02699,FIRST,1.08e-09,PASS,-8.96657624451305
HG02700,FIRST,3.11e-09,PASS,-8.507239610973162
HG02702,FIRST,2.52e-09,PASS,-8.598599459218455
HG02703,FIRST,1.79e-08,PASS,-7.747146969020107
HG02715,FIRST,3.34e-09,PASS,-8.476253533188435
HG02716,FIRST,8.1e-05,PASS,-4.0915149811213505
HG02721,FIRST,7.61e-10,PASS,-9.118615343229427
HG02722,FIRST,3.02e-09,PASS,-8.51999305704285
HG02724,FIRST,0.00136073,PASS,-2.8662280402212286
HG02725,FIRST,6.13e-09,PASS,-8.212539525481585
HG02727,FIRST,0.00176697,PASS,-2.752770823976575
HG02728,FIRST,8.5e-09,PASS,-8.070581074285707
HG02731,FIRST,3.93e-05,PASS,-4.405607449624573
HG02733,FIRST,0.00207973,PASS,-2.681993043460972
HG02734,FIRST,7.78e-10,PASS,-9.10902040301031
HG02736,FIRST,6.39e-09,PASS,-8.1944991418416
HG02737,FIRST,4.35e-09,PASS,-8.361510743045363
HG02756,FIRST,8.56e-09,PASS,-8.067526235322847
HG02757,FIRST,0.000904897,PASS,-3.043400851598521
HG02759,FIRST,1.22e-08,PASS,-7.913640169325252
HG02760,FIRST,6.99e-10,PASS,-9.15552282425432
HG02763,FIRST,7.65e-05,PASS,-4.116338564846382
HG02768,FIRST,0.000676567,PASS,-3.169689189030179
HG02769,FIRST,3.73e-12,PASS,-11.428291168191313
HG02771,FIRST,3.66e-09,PASS,-8.436518914605589
HG02772,FIRST,5.47e-09,PASS,-8.26201267366657
HG02774,FIRST,1.1e-07,PASS,-6.958607314841775
HG02775,FIRST,3.06e-09,PASS,-8.51427857351842
HG02778,FIRST,1.17e-09,PASS,-8.931814138253838
HG02780,FIRST,3.89e-07,PASS,-6.410050398674292
HG02783,FIRST,4.01e-09,PASS,-8.396855627379818
HG02784,FIRST,5.2e-09,PASS,-8.2839966563652
HG02786,FIRST,7.29e-09,PASS,-8.137272471682026
HG02787,FIRST,3.99e-08,PASS,-7.399027104313252
HG02789,FIRST,2.83e-09,PASS,-8.54821356447571
HG02790,FIRST,6.7e-09,PASS,-8.173925197299173
HG02792,FIRST,0.000327207,PASS,-3.4851774139589824
HG02793,FIRST,0.000340354,PASS,-3.468069140996743
HG02798,FIRST,1.8e-23,PASS,-22.744727494896694
HG02799,FIRST,1.41e-05,PASS,-4.85078088734462
HG02804,FIRST,2.1599999999999998e-23,PASS,-22.66554624884907
HG02805,FIRST,8.31e-09,PASS,-8.08039897621589
HG02807,FIRST,0.000137911,PASS,-3.860401092426211
HG02808,FIRST,5.36e-08,PASS,-7.27083521030723
HG02810,FIRST,3.21e-09,PASS,-8.493494967595128
HG02811,FIRST,0.000143199,PASS,-3.8440600148214474
HG02813,FIRST,5.36e-09,PASS,-8.27083521030723
HG02814,FIRST,0.000364207,PASS,-3.4386517113907464
HG02816,FIRST,4.86e-09,PASS,-8.313363730737706
HG02817,FIRST,1.35e-08,PASS,-7.8696662315049934
HG02819,FIRST,0.00478895,PASS,-2.3197596972730015
HG02820,FIRST,3.73e-09,PASS,-8.428291168191313
HG02836,FIRST,1.05e-09,PASS,-8.978810700930062
HG02837,FIRST,9.02e-09,PASS,-8.044793462458058
HG02839,FIRST,1.45e-08,PASS,-7.838631997765025
HG02840,FIRST,4.24e-09,PASS,-8.372634143407268
HG02851,FIRST,1.29e-17,PASS,-16.889410289700752
HG02852,FIRST,1.15e-08,PASS,-7.939302159646388
HG02854,FIRST,1.93e-09,PASS,-8.714442690992227
HG02855,FIRST,3.82e-09,PASS,-8.41793663708829
HG02860,FIRST,2.8e-09,PASS,-8.55284196865778
HG02861,FIRST,3.77e-08,PASS,-7.423658649794207
HG02870,FIRST,0.002963,PASS,-2.528268348519949
HG02878,FIRST,8.08e-09,PASS,-8.092588639225413
HG02879,FIRST,1.62e-05,PASS,-4.790484985457369
HG02881,FIRST,7.27e-13,PASS,-12.138465589140962
HG02882,FIRST,2.42e-10,PASS,-9.616184634019568
HG02884,FIRST,0.00369818,PASS,-2.4320119544250147
HG02885,FIRST,0.00475042,PASS,-2.32326799129751
HG02887,FIRST,3.24e-09,PASS,-8.489454989793387
HG02888,FIRST,2.53e-09,PASS,-8.596879478824182
HG02890,FIRST,0.000898286,PASS,-3.0465853688485502
HG02891,FIRST,2.6e-09,PASS,-8.585026652029182
HG02895,FIRST,3.02e-10,PASS,-9.51999305704285
HG02896,FIRST,0.000793116,PASS,-3.1006632887535153
HG02922,FIRST,3.34e-09,PASS,-8.476253533188435
HG02923,FIRST,1.17e-08,PASS,-7.931814138253839
HG02938,FIRST,0.000132077,PASS,-3.8791728042080313
HG02941,FIRST,3.9e-09,PASS,-8.4089353929735
HG02943,FIRST,7.93e-09,PASS,-8.100726812682396
HG02944,FIRST,5.46e-09,PASS,-8.262807357295262
HG02946,FIRST,5.49e-09,PASS,-8.260427655549908
HG02947,FIRST,3.7e-05,PASS,-4.431798275933005
HG02952,FIRST,8.2e-17,PASS,-16.08618614761628
HG02953,FIRST,0.000185396,PASS,-3.7318996401843356
HG02968,FIRST,2.37e-09,PASS,-8.625251653989896
HG02970,FIRST,2.98e-05,PASS,-4.525783735923745
HG02971,FIRST,1.45e-07,PASS,-6.838631997765025
HG02973,FIRST,0.000369236,PASS,-3.432695962469669
HG02974,FIRST,9.3e-09,PASS,-8.031517051446064
HG02976,FIRST,7.38e-09,PASS,-8.131943638176958
HG02977,FIRST,1.57e-08,PASS,-7.804100347590766
HG02979,FIRST,1.26e-08,PASS,-7.8996294548824375
HG02981,FIRST,0.000392441,PASS,-3.406225626308432
HG02982,FIRST,0.00111811,PASS,-2.9515154683252653
HG02983,FIRST,4.08e-17,PASS,-16.38933983691012
HG03006,FIRST,1.97e-05,PASS,-4.705533773838407
HG03007,FIRST,0.000706054,PASS,-3.1511620822269744
HG03009,FIRST,0.001303,PASS,-2.8850555842874153
HG03012,FIRST,0.000124675,PASS,-3.9042206231095995
HG03015,FIRST,4.15e-08,PASS,-7.3819519032879075
HG03016,FIRST,1.03e-09,PASS,-8.987162775294827
HG03018,FIRST,4.99e-09,PASS,-8.30189945437661
HG03019,FIRST,1.18e-08,PASS,-7.928117992693875
HG03021,FIRST,7.72e-09,PASS,-8.112382699664265
HG03022,FIRST,1.56e-05,PASS,-4.806875401645538
HG03024,FIRST,0.00147501,PASS,-2.8312050353264304
HG03025,FIRST,0.0010317,PASS,-2.986446569458324
HG03027,FIRST,7.06e-09,PASS,-8.151195298948196
HG03028,FIRST,2.9e-08,PASS,-7.5376020021010435
HG03039,FIRST,4.49e-09,PASS,-8.347753658996677
HG03040,FIRST,1.03e-08,PASS,-7.987162775294828
HG03045,FIRST,6.51e-05,PASS,-4.186419011431808
HG03046,FIRST,7.72e-09,PASS,-8.112382699664265
HG03048,FIRST,0.00130533,PASS,-2.8842796806157236
HG03049,FIRST,6.91e-09,PASS,-8.160521952625801
HG03052,FIRST,0.000228908,PASS,-3.6403390291029027
HG03054,FIRST,0.00213503,PASS,-2.670596018183257
HG03055,FIRST,1.23e-07,PASS,-6.910094888560602
HG03057,FIRST,1.25e-08,PASS,-7.903089986991944
HG03058,FIRST,2.41e-09,PASS,-8.61798295742513
HG03060,FIRST,1.28e-05,PASS,-4.892790030352131
HG03061,FIRST,6.65e-09,PASS,-8.177178354696895
HG03063,FIRST,4.87e-09,PASS,-8.312471038785366
HG03064,FIRST,0.000109107,PASS,-3.9621473853983646
HG03066,FIRST,3.77e-09,PASS,-8.423658649794207
HG03069,FIRST,6.8e-08,PASS,-7.167491087293763
HG03072,FIRST,0.00228849,PASS,-2.6404509809663335
HG03073,FIRST,0.00047642,PASS,-3.3220100152259526
HG03074,FIRST,8.7e-09,PASS,-8.060480747381382
HG03077,FIRST,1.34e-09,PASS,-8.872895201635192
HG03078,FIRST,2.45e-05,PASS,-4.610833915635467
HG03079,FIRST,0.000241985,PASS,-3.616211553933329
HG03081,FIRST,1.58e-08,PASS,-7.801342913045578
HG03082,FIRST,5.98e-05,PASS,-4.223298816011589
HG03084,FIRST,6.28e-09,PASS,-8.202040356262804
HG03085,FIRST,2.8e-09,PASS,-8.55284196865778
HG03086,FIRST,2.11e-09,PASS,-8.675717544702307
HG03088,FIRST,3.49e-05,PASS,-4.45717457304082
HG03091,FIRST,1.9e-08,PASS,-7.721246399047171
HG03095,FIRST,0.00359972,PASS,-2.443731279006091
HG03096,FIRST,2.82e-06,PASS,-5.549750891680639
HG03097,FIRST,0.00115333,PASS,-2.9380464111150637
HG03099,FIRST,2e-08,PASS,-7.698970004336019
HG03100,FIRST,0.000574075,PASS,-3.24103136551429
HG03103,FIRST,0.00110597,PASS,-2.956256653330744
HG03105,FIRST,0.00316368,PASS,-2.49980745098424
HG03108,FIRST,7.7e-05,PASS,-4.113509274827518
HG03109,FIRST,2.31e-08,PASS,-7.636388020107856
HG03111,FIRST,5.06e-05,PASS,-4.295849483160201
HG03112,FIRST,2.3e-50,PASS,-49.63827216398241
HG03114,FIRST,2.79e-05,PASS,-4.554395796726403
HG03115,FIRST,2.32e-08,PASS,-7.634512015109101
HG03117,FIRST,0.000172237,PASS,-3.763873547599295
HG03118,FIRST,3.97e-09,PASS,-8.401209493236886
HG03120,FIRST,3.03e-08,PASS,-7.518557371497695
HG03121,FIRST,2.31e-05,PASS,-4.636388020107856
HG03123,FIRST,1.47e-09,PASS,-8.832682665251824
HG03124,FIRST,5.6e-09,PASS,-8.2518119729938
HG03126,FIRST,2.48e-05,PASS,-4.605548319173784
HG03127,FIRST,0.0010471,PASS,-2.980011840408715
HG03129,FIRST,3.72e-09,PASS,-8.429457060118102
HG03130,FIRST,1.21e-07,PASS,-6.91721462968355
HG03132,FIRST,3.41e-05,PASS,-4.467245621007502
HG03133,FIRST,1.64e-05,PASS,-4.785156151952302
HG03135,FIRST,3.13e-09,PASS,-8.504455662453552
HG03136,FIRST,7.26e-09,PASS,-8.139063379299905
HG03139,FIRST,2.91e-09,PASS,-8.536107011014092
HG03157,FIRST,8.79e-09,PASS,-8.056011124926227
HG03159,FIRST,0.000186541,PASS,-3.729225699422002
HG03160,FIRST,1.09e-08,PASS,-7.962573502059376
HG03162,FIRST,2.22e-08,PASS,-7.653647025549361
HG03163,FIRST,8.88e-10,PASS,-9.051587034221399
HG03166,FIRST,0.000114416,PASS,-3.9415132393032057
HG03168,FIRST,3.58e-08,PASS,-7.446116973356125
HG03169,FIRST,6.22e-09,PASS,-8.20620961530918
HG03172,FIRST,0.00038612,PASS,-3.413277702481931
HG03175,FIRST,1.08e-08,PASS,-7.966576244513051
HG03189,FIRST,9.47e-09,PASS,-8.023650020996726
HG03190,FIRST,2.84e-09,PASS,-8.546681659952963
HG03193,FIRST,0.000220368,PASS,-3.656851469858392
HG03195,FIRST,0.000105757,PASS,-3.9756908772790567
HG03196,FIRST,3.92e-09,PASS,-8.406713932979542
HG03198,FIRST,0.000777385,PASS,-3.1093638435350552
HG03199,FIRST,0.000314479,PASS,-3.502408350182537
HG03202,FIRST,0.000182001,PASS,-3.739926225788064
HG03209,FIRST,9.86e-09,PASS,-8.006123085058789
HG03212,FIRST,1.42e-08,PASS,-7.847711655616943
HG03224,FIRST,2.5e-12,PASS,-11.602059991327963
HG03225,FIRST,3.28e-09,PASS,-8.48412615628832
HG03228,FIRST,0.000913957,PASS,-3.039074236544089
HG03229,FIRST,6.8e-05,PASS,-4.167491087293763
HG03234,FIRST,7.33e-10,PASS,-9.134896025358872
HG03235,FIRST,2.3e-08,PASS,-7.638272163982407
HG03237,FIRST,1.41e-08,PASS,-7.85078088734462
HG03238,FIRST,3.7e-09,PASS,-8.431798275933005
HG03240,FIRST,0.00115264,PASS,-2.9383063131965796
HG03241,FIRST,0.00116356,PASS,-2.934211217020948
HG03246,FIRST,0.00121424,PASS,-2.9156954645176416
HG03247,FIRST,2.03e-08,PASS,-7.692503962086787
HG03258,FIRST,3.79e-26,PASS,-25.421360790031926
HG03259,FIRST,0.000108229,PASS,-3.9656563542713283
HG03265,FIRST,9.73e-09,PASS,-8.011887159731648
HG03267,FIRST,2.97e-08,PASS,-7.527243550682788
HG03268,FIRST,2.62e-09,PASS,-8.581698708680255
HG03270,FIRST,0.000390402,PASS,-3.408487966141773
HG03271,FIRST,0.000131039,PASS,-3.8825994298093818
HG03279,FIRST,0.00116493,PASS,-2.9337001703693724
HG03280,FIRST,2.73e-09,PASS,-8.563837352959244
HG03291,FIRST,0.00010417,PASS,-3.9822573358385016
HG03294,FIRST,4.43e-10,PASS,-9.35359627377693
HG03295,FIRST,0.00106234,PASS,-2.973736465841981
HG03297,FIRST,5.59e-08,PASS,-7.252588192113577
HG03298,FIRST,0.000380468,PASS,-3.41968186453819
HG03300,FIRST,0.000698648,PASS,-3.1557415798506665
HG03301,FIRST,2.75e-09,PASS,-8.560667306169737
HG03303,FIRST,0.00103925,PASS,-2.9832799668217476
HG03304,FIRST,1.99e-08,PASS,-7.701146923590294
HG03311,FIRST,5.65e-13,PASS,-12.247951552180561
HG03313,FIRST,4.28e-09,PASS,-8.368556230986828
HG03342,FIRST,0.000314868,PASS,-3.501871474420915
HG03343,FIRST,8.83e-10,PASS,-9.054039296422431
HG03351,FIRST,8.53e-08,PASS,-7.069050968832477
HG03352,FIRST,6.18e-09,PASS,-8.209011524911185
HG03354,FIRST,0.00266115,PASS,-2.574930645051665
HG03363,FIRST,0.000259721,PASS,-3.585492933638317
HG03366,FIRST,3.87e-09,PASS,-8.41228903498109
HG03367,FIRST,7.42e-09,PASS,-8.129596094720974
HG03369,FIRST,4.85e-08,PASS,-7.314258261397736
HG03370,FIRST,1.11e-08,PASS,-7.954677021213342
HG03372,FIRST,9.27e-08,PASS,-7.032920265855503
HG03376,FIRST,0.00079264,PASS,-3.100924015094257
HG03378,FIRST,0.00109131,PASS,-2.9620518652084096
HG03380,FIRST,0.000105272,PASS,-3.977687126084473
HG03382,FIRST,1.6e-09,PASS,-8.795880017344075
HG03385,FIRST,2.32e-07,PASS,-6.634512015109101
HG03388,FIRST,0.000646276,PASS,-3.1895819716668337
HG03391,FIRST,0.000522835,PASS,-3.2816353472619593
HG03394,FIRST,1.65e-08,PASS,-7.782516055786093
HG03397,FIRST,0.00190836,PASS,-2.719339695006286
HG03401,FIRST,1.46e-05,PASS,-4.835647144215563
HG03410,FIRST,0.000173904,PASS,-3.759690428589876
HG03419,FIRST,5.38e-05,PASS,-4.269217724333611
HG03428,FIRST,0.00148349,PASS,-2.828715376856042
HG03432,FIRST,8.41e-10,PASS,-9.075204004202087
HG03433,FIRST,8.93e-08,PASS,-7.049148541111453
HG03436,FIRST,0.00062522,PASS,-3.2039671378973944
HG03437,FIRST,1.37e-07,PASS,-6.863279432843593
HG03439,FIRST,1.93e-09,PASS,-8.714442690992227
HG03442,FIRST,6.7e-05,PASS,-4.173925197299173
HG03445,FIRST,0.000124606,PASS,-3.904461045123444
HG03446,FIRST,0.0010081,PASS,-2.9964963852574633
HG03449,FIRST,0.000198705,PASS,-3.7017912046310557
HG03451,FIRST,0.000289999,PASS,-3.537603499670805
HG03452,FIRST,1.12e-08,PASS,-7.950781977329818
HG03455,FIRST,0.00104592,PASS,-2.980501532378157
HG03457,FIRST,1.09e-08,PASS,-7.962573502059376
HG03458,FIRST,0.00132172,PASS,-2.878860538295515
HG03460,FIRST,0.000229452,PASS,-3.6393081524597193
HG03461,FIRST,1.67e-09,PASS,-8.777283528852417
HG03464,FIRST,0.00179162,PASS,-2.746754098135612
HG03469,FIRST,1.54e-08,PASS,-7.812479279163537
HG03470,FIRST,0.000792633,PASS,-3.1009278504732403
HG03472,FIRST,0.00121611,PASS,-2.9150271403327066
HG03473,FIRST,0.00037783,PASS,-3.4227035617207138
HG03476,FIRST,1.03e-08,PASS,-7.987162775294828
HG03478,FIRST,0.00109553,PASS,-2.9603757252177765
HG03479,FIRST,1.63e-05,PASS,-4.787812395596042
HG03484,FIRST,1.77e-09,PASS,-8.752026733638193
HG03485,FIRST,0.0010075,PASS,-2.996754945186853
HG03488,FIRST,5.32e-09,PASS,-8.274088367704952
HG03490,FIRST,0.000333468,PASS,-3.476945835181335
HG03491,FIRST,0.000211291,PASS,-3.6751190014501995
HG03499,FIRST,2.51e-09,PASS,-8.600326278518962
HG03511,FIRST,6.49e-09,PASS,-8.18775530319963
HG03514,FIRST,3.02e-09,PASS,-8.51999305704285
HG03515,FIRST,9.6e-05,PASS,-4.017728766960431
HG03517,FIRST,0.000219725,PASS,-3.658120526855746
HG03518,FIRST,0.000498058,PASS,-3.3027200797036755
HG03520,FIRST,2.52e-08,PASS,-7.598599459218456
HG03521,FIRST,0.00015943,PASS,-3.7974299539025163
HG03538,FIRST,0.00047307,PASS,-3.325074592106928
HG03539,FIRST,1.93e-09,PASS,-8.714442690992227
HG03547,FIRST,8e-05,PASS,-4.096910013008056
HG03548,FIRST,3.42e-09,PASS,-8.465973893943865
HG03556,FIRST,0.000915241,PASS,-3.038464533049605
HG03557,FIRST,2.56e-09,PASS,-8.59176003468815
HG03558,FIRST,6.73e-08,PASS,-7.171984935776023
HG03559,FIRST,1.83e-09,PASS,-8.73754891026957
HG03563,FIRST,0.000527275,PASS,-3.2779628196403485
HG03565,FIRST,0.00116374,PASS,-2.9341440378804
HG03567,FIRST,1.94e-05,PASS,-4.7121982700697735
HG03571,FIRST,1.23e-08,PASS,-7.910094888560602
HG03572,FIRST,0.00145447,PASS,-2.8372952321129157
HG03575,FIRST,1.44e-11,PASS,-10.84163750790475
HG03577,FIRST,0.000671515,PASS,-3.1729442818121387
HG03578,FIRST,6.08e-08,PASS,-7.216096420727265
HG03583,FIRST,4.95e-09,PASS,-8.30539480106643
HG03585,FIRST,1.68e-09,PASS,-8.774690718274137
HG03589,FIRST,0.000308012,PASS,-3.5114323632649387
HG03593,FIRST,2.28e-09,PASS,-8.642065152999546
HG03594,FIRST,3.09e-08,PASS,-7.510041520575165
HG03595,FIRST,9e-05,PASS,-4.045757490560675
HG03598,FIRST,6.72e-05,PASS,-4.172630726946175
HG03600,FIRST,0.00109877,PASS,-2.9590932067435762
HG03603,FIRST,5.07e-09,PASS,-8.294992040666664
HG03604,FIRST,0.00141014,PASS,-2.8507377680473396
HG03607,FIRST,0.000112187,PASS,-3.9500574653201928
HG03611,FIRST,2.71e-05,PASS,-4.567030709125595
HG03615,FIRST,5.79e-09,PASS,-8.237321436272564
HG03616,FIRST,4.96e-09,PASS,-8.304518323509802
HG03619,FIRST,1.35e-08,PASS,-7.8696662315049934
HG03624,FIRST,1.37e-08,PASS,-7.863279432843593
HG03625,FIRST,0.00123791,PASS,-2.907310928760322
HG03629,FIRST,6.71e-09,PASS,-8.173277479831007
HG03631,FIRST,3.72e-09,PASS,-8.429457060118102
HG03634,FIRST,1.51e-07,PASS,-6.82102305270683
HG03636,FIRST,9.64e-10,PASS,-9.01592296609717
HG03640,FIRST,1.39e-09,PASS,-8.856985199745905
HG03642,FIRST,5.2e-09,PASS,-8.2839966563652
HG03643,FIRST,2.19e-09,PASS,-8.659555885159882
HG03644,FIRST,3.97e-09,PASS,-8.401209493236886
HG03645,FIRST,6.68e-09,PASS,-8.175223537524454
HG03646,FIRST,3.7e-10,PASS,-9.431798275933005
HG03649,FIRST,1.6e-08,PASS,-7.795880017344075
HG03652,FIRST,0.000130683,PASS,-3.8837809042816103
HG03653,FIRST,1.45e-09,PASS,-8.838631997765026
HG03660,FIRST,4.7e-08,PASS,-7.327902142064283
HG03663,FIRST,9.61e-05,PASS,-4.017276612331455
HG03667,FIRST,4.9e-08,PASS,-7.309803919971486
HG03668,FIRST,0.000688847,PASS,-3.161877228650389
HG03672,FIRST,7e-05,PASS,-4.154901959985743
HG03673,FIRST,1.09e-08,PASS,-7.962573502059376
HG03679,FIRST,1.37e-09,PASS,-8.863279432843592
HG03680,FIRST,8.66e-08,PASS,-7.062482107982653
HG03681,FIRST,4.96e-09,PASS,-8.304518323509802
HG03684,FIRST,4.83e-09,PASS,-8.316052869248487
HG03685,FIRST,4.84e-05,PASS,-4.315154638355588
HG03686,FIRST,0.000260804,PASS,-3.5836857520328866
HG03687,FIRST,2.06e-05,PASS,-4.686132779630847
HG03689,FIRST,1.35e-08,PASS,-7.8696662315049934
HG03690,FIRST,0.000351103,PASS,-3.4545654596890794
HG03691,FIRST,1.6e-09,PASS,-8.795880017344075
HG03692,FIRST,6.7e-10,PASS,-9.173925197299173
HG03693,FIRST,1.26e-08,PASS,-7.8996294548824375
HG03694,FIRST,1.02e-08,PASS,-7.991399828238082
HG03695,FIRST,7.41e-09,PASS,-8.130181792020672
HG03696,FIRST,8.62e-09,PASS,-8.064492734175287
HG03697,FIRST,1.25e-08,PASS,-7.903089986991944
HG03698,FIRST,5.29e-09,PASS,-8.276544327964814
HG03702,FIRST,3.7e-09,PASS,-8.431798275933005
HG03703,FIRST,1.34e-09,PASS,-8.872895201635192
HG03705,FIRST,2.11e-09,PASS,-8.675717544702307
HG03706,FIRST,2.85e-09,PASS,-8.54515513999149
HG03708,FIRST,1.96e-08,PASS,-7.707743928643524
HG03709,FIRST,8.82e-09,PASS,-8.05453141486818
HG03711,FIRST,3.96e-09,PASS,-8.402304814074487
HG03713,FIRST,3.23e-09,PASS,-8.490797477668897
HG03714,FIRST,1.9e-09,PASS,-8.721246399047171
HG03716,FIRST,0.00317238,PASS,-2.498614796758391
HG03717,FIRST,0.00284522,PASS,-2.545884147162747
HG03718,FIRST,0.000385361,PASS,-3.414132239711272
HG03720,FIRST,0.000402899,PASS,-3.3948038105342353
HG03722,FIRST,4.94e-05,PASS,-4.306273051076353
HG03727,FIRST,2.7e-09,PASS,-8.568636235841012
HG03729,FIRST,8.97e-05,PASS,-4.047207556955908
HG03730,FIRST,3.81e-09,PASS,-8.41907502432438
HG03731,FIRST,2.4e-09,PASS,-8.619788758288394
HG03733,FIRST,5.71e-09,PASS,-8.243363891754152
HG03736,FIRST,1.77e-09,PASS,-8.752026733638193
HG03738,FIRST,1.85e-09,PASS,-8.732828271596986
HG03740,FIRST,8.12e-10,PASS,-9.090443970758825
HG03741,FIRST,0.000183401,PASS,-3.736598300654559
HG03742,FIRST,1.19e-08,PASS,-7.924453038607469
HG03743,FIRST,1.74e-08,PASS,-7.7594507517174005
HG03744,FIRST,1.44e-09,PASS,-8.84163750790475
HG03745,FIRST,3e-09,PASS,-8.522878745280337
HG03746,FIRST,2.78e-09,PASS,-8.555955204081924
HG03750,FIRST,5.8e-10,PASS,-9.236572006437063
HG03752,FIRST,2.57e-09,PASS,-8.590066876668706
HG03753,FIRST,1.86e-10,PASS,-9.730487055782083
HG03754,FIRST,2.84e-07,PASS,-6.546681659952962
HG03755,FIRST,0.00284423,PASS,-2.546035287094172
HG03756,FIRST,0.00155076,PASS,-2.809455409627245
HG03757,FIRST,0.000534817,PASS,-3.2717947964570784
HG03760,FIRST,4.75e-09,PASS,-8.323306390375134
HG03762,FIRST,0.00543128,PASS,-2.2650978073490813
HG03765,FIRST,1.5e-09,PASS,-8.823908740944319
HG03767,FIRST,0.00191567,PASS,-2.7176793018975984
HG03770,FIRST,0.000106069,PASS,-3.9744115255815227
HG03771,FIRST,0.000747842,PASS,-3.1261901478257865
HG03772,FIRST,2.29e-05,PASS,-4.640164517660112
HG03773,FIRST,0.000348188,PASS,-3.4581862005466237
HG03774,FIRST,1.71e-10,PASS,-9.767003889607846
HG03775,FIRST,2.82e-09,PASS,-8.549750891680638
HG03777,FIRST,5.48e-10,PASS,-9.261219441515632
HG03778,FIRST,3.23e-05,PASS,-4.490797477668897
HG03779,FIRST,1.47e-09,PASS,-8.832682665251824
HG03780,FIRST,3.1e-09,PASS,-8.508638306165727
HG03781,FIRST,1.54e-09,PASS,-8.812479279163536
HG03782,FIRST,5.12e-09,PASS,-8.290730039024169
HG03784,FIRST,2.55e-09,PASS,-8.593459819566045
HG03785,FIRST,4.85e-09,PASS,-8.314258261397736
HG03786,FIRST,9.5e-08,PASS,-7.022276394711152
HG03787,FIRST,0.000334494,PASS,-3.4756116680015747
HG03788,FIRST,2.81e-09,PASS,-8.55129368009492
HG03789,FIRST,0.00453157,PASS,-2.3437513069920293
HG03790,FIRST,4.42e-09,PASS,-8.354577730650908
HG03792,FIRST,4.42e-05,PASS,-4.354577730650908
HG03793,FIRST,6.19e-09,PASS,-8.208309350979881
HG03796,FIRST,0.0016233,PASS,-2.789601211347756
HG03800,FIRST,2e-05,PASS,-4.698970004336019
HG03802,FIRST,5.74e-10,PASS,-9.241088107602026
HG03803,FIRST,1.79e-08,PASS,-7.747146969020107
HG03805,FIRST,0.000817157,PASS,-3.087694494651016
HG03808,FIRST,3.13e-05,PASS,-4.504455662453552
HG03809,FIRST,4.37e-08,PASS,-7.359518563029578
HG03812,FIRST,0.00139506,PASS,-2.855407113459523
HG03814,FIRST,1.4e-09,PASS,-8.853871964321762
HG03815,FIRST,2.74e-05,PASS,-4.562249437179612
HG03817,FIRST,0.00167153,PASS,-2.7768858244453054
HG03821,FIRST,0.000823958,PASS,-3.0840949252362817
HG03823,FIRST,0.000242733,PASS,-3.614871176516657
HG03824,FIRST,0.000150629,PASS,-3.822091407102721
HG03826,FIRST,0.00221368,PASS,-2.654885158650829
HG03829,FIRST,1.16e-09,PASS,-8.935542010773082
HG03830,FIRST,5.34e-09,PASS,-8.272458742971443
HG03832,FIRST,0.00223638,PASS,-2.65045440030197
HG03833,FIRST,0.000775489,PASS,-3.110424358099483
HG03836,FIRST,3.17e-09,PASS,-8.498940737782249
HG03837,FIRST,0.000252443,PASS,-3.5978366673670763
HG03838,FIRST,4.02e-05,PASS,-4.39577394691553
HG03844,FIRST,0.00100156,PASS,-2.9993230285088113
HG03846,FIRST,6.96e-05,PASS,-4.157390760389438
HG03848,FIRST,0.00104905,PASS,-2.979203811895478
HG03849,FIRST,3.1e-09,PASS,-8.508638306165727
HG03850,FIRST,0.00262006,PASS,-2.5816887631189767
HG03851,FIRST,1.26e-09,PASS,-8.899629454882437
HG03854,FIRST,0.00211191,PASS,-2.6753245933996856
HG03856,FIRST,2.93e-08,PASS,-7.533132379645891
HG03857,FIRST,0.000169493,PASS,-3.7708482332965874
HG03858,FIRST,0.00223056,PASS,-2.6515860901455444
HG03861,FIRST,0.000446092,PASS,-3.350575565117515
HG03862,FIRST,0.000222294,PASS,-3.6530722593075664
HG03863,FIRST,0.000516955,PASS,-3.2865472598117895
HG03864,FIRST,9.47e-10,PASS,-9.023650020996726
HG03866,FIRST,1.2e-09,PASS,-8.920818753952375
HG03867,FIRST,2.26e-09,PASS,-8.645891560852599
HG03868,FIRST,0.000695819,PASS,-3.157503716602376
HG03869,FIRST,0.000678437,PASS,-3.168490474935236
HG03870,FIRST,0.00113113,PASS,-2.9464874790372617
HG03871,FIRST,0.000476248,PASS,-3.3221668351290017
HG03872,FIRST,9.2e-09,PASS,-8.036212172654444
HG03873,FIRST,1.57e-09,PASS,-8.804100347590767
HG03874,FIRST,8.38e-05,PASS,-4.076755981369724
HG03875,FIRST,0.00312476,PASS,-2.5051833334169684
HG03882,FIRST,8.29e-09,PASS,-8.081445469449726
HG03884,FIRST,0.00203929,PASS,-2.690521010394391
HG03885,FIRST,6.24e-10,PASS,-9.204815410317575
HG03886,FIRST,1.84e-09,PASS,-8.735182176990463
HG03887,FIRST,0.00324083,PASS,-2.4893437495905277
HG03888,FIRST,0.000239509,PASS,-3.6206781625128888
HG03890,FIRST,3.68e-08,PASS,-7.434152181326482
HG03894,FIRST,0.00111383,PASS,-2.953181088961078
HG03895,FIRST,0.00161823,PASS,-2.7909597518016516
HG03896,FIRST,0.000951951,PASS,-3.0213854055832674
HG03897,FIRST,5.72e-09,PASS,-8.242603971206975
HG03898,FIRST,0.00637854,PASS,-2.1952787166557926
HG03899,FIRST,0.00043833,PASS,-3.3581988045260776
HG03900,FIRST,4.63e-09,PASS,-8.334419008982048
HG03902,FIRST,4.03e-05,PASS,-4.394694953858891
HG03905,FIRST,0.000161134,PASS,-3.792812811818972
HG03907,FIRST,9.25e-05,PASS,-4.0338582672609675
HG03908,FIRST,0.000572813,PASS,-3.2419871342682907
HG03910,FIRST,2.94e-09,PASS,-8.531652669587842
HG03911,FIRST,4.75e-09,PASS,-8.323306390375134
HG03913,FIRST,2.15e-08,PASS,-7.667561540084395
HG03914,FIRST,0.000459049,PASS,-3.3381409543455045
HG03916,FIRST,1.43e-09,PASS,-8.844663962534938
HG03917,FIRST,0.00733572,PASS,-2.1345572537796453
HG03919,FIRST,0.000244568,PASS,-3.6116003679561977
HG03920,FIRST,0.000461232,PASS,-3.3360805692409286
HG03922,FIRST,0.000931019,PASS,-3.0310414559564047
HG03925,FIRST,9.34e-05,PASS,-4.029653123769907
HG03926,FIRST,0.000927597,PASS,-3.032640664610972
HG03928,FIRST,0.00239667,PASS,-2.620391760311495
HG03931,FIRST,4.64e-10,PASS,-9.33348201944512
HG03934,FIRST,1.34e-07,PASS,-6.872895201635193
HG03937,FIRST,0.0019478,PASS,-2.710455638502353
HG03940,FIRST,4.31e-09,PASS,-8.365522729839268
HG03941,FIRST,0.00145848,PASS,-2.8360995219410774
HG03943,FIRST,4.24e-05,PASS,-4.372634143407267
HG03944,FIRST,0.000630295,PASS,-3.200456138029109
HG03945,FIRST,3.45e-09,PASS,-8.462180904926726
HG03947,FIRST,0.000137014,PASS,-3.8632350546530487
HG03949,FIRST,0.00103253,PASS,-2.986097321129014
HG03950,FIRST,9.7e-09,PASS,-8.013228265733755
HG03951,FIRST,4.48e-05,PASS,-4.348721986001856
HG03953,FIRST,0.00126988,PASS,-2.8962373166819373
HG03955,FIRST,3.14e-05,PASS,-4.503070351926785
HG03960,FIRST,0.00059695,PASS,-3.2240620434660627
HG03963,FIRST,0.000875822,PASS,-3.0575841498511322
HG03965,FIRST,0.00105576,PASS,-2.976434796311531
HG03967,FIRST,0.00114232,PASS,-2.9422122194116684
HG03968,FIRST,0.000764928,PASS,-3.1163794415447894
HG03969,FIRST,4.46e-08,PASS,-7.350665141287858
HG03971,FIRST,1.85e-07,PASS,-6.732828271596986
HG03973,FIRST,2.42e-08,PASS,-7.616184634019569
HG03974,FIRST,1.57e-09,PASS,-8.804100347590767
HG03976,FIRST,0.00053033,PASS,-3.275453804776706
HG03977,FIRST,0.000212708,PASS,-3.672216175868222
HG03978,FIRST,0.00111332,PASS,-2.9533799890707626
HG03985,FIRST,0.000249999,PASS,-3.6020617285093643
HG03986,FIRST,0.00118263,PASS,-2.9271511083665063
HG03989,FIRST,0.000837944,PASS,-3.076785004405094
HG03990,FIRST,0.00191802,PASS,-2.7171468685708025
HG03991,FIRST,1.3e-08,PASS,-7.886056647693163
HG03995,FIRST,0.00284945,PASS,-2.5452389592953835
HG03998,FIRST,0.00066913,PASS,-3.174489498378852
HG03999,FIRST,0.000138716,PASS,-3.857873442957354
HG04001,FIRST,1.99e-10,PASS,-9.701146923590294
HG04002,FIRST,1.26e-09,PASS,-8.899629454882437
HG04003,FIRST,0.00172135,PASS,-2.764130816125479
HG04006,FIRST,0.000612723,PASS,-3.2127358170964686
HG04014,FIRST,1.26e-09,PASS,-8.899629454882437
HG04015,FIRST,5.82e-09,PASS,-8.235077015350111
HG04017,FIRST,0.000527135,PASS,-3.2780781471274243
HG04018,FIRST,0.000253614,PASS,-3.595826776204634
HG04019,FIRST,0.000929467,PASS,-3.031766024904797
HG04020,FIRST,0.00443107,PASS,-2.353491389130292
HG04022,FIRST,0.000358887,PASS,-3.445042272874668
HG04023,FIRST,6.02e-10,PASS,-9.220403508742175
HG04025,FIRST,0.000402846,PASS,-3.394860944261591
HG04026,FIRST,0.0015048,PASS,-2.8225212174576777
HG04029,FIRST,0.00147193,PASS,-2.832112843080447
HG04033,FIRST,0.000985719,PASS,-3.0062468722214026
HG04035,FIRST,0.00174892,PASS,-2.7572300557890017
HG04038,FIRST,0.000237711,PASS,-3.623950720969478
HG04039,FIRST,0.000315703,PASS,-3.500721291160506
HG04042,FIRST,0.00282173,PASS,-2.549484544486696
HG04047,FIRST,0.000470709,PASS,-3.3272474978629996
HG04054,FIRST,2.67e-05,PASS,-4.573488738635425
HG04056,FIRST,7.25e-09,PASS,-8.139661993429007
HG04059,FIRST,0.00255652,PASS,-2.592350805379978
HG04060,FIRST,0.000291175,PASS,-3.5358459158567186
HG04061,FIRST,0.00346089,PASS,-2.4608122039859053
HG04062,FIRST,9.56e-05,PASS,-4.0195421077238995
HG04063,FIRST,3.91e-08,PASS,-7.407823242604133
HG04070,FIRST,0.000141155,PASS,-3.8503037336421055
HG04075,FIRST,0.000517831,PASS,-3.285811954044165
HG04076,FIRST,0.00290428,PASS,-2.5369615158669396
HG04080,FIRST,2.29e-09,PASS,-8.640164517660113
HG04090,FIRST,0.00145389,PASS,-2.8374684505610057
HG04093,FIRST,0.00580688,PASS,-2.2360571486310996
HG04094,FIRST,0.0016921,PASS,-2.771573974532891
HG04096,FIRST,0.000730879,PASS,-3.136154516314333
HG04098,FIRST,0.000835899,PASS,-3.0778461943224067
HG04099,FIRST,0.00148236,PASS,-2.829046312532692
HG04100,FIRST,0.00166407,PASS,-2.7788284088299613
HG04106,FIRST,0.00065871,PASS,-3.181305743402492
HG04107,FIRST,6.68e-09,PASS,-8.175223537524454
HG04118,FIRST,0.000379752,PASS,-3.420499930205988
HG04131,FIRST,0.000575622,PASS,-3.239862615888984
HG04134,FIRST,0.000837111,PASS,-3.0772169512166885
HG04140,FIRST,1.13e-09,PASS,-8.94692155651658
HG04141,FIRST,1.4e-09,PASS,-8.853871964321762
HG04144,FIRST,0.00164278,PASS,-2.784420593097732
HG04146,FIRST,0.00139562,PASS,-2.855232815501226
HG04152,FIRST,0.00246113,PASS,-2.6088654457073877
HG04153,FIRST,0.000406192,PASS,-3.391268634328723
HG04155,FIRST,0.00145332,PASS,-2.8376387498223985
HG04156,FIRST,0.000610137,PASS,-3.214572637671775
HG04158,FIRST,0.00133126,PASS,-2.8757371169234727
HG04159,FIRST,0.000927974,PASS,-3.0324641916849235
HG04161,FIRST,0.000121362,PASS,-3.9159172751530433
HG04162,FIRST,7.85e-09,PASS,-8.105130343254748
HG04164,FIRST,0.00138969,PASS,-2.8570820675908433
HG04171,FIRST,9.15e-09,PASS,-8.038578905933552
HG04173,FIRST,2.79e-09,PASS,-8.554395796726402
HG04176,FIRST,0.000465145,PASS,-3.33241164305931
HG04177,FIRST,0.000316505,PASS,-3.4996194248085297
HG04180,FIRST,0.000364279,PASS,-3.4385658642974626
HG04182,FIRST,0.000510493,PASS,-3.2920102086842524
HG04183,FIRST,2.59e-07,PASS,-6.586700235918748
HG04185,FIRST,0.000145609,PASS,-3.836811780726697
HG04186,FIRST,3.09e-09,PASS,-8.510041520575164
HG04188,FIRST,0.00202982,PASS,-2.6925424726644946
HG04189,FIRST,0.00164287,PASS,-2.784396800847565
HG04194,FIRST,8.03e-05,PASS,-4.095284454721319
HG04195,FIRST,0.0020516,PASS,-2.687907309606284
HG04198,FIRST,0.00415935,PASS,-2.3809745331880534
HG04200,FIRST,0.00126563,PASS,-2.89769323937734
HG04202,FIRST,0.00260325,PASS,-2.584484122936888
HG04206,FIRST,5.63e-09,PASS,-8.249491605148654
HG04209,FIRST,3.69e-09,PASS,-8.43297363384094
HG04210,FIRST,0.00176315,PASS,-2.753710738522495
HG04211,FIRST,2.57e-09,PASS,-8.590066876668706
HG04212,FIRST,0.000750027,PASS,-3.1249231022883674
HG04214,FIRST,0.00182442,PASS,-2.7388751755003664
HG04216,FIRST,2.89e-07,PASS,-6.539102157243452
HG04219,FIRST,7.56e-09,PASS,-8.121478204498793
HG04222,FIRST,8.25e-10,PASS,-9.083546051450075
HG04225,FIRST,0.00143196,PASS,-2.844069113328375
HG04227,FIRST,0.00066598,PASS,-3.1765388129018604
HG04229,FIRST,6.13e-08,PASS,-7.212539525481585
HG04235,FIRST,8.8e-09,PASS,-8.05551732784983
HG04238,FIRST,0.000338666,PASS,-3.4702284016830007
HG04239,FIRST,1.15e-09,PASS,-8.939302159646388
HGDP00001,FIRST,0.000252265,PASS,-3.5981430006171293
HGDP00003,FIRST,0.00939232,PASS,-2.027227119262269
HGDP00005,FIRST,0.000652139,PASS,-3.185659826815503
HGDP00007,FIRST,0.0099481,PASS,-2.0022598577778647
HGDP00009,FIRST,0.000225891,PASS,-3.646101071993319
HGDP00011,FIRST,0.00787284,PASS,-2.103868574650092
HGDP00013,FIRST,0.0143974,PASS,-1.8417159292661245
HGDP00015,FIRST,0.0133287,PASS,-1.8752122069521242
HGDP00017,FIRST,0.0080504,PASS,-2.0941825403182266
HGDP00021,FIRST,0.00851422,PASS,-2.069855132224232
HGDP00023,FIRST,0.0108064,PASS,-1.9663189610446825
HGDP00025,FIRST,0.0100964,PASS,-1.9958334518448366
HGDP00029,FIRST,0.00925764,PASS,-2.0334997115477367
HGDP00031,FIRST,0.00834549,PASS,-2.078548158918985
HGDP00033,FIRST,0.0151072,PASS,-1.8208160212488391
HGDP00035,FIRST,0.019857,PASS,-1.7020863641921338
HGDP00037,FIRST,0.0116782,PASS,-1.9326240913254742
HGDP00039,FIRST,0.00818104,PASS,-2.0871914839140886
HGDP00041,FIRST,0.0109631,PASS,-1.9600666244529539
HGDP00043,FIRST,0.0112846,PASS,-1.9475138305491408
HGDP00045,FIRST,0.00973429,PASS,-2.0116957195755947
HGDP00047,FIRST,0.00760211,PASS,-2.1190658505909283
HGDP00049,FIRST,0.0146159,PASS,-1.8351744370291339
HGDP00052,FIRST,0.0127439,PASS,-1.8946976450552129
HGDP00054,FIRST,0.00742958,PASS,-2.129035736554097
HGDP00056,FIRST,0.000542882,PASS,-3.26529455773697
HGDP00057,FIRST,0.000301763,PASS,-3.5203340113494157
HGDP00060,FIRST,0.00828106,PASS,-2.0819140686877833
HGDP00062,FIRST,0.00022231,PASS,-3.653041001326471
HGDP00064,FIRST,0.0116077,PASS,-1.9352538247285047
HGDP00066,FIRST,0.0124309,PASS,-1.9054974272003493
HGDP00068,FIRST,0.0074986,PASS,-2.125019812478905
HGDP00070,FIRST,0.00703944,PASS,-2.152461888383925
HGDP00072,FIRST,0.0112735,PASS,-1.947941230830033
HGDP00074,FIRST,0.0122956,PASS,-1.910250273730369
HGDP00076,FIRST,0.00863191,PASS,-2.063893096442284
HGDP00078,FIRST,0.00893212,PASS,-2.0490454509624727
HGDP00080,FIRST,0.0121453,PASS,-1.9155917532560975
HGDP00082,FIRST,0.00855972,PASS,-2.067540441449459
HGDP00086,FIRST,0.00908097,PASS,-2.0418677590617866
HGDP00088,FIRST,0.0126269,PASS,-1.8987032589573696
HGDP00092,FIRST,0.0161542,PASS,-1.7917145445598845
HGDP00094,FIRST,0.0167332,PASS,-1.77642099810223
HGDP00096,FIRST,0.0134997,PASS,-1.8696758826007154
HGDP00098,FIRST,0.0103729,PASS,-1.9840998089026276
HGDP00099,FIRST,0.0128096,PASS,-1.8924644315749888
HGDP00100,FIRST,0.0150123,PASS,-1.8235527653991932
HGDP00102,FIRST,0.0101151,PASS,-1.995029819345622
HGDP00103,FIRST,0.000643669,PASS,-3.191337406597511
HGDP00104,FIRST,0.00909133,PASS,-2.041372577789195
HGDP00105,FIRST,0.000762529,PASS,-3.117743634865795
HGDP00106,FIRST,0.0127748,PASS,-1.8936458903773046
HGDP00108,FIRST,0.0124582,PASS,-1.9045447013797479
HGDP00109,FIRST,0.0131422,PASS,-1.8813319279356828
HGDP00110,FIRST,0.00903577,PASS,-2.0440348323114486
HGDP00115,FIRST,0.013509,PASS,-1.8693767983174048
HGDP00118,FIRST,0.000354381,PASS,-3.450529570691181
HGDP00119,FIRST,0.0129255,PASS,-1.8885526479987456
HGDP00120,FIRST,0.0114264,PASS,-1.9420905768138834
HGDP00121,FIRST,0.00694891,PASS,-2.158083313123613
HGDP00122,FIRST,0.0101873,PASS,-1.9919409043622978
HGDP00127,FIRST,0.0008802,PASS,-3.0554186357730737
HGDP00129,FIRST,0.0101714,PASS,-1.9926192663074338
HGDP00130,FIRST,0.000753257,PASS,-3.123056823747207
HGDP00131,FIRST,0.0073628,PASS,-2.1329569963555772
HGDP00133,FIRST,0.0115144,PASS,-1.9387586876153537
HGDP00134,FIRST,0.0102184,PASS,-1.990617100832399
HGDP00135,FIRST,0.00323623,PASS,-2.489960620501908
HGDP00136,FIRST,0.00277145,PASS,-2.5572929521499876
HGDP00137,FIRST,0.0138692,PASS,-1.8579485890785306
HGDP00139,FIRST,0.0153033,PASS,-1.8152149079239202
HGDP00140,FIRST,0.021996,FAIL,-1.6576562889901585
HGDP00141,FIRST,0.0102438,PASS,-1.9895389092883689
HGDP00143,FIRST,0.0105306,PASS,-1.9775468833951795
HGDP00144,FIRST,0.00949904,PASS,-2.022320283529006
HGDP00145,FIRST,0.012665,PASS,-1.8973948058734333
HGDP00146,FIRST,0.019929,PASS,-1.700514492838788
HGDP00148,FIRST,0.0120194,PASS,-1.920117211467467
HGDP00149,FIRST,0.0145001,PASS,-1.838629002640995
HGDP00150,FIRST,0.0216867,FAIL,-1.6638065282451646
HGDP00151,FIRST,0.00722541,PASS,-2.141137504185874
HGDP00153,FIRST,0.0111294,PASS,-1.9535282483978187
HGDP00154,FIRST,0.0088272,PASS,-2.054177033386335
HGDP00155,FIRST,0.0105531,PASS,-1.9766199465148084
HGDP00158,FIRST,0.01006,PASS,-1.9974020192800914
HGDP00161,FIRST,0.0172326,PASS,-1.763649192635187
HGDP00163,FIRST,0.00112632,PASS,-2.9483382040758994
HGDP00165,FIRST,0.00111977,PASS,-2.9508711719624716
HGDP00167,FIRST,0.000412826,PASS,-3.38423295842313
HGDP00169,FIRST,0.0136543,PASS,-1.8647305594517305
HGDP00171,FIRST,0.00933193,PASS,-2.0300285275644994
HGDP00173,FIRST,0.0117944,PASS,-1.9283241474716462
HGDP00175,FIRST,0.0154481,PASS,-1.8111249279063142
HGDP00177,FIRST,0.0084924,PASS,-2.0709695583471173
HGDP00179,FIRST,0.00925467,PASS,-2.0336390625657694
HGDP00181,FIRST,0.009756,PASS,-2.010728208358307
HGDP00183,FIRST,0.010917,PASS,-1.9618966896941021
HGDP00185,FIRST,0.0151954,PASS,-1.8182878631716468
HGDP00187,FIRST,0.0111368,PASS,-1.9532395795378958
HGDP00189,FIRST,0.0184438,PASS,-1.7341495958089148
HGDP00191,FIRST,0.0140032,PASS,-1.8537727083547197
HGDP00192,FIRST,0.0103982,PASS,-1.9830418335593878
HGDP00197,FIRST,0.0139646,PASS,-1.8549714996536824
HGDP00199,FIRST,0.00942666,PASS,-2.025642156733864
HGDP00201,FIRST,0.0146891,PASS,-1.833004812583304
HGDP00205,FIRST,0.0148174,PASS,-1.8292279950553514
HGDP00206,FIRST,0.00850266,PASS,-2.070445186920873
HGDP00210,FIRST,0.0103871,PASS,-1.9835056872644001
HGDP00213,FIRST,0.000189579,PASS,-3.722209771898959
HGDP00214,FIRST,0.000991958,PASS,-3.003506715703067
HGDP00218,FIRST,0.000967607,PASS,-3.0143009984639644
HGDP00222,FIRST,0.00902411,PASS,-2.044595619466468
HGDP00224,FIRST,0.00937334,PASS,-2.028105629485441
HGDP00226,FIRST,0.018171,PASS,-1.740621171617036
HGDP00228,FIRST,0.0185521,PASS,-1.7316069234186275
HGDP00230,FIRST,0.0094154,PASS,-2.026161224866368
HGDP00234,FIRST,0.00969058,PASS,-2.013650228804624
HGDP00237,FIRST,0.0111995,PASS,-1.950801365909116
HGDP00239,FIRST,0.0125492,PASS,-1.9013839591757429
HGDP00241,FIRST,0.0132816,PASS,-1.8767496034834608
HGDP00243,FIRST,0.00881822,PASS,-2.054619070445717
HGDP00244,FIRST,0.0137936,PASS,-1.8603223722510613
HGDP00247,FIRST,0.0222544,FAIL,-1.6525841102200032
HGDP00248,FIRST,0.00913427,PASS,-2.0393261552233186
HGDP00251,FIRST,0.010726,PASS,-1.9695622073729506
HGDP00254,FIRST,0.011481,PASS,-1.9400202830558382
HGDP00258,FIRST,0.0108107,PASS,-1.9661461842802863
HGDP00259,FIRST,0.0109864,PASS,-1.959144592950714
HGDP00262,FIRST,0.0106891,PASS,-1.9710588599444738
HGDP00264,FIRST,0.0122711,PASS,-1.9111165047124818
HGDP00274,FIRST,0.00916624,PASS,-2.037808775793926
HGDP00277,FIRST,0.0129412,PASS,-1.8880254509304548
HGDP00279,FIRST,0.000523288,PASS,-3.281259224353661
HGDP00281,FIRST,0.0277953,FAIL,-1.5560286341765472
HGDP00285,FIRST,0.00897583,PASS,-2.046925381440084
HGDP00288,FIRST,0.000499791,PASS,-3.3012115687088275
HGDP00290,FIRST,0.010668,PASS,-1.9719169929821614
HGDP00298,FIRST,0.0127993,PASS,-1.8928137814810615
HGDP00302,FIRST,0.00871515,PASS,-2.059725133670262
HGDP00304,FIRST,0.00911477,PASS,-2.0402542857573427
HGDP00307,FIRST,0.0115194,PASS,-1.9385701410061427
HGDP00309,FIRST,0.0137632,PASS,-1.861280579126002
HGDP00311,FIRST,0.00951937,PASS,-2.021391792642534
HGDP00313,FIRST,0.00931166,PASS,-2.0309728899557413
HGDP00315,FIRST,0.0179987,PASS,-1.7447588617419811
HGDP00319,FIRST,0.000902535,PASS,-3.0445359473035993
HGDP00321,FIRST,0.000462548,PASS,-3.3348431925390876
HGDP00323,FIRST,0.0177326,PASS,-1.7512275823422125
HGDP00326,FIRST,0.00796268,PASS,-2.0989407371215014
HGDP00330,FIRST,0.00881409,PASS,-2.054822519255665
HGDP00333,FIRST,0.0101042,PASS,-1.9954980660516228
HGDP00341,FIRST,0.000201323,PASS,-3.696106606619135
HGDP00346,FIRST,0.00128076,PASS,-2.8925322445260977
HGDP00351,FIRST,0.0079528,PASS,-2.0994799392105854
HGDP00356,FIRST,0.0127421,PASS,-1.8947589908975362
HGDP00359,FIRST,0.000218081,PASS,-3.6613821700682507
HGDP00364,FIRST,0.0120922,PASS,-1.917494678383232
HGDP00371,FIRST,0.0110165,PASS,-1.95795636121218
HGDP00372,FIRST,0.010212,PASS,-1.9908891938677873
HGDP00376,FIRST,0.0107826,PASS,-1.9672765054290031
HGDP00382,FIRST,0.0104154,PASS,-1.9823240464596887
HGDP00388,FIRST,0.00870262,PASS,-2.060349979537093
HGDP00392,FIRST,0.0110182,PASS,-1.957889348670988
HGDP00397,FIRST,0.0138798,PASS,-1.8576167917718103
HGDP00402,FIRST,0.0149299,PASS,-1.825943101155995
HGDP00407,FIRST,0.00888552,PASS,-2.051317151255153
HGDP00412,FIRST,0.008083,PASS,-2.092427421201449
HGDP00417,FIRST,0.0140599,PASS,-1.8520177681926269
HGDP00423,FIRST,0.015801,PASS,-1.8013154269228568
HGDP00433,FIRST,0.0103045,PASS,-1.9869730764232574
HGDP00438,FIRST,0.00990898,PASS,-2.0039710481555195
HGDP00444,FIRST,0.0110399,PASS,-1.9570348604514651
HGDP00445,FIRST,0.0134298,PASS,-1.8719304549070954
HGDP00450,FIRST,0.000185999,PASS,-3.7304893907049297
HGDP00452,FIRST,0.000163879,PASS,-3.7854766948031457
HGDP00453,FIRST,0.00046011,PASS,-3.337138327705375
HGDP00454,FIRST,0.00530709,PASS,-2.275143547348578
HGDP00455,FIRST,0.00782212,PASS,-2.1066755257735488
HGDP00458,FIRST,0.00114466,PASS,-2.9413234932817574
HGDP00459,FIRST,0.000876083,PASS,-3.0574547468748117
HGDP00460,FIRST,0.00877508,PASS,-2.056748915500295
HGDP00462,FIRST,0.000161322,PASS,-3.7923064024369233
HGDP00463,FIRST,3.49278e-27,PASS,-26.45682876844051
HGDP00464,FIRST,0.000572452,PASS,-3.2422609229777324
HGDP00465,FIRST,0.000667909,PASS,-3.1752827044256646
HGDP00466,FIRST,0.000806295,PASS,-3.093506033341094
HGDP00467,FIRST,0.000147723,PASS,-3.830551881157696
HGDP00468,FIRST,0.000365718,PASS,-3.436853663921474
HGDP00469,FIRST,0.0115381,PASS,-1.9378657013581166
HGDP00470,FIRST,0.000231796,PASS,-3.6348940627335806
HGDP00471,FIRST,0.000135117,PASS,-3.869290005961541
HGDP00472,FIRST,0.000467248,PASS,-3.330452548891501
HGDP00473,FIRST,0.000280945,PASS,-3.5513786926729516
HGDP00475,FIRST,0.00052596,PASS,-3.279047283298416
HGDP00478,FIRST,0.00026873,PASS,-3.570683847868338
HGDP00479,FIRST,0.000214036,PASS,-3.669513173910454
HGDP00490,FIRST,0.000563396,PASS,-3.2491862407440943
HGDP00491,FIRST,0.000526791,PASS,-3.2783616533832336
HGDP00511,FIRST,0.00958475,PASS,-2.0184192103849203
HGDP00512,FIRST,0.0135522,PASS,-1.8679901977560294
HGDP00513,FIRST,0.0106623,PASS,-1.9721491021044686
HGDP00514,FIRST,0.0160697,PASS,-1.7939922308633336
HGDP00515,FIRST,0.0102645,PASS,-1.9886622009480077
HGDP00516,FIRST,0.0162028,PASS,-1.790409928699783
HGDP00517,FIRST,0.0169497,PASS,-1.7708379841569213
HGDP00518,FIRST,0.00993572,PASS,-2.0028006559122984
HGDP00519,FIRST,0.00980715,PASS,-2.008457182130978
HGDP00520,FIRST,0.00837438,PASS,-2.077047336236909
HGDP00522,FIRST,0.0137097,PASS,-1.8629720484759917
HGDP00523,FIRST,0.00885327,PASS,-2.0528962908100796
HGDP00524,FIRST,0.0148067,PASS,-1.8295417228079882
HGDP00525,FIRST,0.0185137,PASS,-1.732506777951456
HGDP00527,FIRST,0.0211382,FAIL,-1.6749319973195178
HGDP00528,FIRST,0.0113394,PASS,-1.9454099245950478
HGDP00529,FIRST,0.0115404,PASS,-1.9377791379062732
HGDP00531,FIRST,0.0110811,PASS,-1.9554171258695088
HGDP00534,FIRST,0.00919151,PASS,-2.0366131359699384
HGDP00535,FIRST,0.0100927,PASS,-1.995992635721387
HGDP00536,FIRST,0.00986818,PASS,-2.0057629373852013
HGDP00537,FIRST,0.0143429,PASS,-1.84336302951452
HGDP00538,FIRST,0.0187081,PASS,-1.7279703173324816
HGDP00539,FIRST,0.0102406,PASS,-1.9896745971633758
HGDP00540,FIRST,0.00102128,PASS,-2.99085517291427
HGDP00541,FIRST,0.00091976,PASS,-3.0363254816471916
HGDP00542,FIRST,0.00444787,PASS,-2.351847914570717
HGDP00543,FIRST,0.00146234,PASS,-2.834951640403653
HGDP00544,FIRST,0.00168395,PASS,-2.773670807757076
HGDP00545,FIRST,0.00185034,PASS,-2.7327484626473963
HGDP00546,FIRST,0.0038745,PASS,-2.4117843347710015
HGDP00547,FIRST,0.000680123,PASS,-3.167412538189867
HGDP00549,FIRST,0.00568441,PASS,-2.245314605213969
HGDP00550,FIRST,0.000763817,PASS,-3.117010679919193
HGDP00551,FIRST,0.00392529,PASS,-2.4061282521041503
HGDP00553,FIRST,0.00339087,PASS,-2.469688859990386
HGDP00555,FIRST,0.000236044,PASS,-3.627007034419378
HGDP00556,FIRST,0.00393067,PASS,-2.4055334159089794
HGDP00557,FIRST,0.00598799,PASS,-2.2227189336042765
HGDP00558,FIRST,0.00854136,PASS,-2.068472973166913
HGDP00559,FIRST,0.00888933,PASS,-2.0511309711184547
HGDP00560,FIRST,0.00986622,PASS,-2.005849204734331
HGDP00561,FIRST,0.00860656,PASS,-2.0651703992484167
HGDP00562,FIRST,0.000312185,PASS,-3.505587967941538
HGDP00563,FIRST,0.00501601,PASS,-2.2996416063598577
HGDP00564,FIRST,0.00645471,PASS,-2.1901232651293925
HGDP00565,FIRST,0.00981994,PASS,-2.0078911657515963
HGDP00566,FIRST,0.00651071,PASS,-2.1863716485641214
HGDP00567,FIRST,0.00946961,PASS,-2.0236679067766308
HGDP00568,FIRST,0.0114003,PASS,-1.9430837200117483
HGDP00571,FIRST,0.00876154,PASS,-2.057419551968835
HGDP00572,FIRST,0.00845277,PASS,-2.073000948023024
HGDP00573,FIRST,0.00527348,PASS,-2.277902696739123
HGDP00574,FIRST,0.00951603,PASS,-2.0215441974866084
HGDP00575,FIRST,0.00888383,PASS,-2.0513997606557925
HGDP00576,FIRST,0.000270302,PASS,-3.5681507408874737
HGDP00577,FIRST,0.00803364,PASS,-2.0950876335847415
HGDP00578,FIRST,0.0116256,PASS,-1.9345846238173794
HGDP00579,FIRST,0.0133682,PASS,-1.8739270656396025
HGDP00580,FIRST,9.24e-05,PASS,-4.0343280287798935
HGDP00581,FIRST,0.00669134,PASS,-2.1744869022125832
HGDP00582,FIRST,0.0091778,PASS,-2.0372614105597266
HGDP00583,FIRST,0.0067407,PASS,-2.1712950010386036
HGDP00584,FIRST,0.00760403,PASS,-2.1189561783914503
HGDP00586,FIRST,0.00868122,PASS,-2.0614192377225677
HGDP00587,FIRST,0.006208,PASS,-2.207048291749868
HGDP00588,FIRST,0.00743543,PASS,-2.1286939106353393
HGDP00590,FIRST,0.012338,PASS,-1.9087552340920395
HGDP00591,FIRST,0.00708415,PASS,-2.1497122516205005
HGDP00594,FIRST,0.00861127,PASS,-2.064932793573278
HGDP00595,FIRST,0.00748635,PASS,-2.1257298727178022
HGDP00598,FIRST,0.00814539,PASS,-2.089088116905741
HGDP00599,FIRST,0.009069,PASS,-2.0424405981025204
HGDP00600,FIRST,0.00858752,PASS,-2.0661322384762624
HGDP00601,FIRST,0.00910459,PASS,-2.0407396066781502
HGDP00602,FIRST,0.0143511,PASS,-1.8431148093396716
HGDP00604,FIRST,0.00966064,PASS,-2.0149941014042354
HGDP00606,FIRST,0.00682341,PASS,-2.1659985323712907
HGDP00607,FIRST,0.00773151,PASS,-2.111735678057794
HGDP00608,FIRST,0.00139984,PASS,-2.8539216008132615
HGDP00609,FIRST,0.00066259,PASS,-3.1787551229025817
HGDP00610,FIRST,0.00243372,PASS,-2.613729388903759
HGDP00611,FIRST,0.00837137,PASS,-2.0772034625859357
HGDP00612,FIRST,0.00630512,PASS,-2.2003066434538034
HGDP00613,FIRST,0.00832119,PASS,-2.0798145615124506
HGDP00614,FIRST,0.0126083,PASS,-1.8993434661937865
HGDP00615,FIRST,0.00649425,PASS,-2.1874709969649224
HGDP00618,FIRST,0.0087642,PASS,-2.0572877203507995
HGDP00619,FIRST,0.00995837,PASS,-2.0018117416904957
HGDP00620,FIRST,0.0132281,PASS,-1.8785025306252812
HGDP00621,FIRST,0.00876443,PASS,-2.0572763232557794
HGDP00622,FIRST,0.00741703,PASS,-2.1297699643739265
HGDP00623,FIRST,0.00719193,PASS,-2.143154548299533
HGDP00624,FIRST,0.00868001,PASS,-2.0614797744845315
HGDP00625,FIRST,0.00761003,PASS,-2.118613631165199
HGDP00626,FIRST,0.0101303,PASS,-1.9943776931969392
HGDP00627,FIRST,0.0101777,PASS,-1.9923503546284498
HGDP00628,FIRST,0.00662339,PASS,-2.178919671970889
HGDP00629,FIRST,0.0121741,PASS,-1.914563135204185
HGDP00630,FIRST,0.0146658,PASS,-1.8336942418474744
HGDP00631,FIRST,0.00673816,PASS,-2.171458680755893
HGDP00632,FIRST,0.00708917,PASS,-2.1494046090370666
HGDP00634,FIRST,0.00779537,PASS,-2.108163266601532
HGDP00635,FIRST,0.0095257,PASS,-2.021103100170238
HGDP00636,FIRST,0.00711017,PASS,-2.1481200154194178
HGDP00637,FIRST,0.0124883,PASS,-1.9034966769876285
HGDP00638,FIRST,0.0108344,PASS,-1.965195134542988
HGDP00639,FIRST,0.00939685,PASS,-2.0270177056435577
HGDP00640,FIRST,0.0135097,PASS,-1.8693542949299435
HGDP00641,FIRST,0.0176011,PASS,-1.7544601896289271
HGDP00642,FIRST,0.00908204,PASS,-2.041816589669029
HGDP00643,FIRST,0.00786869,PASS,-2.104097564099231
HGDP00644,FIRST,0.00791736,PASS,-2.1014196073706417
HGDP00645,FIRST,0.0107767,PASS,-1.9675142067928875
HGDP00646,FIRST,0.00940773,PASS,-2.0265151552552623
HGDP00647,FIRST,0.0113737,PASS,-1.9440982311623496
HGDP00648,FIRST,0.0170721,PASS,-1.7677130540277943
HGDP00649,FIRST,0.00893567,PASS,-2.048872878368879
HGDP00651,FIRST,0.0062388,PASS,-2.204898936518796
HGDP00653,FIRST,0.00891008,PASS,-2.050118396591343
HGDP00654,FIRST,0.00769224,PASS,-2.1139471741150935
HGDP00655,FIRST,0.000293388,PASS,-3.5325576534114855
HGDP00661,FIRST,0.00590876,PASS,-2.2285036496873554
HGDP00662,FIRST,0.000730154,PASS,-3.136585531254069
HGDP00663,FIRST,0.00770086,PASS,-2.1134607719186125
HGDP00664,FIRST,0.00620483,PASS,-2.2072701128072034
HGDP00666,FIRST,0.00728073,PASS,-2.1378250741103755
HGDP00667,FIRST,0.013655,PASS,-1.8647082955242478
HGDP00668,FIRST,0.00987516,PASS,-2.005455859088421
HGDP00669,FIRST,0.00471896,PASS,-2.3261537039142874
HGDP00670,FIRST,0.00824983,PASS,-2.083555000640694
HGDP00671,FIRST,0.00426559,PASS,-2.3700208903996534
HGDP00672,FIRST,0.00648826,PASS,-2.1878717552360425
HGDP00673,FIRST,0.0119703,PASS,-1.921894965156504
HGDP00674,FIRST,0.00668529,PASS,-2.1748797488106684
HGDP00675,FIRST,0.0080802,PASS,-2.092577889495041
HGDP00676,FIRST,0.0087897,PASS,-2.0560259475164413
HGDP00677,FIRST,0.00951799,PASS,-2.0214547558250424
HGDP00678,FIRST,0.00858114,PASS,-2.0664550125217716
HGDP00679,FIRST,0.0104802,PASS,-1.979630429368744
HGDP00680,FIRST,0.0172345,PASS,-1.763601311640473
HGDP00682,FIRST,0.00794276,PASS,-2.1000285599799264
HGDP00683,FIRST,0.00730359,PASS,-2.1364636146817757
HGDP00684,FIRST,0.00895615,PASS,-2.047878641351744
HGDP00685,FIRST,0.00913284,PASS,-2.039394150774929
HGDP00686,FIRST,0.0142459,PASS,-1.8463101085384535
HGDP00687,FIRST,0.0100878,PASS,-1.996203536640903
HGDP00688,FIRST,0.00704482,PASS,-2.152130098935806
HGDP00689,FIRST,0.0223607,FAIL,-1.6505146050173298
HGDP00690,FIRST,7.91e-05,PASS,-4.101823516502323
HGDP00691,FIRST,0.00813602,PASS,-2.089587992499402
HGDP00692,FIRST,0.00993208,PASS,-2.0029597909883323
HGDP00693,FIRST,0.0205912,FAIL,-1.6863183431249371
HGDP00694,FIRST,0.00720195,PASS,-2.142549898071575
HGDP00696,FIRST,0.0123852,PASS,-1.907096975901312
HGDP00697,FIRST,0.0103976,PASS,-1.9830668940705694
HGDP00698,FIRST,0.00853455,PASS,-2.0688193729287483
HGDP00699,FIRST,0.0143984,PASS,-1.8416857655282128
HGDP00700,FIRST,0.00747305,PASS,-2.1265021119962797
HGDP00701,FIRST,0.0120609,PASS,-1.9186202833691741
HGDP00703,FIRST,0.00107008,PASS,-2.9705837529131154
HGDP00704,FIRST,0.0069473,PASS,-2.1581839469106656
HGDP00708,FIRST,0.00725872,PASS,-2.1391399558766673
HGDP00710,FIRST,0.000492237,PASS,-3.307825744774034
HGDP00711,FIRST,0.000169132,PASS,-3.771774215532758
HGDP00712,FIRST,0.00934409,PASS,-2.029462987192813
HGDP00714,FIRST,0.00021988,PASS,-3.657814271706307
HGDP00715,FIRST,0.000524187,PASS,-3.2805137538935645
HGDP00716,FIRST,0.0115859,PASS,-1.9360702242950674
HGDP00719,FIRST,0.0103134,PASS,-1.9865981380319553
HGDP00720,FIRST,0.0091613,PASS,-2.0380428950257006
HGDP00721,FIRST,0.0105344,PASS,-1.9773901951398618
HGDP00723,FIRST,0.000456294,PASS,-3.3407552419089597
HGDP00724,FIRST,0.000194295,PASS,-3.7115383754184865
HGDP00726,FIRST,0.000654314,PASS,-3.184213787239923
HGDP00727,FIRST,0.00979696,PASS,-2.0089086651280788
HGDP00729,FIRST,0.00506256,PASS,-2.295629816613917
HGDP00730,FIRST,0.00993768,PASS,-2.0027149919406284
HGDP00731,FIRST,0.00468731,PASS,-2.3290763230239966
HGDP00732,FIRST,0.0100668,PASS,-1.9971085595558122
HGDP00733,FIRST,0.01022,PASS,-1.9905491042013062
HGDP00734,FIRST,0.00708471,PASS,-2.1496779221246918
HGDP00735,FIRST,0.0139471,PASS,-1.855516085216667
HGDP00736,FIRST,0.00896303,PASS,-2.0475451499551154
HGDP00738,FIRST,0.0133376,PASS,-1.874922311388626
HGDP00739,FIRST,0.0115046,PASS,-1.9391284765879233
HGDP00740,FIRST,0.00589154,PASS,-2.2297711693753186
HGDP00741,FIRST,0.00937314,PASS,-2.028114896174055
HGDP00744,FIRST,0.0110403,PASS,-1.9570191252866767
HGDP00745,FIRST,0.0089558,PASS,-2.0478956136041995
HGDP00746,FIRST,0.0165083,PASS,-1.7822976474296641
HGDP00747,FIRST,0.0130702,PASS,-1.8837177668011067
HGDP00748,FIRST,0.00903343,PASS,-2.044147316438398
HGDP00750,FIRST,0.0114506,PASS,-1.9411717561309016
HGDP00751,FIRST,0.013366,PASS,-1.8739985432123256
HGDP00752,FIRST,0.0109678,PASS,-1.9598804775920229
HGDP00753,FIRST,0.0127894,PASS,-1.8931498294698508
HGDP00754,FIRST,0.00780411,PASS,-2.1076766177941355
HGDP00755,FIRST,0.0104192,PASS,-1.9821656254629303
HGDP00756,FIRST,0.0104944,PASS,-1.9790423864420401
HGDP00757,FIRST,0.0102588,PASS,-1.9889034368711291
HGDP00758,FIRST,0.0144653,PASS,-1.8396725549649429
HGDP00759,FIRST,0.0117733,PASS,-1.929101789415198
HGDP00760,FIRST,0.0178229,PASS,-1.749021629618571
HGDP00761,FIRST,0.0144487,PASS,-1.8401712261409597
HGDP00762,FIRST,0.00891675,PASS,-2.049793409554448
HGDP00763,FIRST,0.0114055,PASS,-1.9428856711518063
HGDP00764,FIRST,0.0103349,PASS,-1.9856937212290782
HGDP00765,FIRST,0.012232,PASS,-1.9125025275957364
HGDP00766,FIRST,0.0130015,PASS,-1.8860065396821963
HGDP00767,FIRST,0.0102171,PASS,-1.9906723559352577
HGDP00768,FIRST,0.0372874,FAIL,-1.4284378983501338
HGDP00769,FIRST,0.00961147,PASS,-2.0172101852694615
HGDP00771,FIRST,0.0104753,PASS,-1.9798335305116526
HGDP00772,FIRST,0.0126756,PASS,-1.8970314741625285
HGDP00774,FIRST,0.0132149,PASS,-1.8789361189198992
HGDP00776,FIRST,0.017066,PASS,-1.76786825870338
HGDP00777,FIRST,0.00971928,PASS,-2.012365906226887
HGDP00779,FIRST,0.00914992,PASS,-2.0385827030603756
HGDP00780,FIRST,0.00956066,PASS,-2.0195121260853823
HGDP00781,FIRST,0.0106312,PASS,-1.9734177115854048
HGDP00782,FIRST,0.0116065,PASS,-1.9352987242623028
HGDP00784,FIRST,0.0101999,PASS,-1.9914040860479925
HGDP00786,FIRST,0.0153453,PASS,-1.8140246167094478
HGDP00787,FIRST,0.00560519,PASS,-2.251409661471681
HGDP00788,FIRST,0.000639182,PASS,-3.1943754636858435
HGDP00790,FIRST,0.0127835,PASS,-1.8933502242227878
HGDP00791,FIRST,0.00916851,PASS,-2.0377012369969467
HGDP00794,FIRST,0.0121456,PASS,-1.9155810259183226
HGDP00795,FIRST,0.00609801,PASS,-2.2148118677795496
HGDP00797,FIRST,0.00808333,PASS,-2.092409690871925
HGDP00799,FIRST,0.00709024,PASS,-2.149339063983144
HGDP00800,FIRST,0.007347,PASS,-2.1338899601556234
HGDP00802,FIRST,0.00898959,PASS,-2.046260115252093
HGDP00803,FIRST,0.00693995,PASS,-2.1586436584791966
HGDP00804,FIRST,0.00858701,PASS,-2.0661580313434715
HGDP00805,FIRST,0.0179112,PASS,-1.7468753166679987
HGDP00806,FIRST,0.00570158,PASS,-2.2440047776264374
HGDP00807,FIRST,0.0103205,PASS,-1.9862992618191977
HGDP00808,FIRST,0.00526033,PASS,-2.2789870100889367
HGDP00810,FIRST,0.00573599,PASS,-2.2413916144791344
HGDP00811,FIRST,0.0224319,FAIL,-1.649133939766618
HGDP00812,FIRST,0.00865437,PASS,-2.062764541362475
HGDP00813,FIRST,0.00962193,PASS,-2.0167378069350463
HGDP00814,FIRST,0.0100558,PASS,-1.9975833729275227
HGDP00815,FIRST,0.00971262,PASS,-2.012663602423628
HGDP00817,FIRST,0.0141853,PASS,-1.8481614750273216
HGDP00818,FIRST,0.0112759,PASS,-1.9478487843116774
HGDP00819,FIRST,0.0102363,PASS,-1.9898569945281754
HGDP00820,FIRST,0.0231551,FAIL,-1.6353533390771529
HGDP00821,FIRST,0.00838436,PASS,-2.0765300826197812
HGDP00822,FIRST,0.011477,PASS,-1.9401716183590172
HGDP00823,FIRST,0.000483163,PASS,-3.315906330825423
HGDP00828,FIRST,0.00960852,PASS,-2.017343501543994
HGDP00832,FIRST,0.00989619,PASS,-2.0045319751453636
HGDP00837,FIRST,0.000196025,PASS,-3.7076885374717246
HGDP00838,FIRST,0.00884077,PASS,-2.0535099078163594
HGDP00843,FIRST,0.000144591,PASS,-3.8398587386596117
HGDP00845,FIRST,0.000170037,PASS,-3.7694565659899015
HGDP00849,FIRST,0.00542224,PASS,-2.2658212635226143
HGDP00854,FIRST,0.00547401,PASS,-2.2616944135497805
HGDP00856,FIRST,0.0013582,PASS,-2.867036273869273
HGDP00858,FIRST,0.00733997,PASS,-2.1343057151331233
HGDP00859,FIRST,0.00953795,PASS,-2.020544958561935
HGDP00860,FIRST,0.00638436,PASS,-2.194882632057484
HGDP00861,FIRST,0.00745326,PASS,-2.1276537285489288
HGDP00862,FIRST,0.00788543,PASS,-2.10317461919806
HGDP00863,FIRST,0.00609113,PASS,-2.2153021314655525
HGDP00864,FIRST,0.00860498,PASS,-2.0652501347379006
HGDP00865,FIRST,0.00800949,PASS,-2.0963951365046833
HGDP00868,FIRST,0.00558958,PASS,-2.2526208236940986
HGDP00869,FIRST,0.00918697,PASS,-2.0368277018086745
HGDP00870,FIRST,0.00761215,PASS,-2.118492662380493
HGDP00871,FIRST,0.00724182,PASS,-2.1401522740479018
HGDP00872,FIRST,0.00904205,PASS,-2.043733095768429
HGDP00873,FIRST,0.00910357,PASS,-2.040788264024308
HGDP00875,FIRST,0.0124784,PASS,-1.9038410970027837
HGDP00876,FIRST,0.0101205,PASS,-1.994798030789024
HGDP00877,FIRST,0.00097021,PASS,-3.013134253393281
HGDP00879,FIRST,0.0116994,PASS,-1.9318364103368149
HGDP00880,FIRST,0.00853057,PASS,-2.069021948951573
HGDP00881,FIRST,0.0121595,PASS,-1.9150842829337977
HGDP00882,FIRST,0.0188742,PASS,-1.72413144727221
HGDP00883,FIRST,0.0138196,PASS,-1.8595045271721544
HGDP00884,FIRST,0.017445,PASS,-1.7583290262158704
HGDP00885,FIRST,0.00824946,PASS,-2.0835744789283455
HGDP00886,FIRST,0.0105938,PASS,-1.9749482303541948
HGDP00888,FIRST,0.00648565,PASS,-2.188046491859475
HGDP00889,FIRST,0.00948173,PASS,-2.0231124157307963
HGDP00890,FIRST,0.0120564,PASS,-1.918782351692846
HGDP00891,FIRST,0.0106454,PASS,-1.9728380153408296
HGDP00892,FIRST,0.0123645,PASS,-1.907823441100616
HGDP00893,FIRST,0.0131261,PASS,-1.881864291433449
HGDP00894,FIRST,0.00765177,PASS,-2.1162380926478854
HGDP00895,FIRST,0.00738138,PASS,-2.1318624362315073
HGDP00896,FIRST,0.00764614,PASS,-2.1165577543589955
HGDP00897,FIRST,0.0092581,PASS,-2.03347813256016
HGDP00898,FIRST,0.0126116,PASS,-1.899229812150871
HGDP00899,FIRST,0.0104835,PASS,-1.9794937004704942
HGDP00900,FIRST,0.0140576,PASS,-1.8520888184147737
HGDP00901,FIRST,0.0224558,FAIL,-1.6486714683502461
HGDP00902,FIRST,0.00688774,PASS,-2.161923255093378
HGDP00904,FIRST,0.00021494,PASS,-3.667682755459021
HGDP00905,FIRST,0.000322624,PASS,-3.4913033285779624
HGDP00906,FIRST,0.00619226,PASS,-2.208150816828604
HGDP00907,FIRST,0.000245193,PASS,-3.6104919326233134
HGDP00908,FIRST,0.000143424,PASS,-3.843378169481052
HGDP00909,FIRST,0.0115341,PASS,-1.9380162876000022
HGDP00910,FIRST,0.00125881,PASS,-2.9000398157051404
HGDP00911,FIRST,0.000229215,PASS,-3.6397569652209225
HGDP00912,FIRST,0.00957631,PASS,-2.0188018035884614
HGDP00913,FIRST,0.00566466,PASS,-2.2468261519179946
HGDP00914,FIRST,0.000315756,PASS,-3.500648388224306
HGDP00916,FIRST,0.000467373,PASS,-3.3303363802829176
HGDP00917,FIRST,0.00997671,PASS,-2.0010126515393427
HGDP00918,FIRST,0.0002308,PASS,-3.636764195516306
HGDP00919,FIRST,0.000707268,PASS,-3.1504159909177045
HGDP00920,FIRST,0.000405439,PASS,-3.3920744779662892
HGDP00924,FIRST,0.000614188,PASS,-3.211698673052009
HGDP00925,FIRST,0.000708229,PASS,-3.149826294067436
HGDP00926,FIRST,0.00157137,PASS,-2.8037215424974926
HGDP00929,FIRST,0.000572176,PASS,-3.2424703626897236
HGDP00930,FIRST,0.00707157,PASS,-2.150484155277908
HGDP00931,FIRST,0.014919,PASS,-1.8262602860481125
HGDP00933,FIRST,0.00018247,PASS,-3.7388085279496304
HGDP00934,FIRST,0.000377297,PASS,-3.4233166479891066
HGDP00935,FIRST,0.0012296,PASS,-2.9102361455083114
HGDP00937,FIRST,0.00101595,PASS,-2.9931276653379575
HGDP00938,FIRST,0.000169396,PASS,-3.771096849013799
HGDP00939,FIRST,0.000274921,PASS,-3.5607920850536363
HGDP00940,FIRST,0.000421134,PASS,-3.375579694660699
HGDP00941,FIRST,0.000203421,PASS,-3.691604215064472
HGDP00942,FIRST,0.00111636,PASS,-2.9521957329953863
HGDP00943,FIRST,0.000506899,PASS,-3.295078565543042
HGDP00944,FIRST,0.0027203,PASS,-2.5653831984804776
HGDP00945,FIRST,0.00107136,PASS,-2.9700645723588717
HGDP00946,FIRST,0.0124633,PASS,-1.9043669510927568
HGDP00947,FIRST,0.000348794,PASS,-3.457430994465685
HGDP00948,FIRST,0.000661897,PASS,-3.17920958731548
HGDP00949,FIRST,0.0103514,PASS,-1.9850009090324963
HGDP00950,FIRST,0.00987562,PASS,-2.0054356294608606
HGDP00952,FIRST,0.0123411,PASS,-1.9086461285816294
HGDP00953,FIRST,0.0123561,PASS,-1.9081185855379188
HGDP00954,FIRST,0.0119816,PASS,-1.9214851832177346
HGDP00955,FIRST,0.0102729,PASS,-1.9883069394395974
HGDP00957,FIRST,0.0164549,PASS,-1.7837047526634486
HGDP00958,FIRST,0.0142261,PASS,-1.846914142826728
HGDP00959,FIRST,0.0088633,PASS,-2.0524045506912114
HGDP00960,FIRST,0.00877596,PASS,-2.056705364902222
HGDP00961,FIRST,0.0124932,PASS,-1.9033263074751
HGDP00962,FIRST,0.0103115,PASS,-1.9866781538883183
HGDP00963,FIRST,0.0127039,PASS,-1.89606293349531
HGDP00964,FIRST,0.00997114,PASS,-2.0012551859806056
HGDP00965,FIRST,0.0118001,PASS,-1.9281143122477586
HGDP00966,FIRST,0.0125358,PASS,-1.9018479453516284
HGDP00967,FIRST,0.0104878,PASS,-1.9793156031376293
HGDP00968,FIRST,0.00851137,PASS,-2.070000529744669
HGDP00969,FIRST,0.0112924,PASS,-1.9472137466501622
HGDP00970,FIRST,0.00636764,PASS,-2.1960214977881294
HGDP00971,FIRST,0.010489,PASS,-1.9792659145884843
HGDP00972,FIRST,0.0279557,FAIL,-1.5535296287019922
HGDP00973,FIRST,0.013538,PASS,-1.8684454902387604
HGDP00974,FIRST,0.011962,PASS,-1.9221962019239118
HGDP00975,FIRST,0.0112863,PASS,-1.9474484099748057
HGDP00976,FIRST,0.0191952,PASS,-1.7168073584908912
HGDP00977,FIRST,0.00796081,PASS,-2.0990427412279997
HGDP00981,FIRST,0.000533632,PASS,-3.272758135225834
HGDP00983,FIRST,0.000289395,PASS,-3.5385089766418885
HGDP00984,FIRST,0.000389607,PASS,-3.409373248831248
HGDP00985,FIRST,0.000403725,PASS,-3.393914356792612
HGDP00986,FIRST,0.00231329,PASS,-2.6357699195402313
HGDP00992,FIRST,0.000377964,PASS,-3.4225495635117182
HGDP00993,FIRST,0.000361095,PASS,-3.4423785251080483
HGDP00994,FIRST,0.000256211,PASS,-3.591402228468194
HGDP00995,FIRST,0.00635365,PASS,-2.196976712589646
HGDP00999,FIRST,0.00452023,PASS,-2.3448394666953583
HGDP01001,FIRST,0.00755721,PASS,-2.121638509425201
HGDP01006,FIRST,0.00542436,PASS,-2.265651495242534
HGDP01009,FIRST,0.000103032,PASS,-3.987027869808955
HGDP01010,FIRST,0.00728786,PASS,-2.1373999787644022
HGDP01013,FIRST,8.09e-05,PASS,-4.092051478387727
HGDP01014,FIRST,0.00711586,PASS,-2.147772604970571
HGDP01019,FIRST,0.00602014,PASS,-2.220393408987942
HGDP01021,FIRST,0.0109678,PASS,-1.9598804775920229
HGDP01023,FIRST,0.0122111,PASS,-1.9132452121884271
HGDP01024,FIRST,0.00752219,PASS,-2.1236557011038038
HGDP01027,FIRST,0.00795621,PASS,-2.099293762420707
HGDP01029,FIRST,0.00655508,PASS,-2.1834220036921974
HGDP01031,FIRST,0.00018879,PASS,-3.724021013532852
HGDP01033,FIRST,0.0057665,PASS,-2.2390877036358945
HGDP01037,FIRST,0.0001005,PASS,-3.997833938243492
HGDP01041,FIRST,0.00662165,PASS,-2.179033778444386
HGDP01043,FIRST,0.000268781,PASS,-3.570601434601843
HGDP01050,FIRST,0.000246773,PASS,-3.6077023591949935
HGDP01051,FIRST,0.00712995,PASS,-2.1469135157021646
HGDP01053,FIRST,0.00827094,PASS,-2.0824451296718953
HGDP01055,FIRST,0.00905811,PASS,-2.042962409629774
HGDP01056,FIRST,0.00539512,PASS,-2.267998891155632
HGDP01057,FIRST,0.00612381,PASS,-2.2129782923747623
HGDP01058,FIRST,0.00591629,PASS,-2.2279505462517246
HGDP01059,FIRST,0.00467128,PASS,-2.330564099997512
HGDP01060,FIRST,0.00862518,PASS,-2.0642318328122493
HGDP01062,FIRST,0.00648448,PASS,-2.1881248448976023
HGDP01063,FIRST,0.0110531,PASS,-1.9565159007951698
HGDP01064,FIRST,0.00786821,PASS,-2.1041240574176583
HGDP01065,FIRST,0.00760483,PASS,-2.118910489814418
HGDP01066,FIRST,0.00585367,PASS,-2.232571764515602
HGDP01067,FIRST,0.00876711,PASS,-2.0571435443646418
HGDP01068,FIRST,0.00953181,PASS,-2.0208246231419853
HGDP01069,FIRST,0.00711668,PASS,-2.1477225616929054
HGDP01070,FIRST,0.0104742,PASS,-1.9798791377032832
HGDP01071,FIRST,0.00993162,PASS,-2.002979905615689
HGDP01072,FIRST,0.00481528,PASS,-2.3173784543505827
HGDP01073,FIRST,0.0059058,PASS,-2.2287212645106464
HGDP01074,FIRST,0.00492913,PASS,-2.3072297276886253
HGDP01075,FIRST,0.00947902,PASS,-2.0232365604037628
HGDP01077,FIRST,0.0116923,PASS,-1.932100050082212
HGDP01081,FIRST,0.0051058,PASS,-2.2919362010079807
HGDP01086,FIRST,0.000312111,PASS,-3.5056909248459913
HGDP01087,FIRST,0.000443857,PASS,-3.3527569265386683
HGDP01090,FIRST,0.000363449,PASS,-3.439556521730679
HGDP01092,FIRST,0.000432008,PASS,-3.364508210769149
HGDP01094,FIRST,0.000253282,PASS,-3.5963956731326414
HGDP01096,FIRST,0.00060507,PASS,-3.2181943793059515
HGDP01097,FIRST,0.00152464,PASS,-2.8168326903961103
HGDP01099,FIRST,0.00514839,PASS,-2.2883285619167277
HGDP01100,FIRST,0.0105165,PASS,-1.9781287738324294
HGDP01101,FIRST,0.00965399,PASS,-2.0152931553771847
HGDP01102,FIRST,0.0123113,PASS,-1.9096960857350418
HGDP01103,FIRST,0.00940227,PASS,-2.026767281564437
HGDP01104,FIRST,0.0143107,PASS,-1.84433912244553
HGDP01149,FIRST,0.0091675,PASS,-2.0377490813673598
HGDP01151,FIRST,0.00904195,PASS,-2.0437378988483
HGDP01152,FIRST,0.00861411,PASS,-2.0647895867076205
HGDP01155,FIRST,0.00645556,PASS,-2.190066078051175
HGDP01156,FIRST,0.00915815,PASS,-2.038192247504239
HGDP01157,FIRST,0.00621261,PASS,-2.20672590860548
HGDP01161,FIRST,0.0092571,PASS,-2.033525044770919
HGDP01162,FIRST,0.00682343,PASS,-2.1659972594187775
HGDP01164,FIRST,0.0137738,PASS,-1.860946227400284
HGDP01166,FIRST,0.00694629,PASS,-2.1582470893277796
HGDP01167,FIRST,0.00508748,PASS,-2.293497285070254
HGDP01169,FIRST,0.00754188,PASS,-2.1225203820009946
HGDP01171,FIRST,0.00398369,PASS,-2.3997144645574693
HGDP01173,FIRST,0.0109153,PASS,-1.9619643234863025
HGDP01174,FIRST,0.00694174,PASS,-2.1585316566801485
HGDP01177,FIRST,0.00786679,PASS,-2.1042024429487642
HGDP01180,FIRST,0.0106889,PASS,-1.9710669859521812
HGDP01181,FIRST,0.0132355,PASS,-1.8782596476275144
HGDP01182,FIRST,0.015343,PASS,-1.8140897149592856
HGDP01183,FIRST,0.00954824,PASS,-2.0200766733094286
HGDP01184,FIRST,0.0084016,PASS,-2.0756379990570184
HGDP01185,FIRST,0.00999511,PASS,-2.0002124219430497
HGDP01186,FIRST,0.00973965,PASS,-2.011456649466332
HGDP01187,FIRST,0.0107619,PASS,-1.9681110477522608
HGDP01189,FIRST,0.000293268,PASS,-3.5327353225687266
HGDP01190,FIRST,0.000147028,PASS,-3.832599950370724
HGDP01192,FIRST,0.00015846,PASS,-3.8000803484094323
HGDP01193,FIRST,0.00946052,PASS,-2.024084991830344
HGDP01194,FIRST,0.0138732,PASS,-1.8578233527659078
HGDP01195,FIRST,0.0209577,FAIL,-1.6786563806633683
HGDP01196,FIRST,0.0104354,PASS,-1.981490899309277
HGDP01197,FIRST,0.008552,PASS,-2.0679323077992784
HGDP01200,FIRST,0.000969059,PASS,-3.01364978064336
HGDP01201,FIRST,0.00132763,PASS,-2.876922942549023
HGDP01202,FIRST,0.000323034,PASS,-3.4907517648661703
HGDP01204,FIRST,0.0111988,PASS,-1.9508285113743906
HGDP01205,FIRST,0.00874504,PASS,-2.0582381997085126
HGDP01206,FIRST,0.0102047,PASS,-1.9911997582443022
HGDP01207,FIRST,0.0176658,PASS,-1.752866690653786
HGDP01208,FIRST,0.00812366,PASS,-2.0902482614383064
HGDP01209,FIRST,0.0112003,PASS,-1.9507703445977052
HGDP01212,FIRST,0.0108095,PASS,-1.9661943941376252
HGDP01213,FIRST,0.000255702,PASS,-3.5922658750805594
HGDP01214,FIRST,0.000439266,PASS,-3.3572724106291214
HGDP01216,FIRST,0.000122194,PASS,-3.912950118404961
HGDP01217,FIRST,8.27e-05,PASS,-4.082494490447453
HGDP01218,FIRST,0.0153655,PASS,-1.813453303047832
HGDP01219,FIRST,0.336252,FAIL,-0.47333512383301324
HGDP01220,FIRST,0.00841018,PASS,-2.075194709057001
HGDP01221,FIRST,0.0101675,PASS,-1.992785818923375
HGDP01222,FIRST,0.0114855,PASS,-1.9398500938503804
HGDP01224,FIRST,0.000190369,PASS,-3.7204037714192886
HGDP01225,FIRST,0.000364182,PASS,-3.4386815233787136
HGDP01226,FIRST,0.000381819,PASS,-3.418142464130289
HGDP01227,FIRST,0.00993547,PASS,-2.00281158365447
HGDP01229,FIRST,0.0102217,PASS,-1.990476869443831
HGDP01230,FIRST,0.0103379,PASS,-1.9855676731412664
HGDP01231,FIRST,0.00810564,PASS,-2.0912126887124325
HGDP01232,FIRST,0.0119719,PASS,-1.9218369194320442
HGDP01233,FIRST,0.0121341,PASS,-1.91599243025325
HGDP01234,FIRST,0.0083067,PASS,-2.0805714739812844
HGDP01236,FIRST,0.00870159,PASS,-2.060401383572885
HGDP01237,FIRST,0.0110152,PASS,-1.9580076130744628
HGDP01238,FIRST,0.0136217,PASS,-1.8657686887119973
HGDP01239,FIRST,0.0106429,PASS,-1.972940018432645
HGDP01241,FIRST,0.0102894,PASS,-1.9876099492692896
HGDP01243,FIRST,0.000346762,PASS,-3.4599685008571086
HGDP01244,FIRST,0.000213279,PASS,-3.6710519041994396
HGDP01245,FIRST,0.0003542,PASS,-3.4507514431459443
HGDP01247,FIRST,0.0141349,PASS,-1.849707259661325
HGDP01248,FIRST,0.00988252,PASS,-2.0051322980696518
HGDP01249,FIRST,0.00915014,PASS,-2.0385722610414945
HGDP01251,FIRST,0.0122787,PASS,-1.9108476114287969
HGDP01254,FIRST,0.00884066,PASS,-2.0535153114961533
HGDP01255,FIRST,0.000361053,PASS,-3.4424290420886687
HGDP01256,FIRST,0.00020333,PASS,-3.6917985393489237
HGDP01257,FIRST,0.000141237,PASS,-3.850051515813577
HGDP01258,FIRST,0.00583975,PASS,-2.2336057446589126
HGDP01259,FIRST,0.00908486,PASS,-2.04168176089265
HGDP01260,FIRST,0.0130836,PASS,-1.8832727418665485
HGDP01261,FIRST,0.00679569,PASS,-2.1677664406270196
HGDP01262,FIRST,0.0060197,PASS,-2.220425151863615
HGDP01263,FIRST,0.00652645,PASS,-2.1853229848265463
HGDP01264,FIRST,0.00550574,PASS,-2.259184301339239
HGDP01265,FIRST,0.00792947,PASS,-2.1007558396392234
HGDP01266,FIRST,0.00782712,PASS,-2.1063980078259164
HGDP01267,FIRST,0.00874758,PASS,-2.058112077036004
HGDP01268,FIRST,0.00706888,PASS,-2.150649390778958
HGDP01269,FIRST,0.0067611,PASS,-2.169982640587027
HGDP01270,FIRST,0.0114085,PASS,-1.9427714532633853
HGDP01271,FIRST,0.00582836,PASS,-2.2344536310295564
HGDP01272,FIRST,0.00764287,PASS,-2.116743527404795
HGDP01273,FIRST,0.00909847,PASS,-2.041031632560545
HGDP01275,FIRST,0.00613326,PASS,-2.212308624392583
HGDP01276,FIRST,0.00771546,PASS,-2.1126381759512936
HGDP01277,FIRST,0.00621252,PASS,-2.206732200129733
HGDP01279,FIRST,0.00555484,PASS,-2.255328445835236
HGDP01280,FIRST,0.0103772,PASS,-1.9839198130183748
HGDP01282,FIRST,0.00828809,PASS,-2.0815455415888096
HGDP01283,FIRST,6.39e-05,PASS,-4.1944991418416
HGDP01285,FIRST,0.000176883,PASS,-3.752313904574543
HGDP01287,FIRST,0.0110344,PASS,-1.9572512767998789
HGDP01288,FIRST,0.010332,PASS,-1.9858156024987204
HGDP01289,FIRST,0.0105358,PASS,-1.977332482135186
HGDP01290,FIRST,0.0173077,PASS,-1.7617606411757474
HGDP01291,FIRST,0.00946001,PASS,-2.024108404513374
HGDP01292,FIRST,0.0162804,PASS,-1.7883349289518131
HGDP01293,FIRST,0.01303,PASS,-1.8850555842874153
HGDP01294,FIRST,0.00747692,PASS,-2.126277266102608
HGDP01295,FIRST,0.0105362,PASS,-1.9773159941138514
HGDP01296,FIRST,0.0100381,PASS,-1.9983484821714088
HGDP01298,FIRST,0.00097366,PASS,-3.011592671357675
HGDP01299,FIRST,0.00013196,PASS,-3.879557693126694
HGDP01300,FIRST,3.49622e-07,PASS,-6.456401247153232
HGDP01301,FIRST,0.0121186,PASS,-1.9165475490965964
HGDP01302,FIRST,0.00550346,PASS,-2.259364185696485
HGDP01303,FIRST,0.0104865,PASS,-1.979369438815311
HGDP01304,FIRST,0.0113433,PASS,-1.9452605818363713
HGDP01305,FIRST,0.00881509,PASS,-2.0547732492972925
HGDP01309,FIRST,0.00541437,PASS,-2.266452069313997
HGDP01310,FIRST,0.0113953,PASS,-1.9432742368171265
HGDP01311,FIRST,0.0198204,PASS,-1.7028875851665946
HGDP01313,FIRST,0.00912711,PASS,-2.0396667153178756
HGDP01316,FIRST,0.00926054,PASS,-2.0333636880283823
HGDP01317,FIRST,0.00898141,PASS,-2.0466554776812638
HGDP01318,FIRST,0.0087264,PASS,-2.059164883738464
HGDP01319,FIRST,0.0137802,PASS,-1.860744479216052
HGDP01321,FIRST,0.0089565,PASS,-2.047861669762539
HGDP01322,FIRST,0.0101453,PASS,-1.9937351062039999
HGDP01326,FIRST,0.017352,PASS,-1.7606504609938631
HGDP01327,FIRST,0.0101759,PASS,-1.992427169547625
HGDP01328,FIRST,0.0174491,PASS,-1.7582269684247827
HGDP01329,FIRST,0.0171832,PASS,-1.7648959550024887
HGDP01330,FIRST,0.00706737,PASS,-2.150742171349501
HGDP01331,FIRST,0.00782733,PASS,-2.1063863559516944
HGDP01332,FIRST,0.00999335,PASS,-2.0002889019009977
HGDP01334,FIRST,0.00764508,PASS,-2.1166179656634636
HGDP01336,FIRST,0.0127278,PASS,-1.8952466576527078
HGDP01337,FIRST,0.00746104,PASS,-2.127200631672014
HGDP01339,FIRST,0.00593505,PASS,-2.2265756179675824
HGDP01340,FIRST,0.00877123,PASS,-2.0569395007324216
HGDP01341,FIRST,0.00911883,PASS,-2.040060880656247
HGDP01342,FIRST,0.00964661,PASS,-2.0156252790865667
HGDP01346,FIRST,0.0125886,PASS,-1.9000225658478531
HGDP01347,FIRST,0.0174503,PASS,-1.7581971023882037
HGDP01348,FIRST,0.00751644,PASS,-2.12398780494473
HGDP01349,FIRST,0.00711668,PASS,-2.1477225616929054
HGDP01351,FIRST,0.0101599,PASS,-1.9931105666251232
HGDP01352,FIRST,0.00925555,PASS,-2.033597768713577
HGDP01353,FIRST,0.010322,PASS,-1.986236145266067
HGDP01354,FIRST,0.00971182,PASS,-2.0126993754586007
HGDP01356,FIRST,0.00935309,PASS,-2.0290448866408566
HGDP01357,FIRST,0.00804902,PASS,-2.0942569934831847
HGDP01358,FIRST,0.00868299,PASS,-2.0613306991440052
HGDP01359,FIRST,0.0119867,PASS,-1.9213003639446837
HGDP01360,FIRST,0.00995614,PASS,-2.001909005112864
HGDP01361,FIRST,0.00906501,PASS,-2.0426317124794022
HGDP01362,FIRST,0.0115185,PASS,-1.938604073355351
HGDP01363,FIRST,0.0157668,PASS,-1.8022564413167719
HGDP01366,FIRST,0.00700021,PASS,-2.1548889313467146
HGDP01367,FIRST,0.0118279,PASS,-1.9270923559105275
HGDP01368,FIRST,0.00673063,PASS,-2.1719442830690103
HGDP01369,FIRST,0.0092364,PASS,-2.0344972673928954
HGDP01370,FIRST,0.00893169,PASS,-2.0490663587785827
HGDP01371,FIRST,0.102757,FAIL,-0.988188583487673
HGDP01372,FIRST,0.00935284,PASS,-2.029056495111591
HGDP01373,FIRST,0.0117546,PASS,-1.9297921449948878
HGDP01374,FIRST,0.00744521,PASS,-2.1281230480051607
HGDP01375,FIRST,0.00989128,PASS,-2.004747504058348
HGDP01376,FIRST,0.00638947,PASS,-2.1945351646305795
HGDP01377,FIRST,0.00954727,PASS,-2.0201207952677116
HGDP01378,FIRST,0.0111273,PASS,-1.9536102029027276
HGDP01379,FIRST,0.00733488,PASS,-2.1346069869010167
HGDP01380,FIRST,0.0227103,FAIL,-1.6437771287708407
HGDP01381,FIRST,0.0144671,PASS,-1.8396185165810939
HGDP01382,FIRST,0.0126533,PASS,-1.8977961950504294
HGDP01383,FIRST,0.000349257,PASS,-3.456854880758783
HGDP01384,FIRST,0.0106917,PASS,-1.970953235677981
HGDP01385,FIRST,0.000223399,PASS,-3.6509187752466135
HGDP01386,FIRST,0.0105319,PASS,-1.9774932731563957
HGDP01387,FIRST,0.0144961,PASS,-1.838748823716766
HGDP01388,FIRST,0.0151157,PASS,-1.820571736074782
HGDP01396,FIRST,0.000145265,PASS,-3.8378390115649705
HGDP01397,FIRST,0.00977079,PASS,-2.0100703207469124
HGDP01398,FIRST,0.0168093,PASS,-1.7744503717757105
HGDP01399,FIRST,0.0126617,PASS,-1.8975079806493331
HGDP01400,FIRST,0.0135637,PASS,-1.8676218244517078
HGDP01403,FIRST,0.0124915,PASS,-1.903385407694064
HGDP01404,FIRST,0.0187476,PASS,-1.7270543211879898
HGDP01405,FIRST,0.000411477,PASS,-3.385654435183779
HGDP01406,FIRST,0.000519514,PASS,-3.284402744467109
HGDP01408,FIRST,0.00147975,PASS,-2.829811651356109
HGDP01411,FIRST,0.000529332,PASS,-3.276271850570723
HGDP01412,FIRST,0.000436289,PASS,-3.3602257365880686
HGDP01413,FIRST,0.000935638,PASS,-3.028892148069407
HGDP01415,FIRST,0.00044913,PASS,-3.3476279349187776
HGDP01416,FIRST,0.000283024,PASS,-3.548176735409904
HGDP01418,FIRST,0.00154457,PASS,-2.8111924046659658
HGDP01419,FIRST,0.000440801,PASS,-3.355757428915824
HK100C,FIRST,0.00026398,PASS,-3.5784289754735994
HK102C,FIRST,0.000134877,PASS,-3.8700621024015343
HK105C,FIRST,4.25e-05,PASS,-4.371611069949688
HK106C,FIRST,4.51e-08,PASS,-7.345823458122039
HK107C,FIRST,4.03e-05,PASS,-4.394694953858891
HK108C,FIRST,0.000253592,PASS,-3.595864451147785
HK111C,FIRST,5.59e-05,PASS,-4.252588192113577
HK112C,FIRST,3.95e-05,PASS,-4.403402904373539
HK113C,FIRST,5.57e-05,PASS,-4.2541448048262716
HK114C,FIRST,0.000286936,PASS,-3.5422149602220343
HK115C,FIRST,5.64e-05,PASS,-4.248720896016658
HK116C,FIRST,0.000118572,PASS,-3.926017854657771
HK117C,FIRST,0.00026708,PASS,-3.573358632438555
HK118C,FIRST,0.000112679,PASS,-3.948157015931996
HK119C,FIRST,0.000133886,PASS,-3.8732648332988524
HK122C,FIRST,0.00145757,PASS,-2.8363705790157923
HK124C,FIRST,1.44e-08,PASS,-7.841637507904751
HK125C,FIRST,0.000126436,PASS,-3.898129252198216
HK130C,FIRST,0.000106577,PASS,-3.9723365087318374
HK131C,FIRST,7.11e-05,PASS,-4.148130399270234
HK132C,FIRST,7.29e-05,PASS,-4.137272471682025
HK134C,FIRST,0.000169129,PASS,-3.77178191895376
HK136C,FIRST,0.00015469,PASS,-3.8105377605423376
HK138C,FIRST,0.000179758,PASS,-3.7453117725526335
HK139C,FIRST,0.000381485,PASS,-3.418522533843571
HK141C,FIRST,0.000180883,PASS,-3.742602247695861
HK142C,FIRST,0.00137051,PASS,-2.863117791259853
HK144C,FIRST,0.000116081,PASS,-3.935238859248721
HK145C,FIRST,0.000208578,PASS,-3.6807315011945736
HK147C,FIRST,0.000165045,PASS,-3.7823976279849956
HK150C,FIRST,5.43e-05,PASS,-4.265200170411153
HK151C,FIRST,7.01e-05,PASS,-4.154281982033341
HK152C,FIRST,0.000712342,PASS,-3.147311448705411
HK154C,FIRST,5.73e-05,PASS,-4.24184537803261
HK155C,FIRST,0.000223661,PASS,-3.6504097376799094
HK156C,FIRST,6.54e-05,PASS,-4.184422251675732
HK157C,FIRST,0.000129886,PASS,-3.886437657629154
HK158C,FIRST,0.00013239,PASS,-3.878144817833145
HK161C,FIRST,0.000101846,PASS,-3.9920560232376117
HK162C,FIRST,9.86e-05,PASS,-4.006123085058789
HK163C,FIRST,7.38e-05,PASS,-4.131943638176958
HK164A,FIRST,0.000229778,PASS,-3.6386915550036174
HK164B,FIRST,0.000238541,PASS,-3.622436964450147
HK164C,FIRST,8.51e-05,PASS,-4.070070439915412
HK165C,FIRST,0.000194983,PASS,-3.710003251858171
HK166C,FIRST,0.000285056,PASS,-3.5450698133180936
HK167C,FIRST,0.000144077,PASS,-3.8414053430606083
HK168C,FIRST,6.4e-05,PASS,-4.1938200260161125
HK169C,FIRST,0.00017954,PASS,-3.7458387791525736
HK173C,FIRST,7.51e-05,PASS,-4.124360062995832
HK175C,FIRST,2.93e-09,PASS,-8.53313237964589
HK177C,FIRST,0.000287173,PASS,-3.54185639486926
HK178C,FIRST,0.000103123,PASS,-3.986644461204555
HK179C,FIRST,0.000134644,PASS,-3.8708129948328613
HK17C,FIRST,0.000765295,PASS,-3.116171124093131
HK180A,FIRST,0.000152845,PASS,-3.8157487637283842
HK180B,FIRST,0.000124129,PASS,-3.9061267433309035
HK180C,FIRST,5.57e-05,PASS,-4.2541448048262716
HK181C,FIRST,0.00117234,PASS,-2.9309464167226116
HK182C,FIRST,0.0019531,PASS,-2.709275519980777
HK19C,FIRST,0.000153345,PASS,-3.8143303801497765
HK1C,FIRST,3.93e-05,PASS,-4.405607449624573
HK20C,FIRST,0.000100084,PASS,-3.999635345768546
HK22C,FIRST,0.000238556,PASS,-3.622409655885093
HK2C,FIRST,6.17e-05,PASS,-4.209714835966758
HK30C,FIRST,4.58e-05,PASS,-4.33913452199613
HK34C,FIRST,8.28e-09,PASS,-8.08196966321512
HK35C,FIRST,0.000242984,PASS,-3.6144223228645878
HK36C,FIRST,8.8e-05,PASS,-4.055517327849832
HK37C,FIRST,0.000293367,PASS,-3.53258874026758
HK3C,FIRST,0.000175918,PASS,-3.7546897210841763
HK42C,FIRST,5.86e-05,PASS,-4.23210238398191
HK44C,FIRST,0.0001261,PASS,-3.8992849134269183
HK45C,FIRST,0.000106993,PASS,-3.9706446350327242
HK47C,FIRST,6.45e-05,PASS,-4.1904402853647325
HK49C,FIRST,4.94e-05,PASS,-4.306273051076353
HK4C,FIRST,7.44e-05,PASS,-4.128427064454121
HK50C,FIRST,0.000272867,PASS,-3.56404898387753
HK52C,FIRST,4.26e-05,PASS,-4.370590400897281
HK54C,FIRST,5.62e-05,PASS,-4.250263684430939
HK55C,FIRST,8.67e-05,PASS,-4.06198090252379
HK59C,FIRST,0.000190809,PASS,-3.71940114452629
HK60C,FIRST,0.000106557,PASS,-3.972418015104951
HK61C,FIRST,0.000207336,PASS,-3.6833252842836472
HK62C,FIRST,0.000113018,PASS,-3.9468523823738946
HK65C,FIRST,4.4e-05,PASS,-4.356547323513813
HK68C,FIRST,0.0066312,PASS,-2.178407873371883
HK69C,FIRST,0.00362039,PASS,-2.4412446433550072
HK71C,FIRST,0.000310296,PASS,-3.5082238228338958
HK72C,FIRST,7.73e-05,PASS,-4.111820506081675
HK73C,FIRST,0.000121094,PASS,-3.91687737487054
HK75C,FIRST,0.0378575,FAIL,-1.421848068979021
HK76C,FIRST,3.57e-05,PASS,-4.447331783887806
HK77C,FIRST,0.000212669,PASS,-3.6722958110381616
HK78C,FIRST,9.68e-05,PASS,-4.014124642691606
HK79C,FIRST,0.000159317,PASS,-3.797737880116793
HK7C,FIRST,0.000141921,PASS,-3.847953337387265
HK80C,FIRST,8.26e-08,PASS,-7.083019952679618
HK81C,FIRST,0.000105403,PASS,-3.9771470279763745
HK88C,FIRST,0.000257855,PASS,-3.5886244428829936
HK8C,FIRST,0.000114527,PASS,-3.941092115344242
HK92C,FIRST,3.45e-05,PASS,-4.462180904926726
HK93C,FIRST,8.4e-05,PASS,-4.075720713938118
HK94C,FIRST,0.00035045,PASS,-3.455373935680437
HK96A,FIRST,0.000203148,PASS,-3.6921874489626716
HK96B,FIRST,7.41e-05,PASS,-4.130181792020672
HK96C,FIRST,0.000510627,PASS,-3.291896225095822
HK97A,FIRST,0.000112189,PASS,-3.950049723057528
HK97B,FIRST,0.00028833,PASS,-3.5401101680293254
HK97C,FIRST,0.000208272,PASS,-3.681369112495201
HK98C,FIRST,0.000265363,PASS,-3.5761596316450373
HK99C,FIRST,0.000104941,PASS,-3.9790548016546166
HK9A,FIRST,0.000161824,PASS,-3.7909570680475495
HK9B,FIRST,0.000185803,PASS,-3.7309472781091833
HK9C,FIRST,0.000410759,PASS,-3.3864129121107553
HKU_10,FIRST,0.000101402,PASS,-3.9939534791210463
HKU_11,FIRST,4.98e-05,PASS,-4.302770657240282
HKU_112,FIRST,3.52e-05,PASS,-4.453457336521869
HKU_113,FIRST,5.59e-05,PASS,-4.252588192113577
HKU_114,FIRST,0.00030896,PASS,-3.5100977435646805
HKU_115,FIRST,0.00108762,PASS,-2.963522814867384
HKU_116,FIRST,0.000336047,PASS,-3.473599977332868
HKU_117,FIRST,0.000300595,PASS,-3.522018247602967
HKU_118,FIRST,4.85e-05,PASS,-4.314258261397736
HKU_119,FIRST,0.000244777,PASS,-3.611229392255059
HKU_12,FIRST,3.6e-05,PASS,-4.443697499232712
HKU_120,FIRST,0.000136941,PASS,-3.863466505058621
HKU_121,FIRST,0.000705662,PASS,-3.1514032687563915
HKU_122,FIRST,0.00132919,PASS,-2.8764129347429774
HKU_123,FIRST,0.00142914,PASS,-2.844925225198327
HKU_124,FIRST,0.000141385,PASS,-3.849596663826137
HKU_125,FIRST,0.000693317,PASS,-3.1590681508531873
HKU_126,FIRST,0.00119856,PASS,-2.921340220273065
HKU_129,FIRST,0.000143415,PASS,-3.843405422750924
HKU_130,FIRST,0.000172189,PASS,-3.76399459615699
HKU_131,FIRST,0.000732989,PASS,-3.134902542787449
HKU_132,FIRST,0.000175854,PASS,-3.754847748710869
HKU_133,FIRST,0.000189683,PASS,-3.7219715902343045
HKU_134,FIRST,9.79e-05,PASS,-4.009217308196862
HKU_135,FIRST,0.000279649,PASS,-3.553386729331472
HKU_136,FIRST,8.12e-05,PASS,-4.090443970758825
HKU_137,FIRST,0.000314122,PASS,-3.5029016460783717
HKU_138,FIRST,0.000448512,PASS,-3.3482259328560886
HKU_139,FIRST,0.000126815,PASS,-3.8968293739626265
HKU_140,FIRST,3.01e-05,PASS,-4.521433504406157
HKU_141,FIRST,0.000154426,PASS,-3.8112795776666437
HKU_144,FIRST,7.01e-05,PASS,-4.154281982033341
HKU_145,FIRST,0.000180575,PASS,-3.7433423764676705
HKU_146,FIRST,0.000115413,PASS,-3.937745269947335
HKU_147,FIRST,0.000189458,PASS,-3.7224870516056647
HKU_148,FIRST,0.000129689,PASS,-3.8870968584717707
HKU_151,FIRST,0.000120975,PASS,-3.9173043692193383
HKU_152,FIRST,0.000127961,PASS,-3.892922374614932
HKU_154,FIRST,9.7e-05,PASS,-4.013228265733755
HKU_155,FIRST,0.000115608,PASS,-3.93701211197396
HKU_157,FIRST,4.96e-05,PASS,-4.304518323509803
HKU_158,FIRST,0.000100945,PASS,-3.9959151876285857
HKU_161,FIRST,0.000348899,PASS,-3.4573002753071322
HKU_162,FIRST,5.47e-05,PASS,-4.262012673666569
HKU_174,FIRST,0.000315642,PASS,-3.500805213464408
HKU_177,FIRST,5.98e-05,PASS,-4.223298816011589
HKU_180,FIRST,0.000115501,PASS,-3.93741425566273
HKU_183,FIRST,0.000254828,PASS,-3.5937528542903885
HKU_184,FIRST,0.000188232,PASS,-3.7253065432783035
HKU_185,FIRST,8.83e-05,PASS,-4.054039296422431
HKU_190,FIRST,3.99e-05,PASS,-4.399027104313252
HKU_191,FIRST,9.44e-05,PASS,-4.025028005701931
HKU_194,FIRST,0.000312901,PASS,-3.504593048890279
HKU_197,FIRST,6.14e-05,PASS,-4.211831628858833
HKU_198,FIRST,0.000161191,PASS,-3.792659210418358
HKU_201,FIRST,0.000203039,PASS,-3.692420534214852
HKU_202,FIRST,0.000152253,PASS,-3.8174341412526593
HKU_204,FIRST,0.000105893,PASS,-3.975132747747585
HKU_206,FIRST,0.000115997,PASS,-3.9355532426721647
HKU_21,FIRST,7.78e-05,PASS,-4.1090204030103115
HKU_212,FIRST,0.000151254,PASS,-3.820293131353463
HKU_213,FIRST,6.9e-05,PASS,-4.161150909262744
HKU_215,FIRST,0.000107636,PASS,-3.96804244998489
HKU_217,FIRST,0.000288239,PASS,-3.54024725759946
HKU_218,FIRST,0.000105423,PASS,-3.977064629319054
HKU_219,FIRST,0.000131921,PASS,-3.8796860652710885
HKU_22,FIRST,0.000276917,PASS,-3.5576503819952507
HKU_221,FIRST,0.000158904,PASS,-3.7988651704070766
HKU_222,FIRST,0.000224202,PASS,-3.649360517588103
HKU_223,FIRST,3.73e-05,PASS,-4.428291168191312
HKU_224,FIRST,0.000104918,PASS,-3.9791499967439266
HKU_227,FIRST,0.000360296,PASS,-3.443340559380542
HKU_23,FIRST,6.25e-05,PASS,-4.204119982655925
HKU_230,FIRST,9.82e-05,PASS,-4.00788851221305
HKU_232,FIRST,0.000149436,PASS,-3.8255447658541932
HKU_234,FIRST,0.00017047,PASS,-3.7683520388464005
HKU_236,FIRST,0.000118326,PASS,-3.926919816522789
HKU_24,FIRST,0.000118054,PASS,-3.9279192932231446
HKU_241,FIRST,0.052268,FAIL,-1.2817641175716885
HKU_242,FIRST,0.000107326,PASS,-3.969295056331322
HKU_244,FIRST,0.000109748,PASS,-3.9596033854081933
HKU_245,FIRST,8.01e-05,PASS,-4.096367483915762
HKU_246,FIRST,0.000272718,PASS,-3.564286196701975
HKU_248,FIRST,0.00020304,PASS,-3.6924183952493705
HKU_249,FIRST,0.000223702,PASS,-3.650330133091207
HKU_25,FIRST,7.67e-05,PASS,-4.115204636051019
HKU_252,FIRST,9.97e-05,PASS,-4.001304841688344
HKU_254,FIRST,8.94e-05,PASS,-4.048662481204082
HKU_257,FIRST,0.000203545,PASS,-3.691339561420568
HKU_258,FIRST,0.000107291,PASS,-3.9694367068715994
HKU_26,FIRST,0.000206506,PASS,-3.6850673254650332
HKU_264,FIRST,0.000171429,PASS,-3.7659157082317845
HKU_267,FIRST,0.000291984,PASS,-3.5346409461614896
HKU_268,FIRST,0.000114723,PASS,-3.9403495047514983
HKU_27,FIRST,9.22e-05,PASS,-4.035269078946371
HKU_270,FIRST,0.000192149,PASS,-3.716361871390171
HKU_271,FIRST,0.000267732,PASS,-3.5722997177452287
HKU_274,FIRST,3.15e-05,PASS,-4.501689446210399
HKU_275,FIRST,0.000128536,PASS,-3.8909752193233746
HKU_276,FIRST,7.32e-05,PASS,-4.135488918941608
HKU_278,FIRST,4.07e-05,PASS,-4.39040559077478
HKU_279,FIRST,0.000106157,PASS,-3.9740513631452723
HKU_280,FIRST,6.74e-05,PASS,-4.17134010346468
HKU_281,FIRST,9.2e-05,PASS,-4.036212172654444
HKU_282,FIRST,0.000130976,PASS,-3.8828082770348247
HKU_284,FIRST,6.79e-05,PASS,-4.168130225719498
HKU_288,FIRST,0.000136405,PASS,-3.865169710085619
HKU_29,FIRST,0.000139534,PASS,-3.8553199557363715
HKU_290,FIRST,3.13e-05,PASS,-4.504455662453552
HKU_295,FIRST,5.95e-05,PASS,-4.22548303427145
HKU_296,FIRST,5.24e-05,PASS,-4.280668713016273
HKU_30,FIRST,0.000146053,PASS,-3.8354895179779036
HKU_301,FIRST,5.24e-05,PASS,-4.280668713016273
HKU_302,FIRST,0.000199469,PASS,-3.7001245895765056
HKU_303,FIRST,0.00012158,PASS,-3.9151378609515777
HKU_304,FIRST,0.000118125,PASS,-3.9276581784826807
HKU_305,FIRST,0.000135312,PASS,-3.8686636867528104
HKU_309,FIRST,0.000144401,PASS,-3.8404297991972793
HKU_310,FIRST,6.05e-05,PASS,-4.218244625347531
HKU_311,FIRST,0.000105497,PASS,-3.9767598901479992
HKU_312,FIRST,7.17e-05,PASS,-4.1444808443322
HKU_315,FIRST,0.000156897,PASS,-3.8043853604022395
HKU_319,FIRST,6.95e-05,PASS,-4.158015195409886
HKU_32,FIRST,0.000116508,PASS,-3.9336442528648337
HKU_323,FIRST,0.000332713,PASS,-3.477930229735432
HKU_336,FIRST,8.15e-05,PASS,-4.088842391260023
HKU_337,FIRST,0.000215888,PASS,-3.665771496983139
HKU_338,FIRST,7.46e-05,PASS,-4.127261172527331
HKU_342,FIRST,8.66e-05,PASS,-4.062482107982653
HKU_344,FIRST,6.68e-05,PASS,-4.175223537524454
HKU_347,FIRST,2.5e-05,PASS,-4.6020599913279625
HKU_348,FIRST,0.000101527,PASS,-3.9934184465027025
HKU_349,FIRST,0.000333247,PASS,-3.477233751559445
HKU_350,FIRST,6.78e-05,PASS,-4.168770306132936
HKU_351,FIRST,9.06e-05,PASS,-4.042871802323187
HKU_353,FIRST,0.000103053,PASS,-3.9869393608524417
HKU_354,FIRST,5.62e-05,PASS,-4.250263684430939
HKU_355,FIRST,0.00014328,PASS,-3.843814427159025
HKU_356,FIRST,0.000171947,PASS,-3.7646053970144684
HKU_357,FIRST,2.96e-05,PASS,-4.528708288941061
HKU_358,FIRST,6.96e-05,PASS,-4.157390760389438
HKU_359,FIRST,5.98e-05,PASS,-4.223298816011589
HKU_361,FIRST,7.92e-05,PASS,-4.101274818410507
HKU_362,FIRST,7.98e-05,PASS,-4.09799710864927
HKU_363,FIRST,0.000223002,PASS,-3.651691241951531
HKU_364,FIRST,9.65e-05,PASS,-4.015472686656207
HKU_365,FIRST,0.000178891,PASS,-3.747411508223334
HKU_366,FIRST,0.000109404,PASS,-3.9609667991527697
HKU_367,FIRST,0.000298961,PASS,-3.5243854624766033
HKU_368,FIRST,0.00142416,PASS,-2.846441216307571
HKU_369,FIRST,0.000215516,PASS,-3.666520482098301
HKU_373,FIRST,4.87e-05,PASS,-4.3124710387853655
HKU_375,FIRST,1.4e-08,PASS,-7.853871964321762
HKU_376,FIRST,8.69e-05,PASS,-4.060980223551334
HKU_378,FIRST,0.000131765,PASS,-3.880199933637867
HKU_380,FIRST,0.000545461,PASS,-3.2632362956536185
HKU_382,FIRST,0.000159852,PASS,-3.796281925651098
HKU_383,FIRST,0.000133992,PASS,-3.8729211304379647
HKU_384,FIRST,0.000347494,PASS,-3.4590526897483636
HKU_385,FIRST,0.000294925,PASS,-3.5302884119112066
HKU_388,FIRST,0.00102331,PASS,-2.989992781835416
HKU_389,FIRST,9.73e-05,PASS,-4.011887159731648
HKU_390,FIRST,8.56e-05,PASS,-4.0675262353228465
HKU_393,FIRST,0.000116383,PASS,-3.9341104522065935
HKU_394,FIRST,6.88e-05,PASS,-4.162411561764489
HKU_396,FIRST,0.000197973,PASS,-3.703394035751503
HKU_402,FIRST,7.23e-05,PASS,-4.140861702705469
HKU_404,FIRST,6.65e-05,PASS,-4.1771783546968955
HKU_405,FIRST,6.07e-05,PASS,-4.2168113089247425
HKU_407,FIRST,0.00106496,PASS,-2.9726667040614076
HKU_409,FIRST,0.000215703,PASS,-3.666143814682409
HKU_41,FIRST,0.000150687,PASS,-3.821924213324352
HKU_410,FIRST,6.4e-05,PASS,-4.1938200260161125
HKU_411,FIRST,9.63e-05,PASS,-4.016373712875465
HKU_413,FIRST,0.000121769,PASS,-3.914463260492289
HKU_415,FIRST,5.35e-05,PASS,-4.2716462179787715
HKU_417,FIRST,0.00010554,PASS,-3.976582910158895
HKU_419,FIRST,8.74e-10,PASS,-9.058488567365597
HKU_42,FIRST,9.89e-05,PASS,-4.004803708402821
HKU_420,FIRST,4.99e-05,PASS,-4.30189945437661
HKU_421,FIRST,0.000194244,PASS,-3.7116523872355978
HKU_422,FIRST,0.000326901,PASS,-3.485583750897705
HKU_423,FIRST,0.000719096,PASS,-3.143213127020233
HKU_426,FIRST,0.00011734,PASS,-3.930553916119687
HKU_427,FIRST,0.000131603,PASS,-3.8807342105047726
HKU_429,FIRST,0.000171699,PASS,-3.765232234226076
HKU_43,FIRST,0.000161071,PASS,-3.792982645016524
HKU_431,FIRST,2.78e-05,PASS,-4.555955204081924
HKU_432,FIRST,7.29e-05,PASS,-4.137272471682025
HKU_434,FIRST,0.000408838,PASS,-3.3884487449102005
HKU_435,FIRST,0.0027219,PASS,-2.565127834403058
HKU_436,FIRST,9.84e-05,PASS,-4.007004901568658
HKU_437,FIRST,5.19e-05,PASS,-4.284832642151542
HKU_439,FIRST,6.86e-05,PASS,-4.163675884293248
HKU_44,FIRST,0.000220949,PASS,-3.6557079596842392
HKU_440,FIRST,2.81e-05,PASS,-4.55129368009492
HKU_441,FIRST,7.66e-05,PASS,-4.115771230367396
HKU_442,FIRST,8.89e-05,PASS,-4.051098239029786
HKU_448,FIRST,0.000337292,PASS,-3.471993959424667
HKU_449,FIRST,0.000163885,PASS,-3.785460794540202
HKU_45,FIRST,0.000105812,PASS,-3.9754650767407664
HKU_450,FIRST,2.27e-11,PASS,-10.643974142806877
HKU_451,FIRST,4.46e-05,PASS,-4.350665141287858
HKU_453,FIRST,0.000167658,PASS,-3.775575718865269
HKU_456,FIRST,8.7e-05,PASS,-4.060480747381382
HKU_457,FIRST,4.61e-05,PASS,-4.336299074610352
HKU_46,FIRST,0.000146832,PASS,-3.833179285639734
HKU_461,FIRST,7.63e-05,PASS,-4.117475462045119
HKU_463,FIRST,0.000159703,PASS,-3.7966869256197615
HKU_465,FIRST,0.000196804,PASS,-3.705966078870767
HKU_466,FIRST,0.000156399,PASS,-3.805766028103986
HKU_467,FIRST,0.000102313,PASS,-3.990069180857077
HKU_468,FIRST,4.78e-05,PASS,-4.320572103387881
HKU_469,FIRST,0.00027561,PASS,-3.559705028905086
HKU_470,FIRST,0.00014055,PASS,-3.8521691500565405
HKU_474,FIRST,0.000285174,PASS,-3.5448900726885366
HKU_475,FIRST,0.000193156,PASS,-3.7140917968309934
HKU_478,FIRST,5.5e-05,PASS,-4.259637310505756
HKU_48,FIRST,5.93e-05,PASS,-4.226945306635737
HKU_481,FIRST,8.52e-05,PASS,-4.0695604052333
HKU_482,FIRST,2.93e-05,PASS,-4.533132379645891
HKU_484,FIRST,2.48e-05,PASS,-4.605548319173784
HKU_50,FIRST,0.000221052,PASS,-3.655505551398078
HKU_501,FIRST,0.000345619,PASS,-3.4614023907060463
HKU_509,FIRST,0.000256383,PASS,-3.591110774983796
HKU_51,FIRST,0.000111384,PASS,-3.953177189869364
HKU_512,FIRST,8.82e-05,PASS,-4.054531414868181
HKU_518,FIRST,8.94e-05,PASS,-4.048662481204082
HKU_52,FIRST,0.000108355,PASS,-3.965151043529139
HKU_522,FIRST,7.19e-05,PASS,-4.1432711096171175
HKU_525,FIRST,0.000170706,PASS,-3.767751213969643
HKU_526,FIRST,4.41e-05,PASS,-4.355561410532162
HKU_529,FIRST,9.62e-05,PASS,-4.016824927962187
HKU_53,FIRST,7.52e-11,PASS,-10.123782159408357
HKU_531,FIRST,9.2e-05,PASS,-4.036212172654444
HKU_537,FIRST,0.000138975,PASS,-3.8570633172894024
HKU_54,FIRST,0.00020522,PASS,-3.6877803167260272
HKU_545,FIRST,0.000275591,PASS,-3.5597349693266724
HKU_548,FIRST,0.000206537,PASS,-3.6850021355019336
HKU_55,FIRST,0.000240607,PASS,-3.6186917418459226
HKU_550,FIRST,8.83e-05,PASS,-4.054039296422431
HKU_551,FIRST,7.3e-05,PASS,-4.136677139879544
HKU_57,FIRST,0.000207714,PASS,-3.682534230870578
HKU_58,FIRST,0.000144027,PASS,-3.841556085322522
HKU_59,FIRST,6.04e-05,PASS,-4.218963061378868
HKU_6,FIRST,0.000131745,PASS,-3.88026585819219
HKU_60,FIRST,7.12e-05,PASS,-4.147520006363144
HKU_61,FIRST,0.000101128,PASS,-3.995128581680089
HKU_63,FIRST,0.000128992,PASS,-3.8894372235270427
HKU_64,FIRST,7.21e-05,PASS,-4.142064735280571
HKU_66,FIRST,5.34e-05,PASS,-4.272458742971444
HKU_67,FIRST,0.000195348,PASS,-3.709191030783759
HKU_68,FIRST,0.00011811,PASS,-3.927713330490108
HKU_69,FIRST,0.000112762,PASS,-3.9478372298804203
HKU_7,FIRST,0.000107854,PASS,-3.967163743507994
HKU_70,FIRST,6.68e-05,PASS,-4.175223537524454
HKU_71,FIRST,0.000106627,PASS,-3.9721328096971735
HKU_72,FIRST,5.01e-05,PASS,-4.300162274132754
HKU_76,FIRST,0.000196476,PASS,-3.706690492128965
HKU_77,FIRST,0.00016966,PASS,-3.770420537334355
HKU_78,FIRST,0.000199403,PASS,-3.700268312054229
HKU_8,FIRST,0.000131712,PASS,-3.8803746555896987
HKU_89,FIRST,0.000126794,PASS,-3.8969012971525827
HKU_9,FIRST,7.21e-05,PASS,-4.142064735280571
HKU_91,FIRST,0.000589859,PASS,-3.229251789781992
HKU_93,FIRST,0.000145721,PASS,-3.836477857104897
HKU_96,FIRST,9.96e-05,PASS,-4.001740661576301
HKUPS_001Blood,FIRST,0.000304667,PASS,-3.5161745838280143
HKUPS_001Cell,FIRST,0.000249955,PASS,-3.60213817137112
HKUPS_003Cell,FIRST,0.000366402,PASS,-3.4360421644075902
HLA107,FIRST,0.000297856,PASS,-3.525993647065402
HLA111,FIRST,0.000295999,PASS,-3.5287097561546275
HLA113,FIRST,0.000334334,PASS,-3.475819455709117
HLA114,FIRST,0.00058227,PASS,-3.234875585248475
HLA118,FIRST,0.000413825,PASS,-3.3831832762752057
HLA135,FIRST,0.000626629,PASS,-3.2029895101109735
HLA139,FIRST,0.000587517,PASS,-3.2309795624189896
HLA153,FIRST,0.000771409,PASS,-3.1127152985429145
HLA266,FIRST,0.000614165,PASS,-3.211714936736935
HS04001,FIRST,1.86e-08,PASS,-7.730487055782084
HS04002,FIRST,3.57e-07,PASS,-6.447331783887807
HS04003,FIRST,0.000231995,PASS,-3.63452137500483
HS04004,FIRST,0.000136172,PASS,-3.865912183874162
HS04005,FIRST,0.00012587,PASS,-3.900077767803078
HS04006,FIRST,6.31e-05,PASS,-4.199970640755866
HS04008,FIRST,0.000343072,PASS,-3.4646147256678494
HS04009,FIRST,0.000304024,PASS,-3.51709213133812
HS04010,FIRST,0.000269152,PASS,-3.570002388704557
HS04011,FIRST,8.63e-05,PASS,-4.06398920428479
HS04012,FIRST,5.36e-05,PASS,-4.27083521030723
HS04014,FIRST,8.12e-05,PASS,-4.090443970758825
HS04015,FIRST,7.12e-05,PASS,-4.147520006363144
HS04016,FIRST,1.87e-08,PASS,-7.728158393463501
HS04017,FIRST,4.76e-05,PASS,-4.3223930472795065
HS04018,FIRST,0.000168556,PASS,-3.773255783513743
HS04019,FIRST,0.000188192,PASS,-3.7253988422780564
HS04020,FIRST,0.00010593,PASS,-3.9749810277172406
HS04021,FIRST,0.00173108,PASS,-2.7616828612085333
HS04022,FIRST,2.98e-05,PASS,-4.525783735923745
HS04023,FIRST,3.02e-05,PASS,-4.519993057042849
HS04024,FIRST,0.000121866,PASS,-3.9141174434547494
HS04025,FIRST,7.02e-06,PASS,-5.153662887870195
HS04026,FIRST,2.16e-09,PASS,-8.665546248849068
HS04027,FIRST,8.86e-05,PASS,-4.052566278112949
HS04028,FIRST,9.81e-05,PASS,-4.008330992620052
HS04029,FIRST,7.42e-05,PASS,-4.129596094720973
HS04030,FIRST,1.31e-08,PASS,-7.882728704344236
HS04031,FIRST,4.8e-05,PASS,-4.318758762624412
HS04032,FIRST,8.01e-05,PASS,-4.096367483915762
HS04033,FIRST,6.24e-05,PASS,-4.204815410317576
HS04034,FIRST,3.11e-08,PASS,-7.507239610973162
HS04035,FIRST,1.29e-09,PASS,-8.88941028970075
HS04036,FIRST,0.000107445,PASS,-3.9688137897856968
HS04037,FIRST,1.85e-05,PASS,-4.732828271596986
HS04038,FIRST,0.000250101,PASS,-3.601884571789635
HS04039,FIRST,3.41e-05,PASS,-4.467245621007502
HS04040,FIRST,5.22e-12,PASS,-11.282329496997738
HS04041,FIRST,3.05e-08,PASS,-7.515700160653214
HS04042,FIRST,4.63e-09,PASS,-8.334419008982048
HS04043,FIRST,5.8e-05,PASS,-4.236572006437063
HS04044,FIRST,2.41e-05,PASS,-4.617982957425132
HS04045,FIRST,9.11e-09,PASS,-8.040481623027002
HS04046,FIRST,5.7e-05,PASS,-4.2441251443275085
HS04047,FIRST,1.43e-05,PASS,-4.844663962534939
HS04048,FIRST,3.16e-05,PASS,-4.500312917381596
HS04049,FIRST,6.92e-08,PASS,-7.1598939055432425
HS04050,FIRST,0.000461338,PASS,-3.3359807714688694
HS04051,FIRST,7.67e-05,PASS,-4.115204636051019
HS04052,FIRST,0.000181093,PASS,-3.7420983366551743
HS11034,FIRST,0.000113467,PASS,-3.945130427473258
HS11035,FIRST,5.53e-05,PASS,-4.257274868695302
HS11036,FIRST,9.38e-05,PASS,-4.027797161620936
HS11037,FIRST,0.000663646,PASS,-3.1780635188897066
HS11038,FIRST,0.000143305,PASS,-3.843738656535474
HS11039,FIRST,0.000814576,PASS,-3.089068389758384
HS11040,FIRST,1.1e-05,PASS,-4.958607314841775
huangsiqimu,FIRST,0.00204808,PASS,-2.6886530833993394
huangziyu,FIRST,0.000361098,PASS,-3.442374916977131
huangziyufu,FIRST,0.000404804,PASS,-3.39275520474201
huangziyumu,FIRST,0.000584084,PASS,-3.2335246903651402
huhaobo,FIRST,0.00235047,PASS,-2.6288452875166146
huhaobofu,FIRST,0.00205819,PASS,-2.6865145362097613
huhaobomu,FIRST,3.79e-05,PASS,-4.421360790031928
huxinle,FIRST,0.000270329,PASS,-3.568107362128131
huxinlefu,FIRST,8.95e-05,PASS,-4.048176964684088
huxinlemu,FIRST,0.000127896,PASS,-3.8931430380474823
HXPA,FIRST,0.000595419,PASS,-3.2251773110001785
IMR-90,FIRST,0.0171614,PASS,-1.765447285981856
jiangjianhuifu,FIRST,0.000196353,PASS,-3.7069624589288694
jiangjianhuimu,FIRST,0.00383107,PASS,-2.4166799126642737
jiangjunxian,FIRST,0.000177427,PASS,-3.7509802905991836
jiangjunxianfu,FIRST,0.000158405,PASS,-3.80023111417242
jiangjunxianmu,FIRST,0.000113903,PASS,-3.943464837235318
jiangyushanmu,FIRST,0.00457518,PASS,-2.3395918149376524
KIF3Bhetero12_003,FIRST,0.000995742,PASS,-3.001853174117542
KIF3Bhomo10_003,FIRST,0.000316675,PASS,-3.499386220779036
KIF3Bhomo15_003,FIRST,0.000219072,PASS,-3.6594131268782357
kongxiangcan,FIRST,0.000224162,PASS,-3.649438007214042
L1,FIRST,0.000213685,PASS,-3.6702259628423355
L10,FIRST,0.000299655,PASS,-3.5233784713321117
L100,FIRST,0.000112586,PASS,-3.9485156103795283
L101,FIRST,0.000106645,PASS,-3.9720595014270508
L102,FIRST,0.000295559,PASS,-3.5293558115110817
L103,FIRST,0.000122672,PASS,-3.911254554087841
L104,FIRST,0.000128953,PASS,-3.889568549855704
L105,FIRST,0.00016802,PASS,-3.7746390196273403
L106,FIRST,6.77e-05,PASS,-4.169411331314856
L107,FIRST,9.61e-05,PASS,-4.017276612331455
L108,FIRST,0.000130588,PASS,-3.88409672944092
L109,FIRST,6.97e-05,PASS,-4.15676722190199
L11,FIRST,0.000327985,PASS,-3.48414601777061
L110,FIRST,0.00013598,PASS,-3.8665249631619076
L111,FIRST,4.35e-05,PASS,-4.361510743045363
L112,FIRST,0.000251262,PASS,-3.599873187643764
L113,FIRST,7.58e-05,PASS,-4.120330794367947
L114,FIRST,0.000279323,PASS,-3.553893302172876
L115,FIRST,9.38e-05,PASS,-4.027797161620936
L116,FIRST,5.16e-05,PASS,-4.287350298372789
L117,FIRST,3.6e-05,PASS,-4.443697499232712
L118,FIRST,6.4e-05,PASS,-4.1938200260161125
L119,FIRST,0.000160999,PASS,-3.7931768214577817
L12,FIRST,0.000657513,PASS,-3.182095656112043
L120,FIRST,0.000272096,PASS,-3.5652778426035443
L121,FIRST,8.18e-05,PASS,-4.087246696328677
L123,FIRST,8.6e-05,PASS,-4.0655015487564325
L124,FIRST,0.00014793,PASS,-3.8299437427492
L125,FIRST,0.000399938,PASS,-3.3980073295342343
L126,FIRST,0.000127442,PASS,-3.8946874215905707
L127,FIRST,0.00041752,PASS,-3.379322716152596
L128,FIRST,0.000235602,PASS,-3.6278210271902114
L13,FIRST,0.000333792,PASS,-3.476524076277173
L133,FIRST,0.000183468,PASS,-3.736439673293779
L134,FIRST,0.000594759,PASS,-3.225658977418878
L135,FIRST,0.000371263,PASS,-3.430318330322765
L136,FIRST,0.000288596,PASS,-3.5397096926117775
L137,FIRST,7.5e-05,PASS,-4.1249387366083
L138,FIRST,0.000120781,PASS,-3.9180013789942687
L139,FIRST,2.08e-05,PASS,-4.681936665037238
L14,FIRST,0.000367164,PASS,-3.4351399074484656
L140,FIRST,0.000287115,PASS,-3.541944117684419
L141,FIRST,7.07e-05,PASS,-4.150580586203101
L142,FIRST,2.86e-05,PASS,-4.543633966870957
L143,FIRST,5.51e-05,PASS,-4.258848401148215
L144,FIRST,0.000137806,PASS,-3.8607318730658116
L145,FIRST,0.000256969,PASS,-3.5901192655441254
L146,FIRST,0.000207878,PASS,-3.6821914701883265
L147,FIRST,0.000224677,PASS,-3.648441383674941
L148,FIRST,4.18e-05,PASS,-4.3788237182249645
L149,FIRST,0.000492691,PASS,-3.3074253709218366
L15,FIRST,0.000144132,PASS,-3.8412395869822444
L150,FIRST,6.86e-05,PASS,-4.163675884293248
L151,FIRST,0.000394856,PASS,-3.403561258316757
L152,FIRST,0.00107186,PASS,-2.9698619359100786
L153,FIRST,0.000173055,PASS,-3.76181584831415
L154,FIRST,0.000135041,PASS,-3.869534354687067
L155,FIRST,9.88e-05,PASS,-4.005243055412372
L156,FIRST,0.000131494,PASS,-3.881094063344112
L157,FIRST,0.000624237,PASS,-3.2046504932490256
L158,FIRST,0.000186563,PASS,-3.7291744832537868
L16,FIRST,0.000584364,PASS,-3.2333165468153022
L160,FIRST,0.000160693,PASS,-3.794003041267688
L161,FIRST,0.00276207,PASS,-2.5587653191576396
L162,FIRST,6.99e-05,PASS,-4.1555228242543185
L163,FIRST,0.00124299,PASS,-2.905532365294227
L164,FIRST,0.000131006,PASS,-3.8827088134494327
L165,FIRST,0.000179783,PASS,-3.745251376869999
L166,FIRST,0.000116652,PASS,-3.933107810822069
L167,FIRST,0.000342683,PASS,-3.465107439746729
L168,FIRST,0.000296603,PASS,-3.5278244606007703
L169,FIRST,9.1e-05,PASS,-4.040958607678906
L17,FIRST,0.000405738,PASS,-3.391754315890762
L170,FIRST,8.37e-05,PASS,-4.07727454200674
L171,FIRST,0.000358419,PASS,-3.445608976196181
L172,FIRST,0.000172056,PASS,-3.764330177902358
L173,FIRST,4.3e-05,PASS,-4.366531544420414
L174,FIRST,0.00034934,PASS,-3.4567516840884065
L175,FIRST,0.000414937,PASS,-3.3820178373344976
L176,FIRST,0.000132109,PASS,-3.8790675948215467
L177,FIRST,0.000707766,PASS,-3.150110304042453
L178,FIRST,0.000578765,PASS,-3.237497740107364
L179,FIRST,0.000170208,PASS,-3.769020031359514
L18,FIRST,0.000155146,PASS,-3.8092594169881075
L180,FIRST,0.000368857,PASS,-3.4331419702846944
L181,FIRST,0.000376044,PASS,-3.424761336351026
L182,FIRST,0.000480776,PASS,-3.3180572201395044
L183,FIRST,0.000117746,PASS,-3.9290538375530746
L184,FIRST,0.000359452,PASS,-3.4443590956202654
L185,FIRST,0.000245692,PASS,-3.6096089843926054
L186,FIRST,0.000178557,PASS,-3.748223119418091
L187,FIRST,0.000232137,PASS,-3.634255632421451
L188,FIRST,0.000112736,PASS,-3.9479373784988514
L189,FIRST,0.00035516,PASS,-3.4495759526836682
L19,FIRST,0.00014723,PASS,-3.8320036879131196
L190,FIRST,0.000127204,PASS,-3.8954992318431545
L191,FIRST,0.000312221,PASS,-3.505537889622733
L193,FIRST,0.00024789,PASS,-3.6057409925238932
L194,FIRST,0.000185163,PASS,-3.7324457914186553
L195,FIRST,0.000310401,PASS,-3.508076888271509
L196,FIRST,0.000204699,PASS,-3.688884278957146
L197,FIRST,0.00021801,PASS,-3.6615235850870773
L198,FIRST,0.000644938,PASS,-3.190482033507509
L199,FIRST,0.000344437,PASS,-3.4628902020710957
L2,FIRST,0.000105746,PASS,-3.9757360514780538
L20,FIRST,0.00103892,PASS,-2.9834178931513864
L200,FIRST,0.000214429,PASS,-3.6687164797615637
L201,FIRST,0.000107443,PASS,-3.9688218738942913
L202,FIRST,0.000181035,PASS,-3.742237453653395
L203,FIRST,0.000200543,PASS,-3.6977924925675487
L204,FIRST,8.28e-05,PASS,-4.08196966321512
L205,FIRST,5.44e-05,PASS,-4.2644011003018205
L21,FIRST,0.00209083,PASS,-2.679681277112174
L22,FIRST,0.000271037,PASS,-3.5669714183544645
L23,FIRST,0.000155422,PASS,-3.8084875067554953
L24,FIRST,0.000158851,PASS,-3.7990100468543666
L25,FIRST,0.000384373,PASS,-3.4152471266300326
L26,FIRST,5.97e-05,PASS,-4.224025668870631
L27,FIRST,0.00027395,PASS,-3.5623286952292714
L28,FIRST,0.000453692,PASS,-3.3432388786279374
L29,FIRST,0.00019062,PASS,-3.719831534789209
L3,FIRST,2.96e-05,PASS,-4.528708288941061
L30,FIRST,0.000182485,PASS,-3.7387728281113914
L31,FIRST,0.00016459,PASS,-3.783596554766207
L33,FIRST,9.2e-05,PASS,-4.036212172654444
L34,FIRST,5.92e-05,PASS,-4.22767829327708
L35,FIRST,0.000220347,PASS,-3.656892857985081
L36,FIRST,0.000283429,PASS,-3.5475557155013084
L37,FIRST,0.00016913,PASS,-3.771779351131577
L38,FIRST,0.000444917,PASS,-3.3517209998146873
L39,FIRST,0.000120647,PASS,-3.9184834727576345
L4,FIRST,0.000202084,PASS,-3.6944680703876416
L40,FIRST,0.00014749,PASS,-3.831237424377643
L41,FIRST,0.00051755,PASS,-3.2860476870784994
L42,FIRST,0.000235257,PASS,-3.628457445409123
L43,FIRST,0.000138164,PASS,-3.8596051019549233
L44,FIRST,0.000133838,PASS,-3.8734205618503066
L45,FIRST,0.00055463,PASS,-3.2559966430847256
L46,FIRST,0.00326906,PASS,-2.4855771083490334
L47,FIRST,0.000568085,PASS,-3.2455866778997047
L48,FIRST,0.000119956,PASS,-3.920978024463785
L49,FIRST,0.00029714,PASS,-3.5270388809800517
L5,FIRST,0.000142547,PASS,-3.8460419182854624
L50,FIRST,0.000392064,PASS,-3.406643033545559
L51,FIRST,0.000264812,PASS,-3.5770623386594513
L52,FIRST,0.000130802,PASS,-3.8833856154741118
L54,FIRST,0.00549362,PASS,-2.260141384524251
L55,FIRST,0.000172515,PASS,-3.7631731374950004
L56,FIRST,0.000448778,PASS,-3.3479684412188915
L57,FIRST,0.000321353,PASS,-3.4930176413662646
L58,FIRST,0.000356217,PASS,-3.448285358230391
L59,FIRST,0.000196093,PASS,-3.7075379092166307
L6,FIRST,0.000265482,PASS,-3.575964919274337
L60,FIRST,0.000568539,PASS,-3.245239738709137
L61,FIRST,0.000427051,PASS,-3.369520256834541
L62,FIRST,0.00310327,PASS,-2.508180436981453
L63,FIRST,8.62e-05,PASS,-4.064492734175287
L64,FIRST,0.000114237,PASS,-3.942193210509718
L65,FIRST,0.000132583,PASS,-3.8775121582804344
L67,FIRST,0.000204093,PASS,-3.6901718904995437
L68,FIRST,0.000101848,PASS,-3.992047494866979
L69,FIRST,0.00115426,PASS,-2.937696354224509
L7,FIRST,0.000110505,PASS,-3.9566180710894345
L70,FIRST,0.000187296,PASS,-3.7274714975659133
L71,FIRST,9.78e-05,PASS,-4.009661145212399
L72,FIRST,0.000115456,PASS,-3.93758349281019
L73,FIRST,7.24e-05,PASS,-4.140261433802853
L74,FIRST,0.000169512,PASS,-3.770799552037227
L75,FIRST,0.000523546,PASS,-3.2810451541599157
L76,FIRST,0.000458675,PASS,-3.338494930367105
L77,FIRST,0.000163594,PASS,-3.7862326286272605
L78,FIRST,0.000298366,PASS,-3.525250667974422
L79,FIRST,0.000197929,PASS,-3.7034905695264393
L8,FIRST,0.000142514,PASS,-3.846142470223236
L80,FIRST,0.000562115,PASS,-3.2501748254341405
L81,FIRST,0.000308948,PASS,-3.510114611880946
L82,FIRST,0.000393403,PASS,-3.405162332575101
L83,FIRST,0.000131635,PASS,-3.8806286222273254
L84,FIRST,0.000536385,PASS,-3.2705233756905274
L85,FIRST,0.000142386,PASS,-3.846532710289392
L86,FIRST,0.000106282,PASS,-3.973540281691274
L87,FIRST,0.000162074,PASS,-3.7902866493229097
L88,FIRST,0.000188213,PASS,-3.725350382857329
L89,FIRST,0.000378701,PASS,-3.4217035480771973
L9,FIRST,0.000139442,PASS,-3.8556063968193572
L90,FIRST,0.000227493,PASS,-3.6430319621195917
L91,FIRST,0.000126559,PASS,-3.897706965390312
L92,FIRST,0.000311637,PASS,-3.5063509850755974
L93,FIRST,0.000705363,PASS,-3.1515873251012936
L94,FIRST,0.000133817,PASS,-3.87348871065484
L95,FIRST,0.000559583,PASS,-3.252135487744074
L96,FIRST,0.000117146,PASS,-3.931272535983669
L97,FIRST,0.000375171,PASS,-3.42577073912754
L98,FIRST,0.000357681,PASS,-3.446504128943327
L99,FIRST,0.000107671,PASS,-3.9679012533958287
LHYA,FIRST,0.00015256,PASS,-3.816559319962051
liangzihanmu,FIRST,0.00163625,PASS,-2.786150340441188
liaoyinying,FIRST,0.00463783,PASS,-2.3336851745024796
liaoyinyingfu,FIRST,0.00170232,PASS,-2.768958798439863
lichengyun,FIRST,0.00263265,PASS,-2.579606874723142
lijiaxuan,FIRST,0.000481944,PASS,-3.317003422142695
lijiaxuanfu,FIRST,0.000984998,PASS,-3.0065646513194904
linkexinfu,FIRST,0.00141625,PASS,-2.8488600771285464
liuhaoyu,FIRST,0.0026325,PASS,-2.579631620142476
liuhaoyufu,FIRST,0.00291492,PASS,-2.535373359956534
liuhaoyumu,FIRST,0.00445873,PASS,-2.3507888257128258
liujinda,FIRST,0.000125015,PASS,-3.9030378747807855
liujingyu,FIRST,0.00207335,PASS,-2.6833273789296768
liujingyufu,FIRST,0.000837955,PASS,-3.076779303298642
liujingyumu,FIRST,0.00137066,PASS,-2.8630702610648266
liujunximu,FIRST,0.00171746,PASS,-2.7651133689592826
liumuxi,FIRST,0.00337534,PASS,-2.4716824738887633
liumuxifu,FIRST,0.00283092,PASS,-2.5480724033475295
liumuximu,FIRST,7.7e-05,PASS,-4.113509274827518
liuxinmei,FIRST,5.83e-05,PASS,-4.2343314452409855
liuyuchen,FIRST,0.000949997,PASS,-3.0222777661695766
liuyuchenfu,FIRST,0.00097797,PASS,-3.0096744673333493
liuyuchenmu,FIRST,0.00111371,PASS,-2.9532278807923165
liuyulongfu,FIRST,0.000118238,PASS,-3.9272429249938186
liuyulongmu,FIRST,0.00227746,PASS,-2.642549241986942
liuzihanmu,FIRST,7.86e-05,PASS,-4.104577453960592
liyuchen,FIRST,0.00546995,PASS,-2.2620166434697393
LKW-Father,FIRST,0.00018125,PASS,-3.7417219847569685
LKW-Mother,FIRST,0.000309277,PASS,-3.5096523759699605
LKW-Proband,FIRST,0.000109921,PASS,-3.9589193292973848
luquanyi,FIRST,0.00121271,PASS,-2.916243041225311
luquanyifu,FIRST,0.00331052,PASS,-2.480103784051082
luquanyimu,FIRST,0.00283746,PASS,-2.547070252054934
luwenjunfu,FIRST,1.08e-07,PASS,-6.966576244513051
luziyu,FIRST,0.00312068,PASS,-2.5057507623693667
luziyufu,FIRST,0.00158254,PASS,-2.8006453040216774
majialefu,FIRST,0.0005487,PASS,-3.2606650398039205
majialemu,FIRST,0.00360351,PASS,-2.4432742684043744
mamingjun,FIRST,0.0056806,PASS,-2.2456057905341824
NA06984,FIRST,6.23e-10,PASS,-9.20551195334083
NA06985,FIRST,5.91e-09,PASS,-8.228412519118745
NA06986,FIRST,1.41e-09,PASS,-8.85078088734462
NA06989,FIRST,5.72e-09,PASS,-8.242603971206975
NA06994,FIRST,2.86e-09,PASS,-8.543633966870956
NA07000,FIRST,7.92e-09,PASS,-8.101274818410506
NA07037,FIRST,1.46e-08,PASS,-7.835647144215563
NA07048,FIRST,4.62e-10,PASS,-9.335358024443874
NA07051,FIRST,3.29e-09,PASS,-8.482804102050025
NA07056,FIRST,1.77e-09,PASS,-8.752026733638193
NA07347,FIRST,6.66e-09,PASS,-8.176525770829699
NA07357,FIRST,4.65e-10,PASS,-9.332547047110046
NA10847,FIRST,2e-10,PASS,-9.698970004336019
NA10851,FIRST,0.000448184,PASS,-3.348543651673653
NA11829,FIRST,8.37e-09,PASS,-8.07727454200674
NA11830,FIRST,3.62e-09,PASS,-8.441291429466835
NA11831,FIRST,1.15e-09,PASS,-8.939302159646388
NA11832,FIRST,2.14e-08,PASS,-7.669586226650809
NA11840,FIRST,1.32e-09,PASS,-8.87942606879415
NA11843,FIRST,5.82e-09,PASS,-8.235077015350111
NA11881,FIRST,9.11e-10,PASS,-9.040481623027002
NA11892,FIRST,2.1e-09,PASS,-8.67778070526608
NA11893,FIRST,6.28e-09,PASS,-8.202040356262804
NA11894,FIRST,2.13e-09,PASS,-8.671620396561263
NA11918,FIRST,1e-07,PASS,-7.0
NA11919,FIRST,6.58e-08,PASS,-7.181774106386045
NA11920,FIRST,2.94e-08,PASS,-7.531652669587842
NA11930,FIRST,1.8e-10,PASS,-9.744727494896694
NA11931,FIRST,1.17e-09,PASS,-8.931814138253838
NA11932,FIRST,5.75e-09,PASS,-8.24033215531037
NA11933,FIRST,2.59e-10,PASS,-9.586700235918748
NA11992,FIRST,1.06e-09,PASS,-8.97469413473523
NA11994,FIRST,9.38e-09,PASS,-8.027797161620935
NA11995,FIRST,9.9e-09,PASS,-8.00436480540245
NA12003,FIRST,2.47e-05,PASS,-4.607303046740334
NA12004,FIRST,2.42e-05,PASS,-4.616184634019569
NA12005,FIRST,3.85e-09,PASS,-8.414539270491499
NA12006,FIRST,1.39e-09,PASS,-8.856985199745905
NA12043,FIRST,2.92e-09,PASS,-8.534617148551582
NA12044,FIRST,2.55e-08,PASS,-7.5934598195660445
NA12045,FIRST,2.09e-09,PASS,-8.679853713888946
NA12046,FIRST,6.26e-09,PASS,-8.20342566678957
NA12058,FIRST,2.17e-08,PASS,-7.663540266151471
NA12144,FIRST,1.85e-10,PASS,-9.732828271596986
NA12154,FIRST,9.55e-10,PASS,-9.019996628416253
NA12155,FIRST,1.94e-05,PASS,-4.7121982700697735
NA12156,FIRST,2.54e-09,PASS,-8.595166283380062
NA12234,FIRST,2.14e-08,PASS,-7.669586226650809
NA12249,FIRST,7.07e-10,PASS,-9.1505805862031
NA12272,FIRST,5.47e-09,PASS,-8.26201267366657
NA12273,FIRST,8.91e-09,PASS,-8.050122295963126
NA12275,FIRST,1.6e-09,PASS,-8.795880017344075
NA12282,FIRST,1.73e-09,PASS,-8.761953896871205
NA12283,FIRST,2.18e-09,PASS,-8.661543506395395
NA12286,FIRST,2.73e-09,PASS,-8.563837352959244
NA12287,FIRST,5.41e-10,PASS,-9.26680273489343
NA12340,FIRST,4.68e-09,PASS,-8.329754146925875
NA12341,FIRST,1.82e-08,PASS,-7.739928612014925
NA12342,FIRST,6.05e-09,PASS,-8.21824462534753
NA12347,FIRST,2.13e-09,PASS,-8.671620396561263
NA12348,FIRST,2.42e-09,PASS,-8.616184634019568
NA12383,FIRST,1.3e-05,PASS,-4.886056647693163
NA12399,FIRST,8.39e-10,PASS,-9.0762380391713
NA12400,FIRST,4.61e-09,PASS,-8.336299074610352
NA12413,FIRST,5.47e-09,PASS,-8.26201267366657
NA12414,FIRST,0.00443262,PASS,-2.353339498336771
NA12489,FIRST,2.44e-09,PASS,-8.61261017366127
NA12546,FIRST,9.38e-09,PASS,-8.027797161620935
NA12716,FIRST,3.12e-09,PASS,-8.505845405981557
NA12717,FIRST,2.52e-09,PASS,-8.598599459218455
NA12718,FIRST,8.84e-09,PASS,-8.053547734986926
NA12748,FIRST,5.82e-09,PASS,-8.235077015350111
NA12749,FIRST,1.31e-09,PASS,-8.882728704344236
NA12750,FIRST,2.56e-09,PASS,-8.59176003468815
NA12751,FIRST,3.18e-08,PASS,-7.497572880015567
NA12760,FIRST,2.56e-05,PASS,-4.591760034688151
NA12761,FIRST,1.56e-09,PASS,-8.806875401645538
NA12762,FIRST,6.98e-09,PASS,-8.156144577376839
NA12763,FIRST,3.43e-09,PASS,-8.46470587995723
NA12775,FIRST,0.00592268,PASS,-2.227481731480026
NA12776,FIRST,1.08e-08,PASS,-7.966576244513051
NA12777,FIRST,5.06e-09,PASS,-8.2958494831602
NA12778,FIRST,1.73e-08,PASS,-7.761953896871205
NA12812,FIRST,9.77e-09,PASS,-8.010105436281227
NA12813,FIRST,3.31e-09,PASS,-8.480172006224281
NA12814,FIRST,2.66e-10,PASS,-9.575118363368933
NA12815,FIRST,6.95e-09,PASS,-8.158015195409886
NA12827,FIRST,6.48e-09,PASS,-8.188424994129406
NA12828,FIRST,5.37e-09,PASS,-8.270025714300445
NA12829,FIRST,1.07e-09,PASS,-8.97061622231479
NA12830,FIRST,6.63e-06,PASS,-5.178486471595227
NA12842,FIRST,2.26e-09,PASS,-8.645891560852599
NA12843,FIRST,2.68e-09,PASS,-8.57186520597121
NA12872,FIRST,2.92e-09,PASS,-8.534617148551582
NA12873,FIRST,2.35e-09,PASS,-8.628932137728263
NA12874,FIRST,0.000487983,PASS,-3.311595307371865
NA12878,FIRST,5.4e-09,PASS,-8.267606240177031
NA12889,FIRST,6.92e-09,PASS,-8.159893905543242
NA12890,FIRST,2.42e-09,PASS,-8.616184634019568
NA18486,FIRST,8.29e-09,PASS,-8.081445469449726
NA18488,FIRST,5.99e-09,PASS,-8.22257317761069
NA18489,FIRST,5.9e-09,PASS,-8.229147988357855
NA18498,FIRST,5.36e-09,PASS,-8.27083521030723
NA18499,FIRST,3.52e-09,PASS,-8.453457336521868
NA18501,FIRST,4.16e-09,PASS,-8.380906669373257
NA18502,FIRST,7.58e-09,PASS,-8.120330794367947
NA18504,FIRST,1.76e-09,PASS,-8.75448733218585
NA18505,FIRST,2.62e-09,PASS,-8.581698708680255
NA18507,FIRST,6.15e-09,PASS,-8.211124884224583
NA18508,FIRST,1.26e-08,PASS,-7.8996294548824375
NA18510,FIRST,5.53e-09,PASS,-8.257274868695301
NA18511,FIRST,5.46e-09,PASS,-8.262807357295262
NA18516,FIRST,9.89e-09,PASS,-8.00480370840282
NA18517,FIRST,5.08e-08,PASS,-7.294136287716081
NA18519,FIRST,3.87e-11,PASS,-10.41228903498109
NA18520,FIRST,2.82e-09,PASS,-8.549750891680638
NA18522,FIRST,5.41e-09,PASS,-8.26680273489343
NA18523,FIRST,4.46e-09,PASS,-8.350665141287859
NA18525,FIRST,1.07e-08,PASS,-7.97061622231479
NA18526,FIRST,1.62e-05,PASS,-4.790484985457369
NA18528,FIRST,3.09e-09,PASS,-8.510041520575164
NA18530,FIRST,1.4e-08,PASS,-7.853871964321762
NA18531,FIRST,1.72e-05,PASS,-4.764471553092451
NA18532,FIRST,2.38e-09,PASS,-8.623423042943488
NA18533,FIRST,3.62e-10,PASS,-9.441291429466835
NA18534,FIRST,2.17e-09,PASS,-8.66354026615147
NA18535,FIRST,1.07e-09,PASS,-8.97061622231479
NA18536,FIRST,8.95e-10,PASS,-9.048176964684089
NA18537,FIRST,1.37e-08,PASS,-7.863279432843593
NA18538,FIRST,2.53e-05,PASS,-4.5968794788241825
NA18539,FIRST,2.76e-09,PASS,-8.559090917934782
NA18541,FIRST,1.89e-05,PASS,-4.723538195826756
NA18542,FIRST,4.38e-08,PASS,-7.3585258894959
NA18543,FIRST,1.6e-08,PASS,-7.795880017344075
NA18544,FIRST,2.09e-05,PASS,-4.679853713888946
NA18545,FIRST,4.28e-09,PASS,-8.368556230986828
NA18546,FIRST,3.05e-09,PASS,-8.515700160653214
NA18547,FIRST,1.46e-09,PASS,-8.835647144215564
NA18548,FIRST,0.000732624,PASS,-3.135118858403061
NA18549,FIRST,1.19e-08,PASS,-7.924453038607469
NA18550,FIRST,3.43e-09,PASS,-8.46470587995723
NA18552,FIRST,1.2e-08,PASS,-7.920818753952375
NA18553,FIRST,1.19e-09,PASS,-8.924453038607469
NA18555,FIRST,3.16e-08,PASS,-7.5003129173815966
NA18557,FIRST,1.18e-09,PASS,-8.928117992693874
NA18558,FIRST,2.4e-09,PASS,-8.619788758288394
NA18559,FIRST,1.18e-08,PASS,-7.928117992693875
NA18560,FIRST,6.41e-09,PASS,-8.193141970481182
NA18561,FIRST,1.61e-07,PASS,-6.79317412396815
NA18562,FIRST,6.83e-10,PASS,-9.165579296318468
NA18563,FIRST,1.93e-09,PASS,-8.714442690992227
NA18564,FIRST,2.13e-08,PASS,-7.671620396561262
NA18565,FIRST,4.2e-08,PASS,-7.376750709602099
NA18566,FIRST,1.96e-08,PASS,-7.707743928643524
NA18567,FIRST,3.35e-08,PASS,-7.474955192963154
NA18570,FIRST,1.01e-08,PASS,-7.995678626217358
NA18571,FIRST,1.52e-09,PASS,-8.818156412055227
NA18572,FIRST,1.25e-05,PASS,-4.903089986991944
NA18573,FIRST,3.04e-05,PASS,-4.517126416391246
NA18574,FIRST,2.22e-10,PASS,-9.653647025549361
NA18577,FIRST,7.44e-09,PASS,-8.12842706445412
NA18579,FIRST,3.95e-09,PASS,-8.40340290437354
NA18582,FIRST,1.92e-05,PASS,-4.716698771296451
NA18591,FIRST,1.86e-08,PASS,-7.730487055782084
NA18592,FIRST,4.94e-09,PASS,-8.306273051076353
NA18593,FIRST,1.25e-09,PASS,-8.903089986991944
NA18595,FIRST,7.31e-09,PASS,-8.136082623042139
NA18596,FIRST,1.67e-08,PASS,-7.777283528852417
NA18597,FIRST,2.09e-08,PASS,-7.679853713888946
NA18599,FIRST,1.58e-09,PASS,-8.801342913045577
NA18602,FIRST,2.6e-07,PASS,-6.585026652029182
NA18603,FIRST,2.56e-08,PASS,-7.59176003468815
NA18605,FIRST,1.49e-05,PASS,-4.826813731587726
NA18606,FIRST,4.66e-09,PASS,-8.331614083309999
NA18608,FIRST,7.62e-09,PASS,-8.118045028660399
NA18609,FIRST,1.29e-08,PASS,-7.889410289700751
NA18610,FIRST,2.36e-09,PASS,-8.627087997029893
NA18611,FIRST,4.82e-09,PASS,-8.31695296176115
NA18612,FIRST,1.91e-08,PASS,-7.718966632752273
NA18613,FIRST,2.03e-05,PASS,-4.692503962086787
NA18614,FIRST,2.97e-08,PASS,-7.527243550682788
NA18615,FIRST,1.4e-09,PASS,-8.853871964321762
NA18616,FIRST,1.84e-09,PASS,-8.735182176990463
NA18617,FIRST,7.27e-09,PASS,-8.138465589140962
NA18618,FIRST,2.55e-08,PASS,-7.5934598195660445
NA18619,FIRST,3.23e-09,PASS,-8.490797477668897
NA18620,FIRST,2.21e-09,PASS,-8.655607726314889
NA18621,FIRST,2.35e-08,PASS,-7.628932137728264
NA18622,FIRST,8.96e-09,PASS,-8.047691990337874
NA18623,FIRST,9.84e-10,PASS,-9.007004901568658
NA18624,FIRST,5.39e-09,PASS,-8.26841123481326
NA18625,FIRST,7.04e-09,PASS,-8.152427340857887
NA18626,FIRST,3.79e-09,PASS,-8.421360790031928
NA18627,FIRST,1.37e-09,PASS,-8.863279432843592
NA18628,FIRST,9.92e-10,PASS,-9.00348832784582
NA18629,FIRST,5.19e-10,PASS,-9.284832642151542
NA18630,FIRST,1.8e-05,PASS,-4.7447274948966935
NA18631,FIRST,3.58e-09,PASS,-8.446116973356126
NA18632,FIRST,1.18e-07,PASS,-6.928117992693875
NA18633,FIRST,2.31e-08,PASS,-7.636388020107856
NA18634,FIRST,8.82e-09,PASS,-8.05453141486818
NA18635,FIRST,2.8e-08,PASS,-7.552841968657781
NA18636,FIRST,1.75e-08,PASS,-7.756961951313706
NA18637,FIRST,1.44e-08,PASS,-7.841637507904751
NA18638,FIRST,4.23e-09,PASS,-8.373659632624957
NA18639,FIRST,7.42e-09,PASS,-8.129596094720974
NA18640,FIRST,5.3e-09,PASS,-8.275724130399212
NA18641,FIRST,0.00304173,PASS,-2.516879338841287
NA18642,FIRST,1.97e-05,PASS,-4.705533773838407
NA18643,FIRST,1.83e-08,PASS,-7.73754891026957
NA18644,FIRST,3.14e-08,PASS,-7.503070351926785
NA18645,FIRST,6.23e-10,PASS,-9.20551195334083
NA18646,FIRST,4.68e-10,PASS,-9.329754146925875
NA18647,FIRST,1e-08,PASS,-8.0
NA18648,FIRST,1.29e-09,PASS,-8.88941028970075
NA18740,FIRST,2.58e-09,PASS,-8.588380294036769
NA18745,FIRST,9.32e-09,PASS,-8.03058408764602
NA18747,FIRST,2.45e-08,PASS,-7.610833915635467
NA18748,FIRST,1.75e-08,PASS,-7.756961951313706
NA18749,FIRST,2e-08,PASS,-7.698970004336019
NA18757,FIRST,2.32e-09,PASS,-8.6345120151091
NA18853,FIRST,3.88e-09,PASS,-8.411168274405792
NA18856,FIRST,1.06e-08,PASS,-7.97469413473523
NA18858,FIRST,3.88e-09,PASS,-8.411168274405792
NA18861,FIRST,2.1e-09,PASS,-8.67778070526608
NA18864,FIRST,5.23e-09,PASS,-8.281498311132726
NA18865,FIRST,2.28e-09,PASS,-8.642065152999546
NA18867,FIRST,8.81e-09,PASS,-8.055024091587953
NA18868,FIRST,3.87e-09,PASS,-8.41228903498109
NA18870,FIRST,2.31e-05,PASS,-4.636388020107856
NA18871,FIRST,0.000139801,PASS,-3.8544897220600896
NA18873,FIRST,3.48e-08,PASS,-7.458420756053419
NA18874,FIRST,1.84e-08,PASS,-7.735182176990463
NA18876,FIRST,3.44e-09,PASS,-8.46344155742847
NA18877,FIRST,6.07e-09,PASS,-8.216811308924742
NA18878,FIRST,3.52e-09,PASS,-8.453457336521868
NA18879,FIRST,2.49e-09,PASS,-8.603800652904264
NA18881,FIRST,5.02e-09,PASS,-8.29929628285498
NA18907,FIRST,2.74e-09,PASS,-8.562249437179611
NA18908,FIRST,1.06e-09,PASS,-8.97469413473523
NA18909,FIRST,7.1e-09,PASS,-8.148741651280925
NA18910,FIRST,5.32e-09,PASS,-8.274088367704952
NA18912,FIRST,3.17e-09,PASS,-8.498940737782249
NA18915,FIRST,2.54e-09,PASS,-8.595166283380062
NA18916,FIRST,4.32e-09,PASS,-8.364516253185087
NA18917,FIRST,5.44e-09,PASS,-8.26440110030182
NA18923,FIRST,1.18e-09,PASS,-8.928117992693874
NA18924,FIRST,6.15e-09,PASS,-8.211124884224583
NA18933,FIRST,4.12e-09,PASS,-8.385102783966865
NA18934,FIRST,1.87e-09,PASS,-8.7281583934635
NA18939,FIRST,3.73e-09,PASS,-8.428291168191313
NA18940,FIRST,1.56e-05,PASS,-4.806875401645538
NA18941,FIRST,1.32e-08,PASS,-7.87942606879415
NA18942,FIRST,1.59e-08,PASS,-7.798602875679548
NA18943,FIRST,1.58e-08,PASS,-7.801342913045578
NA18944,FIRST,8.13e-05,PASS,-4.089909454405932
NA18945,FIRST,3.32e-09,PASS,-8.478861916295964
NA18946,FIRST,1.67e-09,PASS,-8.777283528852417
NA18947,FIRST,1.65e-08,PASS,-7.782516055786093
NA18948,FIRST,2.73e-08,PASS,-7.5638373529592435
NA18949,FIRST,8.57e-10,PASS,-9.067019178076801
NA18950,FIRST,1.51e-08,PASS,-7.82102305270683
NA18951,FIRST,1.72e-08,PASS,-7.764471553092451
NA18952,FIRST,1.69e-09,PASS,-8.772113295386326
NA18953,FIRST,3.71e-09,PASS,-8.430626090384955
NA18954,FIRST,3e-09,PASS,-8.522878745280337
NA18956,FIRST,1.43e-09,PASS,-8.844663962534938
NA18957,FIRST,1.72e-08,PASS,-7.764471553092451
NA18959,FIRST,9.88e-10,PASS,-9.005243055412372
NA18960,FIRST,2.57e-09,PASS,-8.590066876668706
NA18961,FIRST,2.89e-05,PASS,-4.539102157243452
NA18962,FIRST,7.28e-10,PASS,-9.137868620686962
NA18963,FIRST,6.05e-09,PASS,-8.21824462534753
NA18964,FIRST,6.26e-10,PASS,-9.20342566678957
NA18965,FIRST,7.82e-10,PASS,-9.106793246940152
NA18966,FIRST,2.49e-09,PASS,-8.603800652904264
NA18967,FIRST,9.7e-09,PASS,-8.013228265733755
NA18968,FIRST,8.22e-09,PASS,-8.08512818245995
NA18969,FIRST,9.28e-09,PASS,-8.032452023781138
NA18970,FIRST,4.1e-09,PASS,-8.387216143280265
NA18971,FIRST,7.31e-09,PASS,-8.136082623042139
NA18972,FIRST,5.64e-09,PASS,-8.248720896016657
NA18973,FIRST,1.29e-09,PASS,-8.88941028970075
NA18974,FIRST,2.65e-09,PASS,-8.576754126063193
NA18975,FIRST,1.53e-09,PASS,-8.8153085691824
NA18976,FIRST,2.68e-08,PASS,-7.5718652059712115
NA18977,FIRST,1.17e-08,PASS,-7.931814138253839
NA18978,FIRST,1.77e-07,PASS,-6.752026733638194
NA18979,FIRST,2.71e-08,PASS,-7.567030709125595
NA18980,FIRST,1.04e-08,PASS,-7.982966660701219
NA18981,FIRST,4.23e-08,PASS,-7.373659632624958
NA18982,FIRST,1.39e-08,PASS,-7.856985199745905
NA18983,FIRST,3.91e-08,PASS,-7.407823242604133
NA18984,FIRST,1.42e-05,PASS,-4.847711655616943
NA18985,FIRST,1.55e-09,PASS,-8.809668301829708
NA18986,FIRST,1.39e-09,PASS,-8.856985199745905
NA18987,FIRST,1.86e-09,PASS,-8.730487055782083
NA18988,FIRST,1.97e-08,PASS,-7.705533773838407
NA18989,FIRST,1.47e-10,PASS,-9.832682665251824
NA18990,FIRST,1.2e-09,PASS,-8.920818753952375
NA18991,FIRST,3.1e-08,PASS,-7.508638306165727
NA18992,FIRST,4.8e-08,PASS,-7.318758762624412
NA18993,FIRST,7.77e-09,PASS,-8.109578981199085
NA18994,FIRST,9.34e-09,PASS,-8.029653123769906
NA18995,FIRST,5.06e-09,PASS,-8.2958494831602
NA18997,FIRST,7.78e-10,PASS,-9.10902040301031
NA18998,FIRST,0.00855007,PASS,-2.068030329659045
NA18999,FIRST,9.18e-10,PASS,-9.037157318798757
NA19000,FIRST,4.11e-09,PASS,-8.386158178123932
NA19001,FIRST,7.16e-09,PASS,-8.145086977692145
NA19002,FIRST,5.53e-09,PASS,-8.257274868695301
NA19003,FIRST,1.77e-08,PASS,-7.752026733638194
NA19004,FIRST,2.05e-08,PASS,-7.688246138944246
NA19005,FIRST,2.29e-05,PASS,-4.640164517660112
NA19006,FIRST,6.33e-09,PASS,-8.198596289982644
NA19007,FIRST,1.21e-09,PASS,-8.91721462968355
NA19009,FIRST,2.17e-09,PASS,-8.66354026615147
NA19010,FIRST,1.51e-09,PASS,-8.821023052706831
NA19011,FIRST,1.66e-09,PASS,-8.779891911959945
NA19012,FIRST,2.81e-08,PASS,-7.55129368009492
NA19017,FIRST,6.81e-09,PASS,-8.166852888087215
NA19019,FIRST,2.63e-09,PASS,-8.580044251510243
NA19020,FIRST,1.79e-05,PASS,-4.747146969020107
NA19023,FIRST,3.79e-09,PASS,-8.421360790031928
NA19024,FIRST,1.26e-09,PASS,-8.899629454882437
NA19025,FIRST,1.16e-11,PASS,-10.935542010773082
NA19026,FIRST,4.96e-09,PASS,-8.304518323509802
NA19027,FIRST,5.21e-09,PASS,-8.283162276700475
NA19028,FIRST,2.34e-09,PASS,-8.630784142589857
NA19030,FIRST,1.21e-07,PASS,-6.91721462968355
NA19031,FIRST,6.38e-09,PASS,-8.195179321278838
NA19035,FIRST,1.78e-09,PASS,-8.749579997691106
NA19036,FIRST,3.77e-09,PASS,-8.423658649794207
NA19037,FIRST,4.64e-09,PASS,-8.33348201944512
NA19038,FIRST,3.77e-09,PASS,-8.423658649794207
NA19041,FIRST,4.27e-09,PASS,-8.369572124974976
NA19042,FIRST,2.38e-09,PASS,-8.623423042943488
NA19043,FIRST,2.57e-09,PASS,-8.590066876668706
NA19054,FIRST,4.04e-09,PASS,-8.393618634889394
NA19055,FIRST,4.66e-08,PASS,-7.33161408331
NA19056,FIRST,4.64e-11,PASS,-10.33348201944512
NA19057,FIRST,1.98e-08,PASS,-7.703334809738469
NA19058,FIRST,8.22e-09,PASS,-8.08512818245995
NA19059,FIRST,8.46e-09,PASS,-8.072629636960977
NA19060,FIRST,4.6e-10,PASS,-9.337242168318426
NA19062,FIRST,4.52e-08,PASS,-7.3448615651886175
NA19063,FIRST,1.97e-09,PASS,-8.705533773838408
NA19064,FIRST,9.52e-09,PASS,-8.021363051615525
NA19065,FIRST,9.2e-09,PASS,-8.036212172654444
NA19066,FIRST,2.42e-08,PASS,-7.616184634019569
NA19067,FIRST,1.78e-08,PASS,-7.749579997691106
NA19068,FIRST,4.76e-09,PASS,-8.322393047279506
NA19070,FIRST,1.71e-08,PASS,-7.767003889607846
NA19072,FIRST,3.42e-09,PASS,-8.465973893943865
NA19074,FIRST,1.52e-08,PASS,-7.818156412055227
NA19075,FIRST,1.94e-08,PASS,-7.7121982700697735
NA19076,FIRST,2.16e-08,PASS,-7.665546248849069
NA19077,FIRST,4.77e-09,PASS,-8.321481620959887
NA19078,FIRST,8.81e-09,PASS,-8.055024091587953
NA19079,FIRST,1.97e-10,PASS,-9.705533773838408
NA19080,FIRST,1.5e-08,PASS,-7.823908740944319
NA19081,FIRST,2.96e-08,PASS,-7.528708288941061
NA19082,FIRST,2.11e-08,PASS,-7.675717544702307
NA19083,FIRST,3.32e-09,PASS,-8.478861916295964
NA19084,FIRST,1.35e-05,PASS,-4.869666231504994
NA19085,FIRST,1.18e-08,PASS,-7.928117992693875
NA19086,FIRST,3.55e-09,PASS,-8.449771646944907
NA19087,FIRST,3.82e-08,PASS,-7.4179366370882915
NA19088,FIRST,2.15e-08,PASS,-7.667561540084395
NA19089,FIRST,4.01e-09,PASS,-8.396855627379818
NA19090,FIRST,1.47e-08,PASS,-7.8326826652518236
NA19091,FIRST,7.13e-09,PASS,-8.146910470148134
NA19092,FIRST,2.98e-09,PASS,-8.525783735923746
NA19093,FIRST,3.24e-09,PASS,-8.489454989793387
NA19095,FIRST,1.49e-09,PASS,-8.826813731587725
NA19096,FIRST,1.5e-05,PASS,-4.823908740944319
NA19098,FIRST,1.4e-13,PASS,-12.853871964321762
NA19099,FIRST,1.98e-09,PASS,-8.703334809738468
NA19102,FIRST,1.66e-08,PASS,-7.779891911959945
NA19107,FIRST,2.05e-09,PASS,-8.688246138944246
NA19108,FIRST,5.11e-09,PASS,-8.291579099865288
NA19113,FIRST,5.73e-09,PASS,-8.24184537803261
NA19114,FIRST,2.4e-09,PASS,-8.619788758288394
NA19116,FIRST,2.42e-09,PASS,-8.616184634019568
NA19117,FIRST,5.1e-10,PASS,-9.292429823902063
NA19118,FIRST,1.22e-09,PASS,-8.913640169325252
NA19119,FIRST,1.96e-08,PASS,-7.707743928643524
NA19121,FIRST,5.18e-10,PASS,-9.285670240254767
NA19129,FIRST,6.1e-09,PASS,-8.214670164989233
NA19130,FIRST,1.92e-08,PASS,-7.716698771296451
NA19131,FIRST,1.37e-08,PASS,-7.863279432843593
NA19137,FIRST,2.9e-09,PASS,-8.537602002101044
NA19138,FIRST,1.92e-05,PASS,-4.716698771296451
NA19141,FIRST,5.17e-09,PASS,-8.286509456906057
NA19143,FIRST,1.66e-09,PASS,-8.779891911959945
NA19144,FIRST,3.24e-07,PASS,-6.489454989793388
NA19146,FIRST,0.00221254,PASS,-2.655108869049461
NA19147,FIRST,4.9e-09,PASS,-8.309803919971486
NA19149,FIRST,2.96e-09,PASS,-8.528708288941061
NA19152,FIRST,4.92e-09,PASS,-8.30803489723264
NA19153,FIRST,1.18e-08,PASS,-7.928117992693875
NA19159,FIRST,1.56e-08,PASS,-7.806875401645538
NA19160,FIRST,8.06e-09,PASS,-8.093664958194909
NA19171,FIRST,7.33e-10,PASS,-9.134896025358872
NA19172,FIRST,7.1e-09,PASS,-8.148741651280925
NA19175,FIRST,2.3e-09,PASS,-8.638272163982407
NA19184,FIRST,5.66e-09,PASS,-8.247183568811728
NA19185,FIRST,2.79e-09,PASS,-8.554395796726402
NA19189,FIRST,2.92e-09,PASS,-8.534617148551582
NA19190,FIRST,8.79e-09,PASS,-8.056011124926227
NA19197,FIRST,6.17e-09,PASS,-8.209714835966759
NA19198,FIRST,9.08e-10,PASS,-9.041914151478915
NA19200,FIRST,7.1e-09,PASS,-8.148741651280925
NA19201,FIRST,2.91e-09,PASS,-8.536107011014092
NA19204,FIRST,2.39e-09,PASS,-8.621602099051863
NA19206,FIRST,1.53e-09,PASS,-8.8153085691824
NA19207,FIRST,0.000292517,PASS,-3.5338488892684614
NA19209,FIRST,2.23e-09,PASS,-8.65169513695184
NA19210,FIRST,2.39e-09,PASS,-8.621602099051863
NA19213,FIRST,1.84e-05,PASS,-4.735182176990463
NA19214,FIRST,6.19e-10,PASS,-9.208309350979881
NA19222,FIRST,4.82e-10,PASS,-9.31695296176115
NA19223,FIRST,6.87e-09,PASS,-8.16304326294045
NA19225,FIRST,7.41e-09,PASS,-8.130181792020672
NA19235,FIRST,4.38e-09,PASS,-8.358525889495901
NA19236,FIRST,4.25e-09,PASS,-8.371611069949688
NA19238,FIRST,7.36e-09,PASS,-8.1331221856625
NA19239,FIRST,4.3e-09,PASS,-8.366531544420413
NA19247,FIRST,8.06e-09,PASS,-8.093664958194909
NA19248,FIRST,2.68e-09,PASS,-8.57186520597121
NA19256,FIRST,1.64e-08,PASS,-7.785156151952302
NA19257,FIRST,1.47e-05,PASS,-4.8326826652518236
NA19307,FIRST,7.19e-09,PASS,-8.143271109617118
NA19308,FIRST,1.05e-09,PASS,-8.978810700930062
NA19309,FIRST,9.85e-10,PASS,-9.006563769502389
NA19310,FIRST,9.16e-09,PASS,-8.03810452633215
NA19312,FIRST,1.41e-09,PASS,-8.85078088734462
NA19314,FIRST,4.82e-09,PASS,-8.31695296176115
NA19315,FIRST,2.87e-09,PASS,-8.542118103266008
NA19316,FIRST,2.11e-09,PASS,-8.675717544702307
NA19317,FIRST,6.19e-09,PASS,-8.208309350979881
NA19318,FIRST,4.59e-09,PASS,-8.338187314462738
NA19319,FIRST,2.21e-09,PASS,-8.655607726314889
NA19320,FIRST,1.6e-05,PASS,-4.795880017344075
NA19321,FIRST,4.07e-09,PASS,-8.39040559077478
NA19323,FIRST,1.99e-09,PASS,-8.701146923590294
NA19324,FIRST,3.1e-23,PASS,-22.50863830616573
NA19327,FIRST,9.77e-10,PASS,-9.010105436281227
NA19328,FIRST,6.8e-09,PASS,-8.167491087293763
NA19331,FIRST,2.4e-09,PASS,-8.619788758288394
NA19332,FIRST,5.93e-10,PASS,-9.226945306635738
NA19334,FIRST,5.71e-09,PASS,-8.243363891754152
NA19338,FIRST,1.53e-05,PASS,-4.815308569182402
NA19346,FIRST,3.47e-08,PASS,-7.459670525209126
NA19347,FIRST,1.16e-08,PASS,-7.935542010773082
NA19350,FIRST,4.69e-09,PASS,-8.328827157284916
NA19351,FIRST,4.68e-09,PASS,-8.329754146925875
NA19355,FIRST,4.56e-09,PASS,-8.341035157335565
NA19360,FIRST,9.97e-09,PASS,-8.001304841688345
NA19372,FIRST,3.84e-09,PASS,-8.415668775632469
NA19374,FIRST,3.24e-10,PASS,-9.489454989793387
NA19375,FIRST,1.76e-09,PASS,-8.75448733218585
NA19376,FIRST,1.86e-09,PASS,-8.730487055782083
NA19377,FIRST,4.8e-09,PASS,-8.318758762624412
NA19378,FIRST,3.65e-09,PASS,-8.437707135543524
NA19379,FIRST,9.64e-09,PASS,-8.01592296609717
NA19380,FIRST,2.43e-09,PASS,-8.614393726401687
NA19383,FIRST,9.69e-09,PASS,-8.013676222949234
NA19384,FIRST,1.8e-09,PASS,-8.744727494896694
NA19385,FIRST,9.45e-09,PASS,-8.024568191490737
NA19390,FIRST,4.63e-09,PASS,-8.334419008982048
NA19391,FIRST,6.34e-09,PASS,-8.197910742118268
NA19393,FIRST,1.7e-09,PASS,-8.769551078621726
NA19394,FIRST,3.34e-09,PASS,-8.476253533188435
NA19395,FIRST,2.22e-09,PASS,-8.653647025549361
NA19397,FIRST,4.22e-09,PASS,-8.374687549038326
NA19399,FIRST,3.59e-09,PASS,-8.44490555142168
NA19401,FIRST,4.02e-09,PASS,-8.39577394691553
NA19403,FIRST,2.57e-09,PASS,-8.590066876668706
NA19404,FIRST,9.05e-09,PASS,-8.043351420794796
NA19428,FIRST,4.44e-09,PASS,-8.35261702988538
NA19429,FIRST,9.55e-09,PASS,-8.019996628416253
NA19430,FIRST,2.11e-09,PASS,-8.675717544702307
NA19431,FIRST,4.15e-09,PASS,-8.381951903287908
NA19434,FIRST,7.19e-09,PASS,-8.143271109617118
NA19435,FIRST,9.44e-09,PASS,-8.02502800570193
NA19436,FIRST,2.88e-09,PASS,-8.540607512240769
NA19437,FIRST,1.85e-09,PASS,-8.732828271596986
NA19438,FIRST,3.66e-09,PASS,-8.436518914605589
NA19439,FIRST,2.03e-09,PASS,-8.692503962086787
NA19440,FIRST,1.79e-17,PASS,-16.747146969020108
NA19443,FIRST,2.3e-08,PASS,-7.638272163982407
NA19445,FIRST,1.1e-08,PASS,-7.958607314841775
NA19446,FIRST,8.66e-09,PASS,-8.062482107982653
NA19448,FIRST,5.99e-09,PASS,-8.22257317761069
NA19449,FIRST,2.51e-09,PASS,-8.600326278518962
NA19451,FIRST,6.88e-09,PASS,-8.162411561764488
NA19452,FIRST,1.21e-05,PASS,-4.91721462968355
NA19454,FIRST,1.45e-11,PASS,-10.838631997765026
NA19455,FIRST,6.63e-09,PASS,-8.178486471595226
NA19456,FIRST,3.46e-09,PASS,-8.460923901207224
NA19457,FIRST,3.2e-09,PASS,-8.494850021680094
NA19461,FIRST,2.81e-09,PASS,-8.55129368009492
NA19462,FIRST,2.32e-10,PASS,-9.6345120151091
NA19463,FIRST,2.61e-09,PASS,-8.58335949266172
NA19466,FIRST,2.02e-08,PASS,-7.694648630553377
NA19467,FIRST,2.95e-10,PASS,-9.530177984021837
NA19468,FIRST,1.26e-10,PASS,-9.899629454882437
NA19471,FIRST,5.82e-09,PASS,-8.235077015350111
NA19472,FIRST,3.95e-09,PASS,-8.40340290437354
NA19473,FIRST,2.35e-09,PASS,-8.628932137728263
NA19474,FIRST,5.46e-09,PASS,-8.262807357295262
NA19475,FIRST,8.05e-06,PASS,-5.094204119632131
NA19625,FIRST,3.85e-09,PASS,-8.414539270491499
NA19648,FIRST,1.76e-09,PASS,-8.75448733218585
NA19649,FIRST,4.52e-09,PASS,-8.344861565188618
NA19651,FIRST,3.37e-09,PASS,-8.47237009912866
NA19652,FIRST,1.71e-09,PASS,-8.767003889607846
NA19654,FIRST,5.88e-09,PASS,-8.230622673923861
NA19655,FIRST,0.0130026,PASS,-1.8859697974815144
NA19657,FIRST,2.71e-09,PASS,-8.567030709125595
NA19658,FIRST,3.32e-09,PASS,-8.478861916295964
NA19661,FIRST,7.57e-09,PASS,-8.120904120499928
NA19663,FIRST,1.99e-09,PASS,-8.701146923590294
NA19664,FIRST,6.54e-09,PASS,-8.184422251675732
NA19669,FIRST,1.18e-10,PASS,-9.928117992693874
NA19670,FIRST,1.1e-09,PASS,-8.958607314841775
NA19676,FIRST,1.26e-08,PASS,-7.8996294548824375
NA19678,FIRST,7.58e-10,PASS,-9.120330794367947
NA19679,FIRST,2.04e-09,PASS,-8.6903698325741
NA19681,FIRST,7.81e-10,PASS,-9.1073489661227
NA19682,FIRST,3.98e-09,PASS,-8.400116927926312
NA19684,FIRST,2.39e-09,PASS,-8.621602099051863
NA19700,FIRST,1.5e-09,PASS,-8.823908740944319
NA19701,FIRST,2.85e-09,PASS,-8.54515513999149
NA19703,FIRST,1.4e-08,PASS,-7.853871964321762
NA19704,FIRST,8.2e-09,PASS,-8.086186147616283
NA19707,FIRST,2.07e-05,PASS,-4.684029654543083
NA19711,FIRST,9.9e-09,PASS,-8.00436480540245
NA19712,FIRST,1e-08,PASS,-8.0
NA19713,FIRST,3.78e-05,PASS,-4.422508200162775
NA19716,FIRST,2.88e-09,PASS,-8.540607512240769
NA19717,FIRST,3.49e-09,PASS,-8.45717457304082
NA19719,FIRST,1.18e-09,PASS,-8.928117992693874
NA19720,FIRST,2.39e-10,PASS,-9.621602099051863
NA19722,FIRST,3.94e-09,PASS,-8.404503778174426
NA19723,FIRST,2.41e-09,PASS,-8.61798295742513
NA19725,FIRST,2.32e-05,PASS,-4.634512015109101
NA19726,FIRST,1.38e-09,PASS,-8.860120913598763
NA19728,FIRST,0.000340019,PASS,-3.468496814238317
NA19729,FIRST,1.82e-08,PASS,-7.739928612014925
NA19731,FIRST,1.47e-08,PASS,-7.8326826652518236
NA19732,FIRST,2.51e-05,PASS,-4.600326278518962
NA19734,FIRST,2.78e-09,PASS,-8.555955204081924
NA19735,FIRST,2.33e-08,PASS,-7.632644078973981
NA19740,FIRST,4.2e-09,PASS,-8.3767507096021
NA19741,FIRST,2.09e-08,PASS,-7.679853713888946
NA19746,FIRST,0.000150222,PASS,-3.8232664602816415
NA19747,FIRST,1.97e-09,PASS,-8.705533773838408
NA19749,FIRST,1.76e-09,PASS,-8.75448733218585
NA19750,FIRST,2.65e-09,PASS,-8.576754126063193
NA19752,FIRST,3.03e-09,PASS,-8.518557371497694
NA19755,FIRST,6.6e-10,PASS,-9.18045606445813
NA19756,FIRST,8.74e-10,PASS,-9.058488567365597
NA19758,FIRST,1.54e-05,PASS,-4.8124792791635365
NA19759,FIRST,6.31e-09,PASS,-8.199970640755867
NA19761,FIRST,2.69e-05,PASS,-4.570247719997592
NA19762,FIRST,2.02e-08,PASS,-7.694648630553377
NA19764,FIRST,1.39e-09,PASS,-8.856985199745905
NA19770,FIRST,2.01e-05,PASS,-4.696803942579511
NA19771,FIRST,3.36e-09,PASS,-8.473660722610155
NA19773,FIRST,1.37e-09,PASS,-8.863279432843592
NA19774,FIRST,1.52e-09,PASS,-8.818156412055227
NA19776,FIRST,7.04e-09,PASS,-8.152427340857887
NA19777,FIRST,1.52e-05,PASS,-4.818156412055227
NA19779,FIRST,2.09e-09,PASS,-8.679853713888946
NA19780,FIRST,4.3e-09,PASS,-8.366531544420413
NA19782,FIRST,2.02e-09,PASS,-8.694648630553376
NA19783,FIRST,0.000790017,PASS,-3.102363563232652
NA19785,FIRST,1.17e-09,PASS,-8.931814138253838
NA19786,FIRST,5.48e-09,PASS,-8.261219441515632
NA19788,FIRST,4e-09,PASS,-8.397940008672037
NA19789,FIRST,3.73e-10,PASS,-9.428291168191313
NA19792,FIRST,4.92e-09,PASS,-8.30803489723264
NA19794,FIRST,9.99e-10,PASS,-9.000434511774017
NA19795,FIRST,1.89e-09,PASS,-8.723538195826755
NA19818,FIRST,1.69e-05,PASS,-4.772113295386326
NA19819,FIRST,6.41e-08,PASS,-7.193141970481182
NA19834,FIRST,3.11e-09,PASS,-8.507239610973162
NA19835,FIRST,2.28e-05,PASS,-4.642065152999546
NA19900,FIRST,1.11e-08,PASS,-7.954677021213342
NA19901,FIRST,3.9e-09,PASS,-8.4089353929735
NA19904,FIRST,1.39e-09,PASS,-8.856985199745905
NA19908,FIRST,0.00487604,PASS,-2.3119327403571788
NA19909,FIRST,1.31e-09,PASS,-8.882728704344236
NA19913,FIRST,8.1e-09,PASS,-8.09151498112135
NA19914,FIRST,1.37e-09,PASS,-8.863279432843592
NA19916,FIRST,2.39e-09,PASS,-8.621602099051863
NA19917,FIRST,1.02e-08,PASS,-7.991399828238082
NA19920,FIRST,3.86e-09,PASS,-8.413412695328246
NA19921,FIRST,2.49e-09,PASS,-8.603800652904264
NA19922,FIRST,1.45e-05,PASS,-4.838631997765025
NA19923,FIRST,8.96e-09,PASS,-8.047691990337874
NA19982,FIRST,1.13e-08,PASS,-7.94692155651658
NA19984,FIRST,6.1e-09,PASS,-8.214670164989233
NA20126,FIRST,1.01e-08,PASS,-7.995678626217358
NA20127,FIRST,2.78e-09,PASS,-8.555955204081924
NA20274,FIRST,5.11e-09,PASS,-8.291579099865288
NA20276,FIRST,2.24e-09,PASS,-8.649751981665837
NA20278,FIRST,3.74e-09,PASS,-8.42712839779952
NA20281,FIRST,5.74e-09,PASS,-8.241088107602026
NA20282,FIRST,3.27e-09,PASS,-8.485452247339714
NA20287,FIRST,1.6e-09,PASS,-8.795880017344075
NA20289,FIRST,7.71e-09,PASS,-8.112945621949043
NA20291,FIRST,2.34e-08,PASS,-7.6307841425898575
NA20294,FIRST,2.52e-09,PASS,-8.598599459218455
NA20296,FIRST,5.28e-09,PASS,-8.277366077466187
NA20298,FIRST,5.72e-09,PASS,-8.242603971206975
NA20299,FIRST,9.99e-09,PASS,-8.000434511774017
NA20314,FIRST,5.92e-09,PASS,-8.22767829327708
NA20317,FIRST,6.71e-09,PASS,-8.173277479831007
NA20318,FIRST,4.83e-08,PASS,-7.316052869248487
NA20320,FIRST,1.04e-08,PASS,-7.982966660701219
NA20321,FIRST,4.11e-09,PASS,-8.386158178123932
NA20332,FIRST,4.27e-09,PASS,-8.369572124974976
NA20334,FIRST,8.66e-09,PASS,-8.062482107982653
NA20339,FIRST,1.23e-08,PASS,-7.910094888560602
NA20340,FIRST,1.51e-05,PASS,-4.82102305270683
NA20342,FIRST,3.16e-09,PASS,-8.500312917381596
NA20346,FIRST,5.05e-09,PASS,-8.296708621881338
NA20348,FIRST,1.25e-08,PASS,-7.903089986991944
NA20351,FIRST,1.05e-09,PASS,-8.978810700930062
NA20355,FIRST,4.7e-09,PASS,-8.327902142064282
NA20356,FIRST,1.68e-05,PASS,-4.774690718274138
NA20357,FIRST,3.19e-09,PASS,-8.496209316942819
NA20359,FIRST,4.86e-09,PASS,-8.313363730737706
NA20362,FIRST,9.65e-09,PASS,-8.015472686656208
NA20412,FIRST,4.87e-09,PASS,-8.312471038785366
NA20502,FIRST,5.99e-09,PASS,-8.22257317761069
NA20503,FIRST,4.92e-09,PASS,-8.30803489723264
NA20504,FIRST,4.95e-09,PASS,-8.30539480106643
NA20505,FIRST,3.08e-09,PASS,-8.511449283499555
NA20506,FIRST,7.95e-10,PASS,-9.09963287134353
NA20507,FIRST,1.43e-09,PASS,-8.844663962534938
NA20508,FIRST,3.35e-09,PASS,-8.474955192963154
NA20509,FIRST,1.17e-09,PASS,-8.931814138253838
NA20510,FIRST,1.07e-09,PASS,-8.97061622231479
NA20511,FIRST,2.9e-05,PASS,-4.5376020021010435
NA20512,FIRST,7.04e-10,PASS,-9.152427340857887
NA20513,FIRST,6.55e-10,PASS,-9.183758700008218
NA20514,FIRST,3e-09,PASS,-8.522878745280337
NA20515,FIRST,7e-09,PASS,-8.154901959985743
NA20516,FIRST,0.000500192,PASS,-3.3008632585943993
NA20517,FIRST,3.74e-09,PASS,-8.42712839779952
NA20518,FIRST,8.43e-10,PASS,-9.074172425375258
NA20519,FIRST,0.000624918,PASS,-3.2041769658301282
NA20520,FIRST,4.4e-09,PASS,-8.356547323513812
NA20521,FIRST,4.27e-09,PASS,-8.369572124974976
NA20522,FIRST,1.02e-09,PASS,-8.991399828238082
NA20524,FIRST,0.000162556,PASS,-3.7889969959076213
NA20525,FIRST,7.19e-06,PASS,-5.1432711096171175
NA20527,FIRST,8.95e-09,PASS,-8.048176964684089
NA20528,FIRST,5.11e-09,PASS,-8.291579099865288
NA20529,FIRST,2.65e-09,PASS,-8.576754126063193
NA20530,FIRST,6.72e-08,PASS,-7.172630726946175
NA20531,FIRST,4.15e-09,PASS,-8.381951903287908
NA20532,FIRST,8.94e-09,PASS,-8.048662481204083
NA20533,FIRST,3.23e-09,PASS,-8.490797477668897
NA20534,FIRST,2.83e-09,PASS,-8.54821356447571
NA20535,FIRST,1.99e-09,PASS,-8.701146923590294
NA20536,FIRST,1.53e-09,PASS,-8.8153085691824
NA20538,FIRST,4.95e-09,PASS,-8.30539480106643
NA20539,FIRST,7.12e-09,PASS,-8.147520006363143
NA20540,FIRST,2.58e-09,PASS,-8.588380294036769
NA20541,FIRST,2.09e-09,PASS,-8.679853713888946
NA20542,FIRST,0.000815861,PASS,-3.088383826632309
NA20543,FIRST,0.000295211,PASS,-3.5298674640905396
NA20544,FIRST,4.76e-09,PASS,-8.322393047279506
NA20581,FIRST,5.35e-09,PASS,-8.271646217978772
NA20582,FIRST,6.92e-09,PASS,-8.159893905543242
NA20585,FIRST,1.76e-09,PASS,-8.75448733218585
NA20586,FIRST,4.44e-09,PASS,-8.35261702988538
NA20587,FIRST,2.37e-09,PASS,-8.625251653989896
NA20588,FIRST,5.99e-09,PASS,-8.22257317761069
NA20589,FIRST,2.38e-09,PASS,-8.623423042943488
NA20752,FIRST,5.32e-09,PASS,-8.274088367704952
NA20753,FIRST,2.95e-09,PASS,-8.530177984021837
NA20754,FIRST,5.27e-09,PASS,-8.278189384787453
NA20755,FIRST,5.82e-09,PASS,-8.235077015350111
NA20756,FIRST,1.51e-09,PASS,-8.821023052706831
NA20757,FIRST,3.31e-09,PASS,-8.480172006224281
NA20758,FIRST,2.35e-09,PASS,-8.628932137728263
NA20759,FIRST,2.77e-09,PASS,-8.557520230935552
NA20760,FIRST,0.00118462,PASS,-2.926420939417247
NA20761,FIRST,2.63e-09,PASS,-8.580044251510243
NA20762,FIRST,1.11e-09,PASS,-8.954677021213342
NA20763,FIRST,5.28e-09,PASS,-8.277366077466187
NA20764,FIRST,1.78e-09,PASS,-8.749579997691106
NA20765,FIRST,3.45e-10,PASS,-9.462180904926726
NA20766,FIRST,1.77e-09,PASS,-8.752026733638193
NA20767,FIRST,2.73e-09,PASS,-8.563837352959244
NA20768,FIRST,1.89e-09,PASS,-8.723538195826755
NA20769,FIRST,3.1e-09,PASS,-8.508638306165727
NA20770,FIRST,8.69e-10,PASS,-9.060980223551333
NA20771,FIRST,1.31e-05,PASS,-4.882728704344236
NA20772,FIRST,3.05e-09,PASS,-8.515700160653214
NA20773,FIRST,4.3e-10,PASS,-9.366531544420413
NA20774,FIRST,8.51e-09,PASS,-8.070070439915412
NA20775,FIRST,2.33e-09,PASS,-8.63264407897398
NA20778,FIRST,1.92e-05,PASS,-4.716698771296451
NA20783,FIRST,1.18e-05,PASS,-4.928117992693875
NA20785,FIRST,9.5e-10,PASS,-9.022276394711152
NA20786,FIRST,3.18e-09,PASS,-8.497572880015568
NA20787,FIRST,3.45e-09,PASS,-8.462180904926726
NA20790,FIRST,1.97e-05,PASS,-4.705533773838407
NA20792,FIRST,6.68e-09,PASS,-8.175223537524454
NA20795,FIRST,8.68e-09,PASS,-8.061480274823507
NA20796,FIRST,8.76e-10,PASS,-9.05749589383192
NA20797,FIRST,1.01e-09,PASS,-8.995678626217357
NA20798,FIRST,2.37e-09,PASS,-8.625251653989896
NA20799,FIRST,2.43e-09,PASS,-8.614393726401687
NA20800,FIRST,1.44e-09,PASS,-8.84163750790475
NA20801,FIRST,2.01e-09,PASS,-8.69680394257951
NA20802,FIRST,9.3e-09,PASS,-8.031517051446064
NA20803,FIRST,9.53e-10,PASS,-9.020907099361674
NA20804,FIRST,1.2e-09,PASS,-8.920818753952375
NA20805,FIRST,2.05e-09,PASS,-8.688246138944246
NA20806,FIRST,1.57e-09,PASS,-8.804100347590767
NA20807,FIRST,1.38e-09,PASS,-8.860120913598763
NA20808,FIRST,0.00548149,PASS,-2.261101373847454
NA20809,FIRST,8.41e-09,PASS,-8.075204004202087
NA20810,FIRST,2.22e-09,PASS,-8.653647025549361
NA20811,FIRST,1.57e-05,PASS,-4.804100347590766
NA20812,FIRST,2.28e-09,PASS,-8.642065152999546
NA20813,FIRST,5.58e-10,PASS,-9.25336580106242
NA20814,FIRST,2.02e-09,PASS,-8.694648630553376
NA20815,FIRST,5.2e-10,PASS,-9.2839966563652
NA20818,FIRST,3.8e-09,PASS,-8.42021640338319
NA20819,FIRST,1.14e-09,PASS,-8.943095148663527
NA20821,FIRST,1.54e-09,PASS,-8.812479279163536
NA20822,FIRST,7.07e-09,PASS,-8.1505805862031
NA20826,FIRST,5.54e-09,PASS,-8.25649023527157
NA20827,FIRST,5.18e-09,PASS,-8.285670240254767
NA20828,FIRST,1.13e-08,PASS,-7.94692155651658
NA20832,FIRST,2.13e-08,PASS,-7.671620396561262
NA20845,FIRST,2.55e-09,PASS,-8.593459819566045
NA20846,FIRST,1.82e-09,PASS,-8.739928612014925
NA20847,FIRST,2.56e-09,PASS,-8.59176003468815
NA20849,FIRST,6.41e-10,PASS,-9.193141970481182
NA20850,FIRST,2.62e-09,PASS,-8.581698708680255
NA20851,FIRST,2.41e-09,PASS,-8.61798295742513
NA20852,FIRST,5.65e-09,PASS,-8.247951552180561
NA20853,FIRST,2.24e-09,PASS,-8.649751981665837
NA20854,FIRST,2.16e-09,PASS,-8.665546248849068
NA20856,FIRST,5.64e-05,PASS,-4.248720896016658
NA20858,FIRST,5.14e-10,PASS,-9.289036881004725
NA20859,FIRST,1.08e-08,PASS,-7.966576244513051
NA20861,FIRST,2.56e-05,PASS,-4.591760034688151
NA20862,FIRST,1.57e-09,PASS,-8.804100347590767
NA20863,FIRST,1.5e-11,PASS,-10.823908740944319
NA20864,FIRST,1.35e-09,PASS,-8.869666231504993
NA20866,FIRST,3.24e-09,PASS,-8.489454989793387
NA20867,FIRST,3.93e-09,PASS,-8.405607449624574
NA20868,FIRST,1.92e-09,PASS,-8.71669877129645
NA20869,FIRST,2.1e-09,PASS,-8.67778070526608
NA20870,FIRST,3.66e-09,PASS,-8.436518914605589
NA20872,FIRST,0.00208609,PASS,-2.6806669587761194
NA20874,FIRST,1.01e-08,PASS,-7.995678626217358
NA20875,FIRST,1.65e-09,PASS,-8.782516055786093
NA20876,FIRST,0.00013793,PASS,-3.8603412637918226
NA20877,FIRST,1.47e-09,PASS,-8.832682665251824
NA20878,FIRST,8.85e-09,PASS,-8.053056729302174
NA20881,FIRST,1.1e-09,PASS,-8.958607314841775
NA20882,FIRST,1.15e-08,PASS,-7.939302159646388
NA20884,FIRST,8.06e-10,PASS,-9.093664958194909
NA20885,FIRST,7.6e-09,PASS,-8.119186407719209
NA20886,FIRST,2.63e-09,PASS,-8.580044251510243
NA20887,FIRST,7.83e-10,PASS,-9.106238237942057
NA20888,FIRST,1.68e-09,PASS,-8.774690718274137
NA20889,FIRST,2.03e-09,PASS,-8.692503962086787
NA20890,FIRST,1.25e-10,PASS,-9.903089986991944
NA20891,FIRST,0.00339776,PASS,-2.468807300674956
NA20892,FIRST,4.09e-09,PASS,-8.388276691992658
NA20894,FIRST,2.4e-09,PASS,-8.619788758288394
NA20895,FIRST,1.96e-05,PASS,-4.707743928643524
NA20896,FIRST,1.05e-09,PASS,-8.978810700930062
NA20897,FIRST,4.47e-09,PASS,-8.349692476868064
NA20899,FIRST,6.87e-10,PASS,-9.16304326294045
NA20900,FIRST,3.96e-09,PASS,-8.402304814074487
NA20901,FIRST,3.44e-10,PASS,-9.46344155742847
NA20902,FIRST,1.68e-09,PASS,-8.774690718274137
NA20903,FIRST,3.18e-09,PASS,-8.497572880015568
NA20904,FIRST,4.62e-09,PASS,-8.335358024443874
NA20905,FIRST,2.66e-09,PASS,-8.575118363368933
NA20906,FIRST,7.65e-10,PASS,-9.116338564846382
NA20908,FIRST,2.69e-09,PASS,-8.570247719997592
NA20910,FIRST,2.24e-09,PASS,-8.649751981665837
NA20911,FIRST,2.54e-05,PASS,-4.5951662833800615
NA21086,FIRST,2.99e-09,PASS,-8.52432881167557
NA21087,FIRST,1.23e-09,PASS,-8.910094888560602
NA21088,FIRST,1.7e-09,PASS,-8.769551078621726
NA21089,FIRST,2.85e-09,PASS,-8.54515513999149
NA21090,FIRST,8.84e-10,PASS,-9.053547734986926
NA21091,FIRST,3.19e-09,PASS,-8.496209316942819
NA21092,FIRST,5.48e-09,PASS,-8.261219441515632
NA21093,FIRST,1.14e-09,PASS,-8.943095148663527
NA21094,FIRST,4.79e-06,PASS,-5.319664486585436
NA21095,FIRST,1.26e-08,PASS,-7.8996294548824375
NA21097,FIRST,5.25e-10,PASS,-9.279840696594043
NA21098,FIRST,2.99e-09,PASS,-8.52432881167557
NA21099,FIRST,3.14e-09,PASS,-8.503070351926786
NA21100,FIRST,1.49e-09,PASS,-8.826813731587725
NA21101,FIRST,2.85e-09,PASS,-8.54515513999149
NA21102,FIRST,1e-08,PASS,-8.0
NA21103,FIRST,3.5e-09,PASS,-8.455931955649724
NA21104,FIRST,2.45e-09,PASS,-8.610833915635467
NA21105,FIRST,2.79e-09,PASS,-8.554395796726402
NA21106,FIRST,1.47e-09,PASS,-8.832682665251824
NA21107,FIRST,1.88e-09,PASS,-8.72584215073632
NA21108,FIRST,8.4e-09,PASS,-8.075720713938118
NA21109,FIRST,7.36e-10,PASS,-9.1331221856625
NA21110,FIRST,2.2e-09,PASS,-8.657577319177793
NA21111,FIRST,7.78e-10,PASS,-9.10902040301031
NA21112,FIRST,5.87e-10,PASS,-9.231361898752386
NA21113,FIRST,3.53e-09,PASS,-8.452225294612177
NA21114,FIRST,1.75e-09,PASS,-8.756961951313706
NA21115,FIRST,5.43e-09,PASS,-8.265200170411154
NA21116,FIRST,1.64e-05,PASS,-4.785156151952302
NA21117,FIRST,3.78e-09,PASS,-8.422508200162774
NA21118,FIRST,1.84e-09,PASS,-8.735182176990463
NA21119,FIRST,3.54e-09,PASS,-8.450996737974211
NA21120,FIRST,7.46e-11,PASS,-10.127261172527332
NA21122,FIRST,1.04e-09,PASS,-8.98296666070122
NA21123,FIRST,8.3e-09,PASS,-8.080921907623926
NA21124,FIRST,3e-09,PASS,-8.522878745280337
NA21125,FIRST,4.15e-10,PASS,-9.381951903287908
NA21126,FIRST,2.21e-09,PASS,-8.655607726314889
NA21127,FIRST,4.47e-09,PASS,-8.349692476868064
NA21128,FIRST,4.58e-09,PASS,-8.339134521996131
NA21129,FIRST,6.17e-08,PASS,-7.209714835966758
NA21130,FIRST,2.24e-09,PASS,-8.649751981665837
NA21133,FIRST,5.73e-09,PASS,-8.24184537803261
NA21135,FIRST,5.43e-10,PASS,-9.265200170411154
NA21137,FIRST,3.77e-09,PASS,-8.423658649794207
NA21141,FIRST,3.03e-12,PASS,-11.518557371497694
NA21142,FIRST,1.63e-10,PASS,-9.787812395596042
NA21143,FIRST,6.72e-10,PASS,-9.172630726946174
NA21144,FIRST,1.78e-09,PASS,-8.749579997691106
nichang,FIRST,0.000417449,PASS,-3.379396574962419
nichangmu,FIRST,0.000650672,PASS,-3.1866378816127434
niuyixin,FIRST,0.00395305,PASS,-2.403067692465336
niuyixinfu,FIRST,0.00421028,PASS,-2.3756890209312376
NJ_BA10C,FIRST,0.0015145,PASS,-2.8197307223311254
NJ_BA11C,FIRST,0.0021307,PASS,-2.671477694122664
NJ_BA12C,FIRST,0.00367296,PASS,-2.4349838012691545
NJ_BA13C,FIRST,0.00156701,PASS,-2.804928232037497
NJ_BA14C,FIRST,0.00163405,PASS,-2.786734658702092
NJ_BA15C,FIRST,0.000269414,PASS,-3.5695798400726906
NJ_BA19C,FIRST,0.00102194,PASS,-2.9905746016903927
NJ_BA20C,FIRST,0.00119707,PASS,-2.9218804529980495
NJ_BA22C,FIRST,8.52e-05,PASS,-4.0695604052333
NJ_BA24C,FIRST,0.00150755,PASS,-2.8217282749662576
NJ_BA25A,FIRST,0.0016382,PASS,-2.7856330784033956
NJ_BA25B,FIRST,0.00170362,PASS,-2.7686272700783
NJ_BA26C,FIRST,0.00102762,PASS,-2.988167451890011
NJ_BA27C,FIRST,0.00153735,PASS,-2.813227247812875
NJ_BA28A,FIRST,0.00221798,PASS,-2.6540423742954244
NJ_BA28B,FIRST,0.00157802,PASS,-2.801887496795423
NJ_BA29A,FIRST,0.00180284,PASS,-2.7440428147088043
NJ_BA2C,FIRST,0.00205634,PASS,-2.6869050764880744
NJ_BA3C,FIRST,0.0012994,PASS,-2.88625713757065
NJ_BA4C,FIRST,0.00272407,PASS,-2.5647817366186025
NM004A,FIRST,0.0016978,PASS,-2.770113470754108
NM006A,FIRST,0.000297603,PASS,-3.5263626951796576
NM007A,FIRST,0.0016744,PASS,-2.7761407846693698
NM008A,FIRST,0.000811793,PASS,-3.0905546978752008
NM051B,FIRST,0.000783214,PASS,-3.106119558094085
NM052,FIRST,0.000162809,PASS,-3.788321591201725
NM053,FIRST,0.000349308,PASS,-3.4567914678519918
NM065,FIRST,0.000284787,PASS,-3.545479839322834
NM066,FIRST,7.97e-05,PASS,-4.098541678603888
NM067,FIRST,0.000121742,PASS,-3.914559567854662
NM085A,FIRST,0.000831891,PASS,-3.07993357418965
NM095A,FIRST,0.000942025,PASS,-3.0259375714980177
NM096A,FIRST,0.00149124,PASS,-2.826452455616241
NM097A,FIRST,0.000848158,PASS,-3.0715232372050707
NM099,FIRST,0.00290597,PASS,-2.536708873486624
NM103A,FIRST,0.000993877,PASS,-3.002667359593228
NM106,FIRST,9.93e-05,PASS,-4.0030507515046185
NM107,FIRST,0.000120864,PASS,-3.917703036852569
NM118A,FIRST,6.07e-05,PASS,-4.2168113089247425
NM119A,FIRST,9.02e-05,PASS,-4.044793462458058
NM123,FIRST,9.57e-05,PASS,-4.019088062223156
NM124,FIRST,1.53e-07,PASS,-6.815308569182402
NM131A,FIRST,0.00105147,PASS,-2.9782031138671714
NM133,FIRST,0.00163428,PASS,-2.7866735340720807
NM134A,FIRST,0.00117957,PASS,-2.9282762813899383
NM135A,FIRST,0.00130538,PASS,-2.8842630455056595
NM136A,FIRST,0.000729744,PASS,-3.1368294671211796
NM137A,FIRST,0.00163919,PASS,-2.7853707040444324
NM138A,FIRST,0.000855154,PASS,-3.0679556685142795
NM139A,FIRST,0.000923788,PASS,-3.0344276835352737
NM140A,FIRST,0.00100644,PASS,-2.997212110934916
NM144A,FIRST,0.000768101,PASS,-3.114581669475447
NM145A,FIRST,0.000619783,PASS,-3.2077603401771575
NM146A,FIRST,0.000808141,PASS,-3.0925128593001427
NM156,FIRST,3.24e-05,PASS,-4.489454989793388
P1,FIRST,0.000150411,PASS,-3.8227204013467047
P10,FIRST,0.00024517,PASS,-3.6105326729446308
P100A,FIRST,0.000482032,PASS,-3.31692412988954
P10B,FIRST,0.000283725,PASS,-3.547102395315556
P10P,FIRST,0.000474507,PASS,-3.3237573764106623
P11,FIRST,0.000304056,PASS,-3.517046422143824
P11B,FIRST,0.000130505,PASS,-3.884372849009137
P11P,FIRST,0.000607077,PASS,-3.2167562206969755
P12,FIRST,0.000112385,PASS,-3.949291650083222
P12P,FIRST,0.000275561,PASS,-3.559782247879485
P13,FIRST,0.000163908,PASS,-3.785399848924523
P13B,FIRST,0.000374162,PASS,-3.4269403216685004
P14,FIRST,0.000211257,PASS,-3.6751888917936237
P14B,FIRST,0.000348621,PASS,-3.4576464556958286
P15,FIRST,0.000342639,PASS,-3.4651632061083224
P16,FIRST,0.000183914,PASS,-3.735385209906438
P16B,FIRST,0.00022206,PASS,-3.6535296645212445
P17,FIRST,4.89e-05,PASS,-4.31069114087638
P17B,FIRST,0.00102291,PASS,-2.9901625756943107
P18,FIRST,0.000175526,PASS,-3.7556585440403616
P18B,FIRST,0.00109465,PASS,-2.960724718601554
P19,FIRST,0.000150011,PASS,-3.823876893850025
P19B,FIRST,0.000665084,PASS,-3.1771234999109894
P1B,FIRST,0.000298866,PASS,-3.524523488949573
P1P,FIRST,0.00162471,PASS,-2.789224146463134
P2,FIRST,0.000100704,PASS,-3.9969532787668736
P20,FIRST,0.000524865,PASS,-3.2799523866787306
P20B,FIRST,0.000490831,PASS,-3.309068015823239
P21,FIRST,0.000114228,PASS,-3.9422274271323006
P21B,FIRST,0.000349106,PASS,-3.457042687007938
P22,FIRST,7.25e-05,PASS,-4.139661993429006
P22B,FIRST,0.000660156,PASS,-3.1803534251647565
P23,FIRST,7.68e-05,PASS,-4.114638779968488
P23B,FIRST,0.00107452,PASS,-2.9687854965905904
P24,FIRST,0.000116414,PASS,-3.933994788095642
P24B,FIRST,0.000270545,PASS,-3.567760487946425
P25,FIRST,0.000895418,PASS,-3.0479741795280697
P25B,FIRST,0.000563724,PASS,-3.2489334751218264
P26,FIRST,0.000211074,PASS,-3.675565259595951
P26B,FIRST,0.000286785,PASS,-3.5424435677447903
P27,FIRST,0.000119966,PASS,-3.9209418214909726
P27B,FIRST,0.00029582,PASS,-3.5289724672694485
P28,FIRST,0.000176217,PASS,-3.7539521966614604
P28B,FIRST,0.000321077,PASS,-3.493390803529862
P29,FIRST,7.23e-05,PASS,-4.140861702705469
P29B,FIRST,0.00057274,PASS,-3.242042484823388
P2B,FIRST,0.000474487,PASS,-3.3237756818786406
P2P,FIRST,0.000519512,PASS,-3.2844044163963266
P3,FIRST,0.000108072,PASS,-3.9662868113254612
P30,FIRST,0.000151412,PASS,-3.8198397039161307
P30B,FIRST,0.000483479,PASS,-3.315622384832656
P31,FIRST,0.000102924,PASS,-3.987483343874724
P31B,FIRST,0.000480892,PASS,-3.3179524476813484
P32,FIRST,0.00017121,PASS,-3.7664708727313796
P32B,FIRST,0.000585028,PASS,-3.2328233476708315
P33,FIRST,0.000121172,PASS,-3.9165977238195553
P33B,FIRST,0.000566601,PASS,-3.2467226633240553
P34,FIRST,0.00168757,PASS,-2.7727382036920667
P35,FIRST,7.85e-05,PASS,-4.105130343254747
P35B,FIRST,0.000277618,PASS,-3.556552378825099
P36,FIRST,3.21e-05,PASS,-4.493494967595128
P36B,FIRST,0.000427647,PASS,-3.3689145702571333
P37,FIRST,0.000106359,PASS,-3.973225754609778
P37B,FIRST,0.000232208,PASS,-3.634122822082348
P38,FIRST,0.000154899,PASS,-3.8099513859585716
P38B,FIRST,0.000403374,PASS,-3.394292098241327
P39,FIRST,0.000168331,PASS,-3.773835896566235
P39B,FIRST,0.10507,FAIL,-0.9785212677424728
P3B,FIRST,0.000119962,PASS,-3.920956302317952
P3P,FIRST,0.000558121,PASS,-3.2532716363033742
P4,FIRST,0.000296923,PASS,-3.52735616014662
P40,FIRST,7.7e-05,PASS,-4.113509274827518
P40B,FIRST,0.000406985,PASS,-3.3904215970088734
P41,FIRST,0.000195803,PASS,-3.708180658429385
P41B,FIRST,0.0526885,FAIL,-1.2782841652722636
P42,FIRST,0.000240414,PASS,-3.6190402457137587
P42B,FIRST,0.00060802,PASS,-3.216082134959533
P43,FIRST,8.98e-05,PASS,-4.0467236633326955
P43B,FIRST,0.00034612,PASS,-3.460773304957005
P44,FIRST,0.000132821,PASS,-3.8767332543121498
P44B,FIRST,0.000210304,PASS,-3.67715246691707
P45,FIRST,7.53e-05,PASS,-4.123205023799299
P45B,FIRST,0.000440918,PASS,-3.3556421712097273
P46,FIRST,0.000174645,PASS,-3.7578438434846415
P46B,FIRST,0.000471974,PASS,-3.3260819250259543
P47,FIRST,0.000141028,PASS,-3.85069465303077
P47B,FIRST,0.000564055,PASS,-3.248678546669288
P48,FIRST,0.000154337,PASS,-3.8115299458128264
P48B,FIRST,0.000375004,PASS,-3.425964099822514
P49,FIRST,0.000279223,PASS,-3.5540488111145008
P49B,FIRST,0.000283655,PASS,-3.547209556702589
P4P,FIRST,0.000261234,PASS,-3.5829702996349666
P5,FIRST,0.000139391,PASS,-3.855765266241729
P50,FIRST,0.000116569,PASS,-3.933416929156351
P50B,FIRST,0.000172732,PASS,-3.7626271984138016
P51,FIRST,0.000265602,PASS,-3.5757686590265596
P51B,FIRST,0.000150657,PASS,-3.8220106848286806
P52,FIRST,7.13e-05,PASS,-4.146910470148135
P52B,FIRST,0.000346101,PASS,-3.460797145883987
P53,FIRST,0.000159674,PASS,-3.7967657950437323
P53B,FIRST,0.000453502,PASS,-3.343420793307197
P54,FIRST,0.000169341,PASS,-3.771237879941714
P54B,FIRST,0.000113011,PASS,-3.9468792821201597
P55,FIRST,8.42e-05,PASS,-4.0746879085003505
P55B,FIRST,0.00041934,PASS,-3.3774337091425317
P56,FIRST,0.000176753,PASS,-3.7526332062587073
P56B,FIRST,0.000602142,PASS,-3.2203010792667213
P57,FIRST,0.00030348,PASS,-3.5178699246079703
P57B,FIRST,0.000197013,PASS,-3.7055051157572434
P58,FIRST,3.94e-05,PASS,-4.404503778174426
P58B,FIRST,0.000273385,PASS,-3.5632253178440587
P59,FIRST,0.000114557,PASS,-3.9409783681202404
P59B,FIRST,0.000318255,PASS,-3.4972247645624397
P5B,FIRST,0.000488768,PASS,-3.310897235413514
P5P,FIRST,9.59e-05,PASS,-4.018181392829336
P6,FIRST,0.000111959,PASS,-3.9509409892378637
P60,FIRST,0.000218189,PASS,-3.6611671481551986
P60B,FIRST,0.000318088,PASS,-3.4974527145206946
P61,FIRST,0.000249894,PASS,-3.60224417123719
P61B,FIRST,0.000778805,PASS,-3.1085712689323874
P62,FIRST,0.000381436,PASS,-3.41857832056236
P62B,FIRST,0.000570782,PASS,-3.2435297311143896
P63,FIRST,0.000340475,PASS,-3.467914771447668
P63B,FIRST,0.000444126,PASS,-3.3524938016382917
P64,FIRST,0.000161905,PASS,-3.790739739023778
P64B,FIRST,0.000386218,PASS,-3.413167489441902
P65,FIRST,0.000213641,PASS,-3.6703153978744716
P65B,FIRST,0.000134189,PASS,-3.87228308353439
P66,FIRST,0.000110432,PASS,-3.956905062388607
P66B,FIRST,0.000248816,PASS,-3.6041216959736273
P67,FIRST,7.87e-05,PASS,-4.104025267640935
P67B,FIRST,7.75e-05,PASS,-4.110698297493689
P68,FIRST,0.000160114,PASS,-3.795570692709539
P68B,FIRST,0.000198459,PASS,-3.7023292013085523
P69,FIRST,0.000274178,PASS,-3.561967395870053
P69B,FIRST,0.000603981,PASS,-3.2189767231751327
P6B,FIRST,0.000537429,PASS,-3.269678902472697
P6P,FIRST,0.000539028,PASS,-3.268388674646928
P7,FIRST,0.000206983,PASS,-3.6840653227043183
P70,FIRST,0.000380854,PASS,-3.4192414787766356
P70B,FIRST,0.000139396,PASS,-3.8557496882383804
P71,FIRST,0.000129523,PASS,-3.887653105048715
P71B,FIRST,0.000182523,PASS,-3.738682401652947
P72,FIRST,0.000111778,PASS,-3.951643665311762
P72B,FIRST,0.000289309,PASS,-3.5386380558454835
P73,FIRST,5.36e-05,PASS,-4.27083521030723
P73B,FIRST,0.000144287,PASS,-3.840772796298028
P74,FIRST,0.000569024,PASS,-3.2448694157705646
P74B,FIRST,0.000278822,PASS,-3.554672961916741
P75,FIRST,0.000381936,PASS,-3.418009404563333
P75B,FIRST,0.000178106,PASS,-3.74932144986298
P76,FIRST,0.000195224,PASS,-3.7094667930891227
P76B,FIRST,0.000222959,PASS,-3.6517749921573994
P77,FIRST,0.000490935,PASS,-3.3089760048424415
P77B,FIRST,0.000617229,PASS,-3.2095536771583086
P78,FIRST,0.000533464,PASS,-3.272894882947806
P78B,FIRST,0.000731969,PASS,-3.1355073115837215
P79,FIRST,0.000489241,PASS,-3.310477154809028
P79B,FIRST,0.000705841,PASS,-3.151293118494327
P7B,FIRST,0.000139041,PASS,-3.856857117384763
P7P,FIRST,0.000323052,PASS,-3.490727565918426
P8,FIRST,0.000176282,PASS,-3.7537920308644304
P80,FIRST,0.00129525,PASS,-2.8876463990408414
P80B,FIRST,0.000522317,PASS,-3.282065838826911
P81,FIRST,0.000253091,PASS,-3.5967232982231474
P81B,FIRST,0.000231674,PASS,-3.6351227028959037
P82,FIRST,0.000263009,PASS,-3.5800293899761715
P82B,FIRST,0.000152837,PASS,-3.8157714955598694
P83,FIRST,0.000384754,PASS,-3.414816856437621
P83B,FIRST,0.000247193,PASS,-3.6069638317402486
P84,FIRST,0.000298563,PASS,-3.5249640140640204
P84B,FIRST,0.000659188,PASS,-3.1809907072290513
P85,FIRST,0.000343014,PASS,-3.464688154013597
P85B,FIRST,0.000197222,PASS,-3.705044641394383
P86,FIRST,0.000303385,PASS,-3.5180058954618434
P86B,FIRST,0.000493099,PASS,-3.307065878212976
P87,FIRST,0.000183971,PASS,-3.7352506309718985
P87B,FIRST,0.000371982,PASS,-3.4294780748756524
P88,FIRST,0.000398746,PASS,-3.3993036605156797
P88B,FIRST,0.000276289,PASS,-3.5586364054721917
P89,FIRST,0.000411405,PASS,-3.3857304344224954
P89B,FIRST,0.000288496,PASS,-3.5398602039639537
P8B,FIRST,0.000356464,PASS,-3.4479843238508434
P8P,FIRST,0.00046585,PASS,-3.331753900175049
P9,FIRST,0.00022506,PASS,-3.6477016854656337
P90,FIRST,0.000162806,PASS,-3.7883295938026236
P90B,FIRST,0.000284,PASS,-3.5466816599529625
P91,FIRST,0.000358219,PASS,-3.445851382818871
P91B,FIRST,0.000487931,PASS,-3.3116415887308377
P92,FIRST,0.00031216,PASS,-3.505622747949557
P92B,FIRST,0.00070719,PASS,-3.150463889080284
P93,FIRST,0.000516307,PASS,-3.2870919868242376
P93B,FIRST,0.000168395,PASS,-3.773670807757076
P94,FIRST,0.000129263,PASS,-3.8885257689740254
P94B,FIRST,0.000273003,PASS,-3.563832580518632
P95,FIRST,0.000332978,PASS,-3.4775844595694436
P95B,FIRST,0.000216237,PASS,-3.6650699925242938
P96,FIRST,0.000194747,PASS,-3.7105292237374563
P96B,FIRST,0.000394876,PASS,-3.4035392612604394
P97,FIRST,0.000519622,PASS,-3.2843124698462423
P97B,FIRST,0.000572064,PASS,-3.2425553815356447
P98,FIRST,8.66e-05,PASS,-4.062482107982653
P98B,FIRST,0.0202431,FAIL,-1.6937229794902227
P99,FIRST,0.000183603,PASS,-3.7361202268776883
P99B,FIRST,0.000581441,PASS,-3.235494347443557
P9B,FIRST,0.000476868,PASS,-3.3216018197127055
P9P,FIRST,0.000508426,PASS,-3.2937722485039322
peichenchen,FIRST,0.00201653,PASS,-2.695395312591378
peichenchenmu,FIRST,8.06e-05,PASS,-4.09366495819491
pengshiyamu,FIRST,0.000337493,PASS,-3.4717352305156237
Q0001,FIRST,0.000169528,PASS,-3.7707585615245107
Q0002,FIRST,0.000239741,PASS,-3.6202576874886963
Q0004,FIRST,0.000100091,PASS,-3.999604971732082
Q0007,FIRST,2.57e-05,PASS,-4.590066876668706
Q0009,FIRST,0.000261769,PASS,-3.582081786074389
Q0010,FIRST,3.57e-05,PASS,-4.447331783887806
Q0012,FIRST,0.000704443,PASS,-3.1521541420676953
Q0013,FIRST,0.000182614,PASS,-3.738465930582245
Q0015,FIRST,0.000426908,PASS,-3.369665706701555
Q0016,FIRST,0.000562735,PASS,-3.2496960725230006
Q0017,FIRST,3.65e-05,PASS,-4.437707135543525
Q0019,FIRST,7.23e-05,PASS,-4.140861702705469
Q0021,FIRST,4.47e-05,PASS,-4.349692476868063
Q0022,FIRST,0.000205173,PASS,-3.6878797913308023
Q0023,FIRST,0.000373424,PASS,-3.4277977733376295
Q0025,FIRST,0.000256671,PASS,-3.5906231973645757
Q0031,FIRST,0.000435291,PASS,-3.3612203121459423
Q0032,FIRST,0.000439588,PASS,-3.356954171582749
Q0033,FIRST,0.000483817,PASS,-3.3153188757912506
Q0036,FIRST,0.000187846,PASS,-3.726198048385655
Q0037,FIRST,0.000305217,PASS,-3.5153912806759418
Q0038,FIRST,0.000871742,PASS,-3.059612029465949
Q0039,FIRST,0.000180733,PASS,-3.7429625424616995
Q0040,FIRST,0.000485588,PASS,-3.313732054218995
Q0041,FIRST,0.000258803,PASS,-3.5870306937069913
Q0042,FIRST,0.000265304,PASS,-3.5762562020914297
Q0043,FIRST,4.25e-05,PASS,-4.371611069949688
Q0044,FIRST,0.000270569,PASS,-3.5677219634670267
Q0046,FIRST,0.000402171,PASS,-3.3955892489905244
Q0047,FIRST,0.000682106,PASS,-3.166148130273234
Q0048,FIRST,0.000726152,PASS,-3.1389724621486845
Q0049,FIRST,0.000171188,PASS,-3.7665266819277825
Q0050,FIRST,0.000476267,PASS,-3.3221495092177933
Q0051,FIRST,0.000426604,PASS,-3.3699750767586405
Q0052,FIRST,0.000789231,PASS,-3.102795864544367
Q0053,FIRST,0.000466667,PASS,-3.330992908831191
Q0054,FIRST,0.000680941,PASS,-3.166890515817709
Q0056,FIRST,0.000276368,PASS,-3.558512244322314
Q0059,FIRST,0.000930393,PASS,-3.0313335657697302
Q0060,FIRST,0.000403386,PASS,-3.394279178578024
Q0061,FIRST,0.000624282,PASS,-3.2046191869546177
Q0062,FIRST,0.000433492,PASS,-3.363018912923444
Q0064,FIRST,0.000439297,PASS,-3.357241762561892
Q0066,FIRST,0.000735198,PASS,-3.1335956830557663
Q0071,FIRST,0.000915039,PASS,-3.038560395415692
Q0072,FIRST,6.53e-05,PASS,-4.185086818724926
Q0073,FIRST,6.11e-05,PASS,-4.213958789757446
Q0075,FIRST,7.75e-05,PASS,-4.110698297493689
Q0076,FIRST,0.000459624,PASS,-3.3375973020128376
Q0077,FIRST,0.000383198,PASS,-3.4165767662720694
Q0078,FIRST,8.3e-05,PASS,-4.080921907623926
Q0081,FIRST,0.000606673,PASS,-3.217045332914761
Q0083,FIRST,0.000129874,PASS,-3.886477783389753
Q0084,FIRST,0.000273715,PASS,-3.5627014019368795
Q0088,FIRST,0.00434587,PASS,-2.3619232690709637
Q0095,FIRST,0.000139072,PASS,-3.8567602996955883
Q0098,FIRST,0.000123852,PASS,-3.907096975901312
Q0100,FIRST,0.000240582,PASS,-3.6187368690705988
Q0101,FIRST,0.000223712,PASS,-3.650310719551086
Q0103,FIRST,0.000385615,PASS,-3.4138460808622435
Q0107,FIRST,0.000268843,PASS,-3.5705012669828475
Q0109,FIRST,0.000394568,PASS,-3.4038781395272024
Q0110,FIRST,0.000315756,PASS,-3.500648388224306
Q0111,FIRST,0.00251369,PASS,-2.599688282573183
Q0116,FIRST,0.0006053,PASS,-3.218029326087448
Q0117,FIRST,0.00022309,PASS,-3.6515198965120104
Q0119,FIRST,0.000437799,PASS,-3.358725234762098
Q0120,FIRST,0.00043337,PASS,-3.3631411559728384
Q0121,FIRST,0.00031971,PASS,-3.4952437795027933
Q0122,FIRST,0.000496375,PASS,-3.3041900999280607
Q0124,FIRST,0.000470813,PASS,-3.3271515540054972
Q0126,FIRST,5.25e-05,PASS,-4.279840696594043
Q0127,FIRST,0.000359901,PASS,-3.4438169466400077
Q0128,FIRST,0.000431233,PASS,-3.3652880122704754
Q0130,FIRST,0.00048494,PASS,-3.31431199187374
Q0131,FIRST,0.000314577,PASS,-3.5022730335825183
Q0132,FIRST,0.000404896,PASS,-3.3926565136403504
Q0133,FIRST,0.000422533,PASS,-3.3741393668131487
Q0137,FIRST,0.000155457,PASS,-3.8083897175389136
Q0140,FIRST,0.000425787,PASS,-3.3708076024431453
Q0142,FIRST,0.000335157,PASS,-3.47475170561644
Q0145,FIRST,0.00016483,PASS,-3.7829637413723733
Q0148,FIRST,4.47e-10,PASS,-9.349692476868064
Q0149,FIRST,0.0011203,PASS,-2.9506656640277162
Q0151,FIRST,0.00177879,PASS,-2.7498753207325626
Q0152,FIRST,0.00034695,PASS,-3.4597331081736993
Q0153,FIRST,7.7e-05,PASS,-4.113509274827518
Q0154,FIRST,0.000298419,PASS,-3.525173529280918
Q0155,FIRST,0.000457236,PASS,-3.3398595832071027
Q0157,FIRST,0.000340872,PASS,-3.467408671240791
Q0158,FIRST,0.000374142,PASS,-3.426963536537431
Q0159,FIRST,0.00024998,PASS,-3.602094736276331
Q0160,FIRST,0.000681765,PASS,-3.166365298057306
Q0161,FIRST,0.000464258,PASS,-3.333240603848989
Q0162,FIRST,0.000294149,PASS,-3.531432623717875
Q0163,FIRST,0.00059988,PASS,-3.221935617199785
Q0164,FIRST,0.000424764,PASS,-3.3718522981033034
Q0165,FIRST,0.000436368,PASS,-3.3601471048595335
Q0166,FIRST,0.000682073,PASS,-3.1661691417649895
Q0167,FIRST,0.000460352,PASS,-3.3369099657153267
Q0168,FIRST,0.000309167,PASS,-3.5098068681908026
Q0169,FIRST,0.000208782,PASS,-3.6803069464631
Q0171,FIRST,0.000455446,PASS,-3.3415631078068038
Q0172,FIRST,0.000174602,PASS,-3.7579507859226076
Q0173,FIRST,0.000434688,PASS,-3.3618223487802164
Q0175,FIRST,0.000408151,PASS,-3.389179135109802
Q0177,FIRST,0.000116266,PASS,-3.9345472686869254
Q0178,FIRST,0.000726803,PASS,-3.1385832887377556
Q0182,FIRST,0.000181546,PASS,-3.7410133154487757
Q0183,FIRST,0.000642137,PASS,-3.192372305269807
Q0184,FIRST,5.52e-05,PASS,-4.2580609222708015
Q0185,FIRST,0.000355651,PASS,-3.4489759658389794
Q0186,FIRST,6.81e-05,PASS,-4.166852888087215
Q0187,FIRST,0.00101266,PASS,-2.9945363442838193
Q0188,FIRST,9.29e-05,PASS,-4.031984286006359
Q0189,FIRST,0.000538289,PASS,-3.268984494953237
Q0191,FIRST,0.000291288,PASS,-3.535677406347717
Q0192,FIRST,6.17e-05,PASS,-4.209714835966758
Q0195,FIRST,0.000202394,PASS,-3.6938023663654165
Q0196,FIRST,0.000361068,PASS,-3.4424109996353143
Q0198,FIRST,0.000199777,PASS,-3.69945451284706
Q0199,FIRST,0.000703414,PASS,-3.1527889922001395
Q0201,FIRST,0.000118873,PASS,-3.924916776858068
Q0202,FIRST,0.000487686,PASS,-3.3118597115193973
Q0203,FIRST,0.000100135,PASS,-3.9994140978444617
Q0204,FIRST,0.00019203,PASS,-3.7166309180845474
Q0206,FIRST,0.000119344,PASS,-3.9231994101921455
Q0213,FIRST,9.04e-05,PASS,-4.043831569524636
Q0214,FIRST,0.000249317,PASS,-3.6032481075592964
Q0215,FIRST,0.000549481,PASS,-3.260047320051804
Q0216,FIRST,3.84e-05,PASS,-4.4156687756324695
Q0217,FIRST,8.46e-05,PASS,-4.0726296369609765
Q0219,FIRST,0.000543672,PASS,-3.2646630333007063
Q0220,FIRST,0.000288182,PASS,-3.5403331489377323
Q0221,FIRST,0.000159119,PASS,-3.798277959244145
Q0222,FIRST,0.000832164,PASS,-3.079791076021473
Q0223,FIRST,0.000279864,PASS,-3.553052962937465
Q0226,FIRST,0.000386925,PASS,-3.4123732087349916
Q0229,FIRST,0.000268625,PASS,-3.5708535715005003
Q0230,FIRST,0.000225154,PASS,-3.6475203331225607
Q0231,FIRST,0.000433489,PASS,-3.3630219184874544
Q0232,FIRST,0.000403603,PASS,-3.3940456142919073
Q0233,FIRST,0.000407381,PASS,-3.389999230091814
Q0234,FIRST,0.000258536,PASS,-3.5874789747643394
Q0236,FIRST,0.000459568,PASS,-3.3376502191205075
Q0238,FIRST,0.000263704,PASS,-3.578883282551077
Q0240,FIRST,0.00014529,PASS,-3.837764276233798
Q0241,FIRST,7.44e-05,PASS,-4.128427064454121
Q0246,FIRST,0.000232197,PASS,-3.6341433956735103
Q0247,FIRST,0.000220868,PASS,-3.6558672014220095
Q0248,FIRST,0.000127542,PASS,-3.8943467770762723
Q0249,FIRST,0.000475129,PASS,-3.323188461149713
Q0250,FIRST,0.0003804,PASS,-3.4197594917346237
Q0251,FIRST,6.3e-05,PASS,-4.200659450546418
Q0252,FIRST,0.000309638,PASS,-3.509145746381902
Q0253,FIRST,0.000143907,PASS,-3.8419180803689263
Q0254,FIRST,0.000238519,PASS,-3.6224770201186525
Q0256,FIRST,0.000346454,PASS,-3.4603544201354524
Q0257,FIRST,0.000358934,PASS,-3.4449854012014276
Q0258,FIRST,0.000117329,PASS,-3.930594630822562
Q0259,FIRST,0.000953664,PASS,-3.020604611301227
Q0260,FIRST,0.000511943,PASS,-3.2907783909060493
Q0261,FIRST,7.13e-05,PASS,-4.146910470148135
Q0262,FIRST,9.47e-05,PASS,-4.023650020996727
Q0263,FIRST,0.000228131,PASS,-3.6418156958098638
Q0265,FIRST,5.87e-05,PASS,-4.231361898752385
Q0266,FIRST,0.000379134,PASS,-3.4212072671423566
Q0267,FIRST,0.000756575,PASS,-3.121148013481325
Q0268,FIRST,0.000414912,PASS,-3.382044004413209
Q0269,FIRST,0.000348444,PASS,-3.4578670093743207
Q0270,FIRST,0.000172727,PASS,-3.762639769934067
Q0271,FIRST,0.000315244,PASS,-3.501353170549294
Q0272,FIRST,0.000296153,PASS,-3.5284838636414855
Q0273,FIRST,0.000380287,PASS,-3.419888520564658
Q0274,FIRST,0.000914513,PASS,-3.038810116553736
Q0275,FIRST,0.00107477,PASS,-2.9686844645093307
Q0276,FIRST,0.000151981,PASS,-3.818210702258674
Q0279,FIRST,0.000471941,PASS,-3.3261122915693586
Q0280,FIRST,1.81e-05,PASS,-4.7423214251308154
Q0281,FIRST,0.00012114,PASS,-3.916712430672717
Q0282,FIRST,0.000241278,PASS,-3.6174822757463434
Q0283,FIRST,0.000213316,PASS,-3.6709765685960187
Q0286,FIRST,0.000274962,PASS,-3.5607273219175113
Q0288,FIRST,0.0011547,PASS,-2.9375308341857465
Q0289,FIRST,0.000593555,PASS,-3.2265390322446907
Q0290,FIRST,0.000173541,PASS,-3.760597904330158
Q0291,FIRST,7.52e-05,PASS,-4.123782159408358
Q0292,FIRST,0.000710315,PASS,-3.1485490140644727
Q0293,FIRST,0.000975699,PASS,-3.010684140120948
Q0294,FIRST,0.000339397,PASS,-3.469292000819769
Q0295,FIRST,0.000591502,PASS,-3.2280437825872
Q0296,FIRST,0.000194843,PASS,-3.7103151922114592
Q0297,FIRST,0.000389517,PASS,-3.409473583318557
Q0298,FIRST,0.000342876,PASS,-3.4648629127629924
Q0299,FIRST,0.0025783,PASS,-2.588666551387434
Q0301,FIRST,0.000944841,PASS,-3.0246412694087055
Q0305,FIRST,0.000509708,PASS,-3.2926785499926345
Q0307,FIRST,6.94e-05,PASS,-4.158640529545145
Q0308,FIRST,0.000428723,PASS,-3.367823216967227
Q0309,FIRST,0.000692801,PASS,-3.1593914941226835
Q0310,FIRST,0.000202166,PASS,-3.6942918816529255
Q0311,FIRST,0.000104633,PASS,-3.9803313225658883
Q0312,FIRST,0.000502005,PASS,-3.2992919572342725
Q0313,FIRST,0.000182933,PASS,-3.737707943374607
Q0314,FIRST,0.000150426,PASS,-3.82267709272952
Q0315,FIRST,9.18e-05,PASS,-4.037157318798758
Q0316,FIRST,3.99e-05,PASS,-4.399027104313252
Q0317,FIRST,0.000946709,PASS,-3.023783494191635
Q0318,FIRST,0.000422382,PASS,-3.3742945977357044
Q0322,FIRST,4.3e-05,PASS,-4.366531544420414
Q0324,FIRST,0.000213947,PASS,-3.6696937988859624
Q0325,FIRST,0.000274624,PASS,-3.561261511483441
Q0326,FIRST,8.23e-05,PASS,-4.08460016478773
Q0328,FIRST,0.000175987,PASS,-3.7545194119403145
Q0329,FIRST,0.000108964,PASS,-3.9627169624610086
Q0330,FIRST,0.00190665,PASS,-2.7197290222236665
Q0331,FIRST,0.000140429,PASS,-3.8525431967686345
Q0333,FIRST,0.000801763,PASS,-3.095953989575396
Q0334,FIRST,4.67e-05,PASS,-4.330683119433888
Q0335,FIRST,0.000149386,PASS,-3.825690101366959
Q0336,FIRST,0.000168519,PASS,-3.773351126662271
Q0338,FIRST,9.22e-05,PASS,-4.035269078946371
Q0339,FIRST,0.000128596,PASS,-3.8907725400039035
Q0340,FIRST,0.000222937,PASS,-3.6518178473460963
Q0341,FIRST,0.000165672,PASS,-3.780750884900088
Q0342,FIRST,0.000336085,PASS,-3.473550870340998
Q0343,FIRST,0.000101015,PASS,-3.9956141318259455
Q0345,FIRST,8.07e-05,PASS,-4.09312646527793
Q0346,FIRST,8.11e-05,PASS,-4.090979145788844
Q0347,FIRST,0.00063224,PASS,-3.199118031068832
Q0348,FIRST,9.8e-05,PASS,-4.008773924307505
Q0349,FIRST,0.000233727,PASS,-3.631291115277016
Q0350,FIRST,0.00046947,PASS,-3.328392154730632
Q0351,FIRST,0.000219998,PASS,-3.6575812673273935
Q0352,FIRST,0.000267535,PASS,-3.5726193937827873
Q0353,FIRST,0.000136795,PASS,-3.8639297762423195
Q0354,FIRST,0.000183933,PASS,-3.735340345627738
Q0355,FIRST,0.000309427,PASS,-3.5094417932888664
Q0356,FIRST,0.00089379,PASS,-3.0487645086699695
Q0357,FIRST,0.000196316,PASS,-3.7070443034130434
Q0359,FIRST,0.000511205,PASS,-3.2914049070762013
Q0360,FIRST,5.35e-05,PASS,-4.2716462179787715
Q0361,FIRST,8.73e-05,PASS,-4.0589857562944305
Q0363,FIRST,0.000624587,PASS,-3.204407059310143
Q0364,FIRST,0.00018305,PASS,-3.73743026678245
Q0365,FIRST,0.000210648,PASS,-3.676442659931803
Q0366,FIRST,8.29e-05,PASS,-4.081445469449727
Q0367,FIRST,0.000371868,PASS,-3.4296111919592702
Q0368,FIRST,0.000550629,PASS,-3.2591409193351497
Q0369,FIRST,0.000170375,PASS,-3.76859413115727
Q0370,FIRST,2.41e-08,PASS,-7.617982957425132
Q0371,FIRST,0.000254116,PASS,-3.594967989444126
Q0373,FIRST,0.000350266,PASS,-3.455602017204212
Q0374,FIRST,0.000137241,PASS,-3.862516126138309
Q0375,FIRST,2.35e-05,PASS,-4.628932137728264
Q0378,FIRST,0.000262038,PASS,-3.5816357239717362
Q0379,FIRST,0.000202537,PASS,-3.693495627125922
Q0381,FIRST,0.000137659,PASS,-3.8611953896279876
Q0382,FIRST,0.000249929,PASS,-3.6021833484783676
Q0383,FIRST,0.000134068,PASS,-3.872674869291139
Q0384,FIRST,0.000437526,PASS,-3.3589961339079095
Q0385,FIRST,0.000235173,PASS,-3.6286125406915986
Q0386,FIRST,0.000158554,PASS,-3.7998227971183516
Q0387,FIRST,0.000110633,PASS,-3.9561153108230687
Q0388,FIRST,0.000489643,PASS,-3.3101204498439047
Q0389,FIRST,0.000195257,PASS,-3.7093933876330984
Q0390,FIRST,0.00031752,PASS,-3.498228914100893
Q0391,FIRST,0.000257997,PASS,-3.588385344001966
Q0392,FIRST,0.00011683,PASS,-3.9324456233064966
Q0393,FIRST,0.000288119,PASS,-3.540428101236857
Q0394,FIRST,2.75e-05,PASS,-4.560667306169737
Q0395,FIRST,0.000516879,PASS,-3.2866111121917343
Q0396,FIRST,0.000105375,PASS,-3.9772624123672013
Q0397,FIRST,0.000314743,PASS,-3.50204391998159
Q0398,FIRST,0.000163523,PASS,-3.786421153887026
Q0399,FIRST,0.000242798,PASS,-3.6147548949960435
Q0400,FIRST,0.000419244,PASS,-3.377533144071996
Q0401,FIRST,0.000381063,PASS,-3.4190032177875924
Q0402,FIRST,0.000332703,PASS,-3.4779432830579236
Q0403,FIRST,0.000502796,PASS,-3.2986081860076344
Q0404,FIRST,0.000374184,PASS,-3.426914786745872
Q0405,FIRST,0.000376348,PASS,-3.424410387564534
Q0406,FIRST,0.000301385,PASS,-3.520878366418659
Q0407,FIRST,0.000400896,PASS,-3.3969682769662257
Q0408,FIRST,0.000265099,PASS,-3.576591910498898
Q0410,FIRST,0.000176689,PASS,-3.7527904872108615
Q0411,FIRST,0.000812744,PASS,-3.090046227954887
Q0412,FIRST,0.000204157,PASS,-3.690035724684139
Q0413,FIRST,0.000100193,PASS,-3.9991626194624663
Q0414,FIRST,0.0015904,PASS,-2.798493632946762
Q0415,FIRST,0.000264356,PASS,-3.577810828109938
Q0416,FIRST,0.000283355,PASS,-3.5476691195206294
Q0417,FIRST,0.000400267,PASS,-3.3976502138136446
Q0418,FIRST,0.00011997,PASS,-3.920927341146816
Q0419,FIRST,0.000241064,PASS,-3.617867641421426
Q0420,FIRST,0.000441607,PASS,-3.3549640511364687
Q0422,FIRST,0.000564817,PASS,-3.2480922402581585
Q0425,FIRST,0.000512032,PASS,-3.2907028964672462
Q0426,FIRST,0.000223047,PASS,-3.651603613678619
Q0427,FIRST,0.000206771,PASS,-3.6845103718795325
Q0428,FIRST,0.000334947,PASS,-3.475023907675181
Q0429,FIRST,0.000444627,PASS,-3.3520041682790107
Q0430,FIRST,0.000354427,PASS,-3.4504732012760626
Q0431,FIRST,0.000262925,PASS,-3.5801681174088533
Q0432,FIRST,0.000448219,PASS,-3.3485097376709683
Q0433,FIRST,0.000389624,PASS,-3.409354299363905
Q0434,FIRST,0.000283554,PASS,-3.5473642218899744
Q0436,FIRST,0.000127022,PASS,-3.8961210534444826
Q0437,FIRST,8.56e-05,PASS,-4.0675262353228465
Q0438,FIRST,0.000449329,PASS,-3.347435550840457
Q0439,FIRST,9.63e-05,PASS,-4.016373712875465
Q0440,FIRST,0.000348302,PASS,-3.458044031753449
Q0441,FIRST,9.52e-05,PASS,-4.021363051615526
Q0442,FIRST,0.000146135,PASS,-3.8352457560954787
Q0443,FIRST,0.000211346,PASS,-3.675005967349354
Q0444,FIRST,0.00040532,PASS,-3.392201966020613
Q0445,FIRST,0.000294637,PASS,-3.5307127161259872
Q0446,FIRST,5.89e-05,PASS,-4.229884705212898
Q0447,FIRST,0.00023177,PASS,-3.6349427792336746
Q0448,FIRST,0.000572128,PASS,-3.2425067973000083
Q0449,FIRST,0.000195956,PASS,-3.7078414342680532
Q0450,FIRST,8.69e-05,PASS,-4.060980223551334
Q0451,FIRST,0.0003405,PASS,-3.467882883751196
Q0452,FIRST,0.000219463,PASS,-3.6586386884073208
Q0454,FIRST,0.000702032,PASS,-3.1536430914219324
Q0455,FIRST,0.000610469,PASS,-3.214336384906267
Q0456,FIRST,0.000319087,PASS,-3.4960908891417204
Q0457,FIRST,0.000110255,PASS,-3.9576017064118583
Q0458,FIRST,0.000132836,PASS,-3.8766842104907147
Q0459,FIRST,9.27e-05,PASS,-4.032920265855503
Q0460,FIRST,0.000580703,PASS,-3.236045930329548
Q0461,FIRST,0.00050825,PASS,-3.293922612689924
Q0462,FIRST,0.000516397,PASS,-3.2870162894250408
Q0463,FIRST,0.000148291,PASS,-3.8288852061458973
Q0464,FIRST,0.000223561,PASS,-3.6506039564299444
Q0465,FIRST,0.000102142,PASS,-3.9907956426576865
Q0466,FIRST,0.000339167,PASS,-3.469586409997571
Q0467,FIRST,0.00116839,PASS,-2.932412168716122
Q0468,FIRST,0.000258441,PASS,-3.5876385871890513
Q0469,FIRST,0.000586977,PASS,-3.2313789157349757
Q0471,FIRST,0.000762332,PASS,-3.117855849701653
Q0472,FIRST,9.1e-05,PASS,-4.040958607678906
Q0473,FIRST,0.000216705,PASS,-3.6641310681570705
Q0474,FIRST,0.000467623,PASS,-3.3301041362453745
Q0475,FIRST,0.000270166,PASS,-3.56836930720698
Q0477,FIRST,0.000481482,PASS,-3.3174199441506524
Q0478,FIRST,3.47e-05,PASS,-4.459670525209126
Q0481,FIRST,0.000425091,PASS,-3.371518089791084
Q0482,FIRST,0.000180236,PASS,-3.7441584595288115
Q0483,FIRST,0.000126328,PASS,-3.898500379470295
Q0484,FIRST,0.000348694,PASS,-3.4575555254927073
Q0485,FIRST,0.000640299,PASS,-3.1936171764435524
Q0486,FIRST,0.000295943,PASS,-3.5287919280263957
Q0487,FIRST,0.00023371,PASS,-3.6313227045872143
Q0488,FIRST,0.000126555,PASS,-3.8977206918371126
Q0489,FIRST,0.000103185,PASS,-3.9863834314947173
Q0490,FIRST,0.000439196,PASS,-3.3573416238991265
Q0491,FIRST,6.53e-05,PASS,-4.185086818724926
Q0492,FIRST,0.000372767,PASS,-3.4285625414689607
Q0493,FIRST,0.00020761,PASS,-3.6827517315546805
Q0494,FIRST,5.24e-05,PASS,-4.280668713016273
Q0495,FIRST,0.000101015,PASS,-3.9956141318259455
Q0497,FIRST,4.85e-05,PASS,-4.314258261397736
Q0498,FIRST,0.00020275,PASS,-3.6930391371168065
Q0499,FIRST,0.000342666,PASS,-3.465128984992126
Q0500,FIRST,0.000497217,PASS,-3.3034540311165204
Q0501,FIRST,0.000120763,PASS,-3.918066106751437
Q0502,FIRST,0.000102144,PASS,-3.990787139001402
Q0503,FIRST,0.000521299,PASS,-3.2829131081727283
Q0504,FIRST,0.000262301,PASS,-3.581200053696135
Q0505,FIRST,0.000177116,PASS,-3.7517422044912316
Q0506,FIRST,6.33e-05,PASS,-4.198596289982645
Q0507,FIRST,0.000213642,PASS,-3.6703133650555584
Q0508,FIRST,7.77e-05,PASS,-4.1095789811990855
Q0509,FIRST,0.000228734,PASS,-3.640669275205719
Q0511,FIRST,9.97e-05,PASS,-4.001304841688344
Q0512,FIRST,0.000267724,PASS,-3.5723126949304893
Q0514,FIRST,0.000214606,PASS,-3.6683581401032233
Q0515,FIRST,0.000366705,PASS,-3.43568316842062
Q0516,FIRST,0.000283248,PASS,-3.5478331479854135
Q0518,FIRST,0.000339336,PASS,-3.469370063809096
Q0519,FIRST,9.84e-05,PASS,-4.007004901568658
Q0520,FIRST,8.9e-05,PASS,-4.050609993355088
Q0521,FIRST,0.000112392,PASS,-3.949264600506314
Q0522,FIRST,0.000323683,PASS,-3.4898801093711946
Q0523,FIRST,0.000268649,PASS,-3.5708147716792817
Q0524,FIRST,0.00030553,PASS,-3.5149461399393145
Q0525,FIRST,0.000220237,PASS,-3.6571097173989586
Q0526,FIRST,0.000644222,PASS,-3.190964448228748
Q0528,FIRST,0.000133562,PASS,-3.8743170863048446
Q0529,FIRST,0.000218144,PASS,-3.661256727681638
Q0530,FIRST,0.000335596,PASS,-3.474183224208893
Q0531,FIRST,0.00020923,PASS,-3.6793760449464625
Q0532,FIRST,0.000500686,PASS,-3.3004345520158123
Q0533,FIRST,0.000251848,PASS,-3.598861493654444
Q0534,FIRST,0.000197625,PASS,-3.7041581170597344
Q0535,FIRST,0.000130214,PASS,-3.8853423199469224
Q0538,FIRST,0.000245399,PASS,-3.6101272113537854
Q0539,FIRST,0.000340772,PASS,-3.467536096842724
Q0540,FIRST,0.000287658,PASS,-3.5411235433922017
Q0541,FIRST,8.62e-05,PASS,-4.064492734175287
Q0543,FIRST,0.000133372,PASS,-3.874935336250501
Q0544,FIRST,4.4e-05,PASS,-4.356547323513813
Q0546,FIRST,0.000625603,PASS,-3.2037011773389983
Q0547,FIRST,0.00152382,PASS,-2.817066330649714
Q0548,FIRST,0.000365079,PASS,-3.437613147730688
Q0549,FIRST,0.00165892,PASS,-2.7801745569510934
Q0551,FIRST,0.000476308,PASS,-3.3221121240801
Q0552,FIRST,0.000861733,PASS,-3.0646272754616644
Q0553,FIRST,0.000607347,PASS,-3.216563109374989
Q0554,FIRST,0.000930546,PASS,-3.031262153374288
Q0555,FIRST,0.000444543,PASS,-3.352086223986217
Q0556,FIRST,0.000702078,PASS,-3.1536146356083927
Q0559,FIRST,0.000318092,PASS,-3.4974472532426675
Q0560,FIRST,0.000114235,PASS,-3.942200813970657
Q0563,FIRST,8.98e-05,PASS,-4.0467236633326955
Q0564,FIRST,0.000172911,PASS,-3.762177377533816
Q0565,FIRST,0.000909357,PASS,-3.041265585763461
Q0566,FIRST,0.00034986,PASS,-3.456105708195312
Q0567,FIRST,0.000822506,PASS,-3.0848609252839005
Q0568,FIRST,0.00012471,PASS,-3.904098720774123
Q0569,FIRST,0.00057114,PASS,-3.243257422796282
Q0570,FIRST,0.000915702,PASS,-3.0382458372623655
Q0571,FIRST,0.000157482,PASS,-3.8027690783658805
Q0572,FIRST,0.000846619,PASS,-3.0723119892253874
Q0573,FIRST,0.000113706,PASS,-3.944216618002326
Q0574,FIRST,0.00189948,PASS,-2.7213652748575448
Q0575,FIRST,0.000752043,PASS,-3.1237573267902388
Q0576,FIRST,0.000565929,PASS,-3.2472380508653833
Q0577,FIRST,0.000384535,PASS,-3.4150641250040663
Q0578,FIRST,0.000601317,PASS,-3.2208965179209605
Q0579,FIRST,0.000645717,PASS,-3.189957779632562
Q0580,FIRST,0.000464826,PASS,-3.3327095877159945
Q0581,FIRST,0.000282632,PASS,-3.548778668260114
Q0582,FIRST,9.43e-05,PASS,-4.0254883072626715
Q0583,FIRST,0.000428508,PASS,-3.368041065634779
Q0584,FIRST,0.000678898,PASS,-3.1681954707338327
Q0585,FIRST,0.000620471,PASS,-3.2072785120448595
Q0586,FIRST,0.000838923,PASS,-3.0762778987776462
Q0587,FIRST,0.000212004,PASS,-3.673655944913044
Q0588,FIRST,0.000449584,PASS,-3.347189153033648
Q0589,FIRST,0.000364913,PASS,-3.4378106646493354
Q0590,FIRST,0.000565532,PASS,-3.247542815972428
Q0591,FIRST,0.000526008,PASS,-3.279007650657222
Q0592,FIRST,0.00249104,PASS,-2.6036192987020317
Q0593,FIRST,0.000606903,PASS,-3.2168807157304498
Q0594,FIRST,0.000688545,PASS,-3.162067671074385
Q0595,FIRST,0.000224876,PASS,-3.648056892380061
Q0597,FIRST,0.000673314,PASS,-3.171782355293624
Q0599,FIRST,0.000159411,PASS,-3.797481713840328
Q0600,FIRST,0.000540858,PASS,-3.266916742123186
Q0601,FIRST,0.00436392,PASS,-2.3601232195587216
Q0602,FIRST,0.000640421,PASS,-3.193534435599414
Q0603,FIRST,0.000452665,PASS,-3.3442230838005162
Q0604,FIRST,0.000799292,PASS,-3.0972945338000994
Q0605,FIRST,0.000561231,PASS,-3.25085834841148
Q0606,FIRST,0.000313281,PASS,-3.504065943596987
Q0607,FIRST,0.000539783,PASS,-3.2677807972942334
Q0608,FIRST,0.000779149,PASS,-3.1083794823915745
Q0610,FIRST,0.00183499,PASS,-2.7363662981457626
Q0611,FIRST,6.76e-05,PASS,-4.170053304058364
Q0612,FIRST,0.000602863,PASS,-3.2197813696243225
Q0613,FIRST,0.000224846,PASS,-3.648114834106178
Q0614,FIRST,0.000443059,PASS,-3.353538437053935
Q0615,FIRST,0.001137,PASS,-2.9442395353122652
Q0616,FIRST,0.000184038,PASS,-3.735092494999088
Q0617,FIRST,0.00026602,PASS,-3.575085710876011
Q0618,FIRST,0.000387722,PASS,-3.4114795556924853
Q0619,FIRST,0.000375734,PASS,-3.425119504046864
Q0620,FIRST,0.000445983,PASS,-3.3506816954288974
Q0622,FIRST,0.000378812,PASS,-3.421576271877749
Q0623,FIRST,0.000203769,PASS,-3.6908618858496145
Q0626,FIRST,0.000526988,PASS,-3.2781992739584553
Q0627,FIRST,0.00253021,PASS,-2.596843432161592
Q0628,FIRST,0.000523565,PASS,-3.281029393471398
Q0629,FIRST,0.000476574,PASS,-3.3218696547393276
Q0630,FIRST,0.000481451,PASS,-3.317447906903915
Q0631,FIRST,0.000253914,PASS,-3.5953133528674184
Q0632,FIRST,0.000376873,PASS,-3.4238049752355573
Q0633,FIRST,0.0001751,PASS,-3.756713853916554
Q0635,FIRST,0.00103926,PASS,-2.9832757879197276
Q0636,FIRST,0.000252596,PASS,-3.5975735310240853
Q0637,FIRST,0.000759115,PASS,-3.119692426894803
Q0638,FIRST,0.000360061,PASS,-3.4436239166794027
Q0639,FIRST,0.000421993,PASS,-3.3746947530349787
Q0640,FIRST,0.00081801,PASS,-3.087241387137634
Q0641,FIRST,0.000347479,PASS,-3.459071437001076
Q0642,FIRST,0.000409289,PASS,-3.3879699272420907
Q0643,FIRST,0.000383913,PASS,-3.415767181624
Q0644,FIRST,0.000637003,PASS,-3.195858522326537
Q0645,FIRST,0.000290615,PASS,-3.5366819734891126
Q0646,FIRST,0.000264775,PASS,-3.5771230232905187
Q0647,FIRST,0.000493283,PASS,-3.306903851360099
Q0648,FIRST,0.00160859,PASS,-2.7935546354708
Q0649,FIRST,0.000379872,PASS,-3.4203627166944037
Q0650,FIRST,0.000235713,PASS,-3.6276164646858033
Q0651,FIRST,0.000249854,PASS,-3.6023136933936097
Q0652,FIRST,7.01e-05,PASS,-4.154281982033341
Q0654,FIRST,0.0001919,PASS,-3.7169250252645285
Q0655,FIRST,0.000123201,PASS,-3.909385767068352
Q0656,FIRST,7.4e-05,PASS,-4.130768280269024
Q0657,FIRST,0.00230903,PASS,-2.636570424488706
Q0658,FIRST,0.000393259,PASS,-3.405321329465996
Q0659,FIRST,0.000576844,PASS,-3.2389416202921
Q0660,FIRST,0.000660573,PASS,-3.180079181463026
Q0661,FIRST,0.000411847,PASS,-3.3852640931820352
Q0662,FIRST,0.000546509,PASS,-3.2624026816225076
Q0663,FIRST,0.000663994,PASS,-3.1778358449974413
Q0664,FIRST,0.000476794,PASS,-3.3216692184173313
Q0665,FIRST,0.000478859,PASS,-3.319792345742976
Q0666,FIRST,0.000460956,PASS,-3.3363405276888463
Q0667,FIRST,0.000453214,PASS,-3.343696683034508
Q0668,FIRST,0.000124285,PASS,-3.9055812833481087
Q0670,FIRST,0.000334204,PASS,-3.475988356454801
Q0671,FIRST,0.000329827,PASS,-3.4817137954136084
Q0672,FIRST,6.02e-05,PASS,-4.220403508742176
Q0674,FIRST,0.000344335,PASS,-3.463018831102119
Q0675,FIRST,0.000197241,PASS,-3.705002804288431
Q0676,FIRST,0.000368819,PASS,-3.433186714021313
Q0680,FIRST,0.00299012,PASS,-2.5243113821464522
Q0682,FIRST,0.00186934,PASS,-2.728311700924728
Q0686,FIRST,0.00281765,PASS,-2.550112954629415
Q0687,FIRST,0.00269972,PASS,-2.5686812761227467
Q0688,FIRST,0.00136636,PASS,-2.864434860379859
Q0689,FIRST,0.00193735,PASS,-2.712791912921846
Q0691,FIRST,0.000901201,PASS,-3.045178335041592
Q0692,FIRST,0.00229119,PASS,-2.6399388948655593
Q0693,FIRST,0.00229539,PASS,-2.639143514720077
Q0697,FIRST,0.000244543,PASS,-3.611644764267289
Q0699,FIRST,0.00133877,PASS,-2.873294028149064
Q0700,FIRST,0.00179811,PASS,-2.745183743675241
Q0701,FIRST,0.00159434,PASS,-2.7974190578595155
Q0702,FIRST,0.00263157,PASS,-2.5797850732205587
Q0703,FIRST,0.000819178,PASS,-3.0866217197067445
Q0704,FIRST,0.00303586,PASS,-2.5177182599930865
Q0705,FIRST,0.00141207,PASS,-2.85014377363818
Q0706,FIRST,0.00147552,PASS,-2.8310548994606863
Q0707,FIRST,0.0018023,PASS,-2.7441729172967655
Q0708,FIRST,0.000176877,PASS,-3.752328636409073
Q0709,FIRST,0.00010504,PASS,-3.978645286918577
Q0710,FIRST,0.000207992,PASS,-3.6819533689923896
Q0711,FIRST,0.000121079,PASS,-3.916931174569407
Q0712,FIRST,0.000108753,PASS,-3.963558754001139
Q0713,FIRST,0.000389646,PASS,-3.4093297777511022
Q0714,FIRST,0.000275212,PASS,-3.560332633590005
Q0715,FIRST,0.000376949,PASS,-3.423717404480826
Q0716,FIRST,8.33e-05,PASS,-4.079354998593212
Q0717,FIRST,0.00046058,PASS,-3.336694924552902
Q0718,FIRST,8.59e-05,PASS,-4.066006836168758
Q0719,FIRST,0.000140719,PASS,-3.851647259792956
Q0720,FIRST,0.000337918,PASS,-3.4711886738881192
Q0721,FIRST,0.000193638,PASS,-3.7130094116407815
Q0722,FIRST,0.000108194,PASS,-3.9657968227705096
Q0723,FIRST,3.21e-05,PASS,-4.493494967595128
Q0724,FIRST,0.00169919,PASS,-2.769758056482334
Q0725,FIRST,0.000134442,PASS,-3.871465035457967
Q0726,FIRST,0.000484719,PASS,-3.3145099564822518
Q0728,FIRST,0.000267786,PASS,-3.5722121318859217
Q0729,FIRST,0.000314133,PASS,-3.5028864381156772
Q0730,FIRST,0.000250928,PASS,-3.6004508748870125
Q0731,FIRST,8.06e-05,PASS,-4.09366495819491
Q0732,FIRST,0.0001292,PASS,-3.8887374863409345
Q0733,FIRST,0.000549002,PASS,-3.2604260734235297
Q0734,FIRST,0.00112418,PASS,-2.9491641453968453
Q0736,FIRST,0.000473057,PASS,-3.3250865267166896
Q0737,FIRST,0.000165709,PASS,-3.780653903504672
Q0739,FIRST,0.00164285,PASS,-2.784402087901628
Q0740,FIRST,0.000821146,PASS,-3.0855796183286315
Q0741,FIRST,0.00034194,PASS,-3.4660500926425257
Q0742,FIRST,0.000191323,PASS,-3.7182328178835418
Q0743,FIRST,0.000296641,PASS,-3.5277688234924813
Q0744,FIRST,0.000378819,PASS,-3.421568246700919
Q0745,FIRST,0.000556111,PASS,-3.2548385143961203
Q0746,FIRST,0.000186962,PASS,-3.728246654786144
Q0750,FIRST,0.000547473,PASS,-3.2616372942780796
Q0751,FIRST,0.00112278,PASS,-2.949705332025306
Q0752,FIRST,0.000479749,PASS,-3.31898592184509
Q0753,FIRST,0.000249712,PASS,-3.6025605869695982
Q0754,FIRST,8.9e-05,PASS,-4.050609993355088
Q0755,FIRST,0.000576296,PASS,-3.239354394793026
Q0756,FIRST,0.000155351,PASS,-3.8086859468307375
Q0757,FIRST,0.000310232,PASS,-3.508313407339157
Q0758,FIRST,0.000152691,PASS,-3.8161865606222154
Q0759,FIRST,0.000356931,PASS,-3.447415731270242
Q0760,FIRST,0.000294991,PASS,-3.5301912338861143
Q0761,FIRST,0.000201849,PASS,-3.6949733978293797
Q0762,FIRST,0.000600142,PASS,-3.2217459787497122
Q0763,FIRST,0.000307284,PASS,-3.5124600524758502
Q0767,FIRST,0.000396342,PASS,-3.4019299034373263
Q0768,FIRST,0.000198565,PASS,-3.702097299881054
Q0770,FIRST,0.000427756,PASS,-3.368803890030892
Q0771,FIRST,7.53e-05,PASS,-4.123205023799299
Q0772,FIRST,0.000475392,PASS,-3.32294813094837
Q0774,FIRST,0.000163852,PASS,-3.7855482531912013
Q0775,FIRST,0.00012297,PASS,-3.9102008269638358
Q0776,FIRST,0.000608056,PASS,-3.2160564217617504
Q0777,FIRST,0.000303175,PASS,-3.5183066137579515
Q0778,FIRST,0.000918386,PASS,-3.036974745339274
Q0779,FIRST,0.000114814,PASS,-3.9400051524255226
Q0780,FIRST,0.0014087,PASS,-2.8511814853979818
Q0781,FIRST,0.000520764,PASS,-3.2833590458333743
Q0782,FIRST,0.000638974,PASS,-3.1945168130251
Q0783,FIRST,0.00017472,PASS,-3.757657378975357
Q0784,FIRST,4.33e-05,PASS,-4.363512103646634
Q0785,FIRST,0.0015126,PASS,-2.8202759039399106
Q0786,FIRST,0.000357236,PASS,-3.447044782108397
Q0787,FIRST,0.000432314,PASS,-3.364200700102951
Q0788,FIRST,0.000757924,PASS,-3.1203743405888025
Q0789,FIRST,0.000397236,PASS,-3.400951399922692
Q0790,FIRST,0.000326506,PASS,-3.4861088335529224
Q0791,FIRST,0.000358925,PASS,-3.444996290945339
Q0792,FIRST,0.000338611,PASS,-3.4702989376573723
Q0793,FIRST,0.000716069,PASS,-3.145045127307457
Q0794,FIRST,0.00086054,PASS,-3.065228937799491
Q0796,FIRST,5.26e-05,PASS,-4.279014255846261
Q0797,FIRST,5.53e-05,PASS,-4.257274868695302
Q0798,FIRST,0.000371134,PASS,-3.4304692576264295
Q0799,FIRST,0.000475985,PASS,-3.322406733245628
Q0800,FIRST,0.000215313,PASS,-3.666929747892158
Q0805,FIRST,0.000353388,PASS,-3.451748201921122
Q0806,FIRST,0.000277025,PASS,-3.5574810364513496
Q0807,FIRST,0.000400679,PASS,-3.3972034187929427
Q0808,FIRST,0.000922593,PASS,-3.034989844842543
Q0809,FIRST,0.000618019,PASS,-3.2089981730207087
Q0810,FIRST,0.000336303,PASS,-3.4732692585324223
Q0811,FIRST,0.000270632,PASS,-3.567620852964705
Q0813,FIRST,0.000723976,PASS,-3.140275830543637
Q0814,FIRST,0.000349917,PASS,-3.456034957697587
Q0815,FIRST,0.000422024,PASS,-3.3746628505284058
Q0817,FIRST,0.000580259,PASS,-3.236378114775492
Q0818,FIRST,0.000250276,PASS,-3.6015807946878424
Q0819,FIRST,0.000364636,PASS,-3.438140456280242
Q0824,FIRST,0.000885356,PASS,-3.052882065180787
Q0825,FIRST,0.000385396,PASS,-3.4140927971713353
Q0826,FIRST,0.000405933,PASS,-3.3915456416234777
Q0828,FIRST,0.000641845,PASS,-3.192569837619796
Q0829,FIRST,0.000152695,PASS,-3.816175183689889
Q0831,FIRST,0.000848448,PASS,-3.071374769734157
Q0832,FIRST,0.00020905,PASS,-3.6797498281135663
Q0834,FIRST,0.000241444,PASS,-3.617183582557147
Q0835,FIRST,0.000651331,PASS,-3.186198251154113
Q0837,FIRST,0.000351815,PASS,-3.453685647884947
Q0838,FIRST,0.000287634,PASS,-3.54115977913882
Q0839,FIRST,0.000649729,PASS,-3.1872677485049117
Q0840,FIRST,0.00114887,PASS,-2.9397291109781953
Q0841,FIRST,0.000879572,PASS,-3.055728604276054
Q0843,FIRST,0.000853447,PASS,-3.0688234438781703
Q0844,FIRST,0.000554595,PASS,-3.256024050160606
Q0845,FIRST,0.000381106,PASS,-3.4189542137930933
Q0846,FIRST,0.00033396,PASS,-3.476305547618332
Q0847,FIRST,0.000546821,PASS,-3.262154815228954
Q0849,FIRST,0.000638182,PASS,-3.195055449297816
Q0852,FIRST,0.00030072,PASS,-3.521837687294244
Q0853,FIRST,0.000567046,PASS,-3.2463817087687605
Q0854,FIRST,0.000510532,PASS,-3.291977031269787
Q0855,FIRST,0.00101718,PASS,-2.992602187598796
Q0856,FIRST,0.000104756,PASS,-3.979821093017838
Q0858,FIRST,0.00158526,PASS,-2.7998994985534775
Q0862,FIRST,0.000384314,PASS,-3.415313794531227
Q0863,FIRST,0.000220217,PASS,-3.6571491580199726
Q0864,FIRST,0.000146893,PASS,-3.832998899470515
Q0865,FIRST,0.000111509,PASS,-3.9526900788705523
Q0866,FIRST,0.0001676,PASS,-3.7757259857057424
Q0867,FIRST,0.000284339,PASS,-3.546163568297013
Q0868,FIRST,0.000926557,PASS,-3.033127858564167
Q0869,FIRST,8.48e-05,PASS,-4.071604147743286
Q0871,FIRST,0.000382348,PASS,-3.4175411771926805
Q0872,FIRST,0.000505764,PASS,-3.2960520867309704
Q0873,FIRST,0.000308775,PASS,-3.510357869610814
Q0874,FIRST,0.000379927,PASS,-3.420299841653646
Q0875,FIRST,0.00173461,PASS,-2.7607981542374658
Q0876,FIRST,0.000949725,PASS,-3.022402129734229
Q0877,FIRST,0.000428969,PASS,-3.3675740915341392
Q0878,FIRST,0.000358538,PASS,-3.445464808432086
Q0879,FIRST,0.000542502,PASS,-3.2655986563967367
Q0880,FIRST,0.000301465,PASS,-3.5207631020618333
Q0881,FIRST,0.000385012,PASS,-3.4145257342510686
Q0882,FIRST,0.000755916,PASS,-3.121526462122256
Q0883,FIRST,0.000377077,PASS,-3.423569956795421
Q0884,FIRST,0.000805123,PASS,-3.0941377666623544
Q0885,FIRST,0.000133311,PASS,-3.8751340138104364
Q0886,FIRST,0.000236306,PASS,-3.6265252511403356
Q0887,FIRST,0.0023464,PASS,-2.629597950027504
Q0888,FIRST,0.00168622,PASS,-2.7730857639029045
Q0889,FIRST,0.000650705,PASS,-3.186615856146017
Q0892,FIRST,0.00291342,PASS,-2.5355969027619425
Q0893,FIRST,0.00415039,PASS,-2.381911091989145
Q0894,FIRST,0.00130747,PASS,-2.883568267266753
Q0896,FIRST,0.000757044,PASS,-3.120878878225318
Q0898,FIRST,7.14e-05,PASS,-4.146301788223826
Q0899,FIRST,0.00031598,PASS,-3.500340405244
Q0900,FIRST,0.000377633,PASS,-3.4229300612709874
Q0901,FIRST,0.000330098,PASS,-3.481357106968068
Q0902,FIRST,5.95e-05,PASS,-4.22548303427145
Q0903,FIRST,0.000705472,PASS,-3.1515202186024873
Q0904,FIRST,0.000663219,PASS,-3.1783430405443953
Q0905,FIRST,0.000261089,PASS,-3.5832114251511458
Q0906,FIRST,0.000425505,PASS,-3.3710953322664645
Q0909,FIRST,0.000486952,PASS,-3.3125138461006096
Q0910,FIRST,0.000383313,PASS,-3.4164464514669497
Q0911,FIRST,0.000465184,PASS,-3.332375231241976
Q0912,FIRST,0.000405598,PASS,-3.3919041951715285
Q0913,FIRST,0.00189083,PASS,-2.7233475157772586
Q0914,FIRST,0.000159027,PASS,-3.798529133820904
Q0915,FIRST,0.000207733,PASS,-3.6824945069338937
Q0916,FIRST,0.00179329,PASS,-2.7463494732846443
Q0918,FIRST,0.00015808,PASS,-3.801123072756447
Q0919,FIRST,0.00055436,PASS,-3.2562081139048966
Q0920,FIRST,0.000369498,PASS,-3.4323879079898982
Q0921,FIRST,0.000888641,PASS,-3.051273653211978
Q0922,FIRST,9.32e-05,PASS,-4.030584087646019
Q0923,FIRST,0.000146027,PASS,-3.835566836908055
Q0925,FIRST,0.000185881,PASS,-3.730764999775514
Q0927,FIRST,0.000590604,PASS,-3.2287036160027642
Q0928,FIRST,0.000763863,PASS,-3.116984525821249
Q0929,FIRST,0.000104568,PASS,-3.98060119835264
Q0930,FIRST,0.000789083,PASS,-3.1028773129551523
Q0931,FIRST,0.00035334,PASS,-3.451807195296688
Q0932,FIRST,0.000350412,PASS,-3.455421029659932
Q0933,FIRST,0.00072527,PASS,-3.139500286282794
Q0934,FIRST,0.000235001,PASS,-3.6289302896705706
Q0935,FIRST,0.000576639,PASS,-3.239095988184349
Q0936,FIRST,0.000852314,PASS,-3.069400377833583
Q0937,FIRST,0.000633906,PASS,-3.1979751375566887
Q0938,FIRST,0.000708619,PASS,-3.149587207232123
Q0939,FIRST,0.000422487,PASS,-3.3741866498270117
Q0940,FIRST,0.000629813,PASS,-3.2007883793139613
Q0941,FIRST,0.00113342,PASS,-2.9456091281926673
Q0942,FIRST,0.000372959,PASS,-3.428338908278304
Q0943,FIRST,0.00195495,PASS,-2.708864345685906
Q0944,FIRST,0.00073303,PASS,-3.1348782510507625
Q0945,FIRST,0.000279198,PASS,-3.55408769705201
Q0946,FIRST,0.000343315,PASS,-3.464307221115719
Q0948,FIRST,2.94e-08,PASS,-7.531652669587842
Q0949,FIRST,0.000323233,PASS,-3.4904843069745244
Q0950,FIRST,0.000342778,PASS,-3.464987059517817
Q0952,FIRST,0.000245463,PASS,-3.610013962224705
Q0953,FIRST,0.000291717,PASS,-3.5350382613442823
Q0954,FIRST,0.000221364,PASS,-3.6548930061880642
Q0955,FIRST,0.000958813,PASS,-3.0182660862466544
Q0956,FIRST,6.6e-05,PASS,-4.180456064458132
Q0957,FIRST,0.00196447,PASS,-2.7067545990404875
Q0958,FIRST,0.0023906,PASS,-2.6214930848316764
Q0959,FIRST,0.00109005,PASS,-2.9625535807510586
Q0960,FIRST,0.00223273,PASS,-2.6511637921994167
Q0961,FIRST,0.00188915,PASS,-2.723733557384695
Q0962,FIRST,0.000602593,PASS,-3.2199759175996525
Q0963,FIRST,4.32e-05,PASS,-4.364516253185088
Q0964,FIRST,0.000899541,PASS,-3.0459790372456537
Q0965,FIRST,0.00182978,PASS,-2.737601123673728
Q0966,FIRST,0.00285696,PASS,-2.5440958400865905
Q0967,FIRST,0.000206453,PASS,-3.6851788019441374
Q0968,FIRST,0.00147761,PASS,-2.8304401783893343
Q0969,FIRST,2.67e-05,PASS,-4.573488738635425
Q0970,FIRST,0.00184724,PASS,-2.7334766758080784
Q0971,FIRST,0.00197517,PASS,-2.704395519336453
Q0972,FIRST,0.00232506,PASS,-2.633565835319106
Q0974,FIRST,0.00075842,PASS,-3.120090222907449
Q0975,FIRST,0.0022956,PASS,-2.6391037839250795
Q0976,FIRST,0.00157373,PASS,-2.803069776150058
Q0977,FIRST,0.000200002,PASS,-3.6989656614129145
Q0978,FIRST,0.00129264,PASS,-2.8885224092129023
Q0979,FIRST,0.000894598,PASS,-3.048372077088842
Q0980,FIRST,0.000114334,PASS,-3.9418246023549344
Q0981,FIRST,0.00218206,PASS,-2.661133311808787
Q0983,FIRST,0.0010681,PASS,-2.97138808493377
Q0984,FIRST,0.000156186,PASS,-3.8063578974448875
Q0985,FIRST,4.68e-05,PASS,-4.329754146925876
Q0986,FIRST,0.0007896,PASS,-3.1025928603384196
Q0987,FIRST,0.000444937,PASS,-3.3517014777590703
Q0988,FIRST,0.000175527,PASS,-3.755656069801532
Q0990,FIRST,0.000195397,PASS,-3.7090821084445103
Q0991,FIRST,0.000496727,PASS,-3.3038822329334683
Q0992,FIRST,0.000328978,PASS,-3.4828331439894384
Q0993,FIRST,0.00102137,PASS,-2.9908169025268845
Q0994,FIRST,0.000998902,PASS,-3.000477117326503
Q0995,FIRST,0.0001754,PASS,-3.755970410969978
Q0996,FIRST,0.000358467,PASS,-3.4455508187341506
Q0997,FIRST,0.00031494,PASS,-3.501772176848216
Q0999,FIRST,0.000460717,PASS,-3.3365657624163503
Q1000,FIRST,0.000718809,PASS,-3.1433864938531757
Q1001,FIRST,0.00019726,PASS,-3.7049609712124054
Q1002,FIRST,0.000561965,PASS,-3.25029073208255
Q1003,FIRST,0.000415696,PASS,-3.3812241544360164
Q1004,FIRST,0.00058934,PASS,-3.2296340812368896
Q1005,FIRST,0.000240509,PASS,-3.618868667409883
Q1006,FIRST,0.000284502,PASS,-3.5459146762428615
Q1007,FIRST,0.000495386,PASS,-3.3050562710821567
Q1008,FIRST,0.000129578,PASS,-3.8874687275521906
Q1009,FIRST,0.000281157,PASS,-3.551051099337475
Q1010,FIRST,0.000266025,PASS,-3.575077548136357
Q1011,FIRST,0.000873693,PASS,-3.0586411438276135
Q1012,FIRST,0.000256745,PASS,-3.5904980053491986
Q1014,FIRST,0.000207578,PASS,-3.682818676762386
Q1015,FIRST,0.000223005,PASS,-3.6516853995165657
Q1016,FIRST,0.000131409,PASS,-3.881374889597506
Q1017,FIRST,0.0002942,PASS,-3.5313573316084885
Q1018,FIRST,7.53e-05,PASS,-4.123205023799299
Q1020,FIRST,0.000435993,PASS,-3.360520483405216
Q1022,FIRST,0.00039321,PASS,-3.4053754458511065
Q1023,FIRST,0.000149735,PASS,-3.824676673068968
Q1024,FIRST,0.000180714,PASS,-3.743008201134555
Q1025,FIRST,0.000444758,PASS,-3.351876231384323
Q1026,FIRST,0.000450757,PASS,-3.346057520206741
Q1027,FIRST,0.000370611,PASS,-3.4310816946544547
Q1028,FIRST,0.000495187,PASS,-3.30523076524475
Q1029,FIRST,0.000107607,PASS,-3.9681594762301233
Q1030,FIRST,0.000260087,PASS,-3.5848813547220852
Q1031,FIRST,0.000422412,PASS,-3.3742637527380777
Q1032,FIRST,6.14e-05,PASS,-4.211831628858833
Q1033,FIRST,0.000545081,PASS,-3.2635389560001298
Q1034,FIRST,0.000304026,PASS,-3.5170892743725286
Q1035,FIRST,0.000226961,PASS,-3.644048763687684
Q1037,FIRST,0.000317866,PASS,-3.4977559231769773
Q1039,FIRST,0.000304915,PASS,-3.515821210409986
Q1040,FIRST,0.000610803,PASS,-3.2140988385438316
Q1041,FIRST,0.000153099,PASS,-3.815027645982995
Q1042,FIRST,0.000208599,PASS,-3.6806877778630973
Q1043,FIRST,0.00019841,PASS,-3.702436442890643
Q1044,FIRST,0.0005549,PASS,-3.255785275185834
Q1045,FIRST,0.000473733,PASS,-3.324466361485425
Q1046,FIRST,0.000187477,PASS,-3.727052004660415
Q1047,FIRST,0.000262478,PASS,-3.580907091797081
Q1049,FIRST,0.000139385,PASS,-3.8557839605833637
Q1050,FIRST,0.000354021,PASS,-3.4509709755063684
Q1051,FIRST,8.22e-05,PASS,-4.0851281824599495
Q1053,FIRST,4.39e-05,PASS,-4.357535479757878
Q1054,FIRST,0.000564358,PASS,-3.2484453142779928
Q1055,FIRST,0.000227322,PASS,-3.6433585316474426
Q1056,FIRST,0.000212901,PASS,-3.6718222986675397
Q1057,FIRST,0.000626836,PASS,-3.2028460693949246
Q1058,FIRST,0.000178731,PASS,-3.747800114750566
Q1059,FIRST,0.000211668,PASS,-3.6743447937230314
Q1060,FIRST,0.000323683,PASS,-3.4898801093711946
Q1061,FIRST,0.000236418,PASS,-3.626319460941897
Q1062,FIRST,0.000393845,PASS,-3.4046746636799847
Q1063,FIRST,7.19e-05,PASS,-4.1432711096171175
Q1064,FIRST,0.000454512,PASS,-3.34245464607241
Q1065,FIRST,0.00013383,PASS,-3.873446522038721
Q1066,FIRST,0.000122162,PASS,-3.913063865753095
Q1067,FIRST,0.000454944,PASS,-3.3420420582610304
Q1068,FIRST,0.000211181,PASS,-3.675345157948566
Q1069,FIRST,0.000542748,PASS,-3.265401768224651
Q1071,FIRST,0.000114526,PASS,-3.941095907431505
Q1072,FIRST,0.000481146,PASS,-3.31772312035547
Q1074,FIRST,0.000144768,PASS,-3.8393274254266765
Q1075,FIRST,0.000574949,PASS,-3.2403706770510583
Q1076,FIRST,0.000278433,PASS,-3.555279293240468
Q1077,FIRST,0.000683488,PASS,-3.1652691059381954
Q1078,FIRST,0.00105173,PASS,-2.9780957379011483
Q1079,FIRST,0.000146296,PASS,-3.8347675481171786
Q1080,FIRST,0.000240438,PASS,-3.6189968932162153
Q1081,FIRST,0.000310055,PASS,-3.50856126075341
Q1082,FIRST,0.000294982,PASS,-3.5302044841546434
Q1083,FIRST,0.000113998,PASS,-3.9431027679318
Q1084,FIRST,0.000210374,PASS,-3.6770079354035903
Q1086,FIRST,5.44e-05,PASS,-4.2644011003018205
Q1087,FIRST,0.000503485,PASS,-3.2980134635696827
Q1088,FIRST,0.000637986,PASS,-3.1951888513563573
Q1089,FIRST,0.000415833,PASS,-3.3810810485562235
Q1090,FIRST,0.000366196,PASS,-3.436286403855773
Q1091,FIRST,0.000217366,PASS,-3.662808386501615
Q1092,FIRST,0.000454475,PASS,-3.342490001684403
Q1093,FIRST,0.000386901,PASS,-3.412400147782191
Q1094,FIRST,0.000145322,PASS,-3.83766863377253
Q1095,FIRST,0.000530431,PASS,-3.275371102371914
Q1096,FIRST,0.000386986,PASS,-3.412304746176762
Q1097,FIRST,0.000356281,PASS,-3.448207337388461
Q1099,FIRST,0.000179283,PASS,-3.746460889223191
Q1100,FIRST,0.000270456,PASS,-3.567903379398522
Q1101,FIRST,0.000203071,PASS,-3.692352092544124
Q1102,FIRST,0.000169558,PASS,-3.770681714739382
Q1103,FIRST,0.000304014,PASS,-3.5171064164479957
Q1104,FIRST,0.000644269,PASS,-3.190932764902037
Q1105,FIRST,0.00054441,PASS,-3.2640739060533246
Q1108,FIRST,0.000647793,PASS,-3.1885637492523604
Q1109,FIRST,0.000189726,PASS,-3.7218731494339976
Q1110,FIRST,0.000242271,PASS,-3.615698568090032
Q1111,FIRST,0.000422334,PASS,-3.3743439542890403
Q1112,FIRST,0.000129528,PASS,-3.88763634022318
Q1113,FIRST,0.000689864,PASS,-3.1612365177715978
Q1114,FIRST,0.000520359,PASS,-3.2836969295878253
Q1115,FIRST,0.000707994,PASS,-3.149970422787537
Q1116,FIRST,0.000184474,PASS,-3.734064835208023
Q1117,FIRST,0.000555297,PASS,-3.2554746728032575
Q1118,FIRST,9.33e-05,PASS,-4.0301183562535
Q1119,FIRST,0.000492747,PASS,-3.307376011163003
Q1120,FIRST,0.00110508,PASS,-2.9566062809825557
Q1121,FIRST,0.000391582,PASS,-3.4071772797911213
Q1122,FIRST,0.000379458,PASS,-3.4208362866398128
Q1123,FIRST,0.000104971,PASS,-3.9789306654971237
Q1124,FIRST,0.00063673,PASS,-3.196044687551706
Q1125,FIRST,7.24e-05,PASS,-4.140261433802853
Q1126,FIRST,0.000485889,PASS,-3.313462932781769
Q1127,FIRST,0.000675323,PASS,-3.170488458923407
Q1128,FIRST,0.000640917,PASS,-3.193198208821182
Q1129,FIRST,0.000311299,PASS,-3.5068222744192497
Q1130,FIRST,0.000486,PASS,-3.3133637307377066
Q1131,FIRST,0.000299662,PASS,-3.52336832624571
Q1132,FIRST,0.000181962,PASS,-3.7400192983523577
Q1133,FIRST,0.000801652,PASS,-3.096014119594846
Q1134,FIRST,0.000797688,PASS,-3.0981669411980906
Q1135,FIRST,0.00016807,PASS,-3.774509799928716
Q1136,FIRST,0.000504573,PASS,-3.2970759925515734
Q1137,FIRST,0.000607337,PASS,-3.2165702601151307
Q1138,FIRST,0.000483903,PASS,-3.315241685435482
Q1139,FIRST,0.000116021,PASS,-3.935463395611998
Q1140,FIRST,0.000665225,PASS,-3.1770314378078575
Q1141,FIRST,0.000481963,PASS,-3.316986300998939
Q1142,FIRST,0.000576274,PASS,-3.2393709742261243
Q1143,FIRST,0.000431572,PASS,-3.3649467397072863
Q1144,FIRST,0.000573281,PASS,-3.2416324516177792
Q1145,FIRST,0.000585037,PASS,-3.232816666588435
Q1147,FIRST,0.000625631,PASS,-3.203681740134614
Q1148,FIRST,0.000526615,PASS,-3.2785067746935854
Q1149,FIRST,0.000437631,PASS,-3.358891921930359
Q1150,FIRST,0.000712665,PASS,-3.1471145695040352
Q1151,FIRST,0.000698659,PASS,-3.155734742070134
Q1152,FIRST,0.000493359,PASS,-3.306836944861714
Q1153,FIRST,0.000835688,PASS,-3.07795583400753
Q1154,FIRST,0.000121781,PASS,-3.914420464074411
Q1155,FIRST,0.000196998,PASS,-3.705538182941823
Q1156,FIRST,0.000146236,PASS,-3.8349457007246173
Q1157,FIRST,0.000424874,PASS,-3.371739844580094
Q1158,FIRST,0.000517009,PASS,-3.286501896719759
Q1159,FIRST,0.000854964,PASS,-3.068052171740257
Q1160,FIRST,0.000305882,PASS,-3.5144460788527816
Q1161,FIRST,0.000424246,PASS,-3.3723822437330138
Q1162,FIRST,0.000121649,PASS,-3.914891456780569
Q1163,FIRST,0.002604,PASS,-2.5843590201038458
Q1164,FIRST,0.000240106,PASS,-3.6195969872385434
Q1165,FIRST,0.00104586,PASS,-2.980526446727583
Q1166,FIRST,0.000455075,PASS,-3.3419170222397554
Q1168,FIRST,0.000415151,PASS,-3.3817939116273767
Q1169,FIRST,0.00116278,PASS,-2.9345024467711807
Q1170,FIRST,0.00037008,PASS,-3.4317043845734556
Q1171,FIRST,0.000730555,PASS,-3.1363470825396185
Q1172,FIRST,0.000254291,PASS,-3.5946690103296186
Q1174,FIRST,0.00236473,PASS,-2.6262184389448096
Q1175,FIRST,0.000314908,PASS,-3.50181630629987
Q1176,FIRST,0.000439612,PASS,-3.3569304612379622
Q1178,FIRST,0.00028515,PASS,-3.5449266240788755
Q1179,FIRST,0.000294972,PASS,-3.5302192071493836
Q1180,FIRST,0.000302991,PASS,-3.518570271525377
Q1181,FIRST,0.000344768,PASS,-3.462473050470158
Q1182,FIRST,0.000772265,PASS,-3.112233647475897
Q1183,FIRST,0.000338617,PASS,-3.470291242267071
Q1184,FIRST,4.36e-05,PASS,-4.360513510731414
Q1185,FIRST,0.000678509,PASS,-3.1684443873197723
Q1186,FIRST,0.000181119,PASS,-3.7420359883257492
Q1187,FIRST,0.000243496,PASS,-3.6135081687088793
Q1189,FIRST,0.000625503,PASS,-3.203770603028401
Q1190,FIRST,0.000201254,PASS,-3.696255479105863
Q1191,FIRST,0.000645285,PASS,-3.1902484301864495
Q1193,FIRST,0.000422115,PASS,-3.3745692147693513
Q1194,FIRST,0.000372022,PASS,-3.429431376795285
Q1195,FIRST,0.000486254,PASS,-3.3131368130785086
Q1196,FIRST,0.000303232,PASS,-3.5182249696293666
Q1197,FIRST,7.02e-05,PASS,-4.153662887870195
Q1198,FIRST,0.000240154,PASS,-3.619510175364972
Q1199,FIRST,0.000352946,PASS,-3.452291735677269
Q1200,FIRST,0.000193315,PASS,-3.7137344462069173
Q1201,FIRST,0.000326448,PASS,-3.486185987778233
Q1202,FIRST,0.00102896,PASS,-2.9876015077613074
Q1203,FIRST,0.000712403,PASS,-3.147274260347617
Q1204,FIRST,0.000702408,PASS,-3.1534105507237227
Q1205,FIRST,0.000518364,PASS,-3.285365167523732
Q1206,FIRST,0.000422609,PASS,-3.3740612583279153
Q1207,FIRST,0.000406751,PASS,-3.39067137067396
Q1208,FIRST,0.000395743,PASS,-3.4025867583058083
Q1209,FIRST,0.000499445,PASS,-3.301512330284159
Q1210,FIRST,0.000519373,PASS,-3.28452063124849
Q1211,FIRST,0.00075747,PASS,-3.1206345629477177
Q1212,FIRST,0.000300258,PASS,-3.522505412535981
Q1213,FIRST,0.00074597,PASS,-3.1272786378040576
Q1214,FIRST,0.000239343,PASS,-3.620979269689569
Q1215,FIRST,0.000515554,PASS,-3.2877258392577025
Q1216,FIRST,0.000811448,PASS,-3.0907393058274555
Q1217,FIRST,0.000659554,PASS,-3.1807496414490006
Q1218,FIRST,0.000591044,PASS,-3.2283801870613718
Q1219,FIRST,0.000335231,PASS,-3.474655827433085
Q1220,FIRST,0.000428209,PASS,-3.3683442090423714
Q1221,FIRST,0.000758999,PASS,-3.11975879629789
Q1222,FIRST,0.000389294,PASS,-3.409722289800903
Q1223,FIRST,0.00109395,PASS,-2.9610025273813205
Q1224,FIRST,0.000479381,PASS,-3.3193191829821265
Q1225,FIRST,0.000374758,PASS,-3.426249087448939
Q1226,FIRST,0.000595694,PASS,-3.2249767742171103
Q1227,FIRST,0.000388861,PASS,-3.410205611324437
Q1228,FIRST,0.00027473,PASS,-3.5610939138482074
Q1229,FIRST,0.000671323,PASS,-3.1730684733245824
Q1230,FIRST,0.000476915,PASS,-3.3215590178580574
Q1231,FIRST,0.000288125,PASS,-3.5404190572662766
Q1234,FIRST,0.00046011,PASS,-3.337138327705375
Q1235,FIRST,0.000249443,PASS,-3.6030286789528163
Q1236,FIRST,0.000293559,PASS,-3.532304600381121
Q1238,FIRST,0.000237231,PASS,-3.6248285604626735
Q1239,FIRST,0.000650885,PASS,-3.1864957368961138
Q1241,FIRST,0.000811507,PASS,-3.0907077296291705
Q1242,FIRST,0.000330936,PASS,-3.4802559866904543
Q1243,FIRST,0.000554939,PASS,-3.255754752768076
Q1244,FIRST,0.000263946,PASS,-3.5784849151788047
Q1245,FIRST,0.000391898,PASS,-3.406826952881122
Q1246,FIRST,0.000440364,PASS,-3.356188192062683
Q1247,FIRST,0.000350863,PASS,-3.4548624275756095
Q1248,FIRST,0.000906385,PASS,-3.0426872903369944
Q1249,FIRST,0.000520108,PASS,-3.2839064661076236
Q1250,FIRST,0.000746082,PASS,-3.1272134376876215
Q1251,FIRST,0.000487232,PASS,-3.3122641962228014
Q1252,FIRST,0.000455745,PASS,-3.3412780873121988
Q1253,FIRST,7.74e-05,PASS,-4.111259039317107
Q1254,FIRST,0.000479947,PASS,-3.3188067186210755
Q1255,FIRST,0.000355953,PASS,-3.4486073424433576
Q1256,FIRST,0.000271279,PASS,-3.5665838241415093
Q1257,FIRST,0.000302447,PASS,-3.5193507189427353
Q1258,FIRST,0.000470068,PASS,-3.327839312514035
Q1259,FIRST,0.000161607,PASS,-3.791539831707891
Q1260,FIRST,0.00030738,PASS,-3.5123243937400153
Q1261,FIRST,0.000111221,PASS,-3.9538132044530627
Q1262,FIRST,0.00036074,PASS,-3.442805699056404
Q1263,FIRST,0.000433883,PASS,-3.3626273656597427
Q1264,FIRST,0.00166671,PASS,-2.7781399588739033
Q1266,FIRST,0.00119301,PASS,-2.923355915988822
Q1267,FIRST,0.00066325,PASS,-3.1783227413456334
Q1269,FIRST,0.000242459,PASS,-3.615361690377938
Q1270,FIRST,0.00164805,PASS,-2.7830296164285317
Q1271,FIRST,0.000211541,PASS,-3.67460544697406
Q1272,FIRST,0.000896786,PASS,-3.0473111802638924
Q1273,FIRST,0.000483403,PASS,-3.315690658687568
Q1274,FIRST,7.73e-05,PASS,-4.111820506081675
Q1275,FIRST,8.19e-05,PASS,-4.086716098239582
Q1276,FIRST,0.00129071,PASS,-2.8891713251600386
Q1277,FIRST,0.000951092,PASS,-3.021777471327753
Q1278,FIRST,0.00144152,PASS,-2.8411793277264272
Q1279,FIRST,7.28e-05,PASS,-4.137868620686963
Q1281,FIRST,0.000709718,PASS,-3.148914179973957
Q1282,FIRST,0.00100717,PASS,-2.9968972187902816
Q1283,FIRST,0.00197993,PASS,-2.7033501638552013
Q1284,FIRST,0.000263332,PASS,-3.57949636239419
Q1285,FIRST,0.000171218,PASS,-3.7664505802561385
Q1286,FIRST,0.00101518,PASS,-2.9934569468384873
Q1287,FIRST,0.000183522,PASS,-3.736311866529605
Q1288,FIRST,0.000152593,PASS,-3.8164653886032984
Q1289,FIRST,0.000287885,PASS,-3.5407809630723857
Q1290,FIRST,0.000196373,PASS,-3.70691822508825
Q1291,FIRST,5.03e-05,PASS,-4.298432014944073
Q1292,FIRST,0.000431273,PASS,-3.3652477301639427
Q1293,FIRST,0.0003914,PASS,-3.4073791786780174
Q1294,FIRST,0.000226084,PASS,-3.64573017165546
Q1295,FIRST,0.000284219,PASS,-3.5463468929133306
Q1296,FIRST,0.000177459,PASS,-3.7509019701049486
Q1297,FIRST,0.000360104,PASS,-3.4435720545013075
Q1298,FIRST,0.000311203,PASS,-3.5069562250590653
Q1299,FIRST,0.000135276,PASS,-3.8687792469509033
Q1300,FIRST,0.000742961,PASS,-3.1290339829141667
Q1301,FIRST,0.000178184,PASS,-3.7491312959426923
Q1302,FIRST,0.000419568,PASS,-3.377197642388342
Q1306,FIRST,0.000127466,PASS,-3.8946056425361943
Q1307,FIRST,0.000319092,PASS,-3.4960840839274794
Q1308,FIRST,0.000248448,PASS,-3.604764494963769
Q1309,FIRST,0.000446437,PASS,-3.3502398189317466
Q1310,FIRST,0.000175735,PASS,-3.7551417342753775
Q1311,FIRST,0.000230065,PASS,-3.638149445925126
Q1312,FIRST,0.000298083,PASS,-3.525662791551129
Q1313,FIRST,0.000527689,PASS,-3.277621958862658
Q1315,FIRST,0.000565892,PASS,-3.247266445630697
Q1316,FIRST,0.00055712,PASS,-3.254051250562763
Q1317,FIRST,0.000325376,PASS,-3.4876144841341423
Q1318,FIRST,0.000432834,PASS,-3.3636786318376717
Q1319,FIRST,0.000347548,PASS,-3.458985206338527
Q1320,FIRST,0.000236796,PASS,-3.625625638066516
Q1321,FIRST,0.000376348,PASS,-3.424410387564534
Q1322,FIRST,0.000362844,PASS,-3.440280054030519
Q1323,FIRST,0.000330301,PASS,-3.4810901114620085
Q1324,FIRST,0.000175843,PASS,-3.7548749155010466
Q1325,FIRST,0.000246916,PASS,-3.6074507671496003
Q1326,FIRST,0.000710107,PASS,-3.1486762061987563
Q1327,FIRST,0.000256618,PASS,-3.590712884100986
Q1328,FIRST,0.000177876,PASS,-3.749882645343296
Q1329,FIRST,0.000180036,PASS,-3.744640644685045
Q1330,FIRST,0.000271999,PASS,-3.5654326926396256
Q1331,FIRST,0.000323241,PASS,-3.490473558341616
Q1332,FIRST,0.000142377,PASS,-3.8465601622430405
Q1333,FIRST,0.000273542,PASS,-3.5629759820623854
Q1334,FIRST,0.000355849,PASS,-3.448734250281322
Q1335,FIRST,0.000226741,PASS,-3.6444699423181817
Q1336,FIRST,0.000343763,PASS,-3.4637408692445613
Q1337,FIRST,0.000356703,PASS,-3.4476932380741303
Q1338,FIRST,0.000390246,PASS,-3.408661539737244
Q1339,FIRST,0.000552775,PASS,-3.257451606747395
Q1340,FIRST,0.000438324,PASS,-3.3582047493273137
Q1341,FIRST,0.000699545,PASS,-3.155184343183465
Q1342,FIRST,0.000375049,PASS,-3.42591198816718
Q1343,FIRST,0.000459333,PASS,-3.337872352311074
Q1344,FIRST,0.00047827,PASS,-3.3203268598620364
Q1345,FIRST,0.000377616,PASS,-3.4229496124552816
Q1346,FIRST,0.000279725,PASS,-3.5532687174795528
Q1347,FIRST,0.000407578,PASS,-3.3897892661191444
Q1348,FIRST,0.00037873,PASS,-3.4216702921371014
Q1349,FIRST,7.87e-05,PASS,-4.104025267640935
Q1350,FIRST,0.000254391,PASS,-3.594498257486979
Q1351,FIRST,0.000462432,PASS,-3.3349521206459976
Q1352,FIRST,0.000588988,PASS,-3.2298935534079276
Q1353,FIRST,0.000317703,PASS,-3.4979786842056058
Q1354,FIRST,0.000170746,PASS,-3.767649461574837
Q1355,FIRST,0.000275312,PASS,-3.560174858638621
Q1357,FIRST,0.000307586,PASS,-3.5120334356492644
Q1358,FIRST,0.000349821,PASS,-3.456154123072411
Q1359,FIRST,0.000278451,PASS,-3.5552512180913274
Q1360,FIRST,0.000730232,PASS,-3.1365391394513256
Q1361,FIRST,0.000409252,PASS,-3.3880091895291145
Q1362,FIRST,0.000208025,PASS,-3.68188446931794
Q1363,FIRST,0.000367419,PASS,-3.4348383891793697
Q1364,FIRST,0.000330737,PASS,-3.4805172172514856
Q1365,FIRST,0.000262931,PASS,-3.58015820683679
Q1366,FIRST,0.000116145,PASS,-3.9349994816807876
Q1367,FIRST,0.000386734,PASS,-3.4125876449342183
Q1368,FIRST,0.000198908,PASS,-3.7013477493743796
Q1369,FIRST,0.000307725,PASS,-3.511837219641387
Q1370,FIRST,0.000296718,PASS,-3.527656106991023
Q1371,FIRST,0.000334417,PASS,-3.4757116534264045
Q1372,FIRST,0.000453059,PASS,-3.3438452379298904
Q1373,FIRST,0.0001396,PASS,-3.855114581712858
Q1374,FIRST,0.000445065,PASS,-3.3515765573789658
Q1375,FIRST,0.000393076,PASS,-3.405523472042946
Q1376,FIRST,0.000321436,PASS,-3.4929054849908496
Q1377,FIRST,0.000387543,PASS,-3.4116801031533974
Q1378,FIRST,0.000121647,PASS,-3.9148985969634227
Q1379,FIRST,0.000396768,PASS,-3.4014633616787235
Q1380,FIRST,0.000451849,PASS,-3.3450066745318323
Q1381,FIRST,0.000290316,PASS,-3.537129028514771
Q1382,FIRST,0.000518155,PASS,-3.285540306711625
Q1383,FIRST,0.000375803,PASS,-3.4250397572896567
Q1384,FIRST,0.000566775,PASS,-3.2465893143905245
Q1385,FIRST,0.000264029,PASS,-3.5783483691594102
Q1386,FIRST,0.00040018,PASS,-3.3977446201143104
Q1387,FIRST,0.000371745,PASS,-3.429754864062263
Q1388,FIRST,0.000854175,PASS,-3.0684531436571842
Q1390,FIRST,0.00164752,PASS,-2.7831693046022883
Q1391,FIRST,0.000925286,PASS,-3.0337240088567925
Q1392,FIRST,0.000870135,PASS,-3.060413362086362
Q1393,FIRST,0.00052014,PASS,-3.2838797466649035
Q1394,FIRST,0.00157632,PASS,-2.8023556141770096
Q1395,FIRST,0.00146757,PASS,-2.8334011746536363
Q1396,FIRST,0.000497612,PASS,-3.303109155103926
Q1397,FIRST,0.00131538,PASS,-2.8809487657576436
Q1398,FIRST,0.000817948,PASS,-3.0872743051684037
Q1399,FIRST,0.000834444,PASS,-3.0786028037505213
Q1400,FIRST,0.00109614,PASS,-2.96013397382199
Q1401,FIRST,0.000813629,PASS,-3.089573580346472
Q1402,FIRST,0.00148301,PASS,-2.8288559204954367
Q1403,FIRST,0.000384713,PASS,-3.4148631380163628
Q1405,FIRST,0.000640209,PASS,-3.1936782248765736
Q1406,FIRST,0.000758995,PASS,-3.1197610850789097
Q1407,FIRST,0.000777952,PASS,-3.109047198355075
Q1408,FIRST,0.000881594,PASS,-3.0547313742270434
Q1409,FIRST,0.000938889,PASS,-3.0273857490938387
Q1410,FIRST,0.000653577,PASS,-3.184703239445101
Q1411,FIRST,0.000732464,PASS,-3.135213715664032
Q1412,FIRST,0.000623084,PASS,-3.205453400728751
Q1413,FIRST,0.000848154,PASS,-3.0715252853871595
Q1414,FIRST,0.00104271,PASS,-2.9818364613838106
Q1415,FIRST,0.000245253,PASS,-3.6103856715097793
Q1416,FIRST,0.00112984,PASS,-2.946983053894466
Q1417,FIRST,0.00231359,PASS,-2.6357136015269034
Q1418,FIRST,0.000792801,PASS,-3.1008358107248397
Q1420,FIRST,0.000434011,PASS,-3.3624992631631554
Q1421,FIRST,0.000662402,PASS,-3.1788783649495462
Q1422,FIRST,0.000734105,PASS,-3.1342418179323426
Q1423,FIRST,0.000851563,PASS,-3.069783216708725
Q1424,FIRST,0.000479259,PASS,-3.3194297227615603
Q1425,FIRST,0.00106916,PASS,-2.970957297674791
Q1427,FIRST,0.000714924,PASS,-3.1457401234226037
Q1428,FIRST,0.0008384,PASS,-3.0765487303603485
Q1430,FIRST,0.000859667,PASS,-3.065669744185293
Q1432,FIRST,0.000523416,PASS,-3.2811530057972007
Q1433,FIRST,0.000768729,PASS,-3.1142267350327097
Q1434,FIRST,0.000530674,PASS,-3.275172189802569
Q1435,FIRST,0.00129416,PASS,-2.8880120275146903
Q1436,FIRST,0.00069086,PASS,-3.160609951739568
Q1437,FIRST,0.00146573,PASS,-2.8339460230847635
Q1438,FIRST,0.000734787,PASS,-3.133838535923943
Q1439,FIRST,0.00137604,PASS,-2.861368941444414
Q1440,FIRST,0.00110397,PASS,-2.9570427282476555
Q1441,FIRST,0.000899723,PASS,-3.0458911773251796
Q1442,FIRST,0.000199308,PASS,-3.700475268855328
Q1443,FIRST,0.00107002,PASS,-2.970608104736788
Q1444,FIRST,0.00114468,PASS,-2.941315905164974
Q1445,FIRST,0.000940242,PASS,-3.0267603530617833
Q1447,FIRST,0.00107155,PASS,-2.969987559370199
Q1448,FIRST,0.000391384,PASS,-3.4073969325199753
Q1449,FIRST,0.000254735,PASS,-3.593911379879042
Q1450,FIRST,0.0007514,PASS,-3.124128809272634
Q1451,FIRST,0.00249219,PASS,-2.6034188509349994
Q1452,FIRST,0.000129386,PASS,-3.888112713247532
Q1453,FIRST,0.000345575,PASS,-3.46145768330763
Q1454,FIRST,0.000124998,PASS,-3.9030969357592444
Q1455,FIRST,0.000119012,PASS,-3.9244092464139055
Q1456,FIRST,6.94e-05,PASS,-4.158640529545145
Q1457,FIRST,0.000123147,PASS,-3.9095761636000743
Q1458,FIRST,0.00182118,PASS,-2.739647127712262
Q1460,FIRST,0.00222339,PASS,-2.6529843519693688
Q1461,FIRST,0.00228569,PASS,-2.640982671761716
Q1462,FIRST,0.00118897,PASS,-2.924829103328177
Q1464,FIRST,0.00290627,PASS,-2.536664041083046
Q1465,FIRST,0.000195215,PASS,-3.709486814912444
Q1466,FIRST,0.00153873,PASS,-2.812837578867182
Q1467,FIRST,6.34e-05,PASS,-4.1979107421182675
Q1468,FIRST,0.00323321,PASS,-2.490366086641363
Q1469,FIRST,0.000130474,PASS,-3.884476023049978
Q1470,FIRST,0.000123658,PASS,-3.907777781903033
Q1471,FIRST,0.000415983,PASS,-3.380924417346938
Q1472,FIRST,0.0001295,PASS,-3.8877302315827293
Q1473,FIRST,0.000103766,PASS,-3.983944924245159
Q1474,FIRST,0.000110592,PASS,-3.9562762878732385
Q1475,FIRST,0.000207079,PASS,-3.683863940925697
Q1476,FIRST,0.000321304,PASS,-3.4930838677658977
Q1477,FIRST,0.000263196,PASS,-3.579720715328326
Q1478,FIRST,0.00110229,PASS,-2.9577041324979403
Q1479,FIRST,0.00182141,PASS,-2.7395922833674575
Q1480,FIRST,0.000136319,PASS,-3.8654436084347314
Q1481,FIRST,0.000189284,PASS,-3.7228860949922846
Q1482,FIRST,0.000299087,PASS,-3.524202463434622
Q1483,FIRST,0.000448263,PASS,-3.3484671066817926
Q1484,FIRST,0.000229032,PASS,-3.6401038344613683
Q1485,FIRST,0.00136509,PASS,-2.8648387147661833
Q1486,FIRST,0.000499816,PASS,-3.301189845447486
Q1487,FIRST,0.000123895,PASS,-3.906946219985726
Q1488,FIRST,0.000119489,PASS,-3.922672073453813
Q1489,FIRST,0.00136555,PASS,-2.8646923934176605
Q1490,FIRST,0.000134968,PASS,-3.86976918758487
Q1491,FIRST,0.000272737,PASS,-3.56425594087827
Q1492,FIRST,0.00255634,PASS,-2.592381384354084
Q1493,FIRST,7.36e-05,PASS,-4.133122185662502
Q1494,FIRST,0.000426607,PASS,-3.3699720226877345
Q1495,FIRST,0.00177449,PASS,-2.750926443742174
Q1496,FIRST,0.00117214,PASS,-2.9310205132357754
Q1497,FIRST,0.000104897,PASS,-3.979236932226618
Q1498,FIRST,0.000405218,PASS,-3.392311271290416
Q1499,FIRST,0.000329195,PASS,-3.4825467697200962
Q1500,FIRST,0.000126145,PASS,-3.8991299589033956
Q1501,FIRST,0.000221727,PASS,-3.6541814190323776
Q1502,FIRST,0.000133682,PASS,-3.8739270656396028
Q1503,FIRST,0.000212028,PASS,-3.6736067832102632
Q1504,FIRST,0.000104231,PASS,-3.9820030955598784
Q1505,FIRST,0.000140743,PASS,-3.8515731960288178
Q1506,FIRST,0.000275952,PASS,-3.559166453978438
Q1507,FIRST,0.00108572,PASS,-2.9642821619790496
Q1508,FIRST,0.000111237,PASS,-3.953750732330483
Q1509,FIRST,5.21e-05,PASS,-4.283162276700476
Q1510,FIRST,0.000604955,PASS,-3.2182769294442863
Q1511,FIRST,5.31e-05,PASS,-4.274905478918531
Q1512,FIRST,0.000114615,PASS,-3.940758541261041
Q1513,FIRST,0.000189197,PASS,-3.723085754264962
Q1514,FIRST,0.000218665,PASS,-3.660220725527973
Q1515,FIRST,6.36e-05,PASS,-4.196542884351586
Q1516,FIRST,0.00137504,PASS,-2.8616846679961907
Q1517,FIRST,0.00245031,PASS,-2.610778967565011
Q1519,FIRST,0.0016524,PASS,-2.7818848136954513
Q1520,FIRST,0.000371268,PASS,-3.4303124814830275
Q1521,FIRST,0.000371774,PASS,-3.429720985869556
Q1522,FIRST,0.00165261,PASS,-2.781829623640763
Q1523,FIRST,0.000229195,PASS,-3.6397948609459005
Q1524,FIRST,0.00120567,PASS,-2.918771545256131
Q1525,FIRST,0.000450449,PASS,-3.346354372881122
Q1526,FIRST,0.000199307,PASS,-3.700477447872585
Q1527,FIRST,0.000271406,PASS,-3.5663805555779464
Q1528,FIRST,0.00159042,PASS,-2.7984881715313796
Q1529,FIRST,0.000301784,PASS,-3.520303789397774
Q1530,FIRST,0.000284531,PASS,-3.545870409776818
Q1531,FIRST,0.000970759,PASS,-3.0128885743773632
Q1532,FIRST,0.000258374,PASS,-3.5877511912367304
Q1533,FIRST,0.000130565,PASS,-3.8841732269202494
Q1534,FIRST,0.000347002,PASS,-3.4596680220781155
Q1535,FIRST,0.000170293,PASS,-3.768803203616109
Q1536,FIRST,0.00145045,PASS,-2.8384972376288915
Q1537,FIRST,0.000253119,PASS,-3.596675253950985
Q1538,FIRST,7.01e-05,PASS,-4.154281982033341
Q1539,FIRST,0.000230222,PASS,-3.6378531775694998
Q1540,FIRST,0.000131246,PASS,-3.881913923765049
Q1541,FIRST,3.82e-05,PASS,-4.4179366370882915
Q1542,FIRST,0.000252735,PASS,-3.597334610655032
Q1543,FIRST,0.00023549,PASS,-3.6280275303059066
Q1544,FIRST,0.000245979,PASS,-3.609101968398321
Q1545,FIRST,0.000594081,PASS,-3.2261543370814962
Q1546,FIRST,0.000316176,PASS,-3.500071099182899
Q1547,FIRST,0.000298598,PASS,-3.524913105492014
Q1548,FIRST,0.000455616,PASS,-3.3414010330791113
Q1549,FIRST,0.00200154,PASS,-2.6986357262655005
Q1550,FIRST,0.000312418,PASS,-3.5052639521459774
Q1551,FIRST,0.00156931,PASS,-2.804291257820937
Q1553,FIRST,0.00141022,PASS,-2.8507131303709
Q1554,FIRST,0.00056929,PASS,-3.2446664448253086
Q1555,FIRST,0.000918093,PASS,-3.0371133238738257
Q1556,FIRST,0.000523391,PASS,-3.2811737495676367
Q1557,FIRST,0.000337483,PASS,-3.471748098957818
Q1558,FIRST,0.000243406,PASS,-3.613668720539911
Q1559,FIRST,0.000273993,PASS,-3.5622605324358414
Q1560,FIRST,0.00126686,PASS,-2.897271376108585
Q1561,FIRST,0.000503718,PASS,-3.297812529664425
Q1562,FIRST,0.00193909,PASS,-2.712402033316196
Q1563,FIRST,0.000826917,PASS,-3.082538079626388
Q1565,FIRST,0.0009123,PASS,-3.0398623251362054
Q1566,FIRST,0.000505136,PASS,-3.2965916791134426
Q1567,FIRST,0.00017089,PASS,-3.767283350221832
Q1568,FIRST,0.000388898,PASS,-3.410164290308949
Q1569,FIRST,0.000332067,PASS,-3.4787742813724205
Q1570,FIRST,0.00150356,PASS,-2.8228792365697903
Q1571,FIRST,0.000965792,PASS,-3.015116396337044
Q1572,FIRST,0.000509205,PASS,-3.293107340560903
Q1573,FIRST,0.00122067,PASS,-2.9134017288067184
Q1574,FIRST,0.000450113,PASS,-3.3466784437450725
Q1575,FIRST,0.000524669,PASS,-3.2801145952769133
Q1576,FIRST,0.000334866,PASS,-3.475128945508742
Q1577,FIRST,0.000650156,PASS,-3.1869824251871677
Q1578,FIRST,0.00025739,PASS,-3.5894083301168807
Q1579,FIRST,0.000767092,PASS,-3.115152546486139
Q1580,FIRST,0.000268943,PASS,-3.5703397549736438
Q1581,FIRST,0.000410329,PASS,-3.3868677881880833
Q1582,FIRST,0.000693305,PASS,-3.1590756677305816
Q1583,FIRST,0.000569855,PASS,-3.244235636802807
Q1584,FIRST,0.000300066,PASS,-3.522783211002704
Q1585,FIRST,0.000309808,PASS,-3.5089073718867008
Q1586,FIRST,0.00334273,PASS,-2.475898700956234
Q1587,FIRST,0.000510974,PASS,-3.29160119760267
Q1588,FIRST,0.000400529,PASS,-3.397366033677084
Q1589,FIRST,0.000573872,PASS,-3.241184964558053
Q1590,FIRST,0.00028839,PASS,-3.540019802968262
Q1591,FIRST,0.000307566,PASS,-3.5120616754652483
Q1592,FIRST,0.000515965,PASS,-3.2873797573309362
Q1593,FIRST,0.000392122,PASS,-3.4065787909296583
Q1594,FIRST,0.0012163,PASS,-2.914959293257806
Q1595,FIRST,0.0001644,PASS,-3.784098186795968
Q1596,FIRST,0.000777957,PASS,-3.109044407096191
Q1597,FIRST,0.000362248,PASS,-3.4409940036245215
Q1598,FIRST,0.000869229,PASS,-3.0608657927865366
Q1599,FIRST,0.000431308,PASS,-3.3652124863853876
Q1600,FIRST,0.00045051,PASS,-3.3462955645148442
Q1601,FIRST,0.000574686,PASS,-3.2405693826414987
Q1602,FIRST,0.00058154,PASS,-3.2354204078799493
Q1603,FIRST,0.000873633,PASS,-3.058670969594442
Q1604,FIRST,0.000807409,PASS,-3.0929064139193225
Q1605,FIRST,0.000587849,PASS,-3.2307342162513675
Q1606,FIRST,9.68e-05,PASS,-4.014124642691606
Q1607,FIRST,7.85e-05,PASS,-4.105130343254747
Q1608,FIRST,6.28e-05,PASS,-4.202040356262804
Q1609,FIRST,0.000108646,PASS,-3.9639862583899905
Q1610,FIRST,0.000341022,PASS,-3.4672176029124695
Q1611,FIRST,0.000151867,PASS,-3.818536586077294
Q1612,FIRST,0.000137398,PASS,-3.8620195889306568
Q1613,FIRST,7.77e-05,PASS,-4.1095789811990855
Q1614,FIRST,0.000126138,PASS,-3.8991540593094802
Q1616,FIRST,0.000819575,PASS,-3.0864112976203306
Q1617,FIRST,0.000895129,PASS,-3.048114372559987
Q1618,FIRST,1.15e-07,PASS,-6.939302159646388
Q1619,FIRST,3.92e-05,PASS,-4.406713932979542
Q1620,FIRST,0.000574146,PASS,-3.240977656501383
Q1621,FIRST,1.37e-12,PASS,-11.863279432843592
Q1622,FIRST,0.000882603,PASS,-3.0542346007034293
Q1623,FIRST,0.000577224,PASS,-3.238655619971343
Q1624,FIRST,0.000624854,PASS,-3.2042214456982423
Q1625,FIRST,0.00119505,PASS,-2.9226139237787514
Q1626,FIRST,0.00116628,PASS,-2.933197171826891
Q1627,FIRST,0.00100772,PASS,-2.9966601220048696
Q1628,FIRST,0.00123285,PASS,-2.9090897604968458
Q1629,FIRST,0.00126088,PASS,-2.8993262439722796
Q1630,FIRST,0.000733033,PASS,-3.1348764736599604
Q1631,FIRST,0.00083379,PASS,-3.078943317857913
Q1633,FIRST,0.000975531,PASS,-3.0107589252289464
Q1634,FIRST,0.00111846,PASS,-2.951379543163158
Q1635,FIRST,0.000380906,PASS,-3.419182186314196
Q1636,FIRST,0.000297372,PASS,-3.5266999262578054
Q1637,FIRST,0.000492751,PASS,-3.307372485680602
Q1638,FIRST,0.000205081,PASS,-3.6880745735535467
Q1639,FIRST,6.98e-05,PASS,-4.156144577376839
Q1640,FIRST,7.19e-05,PASS,-4.1432711096171175
Q1641,FIRST,3.71e-05,PASS,-4.430626090384954
Q1643,FIRST,0.00109874,PASS,-2.95910506455943
Q1644,FIRST,0.000189929,PASS,-3.7214087183677496
Q1645,FIRST,0.000188471,PASS,-3.7247554651339727
Q1646,FIRST,0.000252548,PASS,-3.5976560664404977
Q1647,FIRST,0.00106986,PASS,-2.9706730496096165
Q1648,FIRST,0.000966811,PASS,-3.014658417002364
Q1649,FIRST,0.000845282,PASS,-3.0729983790829163
Q1650,FIRST,0.000665291,PASS,-3.176988351612984
Q1651,FIRST,0.000520752,PASS,-3.283369053425736
Q1652,FIRST,0.000152236,PASS,-3.81748263565607
Q1653,FIRST,0.000125003,PASS,-3.903079564049453
Q1654,FIRST,0.000424311,PASS,-3.3723157092718545
Q1655,FIRST,0.000449469,PASS,-3.3473002563071845
Q1656,FIRST,3.05e-05,PASS,-4.515700160653214
Q1657,FIRST,0.000169187,PASS,-3.7716330103582623
Q1658,FIRST,0.000662365,PASS,-3.178902624152613
Q1659,FIRST,0.000449104,PASS,-3.347653076822853
Q1661,FIRST,0.000356422,PASS,-3.4480354971611935
Q1662,FIRST,0.000462764,PASS,-3.334640433664686
Q1663,FIRST,0.000234453,PASS,-3.629944205769619
Q1664,FIRST,0.000328445,PASS,-3.483537345118914
Q1665,FIRST,0.00051162,PASS,-3.291052486633056
Q1666,FIRST,0.000537656,PASS,-3.2694955033017346
Q1667,FIRST,0.000572456,PASS,-3.2422578883619773
Q1668,FIRST,0.000323986,PASS,-3.4894737560097804
Q1669,FIRST,2.67e-05,PASS,-4.573488738635425
Q1670,FIRST,0.000185799,PASS,-3.7309566277786024
Q1671,FIRST,0.000348735,PASS,-3.4575044634526186
Q1672,FIRST,0.00143931,PASS,-2.8418456572170854
Q1674,FIRST,0.000444114,PASS,-3.352505536155501
Q1675,FIRST,0.000612923,PASS,-3.2125940813960274
Q1677,FIRST,5.07e-05,PASS,-4.294992040666664
Q1678,FIRST,0.0003417,PASS,-3.4663550212012373
Q1679,FIRST,0.000167565,PASS,-3.7758166891319465
Q1680,FIRST,6.43e-09,PASS,-8.191789027075778
Q1681,FIRST,0.000102497,PASS,-3.989288845852253
Q1682,FIRST,6.12e-05,PASS,-4.213248577854439
Q1683,FIRST,8.8e-05,PASS,-4.055517327849832
Q1684,FIRST,0.000683219,PASS,-3.1654400646252303
Q1685,FIRST,0.000121275,PASS,-3.916228716701899
Q1686,FIRST,0.000243751,PASS,-3.613053593912129
Q1687,FIRST,0.000447883,PASS,-3.348835421472049
Q1688,FIRST,0.00051993,PASS,-3.2840551230192623
Q1689,FIRST,7.44e-09,PASS,-8.12842706445412
Q1690,FIRST,0.000456847,PASS,-3.3402292226461014
Q1691,FIRST,0.000311395,PASS,-3.5066883650814593
Q1692,FIRST,8.14e-05,PASS,-4.089375595110798
Q1693,FIRST,0.000368211,PASS,-3.433903241448674
Q1694,FIRST,0.000139569,PASS,-3.8552110331741183
Q1695,FIRST,8.36e-05,PASS,-4.077793722560983
Q1696,FIRST,9.14e-05,PASS,-4.039053804266168
Q1697,FIRST,0.00108998,PASS,-2.9625814708385745
Q1698,FIRST,0.000120475,PASS,-3.919103065026754
Q1699,FIRST,0.000678919,PASS,-3.1681820371354603
Q1700,FIRST,0.000404317,PASS,-3.393277997842738
Q1701,FIRST,0.000113375,PASS,-3.945482699931848
Q1703,FIRST,0.000294868,PASS,-3.5303723558900115
Q1704,FIRST,0.000332174,PASS,-3.478634363752263
Q1705,FIRST,0.000280836,PASS,-3.5515472213313486
Q1706,FIRST,8.57e-05,PASS,-4.0670191780768015
Q1707,FIRST,0.000180033,PASS,-3.7446478815393465
Q1708,FIRST,4.34e-05,PASS,-4.36251027048749
Q1709,FIRST,0.000218936,PASS,-3.659682820817328
Q1710,FIRST,0.000390618,PASS,-3.408247747938698
Q1711,FIRST,7.46e-05,PASS,-4.127261172527331
Q1712,FIRST,3.89e-05,PASS,-4.410050398674293
Q1713,FIRST,0.000177325,PASS,-3.7512300314794316
Q1714,FIRST,0.000969013,PASS,-3.01367039654016
Q1715,FIRST,0.000684019,PASS,-3.1649318347118243
Q1716,FIRST,0.000954952,PASS,-3.0200184573785895
Q1717,FIRST,0.00105919,PASS,-2.975026128135984
Q1718,FIRST,0.000492809,PASS,-3.3073213694015737
Q1719,FIRST,0.000126526,PASS,-3.8978202215531352
Q1720,FIRST,0.000454454,PASS,-3.3425100696635774
Q1721,FIRST,0.000698212,PASS,-3.156012691343957
Q1722,FIRST,0.000362897,PASS,-3.440216622013913
Q1723,FIRST,0.000313204,PASS,-3.504172700104405
Q1724,FIRST,0.000437078,PASS,-3.3594410528538767
Q1725,FIRST,0.000489202,PASS,-3.31051177611002
Q1726,FIRST,0.000586364,PASS,-3.2318327011931296
Q1727,FIRST,0.000220995,PASS,-3.6556175520930525
Q1728,FIRST,0.000497173,PASS,-3.303492464643037
Q1729,FIRST,0.000356561,PASS,-3.4478661609112424
Q1730,FIRST,0.000651255,PASS,-3.1862489293905782
Q1731,FIRST,0.000396617,PASS,-3.4016286747803304
Q1732,FIRST,9.63e-05,PASS,-4.016373712875465
Q1733,FIRST,0.000302056,PASS,-3.5199125330813086
Q1734,FIRST,0.000430142,PASS,-3.3663881499181323
Q1735,FIRST,0.000191732,PASS,-3.7173053974838624
Q1736,FIRST,0.000478238,PASS,-3.320355918528406
Q1737,FIRST,0.000344554,PASS,-3.4627427039038596
Q1738,FIRST,0.00023887,PASS,-3.6218383904450873
Q1740,FIRST,0.00103949,PASS,-2.983179684269702
Q1741,FIRST,0.000458213,PASS,-3.3389325935661436
Q1742,FIRST,0.000345005,PASS,-3.462174610849409
Q1743,FIRST,0.000287052,PASS,-3.542039422891684
Q1744,FIRST,0.000226582,PASS,-3.6447745940806304
Q1745,FIRST,0.000234043,PASS,-3.6307043436706365
Q1746,FIRST,0.000287099,PASS,-3.5419683202002488
Q1747,FIRST,0.000314823,PASS,-3.501933546934954
Q1748,FIRST,0.000103524,PASS,-3.984958955914495
Q1749,FIRST,0.000234243,PASS,-3.6303333784841403
Q1750,FIRST,0.000213463,PASS,-3.6706773913105173
Q1751,FIRST,0.000611536,PASS,-3.2135779717574597
Q1752,FIRST,6.45e-05,PASS,-4.1904402853647325
Q1753,FIRST,0.000230077,PASS,-3.6381267940751143
Q1754,FIRST,0.000240965,PASS,-3.618046033818203
Q1755,FIRST,0.000179856,PASS,-3.745075069530615
Q1756,FIRST,0.000377415,PASS,-3.4231808432071973
Q1757,FIRST,0.000214117,PASS,-3.6693488501595803
Q1758,FIRST,0.000444459,PASS,-3.352168295199979
Q1759,FIRST,0.000421399,PASS,-3.3753064993282917
Q1760,FIRST,0.000735067,PASS,-3.1336730739713903
Q1762,FIRST,0.000433877,PASS,-3.3626333713914924
Q1774,FIRST,0.000197604,PASS,-3.7042042684510976
Q1775,FIRST,0.000231411,PASS,-3.635616000934151
Q1776,FIRST,0.000453281,PASS,-3.343632484709442
Q1778,FIRST,0.000379861,PASS,-3.4203752927949584
Q1779,FIRST,0.000456362,PASS,-3.3406905252472074
Q1780,FIRST,0.000606878,PASS,-3.216898605880401
Q1781,FIRST,0.000406267,PASS,-3.391188452839601
Q1782,FIRST,0.000327919,PASS,-3.4842334190851387
Q1783,FIRST,0.000503559,PASS,-3.2979496375765414
Q1784,FIRST,0.00134296,PASS,-2.871936922579224
Q1785,FIRST,0.000463952,PASS,-3.33352694878446
Q1786,FIRST,0.000324617,PASS,-3.488628740169469
Q1787,FIRST,0.000121453,PASS,-3.9155917532560975
Q1789,FIRST,9.85e-05,PASS,-4.006563769502388
Q1790,FIRST,0.000195064,PASS,-3.7098228743470516
Q1791,FIRST,0.00024537,PASS,-3.6101785370894772
Q1792,FIRST,0.000750793,PASS,-3.1244797851656956
Q1793,FIRST,9.41e-05,PASS,-4.026410376572743
Q1794,FIRST,0.000269851,PASS,-3.5688759682095617
Q1795,FIRST,0.000343591,PASS,-3.4639582205728328
Q1796,FIRST,0.000227554,PASS,-3.642915525955614
Q1797,FIRST,0.000406044,PASS,-3.391426902575964
Q1798,FIRST,0.000307713,PASS,-3.5118541556569842
Q1800,FIRST,5.24e-05,PASS,-4.280668713016273
Q1801,FIRST,0.000299658,PASS,-3.5233741234089204
Q1802,FIRST,0.00045322,PASS,-3.343690933543886
Q1803,FIRST,0.00033549,PASS,-3.474320420381856
Q1804,FIRST,0.00019546,PASS,-3.708942105565724
Q1805,FIRST,0.0002506,PASS,-3.6010189333418685
Q1806,FIRST,0.000101751,PASS,-3.99246131387328
Q1807,FIRST,0.000565229,PASS,-3.2477755640618406
Q1808,FIRST,0.000682894,PASS,-3.1656467030354953
Q1809,FIRST,0.000329131,PASS,-3.482631210702009
Q1810,FIRST,0.000335571,PASS,-3.474215577891516
Q1811,FIRST,6.01e-05,PASS,-4.221125527997261
Q1812,FIRST,0.000382547,PASS,-3.4173151994994058
Q1813,FIRST,0.000407955,PASS,-3.389387739678546
Q1814,FIRST,0.000467391,PASS,-3.3303196545624676
Q1815,FIRST,0.000475468,PASS,-3.3228787066783516
Q1816,FIRST,0.000250887,PASS,-3.6005218415731326
Q1817,FIRST,0.000436779,PASS,-3.3597382503476467
Q1818,FIRST,0.000273808,PASS,-3.562553866994218
Q1819,FIRST,0.000129765,PASS,-3.8868424289268906
Q1820,FIRST,0.000246495,PASS,-3.608191885694795
Q1821,FIRST,0.000493272,PASS,-3.3069135360493482
Q1822,FIRST,0.000208722,PASS,-3.6804317724244977
Q1823,FIRST,0.000152858,PASS,-3.815711827039715
Q1824,FIRST,0.000259373,PASS,-3.586075234733471
Q1825,FIRST,0.000404888,PASS,-3.3926650945850354
Q1826,FIRST,4.64e-05,PASS,-4.333482019445119
Q1827,FIRST,0.000377095,PASS,-3.423549225978908
Q1829,FIRST,0.000369238,PASS,-3.432693610080922
Q1830,FIRST,0.000435721,PASS,-3.3607915083122646
Q1831,FIRST,0.000304392,PASS,-3.51656676583547
Q1832,FIRST,0.000342296,PASS,-3.465598175907632
Q1833,FIRST,0.000110086,PASS,-3.958267908179428
Q1834,FIRST,0.000145195,PASS,-3.838048338937564
Q1835,FIRST,1.14e-06,PASS,-5.943095148663527
Q1836,FIRST,0.000227609,PASS,-3.642810569284615
Q1837,FIRST,0.000328921,PASS,-3.482908398049805
Q1838,FIRST,0.000209719,PASS,-3.6783622217933196
Q1839,FIRST,0.000235904,PASS,-3.627264695133058
Q1846,FIRST,0.000206102,PASS,-3.6859177938357828
Q1847,FIRST,4.93e-05,PASS,-4.30715308072277
Q1848,FIRST,0.000933472,PASS,-3.0298987044185646
Q1849,FIRST,0.000161537,PASS,-3.7917279869217198
Q1850,FIRST,0.000118886,PASS,-3.9248692848323583
Q1851,FIRST,0.000194334,PASS,-3.7114512101022026
Q1852,FIRST,0.000689003,PASS,-3.161778887119066
Q1853,FIRST,0.000513106,PASS,-3.28979290689664
Q1854,FIRST,0.000995738,PASS,-3.001854918727508
Q1855,FIRST,0.000759807,PASS,-3.1192967096660453
Q1856,FIRST,0.000592103,PASS,-3.2276027384786397
Q1857,FIRST,0.00098374,PASS,-3.007119669338742
Q1858,FIRST,0.000795063,PASS,-3.09959845691797
Q1859,FIRST,0.000320625,PASS,-3.4940026175441083
Q1860,FIRST,0.000630146,PASS,-3.200558816183985
Q1861,FIRST,0.000600632,PASS,-3.2213915335203107
Q1862,FIRST,0.0010143,PASS,-2.9938335745145688
Q1863,FIRST,0.000773919,PASS,-3.1113044911179655
Q1865,FIRST,0.000543896,PASS,-3.2644841351254716
Q1866,FIRST,0.000395883,PASS,-3.4024331473124847
Q1867,FIRST,0.0021986,PASS,-2.6578537763665335
Q1868,FIRST,0.00203031,PASS,-2.692437646317966
Q1869,FIRST,0.0023392,PASS,-2.6309326447222334
Q1870,FIRST,0.000904052,PASS,-3.04380658870211
Q1871,FIRST,0.00135302,PASS,-2.8686957837235587
Q1872,FIRST,0.00143798,PASS,-2.8422471542521914
Q1873,FIRST,0.000653994,PASS,-3.1844262360470545
Q1874,FIRST,0.00046444,PASS,-3.333070383612231
Q1875,FIRST,0.00168012,PASS,-2.774659698347557
Q1876,FIRST,0.000492443,PASS,-3.3076440315990383
Q1877,FIRST,0.00103133,PASS,-2.986602349025298
Q1878,FIRST,0.00193101,PASS,-2.714215477161271
Q1879,FIRST,0.000278871,PASS,-3.554596645987841
Q1880,FIRST,0.000688855,PASS,-3.161872184953195
Q1881,FIRST,0.000587465,PASS,-3.2310180026896895
Q1882,FIRST,0.000853616,PASS,-3.0687374531822424
Q1883,FIRST,0.000552648,PASS,-3.2575513973242956
Q1884,FIRST,0.00111557,PASS,-2.952503173331805
Q1885,FIRST,0.00081708,PASS,-3.0877354197740323
Q1886,FIRST,0.000923882,PASS,-3.0343834941710104
Q1887,FIRST,0.000147973,PASS,-3.829817521231653
qinrenhao,FIRST,0.00168875,PASS,-2.772434637969913
qinrenhaofu,FIRST,0.00261777,PASS,-2.582068513674808
qinrenhaomu,FIRST,0.00419652,PASS,-2.3771107027620184
qiuzhixuanfu,FIRST,0.000731102,PASS,-3.1360220280395668
QWA,FIRST,0.000612848,PASS,-3.212647226863139
RET2,FIRST,0.00103887,PASS,-2.9834387949018994
sayuwenya,FIRST,8.75e-05,PASS,-4.057991946977687
sayuwenyafu,FIRST,0.00284525,PASS,-2.545879567985822
SD001,FIRST,0.000266213,PASS,-3.5747707404075086
SD003,FIRST,0.000149422,PASS,-3.8255854548954846
SD004,FIRST,0.00010318,PASS,-3.9864044764627105
SD005,FIRST,0.000430747,PASS,-3.3657777385763534
SD006,FIRST,0.000366094,PASS,-3.436407388813756
SD007,FIRST,0.00181263,PASS,-2.7416908364766743
SD008,FIRST,0.000220747,PASS,-3.656105189867263
SD009,FIRST,0.000550158,PASS,-3.25951256746228
SD010,FIRST,0.000577156,PASS,-3.2387067851419173
SD011,FIRST,0.000358422,PASS,-3.4456053411266305
SD012,FIRST,0.000197721,PASS,-3.7039472017041617
SD013,FIRST,0.000522478,PASS,-3.281931991685338
SD014,FIRST,0.000183088,PASS,-3.7373401194042946
SD015,FIRST,0.000172656,PASS,-3.7628183248059015
SD016,FIRST,0.000122098,PASS,-3.913291449864107
SD017,FIRST,0.00216543,PASS,-2.6644558507727885
SD018,FIRST,0.000249333,PASS,-3.6032202374631854
SD019,FIRST,0.000429502,PASS,-3.3670348095115714
SD021,FIRST,0.000474876,PASS,-3.323419778893344
SD022,FIRST,0.000138684,PASS,-3.8579736406753247
SD023,FIRST,0.000465901,PASS,-3.331706357390337
SD024,FIRST,0.000529908,PASS,-3.275799523909658
SD025,FIRST,0.00071958,PASS,-3.142920915935637
SD026,FIRST,0.000220655,PASS,-3.6562862270755843
SD027,FIRST,0.000984098,PASS,-3.0069616508166517
SD028,FIRST,0.000945914,PASS,-3.024148346709458
SD029,FIRST,0.00099272,PASS,-3.003173228445717
SD030,FIRST,0.000231866,PASS,-3.6347629300810698
SD031,FIRST,0.000644708,PASS,-3.190636940717545
SD032,FIRST,0.000486159,PASS,-3.313221669977608
SD034,FIRST,0.000367041,PASS,-3.43528542054569
SD035,FIRST,0.00034462,PASS,-3.4626595219036878
SD036,FIRST,0.000427355,PASS,-3.3692112104840475
SD037,FIRST,0.000215311,PASS,-3.6669337819866987
SD039,FIRST,0.000648957,PASS,-3.1877840786717435
SD041,FIRST,0.000118288,PASS,-3.9270593111465577
SD042,FIRST,0.000132917,PASS,-3.876419469516024
SD043,FIRST,0.000298617,PASS,-3.5248854719089358
SD044,FIRST,0.000148059,PASS,-3.829565188196749
SD045,FIRST,7.59e-05,PASS,-4.11975822410452
SD047,FIRST,0.000184785,PASS,-3.733333285722117
SD048,FIRST,0.00041819,PASS,-3.378626356493823
SD049,FIRST,0.000190627,PASS,-3.719815586800773
SD050,FIRST,0.000165753,PASS,-3.7805386024607155
SD052,FIRST,0.00078332,PASS,-3.1060607847573403
SD056,FIRST,0.000140309,PASS,-3.8529144706325384
SD059,FIRST,0.00333638,PASS,-2.4767244908566797
SD062,FIRST,0.000412283,PASS,-3.384804572446774
SD064,FIRST,0.000139161,PASS,-3.856482459107249
SD066,FIRST,0.000113397,PASS,-3.9453984348670974
SD067,FIRST,0.000107692,PASS,-3.9678165574717483
SD068,FIRST,0.000243844,PASS,-3.6128879261456146
SD073,FIRST,6.34e-05,PASS,-4.1979107421182675
SD078,FIRST,4.36e-05,PASS,-4.360513510731414
SD081,FIRST,0.000176412,PASS,-3.75347187636674
SD086,FIRST,0.00012194,PASS,-3.913853809314099
SD087,FIRST,0.000159221,PASS,-3.7979996527877145
SD089,FIRST,0.000349008,PASS,-3.4571646179805473
SD090,FIRST,0.000202828,PASS,-3.6928720917149054
SD091,FIRST,0.000534887,PASS,-3.271737957156157
SD093,FIRST,0.00352647,PASS,-2.4526598063861953
SD094,FIRST,0.000102303,PASS,-3.9901116305660196
SD095,FIRST,0.000575356,PASS,-3.240063353582047
SD096,FIRST,0.000346371,PASS,-3.4604584765484585
SD097,FIRST,0.000153726,PASS,-3.8132526731535736
SD098,FIRST,0.000189649,PASS,-3.7220494429460413
SD099,FIRST,0.000196896,PASS,-3.705763106592065
SD100,FIRST,0.00032579,PASS,-3.4870622503266833
SD101,FIRST,0.00134745,PASS,-2.8704873412632836
SD102,FIRST,0.000174206,PASS,-3.7589368911078216
SD103,FIRST,0.000281232,PASS,-3.550935264616896
SD104,FIRST,8.56e-05,PASS,-4.0675262353228465
SD105,FIRST,0.000182453,PASS,-3.7388489913142178
SD106,FIRST,0.000278029,PASS,-3.555909902344113
SD107,FIRST,9.87e-05,PASS,-4.005682847330363
SD108,FIRST,0.000182642,PASS,-3.7383993458005187
SD109,FIRST,0.000124226,PASS,-3.905787498565252
SD110,FIRST,0.000434925,PASS,-3.3615856278600846
SD111,FIRST,0.000342128,PASS,-3.4658113813896874
SD115,FIRST,0.000155258,PASS,-3.8089460126242205
SD116,FIRST,0.000128426,PASS,-3.8913470439194433
SD117,FIRST,0.000392123,PASS,-3.4065776833816805
SD118,FIRST,0.000418399,PASS,-3.3784093621307463
SD119,FIRST,9e-05,PASS,-4.045757490560675
SD120,FIRST,0.000203158,PASS,-3.6921660712580846
SD121,FIRST,0.000141138,PASS,-3.8503560410404565
SD122,FIRST,0.000307613,PASS,-3.511995314810255
SD123,FIRST,0.000408878,PASS,-3.388406256370683
SD124,FIRST,0.000199229,PASS,-3.7006474449118536
SD125,FIRST,9e-05,PASS,-4.045757490560675
SD126,FIRST,0.000402911,PASS,-3.3947908756394507
SD127,FIRST,0.000302064,PASS,-3.519901030876927
SD128,FIRST,0.000332709,PASS,-3.477935451017349
SD129,FIRST,0.000377901,PASS,-3.422621958853276
SD130,FIRST,0.00038905,PASS,-3.40999458034867
SD131,FIRST,0.000340115,PASS,-3.468374214072645
SD132,FIRST,0.000164446,PASS,-3.783976685872753
SD134,FIRST,0.000315809,PASS,-3.500575497523919
SD136,FIRST,0.00012552,PASS,-3.9012870694211195
SD137,FIRST,0.000444937,PASS,-3.3517014777590703
SD138,FIRST,0.00182251,PASS,-2.7393300800564053
SD139,FIRST,0.000157527,PASS,-3.8026449977725094
SD140,FIRST,0.000141795,PASS,-3.8483390830506568
SD141,FIRST,0.000178997,PASS,-3.74715424775957
SD142,FIRST,4.53e-05,PASS,-4.343901797987168
SD143,FIRST,0.000210439,PASS,-3.6768737706247063
SD191,FIRST,0.000136291,PASS,-3.865532821930466
SD192,FIRST,0.000444168,PASS,-3.352452733324752
SD194,FIRST,5.02e-05,PASS,-4.29929628285498
SD195,FIRST,0.000126877,PASS,-3.8966170987752804
SD196,FIRST,0.000113427,PASS,-3.9452835543030207
SD197,FIRST,8.58e-05,PASS,-4.066512712151295
SD198,FIRST,0.000122572,PASS,-3.9116087274873714
SD199,FIRST,0.000152674,PASS,-3.816234915909822
SD200,FIRST,0.00044139,PASS,-3.355177510308969
SD202,FIRST,0.000167516,PASS,-3.775943705762343
SD203,FIRST,9.07e-05,PASS,-4.042392712939905
SD204,FIRST,0.000450939,PASS,-3.345882202590205
SD205,FIRST,0.000299765,PASS,-3.5232190759380786
SD206,FIRST,5.27e-05,PASS,-4.278189384787454
SD208,FIRST,6.29e-05,PASS,-4.201349354554731
SD210,FIRST,8.94e-05,PASS,-4.048662481204082
SD213,FIRST,8.62e-05,PASS,-4.064492734175287
SD214,FIRST,0.000239768,PASS,-3.6202087793304605
SD218,FIRST,9.68e-05,PASS,-4.014124642691606
SD221,FIRST,0.000157255,PASS,-3.803395537056699
SD223,FIRST,0.000448502,PASS,-3.348235615970999
SD224,FIRST,8.03e-05,PASS,-4.095284454721319
SD225,FIRST,6.71e-05,PASS,-4.1732774798310075
SD226,FIRST,0.000125549,PASS,-3.901186742100493
SD227,FIRST,0.000254663,PASS,-3.5940341491200094
SD228,FIRST,0.000290813,PASS,-3.5363861834317336
SD229,FIRST,9.62e-05,PASS,-4.016824927962187
SD231,FIRST,0.000333113,PASS,-3.47740841829022
SD232,FIRST,0.000143399,PASS,-3.843453877231651
SD233,FIRST,0.000127356,PASS,-3.894980589722675
SD234,FIRST,0.000125299,PASS,-3.9020523950570465
SD235,FIRST,0.000215933,PASS,-3.665680981460474
SD236,FIRST,0.000219419,PASS,-3.6587257685667613
SD237,FIRST,0.000243431,PASS,-3.6136241168550756
SD238,FIRST,0.000477381,PASS,-3.3211348701205563
SD239,FIRST,9.15e-05,PASS,-4.0385789059335515
SD240,FIRST,0.000569026,PASS,-3.244867889319242
SD241,FIRST,9.41e-05,PASS,-4.026410376572743
SD242,FIRST,0.000275385,PASS,-3.560059719106847
SD243,FIRST,0.000149413,PASS,-3.82561161414951
SD244,FIRST,0.00023284,PASS,-3.632942409387157
SD245,FIRST,4.62e-05,PASS,-4.335358024443875
SD246,FIRST,0.000213139,PASS,-3.6713370761652153
SD247,FIRST,0.00022718,PASS,-3.6436299047918372
SD248,FIRST,0.000460325,PASS,-3.3369354381687817
SD249,FIRST,9.45e-05,PASS,-4.024568191490737
SD250,FIRST,9.69e-05,PASS,-4.013676222949234
SD251,FIRST,9.65e-05,PASS,-4.015472686656207
SD252,FIRST,7.16e-05,PASS,-4.145086977692144
SD253,FIRST,0.000135933,PASS,-3.8666750982481504
SD254,FIRST,8.69e-05,PASS,-4.060980223551334
SD255,FIRST,0.000167559,PASS,-3.775832240192997
SD256,FIRST,0.000148388,PASS,-3.828601218629115
SD257,FIRST,0.000103983,PASS,-3.9830376569481127
SD258,FIRST,0.000155762,PASS,-3.8075384850666882
SD259,FIRST,6.55e-05,PASS,-4.183758700008217
SD260,FIRST,5.17e-05,PASS,-4.286509456906058
SD261,FIRST,0.000340207,PASS,-3.468256754714933
SD262,FIRST,0.000167522,PASS,-3.775928150709533
SD263,FIRST,8.66e-05,PASS,-4.062482107982653
SD264,FIRST,0.000126722,PASS,-3.8971479814134398
SD265,FIRST,0.000307705,PASS,-3.511865446700975
SD266,FIRST,6.68e-05,PASS,-4.175223537524454
SD267,FIRST,0.000143533,PASS,-3.843048237813212
SD268,FIRST,7.88e-05,PASS,-4.103473782510445
SD269,FIRST,8.71e-05,PASS,-4.059981844992337
SD270,FIRST,3.33e-05,PASS,-4.47755576649368
SH_283,FIRST,0.000292161,PASS,-3.5343777576529876
SH_284,FIRST,0.0006515,PASS,-3.1860855799513965
SH_286,FIRST,0.000255949,PASS,-3.5918465629112757
SH_287,FIRST,0.000319883,PASS,-3.495008839635717
SH_288,FIRST,0.00041058,PASS,-3.386602209620045
SH_289,FIRST,0.000982841,PASS,-3.0075167348716927
SH_290,FIRST,0.000666355,PASS,-3.176294339199654
SH_291,FIRST,0.000482454,PASS,-3.3165440885347497
SH_292,FIRST,0.000660774,PASS,-3.179947053881799
SH_293,FIRST,0.0012504,PASS,-2.9029510349888694
SH_294,FIRST,0.000626219,PASS,-3.2032737596670837
SH_295,FIRST,0.000796506,PASS,-3.098810948353651
SH_296,FIRST,0.000588949,PASS,-3.2299223112868303
SH_297,FIRST,0.000702293,PASS,-3.153481660327162
SH_299,FIRST,0.00128868,PASS,-2.8898549115741
SH_300,FIRST,0.000861937,PASS,-3.0645244761152446
SH_301,FIRST,0.000191416,PASS,-3.7180217634176427
SH_302,FIRST,0.000213339,PASS,-3.670929744941809
SH_303,FIRST,0.000732432,PASS,-3.135232689602691
SH_304,FIRST,0.000889061,PASS,-3.0510684403182613
SH_305,FIRST,0.000702953,PASS,-3.153073711286023
SH_306,FIRST,0.000836593,PASS,-3.0774857735996295
SH_307,FIRST,8.15e-05,PASS,-4.088842391260023
SH_308,FIRST,0.0016911,PASS,-2.7718307104601494
SH_309,FIRST,0.000854219,PASS,-3.068430772989519
SH_310,FIRST,0.000724117,PASS,-3.1401912565250596
SH_311,FIRST,0.00151733,PASS,-2.818919955407689
SH_312,FIRST,0.00068928,PASS,-3.1616043227181314
SH_313,FIRST,0.000870997,PASS,-3.0599833408427264
SH_314,FIRST,6.28e-05,PASS,-4.202040356262804
SH_315,FIRST,0.000862795,PASS,-3.064092380350556
SH_316,FIRST,0.00115931,PASS,-2.935800417972942
SH_317,FIRST,0.000856332,PASS,-3.0673578266616777
SH_318,FIRST,0.00323137,PASS,-2.4906133113236413
SH_319,FIRST,0.000809863,PASS,-3.091588442079669
SH_320,FIRST,0.000739202,PASS,-3.1312368667503567
SH_321,FIRST,0.00116107,PASS,-2.935141596198291
SH_322,FIRST,0.00096098,PASS,-3.017285650812228
SH_323,FIRST,0.00116909,PASS,-2.9321520542797037
SH_324,FIRST,0.00103805,PASS,-2.9837817272186618
SH_325,FIRST,0.00106984,PASS,-2.9706811684016325
SH_326,FIRST,4.62e-08,PASS,-7.335358024443875
SH_327,FIRST,0.000727446,PASS,-3.138199239829953
SH_328,FIRST,0.00088814,PASS,-3.051518569767479
SH_329,FIRST,0.00107324,PASS,-2.9693031494034288
SH_330,FIRST,5.48e-05,PASS,-4.261219441515631
SH_331,FIRST,0.000855542,PASS,-3.067758665350809
SH_332,FIRST,0.000722107,PASS,-3.1413984449974994
SH_333,FIRST,0.000560382,PASS,-3.2515158231118564
SH_334,FIRST,0.00125245,PASS,-2.902239602911842
SH_335,FIRST,0.000721031,PASS,-3.142046062826316
SH_336,FIRST,0.000986832,PASS,-3.0057567760873556
SH_337,FIRST,0.00144451,PASS,-2.8402794472917217
SH_338,FIRST,0.000992788,PASS,-3.0031434808700026
SH_339,FIRST,0.0027969,PASS,-2.553323061059494
SH_340,FIRST,0.00071871,PASS,-3.143446312406915
SH_341,FIRST,0.0120549,PASS,-1.9188363879101957
SH_342,FIRST,0.000769173,PASS,-3.1139759690472015
SH_343,FIRST,0.000947483,PASS,-3.0234285735207616
SH_344,FIRST,0.00136548,PASS,-2.864714656529922
SH_345,FIRST,0.000810993,PASS,-3.0909828943393904
SH_346,FIRST,0.00151384,PASS,-2.8199200236398254
SH_347,FIRST,0.00178253,PASS,-2.7489631522335616
SH_348,FIRST,0.000823738,PASS,-3.084210899040414
SH_349,FIRST,0.00102042,PASS,-2.991221037905724
SH_350,FIRST,0.00101632,PASS,-2.9929695279250352
SH_351,FIRST,0.000859357,PASS,-3.0658263810802397
SH_352,FIRST,0.000952,PASS,-3.0213630516155257
SH_353,FIRST,0.00126731,PASS,-2.8971171382169594
SH_354,FIRST,0.00133337,PASS,-2.8750493204576624
SH_355,FIRST,7.12e-05,PASS,-4.147520006363144
SH_356,FIRST,0.00123164,PASS,-2.909516214948134
SH_357,FIRST,3.89e-05,PASS,-4.410050398674293
SH_358,FIRST,0.000910562,PASS,-3.0406904778304504
SH_359,FIRST,0.000118272,PASS,-3.927118059132025
SH_360,FIRST,0.00130832,PASS,-2.8832860195919694
SH_361,FIRST,0.00132364,PASS,-2.878230117066137
SH_362,FIRST,0.0021229,PASS,-2.673070462956495
SH_363,FIRST,0.000728814,PASS,-3.1373832934659736
SH_364,FIRST,0.00146044,PASS,-2.8355162806652188
SH_365,FIRST,0.00109135,PASS,-2.962035947219096
SH_366,FIRST,6.14e-05,PASS,-4.211831628858833
SH_369,FIRST,0.00104981,PASS,-2.9788892946616725
SH_370,FIRST,0.00348951,PASS,-2.45723555276475
SH_371,FIRST,8.55e-05,PASS,-4.068033885271827
SH_372,FIRST,0.000859812,PASS,-3.065596497928694
SH_373,FIRST,0.00093202,PASS,-3.030574768121938
SH_374,FIRST,1.98e-07,PASS,-6.703334809738469
SH_375,FIRST,0.000820666,PASS,-3.085833558922625
SH_376,FIRST,0.000867568,PASS,-3.061696475191407
SH_377,FIRST,0.000982155,PASS,-3.0078199680861
SH_378,FIRST,0.00118634,PASS,-2.9257908261804886
SH_379,FIRST,0.000741607,PASS,-3.129826179555272
SH_380,FIRST,7.07e-05,PASS,-4.150580586203101
SH_381,FIRST,0.00119492,PASS,-2.922661169796654
SH_382,FIRST,0.000692583,PASS,-3.15952817275884
SH_383,FIRST,0.0020797,PASS,-2.681999308182079
SH_384,FIRST,0.00107096,PASS,-2.9702267496197665
SH_385,FIRST,0.000536649,PASS,-3.270309675573782
SH_386,FIRST,0.00092292,PASS,-3.034835942597402
SH_387,FIRST,0.00419307,PASS,-2.377467887331711
SH_388,FIRST,0.000722929,PASS,-3.1409043533587724
SH_389,FIRST,0.00152041,PASS,-2.8180392826294858
SH_390,FIRST,0.0040071,PASS,-2.3971698193076847
SH_391,FIRST,0.000960903,PASS,-3.0173204507195317
SH_392,FIRST,0.00049071,PASS,-3.3091750916001583
SH_393,FIRST,0.00105656,PASS,-2.976105835167259
SH_394,FIRST,0.00014783,PASS,-3.8302374230970853
SH_396,FIRST,0.000769592,PASS,-3.1137394554893616
SH_397,FIRST,0.000791012,PASS,-3.101816928014015
SH_398,FIRST,0.000923562,PASS,-3.034533944453237
SH_399,FIRST,0.00070173,PASS,-3.15382995634
SH_400,FIRST,0.000721258,PASS,-3.141909356731759
SH_401,FIRST,0.000885263,PASS,-3.052927686951314
SH_402,FIRST,0.000766699,PASS,-3.11537510319057
SH_403,FIRST,0.000612937,PASS,-3.2125841616290933
SH_404,FIRST,0.000779818,PASS,-3.1080067445129305
SH_405,FIRST,0.00120045,PASS,-2.9206559240503602
SH_406,FIRST,0.000604801,PASS,-3.218387499427943
SH_407,FIRST,0.000797022,PASS,-3.098529690715888
SH_408,FIRST,0.000555363,PASS,-3.2554230576629997
SH_409,FIRST,0.000951606,PASS,-3.0215428283427617
SH_410,FIRST,0.000906142,PASS,-3.0428037394268395
SH_411,FIRST,0.00086835,PASS,-3.061305191377515
SH_412,FIRST,0.0015317,PASS,-2.814826287642663
SH_413,FIRST,0.0005755,PASS,-3.2399546720341896
SH_414,FIRST,0.000172993,PASS,-3.7619714698358235
SH_415,FIRST,4.83e-05,PASS,-4.316052869248487
SH_416,FIRST,0.00079225,PASS,-3.101137752137662
SH_417,FIRST,0.000869093,PASS,-3.0609337480326406
SH_418,FIRST,0.000495824,PASS,-3.3046724553509703
SH_419,FIRST,0.00083765,PASS,-3.0769374071697135
SH_423,FIRST,0.000750173,PASS,-3.1248385708998088
SH_424,FIRST,0.000877328,PASS,-3.056838009873805
SH_425,FIRST,0.000659079,PASS,-3.181062525910146
SH_426,FIRST,0.00119435,PASS,-2.9228683861090685
SH_427,FIRST,0.00155532,PASS,-2.8081802433338825
SH_428,FIRST,0.000779744,PASS,-3.108047958381549
SH_429,FIRST,0.000867662,PASS,-3.0616494224302873
SH_430,FIRST,0.000796326,PASS,-3.098909104351365
SH_431,FIRST,0.000249337,PASS,-3.603213270218604
SH_432,FIRST,0.000386394,PASS,-3.412969626012038
SH_433,FIRST,0.00104109,PASS,-2.982511725039079
SH_434,FIRST,0.00064242,PASS,-3.1921809469410336
SH_435,FIRST,0.000900924,PASS,-3.0453118436188937
SH_91,FIRST,0.000927902,PASS,-3.03249788919781
SH_92,FIRST,0.00120497,PASS,-2.919023765534461
SH_93,FIRST,0.000531304,PASS,-3.2746569144283235
SH_94,FIRST,0.00370502,PASS,-2.4312094433213076
sujunhao,FIRST,8.68e-05,PASS,-4.061480274823508
sujunhaomu,FIRST,0.00195873,PASS,-2.7080254249504025
sunmiaohan,FIRST,0.000343362,PASS,-3.4642477700472214
sunmiaohanfu,FIRST,8.72e-05,PASS,-4.059483515067432
sunmiaohanmu,FIRST,0.000100669,PASS,-3.9971042454507852
SZ_BA10A,FIRST,0.000176647,PASS,-3.752893733799524
SZ_BA10B,FIRST,0.000106351,PASS,-3.9732584221463947
SZ_BA10C,FIRST,0.000173845,PASS,-3.759837795654501
SZ_BA11A,FIRST,0.000216483,PASS,-3.66457620229478
SZ_BA11B,FIRST,0.000197954,PASS,-3.703435718158424
SZ_BA11C,FIRST,7.19e-05,PASS,-4.1432711096171175
SZ_BA12A,FIRST,2e-07,PASS,-6.698970004336019
SZ_BA12B,FIRST,0.000566896,PASS,-3.2464966073661587
SZ_BA12C,FIRST,0.000571478,PASS,-3.2430004838382662
SZ_BA13A,FIRST,0.000166202,PASS,-3.779363754416302
SZ_BA13B,FIRST,0.000620981,PASS,-3.2069216876195403
SZ_BA13C,FIRST,0.000562805,PASS,-3.2496420529168164
SZ_BA14A,FIRST,0.000542978,PASS,-3.265217766492479
SZ_BA14B,FIRST,0.000348359,PASS,-3.457972964805468
SZ_BA14C,FIRST,0.00193978,PASS,-2.712247522752205
SZ_BA15A,FIRST,0.000265771,PASS,-3.575492409499706
SZ_BA15C,FIRST,6.39e-05,PASS,-4.1944991418416
SZ_BA16A,FIRST,3.62e-05,PASS,-4.441291429466834
SZ_BA16B,FIRST,5.16e-05,PASS,-4.287350298372789
SZ_BA16C,FIRST,7.7e-05,PASS,-4.113509274827518
SZ_BA17A,FIRST,0.000128284,PASS,-3.891827506875465
SZ_BA17B,FIRST,8.59e-05,PASS,-4.066006836168758
SZ_BA17C,FIRST,0.000136037,PASS,-3.866342954053427
SZ_BA18A,FIRST,6.82e-05,PASS,-4.166215625343521
SZ_BA18B,FIRST,0.000258101,PASS,-3.588210312799639
SZ_BA18C,FIRST,0.00043714,PASS,-3.3593794520679787
SZ_BA19B,FIRST,0.00036857,PASS,-3.433480017366234
SZ_BA19C,FIRST,0.000130608,PASS,-3.884030220844655
SZ_BA1A,FIRST,0.000299258,PASS,-3.5239542308650265
SZ_BA1B,FIRST,6.88e-05,PASS,-4.162411561764489
SZ_BA1C,FIRST,7.31e-05,PASS,-4.13608262304214
SZ_BA20A,FIRST,0.000258562,PASS,-3.5874353015861837
SZ_BA20B,FIRST,0.000167464,PASS,-3.776078539562811
SZ_BA20C,FIRST,3.09e-05,PASS,-4.510041520575165
SZ_BA21A,FIRST,0.000121335,PASS,-3.9160139055280356
SZ_BA21B,FIRST,9.4e-05,PASS,-4.026872146400302
SZ_BA21C,FIRST,0.000138643,PASS,-3.8581020527945036
SZ_BA22A,FIRST,3.2e-05,PASS,-4.494850021680094
SZ_BA22B,FIRST,0.000226607,PASS,-3.6447266786984893
SZ_BA22C,FIRST,0.000357362,PASS,-3.446891629971708
SZ_BA24A,FIRST,8.82e-05,PASS,-4.054531414868181
SZ_BA24B,FIRST,5.49e-05,PASS,-4.260427655549908
SZ_BA24C,FIRST,0.0011265,PASS,-2.9482688039401506
SZ_BA25A,FIRST,1.54e-05,PASS,-4.8124792791635365
SZ_BA25B,FIRST,5.26e-05,PASS,-4.279014255846261
SZ_BA25C,FIRST,0.000173623,PASS,-3.760392743955359
SZ_BA26A,FIRST,0.000417119,PASS,-3.3797400273509535
SZ_BA26B,FIRST,0.000378019,PASS,-3.422486371094569
SZ_BA26C,FIRST,5.38e-05,PASS,-4.269217724333611
SZ_BA27A,FIRST,0.000516478,PASS,-3.2869481730448276
SZ_BA27B,FIRST,0.000152101,PASS,-3.8178679306343506
SZ_BA27C,FIRST,0.00264468,PASS,-2.577626869050968
SZ_BA28A,FIRST,0.000268609,PASS,-3.570879439973875
SZ_BA28C,FIRST,0.000219389,PASS,-3.6587851514151932
SZ_BA29A,FIRST,9.39e-05,PASS,-4.027334407733889
SZ_BA29B,FIRST,0.00011365,PASS,-3.9444305599390104
SZ_BA29C,FIRST,0.000257783,PASS,-3.5887457264303673
SZ_BA30A,FIRST,0.000477546,PASS,-3.320984788302308
SZ_BA30B,FIRST,9.9e-05,PASS,-4.00436480540245
SZ_BA30C,FIRST,0.000266268,PASS,-3.574681023791931
SZ_BA31A,FIRST,9.08e-05,PASS,-4.041914151478915
SZ_BA31B,FIRST,0.000460817,PASS,-3.3364715077315297
SZ_BA31C,FIRST,0.000346758,PASS,-3.459973510598508
SZ_BA33A,FIRST,0.00010443,PASS,-3.9811747219960494
SZ_BA33B,FIRST,0.000200875,PASS,-3.697074110228599
SZ_BA33C,FIRST,0.000274014,PASS,-3.562227247517494
SZ_BA35A,FIRST,0.00305261,PASS,-2.5153286774134593
SZ_BA35B,FIRST,0.00226351,PASS,-2.6452175824873834
SZ_BA35C,FIRST,0.000244066,PASS,-3.612492716448597
SZ_BA37A,FIRST,0.0012575,PASS,-2.900492006272035
SZ_BA37B,FIRST,0.00358658,PASS,-2.445319477620663
SZ_BA37C,FIRST,0.0019162,PASS,-2.7175591641701304
SZ_BA39A,FIRST,0.00138114,PASS,-2.859762296695961
SZ_BA39B,FIRST,0.00328921,PASS,-2.482908398049805
SZ_BA39C,FIRST,0.00078104,PASS,-3.107326723697051
SZ_BA3A,FIRST,0.000171582,PASS,-3.7655282742419827
SZ_BA3C,FIRST,9.39e-05,PASS,-4.027334407733889
SZ_BA43A,FIRST,0.000520125,PASS,-3.2838922711989964
SZ_BA43B,FIRST,0.00105893,PASS,-2.975132747747585
SZ_BA43C,FIRST,0.00625247,PASS,-2.20394838338246
SZ_BA44A,FIRST,0.00341717,PASS,-2.4663334150480574
SZ_BA44B,FIRST,0.00055012,PASS,-3.2595425656814916
SZ_BA44C,FIRST,0.000925989,PASS,-3.0333941723544324
SZ_BA45A,FIRST,0.00717503,PASS,-2.1441762787323366
SZ_BA45B,FIRST,0.00061041,PASS,-3.214378360195304
SZ_BA45C,FIRST,0.000387723,PASS,-3.4114784355756957
SZ_BA46A,FIRST,0.000952563,PASS,-3.0211062916129072
SZ_BA46B,FIRST,0.00138593,PASS,-2.8582587043428638
SZ_BA46C,FIRST,0.00148101,PASS,-2.8294420090478956
SZ_BA47A,FIRST,0.000939582,PASS,-3.0270653117917856
SZ_BA47B,FIRST,0.00106672,PASS,-2.9719495622185113
SZ_BA47C,FIRST,0.000791537,PASS,-3.1015287794494353
SZ_BA48A,FIRST,0.000479649,PASS,-3.3190764566353392
SZ_BA48C,FIRST,0.00554109,PASS,-2.25640479584516
SZ_BA49A,FIRST,0.000844623,PASS,-3.073337096440498
SZ_BA49B,FIRST,0.000830988,PASS,-3.080405247661631
SZ_BA49C,FIRST,0.000515567,PASS,-3.28771488840273
SZ_BA4A,FIRST,0.000253714,PASS,-3.5956555676423125
SZ_BA4B,FIRST,0.00013149,PASS,-3.881107274626378
SZ_BA4C,FIRST,0.00100584,PASS,-2.9974710974545498
SZ_BA51A,FIRST,0.000809945,PASS,-3.091544471254057
SZ_BA51B,FIRST,0.000269867,PASS,-3.5688502187933384
SZ_BA51C,FIRST,0.00012565,PASS,-3.9008375070714054
SZ_BA52B,FIRST,0.000644926,PASS,-3.190490114256771
SZ_BA52C,FIRST,0.000536371,PASS,-3.2705347112090366
SZ_BA53A,FIRST,0.00115648,PASS,-2.936861873455181
SZ_BA53B,FIRST,0.000718112,PASS,-3.1438078159406495
SZ_BA53C,FIRST,0.000681269,PASS,-3.1666813724509484
SZ_BA56B,FIRST,0.000962851,PASS,-3.0164409142092476
SZ_BA56C,FIRST,0.000959605,PASS,-3.0179074978168035
SZ_BA57B,FIRST,0.0066343,PASS,-2.1782048937754244
SZ_BA57C,FIRST,0.000430367,PASS,-3.3661610372193573
SZ_BA58A,FIRST,0.000482645,PASS,-3.316372188559459
SZ_BA58B,FIRST,0.0118608,PASS,-1.9258860172223333
SZ_BA58C,FIRST,0.0010316,PASS,-2.9864886665341004
SZ_BA59A,FIRST,0.000790721,PASS,-3.101976727039084
SZ_BA59C,FIRST,0.000552856,PASS,-3.2573879727626442
SZ_BA5A,FIRST,0.0013944,PASS,-2.8556126258980634
SZ_BA5B,FIRST,9.61e-05,PASS,-4.017276612331455
SZ_BA5C,FIRST,0.000328728,PASS,-3.4831633025274624
SZ_BA60A,FIRST,0.000417416,PASS,-3.3794309079813147
SZ_BA60B,FIRST,0.000125159,PASS,-3.902537915454071
SZ_BA60C,FIRST,0.00339845,PASS,-2.468719115291178
SZ_BA61A,FIRST,0.00533699,PASS,-2.2727036109398804
SZ_BA61B,FIRST,0.00123385,PASS,-2.9087376345750107
SZ_BA61C,FIRST,0.000383148,PASS,-3.4166334370816673
SZ_BA62A,FIRST,0.00106592,PASS,-2.9722753889889173
SZ_BA62B,FIRST,0.0016866,PASS,-2.772987904008916
SZ_BA62C,FIRST,0.00102363,PASS,-2.9898569945281754
SZ_BA64A,FIRST,0.00225445,PASS,-2.6469593921892542
SZ_BA64B,FIRST,0.000768304,PASS,-3.1144669057505965
SZ_BA64C,FIRST,0.000789028,PASS,-3.1029075848390875
SZ_BA65A,FIRST,0.000889743,PASS,-3.0507354200966166
SZ_BA65B,FIRST,0.00057085,PASS,-3.2434779946094485
SZ_BA65C,FIRST,0.00718792,PASS,-2.143396765140122
SZ_BA66A,FIRST,0.00579167,PASS,-2.2371961915039242
SZ_BA66B,FIRST,0.000714905,PASS,-3.1457516654953364
SZ_BA66C,FIRST,0.000489256,PASS,-3.3104638396588966
SZ_BA6A,FIRST,5.85e-05,PASS,-4.23284413391782
SZ_BA6B,FIRST,5e-05,PASS,-4.301029995663981
SZ_BA6C,FIRST,6.9e-05,PASS,-4.161150909262744
SZ_BA7A,FIRST,0.000105097,PASS,-3.9784096807561626
SZ_BA7B,FIRST,0.000707178,PASS,-3.1504712584972716
SZ_BA7C,FIRST,0.000639308,PASS,-3.194289860974994
SZ_BA8A,FIRST,0.000350359,PASS,-3.455486721897724
SZ_BA8B,FIRST,0.000410199,PASS,-3.3870054027073193
SZ_BA8C,FIRST,0.000239149,PASS,-3.6213314307877935
SZ_BA9A,FIRST,5.93e-05,PASS,-4.226945306635737
SZ_BA9B,FIRST,0.000180696,PASS,-3.7430514611477297
SZ_BA9C,FIRST,0.000103326,PASS,-3.985790382877802
SZ_H00001,FIRST,0.000559202,PASS,-3.2524312839944733
sz0000001A,FIRST,0.00103826,PASS,-2.9836938772911354
sz0000002A,FIRST,0.000380961,PASS,-3.4191194819404767
sz0000003A,FIRST,0.000423661,PASS,-3.372981513021333
sz0000004A,FIRST,0.00040699,PASS,-3.390416261531962
sz0000005A,FIRST,0.000303289,PASS,-3.518143340846385
sz0000006A,FIRST,0.000524513,PASS,-3.280243743393591
sz0000007A,FIRST,0.00012946,PASS,-3.887864397318088
sz0000008A,FIRST,0.000380519,PASS,-3.4196236532451976
sz0000009A,FIRST,0.000187376,PASS,-3.727286036367424
sz0000010A,FIRST,0.000454635,PASS,-3.342337133235432
sz0000011A,FIRST,0.000199444,PASS,-3.7001790243132113
sz0000012A,FIRST,0.000335388,PASS,-3.4744524802720163
sz0000013A,FIRST,0.000348353,PASS,-3.457980444989221
sz0000014A,FIRST,0.000118674,PASS,-3.925644419152991
sz0000015A,FIRST,0.000284197,PASS,-3.546380510822069
sz0000016A,FIRST,0.000141916,PASS,-3.8479686382283096
sz0000017A,FIRST,0.000145848,PASS,-3.836099521941078
sz0000018A,FIRST,0.000171122,PASS,-3.7666941525606052
sz0000019A,FIRST,0.00040341,PASS,-3.3942533404043873
sz0000020A,FIRST,0.000246788,PASS,-3.607675961577554
sz0000021A,FIRST,0.000227546,PASS,-3.642930794493762
sz0000022A,FIRST,0.000784892,PASS,-3.105190097434168
sz0000023A,FIRST,0.000741715,PASS,-3.12976293798786
sz0000024A,FIRST,0.000795685,PASS,-3.099258829042894
sz0000025A,FIRST,0.000722015,PASS,-3.141453779785542
sz0000026A,FIRST,0.00134425,PASS,-2.871519954850843
sz0000027A,FIRST,0.000810269,PASS,-3.0913707764038554
sz0000028A,FIRST,0.00106118,PASS,-2.974210943736343
sz0000029A,FIRST,0.00139255,PASS,-2.856189202377391
sz0000030A,FIRST,0.000934757,PASS,-3.0293012739137906
sz0000031A,FIRST,0.000614474,PASS,-3.2114964885227115
sz0000032A,FIRST,0.000596476,PASS,-3.22440702605442
sz0000033A,FIRST,0.00141262,PASS,-2.849974649261299
sz0000034A,FIRST,0.00127055,PASS,-2.8960082394708966
sz0000035A,FIRST,0.000961079,PASS,-3.017240912171274
sz0000036A,FIRST,0.000653473,PASS,-3.1847723517609468
sz0000037A,FIRST,0.00071596,PASS,-3.1451112406314454
sz0000038A,FIRST,0.00104833,PASS,-2.979501985845123
sz0000039A,FIRST,0.000583387,PASS,-3.2340432527788545
sz0000040A,FIRST,0.0006556,PASS,-3.1833610551015386
sz0000041A,FIRST,0.000605813,PASS,-3.2176614114790825
sz0000042A,FIRST,0.00104829,PASS,-2.9795185570685954
sz0000043A,FIRST,0.000869736,PASS,-3.060612553292281
sz0000044A,FIRST,0.000468491,PASS,-3.32929874775994
sz0000045A,FIRST,0.000313268,PASS,-3.5040839655817497
sz0000046A,FIRST,0.00110404,PASS,-2.9570151915845577
sz0000047A,FIRST,0.00183736,PASS,-2.735805742607752
sz0000048A,FIRST,0.0018288,PASS,-2.7378337869487934
sz0000049A,FIRST,0.000594227,PASS,-3.2260476189668714
sz0000050A,FIRST,0.00101582,PASS,-2.9931832408043975
sz0000051A,FIRST,0.000188512,PASS,-3.724660998944101
sz0000052A,FIRST,0.000319557,PASS,-3.495451664649375
sz0000053A,FIRST,0.000137,PASS,-3.8632794328435933
sz0000054A,FIRST,6.19e-05,PASS,-4.208309350979882
sz0000055A,FIRST,0.000401476,PASS,-3.396340411478954
sz0000056A,FIRST,0.00178898,PASS,-2.7473945146244603
sz0000057A,FIRST,0.000601438,PASS,-3.2208091358149
sz0000058A,FIRST,0.000105655,PASS,-3.9761099456440623
sz0000059A,FIRST,0.000147868,PASS,-3.830125801169286
sz0000060A,FIRST,0.000280714,PASS,-3.551735927333043
sz0000061A,FIRST,3.05e-05,PASS,-4.515700160653214
sz0000062A,FIRST,0.000152422,PASS,-3.816952344091953
sz0000063A,FIRST,0.000159368,PASS,-3.7975988775357727
sz0000064A,FIRST,0.000404127,PASS,-3.393482133078032
sz0000065A,FIRST,0.000143607,PASS,-3.8428243902658665
sz0000066A,FIRST,0.000311304,PASS,-3.5068152989552397
sz0000067A,FIRST,0.000386284,PASS,-3.4130932800913105
sz0000068A,FIRST,0.000400522,PASS,-3.397373623858916
sz0000069A,FIRST,0.000907615,PASS,-3.042098335216149
sz0000070A,FIRST,0.000262687,PASS,-3.580561419288404
sz0000071A,FIRST,0.000472171,PASS,-3.3259006901220434
SZ00121B,FIRST,0.000256091,PASS,-3.591605684003334
SZ00132L,FIRST,7.43e-05,PASS,-4.129011186239425
SZ00150G,FIRST,0.000314555,PASS,-3.502303407108601
SZ00370D,FIRST,0.000129473,PASS,-3.887820788907654
SZ00480A,FIRST,0.000231543,PASS,-3.6353683440474422
SZ00592C,FIRST,0.000890668,PASS,-3.050284150775201
SZ01132I,FIRST,0.00029745,PASS,-3.526586026739016
SZ01140J,FIRST,5.76e-05,PASS,-4.239577516576788
SZ01150M,FIRST,0.000198557,PASS,-3.702114797556104
SZ01581K,FIRST,0.000186434,PASS,-3.7294748824012287
SZ02232F,FIRST,0.000143259,PASS,-3.8438780847004854
SZ02561E,FIRST,0.000217096,PASS,-3.663348178360095
sz20200823A,FIRST,0.00179217,PASS,-2.7466207968166607
sz20200823fA,FIRST,0.000626438,PASS,-3.203121905659952
sz20200823mA,FIRST,0.000282018,PASS,-3.549723171640935
SZ2025011401A,FIRST,0.0931704,FAIL,-1.0307220399900865
SZ2025011402A,FIRST,0.000103993,PASS,-3.9829958930443703
SZ2025011501A,FIRST,0.000178568,PASS,-3.748196365540303
sz5097762A,FIRST,9.2e-05,PASS,-4.036212172654444
sz5097762fA,FIRST,0.000334225,PASS,-3.475961068039358
sz5097762mA,FIRST,0.000460488,PASS,-3.336781682734639
sz5097762sA,FIRST,0.00038874,PASS,-3.4103407696710297
sz6015714A,FIRST,0.0010208,PASS,-2.9910593386229127
sz6015714fA,FIRST,0.000385347,PASS,-3.4141480177303074
sz6015714mA,FIRST,0.000414114,PASS,-3.3828800870055433
sz6801603A,FIRST,0.0153789,PASS,-1.8130747270192864
sz7094389A,FIRST,0.000248215,PASS,-3.60517197698561
sz7094389fA,FIRST,0.000448707,PASS,-3.348037155254846
sz7094389mA,FIRST,0.000262617,PASS,-3.5806771641291557
sz73366658,FIRST,0.000785956,PASS,-3.104601766291483
sz7686926A,FIRST,0.00030412,PASS,-3.516955018185284
sz7686926fA,FIRST,0.00026292,PASS,-3.5801763763916696
sz7933474A,FIRST,0.000330795,PASS,-3.4804410634750544
sz7933474fA,FIRST,0.000280042,PASS,-3.5527768293708197
sz7933474mA,FIRST,0.000432078,PASS,-3.3644378459818483
sz8030829,FIRST,0.000406422,PASS,-3.391022791324529
sz8030829f,FIRST,0.000339248,PASS,-3.4694827039969627
sz8030829m,FIRST,0.000537833,PASS,-3.2693525541428103
sz8064973A,FIRST,0.000230082,PASS,-3.638117356152963
sz8064973bA,FIRST,0.00012934,PASS,-3.888267143388902
sz8064973fA,FIRST,0.000396508,PASS,-3.4017480458727194
sz8064973mA,FIRST,0.000243894,PASS,-3.612798883568775
sz8064974A,FIRST,0.000190386,PASS,-3.7203649905434117
sz8207031,FIRST,0.00134764,PASS,-2.8704261069804224
sz8207031f,FIRST,0.00145573,PASS,-2.836919167868953
sz8207031m,FIRST,0.000859741,PASS,-3.0656323617935852
sz820713,FIRST,0.00189388,PASS,-2.7226475422223224
sz820713f,FIRST,0.000651679,PASS,-3.185966273681499
sz820713m,FIRST,0.000260753,PASS,-3.58377068625349
SZ83111H,FIRST,9.41e-05,PASS,-4.026410376572743
sz8516328,FIRST,0.000500764,PASS,-3.3003669001716722
sz8516328b,FIRST,0.0013164,PASS,-2.880612126377664
sz8516328f,FIRST,0.000807593,PASS,-3.09280745406043
sz8516328m,FIRST,0.000565814,PASS,-3.2473263109484423
sz8587694A,FIRST,0.000656122,PASS,-3.183015399952779
sz8587694fA,FIRST,0.000559294,PASS,-3.252359839675629
sz8587694mA,FIRST,0.000786356,PASS,-3.1043807951400715
sz8587694sA,FIRST,0.000751871,PASS,-3.1238566657833102
sz8608864A,FIRST,0.000614221,PASS,-3.2116753392634965
sz8608864fA,FIRST,0.000541697,PASS,-3.266243569594731
sz8608864mA,FIRST,0.000320327,PASS,-3.4944064536033843
sz8626197A,FIRST,0.000303048,PASS,-3.518488577820709
sz8626197fA,FIRST,8.82e-05,PASS,-4.054531414868181
sz8626197mA,FIRST,0.000206893,PASS,-3.684254202967911
Sz8626197zcq,FIRST,0.000139243,PASS,-3.8562266283825046
Sz8626197zdm,FIRST,0.000728889,PASS,-3.1373386038602424
Sz8626197zsr,FIRST,0.000267321,PASS,-3.572966922927405
sz8645782A,FIRST,0.000808526,PASS,-3.09230600980214
sz8793859A,FIRST,0.000101798,PASS,-3.992260754391168
sz8810710A,FIRST,0.000196313,PASS,-3.707050940128343
sz8810710fA,FIRST,0.000153771,PASS,-3.8131255613324817
sz8810710mA,FIRST,0.000151514,PASS,-3.8195472361924736
SZPA,FIRST,0.000208494,PASS,-3.680906438552982
T24,FIRST,0.000683973,PASS,-3.164961041821478
taochenxiaofu,FIRST,0.000654439,PASS,-3.184130827643417
TCA-082A,FIRST,0.000594643,PASS,-3.2257436891648825
TCA-093A,FIRST,0.000312663,PASS,-3.5049235093761126
TCA-099A,FIRST,6.38e-05,PASS,-4.195179321278838
TCA-101A,FIRST,0.000100989,PASS,-3.9957259281922735
TCA-106A,FIRST,7.89e-05,PASS,-4.102922996790579
TCA-110A,FIRST,0.000260504,PASS,-3.5841856037863744
TCA-115A,FIRST,0.000303367,PASS,-3.518031663158288
TCA-116A,FIRST,0.000151509,PASS,-3.8195615682557804
TCA-117A,FIRST,0.00101435,PASS,-2.9938121664608386
TCA-119A2,FIRST,7.55e-05,PASS,-4.1220530483708115
TCA-121A,FIRST,0.000245316,PASS,-3.61027412531542
TCA-125A,FIRST,0.000215136,PASS,-3.6672869104253705
TCA-132A,FIRST,0.000562602,PASS,-3.249798728289872
TCA-136A2,FIRST,0.000223539,PASS,-3.650646696213481
TCA-137A,FIRST,0.00218281,PASS,-2.660984065272403
TCA-140A,FIRST,0.000668462,PASS,-3.1749232760001735
TCA-142A2,FIRST,4.92e-05,PASS,-4.308034897232639
TCA-143A,FIRST,0.00129329,PASS,-2.888304080473004
TCA-145A,FIRST,0.000462872,PASS,-3.3345390897146703
TCA-146A,FIRST,0.00253673,PASS,-2.59572575498963
TCA-147A,FIRST,0.00232799,PASS,-2.633018889552281
TCA-148A2,FIRST,8.43e-05,PASS,-4.074172425375258
TCA-149A,FIRST,0.000152203,PASS,-3.817576787311797
TCA-151A,FIRST,0.000498559,PASS,-3.302283439442147
TCA-154A,FIRST,0.000590981,PASS,-3.228426481433125
TCA-155A,FIRST,0.00106985,PASS,-2.970677108986653
TCA-156A,FIRST,0.000933215,PASS,-3.0300182892043956
TCA-157A,FIRST,0.000588312,PASS,-3.230392293069919
TCA-158A,FIRST,0.000330751,PASS,-3.4804988340827885
TCA-160A,FIRST,0.000594192,PASS,-3.226073199686922
TCA-161A,FIRST,4.91e-05,PASS,-4.308918507877031
TCA-163A,FIRST,0.000165251,PASS,-3.7818559037444834
TCA-165A,FIRST,0.000256155,PASS,-3.591497162523473
TCA-170A,FIRST,0.000440584,PASS,-3.355971278492291
TCA-172A,FIRST,0.000226726,PASS,-3.6444986739226026
TCA-173A,FIRST,0.00047435,PASS,-3.323901095083299
TCA-175A,FIRST,0.000694399,PASS,-3.158390913256096
TCA-176A,FIRST,0.000456306,PASS,-3.3407438206208093
TCA-177A2,FIRST,0.000986199,PASS,-3.0060354421767146
TCA-178A2,FIRST,0.000122499,PASS,-3.911867456574996
TCA-179A,FIRST,0.000138165,PASS,-3.8596019586403822
TCA-180A,FIRST,0.000363222,PASS,-3.439827854563829
THOMSON_1,FIRST,0.000690813,PASS,-3.160639498297483
THOMSON_3,FIRST,0.000326269,PASS,-3.486424188144424
THOMSON_4,FIRST,0.000624611,PASS,-3.2043903716952618
THOMSON_5,FIRST,0.0005154,PASS,-3.287855585785114
VH100C,FIRST,0.00188214,PASS,-2.725348075400734
VH101C,FIRST,0.00234965,PASS,-2.6289968247023774
VH105A,FIRST,6.71e-05,PASS,-4.1732774798310075
VH105B,FIRST,0.000165712,PASS,-3.780646041097367
VH105C,FIRST,9.33e-05,PASS,-4.0301183562535
VH106A,FIRST,0.000213729,PASS,-3.6701365462239224
VH106B,FIRST,6.23e-05,PASS,-4.205511953340831
VH106C,FIRST,0.000130265,PASS,-3.8851722561885382
VH108A,FIRST,0.000128484,PASS,-3.8911509512770524
VH108B,FIRST,0.000104265,PASS,-3.9818614524346807
VH108C,FIRST,9.6e-05,PASS,-4.017728766960431
VH10C,FIRST,0.000142179,PASS,-3.8471645446584155
VH112C,FIRST,0.0023005,PASS,-2.638177762399185
VH113C,FIRST,0.00109945,PASS,-2.958824516387639
VH114C,FIRST,0.000507165,PASS,-3.294850725219678
VH116C,FIRST,0.00100543,PASS,-2.997648160444647
VH117C,FIRST,0.000273716,PASS,-3.5626998152730556
VH119C,FIRST,0.000713227,PASS,-3.1467722244856633
VH120C,FIRST,0.000518515,PASS,-3.285238675489018
VH121C,FIRST,0.000630256,PASS,-3.2004830111739473
VH122C,FIRST,0.00100391,PASS,-2.9983052197162596
VH123C,FIRST,0.000631548,PASS,-3.199593635856205
VH124C,FIRST,0.000873461,PASS,-3.05875648148004
VH125C,FIRST,0.000530162,PASS,-3.2755914040675447
VH126C,FIRST,0.000374916,PASS,-3.426066025133435
VH128C,FIRST,0.000964762,PASS,-3.015579810837549
VH129C,FIRST,0.000679512,PASS,-3.167802869339485
VH130C,FIRST,0.000563981,PASS,-3.248735526750964
VH131C,FIRST,0.000515998,PASS,-3.2873519816879964
VH132C,FIRST,0.000961138,PASS,-3.0172142519404677
VH133C,FIRST,0.000595512,PASS,-3.2251094827432953
VH134C,FIRST,0.00139787,PASS,-2.854533215505815
VH135C,FIRST,0.00079343,PASS,-3.100491382651709
VH136C,FIRST,0.000733644,PASS,-3.1345146299223234
VH137C,FIRST,0.000561683,PASS,-3.250508720360851
VH138C,FIRST,0.000858571,PASS,-3.0662237847975025
VH139C,FIRST,0.000895952,PASS,-3.047715256736904
VH13C,FIRST,0.000117688,PASS,-3.9292678175258904
VH140C,FIRST,0.000578672,PASS,-3.237567531183516
VH141C,FIRST,0.0011641,PASS,-2.9340097107662237
VH142C,FIRST,0.000960773,PASS,-3.0173792101386363
VH144C,FIRST,0.00159578,PASS,-2.79702698226586
VH145C,FIRST,0.000480484,PASS,-3.3183210696549663
VH147C,FIRST,0.000528842,PASS,-3.276674061003682
VH149C,FIRST,0.000434988,PASS,-3.3615227237480463
VH14C,FIRST,7.05e-05,PASS,-4.151810883008602
VH15C,FIRST,0.000166516,PASS,-3.7785440301585034
VH160C,FIRST,0.00103396,PASS,-2.9854962621272754
VH161C,FIRST,0.000878826,PASS,-3.056097102992428
VH162C,FIRST,0.0010744,PASS,-2.968834000339341
VH16C,FIRST,7.38e-05,PASS,-4.131943638176958
VH17C,FIRST,5.51e-05,PASS,-4.258848401148215
VH18C,FIRST,0.000163088,PASS,-3.7875779931320737
VH19C,FIRST,0.00021404,PASS,-3.669505057697783
VH1C,FIRST,0.000108956,PASS,-3.9627488489868603
VH20C,FIRST,0.000157013,PASS,-3.804064388389918
VH21C,FIRST,0.000133973,PASS,-3.87298271754949
VH23C,FIRST,0.000104615,PASS,-3.980406040610444
VH24C,FIRST,9.38e-05,PASS,-4.027797161620936
VH25C,FIRST,0.000130039,PASS,-3.885926378887936
VH26C,FIRST,0.000224939,PASS,-3.6479352399116514
VH28C,FIRST,0.000114864,PASS,-3.9398160640109756
VH2C,FIRST,0.00091668,PASS,-3.0377822439246955
VH30C,FIRST,0.000103277,PASS,-3.9859963859853296
VH31C,FIRST,0.00015126,PASS,-3.8202759039399106
VH32C,FIRST,7.94e-05,PASS,-4.100179497572904
VH33C,FIRST,0.000249988,PASS,-3.602080837963417
VH34C,FIRST,6.82e-05,PASS,-4.166215625343521
VH37C,FIRST,0.000319793,PASS,-3.4951310468269488
VH38C,FIRST,4.61e-05,PASS,-4.336299074610352
VH39C,FIRST,5.78e-05,PASS,-4.2380721615794705
VH3C,FIRST,0.00021252,PASS,-3.6726001927623004
VH40C,FIRST,9.22e-05,PASS,-4.035269078946371
VH41C,FIRST,0.000880868,PASS,-3.05508916669201
VH42C,FIRST,0.000827627,PASS,-3.0821653496160915
VH43C,FIRST,0.000603057,PASS,-3.219641637087809
VH44C,FIRST,0.00107357,PASS,-2.9691696329952166
VH45C,FIRST,0.000850415,PASS,-3.0703690881369514
VH46C,FIRST,0.000949811,PASS,-3.0223628050512867
VH47C,FIRST,0.000757024,PASS,-3.120890351804627
VH48C,FIRST,0.00195907,PASS,-2.707950045847734
VH49C,FIRST,0.000544492,PASS,-3.2640084967739154
VH51C,FIRST,0.00103479,PASS,-2.985147776868718
VH55C,FIRST,0.00102593,PASS,-2.9888822704628364
VH56C,FIRST,0.00114796,PASS,-2.940073244413592
VH57C,FIRST,0.00107277,PASS,-2.969493380026546
VH58C,FIRST,0.00110259,PASS,-2.957585950696323
VH59C,FIRST,0.00183265,PASS,-2.736920468798032
VH60C,FIRST,0.000830033,PASS,-3.0809046408371756
VH61C,FIRST,0.00126745,PASS,-2.897069164264768
VH62C,FIRST,0.000915393,PASS,-3.0383924129410516
VH63C,FIRST,0.00041697,PASS,-3.37989519035752
VH64C,FIRST,0.000426138,PASS,-3.3704497367348414
VH68C,FIRST,0.000756136,PASS,-3.121400084475597
VH6C,FIRST,9.23e-05,PASS,-4.034798298974088
VH70C,FIRST,0.00135451,PASS,-2.868217784334181
VH71C,FIRST,0.000471832,PASS,-3.326212608274197
VH72C,FIRST,0.00127374,PASS,-2.8949192125728516
VH73C,FIRST,0.000454594,PASS,-3.3423763006481964
VH74C,FIRST,0.000958821,PASS,-3.018262462660657
VH75C,FIRST,0.000419138,PASS,-3.377642963260211
VH76C,FIRST,0.00153801,PASS,-2.813040840782507
VH77C,FIRST,0.000812817,PASS,-3.0900072217321735
VH78C,FIRST,0.000887497,PASS,-3.0518331063130346
VH7C,FIRST,6.63e-05,PASS,-4.178486471595227
VH80C,FIRST,0.00100371,PASS,-2.998391748936598
VH81C,FIRST,0.00152817,PASS,-2.815828330344629
VH82C,FIRST,0.00108825,PASS,-2.963271324170564
VH83C,FIRST,0.000925884,PASS,-3.033443420786316
VH86C,FIRST,0.00123575,PASS,-2.9080693808671856
VH87C,FIRST,0.00109331,PASS,-2.961256679586683
VH88C,FIRST,0.00337236,PASS,-2.4720660705632485
VH91C,FIRST,0.00216913,PASS,-2.6637144191288273
VH93C,FIRST,0.00224427,PASS,-2.648924895875637
VH95C,FIRST,0.00195741,PASS,-2.708318197291444
VH96C,FIRST,0.00183882,PASS,-2.7354607812745657
VH97C,FIRST,0.00241884,PASS,-2.616392858142978
VH9C,FIRST,0.00060218,PASS,-3.2202736726589904
wangjinghan,FIRST,0.00425022,PASS,-2.3715885894054107
wangjinghanfu,FIRST,0.0036171,PASS,-2.44163948436864
wangjinghanmu,FIRST,0.00206855,PASS,-2.684333977083357
wangliqi,FIRST,8.95e-05,PASS,-4.048176964684088
wangmeihan,FIRST,0.000128927,PASS,-3.889656122808766
wangmeihanmu,FIRST,0.00034373,PASS,-3.463782561939363
wangmingyumu,FIRST,0.000310457,PASS,-3.507998543493629
wangxinyanmu,FIRST,0.00193472,PASS,-2.7133818788382955
wangxinyi,FIRST,9.67e-05,PASS,-4.014573525916998
wangxinyimu,FIRST,0.000232206,PASS,-3.6341265626627948
wangyixia,FIRST,0.000641348,PASS,-3.1929062552409944
wangyixiafu,FIRST,0.000687612,PASS,-3.1626565527407915
wangyiying,FIRST,6.49e-05,PASS,-4.187755303199631
wangyuchen,FIRST,0.000543525,PASS,-3.2647804752900216
wangzihan,FIRST,0.00317049,PASS,-2.498873612277262
weiziyangfu,FIRST,0.000133464,PASS,-3.8746358632114934
WFYA,FIRST,0.00054681,PASS,-3.2621635517027756
WJJA,FIRST,0.000166011,PASS,-3.7798631343634033
WT1,FIRST,0.000441423,PASS,-3.3551450420106788
WT10,FIRST,0.000492139,PASS,-3.3079122175433153
WT12,FIRST,0.000606545,PASS,-3.2171369729891577
WT14,FIRST,0.000693305,PASS,-3.1590756677305816
WT15,FIRST,0.000406131,PASS,-3.3913338595247247
WT16,FIRST,0.000422054,PASS,-3.374631979366114
WT17,FIRST,0.000599558,PASS,-3.222168797783579
WT19,FIRST,0.000371826,PASS,-3.4296602453824776
WT2,FIRST,0.000292896,PASS,-3.5332865593180247
WT20,FIRST,0.000412318,PASS,-3.384767705387734
WT21,FIRST,0.000280574,PASS,-3.5519525762859065
WT23,FIRST,0.000805938,PASS,-3.093698366747709
WT24,FIRST,0.000230091,PASS,-3.638100368409929
WT27,FIRST,0.00217194,PASS,-2.6631521763340347
WT28,FIRST,0.000579507,PASS,-3.2369413137245227
WT29,FIRST,0.000785532,PASS,-3.104836118529356
WT30,FIRST,0.000271904,PASS,-3.5655844034270285
WT31,FIRST,0.00140562,PASS,-2.852132072067796
WT32,FIRST,0.00064644,PASS,-3.1894717784064204
WT33,FIRST,0.000520971,PASS,-3.2831864511544255
WT35,FIRST,0.000473194,PASS,-3.32496077077152
WT36,FIRST,0.000874427,PASS,-3.0582764409829
WT38,FIRST,0.000177007,PASS,-3.752009558489828
WT39,FIRST,0.00123832,PASS,-2.9071671127664866
WT4,FIRST,0.000349974,PASS,-3.4559642187238806
WT40,FIRST,0.000520105,PASS,-3.2839089711396614
WT43,FIRST,0.00119934,PASS,-2.9210576816285574
WT44,FIRST,0.00044329,PASS,-3.353312065663905
WT46,FIRST,0.000571382,PASS,-3.243073445128994
WT47,FIRST,0.000472645,PASS,-3.3254649320449308
WT49,FIRST,0.000600029,PASS,-3.2218277592236615
WT5,FIRST,0.000589356,PASS,-3.229622290729904
WT53,FIRST,0.000539632,PASS,-3.267902304716671
WT56,FIRST,0.000792146,PASS,-3.1011947664524957
WT58,FIRST,0.000756739,PASS,-3.1210538832541403
WT6,FIRST,0.000859232,PASS,-3.0658895571046805
WT60,FIRST,0.000488127,PASS,-3.3114671693426514
WT66,FIRST,0.000152576,PASS,-3.816513774947914
WT69,FIRST,0.000816387,PASS,-3.088103919528255
WT7,FIRST,0.000370868,PASS,-3.4307806377497583
WT70,FIRST,0.00025811,PASS,-3.588195169184577
WT71,FIRST,0.000416732,PASS,-3.3801431496751198
WT72,FIRST,0.00111294,PASS,-2.9535282483978187
WT77,FIRST,0.00066049,PASS,-3.1801337533374108
WT79,FIRST,0.00122005,PASS,-2.913622370735798
WT8,FIRST,0.00084709,PASS,-3.072070445127494
WT80,FIRST,0.000462108,PASS,-3.3352565129230154
WT83,FIRST,0.00205854,PASS,-2.6864406897009876
WT84,FIRST,0.000907935,PASS,-3.0419452419544393
WT86,FIRST,0.000127216,PASS,-3.8954582638863378
WT88,FIRST,0.000230871,PASS,-3.636630615939256
WT9,FIRST,0.000407868,PASS,-3.389480366682366
WT90,FIRST,6.27e-05,PASS,-4.202732459169283
WT93,FIRST,7.05e-05,PASS,-4.151810883008602
wuhaohang,FIRST,0.00184098,PASS,-2.734950929549662
wujingyu,FIRST,0.0042351,PASS,-2.3731363305669335
wuruimu,FIRST,0.000132812,PASS,-3.876762683263663
wuzixinmu,FIRST,0.00010527,PASS,-3.9776953770649315
xiaoyaxin,FIRST,0.00274619,PASS,-2.5612694186298572
xiaoyaxinfu,FIRST,4.05e-05,PASS,-4.392544976785332
xiaoyaxinmu,FIRST,0.00322919,PASS,-2.4909064010887643
xiaozhengxiang,FIRST,0.00149106,PASS,-2.826504880259528
xuebowenmu,FIRST,0.00251929,PASS,-2.598721837205907
xumengchenfu,FIRST,3.71e-05,PASS,-4.430626090384954
xumengchenmu,FIRST,0.000292362,PASS,-3.534079075841311
yangjinzhuomamu,FIRST,0.003137,PASS,-2.503485481302255
yangzhien,FIRST,0.000170568,PASS,-3.7681024428459664
zhangboxuan,FIRST,0.000164383,PASS,-3.784143097914846
zhangboxuanfu,FIRST,6.9e-05,PASS,-4.161150909262744
zhangboxuanmu,FIRST,0.00042817,PASS,-3.3683837650912842
zhangcaiqing,FIRST,0.00021185,PASS,-3.6739715316629917
zhangyuanwanhanfu,FIRST,0.00194248,PASS,-2.711643444050525
zhangyuanwanhanmu,FIRST,0.00268741,PASS,-2.570666071135076
zhanzhaoyuanfu,FIRST,0.00021695,PASS,-3.6636403455347692
zhouchenlin,FIRST,0.00308441,PASS,-2.5108278975138965
zhoujunan,FIRST,0.000146362,PASS,-3.834571664619775
zhoujunanfu,FIRST,0.000193208,PASS,-3.713974895084478
zhoujunanmu,FIRST,0.00015608,PASS,-3.8066527436135384
zhouliushurui,FIRST,0.00364092,PASS,-2.4387888634830435
zhouliushuruimu,FIRST,0.00368813,PASS,-2.433193779243243
zhouyongquanfu,FIRST,0.00323507,PASS,-2.490116317689306
zhouyongquanmu,FIRST,0.00300846,PASS,-2.521655758443478
zhukaile,FIRST,0.00340265,PASS,-2.4681827205738918
zhukailemu,FIRST,0.00414297,PASS,-2.3826882114957275
zouyuxuan,FIRST,0.00011829,PASS,-3.9270519682071146
zouyuxuanfu,FIRST,0.00300072,PASS,-2.5227745271103608
zouyuxuanmu,FIRST,0.00206577,PASS,-2.684918033877053
zouzihan,FIRST,7.87e-05,PASS,-4.104025267640935
zouzihanfu,FIRST,7.31e-05,PASS,-4.13608262304214
HG00405,SECONDE,1.94e-08,PASS,-7.7121982700697735
HG00408,SECONDE,2.41e-08,PASS,-7.617982957425132
HG00418,SECONDE,6.92e-10,PASS,-9.159893905543242
HG00420,SECONDE,3.37e-08,PASS,-7.4723700991286615
HG00423,SECONDE,1.26e-09,PASS,-8.899629454882437
HG00427,SECONDE,2.39e-08,PASS,-7.621602099051862
HG00429,SECONDE,1.19e-08,PASS,-7.924453038607469
HG00438,SECONDE,1.72e-08,PASS,-7.764471553092451
HG00444,SECONDE,1.86e-09,PASS,-8.730487055782083
HG00447,SECONDE,3e-09,PASS,-8.522878745280337
HG00450,SECONDE,1.97e-09,PASS,-8.705533773838408
HG00453,SECONDE,3.36e-09,PASS,-8.473660722610155
HG00459,SECONDE,2.64e-09,PASS,-8.578396073130168
HG00465,SECONDE,2.17e-08,PASS,-7.663540266151471
HG00474,SECONDE,2.89e-08,PASS,-7.539102157243452
HG00477,SECONDE,2.38e-08,PASS,-7.623423042943488
HG00480,SECONDE,1.07e-09,PASS,-8.97061622231479
HG00501,SECONDE,9.13e-10,PASS,-9.039529222465701
HG00502,SECONDE,7.46e-10,PASS,-9.127261172527332
HG00512,SECONDE,2.91e-09,PASS,-8.536107011014092
HG00514,SECONDE,8.44e-09,PASS,-8.073657553374344
HG00526,SECONDE,7.87e-10,PASS,-9.104025267640935
HG00532,SECONDE,8.97e-09,PASS,-8.047207556955907
HG00535,SECONDE,9.87e-09,PASS,-8.005682847330363
HG00538,SECONDE,1.9e-05,PASS,-4.721246399047171
HG00544,SECONDE,4.24e-10,PASS,-9.372634143407268
HG00552,SECONDE,5.17e-09,PASS,-8.286509456906057
HG00555,SECONDE,7.35e-09,PASS,-8.133712660915805
HG00558,SECONDE,2.46e-08,PASS,-7.609064892896621
HG00561,SECONDE,4.61e-09,PASS,-8.336299074610352
HG00567,SECONDE,1.39e-08,PASS,-7.856985199745905
HG00577,SECONDE,5.62e-09,PASS,-8.250263684430939
HG00578,SECONDE,2.67e-08,PASS,-7.573488738635425
HG00579,SECONDE,2.66e-10,PASS,-9.575118363368933
HG00582,SECONDE,1.19e-08,PASS,-7.924453038607469
HG00585,SECONDE,6.89e-09,PASS,-8.161780778092375
HG00591,SECONDE,9.67e-09,PASS,-8.014573525916997
HG00594,SECONDE,3.15e-09,PASS,-8.5016894462104
HG00597,SECONDE,1.39e-08,PASS,-7.856985199745905
HG00609,SECONDE,4.41e-08,PASS,-7.355561410532162
HG00612,SECONDE,1.46e-08,PASS,-7.835647144215563
HG00615,SECONDE,3.46e-08,PASS,-7.460923901207224
HG00621,SECONDE,2.93e-08,PASS,-7.533132379645891
HG00627,SECONDE,5.31e-10,PASS,-9.27490547891853
HG00630,SECONDE,5.56e-09,PASS,-8.254925208417943
HG00635,SECONDE,1.74e-09,PASS,-8.7594507517174
HG00636,SECONDE,1.57e-08,PASS,-7.804100347590766
HG00639,SECONDE,1.06e-08,PASS,-7.97469413473523
HG00642,SECONDE,1.43e-09,PASS,-8.844663962534938
HG00652,SECONDE,1.11e-08,PASS,-7.954677021213342
HG00655,SECONDE,1.2e-08,PASS,-7.920818753952375
HG00658,SECONDE,1.61e-09,PASS,-8.79317412396815
HG00664,SECONDE,2.38e-08,PASS,-7.623423042943488
HG00673,SECONDE,2.65e-08,PASS,-7.576754126063192
HG00685,SECONDE,1.19e-08,PASS,-7.924453038607469
HG00691,SECONDE,3.81e-08,PASS,-7.419075024324381
HG00694,SECONDE,1.16e-08,PASS,-7.935542010773082
HG00700,SECONDE,5.91e-05,PASS,-4.228412519118745
HG00702,SECONDE,3.99e-09,PASS,-8.399027104313252
HG00703,SECONDE,2.37e-09,PASS,-8.625251653989896
HG00706,SECONDE,2.58e-10,PASS,-9.588380294036769
HG00709,SECONDE,1.28e-09,PASS,-8.892790030352131
HG00733,SECONDE,7.01e-10,PASS,-9.154281982033341
HG00735,SECONDE,8.93e-09,PASS,-8.049148541111453
HG00738,SECONDE,3.14e-09,PASS,-8.503070351926786
HG00741,SECONDE,5.84e-09,PASS,-8.233587152887601
HG01050,SECONDE,3.98e-09,PASS,-8.400116927926312
HG01053,SECONDE,2.44e-09,PASS,-8.61261017366127
HG01056,SECONDE,1.26e-09,PASS,-8.899629454882437
HG01062,SECONDE,7.55e-09,PASS,-8.122053048370812
HG01068,SECONDE,2.48e-09,PASS,-8.605548319173783
HG01071,SECONDE,1.18e-09,PASS,-8.928117992693874
HG01074,SECONDE,2.55e-09,PASS,-8.593459819566045
HG01081,SECONDE,4.27e-09,PASS,-8.369572124974976
HG01084,SECONDE,9.77e-09,PASS,-8.010105436281227
HG01087,SECONDE,0.00525436,PASS,-2.279480175048735
HG01096,SECONDE,2.55e-05,PASS,-4.5934598195660445
HG01099,SECONDE,7.51e-09,PASS,-8.124360062995832
HG01100,SECONDE,1.62e-09,PASS,-8.790484985457368
HG01103,SECONDE,2.44e-09,PASS,-8.61261017366127
HG01106,SECONDE,1.24e-09,PASS,-8.906578314837764
HG01109,SECONDE,3.44e-09,PASS,-8.46344155742847
HG01114,SECONDE,1.15e-09,PASS,-8.939302159646388
HG01126,SECONDE,8.22e-10,PASS,-9.08512818245995
HG01135,SECONDE,9.52e-10,PASS,-9.021363051615525
HG01138,SECONDE,3.4e-09,PASS,-8.468521082957745
HG01141,SECONDE,3.16e-09,PASS,-8.500312917381596
HG01150,SECONDE,9.11e-09,PASS,-8.040481623027002
HG01169,SECONDE,1.89e-09,PASS,-8.723538195826755
HG01172,SECONDE,2.46e-09,PASS,-8.60906489289662
HG01175,SECONDE,1.54e-09,PASS,-8.812479279163536
HG01178,SECONDE,4.43e-10,PASS,-9.35359627377693
HG01184,SECONDE,5e-09,PASS,-8.301029995663981
HG01189,SECONDE,2.43e-09,PASS,-8.614393726401687
HG01192,SECONDE,1.33e-08,PASS,-7.876148359032914
HG01199,SECONDE,1.97e-09,PASS,-8.705533773838408
HG01206,SECONDE,6.81e-10,PASS,-9.166852888087215
HG01243,SECONDE,1.07e-08,PASS,-7.97061622231479
HG01249,SECONDE,3.99e-08,PASS,-7.399027104313252
HG01252,SECONDE,3.7e-09,PASS,-8.431798275933005
HG01255,SECONDE,4.38e-09,PASS,-8.358525889495901
HG01258,SECONDE,3.37e-09,PASS,-8.47237009912866
HG01261,SECONDE,9.33e-09,PASS,-8.0301183562535
HG01273,SECONDE,1.66e-09,PASS,-8.779891911959945
HG01274,SECONDE,9.45e-09,PASS,-8.024568191490737
HG01276,SECONDE,1.77e-08,PASS,-7.752026733638194
HG01278,SECONDE,1.7e-09,PASS,-8.769551078621726
HG01279,SECONDE,3.77e-09,PASS,-8.423658649794207
HG01343,SECONDE,6.36e-09,PASS,-8.196542884351587
HG01346,SECONDE,2.35e-09,PASS,-8.628932137728263
HG01347,SECONDE,4.04e-09,PASS,-8.393618634889394
HG01349,SECONDE,1.59e-09,PASS,-8.79860287567955
HG01352,SECONDE,2.77e-09,PASS,-8.557520230935552
HG01355,SECONDE,4.64e-09,PASS,-8.33348201944512
HG01358,SECONDE,3.2e-09,PASS,-8.494850021680094
HG01361,SECONDE,3.89e-09,PASS,-8.410050398674292
HG01367,SECONDE,1.05e-08,PASS,-7.978810700930062
HG01376,SECONDE,5.31e-09,PASS,-8.27490547891853
HG01379,SECONDE,4.24e-09,PASS,-8.372634143407268
HG01385,SECONDE,9.81e-08,PASS,-7.008330992620052
HG01391,SECONDE,3.49e-09,PASS,-8.45717457304082
HG01433,SECONDE,4.35e-09,PASS,-8.361510743045363
HG01439,SECONDE,3.13e-09,PASS,-8.504455662453552
HG01457,SECONDE,2.13e-09,PASS,-8.671620396561263
HG01463,SECONDE,1.41e-08,PASS,-7.85078088734462
HG01466,SECONDE,3.66e-09,PASS,-8.436518914605589
HG01490,SECONDE,1.24e-08,PASS,-7.906578314837765
HG01493,SECONDE,1.42e-08,PASS,-7.847711655616943
HG01496,SECONDE,3.63e-09,PASS,-8.440093374963887
HG01499,SECONDE,2.35e-09,PASS,-8.628932137728263
HG01502,SECONDE,2.43e-09,PASS,-8.614393726401687
HG01505,SECONDE,0.000525068,PASS,-3.27978444876093
HG01508,SECONDE,3.1e-09,PASS,-8.508638306165727
HG01511,SECONDE,2.11e-09,PASS,-8.675717544702307
HG01514,SECONDE,1.13e-09,PASS,-8.94692155651658
HG01517,SECONDE,4.68e-10,PASS,-9.329754146925875
HG01520,SECONDE,1.21e-09,PASS,-8.91721462968355
HG01523,SECONDE,1.25e-09,PASS,-8.903089986991944
HG01526,SECONDE,1.41e-05,PASS,-4.85078088734462
HG01529,SECONDE,2.67e-09,PASS,-8.573488738635424
HG01532,SECONDE,2.61e-10,PASS,-9.58335949266172
HG01538,SECONDE,0.00115161,PASS,-2.938694572583498
HG01552,SECONDE,1.09e-08,PASS,-7.962573502059376
HG01567,SECONDE,4.57e-09,PASS,-8.34008379993015
HG01573,SECONDE,7.45e-10,PASS,-9.127843727251706
HG01579,SECONDE,1.24e-09,PASS,-8.906578314837764
HG01601,SECONDE,4.9e-09,PASS,-8.309803919971486
HG01604,SECONDE,1.22e-09,PASS,-8.913640169325252
HG01609,SECONDE,3.7e-09,PASS,-8.431798275933005
HG01611,SECONDE,6.03e-10,PASS,-9.219682687859848
HG01614,SECONDE,1.03e-08,PASS,-7.987162775294828
HG01616,SECONDE,0.00118039,PASS,-2.9279744784021826
HG01621,SECONDE,1.49e-09,PASS,-8.826813731587725
HG01622,SECONDE,0.00076556,PASS,-3.116020766235785
HG01627,SECONDE,1.62e-09,PASS,-8.790484985457368
HG01629,SECONDE,6.56e-05,PASS,-4.1830961606243395
HG01633,SECONDE,0.00293483,PASS,-2.5324170501915577
HG01667,SECONDE,1.52e-09,PASS,-8.818156412055227
HG01671,SECONDE,8.64e-09,PASS,-8.063486257521106
HG01674,SECONDE,1.28e-08,PASS,-7.892790030352131
HG01677,SECONDE,1.85e-09,PASS,-8.732828271596986
HG01681,SECONDE,4.36e-09,PASS,-8.360513510731414
HG01683,SECONDE,0.00985336,PASS,-2.006415649641274
HG01687,SECONDE,2.5e-09,PASS,-8.602059991327963
HG01696,SECONDE,2.22e-09,PASS,-8.653647025549361
HG01698,SECONDE,8.13e-09,PASS,-8.089909454405932
HG01701,SECONDE,7.64e-09,PASS,-8.11690664142431
HG01703,SECONDE,9.33e-10,PASS,-9.0301183562535
HG01706,SECONDE,5.98e-10,PASS,-9.223298816011589
HG01711,SECONDE,5.92e-09,PASS,-8.22767829327708
HG01748,SECONDE,1.7e-09,PASS,-8.769551078621726
HG01755,SECONDE,1.39e-09,PASS,-8.856985199745905
HG01763,SECONDE,1.11e-09,PASS,-8.954677021213342
HG01772,SECONDE,1.86e-05,PASS,-4.730487055782084
HG01774,SECONDE,0.00145063,PASS,-2.838443345280633
HG01778,SECONDE,4.35e-09,PASS,-8.361510743045363
HG01780,SECONDE,2.71e-10,PASS,-9.567030709125595
HG01782,SECONDE,1.9e-09,PASS,-8.721246399047171
HG01881,SECONDE,1.11e-08,PASS,-7.954677021213342
HG01884,SECONDE,8.21e-10,PASS,-9.085656842880558
HG01887,SECONDE,1.65e-05,PASS,-4.782516055786093
HG01888,SECONDE,9.59e-09,PASS,-8.018181392829336
HG01891,SECONDE,9.16e-09,PASS,-8.03810452633215
HG01895,SECONDE,3.6e-09,PASS,-8.443697499232712
HG01897,SECONDE,5.5e-09,PASS,-8.259637310505756
HG01898,SECONDE,0.000228648,PASS,-3.6408325930708023
HG01916,SECONDE,9.4e-10,PASS,-9.0268721464003
HG01919,SECONDE,8.05e-09,PASS,-8.094204119632131
HG01922,SECONDE,1.38e-08,PASS,-7.860120913598763
HG01925,SECONDE,2.06e-09,PASS,-8.686132779630846
HG01928,SECONDE,3.16e-08,PASS,-7.5003129173815966
HG01934,SECONDE,9.07e-09,PASS,-8.042392712939904
HG01937,SECONDE,2.42e-09,PASS,-8.616184634019568
HG01940,SECONDE,3.08e-05,PASS,-4.511449283499555
HG01943,SECONDE,8.82e-09,PASS,-8.05453141486818
HG01946,SECONDE,7.18e-09,PASS,-8.143875555757699
HG01949,SECONDE,3.43e-09,PASS,-8.46470587995723
HG01952,SECONDE,4.32e-09,PASS,-8.364516253185087
HG01955,SECONDE,5.83e-09,PASS,-8.234331445240986
HG01959,SECONDE,2.69e-09,PASS,-8.570247719997592
HG01960,SECONDE,4.04e-09,PASS,-8.393618634889394
HG01969,SECONDE,3.33e-09,PASS,-8.47755576649368
HG01972,SECONDE,2.63e-09,PASS,-8.580044251510243
HG01975,SECONDE,7.37e-09,PASS,-8.132532512140948
HG01978,SECONDE,1.51e-08,PASS,-7.82102305270683
HG01981,SECONDE,6.04e-10,PASS,-9.218963061378869
HG01983,SECONDE,4.74e-09,PASS,-8.324221658325914
HG01984,SECONDE,2.23e-08,PASS,-7.651695136951839
HG01987,SECONDE,1.45e-09,PASS,-8.838631997765026
HG01993,SECONDE,1.9e-08,PASS,-7.721246399047171
HG01998,SECONDE,1.18e-08,PASS,-7.928117992693875
HG02004,SECONDE,9.47e-09,PASS,-8.023650020996726
HG02011,SECONDE,6.46e-09,PASS,-8.189767482004916
HG02015,SECONDE,1.4e-08,PASS,-7.853871964321762
HG02018,SECONDE,0.000859181,PASS,-3.0659153355625755
HG02024,SECONDE,3.02e-08,PASS,-7.519993057042849
HG02027,SECONDE,8.12e-08,PASS,-7.090443970758825
HG02030,SECONDE,5.45e-09,PASS,-8.263603497723357
HG02055,SECONDE,1.45e-09,PASS,-8.838631997765026
HG02056,SECONDE,2.49e-08,PASS,-7.603800652904264
HG02059,SECONDE,1.99e-08,PASS,-7.701146923590294
HG02068,SECONDE,8.99e-10,PASS,-9.046240308266771
HG02071,SECONDE,0.000182738,PASS,-3.738171132591136
HG02074,SECONDE,1.18e-08,PASS,-7.928117992693875
HG02077,SECONDE,0.00256431,PASS,-2.591029474024024
HG02080,SECONDE,2.32e-08,PASS,-7.634512015109101
HG02083,SECONDE,3.16e-10,PASS,-9.500312917381596
HG02091,SECONDE,2.84e-10,PASS,-9.546681659952963
HG02106,SECONDE,0.000273741,PASS,-3.5626601505612876
HG02120,SECONDE,1.61e-09,PASS,-8.79317412396815
HG02126,SECONDE,6.68e-09,PASS,-8.175223537524454
HG02129,SECONDE,7.88e-10,PASS,-9.103473782510445
HG02132,SECONDE,1.23e-07,PASS,-6.910094888560602
HG02135,SECONDE,8.38e-10,PASS,-9.076755981369724
HG02145,SECONDE,3.03e-09,PASS,-8.518557371497694
HG02148,SECONDE,2.11e-08,PASS,-7.675717544702307
HG02222,SECONDE,1.47e-09,PASS,-8.832682665251824
HG02225,SECONDE,1.04e-08,PASS,-7.982966660701219
HG02229,SECONDE,2.66e-09,PASS,-8.575118363368933
HG02234,SECONDE,6.37e-09,PASS,-8.19586056766465
HG02237,SECONDE,2.94e-09,PASS,-8.531652669587842
HG02240,SECONDE,2.66e-09,PASS,-8.575118363368933
HG02257,SECONDE,3.14e-05,PASS,-4.503070351926785
HG02258,SECONDE,6.72e-09,PASS,-8.172630726946174
HG02261,SECONDE,7.16e-08,PASS,-7.145086977692144
HG02273,SECONDE,1.23e-08,PASS,-7.910094888560602
HG02279,SECONDE,3.28e-08,PASS,-7.484126156288321
HG02280,SECONDE,4.38e-09,PASS,-8.358525889495901
HG02287,SECONDE,1.04e-08,PASS,-7.982966660701219
HG02293,SECONDE,8.88e-09,PASS,-8.051587034221399
HG02300,SECONDE,5.22e-09,PASS,-8.282329496997738
HG02302,SECONDE,1.91e-09,PASS,-8.718966632752272
HG02303,SECONDE,1.87e-08,PASS,-7.728158393463501
HG02316,SECONDE,3.9e-09,PASS,-8.4089353929735
HG02321,SECONDE,1.33e-09,PASS,-8.876148359032914
HG02451,SECONDE,0.000442358,PASS,-3.3542261141494136
HG02463,SECONDE,3.15e-09,PASS,-8.5016894462104
HG02466,SECONDE,7.79e-05,PASS,-4.108462542327436
HG02492,SECONDE,1.47e-09,PASS,-8.832682665251824
HG02495,SECONDE,8.4e-09,PASS,-8.075720713938118
HG02514,SECONDE,1.51e-09,PASS,-8.821023052706831
HG02523,SECONDE,1.96e-08,PASS,-7.707743928643524
HG02524,SECONDE,9.4e-05,PASS,-4.026872146400302
HG02525,SECONDE,1.14e-08,PASS,-7.943095148663527
HG02526,SECONDE,1.46e-08,PASS,-7.835647144215563
HG02563,SECONDE,2.65e-09,PASS,-8.576754126063193
HG02569,SECONDE,1.73e-09,PASS,-8.761953896871205
HG02572,SECONDE,6.95e-05,PASS,-4.158015195409886
HG02575,SECONDE,0.0111989,PASS,-1.9508246333468975
HG02584,SECONDE,9.64e-09,PASS,-8.01592296609717
HG02587,SECONDE,0.00010646,PASS,-3.972813538163264
HG02590,SECONDE,0.000152014,PASS,-3.818116413089713
HG02596,SECONDE,2.89e-08,PASS,-7.539102157243452
HG02602,SECONDE,0.00025089,PASS,-3.6005166484955478
HG02605,SECONDE,1.85e-08,PASS,-7.732828271596986
HG02612,SECONDE,1.36e-08,PASS,-7.866461091629782
HG02615,SECONDE,3.22e-07,PASS,-6.492144128304169
HG02622,SECONDE,2.61e-08,PASS,-7.583359492661719
HG02625,SECONDE,7.48e-09,PASS,-8.126098402135538
HG02630,SECONDE,1.94e-08,PASS,-7.7121982700697735
HG02636,SECONDE,1.19e-07,PASS,-6.924453038607469
HG02644,SECONDE,2.38e-09,PASS,-8.623423042943488
HG02647,SECONDE,0.000268872,PASS,-3.5704544223161103
HG02650,SECONDE,2.51e-05,PASS,-4.600326278518962
HG02653,SECONDE,1.45e-08,PASS,-7.838631997765025
HG02656,SECONDE,3.16e-09,PASS,-8.500312917381596
HG02659,SECONDE,9.41e-08,PASS,-7.026410376572743
HG02662,SECONDE,3.07e-09,PASS,-8.512861624522813
HG02668,SECONDE,2.14e-05,PASS,-4.669586226650809
HG02677,SECONDE,2.42e-09,PASS,-8.616184634019568
HG02680,SECONDE,6.3e-09,PASS,-8.200659450546418
HG02683,SECONDE,2.08e-09,PASS,-8.681936665037238
HG02686,SECONDE,8.67e-05,PASS,-4.06198090252379
HG02689,SECONDE,0.000457701,PASS,-3.3394181387109843
HG02692,SECONDE,0.00623403,PASS,-2.205231112100387
HG02698,SECONDE,2.48e-09,PASS,-8.605548319173783
HG02701,SECONDE,0.000690478,PASS,-3.16085015434938
HG02704,SECONDE,1.58e-05,PASS,-4.801342913045577
HG02717,SECONDE,3.08e-09,PASS,-8.511449283499555
HG02723,SECONDE,2.71e-08,PASS,-7.567030709125595
HG02726,SECONDE,1.11e-09,PASS,-8.954677021213342
HG02729,SECONDE,3.74e-05,PASS,-4.42712839779952
HG02735,SECONDE,0.0113103,PASS,-1.9465258754797932
HG02738,SECONDE,2.78e-09,PASS,-8.555955204081924
HG02761,SECONDE,4.62e-08,PASS,-7.335358024443875
HG02762,SECONDE,1.04e-08,PASS,-7.982966660701219
HG02764,SECONDE,9.84e-09,PASS,-8.007004901568658
HG02770,SECONDE,8.35e-15,PASS,-14.078313524516398
HG02773,SECONDE,3.25e-07,PASS,-6.488116639021126
HG02776,SECONDE,0.00313383,PASS,-2.503924566279811
HG02785,SECONDE,7.55e-10,PASS,-9.122053048370812
HG02788,SECONDE,1.42e-09,PASS,-8.847711655616944
HG02791,SECONDE,1.61e-09,PASS,-8.79317412396815
HG02794,SECONDE,3.14e-08,PASS,-7.503070351926785
HG02800,SECONDE,9.03e-09,PASS,-8.044312249686493
HG02806,SECONDE,0.00745106,PASS,-2.127781939412239
HG02809,SECONDE,9.46e-09,PASS,-8.024108863598208
HG02812,SECONDE,1.45e-07,PASS,-6.838631997765025
HG02815,SECONDE,8.28e-05,PASS,-4.08196966321512
HG02818,SECONDE,2.4e-09,PASS,-8.619788758288394
HG02821,SECONDE,4.22e-05,PASS,-4.374687549038326
HG02838,SECONDE,1.03e-09,PASS,-8.987162775294827
HG02841,SECONDE,0.00163451,PASS,-2.786612418043824
HG02853,SECONDE,7.7e-09,PASS,-8.113509274827518
HG02856,SECONDE,9.39e-09,PASS,-8.027334407733889
HG02862,SECONDE,8.47e-05,PASS,-4.072116589669293
HG02869,SECONDE,2.79e-09,PASS,-8.554395796726402
HG02871,SECONDE,0.000330235,PASS,-3.4811768998759662
HG02880,SECONDE,3.13e-09,PASS,-8.504455662453552
HG02883,SECONDE,1.01e-05,PASS,-4.995678626217358
HG02886,SECONDE,9.94e-08,PASS,-7.002613615602686
HG02889,SECONDE,2.25e-09,PASS,-8.647817481888637
HG02892,SECONDE,6.21e-09,PASS,-8.20690839982342
HG02897,SECONDE,8.59e-09,PASS,-8.066006836168757
HG02924,SECONDE,1.3e-08,PASS,-7.886056647693163
HG02945,SECONDE,1.84e-08,PASS,-7.735182176990463
HG02948,SECONDE,0.00290231,PASS,-2.5372562017883413
HG02954,SECONDE,0.000700507,PASS,-3.1545875205549603
HG02964,SECONDE,0.00212929,PASS,-2.6717651855213975
HG02965,SECONDE,7.04e-08,PASS,-7.152427340857888
HG02966,SECONDE,0.000529119,PASS,-3.276446643217514
HG02972,SECONDE,0.000344222,PASS,-3.463161376387101
HG02975,SECONDE,0.00505876,PASS,-2.295955924099655
HG02978,SECONDE,2.41e-09,PASS,-8.61798295742513
HG02980,SECONDE,2.54e-05,PASS,-4.5951662833800615
HG02984,SECONDE,0.000253872,PASS,-3.595385195605428
HG03008,SECONDE,4.1e-09,PASS,-8.387216143280265
HG03017,SECONDE,8.7e-08,PASS,-7.060480747381382
HG03026,SECONDE,8.08e-09,PASS,-8.092588639225413
HG03029,SECONDE,2.38e-08,PASS,-7.623423042943488
HG03033,SECONDE,0.00250981,PASS,-2.6003591546443934
HG03034,SECONDE,0.00111495,PASS,-2.9527446081413693
HG03035,SECONDE,1.36e-08,PASS,-7.866461091629782
HG03041,SECONDE,1.74e-05,PASS,-4.7594507517174005
HG03047,SECONDE,5.6e-09,PASS,-8.2518119729938
HG03050,SECONDE,0.000721718,PASS,-3.141632463050308
HG03056,SECONDE,7.21e-09,PASS,-8.14206473528057
HG03065,SECONDE,2.62e-08,PASS,-7.581698708680254
HG03098,SECONDE,5.96e-08,PASS,-7.2247537402597635
HG03101,SECONDE,3.06e-09,PASS,-8.51427857351842
HG03110,SECONDE,7.08e-09,PASS,-8.14996674231023
HG03113,SECONDE,3.99e-09,PASS,-8.399027104313252
HG03116,SECONDE,4.58e-07,PASS,-6.339134521996131
HG03119,SECONDE,4e-05,PASS,-4.3979400086720375
HG03122,SECONDE,1.25e-08,PASS,-7.903089986991944
HG03125,SECONDE,6.61e-05,PASS,-4.179798540514359
HG03128,SECONDE,6.52e-09,PASS,-8.18575240426808
HG03131,SECONDE,1.71e-09,PASS,-8.767003889607846
HG03134,SECONDE,4.14e-09,PASS,-8.3829996588791
HG03137,SECONDE,3.6e-05,PASS,-4.443697499232712
HG03161,SECONDE,0.000143464,PASS,-3.8432570645244923
HG03164,SECONDE,2.42e-09,PASS,-8.616184634019568
HG03170,SECONDE,3.18e-08,PASS,-7.497572880015567
HG03191,SECONDE,0.00010817,PASS,-3.965893170292356
HG03197,SECONDE,9.97e-08,PASS,-7.001304841688344
HG03200,SECONDE,1.22e-05,PASS,-4.913640169325252
HG03230,SECONDE,0.000168708,PASS,-3.7728643230215546
HG03236,SECONDE,1.34e-08,PASS,-7.872895201635193
HG03239,SECONDE,0.000173685,PASS,-3.760237687013601
HG03242,SECONDE,0.00108666,PASS,-2.963906319043221
HG03248,SECONDE,0.00128709,PASS,-2.8903910839139706
HG03249,SECONDE,5.62e-08,PASS,-7.250263684430939
HG03250,SECONDE,0.00217265,PASS,-2.663010230104404
HG03251,SECONDE,1.67e-07,PASS,-6.777283528852417
HG03260,SECONDE,7.94e-05,PASS,-4.100179497572904
HG03269,SECONDE,3.22e-09,PASS,-8.492144128304169
HG03272,SECONDE,2.08e-08,PASS,-7.681936665037238
HG03296,SECONDE,4.47e-05,PASS,-4.349692476868063
HG03299,SECONDE,0.00040702,PASS,-3.3903842500469357
HG03302,SECONDE,0.000245534,PASS,-3.609888361015614
HG03305,SECONDE,3.55e-05,PASS,-4.449771646944906
HG03306,SECONDE,4.34e-09,PASS,-8.362510270487489
HG03307,SECONDE,0.000300693,PASS,-3.5218766819651917
HG03308,SECONDE,0.000348171,PASS,-3.4582074051442344
HG03309,SECONDE,0.00190497,PASS,-2.7201118593253946
HG03310,SECONDE,2.09e-09,PASS,-8.679853713888946
HG03312,SECONDE,0.000668929,PASS,-3.1746199757218077
HG03314,SECONDE,5.29e-05,PASS,-4.276544327964814
HG03344,SECONDE,2.23e-09,PASS,-8.65169513695184
HG03350,SECONDE,1.09e-08,PASS,-7.962573502059376
HG03368,SECONDE,0.000364919,PASS,-3.437803523918615
HG03371,SECONDE,4.14e-05,PASS,-4.382999658879101
HG03373,SECONDE,1.5e-08,PASS,-7.823908740944319
HG03374,SECONDE,0.000288672,PASS,-3.539595338859914
HG03438,SECONDE,1.51e-09,PASS,-8.821023052706831
HG03453,SECONDE,0.000760897,PASS,-3.1186741281954324
HG03454,SECONDE,4.98e-05,PASS,-4.302770657240282
HG03456,SECONDE,0.00119243,PASS,-2.92356710621324
HG03480,SECONDE,7.95e-05,PASS,-4.0996328713435295
HG03486,SECONDE,1.38e-08,PASS,-7.860120913598763
HG03487,SECONDE,7.59e-05,PASS,-4.11975822410452
HG03489,SECONDE,4.11e-09,PASS,-8.386158178123932
HG03492,SECONDE,9.83e-09,PASS,-8.007446482167865
HG03516,SECONDE,2.68e-05,PASS,-4.5718652059712115
HG03519,SECONDE,7.04e-09,PASS,-8.152427340857887
HG03522,SECONDE,0.000781226,PASS,-3.1072233113792826
HG03540,SECONDE,0.000461304,PASS,-3.336012779576871
HG03574,SECONDE,0.00326328,PASS,-2.486345660739296
HG03576,SECONDE,0.00012315,PASS,-3.909565583824878
HG03579,SECONDE,0.00010542,PASS,-3.9770769881210613
HG03582,SECONDE,8.22e-09,PASS,-8.08512818245995
HG03584,SECONDE,5.45e-09,PASS,-8.263603497723357
HG03596,SECONDE,5.96e-09,PASS,-8.224753740259764
HG03605,SECONDE,0.000910884,PASS,-3.040536926394251
HG03606,SECONDE,0.000548455,PASS,-3.26085899990953
HG03617,SECONDE,8.49e-09,PASS,-8.071092309756047
HG03618,SECONDE,1.37e-08,PASS,-7.863279432843593
HG03620,SECONDE,1.18e-08,PASS,-7.928117992693875
HG03626,SECONDE,0.000769808,PASS,-3.113617579942127
HG03633,SECONDE,4.57e-09,PASS,-8.34008379993015
HG03635,SECONDE,1.72e-09,PASS,-8.76447155309245
HG03639,SECONDE,2.92e-05,PASS,-4.534617148551582
HG03641,SECONDE,0.000103899,PASS,-3.9833886323905787
HG03650,SECONDE,1.62e-08,PASS,-7.790484985457369
HG03651,SECONDE,1.94e-09,PASS,-8.712198270069774
HG03654,SECONDE,7.78e-10,PASS,-9.10902040301031
HG03669,SECONDE,0.000107655,PASS,-3.967965794712003
HG03682,SECONDE,4.2e-09,PASS,-8.3767507096021
HG03683,SECONDE,4.09e-09,PASS,-8.388276691992658
HG03688,SECONDE,3.56e-08,PASS,-7.448550002027125
HG03699,SECONDE,5.07e-10,PASS,-9.294992040666664
HG03700,SECONDE,7.99e-09,PASS,-8.097453220686008
HG03701,SECONDE,3.42e-09,PASS,-8.465973893943865
HG03704,SECONDE,1.32e-07,PASS,-6.87942606879415
HG03707,SECONDE,1.77e-10,PASS,-9.752026733638193
HG03710,SECONDE,8.72e-09,PASS,-8.059483515067432
HG03719,SECONDE,2.78e-09,PASS,-8.555955204081924
HG03721,SECONDE,0.00165221,PASS,-2.7819347535985886
HG03725,SECONDE,0.00223355,PASS,-2.6510043210157193
HG03732,SECONDE,9.94e-05,PASS,-4.002613615602686
HG03761,SECONDE,0.000713625,PASS,-3.1465299439852608
HG03763,SECONDE,1.41e-09,PASS,-8.85078088734462
HG03794,SECONDE,0.00178041,PASS,-2.7494799750878847
HG03795,SECONDE,4.15e-09,PASS,-8.381951903287908
HG03797,SECONDE,0.00013924,PASS,-3.856235985387749
HG03798,SECONDE,2.07e-09,PASS,-8.684029654543082
HG03799,SECONDE,1.93e-07,PASS,-6.714442690992226
HG03801,SECONDE,1.75e-09,PASS,-8.756961951313706
HG03804,SECONDE,0.00436176,PASS,-2.360338234571895
HG03806,SECONDE,3.29e-09,PASS,-8.482804102050025
HG03807,SECONDE,0.000437376,PASS,-3.359145051553369
HG03816,SECONDE,1.94e-09,PASS,-8.712198270069774
HG03825,SECONDE,0.000393568,PASS,-3.4049802201705424
HG03831,SECONDE,3.8e-10,PASS,-9.42021640338319
HG03834,SECONDE,0.000468526,PASS,-3.3292663037234416
HG03904,SECONDE,0.00108482,PASS,-2.964642316646656
HG03906,SECONDE,0.00177199,PASS,-2.7515387333276777
HG03909,SECONDE,0.00705764,PASS,-2.1513404981439312
HG03915,SECONDE,2.18e-09,PASS,-8.661543506395395
HG03927,SECONDE,0.00172627,PASS,-2.762891276790244
HG03929,SECONDE,0.00134562,PASS,-2.8710775665631902
HG03930,SECONDE,0.0020151,PASS,-2.695703396981645
HG03942,SECONDE,2.81e-05,PASS,-4.55129368009492
HG03992,SECONDE,2e-07,PASS,-6.698970004336019
HG04036,SECONDE,0.00474206,PASS,-2.324032955312689
HG04115,SECONDE,0.000540414,PASS,-3.267273408643364
HG04122,SECONDE,0.000203496,PASS,-3.691444123023532
HG04127,SECONDE,2.01e-09,PASS,-8.69680394257951
HG04132,SECONDE,0.00104637,PASS,-2.980314720301562
HG04133,SECONDE,0.00176041,PASS,-2.7543861730945025
HG04135,SECONDE,0.00154679,PASS,-2.8105686443044657
HG04136,SECONDE,0.00209338,PASS,-2.679151929366263
HG04142,SECONDE,1.67e-08,PASS,-7.777283528852417
HG04147,SECONDE,0.00139959,PASS,-2.853999169190227
HG04148,SECONDE,3.82e-09,PASS,-8.41793663708829
HG04149,SECONDE,0.00575236,PASS,-2.2401539423190053
HG04150,SECONDE,0.00133483,PASS,-2.8745740412380676
HG04151,SECONDE,1.97e-09,PASS,-8.705533773838408
HG04157,SECONDE,4.05e-07,PASS,-6.392544976785332
HG04160,SECONDE,1.18e-08,PASS,-7.928117992693875
HG04174,SECONDE,1.76e-09,PASS,-8.75448733218585
HG04175,SECONDE,0.00268278,PASS,-2.5714149399644612
HG04184,SECONDE,0.00248974,PASS,-2.6038460032901862
HG04187,SECONDE,6.35e-05,PASS,-4.197226274708024
HG04191,SECONDE,0.000258339,PASS,-3.5878100258582313
HG04192,SECONDE,9.88e-05,PASS,-4.005243055412372
HG04193,SECONDE,0.00138116,PASS,-2.85975600781377
HG04199,SECONDE,0.00286958,PASS,-2.542181663206883
HG04204,SECONDE,0.000340838,PASS,-3.4674519917506763
HG04215,SECONDE,5.59e-08,PASS,-7.252588192113577
HG04217,SECONDE,0.000695108,PASS,-3.15794771316514
HG04228,SECONDE,2.55e-09,PASS,-8.593459819566045
NA06991,SECONDE,0.00308878,PASS,-2.510213023452694
NA06993,SECONDE,2.23e-09,PASS,-8.65169513695184
NA06995,SECONDE,2.23e-05,PASS,-4.651695136951839
NA06997,SECONDE,2.12e-09,PASS,-8.67366413907125
NA07014,SECONDE,1.73e-09,PASS,-8.761953896871205
NA07019,SECONDE,9.86e-09,PASS,-8.006123085058789
NA07022,SECONDE,1.56e-09,PASS,-8.806875401645538
NA07029,SECONDE,3.9e-05,PASS,-4.4089353929735005
NA07031,SECONDE,7.37e-09,PASS,-8.132532512140948
NA07034,SECONDE,2.43e-09,PASS,-8.614393726401687
NA07045,SECONDE,3.52e-09,PASS,-8.453457336521868
NA07055,SECONDE,1.13e-09,PASS,-8.94692155651658
NA07345,SECONDE,5.33e-09,PASS,-8.273272790973428
NA07346,SECONDE,3.35e-10,PASS,-9.474955192963154
NA07348,SECONDE,1.22e-09,PASS,-8.913640169325252
NA07349,SECONDE,1.08e-09,PASS,-8.96657624451305
NA07435,SECONDE,1.79e-09,PASS,-8.747146969020108
NA10830,SECONDE,3.24e-09,PASS,-8.489454989793387
NA10831,SECONDE,4.23e-09,PASS,-8.373659632624957
NA10835,SECONDE,1.32e-09,PASS,-8.87942606879415
NA10836,SECONDE,1.57e-08,PASS,-7.804100347590766
NA10837,SECONDE,1.43e-09,PASS,-8.844663962534938
NA10838,SECONDE,3.24e-09,PASS,-8.489454989793387
NA10839,SECONDE,8.54e-09,PASS,-8.068542129310995
NA10840,SECONDE,8.45e-09,PASS,-8.073143291050307
NA10842,SECONDE,2.56e-09,PASS,-8.59176003468815
NA10843,SECONDE,2.83e-10,PASS,-9.54821356447571
NA10845,SECONDE,9.73e-10,PASS,-9.011887159731648
NA10846,SECONDE,3.19e-09,PASS,-8.496209316942819
NA10852,SECONDE,1.86e-09,PASS,-8.730487055782083
NA10854,SECONDE,1.08e-09,PASS,-8.96657624451305
NA10855,SECONDE,8.51e-09,PASS,-8.070070439915412
NA10856,SECONDE,2.02e-09,PASS,-8.694648630553376
NA10857,SECONDE,1.02e-08,PASS,-7.991399828238082
NA10859,SECONDE,8.33e-09,PASS,-8.079354998593212
NA10860,SECONDE,5.49e-10,PASS,-9.260427655549908
NA10861,SECONDE,1.95e-09,PASS,-8.709965388637482
NA10863,SECONDE,1.26e-08,PASS,-7.8996294548824375
NA10864,SECONDE,2.72e-10,PASS,-9.5654310959658
NA10865,SECONDE,9.04e-09,PASS,-8.043831569524636
NA11839,SECONDE,2.25e-09,PASS,-8.647817481888637
NA11882,SECONDE,0.00107493,PASS,-2.9686198163098303
NA11891,SECONDE,1.82e-09,PASS,-8.739928612014925
NA11917,SECONDE,3.89e-09,PASS,-8.410050398674292
NA11993,SECONDE,1.27e-09,PASS,-8.896196279044043
NA12056,SECONDE,2.06e-09,PASS,-8.686132779630846
NA12057,SECONDE,1.57e-09,PASS,-8.804100347590767
NA12145,SECONDE,2.61e-09,PASS,-8.58335949266172
NA12146,SECONDE,2.08e-09,PASS,-8.681936665037238
NA12236,SECONDE,2.65e-09,PASS,-8.576754126063193
NA12239,SECONDE,0.000258068,PASS,-3.588265843906398
NA12248,SECONDE,3.52e-09,PASS,-8.453457336521868
NA12264,SECONDE,3.09e-09,PASS,-8.510041520575164
NA12274,SECONDE,7.81e-10,PASS,-9.1073489661227
NA12329,SECONDE,1.59e-09,PASS,-8.79860287567955
NA12335,SECONDE,8.67e-06,PASS,-5.06198090252379
NA12336,SECONDE,2.18e-09,PASS,-8.661543506395395
NA12343,SECONDE,4.09e-09,PASS,-8.388276691992658
NA12344,SECONDE,8.24e-09,PASS,-8.084072788302885
NA12376,SECONDE,6.75e-10,PASS,-9.170696227168975
NA12386,SECONDE,1.52e-09,PASS,-8.818156412055227
NA12485,SECONDE,7.46e-09,PASS,-8.127261172527332
NA12707,SECONDE,1.07e-08,PASS,-7.97061622231479
NA12739,SECONDE,1.67e-09,PASS,-8.777283528852417
NA12740,SECONDE,2.64e-09,PASS,-8.578396073130168
NA12752,SECONDE,1.11e-09,PASS,-8.954677021213342
NA12753,SECONDE,0.000600747,PASS,-3.221308389290935
NA12766,SECONDE,2.11e-08,PASS,-7.675717544702307
NA12767,SECONDE,1.82e-09,PASS,-8.739928612014925
NA12801,SECONDE,2.02e-09,PASS,-8.694648630553376
NA12802,SECONDE,3.77e-09,PASS,-8.423658649794207
NA12817,SECONDE,3.01e-09,PASS,-8.521433504406156
NA12818,SECONDE,1.96e-09,PASS,-8.707743928643524
NA12832,SECONDE,8.13e-10,PASS,-9.089909454405932
NA12864,SECONDE,1.77e-05,PASS,-4.752026733638194
NA12865,SECONDE,4.39e-09,PASS,-8.357535479757878
NA12875,SECONDE,1.63e-05,PASS,-4.787812395596042
NA12877,SECONDE,3.31e-09,PASS,-8.480172006224281
NA12891,SECONDE,5.98e-09,PASS,-8.223298816011589
NA12892,SECONDE,2.32e-09,PASS,-8.6345120151091
NA18484,SECONDE,8.94e-09,PASS,-8.048662481204083
NA18485,SECONDE,2.03e-09,PASS,-8.692503962086787
NA18487,SECONDE,2.66e-09,PASS,-8.575118363368933
NA18497,SECONDE,1.27e-08,PASS,-7.896196279044043
NA18500,SECONDE,1.58e-09,PASS,-8.801342913045577
NA18503,SECONDE,1.23e-08,PASS,-7.910094888560602
NA18506,SECONDE,0.00327118,PASS,-2.485295557722793
NA18515,SECONDE,4.31e-09,PASS,-8.365522729839268
NA18518,SECONDE,3.76e-09,PASS,-8.424812155072338
NA18521,SECONDE,1.93e-84,PASS,-83.71444269099223
NA18852,SECONDE,1.4e-08,PASS,-7.853871964321762
NA18854,SECONDE,7.74e-09,PASS,-8.111259039317108
NA18855,SECONDE,4.77e-10,PASS,-9.321481620959887
NA18857,SECONDE,6.21e-09,PASS,-8.20690839982342
NA18859,SECONDE,6.29e-09,PASS,-8.201349354554731
NA18860,SECONDE,5.38e-09,PASS,-8.269217724333611
NA18862,SECONDE,2.35e-09,PASS,-8.628932137728263
NA18863,SECONDE,8.61e-10,PASS,-9.064996848546345
NA18869,SECONDE,1.3e-09,PASS,-8.886056647693163
NA18872,SECONDE,2.47e-14,PASS,-13.607303046740334
NA18875,SECONDE,7.32e-09,PASS,-8.135488918941608
NA18906,SECONDE,7.71e-09,PASS,-8.112945621949043
NA18911,SECONDE,3e-09,PASS,-8.522878745280337
NA18913,SECONDE,3.38e-09,PASS,-8.471083299722345
NA18914,SECONDE,3.55e-09,PASS,-8.449771646944907
NA18925,SECONDE,5.29e-09,PASS,-8.276544327964814
NA18930,SECONDE,3.27e-09,PASS,-8.485452247339714
NA18935,SECONDE,2.18e-08,PASS,-7.661543506395395
NA19094,SECONDE,5.39e-09,PASS,-8.26841123481326
NA19097,SECONDE,2.9e-09,PASS,-8.537602002101044
NA19100,SECONDE,1.2e-09,PASS,-8.920818753952375
NA19101,SECONDE,3.66e-09,PASS,-8.436518914605589
NA19103,SECONDE,1.93e-05,PASS,-4.714442690992226
NA19109,SECONDE,3.57e-09,PASS,-8.447331783887806
NA19115,SECONDE,2.13e-09,PASS,-8.671620396561263
NA19120,SECONDE,4.670000000000001e-21,PASS,-20.33068311943389
NA19122,SECONDE,4.68e-10,PASS,-9.329754146925875
NA19123,SECONDE,1.72e-09,PASS,-8.76447155309245
NA19127,SECONDE,5.17e-18,PASS,-17.286509456906057
NA19128,SECONDE,2.98e-09,PASS,-8.525783735923746
NA19132,SECONDE,6.95e-09,PASS,-8.158015195409886
NA19139,SECONDE,3.28e-09,PASS,-8.48412615628832
NA19140,SECONDE,4.84e-11,PASS,-10.315154638355587
NA19142,SECONDE,1.58e-09,PASS,-8.801342913045577
NA19145,SECONDE,2.99e-08,PASS,-7.52432881167557
NA19148,SECONDE,2.53e-09,PASS,-8.596879478824182
NA19150,SECONDE,1.26e-09,PASS,-8.899629454882437
NA19151,SECONDE,2.82e-08,PASS,-7.549750891680639
NA19154,SECONDE,8.29e-09,PASS,-8.081445469449726
NA19161,SECONDE,1.96e-09,PASS,-8.707743928643524
NA19173,SECONDE,1.24e-09,PASS,-8.906578314837764
NA19174,SECONDE,5.36e-10,PASS,-9.27083521030723
NA19176,SECONDE,6.95e-10,PASS,-9.158015195409886
NA19177,SECONDE,4.75e-10,PASS,-9.323306390375134
NA19186,SECONDE,4.8e-35,PASS,-34.31875876262441
NA19191,SECONDE,1.9e-08,PASS,-7.721246399047171
NA19199,SECONDE,1.84e-05,PASS,-4.735182176990463
NA19202,SECONDE,8.9e-09,PASS,-8.050609993355087
NA19203,SECONDE,2.64e-09,PASS,-8.578396073130168
NA19205,SECONDE,3.04e-09,PASS,-8.517126416391246
NA19208,SECONDE,3.43e-09,PASS,-8.46470587995723
NA19211,SECONDE,0.00595626,PASS,-2.2250263528774226
NA19215,SECONDE,5.83e-09,PASS,-8.234331445240986
NA19221,SECONDE,4.75e-10,PASS,-9.323306390375134
NA19224,SECONDE,7.87e-16,PASS,-15.104025267640935
NA19226,SECONDE,1.81e-09,PASS,-8.742321425130816
NA19237,SECONDE,2.26e-09,PASS,-8.645891560852599
NA19240,SECONDE,2.62e-09,PASS,-8.581698708680255
NA19249,SECONDE,8.17e-10,PASS,-9.087777943467584
NA19258,SECONDE,8.17e-09,PASS,-8.087777943467584
NA19650,SECONDE,2.3e-09,PASS,-8.638272163982407
NA19653,SECONDE,3.38e-09,PASS,-8.471083299722345
NA19656,SECONDE,8.31e-09,PASS,-8.08039897621589
NA19659,SECONDE,1.8e-09,PASS,-8.744727494896694
NA19660,SECONDE,7.38e-10,PASS,-9.131943638176958
NA19662,SECONDE,1.75e-10,PASS,-9.756961951313706
NA19665,SECONDE,3.67e-09,PASS,-8.435333935747911
NA19671,SECONDE,1.88e-09,PASS,-8.72584215073632
NA19675,SECONDE,2.41e-09,PASS,-8.61798295742513
NA19677,SECONDE,3.97e-09,PASS,-8.401209493236886
NA19680,SECONDE,4.13e-08,PASS,-7.384049948343599
NA19683,SECONDE,2.77e-09,PASS,-8.557520230935552
NA19685,SECONDE,2.97e-09,PASS,-8.527243550682787
NA19686,SECONDE,2.8e-09,PASS,-8.55284196865778
NA19702,SECONDE,1.77e-09,PASS,-8.752026733638193
NA19705,SECONDE,1.64e-05,PASS,-4.785156151952302
NA19718,SECONDE,1.5e-09,PASS,-8.823908740944319
NA19721,SECONDE,2.06e-09,PASS,-8.686132779630846
NA19724,SECONDE,2.79e-09,PASS,-8.554395796726402
NA19727,SECONDE,4.72e-09,PASS,-8.326058001365912
NA19730,SECONDE,1.63e-08,PASS,-7.787812395596042
NA19733,SECONDE,1.73e-08,PASS,-7.761953896871205
NA19748,SECONDE,2.35e-07,PASS,-6.628932137728264
NA19751,SECONDE,6.41e-10,PASS,-9.193141970481182
NA19757,SECONDE,1.72e-09,PASS,-8.76447155309245
NA19760,SECONDE,5.5e-05,PASS,-4.259637310505756
NA19763,SECONDE,1.47e-09,PASS,-8.832682665251824
NA19772,SECONDE,1.84e-09,PASS,-8.735182176990463
NA19775,SECONDE,7.4e-10,PASS,-9.130768280269024
NA19778,SECONDE,9.75e-09,PASS,-8.010995384301463
NA19781,SECONDE,2.73e-10,PASS,-9.563837352959244
NA19784,SECONDE,1.37e-09,PASS,-8.863279432843592
NA19787,SECONDE,2.77e-10,PASS,-9.557520230935552
NA19790,SECONDE,8.71e-09,PASS,-8.059981844992336
NA19796,SECONDE,1.95e-09,PASS,-8.709965388637482
NA19828,SECONDE,1.11e-08,PASS,-7.954677021213342
NA19836,SECONDE,2.27e-09,PASS,-8.643974142806877
NA19902,SECONDE,2.25e-09,PASS,-8.647817481888637
NA19918,SECONDE,2.86e-09,PASS,-8.543633966870956
NA19919,SECONDE,2.08e-09,PASS,-8.681936665037238
NA19924,SECONDE,3.66e-09,PASS,-8.436518914605589
NA19983,SECONDE,5.39e-09,PASS,-8.26841123481326
NA20128,SECONDE,1.54e-05,PASS,-4.8124792791635365
NA20129,SECONDE,8.88e-09,PASS,-8.051587034221399
NA20279,SECONDE,5.4e-09,PASS,-8.267606240177031
NA20358,SECONDE,1.69e-08,PASS,-7.772113295386326
