human	chimp	alt	pos	sampleID	numtID	contigID	numtLength	numt_start	numt_end	comment
T	T	T	8091	HG002_all_regions	HG002_chr1.633402.634418|HISEQ1:19:H8VDAADXX:1:1116:12999:93335	HG002_chr1.633402.634418|HISEQ1:19:H8VDAADXX:1:1116:12999:93335	148	8087.0	8234.0	best_hit_to_mtDNA
T	T	T	8092	HG002_all_regions	HG002_chr1.633402.634418|HISEQ1:19:H8VDAADXX:1:1116:12999:93335	HG002_chr1.633402.634418|HISEQ1:19:H8VDAADXX:1:1116:12999:93335	148	8087.0	8234.0	best_hit_to_mtDNA
A	A	A	8093	HG002_all_regions	HG002_chr1.633402.634418|HISEQ1:19:H8VDAADXX:1:1116:12999:93335	HG002_chr1.633402.634418|HISEQ1:19:H8VDAADXX:1:1116:12999:93335	148	8087.0	8234.0	best_hit_to_mtDNA
G	G	G	8094	HG002_all_regions	HG002_chr1.633402.634418|HISEQ1:19:H8VDAADXX:1:1116:12999:93335	HG002_chr1.633402.634418|HISEQ1:19:H8VDAADXX:1:1116:12999:93335	148	8087.0	8234.0	best_hit_to_mtDNA
G	G	G	8095	HG002_all_regions	HG002_chr1.633402.634418|HISEQ1:19:H8VDAADXX:1:1116:12999:93335	HG002_chr1.633402.634418|HISEQ1:19:H8VDAADXX:1:1116:12999:93335	148	8087.0	8234.0	best_hit_to_mtDNA
C	C	C	8096	HG002_all_regions	HG002_chr1.633402.634418|HISEQ1:19:H8VDAADXX:1:1116:12999:93335	HG002_chr1.633402.634418|HISEQ1:19:H8VDAADXX:1:1116:12999:93335	148	8087.0	8234.0	best_hit_to_mtDNA
T	C	C	8097	HG002_all_regions	HG002_chr1.633402.634418|HISEQ1:19:H8VDAADXX:1:1116:12999:93335	HG002_chr1.633402.634418|HISEQ1:19:H8VDAADXX:1:1116:12999:93335	148	8087.0	8234.0	best_hit_to_mtDNA
T	T	T	8098	HG002_all_regions	HG002_chr1.633402.634418|HISEQ1:19:H8VDAADXX:1:1116:12999:93335	HG002_chr1.633402.634418|HISEQ1:19:H8VDAADXX:1:1116:12999:93335	148	8087.0	8234.0	best_hit_to_mtDNA
A	A	A	8099	HG002_all_regions	HG002_chr1.633402.634418|HISEQ1:19:H8VDAADXX:1:1116:12999:93335	HG002_chr1.633402.634418|HISEQ1:19:H8VDAADXX:1:1116:12999:93335	148	8087.0	8234.0	best_hit_to_mtDNA
A	A	A	8100	HG002_all_regions	HG002_chr1.633402.634418|HISEQ1:19:H8VDAADXX:1:1116:12999:93335	HG002_chr1.633402.634418|HISEQ1:19:H8VDAADXX:1:1116:12999:93335	148	8087.0	8234.0	best_hit_to_mtDNA
A	A	A	8101	HG002_all_regions	HG002_chr1.633402.634418|HISEQ1:19:H8VDAADXX:1:1116:12999:93335	HG002_chr1.633402.634418|HISEQ1:19:H8VDAADXX:1:1116:12999:93335	148	8087.0	8234.0	best_hit_to_mtDNA
A	A	A	8102	HG002_all_regions	HG002_chr1.633402.634418|HISEQ1:19:H8VDAADXX:1:1116:12999:93335	HG002_chr1.633402.634418|HISEQ1:19:H8VDAADXX:1:1116:12999:93335	148	8087.0	8234.0	best_hit_to_mtDNA
A	A	A	8103	HG002_all_regions	HG002_chr1.633402.634418|HISEQ1:19:H8VDAADXX:1:1116:12999:93335	HG002_chr1.633402.634418|HISEQ1:19:H8VDAADXX:1:1116:12999:93335	148	8087.0	8234.0	best_hit_to_mtDNA
C	C	C	8104	HG002_all_regions	HG002_chr1.633402.634418|HISEQ1:19:H8VDAADXX:1:1116:12999:93335	HG002_chr1.633402.634418|HISEQ1:19:H8VDAADXX:1:1116:12999:93335	148	8087.0	8234.0	best_hit_to_mtDNA
A	A	A	8105	HG002_all_regions	HG002_chr1.633402.634418|HISEQ1:19:H8VDAADXX:1:1116:12999:93335	HG002_chr1.633402.634418|HISEQ1:19:H8VDAADXX:1:1116:12999:93335	148	8087.0	8234.0	best_hit_to_mtDNA
G	G	G	8106	HG002_all_regions	HG002_chr1.633402.634418|HISEQ1:19:H8VDAADXX:1:1116:12999:93335	HG002_chr1.633402.634418|HISEQ1:19:H8VDAADXX:1:1116:12999:93335	148	8087.0	8234.0	best_hit_to_mtDNA
A	A	A	8107	HG002_all_regions	HG002_chr1.633402.634418|HISEQ1:19:H8VDAADXX:1:1116:12999:93335	HG002_chr1.633402.634418|HISEQ1:19:H8VDAADXX:1:1116:12999:93335	148	8087.0	8234.0	best_hit_to_mtDNA
T	C	T	8108	HG002_all_regions	HG002_chr1.633402.634418|HISEQ1:19:H8VDAADXX:1:1116:12999:93335	HG002_chr1.633402.634418|HISEQ1:19:H8VDAADXX:1:1116:12999:93335	148	8087.0	8234.0	best_hit_to_mtDNA
G	G	G	8109	HG002_all_regions	HG002_chr1.633402.634418|HISEQ1:19:H8VDAADXX:1:1116:12999:93335	HG002_chr1.633402.634418|HISEQ1:19:H8VDAADXX:1:1116:12999:93335	148	8087.0	8234.0	best_hit_to_mtDNA
C	C	C	8110	HG002_all_regions	HG002_chr1.633402.634418|HISEQ1:19:H8VDAADXX:1:1116:12999:93335	HG002_chr1.633402.634418|HISEQ1:19:H8VDAADXX:1:1116:12999:93335	148	8087.0	8234.0	best_hit_to_mtDNA
A	A	A	8111	HG002_all_regions	HG002_chr1.633402.634418|HISEQ1:19:H8VDAADXX:1:1116:12999:93335	HG002_chr1.633402.634418|HISEQ1:19:H8VDAADXX:1:1116:12999:93335	148	8087.0	8234.0	best_hit_to_mtDNA
A	A	A	8112	HG002_all_regions	HG002_chr1.633402.634418|HISEQ1:19:H8VDAADXX:1:1116:12999:93335	HG002_chr1.633402.634418|HISEQ1:19:H8VDAADXX:1:1116:12999:93335	148	8087.0	8234.0	best_hit_to_mtDNA
T	T	T	8113	HG002_all_regions	HG002_chr1.633402.634418|HISEQ1:19:H8VDAADXX:1:1116:12999:93335	HG002_chr1.633402.634418|HISEQ1:19:H8VDAADXX:1:1116:12999:93335	148	8087.0	8234.0	best_hit_to_mtDNA
T	T	T	8114	HG002_all_regions	HG002_chr1.633402.634418|HISEQ1:19:H8VDAADXX:1:1116:12999:93335	HG002_chr1.633402.634418|HISEQ1:19:H8VDAADXX:1:1116:12999:93335	148	8087.0	8234.0	best_hit_to_mtDNA
C	C	C	8115	HG002_all_regions	HG002_chr1.633402.634418|HISEQ1:19:H8VDAADXX:1:1116:12999:93335	HG002_chr1.633402.634418|HISEQ1:19:H8VDAADXX:1:1116:12999:93335	148	8087.0	8234.0	best_hit_to_mtDNA
C	C	C	8116	HG002_all_regions	HG002_chr1.633402.634418|HISEQ1:19:H8VDAADXX:1:1116:12999:93335	HG002_chr1.633402.634418|HISEQ1:19:H8VDAADXX:1:1116:12999:93335	148	8087.0	8234.0	best_hit_to_mtDNA
C	C	C	8117	HG002_all_regions	HG002_chr1.633402.634418|HISEQ1:19:H8VDAADXX:1:1116:12999:93335	HG002_chr1.633402.634418|HISEQ1:19:H8VDAADXX:1:1116:12999:93335	148	8087.0	8234.0	best_hit_to_mtDNA
G	G	G	8118	HG002_all_regions	HG002_chr1.633402.634418|HISEQ1:19:H8VDAADXX:1:1116:12999:93335	HG002_chr1.633402.634418|HISEQ1:19:H8VDAADXX:1:1116:12999:93335	148	8087.0	8234.0	best_hit_to_mtDNA
G	G	G	8119	HG002_all_regions	HG002_chr1.633402.634418|HISEQ1:19:H8VDAADXX:1:1116:12999:93335	HG002_chr1.633402.634418|HISEQ1:19:H8VDAADXX:1:1116:12999:93335	148	8087.0	8234.0	best_hit_to_mtDNA
A	A	A	8120	HG002_all_regions	HG002_chr1.633402.634418|HISEQ1:19:H8VDAADXX:1:1116:12999:93335	HG002_chr1.633402.634418|HISEQ1:19:H8VDAADXX:1:1116:12999:93335	148	8087.0	8234.0	best_hit_to_mtDNA
C	C	C	8121	HG002_all_regions	HG002_chr1.633402.634418|HISEQ1:19:H8VDAADXX:1:1116:12999:93335	HG002_chr1.633402.634418|HISEQ1:19:H8VDAADXX:1:1116:12999:93335	148	8087.0	8234.0	best_hit_to_mtDNA
G	G	G	8122	HG002_all_regions	HG002_chr1.633402.634418|HISEQ1:19:H8VDAADXX:1:1116:12999:93335	HG002_chr1.633402.634418|HISEQ1:19:H8VDAADXX:1:1116:12999:93335	148	8087.0	8234.0	best_hit_to_mtDNA
T	C	C	8123	HG002_all_regions	HG002_chr1.633402.634418|HISEQ1:19:H8VDAADXX:1:1116:12999:93335	HG002_chr1.633402.634418|HISEQ1:19:H8VDAADXX:1:1116:12999:93335	148	8087.0	8234.0	best_hit_to_mtDNA
C	C	C	8124	HG002_all_regions	HG002_chr1.633402.634418|HISEQ1:19:H8VDAADXX:1:1116:12999:93335	HG002_chr1.633402.634418|HISEQ1:19:H8VDAADXX:1:1116:12999:93335	148	8087.0	8234.0	best_hit_to_mtDNA
T	T	T	8125	HG002_all_regions	HG002_chr1.633402.634418|HISEQ1:19:H8VDAADXX:1:1116:12999:93335	HG002_chr1.633402.634418|HISEQ1:19:H8VDAADXX:1:1116:12999:93335	148	8087.0	8234.0	best_hit_to_mtDNA
A	A	G	8126	HG002_all_regions	HG002_chr1.633402.634418|HISEQ1:19:H8VDAADXX:1:1116:12999:93335	HG002_chr1.633402.634418|HISEQ1:19:H8VDAADXX:1:1116:12999:93335	148	8087.0	8234.0	best_hit_to_mtDNA
A	A	A	8127	HG002_all_regions	HG002_chr1.633402.634418|HISEQ1:19:H8VDAADXX:1:1116:12999:93335	HG002_chr1.633402.634418|HISEQ1:19:H8VDAADXX:1:1116:12999:93335	148	8087.0	8234.0	best_hit_to_mtDNA
A	A	A	8128	HG002_all_regions	HG002_chr1.633402.634418|HISEQ1:19:H8VDAADXX:1:1116:12999:93335	HG002_chr1.633402.634418|HISEQ1:19:H8VDAADXX:1:1116:12999:93335	148	8087.0	8234.0	best_hit_to_mtDNA
C	C	C	8129	HG002_all_regions	HG002_chr1.633402.634418|HISEQ1:19:H8VDAADXX:1:1116:12999:93335	HG002_chr1.633402.634418|HISEQ1:19:H8VDAADXX:1:1116:12999:93335	148	8087.0	8234.0	best_hit_to_mtDNA
C	C	C	8130	HG002_all_regions	HG002_chr1.633402.634418|HISEQ1:19:H8VDAADXX:1:1116:12999:93335	HG002_chr1.633402.634418|HISEQ1:19:H8VDAADXX:1:1116:12999:93335	148	8087.0	8234.0	best_hit_to_mtDNA
A	A	A	8131	HG002_all_regions	HG002_chr1.633402.634418|HISEQ1:19:H8VDAADXX:1:1116:12999:93335	HG002_chr1.633402.634418|HISEQ1:19:H8VDAADXX:1:1116:12999:93335	148	8087.0	8234.0	best_hit_to_mtDNA
A	A	A	8132	HG002_all_regions	HG002_chr1.633402.634418|HISEQ1:19:H8VDAADXX:1:1116:12999:93335	HG002_chr1.633402.634418|HISEQ1:19:H8VDAADXX:1:1116:12999:93335	148	8087.0	8234.0	best_hit_to_mtDNA
A	A	A	8133	HG002_all_regions	HG002_chr1.633402.634418|HISEQ1:19:H8VDAADXX:1:1116:12999:93335	HG002_chr1.633402.634418|HISEQ1:19:H8VDAADXX:1:1116:12999:93335	148	8087.0	8234.0	best_hit_to_mtDNA
C	C	C	8134	HG002_all_regions	HG002_chr1.633402.634418|HISEQ1:19:H8VDAADXX:1:1116:12999:93335	HG002_chr1.633402.634418|HISEQ1:19:H8VDAADXX:1:1116:12999:93335	148	8087.0	8234.0	best_hit_to_mtDNA
C	C	C	8135	HG002_all_regions	HG002_chr1.633402.634418|HISEQ1:19:H8VDAADXX:1:1116:12999:93335	HG002_chr1.633402.634418|HISEQ1:19:H8VDAADXX:1:1116:12999:93335	148	8087.0	8234.0	best_hit_to_mtDNA
A	A	A	8136	HG002_all_regions	HG002_chr1.633402.634418|HISEQ1:19:H8VDAADXX:1:1116:12999:93335	HG002_chr1.633402.634418|HISEQ1:19:H8VDAADXX:1:1116:12999:93335	148	8087.0	8234.0	best_hit_to_mtDNA
C	C	C	8137	HG002_all_regions	HG002_chr1.633402.634418|HISEQ1:19:H8VDAADXX:1:1116:12999:93335	HG002_chr1.633402.634418|HISEQ1:19:H8VDAADXX:1:1116:12999:93335	148	8087.0	8234.0	best_hit_to_mtDNA
T	T	T	8138	HG002_all_regions	HG002_chr1.633402.634418|HISEQ1:19:H8VDAADXX:1:1116:12999:93335	HG002_chr1.633402.634418|HISEQ1:19:H8VDAADXX:1:1116:12999:93335	148	8087.0	8234.0	best_hit_to_mtDNA
T	T	T	8139	HG002_all_regions	HG002_chr1.633402.634418|HISEQ1:19:H8VDAADXX:1:1116:12999:93335	HG002_chr1.633402.634418|HISEQ1:19:H8VDAADXX:1:1116:12999:93335	148	8087.0	8234.0	best_hit_to_mtDNA
T	T	T	8140	HG002_all_regions	HG002_chr1.633402.634418|HISEQ1:19:H8VDAADXX:1:1116:12999:93335	HG002_chr1.633402.634418|HISEQ1:19:H8VDAADXX:1:1116:12999:93335	148	8087.0	8234.0	best_hit_to_mtDNA
C	C	C	8141	HG002_all_regions	HG002_chr1.633402.634418|HISEQ1:19:H8VDAADXX:1:1116:12999:93335	HG002_chr1.633402.634418|HISEQ1:19:H8VDAADXX:1:1116:12999:93335	148	8087.0	8234.0	best_hit_to_mtDNA
A	A	A	8142	HG002_all_regions	HG002_chr1.633402.634418|HISEQ1:19:H8VDAADXX:1:1116:12999:93335	HG002_chr1.633402.634418|HISEQ1:19:H8VDAADXX:1:1116:12999:93335	148	8087.0	8234.0	best_hit_to_mtDNA
C	C	C	8143	HG002_all_regions	HG002_chr1.633402.634418|HISEQ1:19:H8VDAADXX:1:1116:12999:93335	HG002_chr1.633402.634418|HISEQ1:19:H8VDAADXX:1:1116:12999:93335	148	8087.0	8234.0	best_hit_to_mtDNA
C	C	T	8144	HG002_all_regions	HG002_chr1.633402.634418|HISEQ1:19:H8VDAADXX:1:1116:12999:93335	HG002_chr1.633402.634418|HISEQ1:19:H8VDAADXX:1:1116:12999:93335	148	8087.0	8234.0	best_hit_to_mtDNA
G	G	G	8145	HG002_all_regions	HG002_chr1.633402.634418|HISEQ1:19:H8VDAADXX:1:1116:12999:93335	HG002_chr1.633402.634418|HISEQ1:19:H8VDAADXX:1:1116:12999:93335	148	8087.0	8234.0	best_hit_to_mtDNA
C	C	C	8146	HG002_all_regions	HG002_chr1.633402.634418|HISEQ1:19:H8VDAADXX:1:1116:12999:93335	HG002_chr1.633402.634418|HISEQ1:19:H8VDAADXX:1:1116:12999:93335	148	8087.0	8234.0	best_hit_to_mtDNA
T	C	T	8147	HG002_all_regions	HG002_chr1.633402.634418|HISEQ1:19:H8VDAADXX:1:1116:12999:93335	HG002_chr1.633402.634418|HISEQ1:19:H8VDAADXX:1:1116:12999:93335	148	8087.0	8234.0	best_hit_to_mtDNA
A	A	A	8148	HG002_all_regions	HG002_chr1.633402.634418|HISEQ1:19:H8VDAADXX:1:1116:12999:93335	HG002_chr1.633402.634418|HISEQ1:19:H8VDAADXX:1:1116:12999:93335	148	8087.0	8234.0	best_hit_to_mtDNA
C	C	C	8149	HG002_all_regions	HG002_chr1.633402.634418|HISEQ1:19:H8VDAADXX:1:1116:12999:93335	HG002_chr1.633402.634418|HISEQ1:19:H8VDAADXX:1:1116:12999:93335	148	8087.0	8234.0	best_hit_to_mtDNA
A	A	A	8150	HG002_all_regions	HG002_chr1.633402.634418|HISEQ1:19:H8VDAADXX:1:1116:12999:93335	HG002_chr1.633402.634418|HISEQ1:19:H8VDAADXX:1:1116:12999:93335	148	8087.0	8234.0	best_hit_to_mtDNA
C	C	C	8151	HG002_all_regions	HG002_chr1.633402.634418|HISEQ1:19:H8VDAADXX:1:1116:12999:93335	HG002_chr1.633402.634418|HISEQ1:19:H8VDAADXX:1:1116:12999:93335	148	8087.0	8234.0	best_hit_to_mtDNA
G	G	G	8152	HG002_all_regions	HG002_chr1.633402.634418|HISEQ1:19:H8VDAADXX:1:1116:12999:93335	HG002_chr1.633402.634418|HISEQ1:19:H8VDAADXX:1:1116:12999:93335	148	8087.0	8234.0	best_hit_to_mtDNA
A	A	A	8153	HG002_all_regions	HG002_chr1.633402.634418|HISEQ1:19:H8VDAADXX:1:1116:12999:93335	HG002_chr1.633402.634418|HISEQ1:19:H8VDAADXX:1:1116:12999:93335	148	8087.0	8234.0	best_hit_to_mtDNA
C	C	C	8154	HG002_all_regions	HG002_chr1.633402.634418|HISEQ1:19:H8VDAADXX:1:1116:12999:93335	HG002_chr1.633402.634418|HISEQ1:19:H8VDAADXX:1:1116:12999:93335	148	8087.0	8234.0	best_hit_to_mtDNA
C	C	C	8155	HG002_all_regions	HG002_chr1.633402.634418|HISEQ1:19:H8VDAADXX:1:1116:12999:93335	HG002_chr1.633402.634418|HISEQ1:19:H8VDAADXX:1:1116:12999:93335	148	8087.0	8234.0	best_hit_to_mtDNA
G	A	A	8156	HG002_all_regions	HG002_chr1.633402.634418|HISEQ1:19:H8VDAADXX:1:1116:12999:93335	HG002_chr1.633402.634418|HISEQ1:19:H8VDAADXX:1:1116:12999:93335	148	8087.0	8234.0	best_hit_to_mtDNA
G	G	G	8157	HG002_all_regions	HG002_chr1.633402.634418|HISEQ1:19:H8VDAADXX:1:1116:12999:93335	HG002_chr1.633402.634418|HISEQ1:19:H8VDAADXX:1:1116:12999:93335	148	8087.0	8234.0	best_hit_to_mtDNA
G	G	G	8158	HG002_all_regions	HG002_chr1.633402.634418|HISEQ1:19:H8VDAADXX:1:1116:12999:93335	HG002_chr1.633402.634418|HISEQ1:19:H8VDAADXX:1:1116:12999:93335	148	8087.0	8234.0	best_hit_to_mtDNA
G	A	G	8159	HG002_all_regions	HG002_chr1.633402.634418|HISEQ1:19:H8VDAADXX:1:1116:12999:93335	HG002_chr1.633402.634418|HISEQ1:19:H8VDAADXX:1:1116:12999:93335	148	8087.0	8234.0	best_hit_to_mtDNA
G	G	G	8160	HG002_all_regions	HG002_chr1.633402.634418|HISEQ1:19:H8VDAADXX:1:1116:12999:93335	HG002_chr1.633402.634418|HISEQ1:19:H8VDAADXX:1:1116:12999:93335	148	8087.0	8234.0	best_hit_to_mtDNA
T	T	T	8161	HG002_all_regions	HG002_chr1.633402.634418|HISEQ1:19:H8VDAADXX:1:1116:12999:93335	HG002_chr1.633402.634418|HISEQ1:19:H8VDAADXX:1:1116:12999:93335	148	8087.0	8234.0	best_hit_to_mtDNA
A	A	G	8162	HG002_all_regions	HG002_chr1.633402.634418|HISEQ1:19:H8VDAADXX:1:1116:12999:93335	HG002_chr1.633402.634418|HISEQ1:19:H8VDAADXX:1:1116:12999:93335	148	8087.0	8234.0	best_hit_to_mtDNA
T	T	T	8163	HG002_all_regions	HG002_chr1.633402.634418|HISEQ1:19:H8VDAADXX:1:1116:12999:93335	HG002_chr1.633402.634418|HISEQ1:19:H8VDAADXX:1:1116:12999:93335	148	8087.0	8234.0	best_hit_to_mtDNA
A	A	A	8164	HG002_all_regions	HG002_chr1.633402.634418|HISEQ1:19:H8VDAADXX:1:1116:12999:93335	HG002_chr1.633402.634418|HISEQ1:19:H8VDAADXX:1:1116:12999:93335	148	8087.0	8234.0	best_hit_to_mtDNA
C	C	C	8165	HG002_all_regions	HG002_chr1.633402.634418|HISEQ1:19:H8VDAADXX:1:1116:12999:93335	HG002_chr1.633402.634418|HISEQ1:19:H8VDAADXX:1:1116:12999:93335	148	8087.0	8234.0	best_hit_to_mtDNA
T	T	T	8166	HG002_all_regions	HG002_chr1.633402.634418|HISEQ1:19:H8VDAADXX:1:1116:12999:93335	HG002_chr1.633402.634418|HISEQ1:19:H8VDAADXX:1:1116:12999:93335	148	8087.0	8234.0	best_hit_to_mtDNA
A	A	A	8167	HG002_all_regions	HG002_chr1.633402.634418|HISEQ1:19:H8VDAADXX:1:1116:12999:93335	HG002_chr1.633402.634418|HISEQ1:19:H8VDAADXX:1:1116:12999:93335	148	8087.0	8234.0	best_hit_to_mtDNA
C	C	C	8168	HG002_all_regions	HG002_chr1.633402.634418|HISEQ1:19:H8VDAADXX:1:1116:12999:93335	HG002_chr1.633402.634418|HISEQ1:19:H8VDAADXX:1:1116:12999:93335	148	8087.0	8234.0	best_hit_to_mtDNA
G	G	G	8169	HG002_all_regions	HG002_chr1.633402.634418|HISEQ1:19:H8VDAADXX:1:1116:12999:93335	HG002_chr1.633402.634418|HISEQ1:19:H8VDAADXX:1:1116:12999:93335	148	8087.0	8234.0	best_hit_to_mtDNA
G	G	G	8170	HG002_all_regions	HG002_chr1.633402.634418|HISEQ1:19:H8VDAADXX:1:1116:12999:93335	HG002_chr1.633402.634418|HISEQ1:19:H8VDAADXX:1:1116:12999:93335	148	8087.0	8234.0	best_hit_to_mtDNA
T	C	C	8171	HG002_all_regions	HG002_chr1.633402.634418|HISEQ1:19:H8VDAADXX:1:1116:12999:93335	HG002_chr1.633402.634418|HISEQ1:19:H8VDAADXX:1:1116:12999:93335	148	8087.0	8234.0	best_hit_to_mtDNA
C	C	C	8172	HG002_all_regions	HG002_chr1.633402.634418|HISEQ1:19:H8VDAADXX:1:1116:12999:93335	HG002_chr1.633402.634418|HISEQ1:19:H8VDAADXX:1:1116:12999:93335	148	8087.0	8234.0	best_hit_to_mtDNA
A	A	A	8173	HG002_all_regions	HG002_chr1.633402.634418|HISEQ1:19:H8VDAADXX:1:1116:12999:93335	HG002_chr1.633402.634418|HISEQ1:19:H8VDAADXX:1:1116:12999:93335	148	8087.0	8234.0	best_hit_to_mtDNA
A	A	A	8174	HG002_all_regions	HG002_chr1.633402.634418|HISEQ1:19:H8VDAADXX:1:1116:12999:93335	HG002_chr1.633402.634418|HISEQ1:19:H8VDAADXX:1:1116:12999:93335	148	8087.0	8234.0	best_hit_to_mtDNA
T	T	T	8175	HG002_all_regions	HG002_chr1.633402.634418|HISEQ1:19:H8VDAADXX:1:1116:12999:93335	HG002_chr1.633402.634418|HISEQ1:19:H8VDAADXX:1:1116:12999:93335	148	8087.0	8234.0	best_hit_to_mtDNA
G	G	G	8176	HG002_all_regions	HG002_chr1.633402.634418|HISEQ1:19:H8VDAADXX:1:1116:12999:93335	HG002_chr1.633402.634418|HISEQ1:19:H8VDAADXX:1:1116:12999:93335	148	8087.0	8234.0	best_hit_to_mtDNA
C	C	C	8177	HG002_all_regions	HG002_chr1.633402.634418|HISEQ1:19:H8VDAADXX:1:1116:12999:93335	HG002_chr1.633402.634418|HISEQ1:19:H8VDAADXX:1:1116:12999:93335	148	8087.0	8234.0	best_hit_to_mtDNA
T	T	T	8178	HG002_all_regions	HG002_chr1.633402.634418|HISEQ1:19:H8VDAADXX:1:1116:12999:93335	HG002_chr1.633402.634418|HISEQ1:19:H8VDAADXX:1:1116:12999:93335	148	8087.0	8234.0	best_hit_to_mtDNA
C	C	C	8179	HG002_all_regions	HG002_chr1.633402.634418|HISEQ1:19:H8VDAADXX:1:1116:12999:93335	HG002_chr1.633402.634418|HISEQ1:19:H8VDAADXX:1:1116:12999:93335	148	8087.0	8234.0	best_hit_to_mtDNA
T	A	T	8180	HG002_all_regions	HG002_chr1.633402.634418|HISEQ1:19:H8VDAADXX:1:1116:12999:93335	HG002_chr1.633402.634418|HISEQ1:19:H8VDAADXX:1:1116:12999:93335	148	8087.0	8234.0	best_hit_to_mtDNA
G	G	G	8181	HG002_all_regions	HG002_chr1.633402.634418|HISEQ1:19:H8VDAADXX:1:1116:12999:93335	HG002_chr1.633402.634418|HISEQ1:19:H8VDAADXX:1:1116:12999:93335	148	8087.0	8234.0	best_hit_to_mtDNA
A	A	A	8182	HG002_all_regions	HG002_chr1.633402.634418|HISEQ1:19:H8VDAADXX:1:1116:12999:93335	HG002_chr1.633402.634418|HISEQ1:19:H8VDAADXX:1:1116:12999:93335	148	8087.0	8234.0	best_hit_to_mtDNA
A	A	A	8183	HG002_all_regions	HG002_chr1.633402.634418|HISEQ1:19:H8VDAADXX:1:1116:12999:93335	HG002_chr1.633402.634418|HISEQ1:19:H8VDAADXX:1:1116:12999:93335	148	8087.0	8234.0	best_hit_to_mtDNA
A	A	A	8184	HG002_all_regions	HG002_chr1.633402.634418|HISEQ1:19:H8VDAADXX:1:1116:12999:93335	HG002_chr1.633402.634418|HISEQ1:19:H8VDAADXX:1:1116:12999:93335	148	8087.0	8234.0	best_hit_to_mtDNA
T	T	T	8185	HG002_all_regions	HG002_chr1.633402.634418|HISEQ1:19:H8VDAADXX:1:1116:12999:93335	HG002_chr1.633402.634418|HISEQ1:19:H8VDAADXX:1:1116:12999:93335	148	8087.0	8234.0	best_hit_to_mtDNA
C	C	C	8186	HG002_all_regions	HG002_chr1.633402.634418|HISEQ1:19:H8VDAADXX:1:1116:12999:93335	HG002_chr1.633402.634418|HISEQ1:19:H8VDAADXX:1:1116:12999:93335	148	8087.0	8234.0	best_hit_to_mtDNA
T	T	T	8187	HG002_all_regions	HG002_chr1.633402.634418|HISEQ1:19:H8VDAADXX:1:1116:12999:93335	HG002_chr1.633402.634418|HISEQ1:19:H8VDAADXX:1:1116:12999:93335	148	8087.0	8234.0	best_hit_to_mtDNA
G	G	G	8188	HG002_all_regions	HG002_chr1.633402.634418|HISEQ1:19:H8VDAADXX:1:1116:12999:93335	HG002_chr1.633402.634418|HISEQ1:19:H8VDAADXX:1:1116:12999:93335	148	8087.0	8234.0	best_hit_to_mtDNA
T	T	T	8189	HG002_all_regions	HG002_chr1.633402.634418|HISEQ1:19:H8VDAADXX:1:1116:12999:93335	HG002_chr1.633402.634418|HISEQ1:19:H8VDAADXX:1:1116:12999:93335	148	8087.0	8234.0	best_hit_to_mtDNA
G	G	G	8190	HG002_all_regions	HG002_chr1.633402.634418|HISEQ1:19:H8VDAADXX:1:1116:12999:93335	HG002_chr1.633402.634418|HISEQ1:19:H8VDAADXX:1:1116:12999:93335	148	8087.0	8234.0	best_hit_to_mtDNA
G	G	G	8191	HG002_all_regions	HG002_chr1.633402.634418|HISEQ1:19:H8VDAADXX:1:1116:12999:93335	HG002_chr1.633402.634418|HISEQ1:19:H8VDAADXX:1:1116:12999:93335	148	8087.0	8234.0	best_hit_to_mtDNA
A	A	A	8192	HG002_all_regions	HG002_chr1.633402.634418|HISEQ1:19:H8VDAADXX:1:1116:12999:93335	HG002_chr1.633402.634418|HISEQ1:19:H8VDAADXX:1:1116:12999:93335	148	8087.0	8234.0	best_hit_to_mtDNA
G	G	G	8193	HG002_all_regions	HG002_chr1.633402.634418|HISEQ1:19:H8VDAADXX:1:1116:12999:93335	HG002_chr1.633402.634418|HISEQ1:19:H8VDAADXX:1:1116:12999:93335	148	8087.0	8234.0	best_hit_to_mtDNA
C	C	C	8194	HG002_all_regions	HG002_chr1.633402.634418|HISEQ1:19:H8VDAADXX:1:1116:12999:93335	HG002_chr1.633402.634418|HISEQ1:19:H8VDAADXX:1:1116:12999:93335	148	8087.0	8234.0	best_hit_to_mtDNA
A	A	A	8195	HG002_all_regions	HG002_chr1.633402.634418|HISEQ1:19:H8VDAADXX:1:1116:12999:93335	HG002_chr1.633402.634418|HISEQ1:19:H8VDAADXX:1:1116:12999:93335	148	8087.0	8234.0	best_hit_to_mtDNA
A	A	A	8196	HG002_all_regions	HG002_chr1.633402.634418|HISEQ1:19:H8VDAADXX:1:1116:12999:93335	HG002_chr1.633402.634418|HISEQ1:19:H8VDAADXX:1:1116:12999:93335	148	8087.0	8234.0	best_hit_to_mtDNA
A	A	A	8197	HG002_all_regions	HG002_chr1.633402.634418|HISEQ1:19:H8VDAADXX:1:1116:12999:93335	HG002_chr1.633402.634418|HISEQ1:19:H8VDAADXX:1:1116:12999:93335	148	8087.0	8234.0	best_hit_to_mtDNA
C	C	C	8198	HG002_all_regions	HG002_chr1.633402.634418|HISEQ1:19:H8VDAADXX:1:1116:12999:93335	HG002_chr1.633402.634418|HISEQ1:19:H8VDAADXX:1:1116:12999:93335	148	8087.0	8234.0	best_hit_to_mtDNA
C	C	C	8199	HG002_all_regions	HG002_chr1.633402.634418|HISEQ1:19:H8VDAADXX:1:1116:12999:93335	HG002_chr1.633402.634418|HISEQ1:19:H8VDAADXX:1:1116:12999:93335	148	8087.0	8234.0	best_hit_to_mtDNA
A	A	A	8200	HG002_all_regions	HG002_chr1.633402.634418|HISEQ1:19:H8VDAADXX:1:1116:12999:93335	HG002_chr1.633402.634418|HISEQ1:19:H8VDAADXX:1:1116:12999:93335	148	8087.0	8234.0	best_hit_to_mtDNA
C	C	C	8201	HG002_all_regions	HG002_chr1.633402.634418|HISEQ1:19:H8VDAADXX:1:1116:12999:93335	HG002_chr1.633402.634418|HISEQ1:19:H8VDAADXX:1:1116:12999:93335	148	8087.0	8234.0	best_hit_to_mtDNA
A	A	A	8202	HG002_all_regions	HG002_chr1.633402.634418|HISEQ1:19:H8VDAADXX:1:1116:12999:93335	HG002_chr1.633402.634418|HISEQ1:19:H8VDAADXX:1:1116:12999:93335	148	8087.0	8234.0	best_hit_to_mtDNA
G	G	G	8203	HG002_all_regions	HG002_chr1.633402.634418|HISEQ1:19:H8VDAADXX:1:1116:12999:93335	HG002_chr1.633402.634418|HISEQ1:19:H8VDAADXX:1:1116:12999:93335	148	8087.0	8234.0	best_hit_to_mtDNA
T	T	T	8204	HG002_all_regions	HG002_chr1.633402.634418|HISEQ1:19:H8VDAADXX:1:1116:12999:93335	HG002_chr1.633402.634418|HISEQ1:19:H8VDAADXX:1:1116:12999:93335	148	8087.0	8234.0	best_hit_to_mtDNA
T	T	T	8205	HG002_all_regions	HG002_chr1.633402.634418|HISEQ1:19:H8VDAADXX:1:1116:12999:93335	HG002_chr1.633402.634418|HISEQ1:19:H8VDAADXX:1:1116:12999:93335	148	8087.0	8234.0	best_hit_to_mtDNA
T	T	T	8206	HG002_all_regions	HG002_chr1.633402.634418|HISEQ1:19:H8VDAADXX:1:1116:12999:93335	HG002_chr1.633402.634418|HISEQ1:19:H8VDAADXX:1:1116:12999:93335	148	8087.0	8234.0	best_hit_to_mtDNA
C	T	T	8207	HG002_all_regions	HG002_chr1.633402.634418|HISEQ1:19:H8VDAADXX:1:1116:12999:93335	HG002_chr1.633402.634418|HISEQ1:19:H8VDAADXX:1:1116:12999:93335	148	8087.0	8234.0	best_hit_to_mtDNA
A	A	A	8208	HG002_all_regions	HG002_chr1.633402.634418|HISEQ1:19:H8VDAADXX:1:1116:12999:93335	HG002_chr1.633402.634418|HISEQ1:19:H8VDAADXX:1:1116:12999:93335	148	8087.0	8234.0	best_hit_to_mtDNA
T	T	T	8209	HG002_all_regions	HG002_chr1.633402.634418|HISEQ1:19:H8VDAADXX:1:1116:12999:93335	HG002_chr1.633402.634418|HISEQ1:19:H8VDAADXX:1:1116:12999:93335	148	8087.0	8234.0	best_hit_to_mtDNA
G	A	A	8210	HG002_all_regions	HG002_chr1.633402.634418|HISEQ1:19:H8VDAADXX:1:1116:12999:93335	HG002_chr1.633402.634418|HISEQ1:19:H8VDAADXX:1:1116:12999:93335	148	8087.0	8234.0	best_hit_to_mtDNA
C	C	C	8211	HG002_all_regions	HG002_chr1.633402.634418|HISEQ1:19:H8VDAADXX:1:1116:12999:93335	HG002_chr1.633402.634418|HISEQ1:19:H8VDAADXX:1:1116:12999:93335	148	8087.0	8234.0	best_hit_to_mtDNA
C	C	C	8212	HG002_all_regions	HG002_chr1.633402.634418|HISEQ1:19:H8VDAADXX:1:1116:12999:93335	HG002_chr1.633402.634418|HISEQ1:19:H8VDAADXX:1:1116:12999:93335	148	8087.0	8234.0	best_hit_to_mtDNA
C	C	C	8213	HG002_all_regions	HG002_chr1.633402.634418|HISEQ1:19:H8VDAADXX:1:1116:12999:93335	HG002_chr1.633402.634418|HISEQ1:19:H8VDAADXX:1:1116:12999:93335	148	8087.0	8234.0	best_hit_to_mtDNA
A	A	A	8214	HG002_all_regions	HG002_chr1.633402.634418|HISEQ1:19:H8VDAADXX:1:1116:12999:93335	HG002_chr1.633402.634418|HISEQ1:19:H8VDAADXX:1:1116:12999:93335	148	8087.0	8234.0	best_hit_to_mtDNA
T	T	T	8215	HG002_all_regions	HG002_chr1.633402.634418|HISEQ1:19:H8VDAADXX:1:1116:12999:93335	HG002_chr1.633402.634418|HISEQ1:19:H8VDAADXX:1:1116:12999:93335	148	8087.0	8234.0	best_hit_to_mtDNA
C	C	C	8216	HG002_all_regions	HG002_chr1.633402.634418|HISEQ1:19:H8VDAADXX:1:1116:12999:93335	HG002_chr1.633402.634418|HISEQ1:19:H8VDAADXX:1:1116:12999:93335	148	8087.0	8234.0	best_hit_to_mtDNA
G	G	G	8217	HG002_all_regions	HG002_chr1.633402.634418|HISEQ1:19:H8VDAADXX:1:1116:12999:93335	HG002_chr1.633402.634418|HISEQ1:19:H8VDAADXX:1:1116:12999:93335	148	8087.0	8234.0	best_hit_to_mtDNA
T	T	T	8218	HG002_all_regions	HG002_chr1.633402.634418|HISEQ1:19:H8VDAADXX:1:1116:12999:93335	HG002_chr1.633402.634418|HISEQ1:19:H8VDAADXX:1:1116:12999:93335	148	8087.0	8234.0	best_hit_to_mtDNA
C	C	C	8219	HG002_all_regions	HG002_chr1.633402.634418|HISEQ1:19:H8VDAADXX:1:1116:12999:93335	HG002_chr1.633402.634418|HISEQ1:19:H8VDAADXX:1:1116:12999:93335	148	8087.0	8234.0	best_hit_to_mtDNA
C	C	C	8220	HG002_all_regions	HG002_chr1.633402.634418|HISEQ1:19:H8VDAADXX:1:1116:12999:93335	HG002_chr1.633402.634418|HISEQ1:19:H8VDAADXX:1:1116:12999:93335	148	8087.0	8234.0	best_hit_to_mtDNA
T	T	T	8221	HG002_all_regions	HG002_chr1.633402.634418|HISEQ1:19:H8VDAADXX:1:1116:12999:93335	HG002_chr1.633402.634418|HISEQ1:19:H8VDAADXX:1:1116:12999:93335	148	8087.0	8234.0	best_hit_to_mtDNA
A	A	A	8222	HG002_all_regions	HG002_chr1.633402.634418|HISEQ1:19:H8VDAADXX:1:1116:12999:93335	HG002_chr1.633402.634418|HISEQ1:19:H8VDAADXX:1:1116:12999:93335	148	8087.0	8234.0	best_hit_to_mtDNA
G	G	G	8223	HG002_all_regions	HG002_chr1.633402.634418|HISEQ1:19:H8VDAADXX:1:1116:12999:93335	HG002_chr1.633402.634418|HISEQ1:19:H8VDAADXX:1:1116:12999:93335	148	8087.0	8234.0	best_hit_to_mtDNA
A	A	A	8224	HG002_all_regions	HG002_chr1.633402.634418|HISEQ1:19:H8VDAADXX:1:1116:12999:93335	HG002_chr1.633402.634418|HISEQ1:19:H8VDAADXX:1:1116:12999:93335	148	8087.0	8234.0	best_hit_to_mtDNA
A	A	A	8225	HG002_all_regions	HG002_chr1.633402.634418|HISEQ1:19:H8VDAADXX:1:1116:12999:93335	HG002_chr1.633402.634418|HISEQ1:19:H8VDAADXX:1:1116:12999:93335	148	8087.0	8234.0	best_hit_to_mtDNA
T	T	T	8226	HG002_all_regions	HG002_chr1.633402.634418|HISEQ1:19:H8VDAADXX:1:1116:12999:93335	HG002_chr1.633402.634418|HISEQ1:19:H8VDAADXX:1:1116:12999:93335	148	8087.0	8234.0	best_hit_to_mtDNA
T	T	T	8227	HG002_all_regions	HG002_chr1.633402.634418|HISEQ1:19:H8VDAADXX:1:1116:12999:93335	HG002_chr1.633402.634418|HISEQ1:19:H8VDAADXX:1:1116:12999:93335	148	8087.0	8234.0	best_hit_to_mtDNA
A	A	A	8228	HG002_all_regions	HG002_chr1.633402.634418|HISEQ1:19:H8VDAADXX:1:1116:12999:93335	HG002_chr1.633402.634418|HISEQ1:19:H8VDAADXX:1:1116:12999:93335	148	8087.0	8234.0	best_hit_to_mtDNA
A	A	A	8229	HG002_all_regions	HG002_chr1.633402.634418|HISEQ1:19:H8VDAADXX:1:1116:12999:93335	HG002_chr1.633402.634418|HISEQ1:19:H8VDAADXX:1:1116:12999:93335	148	8087.0	8234.0	best_hit_to_mtDNA
T	T	T	8230	HG002_all_regions	HG002_chr1.633402.634418|HISEQ1:19:H8VDAADXX:1:1116:12999:93335	HG002_chr1.633402.634418|HISEQ1:19:H8VDAADXX:1:1116:12999:93335	148	8087.0	8234.0	best_hit_to_mtDNA
T	C	T	8231	HG002_all_regions	HG002_chr1.633402.634418|HISEQ1:19:H8VDAADXX:1:1116:12999:93335	HG002_chr1.633402.634418|HISEQ1:19:H8VDAADXX:1:1116:12999:93335	148	8087.0	8234.0	best_hit_to_mtDNA
C	C	C	8232	HG002_all_regions	HG002_chr1.633402.634418|HISEQ1:19:H8VDAADXX:1:1116:12999:93335	HG002_chr1.633402.634418|HISEQ1:19:H8VDAADXX:1:1116:12999:93335	148	8087.0	8234.0	best_hit_to_mtDNA
C	C	C	8233	HG002_all_regions	HG002_chr1.633402.634418|HISEQ1:19:H8VDAADXX:1:1116:12999:93335	HG002_chr1.633402.634418|HISEQ1:19:H8VDAADXX:1:1116:12999:93335	148	8087.0	8234.0	best_hit_to_mtDNA
A	A	A	8229	HG002_all_regions	HG002_chr1.633402.634418|HISEQ1:18:H8VC6ADXX:2:1105:2494:19158	HG002_chr1.633402.634418|HISEQ1:18:H8VC6ADXX:2:1105:2494:19158	149	8225.0	8608.0	best_hit_to_mtDNA
T	T	T	8230	HG002_all_regions	HG002_chr1.633402.634418|HISEQ1:18:H8VC6ADXX:2:1105:2494:19158	HG002_chr1.633402.634418|HISEQ1:18:H8VC6ADXX:2:1105:2494:19158	149	8225.0	8608.0	best_hit_to_mtDNA
T	C	T	8231	HG002_all_regions	HG002_chr1.633402.634418|HISEQ1:18:H8VC6ADXX:2:1105:2494:19158	HG002_chr1.633402.634418|HISEQ1:18:H8VC6ADXX:2:1105:2494:19158	149	8225.0	8608.0	best_hit_to_mtDNA
C	C	C	8232	HG002_all_regions	HG002_chr1.633402.634418|HISEQ1:18:H8VC6ADXX:2:1105:2494:19158	HG002_chr1.633402.634418|HISEQ1:18:H8VC6ADXX:2:1105:2494:19158	149	8225.0	8608.0	best_hit_to_mtDNA
C	C	C	8233	HG002_all_regions	HG002_chr1.633402.634418|HISEQ1:18:H8VC6ADXX:2:1105:2494:19158	HG002_chr1.633402.634418|HISEQ1:18:H8VC6ADXX:2:1105:2494:19158	149	8225.0	8608.0	best_hit_to_mtDNA
C	T	C	8234	HG002_all_regions	HG002_chr1.633402.634418|HISEQ1:18:H8VC6ADXX:2:1105:2494:19158	HG002_chr1.633402.634418|HISEQ1:18:H8VC6ADXX:2:1105:2494:19158	149	8225.0	8608.0	best_hit_to_mtDNA
C	C	C	8235	HG002_all_regions	HG002_chr1.633402.634418|HISEQ1:18:H8VC6ADXX:2:1105:2494:19158	HG002_chr1.633402.634418|HISEQ1:18:H8VC6ADXX:2:1105:2494:19158	149	8225.0	8608.0	best_hit_to_mtDNA
T	T	T	8236	HG002_all_regions	HG002_chr1.633402.634418|HISEQ1:18:H8VC6ADXX:2:1105:2494:19158	HG002_chr1.633402.634418|HISEQ1:18:H8VC6ADXX:2:1105:2494:19158	149	8225.0	8608.0	best_hit_to_mtDNA
A	A	A	8237	HG002_all_regions	HG002_chr1.633402.634418|HISEQ1:18:H8VC6ADXX:2:1105:2494:19158	HG002_chr1.633402.634418|HISEQ1:18:H8VC6ADXX:2:1105:2494:19158	149	8225.0	8608.0	best_hit_to_mtDNA
A	A	A	8238	HG002_all_regions	HG002_chr1.633402.634418|HISEQ1:18:H8VC6ADXX:2:1105:2494:19158	HG002_chr1.633402.634418|HISEQ1:18:H8VC6ADXX:2:1105:2494:19158	149	8225.0	8608.0	best_hit_to_mtDNA
A	A	A	8239	HG002_all_regions	HG002_chr1.633402.634418|HISEQ1:18:H8VC6ADXX:2:1105:2494:19158	HG002_chr1.633402.634418|HISEQ1:18:H8VC6ADXX:2:1105:2494:19158	149	8225.0	8608.0	best_hit_to_mtDNA
A	A	A	8240	HG002_all_regions	HG002_chr1.633402.634418|HISEQ1:18:H8VC6ADXX:2:1105:2494:19158	HG002_chr1.633402.634418|HISEQ1:18:H8VC6ADXX:2:1105:2494:19158	149	8225.0	8608.0	best_hit_to_mtDNA
A	A	A	8241	HG002_all_regions	HG002_chr1.633402.634418|HISEQ1:18:H8VC6ADXX:2:1105:2494:19158	HG002_chr1.633402.634418|HISEQ1:18:H8VC6ADXX:2:1105:2494:19158	149	8225.0	8608.0	best_hit_to_mtDNA
T	T	T	8242	HG002_all_regions	HG002_chr1.633402.634418|HISEQ1:18:H8VC6ADXX:2:1105:2494:19158	HG002_chr1.633402.634418|HISEQ1:18:H8VC6ADXX:2:1105:2494:19158	149	8225.0	8608.0	best_hit_to_mtDNA
C	C	C	8243	HG002_all_regions	HG002_chr1.633402.634418|HISEQ1:18:H8VC6ADXX:2:1105:2494:19158	HG002_chr1.633402.634418|HISEQ1:18:H8VC6ADXX:2:1105:2494:19158	149	8225.0	8608.0	best_hit_to_mtDNA
T	T	T	8244	HG002_all_regions	HG002_chr1.633402.634418|HISEQ1:18:H8VC6ADXX:2:1105:2494:19158	HG002_chr1.633402.634418|HISEQ1:18:H8VC6ADXX:2:1105:2494:19158	149	8225.0	8608.0	best_hit_to_mtDNA
T	T	T	8245	HG002_all_regions	HG002_chr1.633402.634418|HISEQ1:18:H8VC6ADXX:2:1105:2494:19158	HG002_chr1.633402.634418|HISEQ1:18:H8VC6ADXX:2:1105:2494:19158	149	8225.0	8608.0	best_hit_to_mtDNA
T	T	T	8246	HG002_all_regions	HG002_chr1.633402.634418|HISEQ1:18:H8VC6ADXX:2:1105:2494:19158	HG002_chr1.633402.634418|HISEQ1:18:H8VC6ADXX:2:1105:2494:19158	149	8225.0	8608.0	best_hit_to_mtDNA
G	G	G	8247	HG002_all_regions	HG002_chr1.633402.634418|HISEQ1:18:H8VC6ADXX:2:1105:2494:19158	HG002_chr1.633402.634418|HISEQ1:18:H8VC6ADXX:2:1105:2494:19158	149	8225.0	8608.0	best_hit_to_mtDNA
A	A	A	8248	HG002_all_regions	HG002_chr1.633402.634418|HISEQ1:18:H8VC6ADXX:2:1105:2494:19158	HG002_chr1.633402.634418|HISEQ1:18:H8VC6ADXX:2:1105:2494:19158	149	8225.0	8608.0	best_hit_to_mtDNA
A	A	A	8249	HG002_all_regions	HG002_chr1.633402.634418|HISEQ1:18:H8VC6ADXX:2:1105:2494:19158	HG002_chr1.633402.634418|HISEQ1:18:H8VC6ADXX:2:1105:2494:19158	149	8225.0	8608.0	best_hit_to_mtDNA
A	A	A	8250	HG002_all_regions	HG002_chr1.633402.634418|HISEQ1:18:H8VC6ADXX:2:1105:2494:19158	HG002_chr1.633402.634418|HISEQ1:18:H8VC6ADXX:2:1105:2494:19158	149	8225.0	8608.0	best_hit_to_mtDNA
T	T	T	8251	HG002_all_regions	HG002_chr1.633402.634418|HISEQ1:18:H8VC6ADXX:2:1105:2494:19158	HG002_chr1.633402.634418|HISEQ1:18:H8VC6ADXX:2:1105:2494:19158	149	8225.0	8608.0	best_hit_to_mtDNA
A	A	A	8252	HG002_all_regions	HG002_chr1.633402.634418|HISEQ1:18:H8VC6ADXX:2:1105:2494:19158	HG002_chr1.633402.634418|HISEQ1:18:H8VC6ADXX:2:1105:2494:19158	149	8225.0	8608.0	best_hit_to_mtDNA
G	G	G	8253	HG002_all_regions	HG002_chr1.633402.634418|HISEQ1:18:H8VC6ADXX:2:1105:2494:19158	HG002_chr1.633402.634418|HISEQ1:18:H8VC6ADXX:2:1105:2494:19158	149	8225.0	8608.0	best_hit_to_mtDNA
G	G	G	8254	HG002_all_regions	HG002_chr1.633402.634418|HISEQ1:18:H8VC6ADXX:2:1105:2494:19158	HG002_chr1.633402.634418|HISEQ1:18:H8VC6ADXX:2:1105:2494:19158	149	8225.0	8608.0	best_hit_to_mtDNA
G	A	G	8255	HG002_all_regions	HG002_chr1.633402.634418|HISEQ1:18:H8VC6ADXX:2:1105:2494:19158	HG002_chr1.633402.634418|HISEQ1:18:H8VC6ADXX:2:1105:2494:19158	149	8225.0	8608.0	best_hit_to_mtDNA
C	C	C	8256	HG002_all_regions	HG002_chr1.633402.634418|HISEQ1:18:H8VC6ADXX:2:1105:2494:19158	HG002_chr1.633402.634418|HISEQ1:18:H8VC6ADXX:2:1105:2494:19158	149	8225.0	8608.0	best_hit_to_mtDNA
C	C	C	8257	HG002_all_regions	HG002_chr1.633402.634418|HISEQ1:18:H8VC6ADXX:2:1105:2494:19158	HG002_chr1.633402.634418|HISEQ1:18:H8VC6ADXX:2:1105:2494:19158	149	8225.0	8608.0	best_hit_to_mtDNA
C	C	C	8258	HG002_all_regions	HG002_chr1.633402.634418|HISEQ1:18:H8VC6ADXX:2:1105:2494:19158	HG002_chr1.633402.634418|HISEQ1:18:H8VC6ADXX:2:1105:2494:19158	149	8225.0	8608.0	best_hit_to_mtDNA
G	G	G	8259	HG002_all_regions	HG002_chr1.633402.634418|HISEQ1:18:H8VC6ADXX:2:1105:2494:19158	HG002_chr1.633402.634418|HISEQ1:18:H8VC6ADXX:2:1105:2494:19158	149	8225.0	8608.0	best_hit_to_mtDNA
T	T	T	8260	HG002_all_regions	HG002_chr1.633402.634418|HISEQ1:18:H8VC6ADXX:2:1105:2494:19158	HG002_chr1.633402.634418|HISEQ1:18:H8VC6ADXX:2:1105:2494:19158	149	8225.0	8608.0	best_hit_to_mtDNA
A	A	A	8261	HG002_all_regions	HG002_chr1.633402.634418|HISEQ1:18:H8VC6ADXX:2:1105:2494:19158	HG002_chr1.633402.634418|HISEQ1:18:H8VC6ADXX:2:1105:2494:19158	149	8225.0	8608.0	best_hit_to_mtDNA
T	T	T	8262	HG002_all_regions	HG002_chr1.633402.634418|HISEQ1:18:H8VC6ADXX:2:1105:2494:19158	HG002_chr1.633402.634418|HISEQ1:18:H8VC6ADXX:2:1105:2494:19158	149	8225.0	8608.0	best_hit_to_mtDNA
T	T	T	8263	HG002_all_regions	HG002_chr1.633402.634418|HISEQ1:18:H8VC6ADXX:2:1105:2494:19158	HG002_chr1.633402.634418|HISEQ1:18:H8VC6ADXX:2:1105:2494:19158	149	8225.0	8608.0	best_hit_to_mtDNA
T	C	T	8264	HG002_all_regions	HG002_chr1.633402.634418|HISEQ1:18:H8VC6ADXX:2:1105:2494:19158	HG002_chr1.633402.634418|HISEQ1:18:H8VC6ADXX:2:1105:2494:19158	149	8225.0	8608.0	best_hit_to_mtDNA
A	A	A	8265	HG002_all_regions	HG002_chr1.633402.634418|HISEQ1:18:H8VC6ADXX:2:1105:2494:19158	HG002_chr1.633402.634418|HISEQ1:18:H8VC6ADXX:2:1105:2494:19158	149	8225.0	8608.0	best_hit_to_mtDNA
C	C	C	8266	HG002_all_regions	HG002_chr1.633402.634418|HISEQ1:18:H8VC6ADXX:2:1105:2494:19158	HG002_chr1.633402.634418|HISEQ1:18:H8VC6ADXX:2:1105:2494:19158	149	8225.0	8608.0	best_hit_to_mtDNA
C	T	C	8267	HG002_all_regions	HG002_chr1.633402.634418|HISEQ1:18:H8VC6ADXX:2:1105:2494:19158	HG002_chr1.633402.634418|HISEQ1:18:H8VC6ADXX:2:1105:2494:19158	149	8225.0	8608.0	best_hit_to_mtDNA
C	C	C	8268	HG002_all_regions	HG002_chr1.633402.634418|HISEQ1:18:H8VC6ADXX:2:1105:2494:19158	HG002_chr1.633402.634418|HISEQ1:18:H8VC6ADXX:2:1105:2494:19158	149	8225.0	8608.0	best_hit_to_mtDNA
T	T	T	8269	HG002_all_regions	HG002_chr1.633402.634418|HISEQ1:18:H8VC6ADXX:2:1105:2494:19158	HG002_chr1.633402.634418|HISEQ1:18:H8VC6ADXX:2:1105:2494:19158	149	8225.0	8608.0	best_hit_to_mtDNA
A	A	A	8270	HG002_all_regions	HG002_chr1.633402.634418|HISEQ1:18:H8VC6ADXX:2:1105:2494:19158	HG002_chr1.633402.634418|HISEQ1:18:H8VC6ADXX:2:1105:2494:19158	149	8225.0	8608.0	best_hit_to_mtDNA
T	T	T	8271	HG002_all_regions	HG002_chr1.633402.634418|HISEQ1:18:H8VC6ADXX:2:1105:2494:19158	HG002_chr1.633402.634418|HISEQ1:18:H8VC6ADXX:2:1105:2494:19158	149	8225.0	8608.0	best_hit_to_mtDNA
A	A	A	8272	HG002_all_regions	HG002_chr1.633402.634418|HISEQ1:18:H8VC6ADXX:2:1105:2494:19158	HG002_chr1.633402.634418|HISEQ1:18:H8VC6ADXX:2:1105:2494:19158	149	8225.0	8608.0	best_hit_to_mtDNA
G	G	G	8273	HG002_all_regions	HG002_chr1.633402.634418|HISEQ1:18:H8VC6ADXX:2:1105:2494:19158	HG002_chr1.633402.634418|HISEQ1:18:H8VC6ADXX:2:1105:2494:19158	149	8225.0	8608.0	best_hit_to_mtDNA
C	C	C	8274	HG002_all_regions	HG002_chr1.633402.634418|HISEQ1:18:H8VC6ADXX:2:1105:2494:19158	HG002_chr1.633402.634418|HISEQ1:18:H8VC6ADXX:2:1105:2494:19158	149	8225.0	8608.0	best_hit_to_mtDNA
A	A	A	8275	HG002_all_regions	HG002_chr1.633402.634418|HISEQ1:18:H8VC6ADXX:2:1105:2494:19158	HG002_chr1.633402.634418|HISEQ1:18:H8VC6ADXX:2:1105:2494:19158	149	8225.0	8608.0	best_hit_to_mtDNA
C	C	C	8276	HG002_all_regions	HG002_chr1.633402.634418|HISEQ1:18:H8VC6ADXX:2:1105:2494:19158	HG002_chr1.633402.634418|HISEQ1:18:H8VC6ADXX:2:1105:2494:19158	149	8225.0	8608.0	best_hit_to_mtDNA
C	C	C	8277	HG002_all_regions	HG002_chr1.633402.634418|HISEQ1:18:H8VC6ADXX:2:1105:2494:19158	HG002_chr1.633402.634418|HISEQ1:18:H8VC6ADXX:2:1105:2494:19158	149	8225.0	8608.0	best_hit_to_mtDNA
C	T	C	8278	HG002_all_regions	HG002_chr1.633402.634418|HISEQ1:18:H8VC6ADXX:2:1105:2494:19158	HG002_chr1.633402.634418|HISEQ1:18:H8VC6ADXX:2:1105:2494:19158	149	8225.0	8608.0	best_hit_to_mtDNA
C	T	C	8279	HG002_all_regions	HG002_chr1.633402.634418|HISEQ1:18:H8VC6ADXX:2:1105:2494:19158	HG002_chr1.633402.634418|HISEQ1:18:H8VC6ADXX:2:1105:2494:19158	149	8225.0	8608.0	best_hit_to_mtDNA
C	C	C	8280	HG002_all_regions	HG002_chr1.633402.634418|HISEQ1:18:H8VC6ADXX:2:1105:2494:19158	HG002_chr1.633402.634418|HISEQ1:18:H8VC6ADXX:2:1105:2494:19158	149	8225.0	8608.0	best_hit_to_mtDNA
T	T	T	8281	HG002_all_regions	HG002_chr1.633402.634418|HISEQ1:18:H8VC6ADXX:2:1105:2494:19158	HG002_chr1.633402.634418|HISEQ1:18:H8VC6ADXX:2:1105:2494:19158	149	8225.0	8608.0	best_hit_to_mtDNA
C	C	C	8282	HG002_all_regions	HG002_chr1.633402.634418|HISEQ1:18:H8VC6ADXX:2:1105:2494:19158	HG002_chr1.633402.634418|HISEQ1:18:H8VC6ADXX:2:1105:2494:19158	149	8225.0	8608.0	best_hit_to_mtDNA
T	T	T	8283	HG002_all_regions	HG002_chr1.633402.634418|HISEQ1:18:H8VC6ADXX:2:1105:2494:19158	HG002_chr1.633402.634418|HISEQ1:18:H8VC6ADXX:2:1105:2494:19158	149	8225.0	8608.0	best_hit_to_mtDNA
A	A	A	8284	HG002_all_regions	HG002_chr1.633402.634418|HISEQ1:18:H8VC6ADXX:2:1105:2494:19158	HG002_chr1.633402.634418|HISEQ1:18:H8VC6ADXX:2:1105:2494:19158	149	8225.0	8608.0	best_hit_to_mtDNA
C	C	C	8285	HG002_all_regions	HG002_chr1.633402.634418|HISEQ1:18:H8VC6ADXX:2:1105:2494:19158	HG002_chr1.633402.634418|HISEQ1:18:H8VC6ADXX:2:1105:2494:19158	149	8225.0	8608.0	best_hit_to_mtDNA
C	C	C	8286	HG002_all_regions	HG002_chr1.633402.634418|HISEQ1:18:H8VC6ADXX:2:1105:2494:19158	HG002_chr1.633402.634418|HISEQ1:18:H8VC6ADXX:2:1105:2494:19158	149	8225.0	8608.0	best_hit_to_mtDNA
C	C	C	8287	HG002_all_regions	HG002_chr1.633402.634418|HISEQ1:18:H8VC6ADXX:2:1105:2494:19158	HG002_chr1.633402.634418|HISEQ1:18:H8VC6ADXX:2:1105:2494:19158	149	8225.0	8608.0	best_hit_to_mtDNA
C	C	C	8288	HG002_all_regions	HG002_chr1.633402.634418|HISEQ1:18:H8VC6ADXX:2:1105:2494:19158	HG002_chr1.633402.634418|HISEQ1:18:H8VC6ADXX:2:1105:2494:19158	149	8225.0	8608.0	best_hit_to_mtDNA
-	T	-	8289	HG002_all_regions	HG002_chr1.633402.634418|HISEQ1:18:H8VC6ADXX:2:1105:2494:19158	HG002_chr1.633402.634418|HISEQ1:18:H8VC6ADXX:2:1105:2494:19158	149	8225.0	8608.0	best_hit_to_mtDNA
C	C	C	8290	HG002_all_regions	HG002_chr1.633402.634418|HISEQ1:18:H8VC6ADXX:2:1105:2494:19158	HG002_chr1.633402.634418|HISEQ1:18:H8VC6ADXX:2:1105:2494:19158	149	8225.0	8608.0	best_hit_to_mtDNA
T	T	T	8291	HG002_all_regions	HG002_chr1.633402.634418|HISEQ1:18:H8VC6ADXX:2:1105:2494:19158	HG002_chr1.633402.634418|HISEQ1:18:H8VC6ADXX:2:1105:2494:19158	149	8225.0	8608.0	best_hit_to_mtDNA
C	C	C	8292	HG002_all_regions	HG002_chr1.633402.634418|HISEQ1:18:H8VC6ADXX:2:1105:2494:19158	HG002_chr1.633402.634418|HISEQ1:18:H8VC6ADXX:2:1105:2494:19158	149	8225.0	8608.0	best_hit_to_mtDNA
T	C	T	8293	HG002_all_regions	HG002_chr1.633402.634418|HISEQ1:18:H8VC6ADXX:2:1105:2494:19158	HG002_chr1.633402.634418|HISEQ1:18:H8VC6ADXX:2:1105:2494:19158	149	8225.0	8608.0	best_hit_to_mtDNA
A	A	A	8294	HG002_all_regions	HG002_chr1.633402.634418|HISEQ1:18:H8VC6ADXX:2:1105:2494:19158	HG002_chr1.633402.634418|HISEQ1:18:H8VC6ADXX:2:1105:2494:19158	149	8225.0	8608.0	best_hit_to_mtDNA
G	G	G	8295	HG002_all_regions	HG002_chr1.633402.634418|HISEQ1:18:H8VC6ADXX:2:1105:2494:19158	HG002_chr1.633402.634418|HISEQ1:18:H8VC6ADXX:2:1105:2494:19158	149	8225.0	8608.0	best_hit_to_mtDNA
A	A	A	8296	HG002_all_regions	HG002_chr1.633402.634418|HISEQ1:18:H8VC6ADXX:2:1105:2494:19158	HG002_chr1.633402.634418|HISEQ1:18:H8VC6ADXX:2:1105:2494:19158	149	8225.0	8608.0	best_hit_to_mtDNA
G	G	G	8297	HG002_all_regions	HG002_chr1.633402.634418|HISEQ1:18:H8VC6ADXX:2:1105:2494:19158	HG002_chr1.633402.634418|HISEQ1:18:H8VC6ADXX:2:1105:2494:19158	149	8225.0	8608.0	best_hit_to_mtDNA
C	C	C	8298	HG002_all_regions	HG002_chr1.633402.634418|HISEQ1:18:H8VC6ADXX:2:1105:2494:19158	HG002_chr1.633402.634418|HISEQ1:18:H8VC6ADXX:2:1105:2494:19158	149	8225.0	8608.0	best_hit_to_mtDNA
C	T	C	8299	HG002_all_regions	HG002_chr1.633402.634418|HISEQ1:18:H8VC6ADXX:2:1105:2494:19158	HG002_chr1.633402.634418|HISEQ1:18:H8VC6ADXX:2:1105:2494:19158	149	8225.0	8608.0	best_hit_to_mtDNA
C	C	C	8300	HG002_all_regions	HG002_chr1.633402.634418|HISEQ1:18:H8VC6ADXX:2:1105:2494:19158	HG002_chr1.633402.634418|HISEQ1:18:H8VC6ADXX:2:1105:2494:19158	149	8225.0	8608.0	best_hit_to_mtDNA
A	A	A	8301	HG002_all_regions	HG002_chr1.633402.634418|HISEQ1:18:H8VC6ADXX:2:1105:2494:19158	HG002_chr1.633402.634418|HISEQ1:18:H8VC6ADXX:2:1105:2494:19158	149	8225.0	8608.0	best_hit_to_mtDNA
C	C	C	8302	HG002_all_regions	HG002_chr1.633402.634418|HISEQ1:18:H8VC6ADXX:2:1105:2494:19158	HG002_chr1.633402.634418|HISEQ1:18:H8VC6ADXX:2:1105:2494:19158	149	8225.0	8608.0	best_hit_to_mtDNA
T	T	T	8303	HG002_all_regions	HG002_chr1.633402.634418|HISEQ1:18:H8VC6ADXX:2:1105:2494:19158	HG002_chr1.633402.634418|HISEQ1:18:H8VC6ADXX:2:1105:2494:19158	149	8225.0	8608.0	best_hit_to_mtDNA
G	G	G	8304	HG002_all_regions	HG002_chr1.633402.634418|HISEQ1:18:H8VC6ADXX:2:1105:2494:19158	HG002_chr1.633402.634418|HISEQ1:18:H8VC6ADXX:2:1105:2494:19158	149	8225.0	8608.0	best_hit_to_mtDNA
T	T	T	8305	HG002_all_regions	HG002_chr1.633402.634418|HISEQ1:18:H8VC6ADXX:2:1105:2494:19158	HG002_chr1.633402.634418|HISEQ1:18:H8VC6ADXX:2:1105:2494:19158	149	8225.0	8608.0	best_hit_to_mtDNA
A	A	A	8306	HG002_all_regions	HG002_chr1.633402.634418|HISEQ1:18:H8VC6ADXX:2:1105:2494:19158	HG002_chr1.633402.634418|HISEQ1:18:H8VC6ADXX:2:1105:2494:19158	149	8225.0	8608.0	best_hit_to_mtDNA
A	A	A	8307	HG002_all_regions	HG002_chr1.633402.634418|HISEQ1:18:H8VC6ADXX:2:1105:2494:19158	HG002_chr1.633402.634418|HISEQ1:18:H8VC6ADXX:2:1105:2494:19158	149	8225.0	8608.0	best_hit_to_mtDNA
A	A	A	8308	HG002_all_regions	HG002_chr1.633402.634418|HISEQ1:18:H8VC6ADXX:2:1105:2494:19158	HG002_chr1.633402.634418|HISEQ1:18:H8VC6ADXX:2:1105:2494:19158	149	8225.0	8608.0	best_hit_to_mtDNA
G	G	G	8309	HG002_all_regions	HG002_chr1.633402.634418|HISEQ1:18:H8VC6ADXX:2:1105:2494:19158	HG002_chr1.633402.634418|HISEQ1:18:H8VC6ADXX:2:1105:2494:19158	149	8225.0	8608.0	best_hit_to_mtDNA
C	C	C	8310	HG002_all_regions	HG002_chr1.633402.634418|HISEQ1:18:H8VC6ADXX:2:1105:2494:19158	HG002_chr1.633402.634418|HISEQ1:18:H8VC6ADXX:2:1105:2494:19158	149	8225.0	8608.0	best_hit_to_mtDNA
T	T	T	8311	HG002_all_regions	HG002_chr1.633402.634418|HISEQ1:18:H8VC6ADXX:2:1105:2494:19158	HG002_chr1.633402.634418|HISEQ1:18:H8VC6ADXX:2:1105:2494:19158	149	8225.0	8608.0	best_hit_to_mtDNA
A	A	A	8312	HG002_all_regions	HG002_chr1.633402.634418|HISEQ1:18:H8VC6ADXX:2:1105:2494:19158	HG002_chr1.633402.634418|HISEQ1:18:H8VC6ADXX:2:1105:2494:19158	149	8225.0	8608.0	best_hit_to_mtDNA
A	A	A	8313	HG002_all_regions	HG002_chr1.633402.634418|HISEQ1:18:H8VC6ADXX:2:1105:2494:19158	HG002_chr1.633402.634418|HISEQ1:18:H8VC6ADXX:2:1105:2494:19158	149	8225.0	8608.0	best_hit_to_mtDNA
C	C	C	8314	HG002_all_regions	HG002_chr1.633402.634418|HISEQ1:18:H8VC6ADXX:2:1105:2494:19158	HG002_chr1.633402.634418|HISEQ1:18:H8VC6ADXX:2:1105:2494:19158	149	8225.0	8608.0	best_hit_to_mtDNA
T	C	T	8315	HG002_all_regions	HG002_chr1.633402.634418|HISEQ1:18:H8VC6ADXX:2:1105:2494:19158	HG002_chr1.633402.634418|HISEQ1:18:H8VC6ADXX:2:1105:2494:19158	149	8225.0	8608.0	best_hit_to_mtDNA
T	T	T	8316	HG002_all_regions	HG002_chr1.633402.634418|HISEQ1:18:H8VC6ADXX:2:1105:2494:19158	HG002_chr1.633402.634418|HISEQ1:18:H8VC6ADXX:2:1105:2494:19158	149	8225.0	8608.0	best_hit_to_mtDNA
A	A	A	8317	HG002_all_regions	HG002_chr1.633402.634418|HISEQ1:18:H8VC6ADXX:2:1105:2494:19158	HG002_chr1.633402.634418|HISEQ1:18:H8VC6ADXX:2:1105:2494:19158	149	8225.0	8608.0	best_hit_to_mtDNA
G	G	G	8318	HG002_all_regions	HG002_chr1.633402.634418|HISEQ1:18:H8VC6ADXX:2:1105:2494:19158	HG002_chr1.633402.634418|HISEQ1:18:H8VC6ADXX:2:1105:2494:19158	149	8225.0	8608.0	best_hit_to_mtDNA
C	C	C	8319	HG002_all_regions	HG002_chr1.633402.634418|HISEQ1:18:H8VC6ADXX:2:1105:2494:19158	HG002_chr1.633402.634418|HISEQ1:18:H8VC6ADXX:2:1105:2494:19158	149	8225.0	8608.0	best_hit_to_mtDNA
A	A	A	8320	HG002_all_regions	HG002_chr1.633402.634418|HISEQ1:18:H8VC6ADXX:2:1105:2494:19158	HG002_chr1.633402.634418|HISEQ1:18:H8VC6ADXX:2:1105:2494:19158	149	8225.0	8608.0	best_hit_to_mtDNA
T	T	T	8321	HG002_all_regions	HG002_chr1.633402.634418|HISEQ1:18:H8VC6ADXX:2:1105:2494:19158	HG002_chr1.633402.634418|HISEQ1:18:H8VC6ADXX:2:1105:2494:19158	149	8225.0	8608.0	best_hit_to_mtDNA
T	T	T	8322	HG002_all_regions	HG002_chr1.633402.634418|HISEQ1:18:H8VC6ADXX:2:1105:2494:19158	HG002_chr1.633402.634418|HISEQ1:18:H8VC6ADXX:2:1105:2494:19158	149	8225.0	8608.0	best_hit_to_mtDNA
A	A	A	8323	HG002_all_regions	HG002_chr1.633402.634418|HISEQ1:18:H8VC6ADXX:2:1105:2494:19158	HG002_chr1.633402.634418|HISEQ1:18:H8VC6ADXX:2:1105:2494:19158	149	8225.0	8608.0	best_hit_to_mtDNA
A	A	A	8324	HG002_all_regions	HG002_chr1.633402.634418|HISEQ1:18:H8VC6ADXX:2:1105:2494:19158	HG002_chr1.633402.634418|HISEQ1:18:H8VC6ADXX:2:1105:2494:19158	149	8225.0	8608.0	best_hit_to_mtDNA
C	C	C	8325	HG002_all_regions	HG002_chr1.633402.634418|HISEQ1:18:H8VC6ADXX:2:1105:2494:19158	HG002_chr1.633402.634418|HISEQ1:18:H8VC6ADXX:2:1105:2494:19158	149	8225.0	8608.0	best_hit_to_mtDNA
C	C	C	8326	HG002_all_regions	HG002_chr1.633402.634418|HISEQ1:18:H8VC6ADXX:2:1105:2494:19158	HG002_chr1.633402.634418|HISEQ1:18:H8VC6ADXX:2:1105:2494:19158	149	8225.0	8608.0	best_hit_to_mtDNA
T	T	T	8327	HG002_all_regions	HG002_chr1.633402.634418|HISEQ1:18:H8VC6ADXX:2:1105:2494:19158	HG002_chr1.633402.634418|HISEQ1:18:H8VC6ADXX:2:1105:2494:19158	149	8225.0	8608.0	best_hit_to_mtDNA
T	T	T	8328	HG002_all_regions	HG002_chr1.633402.634418|HISEQ1:18:H8VC6ADXX:2:1105:2494:19158	HG002_chr1.633402.634418|HISEQ1:18:H8VC6ADXX:2:1105:2494:19158	149	8225.0	8608.0	best_hit_to_mtDNA
T	T	T	8329	HG002_all_regions	HG002_chr1.633402.634418|HISEQ1:18:H8VC6ADXX:2:1105:2494:19158	HG002_chr1.633402.634418|HISEQ1:18:H8VC6ADXX:2:1105:2494:19158	149	8225.0	8608.0	best_hit_to_mtDNA
T	T	T	8330	HG002_all_regions	HG002_chr1.633402.634418|HISEQ1:18:H8VC6ADXX:2:1105:2494:19158	HG002_chr1.633402.634418|HISEQ1:18:H8VC6ADXX:2:1105:2494:19158	149	8225.0	8608.0	best_hit_to_mtDNA
A	A	A	8331	HG002_all_regions	HG002_chr1.633402.634418|HISEQ1:18:H8VC6ADXX:2:1105:2494:19158	HG002_chr1.633402.634418|HISEQ1:18:H8VC6ADXX:2:1105:2494:19158	149	8225.0	8608.0	best_hit_to_mtDNA
A	A	A	8332	HG002_all_regions	HG002_chr1.633402.634418|HISEQ1:18:H8VC6ADXX:2:1105:2494:19158	HG002_chr1.633402.634418|HISEQ1:18:H8VC6ADXX:2:1105:2494:19158	149	8225.0	8608.0	best_hit_to_mtDNA
G	G	G	8333	HG002_all_regions	HG002_chr1.633402.634418|HISEQ1:18:H8VC6ADXX:2:1105:2494:19158	HG002_chr1.633402.634418|HISEQ1:18:H8VC6ADXX:2:1105:2494:19158	149	8225.0	8608.0	best_hit_to_mtDNA
T	T	T	8334	HG002_all_regions	HG002_chr1.633402.634418|HISEQ1:18:H8VC6ADXX:2:1105:2494:19158	HG002_chr1.633402.634418|HISEQ1:18:H8VC6ADXX:2:1105:2494:19158	149	8225.0	8608.0	best_hit_to_mtDNA
T	T	T	8335	HG002_all_regions	HG002_chr1.633402.634418|HISEQ1:18:H8VC6ADXX:2:1105:2494:19158	HG002_chr1.633402.634418|HISEQ1:18:H8VC6ADXX:2:1105:2494:19158	149	8225.0	8608.0	best_hit_to_mtDNA
A	A	A	8336	HG002_all_regions	HG002_chr1.633402.634418|HISEQ1:18:H8VC6ADXX:2:1105:2494:19158	HG002_chr1.633402.634418|HISEQ1:18:H8VC6ADXX:2:1105:2494:19158	149	8225.0	8608.0	best_hit_to_mtDNA
A	A	A	8337	HG002_all_regions	HG002_chr1.633402.634418|HISEQ1:18:H8VC6ADXX:2:1105:2494:19158	HG002_chr1.633402.634418|HISEQ1:18:H8VC6ADXX:2:1105:2494:19158	149	8225.0	8608.0	best_hit_to_mtDNA
A	A	A	8338	HG002_all_regions	HG002_chr1.633402.634418|HISEQ1:18:H8VC6ADXX:2:1105:2494:19158	HG002_chr1.633402.634418|HISEQ1:18:H8VC6ADXX:2:1105:2494:19158	149	8225.0	8608.0	best_hit_to_mtDNA
G	G	G	8339	HG002_all_regions	HG002_chr1.633402.634418|HISEQ1:18:H8VC6ADXX:2:1105:2494:19158	HG002_chr1.633402.634418|HISEQ1:18:H8VC6ADXX:2:1105:2494:19158	149	8225.0	8608.0	best_hit_to_mtDNA
A	A	A	8340	HG002_all_regions	HG002_chr1.633402.634418|HISEQ1:18:H8VC6ADXX:2:1105:2494:19158	HG002_chr1.633402.634418|HISEQ1:18:H8VC6ADXX:2:1105:2494:19158	149	8225.0	8608.0	best_hit_to_mtDNA
T	T	T	8341	HG002_all_regions	HG002_chr1.633402.634418|HISEQ1:18:H8VC6ADXX:2:1105:2494:19158	HG002_chr1.633402.634418|HISEQ1:18:H8VC6ADXX:2:1105:2494:19158	149	8225.0	8608.0	best_hit_to_mtDNA
T	T	T	8342	HG002_all_regions	HG002_chr1.633402.634418|HISEQ1:18:H8VC6ADXX:2:1105:2494:19158	HG002_chr1.633402.634418|HISEQ1:18:H8VC6ADXX:2:1105:2494:19158	149	8225.0	8608.0	best_hit_to_mtDNA
A	A	A	8343	HG002_all_regions	HG002_chr1.633402.634418|HISEQ1:18:H8VC6ADXX:2:1105:2494:19158	HG002_chr1.633402.634418|HISEQ1:18:H8VC6ADXX:2:1105:2494:19158	149	8225.0	8608.0	best_hit_to_mtDNA
A	A	A	8344	HG002_all_regions	HG002_chr1.633402.634418|HISEQ1:18:H8VC6ADXX:2:1105:2494:19158	HG002_chr1.633402.634418|HISEQ1:18:H8VC6ADXX:2:1105:2494:19158	149	8225.0	8608.0	best_hit_to_mtDNA
G	G	G	8345	HG002_all_regions	HG002_chr1.633402.634418|HISEQ1:18:H8VC6ADXX:2:1105:2494:19158	HG002_chr1.633402.634418|HISEQ1:18:H8VC6ADXX:2:1105:2494:19158	149	8225.0	8608.0	best_hit_to_mtDNA
A	A	A	8346	HG002_all_regions	HG002_chr1.633402.634418|HISEQ1:18:H8VC6ADXX:2:1105:2494:19158	HG002_chr1.633402.634418|HISEQ1:18:H8VC6ADXX:2:1105:2494:19158	149	8225.0	8608.0	best_hit_to_mtDNA
G	G	G	8347	HG002_all_regions	HG002_chr1.633402.634418|HISEQ1:18:H8VC6ADXX:2:1105:2494:19158	HG002_chr1.633402.634418|HISEQ1:18:H8VC6ADXX:2:1105:2494:19158	149	8225.0	8608.0	best_hit_to_mtDNA
A	G	A	8348	HG002_all_regions	HG002_chr1.633402.634418|HISEQ1:18:H8VC6ADXX:2:1105:2494:19158	HG002_chr1.633402.634418|HISEQ1:18:H8VC6ADXX:2:1105:2494:19158	149	8225.0	8608.0	best_hit_to_mtDNA
A	A	A	8349	HG002_all_regions	HG002_chr1.633402.634418|HISEQ1:18:H8VC6ADXX:2:1105:2494:19158	HG002_chr1.633402.634418|HISEQ1:18:H8VC6ADXX:2:1105:2494:19158	149	8225.0	8608.0	best_hit_to_mtDNA
C	C	C	8350	HG002_all_regions	HG002_chr1.633402.634418|HISEQ1:18:H8VC6ADXX:2:1105:2494:19158	HG002_chr1.633402.634418|HISEQ1:18:H8VC6ADXX:2:1105:2494:19158	149	8225.0	8608.0	best_hit_to_mtDNA
C	C	C	8351	HG002_all_regions	HG002_chr1.633402.634418|HISEQ1:18:H8VC6ADXX:2:1105:2494:19158	HG002_chr1.633402.634418|HISEQ1:18:H8VC6ADXX:2:1105:2494:19158	149	8225.0	8608.0	best_hit_to_mtDNA
A	G	A	8352	HG002_all_regions	HG002_chr1.633402.634418|HISEQ1:18:H8VC6ADXX:2:1105:2494:19158	HG002_chr1.633402.634418|HISEQ1:18:H8VC6ADXX:2:1105:2494:19158	149	8225.0	8608.0	best_hit_to_mtDNA
A	A	A	8353	HG002_all_regions	HG002_chr1.633402.634418|HISEQ1:18:H8VC6ADXX:2:1105:2494:19158	HG002_chr1.633402.634418|HISEQ1:18:H8VC6ADXX:2:1105:2494:19158	149	8225.0	8608.0	best_hit_to_mtDNA
C	C	C	8354	HG002_all_regions	HG002_chr1.633402.634418|HISEQ1:18:H8VC6ADXX:2:1105:2494:19158	HG002_chr1.633402.634418|HISEQ1:18:H8VC6ADXX:2:1105:2494:19158	149	8225.0	8608.0	best_hit_to_mtDNA
A	A	A	8355	HG002_all_regions	HG002_chr1.633402.634418|HISEQ1:18:H8VC6ADXX:2:1105:2494:19158	HG002_chr1.633402.634418|HISEQ1:18:H8VC6ADXX:2:1105:2494:19158	149	8225.0	8608.0	best_hit_to_mtDNA
C	C	C	8356	HG002_all_regions	HG002_chr1.633402.634418|HISEQ1:18:H8VC6ADXX:2:1105:2494:19158	HG002_chr1.633402.634418|HISEQ1:18:H8VC6ADXX:2:1105:2494:19158	149	8225.0	8608.0	best_hit_to_mtDNA
C	C	C	8357	HG002_all_regions	HG002_chr1.633402.634418|HISEQ1:18:H8VC6ADXX:2:1105:2494:19158	HG002_chr1.633402.634418|HISEQ1:18:H8VC6ADXX:2:1105:2494:19158	149	8225.0	8608.0	best_hit_to_mtDNA
T	T	T	8358	HG002_all_regions	HG002_chr1.633402.634418|HISEQ1:18:H8VC6ADXX:2:1105:2494:19158	HG002_chr1.633402.634418|HISEQ1:18:H8VC6ADXX:2:1105:2494:19158	149	8225.0	8608.0	best_hit_to_mtDNA
C	C	C	8359	HG002_all_regions	HG002_chr1.633402.634418|HISEQ1:18:H8VC6ADXX:2:1105:2494:19158	HG002_chr1.633402.634418|HISEQ1:18:H8VC6ADXX:2:1105:2494:19158	149	8225.0	8608.0	best_hit_to_mtDNA
T	T	T	8360	HG002_all_regions	HG002_chr1.633402.634418|HISEQ1:18:H8VC6ADXX:2:1105:2494:19158	HG002_chr1.633402.634418|HISEQ1:18:H8VC6ADXX:2:1105:2494:19158	149	8225.0	8608.0	best_hit_to_mtDNA
T	T	T	8361	HG002_all_regions	HG002_chr1.633402.634418|HISEQ1:18:H8VC6ADXX:2:1105:2494:19158	HG002_chr1.633402.634418|HISEQ1:18:H8VC6ADXX:2:1105:2494:19158	149	8225.0	8608.0	best_hit_to_mtDNA
T	T	T	8362	HG002_all_regions	HG002_chr1.633402.634418|HISEQ1:18:H8VC6ADXX:2:1105:2494:19158	HG002_chr1.633402.634418|HISEQ1:18:H8VC6ADXX:2:1105:2494:19158	149	8225.0	8608.0	best_hit_to_mtDNA
A	A	A	8363	HG002_all_regions	HG002_chr1.633402.634418|HISEQ1:18:H8VC6ADXX:2:1105:2494:19158	HG002_chr1.633402.634418|HISEQ1:18:H8VC6ADXX:2:1105:2494:19158	149	8225.0	8608.0	best_hit_to_mtDNA
C	C	C	8364	HG002_all_regions	HG002_chr1.633402.634418|HISEQ1:18:H8VC6ADXX:2:1105:2494:19158	HG002_chr1.633402.634418|HISEQ1:18:H8VC6ADXX:2:1105:2494:19158	149	8225.0	8608.0	best_hit_to_mtDNA
A	A	A	8365	HG002_all_regions	HG002_chr1.633402.634418|HISEQ1:18:H8VC6ADXX:2:1105:2494:19158	HG002_chr1.633402.634418|HISEQ1:18:H8VC6ADXX:2:1105:2494:19158	149	8225.0	8608.0	best_hit_to_mtDNA
G	G	G	8366	HG002_all_regions	HG002_chr1.633402.634418|HISEQ1:18:H8VC6ADXX:2:1105:2494:19158	HG002_chr1.633402.634418|HISEQ1:18:H8VC6ADXX:2:1105:2494:19158	149	8225.0	8608.0	best_hit_to_mtDNA
T	T	T	8367	HG002_all_regions	HG002_chr1.633402.634418|HISEQ1:18:H8VC6ADXX:2:1105:2494:19158	HG002_chr1.633402.634418|HISEQ1:18:H8VC6ADXX:2:1105:2494:19158	149	8225.0	8608.0	best_hit_to_mtDNA
G	G	G	8368	HG002_all_regions	HG002_chr1.633402.634418|HISEQ1:18:H8VC6ADXX:2:1105:2494:19158	HG002_chr1.633402.634418|HISEQ1:18:H8VC6ADXX:2:1105:2494:19158	149	8225.0	8608.0	best_hit_to_mtDNA
A	A	A	8369	HG002_all_regions	HG002_chr1.633402.634418|HISEQ1:18:H8VC6ADXX:2:1105:2494:19158	HG002_chr1.633402.634418|HISEQ1:18:H8VC6ADXX:2:1105:2494:19158	149	8225.0	8608.0	best_hit_to_mtDNA
A	A	A	8370	HG002_all_regions	HG002_chr1.633402.634418|HISEQ1:18:H8VC6ADXX:2:1105:2494:19158	HG002_chr1.633402.634418|HISEQ1:18:H8VC6ADXX:2:1105:2494:19158	149	8225.0	8608.0	best_hit_to_mtDNA
A	A	A	8371	HG002_all_regions	HG002_chr1.633402.634418|HISEQ1:18:H8VC6ADXX:2:1105:2494:19158	HG002_chr1.633402.634418|HISEQ1:18:H8VC6ADXX:2:1105:2494:19158	149	8225.0	8608.0	best_hit_to_mtDNA
T	T	T	8372	HG002_all_regions	HG002_chr1.633402.634418|HISEQ1:18:H8VC6ADXX:2:1105:2494:19158	HG002_chr1.633402.634418|HISEQ1:18:H8VC6ADXX:2:1105:2494:19158	149	8225.0	8608.0	best_hit_to_mtDNA
G	G	T	8373	HG002_all_regions	HG002_chr1.633402.634418|HISEQ1:18:H8VC6ADXX:2:1105:2494:19158	HG002_chr1.633402.634418|HISEQ1:18:H8VC6ADXX:2:1105:2494:19158	149	8225.0	8608.0	best_hit_to_mtDNA
C	C	C	8374	HG002_all_regions	HG002_chr1.633402.634418|HISEQ1:18:H8VC6ADXX:2:1105:2494:19158	HG002_chr1.633402.634418|HISEQ1:18:H8VC6ADXX:2:1105:2494:19158	149	8225.0	8608.0	best_hit_to_mtDNA
C	C	C	8375	HG002_all_regions	HG002_chr1.633402.634418|HISEQ1:18:H8VC6ADXX:2:1105:2494:19158	HG002_chr1.633402.634418|HISEQ1:18:H8VC6ADXX:2:1105:2494:19158	149	8225.0	8608.0	best_hit_to_mtDNA
C	C	C	8376	HG002_all_regions	HG002_chr1.633402.634418|HISEQ1:18:H8VC6ADXX:2:1105:2494:19158	HG002_chr1.633402.634418|HISEQ1:18:H8VC6ADXX:2:1105:2494:19158	149	8225.0	8608.0	best_hit_to_mtDNA
C	C	C	8377	HG002_all_regions	HG002_chr1.633402.634418|HISEQ1:18:H8VC6ADXX:2:1105:2494:19158	HG002_chr1.633402.634418|HISEQ1:18:H8VC6ADXX:2:1105:2494:19158	149	8225.0	8608.0	best_hit_to_mtDNA
T	T	T	8242	HG002_all_regions	HG002_chr1.633402.634418|HISEQ1:19:H8VDAADXX:1:2104:10759:49439	HG002_chr1.633402.634418|HISEQ1:19:H8VDAADXX:1:2104:10759:49439	149	8238.0	8385.0	best_hit_to_mtDNA
C	C	C	8243	HG002_all_regions	HG002_chr1.633402.634418|HISEQ1:19:H8VDAADXX:1:2104:10759:49439	HG002_chr1.633402.634418|HISEQ1:19:H8VDAADXX:1:2104:10759:49439	149	8238.0	8385.0	best_hit_to_mtDNA
T	T	T	8244	HG002_all_regions	HG002_chr1.633402.634418|HISEQ1:19:H8VDAADXX:1:2104:10759:49439	HG002_chr1.633402.634418|HISEQ1:19:H8VDAADXX:1:2104:10759:49439	149	8238.0	8385.0	best_hit_to_mtDNA
T	T	T	8245	HG002_all_regions	HG002_chr1.633402.634418|HISEQ1:19:H8VDAADXX:1:2104:10759:49439	HG002_chr1.633402.634418|HISEQ1:19:H8VDAADXX:1:2104:10759:49439	149	8238.0	8385.0	best_hit_to_mtDNA
T	T	T	8246	HG002_all_regions	HG002_chr1.633402.634418|HISEQ1:19:H8VDAADXX:1:2104:10759:49439	HG002_chr1.633402.634418|HISEQ1:19:H8VDAADXX:1:2104:10759:49439	149	8238.0	8385.0	best_hit_to_mtDNA
G	G	G	8247	HG002_all_regions	HG002_chr1.633402.634418|HISEQ1:19:H8VDAADXX:1:2104:10759:49439	HG002_chr1.633402.634418|HISEQ1:19:H8VDAADXX:1:2104:10759:49439	149	8238.0	8385.0	best_hit_to_mtDNA
A	A	A	8248	HG002_all_regions	HG002_chr1.633402.634418|HISEQ1:19:H8VDAADXX:1:2104:10759:49439	HG002_chr1.633402.634418|HISEQ1:19:H8VDAADXX:1:2104:10759:49439	149	8238.0	8385.0	best_hit_to_mtDNA
A	A	A	8249	HG002_all_regions	HG002_chr1.633402.634418|HISEQ1:19:H8VDAADXX:1:2104:10759:49439	HG002_chr1.633402.634418|HISEQ1:19:H8VDAADXX:1:2104:10759:49439	149	8238.0	8385.0	best_hit_to_mtDNA
A	A	A	8250	HG002_all_regions	HG002_chr1.633402.634418|HISEQ1:19:H8VDAADXX:1:2104:10759:49439	HG002_chr1.633402.634418|HISEQ1:19:H8VDAADXX:1:2104:10759:49439	149	8238.0	8385.0	best_hit_to_mtDNA
T	T	T	8251	HG002_all_regions	HG002_chr1.633402.634418|HISEQ1:19:H8VDAADXX:1:2104:10759:49439	HG002_chr1.633402.634418|HISEQ1:19:H8VDAADXX:1:2104:10759:49439	149	8238.0	8385.0	best_hit_to_mtDNA
A	A	A	8252	HG002_all_regions	HG002_chr1.633402.634418|HISEQ1:19:H8VDAADXX:1:2104:10759:49439	HG002_chr1.633402.634418|HISEQ1:19:H8VDAADXX:1:2104:10759:49439	149	8238.0	8385.0	best_hit_to_mtDNA
G	G	G	8253	HG002_all_regions	HG002_chr1.633402.634418|HISEQ1:19:H8VDAADXX:1:2104:10759:49439	HG002_chr1.633402.634418|HISEQ1:19:H8VDAADXX:1:2104:10759:49439	149	8238.0	8385.0	best_hit_to_mtDNA
G	G	G	8254	HG002_all_regions	HG002_chr1.633402.634418|HISEQ1:19:H8VDAADXX:1:2104:10759:49439	HG002_chr1.633402.634418|HISEQ1:19:H8VDAADXX:1:2104:10759:49439	149	8238.0	8385.0	best_hit_to_mtDNA
G	A	G	8255	HG002_all_regions	HG002_chr1.633402.634418|HISEQ1:19:H8VDAADXX:1:2104:10759:49439	HG002_chr1.633402.634418|HISEQ1:19:H8VDAADXX:1:2104:10759:49439	149	8238.0	8385.0	best_hit_to_mtDNA
C	C	C	8256	HG002_all_regions	HG002_chr1.633402.634418|HISEQ1:19:H8VDAADXX:1:2104:10759:49439	HG002_chr1.633402.634418|HISEQ1:19:H8VDAADXX:1:2104:10759:49439	149	8238.0	8385.0	best_hit_to_mtDNA
C	C	C	8257	HG002_all_regions	HG002_chr1.633402.634418|HISEQ1:19:H8VDAADXX:1:2104:10759:49439	HG002_chr1.633402.634418|HISEQ1:19:H8VDAADXX:1:2104:10759:49439	149	8238.0	8385.0	best_hit_to_mtDNA
C	C	C	8258	HG002_all_regions	HG002_chr1.633402.634418|HISEQ1:19:H8VDAADXX:1:2104:10759:49439	HG002_chr1.633402.634418|HISEQ1:19:H8VDAADXX:1:2104:10759:49439	149	8238.0	8385.0	best_hit_to_mtDNA
G	G	G	8259	HG002_all_regions	HG002_chr1.633402.634418|HISEQ1:19:H8VDAADXX:1:2104:10759:49439	HG002_chr1.633402.634418|HISEQ1:19:H8VDAADXX:1:2104:10759:49439	149	8238.0	8385.0	best_hit_to_mtDNA
T	T	T	8260	HG002_all_regions	HG002_chr1.633402.634418|HISEQ1:19:H8VDAADXX:1:2104:10759:49439	HG002_chr1.633402.634418|HISEQ1:19:H8VDAADXX:1:2104:10759:49439	149	8238.0	8385.0	best_hit_to_mtDNA
A	A	A	8261	HG002_all_regions	HG002_chr1.633402.634418|HISEQ1:19:H8VDAADXX:1:2104:10759:49439	HG002_chr1.633402.634418|HISEQ1:19:H8VDAADXX:1:2104:10759:49439	149	8238.0	8385.0	best_hit_to_mtDNA
T	T	T	8262	HG002_all_regions	HG002_chr1.633402.634418|HISEQ1:19:H8VDAADXX:1:2104:10759:49439	HG002_chr1.633402.634418|HISEQ1:19:H8VDAADXX:1:2104:10759:49439	149	8238.0	8385.0	best_hit_to_mtDNA
T	T	T	8263	HG002_all_regions	HG002_chr1.633402.634418|HISEQ1:19:H8VDAADXX:1:2104:10759:49439	HG002_chr1.633402.634418|HISEQ1:19:H8VDAADXX:1:2104:10759:49439	149	8238.0	8385.0	best_hit_to_mtDNA
T	C	T	8264	HG002_all_regions	HG002_chr1.633402.634418|HISEQ1:19:H8VDAADXX:1:2104:10759:49439	HG002_chr1.633402.634418|HISEQ1:19:H8VDAADXX:1:2104:10759:49439	149	8238.0	8385.0	best_hit_to_mtDNA
A	A	A	8265	HG002_all_regions	HG002_chr1.633402.634418|HISEQ1:19:H8VDAADXX:1:2104:10759:49439	HG002_chr1.633402.634418|HISEQ1:19:H8VDAADXX:1:2104:10759:49439	149	8238.0	8385.0	best_hit_to_mtDNA
C	C	C	8266	HG002_all_regions	HG002_chr1.633402.634418|HISEQ1:19:H8VDAADXX:1:2104:10759:49439	HG002_chr1.633402.634418|HISEQ1:19:H8VDAADXX:1:2104:10759:49439	149	8238.0	8385.0	best_hit_to_mtDNA
C	T	C	8267	HG002_all_regions	HG002_chr1.633402.634418|HISEQ1:19:H8VDAADXX:1:2104:10759:49439	HG002_chr1.633402.634418|HISEQ1:19:H8VDAADXX:1:2104:10759:49439	149	8238.0	8385.0	best_hit_to_mtDNA
C	C	C	8268	HG002_all_regions	HG002_chr1.633402.634418|HISEQ1:19:H8VDAADXX:1:2104:10759:49439	HG002_chr1.633402.634418|HISEQ1:19:H8VDAADXX:1:2104:10759:49439	149	8238.0	8385.0	best_hit_to_mtDNA
T	T	T	8269	HG002_all_regions	HG002_chr1.633402.634418|HISEQ1:19:H8VDAADXX:1:2104:10759:49439	HG002_chr1.633402.634418|HISEQ1:19:H8VDAADXX:1:2104:10759:49439	149	8238.0	8385.0	best_hit_to_mtDNA
A	A	A	8270	HG002_all_regions	HG002_chr1.633402.634418|HISEQ1:19:H8VDAADXX:1:2104:10759:49439	HG002_chr1.633402.634418|HISEQ1:19:H8VDAADXX:1:2104:10759:49439	149	8238.0	8385.0	best_hit_to_mtDNA
T	T	T	8271	HG002_all_regions	HG002_chr1.633402.634418|HISEQ1:19:H8VDAADXX:1:2104:10759:49439	HG002_chr1.633402.634418|HISEQ1:19:H8VDAADXX:1:2104:10759:49439	149	8238.0	8385.0	best_hit_to_mtDNA
A	A	A	8272	HG002_all_regions	HG002_chr1.633402.634418|HISEQ1:19:H8VDAADXX:1:2104:10759:49439	HG002_chr1.633402.634418|HISEQ1:19:H8VDAADXX:1:2104:10759:49439	149	8238.0	8385.0	best_hit_to_mtDNA
G	G	G	8273	HG002_all_regions	HG002_chr1.633402.634418|HISEQ1:19:H8VDAADXX:1:2104:10759:49439	HG002_chr1.633402.634418|HISEQ1:19:H8VDAADXX:1:2104:10759:49439	149	8238.0	8385.0	best_hit_to_mtDNA
C	C	C	8274	HG002_all_regions	HG002_chr1.633402.634418|HISEQ1:19:H8VDAADXX:1:2104:10759:49439	HG002_chr1.633402.634418|HISEQ1:19:H8VDAADXX:1:2104:10759:49439	149	8238.0	8385.0	best_hit_to_mtDNA
A	A	A	8275	HG002_all_regions	HG002_chr1.633402.634418|HISEQ1:19:H8VDAADXX:1:2104:10759:49439	HG002_chr1.633402.634418|HISEQ1:19:H8VDAADXX:1:2104:10759:49439	149	8238.0	8385.0	best_hit_to_mtDNA
C	C	C	8276	HG002_all_regions	HG002_chr1.633402.634418|HISEQ1:19:H8VDAADXX:1:2104:10759:49439	HG002_chr1.633402.634418|HISEQ1:19:H8VDAADXX:1:2104:10759:49439	149	8238.0	8385.0	best_hit_to_mtDNA
C	C	C	8277	HG002_all_regions	HG002_chr1.633402.634418|HISEQ1:19:H8VDAADXX:1:2104:10759:49439	HG002_chr1.633402.634418|HISEQ1:19:H8VDAADXX:1:2104:10759:49439	149	8238.0	8385.0	best_hit_to_mtDNA
C	T	C	8278	HG002_all_regions	HG002_chr1.633402.634418|HISEQ1:19:H8VDAADXX:1:2104:10759:49439	HG002_chr1.633402.634418|HISEQ1:19:H8VDAADXX:1:2104:10759:49439	149	8238.0	8385.0	best_hit_to_mtDNA
C	T	C	8279	HG002_all_regions	HG002_chr1.633402.634418|HISEQ1:19:H8VDAADXX:1:2104:10759:49439	HG002_chr1.633402.634418|HISEQ1:19:H8VDAADXX:1:2104:10759:49439	149	8238.0	8385.0	best_hit_to_mtDNA
C	C	C	8280	HG002_all_regions	HG002_chr1.633402.634418|HISEQ1:19:H8VDAADXX:1:2104:10759:49439	HG002_chr1.633402.634418|HISEQ1:19:H8VDAADXX:1:2104:10759:49439	149	8238.0	8385.0	best_hit_to_mtDNA
T	T	T	8281	HG002_all_regions	HG002_chr1.633402.634418|HISEQ1:19:H8VDAADXX:1:2104:10759:49439	HG002_chr1.633402.634418|HISEQ1:19:H8VDAADXX:1:2104:10759:49439	149	8238.0	8385.0	best_hit_to_mtDNA
C	C	C	8282	HG002_all_regions	HG002_chr1.633402.634418|HISEQ1:19:H8VDAADXX:1:2104:10759:49439	HG002_chr1.633402.634418|HISEQ1:19:H8VDAADXX:1:2104:10759:49439	149	8238.0	8385.0	best_hit_to_mtDNA
T	T	T	8283	HG002_all_regions	HG002_chr1.633402.634418|HISEQ1:19:H8VDAADXX:1:2104:10759:49439	HG002_chr1.633402.634418|HISEQ1:19:H8VDAADXX:1:2104:10759:49439	149	8238.0	8385.0	best_hit_to_mtDNA
A	A	A	8284	HG002_all_regions	HG002_chr1.633402.634418|HISEQ1:19:H8VDAADXX:1:2104:10759:49439	HG002_chr1.633402.634418|HISEQ1:19:H8VDAADXX:1:2104:10759:49439	149	8238.0	8385.0	best_hit_to_mtDNA
C	C	C	8285	HG002_all_regions	HG002_chr1.633402.634418|HISEQ1:19:H8VDAADXX:1:2104:10759:49439	HG002_chr1.633402.634418|HISEQ1:19:H8VDAADXX:1:2104:10759:49439	149	8238.0	8385.0	best_hit_to_mtDNA
C	C	C	8286	HG002_all_regions	HG002_chr1.633402.634418|HISEQ1:19:H8VDAADXX:1:2104:10759:49439	HG002_chr1.633402.634418|HISEQ1:19:H8VDAADXX:1:2104:10759:49439	149	8238.0	8385.0	best_hit_to_mtDNA
C	C	C	8287	HG002_all_regions	HG002_chr1.633402.634418|HISEQ1:19:H8VDAADXX:1:2104:10759:49439	HG002_chr1.633402.634418|HISEQ1:19:H8VDAADXX:1:2104:10759:49439	149	8238.0	8385.0	best_hit_to_mtDNA
C	C	C	8288	HG002_all_regions	HG002_chr1.633402.634418|HISEQ1:19:H8VDAADXX:1:2104:10759:49439	HG002_chr1.633402.634418|HISEQ1:19:H8VDAADXX:1:2104:10759:49439	149	8238.0	8385.0	best_hit_to_mtDNA
-	T	-	8289	HG002_all_regions	HG002_chr1.633402.634418|HISEQ1:19:H8VDAADXX:1:2104:10759:49439	HG002_chr1.633402.634418|HISEQ1:19:H8VDAADXX:1:2104:10759:49439	149	8238.0	8385.0	best_hit_to_mtDNA
C	C	C	8290	HG002_all_regions	HG002_chr1.633402.634418|HISEQ1:19:H8VDAADXX:1:2104:10759:49439	HG002_chr1.633402.634418|HISEQ1:19:H8VDAADXX:1:2104:10759:49439	149	8238.0	8385.0	best_hit_to_mtDNA
T	T	T	8291	HG002_all_regions	HG002_chr1.633402.634418|HISEQ1:19:H8VDAADXX:1:2104:10759:49439	HG002_chr1.633402.634418|HISEQ1:19:H8VDAADXX:1:2104:10759:49439	149	8238.0	8385.0	best_hit_to_mtDNA
C	C	C	8292	HG002_all_regions	HG002_chr1.633402.634418|HISEQ1:19:H8VDAADXX:1:2104:10759:49439	HG002_chr1.633402.634418|HISEQ1:19:H8VDAADXX:1:2104:10759:49439	149	8238.0	8385.0	best_hit_to_mtDNA
T	C	T	8293	HG002_all_regions	HG002_chr1.633402.634418|HISEQ1:19:H8VDAADXX:1:2104:10759:49439	HG002_chr1.633402.634418|HISEQ1:19:H8VDAADXX:1:2104:10759:49439	149	8238.0	8385.0	best_hit_to_mtDNA
A	A	A	8294	HG002_all_regions	HG002_chr1.633402.634418|HISEQ1:19:H8VDAADXX:1:2104:10759:49439	HG002_chr1.633402.634418|HISEQ1:19:H8VDAADXX:1:2104:10759:49439	149	8238.0	8385.0	best_hit_to_mtDNA
G	G	G	8295	HG002_all_regions	HG002_chr1.633402.634418|HISEQ1:19:H8VDAADXX:1:2104:10759:49439	HG002_chr1.633402.634418|HISEQ1:19:H8VDAADXX:1:2104:10759:49439	149	8238.0	8385.0	best_hit_to_mtDNA
A	A	A	8296	HG002_all_regions	HG002_chr1.633402.634418|HISEQ1:19:H8VDAADXX:1:2104:10759:49439	HG002_chr1.633402.634418|HISEQ1:19:H8VDAADXX:1:2104:10759:49439	149	8238.0	8385.0	best_hit_to_mtDNA
G	G	G	8297	HG002_all_regions	HG002_chr1.633402.634418|HISEQ1:19:H8VDAADXX:1:2104:10759:49439	HG002_chr1.633402.634418|HISEQ1:19:H8VDAADXX:1:2104:10759:49439	149	8238.0	8385.0	best_hit_to_mtDNA
C	C	C	8298	HG002_all_regions	HG002_chr1.633402.634418|HISEQ1:19:H8VDAADXX:1:2104:10759:49439	HG002_chr1.633402.634418|HISEQ1:19:H8VDAADXX:1:2104:10759:49439	149	8238.0	8385.0	best_hit_to_mtDNA
C	T	C	8299	HG002_all_regions	HG002_chr1.633402.634418|HISEQ1:19:H8VDAADXX:1:2104:10759:49439	HG002_chr1.633402.634418|HISEQ1:19:H8VDAADXX:1:2104:10759:49439	149	8238.0	8385.0	best_hit_to_mtDNA
C	C	C	8300	HG002_all_regions	HG002_chr1.633402.634418|HISEQ1:19:H8VDAADXX:1:2104:10759:49439	HG002_chr1.633402.634418|HISEQ1:19:H8VDAADXX:1:2104:10759:49439	149	8238.0	8385.0	best_hit_to_mtDNA
A	A	C	8301	HG002_all_regions	HG002_chr1.633402.634418|HISEQ1:19:H8VDAADXX:1:2104:10759:49439	HG002_chr1.633402.634418|HISEQ1:19:H8VDAADXX:1:2104:10759:49439	149	8238.0	8385.0	best_hit_to_mtDNA
C	C	C	8302	HG002_all_regions	HG002_chr1.633402.634418|HISEQ1:19:H8VDAADXX:1:2104:10759:49439	HG002_chr1.633402.634418|HISEQ1:19:H8VDAADXX:1:2104:10759:49439	149	8238.0	8385.0	best_hit_to_mtDNA
T	T	G	8303	HG002_all_regions	HG002_chr1.633402.634418|HISEQ1:19:H8VDAADXX:1:2104:10759:49439	HG002_chr1.633402.634418|HISEQ1:19:H8VDAADXX:1:2104:10759:49439	149	8238.0	8385.0	best_hit_to_mtDNA
G	G	G	8304	HG002_all_regions	HG002_chr1.633402.634418|HISEQ1:19:H8VDAADXX:1:2104:10759:49439	HG002_chr1.633402.634418|HISEQ1:19:H8VDAADXX:1:2104:10759:49439	149	8238.0	8385.0	best_hit_to_mtDNA
T	T	A	8305	HG002_all_regions	HG002_chr1.633402.634418|HISEQ1:19:H8VDAADXX:1:2104:10759:49439	HG002_chr1.633402.634418|HISEQ1:19:H8VDAADXX:1:2104:10759:49439	149	8238.0	8385.0	best_hit_to_mtDNA
A	A	A	8306	HG002_all_regions	HG002_chr1.633402.634418|HISEQ1:19:H8VDAADXX:1:2104:10759:49439	HG002_chr1.633402.634418|HISEQ1:19:H8VDAADXX:1:2104:10759:49439	149	8238.0	8385.0	best_hit_to_mtDNA
A	A	A	8307	HG002_all_regions	HG002_chr1.633402.634418|HISEQ1:19:H8VDAADXX:1:2104:10759:49439	HG002_chr1.633402.634418|HISEQ1:19:H8VDAADXX:1:2104:10759:49439	149	8238.0	8385.0	best_hit_to_mtDNA
A	A	A	8308	HG002_all_regions	HG002_chr1.633402.634418|HISEQ1:19:H8VDAADXX:1:2104:10759:49439	HG002_chr1.633402.634418|HISEQ1:19:H8VDAADXX:1:2104:10759:49439	149	8238.0	8385.0	best_hit_to_mtDNA
G	G	G	8309	HG002_all_regions	HG002_chr1.633402.634418|HISEQ1:19:H8VDAADXX:1:2104:10759:49439	HG002_chr1.633402.634418|HISEQ1:19:H8VDAADXX:1:2104:10759:49439	149	8238.0	8385.0	best_hit_to_mtDNA
C	C	C	8310	HG002_all_regions	HG002_chr1.633402.634418|HISEQ1:19:H8VDAADXX:1:2104:10759:49439	HG002_chr1.633402.634418|HISEQ1:19:H8VDAADXX:1:2104:10759:49439	149	8238.0	8385.0	best_hit_to_mtDNA
T	T	A	8311	HG002_all_regions	HG002_chr1.633402.634418|HISEQ1:19:H8VDAADXX:1:2104:10759:49439	HG002_chr1.633402.634418|HISEQ1:19:H8VDAADXX:1:2104:10759:49439	149	8238.0	8385.0	best_hit_to_mtDNA
A	A	A	8312	HG002_all_regions	HG002_chr1.633402.634418|HISEQ1:19:H8VDAADXX:1:2104:10759:49439	HG002_chr1.633402.634418|HISEQ1:19:H8VDAADXX:1:2104:10759:49439	149	8238.0	8385.0	best_hit_to_mtDNA
A	A	A	8313	HG002_all_regions	HG002_chr1.633402.634418|HISEQ1:19:H8VDAADXX:1:2104:10759:49439	HG002_chr1.633402.634418|HISEQ1:19:H8VDAADXX:1:2104:10759:49439	149	8238.0	8385.0	best_hit_to_mtDNA
C	C	C	8314	HG002_all_regions	HG002_chr1.633402.634418|HISEQ1:19:H8VDAADXX:1:2104:10759:49439	HG002_chr1.633402.634418|HISEQ1:19:H8VDAADXX:1:2104:10759:49439	149	8238.0	8385.0	best_hit_to_mtDNA
T	C	T	8315	HG002_all_regions	HG002_chr1.633402.634418|HISEQ1:19:H8VDAADXX:1:2104:10759:49439	HG002_chr1.633402.634418|HISEQ1:19:H8VDAADXX:1:2104:10759:49439	149	8238.0	8385.0	best_hit_to_mtDNA
T	T	T	8316	HG002_all_regions	HG002_chr1.633402.634418|HISEQ1:19:H8VDAADXX:1:2104:10759:49439	HG002_chr1.633402.634418|HISEQ1:19:H8VDAADXX:1:2104:10759:49439	149	8238.0	8385.0	best_hit_to_mtDNA
A	A	A	8317	HG002_all_regions	HG002_chr1.633402.634418|HISEQ1:19:H8VDAADXX:1:2104:10759:49439	HG002_chr1.633402.634418|HISEQ1:19:H8VDAADXX:1:2104:10759:49439	149	8238.0	8385.0	best_hit_to_mtDNA
G	G	C	8318	HG002_all_regions	HG002_chr1.633402.634418|HISEQ1:19:H8VDAADXX:1:2104:10759:49439	HG002_chr1.633402.634418|HISEQ1:19:H8VDAADXX:1:2104:10759:49439	149	8238.0	8385.0	best_hit_to_mtDNA
C	C	C	8319	HG002_all_regions	HG002_chr1.633402.634418|HISEQ1:19:H8VDAADXX:1:2104:10759:49439	HG002_chr1.633402.634418|HISEQ1:19:H8VDAADXX:1:2104:10759:49439	149	8238.0	8385.0	best_hit_to_mtDNA
A	A	A	8320	HG002_all_regions	HG002_chr1.633402.634418|HISEQ1:19:H8VDAADXX:1:2104:10759:49439	HG002_chr1.633402.634418|HISEQ1:19:H8VDAADXX:1:2104:10759:49439	149	8238.0	8385.0	best_hit_to_mtDNA
T	T	T	8321	HG002_all_regions	HG002_chr1.633402.634418|HISEQ1:19:H8VDAADXX:1:2104:10759:49439	HG002_chr1.633402.634418|HISEQ1:19:H8VDAADXX:1:2104:10759:49439	149	8238.0	8385.0	best_hit_to_mtDNA
T	T	T	8322	HG002_all_regions	HG002_chr1.633402.634418|HISEQ1:19:H8VDAADXX:1:2104:10759:49439	HG002_chr1.633402.634418|HISEQ1:19:H8VDAADXX:1:2104:10759:49439	149	8238.0	8385.0	best_hit_to_mtDNA
A	A	A	8323	HG002_all_regions	HG002_chr1.633402.634418|HISEQ1:19:H8VDAADXX:1:2104:10759:49439	HG002_chr1.633402.634418|HISEQ1:19:H8VDAADXX:1:2104:10759:49439	149	8238.0	8385.0	best_hit_to_mtDNA
A	A	A	8324	HG002_all_regions	HG002_chr1.633402.634418|HISEQ1:19:H8VDAADXX:1:2104:10759:49439	HG002_chr1.633402.634418|HISEQ1:19:H8VDAADXX:1:2104:10759:49439	149	8238.0	8385.0	best_hit_to_mtDNA
C	C	C	8325	HG002_all_regions	HG002_chr1.633402.634418|HISEQ1:19:H8VDAADXX:1:2104:10759:49439	HG002_chr1.633402.634418|HISEQ1:19:H8VDAADXX:1:2104:10759:49439	149	8238.0	8385.0	best_hit_to_mtDNA
C	C	C	8326	HG002_all_regions	HG002_chr1.633402.634418|HISEQ1:19:H8VDAADXX:1:2104:10759:49439	HG002_chr1.633402.634418|HISEQ1:19:H8VDAADXX:1:2104:10759:49439	149	8238.0	8385.0	best_hit_to_mtDNA
T	T	T	8327	HG002_all_regions	HG002_chr1.633402.634418|HISEQ1:19:H8VDAADXX:1:2104:10759:49439	HG002_chr1.633402.634418|HISEQ1:19:H8VDAADXX:1:2104:10759:49439	149	8238.0	8385.0	best_hit_to_mtDNA
T	T	T	8328	HG002_all_regions	HG002_chr1.633402.634418|HISEQ1:19:H8VDAADXX:1:2104:10759:49439	HG002_chr1.633402.634418|HISEQ1:19:H8VDAADXX:1:2104:10759:49439	149	8238.0	8385.0	best_hit_to_mtDNA
T	T	T	8329	HG002_all_regions	HG002_chr1.633402.634418|HISEQ1:19:H8VDAADXX:1:2104:10759:49439	HG002_chr1.633402.634418|HISEQ1:19:H8VDAADXX:1:2104:10759:49439	149	8238.0	8385.0	best_hit_to_mtDNA
T	T	T	8330	HG002_all_regions	HG002_chr1.633402.634418|HISEQ1:19:H8VDAADXX:1:2104:10759:49439	HG002_chr1.633402.634418|HISEQ1:19:H8VDAADXX:1:2104:10759:49439	149	8238.0	8385.0	best_hit_to_mtDNA
A	A	A	8331	HG002_all_regions	HG002_chr1.633402.634418|HISEQ1:19:H8VDAADXX:1:2104:10759:49439	HG002_chr1.633402.634418|HISEQ1:19:H8VDAADXX:1:2104:10759:49439	149	8238.0	8385.0	best_hit_to_mtDNA
A	A	A	8332	HG002_all_regions	HG002_chr1.633402.634418|HISEQ1:19:H8VDAADXX:1:2104:10759:49439	HG002_chr1.633402.634418|HISEQ1:19:H8VDAADXX:1:2104:10759:49439	149	8238.0	8385.0	best_hit_to_mtDNA
G	G	G	8333	HG002_all_regions	HG002_chr1.633402.634418|HISEQ1:19:H8VDAADXX:1:2104:10759:49439	HG002_chr1.633402.634418|HISEQ1:19:H8VDAADXX:1:2104:10759:49439	149	8238.0	8385.0	best_hit_to_mtDNA
T	T	T	8334	HG002_all_regions	HG002_chr1.633402.634418|HISEQ1:19:H8VDAADXX:1:2104:10759:49439	HG002_chr1.633402.634418|HISEQ1:19:H8VDAADXX:1:2104:10759:49439	149	8238.0	8385.0	best_hit_to_mtDNA
T	T	T	8335	HG002_all_regions	HG002_chr1.633402.634418|HISEQ1:19:H8VDAADXX:1:2104:10759:49439	HG002_chr1.633402.634418|HISEQ1:19:H8VDAADXX:1:2104:10759:49439	149	8238.0	8385.0	best_hit_to_mtDNA
A	A	A	8336	HG002_all_regions	HG002_chr1.633402.634418|HISEQ1:19:H8VDAADXX:1:2104:10759:49439	HG002_chr1.633402.634418|HISEQ1:19:H8VDAADXX:1:2104:10759:49439	149	8238.0	8385.0	best_hit_to_mtDNA
A	A	A	8337	HG002_all_regions	HG002_chr1.633402.634418|HISEQ1:19:H8VDAADXX:1:2104:10759:49439	HG002_chr1.633402.634418|HISEQ1:19:H8VDAADXX:1:2104:10759:49439	149	8238.0	8385.0	best_hit_to_mtDNA
A	A	A	8338	HG002_all_regions	HG002_chr1.633402.634418|HISEQ1:19:H8VDAADXX:1:2104:10759:49439	HG002_chr1.633402.634418|HISEQ1:19:H8VDAADXX:1:2104:10759:49439	149	8238.0	8385.0	best_hit_to_mtDNA
G	G	G	8339	HG002_all_regions	HG002_chr1.633402.634418|HISEQ1:19:H8VDAADXX:1:2104:10759:49439	HG002_chr1.633402.634418|HISEQ1:19:H8VDAADXX:1:2104:10759:49439	149	8238.0	8385.0	best_hit_to_mtDNA
A	A	A	8340	HG002_all_regions	HG002_chr1.633402.634418|HISEQ1:19:H8VDAADXX:1:2104:10759:49439	HG002_chr1.633402.634418|HISEQ1:19:H8VDAADXX:1:2104:10759:49439	149	8238.0	8385.0	best_hit_to_mtDNA
T	T	T	8341	HG002_all_regions	HG002_chr1.633402.634418|HISEQ1:19:H8VDAADXX:1:2104:10759:49439	HG002_chr1.633402.634418|HISEQ1:19:H8VDAADXX:1:2104:10759:49439	149	8238.0	8385.0	best_hit_to_mtDNA
T	T	T	8342	HG002_all_regions	HG002_chr1.633402.634418|HISEQ1:19:H8VDAADXX:1:2104:10759:49439	HG002_chr1.633402.634418|HISEQ1:19:H8VDAADXX:1:2104:10759:49439	149	8238.0	8385.0	best_hit_to_mtDNA
A	A	A	8343	HG002_all_regions	HG002_chr1.633402.634418|HISEQ1:19:H8VDAADXX:1:2104:10759:49439	HG002_chr1.633402.634418|HISEQ1:19:H8VDAADXX:1:2104:10759:49439	149	8238.0	8385.0	best_hit_to_mtDNA
A	A	A	8344	HG002_all_regions	HG002_chr1.633402.634418|HISEQ1:19:H8VDAADXX:1:2104:10759:49439	HG002_chr1.633402.634418|HISEQ1:19:H8VDAADXX:1:2104:10759:49439	149	8238.0	8385.0	best_hit_to_mtDNA
G	G	A	8345	HG002_all_regions	HG002_chr1.633402.634418|HISEQ1:19:H8VDAADXX:1:2104:10759:49439	HG002_chr1.633402.634418|HISEQ1:19:H8VDAADXX:1:2104:10759:49439	149	8238.0	8385.0	best_hit_to_mtDNA
A	A	A	8346	HG002_all_regions	HG002_chr1.633402.634418|HISEQ1:19:H8VDAADXX:1:2104:10759:49439	HG002_chr1.633402.634418|HISEQ1:19:H8VDAADXX:1:2104:10759:49439	149	8238.0	8385.0	best_hit_to_mtDNA
G	G	G	8347	HG002_all_regions	HG002_chr1.633402.634418|HISEQ1:19:H8VDAADXX:1:2104:10759:49439	HG002_chr1.633402.634418|HISEQ1:19:H8VDAADXX:1:2104:10759:49439	149	8238.0	8385.0	best_hit_to_mtDNA
A	G	A	8348	HG002_all_regions	HG002_chr1.633402.634418|HISEQ1:19:H8VDAADXX:1:2104:10759:49439	HG002_chr1.633402.634418|HISEQ1:19:H8VDAADXX:1:2104:10759:49439	149	8238.0	8385.0	best_hit_to_mtDNA
A	A	A	8349	HG002_all_regions	HG002_chr1.633402.634418|HISEQ1:19:H8VDAADXX:1:2104:10759:49439	HG002_chr1.633402.634418|HISEQ1:19:H8VDAADXX:1:2104:10759:49439	149	8238.0	8385.0	best_hit_to_mtDNA
C	C	C	8350	HG002_all_regions	HG002_chr1.633402.634418|HISEQ1:19:H8VDAADXX:1:2104:10759:49439	HG002_chr1.633402.634418|HISEQ1:19:H8VDAADXX:1:2104:10759:49439	149	8238.0	8385.0	best_hit_to_mtDNA
C	C	C	8351	HG002_all_regions	HG002_chr1.633402.634418|HISEQ1:19:H8VDAADXX:1:2104:10759:49439	HG002_chr1.633402.634418|HISEQ1:19:H8VDAADXX:1:2104:10759:49439	149	8238.0	8385.0	best_hit_to_mtDNA
A	G	A	8352	HG002_all_regions	HG002_chr1.633402.634418|HISEQ1:19:H8VDAADXX:1:2104:10759:49439	HG002_chr1.633402.634418|HISEQ1:19:H8VDAADXX:1:2104:10759:49439	149	8238.0	8385.0	best_hit_to_mtDNA
A	A	A	8353	HG002_all_regions	HG002_chr1.633402.634418|HISEQ1:19:H8VDAADXX:1:2104:10759:49439	HG002_chr1.633402.634418|HISEQ1:19:H8VDAADXX:1:2104:10759:49439	149	8238.0	8385.0	best_hit_to_mtDNA
C	C	A	8354	HG002_all_regions	HG002_chr1.633402.634418|HISEQ1:19:H8VDAADXX:1:2104:10759:49439	HG002_chr1.633402.634418|HISEQ1:19:H8VDAADXX:1:2104:10759:49439	149	8238.0	8385.0	best_hit_to_mtDNA
A	A	A	8355	HG002_all_regions	HG002_chr1.633402.634418|HISEQ1:19:H8VDAADXX:1:2104:10759:49439	HG002_chr1.633402.634418|HISEQ1:19:H8VDAADXX:1:2104:10759:49439	149	8238.0	8385.0	best_hit_to_mtDNA
C	C	C	8356	HG002_all_regions	HG002_chr1.633402.634418|HISEQ1:19:H8VDAADXX:1:2104:10759:49439	HG002_chr1.633402.634418|HISEQ1:19:H8VDAADXX:1:2104:10759:49439	149	8238.0	8385.0	best_hit_to_mtDNA
C	C	C	8357	HG002_all_regions	HG002_chr1.633402.634418|HISEQ1:19:H8VDAADXX:1:2104:10759:49439	HG002_chr1.633402.634418|HISEQ1:19:H8VDAADXX:1:2104:10759:49439	149	8238.0	8385.0	best_hit_to_mtDNA
T	T	T	8358	HG002_all_regions	HG002_chr1.633402.634418|HISEQ1:19:H8VDAADXX:1:2104:10759:49439	HG002_chr1.633402.634418|HISEQ1:19:H8VDAADXX:1:2104:10759:49439	149	8238.0	8385.0	best_hit_to_mtDNA
C	C	C	8359	HG002_all_regions	HG002_chr1.633402.634418|HISEQ1:19:H8VDAADXX:1:2104:10759:49439	HG002_chr1.633402.634418|HISEQ1:19:H8VDAADXX:1:2104:10759:49439	149	8238.0	8385.0	best_hit_to_mtDNA
T	T	T	8360	HG002_all_regions	HG002_chr1.633402.634418|HISEQ1:19:H8VDAADXX:1:2104:10759:49439	HG002_chr1.633402.634418|HISEQ1:19:H8VDAADXX:1:2104:10759:49439	149	8238.0	8385.0	best_hit_to_mtDNA
T	T	T	8361	HG002_all_regions	HG002_chr1.633402.634418|HISEQ1:19:H8VDAADXX:1:2104:10759:49439	HG002_chr1.633402.634418|HISEQ1:19:H8VDAADXX:1:2104:10759:49439	149	8238.0	8385.0	best_hit_to_mtDNA
T	T	T	8362	HG002_all_regions	HG002_chr1.633402.634418|HISEQ1:19:H8VDAADXX:1:2104:10759:49439	HG002_chr1.633402.634418|HISEQ1:19:H8VDAADXX:1:2104:10759:49439	149	8238.0	8385.0	best_hit_to_mtDNA
A	A	A	8363	HG002_all_regions	HG002_chr1.633402.634418|HISEQ1:19:H8VDAADXX:1:2104:10759:49439	HG002_chr1.633402.634418|HISEQ1:19:H8VDAADXX:1:2104:10759:49439	149	8238.0	8385.0	best_hit_to_mtDNA
C	C	C	8364	HG002_all_regions	HG002_chr1.633402.634418|HISEQ1:19:H8VDAADXX:1:2104:10759:49439	HG002_chr1.633402.634418|HISEQ1:19:H8VDAADXX:1:2104:10759:49439	149	8238.0	8385.0	best_hit_to_mtDNA
A	A	A	8365	HG002_all_regions	HG002_chr1.633402.634418|HISEQ1:19:H8VDAADXX:1:2104:10759:49439	HG002_chr1.633402.634418|HISEQ1:19:H8VDAADXX:1:2104:10759:49439	149	8238.0	8385.0	best_hit_to_mtDNA
G	G	G	8366	HG002_all_regions	HG002_chr1.633402.634418|HISEQ1:19:H8VDAADXX:1:2104:10759:49439	HG002_chr1.633402.634418|HISEQ1:19:H8VDAADXX:1:2104:10759:49439	149	8238.0	8385.0	best_hit_to_mtDNA
T	T	G	8367	HG002_all_regions	HG002_chr1.633402.634418|HISEQ1:19:H8VDAADXX:1:2104:10759:49439	HG002_chr1.633402.634418|HISEQ1:19:H8VDAADXX:1:2104:10759:49439	149	8238.0	8385.0	best_hit_to_mtDNA
G	G	G	8368	HG002_all_regions	HG002_chr1.633402.634418|HISEQ1:19:H8VDAADXX:1:2104:10759:49439	HG002_chr1.633402.634418|HISEQ1:19:H8VDAADXX:1:2104:10759:49439	149	8238.0	8385.0	best_hit_to_mtDNA
A	A	A	8369	HG002_all_regions	HG002_chr1.633402.634418|HISEQ1:19:H8VDAADXX:1:2104:10759:49439	HG002_chr1.633402.634418|HISEQ1:19:H8VDAADXX:1:2104:10759:49439	149	8238.0	8385.0	best_hit_to_mtDNA
A	A	A	8370	HG002_all_regions	HG002_chr1.633402.634418|HISEQ1:19:H8VDAADXX:1:2104:10759:49439	HG002_chr1.633402.634418|HISEQ1:19:H8VDAADXX:1:2104:10759:49439	149	8238.0	8385.0	best_hit_to_mtDNA
A	A	A	8371	HG002_all_regions	HG002_chr1.633402.634418|HISEQ1:19:H8VDAADXX:1:2104:10759:49439	HG002_chr1.633402.634418|HISEQ1:19:H8VDAADXX:1:2104:10759:49439	149	8238.0	8385.0	best_hit_to_mtDNA
T	T	T	8372	HG002_all_regions	HG002_chr1.633402.634418|HISEQ1:19:H8VDAADXX:1:2104:10759:49439	HG002_chr1.633402.634418|HISEQ1:19:H8VDAADXX:1:2104:10759:49439	149	8238.0	8385.0	best_hit_to_mtDNA
G	G	G	8373	HG002_all_regions	HG002_chr1.633402.634418|HISEQ1:19:H8VDAADXX:1:2104:10759:49439	HG002_chr1.633402.634418|HISEQ1:19:H8VDAADXX:1:2104:10759:49439	149	8238.0	8385.0	best_hit_to_mtDNA
C	C	C	8374	HG002_all_regions	HG002_chr1.633402.634418|HISEQ1:19:H8VDAADXX:1:2104:10759:49439	HG002_chr1.633402.634418|HISEQ1:19:H8VDAADXX:1:2104:10759:49439	149	8238.0	8385.0	best_hit_to_mtDNA
C	C	C	8375	HG002_all_regions	HG002_chr1.633402.634418|HISEQ1:19:H8VDAADXX:1:2104:10759:49439	HG002_chr1.633402.634418|HISEQ1:19:H8VDAADXX:1:2104:10759:49439	149	8238.0	8385.0	best_hit_to_mtDNA
C	C	C	8376	HG002_all_regions	HG002_chr1.633402.634418|HISEQ1:19:H8VDAADXX:1:2104:10759:49439	HG002_chr1.633402.634418|HISEQ1:19:H8VDAADXX:1:2104:10759:49439	149	8238.0	8385.0	best_hit_to_mtDNA
C	C	C	8377	HG002_all_regions	HG002_chr1.633402.634418|HISEQ1:19:H8VDAADXX:1:2104:10759:49439	HG002_chr1.633402.634418|HISEQ1:19:H8VDAADXX:1:2104:10759:49439	149	8238.0	8385.0	best_hit_to_mtDNA
A	A	A	8378	HG002_all_regions	HG002_chr1.633402.634418|HISEQ1:19:H8VDAADXX:1:2104:10759:49439	HG002_chr1.633402.634418|HISEQ1:19:H8VDAADXX:1:2104:10759:49439	149	8238.0	8385.0	best_hit_to_mtDNA
A	A	A	8379	HG002_all_regions	HG002_chr1.633402.634418|HISEQ1:19:H8VDAADXX:1:2104:10759:49439	HG002_chr1.633402.634418|HISEQ1:19:H8VDAADXX:1:2104:10759:49439	149	8238.0	8385.0	best_hit_to_mtDNA
C	C	C	8380	HG002_all_regions	HG002_chr1.633402.634418|HISEQ1:19:H8VDAADXX:1:2104:10759:49439	HG002_chr1.633402.634418|HISEQ1:19:H8VDAADXX:1:2104:10759:49439	149	8238.0	8385.0	best_hit_to_mtDNA
T	T	A	8381	HG002_all_regions	HG002_chr1.633402.634418|HISEQ1:19:H8VDAADXX:1:2104:10759:49439	HG002_chr1.633402.634418|HISEQ1:19:H8VDAADXX:1:2104:10759:49439	149	8238.0	8385.0	best_hit_to_mtDNA
A	A	A	8382	HG002_all_regions	HG002_chr1.633402.634418|HISEQ1:19:H8VDAADXX:1:2104:10759:49439	HG002_chr1.633402.634418|HISEQ1:19:H8VDAADXX:1:2104:10759:49439	149	8238.0	8385.0	best_hit_to_mtDNA
A	A	A	8383	HG002_all_regions	HG002_chr1.633402.634418|HISEQ1:19:H8VDAADXX:1:2104:10759:49439	HG002_chr1.633402.634418|HISEQ1:19:H8VDAADXX:1:2104:10759:49439	149	8238.0	8385.0	best_hit_to_mtDNA
A	A	A	8384	HG002_all_regions	HG002_chr1.633402.634418|HISEQ1:19:H8VDAADXX:1:2104:10759:49439	HG002_chr1.633402.634418|HISEQ1:19:H8VDAADXX:1:2104:10759:49439	149	8238.0	8385.0	best_hit_to_mtDNA
T	T	T	8251	HG002_all_regions	HG002_chr1.633402.634418|HISEQ1:18:H8VC6ADXX:2:1204:14355:58861	HG002_chr1.633402.634418|HISEQ1:18:H8VC6ADXX:2:1204:14355:58861	149	8247.0	8394.0	best_hit_to_mtDNA
A	A	A	8252	HG002_all_regions	HG002_chr1.633402.634418|HISEQ1:18:H8VC6ADXX:2:1204:14355:58861	HG002_chr1.633402.634418|HISEQ1:18:H8VC6ADXX:2:1204:14355:58861	149	8247.0	8394.0	best_hit_to_mtDNA
G	G	G	8253	HG002_all_regions	HG002_chr1.633402.634418|HISEQ1:18:H8VC6ADXX:2:1204:14355:58861	HG002_chr1.633402.634418|HISEQ1:18:H8VC6ADXX:2:1204:14355:58861	149	8247.0	8394.0	best_hit_to_mtDNA
G	G	G	8254	HG002_all_regions	HG002_chr1.633402.634418|HISEQ1:18:H8VC6ADXX:2:1204:14355:58861	HG002_chr1.633402.634418|HISEQ1:18:H8VC6ADXX:2:1204:14355:58861	149	8247.0	8394.0	best_hit_to_mtDNA
G	A	G	8255	HG002_all_regions	HG002_chr1.633402.634418|HISEQ1:18:H8VC6ADXX:2:1204:14355:58861	HG002_chr1.633402.634418|HISEQ1:18:H8VC6ADXX:2:1204:14355:58861	149	8247.0	8394.0	best_hit_to_mtDNA
C	C	C	8256	HG002_all_regions	HG002_chr1.633402.634418|HISEQ1:18:H8VC6ADXX:2:1204:14355:58861	HG002_chr1.633402.634418|HISEQ1:18:H8VC6ADXX:2:1204:14355:58861	149	8247.0	8394.0	best_hit_to_mtDNA
C	C	C	8257	HG002_all_regions	HG002_chr1.633402.634418|HISEQ1:18:H8VC6ADXX:2:1204:14355:58861	HG002_chr1.633402.634418|HISEQ1:18:H8VC6ADXX:2:1204:14355:58861	149	8247.0	8394.0	best_hit_to_mtDNA
C	C	C	8258	HG002_all_regions	HG002_chr1.633402.634418|HISEQ1:18:H8VC6ADXX:2:1204:14355:58861	HG002_chr1.633402.634418|HISEQ1:18:H8VC6ADXX:2:1204:14355:58861	149	8247.0	8394.0	best_hit_to_mtDNA
G	G	G	8259	HG002_all_regions	HG002_chr1.633402.634418|HISEQ1:18:H8VC6ADXX:2:1204:14355:58861	HG002_chr1.633402.634418|HISEQ1:18:H8VC6ADXX:2:1204:14355:58861	149	8247.0	8394.0	best_hit_to_mtDNA
T	T	T	8260	HG002_all_regions	HG002_chr1.633402.634418|HISEQ1:18:H8VC6ADXX:2:1204:14355:58861	HG002_chr1.633402.634418|HISEQ1:18:H8VC6ADXX:2:1204:14355:58861	149	8247.0	8394.0	best_hit_to_mtDNA
A	A	A	8261	HG002_all_regions	HG002_chr1.633402.634418|HISEQ1:18:H8VC6ADXX:2:1204:14355:58861	HG002_chr1.633402.634418|HISEQ1:18:H8VC6ADXX:2:1204:14355:58861	149	8247.0	8394.0	best_hit_to_mtDNA
T	T	T	8262	HG002_all_regions	HG002_chr1.633402.634418|HISEQ1:18:H8VC6ADXX:2:1204:14355:58861	HG002_chr1.633402.634418|HISEQ1:18:H8VC6ADXX:2:1204:14355:58861	149	8247.0	8394.0	best_hit_to_mtDNA
T	T	T	8263	HG002_all_regions	HG002_chr1.633402.634418|HISEQ1:18:H8VC6ADXX:2:1204:14355:58861	HG002_chr1.633402.634418|HISEQ1:18:H8VC6ADXX:2:1204:14355:58861	149	8247.0	8394.0	best_hit_to_mtDNA
T	C	T	8264	HG002_all_regions	HG002_chr1.633402.634418|HISEQ1:18:H8VC6ADXX:2:1204:14355:58861	HG002_chr1.633402.634418|HISEQ1:18:H8VC6ADXX:2:1204:14355:58861	149	8247.0	8394.0	best_hit_to_mtDNA
A	A	A	8265	HG002_all_regions	HG002_chr1.633402.634418|HISEQ1:18:H8VC6ADXX:2:1204:14355:58861	HG002_chr1.633402.634418|HISEQ1:18:H8VC6ADXX:2:1204:14355:58861	149	8247.0	8394.0	best_hit_to_mtDNA
C	C	C	8266	HG002_all_regions	HG002_chr1.633402.634418|HISEQ1:18:H8VC6ADXX:2:1204:14355:58861	HG002_chr1.633402.634418|HISEQ1:18:H8VC6ADXX:2:1204:14355:58861	149	8247.0	8394.0	best_hit_to_mtDNA
C	T	C	8267	HG002_all_regions	HG002_chr1.633402.634418|HISEQ1:18:H8VC6ADXX:2:1204:14355:58861	HG002_chr1.633402.634418|HISEQ1:18:H8VC6ADXX:2:1204:14355:58861	149	8247.0	8394.0	best_hit_to_mtDNA
C	C	C	8268	HG002_all_regions	HG002_chr1.633402.634418|HISEQ1:18:H8VC6ADXX:2:1204:14355:58861	HG002_chr1.633402.634418|HISEQ1:18:H8VC6ADXX:2:1204:14355:58861	149	8247.0	8394.0	best_hit_to_mtDNA
T	T	T	8269	HG002_all_regions	HG002_chr1.633402.634418|HISEQ1:18:H8VC6ADXX:2:1204:14355:58861	HG002_chr1.633402.634418|HISEQ1:18:H8VC6ADXX:2:1204:14355:58861	149	8247.0	8394.0	best_hit_to_mtDNA
A	A	A	8270	HG002_all_regions	HG002_chr1.633402.634418|HISEQ1:18:H8VC6ADXX:2:1204:14355:58861	HG002_chr1.633402.634418|HISEQ1:18:H8VC6ADXX:2:1204:14355:58861	149	8247.0	8394.0	best_hit_to_mtDNA
T	T	T	8271	HG002_all_regions	HG002_chr1.633402.634418|HISEQ1:18:H8VC6ADXX:2:1204:14355:58861	HG002_chr1.633402.634418|HISEQ1:18:H8VC6ADXX:2:1204:14355:58861	149	8247.0	8394.0	best_hit_to_mtDNA
A	A	A	8272	HG002_all_regions	HG002_chr1.633402.634418|HISEQ1:18:H8VC6ADXX:2:1204:14355:58861	HG002_chr1.633402.634418|HISEQ1:18:H8VC6ADXX:2:1204:14355:58861	149	8247.0	8394.0	best_hit_to_mtDNA
G	G	G	8273	HG002_all_regions	HG002_chr1.633402.634418|HISEQ1:18:H8VC6ADXX:2:1204:14355:58861	HG002_chr1.633402.634418|HISEQ1:18:H8VC6ADXX:2:1204:14355:58861	149	8247.0	8394.0	best_hit_to_mtDNA
C	C	C	8274	HG002_all_regions	HG002_chr1.633402.634418|HISEQ1:18:H8VC6ADXX:2:1204:14355:58861	HG002_chr1.633402.634418|HISEQ1:18:H8VC6ADXX:2:1204:14355:58861	149	8247.0	8394.0	best_hit_to_mtDNA
A	A	A	8275	HG002_all_regions	HG002_chr1.633402.634418|HISEQ1:18:H8VC6ADXX:2:1204:14355:58861	HG002_chr1.633402.634418|HISEQ1:18:H8VC6ADXX:2:1204:14355:58861	149	8247.0	8394.0	best_hit_to_mtDNA
C	C	C	8276	HG002_all_regions	HG002_chr1.633402.634418|HISEQ1:18:H8VC6ADXX:2:1204:14355:58861	HG002_chr1.633402.634418|HISEQ1:18:H8VC6ADXX:2:1204:14355:58861	149	8247.0	8394.0	best_hit_to_mtDNA
C	C	C	8277	HG002_all_regions	HG002_chr1.633402.634418|HISEQ1:18:H8VC6ADXX:2:1204:14355:58861	HG002_chr1.633402.634418|HISEQ1:18:H8VC6ADXX:2:1204:14355:58861	149	8247.0	8394.0	best_hit_to_mtDNA
C	T	C	8278	HG002_all_regions	HG002_chr1.633402.634418|HISEQ1:18:H8VC6ADXX:2:1204:14355:58861	HG002_chr1.633402.634418|HISEQ1:18:H8VC6ADXX:2:1204:14355:58861	149	8247.0	8394.0	best_hit_to_mtDNA
C	T	C	8279	HG002_all_regions	HG002_chr1.633402.634418|HISEQ1:18:H8VC6ADXX:2:1204:14355:58861	HG002_chr1.633402.634418|HISEQ1:18:H8VC6ADXX:2:1204:14355:58861	149	8247.0	8394.0	best_hit_to_mtDNA
C	C	C	8280	HG002_all_regions	HG002_chr1.633402.634418|HISEQ1:18:H8VC6ADXX:2:1204:14355:58861	HG002_chr1.633402.634418|HISEQ1:18:H8VC6ADXX:2:1204:14355:58861	149	8247.0	8394.0	best_hit_to_mtDNA
T	T	T	8281	HG002_all_regions	HG002_chr1.633402.634418|HISEQ1:18:H8VC6ADXX:2:1204:14355:58861	HG002_chr1.633402.634418|HISEQ1:18:H8VC6ADXX:2:1204:14355:58861	149	8247.0	8394.0	best_hit_to_mtDNA
C	C	C	8282	HG002_all_regions	HG002_chr1.633402.634418|HISEQ1:18:H8VC6ADXX:2:1204:14355:58861	HG002_chr1.633402.634418|HISEQ1:18:H8VC6ADXX:2:1204:14355:58861	149	8247.0	8394.0	best_hit_to_mtDNA
T	T	T	8283	HG002_all_regions	HG002_chr1.633402.634418|HISEQ1:18:H8VC6ADXX:2:1204:14355:58861	HG002_chr1.633402.634418|HISEQ1:18:H8VC6ADXX:2:1204:14355:58861	149	8247.0	8394.0	best_hit_to_mtDNA
A	A	A	8284	HG002_all_regions	HG002_chr1.633402.634418|HISEQ1:18:H8VC6ADXX:2:1204:14355:58861	HG002_chr1.633402.634418|HISEQ1:18:H8VC6ADXX:2:1204:14355:58861	149	8247.0	8394.0	best_hit_to_mtDNA
C	C	C	8285	HG002_all_regions	HG002_chr1.633402.634418|HISEQ1:18:H8VC6ADXX:2:1204:14355:58861	HG002_chr1.633402.634418|HISEQ1:18:H8VC6ADXX:2:1204:14355:58861	149	8247.0	8394.0	best_hit_to_mtDNA
C	C	C	8286	HG002_all_regions	HG002_chr1.633402.634418|HISEQ1:18:H8VC6ADXX:2:1204:14355:58861	HG002_chr1.633402.634418|HISEQ1:18:H8VC6ADXX:2:1204:14355:58861	149	8247.0	8394.0	best_hit_to_mtDNA
C	C	C	8287	HG002_all_regions	HG002_chr1.633402.634418|HISEQ1:18:H8VC6ADXX:2:1204:14355:58861	HG002_chr1.633402.634418|HISEQ1:18:H8VC6ADXX:2:1204:14355:58861	149	8247.0	8394.0	best_hit_to_mtDNA
C	C	C	8288	HG002_all_regions	HG002_chr1.633402.634418|HISEQ1:18:H8VC6ADXX:2:1204:14355:58861	HG002_chr1.633402.634418|HISEQ1:18:H8VC6ADXX:2:1204:14355:58861	149	8247.0	8394.0	best_hit_to_mtDNA
-	T	-	8289	HG002_all_regions	HG002_chr1.633402.634418|HISEQ1:18:H8VC6ADXX:2:1204:14355:58861	HG002_chr1.633402.634418|HISEQ1:18:H8VC6ADXX:2:1204:14355:58861	149	8247.0	8394.0	best_hit_to_mtDNA
C	C	C	8290	HG002_all_regions	HG002_chr1.633402.634418|HISEQ1:18:H8VC6ADXX:2:1204:14355:58861	HG002_chr1.633402.634418|HISEQ1:18:H8VC6ADXX:2:1204:14355:58861	149	8247.0	8394.0	best_hit_to_mtDNA
T	T	T	8291	HG002_all_regions	HG002_chr1.633402.634418|HISEQ1:18:H8VC6ADXX:2:1204:14355:58861	HG002_chr1.633402.634418|HISEQ1:18:H8VC6ADXX:2:1204:14355:58861	149	8247.0	8394.0	best_hit_to_mtDNA
C	C	C	8292	HG002_all_regions	HG002_chr1.633402.634418|HISEQ1:18:H8VC6ADXX:2:1204:14355:58861	HG002_chr1.633402.634418|HISEQ1:18:H8VC6ADXX:2:1204:14355:58861	149	8247.0	8394.0	best_hit_to_mtDNA
T	C	T	8293	HG002_all_regions	HG002_chr1.633402.634418|HISEQ1:18:H8VC6ADXX:2:1204:14355:58861	HG002_chr1.633402.634418|HISEQ1:18:H8VC6ADXX:2:1204:14355:58861	149	8247.0	8394.0	best_hit_to_mtDNA
A	A	A	8294	HG002_all_regions	HG002_chr1.633402.634418|HISEQ1:18:H8VC6ADXX:2:1204:14355:58861	HG002_chr1.633402.634418|HISEQ1:18:H8VC6ADXX:2:1204:14355:58861	149	8247.0	8394.0	best_hit_to_mtDNA
G	G	G	8295	HG002_all_regions	HG002_chr1.633402.634418|HISEQ1:18:H8VC6ADXX:2:1204:14355:58861	HG002_chr1.633402.634418|HISEQ1:18:H8VC6ADXX:2:1204:14355:58861	149	8247.0	8394.0	best_hit_to_mtDNA
A	A	A	8296	HG002_all_regions	HG002_chr1.633402.634418|HISEQ1:18:H8VC6ADXX:2:1204:14355:58861	HG002_chr1.633402.634418|HISEQ1:18:H8VC6ADXX:2:1204:14355:58861	149	8247.0	8394.0	best_hit_to_mtDNA
G	G	G	8297	HG002_all_regions	HG002_chr1.633402.634418|HISEQ1:18:H8VC6ADXX:2:1204:14355:58861	HG002_chr1.633402.634418|HISEQ1:18:H8VC6ADXX:2:1204:14355:58861	149	8247.0	8394.0	best_hit_to_mtDNA
C	C	C	8298	HG002_all_regions	HG002_chr1.633402.634418|HISEQ1:18:H8VC6ADXX:2:1204:14355:58861	HG002_chr1.633402.634418|HISEQ1:18:H8VC6ADXX:2:1204:14355:58861	149	8247.0	8394.0	best_hit_to_mtDNA
C	T	C	8299	HG002_all_regions	HG002_chr1.633402.634418|HISEQ1:18:H8VC6ADXX:2:1204:14355:58861	HG002_chr1.633402.634418|HISEQ1:18:H8VC6ADXX:2:1204:14355:58861	149	8247.0	8394.0	best_hit_to_mtDNA
C	C	C	8300	HG002_all_regions	HG002_chr1.633402.634418|HISEQ1:18:H8VC6ADXX:2:1204:14355:58861	HG002_chr1.633402.634418|HISEQ1:18:H8VC6ADXX:2:1204:14355:58861	149	8247.0	8394.0	best_hit_to_mtDNA
A	A	A	8301	HG002_all_regions	HG002_chr1.633402.634418|HISEQ1:18:H8VC6ADXX:2:1204:14355:58861	HG002_chr1.633402.634418|HISEQ1:18:H8VC6ADXX:2:1204:14355:58861	149	8247.0	8394.0	best_hit_to_mtDNA
C	C	C	8302	HG002_all_regions	HG002_chr1.633402.634418|HISEQ1:18:H8VC6ADXX:2:1204:14355:58861	HG002_chr1.633402.634418|HISEQ1:18:H8VC6ADXX:2:1204:14355:58861	149	8247.0	8394.0	best_hit_to_mtDNA
T	T	T	8303	HG002_all_regions	HG002_chr1.633402.634418|HISEQ1:18:H8VC6ADXX:2:1204:14355:58861	HG002_chr1.633402.634418|HISEQ1:18:H8VC6ADXX:2:1204:14355:58861	149	8247.0	8394.0	best_hit_to_mtDNA
G	G	G	8304	HG002_all_regions	HG002_chr1.633402.634418|HISEQ1:18:H8VC6ADXX:2:1204:14355:58861	HG002_chr1.633402.634418|HISEQ1:18:H8VC6ADXX:2:1204:14355:58861	149	8247.0	8394.0	best_hit_to_mtDNA
T	T	T	8305	HG002_all_regions	HG002_chr1.633402.634418|HISEQ1:18:H8VC6ADXX:2:1204:14355:58861	HG002_chr1.633402.634418|HISEQ1:18:H8VC6ADXX:2:1204:14355:58861	149	8247.0	8394.0	best_hit_to_mtDNA
A	A	A	8306	HG002_all_regions	HG002_chr1.633402.634418|HISEQ1:18:H8VC6ADXX:2:1204:14355:58861	HG002_chr1.633402.634418|HISEQ1:18:H8VC6ADXX:2:1204:14355:58861	149	8247.0	8394.0	best_hit_to_mtDNA
A	A	A	8307	HG002_all_regions	HG002_chr1.633402.634418|HISEQ1:18:H8VC6ADXX:2:1204:14355:58861	HG002_chr1.633402.634418|HISEQ1:18:H8VC6ADXX:2:1204:14355:58861	149	8247.0	8394.0	best_hit_to_mtDNA
A	A	A	8308	HG002_all_regions	HG002_chr1.633402.634418|HISEQ1:18:H8VC6ADXX:2:1204:14355:58861	HG002_chr1.633402.634418|HISEQ1:18:H8VC6ADXX:2:1204:14355:58861	149	8247.0	8394.0	best_hit_to_mtDNA
G	G	G	8309	HG002_all_regions	HG002_chr1.633402.634418|HISEQ1:18:H8VC6ADXX:2:1204:14355:58861	HG002_chr1.633402.634418|HISEQ1:18:H8VC6ADXX:2:1204:14355:58861	149	8247.0	8394.0	best_hit_to_mtDNA
C	C	C	8310	HG002_all_regions	HG002_chr1.633402.634418|HISEQ1:18:H8VC6ADXX:2:1204:14355:58861	HG002_chr1.633402.634418|HISEQ1:18:H8VC6ADXX:2:1204:14355:58861	149	8247.0	8394.0	best_hit_to_mtDNA
T	T	T	8311	HG002_all_regions	HG002_chr1.633402.634418|HISEQ1:18:H8VC6ADXX:2:1204:14355:58861	HG002_chr1.633402.634418|HISEQ1:18:H8VC6ADXX:2:1204:14355:58861	149	8247.0	8394.0	best_hit_to_mtDNA
A	A	A	8312	HG002_all_regions	HG002_chr1.633402.634418|HISEQ1:18:H8VC6ADXX:2:1204:14355:58861	HG002_chr1.633402.634418|HISEQ1:18:H8VC6ADXX:2:1204:14355:58861	149	8247.0	8394.0	best_hit_to_mtDNA
A	A	A	8313	HG002_all_regions	HG002_chr1.633402.634418|HISEQ1:18:H8VC6ADXX:2:1204:14355:58861	HG002_chr1.633402.634418|HISEQ1:18:H8VC6ADXX:2:1204:14355:58861	149	8247.0	8394.0	best_hit_to_mtDNA
C	C	C	8314	HG002_all_regions	HG002_chr1.633402.634418|HISEQ1:18:H8VC6ADXX:2:1204:14355:58861	HG002_chr1.633402.634418|HISEQ1:18:H8VC6ADXX:2:1204:14355:58861	149	8247.0	8394.0	best_hit_to_mtDNA
T	C	T	8315	HG002_all_regions	HG002_chr1.633402.634418|HISEQ1:18:H8VC6ADXX:2:1204:14355:58861	HG002_chr1.633402.634418|HISEQ1:18:H8VC6ADXX:2:1204:14355:58861	149	8247.0	8394.0	best_hit_to_mtDNA
T	T	T	8316	HG002_all_regions	HG002_chr1.633402.634418|HISEQ1:18:H8VC6ADXX:2:1204:14355:58861	HG002_chr1.633402.634418|HISEQ1:18:H8VC6ADXX:2:1204:14355:58861	149	8247.0	8394.0	best_hit_to_mtDNA
A	A	A	8317	HG002_all_regions	HG002_chr1.633402.634418|HISEQ1:18:H8VC6ADXX:2:1204:14355:58861	HG002_chr1.633402.634418|HISEQ1:18:H8VC6ADXX:2:1204:14355:58861	149	8247.0	8394.0	best_hit_to_mtDNA
G	G	G	8318	HG002_all_regions	HG002_chr1.633402.634418|HISEQ1:18:H8VC6ADXX:2:1204:14355:58861	HG002_chr1.633402.634418|HISEQ1:18:H8VC6ADXX:2:1204:14355:58861	149	8247.0	8394.0	best_hit_to_mtDNA
C	C	C	8319	HG002_all_regions	HG002_chr1.633402.634418|HISEQ1:18:H8VC6ADXX:2:1204:14355:58861	HG002_chr1.633402.634418|HISEQ1:18:H8VC6ADXX:2:1204:14355:58861	149	8247.0	8394.0	best_hit_to_mtDNA
A	A	A	8320	HG002_all_regions	HG002_chr1.633402.634418|HISEQ1:18:H8VC6ADXX:2:1204:14355:58861	HG002_chr1.633402.634418|HISEQ1:18:H8VC6ADXX:2:1204:14355:58861	149	8247.0	8394.0	best_hit_to_mtDNA
T	T	T	8321	HG002_all_regions	HG002_chr1.633402.634418|HISEQ1:18:H8VC6ADXX:2:1204:14355:58861	HG002_chr1.633402.634418|HISEQ1:18:H8VC6ADXX:2:1204:14355:58861	149	8247.0	8394.0	best_hit_to_mtDNA
T	T	T	8322	HG002_all_regions	HG002_chr1.633402.634418|HISEQ1:18:H8VC6ADXX:2:1204:14355:58861	HG002_chr1.633402.634418|HISEQ1:18:H8VC6ADXX:2:1204:14355:58861	149	8247.0	8394.0	best_hit_to_mtDNA
A	A	A	8323	HG002_all_regions	HG002_chr1.633402.634418|HISEQ1:18:H8VC6ADXX:2:1204:14355:58861	HG002_chr1.633402.634418|HISEQ1:18:H8VC6ADXX:2:1204:14355:58861	149	8247.0	8394.0	best_hit_to_mtDNA
A	A	A	8324	HG002_all_regions	HG002_chr1.633402.634418|HISEQ1:18:H8VC6ADXX:2:1204:14355:58861	HG002_chr1.633402.634418|HISEQ1:18:H8VC6ADXX:2:1204:14355:58861	149	8247.0	8394.0	best_hit_to_mtDNA
C	C	C	8325	HG002_all_regions	HG002_chr1.633402.634418|HISEQ1:18:H8VC6ADXX:2:1204:14355:58861	HG002_chr1.633402.634418|HISEQ1:18:H8VC6ADXX:2:1204:14355:58861	149	8247.0	8394.0	best_hit_to_mtDNA
C	C	C	8326	HG002_all_regions	HG002_chr1.633402.634418|HISEQ1:18:H8VC6ADXX:2:1204:14355:58861	HG002_chr1.633402.634418|HISEQ1:18:H8VC6ADXX:2:1204:14355:58861	149	8247.0	8394.0	best_hit_to_mtDNA
T	T	T	8327	HG002_all_regions	HG002_chr1.633402.634418|HISEQ1:18:H8VC6ADXX:2:1204:14355:58861	HG002_chr1.633402.634418|HISEQ1:18:H8VC6ADXX:2:1204:14355:58861	149	8247.0	8394.0	best_hit_to_mtDNA
T	T	T	8328	HG002_all_regions	HG002_chr1.633402.634418|HISEQ1:18:H8VC6ADXX:2:1204:14355:58861	HG002_chr1.633402.634418|HISEQ1:18:H8VC6ADXX:2:1204:14355:58861	149	8247.0	8394.0	best_hit_to_mtDNA
T	T	T	8329	HG002_all_regions	HG002_chr1.633402.634418|HISEQ1:18:H8VC6ADXX:2:1204:14355:58861	HG002_chr1.633402.634418|HISEQ1:18:H8VC6ADXX:2:1204:14355:58861	149	8247.0	8394.0	best_hit_to_mtDNA
T	T	T	8330	HG002_all_regions	HG002_chr1.633402.634418|HISEQ1:18:H8VC6ADXX:2:1204:14355:58861	HG002_chr1.633402.634418|HISEQ1:18:H8VC6ADXX:2:1204:14355:58861	149	8247.0	8394.0	best_hit_to_mtDNA
A	A	A	8331	HG002_all_regions	HG002_chr1.633402.634418|HISEQ1:18:H8VC6ADXX:2:1204:14355:58861	HG002_chr1.633402.634418|HISEQ1:18:H8VC6ADXX:2:1204:14355:58861	149	8247.0	8394.0	best_hit_to_mtDNA
A	A	A	8332	HG002_all_regions	HG002_chr1.633402.634418|HISEQ1:18:H8VC6ADXX:2:1204:14355:58861	HG002_chr1.633402.634418|HISEQ1:18:H8VC6ADXX:2:1204:14355:58861	149	8247.0	8394.0	best_hit_to_mtDNA
G	G	G	8333	HG002_all_regions	HG002_chr1.633402.634418|HISEQ1:18:H8VC6ADXX:2:1204:14355:58861	HG002_chr1.633402.634418|HISEQ1:18:H8VC6ADXX:2:1204:14355:58861	149	8247.0	8394.0	best_hit_to_mtDNA
T	T	T	8334	HG002_all_regions	HG002_chr1.633402.634418|HISEQ1:18:H8VC6ADXX:2:1204:14355:58861	HG002_chr1.633402.634418|HISEQ1:18:H8VC6ADXX:2:1204:14355:58861	149	8247.0	8394.0	best_hit_to_mtDNA
T	T	T	8335	HG002_all_regions	HG002_chr1.633402.634418|HISEQ1:18:H8VC6ADXX:2:1204:14355:58861	HG002_chr1.633402.634418|HISEQ1:18:H8VC6ADXX:2:1204:14355:58861	149	8247.0	8394.0	best_hit_to_mtDNA
A	A	A	8336	HG002_all_regions	HG002_chr1.633402.634418|HISEQ1:18:H8VC6ADXX:2:1204:14355:58861	HG002_chr1.633402.634418|HISEQ1:18:H8VC6ADXX:2:1204:14355:58861	149	8247.0	8394.0	best_hit_to_mtDNA
A	A	A	8337	HG002_all_regions	HG002_chr1.633402.634418|HISEQ1:18:H8VC6ADXX:2:1204:14355:58861	HG002_chr1.633402.634418|HISEQ1:18:H8VC6ADXX:2:1204:14355:58861	149	8247.0	8394.0	best_hit_to_mtDNA
A	A	A	8338	HG002_all_regions	HG002_chr1.633402.634418|HISEQ1:18:H8VC6ADXX:2:1204:14355:58861	HG002_chr1.633402.634418|HISEQ1:18:H8VC6ADXX:2:1204:14355:58861	149	8247.0	8394.0	best_hit_to_mtDNA
G	G	G	8339	HG002_all_regions	HG002_chr1.633402.634418|HISEQ1:18:H8VC6ADXX:2:1204:14355:58861	HG002_chr1.633402.634418|HISEQ1:18:H8VC6ADXX:2:1204:14355:58861	149	8247.0	8394.0	best_hit_to_mtDNA
A	A	A	8340	HG002_all_regions	HG002_chr1.633402.634418|HISEQ1:18:H8VC6ADXX:2:1204:14355:58861	HG002_chr1.633402.634418|HISEQ1:18:H8VC6ADXX:2:1204:14355:58861	149	8247.0	8394.0	best_hit_to_mtDNA
T	T	T	8341	HG002_all_regions	HG002_chr1.633402.634418|HISEQ1:18:H8VC6ADXX:2:1204:14355:58861	HG002_chr1.633402.634418|HISEQ1:18:H8VC6ADXX:2:1204:14355:58861	149	8247.0	8394.0	best_hit_to_mtDNA
T	T	T	8342	HG002_all_regions	HG002_chr1.633402.634418|HISEQ1:18:H8VC6ADXX:2:1204:14355:58861	HG002_chr1.633402.634418|HISEQ1:18:H8VC6ADXX:2:1204:14355:58861	149	8247.0	8394.0	best_hit_to_mtDNA
A	A	A	8343	HG002_all_regions	HG002_chr1.633402.634418|HISEQ1:18:H8VC6ADXX:2:1204:14355:58861	HG002_chr1.633402.634418|HISEQ1:18:H8VC6ADXX:2:1204:14355:58861	149	8247.0	8394.0	best_hit_to_mtDNA
A	A	A	8344	HG002_all_regions	HG002_chr1.633402.634418|HISEQ1:18:H8VC6ADXX:2:1204:14355:58861	HG002_chr1.633402.634418|HISEQ1:18:H8VC6ADXX:2:1204:14355:58861	149	8247.0	8394.0	best_hit_to_mtDNA
G	G	G	8345	HG002_all_regions	HG002_chr1.633402.634418|HISEQ1:18:H8VC6ADXX:2:1204:14355:58861	HG002_chr1.633402.634418|HISEQ1:18:H8VC6ADXX:2:1204:14355:58861	149	8247.0	8394.0	best_hit_to_mtDNA
A	A	A	8346	HG002_all_regions	HG002_chr1.633402.634418|HISEQ1:18:H8VC6ADXX:2:1204:14355:58861	HG002_chr1.633402.634418|HISEQ1:18:H8VC6ADXX:2:1204:14355:58861	149	8247.0	8394.0	best_hit_to_mtDNA
G	G	G	8347	HG002_all_regions	HG002_chr1.633402.634418|HISEQ1:18:H8VC6ADXX:2:1204:14355:58861	HG002_chr1.633402.634418|HISEQ1:18:H8VC6ADXX:2:1204:14355:58861	149	8247.0	8394.0	best_hit_to_mtDNA
A	G	A	8348	HG002_all_regions	HG002_chr1.633402.634418|HISEQ1:18:H8VC6ADXX:2:1204:14355:58861	HG002_chr1.633402.634418|HISEQ1:18:H8VC6ADXX:2:1204:14355:58861	149	8247.0	8394.0	best_hit_to_mtDNA
A	A	A	8349	HG002_all_regions	HG002_chr1.633402.634418|HISEQ1:18:H8VC6ADXX:2:1204:14355:58861	HG002_chr1.633402.634418|HISEQ1:18:H8VC6ADXX:2:1204:14355:58861	149	8247.0	8394.0	best_hit_to_mtDNA
C	C	C	8350	HG002_all_regions	HG002_chr1.633402.634418|HISEQ1:18:H8VC6ADXX:2:1204:14355:58861	HG002_chr1.633402.634418|HISEQ1:18:H8VC6ADXX:2:1204:14355:58861	149	8247.0	8394.0	best_hit_to_mtDNA
C	C	C	8351	HG002_all_regions	HG002_chr1.633402.634418|HISEQ1:18:H8VC6ADXX:2:1204:14355:58861	HG002_chr1.633402.634418|HISEQ1:18:H8VC6ADXX:2:1204:14355:58861	149	8247.0	8394.0	best_hit_to_mtDNA
A	G	A	8352	HG002_all_regions	HG002_chr1.633402.634418|HISEQ1:18:H8VC6ADXX:2:1204:14355:58861	HG002_chr1.633402.634418|HISEQ1:18:H8VC6ADXX:2:1204:14355:58861	149	8247.0	8394.0	best_hit_to_mtDNA
A	A	A	8353	HG002_all_regions	HG002_chr1.633402.634418|HISEQ1:18:H8VC6ADXX:2:1204:14355:58861	HG002_chr1.633402.634418|HISEQ1:18:H8VC6ADXX:2:1204:14355:58861	149	8247.0	8394.0	best_hit_to_mtDNA
C	C	C	8354	HG002_all_regions	HG002_chr1.633402.634418|HISEQ1:18:H8VC6ADXX:2:1204:14355:58861	HG002_chr1.633402.634418|HISEQ1:18:H8VC6ADXX:2:1204:14355:58861	149	8247.0	8394.0	best_hit_to_mtDNA
A	A	A	8355	HG002_all_regions	HG002_chr1.633402.634418|HISEQ1:18:H8VC6ADXX:2:1204:14355:58861	HG002_chr1.633402.634418|HISEQ1:18:H8VC6ADXX:2:1204:14355:58861	149	8247.0	8394.0	best_hit_to_mtDNA
C	C	C	8356	HG002_all_regions	HG002_chr1.633402.634418|HISEQ1:18:H8VC6ADXX:2:1204:14355:58861	HG002_chr1.633402.634418|HISEQ1:18:H8VC6ADXX:2:1204:14355:58861	149	8247.0	8394.0	best_hit_to_mtDNA
C	C	C	8357	HG002_all_regions	HG002_chr1.633402.634418|HISEQ1:18:H8VC6ADXX:2:1204:14355:58861	HG002_chr1.633402.634418|HISEQ1:18:H8VC6ADXX:2:1204:14355:58861	149	8247.0	8394.0	best_hit_to_mtDNA
T	T	T	8358	HG002_all_regions	HG002_chr1.633402.634418|HISEQ1:18:H8VC6ADXX:2:1204:14355:58861	HG002_chr1.633402.634418|HISEQ1:18:H8VC6ADXX:2:1204:14355:58861	149	8247.0	8394.0	best_hit_to_mtDNA
C	C	C	8359	HG002_all_regions	HG002_chr1.633402.634418|HISEQ1:18:H8VC6ADXX:2:1204:14355:58861	HG002_chr1.633402.634418|HISEQ1:18:H8VC6ADXX:2:1204:14355:58861	149	8247.0	8394.0	best_hit_to_mtDNA
T	T	T	8360	HG002_all_regions	HG002_chr1.633402.634418|HISEQ1:18:H8VC6ADXX:2:1204:14355:58861	HG002_chr1.633402.634418|HISEQ1:18:H8VC6ADXX:2:1204:14355:58861	149	8247.0	8394.0	best_hit_to_mtDNA
T	T	T	8361	HG002_all_regions	HG002_chr1.633402.634418|HISEQ1:18:H8VC6ADXX:2:1204:14355:58861	HG002_chr1.633402.634418|HISEQ1:18:H8VC6ADXX:2:1204:14355:58861	149	8247.0	8394.0	best_hit_to_mtDNA
T	T	T	8362	HG002_all_regions	HG002_chr1.633402.634418|HISEQ1:18:H8VC6ADXX:2:1204:14355:58861	HG002_chr1.633402.634418|HISEQ1:18:H8VC6ADXX:2:1204:14355:58861	149	8247.0	8394.0	best_hit_to_mtDNA
A	A	A	8363	HG002_all_regions	HG002_chr1.633402.634418|HISEQ1:18:H8VC6ADXX:2:1204:14355:58861	HG002_chr1.633402.634418|HISEQ1:18:H8VC6ADXX:2:1204:14355:58861	149	8247.0	8394.0	best_hit_to_mtDNA
C	C	C	8364	HG002_all_regions	HG002_chr1.633402.634418|HISEQ1:18:H8VC6ADXX:2:1204:14355:58861	HG002_chr1.633402.634418|HISEQ1:18:H8VC6ADXX:2:1204:14355:58861	149	8247.0	8394.0	best_hit_to_mtDNA
A	A	A	8365	HG002_all_regions	HG002_chr1.633402.634418|HISEQ1:18:H8VC6ADXX:2:1204:14355:58861	HG002_chr1.633402.634418|HISEQ1:18:H8VC6ADXX:2:1204:14355:58861	149	8247.0	8394.0	best_hit_to_mtDNA
G	G	G	8366	HG002_all_regions	HG002_chr1.633402.634418|HISEQ1:18:H8VC6ADXX:2:1204:14355:58861	HG002_chr1.633402.634418|HISEQ1:18:H8VC6ADXX:2:1204:14355:58861	149	8247.0	8394.0	best_hit_to_mtDNA
T	T	T	8367	HG002_all_regions	HG002_chr1.633402.634418|HISEQ1:18:H8VC6ADXX:2:1204:14355:58861	HG002_chr1.633402.634418|HISEQ1:18:H8VC6ADXX:2:1204:14355:58861	149	8247.0	8394.0	best_hit_to_mtDNA
G	G	G	8368	HG002_all_regions	HG002_chr1.633402.634418|HISEQ1:18:H8VC6ADXX:2:1204:14355:58861	HG002_chr1.633402.634418|HISEQ1:18:H8VC6ADXX:2:1204:14355:58861	149	8247.0	8394.0	best_hit_to_mtDNA
A	A	A	8369	HG002_all_regions	HG002_chr1.633402.634418|HISEQ1:18:H8VC6ADXX:2:1204:14355:58861	HG002_chr1.633402.634418|HISEQ1:18:H8VC6ADXX:2:1204:14355:58861	149	8247.0	8394.0	best_hit_to_mtDNA
A	A	A	8370	HG002_all_regions	HG002_chr1.633402.634418|HISEQ1:18:H8VC6ADXX:2:1204:14355:58861	HG002_chr1.633402.634418|HISEQ1:18:H8VC6ADXX:2:1204:14355:58861	149	8247.0	8394.0	best_hit_to_mtDNA
A	A	A	8371	HG002_all_regions	HG002_chr1.633402.634418|HISEQ1:18:H8VC6ADXX:2:1204:14355:58861	HG002_chr1.633402.634418|HISEQ1:18:H8VC6ADXX:2:1204:14355:58861	149	8247.0	8394.0	best_hit_to_mtDNA
T	T	T	8372	HG002_all_regions	HG002_chr1.633402.634418|HISEQ1:18:H8VC6ADXX:2:1204:14355:58861	HG002_chr1.633402.634418|HISEQ1:18:H8VC6ADXX:2:1204:14355:58861	149	8247.0	8394.0	best_hit_to_mtDNA
G	G	G	8373	HG002_all_regions	HG002_chr1.633402.634418|HISEQ1:18:H8VC6ADXX:2:1204:14355:58861	HG002_chr1.633402.634418|HISEQ1:18:H8VC6ADXX:2:1204:14355:58861	149	8247.0	8394.0	best_hit_to_mtDNA
C	C	C	8374	HG002_all_regions	HG002_chr1.633402.634418|HISEQ1:18:H8VC6ADXX:2:1204:14355:58861	HG002_chr1.633402.634418|HISEQ1:18:H8VC6ADXX:2:1204:14355:58861	149	8247.0	8394.0	best_hit_to_mtDNA
C	C	C	8375	HG002_all_regions	HG002_chr1.633402.634418|HISEQ1:18:H8VC6ADXX:2:1204:14355:58861	HG002_chr1.633402.634418|HISEQ1:18:H8VC6ADXX:2:1204:14355:58861	149	8247.0	8394.0	best_hit_to_mtDNA
C	C	C	8376	HG002_all_regions	HG002_chr1.633402.634418|HISEQ1:18:H8VC6ADXX:2:1204:14355:58861	HG002_chr1.633402.634418|HISEQ1:18:H8VC6ADXX:2:1204:14355:58861	149	8247.0	8394.0	best_hit_to_mtDNA
C	C	C	8377	HG002_all_regions	HG002_chr1.633402.634418|HISEQ1:18:H8VC6ADXX:2:1204:14355:58861	HG002_chr1.633402.634418|HISEQ1:18:H8VC6ADXX:2:1204:14355:58861	149	8247.0	8394.0	best_hit_to_mtDNA
A	A	A	8378	HG002_all_regions	HG002_chr1.633402.634418|HISEQ1:18:H8VC6ADXX:2:1204:14355:58861	HG002_chr1.633402.634418|HISEQ1:18:H8VC6ADXX:2:1204:14355:58861	149	8247.0	8394.0	best_hit_to_mtDNA
A	A	A	8379	HG002_all_regions	HG002_chr1.633402.634418|HISEQ1:18:H8VC6ADXX:2:1204:14355:58861	HG002_chr1.633402.634418|HISEQ1:18:H8VC6ADXX:2:1204:14355:58861	149	8247.0	8394.0	best_hit_to_mtDNA
C	C	C	8380	HG002_all_regions	HG002_chr1.633402.634418|HISEQ1:18:H8VC6ADXX:2:1204:14355:58861	HG002_chr1.633402.634418|HISEQ1:18:H8VC6ADXX:2:1204:14355:58861	149	8247.0	8394.0	best_hit_to_mtDNA
T	T	T	8381	HG002_all_regions	HG002_chr1.633402.634418|HISEQ1:18:H8VC6ADXX:2:1204:14355:58861	HG002_chr1.633402.634418|HISEQ1:18:H8VC6ADXX:2:1204:14355:58861	149	8247.0	8394.0	best_hit_to_mtDNA
A	A	A	8382	HG002_all_regions	HG002_chr1.633402.634418|HISEQ1:18:H8VC6ADXX:2:1204:14355:58861	HG002_chr1.633402.634418|HISEQ1:18:H8VC6ADXX:2:1204:14355:58861	149	8247.0	8394.0	best_hit_to_mtDNA
A	A	A	8383	HG002_all_regions	HG002_chr1.633402.634418|HISEQ1:18:H8VC6ADXX:2:1204:14355:58861	HG002_chr1.633402.634418|HISEQ1:18:H8VC6ADXX:2:1204:14355:58861	149	8247.0	8394.0	best_hit_to_mtDNA
A	A	A	8384	HG002_all_regions	HG002_chr1.633402.634418|HISEQ1:18:H8VC6ADXX:2:1204:14355:58861	HG002_chr1.633402.634418|HISEQ1:18:H8VC6ADXX:2:1204:14355:58861	149	8247.0	8394.0	best_hit_to_mtDNA
T	T	T	8385	HG002_all_regions	HG002_chr1.633402.634418|HISEQ1:18:H8VC6ADXX:2:1204:14355:58861	HG002_chr1.633402.634418|HISEQ1:18:H8VC6ADXX:2:1204:14355:58861	149	8247.0	8394.0	best_hit_to_mtDNA
A	A	A	8386	HG002_all_regions	HG002_chr1.633402.634418|HISEQ1:18:H8VC6ADXX:2:1204:14355:58861	HG002_chr1.633402.634418|HISEQ1:18:H8VC6ADXX:2:1204:14355:58861	149	8247.0	8394.0	best_hit_to_mtDNA
C	C	C	8387	HG002_all_regions	HG002_chr1.633402.634418|HISEQ1:18:H8VC6ADXX:2:1204:14355:58861	HG002_chr1.633402.634418|HISEQ1:18:H8VC6ADXX:2:1204:14355:58861	149	8247.0	8394.0	best_hit_to_mtDNA
T	C	T	8388	HG002_all_regions	HG002_chr1.633402.634418|HISEQ1:18:H8VC6ADXX:2:1204:14355:58861	HG002_chr1.633402.634418|HISEQ1:18:H8VC6ADXX:2:1204:14355:58861	149	8247.0	8394.0	best_hit_to_mtDNA
A	G	A	8389	HG002_all_regions	HG002_chr1.633402.634418|HISEQ1:18:H8VC6ADXX:2:1204:14355:58861	HG002_chr1.633402.634418|HISEQ1:18:H8VC6ADXX:2:1204:14355:58861	149	8247.0	8394.0	best_hit_to_mtDNA
C	C	C	8390	HG002_all_regions	HG002_chr1.633402.634418|HISEQ1:18:H8VC6ADXX:2:1204:14355:58861	HG002_chr1.633402.634418|HISEQ1:18:H8VC6ADXX:2:1204:14355:58861	149	8247.0	8394.0	best_hit_to_mtDNA
C	C	C	8391	HG002_all_regions	HG002_chr1.633402.634418|HISEQ1:18:H8VC6ADXX:2:1204:14355:58861	HG002_chr1.633402.634418|HISEQ1:18:H8VC6ADXX:2:1204:14355:58861	149	8247.0	8394.0	best_hit_to_mtDNA
G	G	G	8392	HG002_all_regions	HG002_chr1.633402.634418|HISEQ1:18:H8VC6ADXX:2:1204:14355:58861	HG002_chr1.633402.634418|HISEQ1:18:H8VC6ADXX:2:1204:14355:58861	149	8247.0	8394.0	best_hit_to_mtDNA
T	T	T	8393	HG002_all_regions	HG002_chr1.633402.634418|HISEQ1:18:H8VC6ADXX:2:1204:14355:58861	HG002_chr1.633402.634418|HISEQ1:18:H8VC6ADXX:2:1204:14355:58861	149	8247.0	8394.0	best_hit_to_mtDNA
C	C	C	8579	HG002_all_regions	HG002_chr1.633402.634418|HISEQ1:18:H8VC6ADXX:1:2104:8827:79327	HG002_chr1.633402.634418|HISEQ1:18:H8VC6ADXX:1:2104:8827:79327	148	8578.0	8695.0	best_hit_to_mtDNA
C	T	T	8580	HG002_all_regions	HG002_chr1.633402.634418|HISEQ1:18:H8VC6ADXX:1:2104:8827:79327	HG002_chr1.633402.634418|HISEQ1:18:H8VC6ADXX:1:2104:8827:79327	148	8578.0	8695.0	best_hit_to_mtDNA
T	T	T	8581	HG002_all_regions	HG002_chr1.633402.634418|HISEQ1:18:H8VC6ADXX:1:2104:8827:79327	HG002_chr1.633402.634418|HISEQ1:18:H8VC6ADXX:1:2104:8827:79327	148	8578.0	8695.0	best_hit_to_mtDNA
A	A	C	8582	HG002_all_regions	HG002_chr1.633402.634418|HISEQ1:18:H8VC6ADXX:1:2104:8827:79327	HG002_chr1.633402.634418|HISEQ1:18:H8VC6ADXX:1:2104:8827:79327	148	8578.0	8695.0	best_hit_to_mtDNA
C	C	C	8583	HG002_all_regions	HG002_chr1.633402.634418|HISEQ1:18:H8VC6ADXX:1:2104:8827:79327	HG002_chr1.633402.634418|HISEQ1:18:H8VC6ADXX:1:2104:8827:79327	148	8578.0	8695.0	best_hit_to_mtDNA
C	C	C	8584	HG002_all_regions	HG002_chr1.633402.634418|HISEQ1:18:H8VC6ADXX:1:2104:8827:79327	HG002_chr1.633402.634418|HISEQ1:18:H8VC6ADXX:1:2104:8827:79327	148	8578.0	8695.0	best_hit_to_mtDNA
C	C	C	8585	HG002_all_regions	HG002_chr1.633402.634418|HISEQ1:18:H8VC6ADXX:1:2104:8827:79327	HG002_chr1.633402.634418|HISEQ1:18:H8VC6ADXX:1:2104:8827:79327	148	8578.0	8695.0	best_hit_to_mtDNA
G	G	G	8586	HG002_all_regions	HG002_chr1.633402.634418|HISEQ1:18:H8VC6ADXX:1:2104:8827:79327	HG002_chr1.633402.634418|HISEQ1:18:H8VC6ADXX:1:2104:8827:79327	148	8578.0	8695.0	best_hit_to_mtDNA
C	C	C	8587	HG002_all_regions	HG002_chr1.633402.634418|HISEQ1:18:H8VC6ADXX:1:2104:8827:79327	HG002_chr1.633402.634418|HISEQ1:18:H8VC6ADXX:1:2104:8827:79327	148	8578.0	8695.0	best_hit_to_mtDNA
C	C	C	8588	HG002_all_regions	HG002_chr1.633402.634418|HISEQ1:18:H8VC6ADXX:1:2104:8827:79327	HG002_chr1.633402.634418|HISEQ1:18:H8VC6ADXX:1:2104:8827:79327	148	8578.0	8695.0	best_hit_to_mtDNA
G	G	G	8589	HG002_all_regions	HG002_chr1.633402.634418|HISEQ1:18:H8VC6ADXX:1:2104:8827:79327	HG002_chr1.633402.634418|HISEQ1:18:H8VC6ADXX:1:2104:8827:79327	148	8578.0	8695.0	best_hit_to_mtDNA
C	C	C	8590	HG002_all_regions	HG002_chr1.633402.634418|HISEQ1:18:H8VC6ADXX:1:2104:8827:79327	HG002_chr1.633402.634418|HISEQ1:18:H8VC6ADXX:1:2104:8827:79327	148	8578.0	8695.0	best_hit_to_mtDNA
A	A	A	8591	HG002_all_regions	HG002_chr1.633402.634418|HISEQ1:18:H8VC6ADXX:1:2104:8827:79327	HG002_chr1.633402.634418|HISEQ1:18:H8VC6ADXX:1:2104:8827:79327	148	8578.0	8695.0	best_hit_to_mtDNA
G	G	G	8592	HG002_all_regions	HG002_chr1.633402.634418|HISEQ1:18:H8VC6ADXX:1:2104:8827:79327	HG002_chr1.633402.634418|HISEQ1:18:H8VC6ADXX:1:2104:8827:79327	148	8578.0	8695.0	best_hit_to_mtDNA
T	T	T	8593	HG002_all_regions	HG002_chr1.633402.634418|HISEQ1:18:H8VC6ADXX:1:2104:8827:79327	HG002_chr1.633402.634418|HISEQ1:18:H8VC6ADXX:1:2104:8827:79327	148	8578.0	8695.0	best_hit_to_mtDNA
A	A	A	8594	HG002_all_regions	HG002_chr1.633402.634418|HISEQ1:18:H8VC6ADXX:1:2104:8827:79327	HG002_chr1.633402.634418|HISEQ1:18:H8VC6ADXX:1:2104:8827:79327	148	8578.0	8695.0	best_hit_to_mtDNA
C	C	C	8595	HG002_all_regions	HG002_chr1.633402.634418|HISEQ1:18:H8VC6ADXX:1:2104:8827:79327	HG002_chr1.633402.634418|HISEQ1:18:H8VC6ADXX:1:2104:8827:79327	148	8578.0	8695.0	best_hit_to_mtDNA
T	T	T	8596	HG002_all_regions	HG002_chr1.633402.634418|HISEQ1:18:H8VC6ADXX:1:2104:8827:79327	HG002_chr1.633402.634418|HISEQ1:18:H8VC6ADXX:1:2104:8827:79327	148	8578.0	8695.0	best_hit_to_mtDNA
G	A	G	8597	HG002_all_regions	HG002_chr1.633402.634418|HISEQ1:18:H8VC6ADXX:1:2104:8827:79327	HG002_chr1.633402.634418|HISEQ1:18:H8VC6ADXX:1:2104:8827:79327	148	8578.0	8695.0	best_hit_to_mtDNA
A	A	A	8598	HG002_all_regions	HG002_chr1.633402.634418|HISEQ1:18:H8VC6ADXX:1:2104:8827:79327	HG002_chr1.633402.634418|HISEQ1:18:H8VC6ADXX:1:2104:8827:79327	148	8578.0	8695.0	best_hit_to_mtDNA
T	T	T	8599	HG002_all_regions	HG002_chr1.633402.634418|HISEQ1:18:H8VC6ADXX:1:2104:8827:79327	HG002_chr1.633402.634418|HISEQ1:18:H8VC6ADXX:1:2104:8827:79327	148	8578.0	8695.0	best_hit_to_mtDNA
C	C	C	8600	HG002_all_regions	HG002_chr1.633402.634418|HISEQ1:18:H8VC6ADXX:1:2104:8827:79327	HG002_chr1.633402.634418|HISEQ1:18:H8VC6ADXX:1:2104:8827:79327	148	8578.0	8695.0	best_hit_to_mtDNA
A	A	A	8601	HG002_all_regions	HG002_chr1.633402.634418|HISEQ1:18:H8VC6ADXX:1:2104:8827:79327	HG002_chr1.633402.634418|HISEQ1:18:H8VC6ADXX:1:2104:8827:79327	148	8578.0	8695.0	best_hit_to_mtDNA
T	T	T	8602	HG002_all_regions	HG002_chr1.633402.634418|HISEQ1:18:H8VC6ADXX:1:2104:8827:79327	HG002_chr1.633402.634418|HISEQ1:18:H8VC6ADXX:1:2104:8827:79327	148	8578.0	8695.0	best_hit_to_mtDNA
T	T	T	8603	HG002_all_regions	HG002_chr1.633402.634418|HISEQ1:18:H8VC6ADXX:1:2104:8827:79327	HG002_chr1.633402.634418|HISEQ1:18:H8VC6ADXX:1:2104:8827:79327	148	8578.0	8695.0	best_hit_to_mtDNA
C	C	C	8604	HG002_all_regions	HG002_chr1.633402.634418|HISEQ1:18:H8VC6ADXX:1:2104:8827:79327	HG002_chr1.633402.634418|HISEQ1:18:H8VC6ADXX:1:2104:8827:79327	148	8578.0	8695.0	best_hit_to_mtDNA
T	T	T	8605	HG002_all_regions	HG002_chr1.633402.634418|HISEQ1:18:H8VC6ADXX:1:2104:8827:79327	HG002_chr1.633402.634418|HISEQ1:18:H8VC6ADXX:1:2104:8827:79327	148	8578.0	8695.0	best_hit_to_mtDNA
A	A	A	8606	HG002_all_regions	HG002_chr1.633402.634418|HISEQ1:18:H8VC6ADXX:1:2104:8827:79327	HG002_chr1.633402.634418|HISEQ1:18:H8VC6ADXX:1:2104:8827:79327	148	8578.0	8695.0	best_hit_to_mtDNA
T	T	T	8607	HG002_all_regions	HG002_chr1.633402.634418|HISEQ1:18:H8VC6ADXX:1:2104:8827:79327	HG002_chr1.633402.634418|HISEQ1:18:H8VC6ADXX:1:2104:8827:79327	148	8578.0	8695.0	best_hit_to_mtDNA
T	T	T	8608	HG002_all_regions	HG002_chr1.633402.634418|HISEQ1:18:H8VC6ADXX:1:2104:8827:79327	HG002_chr1.633402.634418|HISEQ1:18:H8VC6ADXX:1:2104:8827:79327	148	8578.0	8695.0	best_hit_to_mtDNA
T	C	T	8609	HG002_all_regions	HG002_chr1.633402.634418|HISEQ1:18:H8VC6ADXX:1:2104:8827:79327	HG002_chr1.633402.634418|HISEQ1:18:H8VC6ADXX:1:2104:8827:79327	148	8578.0	8695.0	best_hit_to_mtDNA
C	C	C	8610	HG002_all_regions	HG002_chr1.633402.634418|HISEQ1:18:H8VC6ADXX:1:2104:8827:79327	HG002_chr1.633402.634418|HISEQ1:18:H8VC6ADXX:1:2104:8827:79327	148	8578.0	8695.0	best_hit_to_mtDNA
C	C	C	8611	HG002_all_regions	HG002_chr1.633402.634418|HISEQ1:18:H8VC6ADXX:1:2104:8827:79327	HG002_chr1.633402.634418|HISEQ1:18:H8VC6ADXX:1:2104:8827:79327	148	8578.0	8695.0	best_hit_to_mtDNA
C	C	C	8612	HG002_all_regions	HG002_chr1.633402.634418|HISEQ1:18:H8VC6ADXX:1:2104:8827:79327	HG002_chr1.633402.634418|HISEQ1:18:H8VC6ADXX:1:2104:8827:79327	148	8578.0	8695.0	best_hit_to_mtDNA
C	C	C	8613	HG002_all_regions	HG002_chr1.633402.634418|HISEQ1:18:H8VC6ADXX:1:2104:8827:79327	HG002_chr1.633402.634418|HISEQ1:18:H8VC6ADXX:1:2104:8827:79327	148	8578.0	8695.0	best_hit_to_mtDNA
C	C	C	8614	HG002_all_regions	HG002_chr1.633402.634418|HISEQ1:18:H8VC6ADXX:1:2104:8827:79327	HG002_chr1.633402.634418|HISEQ1:18:H8VC6ADXX:1:2104:8827:79327	148	8578.0	8695.0	best_hit_to_mtDNA
T	T	T	8615	HG002_all_regions	HG002_chr1.633402.634418|HISEQ1:18:H8VC6ADXX:1:2104:8827:79327	HG002_chr1.633402.634418|HISEQ1:18:H8VC6ADXX:1:2104:8827:79327	148	8578.0	8695.0	best_hit_to_mtDNA
C	C	C	8616	HG002_all_regions	HG002_chr1.633402.634418|HISEQ1:18:H8VC6ADXX:1:2104:8827:79327	HG002_chr1.633402.634418|HISEQ1:18:H8VC6ADXX:1:2104:8827:79327	148	8578.0	8695.0	best_hit_to_mtDNA
T	T	T	8617	HG002_all_regions	HG002_chr1.633402.634418|HISEQ1:18:H8VC6ADXX:1:2104:8827:79327	HG002_chr1.633402.634418|HISEQ1:18:H8VC6ADXX:1:2104:8827:79327	148	8578.0	8695.0	best_hit_to_mtDNA
A	A	A	8618	HG002_all_regions	HG002_chr1.633402.634418|HISEQ1:18:H8VC6ADXX:1:2104:8827:79327	HG002_chr1.633402.634418|HISEQ1:18:H8VC6ADXX:1:2104:8827:79327	148	8578.0	8695.0	best_hit_to_mtDNA
T	C	T	8619	HG002_all_regions	HG002_chr1.633402.634418|HISEQ1:18:H8VC6ADXX:1:2104:8827:79327	HG002_chr1.633402.634418|HISEQ1:18:H8VC6ADXX:1:2104:8827:79327	148	8578.0	8695.0	best_hit_to_mtDNA
T	T	T	8620	HG002_all_regions	HG002_chr1.633402.634418|HISEQ1:18:H8VC6ADXX:1:2104:8827:79327	HG002_chr1.633402.634418|HISEQ1:18:H8VC6ADXX:1:2104:8827:79327	148	8578.0	8695.0	best_hit_to_mtDNA
G	G	G	8621	HG002_all_regions	HG002_chr1.633402.634418|HISEQ1:18:H8VC6ADXX:1:2104:8827:79327	HG002_chr1.633402.634418|HISEQ1:18:H8VC6ADXX:1:2104:8827:79327	148	8578.0	8695.0	best_hit_to_mtDNA
A	G	A	8622	HG002_all_regions	HG002_chr1.633402.634418|HISEQ1:18:H8VC6ADXX:1:2104:8827:79327	HG002_chr1.633402.634418|HISEQ1:18:H8VC6ADXX:1:2104:8827:79327	148	8578.0	8695.0	best_hit_to_mtDNA
T	T	T	8623	HG002_all_regions	HG002_chr1.633402.634418|HISEQ1:18:H8VC6ADXX:1:2104:8827:79327	HG002_chr1.633402.634418|HISEQ1:18:H8VC6ADXX:1:2104:8827:79327	148	8578.0	8695.0	best_hit_to_mtDNA
C	C	C	8624	HG002_all_regions	HG002_chr1.633402.634418|HISEQ1:18:H8VC6ADXX:1:2104:8827:79327	HG002_chr1.633402.634418|HISEQ1:18:H8VC6ADXX:1:2104:8827:79327	148	8578.0	8695.0	best_hit_to_mtDNA
C	C	C	8625	HG002_all_regions	HG002_chr1.633402.634418|HISEQ1:18:H8VC6ADXX:1:2104:8827:79327	HG002_chr1.633402.634418|HISEQ1:18:H8VC6ADXX:1:2104:8827:79327	148	8578.0	8695.0	best_hit_to_mtDNA
C	C	C	8626	HG002_all_regions	HG002_chr1.633402.634418|HISEQ1:18:H8VC6ADXX:1:2104:8827:79327	HG002_chr1.633402.634418|HISEQ1:18:H8VC6ADXX:1:2104:8827:79327	148	8578.0	8695.0	best_hit_to_mtDNA
C	C	C	8627	HG002_all_regions	HG002_chr1.633402.634418|HISEQ1:18:H8VC6ADXX:1:2104:8827:79327	HG002_chr1.633402.634418|HISEQ1:18:H8VC6ADXX:1:2104:8827:79327	148	8578.0	8695.0	best_hit_to_mtDNA
A	A	T	8628	HG002_all_regions	HG002_chr1.633402.634418|HISEQ1:18:H8VC6ADXX:1:2104:8827:79327	HG002_chr1.633402.634418|HISEQ1:18:H8VC6ADXX:1:2104:8827:79327	148	8578.0	8695.0	best_hit_to_mtDNA
C	C	C	8629	HG002_all_regions	HG002_chr1.633402.634418|HISEQ1:18:H8VC6ADXX:1:2104:8827:79327	HG002_chr1.633402.634418|HISEQ1:18:H8VC6ADXX:1:2104:8827:79327	148	8578.0	8695.0	best_hit_to_mtDNA
C	T	C	8630	HG002_all_regions	HG002_chr1.633402.634418|HISEQ1:18:H8VC6ADXX:1:2104:8827:79327	HG002_chr1.633402.634418|HISEQ1:18:H8VC6ADXX:1:2104:8827:79327	148	8578.0	8695.0	best_hit_to_mtDNA
T	T	T	8631	HG002_all_regions	HG002_chr1.633402.634418|HISEQ1:18:H8VC6ADXX:1:2104:8827:79327	HG002_chr1.633402.634418|HISEQ1:18:H8VC6ADXX:1:2104:8827:79327	148	8578.0	8695.0	best_hit_to_mtDNA
C	C	C	8632	HG002_all_regions	HG002_chr1.633402.634418|HISEQ1:18:H8VC6ADXX:1:2104:8827:79327	HG002_chr1.633402.634418|HISEQ1:18:H8VC6ADXX:1:2104:8827:79327	148	8578.0	8695.0	best_hit_to_mtDNA
C	T	C	8633	HG002_all_regions	HG002_chr1.633402.634418|HISEQ1:18:H8VC6ADXX:1:2104:8827:79327	HG002_chr1.633402.634418|HISEQ1:18:H8VC6ADXX:1:2104:8827:79327	148	8578.0	8695.0	best_hit_to_mtDNA
A	A	A	8634	HG002_all_regions	HG002_chr1.633402.634418|HISEQ1:18:H8VC6ADXX:1:2104:8827:79327	HG002_chr1.633402.634418|HISEQ1:18:H8VC6ADXX:1:2104:8827:79327	148	8578.0	8695.0	best_hit_to_mtDNA
A	A	A	8635	HG002_all_regions	HG002_chr1.633402.634418|HISEQ1:18:H8VC6ADXX:1:2104:8827:79327	HG002_chr1.633402.634418|HISEQ1:18:H8VC6ADXX:1:2104:8827:79327	148	8578.0	8695.0	best_hit_to_mtDNA
A	A	A	8636	HG002_all_regions	HG002_chr1.633402.634418|HISEQ1:18:H8VC6ADXX:1:2104:8827:79327	HG002_chr1.633402.634418|HISEQ1:18:H8VC6ADXX:1:2104:8827:79327	148	8578.0	8695.0	best_hit_to_mtDNA
T	C	T	8637	HG002_all_regions	HG002_chr1.633402.634418|HISEQ1:18:H8VC6ADXX:1:2104:8827:79327	HG002_chr1.633402.634418|HISEQ1:18:H8VC6ADXX:1:2104:8827:79327	148	8578.0	8695.0	best_hit_to_mtDNA
A	A	A	8638	HG002_all_regions	HG002_chr1.633402.634418|HISEQ1:18:H8VC6ADXX:1:2104:8827:79327	HG002_chr1.633402.634418|HISEQ1:18:H8VC6ADXX:1:2104:8827:79327	148	8578.0	8695.0	best_hit_to_mtDNA
T	T	T	8639	HG002_all_regions	HG002_chr1.633402.634418|HISEQ1:18:H8VC6ADXX:1:2104:8827:79327	HG002_chr1.633402.634418|HISEQ1:18:H8VC6ADXX:1:2104:8827:79327	148	8578.0	8695.0	best_hit_to_mtDNA
C	C	C	8640	HG002_all_regions	HG002_chr1.633402.634418|HISEQ1:18:H8VC6ADXX:1:2104:8827:79327	HG002_chr1.633402.634418|HISEQ1:18:H8VC6ADXX:1:2104:8827:79327	148	8578.0	8695.0	best_hit_to_mtDNA
T	T	T	8641	HG002_all_regions	HG002_chr1.633402.634418|HISEQ1:18:H8VC6ADXX:1:2104:8827:79327	HG002_chr1.633402.634418|HISEQ1:18:H8VC6ADXX:1:2104:8827:79327	148	8578.0	8695.0	best_hit_to_mtDNA
C	C	C	8642	HG002_all_regions	HG002_chr1.633402.634418|HISEQ1:18:H8VC6ADXX:1:2104:8827:79327	HG002_chr1.633402.634418|HISEQ1:18:H8VC6ADXX:1:2104:8827:79327	148	8578.0	8695.0	best_hit_to_mtDNA
A	A	A	8643	HG002_all_regions	HG002_chr1.633402.634418|HISEQ1:18:H8VC6ADXX:1:2104:8827:79327	HG002_chr1.633402.634418|HISEQ1:18:H8VC6ADXX:1:2104:8827:79327	148	8578.0	8695.0	best_hit_to_mtDNA
T	T	T	8644	HG002_all_regions	HG002_chr1.633402.634418|HISEQ1:18:H8VC6ADXX:1:2104:8827:79327	HG002_chr1.633402.634418|HISEQ1:18:H8VC6ADXX:1:2104:8827:79327	148	8578.0	8695.0	best_hit_to_mtDNA
C	C	C	8645	HG002_all_regions	HG002_chr1.633402.634418|HISEQ1:18:H8VC6ADXX:1:2104:8827:79327	HG002_chr1.633402.634418|HISEQ1:18:H8VC6ADXX:1:2104:8827:79327	148	8578.0	8695.0	best_hit_to_mtDNA
A	A	A	8646	HG002_all_regions	HG002_chr1.633402.634418|HISEQ1:18:H8VC6ADXX:1:2104:8827:79327	HG002_chr1.633402.634418|HISEQ1:18:H8VC6ADXX:1:2104:8827:79327	148	8578.0	8695.0	best_hit_to_mtDNA
A	A	A	8647	HG002_all_regions	HG002_chr1.633402.634418|HISEQ1:18:H8VC6ADXX:1:2104:8827:79327	HG002_chr1.633402.634418|HISEQ1:18:H8VC6ADXX:1:2104:8827:79327	148	8578.0	8695.0	best_hit_to_mtDNA
C	C	C	8648	HG002_all_regions	HG002_chr1.633402.634418|HISEQ1:18:H8VC6ADXX:1:2104:8827:79327	HG002_chr1.633402.634418|HISEQ1:18:H8VC6ADXX:1:2104:8827:79327	148	8578.0	8695.0	best_hit_to_mtDNA
A	A	A	8649	HG002_all_regions	HG002_chr1.633402.634418|HISEQ1:18:H8VC6ADXX:1:2104:8827:79327	HG002_chr1.633402.634418|HISEQ1:18:H8VC6ADXX:1:2104:8827:79327	148	8578.0	8695.0	best_hit_to_mtDNA
A	A	A	8650	HG002_all_regions	HG002_chr1.633402.634418|HISEQ1:18:H8VC6ADXX:1:2104:8827:79327	HG002_chr1.633402.634418|HISEQ1:18:H8VC6ADXX:1:2104:8827:79327	148	8578.0	8695.0	best_hit_to_mtDNA
C	C	C	8651	HG002_all_regions	HG002_chr1.633402.634418|HISEQ1:18:H8VC6ADXX:1:2104:8827:79327	HG002_chr1.633402.634418|HISEQ1:18:H8VC6ADXX:1:2104:8827:79327	148	8578.0	8695.0	best_hit_to_mtDNA
C	C	C	8652	HG002_all_regions	HG002_chr1.633402.634418|HISEQ1:18:H8VC6ADXX:1:2104:8827:79327	HG002_chr1.633402.634418|HISEQ1:18:H8VC6ADXX:1:2104:8827:79327	148	8578.0	8695.0	best_hit_to_mtDNA
G	G	G	8653	HG002_all_regions	HG002_chr1.633402.634418|HISEQ1:18:H8VC6ADXX:1:2104:8827:79327	HG002_chr1.633402.634418|HISEQ1:18:H8VC6ADXX:1:2104:8827:79327	148	8578.0	8695.0	best_hit_to_mtDNA
A	A	A	8654	HG002_all_regions	HG002_chr1.633402.634418|HISEQ1:18:H8VC6ADXX:1:2104:8827:79327	HG002_chr1.633402.634418|HISEQ1:18:H8VC6ADXX:1:2104:8827:79327	148	8578.0	8695.0	best_hit_to_mtDNA
C	C	C	8655	HG002_all_regions	HG002_chr1.633402.634418|HISEQ1:18:H8VC6ADXX:1:2104:8827:79327	HG002_chr1.633402.634418|HISEQ1:18:H8VC6ADXX:1:2104:8827:79327	148	8578.0	8695.0	best_hit_to_mtDNA
T	T	T	8656	HG002_all_regions	HG002_chr1.633402.634418|HISEQ1:18:H8VC6ADXX:1:2104:8827:79327	HG002_chr1.633402.634418|HISEQ1:18:H8VC6ADXX:1:2104:8827:79327	148	8578.0	8695.0	best_hit_to_mtDNA
A	A	A	8657	HG002_all_regions	HG002_chr1.633402.634418|HISEQ1:18:H8VC6ADXX:1:2104:8827:79327	HG002_chr1.633402.634418|HISEQ1:18:H8VC6ADXX:1:2104:8827:79327	148	8578.0	8695.0	best_hit_to_mtDNA
A	A	A	8658	HG002_all_regions	HG002_chr1.633402.634418|HISEQ1:18:H8VC6ADXX:1:2104:8827:79327	HG002_chr1.633402.634418|HISEQ1:18:H8VC6ADXX:1:2104:8827:79327	148	8578.0	8695.0	best_hit_to_mtDNA
T	T	T	8659	HG002_all_regions	HG002_chr1.633402.634418|HISEQ1:18:H8VC6ADXX:1:2104:8827:79327	HG002_chr1.633402.634418|HISEQ1:18:H8VC6ADXX:1:2104:8827:79327	148	8578.0	8695.0	best_hit_to_mtDNA
C	T	T	8660	HG002_all_regions	HG002_chr1.633402.634418|HISEQ1:18:H8VC6ADXX:1:2104:8827:79327	HG002_chr1.633402.634418|HISEQ1:18:H8VC6ADXX:1:2104:8827:79327	148	8578.0	8695.0	best_hit_to_mtDNA
A	A	A	8661	HG002_all_regions	HG002_chr1.633402.634418|HISEQ1:18:H8VC6ADXX:1:2104:8827:79327	HG002_chr1.633402.634418|HISEQ1:18:H8VC6ADXX:1:2104:8827:79327	148	8578.0	8695.0	best_hit_to_mtDNA
C	C	C	8662	HG002_all_regions	HG002_chr1.633402.634418|HISEQ1:18:H8VC6ADXX:1:2104:8827:79327	HG002_chr1.633402.634418|HISEQ1:18:H8VC6ADXX:1:2104:8827:79327	148	8578.0	8695.0	best_hit_to_mtDNA
C	C	C	8663	HG002_all_regions	HG002_chr1.633402.634418|HISEQ1:18:H8VC6ADXX:1:2104:8827:79327	HG002_chr1.633402.634418|HISEQ1:18:H8VC6ADXX:1:2104:8827:79327	148	8578.0	8695.0	best_hit_to_mtDNA
A	A	A	8664	HG002_all_regions	HG002_chr1.633402.634418|HISEQ1:18:H8VC6ADXX:1:2104:8827:79327	HG002_chr1.633402.634418|HISEQ1:18:H8VC6ADXX:1:2104:8827:79327	148	8578.0	8695.0	best_hit_to_mtDNA
C	C	C	8665	HG002_all_regions	HG002_chr1.633402.634418|HISEQ1:18:H8VC6ADXX:1:2104:8827:79327	HG002_chr1.633402.634418|HISEQ1:18:H8VC6ADXX:1:2104:8827:79327	148	8578.0	8695.0	best_hit_to_mtDNA
C	C	C	8666	HG002_all_regions	HG002_chr1.633402.634418|HISEQ1:18:H8VC6ADXX:1:2104:8827:79327	HG002_chr1.633402.634418|HISEQ1:18:H8VC6ADXX:1:2104:8827:79327	148	8578.0	8695.0	best_hit_to_mtDNA
C	C	C	8667	HG002_all_regions	HG002_chr1.633402.634418|HISEQ1:18:H8VC6ADXX:1:2104:8827:79327	HG002_chr1.633402.634418|HISEQ1:18:H8VC6ADXX:1:2104:8827:79327	148	8578.0	8695.0	best_hit_to_mtDNA
A	A	A	8668	HG002_all_regions	HG002_chr1.633402.634418|HISEQ1:18:H8VC6ADXX:1:2104:8827:79327	HG002_chr1.633402.634418|HISEQ1:18:H8VC6ADXX:1:2104:8827:79327	148	8578.0	8695.0	best_hit_to_mtDNA
A	A	A	8669	HG002_all_regions	HG002_chr1.633402.634418|HISEQ1:18:H8VC6ADXX:1:2104:8827:79327	HG002_chr1.633402.634418|HISEQ1:18:H8VC6ADXX:1:2104:8827:79327	148	8578.0	8695.0	best_hit_to_mtDNA
C	C	C	8670	HG002_all_regions	HG002_chr1.633402.634418|HISEQ1:18:H8VC6ADXX:1:2104:8827:79327	HG002_chr1.633402.634418|HISEQ1:18:H8VC6ADXX:1:2104:8827:79327	148	8578.0	8695.0	best_hit_to_mtDNA
A	A	A	8671	HG002_all_regions	HG002_chr1.633402.634418|HISEQ1:18:H8VC6ADXX:1:2104:8827:79327	HG002_chr1.633402.634418|HISEQ1:18:H8VC6ADXX:1:2104:8827:79327	148	8578.0	8695.0	best_hit_to_mtDNA
A	A	A	8672	HG002_all_regions	HG002_chr1.633402.634418|HISEQ1:18:H8VC6ADXX:1:2104:8827:79327	HG002_chr1.633402.634418|HISEQ1:18:H8VC6ADXX:1:2104:8827:79327	148	8578.0	8695.0	best_hit_to_mtDNA
T	T	T	8673	HG002_all_regions	HG002_chr1.633402.634418|HISEQ1:18:H8VC6ADXX:1:2104:8827:79327	HG002_chr1.633402.634418|HISEQ1:18:H8VC6ADXX:1:2104:8827:79327	148	8578.0	8695.0	best_hit_to_mtDNA
G	G	G	8674	HG002_all_regions	HG002_chr1.633402.634418|HISEQ1:18:H8VC6ADXX:1:2104:8827:79327	HG002_chr1.633402.634418|HISEQ1:18:H8VC6ADXX:1:2104:8827:79327	148	8578.0	8695.0	best_hit_to_mtDNA
A	A	A	8675	HG002_all_regions	HG002_chr1.633402.634418|HISEQ1:18:H8VC6ADXX:1:2104:8827:79327	HG002_chr1.633402.634418|HISEQ1:18:H8VC6ADXX:1:2104:8827:79327	148	8578.0	8695.0	best_hit_to_mtDNA
C	C	C	8676	HG002_all_regions	HG002_chr1.633402.634418|HISEQ1:18:H8VC6ADXX:1:2104:8827:79327	HG002_chr1.633402.634418|HISEQ1:18:H8VC6ADXX:1:2104:8827:79327	148	8578.0	8695.0	best_hit_to_mtDNA
T	T	T	8677	HG002_all_regions	HG002_chr1.633402.634418|HISEQ1:18:H8VC6ADXX:1:2104:8827:79327	HG002_chr1.633402.634418|HISEQ1:18:H8VC6ADXX:1:2104:8827:79327	148	8578.0	8695.0	best_hit_to_mtDNA
A	A	A	8678	HG002_all_regions	HG002_chr1.633402.634418|HISEQ1:18:H8VC6ADXX:1:2104:8827:79327	HG002_chr1.633402.634418|HISEQ1:18:H8VC6ADXX:1:2104:8827:79327	148	8578.0	8695.0	best_hit_to_mtDNA
A	A	A	8679	HG002_all_regions	HG002_chr1.633402.634418|HISEQ1:18:H8VC6ADXX:1:2104:8827:79327	HG002_chr1.633402.634418|HISEQ1:18:H8VC6ADXX:1:2104:8827:79327	148	8578.0	8695.0	best_hit_to_mtDNA
T	T	T	8680	HG002_all_regions	HG002_chr1.633402.634418|HISEQ1:18:H8VC6ADXX:1:2104:8827:79327	HG002_chr1.633402.634418|HISEQ1:18:H8VC6ADXX:1:2104:8827:79327	148	8578.0	8695.0	best_hit_to_mtDNA
C	T	C	8681	HG002_all_regions	HG002_chr1.633402.634418|HISEQ1:18:H8VC6ADXX:1:2104:8827:79327	HG002_chr1.633402.634418|HISEQ1:18:H8VC6ADXX:1:2104:8827:79327	148	8578.0	8695.0	best_hit_to_mtDNA
A	C	C	8682	HG002_all_regions	HG002_chr1.633402.634418|HISEQ1:18:H8VC6ADXX:1:2104:8827:79327	HG002_chr1.633402.634418|HISEQ1:18:H8VC6ADXX:1:2104:8827:79327	148	8578.0	8695.0	best_hit_to_mtDNA
A	A	A	8683	HG002_all_regions	HG002_chr1.633402.634418|HISEQ1:18:H8VC6ADXX:1:2104:8827:79327	HG002_chr1.633402.634418|HISEQ1:18:H8VC6ADXX:1:2104:8827:79327	148	8578.0	8695.0	best_hit_to_mtDNA
A	A	A	8684	HG002_all_regions	HG002_chr1.633402.634418|HISEQ1:18:H8VC6ADXX:1:2104:8827:79327	HG002_chr1.633402.634418|HISEQ1:18:H8VC6ADXX:1:2104:8827:79327	148	8578.0	8695.0	best_hit_to_mtDNA
C	C	C	8685	HG002_all_regions	HG002_chr1.633402.634418|HISEQ1:18:H8VC6ADXX:1:2104:8827:79327	HG002_chr1.633402.634418|HISEQ1:18:H8VC6ADXX:1:2104:8827:79327	148	8578.0	8695.0	best_hit_to_mtDNA
T	T	T	8686	HG002_all_regions	HG002_chr1.633402.634418|HISEQ1:18:H8VC6ADXX:1:2104:8827:79327	HG002_chr1.633402.634418|HISEQ1:18:H8VC6ADXX:1:2104:8827:79327	148	8578.0	8695.0	best_hit_to_mtDNA
A	G	A	8687	HG002_all_regions	HG002_chr1.633402.634418|HISEQ1:18:H8VC6ADXX:1:2104:8827:79327	HG002_chr1.633402.634418|HISEQ1:18:H8VC6ADXX:1:2104:8827:79327	148	8578.0	8695.0	best_hit_to_mtDNA
A	A	A	8688	HG002_all_regions	HG002_chr1.633402.634418|HISEQ1:18:H8VC6ADXX:1:2104:8827:79327	HG002_chr1.633402.634418|HISEQ1:18:H8VC6ADXX:1:2104:8827:79327	148	8578.0	8695.0	best_hit_to_mtDNA
C	C	C	8689	HG002_all_regions	HG002_chr1.633402.634418|HISEQ1:18:H8VC6ADXX:1:2104:8827:79327	HG002_chr1.633402.634418|HISEQ1:18:H8VC6ADXX:1:2104:8827:79327	148	8578.0	8695.0	best_hit_to_mtDNA
C	C	C	8690	HG002_all_regions	HG002_chr1.633402.634418|HISEQ1:18:H8VC6ADXX:1:2104:8827:79327	HG002_chr1.633402.634418|HISEQ1:18:H8VC6ADXX:1:2104:8827:79327	148	8578.0	8695.0	best_hit_to_mtDNA
T	T	T	8691	HG002_all_regions	HG002_chr1.633402.634418|HISEQ1:18:H8VC6ADXX:1:2104:8827:79327	HG002_chr1.633402.634418|HISEQ1:18:H8VC6ADXX:1:2104:8827:79327	148	8578.0	8695.0	best_hit_to_mtDNA
C	C	C	8692	HG002_all_regions	HG002_chr1.633402.634418|HISEQ1:18:H8VC6ADXX:1:2104:8827:79327	HG002_chr1.633402.634418|HISEQ1:18:H8VC6ADXX:1:2104:8827:79327	148	8578.0	8695.0	best_hit_to_mtDNA
A	A	A	8693	HG002_all_regions	HG002_chr1.633402.634418|HISEQ1:18:H8VC6ADXX:1:2104:8827:79327	HG002_chr1.633402.634418|HISEQ1:18:H8VC6ADXX:1:2104:8827:79327	148	8578.0	8695.0	best_hit_to_mtDNA
A	A	A	8694	HG002_all_regions	HG002_chr1.633402.634418|HISEQ1:18:H8VC6ADXX:1:2104:8827:79327	HG002_chr1.633402.634418|HISEQ1:18:H8VC6ADXX:1:2104:8827:79327	148	8578.0	8695.0	best_hit_to_mtDNA
A	A	A	8721	HG002_all_regions	HG002_chr1.633402.634418|HISEQ1:18:H8VC6ADXX:2:2116:19073:26544	HG002_chr1.633402.634418|HISEQ1:18:H8VC6ADXX:2:2116:19073:26544	148	8716.0	8863.0	best_hit_to_mtDNA
A	A	A	8722	HG002_all_regions	HG002_chr1.633402.634418|HISEQ1:18:H8VC6ADXX:2:2116:19073:26544	HG002_chr1.633402.634418|HISEQ1:18:H8VC6ADXX:2:2116:19073:26544	148	8716.0	8863.0	best_hit_to_mtDNA
A	A	A	8723	HG002_all_regions	HG002_chr1.633402.634418|HISEQ1:18:H8VC6ADXX:2:2116:19073:26544	HG002_chr1.633402.634418|HISEQ1:18:H8VC6ADXX:2:2116:19073:26544	148	8716.0	8863.0	best_hit_to_mtDNA
G	G	G	8724	HG002_all_regions	HG002_chr1.633402.634418|HISEQ1:18:H8VC6ADXX:2:2116:19073:26544	HG002_chr1.633402.634418|HISEQ1:18:H8VC6ADXX:2:2116:19073:26544	148	8716.0	8863.0	best_hit_to_mtDNA
G	G	G	8725	HG002_all_regions	HG002_chr1.633402.634418|HISEQ1:18:H8VC6ADXX:2:2116:19073:26544	HG002_chr1.633402.634418|HISEQ1:18:H8VC6ADXX:2:2116:19073:26544	148	8716.0	8863.0	best_hit_to_mtDNA
A	A	A	8726	HG002_all_regions	HG002_chr1.633402.634418|HISEQ1:18:H8VC6ADXX:2:2116:19073:26544	HG002_chr1.633402.634418|HISEQ1:18:H8VC6ADXX:2:2116:19073:26544	148	8716.0	8863.0	best_hit_to_mtDNA
C	C	C	8727	HG002_all_regions	HG002_chr1.633402.634418|HISEQ1:18:H8VC6ADXX:2:2116:19073:26544	HG002_chr1.633402.634418|HISEQ1:18:H8VC6ADXX:2:2116:19073:26544	148	8716.0	8863.0	best_hit_to_mtDNA
G	G	G	8728	HG002_all_regions	HG002_chr1.633402.634418|HISEQ1:18:H8VC6ADXX:2:2116:19073:26544	HG002_chr1.633402.634418|HISEQ1:18:H8VC6ADXX:2:2116:19073:26544	148	8716.0	8863.0	best_hit_to_mtDNA
A	A	A	8729	HG002_all_regions	HG002_chr1.633402.634418|HISEQ1:18:H8VC6ADXX:2:2116:19073:26544	HG002_chr1.633402.634418|HISEQ1:18:H8VC6ADXX:2:2116:19073:26544	148	8716.0	8863.0	best_hit_to_mtDNA
A	A	A	8730	HG002_all_regions	HG002_chr1.633402.634418|HISEQ1:18:H8VC6ADXX:2:2116:19073:26544	HG002_chr1.633402.634418|HISEQ1:18:H8VC6ADXX:2:2116:19073:26544	148	8716.0	8863.0	best_hit_to_mtDNA
C	C	C	8731	HG002_all_regions	HG002_chr1.633402.634418|HISEQ1:18:H8VC6ADXX:2:2116:19073:26544	HG002_chr1.633402.634418|HISEQ1:18:H8VC6ADXX:2:2116:19073:26544	148	8716.0	8863.0	best_hit_to_mtDNA
C	C	C	8732	HG002_all_regions	HG002_chr1.633402.634418|HISEQ1:18:H8VC6ADXX:2:2116:19073:26544	HG002_chr1.633402.634418|HISEQ1:18:H8VC6ADXX:2:2116:19073:26544	148	8716.0	8863.0	best_hit_to_mtDNA
T	T	T	8733	HG002_all_regions	HG002_chr1.633402.634418|HISEQ1:18:H8VC6ADXX:2:2116:19073:26544	HG002_chr1.633402.634418|HISEQ1:18:H8VC6ADXX:2:2116:19073:26544	148	8716.0	8863.0	best_hit_to_mtDNA
G	G	G	8734	HG002_all_regions	HG002_chr1.633402.634418|HISEQ1:18:H8VC6ADXX:2:2116:19073:26544	HG002_chr1.633402.634418|HISEQ1:18:H8VC6ADXX:2:2116:19073:26544	148	8716.0	8863.0	best_hit_to_mtDNA
A	A	A	8735	HG002_all_regions	HG002_chr1.633402.634418|HISEQ1:18:H8VC6ADXX:2:2116:19073:26544	HG002_chr1.633402.634418|HISEQ1:18:H8VC6ADXX:2:2116:19073:26544	148	8716.0	8863.0	best_hit_to_mtDNA
T	T	T	8736	HG002_all_regions	HG002_chr1.633402.634418|HISEQ1:18:H8VC6ADXX:2:2116:19073:26544	HG002_chr1.633402.634418|HISEQ1:18:H8VC6ADXX:2:2116:19073:26544	148	8716.0	8863.0	best_hit_to_mtDNA
C	C	C	8737	HG002_all_regions	HG002_chr1.633402.634418|HISEQ1:18:H8VC6ADXX:2:2116:19073:26544	HG002_chr1.633402.634418|HISEQ1:18:H8VC6ADXX:2:2116:19073:26544	148	8716.0	8863.0	best_hit_to_mtDNA
T	T	T	8738	HG002_all_regions	HG002_chr1.633402.634418|HISEQ1:18:H8VC6ADXX:2:2116:19073:26544	HG002_chr1.633402.634418|HISEQ1:18:H8VC6ADXX:2:2116:19073:26544	148	8716.0	8863.0	best_hit_to_mtDNA
C	C	C	8739	HG002_all_regions	HG002_chr1.633402.634418|HISEQ1:18:H8VC6ADXX:2:2116:19073:26544	HG002_chr1.633402.634418|HISEQ1:18:H8VC6ADXX:2:2116:19073:26544	148	8716.0	8863.0	best_hit_to_mtDNA
T	T	T	8740	HG002_all_regions	HG002_chr1.633402.634418|HISEQ1:18:H8VC6ADXX:2:2116:19073:26544	HG002_chr1.633402.634418|HISEQ1:18:H8VC6ADXX:2:2116:19073:26544	148	8716.0	8863.0	best_hit_to_mtDNA
T	C	T	8741	HG002_all_regions	HG002_chr1.633402.634418|HISEQ1:18:H8VC6ADXX:2:2116:19073:26544	HG002_chr1.633402.634418|HISEQ1:18:H8VC6ADXX:2:2116:19073:26544	148	8716.0	8863.0	best_hit_to_mtDNA
A	A	A	8742	HG002_all_regions	HG002_chr1.633402.634418|HISEQ1:18:H8VC6ADXX:2:2116:19073:26544	HG002_chr1.633402.634418|HISEQ1:18:H8VC6ADXX:2:2116:19073:26544	148	8716.0	8863.0	best_hit_to_mtDNA
T	T	T	8743	HG002_all_regions	HG002_chr1.633402.634418|HISEQ1:18:H8VC6ADXX:2:2116:19073:26544	HG002_chr1.633402.634418|HISEQ1:18:H8VC6ADXX:2:2116:19073:26544	148	8716.0	8863.0	best_hit_to_mtDNA
A	A	A	8744	HG002_all_regions	HG002_chr1.633402.634418|HISEQ1:18:H8VC6ADXX:2:2116:19073:26544	HG002_chr1.633402.634418|HISEQ1:18:H8VC6ADXX:2:2116:19073:26544	148	8716.0	8863.0	best_hit_to_mtDNA
C	C	C	8745	HG002_all_regions	HG002_chr1.633402.634418|HISEQ1:18:H8VC6ADXX:2:2116:19073:26544	HG002_chr1.633402.634418|HISEQ1:18:H8VC6ADXX:2:2116:19073:26544	148	8716.0	8863.0	best_hit_to_mtDNA
T	T	T	8746	HG002_all_regions	HG002_chr1.633402.634418|HISEQ1:18:H8VC6ADXX:2:2116:19073:26544	HG002_chr1.633402.634418|HISEQ1:18:H8VC6ADXX:2:2116:19073:26544	148	8716.0	8863.0	best_hit_to_mtDNA
A	A	A	8747	HG002_all_regions	HG002_chr1.633402.634418|HISEQ1:18:H8VC6ADXX:2:2116:19073:26544	HG002_chr1.633402.634418|HISEQ1:18:H8VC6ADXX:2:2116:19073:26544	148	8716.0	8863.0	best_hit_to_mtDNA
G	G	G	8748	HG002_all_regions	HG002_chr1.633402.634418|HISEQ1:18:H8VC6ADXX:2:2116:19073:26544	HG002_chr1.633402.634418|HISEQ1:18:H8VC6ADXX:2:2116:19073:26544	148	8716.0	8863.0	best_hit_to_mtDNA
T	T	T	8749	HG002_all_regions	HG002_chr1.633402.634418|HISEQ1:18:H8VC6ADXX:2:2116:19073:26544	HG002_chr1.633402.634418|HISEQ1:18:H8VC6ADXX:2:2116:19073:26544	148	8716.0	8863.0	best_hit_to_mtDNA
A	A	A	8750	HG002_all_regions	HG002_chr1.633402.634418|HISEQ1:18:H8VC6ADXX:2:2116:19073:26544	HG002_chr1.633402.634418|HISEQ1:18:H8VC6ADXX:2:2116:19073:26544	148	8716.0	8863.0	best_hit_to_mtDNA
T	T	T	8751	HG002_all_regions	HG002_chr1.633402.634418|HISEQ1:18:H8VC6ADXX:2:2116:19073:26544	HG002_chr1.633402.634418|HISEQ1:18:H8VC6ADXX:2:2116:19073:26544	148	8716.0	8863.0	best_hit_to_mtDNA
C	C	C	8752	HG002_all_regions	HG002_chr1.633402.634418|HISEQ1:18:H8VC6ADXX:2:2116:19073:26544	HG002_chr1.633402.634418|HISEQ1:18:H8VC6ADXX:2:2116:19073:26544	148	8716.0	8863.0	best_hit_to_mtDNA
C	C	C	8753	HG002_all_regions	HG002_chr1.633402.634418|HISEQ1:18:H8VC6ADXX:2:2116:19073:26544	HG002_chr1.633402.634418|HISEQ1:18:H8VC6ADXX:2:2116:19073:26544	148	8716.0	8863.0	best_hit_to_mtDNA
T	T	T	8754	HG002_all_regions	HG002_chr1.633402.634418|HISEQ1:18:H8VC6ADXX:2:2116:19073:26544	HG002_chr1.633402.634418|HISEQ1:18:H8VC6ADXX:2:2116:19073:26544	148	8716.0	8863.0	best_hit_to_mtDNA
T	T	T	8755	HG002_all_regions	HG002_chr1.633402.634418|HISEQ1:18:H8VC6ADXX:2:2116:19073:26544	HG002_chr1.633402.634418|HISEQ1:18:H8VC6ADXX:2:2116:19073:26544	148	8716.0	8863.0	best_hit_to_mtDNA
A	A	A	8756	HG002_all_regions	HG002_chr1.633402.634418|HISEQ1:18:H8VC6ADXX:2:2116:19073:26544	HG002_chr1.633402.634418|HISEQ1:18:H8VC6ADXX:2:2116:19073:26544	148	8716.0	8863.0	best_hit_to_mtDNA
A	A	A	8757	HG002_all_regions	HG002_chr1.633402.634418|HISEQ1:18:H8VC6ADXX:2:2116:19073:26544	HG002_chr1.633402.634418|HISEQ1:18:H8VC6ADXX:2:2116:19073:26544	148	8716.0	8863.0	best_hit_to_mtDNA
T	T	T	8758	HG002_all_regions	HG002_chr1.633402.634418|HISEQ1:18:H8VC6ADXX:2:2116:19073:26544	HG002_chr1.633402.634418|HISEQ1:18:H8VC6ADXX:2:2116:19073:26544	148	8716.0	8863.0	best_hit_to_mtDNA
C	C	C	8759	HG002_all_regions	HG002_chr1.633402.634418|HISEQ1:18:H8VC6ADXX:2:2116:19073:26544	HG002_chr1.633402.634418|HISEQ1:18:H8VC6ADXX:2:2116:19073:26544	148	8716.0	8863.0	best_hit_to_mtDNA
A	A	A	8760	HG002_all_regions	HG002_chr1.633402.634418|HISEQ1:18:H8VC6ADXX:2:2116:19073:26544	HG002_chr1.633402.634418|HISEQ1:18:H8VC6ADXX:2:2116:19073:26544	148	8716.0	8863.0	best_hit_to_mtDNA
T	T	T	8761	HG002_all_regions	HG002_chr1.633402.634418|HISEQ1:18:H8VC6ADXX:2:2116:19073:26544	HG002_chr1.633402.634418|HISEQ1:18:H8VC6ADXX:2:2116:19073:26544	148	8716.0	8863.0	best_hit_to_mtDNA
T	T	T	8762	HG002_all_regions	HG002_chr1.633402.634418|HISEQ1:18:H8VC6ADXX:2:2116:19073:26544	HG002_chr1.633402.634418|HISEQ1:18:H8VC6ADXX:2:2116:19073:26544	148	8716.0	8863.0	best_hit_to_mtDNA
T	T	T	8763	HG002_all_regions	HG002_chr1.633402.634418|HISEQ1:18:H8VC6ADXX:2:2116:19073:26544	HG002_chr1.633402.634418|HISEQ1:18:H8VC6ADXX:2:2116:19073:26544	148	8716.0	8863.0	best_hit_to_mtDNA
T	T	T	8764	HG002_all_regions	HG002_chr1.633402.634418|HISEQ1:18:H8VC6ADXX:2:2116:19073:26544	HG002_chr1.633402.634418|HISEQ1:18:H8VC6ADXX:2:2116:19073:26544	148	8716.0	8863.0	best_hit_to_mtDNA
T	T	T	8765	HG002_all_regions	HG002_chr1.633402.634418|HISEQ1:18:H8VC6ADXX:2:2116:19073:26544	HG002_chr1.633402.634418|HISEQ1:18:H8VC6ADXX:2:2116:19073:26544	148	8716.0	8863.0	best_hit_to_mtDNA
A	A	A	8766	HG002_all_regions	HG002_chr1.633402.634418|HISEQ1:18:H8VC6ADXX:2:2116:19073:26544	HG002_chr1.633402.634418|HISEQ1:18:H8VC6ADXX:2:2116:19073:26544	148	8716.0	8863.0	best_hit_to_mtDNA
T	T	T	8767	HG002_all_regions	HG002_chr1.633402.634418|HISEQ1:18:H8VC6ADXX:2:2116:19073:26544	HG002_chr1.633402.634418|HISEQ1:18:H8VC6ADXX:2:2116:19073:26544	148	8716.0	8863.0	best_hit_to_mtDNA
T	T	T	8768	HG002_all_regions	HG002_chr1.633402.634418|HISEQ1:18:H8VC6ADXX:2:2116:19073:26544	HG002_chr1.633402.634418|HISEQ1:18:H8VC6ADXX:2:2116:19073:26544	148	8716.0	8863.0	best_hit_to_mtDNA
G	A	G	8769	HG002_all_regions	HG002_chr1.633402.634418|HISEQ1:18:H8VC6ADXX:2:2116:19073:26544	HG002_chr1.633402.634418|HISEQ1:18:H8VC6ADXX:2:2116:19073:26544	148	8716.0	8863.0	best_hit_to_mtDNA
C	C	C	8770	HG002_all_regions	HG002_chr1.633402.634418|HISEQ1:18:H8VC6ADXX:2:2116:19073:26544	HG002_chr1.633402.634418|HISEQ1:18:H8VC6ADXX:2:2116:19073:26544	148	8716.0	8863.0	best_hit_to_mtDNA
C	C	C	8771	HG002_all_regions	HG002_chr1.633402.634418|HISEQ1:18:H8VC6ADXX:2:2116:19073:26544	HG002_chr1.633402.634418|HISEQ1:18:H8VC6ADXX:2:2116:19073:26544	148	8716.0	8863.0	best_hit_to_mtDNA
A	A	A	8772	HG002_all_regions	HG002_chr1.633402.634418|HISEQ1:18:H8VC6ADXX:2:2116:19073:26544	HG002_chr1.633402.634418|HISEQ1:18:H8VC6ADXX:2:2116:19073:26544	148	8716.0	8863.0	best_hit_to_mtDNA
C	C	C	8773	HG002_all_regions	HG002_chr1.633402.634418|HISEQ1:18:H8VC6ADXX:2:2116:19073:26544	HG002_chr1.633402.634418|HISEQ1:18:H8VC6ADXX:2:2116:19073:26544	148	8716.0	8863.0	best_hit_to_mtDNA
A	A	A	8774	HG002_all_regions	HG002_chr1.633402.634418|HISEQ1:18:H8VC6ADXX:2:2116:19073:26544	HG002_chr1.633402.634418|HISEQ1:18:H8VC6ADXX:2:2116:19073:26544	148	8716.0	8863.0	best_hit_to_mtDNA
A	A	A	8775	HG002_all_regions	HG002_chr1.633402.634418|HISEQ1:18:H8VC6ADXX:2:2116:19073:26544	HG002_chr1.633402.634418|HISEQ1:18:H8VC6ADXX:2:2116:19073:26544	148	8716.0	8863.0	best_hit_to_mtDNA
C	C	C	8776	HG002_all_regions	HG002_chr1.633402.634418|HISEQ1:18:H8VC6ADXX:2:2116:19073:26544	HG002_chr1.633402.634418|HISEQ1:18:H8VC6ADXX:2:2116:19073:26544	148	8716.0	8863.0	best_hit_to_mtDNA
T	C	T	8777	HG002_all_regions	HG002_chr1.633402.634418|HISEQ1:18:H8VC6ADXX:2:2116:19073:26544	HG002_chr1.633402.634418|HISEQ1:18:H8VC6ADXX:2:2116:19073:26544	148	8716.0	8863.0	best_hit_to_mtDNA
A	A	A	8778	HG002_all_regions	HG002_chr1.633402.634418|HISEQ1:18:H8VC6ADXX:2:2116:19073:26544	HG002_chr1.633402.634418|HISEQ1:18:H8VC6ADXX:2:2116:19073:26544	148	8716.0	8863.0	best_hit_to_mtDNA
A	A	A	8779	HG002_all_regions	HG002_chr1.633402.634418|HISEQ1:18:H8VC6ADXX:2:2116:19073:26544	HG002_chr1.633402.634418|HISEQ1:18:H8VC6ADXX:2:2116:19073:26544	148	8716.0	8863.0	best_hit_to_mtDNA
C	T	C	8780	HG002_all_regions	HG002_chr1.633402.634418|HISEQ1:18:H8VC6ADXX:2:2116:19073:26544	HG002_chr1.633402.634418|HISEQ1:18:H8VC6ADXX:2:2116:19073:26544	148	8716.0	8863.0	best_hit_to_mtDNA
C	C	C	8781	HG002_all_regions	HG002_chr1.633402.634418|HISEQ1:18:H8VC6ADXX:2:2116:19073:26544	HG002_chr1.633402.634418|HISEQ1:18:H8VC6ADXX:2:2116:19073:26544	148	8716.0	8863.0	best_hit_to_mtDNA
T	T	T	8782	HG002_all_regions	HG002_chr1.633402.634418|HISEQ1:18:H8VC6ADXX:2:2116:19073:26544	HG002_chr1.633402.634418|HISEQ1:18:H8VC6ADXX:2:2116:19073:26544	148	8716.0	8863.0	best_hit_to_mtDNA
C	T	C	8783	HG002_all_regions	HG002_chr1.633402.634418|HISEQ1:18:H8VC6ADXX:2:2116:19073:26544	HG002_chr1.633402.634418|HISEQ1:18:H8VC6ADXX:2:2116:19073:26544	148	8716.0	8863.0	best_hit_to_mtDNA
C	C	C	8784	HG002_all_regions	HG002_chr1.633402.634418|HISEQ1:18:H8VC6ADXX:2:2116:19073:26544	HG002_chr1.633402.634418|HISEQ1:18:H8VC6ADXX:2:2116:19073:26544	148	8716.0	8863.0	best_hit_to_mtDNA
T	T	T	8785	HG002_all_regions	HG002_chr1.633402.634418|HISEQ1:18:H8VC6ADXX:2:2116:19073:26544	HG002_chr1.633402.634418|HISEQ1:18:H8VC6ADXX:2:2116:19073:26544	148	8716.0	8863.0	best_hit_to_mtDNA
C	T	C	8786	HG002_all_regions	HG002_chr1.633402.634418|HISEQ1:18:H8VC6ADXX:2:2116:19073:26544	HG002_chr1.633402.634418|HISEQ1:18:H8VC6ADXX:2:2116:19073:26544	148	8716.0	8863.0	best_hit_to_mtDNA
G	G	G	8787	HG002_all_regions	HG002_chr1.633402.634418|HISEQ1:18:H8VC6ADXX:2:2116:19073:26544	HG002_chr1.633402.634418|HISEQ1:18:H8VC6ADXX:2:2116:19073:26544	148	8716.0	8863.0	best_hit_to_mtDNA
G	G	G	8788	HG002_all_regions	HG002_chr1.633402.634418|HISEQ1:18:H8VC6ADXX:2:2116:19073:26544	HG002_chr1.633402.634418|HISEQ1:18:H8VC6ADXX:2:2116:19073:26544	148	8716.0	8863.0	best_hit_to_mtDNA
A	G	A	8789	HG002_all_regions	HG002_chr1.633402.634418|HISEQ1:18:H8VC6ADXX:2:2116:19073:26544	HG002_chr1.633402.634418|HISEQ1:18:H8VC6ADXX:2:2116:19073:26544	148	8716.0	8863.0	best_hit_to_mtDNA
C	C	C	8790	HG002_all_regions	HG002_chr1.633402.634418|HISEQ1:18:H8VC6ADXX:2:2116:19073:26544	HG002_chr1.633402.634418|HISEQ1:18:H8VC6ADXX:2:2116:19073:26544	148	8716.0	8863.0	best_hit_to_mtDNA
T	T	T	8791	HG002_all_regions	HG002_chr1.633402.634418|HISEQ1:18:H8VC6ADXX:2:2116:19073:26544	HG002_chr1.633402.634418|HISEQ1:18:H8VC6ADXX:2:2116:19073:26544	148	8716.0	8863.0	best_hit_to_mtDNA
C	T	C	8792	HG002_all_regions	HG002_chr1.633402.634418|HISEQ1:18:H8VC6ADXX:2:2116:19073:26544	HG002_chr1.633402.634418|HISEQ1:18:H8VC6ADXX:2:2116:19073:26544	148	8716.0	8863.0	best_hit_to_mtDNA
C	C	C	8793	HG002_all_regions	HG002_chr1.633402.634418|HISEQ1:18:H8VC6ADXX:2:2116:19073:26544	HG002_chr1.633402.634418|HISEQ1:18:H8VC6ADXX:2:2116:19073:26544	148	8716.0	8863.0	best_hit_to_mtDNA
T	T	T	8794	HG002_all_regions	HG002_chr1.633402.634418|HISEQ1:18:H8VC6ADXX:2:2116:19073:26544	HG002_chr1.633402.634418|HISEQ1:18:H8VC6ADXX:2:2116:19073:26544	148	8716.0	8863.0	best_hit_to_mtDNA
G	A	G	8795	HG002_all_regions	HG002_chr1.633402.634418|HISEQ1:18:H8VC6ADXX:2:2116:19073:26544	HG002_chr1.633402.634418|HISEQ1:18:H8VC6ADXX:2:2116:19073:26544	148	8716.0	8863.0	best_hit_to_mtDNA
C	C	C	8796	HG002_all_regions	HG002_chr1.633402.634418|HISEQ1:18:H8VC6ADXX:2:2116:19073:26544	HG002_chr1.633402.634418|HISEQ1:18:H8VC6ADXX:2:2116:19073:26544	148	8716.0	8863.0	best_hit_to_mtDNA
C	C	C	8797	HG002_all_regions	HG002_chr1.633402.634418|HISEQ1:18:H8VC6ADXX:2:2116:19073:26544	HG002_chr1.633402.634418|HISEQ1:18:H8VC6ADXX:2:2116:19073:26544	148	8716.0	8863.0	best_hit_to_mtDNA
T	C	T	8798	HG002_all_regions	HG002_chr1.633402.634418|HISEQ1:18:H8VC6ADXX:2:2116:19073:26544	HG002_chr1.633402.634418|HISEQ1:18:H8VC6ADXX:2:2116:19073:26544	148	8716.0	8863.0	best_hit_to_mtDNA
C	C	C	8799	HG002_all_regions	HG002_chr1.633402.634418|HISEQ1:18:H8VC6ADXX:2:2116:19073:26544	HG002_chr1.633402.634418|HISEQ1:18:H8VC6ADXX:2:2116:19073:26544	148	8716.0	8863.0	best_hit_to_mtDNA
A	A	A	8800	HG002_all_regions	HG002_chr1.633402.634418|HISEQ1:18:H8VC6ADXX:2:2116:19073:26544	HG002_chr1.633402.634418|HISEQ1:18:H8VC6ADXX:2:2116:19073:26544	148	8716.0	8863.0	best_hit_to_mtDNA
C	C	C	8801	HG002_all_regions	HG002_chr1.633402.634418|HISEQ1:18:H8VC6ADXX:2:2116:19073:26544	HG002_chr1.633402.634418|HISEQ1:18:H8VC6ADXX:2:2116:19073:26544	148	8716.0	8863.0	best_hit_to_mtDNA
T	T	T	8802	HG002_all_regions	HG002_chr1.633402.634418|HISEQ1:18:H8VC6ADXX:2:2116:19073:26544	HG002_chr1.633402.634418|HISEQ1:18:H8VC6ADXX:2:2116:19073:26544	148	8716.0	8863.0	best_hit_to_mtDNA
C	C	C	8803	HG002_all_regions	HG002_chr1.633402.634418|HISEQ1:18:H8VC6ADXX:2:2116:19073:26544	HG002_chr1.633402.634418|HISEQ1:18:H8VC6ADXX:2:2116:19073:26544	148	8716.0	8863.0	best_hit_to_mtDNA
A	A	A	8804	HG002_all_regions	HG002_chr1.633402.634418|HISEQ1:18:H8VC6ADXX:2:2116:19073:26544	HG002_chr1.633402.634418|HISEQ1:18:H8VC6ADXX:2:2116:19073:26544	148	8716.0	8863.0	best_hit_to_mtDNA
T	T	T	8805	HG002_all_regions	HG002_chr1.633402.634418|HISEQ1:18:H8VC6ADXX:2:2116:19073:26544	HG002_chr1.633402.634418|HISEQ1:18:H8VC6ADXX:2:2116:19073:26544	148	8716.0	8863.0	best_hit_to_mtDNA
T	T	T	8806	HG002_all_regions	HG002_chr1.633402.634418|HISEQ1:18:H8VC6ADXX:2:2116:19073:26544	HG002_chr1.633402.634418|HISEQ1:18:H8VC6ADXX:2:2116:19073:26544	148	8716.0	8863.0	best_hit_to_mtDNA
T	C	T	8807	HG002_all_regions	HG002_chr1.633402.634418|HISEQ1:18:H8VC6ADXX:2:2116:19073:26544	HG002_chr1.633402.634418|HISEQ1:18:H8VC6ADXX:2:2116:19073:26544	148	8716.0	8863.0	best_hit_to_mtDNA
A	A	A	8808	HG002_all_regions	HG002_chr1.633402.634418|HISEQ1:18:H8VC6ADXX:2:2116:19073:26544	HG002_chr1.633402.634418|HISEQ1:18:H8VC6ADXX:2:2116:19073:26544	148	8716.0	8863.0	best_hit_to_mtDNA
C	C	C	8809	HG002_all_regions	HG002_chr1.633402.634418|HISEQ1:18:H8VC6ADXX:2:2116:19073:26544	HG002_chr1.633402.634418|HISEQ1:18:H8VC6ADXX:2:2116:19073:26544	148	8716.0	8863.0	best_hit_to_mtDNA
A	A	A	8810	HG002_all_regions	HG002_chr1.633402.634418|HISEQ1:18:H8VC6ADXX:2:2116:19073:26544	HG002_chr1.633402.634418|HISEQ1:18:H8VC6ADXX:2:2116:19073:26544	148	8716.0	8863.0	best_hit_to_mtDNA
C	C	C	8811	HG002_all_regions	HG002_chr1.633402.634418|HISEQ1:18:H8VC6ADXX:2:2116:19073:26544	HG002_chr1.633402.634418|HISEQ1:18:H8VC6ADXX:2:2116:19073:26544	148	8716.0	8863.0	best_hit_to_mtDNA
C	C	C	8812	HG002_all_regions	HG002_chr1.633402.634418|HISEQ1:18:H8VC6ADXX:2:2116:19073:26544	HG002_chr1.633402.634418|HISEQ1:18:H8VC6ADXX:2:2116:19073:26544	148	8716.0	8863.0	best_hit_to_mtDNA
A	A	A	8813	HG002_all_regions	HG002_chr1.633402.634418|HISEQ1:18:H8VC6ADXX:2:2116:19073:26544	HG002_chr1.633402.634418|HISEQ1:18:H8VC6ADXX:2:2116:19073:26544	148	8716.0	8863.0	best_hit_to_mtDNA
A	A	A	8814	HG002_all_regions	HG002_chr1.633402.634418|HISEQ1:18:H8VC6ADXX:2:2116:19073:26544	HG002_chr1.633402.634418|HISEQ1:18:H8VC6ADXX:2:2116:19073:26544	148	8716.0	8863.0	best_hit_to_mtDNA
C	C	C	8815	HG002_all_regions	HG002_chr1.633402.634418|HISEQ1:18:H8VC6ADXX:2:2116:19073:26544	HG002_chr1.633402.634418|HISEQ1:18:H8VC6ADXX:2:2116:19073:26544	148	8716.0	8863.0	best_hit_to_mtDNA
C	C	C	8816	HG002_all_regions	HG002_chr1.633402.634418|HISEQ1:18:H8VC6ADXX:2:2116:19073:26544	HG002_chr1.633402.634418|HISEQ1:18:H8VC6ADXX:2:2116:19073:26544	148	8716.0	8863.0	best_hit_to_mtDNA
A	A	A	8817	HG002_all_regions	HG002_chr1.633402.634418|HISEQ1:18:H8VC6ADXX:2:2116:19073:26544	HG002_chr1.633402.634418|HISEQ1:18:H8VC6ADXX:2:2116:19073:26544	148	8716.0	8863.0	best_hit_to_mtDNA
C	C	C	8818	HG002_all_regions	HG002_chr1.633402.634418|HISEQ1:18:H8VC6ADXX:2:2116:19073:26544	HG002_chr1.633402.634418|HISEQ1:18:H8VC6ADXX:2:2116:19073:26544	148	8716.0	8863.0	best_hit_to_mtDNA
C	C	C	8819	HG002_all_regions	HG002_chr1.633402.634418|HISEQ1:18:H8VC6ADXX:2:2116:19073:26544	HG002_chr1.633402.634418|HISEQ1:18:H8VC6ADXX:2:2116:19073:26544	148	8716.0	8863.0	best_hit_to_mtDNA
C	C	C	8820	HG002_all_regions	HG002_chr1.633402.634418|HISEQ1:18:H8VC6ADXX:2:2116:19073:26544	HG002_chr1.633402.634418|HISEQ1:18:H8VC6ADXX:2:2116:19073:26544	148	8716.0	8863.0	best_hit_to_mtDNA
A	A	A	8821	HG002_all_regions	HG002_chr1.633402.634418|HISEQ1:18:H8VC6ADXX:2:2116:19073:26544	HG002_chr1.633402.634418|HISEQ1:18:H8VC6ADXX:2:2116:19073:26544	148	8716.0	8863.0	best_hit_to_mtDNA
A	A	A	8822	HG002_all_regions	HG002_chr1.633402.634418|HISEQ1:18:H8VC6ADXX:2:2116:19073:26544	HG002_chr1.633402.634418|HISEQ1:18:H8VC6ADXX:2:2116:19073:26544	148	8716.0	8863.0	best_hit_to_mtDNA
C	C	C	8823	HG002_all_regions	HG002_chr1.633402.634418|HISEQ1:18:H8VC6ADXX:2:2116:19073:26544	HG002_chr1.633402.634418|HISEQ1:18:H8VC6ADXX:2:2116:19073:26544	148	8716.0	8863.0	best_hit_to_mtDNA
T	T	T	8824	HG002_all_regions	HG002_chr1.633402.634418|HISEQ1:18:H8VC6ADXX:2:2116:19073:26544	HG002_chr1.633402.634418|HISEQ1:18:H8VC6ADXX:2:2116:19073:26544	148	8716.0	8863.0	best_hit_to_mtDNA
A	A	A	8825	HG002_all_regions	HG002_chr1.633402.634418|HISEQ1:18:H8VC6ADXX:2:2116:19073:26544	HG002_chr1.633402.634418|HISEQ1:18:H8VC6ADXX:2:2116:19073:26544	148	8716.0	8863.0	best_hit_to_mtDNA
T	T	T	8826	HG002_all_regions	HG002_chr1.633402.634418|HISEQ1:18:H8VC6ADXX:2:2116:19073:26544	HG002_chr1.633402.634418|HISEQ1:18:H8VC6ADXX:2:2116:19073:26544	148	8716.0	8863.0	best_hit_to_mtDNA
C	C	C	8827	HG002_all_regions	HG002_chr1.633402.634418|HISEQ1:18:H8VC6ADXX:2:2116:19073:26544	HG002_chr1.633402.634418|HISEQ1:18:H8VC6ADXX:2:2116:19073:26544	148	8716.0	8863.0	best_hit_to_mtDNA
T	T	T	8828	HG002_all_regions	HG002_chr1.633402.634418|HISEQ1:18:H8VC6ADXX:2:2116:19073:26544	HG002_chr1.633402.634418|HISEQ1:18:H8VC6ADXX:2:2116:19073:26544	148	8716.0	8863.0	best_hit_to_mtDNA
A	A	A	8829	HG002_all_regions	HG002_chr1.633402.634418|HISEQ1:18:H8VC6ADXX:2:2116:19073:26544	HG002_chr1.633402.634418|HISEQ1:18:H8VC6ADXX:2:2116:19073:26544	148	8716.0	8863.0	best_hit_to_mtDNA
T	T	T	8830	HG002_all_regions	HG002_chr1.633402.634418|HISEQ1:18:H8VC6ADXX:2:2116:19073:26544	HG002_chr1.633402.634418|HISEQ1:18:H8VC6ADXX:2:2116:19073:26544	148	8716.0	8863.0	best_hit_to_mtDNA
A	A	A	8831	HG002_all_regions	HG002_chr1.633402.634418|HISEQ1:18:H8VC6ADXX:2:2116:19073:26544	HG002_chr1.633402.634418|HISEQ1:18:H8VC6ADXX:2:2116:19073:26544	148	8716.0	8863.0	best_hit_to_mtDNA
A	A	A	8832	HG002_all_regions	HG002_chr1.633402.634418|HISEQ1:18:H8VC6ADXX:2:2116:19073:26544	HG002_chr1.633402.634418|HISEQ1:18:H8VC6ADXX:2:2116:19073:26544	148	8716.0	8863.0	best_hit_to_mtDNA
A	A	A	8833	HG002_all_regions	HG002_chr1.633402.634418|HISEQ1:18:H8VC6ADXX:2:2116:19073:26544	HG002_chr1.633402.634418|HISEQ1:18:H8VC6ADXX:2:2116:19073:26544	148	8716.0	8863.0	best_hit_to_mtDNA
C	C	C	8834	HG002_all_regions	HG002_chr1.633402.634418|HISEQ1:18:H8VC6ADXX:2:2116:19073:26544	HG002_chr1.633402.634418|HISEQ1:18:H8VC6ADXX:2:2116:19073:26544	148	8716.0	8863.0	best_hit_to_mtDNA
C	C	C	8835	HG002_all_regions	HG002_chr1.633402.634418|HISEQ1:18:H8VC6ADXX:2:2116:19073:26544	HG002_chr1.633402.634418|HISEQ1:18:H8VC6ADXX:2:2116:19073:26544	148	8716.0	8863.0	best_hit_to_mtDNA
T	T	T	8836	HG002_all_regions	HG002_chr1.633402.634418|HISEQ1:18:H8VC6ADXX:2:2116:19073:26544	HG002_chr1.633402.634418|HISEQ1:18:H8VC6ADXX:2:2116:19073:26544	148	8716.0	8863.0	best_hit_to_mtDNA
A	A	A	8837	HG002_all_regions	HG002_chr1.633402.634418|HISEQ1:18:H8VC6ADXX:2:2116:19073:26544	HG002_chr1.633402.634418|HISEQ1:18:H8VC6ADXX:2:2116:19073:26544	148	8716.0	8863.0	best_hit_to_mtDNA
G	G	G	8838	HG002_all_regions	HG002_chr1.633402.634418|HISEQ1:18:H8VC6ADXX:2:2116:19073:26544	HG002_chr1.633402.634418|HISEQ1:18:H8VC6ADXX:2:2116:19073:26544	148	8716.0	8863.0	best_hit_to_mtDNA
C	C	C	8839	HG002_all_regions	HG002_chr1.633402.634418|HISEQ1:18:H8VC6ADXX:2:2116:19073:26544	HG002_chr1.633402.634418|HISEQ1:18:H8VC6ADXX:2:2116:19073:26544	148	8716.0	8863.0	best_hit_to_mtDNA
C	C	C	8840	HG002_all_regions	HG002_chr1.633402.634418|HISEQ1:18:H8VC6ADXX:2:2116:19073:26544	HG002_chr1.633402.634418|HISEQ1:18:H8VC6ADXX:2:2116:19073:26544	148	8716.0	8863.0	best_hit_to_mtDNA
A	A	A	8841	HG002_all_regions	HG002_chr1.633402.634418|HISEQ1:18:H8VC6ADXX:2:2116:19073:26544	HG002_chr1.633402.634418|HISEQ1:18:H8VC6ADXX:2:2116:19073:26544	148	8716.0	8863.0	best_hit_to_mtDNA
T	T	T	8842	HG002_all_regions	HG002_chr1.633402.634418|HISEQ1:18:H8VC6ADXX:2:2116:19073:26544	HG002_chr1.633402.634418|HISEQ1:18:H8VC6ADXX:2:2116:19073:26544	148	8716.0	8863.0	best_hit_to_mtDNA
G	G	G	8843	HG002_all_regions	HG002_chr1.633402.634418|HISEQ1:18:H8VC6ADXX:2:2116:19073:26544	HG002_chr1.633402.634418|HISEQ1:18:H8VC6ADXX:2:2116:19073:26544	148	8716.0	8863.0	best_hit_to_mtDNA
G	G	G	8844	HG002_all_regions	HG002_chr1.633402.634418|HISEQ1:18:H8VC6ADXX:2:2116:19073:26544	HG002_chr1.633402.634418|HISEQ1:18:H8VC6ADXX:2:2116:19073:26544	148	8716.0	8863.0	best_hit_to_mtDNA
C	C	C	8845	HG002_all_regions	HG002_chr1.633402.634418|HISEQ1:18:H8VC6ADXX:2:2116:19073:26544	HG002_chr1.633402.634418|HISEQ1:18:H8VC6ADXX:2:2116:19073:26544	148	8716.0	8863.0	best_hit_to_mtDNA
C	T	C	8846	HG002_all_regions	HG002_chr1.633402.634418|HISEQ1:18:H8VC6ADXX:2:2116:19073:26544	HG002_chr1.633402.634418|HISEQ1:18:H8VC6ADXX:2:2116:19073:26544	148	8716.0	8863.0	best_hit_to_mtDNA
A	A	A	8847	HG002_all_regions	HG002_chr1.633402.634418|HISEQ1:18:H8VC6ADXX:2:2116:19073:26544	HG002_chr1.633402.634418|HISEQ1:18:H8VC6ADXX:2:2116:19073:26544	148	8716.0	8863.0	best_hit_to_mtDNA
T	T	T	8848	HG002_all_regions	HG002_chr1.633402.634418|HISEQ1:18:H8VC6ADXX:2:2116:19073:26544	HG002_chr1.633402.634418|HISEQ1:18:H8VC6ADXX:2:2116:19073:26544	148	8716.0	8863.0	best_hit_to_mtDNA
C	C	C	8849	HG002_all_regions	HG002_chr1.633402.634418|HISEQ1:18:H8VC6ADXX:2:2116:19073:26544	HG002_chr1.633402.634418|HISEQ1:18:H8VC6ADXX:2:2116:19073:26544	148	8716.0	8863.0	best_hit_to_mtDNA
C	C	C	8850	HG002_all_regions	HG002_chr1.633402.634418|HISEQ1:18:H8VC6ADXX:2:2116:19073:26544	HG002_chr1.633402.634418|HISEQ1:18:H8VC6ADXX:2:2116:19073:26544	148	8716.0	8863.0	best_hit_to_mtDNA
C	C	C	8851	HG002_all_regions	HG002_chr1.633402.634418|HISEQ1:18:H8VC6ADXX:2:2116:19073:26544	HG002_chr1.633402.634418|HISEQ1:18:H8VC6ADXX:2:2116:19073:26544	148	8716.0	8863.0	best_hit_to_mtDNA
C	C	C	8852	HG002_all_regions	HG002_chr1.633402.634418|HISEQ1:18:H8VC6ADXX:2:2116:19073:26544	HG002_chr1.633402.634418|HISEQ1:18:H8VC6ADXX:2:2116:19073:26544	148	8716.0	8863.0	best_hit_to_mtDNA
T	C	T	8853	HG002_all_regions	HG002_chr1.633402.634418|HISEQ1:18:H8VC6ADXX:2:2116:19073:26544	HG002_chr1.633402.634418|HISEQ1:18:H8VC6ADXX:2:2116:19073:26544	148	8716.0	8863.0	best_hit_to_mtDNA
T	T	T	8854	HG002_all_regions	HG002_chr1.633402.634418|HISEQ1:18:H8VC6ADXX:2:2116:19073:26544	HG002_chr1.633402.634418|HISEQ1:18:H8VC6ADXX:2:2116:19073:26544	148	8716.0	8863.0	best_hit_to_mtDNA
A	A	A	8855	HG002_all_regions	HG002_chr1.633402.634418|HISEQ1:18:H8VC6ADXX:2:2116:19073:26544	HG002_chr1.633402.634418|HISEQ1:18:H8VC6ADXX:2:2116:19073:26544	148	8716.0	8863.0	best_hit_to_mtDNA
T	T	T	8856	HG002_all_regions	HG002_chr1.633402.634418|HISEQ1:18:H8VC6ADXX:2:2116:19073:26544	HG002_chr1.633402.634418|HISEQ1:18:H8VC6ADXX:2:2116:19073:26544	148	8716.0	8863.0	best_hit_to_mtDNA
G	G	G	8857	HG002_all_regions	HG002_chr1.633402.634418|HISEQ1:18:H8VC6ADXX:2:2116:19073:26544	HG002_chr1.633402.634418|HISEQ1:18:H8VC6ADXX:2:2116:19073:26544	148	8716.0	8863.0	best_hit_to_mtDNA
A	A	A	8858	HG002_all_regions	HG002_chr1.633402.634418|HISEQ1:18:H8VC6ADXX:2:2116:19073:26544	HG002_chr1.633402.634418|HISEQ1:18:H8VC6ADXX:2:2116:19073:26544	148	8716.0	8863.0	best_hit_to_mtDNA
G	G	G	8859	HG002_all_regions	HG002_chr1.633402.634418|HISEQ1:18:H8VC6ADXX:2:2116:19073:26544	HG002_chr1.633402.634418|HISEQ1:18:H8VC6ADXX:2:2116:19073:26544	148	8716.0	8863.0	best_hit_to_mtDNA
C	C	C	8860	HG002_all_regions	HG002_chr1.633402.634418|HISEQ1:18:H8VC6ADXX:2:2116:19073:26544	HG002_chr1.633402.634418|HISEQ1:18:H8VC6ADXX:2:2116:19073:26544	148	8716.0	8863.0	best_hit_to_mtDNA
G	A	G	8861	HG002_all_regions	HG002_chr1.633402.634418|HISEQ1:18:H8VC6ADXX:2:2116:19073:26544	HG002_chr1.633402.634418|HISEQ1:18:H8VC6ADXX:2:2116:19073:26544	148	8716.0	8863.0	best_hit_to_mtDNA
G	G	G	8862	HG002_all_regions	HG002_chr1.633402.634418|HISEQ1:18:H8VC6ADXX:2:2116:19073:26544	HG002_chr1.633402.634418|HISEQ1:18:H8VC6ADXX:2:2116:19073:26544	148	8716.0	8863.0	best_hit_to_mtDNA
A	A	A	8723	HG002_all_regions	HG002_chr1.633402.634418|HISEQ1:20:H9V1RADXX:2:1216:7826:33821	HG002_chr1.633402.634418|HISEQ1:20:H9V1RADXX:2:1216:7826:33821	148	8718.0	8865.0	best_hit_to_mtDNA
G	G	G	8724	HG002_all_regions	HG002_chr1.633402.634418|HISEQ1:20:H9V1RADXX:2:1216:7826:33821	HG002_chr1.633402.634418|HISEQ1:20:H9V1RADXX:2:1216:7826:33821	148	8718.0	8865.0	best_hit_to_mtDNA
G	G	G	8725	HG002_all_regions	HG002_chr1.633402.634418|HISEQ1:20:H9V1RADXX:2:1216:7826:33821	HG002_chr1.633402.634418|HISEQ1:20:H9V1RADXX:2:1216:7826:33821	148	8718.0	8865.0	best_hit_to_mtDNA
A	A	A	8726	HG002_all_regions	HG002_chr1.633402.634418|HISEQ1:20:H9V1RADXX:2:1216:7826:33821	HG002_chr1.633402.634418|HISEQ1:20:H9V1RADXX:2:1216:7826:33821	148	8718.0	8865.0	best_hit_to_mtDNA
C	C	C	8727	HG002_all_regions	HG002_chr1.633402.634418|HISEQ1:20:H9V1RADXX:2:1216:7826:33821	HG002_chr1.633402.634418|HISEQ1:20:H9V1RADXX:2:1216:7826:33821	148	8718.0	8865.0	best_hit_to_mtDNA
G	G	G	8728	HG002_all_regions	HG002_chr1.633402.634418|HISEQ1:20:H9V1RADXX:2:1216:7826:33821	HG002_chr1.633402.634418|HISEQ1:20:H9V1RADXX:2:1216:7826:33821	148	8718.0	8865.0	best_hit_to_mtDNA
A	A	A	8729	HG002_all_regions	HG002_chr1.633402.634418|HISEQ1:20:H9V1RADXX:2:1216:7826:33821	HG002_chr1.633402.634418|HISEQ1:20:H9V1RADXX:2:1216:7826:33821	148	8718.0	8865.0	best_hit_to_mtDNA
A	A	A	8730	HG002_all_regions	HG002_chr1.633402.634418|HISEQ1:20:H9V1RADXX:2:1216:7826:33821	HG002_chr1.633402.634418|HISEQ1:20:H9V1RADXX:2:1216:7826:33821	148	8718.0	8865.0	best_hit_to_mtDNA
C	C	C	8731	HG002_all_regions	HG002_chr1.633402.634418|HISEQ1:20:H9V1RADXX:2:1216:7826:33821	HG002_chr1.633402.634418|HISEQ1:20:H9V1RADXX:2:1216:7826:33821	148	8718.0	8865.0	best_hit_to_mtDNA
C	C	C	8732	HG002_all_regions	HG002_chr1.633402.634418|HISEQ1:20:H9V1RADXX:2:1216:7826:33821	HG002_chr1.633402.634418|HISEQ1:20:H9V1RADXX:2:1216:7826:33821	148	8718.0	8865.0	best_hit_to_mtDNA
T	T	T	8733	HG002_all_regions	HG002_chr1.633402.634418|HISEQ1:20:H9V1RADXX:2:1216:7826:33821	HG002_chr1.633402.634418|HISEQ1:20:H9V1RADXX:2:1216:7826:33821	148	8718.0	8865.0	best_hit_to_mtDNA
G	G	G	8734	HG002_all_regions	HG002_chr1.633402.634418|HISEQ1:20:H9V1RADXX:2:1216:7826:33821	HG002_chr1.633402.634418|HISEQ1:20:H9V1RADXX:2:1216:7826:33821	148	8718.0	8865.0	best_hit_to_mtDNA
A	A	A	8735	HG002_all_regions	HG002_chr1.633402.634418|HISEQ1:20:H9V1RADXX:2:1216:7826:33821	HG002_chr1.633402.634418|HISEQ1:20:H9V1RADXX:2:1216:7826:33821	148	8718.0	8865.0	best_hit_to_mtDNA
T	T	T	8736	HG002_all_regions	HG002_chr1.633402.634418|HISEQ1:20:H9V1RADXX:2:1216:7826:33821	HG002_chr1.633402.634418|HISEQ1:20:H9V1RADXX:2:1216:7826:33821	148	8718.0	8865.0	best_hit_to_mtDNA
C	C	C	8737	HG002_all_regions	HG002_chr1.633402.634418|HISEQ1:20:H9V1RADXX:2:1216:7826:33821	HG002_chr1.633402.634418|HISEQ1:20:H9V1RADXX:2:1216:7826:33821	148	8718.0	8865.0	best_hit_to_mtDNA
T	T	T	8738	HG002_all_regions	HG002_chr1.633402.634418|HISEQ1:20:H9V1RADXX:2:1216:7826:33821	HG002_chr1.633402.634418|HISEQ1:20:H9V1RADXX:2:1216:7826:33821	148	8718.0	8865.0	best_hit_to_mtDNA
C	C	C	8739	HG002_all_regions	HG002_chr1.633402.634418|HISEQ1:20:H9V1RADXX:2:1216:7826:33821	HG002_chr1.633402.634418|HISEQ1:20:H9V1RADXX:2:1216:7826:33821	148	8718.0	8865.0	best_hit_to_mtDNA
T	T	T	8740	HG002_all_regions	HG002_chr1.633402.634418|HISEQ1:20:H9V1RADXX:2:1216:7826:33821	HG002_chr1.633402.634418|HISEQ1:20:H9V1RADXX:2:1216:7826:33821	148	8718.0	8865.0	best_hit_to_mtDNA
T	C	T	8741	HG002_all_regions	HG002_chr1.633402.634418|HISEQ1:20:H9V1RADXX:2:1216:7826:33821	HG002_chr1.633402.634418|HISEQ1:20:H9V1RADXX:2:1216:7826:33821	148	8718.0	8865.0	best_hit_to_mtDNA
A	A	A	8742	HG002_all_regions	HG002_chr1.633402.634418|HISEQ1:20:H9V1RADXX:2:1216:7826:33821	HG002_chr1.633402.634418|HISEQ1:20:H9V1RADXX:2:1216:7826:33821	148	8718.0	8865.0	best_hit_to_mtDNA
T	T	T	8743	HG002_all_regions	HG002_chr1.633402.634418|HISEQ1:20:H9V1RADXX:2:1216:7826:33821	HG002_chr1.633402.634418|HISEQ1:20:H9V1RADXX:2:1216:7826:33821	148	8718.0	8865.0	best_hit_to_mtDNA
A	A	A	8744	HG002_all_regions	HG002_chr1.633402.634418|HISEQ1:20:H9V1RADXX:2:1216:7826:33821	HG002_chr1.633402.634418|HISEQ1:20:H9V1RADXX:2:1216:7826:33821	148	8718.0	8865.0	best_hit_to_mtDNA
C	C	C	8745	HG002_all_regions	HG002_chr1.633402.634418|HISEQ1:20:H9V1RADXX:2:1216:7826:33821	HG002_chr1.633402.634418|HISEQ1:20:H9V1RADXX:2:1216:7826:33821	148	8718.0	8865.0	best_hit_to_mtDNA
T	T	T	8746	HG002_all_regions	HG002_chr1.633402.634418|HISEQ1:20:H9V1RADXX:2:1216:7826:33821	HG002_chr1.633402.634418|HISEQ1:20:H9V1RADXX:2:1216:7826:33821	148	8718.0	8865.0	best_hit_to_mtDNA
A	A	A	8747	HG002_all_regions	HG002_chr1.633402.634418|HISEQ1:20:H9V1RADXX:2:1216:7826:33821	HG002_chr1.633402.634418|HISEQ1:20:H9V1RADXX:2:1216:7826:33821	148	8718.0	8865.0	best_hit_to_mtDNA
G	G	G	8748	HG002_all_regions	HG002_chr1.633402.634418|HISEQ1:20:H9V1RADXX:2:1216:7826:33821	HG002_chr1.633402.634418|HISEQ1:20:H9V1RADXX:2:1216:7826:33821	148	8718.0	8865.0	best_hit_to_mtDNA
T	T	T	8749	HG002_all_regions	HG002_chr1.633402.634418|HISEQ1:20:H9V1RADXX:2:1216:7826:33821	HG002_chr1.633402.634418|HISEQ1:20:H9V1RADXX:2:1216:7826:33821	148	8718.0	8865.0	best_hit_to_mtDNA
A	A	A	8750	HG002_all_regions	HG002_chr1.633402.634418|HISEQ1:20:H9V1RADXX:2:1216:7826:33821	HG002_chr1.633402.634418|HISEQ1:20:H9V1RADXX:2:1216:7826:33821	148	8718.0	8865.0	best_hit_to_mtDNA
T	T	T	8751	HG002_all_regions	HG002_chr1.633402.634418|HISEQ1:20:H9V1RADXX:2:1216:7826:33821	HG002_chr1.633402.634418|HISEQ1:20:H9V1RADXX:2:1216:7826:33821	148	8718.0	8865.0	best_hit_to_mtDNA
C	C	C	8752	HG002_all_regions	HG002_chr1.633402.634418|HISEQ1:20:H9V1RADXX:2:1216:7826:33821	HG002_chr1.633402.634418|HISEQ1:20:H9V1RADXX:2:1216:7826:33821	148	8718.0	8865.0	best_hit_to_mtDNA
C	C	C	8753	HG002_all_regions	HG002_chr1.633402.634418|HISEQ1:20:H9V1RADXX:2:1216:7826:33821	HG002_chr1.633402.634418|HISEQ1:20:H9V1RADXX:2:1216:7826:33821	148	8718.0	8865.0	best_hit_to_mtDNA
T	T	T	8754	HG002_all_regions	HG002_chr1.633402.634418|HISEQ1:20:H9V1RADXX:2:1216:7826:33821	HG002_chr1.633402.634418|HISEQ1:20:H9V1RADXX:2:1216:7826:33821	148	8718.0	8865.0	best_hit_to_mtDNA
T	T	T	8755	HG002_all_regions	HG002_chr1.633402.634418|HISEQ1:20:H9V1RADXX:2:1216:7826:33821	HG002_chr1.633402.634418|HISEQ1:20:H9V1RADXX:2:1216:7826:33821	148	8718.0	8865.0	best_hit_to_mtDNA
A	A	A	8756	HG002_all_regions	HG002_chr1.633402.634418|HISEQ1:20:H9V1RADXX:2:1216:7826:33821	HG002_chr1.633402.634418|HISEQ1:20:H9V1RADXX:2:1216:7826:33821	148	8718.0	8865.0	best_hit_to_mtDNA
A	A	A	8757	HG002_all_regions	HG002_chr1.633402.634418|HISEQ1:20:H9V1RADXX:2:1216:7826:33821	HG002_chr1.633402.634418|HISEQ1:20:H9V1RADXX:2:1216:7826:33821	148	8718.0	8865.0	best_hit_to_mtDNA
T	T	T	8758	HG002_all_regions	HG002_chr1.633402.634418|HISEQ1:20:H9V1RADXX:2:1216:7826:33821	HG002_chr1.633402.634418|HISEQ1:20:H9V1RADXX:2:1216:7826:33821	148	8718.0	8865.0	best_hit_to_mtDNA
C	C	C	8759	HG002_all_regions	HG002_chr1.633402.634418|HISEQ1:20:H9V1RADXX:2:1216:7826:33821	HG002_chr1.633402.634418|HISEQ1:20:H9V1RADXX:2:1216:7826:33821	148	8718.0	8865.0	best_hit_to_mtDNA
A	A	A	8760	HG002_all_regions	HG002_chr1.633402.634418|HISEQ1:20:H9V1RADXX:2:1216:7826:33821	HG002_chr1.633402.634418|HISEQ1:20:H9V1RADXX:2:1216:7826:33821	148	8718.0	8865.0	best_hit_to_mtDNA
T	T	T	8761	HG002_all_regions	HG002_chr1.633402.634418|HISEQ1:20:H9V1RADXX:2:1216:7826:33821	HG002_chr1.633402.634418|HISEQ1:20:H9V1RADXX:2:1216:7826:33821	148	8718.0	8865.0	best_hit_to_mtDNA
T	T	T	8762	HG002_all_regions	HG002_chr1.633402.634418|HISEQ1:20:H9V1RADXX:2:1216:7826:33821	HG002_chr1.633402.634418|HISEQ1:20:H9V1RADXX:2:1216:7826:33821	148	8718.0	8865.0	best_hit_to_mtDNA
T	T	T	8763	HG002_all_regions	HG002_chr1.633402.634418|HISEQ1:20:H9V1RADXX:2:1216:7826:33821	HG002_chr1.633402.634418|HISEQ1:20:H9V1RADXX:2:1216:7826:33821	148	8718.0	8865.0	best_hit_to_mtDNA
T	T	T	8764	HG002_all_regions	HG002_chr1.633402.634418|HISEQ1:20:H9V1RADXX:2:1216:7826:33821	HG002_chr1.633402.634418|HISEQ1:20:H9V1RADXX:2:1216:7826:33821	148	8718.0	8865.0	best_hit_to_mtDNA
T	T	T	8765	HG002_all_regions	HG002_chr1.633402.634418|HISEQ1:20:H9V1RADXX:2:1216:7826:33821	HG002_chr1.633402.634418|HISEQ1:20:H9V1RADXX:2:1216:7826:33821	148	8718.0	8865.0	best_hit_to_mtDNA
A	A	A	8766	HG002_all_regions	HG002_chr1.633402.634418|HISEQ1:20:H9V1RADXX:2:1216:7826:33821	HG002_chr1.633402.634418|HISEQ1:20:H9V1RADXX:2:1216:7826:33821	148	8718.0	8865.0	best_hit_to_mtDNA
T	T	T	8767	HG002_all_regions	HG002_chr1.633402.634418|HISEQ1:20:H9V1RADXX:2:1216:7826:33821	HG002_chr1.633402.634418|HISEQ1:20:H9V1RADXX:2:1216:7826:33821	148	8718.0	8865.0	best_hit_to_mtDNA
T	T	T	8768	HG002_all_regions	HG002_chr1.633402.634418|HISEQ1:20:H9V1RADXX:2:1216:7826:33821	HG002_chr1.633402.634418|HISEQ1:20:H9V1RADXX:2:1216:7826:33821	148	8718.0	8865.0	best_hit_to_mtDNA
G	A	G	8769	HG002_all_regions	HG002_chr1.633402.634418|HISEQ1:20:H9V1RADXX:2:1216:7826:33821	HG002_chr1.633402.634418|HISEQ1:20:H9V1RADXX:2:1216:7826:33821	148	8718.0	8865.0	best_hit_to_mtDNA
C	C	C	8770	HG002_all_regions	HG002_chr1.633402.634418|HISEQ1:20:H9V1RADXX:2:1216:7826:33821	HG002_chr1.633402.634418|HISEQ1:20:H9V1RADXX:2:1216:7826:33821	148	8718.0	8865.0	best_hit_to_mtDNA
C	C	C	8771	HG002_all_regions	HG002_chr1.633402.634418|HISEQ1:20:H9V1RADXX:2:1216:7826:33821	HG002_chr1.633402.634418|HISEQ1:20:H9V1RADXX:2:1216:7826:33821	148	8718.0	8865.0	best_hit_to_mtDNA
A	A	A	8772	HG002_all_regions	HG002_chr1.633402.634418|HISEQ1:20:H9V1RADXX:2:1216:7826:33821	HG002_chr1.633402.634418|HISEQ1:20:H9V1RADXX:2:1216:7826:33821	148	8718.0	8865.0	best_hit_to_mtDNA
C	C	C	8773	HG002_all_regions	HG002_chr1.633402.634418|HISEQ1:20:H9V1RADXX:2:1216:7826:33821	HG002_chr1.633402.634418|HISEQ1:20:H9V1RADXX:2:1216:7826:33821	148	8718.0	8865.0	best_hit_to_mtDNA
A	A	A	8774	HG002_all_regions	HG002_chr1.633402.634418|HISEQ1:20:H9V1RADXX:2:1216:7826:33821	HG002_chr1.633402.634418|HISEQ1:20:H9V1RADXX:2:1216:7826:33821	148	8718.0	8865.0	best_hit_to_mtDNA
A	A	A	8775	HG002_all_regions	HG002_chr1.633402.634418|HISEQ1:20:H9V1RADXX:2:1216:7826:33821	HG002_chr1.633402.634418|HISEQ1:20:H9V1RADXX:2:1216:7826:33821	148	8718.0	8865.0	best_hit_to_mtDNA
C	C	C	8776	HG002_all_regions	HG002_chr1.633402.634418|HISEQ1:20:H9V1RADXX:2:1216:7826:33821	HG002_chr1.633402.634418|HISEQ1:20:H9V1RADXX:2:1216:7826:33821	148	8718.0	8865.0	best_hit_to_mtDNA
T	C	T	8777	HG002_all_regions	HG002_chr1.633402.634418|HISEQ1:20:H9V1RADXX:2:1216:7826:33821	HG002_chr1.633402.634418|HISEQ1:20:H9V1RADXX:2:1216:7826:33821	148	8718.0	8865.0	best_hit_to_mtDNA
A	A	A	8778	HG002_all_regions	HG002_chr1.633402.634418|HISEQ1:20:H9V1RADXX:2:1216:7826:33821	HG002_chr1.633402.634418|HISEQ1:20:H9V1RADXX:2:1216:7826:33821	148	8718.0	8865.0	best_hit_to_mtDNA
A	A	A	8779	HG002_all_regions	HG002_chr1.633402.634418|HISEQ1:20:H9V1RADXX:2:1216:7826:33821	HG002_chr1.633402.634418|HISEQ1:20:H9V1RADXX:2:1216:7826:33821	148	8718.0	8865.0	best_hit_to_mtDNA
C	T	C	8780	HG002_all_regions	HG002_chr1.633402.634418|HISEQ1:20:H9V1RADXX:2:1216:7826:33821	HG002_chr1.633402.634418|HISEQ1:20:H9V1RADXX:2:1216:7826:33821	148	8718.0	8865.0	best_hit_to_mtDNA
C	C	C	8781	HG002_all_regions	HG002_chr1.633402.634418|HISEQ1:20:H9V1RADXX:2:1216:7826:33821	HG002_chr1.633402.634418|HISEQ1:20:H9V1RADXX:2:1216:7826:33821	148	8718.0	8865.0	best_hit_to_mtDNA
T	T	T	8782	HG002_all_regions	HG002_chr1.633402.634418|HISEQ1:20:H9V1RADXX:2:1216:7826:33821	HG002_chr1.633402.634418|HISEQ1:20:H9V1RADXX:2:1216:7826:33821	148	8718.0	8865.0	best_hit_to_mtDNA
C	T	C	8783	HG002_all_regions	HG002_chr1.633402.634418|HISEQ1:20:H9V1RADXX:2:1216:7826:33821	HG002_chr1.633402.634418|HISEQ1:20:H9V1RADXX:2:1216:7826:33821	148	8718.0	8865.0	best_hit_to_mtDNA
C	C	C	8784	HG002_all_regions	HG002_chr1.633402.634418|HISEQ1:20:H9V1RADXX:2:1216:7826:33821	HG002_chr1.633402.634418|HISEQ1:20:H9V1RADXX:2:1216:7826:33821	148	8718.0	8865.0	best_hit_to_mtDNA
T	T	T	8785	HG002_all_regions	HG002_chr1.633402.634418|HISEQ1:20:H9V1RADXX:2:1216:7826:33821	HG002_chr1.633402.634418|HISEQ1:20:H9V1RADXX:2:1216:7826:33821	148	8718.0	8865.0	best_hit_to_mtDNA
C	T	C	8786	HG002_all_regions	HG002_chr1.633402.634418|HISEQ1:20:H9V1RADXX:2:1216:7826:33821	HG002_chr1.633402.634418|HISEQ1:20:H9V1RADXX:2:1216:7826:33821	148	8718.0	8865.0	best_hit_to_mtDNA
G	G	G	8787	HG002_all_regions	HG002_chr1.633402.634418|HISEQ1:20:H9V1RADXX:2:1216:7826:33821	HG002_chr1.633402.634418|HISEQ1:20:H9V1RADXX:2:1216:7826:33821	148	8718.0	8865.0	best_hit_to_mtDNA
G	G	G	8788	HG002_all_regions	HG002_chr1.633402.634418|HISEQ1:20:H9V1RADXX:2:1216:7826:33821	HG002_chr1.633402.634418|HISEQ1:20:H9V1RADXX:2:1216:7826:33821	148	8718.0	8865.0	best_hit_to_mtDNA
A	G	A	8789	HG002_all_regions	HG002_chr1.633402.634418|HISEQ1:20:H9V1RADXX:2:1216:7826:33821	HG002_chr1.633402.634418|HISEQ1:20:H9V1RADXX:2:1216:7826:33821	148	8718.0	8865.0	best_hit_to_mtDNA
C	C	C	8790	HG002_all_regions	HG002_chr1.633402.634418|HISEQ1:20:H9V1RADXX:2:1216:7826:33821	HG002_chr1.633402.634418|HISEQ1:20:H9V1RADXX:2:1216:7826:33821	148	8718.0	8865.0	best_hit_to_mtDNA
T	T	T	8791	HG002_all_regions	HG002_chr1.633402.634418|HISEQ1:20:H9V1RADXX:2:1216:7826:33821	HG002_chr1.633402.634418|HISEQ1:20:H9V1RADXX:2:1216:7826:33821	148	8718.0	8865.0	best_hit_to_mtDNA
C	T	C	8792	HG002_all_regions	HG002_chr1.633402.634418|HISEQ1:20:H9V1RADXX:2:1216:7826:33821	HG002_chr1.633402.634418|HISEQ1:20:H9V1RADXX:2:1216:7826:33821	148	8718.0	8865.0	best_hit_to_mtDNA
C	C	C	8793	HG002_all_regions	HG002_chr1.633402.634418|HISEQ1:20:H9V1RADXX:2:1216:7826:33821	HG002_chr1.633402.634418|HISEQ1:20:H9V1RADXX:2:1216:7826:33821	148	8718.0	8865.0	best_hit_to_mtDNA
T	T	T	8794	HG002_all_regions	HG002_chr1.633402.634418|HISEQ1:20:H9V1RADXX:2:1216:7826:33821	HG002_chr1.633402.634418|HISEQ1:20:H9V1RADXX:2:1216:7826:33821	148	8718.0	8865.0	best_hit_to_mtDNA
G	A	G	8795	HG002_all_regions	HG002_chr1.633402.634418|HISEQ1:20:H9V1RADXX:2:1216:7826:33821	HG002_chr1.633402.634418|HISEQ1:20:H9V1RADXX:2:1216:7826:33821	148	8718.0	8865.0	best_hit_to_mtDNA
C	C	C	8796	HG002_all_regions	HG002_chr1.633402.634418|HISEQ1:20:H9V1RADXX:2:1216:7826:33821	HG002_chr1.633402.634418|HISEQ1:20:H9V1RADXX:2:1216:7826:33821	148	8718.0	8865.0	best_hit_to_mtDNA
C	C	C	8797	HG002_all_regions	HG002_chr1.633402.634418|HISEQ1:20:H9V1RADXX:2:1216:7826:33821	HG002_chr1.633402.634418|HISEQ1:20:H9V1RADXX:2:1216:7826:33821	148	8718.0	8865.0	best_hit_to_mtDNA
T	C	T	8798	HG002_all_regions	HG002_chr1.633402.634418|HISEQ1:20:H9V1RADXX:2:1216:7826:33821	HG002_chr1.633402.634418|HISEQ1:20:H9V1RADXX:2:1216:7826:33821	148	8718.0	8865.0	best_hit_to_mtDNA
C	C	C	8799	HG002_all_regions	HG002_chr1.633402.634418|HISEQ1:20:H9V1RADXX:2:1216:7826:33821	HG002_chr1.633402.634418|HISEQ1:20:H9V1RADXX:2:1216:7826:33821	148	8718.0	8865.0	best_hit_to_mtDNA
A	A	A	8800	HG002_all_regions	HG002_chr1.633402.634418|HISEQ1:20:H9V1RADXX:2:1216:7826:33821	HG002_chr1.633402.634418|HISEQ1:20:H9V1RADXX:2:1216:7826:33821	148	8718.0	8865.0	best_hit_to_mtDNA
C	C	C	8801	HG002_all_regions	HG002_chr1.633402.634418|HISEQ1:20:H9V1RADXX:2:1216:7826:33821	HG002_chr1.633402.634418|HISEQ1:20:H9V1RADXX:2:1216:7826:33821	148	8718.0	8865.0	best_hit_to_mtDNA
T	T	T	8802	HG002_all_regions	HG002_chr1.633402.634418|HISEQ1:20:H9V1RADXX:2:1216:7826:33821	HG002_chr1.633402.634418|HISEQ1:20:H9V1RADXX:2:1216:7826:33821	148	8718.0	8865.0	best_hit_to_mtDNA
C	C	C	8803	HG002_all_regions	HG002_chr1.633402.634418|HISEQ1:20:H9V1RADXX:2:1216:7826:33821	HG002_chr1.633402.634418|HISEQ1:20:H9V1RADXX:2:1216:7826:33821	148	8718.0	8865.0	best_hit_to_mtDNA
A	A	A	8804	HG002_all_regions	HG002_chr1.633402.634418|HISEQ1:20:H9V1RADXX:2:1216:7826:33821	HG002_chr1.633402.634418|HISEQ1:20:H9V1RADXX:2:1216:7826:33821	148	8718.0	8865.0	best_hit_to_mtDNA
T	T	T	8805	HG002_all_regions	HG002_chr1.633402.634418|HISEQ1:20:H9V1RADXX:2:1216:7826:33821	HG002_chr1.633402.634418|HISEQ1:20:H9V1RADXX:2:1216:7826:33821	148	8718.0	8865.0	best_hit_to_mtDNA
T	T	T	8806	HG002_all_regions	HG002_chr1.633402.634418|HISEQ1:20:H9V1RADXX:2:1216:7826:33821	HG002_chr1.633402.634418|HISEQ1:20:H9V1RADXX:2:1216:7826:33821	148	8718.0	8865.0	best_hit_to_mtDNA
T	C	T	8807	HG002_all_regions	HG002_chr1.633402.634418|HISEQ1:20:H9V1RADXX:2:1216:7826:33821	HG002_chr1.633402.634418|HISEQ1:20:H9V1RADXX:2:1216:7826:33821	148	8718.0	8865.0	best_hit_to_mtDNA
A	A	A	8808	HG002_all_regions	HG002_chr1.633402.634418|HISEQ1:20:H9V1RADXX:2:1216:7826:33821	HG002_chr1.633402.634418|HISEQ1:20:H9V1RADXX:2:1216:7826:33821	148	8718.0	8865.0	best_hit_to_mtDNA
C	C	C	8809	HG002_all_regions	HG002_chr1.633402.634418|HISEQ1:20:H9V1RADXX:2:1216:7826:33821	HG002_chr1.633402.634418|HISEQ1:20:H9V1RADXX:2:1216:7826:33821	148	8718.0	8865.0	best_hit_to_mtDNA
A	A	A	8810	HG002_all_regions	HG002_chr1.633402.634418|HISEQ1:20:H9V1RADXX:2:1216:7826:33821	HG002_chr1.633402.634418|HISEQ1:20:H9V1RADXX:2:1216:7826:33821	148	8718.0	8865.0	best_hit_to_mtDNA
C	C	C	8811	HG002_all_regions	HG002_chr1.633402.634418|HISEQ1:20:H9V1RADXX:2:1216:7826:33821	HG002_chr1.633402.634418|HISEQ1:20:H9V1RADXX:2:1216:7826:33821	148	8718.0	8865.0	best_hit_to_mtDNA
C	C	C	8812	HG002_all_regions	HG002_chr1.633402.634418|HISEQ1:20:H9V1RADXX:2:1216:7826:33821	HG002_chr1.633402.634418|HISEQ1:20:H9V1RADXX:2:1216:7826:33821	148	8718.0	8865.0	best_hit_to_mtDNA
A	A	A	8813	HG002_all_regions	HG002_chr1.633402.634418|HISEQ1:20:H9V1RADXX:2:1216:7826:33821	HG002_chr1.633402.634418|HISEQ1:20:H9V1RADXX:2:1216:7826:33821	148	8718.0	8865.0	best_hit_to_mtDNA
A	A	A	8814	HG002_all_regions	HG002_chr1.633402.634418|HISEQ1:20:H9V1RADXX:2:1216:7826:33821	HG002_chr1.633402.634418|HISEQ1:20:H9V1RADXX:2:1216:7826:33821	148	8718.0	8865.0	best_hit_to_mtDNA
C	C	C	8815	HG002_all_regions	HG002_chr1.633402.634418|HISEQ1:20:H9V1RADXX:2:1216:7826:33821	HG002_chr1.633402.634418|HISEQ1:20:H9V1RADXX:2:1216:7826:33821	148	8718.0	8865.0	best_hit_to_mtDNA
C	C	C	8816	HG002_all_regions	HG002_chr1.633402.634418|HISEQ1:20:H9V1RADXX:2:1216:7826:33821	HG002_chr1.633402.634418|HISEQ1:20:H9V1RADXX:2:1216:7826:33821	148	8718.0	8865.0	best_hit_to_mtDNA
A	A	A	8817	HG002_all_regions	HG002_chr1.633402.634418|HISEQ1:20:H9V1RADXX:2:1216:7826:33821	HG002_chr1.633402.634418|HISEQ1:20:H9V1RADXX:2:1216:7826:33821	148	8718.0	8865.0	best_hit_to_mtDNA
C	C	C	8818	HG002_all_regions	HG002_chr1.633402.634418|HISEQ1:20:H9V1RADXX:2:1216:7826:33821	HG002_chr1.633402.634418|HISEQ1:20:H9V1RADXX:2:1216:7826:33821	148	8718.0	8865.0	best_hit_to_mtDNA
C	C	C	8819	HG002_all_regions	HG002_chr1.633402.634418|HISEQ1:20:H9V1RADXX:2:1216:7826:33821	HG002_chr1.633402.634418|HISEQ1:20:H9V1RADXX:2:1216:7826:33821	148	8718.0	8865.0	best_hit_to_mtDNA
C	C	C	8820	HG002_all_regions	HG002_chr1.633402.634418|HISEQ1:20:H9V1RADXX:2:1216:7826:33821	HG002_chr1.633402.634418|HISEQ1:20:H9V1RADXX:2:1216:7826:33821	148	8718.0	8865.0	best_hit_to_mtDNA
A	A	A	8821	HG002_all_regions	HG002_chr1.633402.634418|HISEQ1:20:H9V1RADXX:2:1216:7826:33821	HG002_chr1.633402.634418|HISEQ1:20:H9V1RADXX:2:1216:7826:33821	148	8718.0	8865.0	best_hit_to_mtDNA
A	A	A	8822	HG002_all_regions	HG002_chr1.633402.634418|HISEQ1:20:H9V1RADXX:2:1216:7826:33821	HG002_chr1.633402.634418|HISEQ1:20:H9V1RADXX:2:1216:7826:33821	148	8718.0	8865.0	best_hit_to_mtDNA
C	C	C	8823	HG002_all_regions	HG002_chr1.633402.634418|HISEQ1:20:H9V1RADXX:2:1216:7826:33821	HG002_chr1.633402.634418|HISEQ1:20:H9V1RADXX:2:1216:7826:33821	148	8718.0	8865.0	best_hit_to_mtDNA
T	T	T	8824	HG002_all_regions	HG002_chr1.633402.634418|HISEQ1:20:H9V1RADXX:2:1216:7826:33821	HG002_chr1.633402.634418|HISEQ1:20:H9V1RADXX:2:1216:7826:33821	148	8718.0	8865.0	best_hit_to_mtDNA
A	A	A	8825	HG002_all_regions	HG002_chr1.633402.634418|HISEQ1:20:H9V1RADXX:2:1216:7826:33821	HG002_chr1.633402.634418|HISEQ1:20:H9V1RADXX:2:1216:7826:33821	148	8718.0	8865.0	best_hit_to_mtDNA
T	T	T	8826	HG002_all_regions	HG002_chr1.633402.634418|HISEQ1:20:H9V1RADXX:2:1216:7826:33821	HG002_chr1.633402.634418|HISEQ1:20:H9V1RADXX:2:1216:7826:33821	148	8718.0	8865.0	best_hit_to_mtDNA
C	C	C	8827	HG002_all_regions	HG002_chr1.633402.634418|HISEQ1:20:H9V1RADXX:2:1216:7826:33821	HG002_chr1.633402.634418|HISEQ1:20:H9V1RADXX:2:1216:7826:33821	148	8718.0	8865.0	best_hit_to_mtDNA
T	T	T	8828	HG002_all_regions	HG002_chr1.633402.634418|HISEQ1:20:H9V1RADXX:2:1216:7826:33821	HG002_chr1.633402.634418|HISEQ1:20:H9V1RADXX:2:1216:7826:33821	148	8718.0	8865.0	best_hit_to_mtDNA
A	A	A	8829	HG002_all_regions	HG002_chr1.633402.634418|HISEQ1:20:H9V1RADXX:2:1216:7826:33821	HG002_chr1.633402.634418|HISEQ1:20:H9V1RADXX:2:1216:7826:33821	148	8718.0	8865.0	best_hit_to_mtDNA
T	T	T	8830	HG002_all_regions	HG002_chr1.633402.634418|HISEQ1:20:H9V1RADXX:2:1216:7826:33821	HG002_chr1.633402.634418|HISEQ1:20:H9V1RADXX:2:1216:7826:33821	148	8718.0	8865.0	best_hit_to_mtDNA
A	A	A	8831	HG002_all_regions	HG002_chr1.633402.634418|HISEQ1:20:H9V1RADXX:2:1216:7826:33821	HG002_chr1.633402.634418|HISEQ1:20:H9V1RADXX:2:1216:7826:33821	148	8718.0	8865.0	best_hit_to_mtDNA
A	A	A	8832	HG002_all_regions	HG002_chr1.633402.634418|HISEQ1:20:H9V1RADXX:2:1216:7826:33821	HG002_chr1.633402.634418|HISEQ1:20:H9V1RADXX:2:1216:7826:33821	148	8718.0	8865.0	best_hit_to_mtDNA
A	A	A	8833	HG002_all_regions	HG002_chr1.633402.634418|HISEQ1:20:H9V1RADXX:2:1216:7826:33821	HG002_chr1.633402.634418|HISEQ1:20:H9V1RADXX:2:1216:7826:33821	148	8718.0	8865.0	best_hit_to_mtDNA
C	C	C	8834	HG002_all_regions	HG002_chr1.633402.634418|HISEQ1:20:H9V1RADXX:2:1216:7826:33821	HG002_chr1.633402.634418|HISEQ1:20:H9V1RADXX:2:1216:7826:33821	148	8718.0	8865.0	best_hit_to_mtDNA
C	C	C	8835	HG002_all_regions	HG002_chr1.633402.634418|HISEQ1:20:H9V1RADXX:2:1216:7826:33821	HG002_chr1.633402.634418|HISEQ1:20:H9V1RADXX:2:1216:7826:33821	148	8718.0	8865.0	best_hit_to_mtDNA
T	T	T	8836	HG002_all_regions	HG002_chr1.633402.634418|HISEQ1:20:H9V1RADXX:2:1216:7826:33821	HG002_chr1.633402.634418|HISEQ1:20:H9V1RADXX:2:1216:7826:33821	148	8718.0	8865.0	best_hit_to_mtDNA
A	A	A	8837	HG002_all_regions	HG002_chr1.633402.634418|HISEQ1:20:H9V1RADXX:2:1216:7826:33821	HG002_chr1.633402.634418|HISEQ1:20:H9V1RADXX:2:1216:7826:33821	148	8718.0	8865.0	best_hit_to_mtDNA
G	G	G	8838	HG002_all_regions	HG002_chr1.633402.634418|HISEQ1:20:H9V1RADXX:2:1216:7826:33821	HG002_chr1.633402.634418|HISEQ1:20:H9V1RADXX:2:1216:7826:33821	148	8718.0	8865.0	best_hit_to_mtDNA
C	C	C	8839	HG002_all_regions	HG002_chr1.633402.634418|HISEQ1:20:H9V1RADXX:2:1216:7826:33821	HG002_chr1.633402.634418|HISEQ1:20:H9V1RADXX:2:1216:7826:33821	148	8718.0	8865.0	best_hit_to_mtDNA
C	C	C	8840	HG002_all_regions	HG002_chr1.633402.634418|HISEQ1:20:H9V1RADXX:2:1216:7826:33821	HG002_chr1.633402.634418|HISEQ1:20:H9V1RADXX:2:1216:7826:33821	148	8718.0	8865.0	best_hit_to_mtDNA
A	A	A	8841	HG002_all_regions	HG002_chr1.633402.634418|HISEQ1:20:H9V1RADXX:2:1216:7826:33821	HG002_chr1.633402.634418|HISEQ1:20:H9V1RADXX:2:1216:7826:33821	148	8718.0	8865.0	best_hit_to_mtDNA
T	T	T	8842	HG002_all_regions	HG002_chr1.633402.634418|HISEQ1:20:H9V1RADXX:2:1216:7826:33821	HG002_chr1.633402.634418|HISEQ1:20:H9V1RADXX:2:1216:7826:33821	148	8718.0	8865.0	best_hit_to_mtDNA
G	G	G	8843	HG002_all_regions	HG002_chr1.633402.634418|HISEQ1:20:H9V1RADXX:2:1216:7826:33821	HG002_chr1.633402.634418|HISEQ1:20:H9V1RADXX:2:1216:7826:33821	148	8718.0	8865.0	best_hit_to_mtDNA
G	G	G	8844	HG002_all_regions	HG002_chr1.633402.634418|HISEQ1:20:H9V1RADXX:2:1216:7826:33821	HG002_chr1.633402.634418|HISEQ1:20:H9V1RADXX:2:1216:7826:33821	148	8718.0	8865.0	best_hit_to_mtDNA
C	C	C	8845	HG002_all_regions	HG002_chr1.633402.634418|HISEQ1:20:H9V1RADXX:2:1216:7826:33821	HG002_chr1.633402.634418|HISEQ1:20:H9V1RADXX:2:1216:7826:33821	148	8718.0	8865.0	best_hit_to_mtDNA
C	T	C	8846	HG002_all_regions	HG002_chr1.633402.634418|HISEQ1:20:H9V1RADXX:2:1216:7826:33821	HG002_chr1.633402.634418|HISEQ1:20:H9V1RADXX:2:1216:7826:33821	148	8718.0	8865.0	best_hit_to_mtDNA
A	A	A	8847	HG002_all_regions	HG002_chr1.633402.634418|HISEQ1:20:H9V1RADXX:2:1216:7826:33821	HG002_chr1.633402.634418|HISEQ1:20:H9V1RADXX:2:1216:7826:33821	148	8718.0	8865.0	best_hit_to_mtDNA
T	T	T	8848	HG002_all_regions	HG002_chr1.633402.634418|HISEQ1:20:H9V1RADXX:2:1216:7826:33821	HG002_chr1.633402.634418|HISEQ1:20:H9V1RADXX:2:1216:7826:33821	148	8718.0	8865.0	best_hit_to_mtDNA
C	C	C	8849	HG002_all_regions	HG002_chr1.633402.634418|HISEQ1:20:H9V1RADXX:2:1216:7826:33821	HG002_chr1.633402.634418|HISEQ1:20:H9V1RADXX:2:1216:7826:33821	148	8718.0	8865.0	best_hit_to_mtDNA
C	C	C	8850	HG002_all_regions	HG002_chr1.633402.634418|HISEQ1:20:H9V1RADXX:2:1216:7826:33821	HG002_chr1.633402.634418|HISEQ1:20:H9V1RADXX:2:1216:7826:33821	148	8718.0	8865.0	best_hit_to_mtDNA
C	C	C	8851	HG002_all_regions	HG002_chr1.633402.634418|HISEQ1:20:H9V1RADXX:2:1216:7826:33821	HG002_chr1.633402.634418|HISEQ1:20:H9V1RADXX:2:1216:7826:33821	148	8718.0	8865.0	best_hit_to_mtDNA
C	C	C	8852	HG002_all_regions	HG002_chr1.633402.634418|HISEQ1:20:H9V1RADXX:2:1216:7826:33821	HG002_chr1.633402.634418|HISEQ1:20:H9V1RADXX:2:1216:7826:33821	148	8718.0	8865.0	best_hit_to_mtDNA
T	C	T	8853	HG002_all_regions	HG002_chr1.633402.634418|HISEQ1:20:H9V1RADXX:2:1216:7826:33821	HG002_chr1.633402.634418|HISEQ1:20:H9V1RADXX:2:1216:7826:33821	148	8718.0	8865.0	best_hit_to_mtDNA
T	T	T	8854	HG002_all_regions	HG002_chr1.633402.634418|HISEQ1:20:H9V1RADXX:2:1216:7826:33821	HG002_chr1.633402.634418|HISEQ1:20:H9V1RADXX:2:1216:7826:33821	148	8718.0	8865.0	best_hit_to_mtDNA
A	A	A	8855	HG002_all_regions	HG002_chr1.633402.634418|HISEQ1:20:H9V1RADXX:2:1216:7826:33821	HG002_chr1.633402.634418|HISEQ1:20:H9V1RADXX:2:1216:7826:33821	148	8718.0	8865.0	best_hit_to_mtDNA
T	T	T	8856	HG002_all_regions	HG002_chr1.633402.634418|HISEQ1:20:H9V1RADXX:2:1216:7826:33821	HG002_chr1.633402.634418|HISEQ1:20:H9V1RADXX:2:1216:7826:33821	148	8718.0	8865.0	best_hit_to_mtDNA
G	G	G	8857	HG002_all_regions	HG002_chr1.633402.634418|HISEQ1:20:H9V1RADXX:2:1216:7826:33821	HG002_chr1.633402.634418|HISEQ1:20:H9V1RADXX:2:1216:7826:33821	148	8718.0	8865.0	best_hit_to_mtDNA
A	A	A	8858	HG002_all_regions	HG002_chr1.633402.634418|HISEQ1:20:H9V1RADXX:2:1216:7826:33821	HG002_chr1.633402.634418|HISEQ1:20:H9V1RADXX:2:1216:7826:33821	148	8718.0	8865.0	best_hit_to_mtDNA
G	G	G	8859	HG002_all_regions	HG002_chr1.633402.634418|HISEQ1:20:H9V1RADXX:2:1216:7826:33821	HG002_chr1.633402.634418|HISEQ1:20:H9V1RADXX:2:1216:7826:33821	148	8718.0	8865.0	best_hit_to_mtDNA
C	C	C	8860	HG002_all_regions	HG002_chr1.633402.634418|HISEQ1:20:H9V1RADXX:2:1216:7826:33821	HG002_chr1.633402.634418|HISEQ1:20:H9V1RADXX:2:1216:7826:33821	148	8718.0	8865.0	best_hit_to_mtDNA
G	A	G	8861	HG002_all_regions	HG002_chr1.633402.634418|HISEQ1:20:H9V1RADXX:2:1216:7826:33821	HG002_chr1.633402.634418|HISEQ1:20:H9V1RADXX:2:1216:7826:33821	148	8718.0	8865.0	best_hit_to_mtDNA
G	G	G	8862	HG002_all_regions	HG002_chr1.633402.634418|HISEQ1:20:H9V1RADXX:2:1216:7826:33821	HG002_chr1.633402.634418|HISEQ1:20:H9V1RADXX:2:1216:7826:33821	148	8718.0	8865.0	best_hit_to_mtDNA
G	G	G	8863	HG002_all_regions	HG002_chr1.633402.634418|HISEQ1:20:H9V1RADXX:2:1216:7826:33821	HG002_chr1.633402.634418|HISEQ1:20:H9V1RADXX:2:1216:7826:33821	148	8718.0	8865.0	best_hit_to_mtDNA
C	C	C	8864	HG002_all_regions	HG002_chr1.633402.634418|HISEQ1:20:H9V1RADXX:2:1216:7826:33821	HG002_chr1.633402.634418|HISEQ1:20:H9V1RADXX:2:1216:7826:33821	148	8718.0	8865.0	best_hit_to_mtDNA
T	T	T	8740	HG002_all_regions	HG002_chr1.633402.634418|HISEQ1:18:H8VC6ADXX:1:1114:1441:15297	HG002_chr1.633402.634418|HISEQ1:18:H8VC6ADXX:1:1114:1441:15297	148	8735.0	8882.0	best_hit_to_mtDNA
T	C	T	8741	HG002_all_regions	HG002_chr1.633402.634418|HISEQ1:18:H8VC6ADXX:1:1114:1441:15297	HG002_chr1.633402.634418|HISEQ1:18:H8VC6ADXX:1:1114:1441:15297	148	8735.0	8882.0	best_hit_to_mtDNA
A	A	A	8742	HG002_all_regions	HG002_chr1.633402.634418|HISEQ1:18:H8VC6ADXX:1:1114:1441:15297	HG002_chr1.633402.634418|HISEQ1:18:H8VC6ADXX:1:1114:1441:15297	148	8735.0	8882.0	best_hit_to_mtDNA
T	T	T	8743	HG002_all_regions	HG002_chr1.633402.634418|HISEQ1:18:H8VC6ADXX:1:1114:1441:15297	HG002_chr1.633402.634418|HISEQ1:18:H8VC6ADXX:1:1114:1441:15297	148	8735.0	8882.0	best_hit_to_mtDNA
A	A	C	8744	HG002_all_regions	HG002_chr1.633402.634418|HISEQ1:18:H8VC6ADXX:1:1114:1441:15297	HG002_chr1.633402.634418|HISEQ1:18:H8VC6ADXX:1:1114:1441:15297	148	8735.0	8882.0	best_hit_to_mtDNA
C	C	C	8745	HG002_all_regions	HG002_chr1.633402.634418|HISEQ1:18:H8VC6ADXX:1:1114:1441:15297	HG002_chr1.633402.634418|HISEQ1:18:H8VC6ADXX:1:1114:1441:15297	148	8735.0	8882.0	best_hit_to_mtDNA
T	T	T	8746	HG002_all_regions	HG002_chr1.633402.634418|HISEQ1:18:H8VC6ADXX:1:1114:1441:15297	HG002_chr1.633402.634418|HISEQ1:18:H8VC6ADXX:1:1114:1441:15297	148	8735.0	8882.0	best_hit_to_mtDNA
A	A	A	8747	HG002_all_regions	HG002_chr1.633402.634418|HISEQ1:18:H8VC6ADXX:1:1114:1441:15297	HG002_chr1.633402.634418|HISEQ1:18:H8VC6ADXX:1:1114:1441:15297	148	8735.0	8882.0	best_hit_to_mtDNA
G	G	G	8748	HG002_all_regions	HG002_chr1.633402.634418|HISEQ1:18:H8VC6ADXX:1:1114:1441:15297	HG002_chr1.633402.634418|HISEQ1:18:H8VC6ADXX:1:1114:1441:15297	148	8735.0	8882.0	best_hit_to_mtDNA
T	T	T	8749	HG002_all_regions	HG002_chr1.633402.634418|HISEQ1:18:H8VC6ADXX:1:1114:1441:15297	HG002_chr1.633402.634418|HISEQ1:18:H8VC6ADXX:1:1114:1441:15297	148	8735.0	8882.0	best_hit_to_mtDNA
A	A	A	8750	HG002_all_regions	HG002_chr1.633402.634418|HISEQ1:18:H8VC6ADXX:1:1114:1441:15297	HG002_chr1.633402.634418|HISEQ1:18:H8VC6ADXX:1:1114:1441:15297	148	8735.0	8882.0	best_hit_to_mtDNA
T	T	T	8751	HG002_all_regions	HG002_chr1.633402.634418|HISEQ1:18:H8VC6ADXX:1:1114:1441:15297	HG002_chr1.633402.634418|HISEQ1:18:H8VC6ADXX:1:1114:1441:15297	148	8735.0	8882.0	best_hit_to_mtDNA
C	C	C	8752	HG002_all_regions	HG002_chr1.633402.634418|HISEQ1:18:H8VC6ADXX:1:1114:1441:15297	HG002_chr1.633402.634418|HISEQ1:18:H8VC6ADXX:1:1114:1441:15297	148	8735.0	8882.0	best_hit_to_mtDNA
C	C	C	8753	HG002_all_regions	HG002_chr1.633402.634418|HISEQ1:18:H8VC6ADXX:1:1114:1441:15297	HG002_chr1.633402.634418|HISEQ1:18:H8VC6ADXX:1:1114:1441:15297	148	8735.0	8882.0	best_hit_to_mtDNA
T	T	T	8754	HG002_all_regions	HG002_chr1.633402.634418|HISEQ1:18:H8VC6ADXX:1:1114:1441:15297	HG002_chr1.633402.634418|HISEQ1:18:H8VC6ADXX:1:1114:1441:15297	148	8735.0	8882.0	best_hit_to_mtDNA
T	T	T	8755	HG002_all_regions	HG002_chr1.633402.634418|HISEQ1:18:H8VC6ADXX:1:1114:1441:15297	HG002_chr1.633402.634418|HISEQ1:18:H8VC6ADXX:1:1114:1441:15297	148	8735.0	8882.0	best_hit_to_mtDNA
A	A	A	8756	HG002_all_regions	HG002_chr1.633402.634418|HISEQ1:18:H8VC6ADXX:1:1114:1441:15297	HG002_chr1.633402.634418|HISEQ1:18:H8VC6ADXX:1:1114:1441:15297	148	8735.0	8882.0	best_hit_to_mtDNA
A	A	A	8757	HG002_all_regions	HG002_chr1.633402.634418|HISEQ1:18:H8VC6ADXX:1:1114:1441:15297	HG002_chr1.633402.634418|HISEQ1:18:H8VC6ADXX:1:1114:1441:15297	148	8735.0	8882.0	best_hit_to_mtDNA
T	T	T	8758	HG002_all_regions	HG002_chr1.633402.634418|HISEQ1:18:H8VC6ADXX:1:1114:1441:15297	HG002_chr1.633402.634418|HISEQ1:18:H8VC6ADXX:1:1114:1441:15297	148	8735.0	8882.0	best_hit_to_mtDNA
C	C	C	8759	HG002_all_regions	HG002_chr1.633402.634418|HISEQ1:18:H8VC6ADXX:1:1114:1441:15297	HG002_chr1.633402.634418|HISEQ1:18:H8VC6ADXX:1:1114:1441:15297	148	8735.0	8882.0	best_hit_to_mtDNA
A	A	A	8760	HG002_all_regions	HG002_chr1.633402.634418|HISEQ1:18:H8VC6ADXX:1:1114:1441:15297	HG002_chr1.633402.634418|HISEQ1:18:H8VC6ADXX:1:1114:1441:15297	148	8735.0	8882.0	best_hit_to_mtDNA
T	T	T	8761	HG002_all_regions	HG002_chr1.633402.634418|HISEQ1:18:H8VC6ADXX:1:1114:1441:15297	HG002_chr1.633402.634418|HISEQ1:18:H8VC6ADXX:1:1114:1441:15297	148	8735.0	8882.0	best_hit_to_mtDNA
T	T	T	8762	HG002_all_regions	HG002_chr1.633402.634418|HISEQ1:18:H8VC6ADXX:1:1114:1441:15297	HG002_chr1.633402.634418|HISEQ1:18:H8VC6ADXX:1:1114:1441:15297	148	8735.0	8882.0	best_hit_to_mtDNA
T	T	T	8763	HG002_all_regions	HG002_chr1.633402.634418|HISEQ1:18:H8VC6ADXX:1:1114:1441:15297	HG002_chr1.633402.634418|HISEQ1:18:H8VC6ADXX:1:1114:1441:15297	148	8735.0	8882.0	best_hit_to_mtDNA
T	T	T	8764	HG002_all_regions	HG002_chr1.633402.634418|HISEQ1:18:H8VC6ADXX:1:1114:1441:15297	HG002_chr1.633402.634418|HISEQ1:18:H8VC6ADXX:1:1114:1441:15297	148	8735.0	8882.0	best_hit_to_mtDNA
T	T	T	8765	HG002_all_regions	HG002_chr1.633402.634418|HISEQ1:18:H8VC6ADXX:1:1114:1441:15297	HG002_chr1.633402.634418|HISEQ1:18:H8VC6ADXX:1:1114:1441:15297	148	8735.0	8882.0	best_hit_to_mtDNA
A	A	A	8766	HG002_all_regions	HG002_chr1.633402.634418|HISEQ1:18:H8VC6ADXX:1:1114:1441:15297	HG002_chr1.633402.634418|HISEQ1:18:H8VC6ADXX:1:1114:1441:15297	148	8735.0	8882.0	best_hit_to_mtDNA
T	T	T	8767	HG002_all_regions	HG002_chr1.633402.634418|HISEQ1:18:H8VC6ADXX:1:1114:1441:15297	HG002_chr1.633402.634418|HISEQ1:18:H8VC6ADXX:1:1114:1441:15297	148	8735.0	8882.0	best_hit_to_mtDNA
T	T	T	8768	HG002_all_regions	HG002_chr1.633402.634418|HISEQ1:18:H8VC6ADXX:1:1114:1441:15297	HG002_chr1.633402.634418|HISEQ1:18:H8VC6ADXX:1:1114:1441:15297	148	8735.0	8882.0	best_hit_to_mtDNA
G	A	G	8769	HG002_all_regions	HG002_chr1.633402.634418|HISEQ1:18:H8VC6ADXX:1:1114:1441:15297	HG002_chr1.633402.634418|HISEQ1:18:H8VC6ADXX:1:1114:1441:15297	148	8735.0	8882.0	best_hit_to_mtDNA
C	C	C	8770	HG002_all_regions	HG002_chr1.633402.634418|HISEQ1:18:H8VC6ADXX:1:1114:1441:15297	HG002_chr1.633402.634418|HISEQ1:18:H8VC6ADXX:1:1114:1441:15297	148	8735.0	8882.0	best_hit_to_mtDNA
C	C	C	8771	HG002_all_regions	HG002_chr1.633402.634418|HISEQ1:18:H8VC6ADXX:1:1114:1441:15297	HG002_chr1.633402.634418|HISEQ1:18:H8VC6ADXX:1:1114:1441:15297	148	8735.0	8882.0	best_hit_to_mtDNA
A	A	A	8772	HG002_all_regions	HG002_chr1.633402.634418|HISEQ1:18:H8VC6ADXX:1:1114:1441:15297	HG002_chr1.633402.634418|HISEQ1:18:H8VC6ADXX:1:1114:1441:15297	148	8735.0	8882.0	best_hit_to_mtDNA
C	C	C	8773	HG002_all_regions	HG002_chr1.633402.634418|HISEQ1:18:H8VC6ADXX:1:1114:1441:15297	HG002_chr1.633402.634418|HISEQ1:18:H8VC6ADXX:1:1114:1441:15297	148	8735.0	8882.0	best_hit_to_mtDNA
A	A	A	8774	HG002_all_regions	HG002_chr1.633402.634418|HISEQ1:18:H8VC6ADXX:1:1114:1441:15297	HG002_chr1.633402.634418|HISEQ1:18:H8VC6ADXX:1:1114:1441:15297	148	8735.0	8882.0	best_hit_to_mtDNA
A	A	A	8775	HG002_all_regions	HG002_chr1.633402.634418|HISEQ1:18:H8VC6ADXX:1:1114:1441:15297	HG002_chr1.633402.634418|HISEQ1:18:H8VC6ADXX:1:1114:1441:15297	148	8735.0	8882.0	best_hit_to_mtDNA
C	C	C	8776	HG002_all_regions	HG002_chr1.633402.634418|HISEQ1:18:H8VC6ADXX:1:1114:1441:15297	HG002_chr1.633402.634418|HISEQ1:18:H8VC6ADXX:1:1114:1441:15297	148	8735.0	8882.0	best_hit_to_mtDNA
T	C	T	8777	HG002_all_regions	HG002_chr1.633402.634418|HISEQ1:18:H8VC6ADXX:1:1114:1441:15297	HG002_chr1.633402.634418|HISEQ1:18:H8VC6ADXX:1:1114:1441:15297	148	8735.0	8882.0	best_hit_to_mtDNA
A	A	A	8778	HG002_all_regions	HG002_chr1.633402.634418|HISEQ1:18:H8VC6ADXX:1:1114:1441:15297	HG002_chr1.633402.634418|HISEQ1:18:H8VC6ADXX:1:1114:1441:15297	148	8735.0	8882.0	best_hit_to_mtDNA
A	A	A	8779	HG002_all_regions	HG002_chr1.633402.634418|HISEQ1:18:H8VC6ADXX:1:1114:1441:15297	HG002_chr1.633402.634418|HISEQ1:18:H8VC6ADXX:1:1114:1441:15297	148	8735.0	8882.0	best_hit_to_mtDNA
C	T	C	8780	HG002_all_regions	HG002_chr1.633402.634418|HISEQ1:18:H8VC6ADXX:1:1114:1441:15297	HG002_chr1.633402.634418|HISEQ1:18:H8VC6ADXX:1:1114:1441:15297	148	8735.0	8882.0	best_hit_to_mtDNA
C	C	C	8781	HG002_all_regions	HG002_chr1.633402.634418|HISEQ1:18:H8VC6ADXX:1:1114:1441:15297	HG002_chr1.633402.634418|HISEQ1:18:H8VC6ADXX:1:1114:1441:15297	148	8735.0	8882.0	best_hit_to_mtDNA
T	T	T	8782	HG002_all_regions	HG002_chr1.633402.634418|HISEQ1:18:H8VC6ADXX:1:1114:1441:15297	HG002_chr1.633402.634418|HISEQ1:18:H8VC6ADXX:1:1114:1441:15297	148	8735.0	8882.0	best_hit_to_mtDNA
C	T	C	8783	HG002_all_regions	HG002_chr1.633402.634418|HISEQ1:18:H8VC6ADXX:1:1114:1441:15297	HG002_chr1.633402.634418|HISEQ1:18:H8VC6ADXX:1:1114:1441:15297	148	8735.0	8882.0	best_hit_to_mtDNA
C	C	C	8784	HG002_all_regions	HG002_chr1.633402.634418|HISEQ1:18:H8VC6ADXX:1:1114:1441:15297	HG002_chr1.633402.634418|HISEQ1:18:H8VC6ADXX:1:1114:1441:15297	148	8735.0	8882.0	best_hit_to_mtDNA
T	T	T	8785	HG002_all_regions	HG002_chr1.633402.634418|HISEQ1:18:H8VC6ADXX:1:1114:1441:15297	HG002_chr1.633402.634418|HISEQ1:18:H8VC6ADXX:1:1114:1441:15297	148	8735.0	8882.0	best_hit_to_mtDNA
C	T	C	8786	HG002_all_regions	HG002_chr1.633402.634418|HISEQ1:18:H8VC6ADXX:1:1114:1441:15297	HG002_chr1.633402.634418|HISEQ1:18:H8VC6ADXX:1:1114:1441:15297	148	8735.0	8882.0	best_hit_to_mtDNA
G	G	G	8787	HG002_all_regions	HG002_chr1.633402.634418|HISEQ1:18:H8VC6ADXX:1:1114:1441:15297	HG002_chr1.633402.634418|HISEQ1:18:H8VC6ADXX:1:1114:1441:15297	148	8735.0	8882.0	best_hit_to_mtDNA
G	G	G	8788	HG002_all_regions	HG002_chr1.633402.634418|HISEQ1:18:H8VC6ADXX:1:1114:1441:15297	HG002_chr1.633402.634418|HISEQ1:18:H8VC6ADXX:1:1114:1441:15297	148	8735.0	8882.0	best_hit_to_mtDNA
A	G	A	8789	HG002_all_regions	HG002_chr1.633402.634418|HISEQ1:18:H8VC6ADXX:1:1114:1441:15297	HG002_chr1.633402.634418|HISEQ1:18:H8VC6ADXX:1:1114:1441:15297	148	8735.0	8882.0	best_hit_to_mtDNA
C	C	C	8790	HG002_all_regions	HG002_chr1.633402.634418|HISEQ1:18:H8VC6ADXX:1:1114:1441:15297	HG002_chr1.633402.634418|HISEQ1:18:H8VC6ADXX:1:1114:1441:15297	148	8735.0	8882.0	best_hit_to_mtDNA
T	T	T	8791	HG002_all_regions	HG002_chr1.633402.634418|HISEQ1:18:H8VC6ADXX:1:1114:1441:15297	HG002_chr1.633402.634418|HISEQ1:18:H8VC6ADXX:1:1114:1441:15297	148	8735.0	8882.0	best_hit_to_mtDNA
C	T	C	8792	HG002_all_regions	HG002_chr1.633402.634418|HISEQ1:18:H8VC6ADXX:1:1114:1441:15297	HG002_chr1.633402.634418|HISEQ1:18:H8VC6ADXX:1:1114:1441:15297	148	8735.0	8882.0	best_hit_to_mtDNA
C	C	C	8793	HG002_all_regions	HG002_chr1.633402.634418|HISEQ1:18:H8VC6ADXX:1:1114:1441:15297	HG002_chr1.633402.634418|HISEQ1:18:H8VC6ADXX:1:1114:1441:15297	148	8735.0	8882.0	best_hit_to_mtDNA
T	T	T	8794	HG002_all_regions	HG002_chr1.633402.634418|HISEQ1:18:H8VC6ADXX:1:1114:1441:15297	HG002_chr1.633402.634418|HISEQ1:18:H8VC6ADXX:1:1114:1441:15297	148	8735.0	8882.0	best_hit_to_mtDNA
G	A	G	8795	HG002_all_regions	HG002_chr1.633402.634418|HISEQ1:18:H8VC6ADXX:1:1114:1441:15297	HG002_chr1.633402.634418|HISEQ1:18:H8VC6ADXX:1:1114:1441:15297	148	8735.0	8882.0	best_hit_to_mtDNA
C	C	C	8796	HG002_all_regions	HG002_chr1.633402.634418|HISEQ1:18:H8VC6ADXX:1:1114:1441:15297	HG002_chr1.633402.634418|HISEQ1:18:H8VC6ADXX:1:1114:1441:15297	148	8735.0	8882.0	best_hit_to_mtDNA
C	C	C	8797	HG002_all_regions	HG002_chr1.633402.634418|HISEQ1:18:H8VC6ADXX:1:1114:1441:15297	HG002_chr1.633402.634418|HISEQ1:18:H8VC6ADXX:1:1114:1441:15297	148	8735.0	8882.0	best_hit_to_mtDNA
T	C	T	8798	HG002_all_regions	HG002_chr1.633402.634418|HISEQ1:18:H8VC6ADXX:1:1114:1441:15297	HG002_chr1.633402.634418|HISEQ1:18:H8VC6ADXX:1:1114:1441:15297	148	8735.0	8882.0	best_hit_to_mtDNA
C	C	C	8799	HG002_all_regions	HG002_chr1.633402.634418|HISEQ1:18:H8VC6ADXX:1:1114:1441:15297	HG002_chr1.633402.634418|HISEQ1:18:H8VC6ADXX:1:1114:1441:15297	148	8735.0	8882.0	best_hit_to_mtDNA
A	A	A	8800	HG002_all_regions	HG002_chr1.633402.634418|HISEQ1:18:H8VC6ADXX:1:1114:1441:15297	HG002_chr1.633402.634418|HISEQ1:18:H8VC6ADXX:1:1114:1441:15297	148	8735.0	8882.0	best_hit_to_mtDNA
C	C	C	8801	HG002_all_regions	HG002_chr1.633402.634418|HISEQ1:18:H8VC6ADXX:1:1114:1441:15297	HG002_chr1.633402.634418|HISEQ1:18:H8VC6ADXX:1:1114:1441:15297	148	8735.0	8882.0	best_hit_to_mtDNA
T	T	T	8802	HG002_all_regions	HG002_chr1.633402.634418|HISEQ1:18:H8VC6ADXX:1:1114:1441:15297	HG002_chr1.633402.634418|HISEQ1:18:H8VC6ADXX:1:1114:1441:15297	148	8735.0	8882.0	best_hit_to_mtDNA
C	C	C	8803	HG002_all_regions	HG002_chr1.633402.634418|HISEQ1:18:H8VC6ADXX:1:1114:1441:15297	HG002_chr1.633402.634418|HISEQ1:18:H8VC6ADXX:1:1114:1441:15297	148	8735.0	8882.0	best_hit_to_mtDNA
A	A	A	8804	HG002_all_regions	HG002_chr1.633402.634418|HISEQ1:18:H8VC6ADXX:1:1114:1441:15297	HG002_chr1.633402.634418|HISEQ1:18:H8VC6ADXX:1:1114:1441:15297	148	8735.0	8882.0	best_hit_to_mtDNA
T	T	T	8805	HG002_all_regions	HG002_chr1.633402.634418|HISEQ1:18:H8VC6ADXX:1:1114:1441:15297	HG002_chr1.633402.634418|HISEQ1:18:H8VC6ADXX:1:1114:1441:15297	148	8735.0	8882.0	best_hit_to_mtDNA
T	T	T	8806	HG002_all_regions	HG002_chr1.633402.634418|HISEQ1:18:H8VC6ADXX:1:1114:1441:15297	HG002_chr1.633402.634418|HISEQ1:18:H8VC6ADXX:1:1114:1441:15297	148	8735.0	8882.0	best_hit_to_mtDNA
T	C	T	8807	HG002_all_regions	HG002_chr1.633402.634418|HISEQ1:18:H8VC6ADXX:1:1114:1441:15297	HG002_chr1.633402.634418|HISEQ1:18:H8VC6ADXX:1:1114:1441:15297	148	8735.0	8882.0	best_hit_to_mtDNA
A	A	A	8808	HG002_all_regions	HG002_chr1.633402.634418|HISEQ1:18:H8VC6ADXX:1:1114:1441:15297	HG002_chr1.633402.634418|HISEQ1:18:H8VC6ADXX:1:1114:1441:15297	148	8735.0	8882.0	best_hit_to_mtDNA
C	C	C	8809	HG002_all_regions	HG002_chr1.633402.634418|HISEQ1:18:H8VC6ADXX:1:1114:1441:15297	HG002_chr1.633402.634418|HISEQ1:18:H8VC6ADXX:1:1114:1441:15297	148	8735.0	8882.0	best_hit_to_mtDNA
A	A	A	8810	HG002_all_regions	HG002_chr1.633402.634418|HISEQ1:18:H8VC6ADXX:1:1114:1441:15297	HG002_chr1.633402.634418|HISEQ1:18:H8VC6ADXX:1:1114:1441:15297	148	8735.0	8882.0	best_hit_to_mtDNA
C	C	C	8811	HG002_all_regions	HG002_chr1.633402.634418|HISEQ1:18:H8VC6ADXX:1:1114:1441:15297	HG002_chr1.633402.634418|HISEQ1:18:H8VC6ADXX:1:1114:1441:15297	148	8735.0	8882.0	best_hit_to_mtDNA
C	C	C	8812	HG002_all_regions	HG002_chr1.633402.634418|HISEQ1:18:H8VC6ADXX:1:1114:1441:15297	HG002_chr1.633402.634418|HISEQ1:18:H8VC6ADXX:1:1114:1441:15297	148	8735.0	8882.0	best_hit_to_mtDNA
A	A	A	8813	HG002_all_regions	HG002_chr1.633402.634418|HISEQ1:18:H8VC6ADXX:1:1114:1441:15297	HG002_chr1.633402.634418|HISEQ1:18:H8VC6ADXX:1:1114:1441:15297	148	8735.0	8882.0	best_hit_to_mtDNA
A	A	A	8814	HG002_all_regions	HG002_chr1.633402.634418|HISEQ1:18:H8VC6ADXX:1:1114:1441:15297	HG002_chr1.633402.634418|HISEQ1:18:H8VC6ADXX:1:1114:1441:15297	148	8735.0	8882.0	best_hit_to_mtDNA
C	C	C	8815	HG002_all_regions	HG002_chr1.633402.634418|HISEQ1:18:H8VC6ADXX:1:1114:1441:15297	HG002_chr1.633402.634418|HISEQ1:18:H8VC6ADXX:1:1114:1441:15297	148	8735.0	8882.0	best_hit_to_mtDNA
C	C	C	8816	HG002_all_regions	HG002_chr1.633402.634418|HISEQ1:18:H8VC6ADXX:1:1114:1441:15297	HG002_chr1.633402.634418|HISEQ1:18:H8VC6ADXX:1:1114:1441:15297	148	8735.0	8882.0	best_hit_to_mtDNA
A	A	A	8817	HG002_all_regions	HG002_chr1.633402.634418|HISEQ1:18:H8VC6ADXX:1:1114:1441:15297	HG002_chr1.633402.634418|HISEQ1:18:H8VC6ADXX:1:1114:1441:15297	148	8735.0	8882.0	best_hit_to_mtDNA
C	C	C	8818	HG002_all_regions	HG002_chr1.633402.634418|HISEQ1:18:H8VC6ADXX:1:1114:1441:15297	HG002_chr1.633402.634418|HISEQ1:18:H8VC6ADXX:1:1114:1441:15297	148	8735.0	8882.0	best_hit_to_mtDNA
C	C	C	8819	HG002_all_regions	HG002_chr1.633402.634418|HISEQ1:18:H8VC6ADXX:1:1114:1441:15297	HG002_chr1.633402.634418|HISEQ1:18:H8VC6ADXX:1:1114:1441:15297	148	8735.0	8882.0	best_hit_to_mtDNA
C	C	C	8820	HG002_all_regions	HG002_chr1.633402.634418|HISEQ1:18:H8VC6ADXX:1:1114:1441:15297	HG002_chr1.633402.634418|HISEQ1:18:H8VC6ADXX:1:1114:1441:15297	148	8735.0	8882.0	best_hit_to_mtDNA
A	A	A	8821	HG002_all_regions	HG002_chr1.633402.634418|HISEQ1:18:H8VC6ADXX:1:1114:1441:15297	HG002_chr1.633402.634418|HISEQ1:18:H8VC6ADXX:1:1114:1441:15297	148	8735.0	8882.0	best_hit_to_mtDNA
A	A	A	8822	HG002_all_regions	HG002_chr1.633402.634418|HISEQ1:18:H8VC6ADXX:1:1114:1441:15297	HG002_chr1.633402.634418|HISEQ1:18:H8VC6ADXX:1:1114:1441:15297	148	8735.0	8882.0	best_hit_to_mtDNA
C	C	C	8823	HG002_all_regions	HG002_chr1.633402.634418|HISEQ1:18:H8VC6ADXX:1:1114:1441:15297	HG002_chr1.633402.634418|HISEQ1:18:H8VC6ADXX:1:1114:1441:15297	148	8735.0	8882.0	best_hit_to_mtDNA
T	T	T	8824	HG002_all_regions	HG002_chr1.633402.634418|HISEQ1:18:H8VC6ADXX:1:1114:1441:15297	HG002_chr1.633402.634418|HISEQ1:18:H8VC6ADXX:1:1114:1441:15297	148	8735.0	8882.0	best_hit_to_mtDNA
A	A	A	8825	HG002_all_regions	HG002_chr1.633402.634418|HISEQ1:18:H8VC6ADXX:1:1114:1441:15297	HG002_chr1.633402.634418|HISEQ1:18:H8VC6ADXX:1:1114:1441:15297	148	8735.0	8882.0	best_hit_to_mtDNA
T	T	T	8826	HG002_all_regions	HG002_chr1.633402.634418|HISEQ1:18:H8VC6ADXX:1:1114:1441:15297	HG002_chr1.633402.634418|HISEQ1:18:H8VC6ADXX:1:1114:1441:15297	148	8735.0	8882.0	best_hit_to_mtDNA
C	C	C	8827	HG002_all_regions	HG002_chr1.633402.634418|HISEQ1:18:H8VC6ADXX:1:1114:1441:15297	HG002_chr1.633402.634418|HISEQ1:18:H8VC6ADXX:1:1114:1441:15297	148	8735.0	8882.0	best_hit_to_mtDNA
T	T	T	8828	HG002_all_regions	HG002_chr1.633402.634418|HISEQ1:18:H8VC6ADXX:1:1114:1441:15297	HG002_chr1.633402.634418|HISEQ1:18:H8VC6ADXX:1:1114:1441:15297	148	8735.0	8882.0	best_hit_to_mtDNA
A	A	A	8829	HG002_all_regions	HG002_chr1.633402.634418|HISEQ1:18:H8VC6ADXX:1:1114:1441:15297	HG002_chr1.633402.634418|HISEQ1:18:H8VC6ADXX:1:1114:1441:15297	148	8735.0	8882.0	best_hit_to_mtDNA
T	T	T	8830	HG002_all_regions	HG002_chr1.633402.634418|HISEQ1:18:H8VC6ADXX:1:1114:1441:15297	HG002_chr1.633402.634418|HISEQ1:18:H8VC6ADXX:1:1114:1441:15297	148	8735.0	8882.0	best_hit_to_mtDNA
A	A	A	8831	HG002_all_regions	HG002_chr1.633402.634418|HISEQ1:18:H8VC6ADXX:1:1114:1441:15297	HG002_chr1.633402.634418|HISEQ1:18:H8VC6ADXX:1:1114:1441:15297	148	8735.0	8882.0	best_hit_to_mtDNA
A	A	A	8832	HG002_all_regions	HG002_chr1.633402.634418|HISEQ1:18:H8VC6ADXX:1:1114:1441:15297	HG002_chr1.633402.634418|HISEQ1:18:H8VC6ADXX:1:1114:1441:15297	148	8735.0	8882.0	best_hit_to_mtDNA
A	A	A	8833	HG002_all_regions	HG002_chr1.633402.634418|HISEQ1:18:H8VC6ADXX:1:1114:1441:15297	HG002_chr1.633402.634418|HISEQ1:18:H8VC6ADXX:1:1114:1441:15297	148	8735.0	8882.0	best_hit_to_mtDNA
C	C	C	8834	HG002_all_regions	HG002_chr1.633402.634418|HISEQ1:18:H8VC6ADXX:1:1114:1441:15297	HG002_chr1.633402.634418|HISEQ1:18:H8VC6ADXX:1:1114:1441:15297	148	8735.0	8882.0	best_hit_to_mtDNA
C	C	C	8835	HG002_all_regions	HG002_chr1.633402.634418|HISEQ1:18:H8VC6ADXX:1:1114:1441:15297	HG002_chr1.633402.634418|HISEQ1:18:H8VC6ADXX:1:1114:1441:15297	148	8735.0	8882.0	best_hit_to_mtDNA
T	T	T	8836	HG002_all_regions	HG002_chr1.633402.634418|HISEQ1:18:H8VC6ADXX:1:1114:1441:15297	HG002_chr1.633402.634418|HISEQ1:18:H8VC6ADXX:1:1114:1441:15297	148	8735.0	8882.0	best_hit_to_mtDNA
A	A	A	8837	HG002_all_regions	HG002_chr1.633402.634418|HISEQ1:18:H8VC6ADXX:1:1114:1441:15297	HG002_chr1.633402.634418|HISEQ1:18:H8VC6ADXX:1:1114:1441:15297	148	8735.0	8882.0	best_hit_to_mtDNA
G	G	G	8838	HG002_all_regions	HG002_chr1.633402.634418|HISEQ1:18:H8VC6ADXX:1:1114:1441:15297	HG002_chr1.633402.634418|HISEQ1:18:H8VC6ADXX:1:1114:1441:15297	148	8735.0	8882.0	best_hit_to_mtDNA
C	C	C	8839	HG002_all_regions	HG002_chr1.633402.634418|HISEQ1:18:H8VC6ADXX:1:1114:1441:15297	HG002_chr1.633402.634418|HISEQ1:18:H8VC6ADXX:1:1114:1441:15297	148	8735.0	8882.0	best_hit_to_mtDNA
C	C	C	8840	HG002_all_regions	HG002_chr1.633402.634418|HISEQ1:18:H8VC6ADXX:1:1114:1441:15297	HG002_chr1.633402.634418|HISEQ1:18:H8VC6ADXX:1:1114:1441:15297	148	8735.0	8882.0	best_hit_to_mtDNA
A	A	A	8841	HG002_all_regions	HG002_chr1.633402.634418|HISEQ1:18:H8VC6ADXX:1:1114:1441:15297	HG002_chr1.633402.634418|HISEQ1:18:H8VC6ADXX:1:1114:1441:15297	148	8735.0	8882.0	best_hit_to_mtDNA
T	T	T	8842	HG002_all_regions	HG002_chr1.633402.634418|HISEQ1:18:H8VC6ADXX:1:1114:1441:15297	HG002_chr1.633402.634418|HISEQ1:18:H8VC6ADXX:1:1114:1441:15297	148	8735.0	8882.0	best_hit_to_mtDNA
G	G	G	8843	HG002_all_regions	HG002_chr1.633402.634418|HISEQ1:18:H8VC6ADXX:1:1114:1441:15297	HG002_chr1.633402.634418|HISEQ1:18:H8VC6ADXX:1:1114:1441:15297	148	8735.0	8882.0	best_hit_to_mtDNA
G	G	G	8844	HG002_all_regions	HG002_chr1.633402.634418|HISEQ1:18:H8VC6ADXX:1:1114:1441:15297	HG002_chr1.633402.634418|HISEQ1:18:H8VC6ADXX:1:1114:1441:15297	148	8735.0	8882.0	best_hit_to_mtDNA
C	C	C	8845	HG002_all_regions	HG002_chr1.633402.634418|HISEQ1:18:H8VC6ADXX:1:1114:1441:15297	HG002_chr1.633402.634418|HISEQ1:18:H8VC6ADXX:1:1114:1441:15297	148	8735.0	8882.0	best_hit_to_mtDNA
C	T	C	8846	HG002_all_regions	HG002_chr1.633402.634418|HISEQ1:18:H8VC6ADXX:1:1114:1441:15297	HG002_chr1.633402.634418|HISEQ1:18:H8VC6ADXX:1:1114:1441:15297	148	8735.0	8882.0	best_hit_to_mtDNA
A	A	A	8847	HG002_all_regions	HG002_chr1.633402.634418|HISEQ1:18:H8VC6ADXX:1:1114:1441:15297	HG002_chr1.633402.634418|HISEQ1:18:H8VC6ADXX:1:1114:1441:15297	148	8735.0	8882.0	best_hit_to_mtDNA
T	T	T	8848	HG002_all_regions	HG002_chr1.633402.634418|HISEQ1:18:H8VC6ADXX:1:1114:1441:15297	HG002_chr1.633402.634418|HISEQ1:18:H8VC6ADXX:1:1114:1441:15297	148	8735.0	8882.0	best_hit_to_mtDNA
C	C	C	8849	HG002_all_regions	HG002_chr1.633402.634418|HISEQ1:18:H8VC6ADXX:1:1114:1441:15297	HG002_chr1.633402.634418|HISEQ1:18:H8VC6ADXX:1:1114:1441:15297	148	8735.0	8882.0	best_hit_to_mtDNA
C	C	C	8850	HG002_all_regions	HG002_chr1.633402.634418|HISEQ1:18:H8VC6ADXX:1:1114:1441:15297	HG002_chr1.633402.634418|HISEQ1:18:H8VC6ADXX:1:1114:1441:15297	148	8735.0	8882.0	best_hit_to_mtDNA
C	C	C	8851	HG002_all_regions	HG002_chr1.633402.634418|HISEQ1:18:H8VC6ADXX:1:1114:1441:15297	HG002_chr1.633402.634418|HISEQ1:18:H8VC6ADXX:1:1114:1441:15297	148	8735.0	8882.0	best_hit_to_mtDNA
C	C	C	8852	HG002_all_regions	HG002_chr1.633402.634418|HISEQ1:18:H8VC6ADXX:1:1114:1441:15297	HG002_chr1.633402.634418|HISEQ1:18:H8VC6ADXX:1:1114:1441:15297	148	8735.0	8882.0	best_hit_to_mtDNA
T	C	T	8853	HG002_all_regions	HG002_chr1.633402.634418|HISEQ1:18:H8VC6ADXX:1:1114:1441:15297	HG002_chr1.633402.634418|HISEQ1:18:H8VC6ADXX:1:1114:1441:15297	148	8735.0	8882.0	best_hit_to_mtDNA
T	T	T	8854	HG002_all_regions	HG002_chr1.633402.634418|HISEQ1:18:H8VC6ADXX:1:1114:1441:15297	HG002_chr1.633402.634418|HISEQ1:18:H8VC6ADXX:1:1114:1441:15297	148	8735.0	8882.0	best_hit_to_mtDNA
A	A	A	8855	HG002_all_regions	HG002_chr1.633402.634418|HISEQ1:18:H8VC6ADXX:1:1114:1441:15297	HG002_chr1.633402.634418|HISEQ1:18:H8VC6ADXX:1:1114:1441:15297	148	8735.0	8882.0	best_hit_to_mtDNA
T	T	T	8856	HG002_all_regions	HG002_chr1.633402.634418|HISEQ1:18:H8VC6ADXX:1:1114:1441:15297	HG002_chr1.633402.634418|HISEQ1:18:H8VC6ADXX:1:1114:1441:15297	148	8735.0	8882.0	best_hit_to_mtDNA
G	G	G	8857	HG002_all_regions	HG002_chr1.633402.634418|HISEQ1:18:H8VC6ADXX:1:1114:1441:15297	HG002_chr1.633402.634418|HISEQ1:18:H8VC6ADXX:1:1114:1441:15297	148	8735.0	8882.0	best_hit_to_mtDNA
A	A	A	8858	HG002_all_regions	HG002_chr1.633402.634418|HISEQ1:18:H8VC6ADXX:1:1114:1441:15297	HG002_chr1.633402.634418|HISEQ1:18:H8VC6ADXX:1:1114:1441:15297	148	8735.0	8882.0	best_hit_to_mtDNA
G	G	G	8859	HG002_all_regions	HG002_chr1.633402.634418|HISEQ1:18:H8VC6ADXX:1:1114:1441:15297	HG002_chr1.633402.634418|HISEQ1:18:H8VC6ADXX:1:1114:1441:15297	148	8735.0	8882.0	best_hit_to_mtDNA
C	C	C	8860	HG002_all_regions	HG002_chr1.633402.634418|HISEQ1:18:H8VC6ADXX:1:1114:1441:15297	HG002_chr1.633402.634418|HISEQ1:18:H8VC6ADXX:1:1114:1441:15297	148	8735.0	8882.0	best_hit_to_mtDNA
G	A	G	8861	HG002_all_regions	HG002_chr1.633402.634418|HISEQ1:18:H8VC6ADXX:1:1114:1441:15297	HG002_chr1.633402.634418|HISEQ1:18:H8VC6ADXX:1:1114:1441:15297	148	8735.0	8882.0	best_hit_to_mtDNA
G	G	G	8862	HG002_all_regions	HG002_chr1.633402.634418|HISEQ1:18:H8VC6ADXX:1:1114:1441:15297	HG002_chr1.633402.634418|HISEQ1:18:H8VC6ADXX:1:1114:1441:15297	148	8735.0	8882.0	best_hit_to_mtDNA
G	G	G	8863	HG002_all_regions	HG002_chr1.633402.634418|HISEQ1:18:H8VC6ADXX:1:1114:1441:15297	HG002_chr1.633402.634418|HISEQ1:18:H8VC6ADXX:1:1114:1441:15297	148	8735.0	8882.0	best_hit_to_mtDNA
C	C	C	8864	HG002_all_regions	HG002_chr1.633402.634418|HISEQ1:18:H8VC6ADXX:1:1114:1441:15297	HG002_chr1.633402.634418|HISEQ1:18:H8VC6ADXX:1:1114:1441:15297	148	8735.0	8882.0	best_hit_to_mtDNA
A	G	G	8865	HG002_all_regions	HG002_chr1.633402.634418|HISEQ1:18:H8VC6ADXX:1:1114:1441:15297	HG002_chr1.633402.634418|HISEQ1:18:H8VC6ADXX:1:1114:1441:15297	148	8735.0	8882.0	best_hit_to_mtDNA
C	C	C	8866	HG002_all_regions	HG002_chr1.633402.634418|HISEQ1:18:H8VC6ADXX:1:1114:1441:15297	HG002_chr1.633402.634418|HISEQ1:18:H8VC6ADXX:1:1114:1441:15297	148	8735.0	8882.0	best_hit_to_mtDNA
A	A	A	8867	HG002_all_regions	HG002_chr1.633402.634418|HISEQ1:18:H8VC6ADXX:1:1114:1441:15297	HG002_chr1.633402.634418|HISEQ1:18:H8VC6ADXX:1:1114:1441:15297	148	8735.0	8882.0	best_hit_to_mtDNA
G	G	G	8868	HG002_all_regions	HG002_chr1.633402.634418|HISEQ1:18:H8VC6ADXX:1:1114:1441:15297	HG002_chr1.633402.634418|HISEQ1:18:H8VC6ADXX:1:1114:1441:15297	148	8735.0	8882.0	best_hit_to_mtDNA
T	T	T	8869	HG002_all_regions	HG002_chr1.633402.634418|HISEQ1:18:H8VC6ADXX:1:1114:1441:15297	HG002_chr1.633402.634418|HISEQ1:18:H8VC6ADXX:1:1114:1441:15297	148	8735.0	8882.0	best_hit_to_mtDNA
G	A	G	8870	HG002_all_regions	HG002_chr1.633402.634418|HISEQ1:18:H8VC6ADXX:1:1114:1441:15297	HG002_chr1.633402.634418|HISEQ1:18:H8VC6ADXX:1:1114:1441:15297	148	8735.0	8882.0	best_hit_to_mtDNA
A	G	A	8871	HG002_all_regions	HG002_chr1.633402.634418|HISEQ1:18:H8VC6ADXX:1:1114:1441:15297	HG002_chr1.633402.634418|HISEQ1:18:H8VC6ADXX:1:1114:1441:15297	148	8735.0	8882.0	best_hit_to_mtDNA
T	T	T	8872	HG002_all_regions	HG002_chr1.633402.634418|HISEQ1:18:H8VC6ADXX:1:1114:1441:15297	HG002_chr1.633402.634418|HISEQ1:18:H8VC6ADXX:1:1114:1441:15297	148	8735.0	8882.0	best_hit_to_mtDNA
T	C	T	8873	HG002_all_regions	HG002_chr1.633402.634418|HISEQ1:18:H8VC6ADXX:1:1114:1441:15297	HG002_chr1.633402.634418|HISEQ1:18:H8VC6ADXX:1:1114:1441:15297	148	8735.0	8882.0	best_hit_to_mtDNA
A	A	A	8874	HG002_all_regions	HG002_chr1.633402.634418|HISEQ1:18:H8VC6ADXX:1:1114:1441:15297	HG002_chr1.633402.634418|HISEQ1:18:H8VC6ADXX:1:1114:1441:15297	148	8735.0	8882.0	best_hit_to_mtDNA
T	T	T	8875	HG002_all_regions	HG002_chr1.633402.634418|HISEQ1:18:H8VC6ADXX:1:1114:1441:15297	HG002_chr1.633402.634418|HISEQ1:18:H8VC6ADXX:1:1114:1441:15297	148	8735.0	8882.0	best_hit_to_mtDNA
A	A	A	8876	HG002_all_regions	HG002_chr1.633402.634418|HISEQ1:18:H8VC6ADXX:1:1114:1441:15297	HG002_chr1.633402.634418|HISEQ1:18:H8VC6ADXX:1:1114:1441:15297	148	8735.0	8882.0	best_hit_to_mtDNA
G	G	G	8877	HG002_all_regions	HG002_chr1.633402.634418|HISEQ1:18:H8VC6ADXX:1:1114:1441:15297	HG002_chr1.633402.634418|HISEQ1:18:H8VC6ADXX:1:1114:1441:15297	148	8735.0	8882.0	best_hit_to_mtDNA
G	G	G	8878	HG002_all_regions	HG002_chr1.633402.634418|HISEQ1:18:H8VC6ADXX:1:1114:1441:15297	HG002_chr1.633402.634418|HISEQ1:18:H8VC6ADXX:1:1114:1441:15297	148	8735.0	8882.0	best_hit_to_mtDNA
C	C	C	8879	HG002_all_regions	HG002_chr1.633402.634418|HISEQ1:18:H8VC6ADXX:1:1114:1441:15297	HG002_chr1.633402.634418|HISEQ1:18:H8VC6ADXX:1:1114:1441:15297	148	8735.0	8882.0	best_hit_to_mtDNA
T	T	T	8880	HG002_all_regions	HG002_chr1.633402.634418|HISEQ1:18:H8VC6ADXX:1:1114:1441:15297	HG002_chr1.633402.634418|HISEQ1:18:H8VC6ADXX:1:1114:1441:15297	148	8735.0	8882.0	best_hit_to_mtDNA
T	T	T	8881	HG002_all_regions	HG002_chr1.633402.634418|HISEQ1:18:H8VC6ADXX:1:1114:1441:15297	HG002_chr1.633402.634418|HISEQ1:18:H8VC6ADXX:1:1114:1441:15297	148	8735.0	8882.0	best_hit_to_mtDNA
A	A	A	8742	HG002_all_regions	HG002_chr1.633402.634418|HISEQ1:19:H8VDAADXX:1:1113:4609:6159	HG002_chr1.633402.634418|HISEQ1:19:H8VDAADXX:1:1113:4609:6159	148	8741.0	8863.0	best_hit_to_mtDNA
T	T	T	8743	HG002_all_regions	HG002_chr1.633402.634418|HISEQ1:19:H8VDAADXX:1:1113:4609:6159	HG002_chr1.633402.634418|HISEQ1:19:H8VDAADXX:1:1113:4609:6159	148	8741.0	8863.0	best_hit_to_mtDNA
A	A	C	8744	HG002_all_regions	HG002_chr1.633402.634418|HISEQ1:19:H8VDAADXX:1:1113:4609:6159	HG002_chr1.633402.634418|HISEQ1:19:H8VDAADXX:1:1113:4609:6159	148	8741.0	8863.0	best_hit_to_mtDNA
C	C	T	8745	HG002_all_regions	HG002_chr1.633402.634418|HISEQ1:19:H8VDAADXX:1:1113:4609:6159	HG002_chr1.633402.634418|HISEQ1:19:H8VDAADXX:1:1113:4609:6159	148	8741.0	8863.0	best_hit_to_mtDNA
T	T	T	8746	HG002_all_regions	HG002_chr1.633402.634418|HISEQ1:19:H8VDAADXX:1:1113:4609:6159	HG002_chr1.633402.634418|HISEQ1:19:H8VDAADXX:1:1113:4609:6159	148	8741.0	8863.0	best_hit_to_mtDNA
A	A	A	8747	HG002_all_regions	HG002_chr1.633402.634418|HISEQ1:19:H8VDAADXX:1:1113:4609:6159	HG002_chr1.633402.634418|HISEQ1:19:H8VDAADXX:1:1113:4609:6159	148	8741.0	8863.0	best_hit_to_mtDNA
G	G	G	8748	HG002_all_regions	HG002_chr1.633402.634418|HISEQ1:19:H8VDAADXX:1:1113:4609:6159	HG002_chr1.633402.634418|HISEQ1:19:H8VDAADXX:1:1113:4609:6159	148	8741.0	8863.0	best_hit_to_mtDNA
T	T	T	8749	HG002_all_regions	HG002_chr1.633402.634418|HISEQ1:19:H8VDAADXX:1:1113:4609:6159	HG002_chr1.633402.634418|HISEQ1:19:H8VDAADXX:1:1113:4609:6159	148	8741.0	8863.0	best_hit_to_mtDNA
A	A	A	8750	HG002_all_regions	HG002_chr1.633402.634418|HISEQ1:19:H8VDAADXX:1:1113:4609:6159	HG002_chr1.633402.634418|HISEQ1:19:H8VDAADXX:1:1113:4609:6159	148	8741.0	8863.0	best_hit_to_mtDNA
T	T	T	8751	HG002_all_regions	HG002_chr1.633402.634418|HISEQ1:19:H8VDAADXX:1:1113:4609:6159	HG002_chr1.633402.634418|HISEQ1:19:H8VDAADXX:1:1113:4609:6159	148	8741.0	8863.0	best_hit_to_mtDNA
C	C	C	8752	HG002_all_regions	HG002_chr1.633402.634418|HISEQ1:19:H8VDAADXX:1:1113:4609:6159	HG002_chr1.633402.634418|HISEQ1:19:H8VDAADXX:1:1113:4609:6159	148	8741.0	8863.0	best_hit_to_mtDNA
C	C	C	8753	HG002_all_regions	HG002_chr1.633402.634418|HISEQ1:19:H8VDAADXX:1:1113:4609:6159	HG002_chr1.633402.634418|HISEQ1:19:H8VDAADXX:1:1113:4609:6159	148	8741.0	8863.0	best_hit_to_mtDNA
T	T	T	8754	HG002_all_regions	HG002_chr1.633402.634418|HISEQ1:19:H8VDAADXX:1:1113:4609:6159	HG002_chr1.633402.634418|HISEQ1:19:H8VDAADXX:1:1113:4609:6159	148	8741.0	8863.0	best_hit_to_mtDNA
T	T	T	8755	HG002_all_regions	HG002_chr1.633402.634418|HISEQ1:19:H8VDAADXX:1:1113:4609:6159	HG002_chr1.633402.634418|HISEQ1:19:H8VDAADXX:1:1113:4609:6159	148	8741.0	8863.0	best_hit_to_mtDNA
A	A	A	8756	HG002_all_regions	HG002_chr1.633402.634418|HISEQ1:19:H8VDAADXX:1:1113:4609:6159	HG002_chr1.633402.634418|HISEQ1:19:H8VDAADXX:1:1113:4609:6159	148	8741.0	8863.0	best_hit_to_mtDNA
A	A	A	8757	HG002_all_regions	HG002_chr1.633402.634418|HISEQ1:19:H8VDAADXX:1:1113:4609:6159	HG002_chr1.633402.634418|HISEQ1:19:H8VDAADXX:1:1113:4609:6159	148	8741.0	8863.0	best_hit_to_mtDNA
T	T	T	8758	HG002_all_regions	HG002_chr1.633402.634418|HISEQ1:19:H8VDAADXX:1:1113:4609:6159	HG002_chr1.633402.634418|HISEQ1:19:H8VDAADXX:1:1113:4609:6159	148	8741.0	8863.0	best_hit_to_mtDNA
C	C	C	8759	HG002_all_regions	HG002_chr1.633402.634418|HISEQ1:19:H8VDAADXX:1:1113:4609:6159	HG002_chr1.633402.634418|HISEQ1:19:H8VDAADXX:1:1113:4609:6159	148	8741.0	8863.0	best_hit_to_mtDNA
A	A	A	8760	HG002_all_regions	HG002_chr1.633402.634418|HISEQ1:19:H8VDAADXX:1:1113:4609:6159	HG002_chr1.633402.634418|HISEQ1:19:H8VDAADXX:1:1113:4609:6159	148	8741.0	8863.0	best_hit_to_mtDNA
T	T	T	8761	HG002_all_regions	HG002_chr1.633402.634418|HISEQ1:19:H8VDAADXX:1:1113:4609:6159	HG002_chr1.633402.634418|HISEQ1:19:H8VDAADXX:1:1113:4609:6159	148	8741.0	8863.0	best_hit_to_mtDNA
T	T	T	8762	HG002_all_regions	HG002_chr1.633402.634418|HISEQ1:19:H8VDAADXX:1:1113:4609:6159	HG002_chr1.633402.634418|HISEQ1:19:H8VDAADXX:1:1113:4609:6159	148	8741.0	8863.0	best_hit_to_mtDNA
T	T	T	8763	HG002_all_regions	HG002_chr1.633402.634418|HISEQ1:19:H8VDAADXX:1:1113:4609:6159	HG002_chr1.633402.634418|HISEQ1:19:H8VDAADXX:1:1113:4609:6159	148	8741.0	8863.0	best_hit_to_mtDNA
T	T	T	8764	HG002_all_regions	HG002_chr1.633402.634418|HISEQ1:19:H8VDAADXX:1:1113:4609:6159	HG002_chr1.633402.634418|HISEQ1:19:H8VDAADXX:1:1113:4609:6159	148	8741.0	8863.0	best_hit_to_mtDNA
T	T	T	8765	HG002_all_regions	HG002_chr1.633402.634418|HISEQ1:19:H8VDAADXX:1:1113:4609:6159	HG002_chr1.633402.634418|HISEQ1:19:H8VDAADXX:1:1113:4609:6159	148	8741.0	8863.0	best_hit_to_mtDNA
A	A	A	8766	HG002_all_regions	HG002_chr1.633402.634418|HISEQ1:19:H8VDAADXX:1:1113:4609:6159	HG002_chr1.633402.634418|HISEQ1:19:H8VDAADXX:1:1113:4609:6159	148	8741.0	8863.0	best_hit_to_mtDNA
T	T	T	8767	HG002_all_regions	HG002_chr1.633402.634418|HISEQ1:19:H8VDAADXX:1:1113:4609:6159	HG002_chr1.633402.634418|HISEQ1:19:H8VDAADXX:1:1113:4609:6159	148	8741.0	8863.0	best_hit_to_mtDNA
T	T	T	8768	HG002_all_regions	HG002_chr1.633402.634418|HISEQ1:19:H8VDAADXX:1:1113:4609:6159	HG002_chr1.633402.634418|HISEQ1:19:H8VDAADXX:1:1113:4609:6159	148	8741.0	8863.0	best_hit_to_mtDNA
G	A	G	8769	HG002_all_regions	HG002_chr1.633402.634418|HISEQ1:19:H8VDAADXX:1:1113:4609:6159	HG002_chr1.633402.634418|HISEQ1:19:H8VDAADXX:1:1113:4609:6159	148	8741.0	8863.0	best_hit_to_mtDNA
C	C	C	8770	HG002_all_regions	HG002_chr1.633402.634418|HISEQ1:19:H8VDAADXX:1:1113:4609:6159	HG002_chr1.633402.634418|HISEQ1:19:H8VDAADXX:1:1113:4609:6159	148	8741.0	8863.0	best_hit_to_mtDNA
C	C	C	8771	HG002_all_regions	HG002_chr1.633402.634418|HISEQ1:19:H8VDAADXX:1:1113:4609:6159	HG002_chr1.633402.634418|HISEQ1:19:H8VDAADXX:1:1113:4609:6159	148	8741.0	8863.0	best_hit_to_mtDNA
A	A	A	8772	HG002_all_regions	HG002_chr1.633402.634418|HISEQ1:19:H8VDAADXX:1:1113:4609:6159	HG002_chr1.633402.634418|HISEQ1:19:H8VDAADXX:1:1113:4609:6159	148	8741.0	8863.0	best_hit_to_mtDNA
C	C	C	8773	HG002_all_regions	HG002_chr1.633402.634418|HISEQ1:19:H8VDAADXX:1:1113:4609:6159	HG002_chr1.633402.634418|HISEQ1:19:H8VDAADXX:1:1113:4609:6159	148	8741.0	8863.0	best_hit_to_mtDNA
A	A	A	8774	HG002_all_regions	HG002_chr1.633402.634418|HISEQ1:19:H8VDAADXX:1:1113:4609:6159	HG002_chr1.633402.634418|HISEQ1:19:H8VDAADXX:1:1113:4609:6159	148	8741.0	8863.0	best_hit_to_mtDNA
A	A	A	8775	HG002_all_regions	HG002_chr1.633402.634418|HISEQ1:19:H8VDAADXX:1:1113:4609:6159	HG002_chr1.633402.634418|HISEQ1:19:H8VDAADXX:1:1113:4609:6159	148	8741.0	8863.0	best_hit_to_mtDNA
C	C	C	8776	HG002_all_regions	HG002_chr1.633402.634418|HISEQ1:19:H8VDAADXX:1:1113:4609:6159	HG002_chr1.633402.634418|HISEQ1:19:H8VDAADXX:1:1113:4609:6159	148	8741.0	8863.0	best_hit_to_mtDNA
T	C	T	8777	HG002_all_regions	HG002_chr1.633402.634418|HISEQ1:19:H8VDAADXX:1:1113:4609:6159	HG002_chr1.633402.634418|HISEQ1:19:H8VDAADXX:1:1113:4609:6159	148	8741.0	8863.0	best_hit_to_mtDNA
A	A	A	8778	HG002_all_regions	HG002_chr1.633402.634418|HISEQ1:19:H8VDAADXX:1:1113:4609:6159	HG002_chr1.633402.634418|HISEQ1:19:H8VDAADXX:1:1113:4609:6159	148	8741.0	8863.0	best_hit_to_mtDNA
A	A	A	8779	HG002_all_regions	HG002_chr1.633402.634418|HISEQ1:19:H8VDAADXX:1:1113:4609:6159	HG002_chr1.633402.634418|HISEQ1:19:H8VDAADXX:1:1113:4609:6159	148	8741.0	8863.0	best_hit_to_mtDNA
C	T	C	8780	HG002_all_regions	HG002_chr1.633402.634418|HISEQ1:19:H8VDAADXX:1:1113:4609:6159	HG002_chr1.633402.634418|HISEQ1:19:H8VDAADXX:1:1113:4609:6159	148	8741.0	8863.0	best_hit_to_mtDNA
C	C	C	8781	HG002_all_regions	HG002_chr1.633402.634418|HISEQ1:19:H8VDAADXX:1:1113:4609:6159	HG002_chr1.633402.634418|HISEQ1:19:H8VDAADXX:1:1113:4609:6159	148	8741.0	8863.0	best_hit_to_mtDNA
T	T	T	8782	HG002_all_regions	HG002_chr1.633402.634418|HISEQ1:19:H8VDAADXX:1:1113:4609:6159	HG002_chr1.633402.634418|HISEQ1:19:H8VDAADXX:1:1113:4609:6159	148	8741.0	8863.0	best_hit_to_mtDNA
C	T	C	8783	HG002_all_regions	HG002_chr1.633402.634418|HISEQ1:19:H8VDAADXX:1:1113:4609:6159	HG002_chr1.633402.634418|HISEQ1:19:H8VDAADXX:1:1113:4609:6159	148	8741.0	8863.0	best_hit_to_mtDNA
C	C	C	8784	HG002_all_regions	HG002_chr1.633402.634418|HISEQ1:19:H8VDAADXX:1:1113:4609:6159	HG002_chr1.633402.634418|HISEQ1:19:H8VDAADXX:1:1113:4609:6159	148	8741.0	8863.0	best_hit_to_mtDNA
T	T	T	8785	HG002_all_regions	HG002_chr1.633402.634418|HISEQ1:19:H8VDAADXX:1:1113:4609:6159	HG002_chr1.633402.634418|HISEQ1:19:H8VDAADXX:1:1113:4609:6159	148	8741.0	8863.0	best_hit_to_mtDNA
C	T	C	8786	HG002_all_regions	HG002_chr1.633402.634418|HISEQ1:19:H8VDAADXX:1:1113:4609:6159	HG002_chr1.633402.634418|HISEQ1:19:H8VDAADXX:1:1113:4609:6159	148	8741.0	8863.0	best_hit_to_mtDNA
G	G	G	8787	HG002_all_regions	HG002_chr1.633402.634418|HISEQ1:19:H8VDAADXX:1:1113:4609:6159	HG002_chr1.633402.634418|HISEQ1:19:H8VDAADXX:1:1113:4609:6159	148	8741.0	8863.0	best_hit_to_mtDNA
G	G	G	8788	HG002_all_regions	HG002_chr1.633402.634418|HISEQ1:19:H8VDAADXX:1:1113:4609:6159	HG002_chr1.633402.634418|HISEQ1:19:H8VDAADXX:1:1113:4609:6159	148	8741.0	8863.0	best_hit_to_mtDNA
A	G	A	8789	HG002_all_regions	HG002_chr1.633402.634418|HISEQ1:19:H8VDAADXX:1:1113:4609:6159	HG002_chr1.633402.634418|HISEQ1:19:H8VDAADXX:1:1113:4609:6159	148	8741.0	8863.0	best_hit_to_mtDNA
C	C	C	8790	HG002_all_regions	HG002_chr1.633402.634418|HISEQ1:19:H8VDAADXX:1:1113:4609:6159	HG002_chr1.633402.634418|HISEQ1:19:H8VDAADXX:1:1113:4609:6159	148	8741.0	8863.0	best_hit_to_mtDNA
T	T	T	8791	HG002_all_regions	HG002_chr1.633402.634418|HISEQ1:19:H8VDAADXX:1:1113:4609:6159	HG002_chr1.633402.634418|HISEQ1:19:H8VDAADXX:1:1113:4609:6159	148	8741.0	8863.0	best_hit_to_mtDNA
C	T	C	8792	HG002_all_regions	HG002_chr1.633402.634418|HISEQ1:19:H8VDAADXX:1:1113:4609:6159	HG002_chr1.633402.634418|HISEQ1:19:H8VDAADXX:1:1113:4609:6159	148	8741.0	8863.0	best_hit_to_mtDNA
C	C	C	8793	HG002_all_regions	HG002_chr1.633402.634418|HISEQ1:19:H8VDAADXX:1:1113:4609:6159	HG002_chr1.633402.634418|HISEQ1:19:H8VDAADXX:1:1113:4609:6159	148	8741.0	8863.0	best_hit_to_mtDNA
T	T	T	8794	HG002_all_regions	HG002_chr1.633402.634418|HISEQ1:19:H8VDAADXX:1:1113:4609:6159	HG002_chr1.633402.634418|HISEQ1:19:H8VDAADXX:1:1113:4609:6159	148	8741.0	8863.0	best_hit_to_mtDNA
G	A	G	8795	HG002_all_regions	HG002_chr1.633402.634418|HISEQ1:19:H8VDAADXX:1:1113:4609:6159	HG002_chr1.633402.634418|HISEQ1:19:H8VDAADXX:1:1113:4609:6159	148	8741.0	8863.0	best_hit_to_mtDNA
C	C	C	8796	HG002_all_regions	HG002_chr1.633402.634418|HISEQ1:19:H8VDAADXX:1:1113:4609:6159	HG002_chr1.633402.634418|HISEQ1:19:H8VDAADXX:1:1113:4609:6159	148	8741.0	8863.0	best_hit_to_mtDNA
C	C	C	8797	HG002_all_regions	HG002_chr1.633402.634418|HISEQ1:19:H8VDAADXX:1:1113:4609:6159	HG002_chr1.633402.634418|HISEQ1:19:H8VDAADXX:1:1113:4609:6159	148	8741.0	8863.0	best_hit_to_mtDNA
T	C	T	8798	HG002_all_regions	HG002_chr1.633402.634418|HISEQ1:19:H8VDAADXX:1:1113:4609:6159	HG002_chr1.633402.634418|HISEQ1:19:H8VDAADXX:1:1113:4609:6159	148	8741.0	8863.0	best_hit_to_mtDNA
C	C	C	8799	HG002_all_regions	HG002_chr1.633402.634418|HISEQ1:19:H8VDAADXX:1:1113:4609:6159	HG002_chr1.633402.634418|HISEQ1:19:H8VDAADXX:1:1113:4609:6159	148	8741.0	8863.0	best_hit_to_mtDNA
A	A	A	8800	HG002_all_regions	HG002_chr1.633402.634418|HISEQ1:19:H8VDAADXX:1:1113:4609:6159	HG002_chr1.633402.634418|HISEQ1:19:H8VDAADXX:1:1113:4609:6159	148	8741.0	8863.0	best_hit_to_mtDNA
C	C	C	8801	HG002_all_regions	HG002_chr1.633402.634418|HISEQ1:19:H8VDAADXX:1:1113:4609:6159	HG002_chr1.633402.634418|HISEQ1:19:H8VDAADXX:1:1113:4609:6159	148	8741.0	8863.0	best_hit_to_mtDNA
T	T	T	8802	HG002_all_regions	HG002_chr1.633402.634418|HISEQ1:19:H8VDAADXX:1:1113:4609:6159	HG002_chr1.633402.634418|HISEQ1:19:H8VDAADXX:1:1113:4609:6159	148	8741.0	8863.0	best_hit_to_mtDNA
C	C	C	8803	HG002_all_regions	HG002_chr1.633402.634418|HISEQ1:19:H8VDAADXX:1:1113:4609:6159	HG002_chr1.633402.634418|HISEQ1:19:H8VDAADXX:1:1113:4609:6159	148	8741.0	8863.0	best_hit_to_mtDNA
A	A	A	8804	HG002_all_regions	HG002_chr1.633402.634418|HISEQ1:19:H8VDAADXX:1:1113:4609:6159	HG002_chr1.633402.634418|HISEQ1:19:H8VDAADXX:1:1113:4609:6159	148	8741.0	8863.0	best_hit_to_mtDNA
T	T	T	8805	HG002_all_regions	HG002_chr1.633402.634418|HISEQ1:19:H8VDAADXX:1:1113:4609:6159	HG002_chr1.633402.634418|HISEQ1:19:H8VDAADXX:1:1113:4609:6159	148	8741.0	8863.0	best_hit_to_mtDNA
T	T	T	8806	HG002_all_regions	HG002_chr1.633402.634418|HISEQ1:19:H8VDAADXX:1:1113:4609:6159	HG002_chr1.633402.634418|HISEQ1:19:H8VDAADXX:1:1113:4609:6159	148	8741.0	8863.0	best_hit_to_mtDNA
T	C	T	8807	HG002_all_regions	HG002_chr1.633402.634418|HISEQ1:19:H8VDAADXX:1:1113:4609:6159	HG002_chr1.633402.634418|HISEQ1:19:H8VDAADXX:1:1113:4609:6159	148	8741.0	8863.0	best_hit_to_mtDNA
A	A	A	8808	HG002_all_regions	HG002_chr1.633402.634418|HISEQ1:19:H8VDAADXX:1:1113:4609:6159	HG002_chr1.633402.634418|HISEQ1:19:H8VDAADXX:1:1113:4609:6159	148	8741.0	8863.0	best_hit_to_mtDNA
C	C	C	8809	HG002_all_regions	HG002_chr1.633402.634418|HISEQ1:19:H8VDAADXX:1:1113:4609:6159	HG002_chr1.633402.634418|HISEQ1:19:H8VDAADXX:1:1113:4609:6159	148	8741.0	8863.0	best_hit_to_mtDNA
A	A	A	8810	HG002_all_regions	HG002_chr1.633402.634418|HISEQ1:19:H8VDAADXX:1:1113:4609:6159	HG002_chr1.633402.634418|HISEQ1:19:H8VDAADXX:1:1113:4609:6159	148	8741.0	8863.0	best_hit_to_mtDNA
C	C	C	8811	HG002_all_regions	HG002_chr1.633402.634418|HISEQ1:19:H8VDAADXX:1:1113:4609:6159	HG002_chr1.633402.634418|HISEQ1:19:H8VDAADXX:1:1113:4609:6159	148	8741.0	8863.0	best_hit_to_mtDNA
C	C	C	8812	HG002_all_regions	HG002_chr1.633402.634418|HISEQ1:19:H8VDAADXX:1:1113:4609:6159	HG002_chr1.633402.634418|HISEQ1:19:H8VDAADXX:1:1113:4609:6159	148	8741.0	8863.0	best_hit_to_mtDNA
A	A	A	8813	HG002_all_regions	HG002_chr1.633402.634418|HISEQ1:19:H8VDAADXX:1:1113:4609:6159	HG002_chr1.633402.634418|HISEQ1:19:H8VDAADXX:1:1113:4609:6159	148	8741.0	8863.0	best_hit_to_mtDNA
A	A	A	8814	HG002_all_regions	HG002_chr1.633402.634418|HISEQ1:19:H8VDAADXX:1:1113:4609:6159	HG002_chr1.633402.634418|HISEQ1:19:H8VDAADXX:1:1113:4609:6159	148	8741.0	8863.0	best_hit_to_mtDNA
C	C	C	8815	HG002_all_regions	HG002_chr1.633402.634418|HISEQ1:19:H8VDAADXX:1:1113:4609:6159	HG002_chr1.633402.634418|HISEQ1:19:H8VDAADXX:1:1113:4609:6159	148	8741.0	8863.0	best_hit_to_mtDNA
C	C	C	8816	HG002_all_regions	HG002_chr1.633402.634418|HISEQ1:19:H8VDAADXX:1:1113:4609:6159	HG002_chr1.633402.634418|HISEQ1:19:H8VDAADXX:1:1113:4609:6159	148	8741.0	8863.0	best_hit_to_mtDNA
A	A	A	8817	HG002_all_regions	HG002_chr1.633402.634418|HISEQ1:19:H8VDAADXX:1:1113:4609:6159	HG002_chr1.633402.634418|HISEQ1:19:H8VDAADXX:1:1113:4609:6159	148	8741.0	8863.0	best_hit_to_mtDNA
C	C	C	8818	HG002_all_regions	HG002_chr1.633402.634418|HISEQ1:19:H8VDAADXX:1:1113:4609:6159	HG002_chr1.633402.634418|HISEQ1:19:H8VDAADXX:1:1113:4609:6159	148	8741.0	8863.0	best_hit_to_mtDNA
C	C	C	8819	HG002_all_regions	HG002_chr1.633402.634418|HISEQ1:19:H8VDAADXX:1:1113:4609:6159	HG002_chr1.633402.634418|HISEQ1:19:H8VDAADXX:1:1113:4609:6159	148	8741.0	8863.0	best_hit_to_mtDNA
C	C	C	8820	HG002_all_regions	HG002_chr1.633402.634418|HISEQ1:19:H8VDAADXX:1:1113:4609:6159	HG002_chr1.633402.634418|HISEQ1:19:H8VDAADXX:1:1113:4609:6159	148	8741.0	8863.0	best_hit_to_mtDNA
A	A	A	8821	HG002_all_regions	HG002_chr1.633402.634418|HISEQ1:19:H8VDAADXX:1:1113:4609:6159	HG002_chr1.633402.634418|HISEQ1:19:H8VDAADXX:1:1113:4609:6159	148	8741.0	8863.0	best_hit_to_mtDNA
A	A	A	8822	HG002_all_regions	HG002_chr1.633402.634418|HISEQ1:19:H8VDAADXX:1:1113:4609:6159	HG002_chr1.633402.634418|HISEQ1:19:H8VDAADXX:1:1113:4609:6159	148	8741.0	8863.0	best_hit_to_mtDNA
C	C	C	8823	HG002_all_regions	HG002_chr1.633402.634418|HISEQ1:19:H8VDAADXX:1:1113:4609:6159	HG002_chr1.633402.634418|HISEQ1:19:H8VDAADXX:1:1113:4609:6159	148	8741.0	8863.0	best_hit_to_mtDNA
T	T	T	8824	HG002_all_regions	HG002_chr1.633402.634418|HISEQ1:19:H8VDAADXX:1:1113:4609:6159	HG002_chr1.633402.634418|HISEQ1:19:H8VDAADXX:1:1113:4609:6159	148	8741.0	8863.0	best_hit_to_mtDNA
A	A	A	8825	HG002_all_regions	HG002_chr1.633402.634418|HISEQ1:19:H8VDAADXX:1:1113:4609:6159	HG002_chr1.633402.634418|HISEQ1:19:H8VDAADXX:1:1113:4609:6159	148	8741.0	8863.0	best_hit_to_mtDNA
T	T	T	8826	HG002_all_regions	HG002_chr1.633402.634418|HISEQ1:19:H8VDAADXX:1:1113:4609:6159	HG002_chr1.633402.634418|HISEQ1:19:H8VDAADXX:1:1113:4609:6159	148	8741.0	8863.0	best_hit_to_mtDNA
C	C	C	8827	HG002_all_regions	HG002_chr1.633402.634418|HISEQ1:19:H8VDAADXX:1:1113:4609:6159	HG002_chr1.633402.634418|HISEQ1:19:H8VDAADXX:1:1113:4609:6159	148	8741.0	8863.0	best_hit_to_mtDNA
T	T	T	8828	HG002_all_regions	HG002_chr1.633402.634418|HISEQ1:19:H8VDAADXX:1:1113:4609:6159	HG002_chr1.633402.634418|HISEQ1:19:H8VDAADXX:1:1113:4609:6159	148	8741.0	8863.0	best_hit_to_mtDNA
A	A	A	8829	HG002_all_regions	HG002_chr1.633402.634418|HISEQ1:19:H8VDAADXX:1:1113:4609:6159	HG002_chr1.633402.634418|HISEQ1:19:H8VDAADXX:1:1113:4609:6159	148	8741.0	8863.0	best_hit_to_mtDNA
T	T	T	8830	HG002_all_regions	HG002_chr1.633402.634418|HISEQ1:19:H8VDAADXX:1:1113:4609:6159	HG002_chr1.633402.634418|HISEQ1:19:H8VDAADXX:1:1113:4609:6159	148	8741.0	8863.0	best_hit_to_mtDNA
A	A	A	8831	HG002_all_regions	HG002_chr1.633402.634418|HISEQ1:19:H8VDAADXX:1:1113:4609:6159	HG002_chr1.633402.634418|HISEQ1:19:H8VDAADXX:1:1113:4609:6159	148	8741.0	8863.0	best_hit_to_mtDNA
A	A	A	8832	HG002_all_regions	HG002_chr1.633402.634418|HISEQ1:19:H8VDAADXX:1:1113:4609:6159	HG002_chr1.633402.634418|HISEQ1:19:H8VDAADXX:1:1113:4609:6159	148	8741.0	8863.0	best_hit_to_mtDNA
A	A	A	8833	HG002_all_regions	HG002_chr1.633402.634418|HISEQ1:19:H8VDAADXX:1:1113:4609:6159	HG002_chr1.633402.634418|HISEQ1:19:H8VDAADXX:1:1113:4609:6159	148	8741.0	8863.0	best_hit_to_mtDNA
C	C	C	8834	HG002_all_regions	HG002_chr1.633402.634418|HISEQ1:19:H8VDAADXX:1:1113:4609:6159	HG002_chr1.633402.634418|HISEQ1:19:H8VDAADXX:1:1113:4609:6159	148	8741.0	8863.0	best_hit_to_mtDNA
C	C	C	8835	HG002_all_regions	HG002_chr1.633402.634418|HISEQ1:19:H8VDAADXX:1:1113:4609:6159	HG002_chr1.633402.634418|HISEQ1:19:H8VDAADXX:1:1113:4609:6159	148	8741.0	8863.0	best_hit_to_mtDNA
T	T	T	8836	HG002_all_regions	HG002_chr1.633402.634418|HISEQ1:19:H8VDAADXX:1:1113:4609:6159	HG002_chr1.633402.634418|HISEQ1:19:H8VDAADXX:1:1113:4609:6159	148	8741.0	8863.0	best_hit_to_mtDNA
A	A	A	8837	HG002_all_regions	HG002_chr1.633402.634418|HISEQ1:19:H8VDAADXX:1:1113:4609:6159	HG002_chr1.633402.634418|HISEQ1:19:H8VDAADXX:1:1113:4609:6159	148	8741.0	8863.0	best_hit_to_mtDNA
G	G	G	8838	HG002_all_regions	HG002_chr1.633402.634418|HISEQ1:19:H8VDAADXX:1:1113:4609:6159	HG002_chr1.633402.634418|HISEQ1:19:H8VDAADXX:1:1113:4609:6159	148	8741.0	8863.0	best_hit_to_mtDNA
C	C	C	8839	HG002_all_regions	HG002_chr1.633402.634418|HISEQ1:19:H8VDAADXX:1:1113:4609:6159	HG002_chr1.633402.634418|HISEQ1:19:H8VDAADXX:1:1113:4609:6159	148	8741.0	8863.0	best_hit_to_mtDNA
C	C	C	8840	HG002_all_regions	HG002_chr1.633402.634418|HISEQ1:19:H8VDAADXX:1:1113:4609:6159	HG002_chr1.633402.634418|HISEQ1:19:H8VDAADXX:1:1113:4609:6159	148	8741.0	8863.0	best_hit_to_mtDNA
A	A	A	8841	HG002_all_regions	HG002_chr1.633402.634418|HISEQ1:19:H8VDAADXX:1:1113:4609:6159	HG002_chr1.633402.634418|HISEQ1:19:H8VDAADXX:1:1113:4609:6159	148	8741.0	8863.0	best_hit_to_mtDNA
T	T	T	8842	HG002_all_regions	HG002_chr1.633402.634418|HISEQ1:19:H8VDAADXX:1:1113:4609:6159	HG002_chr1.633402.634418|HISEQ1:19:H8VDAADXX:1:1113:4609:6159	148	8741.0	8863.0	best_hit_to_mtDNA
G	G	G	8843	HG002_all_regions	HG002_chr1.633402.634418|HISEQ1:19:H8VDAADXX:1:1113:4609:6159	HG002_chr1.633402.634418|HISEQ1:19:H8VDAADXX:1:1113:4609:6159	148	8741.0	8863.0	best_hit_to_mtDNA
G	G	G	8844	HG002_all_regions	HG002_chr1.633402.634418|HISEQ1:19:H8VDAADXX:1:1113:4609:6159	HG002_chr1.633402.634418|HISEQ1:19:H8VDAADXX:1:1113:4609:6159	148	8741.0	8863.0	best_hit_to_mtDNA
C	C	C	8845	HG002_all_regions	HG002_chr1.633402.634418|HISEQ1:19:H8VDAADXX:1:1113:4609:6159	HG002_chr1.633402.634418|HISEQ1:19:H8VDAADXX:1:1113:4609:6159	148	8741.0	8863.0	best_hit_to_mtDNA
C	T	C	8846	HG002_all_regions	HG002_chr1.633402.634418|HISEQ1:19:H8VDAADXX:1:1113:4609:6159	HG002_chr1.633402.634418|HISEQ1:19:H8VDAADXX:1:1113:4609:6159	148	8741.0	8863.0	best_hit_to_mtDNA
A	A	A	8847	HG002_all_regions	HG002_chr1.633402.634418|HISEQ1:19:H8VDAADXX:1:1113:4609:6159	HG002_chr1.633402.634418|HISEQ1:19:H8VDAADXX:1:1113:4609:6159	148	8741.0	8863.0	best_hit_to_mtDNA
T	T	T	8848	HG002_all_regions	HG002_chr1.633402.634418|HISEQ1:19:H8VDAADXX:1:1113:4609:6159	HG002_chr1.633402.634418|HISEQ1:19:H8VDAADXX:1:1113:4609:6159	148	8741.0	8863.0	best_hit_to_mtDNA
C	C	C	8849	HG002_all_regions	HG002_chr1.633402.634418|HISEQ1:19:H8VDAADXX:1:1113:4609:6159	HG002_chr1.633402.634418|HISEQ1:19:H8VDAADXX:1:1113:4609:6159	148	8741.0	8863.0	best_hit_to_mtDNA
C	C	C	8850	HG002_all_regions	HG002_chr1.633402.634418|HISEQ1:19:H8VDAADXX:1:1113:4609:6159	HG002_chr1.633402.634418|HISEQ1:19:H8VDAADXX:1:1113:4609:6159	148	8741.0	8863.0	best_hit_to_mtDNA
C	C	C	8851	HG002_all_regions	HG002_chr1.633402.634418|HISEQ1:19:H8VDAADXX:1:1113:4609:6159	HG002_chr1.633402.634418|HISEQ1:19:H8VDAADXX:1:1113:4609:6159	148	8741.0	8863.0	best_hit_to_mtDNA
C	C	C	8852	HG002_all_regions	HG002_chr1.633402.634418|HISEQ1:19:H8VDAADXX:1:1113:4609:6159	HG002_chr1.633402.634418|HISEQ1:19:H8VDAADXX:1:1113:4609:6159	148	8741.0	8863.0	best_hit_to_mtDNA
T	C	T	8853	HG002_all_regions	HG002_chr1.633402.634418|HISEQ1:19:H8VDAADXX:1:1113:4609:6159	HG002_chr1.633402.634418|HISEQ1:19:H8VDAADXX:1:1113:4609:6159	148	8741.0	8863.0	best_hit_to_mtDNA
T	T	T	8854	HG002_all_regions	HG002_chr1.633402.634418|HISEQ1:19:H8VDAADXX:1:1113:4609:6159	HG002_chr1.633402.634418|HISEQ1:19:H8VDAADXX:1:1113:4609:6159	148	8741.0	8863.0	best_hit_to_mtDNA
A	A	A	8855	HG002_all_regions	HG002_chr1.633402.634418|HISEQ1:19:H8VDAADXX:1:1113:4609:6159	HG002_chr1.633402.634418|HISEQ1:19:H8VDAADXX:1:1113:4609:6159	148	8741.0	8863.0	best_hit_to_mtDNA
T	T	T	8856	HG002_all_regions	HG002_chr1.633402.634418|HISEQ1:19:H8VDAADXX:1:1113:4609:6159	HG002_chr1.633402.634418|HISEQ1:19:H8VDAADXX:1:1113:4609:6159	148	8741.0	8863.0	best_hit_to_mtDNA
G	G	G	8857	HG002_all_regions	HG002_chr1.633402.634418|HISEQ1:19:H8VDAADXX:1:1113:4609:6159	HG002_chr1.633402.634418|HISEQ1:19:H8VDAADXX:1:1113:4609:6159	148	8741.0	8863.0	best_hit_to_mtDNA
A	A	A	8858	HG002_all_regions	HG002_chr1.633402.634418|HISEQ1:19:H8VDAADXX:1:1113:4609:6159	HG002_chr1.633402.634418|HISEQ1:19:H8VDAADXX:1:1113:4609:6159	148	8741.0	8863.0	best_hit_to_mtDNA
G	G	G	8859	HG002_all_regions	HG002_chr1.633402.634418|HISEQ1:19:H8VDAADXX:1:1113:4609:6159	HG002_chr1.633402.634418|HISEQ1:19:H8VDAADXX:1:1113:4609:6159	148	8741.0	8863.0	best_hit_to_mtDNA
C	C	C	8860	HG002_all_regions	HG002_chr1.633402.634418|HISEQ1:19:H8VDAADXX:1:1113:4609:6159	HG002_chr1.633402.634418|HISEQ1:19:H8VDAADXX:1:1113:4609:6159	148	8741.0	8863.0	best_hit_to_mtDNA
G	A	G	8861	HG002_all_regions	HG002_chr1.633402.634418|HISEQ1:19:H8VDAADXX:1:1113:4609:6159	HG002_chr1.633402.634418|HISEQ1:19:H8VDAADXX:1:1113:4609:6159	148	8741.0	8863.0	best_hit_to_mtDNA
G	G	G	8862	HG002_all_regions	HG002_chr1.633402.634418|HISEQ1:19:H8VDAADXX:1:1113:4609:6159	HG002_chr1.633402.634418|HISEQ1:19:H8VDAADXX:1:1113:4609:6159	148	8741.0	8863.0	best_hit_to_mtDNA
T	T	T	8746	HG002_all_regions	HG002_chr1.633402.634418|HISEQ1:19:H8VDAADXX:1:1113:4609:6159	HG002_chr1.633402.634418|HISEQ1:19:H8VDAADXX:1:1113:4609:6159	148	8741.0	8863.0	best_hit_to_mtDNA
A	A	A	8747	HG002_all_regions	HG002_chr1.633402.634418|HISEQ1:19:H8VDAADXX:1:1113:4609:6159	HG002_chr1.633402.634418|HISEQ1:19:H8VDAADXX:1:1113:4609:6159	148	8741.0	8863.0	best_hit_to_mtDNA
G	G	G	8748	HG002_all_regions	HG002_chr1.633402.634418|HISEQ1:19:H8VDAADXX:1:1113:4609:6159	HG002_chr1.633402.634418|HISEQ1:19:H8VDAADXX:1:1113:4609:6159	148	8741.0	8863.0	best_hit_to_mtDNA
T	T	T	8749	HG002_all_regions	HG002_chr1.633402.634418|HISEQ1:19:H8VDAADXX:1:1113:4609:6159	HG002_chr1.633402.634418|HISEQ1:19:H8VDAADXX:1:1113:4609:6159	148	8741.0	8863.0	best_hit_to_mtDNA
A	A	A	8750	HG002_all_regions	HG002_chr1.633402.634418|HISEQ1:19:H8VDAADXX:1:1113:4609:6159	HG002_chr1.633402.634418|HISEQ1:19:H8VDAADXX:1:1113:4609:6159	148	8741.0	8863.0	best_hit_to_mtDNA
T	T	T	8751	HG002_all_regions	HG002_chr1.633402.634418|HISEQ1:19:H8VDAADXX:1:1113:4609:6159	HG002_chr1.633402.634418|HISEQ1:19:H8VDAADXX:1:1113:4609:6159	148	8741.0	8863.0	best_hit_to_mtDNA
C	C	C	8752	HG002_all_regions	HG002_chr1.633402.634418|HISEQ1:19:H8VDAADXX:1:1113:4609:6159	HG002_chr1.633402.634418|HISEQ1:19:H8VDAADXX:1:1113:4609:6159	148	8741.0	8863.0	best_hit_to_mtDNA
C	C	C	8753	HG002_all_regions	HG002_chr1.633402.634418|HISEQ1:19:H8VDAADXX:1:1113:4609:6159	HG002_chr1.633402.634418|HISEQ1:19:H8VDAADXX:1:1113:4609:6159	148	8741.0	8863.0	best_hit_to_mtDNA
T	T	T	8754	HG002_all_regions	HG002_chr1.633402.634418|HISEQ1:19:H8VDAADXX:1:1113:4609:6159	HG002_chr1.633402.634418|HISEQ1:19:H8VDAADXX:1:1113:4609:6159	148	8741.0	8863.0	best_hit_to_mtDNA
T	T	T	8755	HG002_all_regions	HG002_chr1.633402.634418|HISEQ1:19:H8VDAADXX:1:1113:4609:6159	HG002_chr1.633402.634418|HISEQ1:19:H8VDAADXX:1:1113:4609:6159	148	8741.0	8863.0	best_hit_to_mtDNA
A	A	A	8756	HG002_all_regions	HG002_chr1.633402.634418|HISEQ1:19:H8VDAADXX:1:1113:4609:6159	HG002_chr1.633402.634418|HISEQ1:19:H8VDAADXX:1:1113:4609:6159	148	8741.0	8863.0	best_hit_to_mtDNA
A	A	A	8757	HG002_all_regions	HG002_chr1.633402.634418|HISEQ1:19:H8VDAADXX:1:1113:4609:6159	HG002_chr1.633402.634418|HISEQ1:19:H8VDAADXX:1:1113:4609:6159	148	8741.0	8863.0	best_hit_to_mtDNA
T	T	T	8758	HG002_all_regions	HG002_chr1.633402.634418|HISEQ1:19:H8VDAADXX:1:1113:4609:6159	HG002_chr1.633402.634418|HISEQ1:19:H8VDAADXX:1:1113:4609:6159	148	8741.0	8863.0	best_hit_to_mtDNA
C	C	C	8759	HG002_all_regions	HG002_chr1.633402.634418|HISEQ1:19:H8VDAADXX:1:1113:4609:6159	HG002_chr1.633402.634418|HISEQ1:19:H8VDAADXX:1:1113:4609:6159	148	8741.0	8863.0	best_hit_to_mtDNA
A	A	A	8760	HG002_all_regions	HG002_chr1.633402.634418|HISEQ1:19:H8VDAADXX:1:1113:4609:6159	HG002_chr1.633402.634418|HISEQ1:19:H8VDAADXX:1:1113:4609:6159	148	8741.0	8863.0	best_hit_to_mtDNA
T	T	T	8761	HG002_all_regions	HG002_chr1.633402.634418|HISEQ1:19:H8VDAADXX:1:1113:4609:6159	HG002_chr1.633402.634418|HISEQ1:19:H8VDAADXX:1:1113:4609:6159	148	8741.0	8863.0	best_hit_to_mtDNA
T	T	T	8762	HG002_all_regions	HG002_chr1.633402.634418|HISEQ1:19:H8VDAADXX:1:1113:4609:6159	HG002_chr1.633402.634418|HISEQ1:19:H8VDAADXX:1:1113:4609:6159	148	8741.0	8863.0	best_hit_to_mtDNA
T	T	T	8763	HG002_all_regions	HG002_chr1.633402.634418|HISEQ1:19:H8VDAADXX:1:1113:4609:6159	HG002_chr1.633402.634418|HISEQ1:19:H8VDAADXX:1:1113:4609:6159	148	8741.0	8863.0	best_hit_to_mtDNA
T	T	T	8764	HG002_all_regions	HG002_chr1.633402.634418|HISEQ1:19:H8VDAADXX:1:1113:4609:6159	HG002_chr1.633402.634418|HISEQ1:19:H8VDAADXX:1:1113:4609:6159	148	8741.0	8863.0	best_hit_to_mtDNA
T	T	T	8765	HG002_all_regions	HG002_chr1.633402.634418|HISEQ1:19:H8VDAADXX:1:1113:4609:6159	HG002_chr1.633402.634418|HISEQ1:19:H8VDAADXX:1:1113:4609:6159	148	8741.0	8863.0	best_hit_to_mtDNA
A	A	A	8766	HG002_all_regions	HG002_chr1.633402.634418|HISEQ1:19:H8VDAADXX:1:1113:4609:6159	HG002_chr1.633402.634418|HISEQ1:19:H8VDAADXX:1:1113:4609:6159	148	8741.0	8863.0	best_hit_to_mtDNA
T	T	T	8767	HG002_all_regions	HG002_chr1.633402.634418|HISEQ1:19:H8VDAADXX:1:1113:4609:6159	HG002_chr1.633402.634418|HISEQ1:19:H8VDAADXX:1:1113:4609:6159	148	8741.0	8863.0	best_hit_to_mtDNA
T	T	T	8768	HG002_all_regions	HG002_chr1.633402.634418|HISEQ1:19:H8VDAADXX:1:1113:4609:6159	HG002_chr1.633402.634418|HISEQ1:19:H8VDAADXX:1:1113:4609:6159	148	8741.0	8863.0	best_hit_to_mtDNA
G	A	G	8769	HG002_all_regions	HG002_chr1.633402.634418|HISEQ1:19:H8VDAADXX:1:1113:4609:6159	HG002_chr1.633402.634418|HISEQ1:19:H8VDAADXX:1:1113:4609:6159	148	8741.0	8863.0	best_hit_to_mtDNA
C	C	C	8770	HG002_all_regions	HG002_chr1.633402.634418|HISEQ1:19:H8VDAADXX:1:1113:4609:6159	HG002_chr1.633402.634418|HISEQ1:19:H8VDAADXX:1:1113:4609:6159	148	8741.0	8863.0	best_hit_to_mtDNA
C	C	C	8771	HG002_all_regions	HG002_chr1.633402.634418|HISEQ1:19:H8VDAADXX:1:1113:4609:6159	HG002_chr1.633402.634418|HISEQ1:19:H8VDAADXX:1:1113:4609:6159	148	8741.0	8863.0	best_hit_to_mtDNA
A	A	A	8772	HG002_all_regions	HG002_chr1.633402.634418|HISEQ1:19:H8VDAADXX:1:1113:4609:6159	HG002_chr1.633402.634418|HISEQ1:19:H8VDAADXX:1:1113:4609:6159	148	8741.0	8863.0	best_hit_to_mtDNA
C	C	C	8773	HG002_all_regions	HG002_chr1.633402.634418|HISEQ1:19:H8VDAADXX:1:1113:4609:6159	HG002_chr1.633402.634418|HISEQ1:19:H8VDAADXX:1:1113:4609:6159	148	8741.0	8863.0	best_hit_to_mtDNA
A	A	A	8774	HG002_all_regions	HG002_chr1.633402.634418|HISEQ1:19:H8VDAADXX:1:1113:4609:6159	HG002_chr1.633402.634418|HISEQ1:19:H8VDAADXX:1:1113:4609:6159	148	8741.0	8863.0	best_hit_to_mtDNA
A	A	A	8775	HG002_all_regions	HG002_chr1.633402.634418|HISEQ1:19:H8VDAADXX:1:1113:4609:6159	HG002_chr1.633402.634418|HISEQ1:19:H8VDAADXX:1:1113:4609:6159	148	8741.0	8863.0	best_hit_to_mtDNA
C	C	C	8776	HG002_all_regions	HG002_chr1.633402.634418|HISEQ1:19:H8VDAADXX:1:1113:4609:6159	HG002_chr1.633402.634418|HISEQ1:19:H8VDAADXX:1:1113:4609:6159	148	8741.0	8863.0	best_hit_to_mtDNA
T	C	T	8777	HG002_all_regions	HG002_chr1.633402.634418|HISEQ1:19:H8VDAADXX:1:1113:4609:6159	HG002_chr1.633402.634418|HISEQ1:19:H8VDAADXX:1:1113:4609:6159	148	8741.0	8863.0	best_hit_to_mtDNA
A	A	A	8778	HG002_all_regions	HG002_chr1.633402.634418|HISEQ1:19:H8VDAADXX:1:1113:4609:6159	HG002_chr1.633402.634418|HISEQ1:19:H8VDAADXX:1:1113:4609:6159	148	8741.0	8863.0	best_hit_to_mtDNA
A	A	A	8779	HG002_all_regions	HG002_chr1.633402.634418|HISEQ1:19:H8VDAADXX:1:1113:4609:6159	HG002_chr1.633402.634418|HISEQ1:19:H8VDAADXX:1:1113:4609:6159	148	8741.0	8863.0	best_hit_to_mtDNA
C	T	C	8780	HG002_all_regions	HG002_chr1.633402.634418|HISEQ1:19:H8VDAADXX:1:1113:4609:6159	HG002_chr1.633402.634418|HISEQ1:19:H8VDAADXX:1:1113:4609:6159	148	8741.0	8863.0	best_hit_to_mtDNA
C	C	C	8781	HG002_all_regions	HG002_chr1.633402.634418|HISEQ1:19:H8VDAADXX:1:1113:4609:6159	HG002_chr1.633402.634418|HISEQ1:19:H8VDAADXX:1:1113:4609:6159	148	8741.0	8863.0	best_hit_to_mtDNA
T	T	T	8782	HG002_all_regions	HG002_chr1.633402.634418|HISEQ1:19:H8VDAADXX:1:1113:4609:6159	HG002_chr1.633402.634418|HISEQ1:19:H8VDAADXX:1:1113:4609:6159	148	8741.0	8863.0	best_hit_to_mtDNA
C	T	C	8783	HG002_all_regions	HG002_chr1.633402.634418|HISEQ1:19:H8VDAADXX:1:1113:4609:6159	HG002_chr1.633402.634418|HISEQ1:19:H8VDAADXX:1:1113:4609:6159	148	8741.0	8863.0	best_hit_to_mtDNA
C	C	C	8784	HG002_all_regions	HG002_chr1.633402.634418|HISEQ1:19:H8VDAADXX:1:1113:4609:6159	HG002_chr1.633402.634418|HISEQ1:19:H8VDAADXX:1:1113:4609:6159	148	8741.0	8863.0	best_hit_to_mtDNA
T	T	T	8785	HG002_all_regions	HG002_chr1.633402.634418|HISEQ1:19:H8VDAADXX:1:1113:4609:6159	HG002_chr1.633402.634418|HISEQ1:19:H8VDAADXX:1:1113:4609:6159	148	8741.0	8863.0	best_hit_to_mtDNA
C	T	C	8786	HG002_all_regions	HG002_chr1.633402.634418|HISEQ1:19:H8VDAADXX:1:1113:4609:6159	HG002_chr1.633402.634418|HISEQ1:19:H8VDAADXX:1:1113:4609:6159	148	8741.0	8863.0	best_hit_to_mtDNA
G	G	G	8787	HG002_all_regions	HG002_chr1.633402.634418|HISEQ1:19:H8VDAADXX:1:1113:4609:6159	HG002_chr1.633402.634418|HISEQ1:19:H8VDAADXX:1:1113:4609:6159	148	8741.0	8863.0	best_hit_to_mtDNA
G	G	G	8788	HG002_all_regions	HG002_chr1.633402.634418|HISEQ1:19:H8VDAADXX:1:1113:4609:6159	HG002_chr1.633402.634418|HISEQ1:19:H8VDAADXX:1:1113:4609:6159	148	8741.0	8863.0	best_hit_to_mtDNA
A	G	A	8789	HG002_all_regions	HG002_chr1.633402.634418|HISEQ1:19:H8VDAADXX:1:1113:4609:6159	HG002_chr1.633402.634418|HISEQ1:19:H8VDAADXX:1:1113:4609:6159	148	8741.0	8863.0	best_hit_to_mtDNA
C	C	C	8790	HG002_all_regions	HG002_chr1.633402.634418|HISEQ1:19:H8VDAADXX:1:1113:4609:6159	HG002_chr1.633402.634418|HISEQ1:19:H8VDAADXX:1:1113:4609:6159	148	8741.0	8863.0	best_hit_to_mtDNA
T	T	T	8791	HG002_all_regions	HG002_chr1.633402.634418|HISEQ1:19:H8VDAADXX:1:1113:4609:6159	HG002_chr1.633402.634418|HISEQ1:19:H8VDAADXX:1:1113:4609:6159	148	8741.0	8863.0	best_hit_to_mtDNA
C	T	C	8792	HG002_all_regions	HG002_chr1.633402.634418|HISEQ1:19:H8VDAADXX:1:1113:4609:6159	HG002_chr1.633402.634418|HISEQ1:19:H8VDAADXX:1:1113:4609:6159	148	8741.0	8863.0	best_hit_to_mtDNA
C	C	C	8793	HG002_all_regions	HG002_chr1.633402.634418|HISEQ1:19:H8VDAADXX:1:1113:4609:6159	HG002_chr1.633402.634418|HISEQ1:19:H8VDAADXX:1:1113:4609:6159	148	8741.0	8863.0	best_hit_to_mtDNA
T	T	T	8794	HG002_all_regions	HG002_chr1.633402.634418|HISEQ1:19:H8VDAADXX:1:1113:4609:6159	HG002_chr1.633402.634418|HISEQ1:19:H8VDAADXX:1:1113:4609:6159	148	8741.0	8863.0	best_hit_to_mtDNA
G	A	G	8795	HG002_all_regions	HG002_chr1.633402.634418|HISEQ1:19:H8VDAADXX:1:1113:4609:6159	HG002_chr1.633402.634418|HISEQ1:19:H8VDAADXX:1:1113:4609:6159	148	8741.0	8863.0	best_hit_to_mtDNA
C	C	C	8796	HG002_all_regions	HG002_chr1.633402.634418|HISEQ1:19:H8VDAADXX:1:1113:4609:6159	HG002_chr1.633402.634418|HISEQ1:19:H8VDAADXX:1:1113:4609:6159	148	8741.0	8863.0	best_hit_to_mtDNA
C	C	C	8797	HG002_all_regions	HG002_chr1.633402.634418|HISEQ1:19:H8VDAADXX:1:1113:4609:6159	HG002_chr1.633402.634418|HISEQ1:19:H8VDAADXX:1:1113:4609:6159	148	8741.0	8863.0	best_hit_to_mtDNA
T	C	T	8798	HG002_all_regions	HG002_chr1.633402.634418|HISEQ1:19:H8VDAADXX:1:1113:4609:6159	HG002_chr1.633402.634418|HISEQ1:19:H8VDAADXX:1:1113:4609:6159	148	8741.0	8863.0	best_hit_to_mtDNA
C	C	C	8799	HG002_all_regions	HG002_chr1.633402.634418|HISEQ1:19:H8VDAADXX:1:1113:4609:6159	HG002_chr1.633402.634418|HISEQ1:19:H8VDAADXX:1:1113:4609:6159	148	8741.0	8863.0	best_hit_to_mtDNA
A	A	A	8800	HG002_all_regions	HG002_chr1.633402.634418|HISEQ1:19:H8VDAADXX:1:1113:4609:6159	HG002_chr1.633402.634418|HISEQ1:19:H8VDAADXX:1:1113:4609:6159	148	8741.0	8863.0	best_hit_to_mtDNA
C	C	C	8801	HG002_all_regions	HG002_chr1.633402.634418|HISEQ1:19:H8VDAADXX:1:1113:4609:6159	HG002_chr1.633402.634418|HISEQ1:19:H8VDAADXX:1:1113:4609:6159	148	8741.0	8863.0	best_hit_to_mtDNA
T	T	T	8802	HG002_all_regions	HG002_chr1.633402.634418|HISEQ1:19:H8VDAADXX:1:1113:4609:6159	HG002_chr1.633402.634418|HISEQ1:19:H8VDAADXX:1:1113:4609:6159	148	8741.0	8863.0	best_hit_to_mtDNA
C	C	C	8803	HG002_all_regions	HG002_chr1.633402.634418|HISEQ1:19:H8VDAADXX:1:1113:4609:6159	HG002_chr1.633402.634418|HISEQ1:19:H8VDAADXX:1:1113:4609:6159	148	8741.0	8863.0	best_hit_to_mtDNA
A	A	A	8804	HG002_all_regions	HG002_chr1.633402.634418|HISEQ1:19:H8VDAADXX:1:1113:4609:6159	HG002_chr1.633402.634418|HISEQ1:19:H8VDAADXX:1:1113:4609:6159	148	8741.0	8863.0	best_hit_to_mtDNA
T	T	T	8805	HG002_all_regions	HG002_chr1.633402.634418|HISEQ1:19:H8VDAADXX:1:1113:4609:6159	HG002_chr1.633402.634418|HISEQ1:19:H8VDAADXX:1:1113:4609:6159	148	8741.0	8863.0	best_hit_to_mtDNA
T	T	T	8806	HG002_all_regions	HG002_chr1.633402.634418|HISEQ1:19:H8VDAADXX:1:1113:4609:6159	HG002_chr1.633402.634418|HISEQ1:19:H8VDAADXX:1:1113:4609:6159	148	8741.0	8863.0	best_hit_to_mtDNA
T	C	T	8807	HG002_all_regions	HG002_chr1.633402.634418|HISEQ1:19:H8VDAADXX:1:1113:4609:6159	HG002_chr1.633402.634418|HISEQ1:19:H8VDAADXX:1:1113:4609:6159	148	8741.0	8863.0	best_hit_to_mtDNA
A	A	A	8808	HG002_all_regions	HG002_chr1.633402.634418|HISEQ1:19:H8VDAADXX:1:1113:4609:6159	HG002_chr1.633402.634418|HISEQ1:19:H8VDAADXX:1:1113:4609:6159	148	8741.0	8863.0	best_hit_to_mtDNA
C	C	C	8809	HG002_all_regions	HG002_chr1.633402.634418|HISEQ1:19:H8VDAADXX:1:1113:4609:6159	HG002_chr1.633402.634418|HISEQ1:19:H8VDAADXX:1:1113:4609:6159	148	8741.0	8863.0	best_hit_to_mtDNA
A	A	A	8810	HG002_all_regions	HG002_chr1.633402.634418|HISEQ1:19:H8VDAADXX:1:1113:4609:6159	HG002_chr1.633402.634418|HISEQ1:19:H8VDAADXX:1:1113:4609:6159	148	8741.0	8863.0	best_hit_to_mtDNA
C	C	C	8811	HG002_all_regions	HG002_chr1.633402.634418|HISEQ1:19:H8VDAADXX:1:1113:4609:6159	HG002_chr1.633402.634418|HISEQ1:19:H8VDAADXX:1:1113:4609:6159	148	8741.0	8863.0	best_hit_to_mtDNA
C	C	C	8812	HG002_all_regions	HG002_chr1.633402.634418|HISEQ1:19:H8VDAADXX:1:1113:4609:6159	HG002_chr1.633402.634418|HISEQ1:19:H8VDAADXX:1:1113:4609:6159	148	8741.0	8863.0	best_hit_to_mtDNA
A	A	A	8813	HG002_all_regions	HG002_chr1.633402.634418|HISEQ1:19:H8VDAADXX:1:1113:4609:6159	HG002_chr1.633402.634418|HISEQ1:19:H8VDAADXX:1:1113:4609:6159	148	8741.0	8863.0	best_hit_to_mtDNA
A	A	A	8814	HG002_all_regions	HG002_chr1.633402.634418|HISEQ1:19:H8VDAADXX:1:1113:4609:6159	HG002_chr1.633402.634418|HISEQ1:19:H8VDAADXX:1:1113:4609:6159	148	8741.0	8863.0	best_hit_to_mtDNA
C	C	C	8815	HG002_all_regions	HG002_chr1.633402.634418|HISEQ1:19:H8VDAADXX:1:1113:4609:6159	HG002_chr1.633402.634418|HISEQ1:19:H8VDAADXX:1:1113:4609:6159	148	8741.0	8863.0	best_hit_to_mtDNA
C	C	C	8816	HG002_all_regions	HG002_chr1.633402.634418|HISEQ1:19:H8VDAADXX:1:1113:4609:6159	HG002_chr1.633402.634418|HISEQ1:19:H8VDAADXX:1:1113:4609:6159	148	8741.0	8863.0	best_hit_to_mtDNA
A	A	A	8817	HG002_all_regions	HG002_chr1.633402.634418|HISEQ1:19:H8VDAADXX:1:1113:4609:6159	HG002_chr1.633402.634418|HISEQ1:19:H8VDAADXX:1:1113:4609:6159	148	8741.0	8863.0	best_hit_to_mtDNA
C	C	C	8818	HG002_all_regions	HG002_chr1.633402.634418|HISEQ1:19:H8VDAADXX:1:1113:4609:6159	HG002_chr1.633402.634418|HISEQ1:19:H8VDAADXX:1:1113:4609:6159	148	8741.0	8863.0	best_hit_to_mtDNA
C	C	C	8819	HG002_all_regions	HG002_chr1.633402.634418|HISEQ1:19:H8VDAADXX:1:1113:4609:6159	HG002_chr1.633402.634418|HISEQ1:19:H8VDAADXX:1:1113:4609:6159	148	8741.0	8863.0	best_hit_to_mtDNA
C	C	C	8820	HG002_all_regions	HG002_chr1.633402.634418|HISEQ1:19:H8VDAADXX:1:1113:4609:6159	HG002_chr1.633402.634418|HISEQ1:19:H8VDAADXX:1:1113:4609:6159	148	8741.0	8863.0	best_hit_to_mtDNA
A	A	A	8821	HG002_all_regions	HG002_chr1.633402.634418|HISEQ1:19:H8VDAADXX:1:1113:4609:6159	HG002_chr1.633402.634418|HISEQ1:19:H8VDAADXX:1:1113:4609:6159	148	8741.0	8863.0	best_hit_to_mtDNA
A	A	A	8822	HG002_all_regions	HG002_chr1.633402.634418|HISEQ1:19:H8VDAADXX:1:1113:4609:6159	HG002_chr1.633402.634418|HISEQ1:19:H8VDAADXX:1:1113:4609:6159	148	8741.0	8863.0	best_hit_to_mtDNA
C	C	C	8823	HG002_all_regions	HG002_chr1.633402.634418|HISEQ1:19:H8VDAADXX:1:1113:4609:6159	HG002_chr1.633402.634418|HISEQ1:19:H8VDAADXX:1:1113:4609:6159	148	8741.0	8863.0	best_hit_to_mtDNA
T	T	T	8824	HG002_all_regions	HG002_chr1.633402.634418|HISEQ1:19:H8VDAADXX:1:1113:4609:6159	HG002_chr1.633402.634418|HISEQ1:19:H8VDAADXX:1:1113:4609:6159	148	8741.0	8863.0	best_hit_to_mtDNA
A	A	A	8825	HG002_all_regions	HG002_chr1.633402.634418|HISEQ1:19:H8VDAADXX:1:1113:4609:6159	HG002_chr1.633402.634418|HISEQ1:19:H8VDAADXX:1:1113:4609:6159	148	8741.0	8863.0	best_hit_to_mtDNA
T	T	T	8826	HG002_all_regions	HG002_chr1.633402.634418|HISEQ1:19:H8VDAADXX:1:1113:4609:6159	HG002_chr1.633402.634418|HISEQ1:19:H8VDAADXX:1:1113:4609:6159	148	8741.0	8863.0	best_hit_to_mtDNA
C	C	C	8827	HG002_all_regions	HG002_chr1.633402.634418|HISEQ1:19:H8VDAADXX:1:1113:4609:6159	HG002_chr1.633402.634418|HISEQ1:19:H8VDAADXX:1:1113:4609:6159	148	8741.0	8863.0	best_hit_to_mtDNA
T	T	T	8828	HG002_all_regions	HG002_chr1.633402.634418|HISEQ1:19:H8VDAADXX:1:1113:4609:6159	HG002_chr1.633402.634418|HISEQ1:19:H8VDAADXX:1:1113:4609:6159	148	8741.0	8863.0	best_hit_to_mtDNA
A	A	A	8829	HG002_all_regions	HG002_chr1.633402.634418|HISEQ1:19:H8VDAADXX:1:1113:4609:6159	HG002_chr1.633402.634418|HISEQ1:19:H8VDAADXX:1:1113:4609:6159	148	8741.0	8863.0	best_hit_to_mtDNA
T	T	T	8830	HG002_all_regions	HG002_chr1.633402.634418|HISEQ1:19:H8VDAADXX:1:1113:4609:6159	HG002_chr1.633402.634418|HISEQ1:19:H8VDAADXX:1:1113:4609:6159	148	8741.0	8863.0	best_hit_to_mtDNA
A	A	A	8831	HG002_all_regions	HG002_chr1.633402.634418|HISEQ1:19:H8VDAADXX:1:1113:4609:6159	HG002_chr1.633402.634418|HISEQ1:19:H8VDAADXX:1:1113:4609:6159	148	8741.0	8863.0	best_hit_to_mtDNA
A	A	A	8832	HG002_all_regions	HG002_chr1.633402.634418|HISEQ1:19:H8VDAADXX:1:1113:4609:6159	HG002_chr1.633402.634418|HISEQ1:19:H8VDAADXX:1:1113:4609:6159	148	8741.0	8863.0	best_hit_to_mtDNA
A	A	A	8833	HG002_all_regions	HG002_chr1.633402.634418|HISEQ1:19:H8VDAADXX:1:1113:4609:6159	HG002_chr1.633402.634418|HISEQ1:19:H8VDAADXX:1:1113:4609:6159	148	8741.0	8863.0	best_hit_to_mtDNA
C	C	C	8834	HG002_all_regions	HG002_chr1.633402.634418|HISEQ1:19:H8VDAADXX:1:1113:4609:6159	HG002_chr1.633402.634418|HISEQ1:19:H8VDAADXX:1:1113:4609:6159	148	8741.0	8863.0	best_hit_to_mtDNA
C	C	C	8835	HG002_all_regions	HG002_chr1.633402.634418|HISEQ1:19:H8VDAADXX:1:1113:4609:6159	HG002_chr1.633402.634418|HISEQ1:19:H8VDAADXX:1:1113:4609:6159	148	8741.0	8863.0	best_hit_to_mtDNA
T	T	T	8836	HG002_all_regions	HG002_chr1.633402.634418|HISEQ1:19:H8VDAADXX:1:1113:4609:6159	HG002_chr1.633402.634418|HISEQ1:19:H8VDAADXX:1:1113:4609:6159	148	8741.0	8863.0	best_hit_to_mtDNA
A	A	A	8837	HG002_all_regions	HG002_chr1.633402.634418|HISEQ1:19:H8VDAADXX:1:1113:4609:6159	HG002_chr1.633402.634418|HISEQ1:19:H8VDAADXX:1:1113:4609:6159	148	8741.0	8863.0	best_hit_to_mtDNA
G	G	G	8838	HG002_all_regions	HG002_chr1.633402.634418|HISEQ1:19:H8VDAADXX:1:1113:4609:6159	HG002_chr1.633402.634418|HISEQ1:19:H8VDAADXX:1:1113:4609:6159	148	8741.0	8863.0	best_hit_to_mtDNA
C	C	C	8839	HG002_all_regions	HG002_chr1.633402.634418|HISEQ1:19:H8VDAADXX:1:1113:4609:6159	HG002_chr1.633402.634418|HISEQ1:19:H8VDAADXX:1:1113:4609:6159	148	8741.0	8863.0	best_hit_to_mtDNA
C	C	C	8840	HG002_all_regions	HG002_chr1.633402.634418|HISEQ1:19:H8VDAADXX:1:1113:4609:6159	HG002_chr1.633402.634418|HISEQ1:19:H8VDAADXX:1:1113:4609:6159	148	8741.0	8863.0	best_hit_to_mtDNA
A	A	A	8841	HG002_all_regions	HG002_chr1.633402.634418|HISEQ1:19:H8VDAADXX:1:1113:4609:6159	HG002_chr1.633402.634418|HISEQ1:19:H8VDAADXX:1:1113:4609:6159	148	8741.0	8863.0	best_hit_to_mtDNA
T	T	T	8842	HG002_all_regions	HG002_chr1.633402.634418|HISEQ1:19:H8VDAADXX:1:1113:4609:6159	HG002_chr1.633402.634418|HISEQ1:19:H8VDAADXX:1:1113:4609:6159	148	8741.0	8863.0	best_hit_to_mtDNA
G	G	G	8843	HG002_all_regions	HG002_chr1.633402.634418|HISEQ1:19:H8VDAADXX:1:1113:4609:6159	HG002_chr1.633402.634418|HISEQ1:19:H8VDAADXX:1:1113:4609:6159	148	8741.0	8863.0	best_hit_to_mtDNA
G	G	G	8844	HG002_all_regions	HG002_chr1.633402.634418|HISEQ1:19:H8VDAADXX:1:1113:4609:6159	HG002_chr1.633402.634418|HISEQ1:19:H8VDAADXX:1:1113:4609:6159	148	8741.0	8863.0	best_hit_to_mtDNA
C	C	C	8845	HG002_all_regions	HG002_chr1.633402.634418|HISEQ1:19:H8VDAADXX:1:1113:4609:6159	HG002_chr1.633402.634418|HISEQ1:19:H8VDAADXX:1:1113:4609:6159	148	8741.0	8863.0	best_hit_to_mtDNA
C	T	C	8846	HG002_all_regions	HG002_chr1.633402.634418|HISEQ1:19:H8VDAADXX:1:1113:4609:6159	HG002_chr1.633402.634418|HISEQ1:19:H8VDAADXX:1:1113:4609:6159	148	8741.0	8863.0	best_hit_to_mtDNA
A	A	A	8847	HG002_all_regions	HG002_chr1.633402.634418|HISEQ1:19:H8VDAADXX:1:1113:4609:6159	HG002_chr1.633402.634418|HISEQ1:19:H8VDAADXX:1:1113:4609:6159	148	8741.0	8863.0	best_hit_to_mtDNA
T	T	T	8848	HG002_all_regions	HG002_chr1.633402.634418|HISEQ1:19:H8VDAADXX:1:1113:4609:6159	HG002_chr1.633402.634418|HISEQ1:19:H8VDAADXX:1:1113:4609:6159	148	8741.0	8863.0	best_hit_to_mtDNA
C	C	C	8849	HG002_all_regions	HG002_chr1.633402.634418|HISEQ1:19:H8VDAADXX:1:1113:4609:6159	HG002_chr1.633402.634418|HISEQ1:19:H8VDAADXX:1:1113:4609:6159	148	8741.0	8863.0	best_hit_to_mtDNA
C	C	C	8850	HG002_all_regions	HG002_chr1.633402.634418|HISEQ1:19:H8VDAADXX:1:1113:4609:6159	HG002_chr1.633402.634418|HISEQ1:19:H8VDAADXX:1:1113:4609:6159	148	8741.0	8863.0	best_hit_to_mtDNA
C	C	C	8851	HG002_all_regions	HG002_chr1.633402.634418|HISEQ1:19:H8VDAADXX:1:1113:4609:6159	HG002_chr1.633402.634418|HISEQ1:19:H8VDAADXX:1:1113:4609:6159	148	8741.0	8863.0	best_hit_to_mtDNA
C	C	C	8852	HG002_all_regions	HG002_chr1.633402.634418|HISEQ1:19:H8VDAADXX:1:1113:4609:6159	HG002_chr1.633402.634418|HISEQ1:19:H8VDAADXX:1:1113:4609:6159	148	8741.0	8863.0	best_hit_to_mtDNA
T	C	T	8853	HG002_all_regions	HG002_chr1.633402.634418|HISEQ1:19:H8VDAADXX:1:1113:4609:6159	HG002_chr1.633402.634418|HISEQ1:19:H8VDAADXX:1:1113:4609:6159	148	8741.0	8863.0	best_hit_to_mtDNA
T	T	T	8854	HG002_all_regions	HG002_chr1.633402.634418|HISEQ1:19:H8VDAADXX:1:1113:4609:6159	HG002_chr1.633402.634418|HISEQ1:19:H8VDAADXX:1:1113:4609:6159	148	8741.0	8863.0	best_hit_to_mtDNA
A	A	A	8855	HG002_all_regions	HG002_chr1.633402.634418|HISEQ1:19:H8VDAADXX:1:1113:4609:6159	HG002_chr1.633402.634418|HISEQ1:19:H8VDAADXX:1:1113:4609:6159	148	8741.0	8863.0	best_hit_to_mtDNA
T	T	T	8856	HG002_all_regions	HG002_chr1.633402.634418|HISEQ1:19:H8VDAADXX:1:1113:4609:6159	HG002_chr1.633402.634418|HISEQ1:19:H8VDAADXX:1:1113:4609:6159	148	8741.0	8863.0	best_hit_to_mtDNA
G	G	G	8857	HG002_all_regions	HG002_chr1.633402.634418|HISEQ1:19:H8VDAADXX:1:1113:4609:6159	HG002_chr1.633402.634418|HISEQ1:19:H8VDAADXX:1:1113:4609:6159	148	8741.0	8863.0	best_hit_to_mtDNA
A	A	A	8858	HG002_all_regions	HG002_chr1.633402.634418|HISEQ1:19:H8VDAADXX:1:1113:4609:6159	HG002_chr1.633402.634418|HISEQ1:19:H8VDAADXX:1:1113:4609:6159	148	8741.0	8863.0	best_hit_to_mtDNA
G	G	G	8859	HG002_all_regions	HG002_chr1.633402.634418|HISEQ1:19:H8VDAADXX:1:1113:4609:6159	HG002_chr1.633402.634418|HISEQ1:19:H8VDAADXX:1:1113:4609:6159	148	8741.0	8863.0	best_hit_to_mtDNA
C	C	C	8860	HG002_all_regions	HG002_chr1.633402.634418|HISEQ1:19:H8VDAADXX:1:1113:4609:6159	HG002_chr1.633402.634418|HISEQ1:19:H8VDAADXX:1:1113:4609:6159	148	8741.0	8863.0	best_hit_to_mtDNA
G	A	G	8861	HG002_all_regions	HG002_chr1.633402.634418|HISEQ1:19:H8VDAADXX:1:1113:4609:6159	HG002_chr1.633402.634418|HISEQ1:19:H8VDAADXX:1:1113:4609:6159	148	8741.0	8863.0	best_hit_to_mtDNA
G	G	G	8862	HG002_all_regions	HG002_chr1.633402.634418|HISEQ1:19:H8VDAADXX:1:1113:4609:6159	HG002_chr1.633402.634418|HISEQ1:19:H8VDAADXX:1:1113:4609:6159	148	8741.0	8863.0	best_hit_to_mtDNA
T	T	T	8761	HG002_all_regions	HG002_chr1.633402.634418|HISEQ1:18:H8VC6ADXX:2:1102:11727:16881	HG002_chr1.633402.634418|HISEQ1:18:H8VC6ADXX:2:1102:11727:16881	148	8756.0	8881.0	best_hit_to_mtDNA
T	T	T	8762	HG002_all_regions	HG002_chr1.633402.634418|HISEQ1:18:H8VC6ADXX:2:1102:11727:16881	HG002_chr1.633402.634418|HISEQ1:18:H8VC6ADXX:2:1102:11727:16881	148	8756.0	8881.0	best_hit_to_mtDNA
T	T	T	8763	HG002_all_regions	HG002_chr1.633402.634418|HISEQ1:18:H8VC6ADXX:2:1102:11727:16881	HG002_chr1.633402.634418|HISEQ1:18:H8VC6ADXX:2:1102:11727:16881	148	8756.0	8881.0	best_hit_to_mtDNA
T	T	T	8764	HG002_all_regions	HG002_chr1.633402.634418|HISEQ1:18:H8VC6ADXX:2:1102:11727:16881	HG002_chr1.633402.634418|HISEQ1:18:H8VC6ADXX:2:1102:11727:16881	148	8756.0	8881.0	best_hit_to_mtDNA
T	T	T	8765	HG002_all_regions	HG002_chr1.633402.634418|HISEQ1:18:H8VC6ADXX:2:1102:11727:16881	HG002_chr1.633402.634418|HISEQ1:18:H8VC6ADXX:2:1102:11727:16881	148	8756.0	8881.0	best_hit_to_mtDNA
A	A	A	8766	HG002_all_regions	HG002_chr1.633402.634418|HISEQ1:18:H8VC6ADXX:2:1102:11727:16881	HG002_chr1.633402.634418|HISEQ1:18:H8VC6ADXX:2:1102:11727:16881	148	8756.0	8881.0	best_hit_to_mtDNA
T	T	T	8767	HG002_all_regions	HG002_chr1.633402.634418|HISEQ1:18:H8VC6ADXX:2:1102:11727:16881	HG002_chr1.633402.634418|HISEQ1:18:H8VC6ADXX:2:1102:11727:16881	148	8756.0	8881.0	best_hit_to_mtDNA
T	T	T	8768	HG002_all_regions	HG002_chr1.633402.634418|HISEQ1:18:H8VC6ADXX:2:1102:11727:16881	HG002_chr1.633402.634418|HISEQ1:18:H8VC6ADXX:2:1102:11727:16881	148	8756.0	8881.0	best_hit_to_mtDNA
G	A	G	8769	HG002_all_regions	HG002_chr1.633402.634418|HISEQ1:18:H8VC6ADXX:2:1102:11727:16881	HG002_chr1.633402.634418|HISEQ1:18:H8VC6ADXX:2:1102:11727:16881	148	8756.0	8881.0	best_hit_to_mtDNA
C	C	C	8770	HG002_all_regions	HG002_chr1.633402.634418|HISEQ1:18:H8VC6ADXX:2:1102:11727:16881	HG002_chr1.633402.634418|HISEQ1:18:H8VC6ADXX:2:1102:11727:16881	148	8756.0	8881.0	best_hit_to_mtDNA
C	C	C	8771	HG002_all_regions	HG002_chr1.633402.634418|HISEQ1:18:H8VC6ADXX:2:1102:11727:16881	HG002_chr1.633402.634418|HISEQ1:18:H8VC6ADXX:2:1102:11727:16881	148	8756.0	8881.0	best_hit_to_mtDNA
A	A	A	8772	HG002_all_regions	HG002_chr1.633402.634418|HISEQ1:18:H8VC6ADXX:2:1102:11727:16881	HG002_chr1.633402.634418|HISEQ1:18:H8VC6ADXX:2:1102:11727:16881	148	8756.0	8881.0	best_hit_to_mtDNA
C	C	C	8773	HG002_all_regions	HG002_chr1.633402.634418|HISEQ1:18:H8VC6ADXX:2:1102:11727:16881	HG002_chr1.633402.634418|HISEQ1:18:H8VC6ADXX:2:1102:11727:16881	148	8756.0	8881.0	best_hit_to_mtDNA
A	A	A	8774	HG002_all_regions	HG002_chr1.633402.634418|HISEQ1:18:H8VC6ADXX:2:1102:11727:16881	HG002_chr1.633402.634418|HISEQ1:18:H8VC6ADXX:2:1102:11727:16881	148	8756.0	8881.0	best_hit_to_mtDNA
A	A	A	8775	HG002_all_regions	HG002_chr1.633402.634418|HISEQ1:18:H8VC6ADXX:2:1102:11727:16881	HG002_chr1.633402.634418|HISEQ1:18:H8VC6ADXX:2:1102:11727:16881	148	8756.0	8881.0	best_hit_to_mtDNA
C	C	C	8776	HG002_all_regions	HG002_chr1.633402.634418|HISEQ1:18:H8VC6ADXX:2:1102:11727:16881	HG002_chr1.633402.634418|HISEQ1:18:H8VC6ADXX:2:1102:11727:16881	148	8756.0	8881.0	best_hit_to_mtDNA
T	C	T	8777	HG002_all_regions	HG002_chr1.633402.634418|HISEQ1:18:H8VC6ADXX:2:1102:11727:16881	HG002_chr1.633402.634418|HISEQ1:18:H8VC6ADXX:2:1102:11727:16881	148	8756.0	8881.0	best_hit_to_mtDNA
A	A	A	8778	HG002_all_regions	HG002_chr1.633402.634418|HISEQ1:18:H8VC6ADXX:2:1102:11727:16881	HG002_chr1.633402.634418|HISEQ1:18:H8VC6ADXX:2:1102:11727:16881	148	8756.0	8881.0	best_hit_to_mtDNA
A	A	A	8779	HG002_all_regions	HG002_chr1.633402.634418|HISEQ1:18:H8VC6ADXX:2:1102:11727:16881	HG002_chr1.633402.634418|HISEQ1:18:H8VC6ADXX:2:1102:11727:16881	148	8756.0	8881.0	best_hit_to_mtDNA
C	T	C	8780	HG002_all_regions	HG002_chr1.633402.634418|HISEQ1:18:H8VC6ADXX:2:1102:11727:16881	HG002_chr1.633402.634418|HISEQ1:18:H8VC6ADXX:2:1102:11727:16881	148	8756.0	8881.0	best_hit_to_mtDNA
C	C	C	8781	HG002_all_regions	HG002_chr1.633402.634418|HISEQ1:18:H8VC6ADXX:2:1102:11727:16881	HG002_chr1.633402.634418|HISEQ1:18:H8VC6ADXX:2:1102:11727:16881	148	8756.0	8881.0	best_hit_to_mtDNA
T	T	T	8782	HG002_all_regions	HG002_chr1.633402.634418|HISEQ1:18:H8VC6ADXX:2:1102:11727:16881	HG002_chr1.633402.634418|HISEQ1:18:H8VC6ADXX:2:1102:11727:16881	148	8756.0	8881.0	best_hit_to_mtDNA
C	T	C	8783	HG002_all_regions	HG002_chr1.633402.634418|HISEQ1:18:H8VC6ADXX:2:1102:11727:16881	HG002_chr1.633402.634418|HISEQ1:18:H8VC6ADXX:2:1102:11727:16881	148	8756.0	8881.0	best_hit_to_mtDNA
C	C	C	8784	HG002_all_regions	HG002_chr1.633402.634418|HISEQ1:18:H8VC6ADXX:2:1102:11727:16881	HG002_chr1.633402.634418|HISEQ1:18:H8VC6ADXX:2:1102:11727:16881	148	8756.0	8881.0	best_hit_to_mtDNA
T	T	T	8785	HG002_all_regions	HG002_chr1.633402.634418|HISEQ1:18:H8VC6ADXX:2:1102:11727:16881	HG002_chr1.633402.634418|HISEQ1:18:H8VC6ADXX:2:1102:11727:16881	148	8756.0	8881.0	best_hit_to_mtDNA
C	T	C	8786	HG002_all_regions	HG002_chr1.633402.634418|HISEQ1:18:H8VC6ADXX:2:1102:11727:16881	HG002_chr1.633402.634418|HISEQ1:18:H8VC6ADXX:2:1102:11727:16881	148	8756.0	8881.0	best_hit_to_mtDNA
G	G	G	8787	HG002_all_regions	HG002_chr1.633402.634418|HISEQ1:18:H8VC6ADXX:2:1102:11727:16881	HG002_chr1.633402.634418|HISEQ1:18:H8VC6ADXX:2:1102:11727:16881	148	8756.0	8881.0	best_hit_to_mtDNA
G	G	G	8788	HG002_all_regions	HG002_chr1.633402.634418|HISEQ1:18:H8VC6ADXX:2:1102:11727:16881	HG002_chr1.633402.634418|HISEQ1:18:H8VC6ADXX:2:1102:11727:16881	148	8756.0	8881.0	best_hit_to_mtDNA
A	G	A	8789	HG002_all_regions	HG002_chr1.633402.634418|HISEQ1:18:H8VC6ADXX:2:1102:11727:16881	HG002_chr1.633402.634418|HISEQ1:18:H8VC6ADXX:2:1102:11727:16881	148	8756.0	8881.0	best_hit_to_mtDNA
C	C	C	8790	HG002_all_regions	HG002_chr1.633402.634418|HISEQ1:18:H8VC6ADXX:2:1102:11727:16881	HG002_chr1.633402.634418|HISEQ1:18:H8VC6ADXX:2:1102:11727:16881	148	8756.0	8881.0	best_hit_to_mtDNA
T	T	T	8791	HG002_all_regions	HG002_chr1.633402.634418|HISEQ1:18:H8VC6ADXX:2:1102:11727:16881	HG002_chr1.633402.634418|HISEQ1:18:H8VC6ADXX:2:1102:11727:16881	148	8756.0	8881.0	best_hit_to_mtDNA
C	T	C	8792	HG002_all_regions	HG002_chr1.633402.634418|HISEQ1:18:H8VC6ADXX:2:1102:11727:16881	HG002_chr1.633402.634418|HISEQ1:18:H8VC6ADXX:2:1102:11727:16881	148	8756.0	8881.0	best_hit_to_mtDNA
C	C	C	8793	HG002_all_regions	HG002_chr1.633402.634418|HISEQ1:18:H8VC6ADXX:2:1102:11727:16881	HG002_chr1.633402.634418|HISEQ1:18:H8VC6ADXX:2:1102:11727:16881	148	8756.0	8881.0	best_hit_to_mtDNA
T	T	T	8794	HG002_all_regions	HG002_chr1.633402.634418|HISEQ1:18:H8VC6ADXX:2:1102:11727:16881	HG002_chr1.633402.634418|HISEQ1:18:H8VC6ADXX:2:1102:11727:16881	148	8756.0	8881.0	best_hit_to_mtDNA
G	A	G	8795	HG002_all_regions	HG002_chr1.633402.634418|HISEQ1:18:H8VC6ADXX:2:1102:11727:16881	HG002_chr1.633402.634418|HISEQ1:18:H8VC6ADXX:2:1102:11727:16881	148	8756.0	8881.0	best_hit_to_mtDNA
C	C	C	8796	HG002_all_regions	HG002_chr1.633402.634418|HISEQ1:18:H8VC6ADXX:2:1102:11727:16881	HG002_chr1.633402.634418|HISEQ1:18:H8VC6ADXX:2:1102:11727:16881	148	8756.0	8881.0	best_hit_to_mtDNA
C	C	C	8797	HG002_all_regions	HG002_chr1.633402.634418|HISEQ1:18:H8VC6ADXX:2:1102:11727:16881	HG002_chr1.633402.634418|HISEQ1:18:H8VC6ADXX:2:1102:11727:16881	148	8756.0	8881.0	best_hit_to_mtDNA
T	C	T	8798	HG002_all_regions	HG002_chr1.633402.634418|HISEQ1:18:H8VC6ADXX:2:1102:11727:16881	HG002_chr1.633402.634418|HISEQ1:18:H8VC6ADXX:2:1102:11727:16881	148	8756.0	8881.0	best_hit_to_mtDNA
C	C	C	8799	HG002_all_regions	HG002_chr1.633402.634418|HISEQ1:18:H8VC6ADXX:2:1102:11727:16881	HG002_chr1.633402.634418|HISEQ1:18:H8VC6ADXX:2:1102:11727:16881	148	8756.0	8881.0	best_hit_to_mtDNA
A	A	A	8800	HG002_all_regions	HG002_chr1.633402.634418|HISEQ1:18:H8VC6ADXX:2:1102:11727:16881	HG002_chr1.633402.634418|HISEQ1:18:H8VC6ADXX:2:1102:11727:16881	148	8756.0	8881.0	best_hit_to_mtDNA
C	C	C	8801	HG002_all_regions	HG002_chr1.633402.634418|HISEQ1:18:H8VC6ADXX:2:1102:11727:16881	HG002_chr1.633402.634418|HISEQ1:18:H8VC6ADXX:2:1102:11727:16881	148	8756.0	8881.0	best_hit_to_mtDNA
T	T	T	8802	HG002_all_regions	HG002_chr1.633402.634418|HISEQ1:18:H8VC6ADXX:2:1102:11727:16881	HG002_chr1.633402.634418|HISEQ1:18:H8VC6ADXX:2:1102:11727:16881	148	8756.0	8881.0	best_hit_to_mtDNA
C	C	C	8803	HG002_all_regions	HG002_chr1.633402.634418|HISEQ1:18:H8VC6ADXX:2:1102:11727:16881	HG002_chr1.633402.634418|HISEQ1:18:H8VC6ADXX:2:1102:11727:16881	148	8756.0	8881.0	best_hit_to_mtDNA
A	A	A	8804	HG002_all_regions	HG002_chr1.633402.634418|HISEQ1:18:H8VC6ADXX:2:1102:11727:16881	HG002_chr1.633402.634418|HISEQ1:18:H8VC6ADXX:2:1102:11727:16881	148	8756.0	8881.0	best_hit_to_mtDNA
T	T	T	8805	HG002_all_regions	HG002_chr1.633402.634418|HISEQ1:18:H8VC6ADXX:2:1102:11727:16881	HG002_chr1.633402.634418|HISEQ1:18:H8VC6ADXX:2:1102:11727:16881	148	8756.0	8881.0	best_hit_to_mtDNA
T	T	T	8806	HG002_all_regions	HG002_chr1.633402.634418|HISEQ1:18:H8VC6ADXX:2:1102:11727:16881	HG002_chr1.633402.634418|HISEQ1:18:H8VC6ADXX:2:1102:11727:16881	148	8756.0	8881.0	best_hit_to_mtDNA
T	C	T	8807	HG002_all_regions	HG002_chr1.633402.634418|HISEQ1:18:H8VC6ADXX:2:1102:11727:16881	HG002_chr1.633402.634418|HISEQ1:18:H8VC6ADXX:2:1102:11727:16881	148	8756.0	8881.0	best_hit_to_mtDNA
A	A	A	8808	HG002_all_regions	HG002_chr1.633402.634418|HISEQ1:18:H8VC6ADXX:2:1102:11727:16881	HG002_chr1.633402.634418|HISEQ1:18:H8VC6ADXX:2:1102:11727:16881	148	8756.0	8881.0	best_hit_to_mtDNA
C	C	C	8809	HG002_all_regions	HG002_chr1.633402.634418|HISEQ1:18:H8VC6ADXX:2:1102:11727:16881	HG002_chr1.633402.634418|HISEQ1:18:H8VC6ADXX:2:1102:11727:16881	148	8756.0	8881.0	best_hit_to_mtDNA
A	A	A	8810	HG002_all_regions	HG002_chr1.633402.634418|HISEQ1:18:H8VC6ADXX:2:1102:11727:16881	HG002_chr1.633402.634418|HISEQ1:18:H8VC6ADXX:2:1102:11727:16881	148	8756.0	8881.0	best_hit_to_mtDNA
C	C	C	8811	HG002_all_regions	HG002_chr1.633402.634418|HISEQ1:18:H8VC6ADXX:2:1102:11727:16881	HG002_chr1.633402.634418|HISEQ1:18:H8VC6ADXX:2:1102:11727:16881	148	8756.0	8881.0	best_hit_to_mtDNA
C	C	C	8812	HG002_all_regions	HG002_chr1.633402.634418|HISEQ1:18:H8VC6ADXX:2:1102:11727:16881	HG002_chr1.633402.634418|HISEQ1:18:H8VC6ADXX:2:1102:11727:16881	148	8756.0	8881.0	best_hit_to_mtDNA
A	A	A	8813	HG002_all_regions	HG002_chr1.633402.634418|HISEQ1:18:H8VC6ADXX:2:1102:11727:16881	HG002_chr1.633402.634418|HISEQ1:18:H8VC6ADXX:2:1102:11727:16881	148	8756.0	8881.0	best_hit_to_mtDNA
A	A	A	8814	HG002_all_regions	HG002_chr1.633402.634418|HISEQ1:18:H8VC6ADXX:2:1102:11727:16881	HG002_chr1.633402.634418|HISEQ1:18:H8VC6ADXX:2:1102:11727:16881	148	8756.0	8881.0	best_hit_to_mtDNA
C	C	C	8815	HG002_all_regions	HG002_chr1.633402.634418|HISEQ1:18:H8VC6ADXX:2:1102:11727:16881	HG002_chr1.633402.634418|HISEQ1:18:H8VC6ADXX:2:1102:11727:16881	148	8756.0	8881.0	best_hit_to_mtDNA
C	C	C	8816	HG002_all_regions	HG002_chr1.633402.634418|HISEQ1:18:H8VC6ADXX:2:1102:11727:16881	HG002_chr1.633402.634418|HISEQ1:18:H8VC6ADXX:2:1102:11727:16881	148	8756.0	8881.0	best_hit_to_mtDNA
A	A	A	8817	HG002_all_regions	HG002_chr1.633402.634418|HISEQ1:18:H8VC6ADXX:2:1102:11727:16881	HG002_chr1.633402.634418|HISEQ1:18:H8VC6ADXX:2:1102:11727:16881	148	8756.0	8881.0	best_hit_to_mtDNA
C	C	C	8818	HG002_all_regions	HG002_chr1.633402.634418|HISEQ1:18:H8VC6ADXX:2:1102:11727:16881	HG002_chr1.633402.634418|HISEQ1:18:H8VC6ADXX:2:1102:11727:16881	148	8756.0	8881.0	best_hit_to_mtDNA
C	C	C	8819	HG002_all_regions	HG002_chr1.633402.634418|HISEQ1:18:H8VC6ADXX:2:1102:11727:16881	HG002_chr1.633402.634418|HISEQ1:18:H8VC6ADXX:2:1102:11727:16881	148	8756.0	8881.0	best_hit_to_mtDNA
C	C	C	8820	HG002_all_regions	HG002_chr1.633402.634418|HISEQ1:18:H8VC6ADXX:2:1102:11727:16881	HG002_chr1.633402.634418|HISEQ1:18:H8VC6ADXX:2:1102:11727:16881	148	8756.0	8881.0	best_hit_to_mtDNA
A	A	A	8821	HG002_all_regions	HG002_chr1.633402.634418|HISEQ1:18:H8VC6ADXX:2:1102:11727:16881	HG002_chr1.633402.634418|HISEQ1:18:H8VC6ADXX:2:1102:11727:16881	148	8756.0	8881.0	best_hit_to_mtDNA
A	A	A	8822	HG002_all_regions	HG002_chr1.633402.634418|HISEQ1:18:H8VC6ADXX:2:1102:11727:16881	HG002_chr1.633402.634418|HISEQ1:18:H8VC6ADXX:2:1102:11727:16881	148	8756.0	8881.0	best_hit_to_mtDNA
C	C	C	8823	HG002_all_regions	HG002_chr1.633402.634418|HISEQ1:18:H8VC6ADXX:2:1102:11727:16881	HG002_chr1.633402.634418|HISEQ1:18:H8VC6ADXX:2:1102:11727:16881	148	8756.0	8881.0	best_hit_to_mtDNA
T	T	T	8824	HG002_all_regions	HG002_chr1.633402.634418|HISEQ1:18:H8VC6ADXX:2:1102:11727:16881	HG002_chr1.633402.634418|HISEQ1:18:H8VC6ADXX:2:1102:11727:16881	148	8756.0	8881.0	best_hit_to_mtDNA
A	A	A	8825	HG002_all_regions	HG002_chr1.633402.634418|HISEQ1:18:H8VC6ADXX:2:1102:11727:16881	HG002_chr1.633402.634418|HISEQ1:18:H8VC6ADXX:2:1102:11727:16881	148	8756.0	8881.0	best_hit_to_mtDNA
T	T	T	8826	HG002_all_regions	HG002_chr1.633402.634418|HISEQ1:18:H8VC6ADXX:2:1102:11727:16881	HG002_chr1.633402.634418|HISEQ1:18:H8VC6ADXX:2:1102:11727:16881	148	8756.0	8881.0	best_hit_to_mtDNA
C	C	C	8827	HG002_all_regions	HG002_chr1.633402.634418|HISEQ1:18:H8VC6ADXX:2:1102:11727:16881	HG002_chr1.633402.634418|HISEQ1:18:H8VC6ADXX:2:1102:11727:16881	148	8756.0	8881.0	best_hit_to_mtDNA
T	T	T	8828	HG002_all_regions	HG002_chr1.633402.634418|HISEQ1:18:H8VC6ADXX:2:1102:11727:16881	HG002_chr1.633402.634418|HISEQ1:18:H8VC6ADXX:2:1102:11727:16881	148	8756.0	8881.0	best_hit_to_mtDNA
A	A	A	8829	HG002_all_regions	HG002_chr1.633402.634418|HISEQ1:18:H8VC6ADXX:2:1102:11727:16881	HG002_chr1.633402.634418|HISEQ1:18:H8VC6ADXX:2:1102:11727:16881	148	8756.0	8881.0	best_hit_to_mtDNA
T	T	T	8830	HG002_all_regions	HG002_chr1.633402.634418|HISEQ1:18:H8VC6ADXX:2:1102:11727:16881	HG002_chr1.633402.634418|HISEQ1:18:H8VC6ADXX:2:1102:11727:16881	148	8756.0	8881.0	best_hit_to_mtDNA
A	A	A	8831	HG002_all_regions	HG002_chr1.633402.634418|HISEQ1:18:H8VC6ADXX:2:1102:11727:16881	HG002_chr1.633402.634418|HISEQ1:18:H8VC6ADXX:2:1102:11727:16881	148	8756.0	8881.0	best_hit_to_mtDNA
A	A	A	8832	HG002_all_regions	HG002_chr1.633402.634418|HISEQ1:18:H8VC6ADXX:2:1102:11727:16881	HG002_chr1.633402.634418|HISEQ1:18:H8VC6ADXX:2:1102:11727:16881	148	8756.0	8881.0	best_hit_to_mtDNA
A	A	A	8833	HG002_all_regions	HG002_chr1.633402.634418|HISEQ1:18:H8VC6ADXX:2:1102:11727:16881	HG002_chr1.633402.634418|HISEQ1:18:H8VC6ADXX:2:1102:11727:16881	148	8756.0	8881.0	best_hit_to_mtDNA
C	C	C	8834	HG002_all_regions	HG002_chr1.633402.634418|HISEQ1:18:H8VC6ADXX:2:1102:11727:16881	HG002_chr1.633402.634418|HISEQ1:18:H8VC6ADXX:2:1102:11727:16881	148	8756.0	8881.0	best_hit_to_mtDNA
C	C	C	8835	HG002_all_regions	HG002_chr1.633402.634418|HISEQ1:18:H8VC6ADXX:2:1102:11727:16881	HG002_chr1.633402.634418|HISEQ1:18:H8VC6ADXX:2:1102:11727:16881	148	8756.0	8881.0	best_hit_to_mtDNA
T	T	T	8836	HG002_all_regions	HG002_chr1.633402.634418|HISEQ1:18:H8VC6ADXX:2:1102:11727:16881	HG002_chr1.633402.634418|HISEQ1:18:H8VC6ADXX:2:1102:11727:16881	148	8756.0	8881.0	best_hit_to_mtDNA
A	A	A	8837	HG002_all_regions	HG002_chr1.633402.634418|HISEQ1:18:H8VC6ADXX:2:1102:11727:16881	HG002_chr1.633402.634418|HISEQ1:18:H8VC6ADXX:2:1102:11727:16881	148	8756.0	8881.0	best_hit_to_mtDNA
G	G	G	8838	HG002_all_regions	HG002_chr1.633402.634418|HISEQ1:18:H8VC6ADXX:2:1102:11727:16881	HG002_chr1.633402.634418|HISEQ1:18:H8VC6ADXX:2:1102:11727:16881	148	8756.0	8881.0	best_hit_to_mtDNA
C	C	C	8839	HG002_all_regions	HG002_chr1.633402.634418|HISEQ1:18:H8VC6ADXX:2:1102:11727:16881	HG002_chr1.633402.634418|HISEQ1:18:H8VC6ADXX:2:1102:11727:16881	148	8756.0	8881.0	best_hit_to_mtDNA
C	C	C	8840	HG002_all_regions	HG002_chr1.633402.634418|HISEQ1:18:H8VC6ADXX:2:1102:11727:16881	HG002_chr1.633402.634418|HISEQ1:18:H8VC6ADXX:2:1102:11727:16881	148	8756.0	8881.0	best_hit_to_mtDNA
A	A	A	8841	HG002_all_regions	HG002_chr1.633402.634418|HISEQ1:18:H8VC6ADXX:2:1102:11727:16881	HG002_chr1.633402.634418|HISEQ1:18:H8VC6ADXX:2:1102:11727:16881	148	8756.0	8881.0	best_hit_to_mtDNA
T	T	T	8842	HG002_all_regions	HG002_chr1.633402.634418|HISEQ1:18:H8VC6ADXX:2:1102:11727:16881	HG002_chr1.633402.634418|HISEQ1:18:H8VC6ADXX:2:1102:11727:16881	148	8756.0	8881.0	best_hit_to_mtDNA
G	G	G	8843	HG002_all_regions	HG002_chr1.633402.634418|HISEQ1:18:H8VC6ADXX:2:1102:11727:16881	HG002_chr1.633402.634418|HISEQ1:18:H8VC6ADXX:2:1102:11727:16881	148	8756.0	8881.0	best_hit_to_mtDNA
G	G	G	8844	HG002_all_regions	HG002_chr1.633402.634418|HISEQ1:18:H8VC6ADXX:2:1102:11727:16881	HG002_chr1.633402.634418|HISEQ1:18:H8VC6ADXX:2:1102:11727:16881	148	8756.0	8881.0	best_hit_to_mtDNA
C	C	C	8845	HG002_all_regions	HG002_chr1.633402.634418|HISEQ1:18:H8VC6ADXX:2:1102:11727:16881	HG002_chr1.633402.634418|HISEQ1:18:H8VC6ADXX:2:1102:11727:16881	148	8756.0	8881.0	best_hit_to_mtDNA
C	T	C	8846	HG002_all_regions	HG002_chr1.633402.634418|HISEQ1:18:H8VC6ADXX:2:1102:11727:16881	HG002_chr1.633402.634418|HISEQ1:18:H8VC6ADXX:2:1102:11727:16881	148	8756.0	8881.0	best_hit_to_mtDNA
A	A	A	8847	HG002_all_regions	HG002_chr1.633402.634418|HISEQ1:18:H8VC6ADXX:2:1102:11727:16881	HG002_chr1.633402.634418|HISEQ1:18:H8VC6ADXX:2:1102:11727:16881	148	8756.0	8881.0	best_hit_to_mtDNA
T	T	T	8848	HG002_all_regions	HG002_chr1.633402.634418|HISEQ1:18:H8VC6ADXX:2:1102:11727:16881	HG002_chr1.633402.634418|HISEQ1:18:H8VC6ADXX:2:1102:11727:16881	148	8756.0	8881.0	best_hit_to_mtDNA
C	C	C	8849	HG002_all_regions	HG002_chr1.633402.634418|HISEQ1:18:H8VC6ADXX:2:1102:11727:16881	HG002_chr1.633402.634418|HISEQ1:18:H8VC6ADXX:2:1102:11727:16881	148	8756.0	8881.0	best_hit_to_mtDNA
C	C	C	8850	HG002_all_regions	HG002_chr1.633402.634418|HISEQ1:18:H8VC6ADXX:2:1102:11727:16881	HG002_chr1.633402.634418|HISEQ1:18:H8VC6ADXX:2:1102:11727:16881	148	8756.0	8881.0	best_hit_to_mtDNA
C	C	C	8851	HG002_all_regions	HG002_chr1.633402.634418|HISEQ1:18:H8VC6ADXX:2:1102:11727:16881	HG002_chr1.633402.634418|HISEQ1:18:H8VC6ADXX:2:1102:11727:16881	148	8756.0	8881.0	best_hit_to_mtDNA
C	C	C	8852	HG002_all_regions	HG002_chr1.633402.634418|HISEQ1:18:H8VC6ADXX:2:1102:11727:16881	HG002_chr1.633402.634418|HISEQ1:18:H8VC6ADXX:2:1102:11727:16881	148	8756.0	8881.0	best_hit_to_mtDNA
T	C	T	8853	HG002_all_regions	HG002_chr1.633402.634418|HISEQ1:18:H8VC6ADXX:2:1102:11727:16881	HG002_chr1.633402.634418|HISEQ1:18:H8VC6ADXX:2:1102:11727:16881	148	8756.0	8881.0	best_hit_to_mtDNA
T	T	T	8854	HG002_all_regions	HG002_chr1.633402.634418|HISEQ1:18:H8VC6ADXX:2:1102:11727:16881	HG002_chr1.633402.634418|HISEQ1:18:H8VC6ADXX:2:1102:11727:16881	148	8756.0	8881.0	best_hit_to_mtDNA
A	A	A	8855	HG002_all_regions	HG002_chr1.633402.634418|HISEQ1:18:H8VC6ADXX:2:1102:11727:16881	HG002_chr1.633402.634418|HISEQ1:18:H8VC6ADXX:2:1102:11727:16881	148	8756.0	8881.0	best_hit_to_mtDNA
T	T	T	8856	HG002_all_regions	HG002_chr1.633402.634418|HISEQ1:18:H8VC6ADXX:2:1102:11727:16881	HG002_chr1.633402.634418|HISEQ1:18:H8VC6ADXX:2:1102:11727:16881	148	8756.0	8881.0	best_hit_to_mtDNA
G	G	G	8857	HG002_all_regions	HG002_chr1.633402.634418|HISEQ1:18:H8VC6ADXX:2:1102:11727:16881	HG002_chr1.633402.634418|HISEQ1:18:H8VC6ADXX:2:1102:11727:16881	148	8756.0	8881.0	best_hit_to_mtDNA
A	A	A	8858	HG002_all_regions	HG002_chr1.633402.634418|HISEQ1:18:H8VC6ADXX:2:1102:11727:16881	HG002_chr1.633402.634418|HISEQ1:18:H8VC6ADXX:2:1102:11727:16881	148	8756.0	8881.0	best_hit_to_mtDNA
G	G	G	8859	HG002_all_regions	HG002_chr1.633402.634418|HISEQ1:18:H8VC6ADXX:2:1102:11727:16881	HG002_chr1.633402.634418|HISEQ1:18:H8VC6ADXX:2:1102:11727:16881	148	8756.0	8881.0	best_hit_to_mtDNA
C	C	C	8860	HG002_all_regions	HG002_chr1.633402.634418|HISEQ1:18:H8VC6ADXX:2:1102:11727:16881	HG002_chr1.633402.634418|HISEQ1:18:H8VC6ADXX:2:1102:11727:16881	148	8756.0	8881.0	best_hit_to_mtDNA
G	A	G	8861	HG002_all_regions	HG002_chr1.633402.634418|HISEQ1:18:H8VC6ADXX:2:1102:11727:16881	HG002_chr1.633402.634418|HISEQ1:18:H8VC6ADXX:2:1102:11727:16881	148	8756.0	8881.0	best_hit_to_mtDNA
G	G	G	8862	HG002_all_regions	HG002_chr1.633402.634418|HISEQ1:18:H8VC6ADXX:2:1102:11727:16881	HG002_chr1.633402.634418|HISEQ1:18:H8VC6ADXX:2:1102:11727:16881	148	8756.0	8881.0	best_hit_to_mtDNA
G	G	G	8863	HG002_all_regions	HG002_chr1.633402.634418|HISEQ1:18:H8VC6ADXX:2:1102:11727:16881	HG002_chr1.633402.634418|HISEQ1:18:H8VC6ADXX:2:1102:11727:16881	148	8756.0	8881.0	best_hit_to_mtDNA
C	C	C	8864	HG002_all_regions	HG002_chr1.633402.634418|HISEQ1:18:H8VC6ADXX:2:1102:11727:16881	HG002_chr1.633402.634418|HISEQ1:18:H8VC6ADXX:2:1102:11727:16881	148	8756.0	8881.0	best_hit_to_mtDNA
A	G	G	8865	HG002_all_regions	HG002_chr1.633402.634418|HISEQ1:18:H8VC6ADXX:2:1102:11727:16881	HG002_chr1.633402.634418|HISEQ1:18:H8VC6ADXX:2:1102:11727:16881	148	8756.0	8881.0	best_hit_to_mtDNA
C	C	C	8866	HG002_all_regions	HG002_chr1.633402.634418|HISEQ1:18:H8VC6ADXX:2:1102:11727:16881	HG002_chr1.633402.634418|HISEQ1:18:H8VC6ADXX:2:1102:11727:16881	148	8756.0	8881.0	best_hit_to_mtDNA
A	A	A	8867	HG002_all_regions	HG002_chr1.633402.634418|HISEQ1:18:H8VC6ADXX:2:1102:11727:16881	HG002_chr1.633402.634418|HISEQ1:18:H8VC6ADXX:2:1102:11727:16881	148	8756.0	8881.0	best_hit_to_mtDNA
G	G	G	8868	HG002_all_regions	HG002_chr1.633402.634418|HISEQ1:18:H8VC6ADXX:2:1102:11727:16881	HG002_chr1.633402.634418|HISEQ1:18:H8VC6ADXX:2:1102:11727:16881	148	8756.0	8881.0	best_hit_to_mtDNA
T	T	T	8869	HG002_all_regions	HG002_chr1.633402.634418|HISEQ1:18:H8VC6ADXX:2:1102:11727:16881	HG002_chr1.633402.634418|HISEQ1:18:H8VC6ADXX:2:1102:11727:16881	148	8756.0	8881.0	best_hit_to_mtDNA
G	A	G	8870	HG002_all_regions	HG002_chr1.633402.634418|HISEQ1:18:H8VC6ADXX:2:1102:11727:16881	HG002_chr1.633402.634418|HISEQ1:18:H8VC6ADXX:2:1102:11727:16881	148	8756.0	8881.0	best_hit_to_mtDNA
A	G	A	8871	HG002_all_regions	HG002_chr1.633402.634418|HISEQ1:18:H8VC6ADXX:2:1102:11727:16881	HG002_chr1.633402.634418|HISEQ1:18:H8VC6ADXX:2:1102:11727:16881	148	8756.0	8881.0	best_hit_to_mtDNA
T	T	T	8872	HG002_all_regions	HG002_chr1.633402.634418|HISEQ1:18:H8VC6ADXX:2:1102:11727:16881	HG002_chr1.633402.634418|HISEQ1:18:H8VC6ADXX:2:1102:11727:16881	148	8756.0	8881.0	best_hit_to_mtDNA
T	C	T	8873	HG002_all_regions	HG002_chr1.633402.634418|HISEQ1:18:H8VC6ADXX:2:1102:11727:16881	HG002_chr1.633402.634418|HISEQ1:18:H8VC6ADXX:2:1102:11727:16881	148	8756.0	8881.0	best_hit_to_mtDNA
A	A	A	8874	HG002_all_regions	HG002_chr1.633402.634418|HISEQ1:18:H8VC6ADXX:2:1102:11727:16881	HG002_chr1.633402.634418|HISEQ1:18:H8VC6ADXX:2:1102:11727:16881	148	8756.0	8881.0	best_hit_to_mtDNA
T	T	T	8875	HG002_all_regions	HG002_chr1.633402.634418|HISEQ1:18:H8VC6ADXX:2:1102:11727:16881	HG002_chr1.633402.634418|HISEQ1:18:H8VC6ADXX:2:1102:11727:16881	148	8756.0	8881.0	best_hit_to_mtDNA
A	A	A	8876	HG002_all_regions	HG002_chr1.633402.634418|HISEQ1:18:H8VC6ADXX:2:1102:11727:16881	HG002_chr1.633402.634418|HISEQ1:18:H8VC6ADXX:2:1102:11727:16881	148	8756.0	8881.0	best_hit_to_mtDNA
G	G	G	8877	HG002_all_regions	HG002_chr1.633402.634418|HISEQ1:18:H8VC6ADXX:2:1102:11727:16881	HG002_chr1.633402.634418|HISEQ1:18:H8VC6ADXX:2:1102:11727:16881	148	8756.0	8881.0	best_hit_to_mtDNA
G	G	G	8878	HG002_all_regions	HG002_chr1.633402.634418|HISEQ1:18:H8VC6ADXX:2:1102:11727:16881	HG002_chr1.633402.634418|HISEQ1:18:H8VC6ADXX:2:1102:11727:16881	148	8756.0	8881.0	best_hit_to_mtDNA
C	C	C	8879	HG002_all_regions	HG002_chr1.633402.634418|HISEQ1:18:H8VC6ADXX:2:1102:11727:16881	HG002_chr1.633402.634418|HISEQ1:18:H8VC6ADXX:2:1102:11727:16881	148	8756.0	8881.0	best_hit_to_mtDNA
T	T	T	8880	HG002_all_regions	HG002_chr1.633402.634418|HISEQ1:18:H8VC6ADXX:2:1102:11727:16881	HG002_chr1.633402.634418|HISEQ1:18:H8VC6ADXX:2:1102:11727:16881	148	8756.0	8881.0	best_hit_to_mtDNA
A	A	-	8757	HG002_all_regions	HG002_chr1.633402.634418|HISEQ1:18:H8VC6ADXX:2:1102:11727:16881	HG002_chr1.633402.634418|HISEQ1:18:H8VC6ADXX:2:1102:11727:16881	9920	8756.0	8881.0	best_hit_to_mtDNA
T	T	-	8758	HG002_all_regions	HG002_chr1.633402.634418|HISEQ1:18:H8VC6ADXX:2:1102:11727:16881	HG002_chr1.633402.634418|HISEQ1:18:H8VC6ADXX:2:1102:11727:16881	9920	8756.0	8881.0	best_hit_to_mtDNA
C	C	-	8759	HG002_all_regions	HG002_chr1.633402.634418|HISEQ1:18:H8VC6ADXX:2:1102:11727:16881	HG002_chr1.633402.634418|HISEQ1:18:H8VC6ADXX:2:1102:11727:16881	9920	8756.0	8881.0	best_hit_to_mtDNA
A	A	-	8760	HG002_all_regions	HG002_chr1.633402.634418|HISEQ1:18:H8VC6ADXX:2:1102:11727:16881	HG002_chr1.633402.634418|HISEQ1:18:H8VC6ADXX:2:1102:11727:16881	9920	8756.0	8881.0	best_hit_to_mtDNA
T	T	-	8761	HG002_all_regions	HG002_chr1.633402.634418|HISEQ1:18:H8VC6ADXX:2:1102:11727:16881	HG002_chr1.633402.634418|HISEQ1:18:H8VC6ADXX:2:1102:11727:16881	9920	8756.0	8881.0	best_hit_to_mtDNA
T	T	-	8762	HG002_all_regions	HG002_chr1.633402.634418|HISEQ1:18:H8VC6ADXX:2:1102:11727:16881	HG002_chr1.633402.634418|HISEQ1:18:H8VC6ADXX:2:1102:11727:16881	9920	8756.0	8881.0	best_hit_to_mtDNA
T	T	-	8763	HG002_all_regions	HG002_chr1.633402.634418|HISEQ1:18:H8VC6ADXX:2:1102:11727:16881	HG002_chr1.633402.634418|HISEQ1:18:H8VC6ADXX:2:1102:11727:16881	9920	8756.0	8881.0	best_hit_to_mtDNA
T	T	-	8764	HG002_all_regions	HG002_chr1.633402.634418|HISEQ1:18:H8VC6ADXX:2:1102:11727:16881	HG002_chr1.633402.634418|HISEQ1:18:H8VC6ADXX:2:1102:11727:16881	9920	8756.0	8881.0	best_hit_to_mtDNA
T	T	-	8765	HG002_all_regions	HG002_chr1.633402.634418|HISEQ1:18:H8VC6ADXX:2:1102:11727:16881	HG002_chr1.633402.634418|HISEQ1:18:H8VC6ADXX:2:1102:11727:16881	9920	8756.0	8881.0	best_hit_to_mtDNA
A	A	-	8766	HG002_all_regions	HG002_chr1.633402.634418|HISEQ1:18:H8VC6ADXX:2:1102:11727:16881	HG002_chr1.633402.634418|HISEQ1:18:H8VC6ADXX:2:1102:11727:16881	9920	8756.0	8881.0	best_hit_to_mtDNA
T	T	-	8767	HG002_all_regions	HG002_chr1.633402.634418|HISEQ1:18:H8VC6ADXX:2:1102:11727:16881	HG002_chr1.633402.634418|HISEQ1:18:H8VC6ADXX:2:1102:11727:16881	9920	8756.0	8881.0	best_hit_to_mtDNA
T	T	-	8768	HG002_all_regions	HG002_chr1.633402.634418|HISEQ1:18:H8VC6ADXX:2:1102:11727:16881	HG002_chr1.633402.634418|HISEQ1:18:H8VC6ADXX:2:1102:11727:16881	9920	8756.0	8881.0	best_hit_to_mtDNA
G	A	-	8769	HG002_all_regions	HG002_chr1.633402.634418|HISEQ1:18:H8VC6ADXX:2:1102:11727:16881	HG002_chr1.633402.634418|HISEQ1:18:H8VC6ADXX:2:1102:11727:16881	9920	8756.0	8881.0	best_hit_to_mtDNA
C	C	-	8770	HG002_all_regions	HG002_chr1.633402.634418|HISEQ1:18:H8VC6ADXX:2:1102:11727:16881	HG002_chr1.633402.634418|HISEQ1:18:H8VC6ADXX:2:1102:11727:16881	9920	8756.0	8881.0	best_hit_to_mtDNA
C	C	-	8771	HG002_all_regions	HG002_chr1.633402.634418|HISEQ1:18:H8VC6ADXX:2:1102:11727:16881	HG002_chr1.633402.634418|HISEQ1:18:H8VC6ADXX:2:1102:11727:16881	9920	8756.0	8881.0	best_hit_to_mtDNA
A	A	-	8772	HG002_all_regions	HG002_chr1.633402.634418|HISEQ1:18:H8VC6ADXX:2:1102:11727:16881	HG002_chr1.633402.634418|HISEQ1:18:H8VC6ADXX:2:1102:11727:16881	9920	8756.0	8881.0	best_hit_to_mtDNA
C	C	-	8773	HG002_all_regions	HG002_chr1.633402.634418|HISEQ1:18:H8VC6ADXX:2:1102:11727:16881	HG002_chr1.633402.634418|HISEQ1:18:H8VC6ADXX:2:1102:11727:16881	9920	8756.0	8881.0	best_hit_to_mtDNA
A	A	-	8774	HG002_all_regions	HG002_chr1.633402.634418|HISEQ1:18:H8VC6ADXX:2:1102:11727:16881	HG002_chr1.633402.634418|HISEQ1:18:H8VC6ADXX:2:1102:11727:16881	9920	8756.0	8881.0	best_hit_to_mtDNA
A	A	-	8775	HG002_all_regions	HG002_chr1.633402.634418|HISEQ1:18:H8VC6ADXX:2:1102:11727:16881	HG002_chr1.633402.634418|HISEQ1:18:H8VC6ADXX:2:1102:11727:16881	9920	8756.0	8881.0	best_hit_to_mtDNA
C	C	-	8776	HG002_all_regions	HG002_chr1.633402.634418|HISEQ1:18:H8VC6ADXX:2:1102:11727:16881	HG002_chr1.633402.634418|HISEQ1:18:H8VC6ADXX:2:1102:11727:16881	9920	8756.0	8881.0	best_hit_to_mtDNA
T	C	-	8777	HG002_all_regions	HG002_chr1.633402.634418|HISEQ1:18:H8VC6ADXX:2:1102:11727:16881	HG002_chr1.633402.634418|HISEQ1:18:H8VC6ADXX:2:1102:11727:16881	9920	8756.0	8881.0	best_hit_to_mtDNA
A	A	-	8778	HG002_all_regions	HG002_chr1.633402.634418|HISEQ1:18:H8VC6ADXX:2:1102:11727:16881	HG002_chr1.633402.634418|HISEQ1:18:H8VC6ADXX:2:1102:11727:16881	9920	8756.0	8881.0	best_hit_to_mtDNA
A	A	-	8779	HG002_all_regions	HG002_chr1.633402.634418|HISEQ1:18:H8VC6ADXX:2:1102:11727:16881	HG002_chr1.633402.634418|HISEQ1:18:H8VC6ADXX:2:1102:11727:16881	9920	8756.0	8881.0	best_hit_to_mtDNA
C	T	-	8780	HG002_all_regions	HG002_chr1.633402.634418|HISEQ1:18:H8VC6ADXX:2:1102:11727:16881	HG002_chr1.633402.634418|HISEQ1:18:H8VC6ADXX:2:1102:11727:16881	9920	8756.0	8881.0	best_hit_to_mtDNA
C	C	-	8781	HG002_all_regions	HG002_chr1.633402.634418|HISEQ1:18:H8VC6ADXX:2:1102:11727:16881	HG002_chr1.633402.634418|HISEQ1:18:H8VC6ADXX:2:1102:11727:16881	9920	8756.0	8881.0	best_hit_to_mtDNA
T	T	-	8782	HG002_all_regions	HG002_chr1.633402.634418|HISEQ1:18:H8VC6ADXX:2:1102:11727:16881	HG002_chr1.633402.634418|HISEQ1:18:H8VC6ADXX:2:1102:11727:16881	9920	8756.0	8881.0	best_hit_to_mtDNA
C	T	-	8783	HG002_all_regions	HG002_chr1.633402.634418|HISEQ1:18:H8VC6ADXX:2:1102:11727:16881	HG002_chr1.633402.634418|HISEQ1:18:H8VC6ADXX:2:1102:11727:16881	9920	8756.0	8881.0	best_hit_to_mtDNA
C	C	-	8784	HG002_all_regions	HG002_chr1.633402.634418|HISEQ1:18:H8VC6ADXX:2:1102:11727:16881	HG002_chr1.633402.634418|HISEQ1:18:H8VC6ADXX:2:1102:11727:16881	9920	8756.0	8881.0	best_hit_to_mtDNA
T	T	-	8785	HG002_all_regions	HG002_chr1.633402.634418|HISEQ1:18:H8VC6ADXX:2:1102:11727:16881	HG002_chr1.633402.634418|HISEQ1:18:H8VC6ADXX:2:1102:11727:16881	9920	8756.0	8881.0	best_hit_to_mtDNA
C	T	-	8786	HG002_all_regions	HG002_chr1.633402.634418|HISEQ1:18:H8VC6ADXX:2:1102:11727:16881	HG002_chr1.633402.634418|HISEQ1:18:H8VC6ADXX:2:1102:11727:16881	9920	8756.0	8881.0	best_hit_to_mtDNA
G	G	-	8787	HG002_all_regions	HG002_chr1.633402.634418|HISEQ1:18:H8VC6ADXX:2:1102:11727:16881	HG002_chr1.633402.634418|HISEQ1:18:H8VC6ADXX:2:1102:11727:16881	9920	8756.0	8881.0	best_hit_to_mtDNA
G	G	-	8788	HG002_all_regions	HG002_chr1.633402.634418|HISEQ1:18:H8VC6ADXX:2:1102:11727:16881	HG002_chr1.633402.634418|HISEQ1:18:H8VC6ADXX:2:1102:11727:16881	9920	8756.0	8881.0	best_hit_to_mtDNA
A	G	-	8789	HG002_all_regions	HG002_chr1.633402.634418|HISEQ1:18:H8VC6ADXX:2:1102:11727:16881	HG002_chr1.633402.634418|HISEQ1:18:H8VC6ADXX:2:1102:11727:16881	9920	8756.0	8881.0	best_hit_to_mtDNA
C	C	-	8790	HG002_all_regions	HG002_chr1.633402.634418|HISEQ1:18:H8VC6ADXX:2:1102:11727:16881	HG002_chr1.633402.634418|HISEQ1:18:H8VC6ADXX:2:1102:11727:16881	9920	8756.0	8881.0	best_hit_to_mtDNA
T	T	-	8791	HG002_all_regions	HG002_chr1.633402.634418|HISEQ1:18:H8VC6ADXX:2:1102:11727:16881	HG002_chr1.633402.634418|HISEQ1:18:H8VC6ADXX:2:1102:11727:16881	9920	8756.0	8881.0	best_hit_to_mtDNA
C	T	-	8792	HG002_all_regions	HG002_chr1.633402.634418|HISEQ1:18:H8VC6ADXX:2:1102:11727:16881	HG002_chr1.633402.634418|HISEQ1:18:H8VC6ADXX:2:1102:11727:16881	9920	8756.0	8881.0	best_hit_to_mtDNA
C	C	-	8793	HG002_all_regions	HG002_chr1.633402.634418|HISEQ1:18:H8VC6ADXX:2:1102:11727:16881	HG002_chr1.633402.634418|HISEQ1:18:H8VC6ADXX:2:1102:11727:16881	9920	8756.0	8881.0	best_hit_to_mtDNA
T	T	-	8794	HG002_all_regions	HG002_chr1.633402.634418|HISEQ1:18:H8VC6ADXX:2:1102:11727:16881	HG002_chr1.633402.634418|HISEQ1:18:H8VC6ADXX:2:1102:11727:16881	9920	8756.0	8881.0	best_hit_to_mtDNA
G	A	-	8795	HG002_all_regions	HG002_chr1.633402.634418|HISEQ1:18:H8VC6ADXX:2:1102:11727:16881	HG002_chr1.633402.634418|HISEQ1:18:H8VC6ADXX:2:1102:11727:16881	9920	8756.0	8881.0	best_hit_to_mtDNA
C	C	-	8796	HG002_all_regions	HG002_chr1.633402.634418|HISEQ1:18:H8VC6ADXX:2:1102:11727:16881	HG002_chr1.633402.634418|HISEQ1:18:H8VC6ADXX:2:1102:11727:16881	9920	8756.0	8881.0	best_hit_to_mtDNA
C	C	-	8797	HG002_all_regions	HG002_chr1.633402.634418|HISEQ1:18:H8VC6ADXX:2:1102:11727:16881	HG002_chr1.633402.634418|HISEQ1:18:H8VC6ADXX:2:1102:11727:16881	9920	8756.0	8881.0	best_hit_to_mtDNA
T	C	-	8798	HG002_all_regions	HG002_chr1.633402.634418|HISEQ1:18:H8VC6ADXX:2:1102:11727:16881	HG002_chr1.633402.634418|HISEQ1:18:H8VC6ADXX:2:1102:11727:16881	9920	8756.0	8881.0	best_hit_to_mtDNA
C	C	-	8799	HG002_all_regions	HG002_chr1.633402.634418|HISEQ1:18:H8VC6ADXX:2:1102:11727:16881	HG002_chr1.633402.634418|HISEQ1:18:H8VC6ADXX:2:1102:11727:16881	9920	8756.0	8881.0	best_hit_to_mtDNA
A	A	-	8800	HG002_all_regions	HG002_chr1.633402.634418|HISEQ1:18:H8VC6ADXX:2:1102:11727:16881	HG002_chr1.633402.634418|HISEQ1:18:H8VC6ADXX:2:1102:11727:16881	9920	8756.0	8881.0	best_hit_to_mtDNA
C	C	-	8801	HG002_all_regions	HG002_chr1.633402.634418|HISEQ1:18:H8VC6ADXX:2:1102:11727:16881	HG002_chr1.633402.634418|HISEQ1:18:H8VC6ADXX:2:1102:11727:16881	9920	8756.0	8881.0	best_hit_to_mtDNA
T	T	-	8802	HG002_all_regions	HG002_chr1.633402.634418|HISEQ1:18:H8VC6ADXX:2:1102:11727:16881	HG002_chr1.633402.634418|HISEQ1:18:H8VC6ADXX:2:1102:11727:16881	9920	8756.0	8881.0	best_hit_to_mtDNA
C	C	-	8803	HG002_all_regions	HG002_chr1.633402.634418|HISEQ1:18:H8VC6ADXX:2:1102:11727:16881	HG002_chr1.633402.634418|HISEQ1:18:H8VC6ADXX:2:1102:11727:16881	9920	8756.0	8881.0	best_hit_to_mtDNA
A	A	-	8804	HG002_all_regions	HG002_chr1.633402.634418|HISEQ1:18:H8VC6ADXX:2:1102:11727:16881	HG002_chr1.633402.634418|HISEQ1:18:H8VC6ADXX:2:1102:11727:16881	9920	8756.0	8881.0	best_hit_to_mtDNA
T	T	-	8805	HG002_all_regions	HG002_chr1.633402.634418|HISEQ1:18:H8VC6ADXX:2:1102:11727:16881	HG002_chr1.633402.634418|HISEQ1:18:H8VC6ADXX:2:1102:11727:16881	9920	8756.0	8881.0	best_hit_to_mtDNA
T	T	-	8806	HG002_all_regions	HG002_chr1.633402.634418|HISEQ1:18:H8VC6ADXX:2:1102:11727:16881	HG002_chr1.633402.634418|HISEQ1:18:H8VC6ADXX:2:1102:11727:16881	9920	8756.0	8881.0	best_hit_to_mtDNA
T	C	-	8807	HG002_all_regions	HG002_chr1.633402.634418|HISEQ1:18:H8VC6ADXX:2:1102:11727:16881	HG002_chr1.633402.634418|HISEQ1:18:H8VC6ADXX:2:1102:11727:16881	9920	8756.0	8881.0	best_hit_to_mtDNA
A	A	-	8808	HG002_all_regions	HG002_chr1.633402.634418|HISEQ1:18:H8VC6ADXX:2:1102:11727:16881	HG002_chr1.633402.634418|HISEQ1:18:H8VC6ADXX:2:1102:11727:16881	9920	8756.0	8881.0	best_hit_to_mtDNA
C	C	-	8809	HG002_all_regions	HG002_chr1.633402.634418|HISEQ1:18:H8VC6ADXX:2:1102:11727:16881	HG002_chr1.633402.634418|HISEQ1:18:H8VC6ADXX:2:1102:11727:16881	9920	8756.0	8881.0	best_hit_to_mtDNA
A	A	-	8810	HG002_all_regions	HG002_chr1.633402.634418|HISEQ1:18:H8VC6ADXX:2:1102:11727:16881	HG002_chr1.633402.634418|HISEQ1:18:H8VC6ADXX:2:1102:11727:16881	9920	8756.0	8881.0	best_hit_to_mtDNA
C	C	-	8811	HG002_all_regions	HG002_chr1.633402.634418|HISEQ1:18:H8VC6ADXX:2:1102:11727:16881	HG002_chr1.633402.634418|HISEQ1:18:H8VC6ADXX:2:1102:11727:16881	9920	8756.0	8881.0	best_hit_to_mtDNA
C	C	-	8812	HG002_all_regions	HG002_chr1.633402.634418|HISEQ1:18:H8VC6ADXX:2:1102:11727:16881	HG002_chr1.633402.634418|HISEQ1:18:H8VC6ADXX:2:1102:11727:16881	9920	8756.0	8881.0	best_hit_to_mtDNA
A	A	-	8813	HG002_all_regions	HG002_chr1.633402.634418|HISEQ1:18:H8VC6ADXX:2:1102:11727:16881	HG002_chr1.633402.634418|HISEQ1:18:H8VC6ADXX:2:1102:11727:16881	9920	8756.0	8881.0	best_hit_to_mtDNA
A	A	-	8814	HG002_all_regions	HG002_chr1.633402.634418|HISEQ1:18:H8VC6ADXX:2:1102:11727:16881	HG002_chr1.633402.634418|HISEQ1:18:H8VC6ADXX:2:1102:11727:16881	9920	8756.0	8881.0	best_hit_to_mtDNA
C	C	-	8815	HG002_all_regions	HG002_chr1.633402.634418|HISEQ1:18:H8VC6ADXX:2:1102:11727:16881	HG002_chr1.633402.634418|HISEQ1:18:H8VC6ADXX:2:1102:11727:16881	9920	8756.0	8881.0	best_hit_to_mtDNA
C	C	-	8816	HG002_all_regions	HG002_chr1.633402.634418|HISEQ1:18:H8VC6ADXX:2:1102:11727:16881	HG002_chr1.633402.634418|HISEQ1:18:H8VC6ADXX:2:1102:11727:16881	9920	8756.0	8881.0	best_hit_to_mtDNA
A	A	-	8817	HG002_all_regions	HG002_chr1.633402.634418|HISEQ1:18:H8VC6ADXX:2:1102:11727:16881	HG002_chr1.633402.634418|HISEQ1:18:H8VC6ADXX:2:1102:11727:16881	9920	8756.0	8881.0	best_hit_to_mtDNA
C	C	-	8818	HG002_all_regions	HG002_chr1.633402.634418|HISEQ1:18:H8VC6ADXX:2:1102:11727:16881	HG002_chr1.633402.634418|HISEQ1:18:H8VC6ADXX:2:1102:11727:16881	9920	8756.0	8881.0	best_hit_to_mtDNA
C	C	-	8819	HG002_all_regions	HG002_chr1.633402.634418|HISEQ1:18:H8VC6ADXX:2:1102:11727:16881	HG002_chr1.633402.634418|HISEQ1:18:H8VC6ADXX:2:1102:11727:16881	9920	8756.0	8881.0	best_hit_to_mtDNA
C	C	-	8820	HG002_all_regions	HG002_chr1.633402.634418|HISEQ1:18:H8VC6ADXX:2:1102:11727:16881	HG002_chr1.633402.634418|HISEQ1:18:H8VC6ADXX:2:1102:11727:16881	9920	8756.0	8881.0	best_hit_to_mtDNA
A	A	-	8821	HG002_all_regions	HG002_chr1.633402.634418|HISEQ1:18:H8VC6ADXX:2:1102:11727:16881	HG002_chr1.633402.634418|HISEQ1:18:H8VC6ADXX:2:1102:11727:16881	9920	8756.0	8881.0	best_hit_to_mtDNA
A	A	-	8822	HG002_all_regions	HG002_chr1.633402.634418|HISEQ1:18:H8VC6ADXX:2:1102:11727:16881	HG002_chr1.633402.634418|HISEQ1:18:H8VC6ADXX:2:1102:11727:16881	9920	8756.0	8881.0	best_hit_to_mtDNA
C	C	-	8823	HG002_all_regions	HG002_chr1.633402.634418|HISEQ1:18:H8VC6ADXX:2:1102:11727:16881	HG002_chr1.633402.634418|HISEQ1:18:H8VC6ADXX:2:1102:11727:16881	9920	8756.0	8881.0	best_hit_to_mtDNA
T	T	-	8824	HG002_all_regions	HG002_chr1.633402.634418|HISEQ1:18:H8VC6ADXX:2:1102:11727:16881	HG002_chr1.633402.634418|HISEQ1:18:H8VC6ADXX:2:1102:11727:16881	9920	8756.0	8881.0	best_hit_to_mtDNA
A	A	-	8825	HG002_all_regions	HG002_chr1.633402.634418|HISEQ1:18:H8VC6ADXX:2:1102:11727:16881	HG002_chr1.633402.634418|HISEQ1:18:H8VC6ADXX:2:1102:11727:16881	9920	8756.0	8881.0	best_hit_to_mtDNA
T	T	-	8826	HG002_all_regions	HG002_chr1.633402.634418|HISEQ1:18:H8VC6ADXX:2:1102:11727:16881	HG002_chr1.633402.634418|HISEQ1:18:H8VC6ADXX:2:1102:11727:16881	9920	8756.0	8881.0	best_hit_to_mtDNA
C	C	-	8827	HG002_all_regions	HG002_chr1.633402.634418|HISEQ1:18:H8VC6ADXX:2:1102:11727:16881	HG002_chr1.633402.634418|HISEQ1:18:H8VC6ADXX:2:1102:11727:16881	9920	8756.0	8881.0	best_hit_to_mtDNA
T	T	-	8828	HG002_all_regions	HG002_chr1.633402.634418|HISEQ1:18:H8VC6ADXX:2:1102:11727:16881	HG002_chr1.633402.634418|HISEQ1:18:H8VC6ADXX:2:1102:11727:16881	9920	8756.0	8881.0	best_hit_to_mtDNA
A	A	-	8829	HG002_all_regions	HG002_chr1.633402.634418|HISEQ1:18:H8VC6ADXX:2:1102:11727:16881	HG002_chr1.633402.634418|HISEQ1:18:H8VC6ADXX:2:1102:11727:16881	9920	8756.0	8881.0	best_hit_to_mtDNA
T	T	-	8830	HG002_all_regions	HG002_chr1.633402.634418|HISEQ1:18:H8VC6ADXX:2:1102:11727:16881	HG002_chr1.633402.634418|HISEQ1:18:H8VC6ADXX:2:1102:11727:16881	9920	8756.0	8881.0	best_hit_to_mtDNA
A	A	-	8831	HG002_all_regions	HG002_chr1.633402.634418|HISEQ1:18:H8VC6ADXX:2:1102:11727:16881	HG002_chr1.633402.634418|HISEQ1:18:H8VC6ADXX:2:1102:11727:16881	9920	8756.0	8881.0	best_hit_to_mtDNA
A	A	-	8832	HG002_all_regions	HG002_chr1.633402.634418|HISEQ1:18:H8VC6ADXX:2:1102:11727:16881	HG002_chr1.633402.634418|HISEQ1:18:H8VC6ADXX:2:1102:11727:16881	9920	8756.0	8881.0	best_hit_to_mtDNA
A	A	-	8833	HG002_all_regions	HG002_chr1.633402.634418|HISEQ1:18:H8VC6ADXX:2:1102:11727:16881	HG002_chr1.633402.634418|HISEQ1:18:H8VC6ADXX:2:1102:11727:16881	9920	8756.0	8881.0	best_hit_to_mtDNA
C	C	-	8834	HG002_all_regions	HG002_chr1.633402.634418|HISEQ1:18:H8VC6ADXX:2:1102:11727:16881	HG002_chr1.633402.634418|HISEQ1:18:H8VC6ADXX:2:1102:11727:16881	9920	8756.0	8881.0	best_hit_to_mtDNA
C	C	-	8835	HG002_all_regions	HG002_chr1.633402.634418|HISEQ1:18:H8VC6ADXX:2:1102:11727:16881	HG002_chr1.633402.634418|HISEQ1:18:H8VC6ADXX:2:1102:11727:16881	9920	8756.0	8881.0	best_hit_to_mtDNA
T	T	-	8836	HG002_all_regions	HG002_chr1.633402.634418|HISEQ1:18:H8VC6ADXX:2:1102:11727:16881	HG002_chr1.633402.634418|HISEQ1:18:H8VC6ADXX:2:1102:11727:16881	9920	8756.0	8881.0	best_hit_to_mtDNA
A	A	-	8837	HG002_all_regions	HG002_chr1.633402.634418|HISEQ1:18:H8VC6ADXX:2:1102:11727:16881	HG002_chr1.633402.634418|HISEQ1:18:H8VC6ADXX:2:1102:11727:16881	9920	8756.0	8881.0	best_hit_to_mtDNA
G	G	-	8838	HG002_all_regions	HG002_chr1.633402.634418|HISEQ1:18:H8VC6ADXX:2:1102:11727:16881	HG002_chr1.633402.634418|HISEQ1:18:H8VC6ADXX:2:1102:11727:16881	9920	8756.0	8881.0	best_hit_to_mtDNA
C	C	-	8839	HG002_all_regions	HG002_chr1.633402.634418|HISEQ1:18:H8VC6ADXX:2:1102:11727:16881	HG002_chr1.633402.634418|HISEQ1:18:H8VC6ADXX:2:1102:11727:16881	9920	8756.0	8881.0	best_hit_to_mtDNA
C	C	-	8840	HG002_all_regions	HG002_chr1.633402.634418|HISEQ1:18:H8VC6ADXX:2:1102:11727:16881	HG002_chr1.633402.634418|HISEQ1:18:H8VC6ADXX:2:1102:11727:16881	9920	8756.0	8881.0	best_hit_to_mtDNA
A	A	-	8841	HG002_all_regions	HG002_chr1.633402.634418|HISEQ1:18:H8VC6ADXX:2:1102:11727:16881	HG002_chr1.633402.634418|HISEQ1:18:H8VC6ADXX:2:1102:11727:16881	9920	8756.0	8881.0	best_hit_to_mtDNA
T	T	-	8842	HG002_all_regions	HG002_chr1.633402.634418|HISEQ1:18:H8VC6ADXX:2:1102:11727:16881	HG002_chr1.633402.634418|HISEQ1:18:H8VC6ADXX:2:1102:11727:16881	9920	8756.0	8881.0	best_hit_to_mtDNA
G	G	-	8843	HG002_all_regions	HG002_chr1.633402.634418|HISEQ1:18:H8VC6ADXX:2:1102:11727:16881	HG002_chr1.633402.634418|HISEQ1:18:H8VC6ADXX:2:1102:11727:16881	9920	8756.0	8881.0	best_hit_to_mtDNA
G	G	-	8844	HG002_all_regions	HG002_chr1.633402.634418|HISEQ1:18:H8VC6ADXX:2:1102:11727:16881	HG002_chr1.633402.634418|HISEQ1:18:H8VC6ADXX:2:1102:11727:16881	9920	8756.0	8881.0	best_hit_to_mtDNA
C	C	-	8845	HG002_all_regions	HG002_chr1.633402.634418|HISEQ1:18:H8VC6ADXX:2:1102:11727:16881	HG002_chr1.633402.634418|HISEQ1:18:H8VC6ADXX:2:1102:11727:16881	9920	8756.0	8881.0	best_hit_to_mtDNA
C	T	-	8846	HG002_all_regions	HG002_chr1.633402.634418|HISEQ1:18:H8VC6ADXX:2:1102:11727:16881	HG002_chr1.633402.634418|HISEQ1:18:H8VC6ADXX:2:1102:11727:16881	9920	8756.0	8881.0	best_hit_to_mtDNA
A	A	-	8847	HG002_all_regions	HG002_chr1.633402.634418|HISEQ1:18:H8VC6ADXX:2:1102:11727:16881	HG002_chr1.633402.634418|HISEQ1:18:H8VC6ADXX:2:1102:11727:16881	9920	8756.0	8881.0	best_hit_to_mtDNA
T	T	-	8848	HG002_all_regions	HG002_chr1.633402.634418|HISEQ1:18:H8VC6ADXX:2:1102:11727:16881	HG002_chr1.633402.634418|HISEQ1:18:H8VC6ADXX:2:1102:11727:16881	9920	8756.0	8881.0	best_hit_to_mtDNA
C	C	-	8849	HG002_all_regions	HG002_chr1.633402.634418|HISEQ1:18:H8VC6ADXX:2:1102:11727:16881	HG002_chr1.633402.634418|HISEQ1:18:H8VC6ADXX:2:1102:11727:16881	9920	8756.0	8881.0	best_hit_to_mtDNA
C	C	-	8850	HG002_all_regions	HG002_chr1.633402.634418|HISEQ1:18:H8VC6ADXX:2:1102:11727:16881	HG002_chr1.633402.634418|HISEQ1:18:H8VC6ADXX:2:1102:11727:16881	9920	8756.0	8881.0	best_hit_to_mtDNA
C	C	-	8851	HG002_all_regions	HG002_chr1.633402.634418|HISEQ1:18:H8VC6ADXX:2:1102:11727:16881	HG002_chr1.633402.634418|HISEQ1:18:H8VC6ADXX:2:1102:11727:16881	9920	8756.0	8881.0	best_hit_to_mtDNA
C	C	-	8852	HG002_all_regions	HG002_chr1.633402.634418|HISEQ1:18:H8VC6ADXX:2:1102:11727:16881	HG002_chr1.633402.634418|HISEQ1:18:H8VC6ADXX:2:1102:11727:16881	9920	8756.0	8881.0	best_hit_to_mtDNA
T	C	-	8853	HG002_all_regions	HG002_chr1.633402.634418|HISEQ1:18:H8VC6ADXX:2:1102:11727:16881	HG002_chr1.633402.634418|HISEQ1:18:H8VC6ADXX:2:1102:11727:16881	9920	8756.0	8881.0	best_hit_to_mtDNA
T	T	-	8854	HG002_all_regions	HG002_chr1.633402.634418|HISEQ1:18:H8VC6ADXX:2:1102:11727:16881	HG002_chr1.633402.634418|HISEQ1:18:H8VC6ADXX:2:1102:11727:16881	9920	8756.0	8881.0	best_hit_to_mtDNA
A	A	-	8855	HG002_all_regions	HG002_chr1.633402.634418|HISEQ1:18:H8VC6ADXX:2:1102:11727:16881	HG002_chr1.633402.634418|HISEQ1:18:H8VC6ADXX:2:1102:11727:16881	9920	8756.0	8881.0	best_hit_to_mtDNA
T	T	-	8856	HG002_all_regions	HG002_chr1.633402.634418|HISEQ1:18:H8VC6ADXX:2:1102:11727:16881	HG002_chr1.633402.634418|HISEQ1:18:H8VC6ADXX:2:1102:11727:16881	9920	8756.0	8881.0	best_hit_to_mtDNA
G	G	-	8857	HG002_all_regions	HG002_chr1.633402.634418|HISEQ1:18:H8VC6ADXX:2:1102:11727:16881	HG002_chr1.633402.634418|HISEQ1:18:H8VC6ADXX:2:1102:11727:16881	9920	8756.0	8881.0	best_hit_to_mtDNA
A	A	-	8858	HG002_all_regions	HG002_chr1.633402.634418|HISEQ1:18:H8VC6ADXX:2:1102:11727:16881	HG002_chr1.633402.634418|HISEQ1:18:H8VC6ADXX:2:1102:11727:16881	9920	8756.0	8881.0	best_hit_to_mtDNA
G	G	-	8859	HG002_all_regions	HG002_chr1.633402.634418|HISEQ1:18:H8VC6ADXX:2:1102:11727:16881	HG002_chr1.633402.634418|HISEQ1:18:H8VC6ADXX:2:1102:11727:16881	9920	8756.0	8881.0	best_hit_to_mtDNA
C	C	-	8860	HG002_all_regions	HG002_chr1.633402.634418|HISEQ1:18:H8VC6ADXX:2:1102:11727:16881	HG002_chr1.633402.634418|HISEQ1:18:H8VC6ADXX:2:1102:11727:16881	9920	8756.0	8881.0	best_hit_to_mtDNA
G	A	-	8861	HG002_all_regions	HG002_chr1.633402.634418|HISEQ1:18:H8VC6ADXX:2:1102:11727:16881	HG002_chr1.633402.634418|HISEQ1:18:H8VC6ADXX:2:1102:11727:16881	9920	8756.0	8881.0	best_hit_to_mtDNA
G	G	-	8862	HG002_all_regions	HG002_chr1.633402.634418|HISEQ1:18:H8VC6ADXX:2:1102:11727:16881	HG002_chr1.633402.634418|HISEQ1:18:H8VC6ADXX:2:1102:11727:16881	9920	8756.0	8881.0	best_hit_to_mtDNA
G	G	-	8863	HG002_all_regions	HG002_chr1.633402.634418|HISEQ1:18:H8VC6ADXX:2:1102:11727:16881	HG002_chr1.633402.634418|HISEQ1:18:H8VC6ADXX:2:1102:11727:16881	9920	8756.0	8881.0	best_hit_to_mtDNA
C	C	-	8864	HG002_all_regions	HG002_chr1.633402.634418|HISEQ1:18:H8VC6ADXX:2:1102:11727:16881	HG002_chr1.633402.634418|HISEQ1:18:H8VC6ADXX:2:1102:11727:16881	9920	8756.0	8881.0	best_hit_to_mtDNA
A	G	-	8865	HG002_all_regions	HG002_chr1.633402.634418|HISEQ1:18:H8VC6ADXX:2:1102:11727:16881	HG002_chr1.633402.634418|HISEQ1:18:H8VC6ADXX:2:1102:11727:16881	9920	8756.0	8881.0	best_hit_to_mtDNA
C	C	-	8866	HG002_all_regions	HG002_chr1.633402.634418|HISEQ1:18:H8VC6ADXX:2:1102:11727:16881	HG002_chr1.633402.634418|HISEQ1:18:H8VC6ADXX:2:1102:11727:16881	9920	8756.0	8881.0	best_hit_to_mtDNA
A	A	-	8867	HG002_all_regions	HG002_chr1.633402.634418|HISEQ1:18:H8VC6ADXX:2:1102:11727:16881	HG002_chr1.633402.634418|HISEQ1:18:H8VC6ADXX:2:1102:11727:16881	9920	8756.0	8881.0	best_hit_to_mtDNA
G	G	-	8868	HG002_all_regions	HG002_chr1.633402.634418|HISEQ1:18:H8VC6ADXX:2:1102:11727:16881	HG002_chr1.633402.634418|HISEQ1:18:H8VC6ADXX:2:1102:11727:16881	9920	8756.0	8881.0	best_hit_to_mtDNA
T	T	-	8869	HG002_all_regions	HG002_chr1.633402.634418|HISEQ1:18:H8VC6ADXX:2:1102:11727:16881	HG002_chr1.633402.634418|HISEQ1:18:H8VC6ADXX:2:1102:11727:16881	9920	8756.0	8881.0	best_hit_to_mtDNA
G	A	-	8870	HG002_all_regions	HG002_chr1.633402.634418|HISEQ1:18:H8VC6ADXX:2:1102:11727:16881	HG002_chr1.633402.634418|HISEQ1:18:H8VC6ADXX:2:1102:11727:16881	9920	8756.0	8881.0	best_hit_to_mtDNA
A	G	-	8871	HG002_all_regions	HG002_chr1.633402.634418|HISEQ1:18:H8VC6ADXX:2:1102:11727:16881	HG002_chr1.633402.634418|HISEQ1:18:H8VC6ADXX:2:1102:11727:16881	9920	8756.0	8881.0	best_hit_to_mtDNA
T	T	-	8872	HG002_all_regions	HG002_chr1.633402.634418|HISEQ1:18:H8VC6ADXX:2:1102:11727:16881	HG002_chr1.633402.634418|HISEQ1:18:H8VC6ADXX:2:1102:11727:16881	9920	8756.0	8881.0	best_hit_to_mtDNA
T	C	-	8873	HG002_all_regions	HG002_chr1.633402.634418|HISEQ1:18:H8VC6ADXX:2:1102:11727:16881	HG002_chr1.633402.634418|HISEQ1:18:H8VC6ADXX:2:1102:11727:16881	9920	8756.0	8881.0	best_hit_to_mtDNA
A	A	-	8874	HG002_all_regions	HG002_chr1.633402.634418|HISEQ1:18:H8VC6ADXX:2:1102:11727:16881	HG002_chr1.633402.634418|HISEQ1:18:H8VC6ADXX:2:1102:11727:16881	9920	8756.0	8881.0	best_hit_to_mtDNA
T	T	-	8875	HG002_all_regions	HG002_chr1.633402.634418|HISEQ1:18:H8VC6ADXX:2:1102:11727:16881	HG002_chr1.633402.634418|HISEQ1:18:H8VC6ADXX:2:1102:11727:16881	9920	8756.0	8881.0	best_hit_to_mtDNA
A	A	-	8876	HG002_all_regions	HG002_chr1.633402.634418|HISEQ1:18:H8VC6ADXX:2:1102:11727:16881	HG002_chr1.633402.634418|HISEQ1:18:H8VC6ADXX:2:1102:11727:16881	9920	8756.0	8881.0	best_hit_to_mtDNA
G	G	-	8877	HG002_all_regions	HG002_chr1.633402.634418|HISEQ1:18:H8VC6ADXX:2:1102:11727:16881	HG002_chr1.633402.634418|HISEQ1:18:H8VC6ADXX:2:1102:11727:16881	9920	8756.0	8881.0	best_hit_to_mtDNA
G	G	-	8878	HG002_all_regions	HG002_chr1.633402.634418|HISEQ1:18:H8VC6ADXX:2:1102:11727:16881	HG002_chr1.633402.634418|HISEQ1:18:H8VC6ADXX:2:1102:11727:16881	9920	8756.0	8881.0	best_hit_to_mtDNA
C	C	-	8879	HG002_all_regions	HG002_chr1.633402.634418|HISEQ1:18:H8VC6ADXX:2:1102:11727:16881	HG002_chr1.633402.634418|HISEQ1:18:H8VC6ADXX:2:1102:11727:16881	9920	8756.0	8881.0	best_hit_to_mtDNA
T	T	-	8880	HG002_all_regions	HG002_chr1.633402.634418|HISEQ1:18:H8VC6ADXX:2:1102:11727:16881	HG002_chr1.633402.634418|HISEQ1:18:H8VC6ADXX:2:1102:11727:16881	9920	8756.0	8881.0	best_hit_to_mtDNA
A	A	A	8760	HG002_all_regions	HG002_chr1.633402.634418|HISEQ1:18:H8VC6ADXX:1:1104:15794:89640	HG002_chr1.633402.634418|HISEQ1:18:H8VC6ADXX:1:1104:15794:89640	148	8755.0	8902.0	best_hit_to_mtDNA
T	T	A	8761	HG002_all_regions	HG002_chr1.633402.634418|HISEQ1:18:H8VC6ADXX:1:1104:15794:89640	HG002_chr1.633402.634418|HISEQ1:18:H8VC6ADXX:1:1104:15794:89640	148	8755.0	8902.0	best_hit_to_mtDNA
T	T	T	8762	HG002_all_regions	HG002_chr1.633402.634418|HISEQ1:18:H8VC6ADXX:1:1104:15794:89640	HG002_chr1.633402.634418|HISEQ1:18:H8VC6ADXX:1:1104:15794:89640	148	8755.0	8902.0	best_hit_to_mtDNA
T	T	T	8763	HG002_all_regions	HG002_chr1.633402.634418|HISEQ1:18:H8VC6ADXX:1:1104:15794:89640	HG002_chr1.633402.634418|HISEQ1:18:H8VC6ADXX:1:1104:15794:89640	148	8755.0	8902.0	best_hit_to_mtDNA
T	T	T	8764	HG002_all_regions	HG002_chr1.633402.634418|HISEQ1:18:H8VC6ADXX:1:1104:15794:89640	HG002_chr1.633402.634418|HISEQ1:18:H8VC6ADXX:1:1104:15794:89640	148	8755.0	8902.0	best_hit_to_mtDNA
T	T	T	8765	HG002_all_regions	HG002_chr1.633402.634418|HISEQ1:18:H8VC6ADXX:1:1104:15794:89640	HG002_chr1.633402.634418|HISEQ1:18:H8VC6ADXX:1:1104:15794:89640	148	8755.0	8902.0	best_hit_to_mtDNA
A	A	A	8766	HG002_all_regions	HG002_chr1.633402.634418|HISEQ1:18:H8VC6ADXX:1:1104:15794:89640	HG002_chr1.633402.634418|HISEQ1:18:H8VC6ADXX:1:1104:15794:89640	148	8755.0	8902.0	best_hit_to_mtDNA
T	T	T	8767	HG002_all_regions	HG002_chr1.633402.634418|HISEQ1:18:H8VC6ADXX:1:1104:15794:89640	HG002_chr1.633402.634418|HISEQ1:18:H8VC6ADXX:1:1104:15794:89640	148	8755.0	8902.0	best_hit_to_mtDNA
T	T	T	8768	HG002_all_regions	HG002_chr1.633402.634418|HISEQ1:18:H8VC6ADXX:1:1104:15794:89640	HG002_chr1.633402.634418|HISEQ1:18:H8VC6ADXX:1:1104:15794:89640	148	8755.0	8902.0	best_hit_to_mtDNA
G	A	G	8769	HG002_all_regions	HG002_chr1.633402.634418|HISEQ1:18:H8VC6ADXX:1:1104:15794:89640	HG002_chr1.633402.634418|HISEQ1:18:H8VC6ADXX:1:1104:15794:89640	148	8755.0	8902.0	best_hit_to_mtDNA
C	C	C	8770	HG002_all_regions	HG002_chr1.633402.634418|HISEQ1:18:H8VC6ADXX:1:1104:15794:89640	HG002_chr1.633402.634418|HISEQ1:18:H8VC6ADXX:1:1104:15794:89640	148	8755.0	8902.0	best_hit_to_mtDNA
C	C	C	8771	HG002_all_regions	HG002_chr1.633402.634418|HISEQ1:18:H8VC6ADXX:1:1104:15794:89640	HG002_chr1.633402.634418|HISEQ1:18:H8VC6ADXX:1:1104:15794:89640	148	8755.0	8902.0	best_hit_to_mtDNA
A	A	T	8772	HG002_all_regions	HG002_chr1.633402.634418|HISEQ1:18:H8VC6ADXX:1:1104:15794:89640	HG002_chr1.633402.634418|HISEQ1:18:H8VC6ADXX:1:1104:15794:89640	148	8755.0	8902.0	best_hit_to_mtDNA
C	C	C	8773	HG002_all_regions	HG002_chr1.633402.634418|HISEQ1:18:H8VC6ADXX:1:1104:15794:89640	HG002_chr1.633402.634418|HISEQ1:18:H8VC6ADXX:1:1104:15794:89640	148	8755.0	8902.0	best_hit_to_mtDNA
A	A	A	8774	HG002_all_regions	HG002_chr1.633402.634418|HISEQ1:18:H8VC6ADXX:1:1104:15794:89640	HG002_chr1.633402.634418|HISEQ1:18:H8VC6ADXX:1:1104:15794:89640	148	8755.0	8902.0	best_hit_to_mtDNA
A	A	A	8775	HG002_all_regions	HG002_chr1.633402.634418|HISEQ1:18:H8VC6ADXX:1:1104:15794:89640	HG002_chr1.633402.634418|HISEQ1:18:H8VC6ADXX:1:1104:15794:89640	148	8755.0	8902.0	best_hit_to_mtDNA
C	C	C	8776	HG002_all_regions	HG002_chr1.633402.634418|HISEQ1:18:H8VC6ADXX:1:1104:15794:89640	HG002_chr1.633402.634418|HISEQ1:18:H8VC6ADXX:1:1104:15794:89640	148	8755.0	8902.0	best_hit_to_mtDNA
T	C	A	8777	HG002_all_regions	HG002_chr1.633402.634418|HISEQ1:18:H8VC6ADXX:1:1104:15794:89640	HG002_chr1.633402.634418|HISEQ1:18:H8VC6ADXX:1:1104:15794:89640	148	8755.0	8902.0	best_hit_to_mtDNA
A	A	A	8778	HG002_all_regions	HG002_chr1.633402.634418|HISEQ1:18:H8VC6ADXX:1:1104:15794:89640	HG002_chr1.633402.634418|HISEQ1:18:H8VC6ADXX:1:1104:15794:89640	148	8755.0	8902.0	best_hit_to_mtDNA
A	A	A	8779	HG002_all_regions	HG002_chr1.633402.634418|HISEQ1:18:H8VC6ADXX:1:1104:15794:89640	HG002_chr1.633402.634418|HISEQ1:18:H8VC6ADXX:1:1104:15794:89640	148	8755.0	8902.0	best_hit_to_mtDNA
C	T	C	8780	HG002_all_regions	HG002_chr1.633402.634418|HISEQ1:18:H8VC6ADXX:1:1104:15794:89640	HG002_chr1.633402.634418|HISEQ1:18:H8VC6ADXX:1:1104:15794:89640	148	8755.0	8902.0	best_hit_to_mtDNA
C	C	C	8781	HG002_all_regions	HG002_chr1.633402.634418|HISEQ1:18:H8VC6ADXX:1:1104:15794:89640	HG002_chr1.633402.634418|HISEQ1:18:H8VC6ADXX:1:1104:15794:89640	148	8755.0	8902.0	best_hit_to_mtDNA
T	T	T	8782	HG002_all_regions	HG002_chr1.633402.634418|HISEQ1:18:H8VC6ADXX:1:1104:15794:89640	HG002_chr1.633402.634418|HISEQ1:18:H8VC6ADXX:1:1104:15794:89640	148	8755.0	8902.0	best_hit_to_mtDNA
C	T	C	8783	HG002_all_regions	HG002_chr1.633402.634418|HISEQ1:18:H8VC6ADXX:1:1104:15794:89640	HG002_chr1.633402.634418|HISEQ1:18:H8VC6ADXX:1:1104:15794:89640	148	8755.0	8902.0	best_hit_to_mtDNA
C	C	C	8784	HG002_all_regions	HG002_chr1.633402.634418|HISEQ1:18:H8VC6ADXX:1:1104:15794:89640	HG002_chr1.633402.634418|HISEQ1:18:H8VC6ADXX:1:1104:15794:89640	148	8755.0	8902.0	best_hit_to_mtDNA
T	T	T	8785	HG002_all_regions	HG002_chr1.633402.634418|HISEQ1:18:H8VC6ADXX:1:1104:15794:89640	HG002_chr1.633402.634418|HISEQ1:18:H8VC6ADXX:1:1104:15794:89640	148	8755.0	8902.0	best_hit_to_mtDNA
C	T	C	8786	HG002_all_regions	HG002_chr1.633402.634418|HISEQ1:18:H8VC6ADXX:1:1104:15794:89640	HG002_chr1.633402.634418|HISEQ1:18:H8VC6ADXX:1:1104:15794:89640	148	8755.0	8902.0	best_hit_to_mtDNA
G	G	G	8787	HG002_all_regions	HG002_chr1.633402.634418|HISEQ1:18:H8VC6ADXX:1:1104:15794:89640	HG002_chr1.633402.634418|HISEQ1:18:H8VC6ADXX:1:1104:15794:89640	148	8755.0	8902.0	best_hit_to_mtDNA
G	G	G	8788	HG002_all_regions	HG002_chr1.633402.634418|HISEQ1:18:H8VC6ADXX:1:1104:15794:89640	HG002_chr1.633402.634418|HISEQ1:18:H8VC6ADXX:1:1104:15794:89640	148	8755.0	8902.0	best_hit_to_mtDNA
A	G	A	8789	HG002_all_regions	HG002_chr1.633402.634418|HISEQ1:18:H8VC6ADXX:1:1104:15794:89640	HG002_chr1.633402.634418|HISEQ1:18:H8VC6ADXX:1:1104:15794:89640	148	8755.0	8902.0	best_hit_to_mtDNA
C	C	C	8790	HG002_all_regions	HG002_chr1.633402.634418|HISEQ1:18:H8VC6ADXX:1:1104:15794:89640	HG002_chr1.633402.634418|HISEQ1:18:H8VC6ADXX:1:1104:15794:89640	148	8755.0	8902.0	best_hit_to_mtDNA
T	T	T	8791	HG002_all_regions	HG002_chr1.633402.634418|HISEQ1:18:H8VC6ADXX:1:1104:15794:89640	HG002_chr1.633402.634418|HISEQ1:18:H8VC6ADXX:1:1104:15794:89640	148	8755.0	8902.0	best_hit_to_mtDNA
C	T	C	8792	HG002_all_regions	HG002_chr1.633402.634418|HISEQ1:18:H8VC6ADXX:1:1104:15794:89640	HG002_chr1.633402.634418|HISEQ1:18:H8VC6ADXX:1:1104:15794:89640	148	8755.0	8902.0	best_hit_to_mtDNA
C	C	C	8793	HG002_all_regions	HG002_chr1.633402.634418|HISEQ1:18:H8VC6ADXX:1:1104:15794:89640	HG002_chr1.633402.634418|HISEQ1:18:H8VC6ADXX:1:1104:15794:89640	148	8755.0	8902.0	best_hit_to_mtDNA
T	T	T	8794	HG002_all_regions	HG002_chr1.633402.634418|HISEQ1:18:H8VC6ADXX:1:1104:15794:89640	HG002_chr1.633402.634418|HISEQ1:18:H8VC6ADXX:1:1104:15794:89640	148	8755.0	8902.0	best_hit_to_mtDNA
G	A	G	8795	HG002_all_regions	HG002_chr1.633402.634418|HISEQ1:18:H8VC6ADXX:1:1104:15794:89640	HG002_chr1.633402.634418|HISEQ1:18:H8VC6ADXX:1:1104:15794:89640	148	8755.0	8902.0	best_hit_to_mtDNA
C	C	C	8796	HG002_all_regions	HG002_chr1.633402.634418|HISEQ1:18:H8VC6ADXX:1:1104:15794:89640	HG002_chr1.633402.634418|HISEQ1:18:H8VC6ADXX:1:1104:15794:89640	148	8755.0	8902.0	best_hit_to_mtDNA
C	C	C	8797	HG002_all_regions	HG002_chr1.633402.634418|HISEQ1:18:H8VC6ADXX:1:1104:15794:89640	HG002_chr1.633402.634418|HISEQ1:18:H8VC6ADXX:1:1104:15794:89640	148	8755.0	8902.0	best_hit_to_mtDNA
T	C	T	8798	HG002_all_regions	HG002_chr1.633402.634418|HISEQ1:18:H8VC6ADXX:1:1104:15794:89640	HG002_chr1.633402.634418|HISEQ1:18:H8VC6ADXX:1:1104:15794:89640	148	8755.0	8902.0	best_hit_to_mtDNA
C	C	C	8799	HG002_all_regions	HG002_chr1.633402.634418|HISEQ1:18:H8VC6ADXX:1:1104:15794:89640	HG002_chr1.633402.634418|HISEQ1:18:H8VC6ADXX:1:1104:15794:89640	148	8755.0	8902.0	best_hit_to_mtDNA
A	A	A	8800	HG002_all_regions	HG002_chr1.633402.634418|HISEQ1:18:H8VC6ADXX:1:1104:15794:89640	HG002_chr1.633402.634418|HISEQ1:18:H8VC6ADXX:1:1104:15794:89640	148	8755.0	8902.0	best_hit_to_mtDNA
C	C	C	8801	HG002_all_regions	HG002_chr1.633402.634418|HISEQ1:18:H8VC6ADXX:1:1104:15794:89640	HG002_chr1.633402.634418|HISEQ1:18:H8VC6ADXX:1:1104:15794:89640	148	8755.0	8902.0	best_hit_to_mtDNA
T	T	T	8802	HG002_all_regions	HG002_chr1.633402.634418|HISEQ1:18:H8VC6ADXX:1:1104:15794:89640	HG002_chr1.633402.634418|HISEQ1:18:H8VC6ADXX:1:1104:15794:89640	148	8755.0	8902.0	best_hit_to_mtDNA
C	C	C	8803	HG002_all_regions	HG002_chr1.633402.634418|HISEQ1:18:H8VC6ADXX:1:1104:15794:89640	HG002_chr1.633402.634418|HISEQ1:18:H8VC6ADXX:1:1104:15794:89640	148	8755.0	8902.0	best_hit_to_mtDNA
A	A	A	8804	HG002_all_regions	HG002_chr1.633402.634418|HISEQ1:18:H8VC6ADXX:1:1104:15794:89640	HG002_chr1.633402.634418|HISEQ1:18:H8VC6ADXX:1:1104:15794:89640	148	8755.0	8902.0	best_hit_to_mtDNA
T	T	T	8805	HG002_all_regions	HG002_chr1.633402.634418|HISEQ1:18:H8VC6ADXX:1:1104:15794:89640	HG002_chr1.633402.634418|HISEQ1:18:H8VC6ADXX:1:1104:15794:89640	148	8755.0	8902.0	best_hit_to_mtDNA
T	T	T	8806	HG002_all_regions	HG002_chr1.633402.634418|HISEQ1:18:H8VC6ADXX:1:1104:15794:89640	HG002_chr1.633402.634418|HISEQ1:18:H8VC6ADXX:1:1104:15794:89640	148	8755.0	8902.0	best_hit_to_mtDNA
T	C	T	8807	HG002_all_regions	HG002_chr1.633402.634418|HISEQ1:18:H8VC6ADXX:1:1104:15794:89640	HG002_chr1.633402.634418|HISEQ1:18:H8VC6ADXX:1:1104:15794:89640	148	8755.0	8902.0	best_hit_to_mtDNA
A	A	A	8808	HG002_all_regions	HG002_chr1.633402.634418|HISEQ1:18:H8VC6ADXX:1:1104:15794:89640	HG002_chr1.633402.634418|HISEQ1:18:H8VC6ADXX:1:1104:15794:89640	148	8755.0	8902.0	best_hit_to_mtDNA
C	C	C	8809	HG002_all_regions	HG002_chr1.633402.634418|HISEQ1:18:H8VC6ADXX:1:1104:15794:89640	HG002_chr1.633402.634418|HISEQ1:18:H8VC6ADXX:1:1104:15794:89640	148	8755.0	8902.0	best_hit_to_mtDNA
A	A	A	8810	HG002_all_regions	HG002_chr1.633402.634418|HISEQ1:18:H8VC6ADXX:1:1104:15794:89640	HG002_chr1.633402.634418|HISEQ1:18:H8VC6ADXX:1:1104:15794:89640	148	8755.0	8902.0	best_hit_to_mtDNA
C	C	C	8811	HG002_all_regions	HG002_chr1.633402.634418|HISEQ1:18:H8VC6ADXX:1:1104:15794:89640	HG002_chr1.633402.634418|HISEQ1:18:H8VC6ADXX:1:1104:15794:89640	148	8755.0	8902.0	best_hit_to_mtDNA
C	C	C	8812	HG002_all_regions	HG002_chr1.633402.634418|HISEQ1:18:H8VC6ADXX:1:1104:15794:89640	HG002_chr1.633402.634418|HISEQ1:18:H8VC6ADXX:1:1104:15794:89640	148	8755.0	8902.0	best_hit_to_mtDNA
A	A	A	8813	HG002_all_regions	HG002_chr1.633402.634418|HISEQ1:18:H8VC6ADXX:1:1104:15794:89640	HG002_chr1.633402.634418|HISEQ1:18:H8VC6ADXX:1:1104:15794:89640	148	8755.0	8902.0	best_hit_to_mtDNA
A	A	A	8814	HG002_all_regions	HG002_chr1.633402.634418|HISEQ1:18:H8VC6ADXX:1:1104:15794:89640	HG002_chr1.633402.634418|HISEQ1:18:H8VC6ADXX:1:1104:15794:89640	148	8755.0	8902.0	best_hit_to_mtDNA
C	C	C	8815	HG002_all_regions	HG002_chr1.633402.634418|HISEQ1:18:H8VC6ADXX:1:1104:15794:89640	HG002_chr1.633402.634418|HISEQ1:18:H8VC6ADXX:1:1104:15794:89640	148	8755.0	8902.0	best_hit_to_mtDNA
C	C	C	8816	HG002_all_regions	HG002_chr1.633402.634418|HISEQ1:18:H8VC6ADXX:1:1104:15794:89640	HG002_chr1.633402.634418|HISEQ1:18:H8VC6ADXX:1:1104:15794:89640	148	8755.0	8902.0	best_hit_to_mtDNA
A	A	A	8817	HG002_all_regions	HG002_chr1.633402.634418|HISEQ1:18:H8VC6ADXX:1:1104:15794:89640	HG002_chr1.633402.634418|HISEQ1:18:H8VC6ADXX:1:1104:15794:89640	148	8755.0	8902.0	best_hit_to_mtDNA
C	C	C	8818	HG002_all_regions	HG002_chr1.633402.634418|HISEQ1:18:H8VC6ADXX:1:1104:15794:89640	HG002_chr1.633402.634418|HISEQ1:18:H8VC6ADXX:1:1104:15794:89640	148	8755.0	8902.0	best_hit_to_mtDNA
C	C	C	8819	HG002_all_regions	HG002_chr1.633402.634418|HISEQ1:18:H8VC6ADXX:1:1104:15794:89640	HG002_chr1.633402.634418|HISEQ1:18:H8VC6ADXX:1:1104:15794:89640	148	8755.0	8902.0	best_hit_to_mtDNA
C	C	C	8820	HG002_all_regions	HG002_chr1.633402.634418|HISEQ1:18:H8VC6ADXX:1:1104:15794:89640	HG002_chr1.633402.634418|HISEQ1:18:H8VC6ADXX:1:1104:15794:89640	148	8755.0	8902.0	best_hit_to_mtDNA
A	A	A	8821	HG002_all_regions	HG002_chr1.633402.634418|HISEQ1:18:H8VC6ADXX:1:1104:15794:89640	HG002_chr1.633402.634418|HISEQ1:18:H8VC6ADXX:1:1104:15794:89640	148	8755.0	8902.0	best_hit_to_mtDNA
A	A	A	8822	HG002_all_regions	HG002_chr1.633402.634418|HISEQ1:18:H8VC6ADXX:1:1104:15794:89640	HG002_chr1.633402.634418|HISEQ1:18:H8VC6ADXX:1:1104:15794:89640	148	8755.0	8902.0	best_hit_to_mtDNA
C	C	C	8823	HG002_all_regions	HG002_chr1.633402.634418|HISEQ1:18:H8VC6ADXX:1:1104:15794:89640	HG002_chr1.633402.634418|HISEQ1:18:H8VC6ADXX:1:1104:15794:89640	148	8755.0	8902.0	best_hit_to_mtDNA
T	T	T	8824	HG002_all_regions	HG002_chr1.633402.634418|HISEQ1:18:H8VC6ADXX:1:1104:15794:89640	HG002_chr1.633402.634418|HISEQ1:18:H8VC6ADXX:1:1104:15794:89640	148	8755.0	8902.0	best_hit_to_mtDNA
A	A	A	8825	HG002_all_regions	HG002_chr1.633402.634418|HISEQ1:18:H8VC6ADXX:1:1104:15794:89640	HG002_chr1.633402.634418|HISEQ1:18:H8VC6ADXX:1:1104:15794:89640	148	8755.0	8902.0	best_hit_to_mtDNA
T	T	T	8826	HG002_all_regions	HG002_chr1.633402.634418|HISEQ1:18:H8VC6ADXX:1:1104:15794:89640	HG002_chr1.633402.634418|HISEQ1:18:H8VC6ADXX:1:1104:15794:89640	148	8755.0	8902.0	best_hit_to_mtDNA
C	C	C	8827	HG002_all_regions	HG002_chr1.633402.634418|HISEQ1:18:H8VC6ADXX:1:1104:15794:89640	HG002_chr1.633402.634418|HISEQ1:18:H8VC6ADXX:1:1104:15794:89640	148	8755.0	8902.0	best_hit_to_mtDNA
T	T	T	8828	HG002_all_regions	HG002_chr1.633402.634418|HISEQ1:18:H8VC6ADXX:1:1104:15794:89640	HG002_chr1.633402.634418|HISEQ1:18:H8VC6ADXX:1:1104:15794:89640	148	8755.0	8902.0	best_hit_to_mtDNA
A	A	A	8829	HG002_all_regions	HG002_chr1.633402.634418|HISEQ1:18:H8VC6ADXX:1:1104:15794:89640	HG002_chr1.633402.634418|HISEQ1:18:H8VC6ADXX:1:1104:15794:89640	148	8755.0	8902.0	best_hit_to_mtDNA
T	T	T	8830	HG002_all_regions	HG002_chr1.633402.634418|HISEQ1:18:H8VC6ADXX:1:1104:15794:89640	HG002_chr1.633402.634418|HISEQ1:18:H8VC6ADXX:1:1104:15794:89640	148	8755.0	8902.0	best_hit_to_mtDNA
A	A	A	8831	HG002_all_regions	HG002_chr1.633402.634418|HISEQ1:18:H8VC6ADXX:1:1104:15794:89640	HG002_chr1.633402.634418|HISEQ1:18:H8VC6ADXX:1:1104:15794:89640	148	8755.0	8902.0	best_hit_to_mtDNA
A	A	A	8832	HG002_all_regions	HG002_chr1.633402.634418|HISEQ1:18:H8VC6ADXX:1:1104:15794:89640	HG002_chr1.633402.634418|HISEQ1:18:H8VC6ADXX:1:1104:15794:89640	148	8755.0	8902.0	best_hit_to_mtDNA
A	A	A	8833	HG002_all_regions	HG002_chr1.633402.634418|HISEQ1:18:H8VC6ADXX:1:1104:15794:89640	HG002_chr1.633402.634418|HISEQ1:18:H8VC6ADXX:1:1104:15794:89640	148	8755.0	8902.0	best_hit_to_mtDNA
C	C	C	8834	HG002_all_regions	HG002_chr1.633402.634418|HISEQ1:18:H8VC6ADXX:1:1104:15794:89640	HG002_chr1.633402.634418|HISEQ1:18:H8VC6ADXX:1:1104:15794:89640	148	8755.0	8902.0	best_hit_to_mtDNA
C	C	C	8835	HG002_all_regions	HG002_chr1.633402.634418|HISEQ1:18:H8VC6ADXX:1:1104:15794:89640	HG002_chr1.633402.634418|HISEQ1:18:H8VC6ADXX:1:1104:15794:89640	148	8755.0	8902.0	best_hit_to_mtDNA
T	T	T	8836	HG002_all_regions	HG002_chr1.633402.634418|HISEQ1:18:H8VC6ADXX:1:1104:15794:89640	HG002_chr1.633402.634418|HISEQ1:18:H8VC6ADXX:1:1104:15794:89640	148	8755.0	8902.0	best_hit_to_mtDNA
A	A	A	8837	HG002_all_regions	HG002_chr1.633402.634418|HISEQ1:18:H8VC6ADXX:1:1104:15794:89640	HG002_chr1.633402.634418|HISEQ1:18:H8VC6ADXX:1:1104:15794:89640	148	8755.0	8902.0	best_hit_to_mtDNA
G	G	G	8838	HG002_all_regions	HG002_chr1.633402.634418|HISEQ1:18:H8VC6ADXX:1:1104:15794:89640	HG002_chr1.633402.634418|HISEQ1:18:H8VC6ADXX:1:1104:15794:89640	148	8755.0	8902.0	best_hit_to_mtDNA
C	C	C	8839	HG002_all_regions	HG002_chr1.633402.634418|HISEQ1:18:H8VC6ADXX:1:1104:15794:89640	HG002_chr1.633402.634418|HISEQ1:18:H8VC6ADXX:1:1104:15794:89640	148	8755.0	8902.0	best_hit_to_mtDNA
C	C	C	8840	HG002_all_regions	HG002_chr1.633402.634418|HISEQ1:18:H8VC6ADXX:1:1104:15794:89640	HG002_chr1.633402.634418|HISEQ1:18:H8VC6ADXX:1:1104:15794:89640	148	8755.0	8902.0	best_hit_to_mtDNA
A	A	A	8841	HG002_all_regions	HG002_chr1.633402.634418|HISEQ1:18:H8VC6ADXX:1:1104:15794:89640	HG002_chr1.633402.634418|HISEQ1:18:H8VC6ADXX:1:1104:15794:89640	148	8755.0	8902.0	best_hit_to_mtDNA
T	T	T	8842	HG002_all_regions	HG002_chr1.633402.634418|HISEQ1:18:H8VC6ADXX:1:1104:15794:89640	HG002_chr1.633402.634418|HISEQ1:18:H8VC6ADXX:1:1104:15794:89640	148	8755.0	8902.0	best_hit_to_mtDNA
G	G	G	8843	HG002_all_regions	HG002_chr1.633402.634418|HISEQ1:18:H8VC6ADXX:1:1104:15794:89640	HG002_chr1.633402.634418|HISEQ1:18:H8VC6ADXX:1:1104:15794:89640	148	8755.0	8902.0	best_hit_to_mtDNA
G	G	G	8844	HG002_all_regions	HG002_chr1.633402.634418|HISEQ1:18:H8VC6ADXX:1:1104:15794:89640	HG002_chr1.633402.634418|HISEQ1:18:H8VC6ADXX:1:1104:15794:89640	148	8755.0	8902.0	best_hit_to_mtDNA
C	C	A	8845	HG002_all_regions	HG002_chr1.633402.634418|HISEQ1:18:H8VC6ADXX:1:1104:15794:89640	HG002_chr1.633402.634418|HISEQ1:18:H8VC6ADXX:1:1104:15794:89640	148	8755.0	8902.0	best_hit_to_mtDNA
C	T	C	8846	HG002_all_regions	HG002_chr1.633402.634418|HISEQ1:18:H8VC6ADXX:1:1104:15794:89640	HG002_chr1.633402.634418|HISEQ1:18:H8VC6ADXX:1:1104:15794:89640	148	8755.0	8902.0	best_hit_to_mtDNA
A	A	A	8847	HG002_all_regions	HG002_chr1.633402.634418|HISEQ1:18:H8VC6ADXX:1:1104:15794:89640	HG002_chr1.633402.634418|HISEQ1:18:H8VC6ADXX:1:1104:15794:89640	148	8755.0	8902.0	best_hit_to_mtDNA
T	T	T	8848	HG002_all_regions	HG002_chr1.633402.634418|HISEQ1:18:H8VC6ADXX:1:1104:15794:89640	HG002_chr1.633402.634418|HISEQ1:18:H8VC6ADXX:1:1104:15794:89640	148	8755.0	8902.0	best_hit_to_mtDNA
C	C	C	8849	HG002_all_regions	HG002_chr1.633402.634418|HISEQ1:18:H8VC6ADXX:1:1104:15794:89640	HG002_chr1.633402.634418|HISEQ1:18:H8VC6ADXX:1:1104:15794:89640	148	8755.0	8902.0	best_hit_to_mtDNA
C	C	C	8850	HG002_all_regions	HG002_chr1.633402.634418|HISEQ1:18:H8VC6ADXX:1:1104:15794:89640	HG002_chr1.633402.634418|HISEQ1:18:H8VC6ADXX:1:1104:15794:89640	148	8755.0	8902.0	best_hit_to_mtDNA
C	C	C	8851	HG002_all_regions	HG002_chr1.633402.634418|HISEQ1:18:H8VC6ADXX:1:1104:15794:89640	HG002_chr1.633402.634418|HISEQ1:18:H8VC6ADXX:1:1104:15794:89640	148	8755.0	8902.0	best_hit_to_mtDNA
C	C	C	8852	HG002_all_regions	HG002_chr1.633402.634418|HISEQ1:18:H8VC6ADXX:1:1104:15794:89640	HG002_chr1.633402.634418|HISEQ1:18:H8VC6ADXX:1:1104:15794:89640	148	8755.0	8902.0	best_hit_to_mtDNA
T	C	T	8853	HG002_all_regions	HG002_chr1.633402.634418|HISEQ1:18:H8VC6ADXX:1:1104:15794:89640	HG002_chr1.633402.634418|HISEQ1:18:H8VC6ADXX:1:1104:15794:89640	148	8755.0	8902.0	best_hit_to_mtDNA
T	T	T	8854	HG002_all_regions	HG002_chr1.633402.634418|HISEQ1:18:H8VC6ADXX:1:1104:15794:89640	HG002_chr1.633402.634418|HISEQ1:18:H8VC6ADXX:1:1104:15794:89640	148	8755.0	8902.0	best_hit_to_mtDNA
A	A	A	8855	HG002_all_regions	HG002_chr1.633402.634418|HISEQ1:18:H8VC6ADXX:1:1104:15794:89640	HG002_chr1.633402.634418|HISEQ1:18:H8VC6ADXX:1:1104:15794:89640	148	8755.0	8902.0	best_hit_to_mtDNA
T	T	T	8856	HG002_all_regions	HG002_chr1.633402.634418|HISEQ1:18:H8VC6ADXX:1:1104:15794:89640	HG002_chr1.633402.634418|HISEQ1:18:H8VC6ADXX:1:1104:15794:89640	148	8755.0	8902.0	best_hit_to_mtDNA
G	G	G	8857	HG002_all_regions	HG002_chr1.633402.634418|HISEQ1:18:H8VC6ADXX:1:1104:15794:89640	HG002_chr1.633402.634418|HISEQ1:18:H8VC6ADXX:1:1104:15794:89640	148	8755.0	8902.0	best_hit_to_mtDNA
A	A	A	8858	HG002_all_regions	HG002_chr1.633402.634418|HISEQ1:18:H8VC6ADXX:1:1104:15794:89640	HG002_chr1.633402.634418|HISEQ1:18:H8VC6ADXX:1:1104:15794:89640	148	8755.0	8902.0	best_hit_to_mtDNA
G	G	G	8859	HG002_all_regions	HG002_chr1.633402.634418|HISEQ1:18:H8VC6ADXX:1:1104:15794:89640	HG002_chr1.633402.634418|HISEQ1:18:H8VC6ADXX:1:1104:15794:89640	148	8755.0	8902.0	best_hit_to_mtDNA
C	C	C	8860	HG002_all_regions	HG002_chr1.633402.634418|HISEQ1:18:H8VC6ADXX:1:1104:15794:89640	HG002_chr1.633402.634418|HISEQ1:18:H8VC6ADXX:1:1104:15794:89640	148	8755.0	8902.0	best_hit_to_mtDNA
G	A	G	8861	HG002_all_regions	HG002_chr1.633402.634418|HISEQ1:18:H8VC6ADXX:1:1104:15794:89640	HG002_chr1.633402.634418|HISEQ1:18:H8VC6ADXX:1:1104:15794:89640	148	8755.0	8902.0	best_hit_to_mtDNA
G	G	G	8862	HG002_all_regions	HG002_chr1.633402.634418|HISEQ1:18:H8VC6ADXX:1:1104:15794:89640	HG002_chr1.633402.634418|HISEQ1:18:H8VC6ADXX:1:1104:15794:89640	148	8755.0	8902.0	best_hit_to_mtDNA
G	G	G	8863	HG002_all_regions	HG002_chr1.633402.634418|HISEQ1:18:H8VC6ADXX:1:1104:15794:89640	HG002_chr1.633402.634418|HISEQ1:18:H8VC6ADXX:1:1104:15794:89640	148	8755.0	8902.0	best_hit_to_mtDNA
C	C	C	8864	HG002_all_regions	HG002_chr1.633402.634418|HISEQ1:18:H8VC6ADXX:1:1104:15794:89640	HG002_chr1.633402.634418|HISEQ1:18:H8VC6ADXX:1:1104:15794:89640	148	8755.0	8902.0	best_hit_to_mtDNA
A	G	G	8865	HG002_all_regions	HG002_chr1.633402.634418|HISEQ1:18:H8VC6ADXX:1:1104:15794:89640	HG002_chr1.633402.634418|HISEQ1:18:H8VC6ADXX:1:1104:15794:89640	148	8755.0	8902.0	best_hit_to_mtDNA
C	C	C	8866	HG002_all_regions	HG002_chr1.633402.634418|HISEQ1:18:H8VC6ADXX:1:1104:15794:89640	HG002_chr1.633402.634418|HISEQ1:18:H8VC6ADXX:1:1104:15794:89640	148	8755.0	8902.0	best_hit_to_mtDNA
A	A	A	8867	HG002_all_regions	HG002_chr1.633402.634418|HISEQ1:18:H8VC6ADXX:1:1104:15794:89640	HG002_chr1.633402.634418|HISEQ1:18:H8VC6ADXX:1:1104:15794:89640	148	8755.0	8902.0	best_hit_to_mtDNA
G	G	G	8868	HG002_all_regions	HG002_chr1.633402.634418|HISEQ1:18:H8VC6ADXX:1:1104:15794:89640	HG002_chr1.633402.634418|HISEQ1:18:H8VC6ADXX:1:1104:15794:89640	148	8755.0	8902.0	best_hit_to_mtDNA
T	T	T	8869	HG002_all_regions	HG002_chr1.633402.634418|HISEQ1:18:H8VC6ADXX:1:1104:15794:89640	HG002_chr1.633402.634418|HISEQ1:18:H8VC6ADXX:1:1104:15794:89640	148	8755.0	8902.0	best_hit_to_mtDNA
G	A	G	8870	HG002_all_regions	HG002_chr1.633402.634418|HISEQ1:18:H8VC6ADXX:1:1104:15794:89640	HG002_chr1.633402.634418|HISEQ1:18:H8VC6ADXX:1:1104:15794:89640	148	8755.0	8902.0	best_hit_to_mtDNA
A	G	A	8871	HG002_all_regions	HG002_chr1.633402.634418|HISEQ1:18:H8VC6ADXX:1:1104:15794:89640	HG002_chr1.633402.634418|HISEQ1:18:H8VC6ADXX:1:1104:15794:89640	148	8755.0	8902.0	best_hit_to_mtDNA
T	T	T	8872	HG002_all_regions	HG002_chr1.633402.634418|HISEQ1:18:H8VC6ADXX:1:1104:15794:89640	HG002_chr1.633402.634418|HISEQ1:18:H8VC6ADXX:1:1104:15794:89640	148	8755.0	8902.0	best_hit_to_mtDNA
T	C	T	8873	HG002_all_regions	HG002_chr1.633402.634418|HISEQ1:18:H8VC6ADXX:1:1104:15794:89640	HG002_chr1.633402.634418|HISEQ1:18:H8VC6ADXX:1:1104:15794:89640	148	8755.0	8902.0	best_hit_to_mtDNA
A	A	A	8874	HG002_all_regions	HG002_chr1.633402.634418|HISEQ1:18:H8VC6ADXX:1:1104:15794:89640	HG002_chr1.633402.634418|HISEQ1:18:H8VC6ADXX:1:1104:15794:89640	148	8755.0	8902.0	best_hit_to_mtDNA
T	T	T	8875	HG002_all_regions	HG002_chr1.633402.634418|HISEQ1:18:H8VC6ADXX:1:1104:15794:89640	HG002_chr1.633402.634418|HISEQ1:18:H8VC6ADXX:1:1104:15794:89640	148	8755.0	8902.0	best_hit_to_mtDNA
A	A	A	8876	HG002_all_regions	HG002_chr1.633402.634418|HISEQ1:18:H8VC6ADXX:1:1104:15794:89640	HG002_chr1.633402.634418|HISEQ1:18:H8VC6ADXX:1:1104:15794:89640	148	8755.0	8902.0	best_hit_to_mtDNA
G	G	G	8877	HG002_all_regions	HG002_chr1.633402.634418|HISEQ1:18:H8VC6ADXX:1:1104:15794:89640	HG002_chr1.633402.634418|HISEQ1:18:H8VC6ADXX:1:1104:15794:89640	148	8755.0	8902.0	best_hit_to_mtDNA
G	G	G	8878	HG002_all_regions	HG002_chr1.633402.634418|HISEQ1:18:H8VC6ADXX:1:1104:15794:89640	HG002_chr1.633402.634418|HISEQ1:18:H8VC6ADXX:1:1104:15794:89640	148	8755.0	8902.0	best_hit_to_mtDNA
C	C	C	8879	HG002_all_regions	HG002_chr1.633402.634418|HISEQ1:18:H8VC6ADXX:1:1104:15794:89640	HG002_chr1.633402.634418|HISEQ1:18:H8VC6ADXX:1:1104:15794:89640	148	8755.0	8902.0	best_hit_to_mtDNA
T	T	T	8880	HG002_all_regions	HG002_chr1.633402.634418|HISEQ1:18:H8VC6ADXX:1:1104:15794:89640	HG002_chr1.633402.634418|HISEQ1:18:H8VC6ADXX:1:1104:15794:89640	148	8755.0	8902.0	best_hit_to_mtDNA
T	T	T	8881	HG002_all_regions	HG002_chr1.633402.634418|HISEQ1:18:H8VC6ADXX:1:1104:15794:89640	HG002_chr1.633402.634418|HISEQ1:18:H8VC6ADXX:1:1104:15794:89640	148	8755.0	8902.0	best_hit_to_mtDNA
T	T	T	8882	HG002_all_regions	HG002_chr1.633402.634418|HISEQ1:18:H8VC6ADXX:1:1104:15794:89640	HG002_chr1.633402.634418|HISEQ1:18:H8VC6ADXX:1:1104:15794:89640	148	8755.0	8902.0	best_hit_to_mtDNA
C	C	C	8883	HG002_all_regions	HG002_chr1.633402.634418|HISEQ1:18:H8VC6ADXX:1:1104:15794:89640	HG002_chr1.633402.634418|HISEQ1:18:H8VC6ADXX:1:1104:15794:89640	148	8755.0	8902.0	best_hit_to_mtDNA
G	G	G	8884	HG002_all_regions	HG002_chr1.633402.634418|HISEQ1:18:H8VC6ADXX:1:1104:15794:89640	HG002_chr1.633402.634418|HISEQ1:18:H8VC6ADXX:1:1104:15794:89640	148	8755.0	8902.0	best_hit_to_mtDNA
C	C	C	8885	HG002_all_regions	HG002_chr1.633402.634418|HISEQ1:18:H8VC6ADXX:1:1104:15794:89640	HG002_chr1.633402.634418|HISEQ1:18:H8VC6ADXX:1:1104:15794:89640	148	8755.0	8902.0	best_hit_to_mtDNA
T	T	T	8886	HG002_all_regions	HG002_chr1.633402.634418|HISEQ1:18:H8VC6ADXX:1:1104:15794:89640	HG002_chr1.633402.634418|HISEQ1:18:H8VC6ADXX:1:1104:15794:89640	148	8755.0	8902.0	best_hit_to_mtDNA
C	T	C	8887	HG002_all_regions	HG002_chr1.633402.634418|HISEQ1:18:H8VC6ADXX:1:1104:15794:89640	HG002_chr1.633402.634418|HISEQ1:18:H8VC6ADXX:1:1104:15794:89640	148	8755.0	8902.0	best_hit_to_mtDNA
T	T	T	8888	HG002_all_regions	HG002_chr1.633402.634418|HISEQ1:18:H8VC6ADXX:1:1104:15794:89640	HG002_chr1.633402.634418|HISEQ1:18:H8VC6ADXX:1:1104:15794:89640	148	8755.0	8902.0	best_hit_to_mtDNA
A	A	A	8889	HG002_all_regions	HG002_chr1.633402.634418|HISEQ1:18:H8VC6ADXX:1:1104:15794:89640	HG002_chr1.633402.634418|HISEQ1:18:H8VC6ADXX:1:1104:15794:89640	148	8755.0	8902.0	best_hit_to_mtDNA
A	A	A	8890	HG002_all_regions	HG002_chr1.633402.634418|HISEQ1:18:H8VC6ADXX:1:1104:15794:89640	HG002_chr1.633402.634418|HISEQ1:18:H8VC6ADXX:1:1104:15794:89640	148	8755.0	8902.0	best_hit_to_mtDNA
G	G	G	8891	HG002_all_regions	HG002_chr1.633402.634418|HISEQ1:18:H8VC6ADXX:1:1104:15794:89640	HG002_chr1.633402.634418|HISEQ1:18:H8VC6ADXX:1:1104:15794:89640	148	8755.0	8902.0	best_hit_to_mtDNA
A	A	A	8892	HG002_all_regions	HG002_chr1.633402.634418|HISEQ1:18:H8VC6ADXX:1:1104:15794:89640	HG002_chr1.633402.634418|HISEQ1:18:H8VC6ADXX:1:1104:15794:89640	148	8755.0	8902.0	best_hit_to_mtDNA
T	C	T	8893	HG002_all_regions	HG002_chr1.633402.634418|HISEQ1:18:H8VC6ADXX:1:1104:15794:89640	HG002_chr1.633402.634418|HISEQ1:18:H8VC6ADXX:1:1104:15794:89640	148	8755.0	8902.0	best_hit_to_mtDNA
T	T	T	8894	HG002_all_regions	HG002_chr1.633402.634418|HISEQ1:18:H8VC6ADXX:1:1104:15794:89640	HG002_chr1.633402.634418|HISEQ1:18:H8VC6ADXX:1:1104:15794:89640	148	8755.0	8902.0	best_hit_to_mtDNA
A	A	A	8895	HG002_all_regions	HG002_chr1.633402.634418|HISEQ1:18:H8VC6ADXX:1:1104:15794:89640	HG002_chr1.633402.634418|HISEQ1:18:H8VC6ADXX:1:1104:15794:89640	148	8755.0	8902.0	best_hit_to_mtDNA
A	A	A	8896	HG002_all_regions	HG002_chr1.633402.634418|HISEQ1:18:H8VC6ADXX:1:1104:15794:89640	HG002_chr1.633402.634418|HISEQ1:18:H8VC6ADXX:1:1104:15794:89640	148	8755.0	8902.0	best_hit_to_mtDNA
A	A	A	8897	HG002_all_regions	HG002_chr1.633402.634418|HISEQ1:18:H8VC6ADXX:1:1104:15794:89640	HG002_chr1.633402.634418|HISEQ1:18:H8VC6ADXX:1:1104:15794:89640	148	8755.0	8902.0	best_hit_to_mtDNA
A	A	A	8898	HG002_all_regions	HG002_chr1.633402.634418|HISEQ1:18:H8VC6ADXX:1:1104:15794:89640	HG002_chr1.633402.634418|HISEQ1:18:H8VC6ADXX:1:1104:15794:89640	148	8755.0	8902.0	best_hit_to_mtDNA
A	A	A	8899	HG002_all_regions	HG002_chr1.633402.634418|HISEQ1:18:H8VC6ADXX:1:1104:15794:89640	HG002_chr1.633402.634418|HISEQ1:18:H8VC6ADXX:1:1104:15794:89640	148	8755.0	8902.0	best_hit_to_mtDNA
T	T	T	8900	HG002_all_regions	HG002_chr1.633402.634418|HISEQ1:18:H8VC6ADXX:1:1104:15794:89640	HG002_chr1.633402.634418|HISEQ1:18:H8VC6ADXX:1:1104:15794:89640	148	8755.0	8902.0	best_hit_to_mtDNA
G	G	G	8901	HG002_all_regions	HG002_chr1.633402.634418|HISEQ1:18:H8VC6ADXX:1:1104:15794:89640	HG002_chr1.633402.634418|HISEQ1:18:H8VC6ADXX:1:1104:15794:89640	148	8755.0	8902.0	best_hit_to_mtDNA
A	A	A	8775	HG002_all_regions	HG002_chr1.633402.634418|HISEQ1:18:H8VC6ADXX:2:2213:7352:58980	HG002_chr1.633402.634418|HISEQ1:18:H8VC6ADXX:2:2213:7352:58980	148	8770.0	8899.0	best_hit_to_mtDNA
C	C	C	8776	HG002_all_regions	HG002_chr1.633402.634418|HISEQ1:18:H8VC6ADXX:2:2213:7352:58980	HG002_chr1.633402.634418|HISEQ1:18:H8VC6ADXX:2:2213:7352:58980	148	8770.0	8899.0	best_hit_to_mtDNA
T	C	T	8777	HG002_all_regions	HG002_chr1.633402.634418|HISEQ1:18:H8VC6ADXX:2:2213:7352:58980	HG002_chr1.633402.634418|HISEQ1:18:H8VC6ADXX:2:2213:7352:58980	148	8770.0	8899.0	best_hit_to_mtDNA
A	A	A	8778	HG002_all_regions	HG002_chr1.633402.634418|HISEQ1:18:H8VC6ADXX:2:2213:7352:58980	HG002_chr1.633402.634418|HISEQ1:18:H8VC6ADXX:2:2213:7352:58980	148	8770.0	8899.0	best_hit_to_mtDNA
A	A	A	8779	HG002_all_regions	HG002_chr1.633402.634418|HISEQ1:18:H8VC6ADXX:2:2213:7352:58980	HG002_chr1.633402.634418|HISEQ1:18:H8VC6ADXX:2:2213:7352:58980	148	8770.0	8899.0	best_hit_to_mtDNA
C	T	C	8780	HG002_all_regions	HG002_chr1.633402.634418|HISEQ1:18:H8VC6ADXX:2:2213:7352:58980	HG002_chr1.633402.634418|HISEQ1:18:H8VC6ADXX:2:2213:7352:58980	148	8770.0	8899.0	best_hit_to_mtDNA
C	C	C	8781	HG002_all_regions	HG002_chr1.633402.634418|HISEQ1:18:H8VC6ADXX:2:2213:7352:58980	HG002_chr1.633402.634418|HISEQ1:18:H8VC6ADXX:2:2213:7352:58980	148	8770.0	8899.0	best_hit_to_mtDNA
T	T	T	8782	HG002_all_regions	HG002_chr1.633402.634418|HISEQ1:18:H8VC6ADXX:2:2213:7352:58980	HG002_chr1.633402.634418|HISEQ1:18:H8VC6ADXX:2:2213:7352:58980	148	8770.0	8899.0	best_hit_to_mtDNA
C	T	C	8783	HG002_all_regions	HG002_chr1.633402.634418|HISEQ1:18:H8VC6ADXX:2:2213:7352:58980	HG002_chr1.633402.634418|HISEQ1:18:H8VC6ADXX:2:2213:7352:58980	148	8770.0	8899.0	best_hit_to_mtDNA
C	C	C	8784	HG002_all_regions	HG002_chr1.633402.634418|HISEQ1:18:H8VC6ADXX:2:2213:7352:58980	HG002_chr1.633402.634418|HISEQ1:18:H8VC6ADXX:2:2213:7352:58980	148	8770.0	8899.0	best_hit_to_mtDNA
T	T	T	8785	HG002_all_regions	HG002_chr1.633402.634418|HISEQ1:18:H8VC6ADXX:2:2213:7352:58980	HG002_chr1.633402.634418|HISEQ1:18:H8VC6ADXX:2:2213:7352:58980	148	8770.0	8899.0	best_hit_to_mtDNA
C	T	C	8786	HG002_all_regions	HG002_chr1.633402.634418|HISEQ1:18:H8VC6ADXX:2:2213:7352:58980	HG002_chr1.633402.634418|HISEQ1:18:H8VC6ADXX:2:2213:7352:58980	148	8770.0	8899.0	best_hit_to_mtDNA
G	G	G	8787	HG002_all_regions	HG002_chr1.633402.634418|HISEQ1:18:H8VC6ADXX:2:2213:7352:58980	HG002_chr1.633402.634418|HISEQ1:18:H8VC6ADXX:2:2213:7352:58980	148	8770.0	8899.0	best_hit_to_mtDNA
G	G	G	8788	HG002_all_regions	HG002_chr1.633402.634418|HISEQ1:18:H8VC6ADXX:2:2213:7352:58980	HG002_chr1.633402.634418|HISEQ1:18:H8VC6ADXX:2:2213:7352:58980	148	8770.0	8899.0	best_hit_to_mtDNA
A	G	A	8789	HG002_all_regions	HG002_chr1.633402.634418|HISEQ1:18:H8VC6ADXX:2:2213:7352:58980	HG002_chr1.633402.634418|HISEQ1:18:H8VC6ADXX:2:2213:7352:58980	148	8770.0	8899.0	best_hit_to_mtDNA
C	C	C	8790	HG002_all_regions	HG002_chr1.633402.634418|HISEQ1:18:H8VC6ADXX:2:2213:7352:58980	HG002_chr1.633402.634418|HISEQ1:18:H8VC6ADXX:2:2213:7352:58980	148	8770.0	8899.0	best_hit_to_mtDNA
T	T	T	8791	HG002_all_regions	HG002_chr1.633402.634418|HISEQ1:18:H8VC6ADXX:2:2213:7352:58980	HG002_chr1.633402.634418|HISEQ1:18:H8VC6ADXX:2:2213:7352:58980	148	8770.0	8899.0	best_hit_to_mtDNA
C	T	C	8792	HG002_all_regions	HG002_chr1.633402.634418|HISEQ1:18:H8VC6ADXX:2:2213:7352:58980	HG002_chr1.633402.634418|HISEQ1:18:H8VC6ADXX:2:2213:7352:58980	148	8770.0	8899.0	best_hit_to_mtDNA
C	C	C	8793	HG002_all_regions	HG002_chr1.633402.634418|HISEQ1:18:H8VC6ADXX:2:2213:7352:58980	HG002_chr1.633402.634418|HISEQ1:18:H8VC6ADXX:2:2213:7352:58980	148	8770.0	8899.0	best_hit_to_mtDNA
T	T	T	8794	HG002_all_regions	HG002_chr1.633402.634418|HISEQ1:18:H8VC6ADXX:2:2213:7352:58980	HG002_chr1.633402.634418|HISEQ1:18:H8VC6ADXX:2:2213:7352:58980	148	8770.0	8899.0	best_hit_to_mtDNA
G	A	G	8795	HG002_all_regions	HG002_chr1.633402.634418|HISEQ1:18:H8VC6ADXX:2:2213:7352:58980	HG002_chr1.633402.634418|HISEQ1:18:H8VC6ADXX:2:2213:7352:58980	148	8770.0	8899.0	best_hit_to_mtDNA
C	C	C	8796	HG002_all_regions	HG002_chr1.633402.634418|HISEQ1:18:H8VC6ADXX:2:2213:7352:58980	HG002_chr1.633402.634418|HISEQ1:18:H8VC6ADXX:2:2213:7352:58980	148	8770.0	8899.0	best_hit_to_mtDNA
C	C	C	8797	HG002_all_regions	HG002_chr1.633402.634418|HISEQ1:18:H8VC6ADXX:2:2213:7352:58980	HG002_chr1.633402.634418|HISEQ1:18:H8VC6ADXX:2:2213:7352:58980	148	8770.0	8899.0	best_hit_to_mtDNA
T	C	T	8798	HG002_all_regions	HG002_chr1.633402.634418|HISEQ1:18:H8VC6ADXX:2:2213:7352:58980	HG002_chr1.633402.634418|HISEQ1:18:H8VC6ADXX:2:2213:7352:58980	148	8770.0	8899.0	best_hit_to_mtDNA
C	C	C	8799	HG002_all_regions	HG002_chr1.633402.634418|HISEQ1:18:H8VC6ADXX:2:2213:7352:58980	HG002_chr1.633402.634418|HISEQ1:18:H8VC6ADXX:2:2213:7352:58980	148	8770.0	8899.0	best_hit_to_mtDNA
A	A	A	8800	HG002_all_regions	HG002_chr1.633402.634418|HISEQ1:18:H8VC6ADXX:2:2213:7352:58980	HG002_chr1.633402.634418|HISEQ1:18:H8VC6ADXX:2:2213:7352:58980	148	8770.0	8899.0	best_hit_to_mtDNA
C	C	C	8801	HG002_all_regions	HG002_chr1.633402.634418|HISEQ1:18:H8VC6ADXX:2:2213:7352:58980	HG002_chr1.633402.634418|HISEQ1:18:H8VC6ADXX:2:2213:7352:58980	148	8770.0	8899.0	best_hit_to_mtDNA
T	T	T	8802	HG002_all_regions	HG002_chr1.633402.634418|HISEQ1:18:H8VC6ADXX:2:2213:7352:58980	HG002_chr1.633402.634418|HISEQ1:18:H8VC6ADXX:2:2213:7352:58980	148	8770.0	8899.0	best_hit_to_mtDNA
C	C	C	8803	HG002_all_regions	HG002_chr1.633402.634418|HISEQ1:18:H8VC6ADXX:2:2213:7352:58980	HG002_chr1.633402.634418|HISEQ1:18:H8VC6ADXX:2:2213:7352:58980	148	8770.0	8899.0	best_hit_to_mtDNA
A	A	A	8804	HG002_all_regions	HG002_chr1.633402.634418|HISEQ1:18:H8VC6ADXX:2:2213:7352:58980	HG002_chr1.633402.634418|HISEQ1:18:H8VC6ADXX:2:2213:7352:58980	148	8770.0	8899.0	best_hit_to_mtDNA
T	T	T	8805	HG002_all_regions	HG002_chr1.633402.634418|HISEQ1:18:H8VC6ADXX:2:2213:7352:58980	HG002_chr1.633402.634418|HISEQ1:18:H8VC6ADXX:2:2213:7352:58980	148	8770.0	8899.0	best_hit_to_mtDNA
T	T	T	8806	HG002_all_regions	HG002_chr1.633402.634418|HISEQ1:18:H8VC6ADXX:2:2213:7352:58980	HG002_chr1.633402.634418|HISEQ1:18:H8VC6ADXX:2:2213:7352:58980	148	8770.0	8899.0	best_hit_to_mtDNA
T	C	T	8807	HG002_all_regions	HG002_chr1.633402.634418|HISEQ1:18:H8VC6ADXX:2:2213:7352:58980	HG002_chr1.633402.634418|HISEQ1:18:H8VC6ADXX:2:2213:7352:58980	148	8770.0	8899.0	best_hit_to_mtDNA
A	A	A	8808	HG002_all_regions	HG002_chr1.633402.634418|HISEQ1:18:H8VC6ADXX:2:2213:7352:58980	HG002_chr1.633402.634418|HISEQ1:18:H8VC6ADXX:2:2213:7352:58980	148	8770.0	8899.0	best_hit_to_mtDNA
C	C	C	8809	HG002_all_regions	HG002_chr1.633402.634418|HISEQ1:18:H8VC6ADXX:2:2213:7352:58980	HG002_chr1.633402.634418|HISEQ1:18:H8VC6ADXX:2:2213:7352:58980	148	8770.0	8899.0	best_hit_to_mtDNA
A	A	A	8810	HG002_all_regions	HG002_chr1.633402.634418|HISEQ1:18:H8VC6ADXX:2:2213:7352:58980	HG002_chr1.633402.634418|HISEQ1:18:H8VC6ADXX:2:2213:7352:58980	148	8770.0	8899.0	best_hit_to_mtDNA
C	C	C	8811	HG002_all_regions	HG002_chr1.633402.634418|HISEQ1:18:H8VC6ADXX:2:2213:7352:58980	HG002_chr1.633402.634418|HISEQ1:18:H8VC6ADXX:2:2213:7352:58980	148	8770.0	8899.0	best_hit_to_mtDNA
C	C	C	8812	HG002_all_regions	HG002_chr1.633402.634418|HISEQ1:18:H8VC6ADXX:2:2213:7352:58980	HG002_chr1.633402.634418|HISEQ1:18:H8VC6ADXX:2:2213:7352:58980	148	8770.0	8899.0	best_hit_to_mtDNA
A	A	A	8813	HG002_all_regions	HG002_chr1.633402.634418|HISEQ1:18:H8VC6ADXX:2:2213:7352:58980	HG002_chr1.633402.634418|HISEQ1:18:H8VC6ADXX:2:2213:7352:58980	148	8770.0	8899.0	best_hit_to_mtDNA
A	A	A	8814	HG002_all_regions	HG002_chr1.633402.634418|HISEQ1:18:H8VC6ADXX:2:2213:7352:58980	HG002_chr1.633402.634418|HISEQ1:18:H8VC6ADXX:2:2213:7352:58980	148	8770.0	8899.0	best_hit_to_mtDNA
C	C	C	8815	HG002_all_regions	HG002_chr1.633402.634418|HISEQ1:18:H8VC6ADXX:2:2213:7352:58980	HG002_chr1.633402.634418|HISEQ1:18:H8VC6ADXX:2:2213:7352:58980	148	8770.0	8899.0	best_hit_to_mtDNA
C	C	C	8816	HG002_all_regions	HG002_chr1.633402.634418|HISEQ1:18:H8VC6ADXX:2:2213:7352:58980	HG002_chr1.633402.634418|HISEQ1:18:H8VC6ADXX:2:2213:7352:58980	148	8770.0	8899.0	best_hit_to_mtDNA
A	A	A	8817	HG002_all_regions	HG002_chr1.633402.634418|HISEQ1:18:H8VC6ADXX:2:2213:7352:58980	HG002_chr1.633402.634418|HISEQ1:18:H8VC6ADXX:2:2213:7352:58980	148	8770.0	8899.0	best_hit_to_mtDNA
C	C	C	8818	HG002_all_regions	HG002_chr1.633402.634418|HISEQ1:18:H8VC6ADXX:2:2213:7352:58980	HG002_chr1.633402.634418|HISEQ1:18:H8VC6ADXX:2:2213:7352:58980	148	8770.0	8899.0	best_hit_to_mtDNA
C	C	C	8819	HG002_all_regions	HG002_chr1.633402.634418|HISEQ1:18:H8VC6ADXX:2:2213:7352:58980	HG002_chr1.633402.634418|HISEQ1:18:H8VC6ADXX:2:2213:7352:58980	148	8770.0	8899.0	best_hit_to_mtDNA
C	C	C	8820	HG002_all_regions	HG002_chr1.633402.634418|HISEQ1:18:H8VC6ADXX:2:2213:7352:58980	HG002_chr1.633402.634418|HISEQ1:18:H8VC6ADXX:2:2213:7352:58980	148	8770.0	8899.0	best_hit_to_mtDNA
A	A	A	8821	HG002_all_regions	HG002_chr1.633402.634418|HISEQ1:18:H8VC6ADXX:2:2213:7352:58980	HG002_chr1.633402.634418|HISEQ1:18:H8VC6ADXX:2:2213:7352:58980	148	8770.0	8899.0	best_hit_to_mtDNA
A	A	A	8822	HG002_all_regions	HG002_chr1.633402.634418|HISEQ1:18:H8VC6ADXX:2:2213:7352:58980	HG002_chr1.633402.634418|HISEQ1:18:H8VC6ADXX:2:2213:7352:58980	148	8770.0	8899.0	best_hit_to_mtDNA
C	C	C	8823	HG002_all_regions	HG002_chr1.633402.634418|HISEQ1:18:H8VC6ADXX:2:2213:7352:58980	HG002_chr1.633402.634418|HISEQ1:18:H8VC6ADXX:2:2213:7352:58980	148	8770.0	8899.0	best_hit_to_mtDNA
T	T	T	8824	HG002_all_regions	HG002_chr1.633402.634418|HISEQ1:18:H8VC6ADXX:2:2213:7352:58980	HG002_chr1.633402.634418|HISEQ1:18:H8VC6ADXX:2:2213:7352:58980	148	8770.0	8899.0	best_hit_to_mtDNA
A	A	A	8825	HG002_all_regions	HG002_chr1.633402.634418|HISEQ1:18:H8VC6ADXX:2:2213:7352:58980	HG002_chr1.633402.634418|HISEQ1:18:H8VC6ADXX:2:2213:7352:58980	148	8770.0	8899.0	best_hit_to_mtDNA
T	T	T	8826	HG002_all_regions	HG002_chr1.633402.634418|HISEQ1:18:H8VC6ADXX:2:2213:7352:58980	HG002_chr1.633402.634418|HISEQ1:18:H8VC6ADXX:2:2213:7352:58980	148	8770.0	8899.0	best_hit_to_mtDNA
C	C	C	8827	HG002_all_regions	HG002_chr1.633402.634418|HISEQ1:18:H8VC6ADXX:2:2213:7352:58980	HG002_chr1.633402.634418|HISEQ1:18:H8VC6ADXX:2:2213:7352:58980	148	8770.0	8899.0	best_hit_to_mtDNA
T	T	T	8828	HG002_all_regions	HG002_chr1.633402.634418|HISEQ1:18:H8VC6ADXX:2:2213:7352:58980	HG002_chr1.633402.634418|HISEQ1:18:H8VC6ADXX:2:2213:7352:58980	148	8770.0	8899.0	best_hit_to_mtDNA
A	A	A	8829	HG002_all_regions	HG002_chr1.633402.634418|HISEQ1:18:H8VC6ADXX:2:2213:7352:58980	HG002_chr1.633402.634418|HISEQ1:18:H8VC6ADXX:2:2213:7352:58980	148	8770.0	8899.0	best_hit_to_mtDNA
T	T	T	8830	HG002_all_regions	HG002_chr1.633402.634418|HISEQ1:18:H8VC6ADXX:2:2213:7352:58980	HG002_chr1.633402.634418|HISEQ1:18:H8VC6ADXX:2:2213:7352:58980	148	8770.0	8899.0	best_hit_to_mtDNA
A	A	A	8831	HG002_all_regions	HG002_chr1.633402.634418|HISEQ1:18:H8VC6ADXX:2:2213:7352:58980	HG002_chr1.633402.634418|HISEQ1:18:H8VC6ADXX:2:2213:7352:58980	148	8770.0	8899.0	best_hit_to_mtDNA
A	A	A	8832	HG002_all_regions	HG002_chr1.633402.634418|HISEQ1:18:H8VC6ADXX:2:2213:7352:58980	HG002_chr1.633402.634418|HISEQ1:18:H8VC6ADXX:2:2213:7352:58980	148	8770.0	8899.0	best_hit_to_mtDNA
A	A	A	8833	HG002_all_regions	HG002_chr1.633402.634418|HISEQ1:18:H8VC6ADXX:2:2213:7352:58980	HG002_chr1.633402.634418|HISEQ1:18:H8VC6ADXX:2:2213:7352:58980	148	8770.0	8899.0	best_hit_to_mtDNA
C	C	C	8834	HG002_all_regions	HG002_chr1.633402.634418|HISEQ1:18:H8VC6ADXX:2:2213:7352:58980	HG002_chr1.633402.634418|HISEQ1:18:H8VC6ADXX:2:2213:7352:58980	148	8770.0	8899.0	best_hit_to_mtDNA
C	C	C	8835	HG002_all_regions	HG002_chr1.633402.634418|HISEQ1:18:H8VC6ADXX:2:2213:7352:58980	HG002_chr1.633402.634418|HISEQ1:18:H8VC6ADXX:2:2213:7352:58980	148	8770.0	8899.0	best_hit_to_mtDNA
T	T	T	8836	HG002_all_regions	HG002_chr1.633402.634418|HISEQ1:18:H8VC6ADXX:2:2213:7352:58980	HG002_chr1.633402.634418|HISEQ1:18:H8VC6ADXX:2:2213:7352:58980	148	8770.0	8899.0	best_hit_to_mtDNA
A	A	A	8837	HG002_all_regions	HG002_chr1.633402.634418|HISEQ1:18:H8VC6ADXX:2:2213:7352:58980	HG002_chr1.633402.634418|HISEQ1:18:H8VC6ADXX:2:2213:7352:58980	148	8770.0	8899.0	best_hit_to_mtDNA
G	G	G	8838	HG002_all_regions	HG002_chr1.633402.634418|HISEQ1:18:H8VC6ADXX:2:2213:7352:58980	HG002_chr1.633402.634418|HISEQ1:18:H8VC6ADXX:2:2213:7352:58980	148	8770.0	8899.0	best_hit_to_mtDNA
C	C	C	8839	HG002_all_regions	HG002_chr1.633402.634418|HISEQ1:18:H8VC6ADXX:2:2213:7352:58980	HG002_chr1.633402.634418|HISEQ1:18:H8VC6ADXX:2:2213:7352:58980	148	8770.0	8899.0	best_hit_to_mtDNA
C	C	C	8840	HG002_all_regions	HG002_chr1.633402.634418|HISEQ1:18:H8VC6ADXX:2:2213:7352:58980	HG002_chr1.633402.634418|HISEQ1:18:H8VC6ADXX:2:2213:7352:58980	148	8770.0	8899.0	best_hit_to_mtDNA
A	A	A	8841	HG002_all_regions	HG002_chr1.633402.634418|HISEQ1:18:H8VC6ADXX:2:2213:7352:58980	HG002_chr1.633402.634418|HISEQ1:18:H8VC6ADXX:2:2213:7352:58980	148	8770.0	8899.0	best_hit_to_mtDNA
T	T	T	8842	HG002_all_regions	HG002_chr1.633402.634418|HISEQ1:18:H8VC6ADXX:2:2213:7352:58980	HG002_chr1.633402.634418|HISEQ1:18:H8VC6ADXX:2:2213:7352:58980	148	8770.0	8899.0	best_hit_to_mtDNA
G	G	G	8843	HG002_all_regions	HG002_chr1.633402.634418|HISEQ1:18:H8VC6ADXX:2:2213:7352:58980	HG002_chr1.633402.634418|HISEQ1:18:H8VC6ADXX:2:2213:7352:58980	148	8770.0	8899.0	best_hit_to_mtDNA
G	G	G	8844	HG002_all_regions	HG002_chr1.633402.634418|HISEQ1:18:H8VC6ADXX:2:2213:7352:58980	HG002_chr1.633402.634418|HISEQ1:18:H8VC6ADXX:2:2213:7352:58980	148	8770.0	8899.0	best_hit_to_mtDNA
C	C	C	8845	HG002_all_regions	HG002_chr1.633402.634418|HISEQ1:18:H8VC6ADXX:2:2213:7352:58980	HG002_chr1.633402.634418|HISEQ1:18:H8VC6ADXX:2:2213:7352:58980	148	8770.0	8899.0	best_hit_to_mtDNA
C	T	C	8846	HG002_all_regions	HG002_chr1.633402.634418|HISEQ1:18:H8VC6ADXX:2:2213:7352:58980	HG002_chr1.633402.634418|HISEQ1:18:H8VC6ADXX:2:2213:7352:58980	148	8770.0	8899.0	best_hit_to_mtDNA
A	A	A	8847	HG002_all_regions	HG002_chr1.633402.634418|HISEQ1:18:H8VC6ADXX:2:2213:7352:58980	HG002_chr1.633402.634418|HISEQ1:18:H8VC6ADXX:2:2213:7352:58980	148	8770.0	8899.0	best_hit_to_mtDNA
T	T	T	8848	HG002_all_regions	HG002_chr1.633402.634418|HISEQ1:18:H8VC6ADXX:2:2213:7352:58980	HG002_chr1.633402.634418|HISEQ1:18:H8VC6ADXX:2:2213:7352:58980	148	8770.0	8899.0	best_hit_to_mtDNA
C	C	C	8849	HG002_all_regions	HG002_chr1.633402.634418|HISEQ1:18:H8VC6ADXX:2:2213:7352:58980	HG002_chr1.633402.634418|HISEQ1:18:H8VC6ADXX:2:2213:7352:58980	148	8770.0	8899.0	best_hit_to_mtDNA
C	C	C	8850	HG002_all_regions	HG002_chr1.633402.634418|HISEQ1:18:H8VC6ADXX:2:2213:7352:58980	HG002_chr1.633402.634418|HISEQ1:18:H8VC6ADXX:2:2213:7352:58980	148	8770.0	8899.0	best_hit_to_mtDNA
C	C	C	8851	HG002_all_regions	HG002_chr1.633402.634418|HISEQ1:18:H8VC6ADXX:2:2213:7352:58980	HG002_chr1.633402.634418|HISEQ1:18:H8VC6ADXX:2:2213:7352:58980	148	8770.0	8899.0	best_hit_to_mtDNA
C	C	C	8852	HG002_all_regions	HG002_chr1.633402.634418|HISEQ1:18:H8VC6ADXX:2:2213:7352:58980	HG002_chr1.633402.634418|HISEQ1:18:H8VC6ADXX:2:2213:7352:58980	148	8770.0	8899.0	best_hit_to_mtDNA
T	C	T	8853	HG002_all_regions	HG002_chr1.633402.634418|HISEQ1:18:H8VC6ADXX:2:2213:7352:58980	HG002_chr1.633402.634418|HISEQ1:18:H8VC6ADXX:2:2213:7352:58980	148	8770.0	8899.0	best_hit_to_mtDNA
T	T	T	8854	HG002_all_regions	HG002_chr1.633402.634418|HISEQ1:18:H8VC6ADXX:2:2213:7352:58980	HG002_chr1.633402.634418|HISEQ1:18:H8VC6ADXX:2:2213:7352:58980	148	8770.0	8899.0	best_hit_to_mtDNA
A	A	A	8855	HG002_all_regions	HG002_chr1.633402.634418|HISEQ1:18:H8VC6ADXX:2:2213:7352:58980	HG002_chr1.633402.634418|HISEQ1:18:H8VC6ADXX:2:2213:7352:58980	148	8770.0	8899.0	best_hit_to_mtDNA
T	T	T	8856	HG002_all_regions	HG002_chr1.633402.634418|HISEQ1:18:H8VC6ADXX:2:2213:7352:58980	HG002_chr1.633402.634418|HISEQ1:18:H8VC6ADXX:2:2213:7352:58980	148	8770.0	8899.0	best_hit_to_mtDNA
G	G	G	8857	HG002_all_regions	HG002_chr1.633402.634418|HISEQ1:18:H8VC6ADXX:2:2213:7352:58980	HG002_chr1.633402.634418|HISEQ1:18:H8VC6ADXX:2:2213:7352:58980	148	8770.0	8899.0	best_hit_to_mtDNA
A	A	A	8858	HG002_all_regions	HG002_chr1.633402.634418|HISEQ1:18:H8VC6ADXX:2:2213:7352:58980	HG002_chr1.633402.634418|HISEQ1:18:H8VC6ADXX:2:2213:7352:58980	148	8770.0	8899.0	best_hit_to_mtDNA
G	G	G	8859	HG002_all_regions	HG002_chr1.633402.634418|HISEQ1:18:H8VC6ADXX:2:2213:7352:58980	HG002_chr1.633402.634418|HISEQ1:18:H8VC6ADXX:2:2213:7352:58980	148	8770.0	8899.0	best_hit_to_mtDNA
C	C	C	8860	HG002_all_regions	HG002_chr1.633402.634418|HISEQ1:18:H8VC6ADXX:2:2213:7352:58980	HG002_chr1.633402.634418|HISEQ1:18:H8VC6ADXX:2:2213:7352:58980	148	8770.0	8899.0	best_hit_to_mtDNA
G	A	G	8861	HG002_all_regions	HG002_chr1.633402.634418|HISEQ1:18:H8VC6ADXX:2:2213:7352:58980	HG002_chr1.633402.634418|HISEQ1:18:H8VC6ADXX:2:2213:7352:58980	148	8770.0	8899.0	best_hit_to_mtDNA
G	G	G	8862	HG002_all_regions	HG002_chr1.633402.634418|HISEQ1:18:H8VC6ADXX:2:2213:7352:58980	HG002_chr1.633402.634418|HISEQ1:18:H8VC6ADXX:2:2213:7352:58980	148	8770.0	8899.0	best_hit_to_mtDNA
G	G	G	8863	HG002_all_regions	HG002_chr1.633402.634418|HISEQ1:18:H8VC6ADXX:2:2213:7352:58980	HG002_chr1.633402.634418|HISEQ1:18:H8VC6ADXX:2:2213:7352:58980	148	8770.0	8899.0	best_hit_to_mtDNA
C	C	C	8864	HG002_all_regions	HG002_chr1.633402.634418|HISEQ1:18:H8VC6ADXX:2:2213:7352:58980	HG002_chr1.633402.634418|HISEQ1:18:H8VC6ADXX:2:2213:7352:58980	148	8770.0	8899.0	best_hit_to_mtDNA
A	G	G	8865	HG002_all_regions	HG002_chr1.633402.634418|HISEQ1:18:H8VC6ADXX:2:2213:7352:58980	HG002_chr1.633402.634418|HISEQ1:18:H8VC6ADXX:2:2213:7352:58980	148	8770.0	8899.0	best_hit_to_mtDNA
C	C	C	8866	HG002_all_regions	HG002_chr1.633402.634418|HISEQ1:18:H8VC6ADXX:2:2213:7352:58980	HG002_chr1.633402.634418|HISEQ1:18:H8VC6ADXX:2:2213:7352:58980	148	8770.0	8899.0	best_hit_to_mtDNA
A	A	A	8867	HG002_all_regions	HG002_chr1.633402.634418|HISEQ1:18:H8VC6ADXX:2:2213:7352:58980	HG002_chr1.633402.634418|HISEQ1:18:H8VC6ADXX:2:2213:7352:58980	148	8770.0	8899.0	best_hit_to_mtDNA
G	G	G	8868	HG002_all_regions	HG002_chr1.633402.634418|HISEQ1:18:H8VC6ADXX:2:2213:7352:58980	HG002_chr1.633402.634418|HISEQ1:18:H8VC6ADXX:2:2213:7352:58980	148	8770.0	8899.0	best_hit_to_mtDNA
T	T	T	8869	HG002_all_regions	HG002_chr1.633402.634418|HISEQ1:18:H8VC6ADXX:2:2213:7352:58980	HG002_chr1.633402.634418|HISEQ1:18:H8VC6ADXX:2:2213:7352:58980	148	8770.0	8899.0	best_hit_to_mtDNA
G	A	G	8870	HG002_all_regions	HG002_chr1.633402.634418|HISEQ1:18:H8VC6ADXX:2:2213:7352:58980	HG002_chr1.633402.634418|HISEQ1:18:H8VC6ADXX:2:2213:7352:58980	148	8770.0	8899.0	best_hit_to_mtDNA
A	G	A	8871	HG002_all_regions	HG002_chr1.633402.634418|HISEQ1:18:H8VC6ADXX:2:2213:7352:58980	HG002_chr1.633402.634418|HISEQ1:18:H8VC6ADXX:2:2213:7352:58980	148	8770.0	8899.0	best_hit_to_mtDNA
T	T	T	8872	HG002_all_regions	HG002_chr1.633402.634418|HISEQ1:18:H8VC6ADXX:2:2213:7352:58980	HG002_chr1.633402.634418|HISEQ1:18:H8VC6ADXX:2:2213:7352:58980	148	8770.0	8899.0	best_hit_to_mtDNA
T	C	T	8873	HG002_all_regions	HG002_chr1.633402.634418|HISEQ1:18:H8VC6ADXX:2:2213:7352:58980	HG002_chr1.633402.634418|HISEQ1:18:H8VC6ADXX:2:2213:7352:58980	148	8770.0	8899.0	best_hit_to_mtDNA
A	A	A	8874	HG002_all_regions	HG002_chr1.633402.634418|HISEQ1:18:H8VC6ADXX:2:2213:7352:58980	HG002_chr1.633402.634418|HISEQ1:18:H8VC6ADXX:2:2213:7352:58980	148	8770.0	8899.0	best_hit_to_mtDNA
T	T	T	8875	HG002_all_regions	HG002_chr1.633402.634418|HISEQ1:18:H8VC6ADXX:2:2213:7352:58980	HG002_chr1.633402.634418|HISEQ1:18:H8VC6ADXX:2:2213:7352:58980	148	8770.0	8899.0	best_hit_to_mtDNA
A	A	A	8876	HG002_all_regions	HG002_chr1.633402.634418|HISEQ1:18:H8VC6ADXX:2:2213:7352:58980	HG002_chr1.633402.634418|HISEQ1:18:H8VC6ADXX:2:2213:7352:58980	148	8770.0	8899.0	best_hit_to_mtDNA
G	G	G	8877	HG002_all_regions	HG002_chr1.633402.634418|HISEQ1:18:H8VC6ADXX:2:2213:7352:58980	HG002_chr1.633402.634418|HISEQ1:18:H8VC6ADXX:2:2213:7352:58980	148	8770.0	8899.0	best_hit_to_mtDNA
G	G	G	8878	HG002_all_regions	HG002_chr1.633402.634418|HISEQ1:18:H8VC6ADXX:2:2213:7352:58980	HG002_chr1.633402.634418|HISEQ1:18:H8VC6ADXX:2:2213:7352:58980	148	8770.0	8899.0	best_hit_to_mtDNA
C	C	C	8879	HG002_all_regions	HG002_chr1.633402.634418|HISEQ1:18:H8VC6ADXX:2:2213:7352:58980	HG002_chr1.633402.634418|HISEQ1:18:H8VC6ADXX:2:2213:7352:58980	148	8770.0	8899.0	best_hit_to_mtDNA
T	T	T	8880	HG002_all_regions	HG002_chr1.633402.634418|HISEQ1:18:H8VC6ADXX:2:2213:7352:58980	HG002_chr1.633402.634418|HISEQ1:18:H8VC6ADXX:2:2213:7352:58980	148	8770.0	8899.0	best_hit_to_mtDNA
T	T	T	8881	HG002_all_regions	HG002_chr1.633402.634418|HISEQ1:18:H8VC6ADXX:2:2213:7352:58980	HG002_chr1.633402.634418|HISEQ1:18:H8VC6ADXX:2:2213:7352:58980	148	8770.0	8899.0	best_hit_to_mtDNA
T	T	T	8882	HG002_all_regions	HG002_chr1.633402.634418|HISEQ1:18:H8VC6ADXX:2:2213:7352:58980	HG002_chr1.633402.634418|HISEQ1:18:H8VC6ADXX:2:2213:7352:58980	148	8770.0	8899.0	best_hit_to_mtDNA
C	C	C	8883	HG002_all_regions	HG002_chr1.633402.634418|HISEQ1:18:H8VC6ADXX:2:2213:7352:58980	HG002_chr1.633402.634418|HISEQ1:18:H8VC6ADXX:2:2213:7352:58980	148	8770.0	8899.0	best_hit_to_mtDNA
G	G	G	8884	HG002_all_regions	HG002_chr1.633402.634418|HISEQ1:18:H8VC6ADXX:2:2213:7352:58980	HG002_chr1.633402.634418|HISEQ1:18:H8VC6ADXX:2:2213:7352:58980	148	8770.0	8899.0	best_hit_to_mtDNA
C	C	C	8885	HG002_all_regions	HG002_chr1.633402.634418|HISEQ1:18:H8VC6ADXX:2:2213:7352:58980	HG002_chr1.633402.634418|HISEQ1:18:H8VC6ADXX:2:2213:7352:58980	148	8770.0	8899.0	best_hit_to_mtDNA
T	T	T	8886	HG002_all_regions	HG002_chr1.633402.634418|HISEQ1:18:H8VC6ADXX:2:2213:7352:58980	HG002_chr1.633402.634418|HISEQ1:18:H8VC6ADXX:2:2213:7352:58980	148	8770.0	8899.0	best_hit_to_mtDNA
C	T	C	8887	HG002_all_regions	HG002_chr1.633402.634418|HISEQ1:18:H8VC6ADXX:2:2213:7352:58980	HG002_chr1.633402.634418|HISEQ1:18:H8VC6ADXX:2:2213:7352:58980	148	8770.0	8899.0	best_hit_to_mtDNA
T	T	T	8888	HG002_all_regions	HG002_chr1.633402.634418|HISEQ1:18:H8VC6ADXX:2:2213:7352:58980	HG002_chr1.633402.634418|HISEQ1:18:H8VC6ADXX:2:2213:7352:58980	148	8770.0	8899.0	best_hit_to_mtDNA
A	A	A	8889	HG002_all_regions	HG002_chr1.633402.634418|HISEQ1:18:H8VC6ADXX:2:2213:7352:58980	HG002_chr1.633402.634418|HISEQ1:18:H8VC6ADXX:2:2213:7352:58980	148	8770.0	8899.0	best_hit_to_mtDNA
A	A	A	8890	HG002_all_regions	HG002_chr1.633402.634418|HISEQ1:18:H8VC6ADXX:2:2213:7352:58980	HG002_chr1.633402.634418|HISEQ1:18:H8VC6ADXX:2:2213:7352:58980	148	8770.0	8899.0	best_hit_to_mtDNA
G	G	G	8891	HG002_all_regions	HG002_chr1.633402.634418|HISEQ1:18:H8VC6ADXX:2:2213:7352:58980	HG002_chr1.633402.634418|HISEQ1:18:H8VC6ADXX:2:2213:7352:58980	148	8770.0	8899.0	best_hit_to_mtDNA
A	A	A	8892	HG002_all_regions	HG002_chr1.633402.634418|HISEQ1:18:H8VC6ADXX:2:2213:7352:58980	HG002_chr1.633402.634418|HISEQ1:18:H8VC6ADXX:2:2213:7352:58980	148	8770.0	8899.0	best_hit_to_mtDNA
T	C	T	8893	HG002_all_regions	HG002_chr1.633402.634418|HISEQ1:18:H8VC6ADXX:2:2213:7352:58980	HG002_chr1.633402.634418|HISEQ1:18:H8VC6ADXX:2:2213:7352:58980	148	8770.0	8899.0	best_hit_to_mtDNA
T	T	T	8894	HG002_all_regions	HG002_chr1.633402.634418|HISEQ1:18:H8VC6ADXX:2:2213:7352:58980	HG002_chr1.633402.634418|HISEQ1:18:H8VC6ADXX:2:2213:7352:58980	148	8770.0	8899.0	best_hit_to_mtDNA
A	A	A	8895	HG002_all_regions	HG002_chr1.633402.634418|HISEQ1:18:H8VC6ADXX:2:2213:7352:58980	HG002_chr1.633402.634418|HISEQ1:18:H8VC6ADXX:2:2213:7352:58980	148	8770.0	8899.0	best_hit_to_mtDNA
A	A	A	8896	HG002_all_regions	HG002_chr1.633402.634418|HISEQ1:18:H8VC6ADXX:2:2213:7352:58980	HG002_chr1.633402.634418|HISEQ1:18:H8VC6ADXX:2:2213:7352:58980	148	8770.0	8899.0	best_hit_to_mtDNA
A	A	A	8897	HG002_all_regions	HG002_chr1.633402.634418|HISEQ1:18:H8VC6ADXX:2:2213:7352:58980	HG002_chr1.633402.634418|HISEQ1:18:H8VC6ADXX:2:2213:7352:58980	148	8770.0	8899.0	best_hit_to_mtDNA
A	A	A	8898	HG002_all_regions	HG002_chr1.633402.634418|HISEQ1:18:H8VC6ADXX:2:2213:7352:58980	HG002_chr1.633402.634418|HISEQ1:18:H8VC6ADXX:2:2213:7352:58980	148	8770.0	8899.0	best_hit_to_mtDNA
C	C	A	8771	HG002_all_regions	HG002_chr1.633402.634418|HISEQ1:18:H8VC6ADXX:2:2213:7352:58980	HG002_chr1.633402.634418|HISEQ1:18:H8VC6ADXX:2:2213:7352:58980	148	8770.0	8899.0	best_hit_to_mtDNA
A	A	T	8772	HG002_all_regions	HG002_chr1.633402.634418|HISEQ1:18:H8VC6ADXX:2:2213:7352:58980	HG002_chr1.633402.634418|HISEQ1:18:H8VC6ADXX:2:2213:7352:58980	148	8770.0	8899.0	best_hit_to_mtDNA
C	C	C	8773	HG002_all_regions	HG002_chr1.633402.634418|HISEQ1:18:H8VC6ADXX:2:2213:7352:58980	HG002_chr1.633402.634418|HISEQ1:18:H8VC6ADXX:2:2213:7352:58980	148	8770.0	8899.0	best_hit_to_mtDNA
A	A	T	8774	HG002_all_regions	HG002_chr1.633402.634418|HISEQ1:18:H8VC6ADXX:2:2213:7352:58980	HG002_chr1.633402.634418|HISEQ1:18:H8VC6ADXX:2:2213:7352:58980	148	8770.0	8899.0	best_hit_to_mtDNA
A	A	A	8775	HG002_all_regions	HG002_chr1.633402.634418|HISEQ1:18:H8VC6ADXX:2:2213:7352:58980	HG002_chr1.633402.634418|HISEQ1:18:H8VC6ADXX:2:2213:7352:58980	148	8770.0	8899.0	best_hit_to_mtDNA
C	C	C	8776	HG002_all_regions	HG002_chr1.633402.634418|HISEQ1:18:H8VC6ADXX:2:2213:7352:58980	HG002_chr1.633402.634418|HISEQ1:18:H8VC6ADXX:2:2213:7352:58980	148	8770.0	8899.0	best_hit_to_mtDNA
T	C	T	8777	HG002_all_regions	HG002_chr1.633402.634418|HISEQ1:18:H8VC6ADXX:2:2213:7352:58980	HG002_chr1.633402.634418|HISEQ1:18:H8VC6ADXX:2:2213:7352:58980	148	8770.0	8899.0	best_hit_to_mtDNA
A	A	A	8778	HG002_all_regions	HG002_chr1.633402.634418|HISEQ1:18:H8VC6ADXX:2:2213:7352:58980	HG002_chr1.633402.634418|HISEQ1:18:H8VC6ADXX:2:2213:7352:58980	148	8770.0	8899.0	best_hit_to_mtDNA
A	A	A	8779	HG002_all_regions	HG002_chr1.633402.634418|HISEQ1:18:H8VC6ADXX:2:2213:7352:58980	HG002_chr1.633402.634418|HISEQ1:18:H8VC6ADXX:2:2213:7352:58980	148	8770.0	8899.0	best_hit_to_mtDNA
C	T	C	8780	HG002_all_regions	HG002_chr1.633402.634418|HISEQ1:18:H8VC6ADXX:2:2213:7352:58980	HG002_chr1.633402.634418|HISEQ1:18:H8VC6ADXX:2:2213:7352:58980	148	8770.0	8899.0	best_hit_to_mtDNA
C	C	C	8781	HG002_all_regions	HG002_chr1.633402.634418|HISEQ1:18:H8VC6ADXX:2:2213:7352:58980	HG002_chr1.633402.634418|HISEQ1:18:H8VC6ADXX:2:2213:7352:58980	148	8770.0	8899.0	best_hit_to_mtDNA
T	T	T	8782	HG002_all_regions	HG002_chr1.633402.634418|HISEQ1:18:H8VC6ADXX:2:2213:7352:58980	HG002_chr1.633402.634418|HISEQ1:18:H8VC6ADXX:2:2213:7352:58980	148	8770.0	8899.0	best_hit_to_mtDNA
C	T	C	8783	HG002_all_regions	HG002_chr1.633402.634418|HISEQ1:18:H8VC6ADXX:2:2213:7352:58980	HG002_chr1.633402.634418|HISEQ1:18:H8VC6ADXX:2:2213:7352:58980	148	8770.0	8899.0	best_hit_to_mtDNA
C	C	C	8784	HG002_all_regions	HG002_chr1.633402.634418|HISEQ1:18:H8VC6ADXX:2:2213:7352:58980	HG002_chr1.633402.634418|HISEQ1:18:H8VC6ADXX:2:2213:7352:58980	148	8770.0	8899.0	best_hit_to_mtDNA
T	T	T	8785	HG002_all_regions	HG002_chr1.633402.634418|HISEQ1:18:H8VC6ADXX:2:2213:7352:58980	HG002_chr1.633402.634418|HISEQ1:18:H8VC6ADXX:2:2213:7352:58980	148	8770.0	8899.0	best_hit_to_mtDNA
C	T	C	8786	HG002_all_regions	HG002_chr1.633402.634418|HISEQ1:18:H8VC6ADXX:2:2213:7352:58980	HG002_chr1.633402.634418|HISEQ1:18:H8VC6ADXX:2:2213:7352:58980	148	8770.0	8899.0	best_hit_to_mtDNA
G	G	G	8787	HG002_all_regions	HG002_chr1.633402.634418|HISEQ1:18:H8VC6ADXX:2:2213:7352:58980	HG002_chr1.633402.634418|HISEQ1:18:H8VC6ADXX:2:2213:7352:58980	148	8770.0	8899.0	best_hit_to_mtDNA
G	G	G	8788	HG002_all_regions	HG002_chr1.633402.634418|HISEQ1:18:H8VC6ADXX:2:2213:7352:58980	HG002_chr1.633402.634418|HISEQ1:18:H8VC6ADXX:2:2213:7352:58980	148	8770.0	8899.0	best_hit_to_mtDNA
A	G	A	8789	HG002_all_regions	HG002_chr1.633402.634418|HISEQ1:18:H8VC6ADXX:2:2213:7352:58980	HG002_chr1.633402.634418|HISEQ1:18:H8VC6ADXX:2:2213:7352:58980	148	8770.0	8899.0	best_hit_to_mtDNA
C	C	C	8790	HG002_all_regions	HG002_chr1.633402.634418|HISEQ1:18:H8VC6ADXX:2:2213:7352:58980	HG002_chr1.633402.634418|HISEQ1:18:H8VC6ADXX:2:2213:7352:58980	148	8770.0	8899.0	best_hit_to_mtDNA
T	T	T	8791	HG002_all_regions	HG002_chr1.633402.634418|HISEQ1:18:H8VC6ADXX:2:2213:7352:58980	HG002_chr1.633402.634418|HISEQ1:18:H8VC6ADXX:2:2213:7352:58980	148	8770.0	8899.0	best_hit_to_mtDNA
C	T	C	8792	HG002_all_regions	HG002_chr1.633402.634418|HISEQ1:18:H8VC6ADXX:2:2213:7352:58980	HG002_chr1.633402.634418|HISEQ1:18:H8VC6ADXX:2:2213:7352:58980	148	8770.0	8899.0	best_hit_to_mtDNA
C	C	C	8793	HG002_all_regions	HG002_chr1.633402.634418|HISEQ1:18:H8VC6ADXX:2:2213:7352:58980	HG002_chr1.633402.634418|HISEQ1:18:H8VC6ADXX:2:2213:7352:58980	148	8770.0	8899.0	best_hit_to_mtDNA
T	T	T	8794	HG002_all_regions	HG002_chr1.633402.634418|HISEQ1:18:H8VC6ADXX:2:2213:7352:58980	HG002_chr1.633402.634418|HISEQ1:18:H8VC6ADXX:2:2213:7352:58980	148	8770.0	8899.0	best_hit_to_mtDNA
G	A	G	8795	HG002_all_regions	HG002_chr1.633402.634418|HISEQ1:18:H8VC6ADXX:2:2213:7352:58980	HG002_chr1.633402.634418|HISEQ1:18:H8VC6ADXX:2:2213:7352:58980	148	8770.0	8899.0	best_hit_to_mtDNA
C	C	C	8796	HG002_all_regions	HG002_chr1.633402.634418|HISEQ1:18:H8VC6ADXX:2:2213:7352:58980	HG002_chr1.633402.634418|HISEQ1:18:H8VC6ADXX:2:2213:7352:58980	148	8770.0	8899.0	best_hit_to_mtDNA
C	C	C	8797	HG002_all_regions	HG002_chr1.633402.634418|HISEQ1:18:H8VC6ADXX:2:2213:7352:58980	HG002_chr1.633402.634418|HISEQ1:18:H8VC6ADXX:2:2213:7352:58980	148	8770.0	8899.0	best_hit_to_mtDNA
T	C	T	8798	HG002_all_regions	HG002_chr1.633402.634418|HISEQ1:18:H8VC6ADXX:2:2213:7352:58980	HG002_chr1.633402.634418|HISEQ1:18:H8VC6ADXX:2:2213:7352:58980	148	8770.0	8899.0	best_hit_to_mtDNA
C	C	C	8799	HG002_all_regions	HG002_chr1.633402.634418|HISEQ1:18:H8VC6ADXX:2:2213:7352:58980	HG002_chr1.633402.634418|HISEQ1:18:H8VC6ADXX:2:2213:7352:58980	148	8770.0	8899.0	best_hit_to_mtDNA
A	A	A	8800	HG002_all_regions	HG002_chr1.633402.634418|HISEQ1:18:H8VC6ADXX:2:2213:7352:58980	HG002_chr1.633402.634418|HISEQ1:18:H8VC6ADXX:2:2213:7352:58980	148	8770.0	8899.0	best_hit_to_mtDNA
C	C	C	8801	HG002_all_regions	HG002_chr1.633402.634418|HISEQ1:18:H8VC6ADXX:2:2213:7352:58980	HG002_chr1.633402.634418|HISEQ1:18:H8VC6ADXX:2:2213:7352:58980	148	8770.0	8899.0	best_hit_to_mtDNA
T	T	T	8802	HG002_all_regions	HG002_chr1.633402.634418|HISEQ1:18:H8VC6ADXX:2:2213:7352:58980	HG002_chr1.633402.634418|HISEQ1:18:H8VC6ADXX:2:2213:7352:58980	148	8770.0	8899.0	best_hit_to_mtDNA
C	C	C	8803	HG002_all_regions	HG002_chr1.633402.634418|HISEQ1:18:H8VC6ADXX:2:2213:7352:58980	HG002_chr1.633402.634418|HISEQ1:18:H8VC6ADXX:2:2213:7352:58980	148	8770.0	8899.0	best_hit_to_mtDNA
A	A	A	8804	HG002_all_regions	HG002_chr1.633402.634418|HISEQ1:18:H8VC6ADXX:2:2213:7352:58980	HG002_chr1.633402.634418|HISEQ1:18:H8VC6ADXX:2:2213:7352:58980	148	8770.0	8899.0	best_hit_to_mtDNA
T	T	T	8805	HG002_all_regions	HG002_chr1.633402.634418|HISEQ1:18:H8VC6ADXX:2:2213:7352:58980	HG002_chr1.633402.634418|HISEQ1:18:H8VC6ADXX:2:2213:7352:58980	148	8770.0	8899.0	best_hit_to_mtDNA
T	T	T	8806	HG002_all_regions	HG002_chr1.633402.634418|HISEQ1:18:H8VC6ADXX:2:2213:7352:58980	HG002_chr1.633402.634418|HISEQ1:18:H8VC6ADXX:2:2213:7352:58980	148	8770.0	8899.0	best_hit_to_mtDNA
T	C	T	8807	HG002_all_regions	HG002_chr1.633402.634418|HISEQ1:18:H8VC6ADXX:2:2213:7352:58980	HG002_chr1.633402.634418|HISEQ1:18:H8VC6ADXX:2:2213:7352:58980	148	8770.0	8899.0	best_hit_to_mtDNA
A	A	A	8808	HG002_all_regions	HG002_chr1.633402.634418|HISEQ1:18:H8VC6ADXX:2:2213:7352:58980	HG002_chr1.633402.634418|HISEQ1:18:H8VC6ADXX:2:2213:7352:58980	148	8770.0	8899.0	best_hit_to_mtDNA
C	C	C	8809	HG002_all_regions	HG002_chr1.633402.634418|HISEQ1:18:H8VC6ADXX:2:2213:7352:58980	HG002_chr1.633402.634418|HISEQ1:18:H8VC6ADXX:2:2213:7352:58980	148	8770.0	8899.0	best_hit_to_mtDNA
A	A	A	8810	HG002_all_regions	HG002_chr1.633402.634418|HISEQ1:18:H8VC6ADXX:2:2213:7352:58980	HG002_chr1.633402.634418|HISEQ1:18:H8VC6ADXX:2:2213:7352:58980	148	8770.0	8899.0	best_hit_to_mtDNA
C	C	C	8811	HG002_all_regions	HG002_chr1.633402.634418|HISEQ1:18:H8VC6ADXX:2:2213:7352:58980	HG002_chr1.633402.634418|HISEQ1:18:H8VC6ADXX:2:2213:7352:58980	148	8770.0	8899.0	best_hit_to_mtDNA
C	C	C	8812	HG002_all_regions	HG002_chr1.633402.634418|HISEQ1:18:H8VC6ADXX:2:2213:7352:58980	HG002_chr1.633402.634418|HISEQ1:18:H8VC6ADXX:2:2213:7352:58980	148	8770.0	8899.0	best_hit_to_mtDNA
A	A	A	8813	HG002_all_regions	HG002_chr1.633402.634418|HISEQ1:18:H8VC6ADXX:2:2213:7352:58980	HG002_chr1.633402.634418|HISEQ1:18:H8VC6ADXX:2:2213:7352:58980	148	8770.0	8899.0	best_hit_to_mtDNA
A	A	A	8814	HG002_all_regions	HG002_chr1.633402.634418|HISEQ1:18:H8VC6ADXX:2:2213:7352:58980	HG002_chr1.633402.634418|HISEQ1:18:H8VC6ADXX:2:2213:7352:58980	148	8770.0	8899.0	best_hit_to_mtDNA
C	C	C	8815	HG002_all_regions	HG002_chr1.633402.634418|HISEQ1:18:H8VC6ADXX:2:2213:7352:58980	HG002_chr1.633402.634418|HISEQ1:18:H8VC6ADXX:2:2213:7352:58980	148	8770.0	8899.0	best_hit_to_mtDNA
C	C	C	8816	HG002_all_regions	HG002_chr1.633402.634418|HISEQ1:18:H8VC6ADXX:2:2213:7352:58980	HG002_chr1.633402.634418|HISEQ1:18:H8VC6ADXX:2:2213:7352:58980	148	8770.0	8899.0	best_hit_to_mtDNA
A	A	G	8817	HG002_all_regions	HG002_chr1.633402.634418|HISEQ1:18:H8VC6ADXX:2:2213:7352:58980	HG002_chr1.633402.634418|HISEQ1:18:H8VC6ADXX:2:2213:7352:58980	148	8770.0	8899.0	best_hit_to_mtDNA
C	C	C	8818	HG002_all_regions	HG002_chr1.633402.634418|HISEQ1:18:H8VC6ADXX:2:2213:7352:58980	HG002_chr1.633402.634418|HISEQ1:18:H8VC6ADXX:2:2213:7352:58980	148	8770.0	8899.0	best_hit_to_mtDNA
C	C	C	8819	HG002_all_regions	HG002_chr1.633402.634418|HISEQ1:18:H8VC6ADXX:2:2213:7352:58980	HG002_chr1.633402.634418|HISEQ1:18:H8VC6ADXX:2:2213:7352:58980	148	8770.0	8899.0	best_hit_to_mtDNA
C	C	C	8820	HG002_all_regions	HG002_chr1.633402.634418|HISEQ1:18:H8VC6ADXX:2:2213:7352:58980	HG002_chr1.633402.634418|HISEQ1:18:H8VC6ADXX:2:2213:7352:58980	148	8770.0	8899.0	best_hit_to_mtDNA
A	A	A	8821	HG002_all_regions	HG002_chr1.633402.634418|HISEQ1:18:H8VC6ADXX:2:2213:7352:58980	HG002_chr1.633402.634418|HISEQ1:18:H8VC6ADXX:2:2213:7352:58980	148	8770.0	8899.0	best_hit_to_mtDNA
A	A	A	8822	HG002_all_regions	HG002_chr1.633402.634418|HISEQ1:18:H8VC6ADXX:2:2213:7352:58980	HG002_chr1.633402.634418|HISEQ1:18:H8VC6ADXX:2:2213:7352:58980	148	8770.0	8899.0	best_hit_to_mtDNA
C	C	C	8823	HG002_all_regions	HG002_chr1.633402.634418|HISEQ1:18:H8VC6ADXX:2:2213:7352:58980	HG002_chr1.633402.634418|HISEQ1:18:H8VC6ADXX:2:2213:7352:58980	148	8770.0	8899.0	best_hit_to_mtDNA
T	T	T	8824	HG002_all_regions	HG002_chr1.633402.634418|HISEQ1:18:H8VC6ADXX:2:2213:7352:58980	HG002_chr1.633402.634418|HISEQ1:18:H8VC6ADXX:2:2213:7352:58980	148	8770.0	8899.0	best_hit_to_mtDNA
A	A	A	8825	HG002_all_regions	HG002_chr1.633402.634418|HISEQ1:18:H8VC6ADXX:2:2213:7352:58980	HG002_chr1.633402.634418|HISEQ1:18:H8VC6ADXX:2:2213:7352:58980	148	8770.0	8899.0	best_hit_to_mtDNA
T	T	T	8826	HG002_all_regions	HG002_chr1.633402.634418|HISEQ1:18:H8VC6ADXX:2:2213:7352:58980	HG002_chr1.633402.634418|HISEQ1:18:H8VC6ADXX:2:2213:7352:58980	148	8770.0	8899.0	best_hit_to_mtDNA
C	C	C	8827	HG002_all_regions	HG002_chr1.633402.634418|HISEQ1:18:H8VC6ADXX:2:2213:7352:58980	HG002_chr1.633402.634418|HISEQ1:18:H8VC6ADXX:2:2213:7352:58980	148	8770.0	8899.0	best_hit_to_mtDNA
T	T	T	8828	HG002_all_regions	HG002_chr1.633402.634418|HISEQ1:18:H8VC6ADXX:2:2213:7352:58980	HG002_chr1.633402.634418|HISEQ1:18:H8VC6ADXX:2:2213:7352:58980	148	8770.0	8899.0	best_hit_to_mtDNA
A	A	A	8829	HG002_all_regions	HG002_chr1.633402.634418|HISEQ1:18:H8VC6ADXX:2:2213:7352:58980	HG002_chr1.633402.634418|HISEQ1:18:H8VC6ADXX:2:2213:7352:58980	148	8770.0	8899.0	best_hit_to_mtDNA
T	T	T	8830	HG002_all_regions	HG002_chr1.633402.634418|HISEQ1:18:H8VC6ADXX:2:2213:7352:58980	HG002_chr1.633402.634418|HISEQ1:18:H8VC6ADXX:2:2213:7352:58980	148	8770.0	8899.0	best_hit_to_mtDNA
A	A	A	8831	HG002_all_regions	HG002_chr1.633402.634418|HISEQ1:18:H8VC6ADXX:2:2213:7352:58980	HG002_chr1.633402.634418|HISEQ1:18:H8VC6ADXX:2:2213:7352:58980	148	8770.0	8899.0	best_hit_to_mtDNA
A	A	A	8832	HG002_all_regions	HG002_chr1.633402.634418|HISEQ1:18:H8VC6ADXX:2:2213:7352:58980	HG002_chr1.633402.634418|HISEQ1:18:H8VC6ADXX:2:2213:7352:58980	148	8770.0	8899.0	best_hit_to_mtDNA
A	A	A	8833	HG002_all_regions	HG002_chr1.633402.634418|HISEQ1:18:H8VC6ADXX:2:2213:7352:58980	HG002_chr1.633402.634418|HISEQ1:18:H8VC6ADXX:2:2213:7352:58980	148	8770.0	8899.0	best_hit_to_mtDNA
C	C	C	8834	HG002_all_regions	HG002_chr1.633402.634418|HISEQ1:18:H8VC6ADXX:2:2213:7352:58980	HG002_chr1.633402.634418|HISEQ1:18:H8VC6ADXX:2:2213:7352:58980	148	8770.0	8899.0	best_hit_to_mtDNA
C	C	C	8835	HG002_all_regions	HG002_chr1.633402.634418|HISEQ1:18:H8VC6ADXX:2:2213:7352:58980	HG002_chr1.633402.634418|HISEQ1:18:H8VC6ADXX:2:2213:7352:58980	148	8770.0	8899.0	best_hit_to_mtDNA
T	T	T	8836	HG002_all_regions	HG002_chr1.633402.634418|HISEQ1:18:H8VC6ADXX:2:2213:7352:58980	HG002_chr1.633402.634418|HISEQ1:18:H8VC6ADXX:2:2213:7352:58980	148	8770.0	8899.0	best_hit_to_mtDNA
A	A	A	8837	HG002_all_regions	HG002_chr1.633402.634418|HISEQ1:18:H8VC6ADXX:2:2213:7352:58980	HG002_chr1.633402.634418|HISEQ1:18:H8VC6ADXX:2:2213:7352:58980	148	8770.0	8899.0	best_hit_to_mtDNA
G	G	G	8838	HG002_all_regions	HG002_chr1.633402.634418|HISEQ1:18:H8VC6ADXX:2:2213:7352:58980	HG002_chr1.633402.634418|HISEQ1:18:H8VC6ADXX:2:2213:7352:58980	148	8770.0	8899.0	best_hit_to_mtDNA
C	C	C	8839	HG002_all_regions	HG002_chr1.633402.634418|HISEQ1:18:H8VC6ADXX:2:2213:7352:58980	HG002_chr1.633402.634418|HISEQ1:18:H8VC6ADXX:2:2213:7352:58980	148	8770.0	8899.0	best_hit_to_mtDNA
C	C	C	8840	HG002_all_regions	HG002_chr1.633402.634418|HISEQ1:18:H8VC6ADXX:2:2213:7352:58980	HG002_chr1.633402.634418|HISEQ1:18:H8VC6ADXX:2:2213:7352:58980	148	8770.0	8899.0	best_hit_to_mtDNA
A	A	A	8841	HG002_all_regions	HG002_chr1.633402.634418|HISEQ1:18:H8VC6ADXX:2:2213:7352:58980	HG002_chr1.633402.634418|HISEQ1:18:H8VC6ADXX:2:2213:7352:58980	148	8770.0	8899.0	best_hit_to_mtDNA
T	T	T	8842	HG002_all_regions	HG002_chr1.633402.634418|HISEQ1:18:H8VC6ADXX:2:2213:7352:58980	HG002_chr1.633402.634418|HISEQ1:18:H8VC6ADXX:2:2213:7352:58980	148	8770.0	8899.0	best_hit_to_mtDNA
G	G	G	8843	HG002_all_regions	HG002_chr1.633402.634418|HISEQ1:18:H8VC6ADXX:2:2213:7352:58980	HG002_chr1.633402.634418|HISEQ1:18:H8VC6ADXX:2:2213:7352:58980	148	8770.0	8899.0	best_hit_to_mtDNA
G	G	G	8844	HG002_all_regions	HG002_chr1.633402.634418|HISEQ1:18:H8VC6ADXX:2:2213:7352:58980	HG002_chr1.633402.634418|HISEQ1:18:H8VC6ADXX:2:2213:7352:58980	148	8770.0	8899.0	best_hit_to_mtDNA
C	C	C	8845	HG002_all_regions	HG002_chr1.633402.634418|HISEQ1:18:H8VC6ADXX:2:2213:7352:58980	HG002_chr1.633402.634418|HISEQ1:18:H8VC6ADXX:2:2213:7352:58980	148	8770.0	8899.0	best_hit_to_mtDNA
C	T	C	8846	HG002_all_regions	HG002_chr1.633402.634418|HISEQ1:18:H8VC6ADXX:2:2213:7352:58980	HG002_chr1.633402.634418|HISEQ1:18:H8VC6ADXX:2:2213:7352:58980	148	8770.0	8899.0	best_hit_to_mtDNA
A	A	A	8847	HG002_all_regions	HG002_chr1.633402.634418|HISEQ1:18:H8VC6ADXX:2:2213:7352:58980	HG002_chr1.633402.634418|HISEQ1:18:H8VC6ADXX:2:2213:7352:58980	148	8770.0	8899.0	best_hit_to_mtDNA
T	T	T	8848	HG002_all_regions	HG002_chr1.633402.634418|HISEQ1:18:H8VC6ADXX:2:2213:7352:58980	HG002_chr1.633402.634418|HISEQ1:18:H8VC6ADXX:2:2213:7352:58980	148	8770.0	8899.0	best_hit_to_mtDNA
C	C	C	8849	HG002_all_regions	HG002_chr1.633402.634418|HISEQ1:18:H8VC6ADXX:2:2213:7352:58980	HG002_chr1.633402.634418|HISEQ1:18:H8VC6ADXX:2:2213:7352:58980	148	8770.0	8899.0	best_hit_to_mtDNA
C	C	C	8850	HG002_all_regions	HG002_chr1.633402.634418|HISEQ1:18:H8VC6ADXX:2:2213:7352:58980	HG002_chr1.633402.634418|HISEQ1:18:H8VC6ADXX:2:2213:7352:58980	148	8770.0	8899.0	best_hit_to_mtDNA
C	C	C	8851	HG002_all_regions	HG002_chr1.633402.634418|HISEQ1:18:H8VC6ADXX:2:2213:7352:58980	HG002_chr1.633402.634418|HISEQ1:18:H8VC6ADXX:2:2213:7352:58980	148	8770.0	8899.0	best_hit_to_mtDNA
C	C	C	8852	HG002_all_regions	HG002_chr1.633402.634418|HISEQ1:18:H8VC6ADXX:2:2213:7352:58980	HG002_chr1.633402.634418|HISEQ1:18:H8VC6ADXX:2:2213:7352:58980	148	8770.0	8899.0	best_hit_to_mtDNA
T	C	T	8853	HG002_all_regions	HG002_chr1.633402.634418|HISEQ1:18:H8VC6ADXX:2:2213:7352:58980	HG002_chr1.633402.634418|HISEQ1:18:H8VC6ADXX:2:2213:7352:58980	148	8770.0	8899.0	best_hit_to_mtDNA
T	T	T	8854	HG002_all_regions	HG002_chr1.633402.634418|HISEQ1:18:H8VC6ADXX:2:2213:7352:58980	HG002_chr1.633402.634418|HISEQ1:18:H8VC6ADXX:2:2213:7352:58980	148	8770.0	8899.0	best_hit_to_mtDNA
A	A	A	8855	HG002_all_regions	HG002_chr1.633402.634418|HISEQ1:18:H8VC6ADXX:2:2213:7352:58980	HG002_chr1.633402.634418|HISEQ1:18:H8VC6ADXX:2:2213:7352:58980	148	8770.0	8899.0	best_hit_to_mtDNA
T	T	T	8856	HG002_all_regions	HG002_chr1.633402.634418|HISEQ1:18:H8VC6ADXX:2:2213:7352:58980	HG002_chr1.633402.634418|HISEQ1:18:H8VC6ADXX:2:2213:7352:58980	148	8770.0	8899.0	best_hit_to_mtDNA
G	G	G	8857	HG002_all_regions	HG002_chr1.633402.634418|HISEQ1:18:H8VC6ADXX:2:2213:7352:58980	HG002_chr1.633402.634418|HISEQ1:18:H8VC6ADXX:2:2213:7352:58980	148	8770.0	8899.0	best_hit_to_mtDNA
A	A	A	8858	HG002_all_regions	HG002_chr1.633402.634418|HISEQ1:18:H8VC6ADXX:2:2213:7352:58980	HG002_chr1.633402.634418|HISEQ1:18:H8VC6ADXX:2:2213:7352:58980	148	8770.0	8899.0	best_hit_to_mtDNA
G	G	G	8859	HG002_all_regions	HG002_chr1.633402.634418|HISEQ1:18:H8VC6ADXX:2:2213:7352:58980	HG002_chr1.633402.634418|HISEQ1:18:H8VC6ADXX:2:2213:7352:58980	148	8770.0	8899.0	best_hit_to_mtDNA
C	C	C	8860	HG002_all_regions	HG002_chr1.633402.634418|HISEQ1:18:H8VC6ADXX:2:2213:7352:58980	HG002_chr1.633402.634418|HISEQ1:18:H8VC6ADXX:2:2213:7352:58980	148	8770.0	8899.0	best_hit_to_mtDNA
G	A	G	8861	HG002_all_regions	HG002_chr1.633402.634418|HISEQ1:18:H8VC6ADXX:2:2213:7352:58980	HG002_chr1.633402.634418|HISEQ1:18:H8VC6ADXX:2:2213:7352:58980	148	8770.0	8899.0	best_hit_to_mtDNA
G	G	G	8862	HG002_all_regions	HG002_chr1.633402.634418|HISEQ1:18:H8VC6ADXX:2:2213:7352:58980	HG002_chr1.633402.634418|HISEQ1:18:H8VC6ADXX:2:2213:7352:58980	148	8770.0	8899.0	best_hit_to_mtDNA
G	G	G	8863	HG002_all_regions	HG002_chr1.633402.634418|HISEQ1:18:H8VC6ADXX:2:2213:7352:58980	HG002_chr1.633402.634418|HISEQ1:18:H8VC6ADXX:2:2213:7352:58980	148	8770.0	8899.0	best_hit_to_mtDNA
C	C	C	8864	HG002_all_regions	HG002_chr1.633402.634418|HISEQ1:18:H8VC6ADXX:2:2213:7352:58980	HG002_chr1.633402.634418|HISEQ1:18:H8VC6ADXX:2:2213:7352:58980	148	8770.0	8899.0	best_hit_to_mtDNA
A	G	G	8865	HG002_all_regions	HG002_chr1.633402.634418|HISEQ1:18:H8VC6ADXX:2:2213:7352:58980	HG002_chr1.633402.634418|HISEQ1:18:H8VC6ADXX:2:2213:7352:58980	148	8770.0	8899.0	best_hit_to_mtDNA
C	C	C	8866	HG002_all_regions	HG002_chr1.633402.634418|HISEQ1:18:H8VC6ADXX:2:2213:7352:58980	HG002_chr1.633402.634418|HISEQ1:18:H8VC6ADXX:2:2213:7352:58980	148	8770.0	8899.0	best_hit_to_mtDNA
A	A	A	8867	HG002_all_regions	HG002_chr1.633402.634418|HISEQ1:18:H8VC6ADXX:2:2213:7352:58980	HG002_chr1.633402.634418|HISEQ1:18:H8VC6ADXX:2:2213:7352:58980	148	8770.0	8899.0	best_hit_to_mtDNA
G	G	G	8868	HG002_all_regions	HG002_chr1.633402.634418|HISEQ1:18:H8VC6ADXX:2:2213:7352:58980	HG002_chr1.633402.634418|HISEQ1:18:H8VC6ADXX:2:2213:7352:58980	148	8770.0	8899.0	best_hit_to_mtDNA
T	T	T	8869	HG002_all_regions	HG002_chr1.633402.634418|HISEQ1:18:H8VC6ADXX:2:2213:7352:58980	HG002_chr1.633402.634418|HISEQ1:18:H8VC6ADXX:2:2213:7352:58980	148	8770.0	8899.0	best_hit_to_mtDNA
G	A	G	8870	HG002_all_regions	HG002_chr1.633402.634418|HISEQ1:18:H8VC6ADXX:2:2213:7352:58980	HG002_chr1.633402.634418|HISEQ1:18:H8VC6ADXX:2:2213:7352:58980	148	8770.0	8899.0	best_hit_to_mtDNA
A	G	A	8871	HG002_all_regions	HG002_chr1.633402.634418|HISEQ1:18:H8VC6ADXX:2:2213:7352:58980	HG002_chr1.633402.634418|HISEQ1:18:H8VC6ADXX:2:2213:7352:58980	148	8770.0	8899.0	best_hit_to_mtDNA
T	T	T	8872	HG002_all_regions	HG002_chr1.633402.634418|HISEQ1:18:H8VC6ADXX:2:2213:7352:58980	HG002_chr1.633402.634418|HISEQ1:18:H8VC6ADXX:2:2213:7352:58980	148	8770.0	8899.0	best_hit_to_mtDNA
T	C	T	8873	HG002_all_regions	HG002_chr1.633402.634418|HISEQ1:18:H8VC6ADXX:2:2213:7352:58980	HG002_chr1.633402.634418|HISEQ1:18:H8VC6ADXX:2:2213:7352:58980	148	8770.0	8899.0	best_hit_to_mtDNA
A	A	A	8874	HG002_all_regions	HG002_chr1.633402.634418|HISEQ1:18:H8VC6ADXX:2:2213:7352:58980	HG002_chr1.633402.634418|HISEQ1:18:H8VC6ADXX:2:2213:7352:58980	148	8770.0	8899.0	best_hit_to_mtDNA
T	T	T	8875	HG002_all_regions	HG002_chr1.633402.634418|HISEQ1:18:H8VC6ADXX:2:2213:7352:58980	HG002_chr1.633402.634418|HISEQ1:18:H8VC6ADXX:2:2213:7352:58980	148	8770.0	8899.0	best_hit_to_mtDNA
A	A	A	8876	HG002_all_regions	HG002_chr1.633402.634418|HISEQ1:18:H8VC6ADXX:2:2213:7352:58980	HG002_chr1.633402.634418|HISEQ1:18:H8VC6ADXX:2:2213:7352:58980	148	8770.0	8899.0	best_hit_to_mtDNA
G	G	G	8877	HG002_all_regions	HG002_chr1.633402.634418|HISEQ1:18:H8VC6ADXX:2:2213:7352:58980	HG002_chr1.633402.634418|HISEQ1:18:H8VC6ADXX:2:2213:7352:58980	148	8770.0	8899.0	best_hit_to_mtDNA
G	G	G	8878	HG002_all_regions	HG002_chr1.633402.634418|HISEQ1:18:H8VC6ADXX:2:2213:7352:58980	HG002_chr1.633402.634418|HISEQ1:18:H8VC6ADXX:2:2213:7352:58980	148	8770.0	8899.0	best_hit_to_mtDNA
C	C	C	8879	HG002_all_regions	HG002_chr1.633402.634418|HISEQ1:18:H8VC6ADXX:2:2213:7352:58980	HG002_chr1.633402.634418|HISEQ1:18:H8VC6ADXX:2:2213:7352:58980	148	8770.0	8899.0	best_hit_to_mtDNA
T	T	T	8880	HG002_all_regions	HG002_chr1.633402.634418|HISEQ1:18:H8VC6ADXX:2:2213:7352:58980	HG002_chr1.633402.634418|HISEQ1:18:H8VC6ADXX:2:2213:7352:58980	148	8770.0	8899.0	best_hit_to_mtDNA
T	T	T	8881	HG002_all_regions	HG002_chr1.633402.634418|HISEQ1:18:H8VC6ADXX:2:2213:7352:58980	HG002_chr1.633402.634418|HISEQ1:18:H8VC6ADXX:2:2213:7352:58980	148	8770.0	8899.0	best_hit_to_mtDNA
T	T	T	8882	HG002_all_regions	HG002_chr1.633402.634418|HISEQ1:18:H8VC6ADXX:2:2213:7352:58980	HG002_chr1.633402.634418|HISEQ1:18:H8VC6ADXX:2:2213:7352:58980	148	8770.0	8899.0	best_hit_to_mtDNA
C	C	C	8883	HG002_all_regions	HG002_chr1.633402.634418|HISEQ1:18:H8VC6ADXX:2:2213:7352:58980	HG002_chr1.633402.634418|HISEQ1:18:H8VC6ADXX:2:2213:7352:58980	148	8770.0	8899.0	best_hit_to_mtDNA
G	G	G	8884	HG002_all_regions	HG002_chr1.633402.634418|HISEQ1:18:H8VC6ADXX:2:2213:7352:58980	HG002_chr1.633402.634418|HISEQ1:18:H8VC6ADXX:2:2213:7352:58980	148	8770.0	8899.0	best_hit_to_mtDNA
C	C	C	8885	HG002_all_regions	HG002_chr1.633402.634418|HISEQ1:18:H8VC6ADXX:2:2213:7352:58980	HG002_chr1.633402.634418|HISEQ1:18:H8VC6ADXX:2:2213:7352:58980	148	8770.0	8899.0	best_hit_to_mtDNA
T	T	T	8886	HG002_all_regions	HG002_chr1.633402.634418|HISEQ1:18:H8VC6ADXX:2:2213:7352:58980	HG002_chr1.633402.634418|HISEQ1:18:H8VC6ADXX:2:2213:7352:58980	148	8770.0	8899.0	best_hit_to_mtDNA
C	T	C	8887	HG002_all_regions	HG002_chr1.633402.634418|HISEQ1:18:H8VC6ADXX:2:2213:7352:58980	HG002_chr1.633402.634418|HISEQ1:18:H8VC6ADXX:2:2213:7352:58980	148	8770.0	8899.0	best_hit_to_mtDNA
T	T	T	8888	HG002_all_regions	HG002_chr1.633402.634418|HISEQ1:18:H8VC6ADXX:2:2213:7352:58980	HG002_chr1.633402.634418|HISEQ1:18:H8VC6ADXX:2:2213:7352:58980	148	8770.0	8899.0	best_hit_to_mtDNA
A	A	A	8889	HG002_all_regions	HG002_chr1.633402.634418|HISEQ1:18:H8VC6ADXX:2:2213:7352:58980	HG002_chr1.633402.634418|HISEQ1:18:H8VC6ADXX:2:2213:7352:58980	148	8770.0	8899.0	best_hit_to_mtDNA
A	A	A	8890	HG002_all_regions	HG002_chr1.633402.634418|HISEQ1:18:H8VC6ADXX:2:2213:7352:58980	HG002_chr1.633402.634418|HISEQ1:18:H8VC6ADXX:2:2213:7352:58980	148	8770.0	8899.0	best_hit_to_mtDNA
G	G	G	8891	HG002_all_regions	HG002_chr1.633402.634418|HISEQ1:18:H8VC6ADXX:2:2213:7352:58980	HG002_chr1.633402.634418|HISEQ1:18:H8VC6ADXX:2:2213:7352:58980	148	8770.0	8899.0	best_hit_to_mtDNA
A	A	A	8892	HG002_all_regions	HG002_chr1.633402.634418|HISEQ1:18:H8VC6ADXX:2:2213:7352:58980	HG002_chr1.633402.634418|HISEQ1:18:H8VC6ADXX:2:2213:7352:58980	148	8770.0	8899.0	best_hit_to_mtDNA
T	C	T	8893	HG002_all_regions	HG002_chr1.633402.634418|HISEQ1:18:H8VC6ADXX:2:2213:7352:58980	HG002_chr1.633402.634418|HISEQ1:18:H8VC6ADXX:2:2213:7352:58980	148	8770.0	8899.0	best_hit_to_mtDNA
T	T	T	8894	HG002_all_regions	HG002_chr1.633402.634418|HISEQ1:18:H8VC6ADXX:2:2213:7352:58980	HG002_chr1.633402.634418|HISEQ1:18:H8VC6ADXX:2:2213:7352:58980	148	8770.0	8899.0	best_hit_to_mtDNA
A	A	A	8895	HG002_all_regions	HG002_chr1.633402.634418|HISEQ1:18:H8VC6ADXX:2:2213:7352:58980	HG002_chr1.633402.634418|HISEQ1:18:H8VC6ADXX:2:2213:7352:58980	148	8770.0	8899.0	best_hit_to_mtDNA
A	A	A	8896	HG002_all_regions	HG002_chr1.633402.634418|HISEQ1:18:H8VC6ADXX:2:2213:7352:58980	HG002_chr1.633402.634418|HISEQ1:18:H8VC6ADXX:2:2213:7352:58980	148	8770.0	8899.0	best_hit_to_mtDNA
A	A	A	8897	HG002_all_regions	HG002_chr1.633402.634418|HISEQ1:18:H8VC6ADXX:2:2213:7352:58980	HG002_chr1.633402.634418|HISEQ1:18:H8VC6ADXX:2:2213:7352:58980	148	8770.0	8899.0	best_hit_to_mtDNA
A	A	A	8898	HG002_all_regions	HG002_chr1.633402.634418|HISEQ1:18:H8VC6ADXX:2:2213:7352:58980	HG002_chr1.633402.634418|HISEQ1:18:H8VC6ADXX:2:2213:7352:58980	148	8770.0	8899.0	best_hit_to_mtDNA
T	T	T	8785	HG002_all_regions	HG002_chr1.633402.634418|HISEQ1:19:H8VDAADXX:2:1204:9997:98650	HG002_chr1.633402.634418|HISEQ1:19:H8VDAADXX:2:1204:9997:98650	148	8780.0	8895.0	best_hit_to_mtDNA
C	T	C	8786	HG002_all_regions	HG002_chr1.633402.634418|HISEQ1:19:H8VDAADXX:2:1204:9997:98650	HG002_chr1.633402.634418|HISEQ1:19:H8VDAADXX:2:1204:9997:98650	148	8780.0	8895.0	best_hit_to_mtDNA
G	G	G	8787	HG002_all_regions	HG002_chr1.633402.634418|HISEQ1:19:H8VDAADXX:2:1204:9997:98650	HG002_chr1.633402.634418|HISEQ1:19:H8VDAADXX:2:1204:9997:98650	148	8780.0	8895.0	best_hit_to_mtDNA
G	G	G	8788	HG002_all_regions	HG002_chr1.633402.634418|HISEQ1:19:H8VDAADXX:2:1204:9997:98650	HG002_chr1.633402.634418|HISEQ1:19:H8VDAADXX:2:1204:9997:98650	148	8780.0	8895.0	best_hit_to_mtDNA
A	G	A	8789	HG002_all_regions	HG002_chr1.633402.634418|HISEQ1:19:H8VDAADXX:2:1204:9997:98650	HG002_chr1.633402.634418|HISEQ1:19:H8VDAADXX:2:1204:9997:98650	148	8780.0	8895.0	best_hit_to_mtDNA
C	C	C	8790	HG002_all_regions	HG002_chr1.633402.634418|HISEQ1:19:H8VDAADXX:2:1204:9997:98650	HG002_chr1.633402.634418|HISEQ1:19:H8VDAADXX:2:1204:9997:98650	148	8780.0	8895.0	best_hit_to_mtDNA
T	T	T	8791	HG002_all_regions	HG002_chr1.633402.634418|HISEQ1:19:H8VDAADXX:2:1204:9997:98650	HG002_chr1.633402.634418|HISEQ1:19:H8VDAADXX:2:1204:9997:98650	148	8780.0	8895.0	best_hit_to_mtDNA
C	T	C	8792	HG002_all_regions	HG002_chr1.633402.634418|HISEQ1:19:H8VDAADXX:2:1204:9997:98650	HG002_chr1.633402.634418|HISEQ1:19:H8VDAADXX:2:1204:9997:98650	148	8780.0	8895.0	best_hit_to_mtDNA
C	C	C	8793	HG002_all_regions	HG002_chr1.633402.634418|HISEQ1:19:H8VDAADXX:2:1204:9997:98650	HG002_chr1.633402.634418|HISEQ1:19:H8VDAADXX:2:1204:9997:98650	148	8780.0	8895.0	best_hit_to_mtDNA
T	T	T	8794	HG002_all_regions	HG002_chr1.633402.634418|HISEQ1:19:H8VDAADXX:2:1204:9997:98650	HG002_chr1.633402.634418|HISEQ1:19:H8VDAADXX:2:1204:9997:98650	148	8780.0	8895.0	best_hit_to_mtDNA
G	A	G	8795	HG002_all_regions	HG002_chr1.633402.634418|HISEQ1:19:H8VDAADXX:2:1204:9997:98650	HG002_chr1.633402.634418|HISEQ1:19:H8VDAADXX:2:1204:9997:98650	148	8780.0	8895.0	best_hit_to_mtDNA
C	C	C	8796	HG002_all_regions	HG002_chr1.633402.634418|HISEQ1:19:H8VDAADXX:2:1204:9997:98650	HG002_chr1.633402.634418|HISEQ1:19:H8VDAADXX:2:1204:9997:98650	148	8780.0	8895.0	best_hit_to_mtDNA
C	C	C	8797	HG002_all_regions	HG002_chr1.633402.634418|HISEQ1:19:H8VDAADXX:2:1204:9997:98650	HG002_chr1.633402.634418|HISEQ1:19:H8VDAADXX:2:1204:9997:98650	148	8780.0	8895.0	best_hit_to_mtDNA
T	C	T	8798	HG002_all_regions	HG002_chr1.633402.634418|HISEQ1:19:H8VDAADXX:2:1204:9997:98650	HG002_chr1.633402.634418|HISEQ1:19:H8VDAADXX:2:1204:9997:98650	148	8780.0	8895.0	best_hit_to_mtDNA
C	C	C	8799	HG002_all_regions	HG002_chr1.633402.634418|HISEQ1:19:H8VDAADXX:2:1204:9997:98650	HG002_chr1.633402.634418|HISEQ1:19:H8VDAADXX:2:1204:9997:98650	148	8780.0	8895.0	best_hit_to_mtDNA
A	A	A	8800	HG002_all_regions	HG002_chr1.633402.634418|HISEQ1:19:H8VDAADXX:2:1204:9997:98650	HG002_chr1.633402.634418|HISEQ1:19:H8VDAADXX:2:1204:9997:98650	148	8780.0	8895.0	best_hit_to_mtDNA
C	C	C	8801	HG002_all_regions	HG002_chr1.633402.634418|HISEQ1:19:H8VDAADXX:2:1204:9997:98650	HG002_chr1.633402.634418|HISEQ1:19:H8VDAADXX:2:1204:9997:98650	148	8780.0	8895.0	best_hit_to_mtDNA
T	T	T	8802	HG002_all_regions	HG002_chr1.633402.634418|HISEQ1:19:H8VDAADXX:2:1204:9997:98650	HG002_chr1.633402.634418|HISEQ1:19:H8VDAADXX:2:1204:9997:98650	148	8780.0	8895.0	best_hit_to_mtDNA
C	C	C	8803	HG002_all_regions	HG002_chr1.633402.634418|HISEQ1:19:H8VDAADXX:2:1204:9997:98650	HG002_chr1.633402.634418|HISEQ1:19:H8VDAADXX:2:1204:9997:98650	148	8780.0	8895.0	best_hit_to_mtDNA
A	A	A	8804	HG002_all_regions	HG002_chr1.633402.634418|HISEQ1:19:H8VDAADXX:2:1204:9997:98650	HG002_chr1.633402.634418|HISEQ1:19:H8VDAADXX:2:1204:9997:98650	148	8780.0	8895.0	best_hit_to_mtDNA
T	T	T	8805	HG002_all_regions	HG002_chr1.633402.634418|HISEQ1:19:H8VDAADXX:2:1204:9997:98650	HG002_chr1.633402.634418|HISEQ1:19:H8VDAADXX:2:1204:9997:98650	148	8780.0	8895.0	best_hit_to_mtDNA
T	T	T	8806	HG002_all_regions	HG002_chr1.633402.634418|HISEQ1:19:H8VDAADXX:2:1204:9997:98650	HG002_chr1.633402.634418|HISEQ1:19:H8VDAADXX:2:1204:9997:98650	148	8780.0	8895.0	best_hit_to_mtDNA
T	C	T	8807	HG002_all_regions	HG002_chr1.633402.634418|HISEQ1:19:H8VDAADXX:2:1204:9997:98650	HG002_chr1.633402.634418|HISEQ1:19:H8VDAADXX:2:1204:9997:98650	148	8780.0	8895.0	best_hit_to_mtDNA
A	A	A	8808	HG002_all_regions	HG002_chr1.633402.634418|HISEQ1:19:H8VDAADXX:2:1204:9997:98650	HG002_chr1.633402.634418|HISEQ1:19:H8VDAADXX:2:1204:9997:98650	148	8780.0	8895.0	best_hit_to_mtDNA
C	C	C	8809	HG002_all_regions	HG002_chr1.633402.634418|HISEQ1:19:H8VDAADXX:2:1204:9997:98650	HG002_chr1.633402.634418|HISEQ1:19:H8VDAADXX:2:1204:9997:98650	148	8780.0	8895.0	best_hit_to_mtDNA
A	A	A	8810	HG002_all_regions	HG002_chr1.633402.634418|HISEQ1:19:H8VDAADXX:2:1204:9997:98650	HG002_chr1.633402.634418|HISEQ1:19:H8VDAADXX:2:1204:9997:98650	148	8780.0	8895.0	best_hit_to_mtDNA
C	C	C	8811	HG002_all_regions	HG002_chr1.633402.634418|HISEQ1:19:H8VDAADXX:2:1204:9997:98650	HG002_chr1.633402.634418|HISEQ1:19:H8VDAADXX:2:1204:9997:98650	148	8780.0	8895.0	best_hit_to_mtDNA
C	C	C	8812	HG002_all_regions	HG002_chr1.633402.634418|HISEQ1:19:H8VDAADXX:2:1204:9997:98650	HG002_chr1.633402.634418|HISEQ1:19:H8VDAADXX:2:1204:9997:98650	148	8780.0	8895.0	best_hit_to_mtDNA
A	A	A	8813	HG002_all_regions	HG002_chr1.633402.634418|HISEQ1:19:H8VDAADXX:2:1204:9997:98650	HG002_chr1.633402.634418|HISEQ1:19:H8VDAADXX:2:1204:9997:98650	148	8780.0	8895.0	best_hit_to_mtDNA
A	A	A	8814	HG002_all_regions	HG002_chr1.633402.634418|HISEQ1:19:H8VDAADXX:2:1204:9997:98650	HG002_chr1.633402.634418|HISEQ1:19:H8VDAADXX:2:1204:9997:98650	148	8780.0	8895.0	best_hit_to_mtDNA
C	C	C	8815	HG002_all_regions	HG002_chr1.633402.634418|HISEQ1:19:H8VDAADXX:2:1204:9997:98650	HG002_chr1.633402.634418|HISEQ1:19:H8VDAADXX:2:1204:9997:98650	148	8780.0	8895.0	best_hit_to_mtDNA
C	C	C	8816	HG002_all_regions	HG002_chr1.633402.634418|HISEQ1:19:H8VDAADXX:2:1204:9997:98650	HG002_chr1.633402.634418|HISEQ1:19:H8VDAADXX:2:1204:9997:98650	148	8780.0	8895.0	best_hit_to_mtDNA
A	A	A	8817	HG002_all_regions	HG002_chr1.633402.634418|HISEQ1:19:H8VDAADXX:2:1204:9997:98650	HG002_chr1.633402.634418|HISEQ1:19:H8VDAADXX:2:1204:9997:98650	148	8780.0	8895.0	best_hit_to_mtDNA
C	C	C	8818	HG002_all_regions	HG002_chr1.633402.634418|HISEQ1:19:H8VDAADXX:2:1204:9997:98650	HG002_chr1.633402.634418|HISEQ1:19:H8VDAADXX:2:1204:9997:98650	148	8780.0	8895.0	best_hit_to_mtDNA
C	C	C	8819	HG002_all_regions	HG002_chr1.633402.634418|HISEQ1:19:H8VDAADXX:2:1204:9997:98650	HG002_chr1.633402.634418|HISEQ1:19:H8VDAADXX:2:1204:9997:98650	148	8780.0	8895.0	best_hit_to_mtDNA
C	C	C	8820	HG002_all_regions	HG002_chr1.633402.634418|HISEQ1:19:H8VDAADXX:2:1204:9997:98650	HG002_chr1.633402.634418|HISEQ1:19:H8VDAADXX:2:1204:9997:98650	148	8780.0	8895.0	best_hit_to_mtDNA
A	A	A	8821	HG002_all_regions	HG002_chr1.633402.634418|HISEQ1:19:H8VDAADXX:2:1204:9997:98650	HG002_chr1.633402.634418|HISEQ1:19:H8VDAADXX:2:1204:9997:98650	148	8780.0	8895.0	best_hit_to_mtDNA
A	A	A	8822	HG002_all_regions	HG002_chr1.633402.634418|HISEQ1:19:H8VDAADXX:2:1204:9997:98650	HG002_chr1.633402.634418|HISEQ1:19:H8VDAADXX:2:1204:9997:98650	148	8780.0	8895.0	best_hit_to_mtDNA
C	C	C	8823	HG002_all_regions	HG002_chr1.633402.634418|HISEQ1:19:H8VDAADXX:2:1204:9997:98650	HG002_chr1.633402.634418|HISEQ1:19:H8VDAADXX:2:1204:9997:98650	148	8780.0	8895.0	best_hit_to_mtDNA
T	T	T	8824	HG002_all_regions	HG002_chr1.633402.634418|HISEQ1:19:H8VDAADXX:2:1204:9997:98650	HG002_chr1.633402.634418|HISEQ1:19:H8VDAADXX:2:1204:9997:98650	148	8780.0	8895.0	best_hit_to_mtDNA
A	A	A	8825	HG002_all_regions	HG002_chr1.633402.634418|HISEQ1:19:H8VDAADXX:2:1204:9997:98650	HG002_chr1.633402.634418|HISEQ1:19:H8VDAADXX:2:1204:9997:98650	148	8780.0	8895.0	best_hit_to_mtDNA
T	T	T	8826	HG002_all_regions	HG002_chr1.633402.634418|HISEQ1:19:H8VDAADXX:2:1204:9997:98650	HG002_chr1.633402.634418|HISEQ1:19:H8VDAADXX:2:1204:9997:98650	148	8780.0	8895.0	best_hit_to_mtDNA
C	C	C	8827	HG002_all_regions	HG002_chr1.633402.634418|HISEQ1:19:H8VDAADXX:2:1204:9997:98650	HG002_chr1.633402.634418|HISEQ1:19:H8VDAADXX:2:1204:9997:98650	148	8780.0	8895.0	best_hit_to_mtDNA
T	T	T	8828	HG002_all_regions	HG002_chr1.633402.634418|HISEQ1:19:H8VDAADXX:2:1204:9997:98650	HG002_chr1.633402.634418|HISEQ1:19:H8VDAADXX:2:1204:9997:98650	148	8780.0	8895.0	best_hit_to_mtDNA
A	A	A	8829	HG002_all_regions	HG002_chr1.633402.634418|HISEQ1:19:H8VDAADXX:2:1204:9997:98650	HG002_chr1.633402.634418|HISEQ1:19:H8VDAADXX:2:1204:9997:98650	148	8780.0	8895.0	best_hit_to_mtDNA
T	T	T	8830	HG002_all_regions	HG002_chr1.633402.634418|HISEQ1:19:H8VDAADXX:2:1204:9997:98650	HG002_chr1.633402.634418|HISEQ1:19:H8VDAADXX:2:1204:9997:98650	148	8780.0	8895.0	best_hit_to_mtDNA
A	A	A	8831	HG002_all_regions	HG002_chr1.633402.634418|HISEQ1:19:H8VDAADXX:2:1204:9997:98650	HG002_chr1.633402.634418|HISEQ1:19:H8VDAADXX:2:1204:9997:98650	148	8780.0	8895.0	best_hit_to_mtDNA
A	A	A	8832	HG002_all_regions	HG002_chr1.633402.634418|HISEQ1:19:H8VDAADXX:2:1204:9997:98650	HG002_chr1.633402.634418|HISEQ1:19:H8VDAADXX:2:1204:9997:98650	148	8780.0	8895.0	best_hit_to_mtDNA
A	A	A	8833	HG002_all_regions	HG002_chr1.633402.634418|HISEQ1:19:H8VDAADXX:2:1204:9997:98650	HG002_chr1.633402.634418|HISEQ1:19:H8VDAADXX:2:1204:9997:98650	148	8780.0	8895.0	best_hit_to_mtDNA
C	C	C	8834	HG002_all_regions	HG002_chr1.633402.634418|HISEQ1:19:H8VDAADXX:2:1204:9997:98650	HG002_chr1.633402.634418|HISEQ1:19:H8VDAADXX:2:1204:9997:98650	148	8780.0	8895.0	best_hit_to_mtDNA
C	C	C	8835	HG002_all_regions	HG002_chr1.633402.634418|HISEQ1:19:H8VDAADXX:2:1204:9997:98650	HG002_chr1.633402.634418|HISEQ1:19:H8VDAADXX:2:1204:9997:98650	148	8780.0	8895.0	best_hit_to_mtDNA
T	T	T	8836	HG002_all_regions	HG002_chr1.633402.634418|HISEQ1:19:H8VDAADXX:2:1204:9997:98650	HG002_chr1.633402.634418|HISEQ1:19:H8VDAADXX:2:1204:9997:98650	148	8780.0	8895.0	best_hit_to_mtDNA
A	A	A	8837	HG002_all_regions	HG002_chr1.633402.634418|HISEQ1:19:H8VDAADXX:2:1204:9997:98650	HG002_chr1.633402.634418|HISEQ1:19:H8VDAADXX:2:1204:9997:98650	148	8780.0	8895.0	best_hit_to_mtDNA
G	G	G	8838	HG002_all_regions	HG002_chr1.633402.634418|HISEQ1:19:H8VDAADXX:2:1204:9997:98650	HG002_chr1.633402.634418|HISEQ1:19:H8VDAADXX:2:1204:9997:98650	148	8780.0	8895.0	best_hit_to_mtDNA
C	C	C	8839	HG002_all_regions	HG002_chr1.633402.634418|HISEQ1:19:H8VDAADXX:2:1204:9997:98650	HG002_chr1.633402.634418|HISEQ1:19:H8VDAADXX:2:1204:9997:98650	148	8780.0	8895.0	best_hit_to_mtDNA
C	C	C	8840	HG002_all_regions	HG002_chr1.633402.634418|HISEQ1:19:H8VDAADXX:2:1204:9997:98650	HG002_chr1.633402.634418|HISEQ1:19:H8VDAADXX:2:1204:9997:98650	148	8780.0	8895.0	best_hit_to_mtDNA
A	A	A	8841	HG002_all_regions	HG002_chr1.633402.634418|HISEQ1:19:H8VDAADXX:2:1204:9997:98650	HG002_chr1.633402.634418|HISEQ1:19:H8VDAADXX:2:1204:9997:98650	148	8780.0	8895.0	best_hit_to_mtDNA
T	T	T	8842	HG002_all_regions	HG002_chr1.633402.634418|HISEQ1:19:H8VDAADXX:2:1204:9997:98650	HG002_chr1.633402.634418|HISEQ1:19:H8VDAADXX:2:1204:9997:98650	148	8780.0	8895.0	best_hit_to_mtDNA
G	G	G	8843	HG002_all_regions	HG002_chr1.633402.634418|HISEQ1:19:H8VDAADXX:2:1204:9997:98650	HG002_chr1.633402.634418|HISEQ1:19:H8VDAADXX:2:1204:9997:98650	148	8780.0	8895.0	best_hit_to_mtDNA
G	G	G	8844	HG002_all_regions	HG002_chr1.633402.634418|HISEQ1:19:H8VDAADXX:2:1204:9997:98650	HG002_chr1.633402.634418|HISEQ1:19:H8VDAADXX:2:1204:9997:98650	148	8780.0	8895.0	best_hit_to_mtDNA
C	C	C	8845	HG002_all_regions	HG002_chr1.633402.634418|HISEQ1:19:H8VDAADXX:2:1204:9997:98650	HG002_chr1.633402.634418|HISEQ1:19:H8VDAADXX:2:1204:9997:98650	148	8780.0	8895.0	best_hit_to_mtDNA
C	T	C	8846	HG002_all_regions	HG002_chr1.633402.634418|HISEQ1:19:H8VDAADXX:2:1204:9997:98650	HG002_chr1.633402.634418|HISEQ1:19:H8VDAADXX:2:1204:9997:98650	148	8780.0	8895.0	best_hit_to_mtDNA
A	A	A	8847	HG002_all_regions	HG002_chr1.633402.634418|HISEQ1:19:H8VDAADXX:2:1204:9997:98650	HG002_chr1.633402.634418|HISEQ1:19:H8VDAADXX:2:1204:9997:98650	148	8780.0	8895.0	best_hit_to_mtDNA
T	T	T	8848	HG002_all_regions	HG002_chr1.633402.634418|HISEQ1:19:H8VDAADXX:2:1204:9997:98650	HG002_chr1.633402.634418|HISEQ1:19:H8VDAADXX:2:1204:9997:98650	148	8780.0	8895.0	best_hit_to_mtDNA
C	C	C	8849	HG002_all_regions	HG002_chr1.633402.634418|HISEQ1:19:H8VDAADXX:2:1204:9997:98650	HG002_chr1.633402.634418|HISEQ1:19:H8VDAADXX:2:1204:9997:98650	148	8780.0	8895.0	best_hit_to_mtDNA
C	C	C	8850	HG002_all_regions	HG002_chr1.633402.634418|HISEQ1:19:H8VDAADXX:2:1204:9997:98650	HG002_chr1.633402.634418|HISEQ1:19:H8VDAADXX:2:1204:9997:98650	148	8780.0	8895.0	best_hit_to_mtDNA
C	C	C	8851	HG002_all_regions	HG002_chr1.633402.634418|HISEQ1:19:H8VDAADXX:2:1204:9997:98650	HG002_chr1.633402.634418|HISEQ1:19:H8VDAADXX:2:1204:9997:98650	148	8780.0	8895.0	best_hit_to_mtDNA
C	C	C	8852	HG002_all_regions	HG002_chr1.633402.634418|HISEQ1:19:H8VDAADXX:2:1204:9997:98650	HG002_chr1.633402.634418|HISEQ1:19:H8VDAADXX:2:1204:9997:98650	148	8780.0	8895.0	best_hit_to_mtDNA
T	C	T	8853	HG002_all_regions	HG002_chr1.633402.634418|HISEQ1:19:H8VDAADXX:2:1204:9997:98650	HG002_chr1.633402.634418|HISEQ1:19:H8VDAADXX:2:1204:9997:98650	148	8780.0	8895.0	best_hit_to_mtDNA
T	T	T	8854	HG002_all_regions	HG002_chr1.633402.634418|HISEQ1:19:H8VDAADXX:2:1204:9997:98650	HG002_chr1.633402.634418|HISEQ1:19:H8VDAADXX:2:1204:9997:98650	148	8780.0	8895.0	best_hit_to_mtDNA
A	A	A	8855	HG002_all_regions	HG002_chr1.633402.634418|HISEQ1:19:H8VDAADXX:2:1204:9997:98650	HG002_chr1.633402.634418|HISEQ1:19:H8VDAADXX:2:1204:9997:98650	148	8780.0	8895.0	best_hit_to_mtDNA
T	T	T	8856	HG002_all_regions	HG002_chr1.633402.634418|HISEQ1:19:H8VDAADXX:2:1204:9997:98650	HG002_chr1.633402.634418|HISEQ1:19:H8VDAADXX:2:1204:9997:98650	148	8780.0	8895.0	best_hit_to_mtDNA
G	G	G	8857	HG002_all_regions	HG002_chr1.633402.634418|HISEQ1:19:H8VDAADXX:2:1204:9997:98650	HG002_chr1.633402.634418|HISEQ1:19:H8VDAADXX:2:1204:9997:98650	148	8780.0	8895.0	best_hit_to_mtDNA
A	A	A	8858	HG002_all_regions	HG002_chr1.633402.634418|HISEQ1:19:H8VDAADXX:2:1204:9997:98650	HG002_chr1.633402.634418|HISEQ1:19:H8VDAADXX:2:1204:9997:98650	148	8780.0	8895.0	best_hit_to_mtDNA
G	G	G	8859	HG002_all_regions	HG002_chr1.633402.634418|HISEQ1:19:H8VDAADXX:2:1204:9997:98650	HG002_chr1.633402.634418|HISEQ1:19:H8VDAADXX:2:1204:9997:98650	148	8780.0	8895.0	best_hit_to_mtDNA
C	C	C	8860	HG002_all_regions	HG002_chr1.633402.634418|HISEQ1:19:H8VDAADXX:2:1204:9997:98650	HG002_chr1.633402.634418|HISEQ1:19:H8VDAADXX:2:1204:9997:98650	148	8780.0	8895.0	best_hit_to_mtDNA
G	A	G	8861	HG002_all_regions	HG002_chr1.633402.634418|HISEQ1:19:H8VDAADXX:2:1204:9997:98650	HG002_chr1.633402.634418|HISEQ1:19:H8VDAADXX:2:1204:9997:98650	148	8780.0	8895.0	best_hit_to_mtDNA
G	G	G	8862	HG002_all_regions	HG002_chr1.633402.634418|HISEQ1:19:H8VDAADXX:2:1204:9997:98650	HG002_chr1.633402.634418|HISEQ1:19:H8VDAADXX:2:1204:9997:98650	148	8780.0	8895.0	best_hit_to_mtDNA
G	G	G	8863	HG002_all_regions	HG002_chr1.633402.634418|HISEQ1:19:H8VDAADXX:2:1204:9997:98650	HG002_chr1.633402.634418|HISEQ1:19:H8VDAADXX:2:1204:9997:98650	148	8780.0	8895.0	best_hit_to_mtDNA
C	C	C	8864	HG002_all_regions	HG002_chr1.633402.634418|HISEQ1:19:H8VDAADXX:2:1204:9997:98650	HG002_chr1.633402.634418|HISEQ1:19:H8VDAADXX:2:1204:9997:98650	148	8780.0	8895.0	best_hit_to_mtDNA
A	G	G	8865	HG002_all_regions	HG002_chr1.633402.634418|HISEQ1:19:H8VDAADXX:2:1204:9997:98650	HG002_chr1.633402.634418|HISEQ1:19:H8VDAADXX:2:1204:9997:98650	148	8780.0	8895.0	best_hit_to_mtDNA
C	C	C	8866	HG002_all_regions	HG002_chr1.633402.634418|HISEQ1:19:H8VDAADXX:2:1204:9997:98650	HG002_chr1.633402.634418|HISEQ1:19:H8VDAADXX:2:1204:9997:98650	148	8780.0	8895.0	best_hit_to_mtDNA
A	A	A	8867	HG002_all_regions	HG002_chr1.633402.634418|HISEQ1:19:H8VDAADXX:2:1204:9997:98650	HG002_chr1.633402.634418|HISEQ1:19:H8VDAADXX:2:1204:9997:98650	148	8780.0	8895.0	best_hit_to_mtDNA
G	G	G	8868	HG002_all_regions	HG002_chr1.633402.634418|HISEQ1:19:H8VDAADXX:2:1204:9997:98650	HG002_chr1.633402.634418|HISEQ1:19:H8VDAADXX:2:1204:9997:98650	148	8780.0	8895.0	best_hit_to_mtDNA
T	T	T	8869	HG002_all_regions	HG002_chr1.633402.634418|HISEQ1:19:H8VDAADXX:2:1204:9997:98650	HG002_chr1.633402.634418|HISEQ1:19:H8VDAADXX:2:1204:9997:98650	148	8780.0	8895.0	best_hit_to_mtDNA
G	A	G	8870	HG002_all_regions	HG002_chr1.633402.634418|HISEQ1:19:H8VDAADXX:2:1204:9997:98650	HG002_chr1.633402.634418|HISEQ1:19:H8VDAADXX:2:1204:9997:98650	148	8780.0	8895.0	best_hit_to_mtDNA
A	G	A	8871	HG002_all_regions	HG002_chr1.633402.634418|HISEQ1:19:H8VDAADXX:2:1204:9997:98650	HG002_chr1.633402.634418|HISEQ1:19:H8VDAADXX:2:1204:9997:98650	148	8780.0	8895.0	best_hit_to_mtDNA
T	T	T	8872	HG002_all_regions	HG002_chr1.633402.634418|HISEQ1:19:H8VDAADXX:2:1204:9997:98650	HG002_chr1.633402.634418|HISEQ1:19:H8VDAADXX:2:1204:9997:98650	148	8780.0	8895.0	best_hit_to_mtDNA
T	C	T	8873	HG002_all_regions	HG002_chr1.633402.634418|HISEQ1:19:H8VDAADXX:2:1204:9997:98650	HG002_chr1.633402.634418|HISEQ1:19:H8VDAADXX:2:1204:9997:98650	148	8780.0	8895.0	best_hit_to_mtDNA
A	A	A	8874	HG002_all_regions	HG002_chr1.633402.634418|HISEQ1:19:H8VDAADXX:2:1204:9997:98650	HG002_chr1.633402.634418|HISEQ1:19:H8VDAADXX:2:1204:9997:98650	148	8780.0	8895.0	best_hit_to_mtDNA
T	T	T	8875	HG002_all_regions	HG002_chr1.633402.634418|HISEQ1:19:H8VDAADXX:2:1204:9997:98650	HG002_chr1.633402.634418|HISEQ1:19:H8VDAADXX:2:1204:9997:98650	148	8780.0	8895.0	best_hit_to_mtDNA
A	A	A	8876	HG002_all_regions	HG002_chr1.633402.634418|HISEQ1:19:H8VDAADXX:2:1204:9997:98650	HG002_chr1.633402.634418|HISEQ1:19:H8VDAADXX:2:1204:9997:98650	148	8780.0	8895.0	best_hit_to_mtDNA
G	G	G	8877	HG002_all_regions	HG002_chr1.633402.634418|HISEQ1:19:H8VDAADXX:2:1204:9997:98650	HG002_chr1.633402.634418|HISEQ1:19:H8VDAADXX:2:1204:9997:98650	148	8780.0	8895.0	best_hit_to_mtDNA
G	G	G	8878	HG002_all_regions	HG002_chr1.633402.634418|HISEQ1:19:H8VDAADXX:2:1204:9997:98650	HG002_chr1.633402.634418|HISEQ1:19:H8VDAADXX:2:1204:9997:98650	148	8780.0	8895.0	best_hit_to_mtDNA
C	C	C	8879	HG002_all_regions	HG002_chr1.633402.634418|HISEQ1:19:H8VDAADXX:2:1204:9997:98650	HG002_chr1.633402.634418|HISEQ1:19:H8VDAADXX:2:1204:9997:98650	148	8780.0	8895.0	best_hit_to_mtDNA
T	T	T	8880	HG002_all_regions	HG002_chr1.633402.634418|HISEQ1:19:H8VDAADXX:2:1204:9997:98650	HG002_chr1.633402.634418|HISEQ1:19:H8VDAADXX:2:1204:9997:98650	148	8780.0	8895.0	best_hit_to_mtDNA
T	T	T	8881	HG002_all_regions	HG002_chr1.633402.634418|HISEQ1:19:H8VDAADXX:2:1204:9997:98650	HG002_chr1.633402.634418|HISEQ1:19:H8VDAADXX:2:1204:9997:98650	148	8780.0	8895.0	best_hit_to_mtDNA
T	T	T	8882	HG002_all_regions	HG002_chr1.633402.634418|HISEQ1:19:H8VDAADXX:2:1204:9997:98650	HG002_chr1.633402.634418|HISEQ1:19:H8VDAADXX:2:1204:9997:98650	148	8780.0	8895.0	best_hit_to_mtDNA
C	C	C	8883	HG002_all_regions	HG002_chr1.633402.634418|HISEQ1:19:H8VDAADXX:2:1204:9997:98650	HG002_chr1.633402.634418|HISEQ1:19:H8VDAADXX:2:1204:9997:98650	148	8780.0	8895.0	best_hit_to_mtDNA
G	G	G	8884	HG002_all_regions	HG002_chr1.633402.634418|HISEQ1:19:H8VDAADXX:2:1204:9997:98650	HG002_chr1.633402.634418|HISEQ1:19:H8VDAADXX:2:1204:9997:98650	148	8780.0	8895.0	best_hit_to_mtDNA
C	C	C	8885	HG002_all_regions	HG002_chr1.633402.634418|HISEQ1:19:H8VDAADXX:2:1204:9997:98650	HG002_chr1.633402.634418|HISEQ1:19:H8VDAADXX:2:1204:9997:98650	148	8780.0	8895.0	best_hit_to_mtDNA
T	T	T	8886	HG002_all_regions	HG002_chr1.633402.634418|HISEQ1:19:H8VDAADXX:2:1204:9997:98650	HG002_chr1.633402.634418|HISEQ1:19:H8VDAADXX:2:1204:9997:98650	148	8780.0	8895.0	best_hit_to_mtDNA
C	T	C	8887	HG002_all_regions	HG002_chr1.633402.634418|HISEQ1:19:H8VDAADXX:2:1204:9997:98650	HG002_chr1.633402.634418|HISEQ1:19:H8VDAADXX:2:1204:9997:98650	148	8780.0	8895.0	best_hit_to_mtDNA
T	T	T	8888	HG002_all_regions	HG002_chr1.633402.634418|HISEQ1:19:H8VDAADXX:2:1204:9997:98650	HG002_chr1.633402.634418|HISEQ1:19:H8VDAADXX:2:1204:9997:98650	148	8780.0	8895.0	best_hit_to_mtDNA
A	A	A	8889	HG002_all_regions	HG002_chr1.633402.634418|HISEQ1:19:H8VDAADXX:2:1204:9997:98650	HG002_chr1.633402.634418|HISEQ1:19:H8VDAADXX:2:1204:9997:98650	148	8780.0	8895.0	best_hit_to_mtDNA
A	A	A	8890	HG002_all_regions	HG002_chr1.633402.634418|HISEQ1:19:H8VDAADXX:2:1204:9997:98650	HG002_chr1.633402.634418|HISEQ1:19:H8VDAADXX:2:1204:9997:98650	148	8780.0	8895.0	best_hit_to_mtDNA
G	G	G	8891	HG002_all_regions	HG002_chr1.633402.634418|HISEQ1:19:H8VDAADXX:2:1204:9997:98650	HG002_chr1.633402.634418|HISEQ1:19:H8VDAADXX:2:1204:9997:98650	148	8780.0	8895.0	best_hit_to_mtDNA
A	A	A	8892	HG002_all_regions	HG002_chr1.633402.634418|HISEQ1:19:H8VDAADXX:2:1204:9997:98650	HG002_chr1.633402.634418|HISEQ1:19:H8VDAADXX:2:1204:9997:98650	148	8780.0	8895.0	best_hit_to_mtDNA
T	C	T	8893	HG002_all_regions	HG002_chr1.633402.634418|HISEQ1:19:H8VDAADXX:2:1204:9997:98650	HG002_chr1.633402.634418|HISEQ1:19:H8VDAADXX:2:1204:9997:98650	148	8780.0	8895.0	best_hit_to_mtDNA
T	T	T	8894	HG002_all_regions	HG002_chr1.633402.634418|HISEQ1:19:H8VDAADXX:2:1204:9997:98650	HG002_chr1.633402.634418|HISEQ1:19:H8VDAADXX:2:1204:9997:98650	148	8780.0	8895.0	best_hit_to_mtDNA
C	C	-	8781	HG002_all_regions	HG002_chr1.633402.634418|HISEQ1:19:H8VDAADXX:2:1204:9997:98650	HG002_chr1.633402.634418|HISEQ1:19:H8VDAADXX:2:1204:9997:98650	15143	8780.0	8895.0	best_hit_to_mtDNA
T	T	-	8782	HG002_all_regions	HG002_chr1.633402.634418|HISEQ1:19:H8VDAADXX:2:1204:9997:98650	HG002_chr1.633402.634418|HISEQ1:19:H8VDAADXX:2:1204:9997:98650	15143	8780.0	8895.0	best_hit_to_mtDNA
C	T	-	8783	HG002_all_regions	HG002_chr1.633402.634418|HISEQ1:19:H8VDAADXX:2:1204:9997:98650	HG002_chr1.633402.634418|HISEQ1:19:H8VDAADXX:2:1204:9997:98650	15143	8780.0	8895.0	best_hit_to_mtDNA
C	C	-	8784	HG002_all_regions	HG002_chr1.633402.634418|HISEQ1:19:H8VDAADXX:2:1204:9997:98650	HG002_chr1.633402.634418|HISEQ1:19:H8VDAADXX:2:1204:9997:98650	15143	8780.0	8895.0	best_hit_to_mtDNA
T	T	-	8785	HG002_all_regions	HG002_chr1.633402.634418|HISEQ1:19:H8VDAADXX:2:1204:9997:98650	HG002_chr1.633402.634418|HISEQ1:19:H8VDAADXX:2:1204:9997:98650	15143	8780.0	8895.0	best_hit_to_mtDNA
C	T	-	8786	HG002_all_regions	HG002_chr1.633402.634418|HISEQ1:19:H8VDAADXX:2:1204:9997:98650	HG002_chr1.633402.634418|HISEQ1:19:H8VDAADXX:2:1204:9997:98650	15143	8780.0	8895.0	best_hit_to_mtDNA
G	G	-	8787	HG002_all_regions	HG002_chr1.633402.634418|HISEQ1:19:H8VDAADXX:2:1204:9997:98650	HG002_chr1.633402.634418|HISEQ1:19:H8VDAADXX:2:1204:9997:98650	15143	8780.0	8895.0	best_hit_to_mtDNA
G	G	-	8788	HG002_all_regions	HG002_chr1.633402.634418|HISEQ1:19:H8VDAADXX:2:1204:9997:98650	HG002_chr1.633402.634418|HISEQ1:19:H8VDAADXX:2:1204:9997:98650	15143	8780.0	8895.0	best_hit_to_mtDNA
A	G	-	8789	HG002_all_regions	HG002_chr1.633402.634418|HISEQ1:19:H8VDAADXX:2:1204:9997:98650	HG002_chr1.633402.634418|HISEQ1:19:H8VDAADXX:2:1204:9997:98650	15143	8780.0	8895.0	best_hit_to_mtDNA
C	C	-	8790	HG002_all_regions	HG002_chr1.633402.634418|HISEQ1:19:H8VDAADXX:2:1204:9997:98650	HG002_chr1.633402.634418|HISEQ1:19:H8VDAADXX:2:1204:9997:98650	15143	8780.0	8895.0	best_hit_to_mtDNA
T	T	-	8791	HG002_all_regions	HG002_chr1.633402.634418|HISEQ1:19:H8VDAADXX:2:1204:9997:98650	HG002_chr1.633402.634418|HISEQ1:19:H8VDAADXX:2:1204:9997:98650	15143	8780.0	8895.0	best_hit_to_mtDNA
C	T	-	8792	HG002_all_regions	HG002_chr1.633402.634418|HISEQ1:19:H8VDAADXX:2:1204:9997:98650	HG002_chr1.633402.634418|HISEQ1:19:H8VDAADXX:2:1204:9997:98650	15143	8780.0	8895.0	best_hit_to_mtDNA
C	C	-	8793	HG002_all_regions	HG002_chr1.633402.634418|HISEQ1:19:H8VDAADXX:2:1204:9997:98650	HG002_chr1.633402.634418|HISEQ1:19:H8VDAADXX:2:1204:9997:98650	15143	8780.0	8895.0	best_hit_to_mtDNA
T	T	-	8794	HG002_all_regions	HG002_chr1.633402.634418|HISEQ1:19:H8VDAADXX:2:1204:9997:98650	HG002_chr1.633402.634418|HISEQ1:19:H8VDAADXX:2:1204:9997:98650	15143	8780.0	8895.0	best_hit_to_mtDNA
G	A	-	8795	HG002_all_regions	HG002_chr1.633402.634418|HISEQ1:19:H8VDAADXX:2:1204:9997:98650	HG002_chr1.633402.634418|HISEQ1:19:H8VDAADXX:2:1204:9997:98650	15143	8780.0	8895.0	best_hit_to_mtDNA
C	C	-	8796	HG002_all_regions	HG002_chr1.633402.634418|HISEQ1:19:H8VDAADXX:2:1204:9997:98650	HG002_chr1.633402.634418|HISEQ1:19:H8VDAADXX:2:1204:9997:98650	15143	8780.0	8895.0	best_hit_to_mtDNA
C	C	-	8797	HG002_all_regions	HG002_chr1.633402.634418|HISEQ1:19:H8VDAADXX:2:1204:9997:98650	HG002_chr1.633402.634418|HISEQ1:19:H8VDAADXX:2:1204:9997:98650	15143	8780.0	8895.0	best_hit_to_mtDNA
T	C	-	8798	HG002_all_regions	HG002_chr1.633402.634418|HISEQ1:19:H8VDAADXX:2:1204:9997:98650	HG002_chr1.633402.634418|HISEQ1:19:H8VDAADXX:2:1204:9997:98650	15143	8780.0	8895.0	best_hit_to_mtDNA
C	C	-	8799	HG002_all_regions	HG002_chr1.633402.634418|HISEQ1:19:H8VDAADXX:2:1204:9997:98650	HG002_chr1.633402.634418|HISEQ1:19:H8VDAADXX:2:1204:9997:98650	15143	8780.0	8895.0	best_hit_to_mtDNA
A	A	-	8800	HG002_all_regions	HG002_chr1.633402.634418|HISEQ1:19:H8VDAADXX:2:1204:9997:98650	HG002_chr1.633402.634418|HISEQ1:19:H8VDAADXX:2:1204:9997:98650	15143	8780.0	8895.0	best_hit_to_mtDNA
C	C	-	8801	HG002_all_regions	HG002_chr1.633402.634418|HISEQ1:19:H8VDAADXX:2:1204:9997:98650	HG002_chr1.633402.634418|HISEQ1:19:H8VDAADXX:2:1204:9997:98650	15143	8780.0	8895.0	best_hit_to_mtDNA
T	T	-	8802	HG002_all_regions	HG002_chr1.633402.634418|HISEQ1:19:H8VDAADXX:2:1204:9997:98650	HG002_chr1.633402.634418|HISEQ1:19:H8VDAADXX:2:1204:9997:98650	15143	8780.0	8895.0	best_hit_to_mtDNA
C	C	-	8803	HG002_all_regions	HG002_chr1.633402.634418|HISEQ1:19:H8VDAADXX:2:1204:9997:98650	HG002_chr1.633402.634418|HISEQ1:19:H8VDAADXX:2:1204:9997:98650	15143	8780.0	8895.0	best_hit_to_mtDNA
A	A	-	8804	HG002_all_regions	HG002_chr1.633402.634418|HISEQ1:19:H8VDAADXX:2:1204:9997:98650	HG002_chr1.633402.634418|HISEQ1:19:H8VDAADXX:2:1204:9997:98650	15143	8780.0	8895.0	best_hit_to_mtDNA
T	T	-	8805	HG002_all_regions	HG002_chr1.633402.634418|HISEQ1:19:H8VDAADXX:2:1204:9997:98650	HG002_chr1.633402.634418|HISEQ1:19:H8VDAADXX:2:1204:9997:98650	15143	8780.0	8895.0	best_hit_to_mtDNA
T	T	-	8806	HG002_all_regions	HG002_chr1.633402.634418|HISEQ1:19:H8VDAADXX:2:1204:9997:98650	HG002_chr1.633402.634418|HISEQ1:19:H8VDAADXX:2:1204:9997:98650	15143	8780.0	8895.0	best_hit_to_mtDNA
T	C	-	8807	HG002_all_regions	HG002_chr1.633402.634418|HISEQ1:19:H8VDAADXX:2:1204:9997:98650	HG002_chr1.633402.634418|HISEQ1:19:H8VDAADXX:2:1204:9997:98650	15143	8780.0	8895.0	best_hit_to_mtDNA
A	A	-	8808	HG002_all_regions	HG002_chr1.633402.634418|HISEQ1:19:H8VDAADXX:2:1204:9997:98650	HG002_chr1.633402.634418|HISEQ1:19:H8VDAADXX:2:1204:9997:98650	15143	8780.0	8895.0	best_hit_to_mtDNA
C	C	-	8809	HG002_all_regions	HG002_chr1.633402.634418|HISEQ1:19:H8VDAADXX:2:1204:9997:98650	HG002_chr1.633402.634418|HISEQ1:19:H8VDAADXX:2:1204:9997:98650	15143	8780.0	8895.0	best_hit_to_mtDNA
A	A	-	8810	HG002_all_regions	HG002_chr1.633402.634418|HISEQ1:19:H8VDAADXX:2:1204:9997:98650	HG002_chr1.633402.634418|HISEQ1:19:H8VDAADXX:2:1204:9997:98650	15143	8780.0	8895.0	best_hit_to_mtDNA
C	C	-	8811	HG002_all_regions	HG002_chr1.633402.634418|HISEQ1:19:H8VDAADXX:2:1204:9997:98650	HG002_chr1.633402.634418|HISEQ1:19:H8VDAADXX:2:1204:9997:98650	15143	8780.0	8895.0	best_hit_to_mtDNA
C	C	-	8812	HG002_all_regions	HG002_chr1.633402.634418|HISEQ1:19:H8VDAADXX:2:1204:9997:98650	HG002_chr1.633402.634418|HISEQ1:19:H8VDAADXX:2:1204:9997:98650	15143	8780.0	8895.0	best_hit_to_mtDNA
A	A	-	8813	HG002_all_regions	HG002_chr1.633402.634418|HISEQ1:19:H8VDAADXX:2:1204:9997:98650	HG002_chr1.633402.634418|HISEQ1:19:H8VDAADXX:2:1204:9997:98650	15143	8780.0	8895.0	best_hit_to_mtDNA
A	A	-	8814	HG002_all_regions	HG002_chr1.633402.634418|HISEQ1:19:H8VDAADXX:2:1204:9997:98650	HG002_chr1.633402.634418|HISEQ1:19:H8VDAADXX:2:1204:9997:98650	15143	8780.0	8895.0	best_hit_to_mtDNA
C	C	-	8815	HG002_all_regions	HG002_chr1.633402.634418|HISEQ1:19:H8VDAADXX:2:1204:9997:98650	HG002_chr1.633402.634418|HISEQ1:19:H8VDAADXX:2:1204:9997:98650	15143	8780.0	8895.0	best_hit_to_mtDNA
C	C	-	8816	HG002_all_regions	HG002_chr1.633402.634418|HISEQ1:19:H8VDAADXX:2:1204:9997:98650	HG002_chr1.633402.634418|HISEQ1:19:H8VDAADXX:2:1204:9997:98650	15143	8780.0	8895.0	best_hit_to_mtDNA
A	A	-	8817	HG002_all_regions	HG002_chr1.633402.634418|HISEQ1:19:H8VDAADXX:2:1204:9997:98650	HG002_chr1.633402.634418|HISEQ1:19:H8VDAADXX:2:1204:9997:98650	15143	8780.0	8895.0	best_hit_to_mtDNA
C	C	-	8818	HG002_all_regions	HG002_chr1.633402.634418|HISEQ1:19:H8VDAADXX:2:1204:9997:98650	HG002_chr1.633402.634418|HISEQ1:19:H8VDAADXX:2:1204:9997:98650	15143	8780.0	8895.0	best_hit_to_mtDNA
C	C	-	8819	HG002_all_regions	HG002_chr1.633402.634418|HISEQ1:19:H8VDAADXX:2:1204:9997:98650	HG002_chr1.633402.634418|HISEQ1:19:H8VDAADXX:2:1204:9997:98650	15143	8780.0	8895.0	best_hit_to_mtDNA
C	C	-	8820	HG002_all_regions	HG002_chr1.633402.634418|HISEQ1:19:H8VDAADXX:2:1204:9997:98650	HG002_chr1.633402.634418|HISEQ1:19:H8VDAADXX:2:1204:9997:98650	15143	8780.0	8895.0	best_hit_to_mtDNA
A	A	-	8821	HG002_all_regions	HG002_chr1.633402.634418|HISEQ1:19:H8VDAADXX:2:1204:9997:98650	HG002_chr1.633402.634418|HISEQ1:19:H8VDAADXX:2:1204:9997:98650	15143	8780.0	8895.0	best_hit_to_mtDNA
A	A	-	8822	HG002_all_regions	HG002_chr1.633402.634418|HISEQ1:19:H8VDAADXX:2:1204:9997:98650	HG002_chr1.633402.634418|HISEQ1:19:H8VDAADXX:2:1204:9997:98650	15143	8780.0	8895.0	best_hit_to_mtDNA
C	C	-	8823	HG002_all_regions	HG002_chr1.633402.634418|HISEQ1:19:H8VDAADXX:2:1204:9997:98650	HG002_chr1.633402.634418|HISEQ1:19:H8VDAADXX:2:1204:9997:98650	15143	8780.0	8895.0	best_hit_to_mtDNA
T	T	-	8824	HG002_all_regions	HG002_chr1.633402.634418|HISEQ1:19:H8VDAADXX:2:1204:9997:98650	HG002_chr1.633402.634418|HISEQ1:19:H8VDAADXX:2:1204:9997:98650	15143	8780.0	8895.0	best_hit_to_mtDNA
A	A	-	8825	HG002_all_regions	HG002_chr1.633402.634418|HISEQ1:19:H8VDAADXX:2:1204:9997:98650	HG002_chr1.633402.634418|HISEQ1:19:H8VDAADXX:2:1204:9997:98650	15143	8780.0	8895.0	best_hit_to_mtDNA
T	T	-	8826	HG002_all_regions	HG002_chr1.633402.634418|HISEQ1:19:H8VDAADXX:2:1204:9997:98650	HG002_chr1.633402.634418|HISEQ1:19:H8VDAADXX:2:1204:9997:98650	15143	8780.0	8895.0	best_hit_to_mtDNA
C	C	-	8827	HG002_all_regions	HG002_chr1.633402.634418|HISEQ1:19:H8VDAADXX:2:1204:9997:98650	HG002_chr1.633402.634418|HISEQ1:19:H8VDAADXX:2:1204:9997:98650	15143	8780.0	8895.0	best_hit_to_mtDNA
T	T	-	8828	HG002_all_regions	HG002_chr1.633402.634418|HISEQ1:19:H8VDAADXX:2:1204:9997:98650	HG002_chr1.633402.634418|HISEQ1:19:H8VDAADXX:2:1204:9997:98650	15143	8780.0	8895.0	best_hit_to_mtDNA
A	A	-	8829	HG002_all_regions	HG002_chr1.633402.634418|HISEQ1:19:H8VDAADXX:2:1204:9997:98650	HG002_chr1.633402.634418|HISEQ1:19:H8VDAADXX:2:1204:9997:98650	15143	8780.0	8895.0	best_hit_to_mtDNA
T	T	-	8830	HG002_all_regions	HG002_chr1.633402.634418|HISEQ1:19:H8VDAADXX:2:1204:9997:98650	HG002_chr1.633402.634418|HISEQ1:19:H8VDAADXX:2:1204:9997:98650	15143	8780.0	8895.0	best_hit_to_mtDNA
A	A	-	8831	HG002_all_regions	HG002_chr1.633402.634418|HISEQ1:19:H8VDAADXX:2:1204:9997:98650	HG002_chr1.633402.634418|HISEQ1:19:H8VDAADXX:2:1204:9997:98650	15143	8780.0	8895.0	best_hit_to_mtDNA
A	A	-	8832	HG002_all_regions	HG002_chr1.633402.634418|HISEQ1:19:H8VDAADXX:2:1204:9997:98650	HG002_chr1.633402.634418|HISEQ1:19:H8VDAADXX:2:1204:9997:98650	15143	8780.0	8895.0	best_hit_to_mtDNA
A	A	-	8833	HG002_all_regions	HG002_chr1.633402.634418|HISEQ1:19:H8VDAADXX:2:1204:9997:98650	HG002_chr1.633402.634418|HISEQ1:19:H8VDAADXX:2:1204:9997:98650	15143	8780.0	8895.0	best_hit_to_mtDNA
C	C	-	8834	HG002_all_regions	HG002_chr1.633402.634418|HISEQ1:19:H8VDAADXX:2:1204:9997:98650	HG002_chr1.633402.634418|HISEQ1:19:H8VDAADXX:2:1204:9997:98650	15143	8780.0	8895.0	best_hit_to_mtDNA
C	C	-	8835	HG002_all_regions	HG002_chr1.633402.634418|HISEQ1:19:H8VDAADXX:2:1204:9997:98650	HG002_chr1.633402.634418|HISEQ1:19:H8VDAADXX:2:1204:9997:98650	15143	8780.0	8895.0	best_hit_to_mtDNA
T	T	-	8836	HG002_all_regions	HG002_chr1.633402.634418|HISEQ1:19:H8VDAADXX:2:1204:9997:98650	HG002_chr1.633402.634418|HISEQ1:19:H8VDAADXX:2:1204:9997:98650	15143	8780.0	8895.0	best_hit_to_mtDNA
A	A	-	8837	HG002_all_regions	HG002_chr1.633402.634418|HISEQ1:19:H8VDAADXX:2:1204:9997:98650	HG002_chr1.633402.634418|HISEQ1:19:H8VDAADXX:2:1204:9997:98650	15143	8780.0	8895.0	best_hit_to_mtDNA
G	G	-	8838	HG002_all_regions	HG002_chr1.633402.634418|HISEQ1:19:H8VDAADXX:2:1204:9997:98650	HG002_chr1.633402.634418|HISEQ1:19:H8VDAADXX:2:1204:9997:98650	15143	8780.0	8895.0	best_hit_to_mtDNA
C	C	-	8839	HG002_all_regions	HG002_chr1.633402.634418|HISEQ1:19:H8VDAADXX:2:1204:9997:98650	HG002_chr1.633402.634418|HISEQ1:19:H8VDAADXX:2:1204:9997:98650	15143	8780.0	8895.0	best_hit_to_mtDNA
C	C	-	8840	HG002_all_regions	HG002_chr1.633402.634418|HISEQ1:19:H8VDAADXX:2:1204:9997:98650	HG002_chr1.633402.634418|HISEQ1:19:H8VDAADXX:2:1204:9997:98650	15143	8780.0	8895.0	best_hit_to_mtDNA
A	A	-	8841	HG002_all_regions	HG002_chr1.633402.634418|HISEQ1:19:H8VDAADXX:2:1204:9997:98650	HG002_chr1.633402.634418|HISEQ1:19:H8VDAADXX:2:1204:9997:98650	15143	8780.0	8895.0	best_hit_to_mtDNA
T	T	-	8842	HG002_all_regions	HG002_chr1.633402.634418|HISEQ1:19:H8VDAADXX:2:1204:9997:98650	HG002_chr1.633402.634418|HISEQ1:19:H8VDAADXX:2:1204:9997:98650	15143	8780.0	8895.0	best_hit_to_mtDNA
G	G	-	8843	HG002_all_regions	HG002_chr1.633402.634418|HISEQ1:19:H8VDAADXX:2:1204:9997:98650	HG002_chr1.633402.634418|HISEQ1:19:H8VDAADXX:2:1204:9997:98650	15143	8780.0	8895.0	best_hit_to_mtDNA
G	G	-	8844	HG002_all_regions	HG002_chr1.633402.634418|HISEQ1:19:H8VDAADXX:2:1204:9997:98650	HG002_chr1.633402.634418|HISEQ1:19:H8VDAADXX:2:1204:9997:98650	15143	8780.0	8895.0	best_hit_to_mtDNA
C	C	-	8845	HG002_all_regions	HG002_chr1.633402.634418|HISEQ1:19:H8VDAADXX:2:1204:9997:98650	HG002_chr1.633402.634418|HISEQ1:19:H8VDAADXX:2:1204:9997:98650	15143	8780.0	8895.0	best_hit_to_mtDNA
C	T	-	8846	HG002_all_regions	HG002_chr1.633402.634418|HISEQ1:19:H8VDAADXX:2:1204:9997:98650	HG002_chr1.633402.634418|HISEQ1:19:H8VDAADXX:2:1204:9997:98650	15143	8780.0	8895.0	best_hit_to_mtDNA
A	A	-	8847	HG002_all_regions	HG002_chr1.633402.634418|HISEQ1:19:H8VDAADXX:2:1204:9997:98650	HG002_chr1.633402.634418|HISEQ1:19:H8VDAADXX:2:1204:9997:98650	15143	8780.0	8895.0	best_hit_to_mtDNA
T	T	-	8848	HG002_all_regions	HG002_chr1.633402.634418|HISEQ1:19:H8VDAADXX:2:1204:9997:98650	HG002_chr1.633402.634418|HISEQ1:19:H8VDAADXX:2:1204:9997:98650	15143	8780.0	8895.0	best_hit_to_mtDNA
C	C	-	8849	HG002_all_regions	HG002_chr1.633402.634418|HISEQ1:19:H8VDAADXX:2:1204:9997:98650	HG002_chr1.633402.634418|HISEQ1:19:H8VDAADXX:2:1204:9997:98650	15143	8780.0	8895.0	best_hit_to_mtDNA
C	C	-	8850	HG002_all_regions	HG002_chr1.633402.634418|HISEQ1:19:H8VDAADXX:2:1204:9997:98650	HG002_chr1.633402.634418|HISEQ1:19:H8VDAADXX:2:1204:9997:98650	15143	8780.0	8895.0	best_hit_to_mtDNA
C	C	-	8851	HG002_all_regions	HG002_chr1.633402.634418|HISEQ1:19:H8VDAADXX:2:1204:9997:98650	HG002_chr1.633402.634418|HISEQ1:19:H8VDAADXX:2:1204:9997:98650	15143	8780.0	8895.0	best_hit_to_mtDNA
C	C	-	8852	HG002_all_regions	HG002_chr1.633402.634418|HISEQ1:19:H8VDAADXX:2:1204:9997:98650	HG002_chr1.633402.634418|HISEQ1:19:H8VDAADXX:2:1204:9997:98650	15143	8780.0	8895.0	best_hit_to_mtDNA
T	C	-	8853	HG002_all_regions	HG002_chr1.633402.634418|HISEQ1:19:H8VDAADXX:2:1204:9997:98650	HG002_chr1.633402.634418|HISEQ1:19:H8VDAADXX:2:1204:9997:98650	15143	8780.0	8895.0	best_hit_to_mtDNA
T	T	-	8854	HG002_all_regions	HG002_chr1.633402.634418|HISEQ1:19:H8VDAADXX:2:1204:9997:98650	HG002_chr1.633402.634418|HISEQ1:19:H8VDAADXX:2:1204:9997:98650	15143	8780.0	8895.0	best_hit_to_mtDNA
A	A	-	8855	HG002_all_regions	HG002_chr1.633402.634418|HISEQ1:19:H8VDAADXX:2:1204:9997:98650	HG002_chr1.633402.634418|HISEQ1:19:H8VDAADXX:2:1204:9997:98650	15143	8780.0	8895.0	best_hit_to_mtDNA
T	T	-	8856	HG002_all_regions	HG002_chr1.633402.634418|HISEQ1:19:H8VDAADXX:2:1204:9997:98650	HG002_chr1.633402.634418|HISEQ1:19:H8VDAADXX:2:1204:9997:98650	15143	8780.0	8895.0	best_hit_to_mtDNA
G	G	-	8857	HG002_all_regions	HG002_chr1.633402.634418|HISEQ1:19:H8VDAADXX:2:1204:9997:98650	HG002_chr1.633402.634418|HISEQ1:19:H8VDAADXX:2:1204:9997:98650	15143	8780.0	8895.0	best_hit_to_mtDNA
A	A	-	8858	HG002_all_regions	HG002_chr1.633402.634418|HISEQ1:19:H8VDAADXX:2:1204:9997:98650	HG002_chr1.633402.634418|HISEQ1:19:H8VDAADXX:2:1204:9997:98650	15143	8780.0	8895.0	best_hit_to_mtDNA
G	G	-	8859	HG002_all_regions	HG002_chr1.633402.634418|HISEQ1:19:H8VDAADXX:2:1204:9997:98650	HG002_chr1.633402.634418|HISEQ1:19:H8VDAADXX:2:1204:9997:98650	15143	8780.0	8895.0	best_hit_to_mtDNA
C	C	-	8860	HG002_all_regions	HG002_chr1.633402.634418|HISEQ1:19:H8VDAADXX:2:1204:9997:98650	HG002_chr1.633402.634418|HISEQ1:19:H8VDAADXX:2:1204:9997:98650	15143	8780.0	8895.0	best_hit_to_mtDNA
G	A	-	8861	HG002_all_regions	HG002_chr1.633402.634418|HISEQ1:19:H8VDAADXX:2:1204:9997:98650	HG002_chr1.633402.634418|HISEQ1:19:H8VDAADXX:2:1204:9997:98650	15143	8780.0	8895.0	best_hit_to_mtDNA
G	G	-	8862	HG002_all_regions	HG002_chr1.633402.634418|HISEQ1:19:H8VDAADXX:2:1204:9997:98650	HG002_chr1.633402.634418|HISEQ1:19:H8VDAADXX:2:1204:9997:98650	15143	8780.0	8895.0	best_hit_to_mtDNA
G	G	-	8863	HG002_all_regions	HG002_chr1.633402.634418|HISEQ1:19:H8VDAADXX:2:1204:9997:98650	HG002_chr1.633402.634418|HISEQ1:19:H8VDAADXX:2:1204:9997:98650	15143	8780.0	8895.0	best_hit_to_mtDNA
C	C	-	8864	HG002_all_regions	HG002_chr1.633402.634418|HISEQ1:19:H8VDAADXX:2:1204:9997:98650	HG002_chr1.633402.634418|HISEQ1:19:H8VDAADXX:2:1204:9997:98650	15143	8780.0	8895.0	best_hit_to_mtDNA
A	G	-	8865	HG002_all_regions	HG002_chr1.633402.634418|HISEQ1:19:H8VDAADXX:2:1204:9997:98650	HG002_chr1.633402.634418|HISEQ1:19:H8VDAADXX:2:1204:9997:98650	15143	8780.0	8895.0	best_hit_to_mtDNA
C	C	-	8866	HG002_all_regions	HG002_chr1.633402.634418|HISEQ1:19:H8VDAADXX:2:1204:9997:98650	HG002_chr1.633402.634418|HISEQ1:19:H8VDAADXX:2:1204:9997:98650	15143	8780.0	8895.0	best_hit_to_mtDNA
A	A	-	8867	HG002_all_regions	HG002_chr1.633402.634418|HISEQ1:19:H8VDAADXX:2:1204:9997:98650	HG002_chr1.633402.634418|HISEQ1:19:H8VDAADXX:2:1204:9997:98650	15143	8780.0	8895.0	best_hit_to_mtDNA
G	G	-	8868	HG002_all_regions	HG002_chr1.633402.634418|HISEQ1:19:H8VDAADXX:2:1204:9997:98650	HG002_chr1.633402.634418|HISEQ1:19:H8VDAADXX:2:1204:9997:98650	15143	8780.0	8895.0	best_hit_to_mtDNA
T	T	-	8869	HG002_all_regions	HG002_chr1.633402.634418|HISEQ1:19:H8VDAADXX:2:1204:9997:98650	HG002_chr1.633402.634418|HISEQ1:19:H8VDAADXX:2:1204:9997:98650	15143	8780.0	8895.0	best_hit_to_mtDNA
G	A	-	8870	HG002_all_regions	HG002_chr1.633402.634418|HISEQ1:19:H8VDAADXX:2:1204:9997:98650	HG002_chr1.633402.634418|HISEQ1:19:H8VDAADXX:2:1204:9997:98650	15143	8780.0	8895.0	best_hit_to_mtDNA
A	G	-	8871	HG002_all_regions	HG002_chr1.633402.634418|HISEQ1:19:H8VDAADXX:2:1204:9997:98650	HG002_chr1.633402.634418|HISEQ1:19:H8VDAADXX:2:1204:9997:98650	15143	8780.0	8895.0	best_hit_to_mtDNA
T	T	-	8872	HG002_all_regions	HG002_chr1.633402.634418|HISEQ1:19:H8VDAADXX:2:1204:9997:98650	HG002_chr1.633402.634418|HISEQ1:19:H8VDAADXX:2:1204:9997:98650	15143	8780.0	8895.0	best_hit_to_mtDNA
T	C	-	8873	HG002_all_regions	HG002_chr1.633402.634418|HISEQ1:19:H8VDAADXX:2:1204:9997:98650	HG002_chr1.633402.634418|HISEQ1:19:H8VDAADXX:2:1204:9997:98650	15143	8780.0	8895.0	best_hit_to_mtDNA
A	A	-	8874	HG002_all_regions	HG002_chr1.633402.634418|HISEQ1:19:H8VDAADXX:2:1204:9997:98650	HG002_chr1.633402.634418|HISEQ1:19:H8VDAADXX:2:1204:9997:98650	15143	8780.0	8895.0	best_hit_to_mtDNA
T	T	-	8875	HG002_all_regions	HG002_chr1.633402.634418|HISEQ1:19:H8VDAADXX:2:1204:9997:98650	HG002_chr1.633402.634418|HISEQ1:19:H8VDAADXX:2:1204:9997:98650	15143	8780.0	8895.0	best_hit_to_mtDNA
A	A	-	8876	HG002_all_regions	HG002_chr1.633402.634418|HISEQ1:19:H8VDAADXX:2:1204:9997:98650	HG002_chr1.633402.634418|HISEQ1:19:H8VDAADXX:2:1204:9997:98650	15143	8780.0	8895.0	best_hit_to_mtDNA
G	G	-	8877	HG002_all_regions	HG002_chr1.633402.634418|HISEQ1:19:H8VDAADXX:2:1204:9997:98650	HG002_chr1.633402.634418|HISEQ1:19:H8VDAADXX:2:1204:9997:98650	15143	8780.0	8895.0	best_hit_to_mtDNA
G	G	-	8878	HG002_all_regions	HG002_chr1.633402.634418|HISEQ1:19:H8VDAADXX:2:1204:9997:98650	HG002_chr1.633402.634418|HISEQ1:19:H8VDAADXX:2:1204:9997:98650	15143	8780.0	8895.0	best_hit_to_mtDNA
C	C	-	8879	HG002_all_regions	HG002_chr1.633402.634418|HISEQ1:19:H8VDAADXX:2:1204:9997:98650	HG002_chr1.633402.634418|HISEQ1:19:H8VDAADXX:2:1204:9997:98650	15143	8780.0	8895.0	best_hit_to_mtDNA
T	T	-	8880	HG002_all_regions	HG002_chr1.633402.634418|HISEQ1:19:H8VDAADXX:2:1204:9997:98650	HG002_chr1.633402.634418|HISEQ1:19:H8VDAADXX:2:1204:9997:98650	15143	8780.0	8895.0	best_hit_to_mtDNA
T	T	-	8881	HG002_all_regions	HG002_chr1.633402.634418|HISEQ1:19:H8VDAADXX:2:1204:9997:98650	HG002_chr1.633402.634418|HISEQ1:19:H8VDAADXX:2:1204:9997:98650	15143	8780.0	8895.0	best_hit_to_mtDNA
T	T	-	8882	HG002_all_regions	HG002_chr1.633402.634418|HISEQ1:19:H8VDAADXX:2:1204:9997:98650	HG002_chr1.633402.634418|HISEQ1:19:H8VDAADXX:2:1204:9997:98650	15143	8780.0	8895.0	best_hit_to_mtDNA
C	C	-	8883	HG002_all_regions	HG002_chr1.633402.634418|HISEQ1:19:H8VDAADXX:2:1204:9997:98650	HG002_chr1.633402.634418|HISEQ1:19:H8VDAADXX:2:1204:9997:98650	15143	8780.0	8895.0	best_hit_to_mtDNA
G	G	-	8884	HG002_all_regions	HG002_chr1.633402.634418|HISEQ1:19:H8VDAADXX:2:1204:9997:98650	HG002_chr1.633402.634418|HISEQ1:19:H8VDAADXX:2:1204:9997:98650	15143	8780.0	8895.0	best_hit_to_mtDNA
C	C	-	8885	HG002_all_regions	HG002_chr1.633402.634418|HISEQ1:19:H8VDAADXX:2:1204:9997:98650	HG002_chr1.633402.634418|HISEQ1:19:H8VDAADXX:2:1204:9997:98650	15143	8780.0	8895.0	best_hit_to_mtDNA
T	T	-	8886	HG002_all_regions	HG002_chr1.633402.634418|HISEQ1:19:H8VDAADXX:2:1204:9997:98650	HG002_chr1.633402.634418|HISEQ1:19:H8VDAADXX:2:1204:9997:98650	15143	8780.0	8895.0	best_hit_to_mtDNA
C	T	-	8887	HG002_all_regions	HG002_chr1.633402.634418|HISEQ1:19:H8VDAADXX:2:1204:9997:98650	HG002_chr1.633402.634418|HISEQ1:19:H8VDAADXX:2:1204:9997:98650	15143	8780.0	8895.0	best_hit_to_mtDNA
T	T	-	8888	HG002_all_regions	HG002_chr1.633402.634418|HISEQ1:19:H8VDAADXX:2:1204:9997:98650	HG002_chr1.633402.634418|HISEQ1:19:H8VDAADXX:2:1204:9997:98650	15143	8780.0	8895.0	best_hit_to_mtDNA
A	A	-	8889	HG002_all_regions	HG002_chr1.633402.634418|HISEQ1:19:H8VDAADXX:2:1204:9997:98650	HG002_chr1.633402.634418|HISEQ1:19:H8VDAADXX:2:1204:9997:98650	15143	8780.0	8895.0	best_hit_to_mtDNA
A	A	-	8890	HG002_all_regions	HG002_chr1.633402.634418|HISEQ1:19:H8VDAADXX:2:1204:9997:98650	HG002_chr1.633402.634418|HISEQ1:19:H8VDAADXX:2:1204:9997:98650	15143	8780.0	8895.0	best_hit_to_mtDNA
G	G	-	8891	HG002_all_regions	HG002_chr1.633402.634418|HISEQ1:19:H8VDAADXX:2:1204:9997:98650	HG002_chr1.633402.634418|HISEQ1:19:H8VDAADXX:2:1204:9997:98650	15143	8780.0	8895.0	best_hit_to_mtDNA
A	A	-	8892	HG002_all_regions	HG002_chr1.633402.634418|HISEQ1:19:H8VDAADXX:2:1204:9997:98650	HG002_chr1.633402.634418|HISEQ1:19:H8VDAADXX:2:1204:9997:98650	15143	8780.0	8895.0	best_hit_to_mtDNA
T	C	-	8893	HG002_all_regions	HG002_chr1.633402.634418|HISEQ1:19:H8VDAADXX:2:1204:9997:98650	HG002_chr1.633402.634418|HISEQ1:19:H8VDAADXX:2:1204:9997:98650	15143	8780.0	8895.0	best_hit_to_mtDNA
T	T	-	8894	HG002_all_regions	HG002_chr1.633402.634418|HISEQ1:19:H8VDAADXX:2:1204:9997:98650	HG002_chr1.633402.634418|HISEQ1:19:H8VDAADXX:2:1204:9997:98650	15143	8780.0	8895.0	best_hit_to_mtDNA
G	G	G	8788	HG002_all_regions	HG002_chr1.633402.634418|HISEQ1:18:H8VC6ADXX:2:1105:12218:22473	HG002_chr1.633402.634418|HISEQ1:18:H8VC6ADXX:2:1105:12218:22473	148	8783.0	8913.0	best_hit_to_mtDNA
A	G	A	8789	HG002_all_regions	HG002_chr1.633402.634418|HISEQ1:18:H8VC6ADXX:2:1105:12218:22473	HG002_chr1.633402.634418|HISEQ1:18:H8VC6ADXX:2:1105:12218:22473	148	8783.0	8913.0	best_hit_to_mtDNA
C	C	C	8790	HG002_all_regions	HG002_chr1.633402.634418|HISEQ1:18:H8VC6ADXX:2:1105:12218:22473	HG002_chr1.633402.634418|HISEQ1:18:H8VC6ADXX:2:1105:12218:22473	148	8783.0	8913.0	best_hit_to_mtDNA
T	T	T	8791	HG002_all_regions	HG002_chr1.633402.634418|HISEQ1:18:H8VC6ADXX:2:1105:12218:22473	HG002_chr1.633402.634418|HISEQ1:18:H8VC6ADXX:2:1105:12218:22473	148	8783.0	8913.0	best_hit_to_mtDNA
C	T	C	8792	HG002_all_regions	HG002_chr1.633402.634418|HISEQ1:18:H8VC6ADXX:2:1105:12218:22473	HG002_chr1.633402.634418|HISEQ1:18:H8VC6ADXX:2:1105:12218:22473	148	8783.0	8913.0	best_hit_to_mtDNA
C	C	C	8793	HG002_all_regions	HG002_chr1.633402.634418|HISEQ1:18:H8VC6ADXX:2:1105:12218:22473	HG002_chr1.633402.634418|HISEQ1:18:H8VC6ADXX:2:1105:12218:22473	148	8783.0	8913.0	best_hit_to_mtDNA
T	T	T	8794	HG002_all_regions	HG002_chr1.633402.634418|HISEQ1:18:H8VC6ADXX:2:1105:12218:22473	HG002_chr1.633402.634418|HISEQ1:18:H8VC6ADXX:2:1105:12218:22473	148	8783.0	8913.0	best_hit_to_mtDNA
G	A	G	8795	HG002_all_regions	HG002_chr1.633402.634418|HISEQ1:18:H8VC6ADXX:2:1105:12218:22473	HG002_chr1.633402.634418|HISEQ1:18:H8VC6ADXX:2:1105:12218:22473	148	8783.0	8913.0	best_hit_to_mtDNA
C	C	C	8796	HG002_all_regions	HG002_chr1.633402.634418|HISEQ1:18:H8VC6ADXX:2:1105:12218:22473	HG002_chr1.633402.634418|HISEQ1:18:H8VC6ADXX:2:1105:12218:22473	148	8783.0	8913.0	best_hit_to_mtDNA
C	C	C	8797	HG002_all_regions	HG002_chr1.633402.634418|HISEQ1:18:H8VC6ADXX:2:1105:12218:22473	HG002_chr1.633402.634418|HISEQ1:18:H8VC6ADXX:2:1105:12218:22473	148	8783.0	8913.0	best_hit_to_mtDNA
T	C	T	8798	HG002_all_regions	HG002_chr1.633402.634418|HISEQ1:18:H8VC6ADXX:2:1105:12218:22473	HG002_chr1.633402.634418|HISEQ1:18:H8VC6ADXX:2:1105:12218:22473	148	8783.0	8913.0	best_hit_to_mtDNA
C	C	C	8799	HG002_all_regions	HG002_chr1.633402.634418|HISEQ1:18:H8VC6ADXX:2:1105:12218:22473	HG002_chr1.633402.634418|HISEQ1:18:H8VC6ADXX:2:1105:12218:22473	148	8783.0	8913.0	best_hit_to_mtDNA
A	A	A	8800	HG002_all_regions	HG002_chr1.633402.634418|HISEQ1:18:H8VC6ADXX:2:1105:12218:22473	HG002_chr1.633402.634418|HISEQ1:18:H8VC6ADXX:2:1105:12218:22473	148	8783.0	8913.0	best_hit_to_mtDNA
C	C	C	8801	HG002_all_regions	HG002_chr1.633402.634418|HISEQ1:18:H8VC6ADXX:2:1105:12218:22473	HG002_chr1.633402.634418|HISEQ1:18:H8VC6ADXX:2:1105:12218:22473	148	8783.0	8913.0	best_hit_to_mtDNA
T	T	T	8802	HG002_all_regions	HG002_chr1.633402.634418|HISEQ1:18:H8VC6ADXX:2:1105:12218:22473	HG002_chr1.633402.634418|HISEQ1:18:H8VC6ADXX:2:1105:12218:22473	148	8783.0	8913.0	best_hit_to_mtDNA
C	C	C	8803	HG002_all_regions	HG002_chr1.633402.634418|HISEQ1:18:H8VC6ADXX:2:1105:12218:22473	HG002_chr1.633402.634418|HISEQ1:18:H8VC6ADXX:2:1105:12218:22473	148	8783.0	8913.0	best_hit_to_mtDNA
A	A	A	8804	HG002_all_regions	HG002_chr1.633402.634418|HISEQ1:18:H8VC6ADXX:2:1105:12218:22473	HG002_chr1.633402.634418|HISEQ1:18:H8VC6ADXX:2:1105:12218:22473	148	8783.0	8913.0	best_hit_to_mtDNA
T	T	T	8805	HG002_all_regions	HG002_chr1.633402.634418|HISEQ1:18:H8VC6ADXX:2:1105:12218:22473	HG002_chr1.633402.634418|HISEQ1:18:H8VC6ADXX:2:1105:12218:22473	148	8783.0	8913.0	best_hit_to_mtDNA
T	T	T	8806	HG002_all_regions	HG002_chr1.633402.634418|HISEQ1:18:H8VC6ADXX:2:1105:12218:22473	HG002_chr1.633402.634418|HISEQ1:18:H8VC6ADXX:2:1105:12218:22473	148	8783.0	8913.0	best_hit_to_mtDNA
T	C	T	8807	HG002_all_regions	HG002_chr1.633402.634418|HISEQ1:18:H8VC6ADXX:2:1105:12218:22473	HG002_chr1.633402.634418|HISEQ1:18:H8VC6ADXX:2:1105:12218:22473	148	8783.0	8913.0	best_hit_to_mtDNA
A	A	A	8808	HG002_all_regions	HG002_chr1.633402.634418|HISEQ1:18:H8VC6ADXX:2:1105:12218:22473	HG002_chr1.633402.634418|HISEQ1:18:H8VC6ADXX:2:1105:12218:22473	148	8783.0	8913.0	best_hit_to_mtDNA
C	C	C	8809	HG002_all_regions	HG002_chr1.633402.634418|HISEQ1:18:H8VC6ADXX:2:1105:12218:22473	HG002_chr1.633402.634418|HISEQ1:18:H8VC6ADXX:2:1105:12218:22473	148	8783.0	8913.0	best_hit_to_mtDNA
A	A	A	8810	HG002_all_regions	HG002_chr1.633402.634418|HISEQ1:18:H8VC6ADXX:2:1105:12218:22473	HG002_chr1.633402.634418|HISEQ1:18:H8VC6ADXX:2:1105:12218:22473	148	8783.0	8913.0	best_hit_to_mtDNA
C	C	C	8811	HG002_all_regions	HG002_chr1.633402.634418|HISEQ1:18:H8VC6ADXX:2:1105:12218:22473	HG002_chr1.633402.634418|HISEQ1:18:H8VC6ADXX:2:1105:12218:22473	148	8783.0	8913.0	best_hit_to_mtDNA
C	C	C	8812	HG002_all_regions	HG002_chr1.633402.634418|HISEQ1:18:H8VC6ADXX:2:1105:12218:22473	HG002_chr1.633402.634418|HISEQ1:18:H8VC6ADXX:2:1105:12218:22473	148	8783.0	8913.0	best_hit_to_mtDNA
A	A	A	8813	HG002_all_regions	HG002_chr1.633402.634418|HISEQ1:18:H8VC6ADXX:2:1105:12218:22473	HG002_chr1.633402.634418|HISEQ1:18:H8VC6ADXX:2:1105:12218:22473	148	8783.0	8913.0	best_hit_to_mtDNA
A	A	A	8814	HG002_all_regions	HG002_chr1.633402.634418|HISEQ1:18:H8VC6ADXX:2:1105:12218:22473	HG002_chr1.633402.634418|HISEQ1:18:H8VC6ADXX:2:1105:12218:22473	148	8783.0	8913.0	best_hit_to_mtDNA
C	C	C	8815	HG002_all_regions	HG002_chr1.633402.634418|HISEQ1:18:H8VC6ADXX:2:1105:12218:22473	HG002_chr1.633402.634418|HISEQ1:18:H8VC6ADXX:2:1105:12218:22473	148	8783.0	8913.0	best_hit_to_mtDNA
C	C	C	8816	HG002_all_regions	HG002_chr1.633402.634418|HISEQ1:18:H8VC6ADXX:2:1105:12218:22473	HG002_chr1.633402.634418|HISEQ1:18:H8VC6ADXX:2:1105:12218:22473	148	8783.0	8913.0	best_hit_to_mtDNA
A	A	A	8817	HG002_all_regions	HG002_chr1.633402.634418|HISEQ1:18:H8VC6ADXX:2:1105:12218:22473	HG002_chr1.633402.634418|HISEQ1:18:H8VC6ADXX:2:1105:12218:22473	148	8783.0	8913.0	best_hit_to_mtDNA
C	C	C	8818	HG002_all_regions	HG002_chr1.633402.634418|HISEQ1:18:H8VC6ADXX:2:1105:12218:22473	HG002_chr1.633402.634418|HISEQ1:18:H8VC6ADXX:2:1105:12218:22473	148	8783.0	8913.0	best_hit_to_mtDNA
C	C	C	8819	HG002_all_regions	HG002_chr1.633402.634418|HISEQ1:18:H8VC6ADXX:2:1105:12218:22473	HG002_chr1.633402.634418|HISEQ1:18:H8VC6ADXX:2:1105:12218:22473	148	8783.0	8913.0	best_hit_to_mtDNA
C	C	C	8820	HG002_all_regions	HG002_chr1.633402.634418|HISEQ1:18:H8VC6ADXX:2:1105:12218:22473	HG002_chr1.633402.634418|HISEQ1:18:H8VC6ADXX:2:1105:12218:22473	148	8783.0	8913.0	best_hit_to_mtDNA
A	A	A	8821	HG002_all_regions	HG002_chr1.633402.634418|HISEQ1:18:H8VC6ADXX:2:1105:12218:22473	HG002_chr1.633402.634418|HISEQ1:18:H8VC6ADXX:2:1105:12218:22473	148	8783.0	8913.0	best_hit_to_mtDNA
A	A	A	8822	HG002_all_regions	HG002_chr1.633402.634418|HISEQ1:18:H8VC6ADXX:2:1105:12218:22473	HG002_chr1.633402.634418|HISEQ1:18:H8VC6ADXX:2:1105:12218:22473	148	8783.0	8913.0	best_hit_to_mtDNA
C	C	C	8823	HG002_all_regions	HG002_chr1.633402.634418|HISEQ1:18:H8VC6ADXX:2:1105:12218:22473	HG002_chr1.633402.634418|HISEQ1:18:H8VC6ADXX:2:1105:12218:22473	148	8783.0	8913.0	best_hit_to_mtDNA
T	T	T	8824	HG002_all_regions	HG002_chr1.633402.634418|HISEQ1:18:H8VC6ADXX:2:1105:12218:22473	HG002_chr1.633402.634418|HISEQ1:18:H8VC6ADXX:2:1105:12218:22473	148	8783.0	8913.0	best_hit_to_mtDNA
A	A	A	8825	HG002_all_regions	HG002_chr1.633402.634418|HISEQ1:18:H8VC6ADXX:2:1105:12218:22473	HG002_chr1.633402.634418|HISEQ1:18:H8VC6ADXX:2:1105:12218:22473	148	8783.0	8913.0	best_hit_to_mtDNA
T	T	T	8826	HG002_all_regions	HG002_chr1.633402.634418|HISEQ1:18:H8VC6ADXX:2:1105:12218:22473	HG002_chr1.633402.634418|HISEQ1:18:H8VC6ADXX:2:1105:12218:22473	148	8783.0	8913.0	best_hit_to_mtDNA
C	C	C	8827	HG002_all_regions	HG002_chr1.633402.634418|HISEQ1:18:H8VC6ADXX:2:1105:12218:22473	HG002_chr1.633402.634418|HISEQ1:18:H8VC6ADXX:2:1105:12218:22473	148	8783.0	8913.0	best_hit_to_mtDNA
T	T	T	8828	HG002_all_regions	HG002_chr1.633402.634418|HISEQ1:18:H8VC6ADXX:2:1105:12218:22473	HG002_chr1.633402.634418|HISEQ1:18:H8VC6ADXX:2:1105:12218:22473	148	8783.0	8913.0	best_hit_to_mtDNA
A	A	A	8829	HG002_all_regions	HG002_chr1.633402.634418|HISEQ1:18:H8VC6ADXX:2:1105:12218:22473	HG002_chr1.633402.634418|HISEQ1:18:H8VC6ADXX:2:1105:12218:22473	148	8783.0	8913.0	best_hit_to_mtDNA
T	T	T	8830	HG002_all_regions	HG002_chr1.633402.634418|HISEQ1:18:H8VC6ADXX:2:1105:12218:22473	HG002_chr1.633402.634418|HISEQ1:18:H8VC6ADXX:2:1105:12218:22473	148	8783.0	8913.0	best_hit_to_mtDNA
A	A	A	8831	HG002_all_regions	HG002_chr1.633402.634418|HISEQ1:18:H8VC6ADXX:2:1105:12218:22473	HG002_chr1.633402.634418|HISEQ1:18:H8VC6ADXX:2:1105:12218:22473	148	8783.0	8913.0	best_hit_to_mtDNA
A	A	A	8832	HG002_all_regions	HG002_chr1.633402.634418|HISEQ1:18:H8VC6ADXX:2:1105:12218:22473	HG002_chr1.633402.634418|HISEQ1:18:H8VC6ADXX:2:1105:12218:22473	148	8783.0	8913.0	best_hit_to_mtDNA
A	A	A	8833	HG002_all_regions	HG002_chr1.633402.634418|HISEQ1:18:H8VC6ADXX:2:1105:12218:22473	HG002_chr1.633402.634418|HISEQ1:18:H8VC6ADXX:2:1105:12218:22473	148	8783.0	8913.0	best_hit_to_mtDNA
C	C	C	8834	HG002_all_regions	HG002_chr1.633402.634418|HISEQ1:18:H8VC6ADXX:2:1105:12218:22473	HG002_chr1.633402.634418|HISEQ1:18:H8VC6ADXX:2:1105:12218:22473	148	8783.0	8913.0	best_hit_to_mtDNA
C	C	C	8835	HG002_all_regions	HG002_chr1.633402.634418|HISEQ1:18:H8VC6ADXX:2:1105:12218:22473	HG002_chr1.633402.634418|HISEQ1:18:H8VC6ADXX:2:1105:12218:22473	148	8783.0	8913.0	best_hit_to_mtDNA
T	T	T	8836	HG002_all_regions	HG002_chr1.633402.634418|HISEQ1:18:H8VC6ADXX:2:1105:12218:22473	HG002_chr1.633402.634418|HISEQ1:18:H8VC6ADXX:2:1105:12218:22473	148	8783.0	8913.0	best_hit_to_mtDNA
A	A	A	8837	HG002_all_regions	HG002_chr1.633402.634418|HISEQ1:18:H8VC6ADXX:2:1105:12218:22473	HG002_chr1.633402.634418|HISEQ1:18:H8VC6ADXX:2:1105:12218:22473	148	8783.0	8913.0	best_hit_to_mtDNA
G	G	G	8838	HG002_all_regions	HG002_chr1.633402.634418|HISEQ1:18:H8VC6ADXX:2:1105:12218:22473	HG002_chr1.633402.634418|HISEQ1:18:H8VC6ADXX:2:1105:12218:22473	148	8783.0	8913.0	best_hit_to_mtDNA
C	C	C	8839	HG002_all_regions	HG002_chr1.633402.634418|HISEQ1:18:H8VC6ADXX:2:1105:12218:22473	HG002_chr1.633402.634418|HISEQ1:18:H8VC6ADXX:2:1105:12218:22473	148	8783.0	8913.0	best_hit_to_mtDNA
C	C	C	8840	HG002_all_regions	HG002_chr1.633402.634418|HISEQ1:18:H8VC6ADXX:2:1105:12218:22473	HG002_chr1.633402.634418|HISEQ1:18:H8VC6ADXX:2:1105:12218:22473	148	8783.0	8913.0	best_hit_to_mtDNA
A	A	A	8841	HG002_all_regions	HG002_chr1.633402.634418|HISEQ1:18:H8VC6ADXX:2:1105:12218:22473	HG002_chr1.633402.634418|HISEQ1:18:H8VC6ADXX:2:1105:12218:22473	148	8783.0	8913.0	best_hit_to_mtDNA
T	T	T	8842	HG002_all_regions	HG002_chr1.633402.634418|HISEQ1:18:H8VC6ADXX:2:1105:12218:22473	HG002_chr1.633402.634418|HISEQ1:18:H8VC6ADXX:2:1105:12218:22473	148	8783.0	8913.0	best_hit_to_mtDNA
G	G	G	8843	HG002_all_regions	HG002_chr1.633402.634418|HISEQ1:18:H8VC6ADXX:2:1105:12218:22473	HG002_chr1.633402.634418|HISEQ1:18:H8VC6ADXX:2:1105:12218:22473	148	8783.0	8913.0	best_hit_to_mtDNA
G	G	G	8844	HG002_all_regions	HG002_chr1.633402.634418|HISEQ1:18:H8VC6ADXX:2:1105:12218:22473	HG002_chr1.633402.634418|HISEQ1:18:H8VC6ADXX:2:1105:12218:22473	148	8783.0	8913.0	best_hit_to_mtDNA
C	C	C	8845	HG002_all_regions	HG002_chr1.633402.634418|HISEQ1:18:H8VC6ADXX:2:1105:12218:22473	HG002_chr1.633402.634418|HISEQ1:18:H8VC6ADXX:2:1105:12218:22473	148	8783.0	8913.0	best_hit_to_mtDNA
C	T	C	8846	HG002_all_regions	HG002_chr1.633402.634418|HISEQ1:18:H8VC6ADXX:2:1105:12218:22473	HG002_chr1.633402.634418|HISEQ1:18:H8VC6ADXX:2:1105:12218:22473	148	8783.0	8913.0	best_hit_to_mtDNA
A	A	A	8847	HG002_all_regions	HG002_chr1.633402.634418|HISEQ1:18:H8VC6ADXX:2:1105:12218:22473	HG002_chr1.633402.634418|HISEQ1:18:H8VC6ADXX:2:1105:12218:22473	148	8783.0	8913.0	best_hit_to_mtDNA
T	T	T	8848	HG002_all_regions	HG002_chr1.633402.634418|HISEQ1:18:H8VC6ADXX:2:1105:12218:22473	HG002_chr1.633402.634418|HISEQ1:18:H8VC6ADXX:2:1105:12218:22473	148	8783.0	8913.0	best_hit_to_mtDNA
C	C	C	8849	HG002_all_regions	HG002_chr1.633402.634418|HISEQ1:18:H8VC6ADXX:2:1105:12218:22473	HG002_chr1.633402.634418|HISEQ1:18:H8VC6ADXX:2:1105:12218:22473	148	8783.0	8913.0	best_hit_to_mtDNA
C	C	C	8850	HG002_all_regions	HG002_chr1.633402.634418|HISEQ1:18:H8VC6ADXX:2:1105:12218:22473	HG002_chr1.633402.634418|HISEQ1:18:H8VC6ADXX:2:1105:12218:22473	148	8783.0	8913.0	best_hit_to_mtDNA
C	C	C	8851	HG002_all_regions	HG002_chr1.633402.634418|HISEQ1:18:H8VC6ADXX:2:1105:12218:22473	HG002_chr1.633402.634418|HISEQ1:18:H8VC6ADXX:2:1105:12218:22473	148	8783.0	8913.0	best_hit_to_mtDNA
C	C	C	8852	HG002_all_regions	HG002_chr1.633402.634418|HISEQ1:18:H8VC6ADXX:2:1105:12218:22473	HG002_chr1.633402.634418|HISEQ1:18:H8VC6ADXX:2:1105:12218:22473	148	8783.0	8913.0	best_hit_to_mtDNA
T	C	T	8853	HG002_all_regions	HG002_chr1.633402.634418|HISEQ1:18:H8VC6ADXX:2:1105:12218:22473	HG002_chr1.633402.634418|HISEQ1:18:H8VC6ADXX:2:1105:12218:22473	148	8783.0	8913.0	best_hit_to_mtDNA
T	T	T	8854	HG002_all_regions	HG002_chr1.633402.634418|HISEQ1:18:H8VC6ADXX:2:1105:12218:22473	HG002_chr1.633402.634418|HISEQ1:18:H8VC6ADXX:2:1105:12218:22473	148	8783.0	8913.0	best_hit_to_mtDNA
A	A	A	8855	HG002_all_regions	HG002_chr1.633402.634418|HISEQ1:18:H8VC6ADXX:2:1105:12218:22473	HG002_chr1.633402.634418|HISEQ1:18:H8VC6ADXX:2:1105:12218:22473	148	8783.0	8913.0	best_hit_to_mtDNA
T	T	T	8856	HG002_all_regions	HG002_chr1.633402.634418|HISEQ1:18:H8VC6ADXX:2:1105:12218:22473	HG002_chr1.633402.634418|HISEQ1:18:H8VC6ADXX:2:1105:12218:22473	148	8783.0	8913.0	best_hit_to_mtDNA
G	G	G	8857	HG002_all_regions	HG002_chr1.633402.634418|HISEQ1:18:H8VC6ADXX:2:1105:12218:22473	HG002_chr1.633402.634418|HISEQ1:18:H8VC6ADXX:2:1105:12218:22473	148	8783.0	8913.0	best_hit_to_mtDNA
A	A	A	8858	HG002_all_regions	HG002_chr1.633402.634418|HISEQ1:18:H8VC6ADXX:2:1105:12218:22473	HG002_chr1.633402.634418|HISEQ1:18:H8VC6ADXX:2:1105:12218:22473	148	8783.0	8913.0	best_hit_to_mtDNA
G	G	G	8859	HG002_all_regions	HG002_chr1.633402.634418|HISEQ1:18:H8VC6ADXX:2:1105:12218:22473	HG002_chr1.633402.634418|HISEQ1:18:H8VC6ADXX:2:1105:12218:22473	148	8783.0	8913.0	best_hit_to_mtDNA
C	C	C	8860	HG002_all_regions	HG002_chr1.633402.634418|HISEQ1:18:H8VC6ADXX:2:1105:12218:22473	HG002_chr1.633402.634418|HISEQ1:18:H8VC6ADXX:2:1105:12218:22473	148	8783.0	8913.0	best_hit_to_mtDNA
G	A	G	8861	HG002_all_regions	HG002_chr1.633402.634418|HISEQ1:18:H8VC6ADXX:2:1105:12218:22473	HG002_chr1.633402.634418|HISEQ1:18:H8VC6ADXX:2:1105:12218:22473	148	8783.0	8913.0	best_hit_to_mtDNA
G	G	G	8862	HG002_all_regions	HG002_chr1.633402.634418|HISEQ1:18:H8VC6ADXX:2:1105:12218:22473	HG002_chr1.633402.634418|HISEQ1:18:H8VC6ADXX:2:1105:12218:22473	148	8783.0	8913.0	best_hit_to_mtDNA
G	G	G	8863	HG002_all_regions	HG002_chr1.633402.634418|HISEQ1:18:H8VC6ADXX:2:1105:12218:22473	HG002_chr1.633402.634418|HISEQ1:18:H8VC6ADXX:2:1105:12218:22473	148	8783.0	8913.0	best_hit_to_mtDNA
C	C	C	8864	HG002_all_regions	HG002_chr1.633402.634418|HISEQ1:18:H8VC6ADXX:2:1105:12218:22473	HG002_chr1.633402.634418|HISEQ1:18:H8VC6ADXX:2:1105:12218:22473	148	8783.0	8913.0	best_hit_to_mtDNA
A	G	G	8865	HG002_all_regions	HG002_chr1.633402.634418|HISEQ1:18:H8VC6ADXX:2:1105:12218:22473	HG002_chr1.633402.634418|HISEQ1:18:H8VC6ADXX:2:1105:12218:22473	148	8783.0	8913.0	best_hit_to_mtDNA
C	C	C	8866	HG002_all_regions	HG002_chr1.633402.634418|HISEQ1:18:H8VC6ADXX:2:1105:12218:22473	HG002_chr1.633402.634418|HISEQ1:18:H8VC6ADXX:2:1105:12218:22473	148	8783.0	8913.0	best_hit_to_mtDNA
A	A	A	8867	HG002_all_regions	HG002_chr1.633402.634418|HISEQ1:18:H8VC6ADXX:2:1105:12218:22473	HG002_chr1.633402.634418|HISEQ1:18:H8VC6ADXX:2:1105:12218:22473	148	8783.0	8913.0	best_hit_to_mtDNA
G	G	G	8868	HG002_all_regions	HG002_chr1.633402.634418|HISEQ1:18:H8VC6ADXX:2:1105:12218:22473	HG002_chr1.633402.634418|HISEQ1:18:H8VC6ADXX:2:1105:12218:22473	148	8783.0	8913.0	best_hit_to_mtDNA
T	T	T	8869	HG002_all_regions	HG002_chr1.633402.634418|HISEQ1:18:H8VC6ADXX:2:1105:12218:22473	HG002_chr1.633402.634418|HISEQ1:18:H8VC6ADXX:2:1105:12218:22473	148	8783.0	8913.0	best_hit_to_mtDNA
G	A	G	8870	HG002_all_regions	HG002_chr1.633402.634418|HISEQ1:18:H8VC6ADXX:2:1105:12218:22473	HG002_chr1.633402.634418|HISEQ1:18:H8VC6ADXX:2:1105:12218:22473	148	8783.0	8913.0	best_hit_to_mtDNA
A	G	A	8871	HG002_all_regions	HG002_chr1.633402.634418|HISEQ1:18:H8VC6ADXX:2:1105:12218:22473	HG002_chr1.633402.634418|HISEQ1:18:H8VC6ADXX:2:1105:12218:22473	148	8783.0	8913.0	best_hit_to_mtDNA
T	T	T	8872	HG002_all_regions	HG002_chr1.633402.634418|HISEQ1:18:H8VC6ADXX:2:1105:12218:22473	HG002_chr1.633402.634418|HISEQ1:18:H8VC6ADXX:2:1105:12218:22473	148	8783.0	8913.0	best_hit_to_mtDNA
T	C	T	8873	HG002_all_regions	HG002_chr1.633402.634418|HISEQ1:18:H8VC6ADXX:2:1105:12218:22473	HG002_chr1.633402.634418|HISEQ1:18:H8VC6ADXX:2:1105:12218:22473	148	8783.0	8913.0	best_hit_to_mtDNA
A	A	A	8874	HG002_all_regions	HG002_chr1.633402.634418|HISEQ1:18:H8VC6ADXX:2:1105:12218:22473	HG002_chr1.633402.634418|HISEQ1:18:H8VC6ADXX:2:1105:12218:22473	148	8783.0	8913.0	best_hit_to_mtDNA
T	T	T	8875	HG002_all_regions	HG002_chr1.633402.634418|HISEQ1:18:H8VC6ADXX:2:1105:12218:22473	HG002_chr1.633402.634418|HISEQ1:18:H8VC6ADXX:2:1105:12218:22473	148	8783.0	8913.0	best_hit_to_mtDNA
A	A	A	8876	HG002_all_regions	HG002_chr1.633402.634418|HISEQ1:18:H8VC6ADXX:2:1105:12218:22473	HG002_chr1.633402.634418|HISEQ1:18:H8VC6ADXX:2:1105:12218:22473	148	8783.0	8913.0	best_hit_to_mtDNA
G	G	G	8877	HG002_all_regions	HG002_chr1.633402.634418|HISEQ1:18:H8VC6ADXX:2:1105:12218:22473	HG002_chr1.633402.634418|HISEQ1:18:H8VC6ADXX:2:1105:12218:22473	148	8783.0	8913.0	best_hit_to_mtDNA
G	G	G	8878	HG002_all_regions	HG002_chr1.633402.634418|HISEQ1:18:H8VC6ADXX:2:1105:12218:22473	HG002_chr1.633402.634418|HISEQ1:18:H8VC6ADXX:2:1105:12218:22473	148	8783.0	8913.0	best_hit_to_mtDNA
C	C	C	8879	HG002_all_regions	HG002_chr1.633402.634418|HISEQ1:18:H8VC6ADXX:2:1105:12218:22473	HG002_chr1.633402.634418|HISEQ1:18:H8VC6ADXX:2:1105:12218:22473	148	8783.0	8913.0	best_hit_to_mtDNA
T	T	T	8880	HG002_all_regions	HG002_chr1.633402.634418|HISEQ1:18:H8VC6ADXX:2:1105:12218:22473	HG002_chr1.633402.634418|HISEQ1:18:H8VC6ADXX:2:1105:12218:22473	148	8783.0	8913.0	best_hit_to_mtDNA
T	T	T	8881	HG002_all_regions	HG002_chr1.633402.634418|HISEQ1:18:H8VC6ADXX:2:1105:12218:22473	HG002_chr1.633402.634418|HISEQ1:18:H8VC6ADXX:2:1105:12218:22473	148	8783.0	8913.0	best_hit_to_mtDNA
T	T	T	8882	HG002_all_regions	HG002_chr1.633402.634418|HISEQ1:18:H8VC6ADXX:2:1105:12218:22473	HG002_chr1.633402.634418|HISEQ1:18:H8VC6ADXX:2:1105:12218:22473	148	8783.0	8913.0	best_hit_to_mtDNA
C	C	C	8883	HG002_all_regions	HG002_chr1.633402.634418|HISEQ1:18:H8VC6ADXX:2:1105:12218:22473	HG002_chr1.633402.634418|HISEQ1:18:H8VC6ADXX:2:1105:12218:22473	148	8783.0	8913.0	best_hit_to_mtDNA
G	G	G	8884	HG002_all_regions	HG002_chr1.633402.634418|HISEQ1:18:H8VC6ADXX:2:1105:12218:22473	HG002_chr1.633402.634418|HISEQ1:18:H8VC6ADXX:2:1105:12218:22473	148	8783.0	8913.0	best_hit_to_mtDNA
C	C	C	8885	HG002_all_regions	HG002_chr1.633402.634418|HISEQ1:18:H8VC6ADXX:2:1105:12218:22473	HG002_chr1.633402.634418|HISEQ1:18:H8VC6ADXX:2:1105:12218:22473	148	8783.0	8913.0	best_hit_to_mtDNA
T	T	T	8886	HG002_all_regions	HG002_chr1.633402.634418|HISEQ1:18:H8VC6ADXX:2:1105:12218:22473	HG002_chr1.633402.634418|HISEQ1:18:H8VC6ADXX:2:1105:12218:22473	148	8783.0	8913.0	best_hit_to_mtDNA
C	T	C	8887	HG002_all_regions	HG002_chr1.633402.634418|HISEQ1:18:H8VC6ADXX:2:1105:12218:22473	HG002_chr1.633402.634418|HISEQ1:18:H8VC6ADXX:2:1105:12218:22473	148	8783.0	8913.0	best_hit_to_mtDNA
T	T	T	8888	HG002_all_regions	HG002_chr1.633402.634418|HISEQ1:18:H8VC6ADXX:2:1105:12218:22473	HG002_chr1.633402.634418|HISEQ1:18:H8VC6ADXX:2:1105:12218:22473	148	8783.0	8913.0	best_hit_to_mtDNA
A	A	A	8889	HG002_all_regions	HG002_chr1.633402.634418|HISEQ1:18:H8VC6ADXX:2:1105:12218:22473	HG002_chr1.633402.634418|HISEQ1:18:H8VC6ADXX:2:1105:12218:22473	148	8783.0	8913.0	best_hit_to_mtDNA
A	A	A	8890	HG002_all_regions	HG002_chr1.633402.634418|HISEQ1:18:H8VC6ADXX:2:1105:12218:22473	HG002_chr1.633402.634418|HISEQ1:18:H8VC6ADXX:2:1105:12218:22473	148	8783.0	8913.0	best_hit_to_mtDNA
G	G	G	8891	HG002_all_regions	HG002_chr1.633402.634418|HISEQ1:18:H8VC6ADXX:2:1105:12218:22473	HG002_chr1.633402.634418|HISEQ1:18:H8VC6ADXX:2:1105:12218:22473	148	8783.0	8913.0	best_hit_to_mtDNA
A	A	A	8892	HG002_all_regions	HG002_chr1.633402.634418|HISEQ1:18:H8VC6ADXX:2:1105:12218:22473	HG002_chr1.633402.634418|HISEQ1:18:H8VC6ADXX:2:1105:12218:22473	148	8783.0	8913.0	best_hit_to_mtDNA
T	C	T	8893	HG002_all_regions	HG002_chr1.633402.634418|HISEQ1:18:H8VC6ADXX:2:1105:12218:22473	HG002_chr1.633402.634418|HISEQ1:18:H8VC6ADXX:2:1105:12218:22473	148	8783.0	8913.0	best_hit_to_mtDNA
T	T	T	8894	HG002_all_regions	HG002_chr1.633402.634418|HISEQ1:18:H8VC6ADXX:2:1105:12218:22473	HG002_chr1.633402.634418|HISEQ1:18:H8VC6ADXX:2:1105:12218:22473	148	8783.0	8913.0	best_hit_to_mtDNA
A	A	A	8895	HG002_all_regions	HG002_chr1.633402.634418|HISEQ1:18:H8VC6ADXX:2:1105:12218:22473	HG002_chr1.633402.634418|HISEQ1:18:H8VC6ADXX:2:1105:12218:22473	148	8783.0	8913.0	best_hit_to_mtDNA
A	A	A	8896	HG002_all_regions	HG002_chr1.633402.634418|HISEQ1:18:H8VC6ADXX:2:1105:12218:22473	HG002_chr1.633402.634418|HISEQ1:18:H8VC6ADXX:2:1105:12218:22473	148	8783.0	8913.0	best_hit_to_mtDNA
A	A	A	8897	HG002_all_regions	HG002_chr1.633402.634418|HISEQ1:18:H8VC6ADXX:2:1105:12218:22473	HG002_chr1.633402.634418|HISEQ1:18:H8VC6ADXX:2:1105:12218:22473	148	8783.0	8913.0	best_hit_to_mtDNA
A	A	A	8898	HG002_all_regions	HG002_chr1.633402.634418|HISEQ1:18:H8VC6ADXX:2:1105:12218:22473	HG002_chr1.633402.634418|HISEQ1:18:H8VC6ADXX:2:1105:12218:22473	148	8783.0	8913.0	best_hit_to_mtDNA
A	A	A	8899	HG002_all_regions	HG002_chr1.633402.634418|HISEQ1:18:H8VC6ADXX:2:1105:12218:22473	HG002_chr1.633402.634418|HISEQ1:18:H8VC6ADXX:2:1105:12218:22473	148	8783.0	8913.0	best_hit_to_mtDNA
T	T	T	8900	HG002_all_regions	HG002_chr1.633402.634418|HISEQ1:18:H8VC6ADXX:2:1105:12218:22473	HG002_chr1.633402.634418|HISEQ1:18:H8VC6ADXX:2:1105:12218:22473	148	8783.0	8913.0	best_hit_to_mtDNA
G	G	G	8901	HG002_all_regions	HG002_chr1.633402.634418|HISEQ1:18:H8VC6ADXX:2:1105:12218:22473	HG002_chr1.633402.634418|HISEQ1:18:H8VC6ADXX:2:1105:12218:22473	148	8783.0	8913.0	best_hit_to_mtDNA
C	C	C	8902	HG002_all_regions	HG002_chr1.633402.634418|HISEQ1:18:H8VC6ADXX:2:1105:12218:22473	HG002_chr1.633402.634418|HISEQ1:18:H8VC6ADXX:2:1105:12218:22473	148	8783.0	8913.0	best_hit_to_mtDNA
C	C	C	8903	HG002_all_regions	HG002_chr1.633402.634418|HISEQ1:18:H8VC6ADXX:2:1105:12218:22473	HG002_chr1.633402.634418|HISEQ1:18:H8VC6ADXX:2:1105:12218:22473	148	8783.0	8913.0	best_hit_to_mtDNA
C	C	C	8904	HG002_all_regions	HG002_chr1.633402.634418|HISEQ1:18:H8VC6ADXX:2:1105:12218:22473	HG002_chr1.633402.634418|HISEQ1:18:H8VC6ADXX:2:1105:12218:22473	148	8783.0	8913.0	best_hit_to_mtDNA
T	T	T	8905	HG002_all_regions	HG002_chr1.633402.634418|HISEQ1:18:H8VC6ADXX:2:1105:12218:22473	HG002_chr1.633402.634418|HISEQ1:18:H8VC6ADXX:2:1105:12218:22473	148	8783.0	8913.0	best_hit_to_mtDNA
A	A	A	8906	HG002_all_regions	HG002_chr1.633402.634418|HISEQ1:18:H8VC6ADXX:2:1105:12218:22473	HG002_chr1.633402.634418|HISEQ1:18:H8VC6ADXX:2:1105:12218:22473	148	8783.0	8913.0	best_hit_to_mtDNA
G	G	G	8907	HG002_all_regions	HG002_chr1.633402.634418|HISEQ1:18:H8VC6ADXX:2:1105:12218:22473	HG002_chr1.633402.634418|HISEQ1:18:H8VC6ADXX:2:1105:12218:22473	148	8783.0	8913.0	best_hit_to_mtDNA
C	C	C	8908	HG002_all_regions	HG002_chr1.633402.634418|HISEQ1:18:H8VC6ADXX:2:1105:12218:22473	HG002_chr1.633402.634418|HISEQ1:18:H8VC6ADXX:2:1105:12218:22473	148	8783.0	8913.0	best_hit_to_mtDNA
C	C	C	8909	HG002_all_regions	HG002_chr1.633402.634418|HISEQ1:18:H8VC6ADXX:2:1105:12218:22473	HG002_chr1.633402.634418|HISEQ1:18:H8VC6ADXX:2:1105:12218:22473	148	8783.0	8913.0	best_hit_to_mtDNA
C	C	C	8910	HG002_all_regions	HG002_chr1.633402.634418|HISEQ1:18:H8VC6ADXX:2:1105:12218:22473	HG002_chr1.633402.634418|HISEQ1:18:H8VC6ADXX:2:1105:12218:22473	148	8783.0	8913.0	best_hit_to_mtDNA
A	A	A	8911	HG002_all_regions	HG002_chr1.633402.634418|HISEQ1:18:H8VC6ADXX:2:1105:12218:22473	HG002_chr1.633402.634418|HISEQ1:18:H8VC6ADXX:2:1105:12218:22473	148	8783.0	8913.0	best_hit_to_mtDNA
C	C	C	8912	HG002_all_regions	HG002_chr1.633402.634418|HISEQ1:18:H8VC6ADXX:2:1105:12218:22473	HG002_chr1.633402.634418|HISEQ1:18:H8VC6ADXX:2:1105:12218:22473	148	8783.0	8913.0	best_hit_to_mtDNA
C	C	A	8784	HG002_all_regions	HG002_chr1.633402.634418|HISEQ1:18:H8VC6ADXX:2:1105:12218:22473	HG002_chr1.633402.634418|HISEQ1:18:H8VC6ADXX:2:1105:12218:22473	148	8783.0	8913.0	best_hit_to_mtDNA
T	T	T	8785	HG002_all_regions	HG002_chr1.633402.634418|HISEQ1:18:H8VC6ADXX:2:1105:12218:22473	HG002_chr1.633402.634418|HISEQ1:18:H8VC6ADXX:2:1105:12218:22473	148	8783.0	8913.0	best_hit_to_mtDNA
C	T	C	8786	HG002_all_regions	HG002_chr1.633402.634418|HISEQ1:18:H8VC6ADXX:2:1105:12218:22473	HG002_chr1.633402.634418|HISEQ1:18:H8VC6ADXX:2:1105:12218:22473	148	8783.0	8913.0	best_hit_to_mtDNA
G	G	T	8787	HG002_all_regions	HG002_chr1.633402.634418|HISEQ1:18:H8VC6ADXX:2:1105:12218:22473	HG002_chr1.633402.634418|HISEQ1:18:H8VC6ADXX:2:1105:12218:22473	148	8783.0	8913.0	best_hit_to_mtDNA
G	G	G	8788	HG002_all_regions	HG002_chr1.633402.634418|HISEQ1:18:H8VC6ADXX:2:1105:12218:22473	HG002_chr1.633402.634418|HISEQ1:18:H8VC6ADXX:2:1105:12218:22473	148	8783.0	8913.0	best_hit_to_mtDNA
A	G	A	8789	HG002_all_regions	HG002_chr1.633402.634418|HISEQ1:18:H8VC6ADXX:2:1105:12218:22473	HG002_chr1.633402.634418|HISEQ1:18:H8VC6ADXX:2:1105:12218:22473	148	8783.0	8913.0	best_hit_to_mtDNA
C	C	C	8790	HG002_all_regions	HG002_chr1.633402.634418|HISEQ1:18:H8VC6ADXX:2:1105:12218:22473	HG002_chr1.633402.634418|HISEQ1:18:H8VC6ADXX:2:1105:12218:22473	148	8783.0	8913.0	best_hit_to_mtDNA
T	T	T	8791	HG002_all_regions	HG002_chr1.633402.634418|HISEQ1:18:H8VC6ADXX:2:1105:12218:22473	HG002_chr1.633402.634418|HISEQ1:18:H8VC6ADXX:2:1105:12218:22473	148	8783.0	8913.0	best_hit_to_mtDNA
C	T	C	8792	HG002_all_regions	HG002_chr1.633402.634418|HISEQ1:18:H8VC6ADXX:2:1105:12218:22473	HG002_chr1.633402.634418|HISEQ1:18:H8VC6ADXX:2:1105:12218:22473	148	8783.0	8913.0	best_hit_to_mtDNA
C	C	C	8793	HG002_all_regions	HG002_chr1.633402.634418|HISEQ1:18:H8VC6ADXX:2:1105:12218:22473	HG002_chr1.633402.634418|HISEQ1:18:H8VC6ADXX:2:1105:12218:22473	148	8783.0	8913.0	best_hit_to_mtDNA
T	T	T	8794	HG002_all_regions	HG002_chr1.633402.634418|HISEQ1:18:H8VC6ADXX:2:1105:12218:22473	HG002_chr1.633402.634418|HISEQ1:18:H8VC6ADXX:2:1105:12218:22473	148	8783.0	8913.0	best_hit_to_mtDNA
G	A	G	8795	HG002_all_regions	HG002_chr1.633402.634418|HISEQ1:18:H8VC6ADXX:2:1105:12218:22473	HG002_chr1.633402.634418|HISEQ1:18:H8VC6ADXX:2:1105:12218:22473	148	8783.0	8913.0	best_hit_to_mtDNA
C	C	C	8796	HG002_all_regions	HG002_chr1.633402.634418|HISEQ1:18:H8VC6ADXX:2:1105:12218:22473	HG002_chr1.633402.634418|HISEQ1:18:H8VC6ADXX:2:1105:12218:22473	148	8783.0	8913.0	best_hit_to_mtDNA
C	C	C	8797	HG002_all_regions	HG002_chr1.633402.634418|HISEQ1:18:H8VC6ADXX:2:1105:12218:22473	HG002_chr1.633402.634418|HISEQ1:18:H8VC6ADXX:2:1105:12218:22473	148	8783.0	8913.0	best_hit_to_mtDNA
T	C	T	8798	HG002_all_regions	HG002_chr1.633402.634418|HISEQ1:18:H8VC6ADXX:2:1105:12218:22473	HG002_chr1.633402.634418|HISEQ1:18:H8VC6ADXX:2:1105:12218:22473	148	8783.0	8913.0	best_hit_to_mtDNA
C	C	C	8799	HG002_all_regions	HG002_chr1.633402.634418|HISEQ1:18:H8VC6ADXX:2:1105:12218:22473	HG002_chr1.633402.634418|HISEQ1:18:H8VC6ADXX:2:1105:12218:22473	148	8783.0	8913.0	best_hit_to_mtDNA
A	A	A	8800	HG002_all_regions	HG002_chr1.633402.634418|HISEQ1:18:H8VC6ADXX:2:1105:12218:22473	HG002_chr1.633402.634418|HISEQ1:18:H8VC6ADXX:2:1105:12218:22473	148	8783.0	8913.0	best_hit_to_mtDNA
C	C	C	8801	HG002_all_regions	HG002_chr1.633402.634418|HISEQ1:18:H8VC6ADXX:2:1105:12218:22473	HG002_chr1.633402.634418|HISEQ1:18:H8VC6ADXX:2:1105:12218:22473	148	8783.0	8913.0	best_hit_to_mtDNA
T	T	T	8802	HG002_all_regions	HG002_chr1.633402.634418|HISEQ1:18:H8VC6ADXX:2:1105:12218:22473	HG002_chr1.633402.634418|HISEQ1:18:H8VC6ADXX:2:1105:12218:22473	148	8783.0	8913.0	best_hit_to_mtDNA
C	C	C	8803	HG002_all_regions	HG002_chr1.633402.634418|HISEQ1:18:H8VC6ADXX:2:1105:12218:22473	HG002_chr1.633402.634418|HISEQ1:18:H8VC6ADXX:2:1105:12218:22473	148	8783.0	8913.0	best_hit_to_mtDNA
A	A	A	8804	HG002_all_regions	HG002_chr1.633402.634418|HISEQ1:18:H8VC6ADXX:2:1105:12218:22473	HG002_chr1.633402.634418|HISEQ1:18:H8VC6ADXX:2:1105:12218:22473	148	8783.0	8913.0	best_hit_to_mtDNA
T	T	T	8805	HG002_all_regions	HG002_chr1.633402.634418|HISEQ1:18:H8VC6ADXX:2:1105:12218:22473	HG002_chr1.633402.634418|HISEQ1:18:H8VC6ADXX:2:1105:12218:22473	148	8783.0	8913.0	best_hit_to_mtDNA
T	T	T	8806	HG002_all_regions	HG002_chr1.633402.634418|HISEQ1:18:H8VC6ADXX:2:1105:12218:22473	HG002_chr1.633402.634418|HISEQ1:18:H8VC6ADXX:2:1105:12218:22473	148	8783.0	8913.0	best_hit_to_mtDNA
T	C	T	8807	HG002_all_regions	HG002_chr1.633402.634418|HISEQ1:18:H8VC6ADXX:2:1105:12218:22473	HG002_chr1.633402.634418|HISEQ1:18:H8VC6ADXX:2:1105:12218:22473	148	8783.0	8913.0	best_hit_to_mtDNA
A	A	A	8808	HG002_all_regions	HG002_chr1.633402.634418|HISEQ1:18:H8VC6ADXX:2:1105:12218:22473	HG002_chr1.633402.634418|HISEQ1:18:H8VC6ADXX:2:1105:12218:22473	148	8783.0	8913.0	best_hit_to_mtDNA
C	C	C	8809	HG002_all_regions	HG002_chr1.633402.634418|HISEQ1:18:H8VC6ADXX:2:1105:12218:22473	HG002_chr1.633402.634418|HISEQ1:18:H8VC6ADXX:2:1105:12218:22473	148	8783.0	8913.0	best_hit_to_mtDNA
A	A	A	8810	HG002_all_regions	HG002_chr1.633402.634418|HISEQ1:18:H8VC6ADXX:2:1105:12218:22473	HG002_chr1.633402.634418|HISEQ1:18:H8VC6ADXX:2:1105:12218:22473	148	8783.0	8913.0	best_hit_to_mtDNA
C	C	C	8811	HG002_all_regions	HG002_chr1.633402.634418|HISEQ1:18:H8VC6ADXX:2:1105:12218:22473	HG002_chr1.633402.634418|HISEQ1:18:H8VC6ADXX:2:1105:12218:22473	148	8783.0	8913.0	best_hit_to_mtDNA
C	C	C	8812	HG002_all_regions	HG002_chr1.633402.634418|HISEQ1:18:H8VC6ADXX:2:1105:12218:22473	HG002_chr1.633402.634418|HISEQ1:18:H8VC6ADXX:2:1105:12218:22473	148	8783.0	8913.0	best_hit_to_mtDNA
A	A	A	8813	HG002_all_regions	HG002_chr1.633402.634418|HISEQ1:18:H8VC6ADXX:2:1105:12218:22473	HG002_chr1.633402.634418|HISEQ1:18:H8VC6ADXX:2:1105:12218:22473	148	8783.0	8913.0	best_hit_to_mtDNA
A	A	A	8814	HG002_all_regions	HG002_chr1.633402.634418|HISEQ1:18:H8VC6ADXX:2:1105:12218:22473	HG002_chr1.633402.634418|HISEQ1:18:H8VC6ADXX:2:1105:12218:22473	148	8783.0	8913.0	best_hit_to_mtDNA
C	C	C	8815	HG002_all_regions	HG002_chr1.633402.634418|HISEQ1:18:H8VC6ADXX:2:1105:12218:22473	HG002_chr1.633402.634418|HISEQ1:18:H8VC6ADXX:2:1105:12218:22473	148	8783.0	8913.0	best_hit_to_mtDNA
C	C	C	8816	HG002_all_regions	HG002_chr1.633402.634418|HISEQ1:18:H8VC6ADXX:2:1105:12218:22473	HG002_chr1.633402.634418|HISEQ1:18:H8VC6ADXX:2:1105:12218:22473	148	8783.0	8913.0	best_hit_to_mtDNA
A	A	A	8817	HG002_all_regions	HG002_chr1.633402.634418|HISEQ1:18:H8VC6ADXX:2:1105:12218:22473	HG002_chr1.633402.634418|HISEQ1:18:H8VC6ADXX:2:1105:12218:22473	148	8783.0	8913.0	best_hit_to_mtDNA
C	C	C	8818	HG002_all_regions	HG002_chr1.633402.634418|HISEQ1:18:H8VC6ADXX:2:1105:12218:22473	HG002_chr1.633402.634418|HISEQ1:18:H8VC6ADXX:2:1105:12218:22473	148	8783.0	8913.0	best_hit_to_mtDNA
C	C	C	8819	HG002_all_regions	HG002_chr1.633402.634418|HISEQ1:18:H8VC6ADXX:2:1105:12218:22473	HG002_chr1.633402.634418|HISEQ1:18:H8VC6ADXX:2:1105:12218:22473	148	8783.0	8913.0	best_hit_to_mtDNA
C	C	C	8820	HG002_all_regions	HG002_chr1.633402.634418|HISEQ1:18:H8VC6ADXX:2:1105:12218:22473	HG002_chr1.633402.634418|HISEQ1:18:H8VC6ADXX:2:1105:12218:22473	148	8783.0	8913.0	best_hit_to_mtDNA
A	A	A	8821	HG002_all_regions	HG002_chr1.633402.634418|HISEQ1:18:H8VC6ADXX:2:1105:12218:22473	HG002_chr1.633402.634418|HISEQ1:18:H8VC6ADXX:2:1105:12218:22473	148	8783.0	8913.0	best_hit_to_mtDNA
A	A	A	8822	HG002_all_regions	HG002_chr1.633402.634418|HISEQ1:18:H8VC6ADXX:2:1105:12218:22473	HG002_chr1.633402.634418|HISEQ1:18:H8VC6ADXX:2:1105:12218:22473	148	8783.0	8913.0	best_hit_to_mtDNA
C	C	C	8823	HG002_all_regions	HG002_chr1.633402.634418|HISEQ1:18:H8VC6ADXX:2:1105:12218:22473	HG002_chr1.633402.634418|HISEQ1:18:H8VC6ADXX:2:1105:12218:22473	148	8783.0	8913.0	best_hit_to_mtDNA
T	T	T	8824	HG002_all_regions	HG002_chr1.633402.634418|HISEQ1:18:H8VC6ADXX:2:1105:12218:22473	HG002_chr1.633402.634418|HISEQ1:18:H8VC6ADXX:2:1105:12218:22473	148	8783.0	8913.0	best_hit_to_mtDNA
A	A	A	8825	HG002_all_regions	HG002_chr1.633402.634418|HISEQ1:18:H8VC6ADXX:2:1105:12218:22473	HG002_chr1.633402.634418|HISEQ1:18:H8VC6ADXX:2:1105:12218:22473	148	8783.0	8913.0	best_hit_to_mtDNA
T	T	T	8826	HG002_all_regions	HG002_chr1.633402.634418|HISEQ1:18:H8VC6ADXX:2:1105:12218:22473	HG002_chr1.633402.634418|HISEQ1:18:H8VC6ADXX:2:1105:12218:22473	148	8783.0	8913.0	best_hit_to_mtDNA
C	C	C	8827	HG002_all_regions	HG002_chr1.633402.634418|HISEQ1:18:H8VC6ADXX:2:1105:12218:22473	HG002_chr1.633402.634418|HISEQ1:18:H8VC6ADXX:2:1105:12218:22473	148	8783.0	8913.0	best_hit_to_mtDNA
T	T	T	8828	HG002_all_regions	HG002_chr1.633402.634418|HISEQ1:18:H8VC6ADXX:2:1105:12218:22473	HG002_chr1.633402.634418|HISEQ1:18:H8VC6ADXX:2:1105:12218:22473	148	8783.0	8913.0	best_hit_to_mtDNA
A	A	A	8829	HG002_all_regions	HG002_chr1.633402.634418|HISEQ1:18:H8VC6ADXX:2:1105:12218:22473	HG002_chr1.633402.634418|HISEQ1:18:H8VC6ADXX:2:1105:12218:22473	148	8783.0	8913.0	best_hit_to_mtDNA
T	T	T	8830	HG002_all_regions	HG002_chr1.633402.634418|HISEQ1:18:H8VC6ADXX:2:1105:12218:22473	HG002_chr1.633402.634418|HISEQ1:18:H8VC6ADXX:2:1105:12218:22473	148	8783.0	8913.0	best_hit_to_mtDNA
A	A	A	8831	HG002_all_regions	HG002_chr1.633402.634418|HISEQ1:18:H8VC6ADXX:2:1105:12218:22473	HG002_chr1.633402.634418|HISEQ1:18:H8VC6ADXX:2:1105:12218:22473	148	8783.0	8913.0	best_hit_to_mtDNA
A	A	A	8832	HG002_all_regions	HG002_chr1.633402.634418|HISEQ1:18:H8VC6ADXX:2:1105:12218:22473	HG002_chr1.633402.634418|HISEQ1:18:H8VC6ADXX:2:1105:12218:22473	148	8783.0	8913.0	best_hit_to_mtDNA
A	A	A	8833	HG002_all_regions	HG002_chr1.633402.634418|HISEQ1:18:H8VC6ADXX:2:1105:12218:22473	HG002_chr1.633402.634418|HISEQ1:18:H8VC6ADXX:2:1105:12218:22473	148	8783.0	8913.0	best_hit_to_mtDNA
C	C	C	8834	HG002_all_regions	HG002_chr1.633402.634418|HISEQ1:18:H8VC6ADXX:2:1105:12218:22473	HG002_chr1.633402.634418|HISEQ1:18:H8VC6ADXX:2:1105:12218:22473	148	8783.0	8913.0	best_hit_to_mtDNA
C	C	C	8835	HG002_all_regions	HG002_chr1.633402.634418|HISEQ1:18:H8VC6ADXX:2:1105:12218:22473	HG002_chr1.633402.634418|HISEQ1:18:H8VC6ADXX:2:1105:12218:22473	148	8783.0	8913.0	best_hit_to_mtDNA
T	T	T	8836	HG002_all_regions	HG002_chr1.633402.634418|HISEQ1:18:H8VC6ADXX:2:1105:12218:22473	HG002_chr1.633402.634418|HISEQ1:18:H8VC6ADXX:2:1105:12218:22473	148	8783.0	8913.0	best_hit_to_mtDNA
A	A	A	8837	HG002_all_regions	HG002_chr1.633402.634418|HISEQ1:18:H8VC6ADXX:2:1105:12218:22473	HG002_chr1.633402.634418|HISEQ1:18:H8VC6ADXX:2:1105:12218:22473	148	8783.0	8913.0	best_hit_to_mtDNA
G	G	G	8838	HG002_all_regions	HG002_chr1.633402.634418|HISEQ1:18:H8VC6ADXX:2:1105:12218:22473	HG002_chr1.633402.634418|HISEQ1:18:H8VC6ADXX:2:1105:12218:22473	148	8783.0	8913.0	best_hit_to_mtDNA
C	C	C	8839	HG002_all_regions	HG002_chr1.633402.634418|HISEQ1:18:H8VC6ADXX:2:1105:12218:22473	HG002_chr1.633402.634418|HISEQ1:18:H8VC6ADXX:2:1105:12218:22473	148	8783.0	8913.0	best_hit_to_mtDNA
C	C	C	8840	HG002_all_regions	HG002_chr1.633402.634418|HISEQ1:18:H8VC6ADXX:2:1105:12218:22473	HG002_chr1.633402.634418|HISEQ1:18:H8VC6ADXX:2:1105:12218:22473	148	8783.0	8913.0	best_hit_to_mtDNA
A	A	A	8841	HG002_all_regions	HG002_chr1.633402.634418|HISEQ1:18:H8VC6ADXX:2:1105:12218:22473	HG002_chr1.633402.634418|HISEQ1:18:H8VC6ADXX:2:1105:12218:22473	148	8783.0	8913.0	best_hit_to_mtDNA
T	T	T	8842	HG002_all_regions	HG002_chr1.633402.634418|HISEQ1:18:H8VC6ADXX:2:1105:12218:22473	HG002_chr1.633402.634418|HISEQ1:18:H8VC6ADXX:2:1105:12218:22473	148	8783.0	8913.0	best_hit_to_mtDNA
G	G	G	8843	HG002_all_regions	HG002_chr1.633402.634418|HISEQ1:18:H8VC6ADXX:2:1105:12218:22473	HG002_chr1.633402.634418|HISEQ1:18:H8VC6ADXX:2:1105:12218:22473	148	8783.0	8913.0	best_hit_to_mtDNA
G	G	G	8844	HG002_all_regions	HG002_chr1.633402.634418|HISEQ1:18:H8VC6ADXX:2:1105:12218:22473	HG002_chr1.633402.634418|HISEQ1:18:H8VC6ADXX:2:1105:12218:22473	148	8783.0	8913.0	best_hit_to_mtDNA
C	C	C	8845	HG002_all_regions	HG002_chr1.633402.634418|HISEQ1:18:H8VC6ADXX:2:1105:12218:22473	HG002_chr1.633402.634418|HISEQ1:18:H8VC6ADXX:2:1105:12218:22473	148	8783.0	8913.0	best_hit_to_mtDNA
C	T	C	8846	HG002_all_regions	HG002_chr1.633402.634418|HISEQ1:18:H8VC6ADXX:2:1105:12218:22473	HG002_chr1.633402.634418|HISEQ1:18:H8VC6ADXX:2:1105:12218:22473	148	8783.0	8913.0	best_hit_to_mtDNA
A	A	A	8847	HG002_all_regions	HG002_chr1.633402.634418|HISEQ1:18:H8VC6ADXX:2:1105:12218:22473	HG002_chr1.633402.634418|HISEQ1:18:H8VC6ADXX:2:1105:12218:22473	148	8783.0	8913.0	best_hit_to_mtDNA
T	T	T	8848	HG002_all_regions	HG002_chr1.633402.634418|HISEQ1:18:H8VC6ADXX:2:1105:12218:22473	HG002_chr1.633402.634418|HISEQ1:18:H8VC6ADXX:2:1105:12218:22473	148	8783.0	8913.0	best_hit_to_mtDNA
C	C	C	8849	HG002_all_regions	HG002_chr1.633402.634418|HISEQ1:18:H8VC6ADXX:2:1105:12218:22473	HG002_chr1.633402.634418|HISEQ1:18:H8VC6ADXX:2:1105:12218:22473	148	8783.0	8913.0	best_hit_to_mtDNA
C	C	C	8850	HG002_all_regions	HG002_chr1.633402.634418|HISEQ1:18:H8VC6ADXX:2:1105:12218:22473	HG002_chr1.633402.634418|HISEQ1:18:H8VC6ADXX:2:1105:12218:22473	148	8783.0	8913.0	best_hit_to_mtDNA
C	C	C	8851	HG002_all_regions	HG002_chr1.633402.634418|HISEQ1:18:H8VC6ADXX:2:1105:12218:22473	HG002_chr1.633402.634418|HISEQ1:18:H8VC6ADXX:2:1105:12218:22473	148	8783.0	8913.0	best_hit_to_mtDNA
C	C	C	8852	HG002_all_regions	HG002_chr1.633402.634418|HISEQ1:18:H8VC6ADXX:2:1105:12218:22473	HG002_chr1.633402.634418|HISEQ1:18:H8VC6ADXX:2:1105:12218:22473	148	8783.0	8913.0	best_hit_to_mtDNA
T	C	T	8853	HG002_all_regions	HG002_chr1.633402.634418|HISEQ1:18:H8VC6ADXX:2:1105:12218:22473	HG002_chr1.633402.634418|HISEQ1:18:H8VC6ADXX:2:1105:12218:22473	148	8783.0	8913.0	best_hit_to_mtDNA
T	T	T	8854	HG002_all_regions	HG002_chr1.633402.634418|HISEQ1:18:H8VC6ADXX:2:1105:12218:22473	HG002_chr1.633402.634418|HISEQ1:18:H8VC6ADXX:2:1105:12218:22473	148	8783.0	8913.0	best_hit_to_mtDNA
A	A	A	8855	HG002_all_regions	HG002_chr1.633402.634418|HISEQ1:18:H8VC6ADXX:2:1105:12218:22473	HG002_chr1.633402.634418|HISEQ1:18:H8VC6ADXX:2:1105:12218:22473	148	8783.0	8913.0	best_hit_to_mtDNA
T	T	T	8856	HG002_all_regions	HG002_chr1.633402.634418|HISEQ1:18:H8VC6ADXX:2:1105:12218:22473	HG002_chr1.633402.634418|HISEQ1:18:H8VC6ADXX:2:1105:12218:22473	148	8783.0	8913.0	best_hit_to_mtDNA
G	G	G	8857	HG002_all_regions	HG002_chr1.633402.634418|HISEQ1:18:H8VC6ADXX:2:1105:12218:22473	HG002_chr1.633402.634418|HISEQ1:18:H8VC6ADXX:2:1105:12218:22473	148	8783.0	8913.0	best_hit_to_mtDNA
A	A	A	8858	HG002_all_regions	HG002_chr1.633402.634418|HISEQ1:18:H8VC6ADXX:2:1105:12218:22473	HG002_chr1.633402.634418|HISEQ1:18:H8VC6ADXX:2:1105:12218:22473	148	8783.0	8913.0	best_hit_to_mtDNA
G	G	G	8859	HG002_all_regions	HG002_chr1.633402.634418|HISEQ1:18:H8VC6ADXX:2:1105:12218:22473	HG002_chr1.633402.634418|HISEQ1:18:H8VC6ADXX:2:1105:12218:22473	148	8783.0	8913.0	best_hit_to_mtDNA
C	C	C	8860	HG002_all_regions	HG002_chr1.633402.634418|HISEQ1:18:H8VC6ADXX:2:1105:12218:22473	HG002_chr1.633402.634418|HISEQ1:18:H8VC6ADXX:2:1105:12218:22473	148	8783.0	8913.0	best_hit_to_mtDNA
G	A	G	8861	HG002_all_regions	HG002_chr1.633402.634418|HISEQ1:18:H8VC6ADXX:2:1105:12218:22473	HG002_chr1.633402.634418|HISEQ1:18:H8VC6ADXX:2:1105:12218:22473	148	8783.0	8913.0	best_hit_to_mtDNA
G	G	G	8862	HG002_all_regions	HG002_chr1.633402.634418|HISEQ1:18:H8VC6ADXX:2:1105:12218:22473	HG002_chr1.633402.634418|HISEQ1:18:H8VC6ADXX:2:1105:12218:22473	148	8783.0	8913.0	best_hit_to_mtDNA
G	G	G	8863	HG002_all_regions	HG002_chr1.633402.634418|HISEQ1:18:H8VC6ADXX:2:1105:12218:22473	HG002_chr1.633402.634418|HISEQ1:18:H8VC6ADXX:2:1105:12218:22473	148	8783.0	8913.0	best_hit_to_mtDNA
C	C	C	8864	HG002_all_regions	HG002_chr1.633402.634418|HISEQ1:18:H8VC6ADXX:2:1105:12218:22473	HG002_chr1.633402.634418|HISEQ1:18:H8VC6ADXX:2:1105:12218:22473	148	8783.0	8913.0	best_hit_to_mtDNA
A	G	G	8865	HG002_all_regions	HG002_chr1.633402.634418|HISEQ1:18:H8VC6ADXX:2:1105:12218:22473	HG002_chr1.633402.634418|HISEQ1:18:H8VC6ADXX:2:1105:12218:22473	148	8783.0	8913.0	best_hit_to_mtDNA
C	C	C	8866	HG002_all_regions	HG002_chr1.633402.634418|HISEQ1:18:H8VC6ADXX:2:1105:12218:22473	HG002_chr1.633402.634418|HISEQ1:18:H8VC6ADXX:2:1105:12218:22473	148	8783.0	8913.0	best_hit_to_mtDNA
A	A	A	8867	HG002_all_regions	HG002_chr1.633402.634418|HISEQ1:18:H8VC6ADXX:2:1105:12218:22473	HG002_chr1.633402.634418|HISEQ1:18:H8VC6ADXX:2:1105:12218:22473	148	8783.0	8913.0	best_hit_to_mtDNA
G	G	G	8868	HG002_all_regions	HG002_chr1.633402.634418|HISEQ1:18:H8VC6ADXX:2:1105:12218:22473	HG002_chr1.633402.634418|HISEQ1:18:H8VC6ADXX:2:1105:12218:22473	148	8783.0	8913.0	best_hit_to_mtDNA
T	T	T	8869	HG002_all_regions	HG002_chr1.633402.634418|HISEQ1:18:H8VC6ADXX:2:1105:12218:22473	HG002_chr1.633402.634418|HISEQ1:18:H8VC6ADXX:2:1105:12218:22473	148	8783.0	8913.0	best_hit_to_mtDNA
G	A	G	8870	HG002_all_regions	HG002_chr1.633402.634418|HISEQ1:18:H8VC6ADXX:2:1105:12218:22473	HG002_chr1.633402.634418|HISEQ1:18:H8VC6ADXX:2:1105:12218:22473	148	8783.0	8913.0	best_hit_to_mtDNA
A	G	A	8871	HG002_all_regions	HG002_chr1.633402.634418|HISEQ1:18:H8VC6ADXX:2:1105:12218:22473	HG002_chr1.633402.634418|HISEQ1:18:H8VC6ADXX:2:1105:12218:22473	148	8783.0	8913.0	best_hit_to_mtDNA
T	T	T	8872	HG002_all_regions	HG002_chr1.633402.634418|HISEQ1:18:H8VC6ADXX:2:1105:12218:22473	HG002_chr1.633402.634418|HISEQ1:18:H8VC6ADXX:2:1105:12218:22473	148	8783.0	8913.0	best_hit_to_mtDNA
T	C	T	8873	HG002_all_regions	HG002_chr1.633402.634418|HISEQ1:18:H8VC6ADXX:2:1105:12218:22473	HG002_chr1.633402.634418|HISEQ1:18:H8VC6ADXX:2:1105:12218:22473	148	8783.0	8913.0	best_hit_to_mtDNA
A	A	A	8874	HG002_all_regions	HG002_chr1.633402.634418|HISEQ1:18:H8VC6ADXX:2:1105:12218:22473	HG002_chr1.633402.634418|HISEQ1:18:H8VC6ADXX:2:1105:12218:22473	148	8783.0	8913.0	best_hit_to_mtDNA
T	T	T	8875	HG002_all_regions	HG002_chr1.633402.634418|HISEQ1:18:H8VC6ADXX:2:1105:12218:22473	HG002_chr1.633402.634418|HISEQ1:18:H8VC6ADXX:2:1105:12218:22473	148	8783.0	8913.0	best_hit_to_mtDNA
A	A	A	8876	HG002_all_regions	HG002_chr1.633402.634418|HISEQ1:18:H8VC6ADXX:2:1105:12218:22473	HG002_chr1.633402.634418|HISEQ1:18:H8VC6ADXX:2:1105:12218:22473	148	8783.0	8913.0	best_hit_to_mtDNA
G	G	G	8877	HG002_all_regions	HG002_chr1.633402.634418|HISEQ1:18:H8VC6ADXX:2:1105:12218:22473	HG002_chr1.633402.634418|HISEQ1:18:H8VC6ADXX:2:1105:12218:22473	148	8783.0	8913.0	best_hit_to_mtDNA
G	G	G	8878	HG002_all_regions	HG002_chr1.633402.634418|HISEQ1:18:H8VC6ADXX:2:1105:12218:22473	HG002_chr1.633402.634418|HISEQ1:18:H8VC6ADXX:2:1105:12218:22473	148	8783.0	8913.0	best_hit_to_mtDNA
C	C	C	8879	HG002_all_regions	HG002_chr1.633402.634418|HISEQ1:18:H8VC6ADXX:2:1105:12218:22473	HG002_chr1.633402.634418|HISEQ1:18:H8VC6ADXX:2:1105:12218:22473	148	8783.0	8913.0	best_hit_to_mtDNA
T	T	T	8880	HG002_all_regions	HG002_chr1.633402.634418|HISEQ1:18:H8VC6ADXX:2:1105:12218:22473	HG002_chr1.633402.634418|HISEQ1:18:H8VC6ADXX:2:1105:12218:22473	148	8783.0	8913.0	best_hit_to_mtDNA
T	T	T	8881	HG002_all_regions	HG002_chr1.633402.634418|HISEQ1:18:H8VC6ADXX:2:1105:12218:22473	HG002_chr1.633402.634418|HISEQ1:18:H8VC6ADXX:2:1105:12218:22473	148	8783.0	8913.0	best_hit_to_mtDNA
T	T	T	8882	HG002_all_regions	HG002_chr1.633402.634418|HISEQ1:18:H8VC6ADXX:2:1105:12218:22473	HG002_chr1.633402.634418|HISEQ1:18:H8VC6ADXX:2:1105:12218:22473	148	8783.0	8913.0	best_hit_to_mtDNA
C	C	C	8883	HG002_all_regions	HG002_chr1.633402.634418|HISEQ1:18:H8VC6ADXX:2:1105:12218:22473	HG002_chr1.633402.634418|HISEQ1:18:H8VC6ADXX:2:1105:12218:22473	148	8783.0	8913.0	best_hit_to_mtDNA
G	G	G	8884	HG002_all_regions	HG002_chr1.633402.634418|HISEQ1:18:H8VC6ADXX:2:1105:12218:22473	HG002_chr1.633402.634418|HISEQ1:18:H8VC6ADXX:2:1105:12218:22473	148	8783.0	8913.0	best_hit_to_mtDNA
C	C	C	8885	HG002_all_regions	HG002_chr1.633402.634418|HISEQ1:18:H8VC6ADXX:2:1105:12218:22473	HG002_chr1.633402.634418|HISEQ1:18:H8VC6ADXX:2:1105:12218:22473	148	8783.0	8913.0	best_hit_to_mtDNA
T	T	T	8886	HG002_all_regions	HG002_chr1.633402.634418|HISEQ1:18:H8VC6ADXX:2:1105:12218:22473	HG002_chr1.633402.634418|HISEQ1:18:H8VC6ADXX:2:1105:12218:22473	148	8783.0	8913.0	best_hit_to_mtDNA
C	T	C	8887	HG002_all_regions	HG002_chr1.633402.634418|HISEQ1:18:H8VC6ADXX:2:1105:12218:22473	HG002_chr1.633402.634418|HISEQ1:18:H8VC6ADXX:2:1105:12218:22473	148	8783.0	8913.0	best_hit_to_mtDNA
T	T	T	8888	HG002_all_regions	HG002_chr1.633402.634418|HISEQ1:18:H8VC6ADXX:2:1105:12218:22473	HG002_chr1.633402.634418|HISEQ1:18:H8VC6ADXX:2:1105:12218:22473	148	8783.0	8913.0	best_hit_to_mtDNA
A	A	A	8889	HG002_all_regions	HG002_chr1.633402.634418|HISEQ1:18:H8VC6ADXX:2:1105:12218:22473	HG002_chr1.633402.634418|HISEQ1:18:H8VC6ADXX:2:1105:12218:22473	148	8783.0	8913.0	best_hit_to_mtDNA
A	A	A	8890	HG002_all_regions	HG002_chr1.633402.634418|HISEQ1:18:H8VC6ADXX:2:1105:12218:22473	HG002_chr1.633402.634418|HISEQ1:18:H8VC6ADXX:2:1105:12218:22473	148	8783.0	8913.0	best_hit_to_mtDNA
G	G	G	8891	HG002_all_regions	HG002_chr1.633402.634418|HISEQ1:18:H8VC6ADXX:2:1105:12218:22473	HG002_chr1.633402.634418|HISEQ1:18:H8VC6ADXX:2:1105:12218:22473	148	8783.0	8913.0	best_hit_to_mtDNA
A	A	A	8892	HG002_all_regions	HG002_chr1.633402.634418|HISEQ1:18:H8VC6ADXX:2:1105:12218:22473	HG002_chr1.633402.634418|HISEQ1:18:H8VC6ADXX:2:1105:12218:22473	148	8783.0	8913.0	best_hit_to_mtDNA
T	C	T	8893	HG002_all_regions	HG002_chr1.633402.634418|HISEQ1:18:H8VC6ADXX:2:1105:12218:22473	HG002_chr1.633402.634418|HISEQ1:18:H8VC6ADXX:2:1105:12218:22473	148	8783.0	8913.0	best_hit_to_mtDNA
T	T	T	8894	HG002_all_regions	HG002_chr1.633402.634418|HISEQ1:18:H8VC6ADXX:2:1105:12218:22473	HG002_chr1.633402.634418|HISEQ1:18:H8VC6ADXX:2:1105:12218:22473	148	8783.0	8913.0	best_hit_to_mtDNA
A	A	A	8895	HG002_all_regions	HG002_chr1.633402.634418|HISEQ1:18:H8VC6ADXX:2:1105:12218:22473	HG002_chr1.633402.634418|HISEQ1:18:H8VC6ADXX:2:1105:12218:22473	148	8783.0	8913.0	best_hit_to_mtDNA
A	A	A	8896	HG002_all_regions	HG002_chr1.633402.634418|HISEQ1:18:H8VC6ADXX:2:1105:12218:22473	HG002_chr1.633402.634418|HISEQ1:18:H8VC6ADXX:2:1105:12218:22473	148	8783.0	8913.0	best_hit_to_mtDNA
A	A	A	8897	HG002_all_regions	HG002_chr1.633402.634418|HISEQ1:18:H8VC6ADXX:2:1105:12218:22473	HG002_chr1.633402.634418|HISEQ1:18:H8VC6ADXX:2:1105:12218:22473	148	8783.0	8913.0	best_hit_to_mtDNA
A	A	A	8898	HG002_all_regions	HG002_chr1.633402.634418|HISEQ1:18:H8VC6ADXX:2:1105:12218:22473	HG002_chr1.633402.634418|HISEQ1:18:H8VC6ADXX:2:1105:12218:22473	148	8783.0	8913.0	best_hit_to_mtDNA
A	A	A	8899	HG002_all_regions	HG002_chr1.633402.634418|HISEQ1:18:H8VC6ADXX:2:1105:12218:22473	HG002_chr1.633402.634418|HISEQ1:18:H8VC6ADXX:2:1105:12218:22473	148	8783.0	8913.0	best_hit_to_mtDNA
T	T	T	8900	HG002_all_regions	HG002_chr1.633402.634418|HISEQ1:18:H8VC6ADXX:2:1105:12218:22473	HG002_chr1.633402.634418|HISEQ1:18:H8VC6ADXX:2:1105:12218:22473	148	8783.0	8913.0	best_hit_to_mtDNA
G	G	G	8901	HG002_all_regions	HG002_chr1.633402.634418|HISEQ1:18:H8VC6ADXX:2:1105:12218:22473	HG002_chr1.633402.634418|HISEQ1:18:H8VC6ADXX:2:1105:12218:22473	148	8783.0	8913.0	best_hit_to_mtDNA
C	C	C	8902	HG002_all_regions	HG002_chr1.633402.634418|HISEQ1:18:H8VC6ADXX:2:1105:12218:22473	HG002_chr1.633402.634418|HISEQ1:18:H8VC6ADXX:2:1105:12218:22473	148	8783.0	8913.0	best_hit_to_mtDNA
C	C	C	8903	HG002_all_regions	HG002_chr1.633402.634418|HISEQ1:18:H8VC6ADXX:2:1105:12218:22473	HG002_chr1.633402.634418|HISEQ1:18:H8VC6ADXX:2:1105:12218:22473	148	8783.0	8913.0	best_hit_to_mtDNA
C	C	C	8904	HG002_all_regions	HG002_chr1.633402.634418|HISEQ1:18:H8VC6ADXX:2:1105:12218:22473	HG002_chr1.633402.634418|HISEQ1:18:H8VC6ADXX:2:1105:12218:22473	148	8783.0	8913.0	best_hit_to_mtDNA
T	T	T	8905	HG002_all_regions	HG002_chr1.633402.634418|HISEQ1:18:H8VC6ADXX:2:1105:12218:22473	HG002_chr1.633402.634418|HISEQ1:18:H8VC6ADXX:2:1105:12218:22473	148	8783.0	8913.0	best_hit_to_mtDNA
A	A	A	8906	HG002_all_regions	HG002_chr1.633402.634418|HISEQ1:18:H8VC6ADXX:2:1105:12218:22473	HG002_chr1.633402.634418|HISEQ1:18:H8VC6ADXX:2:1105:12218:22473	148	8783.0	8913.0	best_hit_to_mtDNA
G	G	G	8907	HG002_all_regions	HG002_chr1.633402.634418|HISEQ1:18:H8VC6ADXX:2:1105:12218:22473	HG002_chr1.633402.634418|HISEQ1:18:H8VC6ADXX:2:1105:12218:22473	148	8783.0	8913.0	best_hit_to_mtDNA
C	C	C	8908	HG002_all_regions	HG002_chr1.633402.634418|HISEQ1:18:H8VC6ADXX:2:1105:12218:22473	HG002_chr1.633402.634418|HISEQ1:18:H8VC6ADXX:2:1105:12218:22473	148	8783.0	8913.0	best_hit_to_mtDNA
C	C	C	8909	HG002_all_regions	HG002_chr1.633402.634418|HISEQ1:18:H8VC6ADXX:2:1105:12218:22473	HG002_chr1.633402.634418|HISEQ1:18:H8VC6ADXX:2:1105:12218:22473	148	8783.0	8913.0	best_hit_to_mtDNA
C	C	C	8910	HG002_all_regions	HG002_chr1.633402.634418|HISEQ1:18:H8VC6ADXX:2:1105:12218:22473	HG002_chr1.633402.634418|HISEQ1:18:H8VC6ADXX:2:1105:12218:22473	148	8783.0	8913.0	best_hit_to_mtDNA
A	A	A	8911	HG002_all_regions	HG002_chr1.633402.634418|HISEQ1:18:H8VC6ADXX:2:1105:12218:22473	HG002_chr1.633402.634418|HISEQ1:18:H8VC6ADXX:2:1105:12218:22473	148	8783.0	8913.0	best_hit_to_mtDNA
C	C	C	8912	HG002_all_regions	HG002_chr1.633402.634418|HISEQ1:18:H8VC6ADXX:2:1105:12218:22473	HG002_chr1.633402.634418|HISEQ1:18:H8VC6ADXX:2:1105:12218:22473	148	8783.0	8913.0	best_hit_to_mtDNA
G	G	G	8787	HG002_all_regions	HG002_chr1.633402.634418|HISEQ1:19:H8VDAADXX:1:1107:11271:70785	HG002_chr1.633402.634418|HISEQ1:19:H8VDAADXX:1:1107:11271:70785	148	8785.0	8929.0	best_hit_to_mtDNA
G	G	A	8788	HG002_all_regions	HG002_chr1.633402.634418|HISEQ1:19:H8VDAADXX:1:1107:11271:70785	HG002_chr1.633402.634418|HISEQ1:19:H8VDAADXX:1:1107:11271:70785	148	8785.0	8929.0	best_hit_to_mtDNA
A	G	T	8789	HG002_all_regions	HG002_chr1.633402.634418|HISEQ1:19:H8VDAADXX:1:1107:11271:70785	HG002_chr1.633402.634418|HISEQ1:19:H8VDAADXX:1:1107:11271:70785	148	8785.0	8929.0	best_hit_to_mtDNA
C	C	C	8790	HG002_all_regions	HG002_chr1.633402.634418|HISEQ1:19:H8VDAADXX:1:1107:11271:70785	HG002_chr1.633402.634418|HISEQ1:19:H8VDAADXX:1:1107:11271:70785	148	8785.0	8929.0	best_hit_to_mtDNA
T	T	T	8791	HG002_all_regions	HG002_chr1.633402.634418|HISEQ1:19:H8VDAADXX:1:1107:11271:70785	HG002_chr1.633402.634418|HISEQ1:19:H8VDAADXX:1:1107:11271:70785	148	8785.0	8929.0	best_hit_to_mtDNA
C	T	C	8792	HG002_all_regions	HG002_chr1.633402.634418|HISEQ1:19:H8VDAADXX:1:1107:11271:70785	HG002_chr1.633402.634418|HISEQ1:19:H8VDAADXX:1:1107:11271:70785	148	8785.0	8929.0	best_hit_to_mtDNA
C	C	C	8793	HG002_all_regions	HG002_chr1.633402.634418|HISEQ1:19:H8VDAADXX:1:1107:11271:70785	HG002_chr1.633402.634418|HISEQ1:19:H8VDAADXX:1:1107:11271:70785	148	8785.0	8929.0	best_hit_to_mtDNA
T	T	T	8794	HG002_all_regions	HG002_chr1.633402.634418|HISEQ1:19:H8VDAADXX:1:1107:11271:70785	HG002_chr1.633402.634418|HISEQ1:19:H8VDAADXX:1:1107:11271:70785	148	8785.0	8929.0	best_hit_to_mtDNA
G	A	G	8795	HG002_all_regions	HG002_chr1.633402.634418|HISEQ1:19:H8VDAADXX:1:1107:11271:70785	HG002_chr1.633402.634418|HISEQ1:19:H8VDAADXX:1:1107:11271:70785	148	8785.0	8929.0	best_hit_to_mtDNA
C	C	C	8796	HG002_all_regions	HG002_chr1.633402.634418|HISEQ1:19:H8VDAADXX:1:1107:11271:70785	HG002_chr1.633402.634418|HISEQ1:19:H8VDAADXX:1:1107:11271:70785	148	8785.0	8929.0	best_hit_to_mtDNA
C	C	C	8797	HG002_all_regions	HG002_chr1.633402.634418|HISEQ1:19:H8VDAADXX:1:1107:11271:70785	HG002_chr1.633402.634418|HISEQ1:19:H8VDAADXX:1:1107:11271:70785	148	8785.0	8929.0	best_hit_to_mtDNA
T	C	T	8798	HG002_all_regions	HG002_chr1.633402.634418|HISEQ1:19:H8VDAADXX:1:1107:11271:70785	HG002_chr1.633402.634418|HISEQ1:19:H8VDAADXX:1:1107:11271:70785	148	8785.0	8929.0	best_hit_to_mtDNA
C	C	C	8799	HG002_all_regions	HG002_chr1.633402.634418|HISEQ1:19:H8VDAADXX:1:1107:11271:70785	HG002_chr1.633402.634418|HISEQ1:19:H8VDAADXX:1:1107:11271:70785	148	8785.0	8929.0	best_hit_to_mtDNA
A	A	A	8800	HG002_all_regions	HG002_chr1.633402.634418|HISEQ1:19:H8VDAADXX:1:1107:11271:70785	HG002_chr1.633402.634418|HISEQ1:19:H8VDAADXX:1:1107:11271:70785	148	8785.0	8929.0	best_hit_to_mtDNA
C	C	C	8801	HG002_all_regions	HG002_chr1.633402.634418|HISEQ1:19:H8VDAADXX:1:1107:11271:70785	HG002_chr1.633402.634418|HISEQ1:19:H8VDAADXX:1:1107:11271:70785	148	8785.0	8929.0	best_hit_to_mtDNA
T	T	T	8802	HG002_all_regions	HG002_chr1.633402.634418|HISEQ1:19:H8VDAADXX:1:1107:11271:70785	HG002_chr1.633402.634418|HISEQ1:19:H8VDAADXX:1:1107:11271:70785	148	8785.0	8929.0	best_hit_to_mtDNA
C	C	C	8803	HG002_all_regions	HG002_chr1.633402.634418|HISEQ1:19:H8VDAADXX:1:1107:11271:70785	HG002_chr1.633402.634418|HISEQ1:19:H8VDAADXX:1:1107:11271:70785	148	8785.0	8929.0	best_hit_to_mtDNA
A	A	A	8804	HG002_all_regions	HG002_chr1.633402.634418|HISEQ1:19:H8VDAADXX:1:1107:11271:70785	HG002_chr1.633402.634418|HISEQ1:19:H8VDAADXX:1:1107:11271:70785	148	8785.0	8929.0	best_hit_to_mtDNA
T	T	T	8805	HG002_all_regions	HG002_chr1.633402.634418|HISEQ1:19:H8VDAADXX:1:1107:11271:70785	HG002_chr1.633402.634418|HISEQ1:19:H8VDAADXX:1:1107:11271:70785	148	8785.0	8929.0	best_hit_to_mtDNA
T	T	T	8806	HG002_all_regions	HG002_chr1.633402.634418|HISEQ1:19:H8VDAADXX:1:1107:11271:70785	HG002_chr1.633402.634418|HISEQ1:19:H8VDAADXX:1:1107:11271:70785	148	8785.0	8929.0	best_hit_to_mtDNA
T	C	T	8807	HG002_all_regions	HG002_chr1.633402.634418|HISEQ1:19:H8VDAADXX:1:1107:11271:70785	HG002_chr1.633402.634418|HISEQ1:19:H8VDAADXX:1:1107:11271:70785	148	8785.0	8929.0	best_hit_to_mtDNA
A	A	A	8808	HG002_all_regions	HG002_chr1.633402.634418|HISEQ1:19:H8VDAADXX:1:1107:11271:70785	HG002_chr1.633402.634418|HISEQ1:19:H8VDAADXX:1:1107:11271:70785	148	8785.0	8929.0	best_hit_to_mtDNA
C	C	C	8809	HG002_all_regions	HG002_chr1.633402.634418|HISEQ1:19:H8VDAADXX:1:1107:11271:70785	HG002_chr1.633402.634418|HISEQ1:19:H8VDAADXX:1:1107:11271:70785	148	8785.0	8929.0	best_hit_to_mtDNA
A	A	A	8810	HG002_all_regions	HG002_chr1.633402.634418|HISEQ1:19:H8VDAADXX:1:1107:11271:70785	HG002_chr1.633402.634418|HISEQ1:19:H8VDAADXX:1:1107:11271:70785	148	8785.0	8929.0	best_hit_to_mtDNA
C	C	C	8811	HG002_all_regions	HG002_chr1.633402.634418|HISEQ1:19:H8VDAADXX:1:1107:11271:70785	HG002_chr1.633402.634418|HISEQ1:19:H8VDAADXX:1:1107:11271:70785	148	8785.0	8929.0	best_hit_to_mtDNA
C	C	C	8812	HG002_all_regions	HG002_chr1.633402.634418|HISEQ1:19:H8VDAADXX:1:1107:11271:70785	HG002_chr1.633402.634418|HISEQ1:19:H8VDAADXX:1:1107:11271:70785	148	8785.0	8929.0	best_hit_to_mtDNA
A	A	A	8813	HG002_all_regions	HG002_chr1.633402.634418|HISEQ1:19:H8VDAADXX:1:1107:11271:70785	HG002_chr1.633402.634418|HISEQ1:19:H8VDAADXX:1:1107:11271:70785	148	8785.0	8929.0	best_hit_to_mtDNA
A	A	A	8814	HG002_all_regions	HG002_chr1.633402.634418|HISEQ1:19:H8VDAADXX:1:1107:11271:70785	HG002_chr1.633402.634418|HISEQ1:19:H8VDAADXX:1:1107:11271:70785	148	8785.0	8929.0	best_hit_to_mtDNA
C	C	C	8815	HG002_all_regions	HG002_chr1.633402.634418|HISEQ1:19:H8VDAADXX:1:1107:11271:70785	HG002_chr1.633402.634418|HISEQ1:19:H8VDAADXX:1:1107:11271:70785	148	8785.0	8929.0	best_hit_to_mtDNA
C	C	C	8816	HG002_all_regions	HG002_chr1.633402.634418|HISEQ1:19:H8VDAADXX:1:1107:11271:70785	HG002_chr1.633402.634418|HISEQ1:19:H8VDAADXX:1:1107:11271:70785	148	8785.0	8929.0	best_hit_to_mtDNA
A	A	A	8817	HG002_all_regions	HG002_chr1.633402.634418|HISEQ1:19:H8VDAADXX:1:1107:11271:70785	HG002_chr1.633402.634418|HISEQ1:19:H8VDAADXX:1:1107:11271:70785	148	8785.0	8929.0	best_hit_to_mtDNA
C	C	C	8818	HG002_all_regions	HG002_chr1.633402.634418|HISEQ1:19:H8VDAADXX:1:1107:11271:70785	HG002_chr1.633402.634418|HISEQ1:19:H8VDAADXX:1:1107:11271:70785	148	8785.0	8929.0	best_hit_to_mtDNA
C	C	C	8819	HG002_all_regions	HG002_chr1.633402.634418|HISEQ1:19:H8VDAADXX:1:1107:11271:70785	HG002_chr1.633402.634418|HISEQ1:19:H8VDAADXX:1:1107:11271:70785	148	8785.0	8929.0	best_hit_to_mtDNA
C	C	C	8820	HG002_all_regions	HG002_chr1.633402.634418|HISEQ1:19:H8VDAADXX:1:1107:11271:70785	HG002_chr1.633402.634418|HISEQ1:19:H8VDAADXX:1:1107:11271:70785	148	8785.0	8929.0	best_hit_to_mtDNA
A	A	A	8821	HG002_all_regions	HG002_chr1.633402.634418|HISEQ1:19:H8VDAADXX:1:1107:11271:70785	HG002_chr1.633402.634418|HISEQ1:19:H8VDAADXX:1:1107:11271:70785	148	8785.0	8929.0	best_hit_to_mtDNA
A	A	A	8822	HG002_all_regions	HG002_chr1.633402.634418|HISEQ1:19:H8VDAADXX:1:1107:11271:70785	HG002_chr1.633402.634418|HISEQ1:19:H8VDAADXX:1:1107:11271:70785	148	8785.0	8929.0	best_hit_to_mtDNA
C	C	C	8823	HG002_all_regions	HG002_chr1.633402.634418|HISEQ1:19:H8VDAADXX:1:1107:11271:70785	HG002_chr1.633402.634418|HISEQ1:19:H8VDAADXX:1:1107:11271:70785	148	8785.0	8929.0	best_hit_to_mtDNA
T	T	T	8824	HG002_all_regions	HG002_chr1.633402.634418|HISEQ1:19:H8VDAADXX:1:1107:11271:70785	HG002_chr1.633402.634418|HISEQ1:19:H8VDAADXX:1:1107:11271:70785	148	8785.0	8929.0	best_hit_to_mtDNA
A	A	A	8825	HG002_all_regions	HG002_chr1.633402.634418|HISEQ1:19:H8VDAADXX:1:1107:11271:70785	HG002_chr1.633402.634418|HISEQ1:19:H8VDAADXX:1:1107:11271:70785	148	8785.0	8929.0	best_hit_to_mtDNA
T	T	T	8826	HG002_all_regions	HG002_chr1.633402.634418|HISEQ1:19:H8VDAADXX:1:1107:11271:70785	HG002_chr1.633402.634418|HISEQ1:19:H8VDAADXX:1:1107:11271:70785	148	8785.0	8929.0	best_hit_to_mtDNA
C	C	C	8827	HG002_all_regions	HG002_chr1.633402.634418|HISEQ1:19:H8VDAADXX:1:1107:11271:70785	HG002_chr1.633402.634418|HISEQ1:19:H8VDAADXX:1:1107:11271:70785	148	8785.0	8929.0	best_hit_to_mtDNA
T	T	T	8828	HG002_all_regions	HG002_chr1.633402.634418|HISEQ1:19:H8VDAADXX:1:1107:11271:70785	HG002_chr1.633402.634418|HISEQ1:19:H8VDAADXX:1:1107:11271:70785	148	8785.0	8929.0	best_hit_to_mtDNA
A	A	A	8829	HG002_all_regions	HG002_chr1.633402.634418|HISEQ1:19:H8VDAADXX:1:1107:11271:70785	HG002_chr1.633402.634418|HISEQ1:19:H8VDAADXX:1:1107:11271:70785	148	8785.0	8929.0	best_hit_to_mtDNA
T	T	T	8830	HG002_all_regions	HG002_chr1.633402.634418|HISEQ1:19:H8VDAADXX:1:1107:11271:70785	HG002_chr1.633402.634418|HISEQ1:19:H8VDAADXX:1:1107:11271:70785	148	8785.0	8929.0	best_hit_to_mtDNA
A	A	A	8831	HG002_all_regions	HG002_chr1.633402.634418|HISEQ1:19:H8VDAADXX:1:1107:11271:70785	HG002_chr1.633402.634418|HISEQ1:19:H8VDAADXX:1:1107:11271:70785	148	8785.0	8929.0	best_hit_to_mtDNA
A	A	A	8832	HG002_all_regions	HG002_chr1.633402.634418|HISEQ1:19:H8VDAADXX:1:1107:11271:70785	HG002_chr1.633402.634418|HISEQ1:19:H8VDAADXX:1:1107:11271:70785	148	8785.0	8929.0	best_hit_to_mtDNA
A	A	A	8833	HG002_all_regions	HG002_chr1.633402.634418|HISEQ1:19:H8VDAADXX:1:1107:11271:70785	HG002_chr1.633402.634418|HISEQ1:19:H8VDAADXX:1:1107:11271:70785	148	8785.0	8929.0	best_hit_to_mtDNA
C	C	C	8834	HG002_all_regions	HG002_chr1.633402.634418|HISEQ1:19:H8VDAADXX:1:1107:11271:70785	HG002_chr1.633402.634418|HISEQ1:19:H8VDAADXX:1:1107:11271:70785	148	8785.0	8929.0	best_hit_to_mtDNA
C	C	C	8835	HG002_all_regions	HG002_chr1.633402.634418|HISEQ1:19:H8VDAADXX:1:1107:11271:70785	HG002_chr1.633402.634418|HISEQ1:19:H8VDAADXX:1:1107:11271:70785	148	8785.0	8929.0	best_hit_to_mtDNA
T	T	T	8836	HG002_all_regions	HG002_chr1.633402.634418|HISEQ1:19:H8VDAADXX:1:1107:11271:70785	HG002_chr1.633402.634418|HISEQ1:19:H8VDAADXX:1:1107:11271:70785	148	8785.0	8929.0	best_hit_to_mtDNA
A	A	A	8837	HG002_all_regions	HG002_chr1.633402.634418|HISEQ1:19:H8VDAADXX:1:1107:11271:70785	HG002_chr1.633402.634418|HISEQ1:19:H8VDAADXX:1:1107:11271:70785	148	8785.0	8929.0	best_hit_to_mtDNA
G	G	G	8838	HG002_all_regions	HG002_chr1.633402.634418|HISEQ1:19:H8VDAADXX:1:1107:11271:70785	HG002_chr1.633402.634418|HISEQ1:19:H8VDAADXX:1:1107:11271:70785	148	8785.0	8929.0	best_hit_to_mtDNA
C	C	C	8839	HG002_all_regions	HG002_chr1.633402.634418|HISEQ1:19:H8VDAADXX:1:1107:11271:70785	HG002_chr1.633402.634418|HISEQ1:19:H8VDAADXX:1:1107:11271:70785	148	8785.0	8929.0	best_hit_to_mtDNA
C	C	C	8840	HG002_all_regions	HG002_chr1.633402.634418|HISEQ1:19:H8VDAADXX:1:1107:11271:70785	HG002_chr1.633402.634418|HISEQ1:19:H8VDAADXX:1:1107:11271:70785	148	8785.0	8929.0	best_hit_to_mtDNA
A	A	A	8841	HG002_all_regions	HG002_chr1.633402.634418|HISEQ1:19:H8VDAADXX:1:1107:11271:70785	HG002_chr1.633402.634418|HISEQ1:19:H8VDAADXX:1:1107:11271:70785	148	8785.0	8929.0	best_hit_to_mtDNA
T	T	T	8842	HG002_all_regions	HG002_chr1.633402.634418|HISEQ1:19:H8VDAADXX:1:1107:11271:70785	HG002_chr1.633402.634418|HISEQ1:19:H8VDAADXX:1:1107:11271:70785	148	8785.0	8929.0	best_hit_to_mtDNA
G	G	G	8843	HG002_all_regions	HG002_chr1.633402.634418|HISEQ1:19:H8VDAADXX:1:1107:11271:70785	HG002_chr1.633402.634418|HISEQ1:19:H8VDAADXX:1:1107:11271:70785	148	8785.0	8929.0	best_hit_to_mtDNA
G	G	G	8844	HG002_all_regions	HG002_chr1.633402.634418|HISEQ1:19:H8VDAADXX:1:1107:11271:70785	HG002_chr1.633402.634418|HISEQ1:19:H8VDAADXX:1:1107:11271:70785	148	8785.0	8929.0	best_hit_to_mtDNA
C	C	C	8845	HG002_all_regions	HG002_chr1.633402.634418|HISEQ1:19:H8VDAADXX:1:1107:11271:70785	HG002_chr1.633402.634418|HISEQ1:19:H8VDAADXX:1:1107:11271:70785	148	8785.0	8929.0	best_hit_to_mtDNA
C	T	C	8846	HG002_all_regions	HG002_chr1.633402.634418|HISEQ1:19:H8VDAADXX:1:1107:11271:70785	HG002_chr1.633402.634418|HISEQ1:19:H8VDAADXX:1:1107:11271:70785	148	8785.0	8929.0	best_hit_to_mtDNA
A	A	A	8847	HG002_all_regions	HG002_chr1.633402.634418|HISEQ1:19:H8VDAADXX:1:1107:11271:70785	HG002_chr1.633402.634418|HISEQ1:19:H8VDAADXX:1:1107:11271:70785	148	8785.0	8929.0	best_hit_to_mtDNA
T	T	T	8848	HG002_all_regions	HG002_chr1.633402.634418|HISEQ1:19:H8VDAADXX:1:1107:11271:70785	HG002_chr1.633402.634418|HISEQ1:19:H8VDAADXX:1:1107:11271:70785	148	8785.0	8929.0	best_hit_to_mtDNA
C	C	C	8849	HG002_all_regions	HG002_chr1.633402.634418|HISEQ1:19:H8VDAADXX:1:1107:11271:70785	HG002_chr1.633402.634418|HISEQ1:19:H8VDAADXX:1:1107:11271:70785	148	8785.0	8929.0	best_hit_to_mtDNA
C	C	C	8850	HG002_all_regions	HG002_chr1.633402.634418|HISEQ1:19:H8VDAADXX:1:1107:11271:70785	HG002_chr1.633402.634418|HISEQ1:19:H8VDAADXX:1:1107:11271:70785	148	8785.0	8929.0	best_hit_to_mtDNA
C	C	C	8851	HG002_all_regions	HG002_chr1.633402.634418|HISEQ1:19:H8VDAADXX:1:1107:11271:70785	HG002_chr1.633402.634418|HISEQ1:19:H8VDAADXX:1:1107:11271:70785	148	8785.0	8929.0	best_hit_to_mtDNA
C	C	C	8852	HG002_all_regions	HG002_chr1.633402.634418|HISEQ1:19:H8VDAADXX:1:1107:11271:70785	HG002_chr1.633402.634418|HISEQ1:19:H8VDAADXX:1:1107:11271:70785	148	8785.0	8929.0	best_hit_to_mtDNA
T	C	T	8853	HG002_all_regions	HG002_chr1.633402.634418|HISEQ1:19:H8VDAADXX:1:1107:11271:70785	HG002_chr1.633402.634418|HISEQ1:19:H8VDAADXX:1:1107:11271:70785	148	8785.0	8929.0	best_hit_to_mtDNA
T	T	T	8854	HG002_all_regions	HG002_chr1.633402.634418|HISEQ1:19:H8VDAADXX:1:1107:11271:70785	HG002_chr1.633402.634418|HISEQ1:19:H8VDAADXX:1:1107:11271:70785	148	8785.0	8929.0	best_hit_to_mtDNA
A	A	A	8855	HG002_all_regions	HG002_chr1.633402.634418|HISEQ1:19:H8VDAADXX:1:1107:11271:70785	HG002_chr1.633402.634418|HISEQ1:19:H8VDAADXX:1:1107:11271:70785	148	8785.0	8929.0	best_hit_to_mtDNA
T	T	T	8856	HG002_all_regions	HG002_chr1.633402.634418|HISEQ1:19:H8VDAADXX:1:1107:11271:70785	HG002_chr1.633402.634418|HISEQ1:19:H8VDAADXX:1:1107:11271:70785	148	8785.0	8929.0	best_hit_to_mtDNA
G	G	G	8857	HG002_all_regions	HG002_chr1.633402.634418|HISEQ1:19:H8VDAADXX:1:1107:11271:70785	HG002_chr1.633402.634418|HISEQ1:19:H8VDAADXX:1:1107:11271:70785	148	8785.0	8929.0	best_hit_to_mtDNA
A	A	A	8858	HG002_all_regions	HG002_chr1.633402.634418|HISEQ1:19:H8VDAADXX:1:1107:11271:70785	HG002_chr1.633402.634418|HISEQ1:19:H8VDAADXX:1:1107:11271:70785	148	8785.0	8929.0	best_hit_to_mtDNA
G	G	G	8859	HG002_all_regions	HG002_chr1.633402.634418|HISEQ1:19:H8VDAADXX:1:1107:11271:70785	HG002_chr1.633402.634418|HISEQ1:19:H8VDAADXX:1:1107:11271:70785	148	8785.0	8929.0	best_hit_to_mtDNA
C	C	C	8860	HG002_all_regions	HG002_chr1.633402.634418|HISEQ1:19:H8VDAADXX:1:1107:11271:70785	HG002_chr1.633402.634418|HISEQ1:19:H8VDAADXX:1:1107:11271:70785	148	8785.0	8929.0	best_hit_to_mtDNA
G	A	G	8861	HG002_all_regions	HG002_chr1.633402.634418|HISEQ1:19:H8VDAADXX:1:1107:11271:70785	HG002_chr1.633402.634418|HISEQ1:19:H8VDAADXX:1:1107:11271:70785	148	8785.0	8929.0	best_hit_to_mtDNA
G	G	G	8862	HG002_all_regions	HG002_chr1.633402.634418|HISEQ1:19:H8VDAADXX:1:1107:11271:70785	HG002_chr1.633402.634418|HISEQ1:19:H8VDAADXX:1:1107:11271:70785	148	8785.0	8929.0	best_hit_to_mtDNA
G	G	G	8863	HG002_all_regions	HG002_chr1.633402.634418|HISEQ1:19:H8VDAADXX:1:1107:11271:70785	HG002_chr1.633402.634418|HISEQ1:19:H8VDAADXX:1:1107:11271:70785	148	8785.0	8929.0	best_hit_to_mtDNA
C	C	C	8864	HG002_all_regions	HG002_chr1.633402.634418|HISEQ1:19:H8VDAADXX:1:1107:11271:70785	HG002_chr1.633402.634418|HISEQ1:19:H8VDAADXX:1:1107:11271:70785	148	8785.0	8929.0	best_hit_to_mtDNA
A	G	G	8865	HG002_all_regions	HG002_chr1.633402.634418|HISEQ1:19:H8VDAADXX:1:1107:11271:70785	HG002_chr1.633402.634418|HISEQ1:19:H8VDAADXX:1:1107:11271:70785	148	8785.0	8929.0	best_hit_to_mtDNA
C	C	C	8866	HG002_all_regions	HG002_chr1.633402.634418|HISEQ1:19:H8VDAADXX:1:1107:11271:70785	HG002_chr1.633402.634418|HISEQ1:19:H8VDAADXX:1:1107:11271:70785	148	8785.0	8929.0	best_hit_to_mtDNA
A	A	A	8867	HG002_all_regions	HG002_chr1.633402.634418|HISEQ1:19:H8VDAADXX:1:1107:11271:70785	HG002_chr1.633402.634418|HISEQ1:19:H8VDAADXX:1:1107:11271:70785	148	8785.0	8929.0	best_hit_to_mtDNA
G	G	G	8868	HG002_all_regions	HG002_chr1.633402.634418|HISEQ1:19:H8VDAADXX:1:1107:11271:70785	HG002_chr1.633402.634418|HISEQ1:19:H8VDAADXX:1:1107:11271:70785	148	8785.0	8929.0	best_hit_to_mtDNA
T	T	T	8869	HG002_all_regions	HG002_chr1.633402.634418|HISEQ1:19:H8VDAADXX:1:1107:11271:70785	HG002_chr1.633402.634418|HISEQ1:19:H8VDAADXX:1:1107:11271:70785	148	8785.0	8929.0	best_hit_to_mtDNA
G	A	G	8870	HG002_all_regions	HG002_chr1.633402.634418|HISEQ1:19:H8VDAADXX:1:1107:11271:70785	HG002_chr1.633402.634418|HISEQ1:19:H8VDAADXX:1:1107:11271:70785	148	8785.0	8929.0	best_hit_to_mtDNA
A	G	A	8871	HG002_all_regions	HG002_chr1.633402.634418|HISEQ1:19:H8VDAADXX:1:1107:11271:70785	HG002_chr1.633402.634418|HISEQ1:19:H8VDAADXX:1:1107:11271:70785	148	8785.0	8929.0	best_hit_to_mtDNA
T	T	T	8872	HG002_all_regions	HG002_chr1.633402.634418|HISEQ1:19:H8VDAADXX:1:1107:11271:70785	HG002_chr1.633402.634418|HISEQ1:19:H8VDAADXX:1:1107:11271:70785	148	8785.0	8929.0	best_hit_to_mtDNA
T	C	T	8873	HG002_all_regions	HG002_chr1.633402.634418|HISEQ1:19:H8VDAADXX:1:1107:11271:70785	HG002_chr1.633402.634418|HISEQ1:19:H8VDAADXX:1:1107:11271:70785	148	8785.0	8929.0	best_hit_to_mtDNA
A	A	A	8874	HG002_all_regions	HG002_chr1.633402.634418|HISEQ1:19:H8VDAADXX:1:1107:11271:70785	HG002_chr1.633402.634418|HISEQ1:19:H8VDAADXX:1:1107:11271:70785	148	8785.0	8929.0	best_hit_to_mtDNA
T	T	T	8875	HG002_all_regions	HG002_chr1.633402.634418|HISEQ1:19:H8VDAADXX:1:1107:11271:70785	HG002_chr1.633402.634418|HISEQ1:19:H8VDAADXX:1:1107:11271:70785	148	8785.0	8929.0	best_hit_to_mtDNA
A	A	A	8876	HG002_all_regions	HG002_chr1.633402.634418|HISEQ1:19:H8VDAADXX:1:1107:11271:70785	HG002_chr1.633402.634418|HISEQ1:19:H8VDAADXX:1:1107:11271:70785	148	8785.0	8929.0	best_hit_to_mtDNA
G	G	G	8877	HG002_all_regions	HG002_chr1.633402.634418|HISEQ1:19:H8VDAADXX:1:1107:11271:70785	HG002_chr1.633402.634418|HISEQ1:19:H8VDAADXX:1:1107:11271:70785	148	8785.0	8929.0	best_hit_to_mtDNA
G	G	G	8878	HG002_all_regions	HG002_chr1.633402.634418|HISEQ1:19:H8VDAADXX:1:1107:11271:70785	HG002_chr1.633402.634418|HISEQ1:19:H8VDAADXX:1:1107:11271:70785	148	8785.0	8929.0	best_hit_to_mtDNA
C	C	C	8879	HG002_all_regions	HG002_chr1.633402.634418|HISEQ1:19:H8VDAADXX:1:1107:11271:70785	HG002_chr1.633402.634418|HISEQ1:19:H8VDAADXX:1:1107:11271:70785	148	8785.0	8929.0	best_hit_to_mtDNA
T	T	T	8880	HG002_all_regions	HG002_chr1.633402.634418|HISEQ1:19:H8VDAADXX:1:1107:11271:70785	HG002_chr1.633402.634418|HISEQ1:19:H8VDAADXX:1:1107:11271:70785	148	8785.0	8929.0	best_hit_to_mtDNA
T	T	T	8881	HG002_all_regions	HG002_chr1.633402.634418|HISEQ1:19:H8VDAADXX:1:1107:11271:70785	HG002_chr1.633402.634418|HISEQ1:19:H8VDAADXX:1:1107:11271:70785	148	8785.0	8929.0	best_hit_to_mtDNA
T	T	T	8882	HG002_all_regions	HG002_chr1.633402.634418|HISEQ1:19:H8VDAADXX:1:1107:11271:70785	HG002_chr1.633402.634418|HISEQ1:19:H8VDAADXX:1:1107:11271:70785	148	8785.0	8929.0	best_hit_to_mtDNA
C	C	C	8883	HG002_all_regions	HG002_chr1.633402.634418|HISEQ1:19:H8VDAADXX:1:1107:11271:70785	HG002_chr1.633402.634418|HISEQ1:19:H8VDAADXX:1:1107:11271:70785	148	8785.0	8929.0	best_hit_to_mtDNA
G	G	G	8884	HG002_all_regions	HG002_chr1.633402.634418|HISEQ1:19:H8VDAADXX:1:1107:11271:70785	HG002_chr1.633402.634418|HISEQ1:19:H8VDAADXX:1:1107:11271:70785	148	8785.0	8929.0	best_hit_to_mtDNA
C	C	C	8885	HG002_all_regions	HG002_chr1.633402.634418|HISEQ1:19:H8VDAADXX:1:1107:11271:70785	HG002_chr1.633402.634418|HISEQ1:19:H8VDAADXX:1:1107:11271:70785	148	8785.0	8929.0	best_hit_to_mtDNA
T	T	T	8886	HG002_all_regions	HG002_chr1.633402.634418|HISEQ1:19:H8VDAADXX:1:1107:11271:70785	HG002_chr1.633402.634418|HISEQ1:19:H8VDAADXX:1:1107:11271:70785	148	8785.0	8929.0	best_hit_to_mtDNA
C	T	C	8887	HG002_all_regions	HG002_chr1.633402.634418|HISEQ1:19:H8VDAADXX:1:1107:11271:70785	HG002_chr1.633402.634418|HISEQ1:19:H8VDAADXX:1:1107:11271:70785	148	8785.0	8929.0	best_hit_to_mtDNA
T	T	T	8888	HG002_all_regions	HG002_chr1.633402.634418|HISEQ1:19:H8VDAADXX:1:1107:11271:70785	HG002_chr1.633402.634418|HISEQ1:19:H8VDAADXX:1:1107:11271:70785	148	8785.0	8929.0	best_hit_to_mtDNA
A	A	A	8889	HG002_all_regions	HG002_chr1.633402.634418|HISEQ1:19:H8VDAADXX:1:1107:11271:70785	HG002_chr1.633402.634418|HISEQ1:19:H8VDAADXX:1:1107:11271:70785	148	8785.0	8929.0	best_hit_to_mtDNA
A	A	A	8890	HG002_all_regions	HG002_chr1.633402.634418|HISEQ1:19:H8VDAADXX:1:1107:11271:70785	HG002_chr1.633402.634418|HISEQ1:19:H8VDAADXX:1:1107:11271:70785	148	8785.0	8929.0	best_hit_to_mtDNA
G	G	G	8891	HG002_all_regions	HG002_chr1.633402.634418|HISEQ1:19:H8VDAADXX:1:1107:11271:70785	HG002_chr1.633402.634418|HISEQ1:19:H8VDAADXX:1:1107:11271:70785	148	8785.0	8929.0	best_hit_to_mtDNA
A	A	A	8892	HG002_all_regions	HG002_chr1.633402.634418|HISEQ1:19:H8VDAADXX:1:1107:11271:70785	HG002_chr1.633402.634418|HISEQ1:19:H8VDAADXX:1:1107:11271:70785	148	8785.0	8929.0	best_hit_to_mtDNA
T	C	T	8893	HG002_all_regions	HG002_chr1.633402.634418|HISEQ1:19:H8VDAADXX:1:1107:11271:70785	HG002_chr1.633402.634418|HISEQ1:19:H8VDAADXX:1:1107:11271:70785	148	8785.0	8929.0	best_hit_to_mtDNA
T	T	T	8894	HG002_all_regions	HG002_chr1.633402.634418|HISEQ1:19:H8VDAADXX:1:1107:11271:70785	HG002_chr1.633402.634418|HISEQ1:19:H8VDAADXX:1:1107:11271:70785	148	8785.0	8929.0	best_hit_to_mtDNA
A	A	A	8895	HG002_all_regions	HG002_chr1.633402.634418|HISEQ1:19:H8VDAADXX:1:1107:11271:70785	HG002_chr1.633402.634418|HISEQ1:19:H8VDAADXX:1:1107:11271:70785	148	8785.0	8929.0	best_hit_to_mtDNA
A	A	A	8896	HG002_all_regions	HG002_chr1.633402.634418|HISEQ1:19:H8VDAADXX:1:1107:11271:70785	HG002_chr1.633402.634418|HISEQ1:19:H8VDAADXX:1:1107:11271:70785	148	8785.0	8929.0	best_hit_to_mtDNA
A	A	A	8897	HG002_all_regions	HG002_chr1.633402.634418|HISEQ1:19:H8VDAADXX:1:1107:11271:70785	HG002_chr1.633402.634418|HISEQ1:19:H8VDAADXX:1:1107:11271:70785	148	8785.0	8929.0	best_hit_to_mtDNA
A	A	A	8898	HG002_all_regions	HG002_chr1.633402.634418|HISEQ1:19:H8VDAADXX:1:1107:11271:70785	HG002_chr1.633402.634418|HISEQ1:19:H8VDAADXX:1:1107:11271:70785	148	8785.0	8929.0	best_hit_to_mtDNA
A	A	A	8899	HG002_all_regions	HG002_chr1.633402.634418|HISEQ1:19:H8VDAADXX:1:1107:11271:70785	HG002_chr1.633402.634418|HISEQ1:19:H8VDAADXX:1:1107:11271:70785	148	8785.0	8929.0	best_hit_to_mtDNA
T	T	T	8900	HG002_all_regions	HG002_chr1.633402.634418|HISEQ1:19:H8VDAADXX:1:1107:11271:70785	HG002_chr1.633402.634418|HISEQ1:19:H8VDAADXX:1:1107:11271:70785	148	8785.0	8929.0	best_hit_to_mtDNA
G	G	G	8901	HG002_all_regions	HG002_chr1.633402.634418|HISEQ1:19:H8VDAADXX:1:1107:11271:70785	HG002_chr1.633402.634418|HISEQ1:19:H8VDAADXX:1:1107:11271:70785	148	8785.0	8929.0	best_hit_to_mtDNA
C	C	C	8902	HG002_all_regions	HG002_chr1.633402.634418|HISEQ1:19:H8VDAADXX:1:1107:11271:70785	HG002_chr1.633402.634418|HISEQ1:19:H8VDAADXX:1:1107:11271:70785	148	8785.0	8929.0	best_hit_to_mtDNA
C	C	C	8903	HG002_all_regions	HG002_chr1.633402.634418|HISEQ1:19:H8VDAADXX:1:1107:11271:70785	HG002_chr1.633402.634418|HISEQ1:19:H8VDAADXX:1:1107:11271:70785	148	8785.0	8929.0	best_hit_to_mtDNA
C	C	C	8904	HG002_all_regions	HG002_chr1.633402.634418|HISEQ1:19:H8VDAADXX:1:1107:11271:70785	HG002_chr1.633402.634418|HISEQ1:19:H8VDAADXX:1:1107:11271:70785	148	8785.0	8929.0	best_hit_to_mtDNA
T	T	T	8905	HG002_all_regions	HG002_chr1.633402.634418|HISEQ1:19:H8VDAADXX:1:1107:11271:70785	HG002_chr1.633402.634418|HISEQ1:19:H8VDAADXX:1:1107:11271:70785	148	8785.0	8929.0	best_hit_to_mtDNA
A	A	A	8906	HG002_all_regions	HG002_chr1.633402.634418|HISEQ1:19:H8VDAADXX:1:1107:11271:70785	HG002_chr1.633402.634418|HISEQ1:19:H8VDAADXX:1:1107:11271:70785	148	8785.0	8929.0	best_hit_to_mtDNA
G	G	G	8907	HG002_all_regions	HG002_chr1.633402.634418|HISEQ1:19:H8VDAADXX:1:1107:11271:70785	HG002_chr1.633402.634418|HISEQ1:19:H8VDAADXX:1:1107:11271:70785	148	8785.0	8929.0	best_hit_to_mtDNA
C	C	C	8908	HG002_all_regions	HG002_chr1.633402.634418|HISEQ1:19:H8VDAADXX:1:1107:11271:70785	HG002_chr1.633402.634418|HISEQ1:19:H8VDAADXX:1:1107:11271:70785	148	8785.0	8929.0	best_hit_to_mtDNA
C	C	C	8909	HG002_all_regions	HG002_chr1.633402.634418|HISEQ1:19:H8VDAADXX:1:1107:11271:70785	HG002_chr1.633402.634418|HISEQ1:19:H8VDAADXX:1:1107:11271:70785	148	8785.0	8929.0	best_hit_to_mtDNA
C	C	C	8910	HG002_all_regions	HG002_chr1.633402.634418|HISEQ1:19:H8VDAADXX:1:1107:11271:70785	HG002_chr1.633402.634418|HISEQ1:19:H8VDAADXX:1:1107:11271:70785	148	8785.0	8929.0	best_hit_to_mtDNA
A	A	A	8911	HG002_all_regions	HG002_chr1.633402.634418|HISEQ1:19:H8VDAADXX:1:1107:11271:70785	HG002_chr1.633402.634418|HISEQ1:19:H8VDAADXX:1:1107:11271:70785	148	8785.0	8929.0	best_hit_to_mtDNA
C	C	C	8912	HG002_all_regions	HG002_chr1.633402.634418|HISEQ1:19:H8VDAADXX:1:1107:11271:70785	HG002_chr1.633402.634418|HISEQ1:19:H8VDAADXX:1:1107:11271:70785	148	8785.0	8929.0	best_hit_to_mtDNA
T	T	T	8913	HG002_all_regions	HG002_chr1.633402.634418|HISEQ1:19:H8VDAADXX:1:1107:11271:70785	HG002_chr1.633402.634418|HISEQ1:19:H8VDAADXX:1:1107:11271:70785	148	8785.0	8929.0	best_hit_to_mtDNA
T	T	T	8914	HG002_all_regions	HG002_chr1.633402.634418|HISEQ1:19:H8VDAADXX:1:1107:11271:70785	HG002_chr1.633402.634418|HISEQ1:19:H8VDAADXX:1:1107:11271:70785	148	8785.0	8929.0	best_hit_to_mtDNA
C	C	C	8915	HG002_all_regions	HG002_chr1.633402.634418|HISEQ1:19:H8VDAADXX:1:1107:11271:70785	HG002_chr1.633402.634418|HISEQ1:19:H8VDAADXX:1:1107:11271:70785	148	8785.0	8929.0	best_hit_to_mtDNA
T	T	T	8916	HG002_all_regions	HG002_chr1.633402.634418|HISEQ1:19:H8VDAADXX:1:1107:11271:70785	HG002_chr1.633402.634418|HISEQ1:19:H8VDAADXX:1:1107:11271:70785	148	8785.0	8929.0	best_hit_to_mtDNA
T	T	T	8917	HG002_all_regions	HG002_chr1.633402.634418|HISEQ1:19:H8VDAADXX:1:1107:11271:70785	HG002_chr1.633402.634418|HISEQ1:19:H8VDAADXX:1:1107:11271:70785	148	8785.0	8929.0	best_hit_to_mtDNA
A	A	A	8918	HG002_all_regions	HG002_chr1.633402.634418|HISEQ1:19:H8VDAADXX:1:1107:11271:70785	HG002_chr1.633402.634418|HISEQ1:19:H8VDAADXX:1:1107:11271:70785	148	8785.0	8929.0	best_hit_to_mtDNA
C	C	C	8919	HG002_all_regions	HG002_chr1.633402.634418|HISEQ1:19:H8VDAADXX:1:1107:11271:70785	HG002_chr1.633402.634418|HISEQ1:19:H8VDAADXX:1:1107:11271:70785	148	8785.0	8929.0	best_hit_to_mtDNA
C	C	C	8920	HG002_all_regions	HG002_chr1.633402.634418|HISEQ1:19:H8VDAADXX:1:1107:11271:70785	HG002_chr1.633402.634418|HISEQ1:19:H8VDAADXX:1:1107:11271:70785	148	8785.0	8929.0	best_hit_to_mtDNA
A	G	A	8921	HG002_all_regions	HG002_chr1.633402.634418|HISEQ1:19:H8VDAADXX:1:1107:11271:70785	HG002_chr1.633402.634418|HISEQ1:19:H8VDAADXX:1:1107:11271:70785	148	8785.0	8929.0	best_hit_to_mtDNA
C	C	C	8922	HG002_all_regions	HG002_chr1.633402.634418|HISEQ1:19:H8VDAADXX:1:1107:11271:70785	HG002_chr1.633402.634418|HISEQ1:19:H8VDAADXX:1:1107:11271:70785	148	8785.0	8929.0	best_hit_to_mtDNA
A	A	A	8923	HG002_all_regions	HG002_chr1.633402.634418|HISEQ1:19:H8VDAADXX:1:1107:11271:70785	HG002_chr1.633402.634418|HISEQ1:19:H8VDAADXX:1:1107:11271:70785	148	8785.0	8929.0	best_hit_to_mtDNA
A	A	A	8924	HG002_all_regions	HG002_chr1.633402.634418|HISEQ1:19:H8VDAADXX:1:1107:11271:70785	HG002_chr1.633402.634418|HISEQ1:19:H8VDAADXX:1:1107:11271:70785	148	8785.0	8929.0	best_hit_to_mtDNA
G	G	G	8925	HG002_all_regions	HG002_chr1.633402.634418|HISEQ1:19:H8VDAADXX:1:1107:11271:70785	HG002_chr1.633402.634418|HISEQ1:19:H8VDAADXX:1:1107:11271:70785	148	8785.0	8929.0	best_hit_to_mtDNA
G	G	G	8926	HG002_all_regions	HG002_chr1.633402.634418|HISEQ1:19:H8VDAADXX:1:1107:11271:70785	HG002_chr1.633402.634418|HISEQ1:19:H8VDAADXX:1:1107:11271:70785	148	8785.0	8929.0	best_hit_to_mtDNA
C	C	C	8927	HG002_all_regions	HG002_chr1.633402.634418|HISEQ1:19:H8VDAADXX:1:1107:11271:70785	HG002_chr1.633402.634418|HISEQ1:19:H8VDAADXX:1:1107:11271:70785	148	8785.0	8929.0	best_hit_to_mtDNA
A	A	A	8928	HG002_all_regions	HG002_chr1.633402.634418|HISEQ1:19:H8VDAADXX:1:1107:11271:70785	HG002_chr1.633402.634418|HISEQ1:19:H8VDAADXX:1:1107:11271:70785	148	8785.0	8929.0	best_hit_to_mtDNA
C	T	C	8792	HG002_all_regions	HG002_chr1.633402.634418|HISEQ1:19:H8VDAADXX:1:1107:11271:70785	HG002_chr1.633402.634418|HISEQ1:19:H8VDAADXX:1:1107:11271:70785	148	8785.0	8929.0	best_hit_to_mtDNA
C	C	C	8793	HG002_all_regions	HG002_chr1.633402.634418|HISEQ1:19:H8VDAADXX:1:1107:11271:70785	HG002_chr1.633402.634418|HISEQ1:19:H8VDAADXX:1:1107:11271:70785	148	8785.0	8929.0	best_hit_to_mtDNA
T	T	T	8794	HG002_all_regions	HG002_chr1.633402.634418|HISEQ1:19:H8VDAADXX:1:1107:11271:70785	HG002_chr1.633402.634418|HISEQ1:19:H8VDAADXX:1:1107:11271:70785	148	8785.0	8929.0	best_hit_to_mtDNA
G	A	G	8795	HG002_all_regions	HG002_chr1.633402.634418|HISEQ1:19:H8VDAADXX:1:1107:11271:70785	HG002_chr1.633402.634418|HISEQ1:19:H8VDAADXX:1:1107:11271:70785	148	8785.0	8929.0	best_hit_to_mtDNA
C	C	C	8796	HG002_all_regions	HG002_chr1.633402.634418|HISEQ1:19:H8VDAADXX:1:1107:11271:70785	HG002_chr1.633402.634418|HISEQ1:19:H8VDAADXX:1:1107:11271:70785	148	8785.0	8929.0	best_hit_to_mtDNA
C	C	C	8797	HG002_all_regions	HG002_chr1.633402.634418|HISEQ1:19:H8VDAADXX:1:1107:11271:70785	HG002_chr1.633402.634418|HISEQ1:19:H8VDAADXX:1:1107:11271:70785	148	8785.0	8929.0	best_hit_to_mtDNA
T	C	T	8798	HG002_all_regions	HG002_chr1.633402.634418|HISEQ1:19:H8VDAADXX:1:1107:11271:70785	HG002_chr1.633402.634418|HISEQ1:19:H8VDAADXX:1:1107:11271:70785	148	8785.0	8929.0	best_hit_to_mtDNA
C	C	C	8799	HG002_all_regions	HG002_chr1.633402.634418|HISEQ1:19:H8VDAADXX:1:1107:11271:70785	HG002_chr1.633402.634418|HISEQ1:19:H8VDAADXX:1:1107:11271:70785	148	8785.0	8929.0	best_hit_to_mtDNA
A	A	A	8800	HG002_all_regions	HG002_chr1.633402.634418|HISEQ1:19:H8VDAADXX:1:1107:11271:70785	HG002_chr1.633402.634418|HISEQ1:19:H8VDAADXX:1:1107:11271:70785	148	8785.0	8929.0	best_hit_to_mtDNA
C	C	C	8801	HG002_all_regions	HG002_chr1.633402.634418|HISEQ1:19:H8VDAADXX:1:1107:11271:70785	HG002_chr1.633402.634418|HISEQ1:19:H8VDAADXX:1:1107:11271:70785	148	8785.0	8929.0	best_hit_to_mtDNA
T	T	T	8802	HG002_all_regions	HG002_chr1.633402.634418|HISEQ1:19:H8VDAADXX:1:1107:11271:70785	HG002_chr1.633402.634418|HISEQ1:19:H8VDAADXX:1:1107:11271:70785	148	8785.0	8929.0	best_hit_to_mtDNA
C	C	C	8803	HG002_all_regions	HG002_chr1.633402.634418|HISEQ1:19:H8VDAADXX:1:1107:11271:70785	HG002_chr1.633402.634418|HISEQ1:19:H8VDAADXX:1:1107:11271:70785	148	8785.0	8929.0	best_hit_to_mtDNA
A	A	A	8804	HG002_all_regions	HG002_chr1.633402.634418|HISEQ1:19:H8VDAADXX:1:1107:11271:70785	HG002_chr1.633402.634418|HISEQ1:19:H8VDAADXX:1:1107:11271:70785	148	8785.0	8929.0	best_hit_to_mtDNA
T	T	T	8805	HG002_all_regions	HG002_chr1.633402.634418|HISEQ1:19:H8VDAADXX:1:1107:11271:70785	HG002_chr1.633402.634418|HISEQ1:19:H8VDAADXX:1:1107:11271:70785	148	8785.0	8929.0	best_hit_to_mtDNA
T	T	T	8806	HG002_all_regions	HG002_chr1.633402.634418|HISEQ1:19:H8VDAADXX:1:1107:11271:70785	HG002_chr1.633402.634418|HISEQ1:19:H8VDAADXX:1:1107:11271:70785	148	8785.0	8929.0	best_hit_to_mtDNA
T	C	T	8807	HG002_all_regions	HG002_chr1.633402.634418|HISEQ1:19:H8VDAADXX:1:1107:11271:70785	HG002_chr1.633402.634418|HISEQ1:19:H8VDAADXX:1:1107:11271:70785	148	8785.0	8929.0	best_hit_to_mtDNA
A	A	A	8808	HG002_all_regions	HG002_chr1.633402.634418|HISEQ1:19:H8VDAADXX:1:1107:11271:70785	HG002_chr1.633402.634418|HISEQ1:19:H8VDAADXX:1:1107:11271:70785	148	8785.0	8929.0	best_hit_to_mtDNA
C	C	C	8809	HG002_all_regions	HG002_chr1.633402.634418|HISEQ1:19:H8VDAADXX:1:1107:11271:70785	HG002_chr1.633402.634418|HISEQ1:19:H8VDAADXX:1:1107:11271:70785	148	8785.0	8929.0	best_hit_to_mtDNA
A	A	A	8810	HG002_all_regions	HG002_chr1.633402.634418|HISEQ1:19:H8VDAADXX:1:1107:11271:70785	HG002_chr1.633402.634418|HISEQ1:19:H8VDAADXX:1:1107:11271:70785	148	8785.0	8929.0	best_hit_to_mtDNA
C	C	C	8811	HG002_all_regions	HG002_chr1.633402.634418|HISEQ1:19:H8VDAADXX:1:1107:11271:70785	HG002_chr1.633402.634418|HISEQ1:19:H8VDAADXX:1:1107:11271:70785	148	8785.0	8929.0	best_hit_to_mtDNA
C	C	C	8812	HG002_all_regions	HG002_chr1.633402.634418|HISEQ1:19:H8VDAADXX:1:1107:11271:70785	HG002_chr1.633402.634418|HISEQ1:19:H8VDAADXX:1:1107:11271:70785	148	8785.0	8929.0	best_hit_to_mtDNA
A	A	A	8813	HG002_all_regions	HG002_chr1.633402.634418|HISEQ1:19:H8VDAADXX:1:1107:11271:70785	HG002_chr1.633402.634418|HISEQ1:19:H8VDAADXX:1:1107:11271:70785	148	8785.0	8929.0	best_hit_to_mtDNA
A	A	A	8814	HG002_all_regions	HG002_chr1.633402.634418|HISEQ1:19:H8VDAADXX:1:1107:11271:70785	HG002_chr1.633402.634418|HISEQ1:19:H8VDAADXX:1:1107:11271:70785	148	8785.0	8929.0	best_hit_to_mtDNA
C	C	C	8815	HG002_all_regions	HG002_chr1.633402.634418|HISEQ1:19:H8VDAADXX:1:1107:11271:70785	HG002_chr1.633402.634418|HISEQ1:19:H8VDAADXX:1:1107:11271:70785	148	8785.0	8929.0	best_hit_to_mtDNA
C	C	C	8816	HG002_all_regions	HG002_chr1.633402.634418|HISEQ1:19:H8VDAADXX:1:1107:11271:70785	HG002_chr1.633402.634418|HISEQ1:19:H8VDAADXX:1:1107:11271:70785	148	8785.0	8929.0	best_hit_to_mtDNA
A	A	A	8817	HG002_all_regions	HG002_chr1.633402.634418|HISEQ1:19:H8VDAADXX:1:1107:11271:70785	HG002_chr1.633402.634418|HISEQ1:19:H8VDAADXX:1:1107:11271:70785	148	8785.0	8929.0	best_hit_to_mtDNA
C	C	C	8818	HG002_all_regions	HG002_chr1.633402.634418|HISEQ1:19:H8VDAADXX:1:1107:11271:70785	HG002_chr1.633402.634418|HISEQ1:19:H8VDAADXX:1:1107:11271:70785	148	8785.0	8929.0	best_hit_to_mtDNA
C	C	C	8819	HG002_all_regions	HG002_chr1.633402.634418|HISEQ1:19:H8VDAADXX:1:1107:11271:70785	HG002_chr1.633402.634418|HISEQ1:19:H8VDAADXX:1:1107:11271:70785	148	8785.0	8929.0	best_hit_to_mtDNA
C	C	C	8820	HG002_all_regions	HG002_chr1.633402.634418|HISEQ1:19:H8VDAADXX:1:1107:11271:70785	HG002_chr1.633402.634418|HISEQ1:19:H8VDAADXX:1:1107:11271:70785	148	8785.0	8929.0	best_hit_to_mtDNA
A	A	A	8821	HG002_all_regions	HG002_chr1.633402.634418|HISEQ1:19:H8VDAADXX:1:1107:11271:70785	HG002_chr1.633402.634418|HISEQ1:19:H8VDAADXX:1:1107:11271:70785	148	8785.0	8929.0	best_hit_to_mtDNA
A	A	A	8822	HG002_all_regions	HG002_chr1.633402.634418|HISEQ1:19:H8VDAADXX:1:1107:11271:70785	HG002_chr1.633402.634418|HISEQ1:19:H8VDAADXX:1:1107:11271:70785	148	8785.0	8929.0	best_hit_to_mtDNA
C	C	C	8823	HG002_all_regions	HG002_chr1.633402.634418|HISEQ1:19:H8VDAADXX:1:1107:11271:70785	HG002_chr1.633402.634418|HISEQ1:19:H8VDAADXX:1:1107:11271:70785	148	8785.0	8929.0	best_hit_to_mtDNA
T	T	T	8824	HG002_all_regions	HG002_chr1.633402.634418|HISEQ1:19:H8VDAADXX:1:1107:11271:70785	HG002_chr1.633402.634418|HISEQ1:19:H8VDAADXX:1:1107:11271:70785	148	8785.0	8929.0	best_hit_to_mtDNA
A	A	A	8825	HG002_all_regions	HG002_chr1.633402.634418|HISEQ1:19:H8VDAADXX:1:1107:11271:70785	HG002_chr1.633402.634418|HISEQ1:19:H8VDAADXX:1:1107:11271:70785	148	8785.0	8929.0	best_hit_to_mtDNA
T	T	T	8826	HG002_all_regions	HG002_chr1.633402.634418|HISEQ1:19:H8VDAADXX:1:1107:11271:70785	HG002_chr1.633402.634418|HISEQ1:19:H8VDAADXX:1:1107:11271:70785	148	8785.0	8929.0	best_hit_to_mtDNA
C	C	C	8827	HG002_all_regions	HG002_chr1.633402.634418|HISEQ1:19:H8VDAADXX:1:1107:11271:70785	HG002_chr1.633402.634418|HISEQ1:19:H8VDAADXX:1:1107:11271:70785	148	8785.0	8929.0	best_hit_to_mtDNA
T	T	T	8828	HG002_all_regions	HG002_chr1.633402.634418|HISEQ1:19:H8VDAADXX:1:1107:11271:70785	HG002_chr1.633402.634418|HISEQ1:19:H8VDAADXX:1:1107:11271:70785	148	8785.0	8929.0	best_hit_to_mtDNA
A	A	A	8829	HG002_all_regions	HG002_chr1.633402.634418|HISEQ1:19:H8VDAADXX:1:1107:11271:70785	HG002_chr1.633402.634418|HISEQ1:19:H8VDAADXX:1:1107:11271:70785	148	8785.0	8929.0	best_hit_to_mtDNA
T	T	T	8830	HG002_all_regions	HG002_chr1.633402.634418|HISEQ1:19:H8VDAADXX:1:1107:11271:70785	HG002_chr1.633402.634418|HISEQ1:19:H8VDAADXX:1:1107:11271:70785	148	8785.0	8929.0	best_hit_to_mtDNA
A	A	A	8831	HG002_all_regions	HG002_chr1.633402.634418|HISEQ1:19:H8VDAADXX:1:1107:11271:70785	HG002_chr1.633402.634418|HISEQ1:19:H8VDAADXX:1:1107:11271:70785	148	8785.0	8929.0	best_hit_to_mtDNA
A	A	A	8832	HG002_all_regions	HG002_chr1.633402.634418|HISEQ1:19:H8VDAADXX:1:1107:11271:70785	HG002_chr1.633402.634418|HISEQ1:19:H8VDAADXX:1:1107:11271:70785	148	8785.0	8929.0	best_hit_to_mtDNA
A	A	A	8833	HG002_all_regions	HG002_chr1.633402.634418|HISEQ1:19:H8VDAADXX:1:1107:11271:70785	HG002_chr1.633402.634418|HISEQ1:19:H8VDAADXX:1:1107:11271:70785	148	8785.0	8929.0	best_hit_to_mtDNA
C	C	C	8834	HG002_all_regions	HG002_chr1.633402.634418|HISEQ1:19:H8VDAADXX:1:1107:11271:70785	HG002_chr1.633402.634418|HISEQ1:19:H8VDAADXX:1:1107:11271:70785	148	8785.0	8929.0	best_hit_to_mtDNA
C	C	C	8835	HG002_all_regions	HG002_chr1.633402.634418|HISEQ1:19:H8VDAADXX:1:1107:11271:70785	HG002_chr1.633402.634418|HISEQ1:19:H8VDAADXX:1:1107:11271:70785	148	8785.0	8929.0	best_hit_to_mtDNA
T	T	T	8836	HG002_all_regions	HG002_chr1.633402.634418|HISEQ1:19:H8VDAADXX:1:1107:11271:70785	HG002_chr1.633402.634418|HISEQ1:19:H8VDAADXX:1:1107:11271:70785	148	8785.0	8929.0	best_hit_to_mtDNA
A	A	A	8837	HG002_all_regions	HG002_chr1.633402.634418|HISEQ1:19:H8VDAADXX:1:1107:11271:70785	HG002_chr1.633402.634418|HISEQ1:19:H8VDAADXX:1:1107:11271:70785	148	8785.0	8929.0	best_hit_to_mtDNA
G	G	G	8838	HG002_all_regions	HG002_chr1.633402.634418|HISEQ1:19:H8VDAADXX:1:1107:11271:70785	HG002_chr1.633402.634418|HISEQ1:19:H8VDAADXX:1:1107:11271:70785	148	8785.0	8929.0	best_hit_to_mtDNA
C	C	C	8839	HG002_all_regions	HG002_chr1.633402.634418|HISEQ1:19:H8VDAADXX:1:1107:11271:70785	HG002_chr1.633402.634418|HISEQ1:19:H8VDAADXX:1:1107:11271:70785	148	8785.0	8929.0	best_hit_to_mtDNA
C	C	C	8840	HG002_all_regions	HG002_chr1.633402.634418|HISEQ1:19:H8VDAADXX:1:1107:11271:70785	HG002_chr1.633402.634418|HISEQ1:19:H8VDAADXX:1:1107:11271:70785	148	8785.0	8929.0	best_hit_to_mtDNA
A	A	A	8841	HG002_all_regions	HG002_chr1.633402.634418|HISEQ1:19:H8VDAADXX:1:1107:11271:70785	HG002_chr1.633402.634418|HISEQ1:19:H8VDAADXX:1:1107:11271:70785	148	8785.0	8929.0	best_hit_to_mtDNA
T	T	T	8842	HG002_all_regions	HG002_chr1.633402.634418|HISEQ1:19:H8VDAADXX:1:1107:11271:70785	HG002_chr1.633402.634418|HISEQ1:19:H8VDAADXX:1:1107:11271:70785	148	8785.0	8929.0	best_hit_to_mtDNA
G	G	G	8843	HG002_all_regions	HG002_chr1.633402.634418|HISEQ1:19:H8VDAADXX:1:1107:11271:70785	HG002_chr1.633402.634418|HISEQ1:19:H8VDAADXX:1:1107:11271:70785	148	8785.0	8929.0	best_hit_to_mtDNA
G	G	G	8844	HG002_all_regions	HG002_chr1.633402.634418|HISEQ1:19:H8VDAADXX:1:1107:11271:70785	HG002_chr1.633402.634418|HISEQ1:19:H8VDAADXX:1:1107:11271:70785	148	8785.0	8929.0	best_hit_to_mtDNA
C	C	C	8845	HG002_all_regions	HG002_chr1.633402.634418|HISEQ1:19:H8VDAADXX:1:1107:11271:70785	HG002_chr1.633402.634418|HISEQ1:19:H8VDAADXX:1:1107:11271:70785	148	8785.0	8929.0	best_hit_to_mtDNA
C	T	C	8846	HG002_all_regions	HG002_chr1.633402.634418|HISEQ1:19:H8VDAADXX:1:1107:11271:70785	HG002_chr1.633402.634418|HISEQ1:19:H8VDAADXX:1:1107:11271:70785	148	8785.0	8929.0	best_hit_to_mtDNA
A	A	A	8847	HG002_all_regions	HG002_chr1.633402.634418|HISEQ1:19:H8VDAADXX:1:1107:11271:70785	HG002_chr1.633402.634418|HISEQ1:19:H8VDAADXX:1:1107:11271:70785	148	8785.0	8929.0	best_hit_to_mtDNA
T	T	T	8848	HG002_all_regions	HG002_chr1.633402.634418|HISEQ1:19:H8VDAADXX:1:1107:11271:70785	HG002_chr1.633402.634418|HISEQ1:19:H8VDAADXX:1:1107:11271:70785	148	8785.0	8929.0	best_hit_to_mtDNA
C	C	C	8849	HG002_all_regions	HG002_chr1.633402.634418|HISEQ1:19:H8VDAADXX:1:1107:11271:70785	HG002_chr1.633402.634418|HISEQ1:19:H8VDAADXX:1:1107:11271:70785	148	8785.0	8929.0	best_hit_to_mtDNA
C	C	C	8850	HG002_all_regions	HG002_chr1.633402.634418|HISEQ1:19:H8VDAADXX:1:1107:11271:70785	HG002_chr1.633402.634418|HISEQ1:19:H8VDAADXX:1:1107:11271:70785	148	8785.0	8929.0	best_hit_to_mtDNA
C	C	C	8851	HG002_all_regions	HG002_chr1.633402.634418|HISEQ1:19:H8VDAADXX:1:1107:11271:70785	HG002_chr1.633402.634418|HISEQ1:19:H8VDAADXX:1:1107:11271:70785	148	8785.0	8929.0	best_hit_to_mtDNA
C	C	C	8852	HG002_all_regions	HG002_chr1.633402.634418|HISEQ1:19:H8VDAADXX:1:1107:11271:70785	HG002_chr1.633402.634418|HISEQ1:19:H8VDAADXX:1:1107:11271:70785	148	8785.0	8929.0	best_hit_to_mtDNA
T	C	T	8853	HG002_all_regions	HG002_chr1.633402.634418|HISEQ1:19:H8VDAADXX:1:1107:11271:70785	HG002_chr1.633402.634418|HISEQ1:19:H8VDAADXX:1:1107:11271:70785	148	8785.0	8929.0	best_hit_to_mtDNA
T	T	T	8854	HG002_all_regions	HG002_chr1.633402.634418|HISEQ1:19:H8VDAADXX:1:1107:11271:70785	HG002_chr1.633402.634418|HISEQ1:19:H8VDAADXX:1:1107:11271:70785	148	8785.0	8929.0	best_hit_to_mtDNA
A	A	A	8855	HG002_all_regions	HG002_chr1.633402.634418|HISEQ1:19:H8VDAADXX:1:1107:11271:70785	HG002_chr1.633402.634418|HISEQ1:19:H8VDAADXX:1:1107:11271:70785	148	8785.0	8929.0	best_hit_to_mtDNA
T	T	T	8856	HG002_all_regions	HG002_chr1.633402.634418|HISEQ1:19:H8VDAADXX:1:1107:11271:70785	HG002_chr1.633402.634418|HISEQ1:19:H8VDAADXX:1:1107:11271:70785	148	8785.0	8929.0	best_hit_to_mtDNA
G	G	G	8857	HG002_all_regions	HG002_chr1.633402.634418|HISEQ1:19:H8VDAADXX:1:1107:11271:70785	HG002_chr1.633402.634418|HISEQ1:19:H8VDAADXX:1:1107:11271:70785	148	8785.0	8929.0	best_hit_to_mtDNA
A	A	A	8858	HG002_all_regions	HG002_chr1.633402.634418|HISEQ1:19:H8VDAADXX:1:1107:11271:70785	HG002_chr1.633402.634418|HISEQ1:19:H8VDAADXX:1:1107:11271:70785	148	8785.0	8929.0	best_hit_to_mtDNA
G	G	G	8859	HG002_all_regions	HG002_chr1.633402.634418|HISEQ1:19:H8VDAADXX:1:1107:11271:70785	HG002_chr1.633402.634418|HISEQ1:19:H8VDAADXX:1:1107:11271:70785	148	8785.0	8929.0	best_hit_to_mtDNA
C	C	C	8860	HG002_all_regions	HG002_chr1.633402.634418|HISEQ1:19:H8VDAADXX:1:1107:11271:70785	HG002_chr1.633402.634418|HISEQ1:19:H8VDAADXX:1:1107:11271:70785	148	8785.0	8929.0	best_hit_to_mtDNA
G	A	G	8861	HG002_all_regions	HG002_chr1.633402.634418|HISEQ1:19:H8VDAADXX:1:1107:11271:70785	HG002_chr1.633402.634418|HISEQ1:19:H8VDAADXX:1:1107:11271:70785	148	8785.0	8929.0	best_hit_to_mtDNA
G	G	G	8862	HG002_all_regions	HG002_chr1.633402.634418|HISEQ1:19:H8VDAADXX:1:1107:11271:70785	HG002_chr1.633402.634418|HISEQ1:19:H8VDAADXX:1:1107:11271:70785	148	8785.0	8929.0	best_hit_to_mtDNA
G	G	G	8863	HG002_all_regions	HG002_chr1.633402.634418|HISEQ1:19:H8VDAADXX:1:1107:11271:70785	HG002_chr1.633402.634418|HISEQ1:19:H8VDAADXX:1:1107:11271:70785	148	8785.0	8929.0	best_hit_to_mtDNA
C	C	C	8864	HG002_all_regions	HG002_chr1.633402.634418|HISEQ1:19:H8VDAADXX:1:1107:11271:70785	HG002_chr1.633402.634418|HISEQ1:19:H8VDAADXX:1:1107:11271:70785	148	8785.0	8929.0	best_hit_to_mtDNA
A	G	G	8865	HG002_all_regions	HG002_chr1.633402.634418|HISEQ1:19:H8VDAADXX:1:1107:11271:70785	HG002_chr1.633402.634418|HISEQ1:19:H8VDAADXX:1:1107:11271:70785	148	8785.0	8929.0	best_hit_to_mtDNA
C	C	C	8866	HG002_all_regions	HG002_chr1.633402.634418|HISEQ1:19:H8VDAADXX:1:1107:11271:70785	HG002_chr1.633402.634418|HISEQ1:19:H8VDAADXX:1:1107:11271:70785	148	8785.0	8929.0	best_hit_to_mtDNA
A	A	A	8867	HG002_all_regions	HG002_chr1.633402.634418|HISEQ1:19:H8VDAADXX:1:1107:11271:70785	HG002_chr1.633402.634418|HISEQ1:19:H8VDAADXX:1:1107:11271:70785	148	8785.0	8929.0	best_hit_to_mtDNA
G	G	G	8868	HG002_all_regions	HG002_chr1.633402.634418|HISEQ1:19:H8VDAADXX:1:1107:11271:70785	HG002_chr1.633402.634418|HISEQ1:19:H8VDAADXX:1:1107:11271:70785	148	8785.0	8929.0	best_hit_to_mtDNA
T	T	T	8869	HG002_all_regions	HG002_chr1.633402.634418|HISEQ1:19:H8VDAADXX:1:1107:11271:70785	HG002_chr1.633402.634418|HISEQ1:19:H8VDAADXX:1:1107:11271:70785	148	8785.0	8929.0	best_hit_to_mtDNA
G	A	G	8870	HG002_all_regions	HG002_chr1.633402.634418|HISEQ1:19:H8VDAADXX:1:1107:11271:70785	HG002_chr1.633402.634418|HISEQ1:19:H8VDAADXX:1:1107:11271:70785	148	8785.0	8929.0	best_hit_to_mtDNA
A	G	A	8871	HG002_all_regions	HG002_chr1.633402.634418|HISEQ1:19:H8VDAADXX:1:1107:11271:70785	HG002_chr1.633402.634418|HISEQ1:19:H8VDAADXX:1:1107:11271:70785	148	8785.0	8929.0	best_hit_to_mtDNA
T	T	T	8872	HG002_all_regions	HG002_chr1.633402.634418|HISEQ1:19:H8VDAADXX:1:1107:11271:70785	HG002_chr1.633402.634418|HISEQ1:19:H8VDAADXX:1:1107:11271:70785	148	8785.0	8929.0	best_hit_to_mtDNA
T	C	T	8873	HG002_all_regions	HG002_chr1.633402.634418|HISEQ1:19:H8VDAADXX:1:1107:11271:70785	HG002_chr1.633402.634418|HISEQ1:19:H8VDAADXX:1:1107:11271:70785	148	8785.0	8929.0	best_hit_to_mtDNA
A	A	A	8874	HG002_all_regions	HG002_chr1.633402.634418|HISEQ1:19:H8VDAADXX:1:1107:11271:70785	HG002_chr1.633402.634418|HISEQ1:19:H8VDAADXX:1:1107:11271:70785	148	8785.0	8929.0	best_hit_to_mtDNA
T	T	T	8875	HG002_all_regions	HG002_chr1.633402.634418|HISEQ1:19:H8VDAADXX:1:1107:11271:70785	HG002_chr1.633402.634418|HISEQ1:19:H8VDAADXX:1:1107:11271:70785	148	8785.0	8929.0	best_hit_to_mtDNA
A	A	A	8876	HG002_all_regions	HG002_chr1.633402.634418|HISEQ1:19:H8VDAADXX:1:1107:11271:70785	HG002_chr1.633402.634418|HISEQ1:19:H8VDAADXX:1:1107:11271:70785	148	8785.0	8929.0	best_hit_to_mtDNA
G	G	G	8877	HG002_all_regions	HG002_chr1.633402.634418|HISEQ1:19:H8VDAADXX:1:1107:11271:70785	HG002_chr1.633402.634418|HISEQ1:19:H8VDAADXX:1:1107:11271:70785	148	8785.0	8929.0	best_hit_to_mtDNA
G	G	G	8878	HG002_all_regions	HG002_chr1.633402.634418|HISEQ1:19:H8VDAADXX:1:1107:11271:70785	HG002_chr1.633402.634418|HISEQ1:19:H8VDAADXX:1:1107:11271:70785	148	8785.0	8929.0	best_hit_to_mtDNA
C	C	C	8879	HG002_all_regions	HG002_chr1.633402.634418|HISEQ1:19:H8VDAADXX:1:1107:11271:70785	HG002_chr1.633402.634418|HISEQ1:19:H8VDAADXX:1:1107:11271:70785	148	8785.0	8929.0	best_hit_to_mtDNA
T	T	T	8880	HG002_all_regions	HG002_chr1.633402.634418|HISEQ1:19:H8VDAADXX:1:1107:11271:70785	HG002_chr1.633402.634418|HISEQ1:19:H8VDAADXX:1:1107:11271:70785	148	8785.0	8929.0	best_hit_to_mtDNA
T	T	T	8881	HG002_all_regions	HG002_chr1.633402.634418|HISEQ1:19:H8VDAADXX:1:1107:11271:70785	HG002_chr1.633402.634418|HISEQ1:19:H8VDAADXX:1:1107:11271:70785	148	8785.0	8929.0	best_hit_to_mtDNA
T	T	T	8882	HG002_all_regions	HG002_chr1.633402.634418|HISEQ1:19:H8VDAADXX:1:1107:11271:70785	HG002_chr1.633402.634418|HISEQ1:19:H8VDAADXX:1:1107:11271:70785	148	8785.0	8929.0	best_hit_to_mtDNA
C	C	C	8883	HG002_all_regions	HG002_chr1.633402.634418|HISEQ1:19:H8VDAADXX:1:1107:11271:70785	HG002_chr1.633402.634418|HISEQ1:19:H8VDAADXX:1:1107:11271:70785	148	8785.0	8929.0	best_hit_to_mtDNA
G	G	G	8884	HG002_all_regions	HG002_chr1.633402.634418|HISEQ1:19:H8VDAADXX:1:1107:11271:70785	HG002_chr1.633402.634418|HISEQ1:19:H8VDAADXX:1:1107:11271:70785	148	8785.0	8929.0	best_hit_to_mtDNA
C	C	C	8885	HG002_all_regions	HG002_chr1.633402.634418|HISEQ1:19:H8VDAADXX:1:1107:11271:70785	HG002_chr1.633402.634418|HISEQ1:19:H8VDAADXX:1:1107:11271:70785	148	8785.0	8929.0	best_hit_to_mtDNA
T	T	T	8886	HG002_all_regions	HG002_chr1.633402.634418|HISEQ1:19:H8VDAADXX:1:1107:11271:70785	HG002_chr1.633402.634418|HISEQ1:19:H8VDAADXX:1:1107:11271:70785	148	8785.0	8929.0	best_hit_to_mtDNA
C	T	C	8887	HG002_all_regions	HG002_chr1.633402.634418|HISEQ1:19:H8VDAADXX:1:1107:11271:70785	HG002_chr1.633402.634418|HISEQ1:19:H8VDAADXX:1:1107:11271:70785	148	8785.0	8929.0	best_hit_to_mtDNA
T	T	T	8888	HG002_all_regions	HG002_chr1.633402.634418|HISEQ1:19:H8VDAADXX:1:1107:11271:70785	HG002_chr1.633402.634418|HISEQ1:19:H8VDAADXX:1:1107:11271:70785	148	8785.0	8929.0	best_hit_to_mtDNA
A	A	A	8889	HG002_all_regions	HG002_chr1.633402.634418|HISEQ1:19:H8VDAADXX:1:1107:11271:70785	HG002_chr1.633402.634418|HISEQ1:19:H8VDAADXX:1:1107:11271:70785	148	8785.0	8929.0	best_hit_to_mtDNA
A	A	A	8890	HG002_all_regions	HG002_chr1.633402.634418|HISEQ1:19:H8VDAADXX:1:1107:11271:70785	HG002_chr1.633402.634418|HISEQ1:19:H8VDAADXX:1:1107:11271:70785	148	8785.0	8929.0	best_hit_to_mtDNA
G	G	G	8891	HG002_all_regions	HG002_chr1.633402.634418|HISEQ1:19:H8VDAADXX:1:1107:11271:70785	HG002_chr1.633402.634418|HISEQ1:19:H8VDAADXX:1:1107:11271:70785	148	8785.0	8929.0	best_hit_to_mtDNA
A	A	A	8892	HG002_all_regions	HG002_chr1.633402.634418|HISEQ1:19:H8VDAADXX:1:1107:11271:70785	HG002_chr1.633402.634418|HISEQ1:19:H8VDAADXX:1:1107:11271:70785	148	8785.0	8929.0	best_hit_to_mtDNA
T	C	T	8893	HG002_all_regions	HG002_chr1.633402.634418|HISEQ1:19:H8VDAADXX:1:1107:11271:70785	HG002_chr1.633402.634418|HISEQ1:19:H8VDAADXX:1:1107:11271:70785	148	8785.0	8929.0	best_hit_to_mtDNA
T	T	T	8894	HG002_all_regions	HG002_chr1.633402.634418|HISEQ1:19:H8VDAADXX:1:1107:11271:70785	HG002_chr1.633402.634418|HISEQ1:19:H8VDAADXX:1:1107:11271:70785	148	8785.0	8929.0	best_hit_to_mtDNA
A	A	A	8895	HG002_all_regions	HG002_chr1.633402.634418|HISEQ1:19:H8VDAADXX:1:1107:11271:70785	HG002_chr1.633402.634418|HISEQ1:19:H8VDAADXX:1:1107:11271:70785	148	8785.0	8929.0	best_hit_to_mtDNA
A	A	A	8896	HG002_all_regions	HG002_chr1.633402.634418|HISEQ1:19:H8VDAADXX:1:1107:11271:70785	HG002_chr1.633402.634418|HISEQ1:19:H8VDAADXX:1:1107:11271:70785	148	8785.0	8929.0	best_hit_to_mtDNA
A	A	A	8897	HG002_all_regions	HG002_chr1.633402.634418|HISEQ1:19:H8VDAADXX:1:1107:11271:70785	HG002_chr1.633402.634418|HISEQ1:19:H8VDAADXX:1:1107:11271:70785	148	8785.0	8929.0	best_hit_to_mtDNA
A	A	A	8898	HG002_all_regions	HG002_chr1.633402.634418|HISEQ1:19:H8VDAADXX:1:1107:11271:70785	HG002_chr1.633402.634418|HISEQ1:19:H8VDAADXX:1:1107:11271:70785	148	8785.0	8929.0	best_hit_to_mtDNA
A	A	A	8899	HG002_all_regions	HG002_chr1.633402.634418|HISEQ1:19:H8VDAADXX:1:1107:11271:70785	HG002_chr1.633402.634418|HISEQ1:19:H8VDAADXX:1:1107:11271:70785	148	8785.0	8929.0	best_hit_to_mtDNA
T	T	T	8900	HG002_all_regions	HG002_chr1.633402.634418|HISEQ1:19:H8VDAADXX:1:1107:11271:70785	HG002_chr1.633402.634418|HISEQ1:19:H8VDAADXX:1:1107:11271:70785	148	8785.0	8929.0	best_hit_to_mtDNA
G	G	G	8901	HG002_all_regions	HG002_chr1.633402.634418|HISEQ1:19:H8VDAADXX:1:1107:11271:70785	HG002_chr1.633402.634418|HISEQ1:19:H8VDAADXX:1:1107:11271:70785	148	8785.0	8929.0	best_hit_to_mtDNA
C	C	C	8902	HG002_all_regions	HG002_chr1.633402.634418|HISEQ1:19:H8VDAADXX:1:1107:11271:70785	HG002_chr1.633402.634418|HISEQ1:19:H8VDAADXX:1:1107:11271:70785	148	8785.0	8929.0	best_hit_to_mtDNA
C	C	C	8903	HG002_all_regions	HG002_chr1.633402.634418|HISEQ1:19:H8VDAADXX:1:1107:11271:70785	HG002_chr1.633402.634418|HISEQ1:19:H8VDAADXX:1:1107:11271:70785	148	8785.0	8929.0	best_hit_to_mtDNA
C	C	C	8904	HG002_all_regions	HG002_chr1.633402.634418|HISEQ1:19:H8VDAADXX:1:1107:11271:70785	HG002_chr1.633402.634418|HISEQ1:19:H8VDAADXX:1:1107:11271:70785	148	8785.0	8929.0	best_hit_to_mtDNA
T	T	T	8905	HG002_all_regions	HG002_chr1.633402.634418|HISEQ1:19:H8VDAADXX:1:1107:11271:70785	HG002_chr1.633402.634418|HISEQ1:19:H8VDAADXX:1:1107:11271:70785	148	8785.0	8929.0	best_hit_to_mtDNA
A	A	A	8906	HG002_all_regions	HG002_chr1.633402.634418|HISEQ1:19:H8VDAADXX:1:1107:11271:70785	HG002_chr1.633402.634418|HISEQ1:19:H8VDAADXX:1:1107:11271:70785	148	8785.0	8929.0	best_hit_to_mtDNA
G	G	G	8907	HG002_all_regions	HG002_chr1.633402.634418|HISEQ1:19:H8VDAADXX:1:1107:11271:70785	HG002_chr1.633402.634418|HISEQ1:19:H8VDAADXX:1:1107:11271:70785	148	8785.0	8929.0	best_hit_to_mtDNA
C	C	C	8908	HG002_all_regions	HG002_chr1.633402.634418|HISEQ1:19:H8VDAADXX:1:1107:11271:70785	HG002_chr1.633402.634418|HISEQ1:19:H8VDAADXX:1:1107:11271:70785	148	8785.0	8929.0	best_hit_to_mtDNA
C	C	C	8909	HG002_all_regions	HG002_chr1.633402.634418|HISEQ1:19:H8VDAADXX:1:1107:11271:70785	HG002_chr1.633402.634418|HISEQ1:19:H8VDAADXX:1:1107:11271:70785	148	8785.0	8929.0	best_hit_to_mtDNA
C	C	C	8910	HG002_all_regions	HG002_chr1.633402.634418|HISEQ1:19:H8VDAADXX:1:1107:11271:70785	HG002_chr1.633402.634418|HISEQ1:19:H8VDAADXX:1:1107:11271:70785	148	8785.0	8929.0	best_hit_to_mtDNA
A	A	A	8911	HG002_all_regions	HG002_chr1.633402.634418|HISEQ1:19:H8VDAADXX:1:1107:11271:70785	HG002_chr1.633402.634418|HISEQ1:19:H8VDAADXX:1:1107:11271:70785	148	8785.0	8929.0	best_hit_to_mtDNA
C	C	C	8912	HG002_all_regions	HG002_chr1.633402.634418|HISEQ1:19:H8VDAADXX:1:1107:11271:70785	HG002_chr1.633402.634418|HISEQ1:19:H8VDAADXX:1:1107:11271:70785	148	8785.0	8929.0	best_hit_to_mtDNA
T	T	T	8913	HG002_all_regions	HG002_chr1.633402.634418|HISEQ1:19:H8VDAADXX:1:1107:11271:70785	HG002_chr1.633402.634418|HISEQ1:19:H8VDAADXX:1:1107:11271:70785	148	8785.0	8929.0	best_hit_to_mtDNA
T	T	T	8914	HG002_all_regions	HG002_chr1.633402.634418|HISEQ1:19:H8VDAADXX:1:1107:11271:70785	HG002_chr1.633402.634418|HISEQ1:19:H8VDAADXX:1:1107:11271:70785	148	8785.0	8929.0	best_hit_to_mtDNA
C	C	C	8915	HG002_all_regions	HG002_chr1.633402.634418|HISEQ1:19:H8VDAADXX:1:1107:11271:70785	HG002_chr1.633402.634418|HISEQ1:19:H8VDAADXX:1:1107:11271:70785	148	8785.0	8929.0	best_hit_to_mtDNA
T	T	T	8916	HG002_all_regions	HG002_chr1.633402.634418|HISEQ1:19:H8VDAADXX:1:1107:11271:70785	HG002_chr1.633402.634418|HISEQ1:19:H8VDAADXX:1:1107:11271:70785	148	8785.0	8929.0	best_hit_to_mtDNA
T	T	T	8917	HG002_all_regions	HG002_chr1.633402.634418|HISEQ1:19:H8VDAADXX:1:1107:11271:70785	HG002_chr1.633402.634418|HISEQ1:19:H8VDAADXX:1:1107:11271:70785	148	8785.0	8929.0	best_hit_to_mtDNA
A	A	A	8918	HG002_all_regions	HG002_chr1.633402.634418|HISEQ1:19:H8VDAADXX:1:1107:11271:70785	HG002_chr1.633402.634418|HISEQ1:19:H8VDAADXX:1:1107:11271:70785	148	8785.0	8929.0	best_hit_to_mtDNA
C	C	C	8919	HG002_all_regions	HG002_chr1.633402.634418|HISEQ1:19:H8VDAADXX:1:1107:11271:70785	HG002_chr1.633402.634418|HISEQ1:19:H8VDAADXX:1:1107:11271:70785	148	8785.0	8929.0	best_hit_to_mtDNA
C	C	C	8920	HG002_all_regions	HG002_chr1.633402.634418|HISEQ1:19:H8VDAADXX:1:1107:11271:70785	HG002_chr1.633402.634418|HISEQ1:19:H8VDAADXX:1:1107:11271:70785	148	8785.0	8929.0	best_hit_to_mtDNA
A	G	A	8921	HG002_all_regions	HG002_chr1.633402.634418|HISEQ1:19:H8VDAADXX:1:1107:11271:70785	HG002_chr1.633402.634418|HISEQ1:19:H8VDAADXX:1:1107:11271:70785	148	8785.0	8929.0	best_hit_to_mtDNA
C	C	C	8922	HG002_all_regions	HG002_chr1.633402.634418|HISEQ1:19:H8VDAADXX:1:1107:11271:70785	HG002_chr1.633402.634418|HISEQ1:19:H8VDAADXX:1:1107:11271:70785	148	8785.0	8929.0	best_hit_to_mtDNA
A	A	A	8923	HG002_all_regions	HG002_chr1.633402.634418|HISEQ1:19:H8VDAADXX:1:1107:11271:70785	HG002_chr1.633402.634418|HISEQ1:19:H8VDAADXX:1:1107:11271:70785	148	8785.0	8929.0	best_hit_to_mtDNA
A	A	A	8924	HG002_all_regions	HG002_chr1.633402.634418|HISEQ1:19:H8VDAADXX:1:1107:11271:70785	HG002_chr1.633402.634418|HISEQ1:19:H8VDAADXX:1:1107:11271:70785	148	8785.0	8929.0	best_hit_to_mtDNA
G	G	G	8925	HG002_all_regions	HG002_chr1.633402.634418|HISEQ1:19:H8VDAADXX:1:1107:11271:70785	HG002_chr1.633402.634418|HISEQ1:19:H8VDAADXX:1:1107:11271:70785	148	8785.0	8929.0	best_hit_to_mtDNA
G	G	G	8926	HG002_all_regions	HG002_chr1.633402.634418|HISEQ1:19:H8VDAADXX:1:1107:11271:70785	HG002_chr1.633402.634418|HISEQ1:19:H8VDAADXX:1:1107:11271:70785	148	8785.0	8929.0	best_hit_to_mtDNA
C	C	C	8927	HG002_all_regions	HG002_chr1.633402.634418|HISEQ1:19:H8VDAADXX:1:1107:11271:70785	HG002_chr1.633402.634418|HISEQ1:19:H8VDAADXX:1:1107:11271:70785	148	8785.0	8929.0	best_hit_to_mtDNA
A	A	A	8928	HG002_all_regions	HG002_chr1.633402.634418|HISEQ1:19:H8VDAADXX:1:1107:11271:70785	HG002_chr1.633402.634418|HISEQ1:19:H8VDAADXX:1:1107:11271:70785	148	8785.0	8929.0	best_hit_to_mtDNA
A	A	C	8800	HG002_all_regions	HG002_chr1.633402.634418|HISEQ1:18:H8VC6ADXX:1:1104:2549:73737	HG002_chr1.633402.634418|HISEQ1:18:H8VC6ADXX:1:1104:2549:73737	148	8796.0	8942.0	best_hit_to_mtDNA
C	C	C	8801	HG002_all_regions	HG002_chr1.633402.634418|HISEQ1:18:H8VC6ADXX:1:1104:2549:73737	HG002_chr1.633402.634418|HISEQ1:18:H8VC6ADXX:1:1104:2549:73737	148	8796.0	8942.0	best_hit_to_mtDNA
T	T	T	8802	HG002_all_regions	HG002_chr1.633402.634418|HISEQ1:18:H8VC6ADXX:1:1104:2549:73737	HG002_chr1.633402.634418|HISEQ1:18:H8VC6ADXX:1:1104:2549:73737	148	8796.0	8942.0	best_hit_to_mtDNA
C	C	C	8803	HG002_all_regions	HG002_chr1.633402.634418|HISEQ1:18:H8VC6ADXX:1:1104:2549:73737	HG002_chr1.633402.634418|HISEQ1:18:H8VC6ADXX:1:1104:2549:73737	148	8796.0	8942.0	best_hit_to_mtDNA
A	A	A	8804	HG002_all_regions	HG002_chr1.633402.634418|HISEQ1:18:H8VC6ADXX:1:1104:2549:73737	HG002_chr1.633402.634418|HISEQ1:18:H8VC6ADXX:1:1104:2549:73737	148	8796.0	8942.0	best_hit_to_mtDNA
T	T	T	8805	HG002_all_regions	HG002_chr1.633402.634418|HISEQ1:18:H8VC6ADXX:1:1104:2549:73737	HG002_chr1.633402.634418|HISEQ1:18:H8VC6ADXX:1:1104:2549:73737	148	8796.0	8942.0	best_hit_to_mtDNA
T	T	T	8806	HG002_all_regions	HG002_chr1.633402.634418|HISEQ1:18:H8VC6ADXX:1:1104:2549:73737	HG002_chr1.633402.634418|HISEQ1:18:H8VC6ADXX:1:1104:2549:73737	148	8796.0	8942.0	best_hit_to_mtDNA
T	C	T	8807	HG002_all_regions	HG002_chr1.633402.634418|HISEQ1:18:H8VC6ADXX:1:1104:2549:73737	HG002_chr1.633402.634418|HISEQ1:18:H8VC6ADXX:1:1104:2549:73737	148	8796.0	8942.0	best_hit_to_mtDNA
A	A	A	8808	HG002_all_regions	HG002_chr1.633402.634418|HISEQ1:18:H8VC6ADXX:1:1104:2549:73737	HG002_chr1.633402.634418|HISEQ1:18:H8VC6ADXX:1:1104:2549:73737	148	8796.0	8942.0	best_hit_to_mtDNA
C	C	C	8809	HG002_all_regions	HG002_chr1.633402.634418|HISEQ1:18:H8VC6ADXX:1:1104:2549:73737	HG002_chr1.633402.634418|HISEQ1:18:H8VC6ADXX:1:1104:2549:73737	148	8796.0	8942.0	best_hit_to_mtDNA
A	A	A	8810	HG002_all_regions	HG002_chr1.633402.634418|HISEQ1:18:H8VC6ADXX:1:1104:2549:73737	HG002_chr1.633402.634418|HISEQ1:18:H8VC6ADXX:1:1104:2549:73737	148	8796.0	8942.0	best_hit_to_mtDNA
C	C	C	8811	HG002_all_regions	HG002_chr1.633402.634418|HISEQ1:18:H8VC6ADXX:1:1104:2549:73737	HG002_chr1.633402.634418|HISEQ1:18:H8VC6ADXX:1:1104:2549:73737	148	8796.0	8942.0	best_hit_to_mtDNA
C	C	C	8812	HG002_all_regions	HG002_chr1.633402.634418|HISEQ1:18:H8VC6ADXX:1:1104:2549:73737	HG002_chr1.633402.634418|HISEQ1:18:H8VC6ADXX:1:1104:2549:73737	148	8796.0	8942.0	best_hit_to_mtDNA
A	A	A	8813	HG002_all_regions	HG002_chr1.633402.634418|HISEQ1:18:H8VC6ADXX:1:1104:2549:73737	HG002_chr1.633402.634418|HISEQ1:18:H8VC6ADXX:1:1104:2549:73737	148	8796.0	8942.0	best_hit_to_mtDNA
A	A	A	8814	HG002_all_regions	HG002_chr1.633402.634418|HISEQ1:18:H8VC6ADXX:1:1104:2549:73737	HG002_chr1.633402.634418|HISEQ1:18:H8VC6ADXX:1:1104:2549:73737	148	8796.0	8942.0	best_hit_to_mtDNA
C	C	C	8815	HG002_all_regions	HG002_chr1.633402.634418|HISEQ1:18:H8VC6ADXX:1:1104:2549:73737	HG002_chr1.633402.634418|HISEQ1:18:H8VC6ADXX:1:1104:2549:73737	148	8796.0	8942.0	best_hit_to_mtDNA
C	C	C	8816	HG002_all_regions	HG002_chr1.633402.634418|HISEQ1:18:H8VC6ADXX:1:1104:2549:73737	HG002_chr1.633402.634418|HISEQ1:18:H8VC6ADXX:1:1104:2549:73737	148	8796.0	8942.0	best_hit_to_mtDNA
A	A	A	8817	HG002_all_regions	HG002_chr1.633402.634418|HISEQ1:18:H8VC6ADXX:1:1104:2549:73737	HG002_chr1.633402.634418|HISEQ1:18:H8VC6ADXX:1:1104:2549:73737	148	8796.0	8942.0	best_hit_to_mtDNA
C	C	C	8818	HG002_all_regions	HG002_chr1.633402.634418|HISEQ1:18:H8VC6ADXX:1:1104:2549:73737	HG002_chr1.633402.634418|HISEQ1:18:H8VC6ADXX:1:1104:2549:73737	148	8796.0	8942.0	best_hit_to_mtDNA
C	C	C	8819	HG002_all_regions	HG002_chr1.633402.634418|HISEQ1:18:H8VC6ADXX:1:1104:2549:73737	HG002_chr1.633402.634418|HISEQ1:18:H8VC6ADXX:1:1104:2549:73737	148	8796.0	8942.0	best_hit_to_mtDNA
C	C	C	8820	HG002_all_regions	HG002_chr1.633402.634418|HISEQ1:18:H8VC6ADXX:1:1104:2549:73737	HG002_chr1.633402.634418|HISEQ1:18:H8VC6ADXX:1:1104:2549:73737	148	8796.0	8942.0	best_hit_to_mtDNA
A	A	A	8821	HG002_all_regions	HG002_chr1.633402.634418|HISEQ1:18:H8VC6ADXX:1:1104:2549:73737	HG002_chr1.633402.634418|HISEQ1:18:H8VC6ADXX:1:1104:2549:73737	148	8796.0	8942.0	best_hit_to_mtDNA
A	A	A	8822	HG002_all_regions	HG002_chr1.633402.634418|HISEQ1:18:H8VC6ADXX:1:1104:2549:73737	HG002_chr1.633402.634418|HISEQ1:18:H8VC6ADXX:1:1104:2549:73737	148	8796.0	8942.0	best_hit_to_mtDNA
C	C	C	8823	HG002_all_regions	HG002_chr1.633402.634418|HISEQ1:18:H8VC6ADXX:1:1104:2549:73737	HG002_chr1.633402.634418|HISEQ1:18:H8VC6ADXX:1:1104:2549:73737	148	8796.0	8942.0	best_hit_to_mtDNA
T	T	T	8824	HG002_all_regions	HG002_chr1.633402.634418|HISEQ1:18:H8VC6ADXX:1:1104:2549:73737	HG002_chr1.633402.634418|HISEQ1:18:H8VC6ADXX:1:1104:2549:73737	148	8796.0	8942.0	best_hit_to_mtDNA
A	A	A	8825	HG002_all_regions	HG002_chr1.633402.634418|HISEQ1:18:H8VC6ADXX:1:1104:2549:73737	HG002_chr1.633402.634418|HISEQ1:18:H8VC6ADXX:1:1104:2549:73737	148	8796.0	8942.0	best_hit_to_mtDNA
T	T	T	8826	HG002_all_regions	HG002_chr1.633402.634418|HISEQ1:18:H8VC6ADXX:1:1104:2549:73737	HG002_chr1.633402.634418|HISEQ1:18:H8VC6ADXX:1:1104:2549:73737	148	8796.0	8942.0	best_hit_to_mtDNA
C	C	C	8827	HG002_all_regions	HG002_chr1.633402.634418|HISEQ1:18:H8VC6ADXX:1:1104:2549:73737	HG002_chr1.633402.634418|HISEQ1:18:H8VC6ADXX:1:1104:2549:73737	148	8796.0	8942.0	best_hit_to_mtDNA
T	T	T	8828	HG002_all_regions	HG002_chr1.633402.634418|HISEQ1:18:H8VC6ADXX:1:1104:2549:73737	HG002_chr1.633402.634418|HISEQ1:18:H8VC6ADXX:1:1104:2549:73737	148	8796.0	8942.0	best_hit_to_mtDNA
A	A	A	8829	HG002_all_regions	HG002_chr1.633402.634418|HISEQ1:18:H8VC6ADXX:1:1104:2549:73737	HG002_chr1.633402.634418|HISEQ1:18:H8VC6ADXX:1:1104:2549:73737	148	8796.0	8942.0	best_hit_to_mtDNA
T	T	T	8830	HG002_all_regions	HG002_chr1.633402.634418|HISEQ1:18:H8VC6ADXX:1:1104:2549:73737	HG002_chr1.633402.634418|HISEQ1:18:H8VC6ADXX:1:1104:2549:73737	148	8796.0	8942.0	best_hit_to_mtDNA
A	A	A	8831	HG002_all_regions	HG002_chr1.633402.634418|HISEQ1:18:H8VC6ADXX:1:1104:2549:73737	HG002_chr1.633402.634418|HISEQ1:18:H8VC6ADXX:1:1104:2549:73737	148	8796.0	8942.0	best_hit_to_mtDNA
A	A	A	8832	HG002_all_regions	HG002_chr1.633402.634418|HISEQ1:18:H8VC6ADXX:1:1104:2549:73737	HG002_chr1.633402.634418|HISEQ1:18:H8VC6ADXX:1:1104:2549:73737	148	8796.0	8942.0	best_hit_to_mtDNA
A	A	A	8833	HG002_all_regions	HG002_chr1.633402.634418|HISEQ1:18:H8VC6ADXX:1:1104:2549:73737	HG002_chr1.633402.634418|HISEQ1:18:H8VC6ADXX:1:1104:2549:73737	148	8796.0	8942.0	best_hit_to_mtDNA
C	C	C	8834	HG002_all_regions	HG002_chr1.633402.634418|HISEQ1:18:H8VC6ADXX:1:1104:2549:73737	HG002_chr1.633402.634418|HISEQ1:18:H8VC6ADXX:1:1104:2549:73737	148	8796.0	8942.0	best_hit_to_mtDNA
C	C	C	8835	HG002_all_regions	HG002_chr1.633402.634418|HISEQ1:18:H8VC6ADXX:1:1104:2549:73737	HG002_chr1.633402.634418|HISEQ1:18:H8VC6ADXX:1:1104:2549:73737	148	8796.0	8942.0	best_hit_to_mtDNA
T	T	T	8836	HG002_all_regions	HG002_chr1.633402.634418|HISEQ1:18:H8VC6ADXX:1:1104:2549:73737	HG002_chr1.633402.634418|HISEQ1:18:H8VC6ADXX:1:1104:2549:73737	148	8796.0	8942.0	best_hit_to_mtDNA
A	A	A	8837	HG002_all_regions	HG002_chr1.633402.634418|HISEQ1:18:H8VC6ADXX:1:1104:2549:73737	HG002_chr1.633402.634418|HISEQ1:18:H8VC6ADXX:1:1104:2549:73737	148	8796.0	8942.0	best_hit_to_mtDNA
G	G	G	8838	HG002_all_regions	HG002_chr1.633402.634418|HISEQ1:18:H8VC6ADXX:1:1104:2549:73737	HG002_chr1.633402.634418|HISEQ1:18:H8VC6ADXX:1:1104:2549:73737	148	8796.0	8942.0	best_hit_to_mtDNA
C	C	C	8839	HG002_all_regions	HG002_chr1.633402.634418|HISEQ1:18:H8VC6ADXX:1:1104:2549:73737	HG002_chr1.633402.634418|HISEQ1:18:H8VC6ADXX:1:1104:2549:73737	148	8796.0	8942.0	best_hit_to_mtDNA
C	C	C	8840	HG002_all_regions	HG002_chr1.633402.634418|HISEQ1:18:H8VC6ADXX:1:1104:2549:73737	HG002_chr1.633402.634418|HISEQ1:18:H8VC6ADXX:1:1104:2549:73737	148	8796.0	8942.0	best_hit_to_mtDNA
A	A	A	8841	HG002_all_regions	HG002_chr1.633402.634418|HISEQ1:18:H8VC6ADXX:1:1104:2549:73737	HG002_chr1.633402.634418|HISEQ1:18:H8VC6ADXX:1:1104:2549:73737	148	8796.0	8942.0	best_hit_to_mtDNA
T	T	T	8842	HG002_all_regions	HG002_chr1.633402.634418|HISEQ1:18:H8VC6ADXX:1:1104:2549:73737	HG002_chr1.633402.634418|HISEQ1:18:H8VC6ADXX:1:1104:2549:73737	148	8796.0	8942.0	best_hit_to_mtDNA
G	G	G	8843	HG002_all_regions	HG002_chr1.633402.634418|HISEQ1:18:H8VC6ADXX:1:1104:2549:73737	HG002_chr1.633402.634418|HISEQ1:18:H8VC6ADXX:1:1104:2549:73737	148	8796.0	8942.0	best_hit_to_mtDNA
G	G	G	8844	HG002_all_regions	HG002_chr1.633402.634418|HISEQ1:18:H8VC6ADXX:1:1104:2549:73737	HG002_chr1.633402.634418|HISEQ1:18:H8VC6ADXX:1:1104:2549:73737	148	8796.0	8942.0	best_hit_to_mtDNA
C	C	C	8845	HG002_all_regions	HG002_chr1.633402.634418|HISEQ1:18:H8VC6ADXX:1:1104:2549:73737	HG002_chr1.633402.634418|HISEQ1:18:H8VC6ADXX:1:1104:2549:73737	148	8796.0	8942.0	best_hit_to_mtDNA
C	T	C	8846	HG002_all_regions	HG002_chr1.633402.634418|HISEQ1:18:H8VC6ADXX:1:1104:2549:73737	HG002_chr1.633402.634418|HISEQ1:18:H8VC6ADXX:1:1104:2549:73737	148	8796.0	8942.0	best_hit_to_mtDNA
A	A	A	8847	HG002_all_regions	HG002_chr1.633402.634418|HISEQ1:18:H8VC6ADXX:1:1104:2549:73737	HG002_chr1.633402.634418|HISEQ1:18:H8VC6ADXX:1:1104:2549:73737	148	8796.0	8942.0	best_hit_to_mtDNA
T	T	T	8848	HG002_all_regions	HG002_chr1.633402.634418|HISEQ1:18:H8VC6ADXX:1:1104:2549:73737	HG002_chr1.633402.634418|HISEQ1:18:H8VC6ADXX:1:1104:2549:73737	148	8796.0	8942.0	best_hit_to_mtDNA
C	C	C	8849	HG002_all_regions	HG002_chr1.633402.634418|HISEQ1:18:H8VC6ADXX:1:1104:2549:73737	HG002_chr1.633402.634418|HISEQ1:18:H8VC6ADXX:1:1104:2549:73737	148	8796.0	8942.0	best_hit_to_mtDNA
C	C	C	8850	HG002_all_regions	HG002_chr1.633402.634418|HISEQ1:18:H8VC6ADXX:1:1104:2549:73737	HG002_chr1.633402.634418|HISEQ1:18:H8VC6ADXX:1:1104:2549:73737	148	8796.0	8942.0	best_hit_to_mtDNA
C	C	C	8851	HG002_all_regions	HG002_chr1.633402.634418|HISEQ1:18:H8VC6ADXX:1:1104:2549:73737	HG002_chr1.633402.634418|HISEQ1:18:H8VC6ADXX:1:1104:2549:73737	148	8796.0	8942.0	best_hit_to_mtDNA
C	C	C	8852	HG002_all_regions	HG002_chr1.633402.634418|HISEQ1:18:H8VC6ADXX:1:1104:2549:73737	HG002_chr1.633402.634418|HISEQ1:18:H8VC6ADXX:1:1104:2549:73737	148	8796.0	8942.0	best_hit_to_mtDNA
T	C	T	8853	HG002_all_regions	HG002_chr1.633402.634418|HISEQ1:18:H8VC6ADXX:1:1104:2549:73737	HG002_chr1.633402.634418|HISEQ1:18:H8VC6ADXX:1:1104:2549:73737	148	8796.0	8942.0	best_hit_to_mtDNA
T	T	T	8854	HG002_all_regions	HG002_chr1.633402.634418|HISEQ1:18:H8VC6ADXX:1:1104:2549:73737	HG002_chr1.633402.634418|HISEQ1:18:H8VC6ADXX:1:1104:2549:73737	148	8796.0	8942.0	best_hit_to_mtDNA
A	A	A	8855	HG002_all_regions	HG002_chr1.633402.634418|HISEQ1:18:H8VC6ADXX:1:1104:2549:73737	HG002_chr1.633402.634418|HISEQ1:18:H8VC6ADXX:1:1104:2549:73737	148	8796.0	8942.0	best_hit_to_mtDNA
T	T	T	8856	HG002_all_regions	HG002_chr1.633402.634418|HISEQ1:18:H8VC6ADXX:1:1104:2549:73737	HG002_chr1.633402.634418|HISEQ1:18:H8VC6ADXX:1:1104:2549:73737	148	8796.0	8942.0	best_hit_to_mtDNA
G	G	G	8857	HG002_all_regions	HG002_chr1.633402.634418|HISEQ1:18:H8VC6ADXX:1:1104:2549:73737	HG002_chr1.633402.634418|HISEQ1:18:H8VC6ADXX:1:1104:2549:73737	148	8796.0	8942.0	best_hit_to_mtDNA
A	A	A	8858	HG002_all_regions	HG002_chr1.633402.634418|HISEQ1:18:H8VC6ADXX:1:1104:2549:73737	HG002_chr1.633402.634418|HISEQ1:18:H8VC6ADXX:1:1104:2549:73737	148	8796.0	8942.0	best_hit_to_mtDNA
G	G	G	8859	HG002_all_regions	HG002_chr1.633402.634418|HISEQ1:18:H8VC6ADXX:1:1104:2549:73737	HG002_chr1.633402.634418|HISEQ1:18:H8VC6ADXX:1:1104:2549:73737	148	8796.0	8942.0	best_hit_to_mtDNA
C	C	C	8860	HG002_all_regions	HG002_chr1.633402.634418|HISEQ1:18:H8VC6ADXX:1:1104:2549:73737	HG002_chr1.633402.634418|HISEQ1:18:H8VC6ADXX:1:1104:2549:73737	148	8796.0	8942.0	best_hit_to_mtDNA
G	A	G	8861	HG002_all_regions	HG002_chr1.633402.634418|HISEQ1:18:H8VC6ADXX:1:1104:2549:73737	HG002_chr1.633402.634418|HISEQ1:18:H8VC6ADXX:1:1104:2549:73737	148	8796.0	8942.0	best_hit_to_mtDNA
G	G	G	8862	HG002_all_regions	HG002_chr1.633402.634418|HISEQ1:18:H8VC6ADXX:1:1104:2549:73737	HG002_chr1.633402.634418|HISEQ1:18:H8VC6ADXX:1:1104:2549:73737	148	8796.0	8942.0	best_hit_to_mtDNA
G	G	G	8863	HG002_all_regions	HG002_chr1.633402.634418|HISEQ1:18:H8VC6ADXX:1:1104:2549:73737	HG002_chr1.633402.634418|HISEQ1:18:H8VC6ADXX:1:1104:2549:73737	148	8796.0	8942.0	best_hit_to_mtDNA
C	C	C	8864	HG002_all_regions	HG002_chr1.633402.634418|HISEQ1:18:H8VC6ADXX:1:1104:2549:73737	HG002_chr1.633402.634418|HISEQ1:18:H8VC6ADXX:1:1104:2549:73737	148	8796.0	8942.0	best_hit_to_mtDNA
A	G	G	8865	HG002_all_regions	HG002_chr1.633402.634418|HISEQ1:18:H8VC6ADXX:1:1104:2549:73737	HG002_chr1.633402.634418|HISEQ1:18:H8VC6ADXX:1:1104:2549:73737	148	8796.0	8942.0	best_hit_to_mtDNA
C	C	C	8866	HG002_all_regions	HG002_chr1.633402.634418|HISEQ1:18:H8VC6ADXX:1:1104:2549:73737	HG002_chr1.633402.634418|HISEQ1:18:H8VC6ADXX:1:1104:2549:73737	148	8796.0	8942.0	best_hit_to_mtDNA
A	A	A	8867	HG002_all_regions	HG002_chr1.633402.634418|HISEQ1:18:H8VC6ADXX:1:1104:2549:73737	HG002_chr1.633402.634418|HISEQ1:18:H8VC6ADXX:1:1104:2549:73737	148	8796.0	8942.0	best_hit_to_mtDNA
G	G	G	8868	HG002_all_regions	HG002_chr1.633402.634418|HISEQ1:18:H8VC6ADXX:1:1104:2549:73737	HG002_chr1.633402.634418|HISEQ1:18:H8VC6ADXX:1:1104:2549:73737	148	8796.0	8942.0	best_hit_to_mtDNA
T	T	T	8869	HG002_all_regions	HG002_chr1.633402.634418|HISEQ1:18:H8VC6ADXX:1:1104:2549:73737	HG002_chr1.633402.634418|HISEQ1:18:H8VC6ADXX:1:1104:2549:73737	148	8796.0	8942.0	best_hit_to_mtDNA
G	A	G	8870	HG002_all_regions	HG002_chr1.633402.634418|HISEQ1:18:H8VC6ADXX:1:1104:2549:73737	HG002_chr1.633402.634418|HISEQ1:18:H8VC6ADXX:1:1104:2549:73737	148	8796.0	8942.0	best_hit_to_mtDNA
A	G	A	8871	HG002_all_regions	HG002_chr1.633402.634418|HISEQ1:18:H8VC6ADXX:1:1104:2549:73737	HG002_chr1.633402.634418|HISEQ1:18:H8VC6ADXX:1:1104:2549:73737	148	8796.0	8942.0	best_hit_to_mtDNA
T	T	T	8872	HG002_all_regions	HG002_chr1.633402.634418|HISEQ1:18:H8VC6ADXX:1:1104:2549:73737	HG002_chr1.633402.634418|HISEQ1:18:H8VC6ADXX:1:1104:2549:73737	148	8796.0	8942.0	best_hit_to_mtDNA
T	C	T	8873	HG002_all_regions	HG002_chr1.633402.634418|HISEQ1:18:H8VC6ADXX:1:1104:2549:73737	HG002_chr1.633402.634418|HISEQ1:18:H8VC6ADXX:1:1104:2549:73737	148	8796.0	8942.0	best_hit_to_mtDNA
A	A	A	8874	HG002_all_regions	HG002_chr1.633402.634418|HISEQ1:18:H8VC6ADXX:1:1104:2549:73737	HG002_chr1.633402.634418|HISEQ1:18:H8VC6ADXX:1:1104:2549:73737	148	8796.0	8942.0	best_hit_to_mtDNA
T	T	T	8875	HG002_all_regions	HG002_chr1.633402.634418|HISEQ1:18:H8VC6ADXX:1:1104:2549:73737	HG002_chr1.633402.634418|HISEQ1:18:H8VC6ADXX:1:1104:2549:73737	148	8796.0	8942.0	best_hit_to_mtDNA
A	A	A	8876	HG002_all_regions	HG002_chr1.633402.634418|HISEQ1:18:H8VC6ADXX:1:1104:2549:73737	HG002_chr1.633402.634418|HISEQ1:18:H8VC6ADXX:1:1104:2549:73737	148	8796.0	8942.0	best_hit_to_mtDNA
G	G	G	8877	HG002_all_regions	HG002_chr1.633402.634418|HISEQ1:18:H8VC6ADXX:1:1104:2549:73737	HG002_chr1.633402.634418|HISEQ1:18:H8VC6ADXX:1:1104:2549:73737	148	8796.0	8942.0	best_hit_to_mtDNA
G	G	G	8878	HG002_all_regions	HG002_chr1.633402.634418|HISEQ1:18:H8VC6ADXX:1:1104:2549:73737	HG002_chr1.633402.634418|HISEQ1:18:H8VC6ADXX:1:1104:2549:73737	148	8796.0	8942.0	best_hit_to_mtDNA
C	C	C	8879	HG002_all_regions	HG002_chr1.633402.634418|HISEQ1:18:H8VC6ADXX:1:1104:2549:73737	HG002_chr1.633402.634418|HISEQ1:18:H8VC6ADXX:1:1104:2549:73737	148	8796.0	8942.0	best_hit_to_mtDNA
T	T	T	8880	HG002_all_regions	HG002_chr1.633402.634418|HISEQ1:18:H8VC6ADXX:1:1104:2549:73737	HG002_chr1.633402.634418|HISEQ1:18:H8VC6ADXX:1:1104:2549:73737	148	8796.0	8942.0	best_hit_to_mtDNA
T	T	T	8881	HG002_all_regions	HG002_chr1.633402.634418|HISEQ1:18:H8VC6ADXX:1:1104:2549:73737	HG002_chr1.633402.634418|HISEQ1:18:H8VC6ADXX:1:1104:2549:73737	148	8796.0	8942.0	best_hit_to_mtDNA
T	T	T	8882	HG002_all_regions	HG002_chr1.633402.634418|HISEQ1:18:H8VC6ADXX:1:1104:2549:73737	HG002_chr1.633402.634418|HISEQ1:18:H8VC6ADXX:1:1104:2549:73737	148	8796.0	8942.0	best_hit_to_mtDNA
C	C	C	8883	HG002_all_regions	HG002_chr1.633402.634418|HISEQ1:18:H8VC6ADXX:1:1104:2549:73737	HG002_chr1.633402.634418|HISEQ1:18:H8VC6ADXX:1:1104:2549:73737	148	8796.0	8942.0	best_hit_to_mtDNA
G	G	G	8884	HG002_all_regions	HG002_chr1.633402.634418|HISEQ1:18:H8VC6ADXX:1:1104:2549:73737	HG002_chr1.633402.634418|HISEQ1:18:H8VC6ADXX:1:1104:2549:73737	148	8796.0	8942.0	best_hit_to_mtDNA
C	C	C	8885	HG002_all_regions	HG002_chr1.633402.634418|HISEQ1:18:H8VC6ADXX:1:1104:2549:73737	HG002_chr1.633402.634418|HISEQ1:18:H8VC6ADXX:1:1104:2549:73737	148	8796.0	8942.0	best_hit_to_mtDNA
T	T	T	8886	HG002_all_regions	HG002_chr1.633402.634418|HISEQ1:18:H8VC6ADXX:1:1104:2549:73737	HG002_chr1.633402.634418|HISEQ1:18:H8VC6ADXX:1:1104:2549:73737	148	8796.0	8942.0	best_hit_to_mtDNA
C	T	C	8887	HG002_all_regions	HG002_chr1.633402.634418|HISEQ1:18:H8VC6ADXX:1:1104:2549:73737	HG002_chr1.633402.634418|HISEQ1:18:H8VC6ADXX:1:1104:2549:73737	148	8796.0	8942.0	best_hit_to_mtDNA
T	T	T	8888	HG002_all_regions	HG002_chr1.633402.634418|HISEQ1:18:H8VC6ADXX:1:1104:2549:73737	HG002_chr1.633402.634418|HISEQ1:18:H8VC6ADXX:1:1104:2549:73737	148	8796.0	8942.0	best_hit_to_mtDNA
A	A	A	8889	HG002_all_regions	HG002_chr1.633402.634418|HISEQ1:18:H8VC6ADXX:1:1104:2549:73737	HG002_chr1.633402.634418|HISEQ1:18:H8VC6ADXX:1:1104:2549:73737	148	8796.0	8942.0	best_hit_to_mtDNA
A	A	A	8890	HG002_all_regions	HG002_chr1.633402.634418|HISEQ1:18:H8VC6ADXX:1:1104:2549:73737	HG002_chr1.633402.634418|HISEQ1:18:H8VC6ADXX:1:1104:2549:73737	148	8796.0	8942.0	best_hit_to_mtDNA
G	G	G	8891	HG002_all_regions	HG002_chr1.633402.634418|HISEQ1:18:H8VC6ADXX:1:1104:2549:73737	HG002_chr1.633402.634418|HISEQ1:18:H8VC6ADXX:1:1104:2549:73737	148	8796.0	8942.0	best_hit_to_mtDNA
A	A	A	8892	HG002_all_regions	HG002_chr1.633402.634418|HISEQ1:18:H8VC6ADXX:1:1104:2549:73737	HG002_chr1.633402.634418|HISEQ1:18:H8VC6ADXX:1:1104:2549:73737	148	8796.0	8942.0	best_hit_to_mtDNA
T	C	T	8893	HG002_all_regions	HG002_chr1.633402.634418|HISEQ1:18:H8VC6ADXX:1:1104:2549:73737	HG002_chr1.633402.634418|HISEQ1:18:H8VC6ADXX:1:1104:2549:73737	148	8796.0	8942.0	best_hit_to_mtDNA
T	T	T	8894	HG002_all_regions	HG002_chr1.633402.634418|HISEQ1:18:H8VC6ADXX:1:1104:2549:73737	HG002_chr1.633402.634418|HISEQ1:18:H8VC6ADXX:1:1104:2549:73737	148	8796.0	8942.0	best_hit_to_mtDNA
A	A	A	8895	HG002_all_regions	HG002_chr1.633402.634418|HISEQ1:18:H8VC6ADXX:1:1104:2549:73737	HG002_chr1.633402.634418|HISEQ1:18:H8VC6ADXX:1:1104:2549:73737	148	8796.0	8942.0	best_hit_to_mtDNA
A	A	A	8896	HG002_all_regions	HG002_chr1.633402.634418|HISEQ1:18:H8VC6ADXX:1:1104:2549:73737	HG002_chr1.633402.634418|HISEQ1:18:H8VC6ADXX:1:1104:2549:73737	148	8796.0	8942.0	best_hit_to_mtDNA
A	A	A	8897	HG002_all_regions	HG002_chr1.633402.634418|HISEQ1:18:H8VC6ADXX:1:1104:2549:73737	HG002_chr1.633402.634418|HISEQ1:18:H8VC6ADXX:1:1104:2549:73737	148	8796.0	8942.0	best_hit_to_mtDNA
A	A	A	8898	HG002_all_regions	HG002_chr1.633402.634418|HISEQ1:18:H8VC6ADXX:1:1104:2549:73737	HG002_chr1.633402.634418|HISEQ1:18:H8VC6ADXX:1:1104:2549:73737	148	8796.0	8942.0	best_hit_to_mtDNA
A	A	A	8899	HG002_all_regions	HG002_chr1.633402.634418|HISEQ1:18:H8VC6ADXX:1:1104:2549:73737	HG002_chr1.633402.634418|HISEQ1:18:H8VC6ADXX:1:1104:2549:73737	148	8796.0	8942.0	best_hit_to_mtDNA
T	T	T	8900	HG002_all_regions	HG002_chr1.633402.634418|HISEQ1:18:H8VC6ADXX:1:1104:2549:73737	HG002_chr1.633402.634418|HISEQ1:18:H8VC6ADXX:1:1104:2549:73737	148	8796.0	8942.0	best_hit_to_mtDNA
G	G	G	8901	HG002_all_regions	HG002_chr1.633402.634418|HISEQ1:18:H8VC6ADXX:1:1104:2549:73737	HG002_chr1.633402.634418|HISEQ1:18:H8VC6ADXX:1:1104:2549:73737	148	8796.0	8942.0	best_hit_to_mtDNA
C	C	C	8902	HG002_all_regions	HG002_chr1.633402.634418|HISEQ1:18:H8VC6ADXX:1:1104:2549:73737	HG002_chr1.633402.634418|HISEQ1:18:H8VC6ADXX:1:1104:2549:73737	148	8796.0	8942.0	best_hit_to_mtDNA
C	C	C	8903	HG002_all_regions	HG002_chr1.633402.634418|HISEQ1:18:H8VC6ADXX:1:1104:2549:73737	HG002_chr1.633402.634418|HISEQ1:18:H8VC6ADXX:1:1104:2549:73737	148	8796.0	8942.0	best_hit_to_mtDNA
C	C	C	8904	HG002_all_regions	HG002_chr1.633402.634418|HISEQ1:18:H8VC6ADXX:1:1104:2549:73737	HG002_chr1.633402.634418|HISEQ1:18:H8VC6ADXX:1:1104:2549:73737	148	8796.0	8942.0	best_hit_to_mtDNA
T	T	T	8905	HG002_all_regions	HG002_chr1.633402.634418|HISEQ1:18:H8VC6ADXX:1:1104:2549:73737	HG002_chr1.633402.634418|HISEQ1:18:H8VC6ADXX:1:1104:2549:73737	148	8796.0	8942.0	best_hit_to_mtDNA
A	A	A	8906	HG002_all_regions	HG002_chr1.633402.634418|HISEQ1:18:H8VC6ADXX:1:1104:2549:73737	HG002_chr1.633402.634418|HISEQ1:18:H8VC6ADXX:1:1104:2549:73737	148	8796.0	8942.0	best_hit_to_mtDNA
G	G	G	8907	HG002_all_regions	HG002_chr1.633402.634418|HISEQ1:18:H8VC6ADXX:1:1104:2549:73737	HG002_chr1.633402.634418|HISEQ1:18:H8VC6ADXX:1:1104:2549:73737	148	8796.0	8942.0	best_hit_to_mtDNA
C	C	C	8908	HG002_all_regions	HG002_chr1.633402.634418|HISEQ1:18:H8VC6ADXX:1:1104:2549:73737	HG002_chr1.633402.634418|HISEQ1:18:H8VC6ADXX:1:1104:2549:73737	148	8796.0	8942.0	best_hit_to_mtDNA
C	C	C	8909	HG002_all_regions	HG002_chr1.633402.634418|HISEQ1:18:H8VC6ADXX:1:1104:2549:73737	HG002_chr1.633402.634418|HISEQ1:18:H8VC6ADXX:1:1104:2549:73737	148	8796.0	8942.0	best_hit_to_mtDNA
C	C	C	8910	HG002_all_regions	HG002_chr1.633402.634418|HISEQ1:18:H8VC6ADXX:1:1104:2549:73737	HG002_chr1.633402.634418|HISEQ1:18:H8VC6ADXX:1:1104:2549:73737	148	8796.0	8942.0	best_hit_to_mtDNA
A	A	A	8911	HG002_all_regions	HG002_chr1.633402.634418|HISEQ1:18:H8VC6ADXX:1:1104:2549:73737	HG002_chr1.633402.634418|HISEQ1:18:H8VC6ADXX:1:1104:2549:73737	148	8796.0	8942.0	best_hit_to_mtDNA
C	C	C	8912	HG002_all_regions	HG002_chr1.633402.634418|HISEQ1:18:H8VC6ADXX:1:1104:2549:73737	HG002_chr1.633402.634418|HISEQ1:18:H8VC6ADXX:1:1104:2549:73737	148	8796.0	8942.0	best_hit_to_mtDNA
T	T	T	8913	HG002_all_regions	HG002_chr1.633402.634418|HISEQ1:18:H8VC6ADXX:1:1104:2549:73737	HG002_chr1.633402.634418|HISEQ1:18:H8VC6ADXX:1:1104:2549:73737	148	8796.0	8942.0	best_hit_to_mtDNA
T	T	T	8914	HG002_all_regions	HG002_chr1.633402.634418|HISEQ1:18:H8VC6ADXX:1:1104:2549:73737	HG002_chr1.633402.634418|HISEQ1:18:H8VC6ADXX:1:1104:2549:73737	148	8796.0	8942.0	best_hit_to_mtDNA
C	C	C	8915	HG002_all_regions	HG002_chr1.633402.634418|HISEQ1:18:H8VC6ADXX:1:1104:2549:73737	HG002_chr1.633402.634418|HISEQ1:18:H8VC6ADXX:1:1104:2549:73737	148	8796.0	8942.0	best_hit_to_mtDNA
T	T	T	8916	HG002_all_regions	HG002_chr1.633402.634418|HISEQ1:18:H8VC6ADXX:1:1104:2549:73737	HG002_chr1.633402.634418|HISEQ1:18:H8VC6ADXX:1:1104:2549:73737	148	8796.0	8942.0	best_hit_to_mtDNA
T	T	T	8917	HG002_all_regions	HG002_chr1.633402.634418|HISEQ1:18:H8VC6ADXX:1:1104:2549:73737	HG002_chr1.633402.634418|HISEQ1:18:H8VC6ADXX:1:1104:2549:73737	148	8796.0	8942.0	best_hit_to_mtDNA
A	A	A	8918	HG002_all_regions	HG002_chr1.633402.634418|HISEQ1:18:H8VC6ADXX:1:1104:2549:73737	HG002_chr1.633402.634418|HISEQ1:18:H8VC6ADXX:1:1104:2549:73737	148	8796.0	8942.0	best_hit_to_mtDNA
C	C	C	8919	HG002_all_regions	HG002_chr1.633402.634418|HISEQ1:18:H8VC6ADXX:1:1104:2549:73737	HG002_chr1.633402.634418|HISEQ1:18:H8VC6ADXX:1:1104:2549:73737	148	8796.0	8942.0	best_hit_to_mtDNA
C	C	C	8920	HG002_all_regions	HG002_chr1.633402.634418|HISEQ1:18:H8VC6ADXX:1:1104:2549:73737	HG002_chr1.633402.634418|HISEQ1:18:H8VC6ADXX:1:1104:2549:73737	148	8796.0	8942.0	best_hit_to_mtDNA
A	G	A	8921	HG002_all_regions	HG002_chr1.633402.634418|HISEQ1:18:H8VC6ADXX:1:1104:2549:73737	HG002_chr1.633402.634418|HISEQ1:18:H8VC6ADXX:1:1104:2549:73737	148	8796.0	8942.0	best_hit_to_mtDNA
C	C	C	8922	HG002_all_regions	HG002_chr1.633402.634418|HISEQ1:18:H8VC6ADXX:1:1104:2549:73737	HG002_chr1.633402.634418|HISEQ1:18:H8VC6ADXX:1:1104:2549:73737	148	8796.0	8942.0	best_hit_to_mtDNA
A	A	A	8923	HG002_all_regions	HG002_chr1.633402.634418|HISEQ1:18:H8VC6ADXX:1:1104:2549:73737	HG002_chr1.633402.634418|HISEQ1:18:H8VC6ADXX:1:1104:2549:73737	148	8796.0	8942.0	best_hit_to_mtDNA
A	A	A	8924	HG002_all_regions	HG002_chr1.633402.634418|HISEQ1:18:H8VC6ADXX:1:1104:2549:73737	HG002_chr1.633402.634418|HISEQ1:18:H8VC6ADXX:1:1104:2549:73737	148	8796.0	8942.0	best_hit_to_mtDNA
G	G	G	8925	HG002_all_regions	HG002_chr1.633402.634418|HISEQ1:18:H8VC6ADXX:1:1104:2549:73737	HG002_chr1.633402.634418|HISEQ1:18:H8VC6ADXX:1:1104:2549:73737	148	8796.0	8942.0	best_hit_to_mtDNA
G	G	G	8926	HG002_all_regions	HG002_chr1.633402.634418|HISEQ1:18:H8VC6ADXX:1:1104:2549:73737	HG002_chr1.633402.634418|HISEQ1:18:H8VC6ADXX:1:1104:2549:73737	148	8796.0	8942.0	best_hit_to_mtDNA
C	C	C	8927	HG002_all_regions	HG002_chr1.633402.634418|HISEQ1:18:H8VC6ADXX:1:1104:2549:73737	HG002_chr1.633402.634418|HISEQ1:18:H8VC6ADXX:1:1104:2549:73737	148	8796.0	8942.0	best_hit_to_mtDNA
A	A	A	8928	HG002_all_regions	HG002_chr1.633402.634418|HISEQ1:18:H8VC6ADXX:1:1104:2549:73737	HG002_chr1.633402.634418|HISEQ1:18:H8VC6ADXX:1:1104:2549:73737	148	8796.0	8942.0	best_hit_to_mtDNA
C	C	C	8929	HG002_all_regions	HG002_chr1.633402.634418|HISEQ1:18:H8VC6ADXX:1:1104:2549:73737	HG002_chr1.633402.634418|HISEQ1:18:H8VC6ADXX:1:1104:2549:73737	148	8796.0	8942.0	best_hit_to_mtDNA
A	A	A	8930	HG002_all_regions	HG002_chr1.633402.634418|HISEQ1:18:H8VC6ADXX:1:1104:2549:73737	HG002_chr1.633402.634418|HISEQ1:18:H8VC6ADXX:1:1104:2549:73737	148	8796.0	8942.0	best_hit_to_mtDNA
C	C	C	8931	HG002_all_regions	HG002_chr1.633402.634418|HISEQ1:18:H8VC6ADXX:1:1104:2549:73737	HG002_chr1.633402.634418|HISEQ1:18:H8VC6ADXX:1:1104:2549:73737	148	8796.0	8942.0	best_hit_to_mtDNA
C	C	C	8932	HG002_all_regions	HG002_chr1.633402.634418|HISEQ1:18:H8VC6ADXX:1:1104:2549:73737	HG002_chr1.633402.634418|HISEQ1:18:H8VC6ADXX:1:1104:2549:73737	148	8796.0	8942.0	best_hit_to_mtDNA
T	T	T	8933	HG002_all_regions	HG002_chr1.633402.634418|HISEQ1:18:H8VC6ADXX:1:1104:2549:73737	HG002_chr1.633402.634418|HISEQ1:18:H8VC6ADXX:1:1104:2549:73737	148	8796.0	8942.0	best_hit_to_mtDNA
A	A	A	8934	HG002_all_regions	HG002_chr1.633402.634418|HISEQ1:18:H8VC6ADXX:1:1104:2549:73737	HG002_chr1.633402.634418|HISEQ1:18:H8VC6ADXX:1:1104:2549:73737	148	8796.0	8942.0	best_hit_to_mtDNA
C	C	C	8935	HG002_all_regions	HG002_chr1.633402.634418|HISEQ1:18:H8VC6ADXX:1:1104:2549:73737	HG002_chr1.633402.634418|HISEQ1:18:H8VC6ADXX:1:1104:2549:73737	148	8796.0	8942.0	best_hit_to_mtDNA
A	A	A	8936	HG002_all_regions	HG002_chr1.633402.634418|HISEQ1:18:H8VC6ADXX:1:1104:2549:73737	HG002_chr1.633402.634418|HISEQ1:18:H8VC6ADXX:1:1104:2549:73737	148	8796.0	8942.0	best_hit_to_mtDNA
C	C	C	8937	HG002_all_regions	HG002_chr1.633402.634418|HISEQ1:18:H8VC6ADXX:1:1104:2549:73737	HG002_chr1.633402.634418|HISEQ1:18:H8VC6ADXX:1:1104:2549:73737	148	8796.0	8942.0	best_hit_to_mtDNA
C	C	C	8938	HG002_all_regions	HG002_chr1.633402.634418|HISEQ1:18:H8VC6ADXX:1:1104:2549:73737	HG002_chr1.633402.634418|HISEQ1:18:H8VC6ADXX:1:1104:2549:73737	148	8796.0	8942.0	best_hit_to_mtDNA
C	C	C	8939	HG002_all_regions	HG002_chr1.633402.634418|HISEQ1:18:H8VC6ADXX:1:1104:2549:73737	HG002_chr1.633402.634418|HISEQ1:18:H8VC6ADXX:1:1104:2549:73737	148	8796.0	8942.0	best_hit_to_mtDNA
C	C	C	8940	HG002_all_regions	HG002_chr1.633402.634418|HISEQ1:18:H8VC6ADXX:1:1104:2549:73737	HG002_chr1.633402.634418|HISEQ1:18:H8VC6ADXX:1:1104:2549:73737	148	8796.0	8942.0	best_hit_to_mtDNA
T	T	T	8941	HG002_all_regions	HG002_chr1.633402.634418|HISEQ1:18:H8VC6ADXX:1:1104:2549:73737	HG002_chr1.633402.634418|HISEQ1:18:H8VC6ADXX:1:1104:2549:73737	148	8796.0	8942.0	best_hit_to_mtDNA
A	A	C	8800	HG002_all_regions	HG002_chr1.633402.634418|HISEQ1:18:H8VC6ADXX:2:2115:1797:98145	HG002_chr1.633402.634418|HISEQ1:18:H8VC6ADXX:2:2115:1797:98145	148	8796.0	8942.0	best_hit_to_mtDNA
C	C	C	8801	HG002_all_regions	HG002_chr1.633402.634418|HISEQ1:18:H8VC6ADXX:2:2115:1797:98145	HG002_chr1.633402.634418|HISEQ1:18:H8VC6ADXX:2:2115:1797:98145	148	8796.0	8942.0	best_hit_to_mtDNA
T	T	T	8802	HG002_all_regions	HG002_chr1.633402.634418|HISEQ1:18:H8VC6ADXX:2:2115:1797:98145	HG002_chr1.633402.634418|HISEQ1:18:H8VC6ADXX:2:2115:1797:98145	148	8796.0	8942.0	best_hit_to_mtDNA
C	C	C	8803	HG002_all_regions	HG002_chr1.633402.634418|HISEQ1:18:H8VC6ADXX:2:2115:1797:98145	HG002_chr1.633402.634418|HISEQ1:18:H8VC6ADXX:2:2115:1797:98145	148	8796.0	8942.0	best_hit_to_mtDNA
A	A	A	8804	HG002_all_regions	HG002_chr1.633402.634418|HISEQ1:18:H8VC6ADXX:2:2115:1797:98145	HG002_chr1.633402.634418|HISEQ1:18:H8VC6ADXX:2:2115:1797:98145	148	8796.0	8942.0	best_hit_to_mtDNA
T	T	T	8805	HG002_all_regions	HG002_chr1.633402.634418|HISEQ1:18:H8VC6ADXX:2:2115:1797:98145	HG002_chr1.633402.634418|HISEQ1:18:H8VC6ADXX:2:2115:1797:98145	148	8796.0	8942.0	best_hit_to_mtDNA
T	T	T	8806	HG002_all_regions	HG002_chr1.633402.634418|HISEQ1:18:H8VC6ADXX:2:2115:1797:98145	HG002_chr1.633402.634418|HISEQ1:18:H8VC6ADXX:2:2115:1797:98145	148	8796.0	8942.0	best_hit_to_mtDNA
T	C	T	8807	HG002_all_regions	HG002_chr1.633402.634418|HISEQ1:18:H8VC6ADXX:2:2115:1797:98145	HG002_chr1.633402.634418|HISEQ1:18:H8VC6ADXX:2:2115:1797:98145	148	8796.0	8942.0	best_hit_to_mtDNA
A	A	A	8808	HG002_all_regions	HG002_chr1.633402.634418|HISEQ1:18:H8VC6ADXX:2:2115:1797:98145	HG002_chr1.633402.634418|HISEQ1:18:H8VC6ADXX:2:2115:1797:98145	148	8796.0	8942.0	best_hit_to_mtDNA
C	C	C	8809	HG002_all_regions	HG002_chr1.633402.634418|HISEQ1:18:H8VC6ADXX:2:2115:1797:98145	HG002_chr1.633402.634418|HISEQ1:18:H8VC6ADXX:2:2115:1797:98145	148	8796.0	8942.0	best_hit_to_mtDNA
A	A	A	8810	HG002_all_regions	HG002_chr1.633402.634418|HISEQ1:18:H8VC6ADXX:2:2115:1797:98145	HG002_chr1.633402.634418|HISEQ1:18:H8VC6ADXX:2:2115:1797:98145	148	8796.0	8942.0	best_hit_to_mtDNA
C	C	C	8811	HG002_all_regions	HG002_chr1.633402.634418|HISEQ1:18:H8VC6ADXX:2:2115:1797:98145	HG002_chr1.633402.634418|HISEQ1:18:H8VC6ADXX:2:2115:1797:98145	148	8796.0	8942.0	best_hit_to_mtDNA
C	C	C	8812	HG002_all_regions	HG002_chr1.633402.634418|HISEQ1:18:H8VC6ADXX:2:2115:1797:98145	HG002_chr1.633402.634418|HISEQ1:18:H8VC6ADXX:2:2115:1797:98145	148	8796.0	8942.0	best_hit_to_mtDNA
A	A	A	8813	HG002_all_regions	HG002_chr1.633402.634418|HISEQ1:18:H8VC6ADXX:2:2115:1797:98145	HG002_chr1.633402.634418|HISEQ1:18:H8VC6ADXX:2:2115:1797:98145	148	8796.0	8942.0	best_hit_to_mtDNA
A	A	A	8814	HG002_all_regions	HG002_chr1.633402.634418|HISEQ1:18:H8VC6ADXX:2:2115:1797:98145	HG002_chr1.633402.634418|HISEQ1:18:H8VC6ADXX:2:2115:1797:98145	148	8796.0	8942.0	best_hit_to_mtDNA
C	C	C	8815	HG002_all_regions	HG002_chr1.633402.634418|HISEQ1:18:H8VC6ADXX:2:2115:1797:98145	HG002_chr1.633402.634418|HISEQ1:18:H8VC6ADXX:2:2115:1797:98145	148	8796.0	8942.0	best_hit_to_mtDNA
C	C	C	8816	HG002_all_regions	HG002_chr1.633402.634418|HISEQ1:18:H8VC6ADXX:2:2115:1797:98145	HG002_chr1.633402.634418|HISEQ1:18:H8VC6ADXX:2:2115:1797:98145	148	8796.0	8942.0	best_hit_to_mtDNA
A	A	A	8817	HG002_all_regions	HG002_chr1.633402.634418|HISEQ1:18:H8VC6ADXX:2:2115:1797:98145	HG002_chr1.633402.634418|HISEQ1:18:H8VC6ADXX:2:2115:1797:98145	148	8796.0	8942.0	best_hit_to_mtDNA
C	C	C	8818	HG002_all_regions	HG002_chr1.633402.634418|HISEQ1:18:H8VC6ADXX:2:2115:1797:98145	HG002_chr1.633402.634418|HISEQ1:18:H8VC6ADXX:2:2115:1797:98145	148	8796.0	8942.0	best_hit_to_mtDNA
C	C	C	8819	HG002_all_regions	HG002_chr1.633402.634418|HISEQ1:18:H8VC6ADXX:2:2115:1797:98145	HG002_chr1.633402.634418|HISEQ1:18:H8VC6ADXX:2:2115:1797:98145	148	8796.0	8942.0	best_hit_to_mtDNA
C	C	C	8820	HG002_all_regions	HG002_chr1.633402.634418|HISEQ1:18:H8VC6ADXX:2:2115:1797:98145	HG002_chr1.633402.634418|HISEQ1:18:H8VC6ADXX:2:2115:1797:98145	148	8796.0	8942.0	best_hit_to_mtDNA
A	A	A	8821	HG002_all_regions	HG002_chr1.633402.634418|HISEQ1:18:H8VC6ADXX:2:2115:1797:98145	HG002_chr1.633402.634418|HISEQ1:18:H8VC6ADXX:2:2115:1797:98145	148	8796.0	8942.0	best_hit_to_mtDNA
A	A	A	8822	HG002_all_regions	HG002_chr1.633402.634418|HISEQ1:18:H8VC6ADXX:2:2115:1797:98145	HG002_chr1.633402.634418|HISEQ1:18:H8VC6ADXX:2:2115:1797:98145	148	8796.0	8942.0	best_hit_to_mtDNA
C	C	C	8823	HG002_all_regions	HG002_chr1.633402.634418|HISEQ1:18:H8VC6ADXX:2:2115:1797:98145	HG002_chr1.633402.634418|HISEQ1:18:H8VC6ADXX:2:2115:1797:98145	148	8796.0	8942.0	best_hit_to_mtDNA
T	T	A	8824	HG002_all_regions	HG002_chr1.633402.634418|HISEQ1:18:H8VC6ADXX:2:2115:1797:98145	HG002_chr1.633402.634418|HISEQ1:18:H8VC6ADXX:2:2115:1797:98145	148	8796.0	8942.0	best_hit_to_mtDNA
A	A	A	8825	HG002_all_regions	HG002_chr1.633402.634418|HISEQ1:18:H8VC6ADXX:2:2115:1797:98145	HG002_chr1.633402.634418|HISEQ1:18:H8VC6ADXX:2:2115:1797:98145	148	8796.0	8942.0	best_hit_to_mtDNA
T	T	T	8826	HG002_all_regions	HG002_chr1.633402.634418|HISEQ1:18:H8VC6ADXX:2:2115:1797:98145	HG002_chr1.633402.634418|HISEQ1:18:H8VC6ADXX:2:2115:1797:98145	148	8796.0	8942.0	best_hit_to_mtDNA
C	C	C	8827	HG002_all_regions	HG002_chr1.633402.634418|HISEQ1:18:H8VC6ADXX:2:2115:1797:98145	HG002_chr1.633402.634418|HISEQ1:18:H8VC6ADXX:2:2115:1797:98145	148	8796.0	8942.0	best_hit_to_mtDNA
T	T	T	8828	HG002_all_regions	HG002_chr1.633402.634418|HISEQ1:18:H8VC6ADXX:2:2115:1797:98145	HG002_chr1.633402.634418|HISEQ1:18:H8VC6ADXX:2:2115:1797:98145	148	8796.0	8942.0	best_hit_to_mtDNA
A	A	A	8829	HG002_all_regions	HG002_chr1.633402.634418|HISEQ1:18:H8VC6ADXX:2:2115:1797:98145	HG002_chr1.633402.634418|HISEQ1:18:H8VC6ADXX:2:2115:1797:98145	148	8796.0	8942.0	best_hit_to_mtDNA
T	T	T	8830	HG002_all_regions	HG002_chr1.633402.634418|HISEQ1:18:H8VC6ADXX:2:2115:1797:98145	HG002_chr1.633402.634418|HISEQ1:18:H8VC6ADXX:2:2115:1797:98145	148	8796.0	8942.0	best_hit_to_mtDNA
A	A	A	8831	HG002_all_regions	HG002_chr1.633402.634418|HISEQ1:18:H8VC6ADXX:2:2115:1797:98145	HG002_chr1.633402.634418|HISEQ1:18:H8VC6ADXX:2:2115:1797:98145	148	8796.0	8942.0	best_hit_to_mtDNA
A	A	A	8832	HG002_all_regions	HG002_chr1.633402.634418|HISEQ1:18:H8VC6ADXX:2:2115:1797:98145	HG002_chr1.633402.634418|HISEQ1:18:H8VC6ADXX:2:2115:1797:98145	148	8796.0	8942.0	best_hit_to_mtDNA
A	A	A	8833	HG002_all_regions	HG002_chr1.633402.634418|HISEQ1:18:H8VC6ADXX:2:2115:1797:98145	HG002_chr1.633402.634418|HISEQ1:18:H8VC6ADXX:2:2115:1797:98145	148	8796.0	8942.0	best_hit_to_mtDNA
C	C	C	8834	HG002_all_regions	HG002_chr1.633402.634418|HISEQ1:18:H8VC6ADXX:2:2115:1797:98145	HG002_chr1.633402.634418|HISEQ1:18:H8VC6ADXX:2:2115:1797:98145	148	8796.0	8942.0	best_hit_to_mtDNA
C	C	C	8835	HG002_all_regions	HG002_chr1.633402.634418|HISEQ1:18:H8VC6ADXX:2:2115:1797:98145	HG002_chr1.633402.634418|HISEQ1:18:H8VC6ADXX:2:2115:1797:98145	148	8796.0	8942.0	best_hit_to_mtDNA
T	T	T	8836	HG002_all_regions	HG002_chr1.633402.634418|HISEQ1:18:H8VC6ADXX:2:2115:1797:98145	HG002_chr1.633402.634418|HISEQ1:18:H8VC6ADXX:2:2115:1797:98145	148	8796.0	8942.0	best_hit_to_mtDNA
A	A	A	8837	HG002_all_regions	HG002_chr1.633402.634418|HISEQ1:18:H8VC6ADXX:2:2115:1797:98145	HG002_chr1.633402.634418|HISEQ1:18:H8VC6ADXX:2:2115:1797:98145	148	8796.0	8942.0	best_hit_to_mtDNA
G	G	G	8838	HG002_all_regions	HG002_chr1.633402.634418|HISEQ1:18:H8VC6ADXX:2:2115:1797:98145	HG002_chr1.633402.634418|HISEQ1:18:H8VC6ADXX:2:2115:1797:98145	148	8796.0	8942.0	best_hit_to_mtDNA
C	C	C	8839	HG002_all_regions	HG002_chr1.633402.634418|HISEQ1:18:H8VC6ADXX:2:2115:1797:98145	HG002_chr1.633402.634418|HISEQ1:18:H8VC6ADXX:2:2115:1797:98145	148	8796.0	8942.0	best_hit_to_mtDNA
C	C	C	8840	HG002_all_regions	HG002_chr1.633402.634418|HISEQ1:18:H8VC6ADXX:2:2115:1797:98145	HG002_chr1.633402.634418|HISEQ1:18:H8VC6ADXX:2:2115:1797:98145	148	8796.0	8942.0	best_hit_to_mtDNA
A	A	A	8841	HG002_all_regions	HG002_chr1.633402.634418|HISEQ1:18:H8VC6ADXX:2:2115:1797:98145	HG002_chr1.633402.634418|HISEQ1:18:H8VC6ADXX:2:2115:1797:98145	148	8796.0	8942.0	best_hit_to_mtDNA
T	T	T	8842	HG002_all_regions	HG002_chr1.633402.634418|HISEQ1:18:H8VC6ADXX:2:2115:1797:98145	HG002_chr1.633402.634418|HISEQ1:18:H8VC6ADXX:2:2115:1797:98145	148	8796.0	8942.0	best_hit_to_mtDNA
G	G	G	8843	HG002_all_regions	HG002_chr1.633402.634418|HISEQ1:18:H8VC6ADXX:2:2115:1797:98145	HG002_chr1.633402.634418|HISEQ1:18:H8VC6ADXX:2:2115:1797:98145	148	8796.0	8942.0	best_hit_to_mtDNA
G	G	G	8844	HG002_all_regions	HG002_chr1.633402.634418|HISEQ1:18:H8VC6ADXX:2:2115:1797:98145	HG002_chr1.633402.634418|HISEQ1:18:H8VC6ADXX:2:2115:1797:98145	148	8796.0	8942.0	best_hit_to_mtDNA
C	C	C	8845	HG002_all_regions	HG002_chr1.633402.634418|HISEQ1:18:H8VC6ADXX:2:2115:1797:98145	HG002_chr1.633402.634418|HISEQ1:18:H8VC6ADXX:2:2115:1797:98145	148	8796.0	8942.0	best_hit_to_mtDNA
C	T	C	8846	HG002_all_regions	HG002_chr1.633402.634418|HISEQ1:18:H8VC6ADXX:2:2115:1797:98145	HG002_chr1.633402.634418|HISEQ1:18:H8VC6ADXX:2:2115:1797:98145	148	8796.0	8942.0	best_hit_to_mtDNA
A	A	A	8847	HG002_all_regions	HG002_chr1.633402.634418|HISEQ1:18:H8VC6ADXX:2:2115:1797:98145	HG002_chr1.633402.634418|HISEQ1:18:H8VC6ADXX:2:2115:1797:98145	148	8796.0	8942.0	best_hit_to_mtDNA
T	T	T	8848	HG002_all_regions	HG002_chr1.633402.634418|HISEQ1:18:H8VC6ADXX:2:2115:1797:98145	HG002_chr1.633402.634418|HISEQ1:18:H8VC6ADXX:2:2115:1797:98145	148	8796.0	8942.0	best_hit_to_mtDNA
C	C	C	8849	HG002_all_regions	HG002_chr1.633402.634418|HISEQ1:18:H8VC6ADXX:2:2115:1797:98145	HG002_chr1.633402.634418|HISEQ1:18:H8VC6ADXX:2:2115:1797:98145	148	8796.0	8942.0	best_hit_to_mtDNA
C	C	C	8850	HG002_all_regions	HG002_chr1.633402.634418|HISEQ1:18:H8VC6ADXX:2:2115:1797:98145	HG002_chr1.633402.634418|HISEQ1:18:H8VC6ADXX:2:2115:1797:98145	148	8796.0	8942.0	best_hit_to_mtDNA
C	C	C	8851	HG002_all_regions	HG002_chr1.633402.634418|HISEQ1:18:H8VC6ADXX:2:2115:1797:98145	HG002_chr1.633402.634418|HISEQ1:18:H8VC6ADXX:2:2115:1797:98145	148	8796.0	8942.0	best_hit_to_mtDNA
C	C	C	8852	HG002_all_regions	HG002_chr1.633402.634418|HISEQ1:18:H8VC6ADXX:2:2115:1797:98145	HG002_chr1.633402.634418|HISEQ1:18:H8VC6ADXX:2:2115:1797:98145	148	8796.0	8942.0	best_hit_to_mtDNA
T	C	T	8853	HG002_all_regions	HG002_chr1.633402.634418|HISEQ1:18:H8VC6ADXX:2:2115:1797:98145	HG002_chr1.633402.634418|HISEQ1:18:H8VC6ADXX:2:2115:1797:98145	148	8796.0	8942.0	best_hit_to_mtDNA
T	T	T	8854	HG002_all_regions	HG002_chr1.633402.634418|HISEQ1:18:H8VC6ADXX:2:2115:1797:98145	HG002_chr1.633402.634418|HISEQ1:18:H8VC6ADXX:2:2115:1797:98145	148	8796.0	8942.0	best_hit_to_mtDNA
A	A	A	8855	HG002_all_regions	HG002_chr1.633402.634418|HISEQ1:18:H8VC6ADXX:2:2115:1797:98145	HG002_chr1.633402.634418|HISEQ1:18:H8VC6ADXX:2:2115:1797:98145	148	8796.0	8942.0	best_hit_to_mtDNA
T	T	T	8856	HG002_all_regions	HG002_chr1.633402.634418|HISEQ1:18:H8VC6ADXX:2:2115:1797:98145	HG002_chr1.633402.634418|HISEQ1:18:H8VC6ADXX:2:2115:1797:98145	148	8796.0	8942.0	best_hit_to_mtDNA
G	G	G	8857	HG002_all_regions	HG002_chr1.633402.634418|HISEQ1:18:H8VC6ADXX:2:2115:1797:98145	HG002_chr1.633402.634418|HISEQ1:18:H8VC6ADXX:2:2115:1797:98145	148	8796.0	8942.0	best_hit_to_mtDNA
A	A	A	8858	HG002_all_regions	HG002_chr1.633402.634418|HISEQ1:18:H8VC6ADXX:2:2115:1797:98145	HG002_chr1.633402.634418|HISEQ1:18:H8VC6ADXX:2:2115:1797:98145	148	8796.0	8942.0	best_hit_to_mtDNA
G	G	G	8859	HG002_all_regions	HG002_chr1.633402.634418|HISEQ1:18:H8VC6ADXX:2:2115:1797:98145	HG002_chr1.633402.634418|HISEQ1:18:H8VC6ADXX:2:2115:1797:98145	148	8796.0	8942.0	best_hit_to_mtDNA
C	C	C	8860	HG002_all_regions	HG002_chr1.633402.634418|HISEQ1:18:H8VC6ADXX:2:2115:1797:98145	HG002_chr1.633402.634418|HISEQ1:18:H8VC6ADXX:2:2115:1797:98145	148	8796.0	8942.0	best_hit_to_mtDNA
G	A	G	8861	HG002_all_regions	HG002_chr1.633402.634418|HISEQ1:18:H8VC6ADXX:2:2115:1797:98145	HG002_chr1.633402.634418|HISEQ1:18:H8VC6ADXX:2:2115:1797:98145	148	8796.0	8942.0	best_hit_to_mtDNA
G	G	G	8862	HG002_all_regions	HG002_chr1.633402.634418|HISEQ1:18:H8VC6ADXX:2:2115:1797:98145	HG002_chr1.633402.634418|HISEQ1:18:H8VC6ADXX:2:2115:1797:98145	148	8796.0	8942.0	best_hit_to_mtDNA
G	G	T	8863	HG002_all_regions	HG002_chr1.633402.634418|HISEQ1:18:H8VC6ADXX:2:2115:1797:98145	HG002_chr1.633402.634418|HISEQ1:18:H8VC6ADXX:2:2115:1797:98145	148	8796.0	8942.0	best_hit_to_mtDNA
C	C	C	8864	HG002_all_regions	HG002_chr1.633402.634418|HISEQ1:18:H8VC6ADXX:2:2115:1797:98145	HG002_chr1.633402.634418|HISEQ1:18:H8VC6ADXX:2:2115:1797:98145	148	8796.0	8942.0	best_hit_to_mtDNA
A	G	G	8865	HG002_all_regions	HG002_chr1.633402.634418|HISEQ1:18:H8VC6ADXX:2:2115:1797:98145	HG002_chr1.633402.634418|HISEQ1:18:H8VC6ADXX:2:2115:1797:98145	148	8796.0	8942.0	best_hit_to_mtDNA
C	C	C	8866	HG002_all_regions	HG002_chr1.633402.634418|HISEQ1:18:H8VC6ADXX:2:2115:1797:98145	HG002_chr1.633402.634418|HISEQ1:18:H8VC6ADXX:2:2115:1797:98145	148	8796.0	8942.0	best_hit_to_mtDNA
A	A	A	8867	HG002_all_regions	HG002_chr1.633402.634418|HISEQ1:18:H8VC6ADXX:2:2115:1797:98145	HG002_chr1.633402.634418|HISEQ1:18:H8VC6ADXX:2:2115:1797:98145	148	8796.0	8942.0	best_hit_to_mtDNA
G	G	G	8868	HG002_all_regions	HG002_chr1.633402.634418|HISEQ1:18:H8VC6ADXX:2:2115:1797:98145	HG002_chr1.633402.634418|HISEQ1:18:H8VC6ADXX:2:2115:1797:98145	148	8796.0	8942.0	best_hit_to_mtDNA
T	T	T	8869	HG002_all_regions	HG002_chr1.633402.634418|HISEQ1:18:H8VC6ADXX:2:2115:1797:98145	HG002_chr1.633402.634418|HISEQ1:18:H8VC6ADXX:2:2115:1797:98145	148	8796.0	8942.0	best_hit_to_mtDNA
G	A	G	8870	HG002_all_regions	HG002_chr1.633402.634418|HISEQ1:18:H8VC6ADXX:2:2115:1797:98145	HG002_chr1.633402.634418|HISEQ1:18:H8VC6ADXX:2:2115:1797:98145	148	8796.0	8942.0	best_hit_to_mtDNA
A	G	A	8871	HG002_all_regions	HG002_chr1.633402.634418|HISEQ1:18:H8VC6ADXX:2:2115:1797:98145	HG002_chr1.633402.634418|HISEQ1:18:H8VC6ADXX:2:2115:1797:98145	148	8796.0	8942.0	best_hit_to_mtDNA
T	T	T	8872	HG002_all_regions	HG002_chr1.633402.634418|HISEQ1:18:H8VC6ADXX:2:2115:1797:98145	HG002_chr1.633402.634418|HISEQ1:18:H8VC6ADXX:2:2115:1797:98145	148	8796.0	8942.0	best_hit_to_mtDNA
T	C	T	8873	HG002_all_regions	HG002_chr1.633402.634418|HISEQ1:18:H8VC6ADXX:2:2115:1797:98145	HG002_chr1.633402.634418|HISEQ1:18:H8VC6ADXX:2:2115:1797:98145	148	8796.0	8942.0	best_hit_to_mtDNA
A	A	A	8874	HG002_all_regions	HG002_chr1.633402.634418|HISEQ1:18:H8VC6ADXX:2:2115:1797:98145	HG002_chr1.633402.634418|HISEQ1:18:H8VC6ADXX:2:2115:1797:98145	148	8796.0	8942.0	best_hit_to_mtDNA
T	T	T	8875	HG002_all_regions	HG002_chr1.633402.634418|HISEQ1:18:H8VC6ADXX:2:2115:1797:98145	HG002_chr1.633402.634418|HISEQ1:18:H8VC6ADXX:2:2115:1797:98145	148	8796.0	8942.0	best_hit_to_mtDNA
A	A	A	8876	HG002_all_regions	HG002_chr1.633402.634418|HISEQ1:18:H8VC6ADXX:2:2115:1797:98145	HG002_chr1.633402.634418|HISEQ1:18:H8VC6ADXX:2:2115:1797:98145	148	8796.0	8942.0	best_hit_to_mtDNA
G	G	G	8877	HG002_all_regions	HG002_chr1.633402.634418|HISEQ1:18:H8VC6ADXX:2:2115:1797:98145	HG002_chr1.633402.634418|HISEQ1:18:H8VC6ADXX:2:2115:1797:98145	148	8796.0	8942.0	best_hit_to_mtDNA
G	G	G	8878	HG002_all_regions	HG002_chr1.633402.634418|HISEQ1:18:H8VC6ADXX:2:2115:1797:98145	HG002_chr1.633402.634418|HISEQ1:18:H8VC6ADXX:2:2115:1797:98145	148	8796.0	8942.0	best_hit_to_mtDNA
C	C	C	8879	HG002_all_regions	HG002_chr1.633402.634418|HISEQ1:18:H8VC6ADXX:2:2115:1797:98145	HG002_chr1.633402.634418|HISEQ1:18:H8VC6ADXX:2:2115:1797:98145	148	8796.0	8942.0	best_hit_to_mtDNA
T	T	T	8880	HG002_all_regions	HG002_chr1.633402.634418|HISEQ1:18:H8VC6ADXX:2:2115:1797:98145	HG002_chr1.633402.634418|HISEQ1:18:H8VC6ADXX:2:2115:1797:98145	148	8796.0	8942.0	best_hit_to_mtDNA
T	T	T	8881	HG002_all_regions	HG002_chr1.633402.634418|HISEQ1:18:H8VC6ADXX:2:2115:1797:98145	HG002_chr1.633402.634418|HISEQ1:18:H8VC6ADXX:2:2115:1797:98145	148	8796.0	8942.0	best_hit_to_mtDNA
T	T	T	8882	HG002_all_regions	HG002_chr1.633402.634418|HISEQ1:18:H8VC6ADXX:2:2115:1797:98145	HG002_chr1.633402.634418|HISEQ1:18:H8VC6ADXX:2:2115:1797:98145	148	8796.0	8942.0	best_hit_to_mtDNA
C	C	C	8883	HG002_all_regions	HG002_chr1.633402.634418|HISEQ1:18:H8VC6ADXX:2:2115:1797:98145	HG002_chr1.633402.634418|HISEQ1:18:H8VC6ADXX:2:2115:1797:98145	148	8796.0	8942.0	best_hit_to_mtDNA
G	G	G	8884	HG002_all_regions	HG002_chr1.633402.634418|HISEQ1:18:H8VC6ADXX:2:2115:1797:98145	HG002_chr1.633402.634418|HISEQ1:18:H8VC6ADXX:2:2115:1797:98145	148	8796.0	8942.0	best_hit_to_mtDNA
C	C	C	8885	HG002_all_regions	HG002_chr1.633402.634418|HISEQ1:18:H8VC6ADXX:2:2115:1797:98145	HG002_chr1.633402.634418|HISEQ1:18:H8VC6ADXX:2:2115:1797:98145	148	8796.0	8942.0	best_hit_to_mtDNA
T	T	T	8886	HG002_all_regions	HG002_chr1.633402.634418|HISEQ1:18:H8VC6ADXX:2:2115:1797:98145	HG002_chr1.633402.634418|HISEQ1:18:H8VC6ADXX:2:2115:1797:98145	148	8796.0	8942.0	best_hit_to_mtDNA
C	T	C	8887	HG002_all_regions	HG002_chr1.633402.634418|HISEQ1:18:H8VC6ADXX:2:2115:1797:98145	HG002_chr1.633402.634418|HISEQ1:18:H8VC6ADXX:2:2115:1797:98145	148	8796.0	8942.0	best_hit_to_mtDNA
T	T	T	8888	HG002_all_regions	HG002_chr1.633402.634418|HISEQ1:18:H8VC6ADXX:2:2115:1797:98145	HG002_chr1.633402.634418|HISEQ1:18:H8VC6ADXX:2:2115:1797:98145	148	8796.0	8942.0	best_hit_to_mtDNA
A	A	A	8889	HG002_all_regions	HG002_chr1.633402.634418|HISEQ1:18:H8VC6ADXX:2:2115:1797:98145	HG002_chr1.633402.634418|HISEQ1:18:H8VC6ADXX:2:2115:1797:98145	148	8796.0	8942.0	best_hit_to_mtDNA
A	A	A	8890	HG002_all_regions	HG002_chr1.633402.634418|HISEQ1:18:H8VC6ADXX:2:2115:1797:98145	HG002_chr1.633402.634418|HISEQ1:18:H8VC6ADXX:2:2115:1797:98145	148	8796.0	8942.0	best_hit_to_mtDNA
G	G	G	8891	HG002_all_regions	HG002_chr1.633402.634418|HISEQ1:18:H8VC6ADXX:2:2115:1797:98145	HG002_chr1.633402.634418|HISEQ1:18:H8VC6ADXX:2:2115:1797:98145	148	8796.0	8942.0	best_hit_to_mtDNA
A	A	A	8892	HG002_all_regions	HG002_chr1.633402.634418|HISEQ1:18:H8VC6ADXX:2:2115:1797:98145	HG002_chr1.633402.634418|HISEQ1:18:H8VC6ADXX:2:2115:1797:98145	148	8796.0	8942.0	best_hit_to_mtDNA
T	C	T	8893	HG002_all_regions	HG002_chr1.633402.634418|HISEQ1:18:H8VC6ADXX:2:2115:1797:98145	HG002_chr1.633402.634418|HISEQ1:18:H8VC6ADXX:2:2115:1797:98145	148	8796.0	8942.0	best_hit_to_mtDNA
T	T	T	8894	HG002_all_regions	HG002_chr1.633402.634418|HISEQ1:18:H8VC6ADXX:2:2115:1797:98145	HG002_chr1.633402.634418|HISEQ1:18:H8VC6ADXX:2:2115:1797:98145	148	8796.0	8942.0	best_hit_to_mtDNA
A	A	A	8895	HG002_all_regions	HG002_chr1.633402.634418|HISEQ1:18:H8VC6ADXX:2:2115:1797:98145	HG002_chr1.633402.634418|HISEQ1:18:H8VC6ADXX:2:2115:1797:98145	148	8796.0	8942.0	best_hit_to_mtDNA
A	A	A	8896	HG002_all_regions	HG002_chr1.633402.634418|HISEQ1:18:H8VC6ADXX:2:2115:1797:98145	HG002_chr1.633402.634418|HISEQ1:18:H8VC6ADXX:2:2115:1797:98145	148	8796.0	8942.0	best_hit_to_mtDNA
A	A	A	8897	HG002_all_regions	HG002_chr1.633402.634418|HISEQ1:18:H8VC6ADXX:2:2115:1797:98145	HG002_chr1.633402.634418|HISEQ1:18:H8VC6ADXX:2:2115:1797:98145	148	8796.0	8942.0	best_hit_to_mtDNA
A	A	A	8898	HG002_all_regions	HG002_chr1.633402.634418|HISEQ1:18:H8VC6ADXX:2:2115:1797:98145	HG002_chr1.633402.634418|HISEQ1:18:H8VC6ADXX:2:2115:1797:98145	148	8796.0	8942.0	best_hit_to_mtDNA
A	A	A	8899	HG002_all_regions	HG002_chr1.633402.634418|HISEQ1:18:H8VC6ADXX:2:2115:1797:98145	HG002_chr1.633402.634418|HISEQ1:18:H8VC6ADXX:2:2115:1797:98145	148	8796.0	8942.0	best_hit_to_mtDNA
T	T	T	8900	HG002_all_regions	HG002_chr1.633402.634418|HISEQ1:18:H8VC6ADXX:2:2115:1797:98145	HG002_chr1.633402.634418|HISEQ1:18:H8VC6ADXX:2:2115:1797:98145	148	8796.0	8942.0	best_hit_to_mtDNA
G	G	G	8901	HG002_all_regions	HG002_chr1.633402.634418|HISEQ1:18:H8VC6ADXX:2:2115:1797:98145	HG002_chr1.633402.634418|HISEQ1:18:H8VC6ADXX:2:2115:1797:98145	148	8796.0	8942.0	best_hit_to_mtDNA
C	C	C	8902	HG002_all_regions	HG002_chr1.633402.634418|HISEQ1:18:H8VC6ADXX:2:2115:1797:98145	HG002_chr1.633402.634418|HISEQ1:18:H8VC6ADXX:2:2115:1797:98145	148	8796.0	8942.0	best_hit_to_mtDNA
C	C	C	8903	HG002_all_regions	HG002_chr1.633402.634418|HISEQ1:18:H8VC6ADXX:2:2115:1797:98145	HG002_chr1.633402.634418|HISEQ1:18:H8VC6ADXX:2:2115:1797:98145	148	8796.0	8942.0	best_hit_to_mtDNA
C	C	C	8904	HG002_all_regions	HG002_chr1.633402.634418|HISEQ1:18:H8VC6ADXX:2:2115:1797:98145	HG002_chr1.633402.634418|HISEQ1:18:H8VC6ADXX:2:2115:1797:98145	148	8796.0	8942.0	best_hit_to_mtDNA
T	T	T	8905	HG002_all_regions	HG002_chr1.633402.634418|HISEQ1:18:H8VC6ADXX:2:2115:1797:98145	HG002_chr1.633402.634418|HISEQ1:18:H8VC6ADXX:2:2115:1797:98145	148	8796.0	8942.0	best_hit_to_mtDNA
A	A	A	8906	HG002_all_regions	HG002_chr1.633402.634418|HISEQ1:18:H8VC6ADXX:2:2115:1797:98145	HG002_chr1.633402.634418|HISEQ1:18:H8VC6ADXX:2:2115:1797:98145	148	8796.0	8942.0	best_hit_to_mtDNA
G	G	G	8907	HG002_all_regions	HG002_chr1.633402.634418|HISEQ1:18:H8VC6ADXX:2:2115:1797:98145	HG002_chr1.633402.634418|HISEQ1:18:H8VC6ADXX:2:2115:1797:98145	148	8796.0	8942.0	best_hit_to_mtDNA
C	C	C	8908	HG002_all_regions	HG002_chr1.633402.634418|HISEQ1:18:H8VC6ADXX:2:2115:1797:98145	HG002_chr1.633402.634418|HISEQ1:18:H8VC6ADXX:2:2115:1797:98145	148	8796.0	8942.0	best_hit_to_mtDNA
C	C	C	8909	HG002_all_regions	HG002_chr1.633402.634418|HISEQ1:18:H8VC6ADXX:2:2115:1797:98145	HG002_chr1.633402.634418|HISEQ1:18:H8VC6ADXX:2:2115:1797:98145	148	8796.0	8942.0	best_hit_to_mtDNA
C	C	C	8910	HG002_all_regions	HG002_chr1.633402.634418|HISEQ1:18:H8VC6ADXX:2:2115:1797:98145	HG002_chr1.633402.634418|HISEQ1:18:H8VC6ADXX:2:2115:1797:98145	148	8796.0	8942.0	best_hit_to_mtDNA
A	A	A	8911	HG002_all_regions	HG002_chr1.633402.634418|HISEQ1:18:H8VC6ADXX:2:2115:1797:98145	HG002_chr1.633402.634418|HISEQ1:18:H8VC6ADXX:2:2115:1797:98145	148	8796.0	8942.0	best_hit_to_mtDNA
C	C	C	8912	HG002_all_regions	HG002_chr1.633402.634418|HISEQ1:18:H8VC6ADXX:2:2115:1797:98145	HG002_chr1.633402.634418|HISEQ1:18:H8VC6ADXX:2:2115:1797:98145	148	8796.0	8942.0	best_hit_to_mtDNA
T	T	T	8913	HG002_all_regions	HG002_chr1.633402.634418|HISEQ1:18:H8VC6ADXX:2:2115:1797:98145	HG002_chr1.633402.634418|HISEQ1:18:H8VC6ADXX:2:2115:1797:98145	148	8796.0	8942.0	best_hit_to_mtDNA
T	T	T	8914	HG002_all_regions	HG002_chr1.633402.634418|HISEQ1:18:H8VC6ADXX:2:2115:1797:98145	HG002_chr1.633402.634418|HISEQ1:18:H8VC6ADXX:2:2115:1797:98145	148	8796.0	8942.0	best_hit_to_mtDNA
C	C	C	8915	HG002_all_regions	HG002_chr1.633402.634418|HISEQ1:18:H8VC6ADXX:2:2115:1797:98145	HG002_chr1.633402.634418|HISEQ1:18:H8VC6ADXX:2:2115:1797:98145	148	8796.0	8942.0	best_hit_to_mtDNA
T	T	T	8916	HG002_all_regions	HG002_chr1.633402.634418|HISEQ1:18:H8VC6ADXX:2:2115:1797:98145	HG002_chr1.633402.634418|HISEQ1:18:H8VC6ADXX:2:2115:1797:98145	148	8796.0	8942.0	best_hit_to_mtDNA
T	T	T	8917	HG002_all_regions	HG002_chr1.633402.634418|HISEQ1:18:H8VC6ADXX:2:2115:1797:98145	HG002_chr1.633402.634418|HISEQ1:18:H8VC6ADXX:2:2115:1797:98145	148	8796.0	8942.0	best_hit_to_mtDNA
A	A	A	8918	HG002_all_regions	HG002_chr1.633402.634418|HISEQ1:18:H8VC6ADXX:2:2115:1797:98145	HG002_chr1.633402.634418|HISEQ1:18:H8VC6ADXX:2:2115:1797:98145	148	8796.0	8942.0	best_hit_to_mtDNA
C	C	C	8919	HG002_all_regions	HG002_chr1.633402.634418|HISEQ1:18:H8VC6ADXX:2:2115:1797:98145	HG002_chr1.633402.634418|HISEQ1:18:H8VC6ADXX:2:2115:1797:98145	148	8796.0	8942.0	best_hit_to_mtDNA
C	C	C	8920	HG002_all_regions	HG002_chr1.633402.634418|HISEQ1:18:H8VC6ADXX:2:2115:1797:98145	HG002_chr1.633402.634418|HISEQ1:18:H8VC6ADXX:2:2115:1797:98145	148	8796.0	8942.0	best_hit_to_mtDNA
A	G	A	8921	HG002_all_regions	HG002_chr1.633402.634418|HISEQ1:18:H8VC6ADXX:2:2115:1797:98145	HG002_chr1.633402.634418|HISEQ1:18:H8VC6ADXX:2:2115:1797:98145	148	8796.0	8942.0	best_hit_to_mtDNA
C	C	C	8922	HG002_all_regions	HG002_chr1.633402.634418|HISEQ1:18:H8VC6ADXX:2:2115:1797:98145	HG002_chr1.633402.634418|HISEQ1:18:H8VC6ADXX:2:2115:1797:98145	148	8796.0	8942.0	best_hit_to_mtDNA
A	A	A	8923	HG002_all_regions	HG002_chr1.633402.634418|HISEQ1:18:H8VC6ADXX:2:2115:1797:98145	HG002_chr1.633402.634418|HISEQ1:18:H8VC6ADXX:2:2115:1797:98145	148	8796.0	8942.0	best_hit_to_mtDNA
A	A	A	8924	HG002_all_regions	HG002_chr1.633402.634418|HISEQ1:18:H8VC6ADXX:2:2115:1797:98145	HG002_chr1.633402.634418|HISEQ1:18:H8VC6ADXX:2:2115:1797:98145	148	8796.0	8942.0	best_hit_to_mtDNA
G	G	G	8925	HG002_all_regions	HG002_chr1.633402.634418|HISEQ1:18:H8VC6ADXX:2:2115:1797:98145	HG002_chr1.633402.634418|HISEQ1:18:H8VC6ADXX:2:2115:1797:98145	148	8796.0	8942.0	best_hit_to_mtDNA
G	G	G	8926	HG002_all_regions	HG002_chr1.633402.634418|HISEQ1:18:H8VC6ADXX:2:2115:1797:98145	HG002_chr1.633402.634418|HISEQ1:18:H8VC6ADXX:2:2115:1797:98145	148	8796.0	8942.0	best_hit_to_mtDNA
C	C	C	8927	HG002_all_regions	HG002_chr1.633402.634418|HISEQ1:18:H8VC6ADXX:2:2115:1797:98145	HG002_chr1.633402.634418|HISEQ1:18:H8VC6ADXX:2:2115:1797:98145	148	8796.0	8942.0	best_hit_to_mtDNA
A	A	A	8928	HG002_all_regions	HG002_chr1.633402.634418|HISEQ1:18:H8VC6ADXX:2:2115:1797:98145	HG002_chr1.633402.634418|HISEQ1:18:H8VC6ADXX:2:2115:1797:98145	148	8796.0	8942.0	best_hit_to_mtDNA
C	C	C	8929	HG002_all_regions	HG002_chr1.633402.634418|HISEQ1:18:H8VC6ADXX:2:2115:1797:98145	HG002_chr1.633402.634418|HISEQ1:18:H8VC6ADXX:2:2115:1797:98145	148	8796.0	8942.0	best_hit_to_mtDNA
A	A	A	8930	HG002_all_regions	HG002_chr1.633402.634418|HISEQ1:18:H8VC6ADXX:2:2115:1797:98145	HG002_chr1.633402.634418|HISEQ1:18:H8VC6ADXX:2:2115:1797:98145	148	8796.0	8942.0	best_hit_to_mtDNA
C	C	C	8931	HG002_all_regions	HG002_chr1.633402.634418|HISEQ1:18:H8VC6ADXX:2:2115:1797:98145	HG002_chr1.633402.634418|HISEQ1:18:H8VC6ADXX:2:2115:1797:98145	148	8796.0	8942.0	best_hit_to_mtDNA
C	C	C	8932	HG002_all_regions	HG002_chr1.633402.634418|HISEQ1:18:H8VC6ADXX:2:2115:1797:98145	HG002_chr1.633402.634418|HISEQ1:18:H8VC6ADXX:2:2115:1797:98145	148	8796.0	8942.0	best_hit_to_mtDNA
T	T	T	8933	HG002_all_regions	HG002_chr1.633402.634418|HISEQ1:18:H8VC6ADXX:2:2115:1797:98145	HG002_chr1.633402.634418|HISEQ1:18:H8VC6ADXX:2:2115:1797:98145	148	8796.0	8942.0	best_hit_to_mtDNA
A	A	C	8934	HG002_all_regions	HG002_chr1.633402.634418|HISEQ1:18:H8VC6ADXX:2:2115:1797:98145	HG002_chr1.633402.634418|HISEQ1:18:H8VC6ADXX:2:2115:1797:98145	148	8796.0	8942.0	best_hit_to_mtDNA
C	C	C	8935	HG002_all_regions	HG002_chr1.633402.634418|HISEQ1:18:H8VC6ADXX:2:2115:1797:98145	HG002_chr1.633402.634418|HISEQ1:18:H8VC6ADXX:2:2115:1797:98145	148	8796.0	8942.0	best_hit_to_mtDNA
A	A	A	8936	HG002_all_regions	HG002_chr1.633402.634418|HISEQ1:18:H8VC6ADXX:2:2115:1797:98145	HG002_chr1.633402.634418|HISEQ1:18:H8VC6ADXX:2:2115:1797:98145	148	8796.0	8942.0	best_hit_to_mtDNA
C	C	C	8937	HG002_all_regions	HG002_chr1.633402.634418|HISEQ1:18:H8VC6ADXX:2:2115:1797:98145	HG002_chr1.633402.634418|HISEQ1:18:H8VC6ADXX:2:2115:1797:98145	148	8796.0	8942.0	best_hit_to_mtDNA
C	C	C	8938	HG002_all_regions	HG002_chr1.633402.634418|HISEQ1:18:H8VC6ADXX:2:2115:1797:98145	HG002_chr1.633402.634418|HISEQ1:18:H8VC6ADXX:2:2115:1797:98145	148	8796.0	8942.0	best_hit_to_mtDNA
C	C	C	8939	HG002_all_regions	HG002_chr1.633402.634418|HISEQ1:18:H8VC6ADXX:2:2115:1797:98145	HG002_chr1.633402.634418|HISEQ1:18:H8VC6ADXX:2:2115:1797:98145	148	8796.0	8942.0	best_hit_to_mtDNA
C	C	C	8940	HG002_all_regions	HG002_chr1.633402.634418|HISEQ1:18:H8VC6ADXX:2:2115:1797:98145	HG002_chr1.633402.634418|HISEQ1:18:H8VC6ADXX:2:2115:1797:98145	148	8796.0	8942.0	best_hit_to_mtDNA
T	T	T	8941	HG002_all_regions	HG002_chr1.633402.634418|HISEQ1:18:H8VC6ADXX:2:2115:1797:98145	HG002_chr1.633402.634418|HISEQ1:18:H8VC6ADXX:2:2115:1797:98145	148	8796.0	8942.0	best_hit_to_mtDNA
T	T	T	8802	HG002_all_regions	HG002_chr1.633402.634418|HISEQ1:18:H8VC6ADXX:1:1212:4098:9854	HG002_chr1.633402.634418|HISEQ1:18:H8VC6ADXX:1:1212:4098:9854	148	8797.0	8944.0	best_hit_to_mtDNA
C	C	C	8803	HG002_all_regions	HG002_chr1.633402.634418|HISEQ1:18:H8VC6ADXX:1:1212:4098:9854	HG002_chr1.633402.634418|HISEQ1:18:H8VC6ADXX:1:1212:4098:9854	148	8797.0	8944.0	best_hit_to_mtDNA
A	A	A	8804	HG002_all_regions	HG002_chr1.633402.634418|HISEQ1:18:H8VC6ADXX:1:1212:4098:9854	HG002_chr1.633402.634418|HISEQ1:18:H8VC6ADXX:1:1212:4098:9854	148	8797.0	8944.0	best_hit_to_mtDNA
T	T	T	8805	HG002_all_regions	HG002_chr1.633402.634418|HISEQ1:18:H8VC6ADXX:1:1212:4098:9854	HG002_chr1.633402.634418|HISEQ1:18:H8VC6ADXX:1:1212:4098:9854	148	8797.0	8944.0	best_hit_to_mtDNA
T	T	T	8806	HG002_all_regions	HG002_chr1.633402.634418|HISEQ1:18:H8VC6ADXX:1:1212:4098:9854	HG002_chr1.633402.634418|HISEQ1:18:H8VC6ADXX:1:1212:4098:9854	148	8797.0	8944.0	best_hit_to_mtDNA
T	C	T	8807	HG002_all_regions	HG002_chr1.633402.634418|HISEQ1:18:H8VC6ADXX:1:1212:4098:9854	HG002_chr1.633402.634418|HISEQ1:18:H8VC6ADXX:1:1212:4098:9854	148	8797.0	8944.0	best_hit_to_mtDNA
A	A	A	8808	HG002_all_regions	HG002_chr1.633402.634418|HISEQ1:18:H8VC6ADXX:1:1212:4098:9854	HG002_chr1.633402.634418|HISEQ1:18:H8VC6ADXX:1:1212:4098:9854	148	8797.0	8944.0	best_hit_to_mtDNA
C	C	C	8809	HG002_all_regions	HG002_chr1.633402.634418|HISEQ1:18:H8VC6ADXX:1:1212:4098:9854	HG002_chr1.633402.634418|HISEQ1:18:H8VC6ADXX:1:1212:4098:9854	148	8797.0	8944.0	best_hit_to_mtDNA
A	A	A	8810	HG002_all_regions	HG002_chr1.633402.634418|HISEQ1:18:H8VC6ADXX:1:1212:4098:9854	HG002_chr1.633402.634418|HISEQ1:18:H8VC6ADXX:1:1212:4098:9854	148	8797.0	8944.0	best_hit_to_mtDNA
C	C	C	8811	HG002_all_regions	HG002_chr1.633402.634418|HISEQ1:18:H8VC6ADXX:1:1212:4098:9854	HG002_chr1.633402.634418|HISEQ1:18:H8VC6ADXX:1:1212:4098:9854	148	8797.0	8944.0	best_hit_to_mtDNA
C	C	C	8812	HG002_all_regions	HG002_chr1.633402.634418|HISEQ1:18:H8VC6ADXX:1:1212:4098:9854	HG002_chr1.633402.634418|HISEQ1:18:H8VC6ADXX:1:1212:4098:9854	148	8797.0	8944.0	best_hit_to_mtDNA
A	A	A	8813	HG002_all_regions	HG002_chr1.633402.634418|HISEQ1:18:H8VC6ADXX:1:1212:4098:9854	HG002_chr1.633402.634418|HISEQ1:18:H8VC6ADXX:1:1212:4098:9854	148	8797.0	8944.0	best_hit_to_mtDNA
A	A	A	8814	HG002_all_regions	HG002_chr1.633402.634418|HISEQ1:18:H8VC6ADXX:1:1212:4098:9854	HG002_chr1.633402.634418|HISEQ1:18:H8VC6ADXX:1:1212:4098:9854	148	8797.0	8944.0	best_hit_to_mtDNA
C	C	C	8815	HG002_all_regions	HG002_chr1.633402.634418|HISEQ1:18:H8VC6ADXX:1:1212:4098:9854	HG002_chr1.633402.634418|HISEQ1:18:H8VC6ADXX:1:1212:4098:9854	148	8797.0	8944.0	best_hit_to_mtDNA
C	C	C	8816	HG002_all_regions	HG002_chr1.633402.634418|HISEQ1:18:H8VC6ADXX:1:1212:4098:9854	HG002_chr1.633402.634418|HISEQ1:18:H8VC6ADXX:1:1212:4098:9854	148	8797.0	8944.0	best_hit_to_mtDNA
A	A	A	8817	HG002_all_regions	HG002_chr1.633402.634418|HISEQ1:18:H8VC6ADXX:1:1212:4098:9854	HG002_chr1.633402.634418|HISEQ1:18:H8VC6ADXX:1:1212:4098:9854	148	8797.0	8944.0	best_hit_to_mtDNA
C	C	C	8818	HG002_all_regions	HG002_chr1.633402.634418|HISEQ1:18:H8VC6ADXX:1:1212:4098:9854	HG002_chr1.633402.634418|HISEQ1:18:H8VC6ADXX:1:1212:4098:9854	148	8797.0	8944.0	best_hit_to_mtDNA
C	C	C	8819	HG002_all_regions	HG002_chr1.633402.634418|HISEQ1:18:H8VC6ADXX:1:1212:4098:9854	HG002_chr1.633402.634418|HISEQ1:18:H8VC6ADXX:1:1212:4098:9854	148	8797.0	8944.0	best_hit_to_mtDNA
C	C	C	8820	HG002_all_regions	HG002_chr1.633402.634418|HISEQ1:18:H8VC6ADXX:1:1212:4098:9854	HG002_chr1.633402.634418|HISEQ1:18:H8VC6ADXX:1:1212:4098:9854	148	8797.0	8944.0	best_hit_to_mtDNA
A	A	A	8821	HG002_all_regions	HG002_chr1.633402.634418|HISEQ1:18:H8VC6ADXX:1:1212:4098:9854	HG002_chr1.633402.634418|HISEQ1:18:H8VC6ADXX:1:1212:4098:9854	148	8797.0	8944.0	best_hit_to_mtDNA
A	A	A	8822	HG002_all_regions	HG002_chr1.633402.634418|HISEQ1:18:H8VC6ADXX:1:1212:4098:9854	HG002_chr1.633402.634418|HISEQ1:18:H8VC6ADXX:1:1212:4098:9854	148	8797.0	8944.0	best_hit_to_mtDNA
C	C	C	8823	HG002_all_regions	HG002_chr1.633402.634418|HISEQ1:18:H8VC6ADXX:1:1212:4098:9854	HG002_chr1.633402.634418|HISEQ1:18:H8VC6ADXX:1:1212:4098:9854	148	8797.0	8944.0	best_hit_to_mtDNA
T	T	T	8824	HG002_all_regions	HG002_chr1.633402.634418|HISEQ1:18:H8VC6ADXX:1:1212:4098:9854	HG002_chr1.633402.634418|HISEQ1:18:H8VC6ADXX:1:1212:4098:9854	148	8797.0	8944.0	best_hit_to_mtDNA
A	A	A	8825	HG002_all_regions	HG002_chr1.633402.634418|HISEQ1:18:H8VC6ADXX:1:1212:4098:9854	HG002_chr1.633402.634418|HISEQ1:18:H8VC6ADXX:1:1212:4098:9854	148	8797.0	8944.0	best_hit_to_mtDNA
T	T	T	8826	HG002_all_regions	HG002_chr1.633402.634418|HISEQ1:18:H8VC6ADXX:1:1212:4098:9854	HG002_chr1.633402.634418|HISEQ1:18:H8VC6ADXX:1:1212:4098:9854	148	8797.0	8944.0	best_hit_to_mtDNA
C	C	C	8827	HG002_all_regions	HG002_chr1.633402.634418|HISEQ1:18:H8VC6ADXX:1:1212:4098:9854	HG002_chr1.633402.634418|HISEQ1:18:H8VC6ADXX:1:1212:4098:9854	148	8797.0	8944.0	best_hit_to_mtDNA
T	T	T	8828	HG002_all_regions	HG002_chr1.633402.634418|HISEQ1:18:H8VC6ADXX:1:1212:4098:9854	HG002_chr1.633402.634418|HISEQ1:18:H8VC6ADXX:1:1212:4098:9854	148	8797.0	8944.0	best_hit_to_mtDNA
A	A	A	8829	HG002_all_regions	HG002_chr1.633402.634418|HISEQ1:18:H8VC6ADXX:1:1212:4098:9854	HG002_chr1.633402.634418|HISEQ1:18:H8VC6ADXX:1:1212:4098:9854	148	8797.0	8944.0	best_hit_to_mtDNA
T	T	T	8830	HG002_all_regions	HG002_chr1.633402.634418|HISEQ1:18:H8VC6ADXX:1:1212:4098:9854	HG002_chr1.633402.634418|HISEQ1:18:H8VC6ADXX:1:1212:4098:9854	148	8797.0	8944.0	best_hit_to_mtDNA
A	A	A	8831	HG002_all_regions	HG002_chr1.633402.634418|HISEQ1:18:H8VC6ADXX:1:1212:4098:9854	HG002_chr1.633402.634418|HISEQ1:18:H8VC6ADXX:1:1212:4098:9854	148	8797.0	8944.0	best_hit_to_mtDNA
A	A	A	8832	HG002_all_regions	HG002_chr1.633402.634418|HISEQ1:18:H8VC6ADXX:1:1212:4098:9854	HG002_chr1.633402.634418|HISEQ1:18:H8VC6ADXX:1:1212:4098:9854	148	8797.0	8944.0	best_hit_to_mtDNA
A	A	A	8833	HG002_all_regions	HG002_chr1.633402.634418|HISEQ1:18:H8VC6ADXX:1:1212:4098:9854	HG002_chr1.633402.634418|HISEQ1:18:H8VC6ADXX:1:1212:4098:9854	148	8797.0	8944.0	best_hit_to_mtDNA
C	C	C	8834	HG002_all_regions	HG002_chr1.633402.634418|HISEQ1:18:H8VC6ADXX:1:1212:4098:9854	HG002_chr1.633402.634418|HISEQ1:18:H8VC6ADXX:1:1212:4098:9854	148	8797.0	8944.0	best_hit_to_mtDNA
C	C	C	8835	HG002_all_regions	HG002_chr1.633402.634418|HISEQ1:18:H8VC6ADXX:1:1212:4098:9854	HG002_chr1.633402.634418|HISEQ1:18:H8VC6ADXX:1:1212:4098:9854	148	8797.0	8944.0	best_hit_to_mtDNA
T	T	T	8836	HG002_all_regions	HG002_chr1.633402.634418|HISEQ1:18:H8VC6ADXX:1:1212:4098:9854	HG002_chr1.633402.634418|HISEQ1:18:H8VC6ADXX:1:1212:4098:9854	148	8797.0	8944.0	best_hit_to_mtDNA
A	A	A	8837	HG002_all_regions	HG002_chr1.633402.634418|HISEQ1:18:H8VC6ADXX:1:1212:4098:9854	HG002_chr1.633402.634418|HISEQ1:18:H8VC6ADXX:1:1212:4098:9854	148	8797.0	8944.0	best_hit_to_mtDNA
G	G	G	8838	HG002_all_regions	HG002_chr1.633402.634418|HISEQ1:18:H8VC6ADXX:1:1212:4098:9854	HG002_chr1.633402.634418|HISEQ1:18:H8VC6ADXX:1:1212:4098:9854	148	8797.0	8944.0	best_hit_to_mtDNA
C	C	C	8839	HG002_all_regions	HG002_chr1.633402.634418|HISEQ1:18:H8VC6ADXX:1:1212:4098:9854	HG002_chr1.633402.634418|HISEQ1:18:H8VC6ADXX:1:1212:4098:9854	148	8797.0	8944.0	best_hit_to_mtDNA
C	C	C	8840	HG002_all_regions	HG002_chr1.633402.634418|HISEQ1:18:H8VC6ADXX:1:1212:4098:9854	HG002_chr1.633402.634418|HISEQ1:18:H8VC6ADXX:1:1212:4098:9854	148	8797.0	8944.0	best_hit_to_mtDNA
A	A	A	8841	HG002_all_regions	HG002_chr1.633402.634418|HISEQ1:18:H8VC6ADXX:1:1212:4098:9854	HG002_chr1.633402.634418|HISEQ1:18:H8VC6ADXX:1:1212:4098:9854	148	8797.0	8944.0	best_hit_to_mtDNA
T	T	T	8842	HG002_all_regions	HG002_chr1.633402.634418|HISEQ1:18:H8VC6ADXX:1:1212:4098:9854	HG002_chr1.633402.634418|HISEQ1:18:H8VC6ADXX:1:1212:4098:9854	148	8797.0	8944.0	best_hit_to_mtDNA
G	G	G	8843	HG002_all_regions	HG002_chr1.633402.634418|HISEQ1:18:H8VC6ADXX:1:1212:4098:9854	HG002_chr1.633402.634418|HISEQ1:18:H8VC6ADXX:1:1212:4098:9854	148	8797.0	8944.0	best_hit_to_mtDNA
G	G	G	8844	HG002_all_regions	HG002_chr1.633402.634418|HISEQ1:18:H8VC6ADXX:1:1212:4098:9854	HG002_chr1.633402.634418|HISEQ1:18:H8VC6ADXX:1:1212:4098:9854	148	8797.0	8944.0	best_hit_to_mtDNA
C	C	C	8845	HG002_all_regions	HG002_chr1.633402.634418|HISEQ1:18:H8VC6ADXX:1:1212:4098:9854	HG002_chr1.633402.634418|HISEQ1:18:H8VC6ADXX:1:1212:4098:9854	148	8797.0	8944.0	best_hit_to_mtDNA
C	T	C	8846	HG002_all_regions	HG002_chr1.633402.634418|HISEQ1:18:H8VC6ADXX:1:1212:4098:9854	HG002_chr1.633402.634418|HISEQ1:18:H8VC6ADXX:1:1212:4098:9854	148	8797.0	8944.0	best_hit_to_mtDNA
A	A	A	8847	HG002_all_regions	HG002_chr1.633402.634418|HISEQ1:18:H8VC6ADXX:1:1212:4098:9854	HG002_chr1.633402.634418|HISEQ1:18:H8VC6ADXX:1:1212:4098:9854	148	8797.0	8944.0	best_hit_to_mtDNA
T	T	T	8848	HG002_all_regions	HG002_chr1.633402.634418|HISEQ1:18:H8VC6ADXX:1:1212:4098:9854	HG002_chr1.633402.634418|HISEQ1:18:H8VC6ADXX:1:1212:4098:9854	148	8797.0	8944.0	best_hit_to_mtDNA
C	C	C	8849	HG002_all_regions	HG002_chr1.633402.634418|HISEQ1:18:H8VC6ADXX:1:1212:4098:9854	HG002_chr1.633402.634418|HISEQ1:18:H8VC6ADXX:1:1212:4098:9854	148	8797.0	8944.0	best_hit_to_mtDNA
C	C	C	8850	HG002_all_regions	HG002_chr1.633402.634418|HISEQ1:18:H8VC6ADXX:1:1212:4098:9854	HG002_chr1.633402.634418|HISEQ1:18:H8VC6ADXX:1:1212:4098:9854	148	8797.0	8944.0	best_hit_to_mtDNA
C	C	C	8851	HG002_all_regions	HG002_chr1.633402.634418|HISEQ1:18:H8VC6ADXX:1:1212:4098:9854	HG002_chr1.633402.634418|HISEQ1:18:H8VC6ADXX:1:1212:4098:9854	148	8797.0	8944.0	best_hit_to_mtDNA
C	C	C	8852	HG002_all_regions	HG002_chr1.633402.634418|HISEQ1:18:H8VC6ADXX:1:1212:4098:9854	HG002_chr1.633402.634418|HISEQ1:18:H8VC6ADXX:1:1212:4098:9854	148	8797.0	8944.0	best_hit_to_mtDNA
T	C	T	8853	HG002_all_regions	HG002_chr1.633402.634418|HISEQ1:18:H8VC6ADXX:1:1212:4098:9854	HG002_chr1.633402.634418|HISEQ1:18:H8VC6ADXX:1:1212:4098:9854	148	8797.0	8944.0	best_hit_to_mtDNA
T	T	T	8854	HG002_all_regions	HG002_chr1.633402.634418|HISEQ1:18:H8VC6ADXX:1:1212:4098:9854	HG002_chr1.633402.634418|HISEQ1:18:H8VC6ADXX:1:1212:4098:9854	148	8797.0	8944.0	best_hit_to_mtDNA
A	A	A	8855	HG002_all_regions	HG002_chr1.633402.634418|HISEQ1:18:H8VC6ADXX:1:1212:4098:9854	HG002_chr1.633402.634418|HISEQ1:18:H8VC6ADXX:1:1212:4098:9854	148	8797.0	8944.0	best_hit_to_mtDNA
T	T	T	8856	HG002_all_regions	HG002_chr1.633402.634418|HISEQ1:18:H8VC6ADXX:1:1212:4098:9854	HG002_chr1.633402.634418|HISEQ1:18:H8VC6ADXX:1:1212:4098:9854	148	8797.0	8944.0	best_hit_to_mtDNA
G	G	G	8857	HG002_all_regions	HG002_chr1.633402.634418|HISEQ1:18:H8VC6ADXX:1:1212:4098:9854	HG002_chr1.633402.634418|HISEQ1:18:H8VC6ADXX:1:1212:4098:9854	148	8797.0	8944.0	best_hit_to_mtDNA
A	A	A	8858	HG002_all_regions	HG002_chr1.633402.634418|HISEQ1:18:H8VC6ADXX:1:1212:4098:9854	HG002_chr1.633402.634418|HISEQ1:18:H8VC6ADXX:1:1212:4098:9854	148	8797.0	8944.0	best_hit_to_mtDNA
G	G	G	8859	HG002_all_regions	HG002_chr1.633402.634418|HISEQ1:18:H8VC6ADXX:1:1212:4098:9854	HG002_chr1.633402.634418|HISEQ1:18:H8VC6ADXX:1:1212:4098:9854	148	8797.0	8944.0	best_hit_to_mtDNA
C	C	C	8860	HG002_all_regions	HG002_chr1.633402.634418|HISEQ1:18:H8VC6ADXX:1:1212:4098:9854	HG002_chr1.633402.634418|HISEQ1:18:H8VC6ADXX:1:1212:4098:9854	148	8797.0	8944.0	best_hit_to_mtDNA
G	A	G	8861	HG002_all_regions	HG002_chr1.633402.634418|HISEQ1:18:H8VC6ADXX:1:1212:4098:9854	HG002_chr1.633402.634418|HISEQ1:18:H8VC6ADXX:1:1212:4098:9854	148	8797.0	8944.0	best_hit_to_mtDNA
G	G	G	8862	HG002_all_regions	HG002_chr1.633402.634418|HISEQ1:18:H8VC6ADXX:1:1212:4098:9854	HG002_chr1.633402.634418|HISEQ1:18:H8VC6ADXX:1:1212:4098:9854	148	8797.0	8944.0	best_hit_to_mtDNA
G	G	G	8863	HG002_all_regions	HG002_chr1.633402.634418|HISEQ1:18:H8VC6ADXX:1:1212:4098:9854	HG002_chr1.633402.634418|HISEQ1:18:H8VC6ADXX:1:1212:4098:9854	148	8797.0	8944.0	best_hit_to_mtDNA
C	C	C	8864	HG002_all_regions	HG002_chr1.633402.634418|HISEQ1:18:H8VC6ADXX:1:1212:4098:9854	HG002_chr1.633402.634418|HISEQ1:18:H8VC6ADXX:1:1212:4098:9854	148	8797.0	8944.0	best_hit_to_mtDNA
A	G	G	8865	HG002_all_regions	HG002_chr1.633402.634418|HISEQ1:18:H8VC6ADXX:1:1212:4098:9854	HG002_chr1.633402.634418|HISEQ1:18:H8VC6ADXX:1:1212:4098:9854	148	8797.0	8944.0	best_hit_to_mtDNA
C	C	C	8866	HG002_all_regions	HG002_chr1.633402.634418|HISEQ1:18:H8VC6ADXX:1:1212:4098:9854	HG002_chr1.633402.634418|HISEQ1:18:H8VC6ADXX:1:1212:4098:9854	148	8797.0	8944.0	best_hit_to_mtDNA
A	A	A	8867	HG002_all_regions	HG002_chr1.633402.634418|HISEQ1:18:H8VC6ADXX:1:1212:4098:9854	HG002_chr1.633402.634418|HISEQ1:18:H8VC6ADXX:1:1212:4098:9854	148	8797.0	8944.0	best_hit_to_mtDNA
G	G	G	8868	HG002_all_regions	HG002_chr1.633402.634418|HISEQ1:18:H8VC6ADXX:1:1212:4098:9854	HG002_chr1.633402.634418|HISEQ1:18:H8VC6ADXX:1:1212:4098:9854	148	8797.0	8944.0	best_hit_to_mtDNA
T	T	T	8869	HG002_all_regions	HG002_chr1.633402.634418|HISEQ1:18:H8VC6ADXX:1:1212:4098:9854	HG002_chr1.633402.634418|HISEQ1:18:H8VC6ADXX:1:1212:4098:9854	148	8797.0	8944.0	best_hit_to_mtDNA
G	A	G	8870	HG002_all_regions	HG002_chr1.633402.634418|HISEQ1:18:H8VC6ADXX:1:1212:4098:9854	HG002_chr1.633402.634418|HISEQ1:18:H8VC6ADXX:1:1212:4098:9854	148	8797.0	8944.0	best_hit_to_mtDNA
A	G	A	8871	HG002_all_regions	HG002_chr1.633402.634418|HISEQ1:18:H8VC6ADXX:1:1212:4098:9854	HG002_chr1.633402.634418|HISEQ1:18:H8VC6ADXX:1:1212:4098:9854	148	8797.0	8944.0	best_hit_to_mtDNA
T	T	T	8872	HG002_all_regions	HG002_chr1.633402.634418|HISEQ1:18:H8VC6ADXX:1:1212:4098:9854	HG002_chr1.633402.634418|HISEQ1:18:H8VC6ADXX:1:1212:4098:9854	148	8797.0	8944.0	best_hit_to_mtDNA
T	C	T	8873	HG002_all_regions	HG002_chr1.633402.634418|HISEQ1:18:H8VC6ADXX:1:1212:4098:9854	HG002_chr1.633402.634418|HISEQ1:18:H8VC6ADXX:1:1212:4098:9854	148	8797.0	8944.0	best_hit_to_mtDNA
A	A	A	8874	HG002_all_regions	HG002_chr1.633402.634418|HISEQ1:18:H8VC6ADXX:1:1212:4098:9854	HG002_chr1.633402.634418|HISEQ1:18:H8VC6ADXX:1:1212:4098:9854	148	8797.0	8944.0	best_hit_to_mtDNA
T	T	T	8875	HG002_all_regions	HG002_chr1.633402.634418|HISEQ1:18:H8VC6ADXX:1:1212:4098:9854	HG002_chr1.633402.634418|HISEQ1:18:H8VC6ADXX:1:1212:4098:9854	148	8797.0	8944.0	best_hit_to_mtDNA
A	A	A	8876	HG002_all_regions	HG002_chr1.633402.634418|HISEQ1:18:H8VC6ADXX:1:1212:4098:9854	HG002_chr1.633402.634418|HISEQ1:18:H8VC6ADXX:1:1212:4098:9854	148	8797.0	8944.0	best_hit_to_mtDNA
G	G	G	8877	HG002_all_regions	HG002_chr1.633402.634418|HISEQ1:18:H8VC6ADXX:1:1212:4098:9854	HG002_chr1.633402.634418|HISEQ1:18:H8VC6ADXX:1:1212:4098:9854	148	8797.0	8944.0	best_hit_to_mtDNA
G	G	G	8878	HG002_all_regions	HG002_chr1.633402.634418|HISEQ1:18:H8VC6ADXX:1:1212:4098:9854	HG002_chr1.633402.634418|HISEQ1:18:H8VC6ADXX:1:1212:4098:9854	148	8797.0	8944.0	best_hit_to_mtDNA
C	C	C	8879	HG002_all_regions	HG002_chr1.633402.634418|HISEQ1:18:H8VC6ADXX:1:1212:4098:9854	HG002_chr1.633402.634418|HISEQ1:18:H8VC6ADXX:1:1212:4098:9854	148	8797.0	8944.0	best_hit_to_mtDNA
T	T	T	8880	HG002_all_regions	HG002_chr1.633402.634418|HISEQ1:18:H8VC6ADXX:1:1212:4098:9854	HG002_chr1.633402.634418|HISEQ1:18:H8VC6ADXX:1:1212:4098:9854	148	8797.0	8944.0	best_hit_to_mtDNA
T	T	T	8881	HG002_all_regions	HG002_chr1.633402.634418|HISEQ1:18:H8VC6ADXX:1:1212:4098:9854	HG002_chr1.633402.634418|HISEQ1:18:H8VC6ADXX:1:1212:4098:9854	148	8797.0	8944.0	best_hit_to_mtDNA
T	T	T	8882	HG002_all_regions	HG002_chr1.633402.634418|HISEQ1:18:H8VC6ADXX:1:1212:4098:9854	HG002_chr1.633402.634418|HISEQ1:18:H8VC6ADXX:1:1212:4098:9854	148	8797.0	8944.0	best_hit_to_mtDNA
C	C	C	8883	HG002_all_regions	HG002_chr1.633402.634418|HISEQ1:18:H8VC6ADXX:1:1212:4098:9854	HG002_chr1.633402.634418|HISEQ1:18:H8VC6ADXX:1:1212:4098:9854	148	8797.0	8944.0	best_hit_to_mtDNA
G	G	G	8884	HG002_all_regions	HG002_chr1.633402.634418|HISEQ1:18:H8VC6ADXX:1:1212:4098:9854	HG002_chr1.633402.634418|HISEQ1:18:H8VC6ADXX:1:1212:4098:9854	148	8797.0	8944.0	best_hit_to_mtDNA
C	C	C	8885	HG002_all_regions	HG002_chr1.633402.634418|HISEQ1:18:H8VC6ADXX:1:1212:4098:9854	HG002_chr1.633402.634418|HISEQ1:18:H8VC6ADXX:1:1212:4098:9854	148	8797.0	8944.0	best_hit_to_mtDNA
T	T	T	8886	HG002_all_regions	HG002_chr1.633402.634418|HISEQ1:18:H8VC6ADXX:1:1212:4098:9854	HG002_chr1.633402.634418|HISEQ1:18:H8VC6ADXX:1:1212:4098:9854	148	8797.0	8944.0	best_hit_to_mtDNA
C	T	C	8887	HG002_all_regions	HG002_chr1.633402.634418|HISEQ1:18:H8VC6ADXX:1:1212:4098:9854	HG002_chr1.633402.634418|HISEQ1:18:H8VC6ADXX:1:1212:4098:9854	148	8797.0	8944.0	best_hit_to_mtDNA
T	T	T	8888	HG002_all_regions	HG002_chr1.633402.634418|HISEQ1:18:H8VC6ADXX:1:1212:4098:9854	HG002_chr1.633402.634418|HISEQ1:18:H8VC6ADXX:1:1212:4098:9854	148	8797.0	8944.0	best_hit_to_mtDNA
A	A	A	8889	HG002_all_regions	HG002_chr1.633402.634418|HISEQ1:18:H8VC6ADXX:1:1212:4098:9854	HG002_chr1.633402.634418|HISEQ1:18:H8VC6ADXX:1:1212:4098:9854	148	8797.0	8944.0	best_hit_to_mtDNA
A	A	A	8890	HG002_all_regions	HG002_chr1.633402.634418|HISEQ1:18:H8VC6ADXX:1:1212:4098:9854	HG002_chr1.633402.634418|HISEQ1:18:H8VC6ADXX:1:1212:4098:9854	148	8797.0	8944.0	best_hit_to_mtDNA
G	G	G	8891	HG002_all_regions	HG002_chr1.633402.634418|HISEQ1:18:H8VC6ADXX:1:1212:4098:9854	HG002_chr1.633402.634418|HISEQ1:18:H8VC6ADXX:1:1212:4098:9854	148	8797.0	8944.0	best_hit_to_mtDNA
A	A	A	8892	HG002_all_regions	HG002_chr1.633402.634418|HISEQ1:18:H8VC6ADXX:1:1212:4098:9854	HG002_chr1.633402.634418|HISEQ1:18:H8VC6ADXX:1:1212:4098:9854	148	8797.0	8944.0	best_hit_to_mtDNA
T	C	T	8893	HG002_all_regions	HG002_chr1.633402.634418|HISEQ1:18:H8VC6ADXX:1:1212:4098:9854	HG002_chr1.633402.634418|HISEQ1:18:H8VC6ADXX:1:1212:4098:9854	148	8797.0	8944.0	best_hit_to_mtDNA
T	T	T	8894	HG002_all_regions	HG002_chr1.633402.634418|HISEQ1:18:H8VC6ADXX:1:1212:4098:9854	HG002_chr1.633402.634418|HISEQ1:18:H8VC6ADXX:1:1212:4098:9854	148	8797.0	8944.0	best_hit_to_mtDNA
A	A	A	8895	HG002_all_regions	HG002_chr1.633402.634418|HISEQ1:18:H8VC6ADXX:1:1212:4098:9854	HG002_chr1.633402.634418|HISEQ1:18:H8VC6ADXX:1:1212:4098:9854	148	8797.0	8944.0	best_hit_to_mtDNA
A	A	A	8896	HG002_all_regions	HG002_chr1.633402.634418|HISEQ1:18:H8VC6ADXX:1:1212:4098:9854	HG002_chr1.633402.634418|HISEQ1:18:H8VC6ADXX:1:1212:4098:9854	148	8797.0	8944.0	best_hit_to_mtDNA
A	A	A	8897	HG002_all_regions	HG002_chr1.633402.634418|HISEQ1:18:H8VC6ADXX:1:1212:4098:9854	HG002_chr1.633402.634418|HISEQ1:18:H8VC6ADXX:1:1212:4098:9854	148	8797.0	8944.0	best_hit_to_mtDNA
A	A	A	8898	HG002_all_regions	HG002_chr1.633402.634418|HISEQ1:18:H8VC6ADXX:1:1212:4098:9854	HG002_chr1.633402.634418|HISEQ1:18:H8VC6ADXX:1:1212:4098:9854	148	8797.0	8944.0	best_hit_to_mtDNA
A	A	A	8899	HG002_all_regions	HG002_chr1.633402.634418|HISEQ1:18:H8VC6ADXX:1:1212:4098:9854	HG002_chr1.633402.634418|HISEQ1:18:H8VC6ADXX:1:1212:4098:9854	148	8797.0	8944.0	best_hit_to_mtDNA
T	T	T	8900	HG002_all_regions	HG002_chr1.633402.634418|HISEQ1:18:H8VC6ADXX:1:1212:4098:9854	HG002_chr1.633402.634418|HISEQ1:18:H8VC6ADXX:1:1212:4098:9854	148	8797.0	8944.0	best_hit_to_mtDNA
G	G	G	8901	HG002_all_regions	HG002_chr1.633402.634418|HISEQ1:18:H8VC6ADXX:1:1212:4098:9854	HG002_chr1.633402.634418|HISEQ1:18:H8VC6ADXX:1:1212:4098:9854	148	8797.0	8944.0	best_hit_to_mtDNA
C	C	C	8902	HG002_all_regions	HG002_chr1.633402.634418|HISEQ1:18:H8VC6ADXX:1:1212:4098:9854	HG002_chr1.633402.634418|HISEQ1:18:H8VC6ADXX:1:1212:4098:9854	148	8797.0	8944.0	best_hit_to_mtDNA
C	C	C	8903	HG002_all_regions	HG002_chr1.633402.634418|HISEQ1:18:H8VC6ADXX:1:1212:4098:9854	HG002_chr1.633402.634418|HISEQ1:18:H8VC6ADXX:1:1212:4098:9854	148	8797.0	8944.0	best_hit_to_mtDNA
C	C	C	8904	HG002_all_regions	HG002_chr1.633402.634418|HISEQ1:18:H8VC6ADXX:1:1212:4098:9854	HG002_chr1.633402.634418|HISEQ1:18:H8VC6ADXX:1:1212:4098:9854	148	8797.0	8944.0	best_hit_to_mtDNA
T	T	T	8905	HG002_all_regions	HG002_chr1.633402.634418|HISEQ1:18:H8VC6ADXX:1:1212:4098:9854	HG002_chr1.633402.634418|HISEQ1:18:H8VC6ADXX:1:1212:4098:9854	148	8797.0	8944.0	best_hit_to_mtDNA
A	A	A	8906	HG002_all_regions	HG002_chr1.633402.634418|HISEQ1:18:H8VC6ADXX:1:1212:4098:9854	HG002_chr1.633402.634418|HISEQ1:18:H8VC6ADXX:1:1212:4098:9854	148	8797.0	8944.0	best_hit_to_mtDNA
G	G	G	8907	HG002_all_regions	HG002_chr1.633402.634418|HISEQ1:18:H8VC6ADXX:1:1212:4098:9854	HG002_chr1.633402.634418|HISEQ1:18:H8VC6ADXX:1:1212:4098:9854	148	8797.0	8944.0	best_hit_to_mtDNA
C	C	C	8908	HG002_all_regions	HG002_chr1.633402.634418|HISEQ1:18:H8VC6ADXX:1:1212:4098:9854	HG002_chr1.633402.634418|HISEQ1:18:H8VC6ADXX:1:1212:4098:9854	148	8797.0	8944.0	best_hit_to_mtDNA
C	C	C	8909	HG002_all_regions	HG002_chr1.633402.634418|HISEQ1:18:H8VC6ADXX:1:1212:4098:9854	HG002_chr1.633402.634418|HISEQ1:18:H8VC6ADXX:1:1212:4098:9854	148	8797.0	8944.0	best_hit_to_mtDNA
C	C	C	8910	HG002_all_regions	HG002_chr1.633402.634418|HISEQ1:18:H8VC6ADXX:1:1212:4098:9854	HG002_chr1.633402.634418|HISEQ1:18:H8VC6ADXX:1:1212:4098:9854	148	8797.0	8944.0	best_hit_to_mtDNA
A	A	A	8911	HG002_all_regions	HG002_chr1.633402.634418|HISEQ1:18:H8VC6ADXX:1:1212:4098:9854	HG002_chr1.633402.634418|HISEQ1:18:H8VC6ADXX:1:1212:4098:9854	148	8797.0	8944.0	best_hit_to_mtDNA
C	C	C	8912	HG002_all_regions	HG002_chr1.633402.634418|HISEQ1:18:H8VC6ADXX:1:1212:4098:9854	HG002_chr1.633402.634418|HISEQ1:18:H8VC6ADXX:1:1212:4098:9854	148	8797.0	8944.0	best_hit_to_mtDNA
T	T	T	8913	HG002_all_regions	HG002_chr1.633402.634418|HISEQ1:18:H8VC6ADXX:1:1212:4098:9854	HG002_chr1.633402.634418|HISEQ1:18:H8VC6ADXX:1:1212:4098:9854	148	8797.0	8944.0	best_hit_to_mtDNA
T	T	T	8914	HG002_all_regions	HG002_chr1.633402.634418|HISEQ1:18:H8VC6ADXX:1:1212:4098:9854	HG002_chr1.633402.634418|HISEQ1:18:H8VC6ADXX:1:1212:4098:9854	148	8797.0	8944.0	best_hit_to_mtDNA
C	C	C	8915	HG002_all_regions	HG002_chr1.633402.634418|HISEQ1:18:H8VC6ADXX:1:1212:4098:9854	HG002_chr1.633402.634418|HISEQ1:18:H8VC6ADXX:1:1212:4098:9854	148	8797.0	8944.0	best_hit_to_mtDNA
T	T	T	8916	HG002_all_regions	HG002_chr1.633402.634418|HISEQ1:18:H8VC6ADXX:1:1212:4098:9854	HG002_chr1.633402.634418|HISEQ1:18:H8VC6ADXX:1:1212:4098:9854	148	8797.0	8944.0	best_hit_to_mtDNA
T	T	T	8917	HG002_all_regions	HG002_chr1.633402.634418|HISEQ1:18:H8VC6ADXX:1:1212:4098:9854	HG002_chr1.633402.634418|HISEQ1:18:H8VC6ADXX:1:1212:4098:9854	148	8797.0	8944.0	best_hit_to_mtDNA
A	A	A	8918	HG002_all_regions	HG002_chr1.633402.634418|HISEQ1:18:H8VC6ADXX:1:1212:4098:9854	HG002_chr1.633402.634418|HISEQ1:18:H8VC6ADXX:1:1212:4098:9854	148	8797.0	8944.0	best_hit_to_mtDNA
C	C	C	8919	HG002_all_regions	HG002_chr1.633402.634418|HISEQ1:18:H8VC6ADXX:1:1212:4098:9854	HG002_chr1.633402.634418|HISEQ1:18:H8VC6ADXX:1:1212:4098:9854	148	8797.0	8944.0	best_hit_to_mtDNA
C	C	C	8920	HG002_all_regions	HG002_chr1.633402.634418|HISEQ1:18:H8VC6ADXX:1:1212:4098:9854	HG002_chr1.633402.634418|HISEQ1:18:H8VC6ADXX:1:1212:4098:9854	148	8797.0	8944.0	best_hit_to_mtDNA
A	G	A	8921	HG002_all_regions	HG002_chr1.633402.634418|HISEQ1:18:H8VC6ADXX:1:1212:4098:9854	HG002_chr1.633402.634418|HISEQ1:18:H8VC6ADXX:1:1212:4098:9854	148	8797.0	8944.0	best_hit_to_mtDNA
C	C	C	8922	HG002_all_regions	HG002_chr1.633402.634418|HISEQ1:18:H8VC6ADXX:1:1212:4098:9854	HG002_chr1.633402.634418|HISEQ1:18:H8VC6ADXX:1:1212:4098:9854	148	8797.0	8944.0	best_hit_to_mtDNA
A	A	A	8923	HG002_all_regions	HG002_chr1.633402.634418|HISEQ1:18:H8VC6ADXX:1:1212:4098:9854	HG002_chr1.633402.634418|HISEQ1:18:H8VC6ADXX:1:1212:4098:9854	148	8797.0	8944.0	best_hit_to_mtDNA
A	A	A	8924	HG002_all_regions	HG002_chr1.633402.634418|HISEQ1:18:H8VC6ADXX:1:1212:4098:9854	HG002_chr1.633402.634418|HISEQ1:18:H8VC6ADXX:1:1212:4098:9854	148	8797.0	8944.0	best_hit_to_mtDNA
G	G	G	8925	HG002_all_regions	HG002_chr1.633402.634418|HISEQ1:18:H8VC6ADXX:1:1212:4098:9854	HG002_chr1.633402.634418|HISEQ1:18:H8VC6ADXX:1:1212:4098:9854	148	8797.0	8944.0	best_hit_to_mtDNA
G	G	G	8926	HG002_all_regions	HG002_chr1.633402.634418|HISEQ1:18:H8VC6ADXX:1:1212:4098:9854	HG002_chr1.633402.634418|HISEQ1:18:H8VC6ADXX:1:1212:4098:9854	148	8797.0	8944.0	best_hit_to_mtDNA
C	C	C	8927	HG002_all_regions	HG002_chr1.633402.634418|HISEQ1:18:H8VC6ADXX:1:1212:4098:9854	HG002_chr1.633402.634418|HISEQ1:18:H8VC6ADXX:1:1212:4098:9854	148	8797.0	8944.0	best_hit_to_mtDNA
A	A	A	8928	HG002_all_regions	HG002_chr1.633402.634418|HISEQ1:18:H8VC6ADXX:1:1212:4098:9854	HG002_chr1.633402.634418|HISEQ1:18:H8VC6ADXX:1:1212:4098:9854	148	8797.0	8944.0	best_hit_to_mtDNA
C	C	C	8929	HG002_all_regions	HG002_chr1.633402.634418|HISEQ1:18:H8VC6ADXX:1:1212:4098:9854	HG002_chr1.633402.634418|HISEQ1:18:H8VC6ADXX:1:1212:4098:9854	148	8797.0	8944.0	best_hit_to_mtDNA
A	A	A	8930	HG002_all_regions	HG002_chr1.633402.634418|HISEQ1:18:H8VC6ADXX:1:1212:4098:9854	HG002_chr1.633402.634418|HISEQ1:18:H8VC6ADXX:1:1212:4098:9854	148	8797.0	8944.0	best_hit_to_mtDNA
C	C	C	8931	HG002_all_regions	HG002_chr1.633402.634418|HISEQ1:18:H8VC6ADXX:1:1212:4098:9854	HG002_chr1.633402.634418|HISEQ1:18:H8VC6ADXX:1:1212:4098:9854	148	8797.0	8944.0	best_hit_to_mtDNA
C	C	C	8932	HG002_all_regions	HG002_chr1.633402.634418|HISEQ1:18:H8VC6ADXX:1:1212:4098:9854	HG002_chr1.633402.634418|HISEQ1:18:H8VC6ADXX:1:1212:4098:9854	148	8797.0	8944.0	best_hit_to_mtDNA
T	T	T	8933	HG002_all_regions	HG002_chr1.633402.634418|HISEQ1:18:H8VC6ADXX:1:1212:4098:9854	HG002_chr1.633402.634418|HISEQ1:18:H8VC6ADXX:1:1212:4098:9854	148	8797.0	8944.0	best_hit_to_mtDNA
A	A	A	8934	HG002_all_regions	HG002_chr1.633402.634418|HISEQ1:18:H8VC6ADXX:1:1212:4098:9854	HG002_chr1.633402.634418|HISEQ1:18:H8VC6ADXX:1:1212:4098:9854	148	8797.0	8944.0	best_hit_to_mtDNA
C	C	C	8935	HG002_all_regions	HG002_chr1.633402.634418|HISEQ1:18:H8VC6ADXX:1:1212:4098:9854	HG002_chr1.633402.634418|HISEQ1:18:H8VC6ADXX:1:1212:4098:9854	148	8797.0	8944.0	best_hit_to_mtDNA
A	A	A	8936	HG002_all_regions	HG002_chr1.633402.634418|HISEQ1:18:H8VC6ADXX:1:1212:4098:9854	HG002_chr1.633402.634418|HISEQ1:18:H8VC6ADXX:1:1212:4098:9854	148	8797.0	8944.0	best_hit_to_mtDNA
C	C	C	8937	HG002_all_regions	HG002_chr1.633402.634418|HISEQ1:18:H8VC6ADXX:1:1212:4098:9854	HG002_chr1.633402.634418|HISEQ1:18:H8VC6ADXX:1:1212:4098:9854	148	8797.0	8944.0	best_hit_to_mtDNA
C	C	C	8938	HG002_all_regions	HG002_chr1.633402.634418|HISEQ1:18:H8VC6ADXX:1:1212:4098:9854	HG002_chr1.633402.634418|HISEQ1:18:H8VC6ADXX:1:1212:4098:9854	148	8797.0	8944.0	best_hit_to_mtDNA
C	C	C	8939	HG002_all_regions	HG002_chr1.633402.634418|HISEQ1:18:H8VC6ADXX:1:1212:4098:9854	HG002_chr1.633402.634418|HISEQ1:18:H8VC6ADXX:1:1212:4098:9854	148	8797.0	8944.0	best_hit_to_mtDNA
C	C	C	8940	HG002_all_regions	HG002_chr1.633402.634418|HISEQ1:18:H8VC6ADXX:1:1212:4098:9854	HG002_chr1.633402.634418|HISEQ1:18:H8VC6ADXX:1:1212:4098:9854	148	8797.0	8944.0	best_hit_to_mtDNA
T	T	T	8941	HG002_all_regions	HG002_chr1.633402.634418|HISEQ1:18:H8VC6ADXX:1:1212:4098:9854	HG002_chr1.633402.634418|HISEQ1:18:H8VC6ADXX:1:1212:4098:9854	148	8797.0	8944.0	best_hit_to_mtDNA
T	T	T	8942	HG002_all_regions	HG002_chr1.633402.634418|HISEQ1:18:H8VC6ADXX:1:1212:4098:9854	HG002_chr1.633402.634418|HISEQ1:18:H8VC6ADXX:1:1212:4098:9854	148	8797.0	8944.0	best_hit_to_mtDNA
A	A	A	8943	HG002_all_regions	HG002_chr1.633402.634418|HISEQ1:18:H8VC6ADXX:1:1212:4098:9854	HG002_chr1.633402.634418|HISEQ1:18:H8VC6ADXX:1:1212:4098:9854	148	8797.0	8944.0	best_hit_to_mtDNA
A	A	C	8817	HG002_all_regions	HG002_chr1.633402.634418|HISEQ1:20:H9V1RADXX:1:1105:3791:65015	HG002_chr1.633402.634418|HISEQ1:20:H9V1RADXX:1:1105:3791:65015	148	8813.0	8959.0	best_hit_to_mtDNA
C	C	C	8818	HG002_all_regions	HG002_chr1.633402.634418|HISEQ1:20:H9V1RADXX:1:1105:3791:65015	HG002_chr1.633402.634418|HISEQ1:20:H9V1RADXX:1:1105:3791:65015	148	8813.0	8959.0	best_hit_to_mtDNA
C	C	C	8819	HG002_all_regions	HG002_chr1.633402.634418|HISEQ1:20:H9V1RADXX:1:1105:3791:65015	HG002_chr1.633402.634418|HISEQ1:20:H9V1RADXX:1:1105:3791:65015	148	8813.0	8959.0	best_hit_to_mtDNA
C	C	C	8820	HG002_all_regions	HG002_chr1.633402.634418|HISEQ1:20:H9V1RADXX:1:1105:3791:65015	HG002_chr1.633402.634418|HISEQ1:20:H9V1RADXX:1:1105:3791:65015	148	8813.0	8959.0	best_hit_to_mtDNA
A	A	A	8821	HG002_all_regions	HG002_chr1.633402.634418|HISEQ1:20:H9V1RADXX:1:1105:3791:65015	HG002_chr1.633402.634418|HISEQ1:20:H9V1RADXX:1:1105:3791:65015	148	8813.0	8959.0	best_hit_to_mtDNA
A	A	A	8822	HG002_all_regions	HG002_chr1.633402.634418|HISEQ1:20:H9V1RADXX:1:1105:3791:65015	HG002_chr1.633402.634418|HISEQ1:20:H9V1RADXX:1:1105:3791:65015	148	8813.0	8959.0	best_hit_to_mtDNA
C	C	C	8823	HG002_all_regions	HG002_chr1.633402.634418|HISEQ1:20:H9V1RADXX:1:1105:3791:65015	HG002_chr1.633402.634418|HISEQ1:20:H9V1RADXX:1:1105:3791:65015	148	8813.0	8959.0	best_hit_to_mtDNA
T	T	T	8824	HG002_all_regions	HG002_chr1.633402.634418|HISEQ1:20:H9V1RADXX:1:1105:3791:65015	HG002_chr1.633402.634418|HISEQ1:20:H9V1RADXX:1:1105:3791:65015	148	8813.0	8959.0	best_hit_to_mtDNA
A	A	A	8825	HG002_all_regions	HG002_chr1.633402.634418|HISEQ1:20:H9V1RADXX:1:1105:3791:65015	HG002_chr1.633402.634418|HISEQ1:20:H9V1RADXX:1:1105:3791:65015	148	8813.0	8959.0	best_hit_to_mtDNA
T	T	T	8826	HG002_all_regions	HG002_chr1.633402.634418|HISEQ1:20:H9V1RADXX:1:1105:3791:65015	HG002_chr1.633402.634418|HISEQ1:20:H9V1RADXX:1:1105:3791:65015	148	8813.0	8959.0	best_hit_to_mtDNA
C	C	C	8827	HG002_all_regions	HG002_chr1.633402.634418|HISEQ1:20:H9V1RADXX:1:1105:3791:65015	HG002_chr1.633402.634418|HISEQ1:20:H9V1RADXX:1:1105:3791:65015	148	8813.0	8959.0	best_hit_to_mtDNA
T	T	T	8828	HG002_all_regions	HG002_chr1.633402.634418|HISEQ1:20:H9V1RADXX:1:1105:3791:65015	HG002_chr1.633402.634418|HISEQ1:20:H9V1RADXX:1:1105:3791:65015	148	8813.0	8959.0	best_hit_to_mtDNA
A	A	A	8829	HG002_all_regions	HG002_chr1.633402.634418|HISEQ1:20:H9V1RADXX:1:1105:3791:65015	HG002_chr1.633402.634418|HISEQ1:20:H9V1RADXX:1:1105:3791:65015	148	8813.0	8959.0	best_hit_to_mtDNA
T	T	T	8830	HG002_all_regions	HG002_chr1.633402.634418|HISEQ1:20:H9V1RADXX:1:1105:3791:65015	HG002_chr1.633402.634418|HISEQ1:20:H9V1RADXX:1:1105:3791:65015	148	8813.0	8959.0	best_hit_to_mtDNA
A	A	A	8831	HG002_all_regions	HG002_chr1.633402.634418|HISEQ1:20:H9V1RADXX:1:1105:3791:65015	HG002_chr1.633402.634418|HISEQ1:20:H9V1RADXX:1:1105:3791:65015	148	8813.0	8959.0	best_hit_to_mtDNA
A	A	A	8832	HG002_all_regions	HG002_chr1.633402.634418|HISEQ1:20:H9V1RADXX:1:1105:3791:65015	HG002_chr1.633402.634418|HISEQ1:20:H9V1RADXX:1:1105:3791:65015	148	8813.0	8959.0	best_hit_to_mtDNA
A	A	A	8833	HG002_all_regions	HG002_chr1.633402.634418|HISEQ1:20:H9V1RADXX:1:1105:3791:65015	HG002_chr1.633402.634418|HISEQ1:20:H9V1RADXX:1:1105:3791:65015	148	8813.0	8959.0	best_hit_to_mtDNA
C	C	C	8834	HG002_all_regions	HG002_chr1.633402.634418|HISEQ1:20:H9V1RADXX:1:1105:3791:65015	HG002_chr1.633402.634418|HISEQ1:20:H9V1RADXX:1:1105:3791:65015	148	8813.0	8959.0	best_hit_to_mtDNA
C	C	C	8835	HG002_all_regions	HG002_chr1.633402.634418|HISEQ1:20:H9V1RADXX:1:1105:3791:65015	HG002_chr1.633402.634418|HISEQ1:20:H9V1RADXX:1:1105:3791:65015	148	8813.0	8959.0	best_hit_to_mtDNA
T	T	T	8836	HG002_all_regions	HG002_chr1.633402.634418|HISEQ1:20:H9V1RADXX:1:1105:3791:65015	HG002_chr1.633402.634418|HISEQ1:20:H9V1RADXX:1:1105:3791:65015	148	8813.0	8959.0	best_hit_to_mtDNA
A	A	A	8837	HG002_all_regions	HG002_chr1.633402.634418|HISEQ1:20:H9V1RADXX:1:1105:3791:65015	HG002_chr1.633402.634418|HISEQ1:20:H9V1RADXX:1:1105:3791:65015	148	8813.0	8959.0	best_hit_to_mtDNA
G	G	G	8838	HG002_all_regions	HG002_chr1.633402.634418|HISEQ1:20:H9V1RADXX:1:1105:3791:65015	HG002_chr1.633402.634418|HISEQ1:20:H9V1RADXX:1:1105:3791:65015	148	8813.0	8959.0	best_hit_to_mtDNA
C	C	C	8839	HG002_all_regions	HG002_chr1.633402.634418|HISEQ1:20:H9V1RADXX:1:1105:3791:65015	HG002_chr1.633402.634418|HISEQ1:20:H9V1RADXX:1:1105:3791:65015	148	8813.0	8959.0	best_hit_to_mtDNA
C	C	C	8840	HG002_all_regions	HG002_chr1.633402.634418|HISEQ1:20:H9V1RADXX:1:1105:3791:65015	HG002_chr1.633402.634418|HISEQ1:20:H9V1RADXX:1:1105:3791:65015	148	8813.0	8959.0	best_hit_to_mtDNA
A	A	A	8841	HG002_all_regions	HG002_chr1.633402.634418|HISEQ1:20:H9V1RADXX:1:1105:3791:65015	HG002_chr1.633402.634418|HISEQ1:20:H9V1RADXX:1:1105:3791:65015	148	8813.0	8959.0	best_hit_to_mtDNA
T	T	T	8842	HG002_all_regions	HG002_chr1.633402.634418|HISEQ1:20:H9V1RADXX:1:1105:3791:65015	HG002_chr1.633402.634418|HISEQ1:20:H9V1RADXX:1:1105:3791:65015	148	8813.0	8959.0	best_hit_to_mtDNA
G	G	G	8843	HG002_all_regions	HG002_chr1.633402.634418|HISEQ1:20:H9V1RADXX:1:1105:3791:65015	HG002_chr1.633402.634418|HISEQ1:20:H9V1RADXX:1:1105:3791:65015	148	8813.0	8959.0	best_hit_to_mtDNA
G	G	G	8844	HG002_all_regions	HG002_chr1.633402.634418|HISEQ1:20:H9V1RADXX:1:1105:3791:65015	HG002_chr1.633402.634418|HISEQ1:20:H9V1RADXX:1:1105:3791:65015	148	8813.0	8959.0	best_hit_to_mtDNA
C	C	C	8845	HG002_all_regions	HG002_chr1.633402.634418|HISEQ1:20:H9V1RADXX:1:1105:3791:65015	HG002_chr1.633402.634418|HISEQ1:20:H9V1RADXX:1:1105:3791:65015	148	8813.0	8959.0	best_hit_to_mtDNA
C	T	C	8846	HG002_all_regions	HG002_chr1.633402.634418|HISEQ1:20:H9V1RADXX:1:1105:3791:65015	HG002_chr1.633402.634418|HISEQ1:20:H9V1RADXX:1:1105:3791:65015	148	8813.0	8959.0	best_hit_to_mtDNA
A	A	A	8847	HG002_all_regions	HG002_chr1.633402.634418|HISEQ1:20:H9V1RADXX:1:1105:3791:65015	HG002_chr1.633402.634418|HISEQ1:20:H9V1RADXX:1:1105:3791:65015	148	8813.0	8959.0	best_hit_to_mtDNA
T	T	T	8848	HG002_all_regions	HG002_chr1.633402.634418|HISEQ1:20:H9V1RADXX:1:1105:3791:65015	HG002_chr1.633402.634418|HISEQ1:20:H9V1RADXX:1:1105:3791:65015	148	8813.0	8959.0	best_hit_to_mtDNA
C	C	C	8849	HG002_all_regions	HG002_chr1.633402.634418|HISEQ1:20:H9V1RADXX:1:1105:3791:65015	HG002_chr1.633402.634418|HISEQ1:20:H9V1RADXX:1:1105:3791:65015	148	8813.0	8959.0	best_hit_to_mtDNA
C	C	C	8850	HG002_all_regions	HG002_chr1.633402.634418|HISEQ1:20:H9V1RADXX:1:1105:3791:65015	HG002_chr1.633402.634418|HISEQ1:20:H9V1RADXX:1:1105:3791:65015	148	8813.0	8959.0	best_hit_to_mtDNA
C	C	C	8851	HG002_all_regions	HG002_chr1.633402.634418|HISEQ1:20:H9V1RADXX:1:1105:3791:65015	HG002_chr1.633402.634418|HISEQ1:20:H9V1RADXX:1:1105:3791:65015	148	8813.0	8959.0	best_hit_to_mtDNA
C	C	C	8852	HG002_all_regions	HG002_chr1.633402.634418|HISEQ1:20:H9V1RADXX:1:1105:3791:65015	HG002_chr1.633402.634418|HISEQ1:20:H9V1RADXX:1:1105:3791:65015	148	8813.0	8959.0	best_hit_to_mtDNA
T	C	T	8853	HG002_all_regions	HG002_chr1.633402.634418|HISEQ1:20:H9V1RADXX:1:1105:3791:65015	HG002_chr1.633402.634418|HISEQ1:20:H9V1RADXX:1:1105:3791:65015	148	8813.0	8959.0	best_hit_to_mtDNA
T	T	T	8854	HG002_all_regions	HG002_chr1.633402.634418|HISEQ1:20:H9V1RADXX:1:1105:3791:65015	HG002_chr1.633402.634418|HISEQ1:20:H9V1RADXX:1:1105:3791:65015	148	8813.0	8959.0	best_hit_to_mtDNA
A	A	A	8855	HG002_all_regions	HG002_chr1.633402.634418|HISEQ1:20:H9V1RADXX:1:1105:3791:65015	HG002_chr1.633402.634418|HISEQ1:20:H9V1RADXX:1:1105:3791:65015	148	8813.0	8959.0	best_hit_to_mtDNA
T	T	T	8856	HG002_all_regions	HG002_chr1.633402.634418|HISEQ1:20:H9V1RADXX:1:1105:3791:65015	HG002_chr1.633402.634418|HISEQ1:20:H9V1RADXX:1:1105:3791:65015	148	8813.0	8959.0	best_hit_to_mtDNA
G	G	G	8857	HG002_all_regions	HG002_chr1.633402.634418|HISEQ1:20:H9V1RADXX:1:1105:3791:65015	HG002_chr1.633402.634418|HISEQ1:20:H9V1RADXX:1:1105:3791:65015	148	8813.0	8959.0	best_hit_to_mtDNA
A	A	A	8858	HG002_all_regions	HG002_chr1.633402.634418|HISEQ1:20:H9V1RADXX:1:1105:3791:65015	HG002_chr1.633402.634418|HISEQ1:20:H9V1RADXX:1:1105:3791:65015	148	8813.0	8959.0	best_hit_to_mtDNA
G	G	G	8859	HG002_all_regions	HG002_chr1.633402.634418|HISEQ1:20:H9V1RADXX:1:1105:3791:65015	HG002_chr1.633402.634418|HISEQ1:20:H9V1RADXX:1:1105:3791:65015	148	8813.0	8959.0	best_hit_to_mtDNA
C	C	C	8860	HG002_all_regions	HG002_chr1.633402.634418|HISEQ1:20:H9V1RADXX:1:1105:3791:65015	HG002_chr1.633402.634418|HISEQ1:20:H9V1RADXX:1:1105:3791:65015	148	8813.0	8959.0	best_hit_to_mtDNA
G	A	G	8861	HG002_all_regions	HG002_chr1.633402.634418|HISEQ1:20:H9V1RADXX:1:1105:3791:65015	HG002_chr1.633402.634418|HISEQ1:20:H9V1RADXX:1:1105:3791:65015	148	8813.0	8959.0	best_hit_to_mtDNA
G	G	G	8862	HG002_all_regions	HG002_chr1.633402.634418|HISEQ1:20:H9V1RADXX:1:1105:3791:65015	HG002_chr1.633402.634418|HISEQ1:20:H9V1RADXX:1:1105:3791:65015	148	8813.0	8959.0	best_hit_to_mtDNA
G	G	G	8863	HG002_all_regions	HG002_chr1.633402.634418|HISEQ1:20:H9V1RADXX:1:1105:3791:65015	HG002_chr1.633402.634418|HISEQ1:20:H9V1RADXX:1:1105:3791:65015	148	8813.0	8959.0	best_hit_to_mtDNA
C	C	C	8864	HG002_all_regions	HG002_chr1.633402.634418|HISEQ1:20:H9V1RADXX:1:1105:3791:65015	HG002_chr1.633402.634418|HISEQ1:20:H9V1RADXX:1:1105:3791:65015	148	8813.0	8959.0	best_hit_to_mtDNA
A	G	G	8865	HG002_all_regions	HG002_chr1.633402.634418|HISEQ1:20:H9V1RADXX:1:1105:3791:65015	HG002_chr1.633402.634418|HISEQ1:20:H9V1RADXX:1:1105:3791:65015	148	8813.0	8959.0	best_hit_to_mtDNA
C	C	C	8866	HG002_all_regions	HG002_chr1.633402.634418|HISEQ1:20:H9V1RADXX:1:1105:3791:65015	HG002_chr1.633402.634418|HISEQ1:20:H9V1RADXX:1:1105:3791:65015	148	8813.0	8959.0	best_hit_to_mtDNA
A	A	A	8867	HG002_all_regions	HG002_chr1.633402.634418|HISEQ1:20:H9V1RADXX:1:1105:3791:65015	HG002_chr1.633402.634418|HISEQ1:20:H9V1RADXX:1:1105:3791:65015	148	8813.0	8959.0	best_hit_to_mtDNA
G	G	G	8868	HG002_all_regions	HG002_chr1.633402.634418|HISEQ1:20:H9V1RADXX:1:1105:3791:65015	HG002_chr1.633402.634418|HISEQ1:20:H9V1RADXX:1:1105:3791:65015	148	8813.0	8959.0	best_hit_to_mtDNA
T	T	T	8869	HG002_all_regions	HG002_chr1.633402.634418|HISEQ1:20:H9V1RADXX:1:1105:3791:65015	HG002_chr1.633402.634418|HISEQ1:20:H9V1RADXX:1:1105:3791:65015	148	8813.0	8959.0	best_hit_to_mtDNA
G	A	G	8870	HG002_all_regions	HG002_chr1.633402.634418|HISEQ1:20:H9V1RADXX:1:1105:3791:65015	HG002_chr1.633402.634418|HISEQ1:20:H9V1RADXX:1:1105:3791:65015	148	8813.0	8959.0	best_hit_to_mtDNA
A	G	A	8871	HG002_all_regions	HG002_chr1.633402.634418|HISEQ1:20:H9V1RADXX:1:1105:3791:65015	HG002_chr1.633402.634418|HISEQ1:20:H9V1RADXX:1:1105:3791:65015	148	8813.0	8959.0	best_hit_to_mtDNA
T	T	T	8872	HG002_all_regions	HG002_chr1.633402.634418|HISEQ1:20:H9V1RADXX:1:1105:3791:65015	HG002_chr1.633402.634418|HISEQ1:20:H9V1RADXX:1:1105:3791:65015	148	8813.0	8959.0	best_hit_to_mtDNA
T	C	T	8873	HG002_all_regions	HG002_chr1.633402.634418|HISEQ1:20:H9V1RADXX:1:1105:3791:65015	HG002_chr1.633402.634418|HISEQ1:20:H9V1RADXX:1:1105:3791:65015	148	8813.0	8959.0	best_hit_to_mtDNA
A	A	A	8874	HG002_all_regions	HG002_chr1.633402.634418|HISEQ1:20:H9V1RADXX:1:1105:3791:65015	HG002_chr1.633402.634418|HISEQ1:20:H9V1RADXX:1:1105:3791:65015	148	8813.0	8959.0	best_hit_to_mtDNA
T	T	T	8875	HG002_all_regions	HG002_chr1.633402.634418|HISEQ1:20:H9V1RADXX:1:1105:3791:65015	HG002_chr1.633402.634418|HISEQ1:20:H9V1RADXX:1:1105:3791:65015	148	8813.0	8959.0	best_hit_to_mtDNA
A	A	A	8876	HG002_all_regions	HG002_chr1.633402.634418|HISEQ1:20:H9V1RADXX:1:1105:3791:65015	HG002_chr1.633402.634418|HISEQ1:20:H9V1RADXX:1:1105:3791:65015	148	8813.0	8959.0	best_hit_to_mtDNA
G	G	G	8877	HG002_all_regions	HG002_chr1.633402.634418|HISEQ1:20:H9V1RADXX:1:1105:3791:65015	HG002_chr1.633402.634418|HISEQ1:20:H9V1RADXX:1:1105:3791:65015	148	8813.0	8959.0	best_hit_to_mtDNA
G	G	G	8878	HG002_all_regions	HG002_chr1.633402.634418|HISEQ1:20:H9V1RADXX:1:1105:3791:65015	HG002_chr1.633402.634418|HISEQ1:20:H9V1RADXX:1:1105:3791:65015	148	8813.0	8959.0	best_hit_to_mtDNA
C	C	C	8879	HG002_all_regions	HG002_chr1.633402.634418|HISEQ1:20:H9V1RADXX:1:1105:3791:65015	HG002_chr1.633402.634418|HISEQ1:20:H9V1RADXX:1:1105:3791:65015	148	8813.0	8959.0	best_hit_to_mtDNA
T	T	T	8880	HG002_all_regions	HG002_chr1.633402.634418|HISEQ1:20:H9V1RADXX:1:1105:3791:65015	HG002_chr1.633402.634418|HISEQ1:20:H9V1RADXX:1:1105:3791:65015	148	8813.0	8959.0	best_hit_to_mtDNA
T	T	T	8881	HG002_all_regions	HG002_chr1.633402.634418|HISEQ1:20:H9V1RADXX:1:1105:3791:65015	HG002_chr1.633402.634418|HISEQ1:20:H9V1RADXX:1:1105:3791:65015	148	8813.0	8959.0	best_hit_to_mtDNA
T	T	T	8882	HG002_all_regions	HG002_chr1.633402.634418|HISEQ1:20:H9V1RADXX:1:1105:3791:65015	HG002_chr1.633402.634418|HISEQ1:20:H9V1RADXX:1:1105:3791:65015	148	8813.0	8959.0	best_hit_to_mtDNA
C	C	C	8883	HG002_all_regions	HG002_chr1.633402.634418|HISEQ1:20:H9V1RADXX:1:1105:3791:65015	HG002_chr1.633402.634418|HISEQ1:20:H9V1RADXX:1:1105:3791:65015	148	8813.0	8959.0	best_hit_to_mtDNA
G	G	G	8884	HG002_all_regions	HG002_chr1.633402.634418|HISEQ1:20:H9V1RADXX:1:1105:3791:65015	HG002_chr1.633402.634418|HISEQ1:20:H9V1RADXX:1:1105:3791:65015	148	8813.0	8959.0	best_hit_to_mtDNA
C	C	C	8885	HG002_all_regions	HG002_chr1.633402.634418|HISEQ1:20:H9V1RADXX:1:1105:3791:65015	HG002_chr1.633402.634418|HISEQ1:20:H9V1RADXX:1:1105:3791:65015	148	8813.0	8959.0	best_hit_to_mtDNA
T	T	T	8886	HG002_all_regions	HG002_chr1.633402.634418|HISEQ1:20:H9V1RADXX:1:1105:3791:65015	HG002_chr1.633402.634418|HISEQ1:20:H9V1RADXX:1:1105:3791:65015	148	8813.0	8959.0	best_hit_to_mtDNA
C	T	C	8887	HG002_all_regions	HG002_chr1.633402.634418|HISEQ1:20:H9V1RADXX:1:1105:3791:65015	HG002_chr1.633402.634418|HISEQ1:20:H9V1RADXX:1:1105:3791:65015	148	8813.0	8959.0	best_hit_to_mtDNA
T	T	T	8888	HG002_all_regions	HG002_chr1.633402.634418|HISEQ1:20:H9V1RADXX:1:1105:3791:65015	HG002_chr1.633402.634418|HISEQ1:20:H9V1RADXX:1:1105:3791:65015	148	8813.0	8959.0	best_hit_to_mtDNA
A	A	A	8889	HG002_all_regions	HG002_chr1.633402.634418|HISEQ1:20:H9V1RADXX:1:1105:3791:65015	HG002_chr1.633402.634418|HISEQ1:20:H9V1RADXX:1:1105:3791:65015	148	8813.0	8959.0	best_hit_to_mtDNA
A	A	A	8890	HG002_all_regions	HG002_chr1.633402.634418|HISEQ1:20:H9V1RADXX:1:1105:3791:65015	HG002_chr1.633402.634418|HISEQ1:20:H9V1RADXX:1:1105:3791:65015	148	8813.0	8959.0	best_hit_to_mtDNA
G	G	G	8891	HG002_all_regions	HG002_chr1.633402.634418|HISEQ1:20:H9V1RADXX:1:1105:3791:65015	HG002_chr1.633402.634418|HISEQ1:20:H9V1RADXX:1:1105:3791:65015	148	8813.0	8959.0	best_hit_to_mtDNA
A	A	A	8892	HG002_all_regions	HG002_chr1.633402.634418|HISEQ1:20:H9V1RADXX:1:1105:3791:65015	HG002_chr1.633402.634418|HISEQ1:20:H9V1RADXX:1:1105:3791:65015	148	8813.0	8959.0	best_hit_to_mtDNA
T	C	T	8893	HG002_all_regions	HG002_chr1.633402.634418|HISEQ1:20:H9V1RADXX:1:1105:3791:65015	HG002_chr1.633402.634418|HISEQ1:20:H9V1RADXX:1:1105:3791:65015	148	8813.0	8959.0	best_hit_to_mtDNA
T	T	T	8894	HG002_all_regions	HG002_chr1.633402.634418|HISEQ1:20:H9V1RADXX:1:1105:3791:65015	HG002_chr1.633402.634418|HISEQ1:20:H9V1RADXX:1:1105:3791:65015	148	8813.0	8959.0	best_hit_to_mtDNA
A	A	A	8895	HG002_all_regions	HG002_chr1.633402.634418|HISEQ1:20:H9V1RADXX:1:1105:3791:65015	HG002_chr1.633402.634418|HISEQ1:20:H9V1RADXX:1:1105:3791:65015	148	8813.0	8959.0	best_hit_to_mtDNA
A	A	A	8896	HG002_all_regions	HG002_chr1.633402.634418|HISEQ1:20:H9V1RADXX:1:1105:3791:65015	HG002_chr1.633402.634418|HISEQ1:20:H9V1RADXX:1:1105:3791:65015	148	8813.0	8959.0	best_hit_to_mtDNA
A	A	A	8897	HG002_all_regions	HG002_chr1.633402.634418|HISEQ1:20:H9V1RADXX:1:1105:3791:65015	HG002_chr1.633402.634418|HISEQ1:20:H9V1RADXX:1:1105:3791:65015	148	8813.0	8959.0	best_hit_to_mtDNA
A	A	A	8898	HG002_all_regions	HG002_chr1.633402.634418|HISEQ1:20:H9V1RADXX:1:1105:3791:65015	HG002_chr1.633402.634418|HISEQ1:20:H9V1RADXX:1:1105:3791:65015	148	8813.0	8959.0	best_hit_to_mtDNA
A	A	A	8899	HG002_all_regions	HG002_chr1.633402.634418|HISEQ1:20:H9V1RADXX:1:1105:3791:65015	HG002_chr1.633402.634418|HISEQ1:20:H9V1RADXX:1:1105:3791:65015	148	8813.0	8959.0	best_hit_to_mtDNA
T	T	T	8900	HG002_all_regions	HG002_chr1.633402.634418|HISEQ1:20:H9V1RADXX:1:1105:3791:65015	HG002_chr1.633402.634418|HISEQ1:20:H9V1RADXX:1:1105:3791:65015	148	8813.0	8959.0	best_hit_to_mtDNA
G	G	G	8901	HG002_all_regions	HG002_chr1.633402.634418|HISEQ1:20:H9V1RADXX:1:1105:3791:65015	HG002_chr1.633402.634418|HISEQ1:20:H9V1RADXX:1:1105:3791:65015	148	8813.0	8959.0	best_hit_to_mtDNA
C	C	C	8902	HG002_all_regions	HG002_chr1.633402.634418|HISEQ1:20:H9V1RADXX:1:1105:3791:65015	HG002_chr1.633402.634418|HISEQ1:20:H9V1RADXX:1:1105:3791:65015	148	8813.0	8959.0	best_hit_to_mtDNA
C	C	C	8903	HG002_all_regions	HG002_chr1.633402.634418|HISEQ1:20:H9V1RADXX:1:1105:3791:65015	HG002_chr1.633402.634418|HISEQ1:20:H9V1RADXX:1:1105:3791:65015	148	8813.0	8959.0	best_hit_to_mtDNA
C	C	C	8904	HG002_all_regions	HG002_chr1.633402.634418|HISEQ1:20:H9V1RADXX:1:1105:3791:65015	HG002_chr1.633402.634418|HISEQ1:20:H9V1RADXX:1:1105:3791:65015	148	8813.0	8959.0	best_hit_to_mtDNA
T	T	T	8905	HG002_all_regions	HG002_chr1.633402.634418|HISEQ1:20:H9V1RADXX:1:1105:3791:65015	HG002_chr1.633402.634418|HISEQ1:20:H9V1RADXX:1:1105:3791:65015	148	8813.0	8959.0	best_hit_to_mtDNA
A	A	A	8906	HG002_all_regions	HG002_chr1.633402.634418|HISEQ1:20:H9V1RADXX:1:1105:3791:65015	HG002_chr1.633402.634418|HISEQ1:20:H9V1RADXX:1:1105:3791:65015	148	8813.0	8959.0	best_hit_to_mtDNA
G	G	G	8907	HG002_all_regions	HG002_chr1.633402.634418|HISEQ1:20:H9V1RADXX:1:1105:3791:65015	HG002_chr1.633402.634418|HISEQ1:20:H9V1RADXX:1:1105:3791:65015	148	8813.0	8959.0	best_hit_to_mtDNA
C	C	C	8908	HG002_all_regions	HG002_chr1.633402.634418|HISEQ1:20:H9V1RADXX:1:1105:3791:65015	HG002_chr1.633402.634418|HISEQ1:20:H9V1RADXX:1:1105:3791:65015	148	8813.0	8959.0	best_hit_to_mtDNA
C	C	C	8909	HG002_all_regions	HG002_chr1.633402.634418|HISEQ1:20:H9V1RADXX:1:1105:3791:65015	HG002_chr1.633402.634418|HISEQ1:20:H9V1RADXX:1:1105:3791:65015	148	8813.0	8959.0	best_hit_to_mtDNA
C	C	C	8910	HG002_all_regions	HG002_chr1.633402.634418|HISEQ1:20:H9V1RADXX:1:1105:3791:65015	HG002_chr1.633402.634418|HISEQ1:20:H9V1RADXX:1:1105:3791:65015	148	8813.0	8959.0	best_hit_to_mtDNA
A	A	A	8911	HG002_all_regions	HG002_chr1.633402.634418|HISEQ1:20:H9V1RADXX:1:1105:3791:65015	HG002_chr1.633402.634418|HISEQ1:20:H9V1RADXX:1:1105:3791:65015	148	8813.0	8959.0	best_hit_to_mtDNA
C	C	C	8912	HG002_all_regions	HG002_chr1.633402.634418|HISEQ1:20:H9V1RADXX:1:1105:3791:65015	HG002_chr1.633402.634418|HISEQ1:20:H9V1RADXX:1:1105:3791:65015	148	8813.0	8959.0	best_hit_to_mtDNA
T	T	T	8913	HG002_all_regions	HG002_chr1.633402.634418|HISEQ1:20:H9V1RADXX:1:1105:3791:65015	HG002_chr1.633402.634418|HISEQ1:20:H9V1RADXX:1:1105:3791:65015	148	8813.0	8959.0	best_hit_to_mtDNA
T	T	T	8914	HG002_all_regions	HG002_chr1.633402.634418|HISEQ1:20:H9V1RADXX:1:1105:3791:65015	HG002_chr1.633402.634418|HISEQ1:20:H9V1RADXX:1:1105:3791:65015	148	8813.0	8959.0	best_hit_to_mtDNA
C	C	C	8915	HG002_all_regions	HG002_chr1.633402.634418|HISEQ1:20:H9V1RADXX:1:1105:3791:65015	HG002_chr1.633402.634418|HISEQ1:20:H9V1RADXX:1:1105:3791:65015	148	8813.0	8959.0	best_hit_to_mtDNA
T	T	T	8916	HG002_all_regions	HG002_chr1.633402.634418|HISEQ1:20:H9V1RADXX:1:1105:3791:65015	HG002_chr1.633402.634418|HISEQ1:20:H9V1RADXX:1:1105:3791:65015	148	8813.0	8959.0	best_hit_to_mtDNA
T	T	T	8917	HG002_all_regions	HG002_chr1.633402.634418|HISEQ1:20:H9V1RADXX:1:1105:3791:65015	HG002_chr1.633402.634418|HISEQ1:20:H9V1RADXX:1:1105:3791:65015	148	8813.0	8959.0	best_hit_to_mtDNA
A	A	A	8918	HG002_all_regions	HG002_chr1.633402.634418|HISEQ1:20:H9V1RADXX:1:1105:3791:65015	HG002_chr1.633402.634418|HISEQ1:20:H9V1RADXX:1:1105:3791:65015	148	8813.0	8959.0	best_hit_to_mtDNA
C	C	C	8919	HG002_all_regions	HG002_chr1.633402.634418|HISEQ1:20:H9V1RADXX:1:1105:3791:65015	HG002_chr1.633402.634418|HISEQ1:20:H9V1RADXX:1:1105:3791:65015	148	8813.0	8959.0	best_hit_to_mtDNA
C	C	C	8920	HG002_all_regions	HG002_chr1.633402.634418|HISEQ1:20:H9V1RADXX:1:1105:3791:65015	HG002_chr1.633402.634418|HISEQ1:20:H9V1RADXX:1:1105:3791:65015	148	8813.0	8959.0	best_hit_to_mtDNA
A	G	A	8921	HG002_all_regions	HG002_chr1.633402.634418|HISEQ1:20:H9V1RADXX:1:1105:3791:65015	HG002_chr1.633402.634418|HISEQ1:20:H9V1RADXX:1:1105:3791:65015	148	8813.0	8959.0	best_hit_to_mtDNA
C	C	C	8922	HG002_all_regions	HG002_chr1.633402.634418|HISEQ1:20:H9V1RADXX:1:1105:3791:65015	HG002_chr1.633402.634418|HISEQ1:20:H9V1RADXX:1:1105:3791:65015	148	8813.0	8959.0	best_hit_to_mtDNA
A	A	A	8923	HG002_all_regions	HG002_chr1.633402.634418|HISEQ1:20:H9V1RADXX:1:1105:3791:65015	HG002_chr1.633402.634418|HISEQ1:20:H9V1RADXX:1:1105:3791:65015	148	8813.0	8959.0	best_hit_to_mtDNA
A	A	A	8924	HG002_all_regions	HG002_chr1.633402.634418|HISEQ1:20:H9V1RADXX:1:1105:3791:65015	HG002_chr1.633402.634418|HISEQ1:20:H9V1RADXX:1:1105:3791:65015	148	8813.0	8959.0	best_hit_to_mtDNA
G	G	G	8925	HG002_all_regions	HG002_chr1.633402.634418|HISEQ1:20:H9V1RADXX:1:1105:3791:65015	HG002_chr1.633402.634418|HISEQ1:20:H9V1RADXX:1:1105:3791:65015	148	8813.0	8959.0	best_hit_to_mtDNA
G	G	G	8926	HG002_all_regions	HG002_chr1.633402.634418|HISEQ1:20:H9V1RADXX:1:1105:3791:65015	HG002_chr1.633402.634418|HISEQ1:20:H9V1RADXX:1:1105:3791:65015	148	8813.0	8959.0	best_hit_to_mtDNA
C	C	C	8927	HG002_all_regions	HG002_chr1.633402.634418|HISEQ1:20:H9V1RADXX:1:1105:3791:65015	HG002_chr1.633402.634418|HISEQ1:20:H9V1RADXX:1:1105:3791:65015	148	8813.0	8959.0	best_hit_to_mtDNA
A	A	A	8928	HG002_all_regions	HG002_chr1.633402.634418|HISEQ1:20:H9V1RADXX:1:1105:3791:65015	HG002_chr1.633402.634418|HISEQ1:20:H9V1RADXX:1:1105:3791:65015	148	8813.0	8959.0	best_hit_to_mtDNA
C	C	C	8929	HG002_all_regions	HG002_chr1.633402.634418|HISEQ1:20:H9V1RADXX:1:1105:3791:65015	HG002_chr1.633402.634418|HISEQ1:20:H9V1RADXX:1:1105:3791:65015	148	8813.0	8959.0	best_hit_to_mtDNA
A	A	A	8930	HG002_all_regions	HG002_chr1.633402.634418|HISEQ1:20:H9V1RADXX:1:1105:3791:65015	HG002_chr1.633402.634418|HISEQ1:20:H9V1RADXX:1:1105:3791:65015	148	8813.0	8959.0	best_hit_to_mtDNA
C	C	C	8931	HG002_all_regions	HG002_chr1.633402.634418|HISEQ1:20:H9V1RADXX:1:1105:3791:65015	HG002_chr1.633402.634418|HISEQ1:20:H9V1RADXX:1:1105:3791:65015	148	8813.0	8959.0	best_hit_to_mtDNA
C	C	C	8932	HG002_all_regions	HG002_chr1.633402.634418|HISEQ1:20:H9V1RADXX:1:1105:3791:65015	HG002_chr1.633402.634418|HISEQ1:20:H9V1RADXX:1:1105:3791:65015	148	8813.0	8959.0	best_hit_to_mtDNA
T	T	T	8933	HG002_all_regions	HG002_chr1.633402.634418|HISEQ1:20:H9V1RADXX:1:1105:3791:65015	HG002_chr1.633402.634418|HISEQ1:20:H9V1RADXX:1:1105:3791:65015	148	8813.0	8959.0	best_hit_to_mtDNA
A	A	A	8934	HG002_all_regions	HG002_chr1.633402.634418|HISEQ1:20:H9V1RADXX:1:1105:3791:65015	HG002_chr1.633402.634418|HISEQ1:20:H9V1RADXX:1:1105:3791:65015	148	8813.0	8959.0	best_hit_to_mtDNA
C	C	C	8935	HG002_all_regions	HG002_chr1.633402.634418|HISEQ1:20:H9V1RADXX:1:1105:3791:65015	HG002_chr1.633402.634418|HISEQ1:20:H9V1RADXX:1:1105:3791:65015	148	8813.0	8959.0	best_hit_to_mtDNA
A	A	A	8936	HG002_all_regions	HG002_chr1.633402.634418|HISEQ1:20:H9V1RADXX:1:1105:3791:65015	HG002_chr1.633402.634418|HISEQ1:20:H9V1RADXX:1:1105:3791:65015	148	8813.0	8959.0	best_hit_to_mtDNA
C	C	C	8937	HG002_all_regions	HG002_chr1.633402.634418|HISEQ1:20:H9V1RADXX:1:1105:3791:65015	HG002_chr1.633402.634418|HISEQ1:20:H9V1RADXX:1:1105:3791:65015	148	8813.0	8959.0	best_hit_to_mtDNA
C	C	C	8938	HG002_all_regions	HG002_chr1.633402.634418|HISEQ1:20:H9V1RADXX:1:1105:3791:65015	HG002_chr1.633402.634418|HISEQ1:20:H9V1RADXX:1:1105:3791:65015	148	8813.0	8959.0	best_hit_to_mtDNA
C	C	C	8939	HG002_all_regions	HG002_chr1.633402.634418|HISEQ1:20:H9V1RADXX:1:1105:3791:65015	HG002_chr1.633402.634418|HISEQ1:20:H9V1RADXX:1:1105:3791:65015	148	8813.0	8959.0	best_hit_to_mtDNA
C	C	C	8940	HG002_all_regions	HG002_chr1.633402.634418|HISEQ1:20:H9V1RADXX:1:1105:3791:65015	HG002_chr1.633402.634418|HISEQ1:20:H9V1RADXX:1:1105:3791:65015	148	8813.0	8959.0	best_hit_to_mtDNA
T	T	T	8941	HG002_all_regions	HG002_chr1.633402.634418|HISEQ1:20:H9V1RADXX:1:1105:3791:65015	HG002_chr1.633402.634418|HISEQ1:20:H9V1RADXX:1:1105:3791:65015	148	8813.0	8959.0	best_hit_to_mtDNA
T	T	T	8942	HG002_all_regions	HG002_chr1.633402.634418|HISEQ1:20:H9V1RADXX:1:1105:3791:65015	HG002_chr1.633402.634418|HISEQ1:20:H9V1RADXX:1:1105:3791:65015	148	8813.0	8959.0	best_hit_to_mtDNA
A	A	A	8943	HG002_all_regions	HG002_chr1.633402.634418|HISEQ1:20:H9V1RADXX:1:1105:3791:65015	HG002_chr1.633402.634418|HISEQ1:20:H9V1RADXX:1:1105:3791:65015	148	8813.0	8959.0	best_hit_to_mtDNA
T	T	T	8944	HG002_all_regions	HG002_chr1.633402.634418|HISEQ1:20:H9V1RADXX:1:1105:3791:65015	HG002_chr1.633402.634418|HISEQ1:20:H9V1RADXX:1:1105:3791:65015	148	8813.0	8959.0	best_hit_to_mtDNA
C	C	C	8945	HG002_all_regions	HG002_chr1.633402.634418|HISEQ1:20:H9V1RADXX:1:1105:3791:65015	HG002_chr1.633402.634418|HISEQ1:20:H9V1RADXX:1:1105:3791:65015	148	8813.0	8959.0	best_hit_to_mtDNA
C	C	C	8946	HG002_all_regions	HG002_chr1.633402.634418|HISEQ1:20:H9V1RADXX:1:1105:3791:65015	HG002_chr1.633402.634418|HISEQ1:20:H9V1RADXX:1:1105:3791:65015	148	8813.0	8959.0	best_hit_to_mtDNA
C	C	C	8947	HG002_all_regions	HG002_chr1.633402.634418|HISEQ1:20:H9V1RADXX:1:1105:3791:65015	HG002_chr1.633402.634418|HISEQ1:20:H9V1RADXX:1:1105:3791:65015	148	8813.0	8959.0	best_hit_to_mtDNA
C	C	T	8948	HG002_all_regions	HG002_chr1.633402.634418|HISEQ1:20:H9V1RADXX:1:1105:3791:65015	HG002_chr1.633402.634418|HISEQ1:20:H9V1RADXX:1:1105:3791:65015	148	8813.0	8959.0	best_hit_to_mtDNA
A	A	A	8949	HG002_all_regions	HG002_chr1.633402.634418|HISEQ1:20:H9V1RADXX:1:1105:3791:65015	HG002_chr1.633402.634418|HISEQ1:20:H9V1RADXX:1:1105:3791:65015	148	8813.0	8959.0	best_hit_to_mtDNA
T	T	T	8950	HG002_all_regions	HG002_chr1.633402.634418|HISEQ1:20:H9V1RADXX:1:1105:3791:65015	HG002_chr1.633402.634418|HISEQ1:20:H9V1RADXX:1:1105:3791:65015	148	8813.0	8959.0	best_hit_to_mtDNA
A	A	A	8951	HG002_all_regions	HG002_chr1.633402.634418|HISEQ1:20:H9V1RADXX:1:1105:3791:65015	HG002_chr1.633402.634418|HISEQ1:20:H9V1RADXX:1:1105:3791:65015	148	8813.0	8959.0	best_hit_to_mtDNA
C	C	C	8952	HG002_all_regions	HG002_chr1.633402.634418|HISEQ1:20:H9V1RADXX:1:1105:3791:65015	HG002_chr1.633402.634418|HISEQ1:20:H9V1RADXX:1:1105:3791:65015	148	8813.0	8959.0	best_hit_to_mtDNA
T	T	T	8953	HG002_all_regions	HG002_chr1.633402.634418|HISEQ1:20:H9V1RADXX:1:1105:3791:65015	HG002_chr1.633402.634418|HISEQ1:20:H9V1RADXX:1:1105:3791:65015	148	8813.0	8959.0	best_hit_to_mtDNA
A	A	A	8954	HG002_all_regions	HG002_chr1.633402.634418|HISEQ1:20:H9V1RADXX:1:1105:3791:65015	HG002_chr1.633402.634418|HISEQ1:20:H9V1RADXX:1:1105:3791:65015	148	8813.0	8959.0	best_hit_to_mtDNA
G	G	G	8955	HG002_all_regions	HG002_chr1.633402.634418|HISEQ1:20:H9V1RADXX:1:1105:3791:65015	HG002_chr1.633402.634418|HISEQ1:20:H9V1RADXX:1:1105:3791:65015	148	8813.0	8959.0	best_hit_to_mtDNA
T	T	T	8956	HG002_all_regions	HG002_chr1.633402.634418|HISEQ1:20:H9V1RADXX:1:1105:3791:65015	HG002_chr1.633402.634418|HISEQ1:20:H9V1RADXX:1:1105:3791:65015	148	8813.0	8959.0	best_hit_to_mtDNA
T	T	T	8957	HG002_all_regions	HG002_chr1.633402.634418|HISEQ1:20:H9V1RADXX:1:1105:3791:65015	HG002_chr1.633402.634418|HISEQ1:20:H9V1RADXX:1:1105:3791:65015	148	8813.0	8959.0	best_hit_to_mtDNA
A	A	A	8958	HG002_all_regions	HG002_chr1.633402.634418|HISEQ1:20:H9V1RADXX:1:1105:3791:65015	HG002_chr1.633402.634418|HISEQ1:20:H9V1RADXX:1:1105:3791:65015	148	8813.0	8959.0	best_hit_to_mtDNA
C	C	C	8864	HG002_all_regions	HG002_chr1.633402.634418|HISEQ1:19:H8VDAADXX:1:1215:2731:71511	HG002_chr1.633402.634418|HISEQ1:19:H8VDAADXX:1:1215:2731:71511	148	8859.0	8997.0	best_hit_to_mtDNA
A	G	G	8865	HG002_all_regions	HG002_chr1.633402.634418|HISEQ1:19:H8VDAADXX:1:1215:2731:71511	HG002_chr1.633402.634418|HISEQ1:19:H8VDAADXX:1:1215:2731:71511	148	8859.0	8997.0	best_hit_to_mtDNA
C	C	C	8866	HG002_all_regions	HG002_chr1.633402.634418|HISEQ1:19:H8VDAADXX:1:1215:2731:71511	HG002_chr1.633402.634418|HISEQ1:19:H8VDAADXX:1:1215:2731:71511	148	8859.0	8997.0	best_hit_to_mtDNA
A	A	A	8867	HG002_all_regions	HG002_chr1.633402.634418|HISEQ1:19:H8VDAADXX:1:1215:2731:71511	HG002_chr1.633402.634418|HISEQ1:19:H8VDAADXX:1:1215:2731:71511	148	8859.0	8997.0	best_hit_to_mtDNA
G	G	G	8868	HG002_all_regions	HG002_chr1.633402.634418|HISEQ1:19:H8VDAADXX:1:1215:2731:71511	HG002_chr1.633402.634418|HISEQ1:19:H8VDAADXX:1:1215:2731:71511	148	8859.0	8997.0	best_hit_to_mtDNA
T	T	T	8869	HG002_all_regions	HG002_chr1.633402.634418|HISEQ1:19:H8VDAADXX:1:1215:2731:71511	HG002_chr1.633402.634418|HISEQ1:19:H8VDAADXX:1:1215:2731:71511	148	8859.0	8997.0	best_hit_to_mtDNA
G	A	G	8870	HG002_all_regions	HG002_chr1.633402.634418|HISEQ1:19:H8VDAADXX:1:1215:2731:71511	HG002_chr1.633402.634418|HISEQ1:19:H8VDAADXX:1:1215:2731:71511	148	8859.0	8997.0	best_hit_to_mtDNA
A	G	A	8871	HG002_all_regions	HG002_chr1.633402.634418|HISEQ1:19:H8VDAADXX:1:1215:2731:71511	HG002_chr1.633402.634418|HISEQ1:19:H8VDAADXX:1:1215:2731:71511	148	8859.0	8997.0	best_hit_to_mtDNA
T	T	T	8872	HG002_all_regions	HG002_chr1.633402.634418|HISEQ1:19:H8VDAADXX:1:1215:2731:71511	HG002_chr1.633402.634418|HISEQ1:19:H8VDAADXX:1:1215:2731:71511	148	8859.0	8997.0	best_hit_to_mtDNA
T	C	T	8873	HG002_all_regions	HG002_chr1.633402.634418|HISEQ1:19:H8VDAADXX:1:1215:2731:71511	HG002_chr1.633402.634418|HISEQ1:19:H8VDAADXX:1:1215:2731:71511	148	8859.0	8997.0	best_hit_to_mtDNA
A	A	A	8874	HG002_all_regions	HG002_chr1.633402.634418|HISEQ1:19:H8VDAADXX:1:1215:2731:71511	HG002_chr1.633402.634418|HISEQ1:19:H8VDAADXX:1:1215:2731:71511	148	8859.0	8997.0	best_hit_to_mtDNA
T	T	T	8875	HG002_all_regions	HG002_chr1.633402.634418|HISEQ1:19:H8VDAADXX:1:1215:2731:71511	HG002_chr1.633402.634418|HISEQ1:19:H8VDAADXX:1:1215:2731:71511	148	8859.0	8997.0	best_hit_to_mtDNA
A	A	A	8876	HG002_all_regions	HG002_chr1.633402.634418|HISEQ1:19:H8VDAADXX:1:1215:2731:71511	HG002_chr1.633402.634418|HISEQ1:19:H8VDAADXX:1:1215:2731:71511	148	8859.0	8997.0	best_hit_to_mtDNA
G	G	G	8877	HG002_all_regions	HG002_chr1.633402.634418|HISEQ1:19:H8VDAADXX:1:1215:2731:71511	HG002_chr1.633402.634418|HISEQ1:19:H8VDAADXX:1:1215:2731:71511	148	8859.0	8997.0	best_hit_to_mtDNA
G	G	G	8878	HG002_all_regions	HG002_chr1.633402.634418|HISEQ1:19:H8VDAADXX:1:1215:2731:71511	HG002_chr1.633402.634418|HISEQ1:19:H8VDAADXX:1:1215:2731:71511	148	8859.0	8997.0	best_hit_to_mtDNA
C	C	C	8879	HG002_all_regions	HG002_chr1.633402.634418|HISEQ1:19:H8VDAADXX:1:1215:2731:71511	HG002_chr1.633402.634418|HISEQ1:19:H8VDAADXX:1:1215:2731:71511	148	8859.0	8997.0	best_hit_to_mtDNA
T	T	T	8880	HG002_all_regions	HG002_chr1.633402.634418|HISEQ1:19:H8VDAADXX:1:1215:2731:71511	HG002_chr1.633402.634418|HISEQ1:19:H8VDAADXX:1:1215:2731:71511	148	8859.0	8997.0	best_hit_to_mtDNA
T	T	T	8881	HG002_all_regions	HG002_chr1.633402.634418|HISEQ1:19:H8VDAADXX:1:1215:2731:71511	HG002_chr1.633402.634418|HISEQ1:19:H8VDAADXX:1:1215:2731:71511	148	8859.0	8997.0	best_hit_to_mtDNA
T	T	T	8882	HG002_all_regions	HG002_chr1.633402.634418|HISEQ1:19:H8VDAADXX:1:1215:2731:71511	HG002_chr1.633402.634418|HISEQ1:19:H8VDAADXX:1:1215:2731:71511	148	8859.0	8997.0	best_hit_to_mtDNA
C	C	C	8883	HG002_all_regions	HG002_chr1.633402.634418|HISEQ1:19:H8VDAADXX:1:1215:2731:71511	HG002_chr1.633402.634418|HISEQ1:19:H8VDAADXX:1:1215:2731:71511	148	8859.0	8997.0	best_hit_to_mtDNA
G	G	G	8884	HG002_all_regions	HG002_chr1.633402.634418|HISEQ1:19:H8VDAADXX:1:1215:2731:71511	HG002_chr1.633402.634418|HISEQ1:19:H8VDAADXX:1:1215:2731:71511	148	8859.0	8997.0	best_hit_to_mtDNA
C	C	C	8885	HG002_all_regions	HG002_chr1.633402.634418|HISEQ1:19:H8VDAADXX:1:1215:2731:71511	HG002_chr1.633402.634418|HISEQ1:19:H8VDAADXX:1:1215:2731:71511	148	8859.0	8997.0	best_hit_to_mtDNA
T	T	T	8886	HG002_all_regions	HG002_chr1.633402.634418|HISEQ1:19:H8VDAADXX:1:1215:2731:71511	HG002_chr1.633402.634418|HISEQ1:19:H8VDAADXX:1:1215:2731:71511	148	8859.0	8997.0	best_hit_to_mtDNA
C	T	C	8887	HG002_all_regions	HG002_chr1.633402.634418|HISEQ1:19:H8VDAADXX:1:1215:2731:71511	HG002_chr1.633402.634418|HISEQ1:19:H8VDAADXX:1:1215:2731:71511	148	8859.0	8997.0	best_hit_to_mtDNA
T	T	T	8888	HG002_all_regions	HG002_chr1.633402.634418|HISEQ1:19:H8VDAADXX:1:1215:2731:71511	HG002_chr1.633402.634418|HISEQ1:19:H8VDAADXX:1:1215:2731:71511	148	8859.0	8997.0	best_hit_to_mtDNA
A	A	A	8889	HG002_all_regions	HG002_chr1.633402.634418|HISEQ1:19:H8VDAADXX:1:1215:2731:71511	HG002_chr1.633402.634418|HISEQ1:19:H8VDAADXX:1:1215:2731:71511	148	8859.0	8997.0	best_hit_to_mtDNA
A	A	A	8890	HG002_all_regions	HG002_chr1.633402.634418|HISEQ1:19:H8VDAADXX:1:1215:2731:71511	HG002_chr1.633402.634418|HISEQ1:19:H8VDAADXX:1:1215:2731:71511	148	8859.0	8997.0	best_hit_to_mtDNA
G	G	G	8891	HG002_all_regions	HG002_chr1.633402.634418|HISEQ1:19:H8VDAADXX:1:1215:2731:71511	HG002_chr1.633402.634418|HISEQ1:19:H8VDAADXX:1:1215:2731:71511	148	8859.0	8997.0	best_hit_to_mtDNA
A	A	A	8892	HG002_all_regions	HG002_chr1.633402.634418|HISEQ1:19:H8VDAADXX:1:1215:2731:71511	HG002_chr1.633402.634418|HISEQ1:19:H8VDAADXX:1:1215:2731:71511	148	8859.0	8997.0	best_hit_to_mtDNA
T	C	T	8893	HG002_all_regions	HG002_chr1.633402.634418|HISEQ1:19:H8VDAADXX:1:1215:2731:71511	HG002_chr1.633402.634418|HISEQ1:19:H8VDAADXX:1:1215:2731:71511	148	8859.0	8997.0	best_hit_to_mtDNA
T	T	T	8894	HG002_all_regions	HG002_chr1.633402.634418|HISEQ1:19:H8VDAADXX:1:1215:2731:71511	HG002_chr1.633402.634418|HISEQ1:19:H8VDAADXX:1:1215:2731:71511	148	8859.0	8997.0	best_hit_to_mtDNA
A	A	A	8895	HG002_all_regions	HG002_chr1.633402.634418|HISEQ1:19:H8VDAADXX:1:1215:2731:71511	HG002_chr1.633402.634418|HISEQ1:19:H8VDAADXX:1:1215:2731:71511	148	8859.0	8997.0	best_hit_to_mtDNA
A	A	A	8896	HG002_all_regions	HG002_chr1.633402.634418|HISEQ1:19:H8VDAADXX:1:1215:2731:71511	HG002_chr1.633402.634418|HISEQ1:19:H8VDAADXX:1:1215:2731:71511	148	8859.0	8997.0	best_hit_to_mtDNA
A	A	A	8897	HG002_all_regions	HG002_chr1.633402.634418|HISEQ1:19:H8VDAADXX:1:1215:2731:71511	HG002_chr1.633402.634418|HISEQ1:19:H8VDAADXX:1:1215:2731:71511	148	8859.0	8997.0	best_hit_to_mtDNA
A	A	A	8898	HG002_all_regions	HG002_chr1.633402.634418|HISEQ1:19:H8VDAADXX:1:1215:2731:71511	HG002_chr1.633402.634418|HISEQ1:19:H8VDAADXX:1:1215:2731:71511	148	8859.0	8997.0	best_hit_to_mtDNA
A	A	A	8899	HG002_all_regions	HG002_chr1.633402.634418|HISEQ1:19:H8VDAADXX:1:1215:2731:71511	HG002_chr1.633402.634418|HISEQ1:19:H8VDAADXX:1:1215:2731:71511	148	8859.0	8997.0	best_hit_to_mtDNA
T	T	T	8900	HG002_all_regions	HG002_chr1.633402.634418|HISEQ1:19:H8VDAADXX:1:1215:2731:71511	HG002_chr1.633402.634418|HISEQ1:19:H8VDAADXX:1:1215:2731:71511	148	8859.0	8997.0	best_hit_to_mtDNA
G	G	G	8901	HG002_all_regions	HG002_chr1.633402.634418|HISEQ1:19:H8VDAADXX:1:1215:2731:71511	HG002_chr1.633402.634418|HISEQ1:19:H8VDAADXX:1:1215:2731:71511	148	8859.0	8997.0	best_hit_to_mtDNA
C	C	C	8902	HG002_all_regions	HG002_chr1.633402.634418|HISEQ1:19:H8VDAADXX:1:1215:2731:71511	HG002_chr1.633402.634418|HISEQ1:19:H8VDAADXX:1:1215:2731:71511	148	8859.0	8997.0	best_hit_to_mtDNA
C	C	C	8903	HG002_all_regions	HG002_chr1.633402.634418|HISEQ1:19:H8VDAADXX:1:1215:2731:71511	HG002_chr1.633402.634418|HISEQ1:19:H8VDAADXX:1:1215:2731:71511	148	8859.0	8997.0	best_hit_to_mtDNA
C	C	C	8904	HG002_all_regions	HG002_chr1.633402.634418|HISEQ1:19:H8VDAADXX:1:1215:2731:71511	HG002_chr1.633402.634418|HISEQ1:19:H8VDAADXX:1:1215:2731:71511	148	8859.0	8997.0	best_hit_to_mtDNA
T	T	T	8905	HG002_all_regions	HG002_chr1.633402.634418|HISEQ1:19:H8VDAADXX:1:1215:2731:71511	HG002_chr1.633402.634418|HISEQ1:19:H8VDAADXX:1:1215:2731:71511	148	8859.0	8997.0	best_hit_to_mtDNA
A	A	A	8906	HG002_all_regions	HG002_chr1.633402.634418|HISEQ1:19:H8VDAADXX:1:1215:2731:71511	HG002_chr1.633402.634418|HISEQ1:19:H8VDAADXX:1:1215:2731:71511	148	8859.0	8997.0	best_hit_to_mtDNA
G	G	G	8907	HG002_all_regions	HG002_chr1.633402.634418|HISEQ1:19:H8VDAADXX:1:1215:2731:71511	HG002_chr1.633402.634418|HISEQ1:19:H8VDAADXX:1:1215:2731:71511	148	8859.0	8997.0	best_hit_to_mtDNA
C	C	C	8908	HG002_all_regions	HG002_chr1.633402.634418|HISEQ1:19:H8VDAADXX:1:1215:2731:71511	HG002_chr1.633402.634418|HISEQ1:19:H8VDAADXX:1:1215:2731:71511	148	8859.0	8997.0	best_hit_to_mtDNA
C	C	C	8909	HG002_all_regions	HG002_chr1.633402.634418|HISEQ1:19:H8VDAADXX:1:1215:2731:71511	HG002_chr1.633402.634418|HISEQ1:19:H8VDAADXX:1:1215:2731:71511	148	8859.0	8997.0	best_hit_to_mtDNA
C	C	C	8910	HG002_all_regions	HG002_chr1.633402.634418|HISEQ1:19:H8VDAADXX:1:1215:2731:71511	HG002_chr1.633402.634418|HISEQ1:19:H8VDAADXX:1:1215:2731:71511	148	8859.0	8997.0	best_hit_to_mtDNA
A	A	T	8911	HG002_all_regions	HG002_chr1.633402.634418|HISEQ1:19:H8VDAADXX:1:1215:2731:71511	HG002_chr1.633402.634418|HISEQ1:19:H8VDAADXX:1:1215:2731:71511	148	8859.0	8997.0	best_hit_to_mtDNA
C	C	C	8912	HG002_all_regions	HG002_chr1.633402.634418|HISEQ1:19:H8VDAADXX:1:1215:2731:71511	HG002_chr1.633402.634418|HISEQ1:19:H8VDAADXX:1:1215:2731:71511	148	8859.0	8997.0	best_hit_to_mtDNA
T	T	T	8913	HG002_all_regions	HG002_chr1.633402.634418|HISEQ1:19:H8VDAADXX:1:1215:2731:71511	HG002_chr1.633402.634418|HISEQ1:19:H8VDAADXX:1:1215:2731:71511	148	8859.0	8997.0	best_hit_to_mtDNA
T	T	T	8914	HG002_all_regions	HG002_chr1.633402.634418|HISEQ1:19:H8VDAADXX:1:1215:2731:71511	HG002_chr1.633402.634418|HISEQ1:19:H8VDAADXX:1:1215:2731:71511	148	8859.0	8997.0	best_hit_to_mtDNA
C	C	C	8915	HG002_all_regions	HG002_chr1.633402.634418|HISEQ1:19:H8VDAADXX:1:1215:2731:71511	HG002_chr1.633402.634418|HISEQ1:19:H8VDAADXX:1:1215:2731:71511	148	8859.0	8997.0	best_hit_to_mtDNA
T	T	T	8916	HG002_all_regions	HG002_chr1.633402.634418|HISEQ1:19:H8VDAADXX:1:1215:2731:71511	HG002_chr1.633402.634418|HISEQ1:19:H8VDAADXX:1:1215:2731:71511	148	8859.0	8997.0	best_hit_to_mtDNA
T	T	T	8917	HG002_all_regions	HG002_chr1.633402.634418|HISEQ1:19:H8VDAADXX:1:1215:2731:71511	HG002_chr1.633402.634418|HISEQ1:19:H8VDAADXX:1:1215:2731:71511	148	8859.0	8997.0	best_hit_to_mtDNA
A	A	A	8918	HG002_all_regions	HG002_chr1.633402.634418|HISEQ1:19:H8VDAADXX:1:1215:2731:71511	HG002_chr1.633402.634418|HISEQ1:19:H8VDAADXX:1:1215:2731:71511	148	8859.0	8997.0	best_hit_to_mtDNA
C	C	C	8919	HG002_all_regions	HG002_chr1.633402.634418|HISEQ1:19:H8VDAADXX:1:1215:2731:71511	HG002_chr1.633402.634418|HISEQ1:19:H8VDAADXX:1:1215:2731:71511	148	8859.0	8997.0	best_hit_to_mtDNA
C	C	C	8920	HG002_all_regions	HG002_chr1.633402.634418|HISEQ1:19:H8VDAADXX:1:1215:2731:71511	HG002_chr1.633402.634418|HISEQ1:19:H8VDAADXX:1:1215:2731:71511	148	8859.0	8997.0	best_hit_to_mtDNA
A	G	A	8921	HG002_all_regions	HG002_chr1.633402.634418|HISEQ1:19:H8VDAADXX:1:1215:2731:71511	HG002_chr1.633402.634418|HISEQ1:19:H8VDAADXX:1:1215:2731:71511	148	8859.0	8997.0	best_hit_to_mtDNA
C	C	C	8922	HG002_all_regions	HG002_chr1.633402.634418|HISEQ1:19:H8VDAADXX:1:1215:2731:71511	HG002_chr1.633402.634418|HISEQ1:19:H8VDAADXX:1:1215:2731:71511	148	8859.0	8997.0	best_hit_to_mtDNA
A	A	A	8923	HG002_all_regions	HG002_chr1.633402.634418|HISEQ1:19:H8VDAADXX:1:1215:2731:71511	HG002_chr1.633402.634418|HISEQ1:19:H8VDAADXX:1:1215:2731:71511	148	8859.0	8997.0	best_hit_to_mtDNA
A	A	A	8924	HG002_all_regions	HG002_chr1.633402.634418|HISEQ1:19:H8VDAADXX:1:1215:2731:71511	HG002_chr1.633402.634418|HISEQ1:19:H8VDAADXX:1:1215:2731:71511	148	8859.0	8997.0	best_hit_to_mtDNA
G	G	G	8925	HG002_all_regions	HG002_chr1.633402.634418|HISEQ1:19:H8VDAADXX:1:1215:2731:71511	HG002_chr1.633402.634418|HISEQ1:19:H8VDAADXX:1:1215:2731:71511	148	8859.0	8997.0	best_hit_to_mtDNA
G	G	G	8926	HG002_all_regions	HG002_chr1.633402.634418|HISEQ1:19:H8VDAADXX:1:1215:2731:71511	HG002_chr1.633402.634418|HISEQ1:19:H8VDAADXX:1:1215:2731:71511	148	8859.0	8997.0	best_hit_to_mtDNA
C	C	C	8927	HG002_all_regions	HG002_chr1.633402.634418|HISEQ1:19:H8VDAADXX:1:1215:2731:71511	HG002_chr1.633402.634418|HISEQ1:19:H8VDAADXX:1:1215:2731:71511	148	8859.0	8997.0	best_hit_to_mtDNA
A	A	A	8928	HG002_all_regions	HG002_chr1.633402.634418|HISEQ1:19:H8VDAADXX:1:1215:2731:71511	HG002_chr1.633402.634418|HISEQ1:19:H8VDAADXX:1:1215:2731:71511	148	8859.0	8997.0	best_hit_to_mtDNA
C	C	C	8929	HG002_all_regions	HG002_chr1.633402.634418|HISEQ1:19:H8VDAADXX:1:1215:2731:71511	HG002_chr1.633402.634418|HISEQ1:19:H8VDAADXX:1:1215:2731:71511	148	8859.0	8997.0	best_hit_to_mtDNA
A	A	A	8930	HG002_all_regions	HG002_chr1.633402.634418|HISEQ1:19:H8VDAADXX:1:1215:2731:71511	HG002_chr1.633402.634418|HISEQ1:19:H8VDAADXX:1:1215:2731:71511	148	8859.0	8997.0	best_hit_to_mtDNA
C	C	C	8931	HG002_all_regions	HG002_chr1.633402.634418|HISEQ1:19:H8VDAADXX:1:1215:2731:71511	HG002_chr1.633402.634418|HISEQ1:19:H8VDAADXX:1:1215:2731:71511	148	8859.0	8997.0	best_hit_to_mtDNA
C	C	C	8932	HG002_all_regions	HG002_chr1.633402.634418|HISEQ1:19:H8VDAADXX:1:1215:2731:71511	HG002_chr1.633402.634418|HISEQ1:19:H8VDAADXX:1:1215:2731:71511	148	8859.0	8997.0	best_hit_to_mtDNA
T	T	T	8933	HG002_all_regions	HG002_chr1.633402.634418|HISEQ1:19:H8VDAADXX:1:1215:2731:71511	HG002_chr1.633402.634418|HISEQ1:19:H8VDAADXX:1:1215:2731:71511	148	8859.0	8997.0	best_hit_to_mtDNA
A	A	A	8934	HG002_all_regions	HG002_chr1.633402.634418|HISEQ1:19:H8VDAADXX:1:1215:2731:71511	HG002_chr1.633402.634418|HISEQ1:19:H8VDAADXX:1:1215:2731:71511	148	8859.0	8997.0	best_hit_to_mtDNA
C	C	C	8935	HG002_all_regions	HG002_chr1.633402.634418|HISEQ1:19:H8VDAADXX:1:1215:2731:71511	HG002_chr1.633402.634418|HISEQ1:19:H8VDAADXX:1:1215:2731:71511	148	8859.0	8997.0	best_hit_to_mtDNA
A	A	A	8936	HG002_all_regions	HG002_chr1.633402.634418|HISEQ1:19:H8VDAADXX:1:1215:2731:71511	HG002_chr1.633402.634418|HISEQ1:19:H8VDAADXX:1:1215:2731:71511	148	8859.0	8997.0	best_hit_to_mtDNA
C	C	C	8937	HG002_all_regions	HG002_chr1.633402.634418|HISEQ1:19:H8VDAADXX:1:1215:2731:71511	HG002_chr1.633402.634418|HISEQ1:19:H8VDAADXX:1:1215:2731:71511	148	8859.0	8997.0	best_hit_to_mtDNA
C	C	C	8938	HG002_all_regions	HG002_chr1.633402.634418|HISEQ1:19:H8VDAADXX:1:1215:2731:71511	HG002_chr1.633402.634418|HISEQ1:19:H8VDAADXX:1:1215:2731:71511	148	8859.0	8997.0	best_hit_to_mtDNA
C	C	C	8939	HG002_all_regions	HG002_chr1.633402.634418|HISEQ1:19:H8VDAADXX:1:1215:2731:71511	HG002_chr1.633402.634418|HISEQ1:19:H8VDAADXX:1:1215:2731:71511	148	8859.0	8997.0	best_hit_to_mtDNA
C	C	C	8940	HG002_all_regions	HG002_chr1.633402.634418|HISEQ1:19:H8VDAADXX:1:1215:2731:71511	HG002_chr1.633402.634418|HISEQ1:19:H8VDAADXX:1:1215:2731:71511	148	8859.0	8997.0	best_hit_to_mtDNA
T	T	T	8941	HG002_all_regions	HG002_chr1.633402.634418|HISEQ1:19:H8VDAADXX:1:1215:2731:71511	HG002_chr1.633402.634418|HISEQ1:19:H8VDAADXX:1:1215:2731:71511	148	8859.0	8997.0	best_hit_to_mtDNA
T	T	T	8942	HG002_all_regions	HG002_chr1.633402.634418|HISEQ1:19:H8VDAADXX:1:1215:2731:71511	HG002_chr1.633402.634418|HISEQ1:19:H8VDAADXX:1:1215:2731:71511	148	8859.0	8997.0	best_hit_to_mtDNA
A	A	A	8943	HG002_all_regions	HG002_chr1.633402.634418|HISEQ1:19:H8VDAADXX:1:1215:2731:71511	HG002_chr1.633402.634418|HISEQ1:19:H8VDAADXX:1:1215:2731:71511	148	8859.0	8997.0	best_hit_to_mtDNA
T	T	T	8944	HG002_all_regions	HG002_chr1.633402.634418|HISEQ1:19:H8VDAADXX:1:1215:2731:71511	HG002_chr1.633402.634418|HISEQ1:19:H8VDAADXX:1:1215:2731:71511	148	8859.0	8997.0	best_hit_to_mtDNA
C	C	C	8945	HG002_all_regions	HG002_chr1.633402.634418|HISEQ1:19:H8VDAADXX:1:1215:2731:71511	HG002_chr1.633402.634418|HISEQ1:19:H8VDAADXX:1:1215:2731:71511	148	8859.0	8997.0	best_hit_to_mtDNA
C	C	C	8946	HG002_all_regions	HG002_chr1.633402.634418|HISEQ1:19:H8VDAADXX:1:1215:2731:71511	HG002_chr1.633402.634418|HISEQ1:19:H8VDAADXX:1:1215:2731:71511	148	8859.0	8997.0	best_hit_to_mtDNA
C	C	C	8947	HG002_all_regions	HG002_chr1.633402.634418|HISEQ1:19:H8VDAADXX:1:1215:2731:71511	HG002_chr1.633402.634418|HISEQ1:19:H8VDAADXX:1:1215:2731:71511	148	8859.0	8997.0	best_hit_to_mtDNA
C	C	C	8948	HG002_all_regions	HG002_chr1.633402.634418|HISEQ1:19:H8VDAADXX:1:1215:2731:71511	HG002_chr1.633402.634418|HISEQ1:19:H8VDAADXX:1:1215:2731:71511	148	8859.0	8997.0	best_hit_to_mtDNA
A	A	A	8949	HG002_all_regions	HG002_chr1.633402.634418|HISEQ1:19:H8VDAADXX:1:1215:2731:71511	HG002_chr1.633402.634418|HISEQ1:19:H8VDAADXX:1:1215:2731:71511	148	8859.0	8997.0	best_hit_to_mtDNA
T	T	T	8950	HG002_all_regions	HG002_chr1.633402.634418|HISEQ1:19:H8VDAADXX:1:1215:2731:71511	HG002_chr1.633402.634418|HISEQ1:19:H8VDAADXX:1:1215:2731:71511	148	8859.0	8997.0	best_hit_to_mtDNA
A	A	A	8951	HG002_all_regions	HG002_chr1.633402.634418|HISEQ1:19:H8VDAADXX:1:1215:2731:71511	HG002_chr1.633402.634418|HISEQ1:19:H8VDAADXX:1:1215:2731:71511	148	8859.0	8997.0	best_hit_to_mtDNA
C	C	C	8952	HG002_all_regions	HG002_chr1.633402.634418|HISEQ1:19:H8VDAADXX:1:1215:2731:71511	HG002_chr1.633402.634418|HISEQ1:19:H8VDAADXX:1:1215:2731:71511	148	8859.0	8997.0	best_hit_to_mtDNA
T	T	T	8953	HG002_all_regions	HG002_chr1.633402.634418|HISEQ1:19:H8VDAADXX:1:1215:2731:71511	HG002_chr1.633402.634418|HISEQ1:19:H8VDAADXX:1:1215:2731:71511	148	8859.0	8997.0	best_hit_to_mtDNA
A	A	A	8954	HG002_all_regions	HG002_chr1.633402.634418|HISEQ1:19:H8VDAADXX:1:1215:2731:71511	HG002_chr1.633402.634418|HISEQ1:19:H8VDAADXX:1:1215:2731:71511	148	8859.0	8997.0	best_hit_to_mtDNA
G	G	G	8955	HG002_all_regions	HG002_chr1.633402.634418|HISEQ1:19:H8VDAADXX:1:1215:2731:71511	HG002_chr1.633402.634418|HISEQ1:19:H8VDAADXX:1:1215:2731:71511	148	8859.0	8997.0	best_hit_to_mtDNA
T	T	T	8956	HG002_all_regions	HG002_chr1.633402.634418|HISEQ1:19:H8VDAADXX:1:1215:2731:71511	HG002_chr1.633402.634418|HISEQ1:19:H8VDAADXX:1:1215:2731:71511	148	8859.0	8997.0	best_hit_to_mtDNA
T	T	T	8957	HG002_all_regions	HG002_chr1.633402.634418|HISEQ1:19:H8VDAADXX:1:1215:2731:71511	HG002_chr1.633402.634418|HISEQ1:19:H8VDAADXX:1:1215:2731:71511	148	8859.0	8997.0	best_hit_to_mtDNA
A	A	A	8958	HG002_all_regions	HG002_chr1.633402.634418|HISEQ1:19:H8VDAADXX:1:1215:2731:71511	HG002_chr1.633402.634418|HISEQ1:19:H8VDAADXX:1:1215:2731:71511	148	8859.0	8997.0	best_hit_to_mtDNA
T	T	T	8959	HG002_all_regions	HG002_chr1.633402.634418|HISEQ1:19:H8VDAADXX:1:1215:2731:71511	HG002_chr1.633402.634418|HISEQ1:19:H8VDAADXX:1:1215:2731:71511	148	8859.0	8997.0	best_hit_to_mtDNA
T	C	T	8960	HG002_all_regions	HG002_chr1.633402.634418|HISEQ1:19:H8VDAADXX:1:1215:2731:71511	HG002_chr1.633402.634418|HISEQ1:19:H8VDAADXX:1:1215:2731:71511	148	8859.0	8997.0	best_hit_to_mtDNA
A	A	A	8961	HG002_all_regions	HG002_chr1.633402.634418|HISEQ1:19:H8VDAADXX:1:1215:2731:71511	HG002_chr1.633402.634418|HISEQ1:19:H8VDAADXX:1:1215:2731:71511	148	8859.0	8997.0	best_hit_to_mtDNA
T	T	T	8962	HG002_all_regions	HG002_chr1.633402.634418|HISEQ1:19:H8VDAADXX:1:1215:2731:71511	HG002_chr1.633402.634418|HISEQ1:19:H8VDAADXX:1:1215:2731:71511	148	8859.0	8997.0	best_hit_to_mtDNA
C	C	C	8963	HG002_all_regions	HG002_chr1.633402.634418|HISEQ1:19:H8VDAADXX:1:1215:2731:71511	HG002_chr1.633402.634418|HISEQ1:19:H8VDAADXX:1:1215:2731:71511	148	8859.0	8997.0	best_hit_to_mtDNA
G	G	G	8964	HG002_all_regions	HG002_chr1.633402.634418|HISEQ1:19:H8VDAADXX:1:1215:2731:71511	HG002_chr1.633402.634418|HISEQ1:19:H8VDAADXX:1:1215:2731:71511	148	8859.0	8997.0	best_hit_to_mtDNA
A	A	A	8965	HG002_all_regions	HG002_chr1.633402.634418|HISEQ1:19:H8VDAADXX:1:1215:2731:71511	HG002_chr1.633402.634418|HISEQ1:19:H8VDAADXX:1:1215:2731:71511	148	8859.0	8997.0	best_hit_to_mtDNA
A	A	A	8966	HG002_all_regions	HG002_chr1.633402.634418|HISEQ1:19:H8VDAADXX:1:1215:2731:71511	HG002_chr1.633402.634418|HISEQ1:19:H8VDAADXX:1:1215:2731:71511	148	8859.0	8997.0	best_hit_to_mtDNA
A	A	A	8967	HG002_all_regions	HG002_chr1.633402.634418|HISEQ1:19:H8VDAADXX:1:1215:2731:71511	HG002_chr1.633402.634418|HISEQ1:19:H8VDAADXX:1:1215:2731:71511	148	8859.0	8997.0	best_hit_to_mtDNA
C	C	C	8968	HG002_all_regions	HG002_chr1.633402.634418|HISEQ1:19:H8VDAADXX:1:1215:2731:71511	HG002_chr1.633402.634418|HISEQ1:19:H8VDAADXX:1:1215:2731:71511	148	8859.0	8997.0	best_hit_to_mtDNA
C	T	C	8969	HG002_all_regions	HG002_chr1.633402.634418|HISEQ1:19:H8VDAADXX:1:1215:2731:71511	HG002_chr1.633402.634418|HISEQ1:19:H8VDAADXX:1:1215:2731:71511	148	8859.0	8997.0	best_hit_to_mtDNA
A	A	A	8970	HG002_all_regions	HG002_chr1.633402.634418|HISEQ1:19:H8VDAADXX:1:1215:2731:71511	HG002_chr1.633402.634418|HISEQ1:19:H8VDAADXX:1:1215:2731:71511	148	8859.0	8997.0	best_hit_to_mtDNA
T	T	T	8971	HG002_all_regions	HG002_chr1.633402.634418|HISEQ1:19:H8VDAADXX:1:1215:2731:71511	HG002_chr1.633402.634418|HISEQ1:19:H8VDAADXX:1:1215:2731:71511	148	8859.0	8997.0	best_hit_to_mtDNA
C	T	C	8972	HG002_all_regions	HG002_chr1.633402.634418|HISEQ1:19:H8VDAADXX:1:1215:2731:71511	HG002_chr1.633402.634418|HISEQ1:19:H8VDAADXX:1:1215:2731:71511	148	8859.0	8997.0	best_hit_to_mtDNA
A	A	A	8973	HG002_all_regions	HG002_chr1.633402.634418|HISEQ1:19:H8VDAADXX:1:1215:2731:71511	HG002_chr1.633402.634418|HISEQ1:19:H8VDAADXX:1:1215:2731:71511	148	8859.0	8997.0	best_hit_to_mtDNA
G	G	G	8974	HG002_all_regions	HG002_chr1.633402.634418|HISEQ1:19:H8VDAADXX:1:1215:2731:71511	HG002_chr1.633402.634418|HISEQ1:19:H8VDAADXX:1:1215:2731:71511	148	8859.0	8997.0	best_hit_to_mtDNA
C	C	C	8975	HG002_all_regions	HG002_chr1.633402.634418|HISEQ1:19:H8VDAADXX:1:1215:2731:71511	HG002_chr1.633402.634418|HISEQ1:19:H8VDAADXX:1:1215:2731:71511	148	8859.0	8997.0	best_hit_to_mtDNA
C	C	C	8976	HG002_all_regions	HG002_chr1.633402.634418|HISEQ1:19:H8VDAADXX:1:1215:2731:71511	HG002_chr1.633402.634418|HISEQ1:19:H8VDAADXX:1:1215:2731:71511	148	8859.0	8997.0	best_hit_to_mtDNA
T	T	T	8977	HG002_all_regions	HG002_chr1.633402.634418|HISEQ1:19:H8VDAADXX:1:1215:2731:71511	HG002_chr1.633402.634418|HISEQ1:19:H8VDAADXX:1:1215:2731:71511	148	8859.0	8997.0	best_hit_to_mtDNA
A	A	A	8978	HG002_all_regions	HG002_chr1.633402.634418|HISEQ1:19:H8VDAADXX:1:1215:2731:71511	HG002_chr1.633402.634418|HISEQ1:19:H8VDAADXX:1:1215:2731:71511	148	8859.0	8997.0	best_hit_to_mtDNA
C	C	C	8979	HG002_all_regions	HG002_chr1.633402.634418|HISEQ1:19:H8VDAADXX:1:1215:2731:71511	HG002_chr1.633402.634418|HISEQ1:19:H8VDAADXX:1:1215:2731:71511	148	8859.0	8997.0	best_hit_to_mtDNA
T	T	T	8980	HG002_all_regions	HG002_chr1.633402.634418|HISEQ1:19:H8VDAADXX:1:1215:2731:71511	HG002_chr1.633402.634418|HISEQ1:19:H8VDAADXX:1:1215:2731:71511	148	8859.0	8997.0	best_hit_to_mtDNA
C	C	C	8981	HG002_all_regions	HG002_chr1.633402.634418|HISEQ1:19:H8VDAADXX:1:1215:2731:71511	HG002_chr1.633402.634418|HISEQ1:19:H8VDAADXX:1:1215:2731:71511	148	8859.0	8997.0	best_hit_to_mtDNA
A	A	A	8982	HG002_all_regions	HG002_chr1.633402.634418|HISEQ1:19:H8VDAADXX:1:1215:2731:71511	HG002_chr1.633402.634418|HISEQ1:19:H8VDAADXX:1:1215:2731:71511	148	8859.0	8997.0	best_hit_to_mtDNA
T	T	T	8983	HG002_all_regions	HG002_chr1.633402.634418|HISEQ1:19:H8VDAADXX:1:1215:2731:71511	HG002_chr1.633402.634418|HISEQ1:19:H8VDAADXX:1:1215:2731:71511	148	8859.0	8997.0	best_hit_to_mtDNA
T	T	T	8984	HG002_all_regions	HG002_chr1.633402.634418|HISEQ1:19:H8VDAADXX:1:1215:2731:71511	HG002_chr1.633402.634418|HISEQ1:19:H8VDAADXX:1:1215:2731:71511	148	8859.0	8997.0	best_hit_to_mtDNA
C	C	C	8985	HG002_all_regions	HG002_chr1.633402.634418|HISEQ1:19:H8VDAADXX:1:1215:2731:71511	HG002_chr1.633402.634418|HISEQ1:19:H8VDAADXX:1:1215:2731:71511	148	8859.0	8997.0	best_hit_to_mtDNA
A	A	A	8986	HG002_all_regions	HG002_chr1.633402.634418|HISEQ1:19:H8VDAADXX:1:1215:2731:71511	HG002_chr1.633402.634418|HISEQ1:19:H8VDAADXX:1:1215:2731:71511	148	8859.0	8997.0	best_hit_to_mtDNA
A	A	A	8987	HG002_all_regions	HG002_chr1.633402.634418|HISEQ1:19:H8VDAADXX:1:1215:2731:71511	HG002_chr1.633402.634418|HISEQ1:19:H8VDAADXX:1:1215:2731:71511	148	8859.0	8997.0	best_hit_to_mtDNA
C	C	C	8988	HG002_all_regions	HG002_chr1.633402.634418|HISEQ1:19:H8VDAADXX:1:1215:2731:71511	HG002_chr1.633402.634418|HISEQ1:19:H8VDAADXX:1:1215:2731:71511	148	8859.0	8997.0	best_hit_to_mtDNA
C	C	C	8989	HG002_all_regions	HG002_chr1.633402.634418|HISEQ1:19:H8VDAADXX:1:1215:2731:71511	HG002_chr1.633402.634418|HISEQ1:19:H8VDAADXX:1:1215:2731:71511	148	8859.0	8997.0	best_hit_to_mtDNA
A	A	A	8990	HG002_all_regions	HG002_chr1.633402.634418|HISEQ1:19:H8VDAADXX:1:1215:2731:71511	HG002_chr1.633402.634418|HISEQ1:19:H8VDAADXX:1:1215:2731:71511	148	8859.0	8997.0	best_hit_to_mtDNA
A	A	A	8991	HG002_all_regions	HG002_chr1.633402.634418|HISEQ1:19:H8VDAADXX:1:1215:2731:71511	HG002_chr1.633402.634418|HISEQ1:19:H8VDAADXX:1:1215:2731:71511	148	8859.0	8997.0	best_hit_to_mtDNA
T	T	T	8992	HG002_all_regions	HG002_chr1.633402.634418|HISEQ1:19:H8VDAADXX:1:1215:2731:71511	HG002_chr1.633402.634418|HISEQ1:19:H8VDAADXX:1:1215:2731:71511	148	8859.0	8997.0	best_hit_to_mtDNA
A	A	A	8993	HG002_all_regions	HG002_chr1.633402.634418|HISEQ1:19:H8VDAADXX:1:1215:2731:71511	HG002_chr1.633402.634418|HISEQ1:19:H8VDAADXX:1:1215:2731:71511	148	8859.0	8997.0	best_hit_to_mtDNA
G	G	G	8994	HG002_all_regions	HG002_chr1.633402.634418|HISEQ1:19:H8VDAADXX:1:1215:2731:71511	HG002_chr1.633402.634418|HISEQ1:19:H8VDAADXX:1:1215:2731:71511	148	8859.0	8997.0	best_hit_to_mtDNA
C	C	C	8995	HG002_all_regions	HG002_chr1.633402.634418|HISEQ1:19:H8VDAADXX:1:1215:2731:71511	HG002_chr1.633402.634418|HISEQ1:19:H8VDAADXX:1:1215:2731:71511	148	8859.0	8997.0	best_hit_to_mtDNA
C	C	C	8996	HG002_all_regions	HG002_chr1.633402.634418|HISEQ1:19:H8VDAADXX:1:1215:2731:71511	HG002_chr1.633402.634418|HISEQ1:19:H8VDAADXX:1:1215:2731:71511	148	8859.0	8997.0	best_hit_to_mtDNA
T	T	T	9184	HG002_all_regions	HG002_chr1.633402.634418|HISEQ1:18:H8VC6ADXX:1:1113:3562:79280	HG002_chr1.633402.634418|HISEQ1:18:H8VC6ADXX:1:1113:3562:79280	148	9179.0	9326.0	best_hit_to_mtDNA
A	G	A	9185	HG002_all_regions	HG002_chr1.633402.634418|HISEQ1:18:H8VC6ADXX:1:1113:3562:79280	HG002_chr1.633402.634418|HISEQ1:18:H8VC6ADXX:1:1113:3562:79280	148	9179.0	9326.0	best_hit_to_mtDNA
A	A	A	9186	HG002_all_regions	HG002_chr1.633402.634418|HISEQ1:18:H8VC6ADXX:1:1113:3562:79280	HG002_chr1.633402.634418|HISEQ1:18:H8VC6ADXX:1:1113:3562:79280	148	9179.0	9326.0	best_hit_to_mtDNA
G	G	G	9187	HG002_all_regions	HG002_chr1.633402.634418|HISEQ1:18:H8VC6ADXX:1:1113:3562:79280	HG002_chr1.633402.634418|HISEQ1:18:H8VC6ADXX:1:1113:3562:79280	148	9179.0	9326.0	best_hit_to_mtDNA
C	C	C	9188	HG002_all_regions	HG002_chr1.633402.634418|HISEQ1:18:H8VC6ADXX:1:1113:3562:79280	HG002_chr1.633402.634418|HISEQ1:18:H8VC6ADXX:1:1113:3562:79280	148	9179.0	9326.0	best_hit_to_mtDNA
C	C	C	9189	HG002_all_regions	HG002_chr1.633402.634418|HISEQ1:18:H8VC6ADXX:1:1113:3562:79280	HG002_chr1.633402.634418|HISEQ1:18:H8VC6ADXX:1:1113:3562:79280	148	9179.0	9326.0	best_hit_to_mtDNA
T	T	T	9190	HG002_all_regions	HG002_chr1.633402.634418|HISEQ1:18:H8VC6ADXX:1:1113:3562:79280	HG002_chr1.633402.634418|HISEQ1:18:H8VC6ADXX:1:1113:3562:79280	148	9179.0	9326.0	best_hit_to_mtDNA
C	C	C	9191	HG002_all_regions	HG002_chr1.633402.634418|HISEQ1:18:H8VC6ADXX:1:1113:3562:79280	HG002_chr1.633402.634418|HISEQ1:18:H8VC6ADXX:1:1113:3562:79280	148	9179.0	9326.0	best_hit_to_mtDNA
T	T	T	9192	HG002_all_regions	HG002_chr1.633402.634418|HISEQ1:18:H8VC6ADXX:1:1113:3562:79280	HG002_chr1.633402.634418|HISEQ1:18:H8VC6ADXX:1:1113:3562:79280	148	9179.0	9326.0	best_hit_to_mtDNA
A	A	A	9193	HG002_all_regions	HG002_chr1.633402.634418|HISEQ1:18:H8VC6ADXX:1:1113:3562:79280	HG002_chr1.633402.634418|HISEQ1:18:H8VC6ADXX:1:1113:3562:79280	148	9179.0	9326.0	best_hit_to_mtDNA
C	C	C	9194	HG002_all_regions	HG002_chr1.633402.634418|HISEQ1:18:H8VC6ADXX:1:1113:3562:79280	HG002_chr1.633402.634418|HISEQ1:18:H8VC6ADXX:1:1113:3562:79280	148	9179.0	9326.0	best_hit_to_mtDNA
C	C	C	9195	HG002_all_regions	HG002_chr1.633402.634418|HISEQ1:18:H8VC6ADXX:1:1113:3562:79280	HG002_chr1.633402.634418|HISEQ1:18:H8VC6ADXX:1:1113:3562:79280	148	9179.0	9326.0	best_hit_to_mtDNA
T	T	T	9196	HG002_all_regions	HG002_chr1.633402.634418|HISEQ1:18:H8VC6ADXX:1:1113:3562:79280	HG002_chr1.633402.634418|HISEQ1:18:H8VC6ADXX:1:1113:3562:79280	148	9179.0	9326.0	best_hit_to_mtDNA
G	G	G	9197	HG002_all_regions	HG002_chr1.633402.634418|HISEQ1:18:H8VC6ADXX:1:1113:3562:79280	HG002_chr1.633402.634418|HISEQ1:18:H8VC6ADXX:1:1113:3562:79280	148	9179.0	9326.0	best_hit_to_mtDNA
C	C	C	9198	HG002_all_regions	HG002_chr1.633402.634418|HISEQ1:18:H8VC6ADXX:1:1113:3562:79280	HG002_chr1.633402.634418|HISEQ1:18:H8VC6ADXX:1:1113:3562:79280	148	9179.0	9326.0	best_hit_to_mtDNA
A	A	A	9199	HG002_all_regions	HG002_chr1.633402.634418|HISEQ1:18:H8VC6ADXX:1:1113:3562:79280	HG002_chr1.633402.634418|HISEQ1:18:H8VC6ADXX:1:1113:3562:79280	148	9179.0	9326.0	best_hit_to_mtDNA
C	C	C	9200	HG002_all_regions	HG002_chr1.633402.634418|HISEQ1:18:H8VC6ADXX:1:1113:3562:79280	HG002_chr1.633402.634418|HISEQ1:18:H8VC6ADXX:1:1113:3562:79280	148	9179.0	9326.0	best_hit_to_mtDNA
G	G	G	9201	HG002_all_regions	HG002_chr1.633402.634418|HISEQ1:18:H8VC6ADXX:1:1113:3562:79280	HG002_chr1.633402.634418|HISEQ1:18:H8VC6ADXX:1:1113:3562:79280	148	9179.0	9326.0	best_hit_to_mtDNA
A	A	A	9202	HG002_all_regions	HG002_chr1.633402.634418|HISEQ1:18:H8VC6ADXX:1:1113:3562:79280	HG002_chr1.633402.634418|HISEQ1:18:H8VC6ADXX:1:1113:3562:79280	148	9179.0	9326.0	best_hit_to_mtDNA
C	C	C	9203	HG002_all_regions	HG002_chr1.633402.634418|HISEQ1:18:H8VC6ADXX:1:1113:3562:79280	HG002_chr1.633402.634418|HISEQ1:18:H8VC6ADXX:1:1113:3562:79280	148	9179.0	9326.0	best_hit_to_mtDNA
A	A	A	9204	HG002_all_regions	HG002_chr1.633402.634418|HISEQ1:18:H8VC6ADXX:1:1113:3562:79280	HG002_chr1.633402.634418|HISEQ1:18:H8VC6ADXX:1:1113:3562:79280	148	9179.0	9326.0	best_hit_to_mtDNA
A	A	A	9205	HG002_all_regions	HG002_chr1.633402.634418|HISEQ1:18:H8VC6ADXX:1:1113:3562:79280	HG002_chr1.633402.634418|HISEQ1:18:H8VC6ADXX:1:1113:3562:79280	148	9179.0	9326.0	best_hit_to_mtDNA
C	C	C	9206	HG002_all_regions	HG002_chr1.633402.634418|HISEQ1:18:H8VC6ADXX:1:1113:3562:79280	HG002_chr1.633402.634418|HISEQ1:18:H8VC6ADXX:1:1113:3562:79280	148	9179.0	9326.0	best_hit_to_mtDNA
A	A	A	9207	HG002_all_regions	HG002_chr1.633402.634418|HISEQ1:18:H8VC6ADXX:1:1113:3562:79280	HG002_chr1.633402.634418|HISEQ1:18:H8VC6ADXX:1:1113:3562:79280	148	9179.0	9326.0	best_hit_to_mtDNA
C	C	C	9208	HG002_all_regions	HG002_chr1.633402.634418|HISEQ1:18:H8VC6ADXX:1:1113:3562:79280	HG002_chr1.633402.634418|HISEQ1:18:H8VC6ADXX:1:1113:3562:79280	148	9179.0	9326.0	best_hit_to_mtDNA
A	A	A	9209	HG002_all_regions	HG002_chr1.633402.634418|HISEQ1:18:H8VC6ADXX:1:1113:3562:79280	HG002_chr1.633402.634418|HISEQ1:18:H8VC6ADXX:1:1113:3562:79280	148	9179.0	9326.0	best_hit_to_mtDNA
T	T	T	9210	HG002_all_regions	HG002_chr1.633402.634418|HISEQ1:18:H8VC6ADXX:1:1113:3562:79280	HG002_chr1.633402.634418|HISEQ1:18:H8VC6ADXX:1:1113:3562:79280	148	9179.0	9326.0	best_hit_to_mtDNA
A	A	A	9211	HG002_all_regions	HG002_chr1.633402.634418|HISEQ1:18:H8VC6ADXX:1:1113:3562:79280	HG002_chr1.633402.634418|HISEQ1:18:H8VC6ADXX:1:1113:3562:79280	148	9179.0	9326.0	best_hit_to_mtDNA
A	A	A	9212	HG002_all_regions	HG002_chr1.633402.634418|HISEQ1:18:H8VC6ADXX:1:1113:3562:79280	HG002_chr1.633402.634418|HISEQ1:18:H8VC6ADXX:1:1113:3562:79280	148	9179.0	9326.0	best_hit_to_mtDNA
T	T	T	9213	HG002_all_regions	HG002_chr1.633402.634418|HISEQ1:18:H8VC6ADXX:1:1113:3562:79280	HG002_chr1.633402.634418|HISEQ1:18:H8VC6ADXX:1:1113:3562:79280	148	9179.0	9326.0	best_hit_to_mtDNA
G	G	G	9214	HG002_all_regions	HG002_chr1.633402.634418|HISEQ1:18:H8VC6ADXX:1:1113:3562:79280	HG002_chr1.633402.634418|HISEQ1:18:H8VC6ADXX:1:1113:3562:79280	148	9179.0	9326.0	best_hit_to_mtDNA
A	A	A	9215	HG002_all_regions	HG002_chr1.633402.634418|HISEQ1:18:H8VC6ADXX:1:1113:3562:79280	HG002_chr1.633402.634418|HISEQ1:18:H8VC6ADXX:1:1113:3562:79280	148	9179.0	9326.0	best_hit_to_mtDNA
C	C	C	9216	HG002_all_regions	HG002_chr1.633402.634418|HISEQ1:18:H8VC6ADXX:1:1113:3562:79280	HG002_chr1.633402.634418|HISEQ1:18:H8VC6ADXX:1:1113:3562:79280	148	9179.0	9326.0	best_hit_to_mtDNA
C	C	C	9217	HG002_all_regions	HG002_chr1.633402.634418|HISEQ1:18:H8VC6ADXX:1:1113:3562:79280	HG002_chr1.633402.634418|HISEQ1:18:H8VC6ADXX:1:1113:3562:79280	148	9179.0	9326.0	best_hit_to_mtDNA
C	C	C	9218	HG002_all_regions	HG002_chr1.633402.634418|HISEQ1:18:H8VC6ADXX:1:1113:3562:79280	HG002_chr1.633402.634418|HISEQ1:18:H8VC6ADXX:1:1113:3562:79280	148	9179.0	9326.0	best_hit_to_mtDNA
A	A	A	9219	HG002_all_regions	HG002_chr1.633402.634418|HISEQ1:18:H8VC6ADXX:1:1113:3562:79280	HG002_chr1.633402.634418|HISEQ1:18:H8VC6ADXX:1:1113:3562:79280	148	9179.0	9326.0	best_hit_to_mtDNA
C	C	C	9220	HG002_all_regions	HG002_chr1.633402.634418|HISEQ1:18:H8VC6ADXX:1:1113:3562:79280	HG002_chr1.633402.634418|HISEQ1:18:H8VC6ADXX:1:1113:3562:79280	148	9179.0	9326.0	best_hit_to_mtDNA
C	C	C	9221	HG002_all_regions	HG002_chr1.633402.634418|HISEQ1:18:H8VC6ADXX:1:1113:3562:79280	HG002_chr1.633402.634418|HISEQ1:18:H8VC6ADXX:1:1113:3562:79280	148	9179.0	9326.0	best_hit_to_mtDNA
A	A	A	9222	HG002_all_regions	HG002_chr1.633402.634418|HISEQ1:18:H8VC6ADXX:1:1113:3562:79280	HG002_chr1.633402.634418|HISEQ1:18:H8VC6ADXX:1:1113:3562:79280	148	9179.0	9326.0	best_hit_to_mtDNA
A	A	A	9223	HG002_all_regions	HG002_chr1.633402.634418|HISEQ1:18:H8VC6ADXX:1:1113:3562:79280	HG002_chr1.633402.634418|HISEQ1:18:H8VC6ADXX:1:1113:3562:79280	148	9179.0	9326.0	best_hit_to_mtDNA
T	T	T	9224	HG002_all_regions	HG002_chr1.633402.634418|HISEQ1:18:H8VC6ADXX:1:1113:3562:79280	HG002_chr1.633402.634418|HISEQ1:18:H8VC6ADXX:1:1113:3562:79280	148	9179.0	9326.0	best_hit_to_mtDNA
C	C	C	9225	HG002_all_regions	HG002_chr1.633402.634418|HISEQ1:18:H8VC6ADXX:1:1113:3562:79280	HG002_chr1.633402.634418|HISEQ1:18:H8VC6ADXX:1:1113:3562:79280	148	9179.0	9326.0	best_hit_to_mtDNA
A	A	A	9226	HG002_all_regions	HG002_chr1.633402.634418|HISEQ1:18:H8VC6ADXX:1:1113:3562:79280	HG002_chr1.633402.634418|HISEQ1:18:H8VC6ADXX:1:1113:3562:79280	148	9179.0	9326.0	best_hit_to_mtDNA
C	C	C	9227	HG002_all_regions	HG002_chr1.633402.634418|HISEQ1:18:H8VC6ADXX:1:1113:3562:79280	HG002_chr1.633402.634418|HISEQ1:18:H8VC6ADXX:1:1113:3562:79280	148	9179.0	9326.0	best_hit_to_mtDNA
A	A	A	9228	HG002_all_regions	HG002_chr1.633402.634418|HISEQ1:18:H8VC6ADXX:1:1113:3562:79280	HG002_chr1.633402.634418|HISEQ1:18:H8VC6ADXX:1:1113:3562:79280	148	9179.0	9326.0	best_hit_to_mtDNA
T	T	T	9229	HG002_all_regions	HG002_chr1.633402.634418|HISEQ1:18:H8VC6ADXX:1:1113:3562:79280	HG002_chr1.633402.634418|HISEQ1:18:H8VC6ADXX:1:1113:3562:79280	148	9179.0	9326.0	best_hit_to_mtDNA
G	G	G	9230	HG002_all_regions	HG002_chr1.633402.634418|HISEQ1:18:H8VC6ADXX:1:1113:3562:79280	HG002_chr1.633402.634418|HISEQ1:18:H8VC6ADXX:1:1113:3562:79280	148	9179.0	9326.0	best_hit_to_mtDNA
C	C	C	9231	HG002_all_regions	HG002_chr1.633402.634418|HISEQ1:18:H8VC6ADXX:1:1113:3562:79280	HG002_chr1.633402.634418|HISEQ1:18:H8VC6ADXX:1:1113:3562:79280	148	9179.0	9326.0	best_hit_to_mtDNA
C	C	C	9232	HG002_all_regions	HG002_chr1.633402.634418|HISEQ1:18:H8VC6ADXX:1:1113:3562:79280	HG002_chr1.633402.634418|HISEQ1:18:H8VC6ADXX:1:1113:3562:79280	148	9179.0	9326.0	best_hit_to_mtDNA
T	T	T	9233	HG002_all_regions	HG002_chr1.633402.634418|HISEQ1:18:H8VC6ADXX:1:1113:3562:79280	HG002_chr1.633402.634418|HISEQ1:18:H8VC6ADXX:1:1113:3562:79280	148	9179.0	9326.0	best_hit_to_mtDNA
A	A	A	9234	HG002_all_regions	HG002_chr1.633402.634418|HISEQ1:18:H8VC6ADXX:1:1113:3562:79280	HG002_chr1.633402.634418|HISEQ1:18:H8VC6ADXX:1:1113:3562:79280	148	9179.0	9326.0	best_hit_to_mtDNA
T	C	T	9235	HG002_all_regions	HG002_chr1.633402.634418|HISEQ1:18:H8VC6ADXX:1:1113:3562:79280	HG002_chr1.633402.634418|HISEQ1:18:H8VC6ADXX:1:1113:3562:79280	148	9179.0	9326.0	best_hit_to_mtDNA
C	C	C	9236	HG002_all_regions	HG002_chr1.633402.634418|HISEQ1:18:H8VC6ADXX:1:1113:3562:79280	HG002_chr1.633402.634418|HISEQ1:18:H8VC6ADXX:1:1113:3562:79280	148	9179.0	9326.0	best_hit_to_mtDNA
A	A	A	9237	HG002_all_regions	HG002_chr1.633402.634418|HISEQ1:18:H8VC6ADXX:1:1113:3562:79280	HG002_chr1.633402.634418|HISEQ1:18:H8VC6ADXX:1:1113:3562:79280	148	9179.0	9326.0	best_hit_to_mtDNA
T	C	T	9238	HG002_all_regions	HG002_chr1.633402.634418|HISEQ1:18:H8VC6ADXX:1:1113:3562:79280	HG002_chr1.633402.634418|HISEQ1:18:H8VC6ADXX:1:1113:3562:79280	148	9179.0	9326.0	best_hit_to_mtDNA
A	A	A	9239	HG002_all_regions	HG002_chr1.633402.634418|HISEQ1:18:H8VC6ADXX:1:1113:3562:79280	HG002_chr1.633402.634418|HISEQ1:18:H8VC6ADXX:1:1113:3562:79280	148	9179.0	9326.0	best_hit_to_mtDNA
T	T	T	9240	HG002_all_regions	HG002_chr1.633402.634418|HISEQ1:18:H8VC6ADXX:1:1113:3562:79280	HG002_chr1.633402.634418|HISEQ1:18:H8VC6ADXX:1:1113:3562:79280	148	9179.0	9326.0	best_hit_to_mtDNA
A	A	A	9241	HG002_all_regions	HG002_chr1.633402.634418|HISEQ1:18:H8VC6ADXX:1:1113:3562:79280	HG002_chr1.633402.634418|HISEQ1:18:H8VC6ADXX:1:1113:3562:79280	148	9179.0	9326.0	best_hit_to_mtDNA
G	G	G	9242	HG002_all_regions	HG002_chr1.633402.634418|HISEQ1:18:H8VC6ADXX:1:1113:3562:79280	HG002_chr1.633402.634418|HISEQ1:18:H8VC6ADXX:1:1113:3562:79280	148	9179.0	9326.0	best_hit_to_mtDNA
T	T	T	9243	HG002_all_regions	HG002_chr1.633402.634418|HISEQ1:18:H8VC6ADXX:1:1113:3562:79280	HG002_chr1.633402.634418|HISEQ1:18:H8VC6ADXX:1:1113:3562:79280	148	9179.0	9326.0	best_hit_to_mtDNA
A	A	A	9244	HG002_all_regions	HG002_chr1.633402.634418|HISEQ1:18:H8VC6ADXX:1:1113:3562:79280	HG002_chr1.633402.634418|HISEQ1:18:H8VC6ADXX:1:1113:3562:79280	148	9179.0	9326.0	best_hit_to_mtDNA
A	A	A	9245	HG002_all_regions	HG002_chr1.633402.634418|HISEQ1:18:H8VC6ADXX:1:1113:3562:79280	HG002_chr1.633402.634418|HISEQ1:18:H8VC6ADXX:1:1113:3562:79280	148	9179.0	9326.0	best_hit_to_mtDNA
A	A	A	9246	HG002_all_regions	HG002_chr1.633402.634418|HISEQ1:18:H8VC6ADXX:1:1113:3562:79280	HG002_chr1.633402.634418|HISEQ1:18:H8VC6ADXX:1:1113:3562:79280	148	9179.0	9326.0	best_hit_to_mtDNA
A	A	C	9247	HG002_all_regions	HG002_chr1.633402.634418|HISEQ1:18:H8VC6ADXX:1:1113:3562:79280	HG002_chr1.633402.634418|HISEQ1:18:H8VC6ADXX:1:1113:3562:79280	148	9179.0	9326.0	best_hit_to_mtDNA
C	C	C	9248	HG002_all_regions	HG002_chr1.633402.634418|HISEQ1:18:H8VC6ADXX:1:1113:3562:79280	HG002_chr1.633402.634418|HISEQ1:18:H8VC6ADXX:1:1113:3562:79280	148	9179.0	9326.0	best_hit_to_mtDNA
C	C	C	9249	HG002_all_regions	HG002_chr1.633402.634418|HISEQ1:18:H8VC6ADXX:1:1113:3562:79280	HG002_chr1.633402.634418|HISEQ1:18:H8VC6ADXX:1:1113:3562:79280	148	9179.0	9326.0	best_hit_to_mtDNA
C	C	C	9250	HG002_all_regions	HG002_chr1.633402.634418|HISEQ1:18:H8VC6ADXX:1:1113:3562:79280	HG002_chr1.633402.634418|HISEQ1:18:H8VC6ADXX:1:1113:3562:79280	148	9179.0	9326.0	best_hit_to_mtDNA
A	A	A	9251	HG002_all_regions	HG002_chr1.633402.634418|HISEQ1:18:H8VC6ADXX:1:1113:3562:79280	HG002_chr1.633402.634418|HISEQ1:18:H8VC6ADXX:1:1113:3562:79280	148	9179.0	9326.0	best_hit_to_mtDNA
G	G	G	9252	HG002_all_regions	HG002_chr1.633402.634418|HISEQ1:18:H8VC6ADXX:1:1113:3562:79280	HG002_chr1.633402.634418|HISEQ1:18:H8VC6ADXX:1:1113:3562:79280	148	9179.0	9326.0	best_hit_to_mtDNA
C	C	C	9253	HG002_all_regions	HG002_chr1.633402.634418|HISEQ1:18:H8VC6ADXX:1:1113:3562:79280	HG002_chr1.633402.634418|HISEQ1:18:H8VC6ADXX:1:1113:3562:79280	148	9179.0	9326.0	best_hit_to_mtDNA
C	C	C	9254	HG002_all_regions	HG002_chr1.633402.634418|HISEQ1:18:H8VC6ADXX:1:1113:3562:79280	HG002_chr1.633402.634418|HISEQ1:18:H8VC6ADXX:1:1113:3562:79280	148	9179.0	9326.0	best_hit_to_mtDNA
C	C	C	9255	HG002_all_regions	HG002_chr1.633402.634418|HISEQ1:18:H8VC6ADXX:1:1113:3562:79280	HG002_chr1.633402.634418|HISEQ1:18:H8VC6ADXX:1:1113:3562:79280	148	9179.0	9326.0	best_hit_to_mtDNA
A	A	A	9256	HG002_all_regions	HG002_chr1.633402.634418|HISEQ1:18:H8VC6ADXX:1:1113:3562:79280	HG002_chr1.633402.634418|HISEQ1:18:H8VC6ADXX:1:1113:3562:79280	148	9179.0	9326.0	best_hit_to_mtDNA
T	T	T	9257	HG002_all_regions	HG002_chr1.633402.634418|HISEQ1:18:H8VC6ADXX:1:1113:3562:79280	HG002_chr1.633402.634418|HISEQ1:18:H8VC6ADXX:1:1113:3562:79280	148	9179.0	9326.0	best_hit_to_mtDNA
G	G	G	9258	HG002_all_regions	HG002_chr1.633402.634418|HISEQ1:18:H8VC6ADXX:1:1113:3562:79280	HG002_chr1.633402.634418|HISEQ1:18:H8VC6ADXX:1:1113:3562:79280	148	9179.0	9326.0	best_hit_to_mtDNA
A	A	T	9259	HG002_all_regions	HG002_chr1.633402.634418|HISEQ1:18:H8VC6ADXX:1:1113:3562:79280	HG002_chr1.633402.634418|HISEQ1:18:H8VC6ADXX:1:1113:3562:79280	148	9179.0	9326.0	best_hit_to_mtDNA
C	C	C	9260	HG002_all_regions	HG002_chr1.633402.634418|HISEQ1:18:H8VC6ADXX:1:1113:3562:79280	HG002_chr1.633402.634418|HISEQ1:18:H8VC6ADXX:1:1113:3562:79280	148	9179.0	9326.0	best_hit_to_mtDNA
C	C	C	9261	HG002_all_regions	HG002_chr1.633402.634418|HISEQ1:18:H8VC6ADXX:1:1113:3562:79280	HG002_chr1.633402.634418|HISEQ1:18:H8VC6ADXX:1:1113:3562:79280	148	9179.0	9326.0	best_hit_to_mtDNA
C	C	C	9262	HG002_all_regions	HG002_chr1.633402.634418|HISEQ1:18:H8VC6ADXX:1:1113:3562:79280	HG002_chr1.633402.634418|HISEQ1:18:H8VC6ADXX:1:1113:3562:79280	148	9179.0	9326.0	best_hit_to_mtDNA
C	C	C	9263	HG002_all_regions	HG002_chr1.633402.634418|HISEQ1:18:H8VC6ADXX:1:1113:3562:79280	HG002_chr1.633402.634418|HISEQ1:18:H8VC6ADXX:1:1113:3562:79280	148	9179.0	9326.0	best_hit_to_mtDNA
T	T	T	9264	HG002_all_regions	HG002_chr1.633402.634418|HISEQ1:18:H8VC6ADXX:1:1113:3562:79280	HG002_chr1.633402.634418|HISEQ1:18:H8VC6ADXX:1:1113:3562:79280	148	9179.0	9326.0	best_hit_to_mtDNA
A	A	A	9265	HG002_all_regions	HG002_chr1.633402.634418|HISEQ1:18:H8VC6ADXX:1:1113:3562:79280	HG002_chr1.633402.634418|HISEQ1:18:H8VC6ADXX:1:1113:3562:79280	148	9179.0	9326.0	best_hit_to_mtDNA
A	A	A	9266	HG002_all_regions	HG002_chr1.633402.634418|HISEQ1:18:H8VC6ADXX:1:1113:3562:79280	HG002_chr1.633402.634418|HISEQ1:18:H8VC6ADXX:1:1113:3562:79280	148	9179.0	9326.0	best_hit_to_mtDNA
C	C	C	9267	HG002_all_regions	HG002_chr1.633402.634418|HISEQ1:18:H8VC6ADXX:1:1113:3562:79280	HG002_chr1.633402.634418|HISEQ1:18:H8VC6ADXX:1:1113:3562:79280	148	9179.0	9326.0	best_hit_to_mtDNA
A	A	A	9268	HG002_all_regions	HG002_chr1.633402.634418|HISEQ1:18:H8VC6ADXX:1:1113:3562:79280	HG002_chr1.633402.634418|HISEQ1:18:H8VC6ADXX:1:1113:3562:79280	148	9179.0	9326.0	best_hit_to_mtDNA
G	G	G	9269	HG002_all_regions	HG002_chr1.633402.634418|HISEQ1:18:H8VC6ADXX:1:1113:3562:79280	HG002_chr1.633402.634418|HISEQ1:18:H8VC6ADXX:1:1113:3562:79280	148	9179.0	9326.0	best_hit_to_mtDNA
G	G	G	9270	HG002_all_regions	HG002_chr1.633402.634418|HISEQ1:18:H8VC6ADXX:1:1113:3562:79280	HG002_chr1.633402.634418|HISEQ1:18:H8VC6ADXX:1:1113:3562:79280	148	9179.0	9326.0	best_hit_to_mtDNA
G	G	G	9271	HG002_all_regions	HG002_chr1.633402.634418|HISEQ1:18:H8VC6ADXX:1:1113:3562:79280	HG002_chr1.633402.634418|HISEQ1:18:H8VC6ADXX:1:1113:3562:79280	148	9179.0	9326.0	best_hit_to_mtDNA
G	G	G	9272	HG002_all_regions	HG002_chr1.633402.634418|HISEQ1:18:H8VC6ADXX:1:1113:3562:79280	HG002_chr1.633402.634418|HISEQ1:18:H8VC6ADXX:1:1113:3562:79280	148	9179.0	9326.0	best_hit_to_mtDNA
C	C	C	9273	HG002_all_regions	HG002_chr1.633402.634418|HISEQ1:18:H8VC6ADXX:1:1113:3562:79280	HG002_chr1.633402.634418|HISEQ1:18:H8VC6ADXX:1:1113:3562:79280	148	9179.0	9326.0	best_hit_to_mtDNA
C	C	C	9274	HG002_all_regions	HG002_chr1.633402.634418|HISEQ1:18:H8VC6ADXX:1:1113:3562:79280	HG002_chr1.633402.634418|HISEQ1:18:H8VC6ADXX:1:1113:3562:79280	148	9179.0	9326.0	best_hit_to_mtDNA
C	C	C	9275	HG002_all_regions	HG002_chr1.633402.634418|HISEQ1:18:H8VC6ADXX:1:1113:3562:79280	HG002_chr1.633402.634418|HISEQ1:18:H8VC6ADXX:1:1113:3562:79280	148	9179.0	9326.0	best_hit_to_mtDNA
T	T	T	9276	HG002_all_regions	HG002_chr1.633402.634418|HISEQ1:18:H8VC6ADXX:1:1113:3562:79280	HG002_chr1.633402.634418|HISEQ1:18:H8VC6ADXX:1:1113:3562:79280	148	9179.0	9326.0	best_hit_to_mtDNA
C	C	C	9277	HG002_all_regions	HG002_chr1.633402.634418|HISEQ1:18:H8VC6ADXX:1:1113:3562:79280	HG002_chr1.633402.634418|HISEQ1:18:H8VC6ADXX:1:1113:3562:79280	148	9179.0	9326.0	best_hit_to_mtDNA
T	T	T	9278	HG002_all_regions	HG002_chr1.633402.634418|HISEQ1:18:H8VC6ADXX:1:1113:3562:79280	HG002_chr1.633402.634418|HISEQ1:18:H8VC6ADXX:1:1113:3562:79280	148	9179.0	9326.0	best_hit_to_mtDNA
C	C	C	9279	HG002_all_regions	HG002_chr1.633402.634418|HISEQ1:18:H8VC6ADXX:1:1113:3562:79280	HG002_chr1.633402.634418|HISEQ1:18:H8VC6ADXX:1:1113:3562:79280	148	9179.0	9326.0	best_hit_to_mtDNA
A	G	A	9280	HG002_all_regions	HG002_chr1.633402.634418|HISEQ1:18:H8VC6ADXX:1:1113:3562:79280	HG002_chr1.633402.634418|HISEQ1:18:H8VC6ADXX:1:1113:3562:79280	148	9179.0	9326.0	best_hit_to_mtDNA
G	G	G	9281	HG002_all_regions	HG002_chr1.633402.634418|HISEQ1:18:H8VC6ADXX:1:1113:3562:79280	HG002_chr1.633402.634418|HISEQ1:18:H8VC6ADXX:1:1113:3562:79280	148	9179.0	9326.0	best_hit_to_mtDNA
C	C	C	9282	HG002_all_regions	HG002_chr1.633402.634418|HISEQ1:18:H8VC6ADXX:1:1113:3562:79280	HG002_chr1.633402.634418|HISEQ1:18:H8VC6ADXX:1:1113:3562:79280	148	9179.0	9326.0	best_hit_to_mtDNA
C	C	C	9283	HG002_all_regions	HG002_chr1.633402.634418|HISEQ1:18:H8VC6ADXX:1:1113:3562:79280	HG002_chr1.633402.634418|HISEQ1:18:H8VC6ADXX:1:1113:3562:79280	148	9179.0	9326.0	best_hit_to_mtDNA
C	C	C	9284	HG002_all_regions	HG002_chr1.633402.634418|HISEQ1:18:H8VC6ADXX:1:1113:3562:79280	HG002_chr1.633402.634418|HISEQ1:18:H8VC6ADXX:1:1113:3562:79280	148	9179.0	9326.0	best_hit_to_mtDNA
T	T	T	9285	HG002_all_regions	HG002_chr1.633402.634418|HISEQ1:18:H8VC6ADXX:1:1113:3562:79280	HG002_chr1.633402.634418|HISEQ1:18:H8VC6ADXX:1:1113:3562:79280	148	9179.0	9326.0	best_hit_to_mtDNA
C	C	C	9286	HG002_all_regions	HG002_chr1.633402.634418|HISEQ1:18:H8VC6ADXX:1:1113:3562:79280	HG002_chr1.633402.634418|HISEQ1:18:H8VC6ADXX:1:1113:3562:79280	148	9179.0	9326.0	best_hit_to_mtDNA
C	C	C	9287	HG002_all_regions	HG002_chr1.633402.634418|HISEQ1:18:H8VC6ADXX:1:1113:3562:79280	HG002_chr1.633402.634418|HISEQ1:18:H8VC6ADXX:1:1113:3562:79280	148	9179.0	9326.0	best_hit_to_mtDNA
T	T	T	9288	HG002_all_regions	HG002_chr1.633402.634418|HISEQ1:18:H8VC6ADXX:1:1113:3562:79280	HG002_chr1.633402.634418|HISEQ1:18:H8VC6ADXX:1:1113:3562:79280	148	9179.0	9326.0	best_hit_to_mtDNA
A	A	A	9289	HG002_all_regions	HG002_chr1.633402.634418|HISEQ1:18:H8VC6ADXX:1:1113:3562:79280	HG002_chr1.633402.634418|HISEQ1:18:H8VC6ADXX:1:1113:3562:79280	148	9179.0	9326.0	best_hit_to_mtDNA
A	A	A	9290	HG002_all_regions	HG002_chr1.633402.634418|HISEQ1:18:H8VC6ADXX:1:1113:3562:79280	HG002_chr1.633402.634418|HISEQ1:18:H8VC6ADXX:1:1113:3562:79280	148	9179.0	9326.0	best_hit_to_mtDNA
T	T	T	9291	HG002_all_regions	HG002_chr1.633402.634418|HISEQ1:18:H8VC6ADXX:1:1113:3562:79280	HG002_chr1.633402.634418|HISEQ1:18:H8VC6ADXX:1:1113:3562:79280	148	9179.0	9326.0	best_hit_to_mtDNA
G	A	G	9292	HG002_all_regions	HG002_chr1.633402.634418|HISEQ1:18:H8VC6ADXX:1:1113:3562:79280	HG002_chr1.633402.634418|HISEQ1:18:H8VC6ADXX:1:1113:3562:79280	148	9179.0	9326.0	best_hit_to_mtDNA
A	A	A	9293	HG002_all_regions	HG002_chr1.633402.634418|HISEQ1:18:H8VC6ADXX:1:1113:3562:79280	HG002_chr1.633402.634418|HISEQ1:18:H8VC6ADXX:1:1113:3562:79280	148	9179.0	9326.0	best_hit_to_mtDNA
C	C	C	9294	HG002_all_regions	HG002_chr1.633402.634418|HISEQ1:18:H8VC6ADXX:1:1113:3562:79280	HG002_chr1.633402.634418|HISEQ1:18:H8VC6ADXX:1:1113:3562:79280	148	9179.0	9326.0	best_hit_to_mtDNA
C	C	C	9295	HG002_all_regions	HG002_chr1.633402.634418|HISEQ1:18:H8VC6ADXX:1:1113:3562:79280	HG002_chr1.633402.634418|HISEQ1:18:H8VC6ADXX:1:1113:3562:79280	148	9179.0	9326.0	best_hit_to_mtDNA
T	T	T	9296	HG002_all_regions	HG002_chr1.633402.634418|HISEQ1:18:H8VC6ADXX:1:1113:3562:79280	HG002_chr1.633402.634418|HISEQ1:18:H8VC6ADXX:1:1113:3562:79280	148	9179.0	9326.0	best_hit_to_mtDNA
C	C	C	9297	HG002_all_regions	HG002_chr1.633402.634418|HISEQ1:18:H8VC6ADXX:1:1113:3562:79280	HG002_chr1.633402.634418|HISEQ1:18:H8VC6ADXX:1:1113:3562:79280	148	9179.0	9326.0	best_hit_to_mtDNA
C	C	C	9298	HG002_all_regions	HG002_chr1.633402.634418|HISEQ1:18:H8VC6ADXX:1:1113:3562:79280	HG002_chr1.633402.634418|HISEQ1:18:H8VC6ADXX:1:1113:3562:79280	148	9179.0	9326.0	best_hit_to_mtDNA
G	G	G	9299	HG002_all_regions	HG002_chr1.633402.634418|HISEQ1:18:H8VC6ADXX:1:1113:3562:79280	HG002_chr1.633402.634418|HISEQ1:18:H8VC6ADXX:1:1113:3562:79280	148	9179.0	9326.0	best_hit_to_mtDNA
G	G	G	9300	HG002_all_regions	HG002_chr1.633402.634418|HISEQ1:18:H8VC6ADXX:1:1113:3562:79280	HG002_chr1.633402.634418|HISEQ1:18:H8VC6ADXX:1:1113:3562:79280	148	9179.0	9326.0	best_hit_to_mtDNA
C	C	C	9301	HG002_all_regions	HG002_chr1.633402.634418|HISEQ1:18:H8VC6ADXX:1:1113:3562:79280	HG002_chr1.633402.634418|HISEQ1:18:H8VC6ADXX:1:1113:3562:79280	148	9179.0	9326.0	best_hit_to_mtDNA
C	C	C	9302	HG002_all_regions	HG002_chr1.633402.634418|HISEQ1:18:H8VC6ADXX:1:1113:3562:79280	HG002_chr1.633402.634418|HISEQ1:18:H8VC6ADXX:1:1113:3562:79280	148	9179.0	9326.0	best_hit_to_mtDNA
T	T	T	9303	HG002_all_regions	HG002_chr1.633402.634418|HISEQ1:18:H8VC6ADXX:1:1113:3562:79280	HG002_chr1.633402.634418|HISEQ1:18:H8VC6ADXX:1:1113:3562:79280	148	9179.0	9326.0	best_hit_to_mtDNA
A	G	A	9304	HG002_all_regions	HG002_chr1.633402.634418|HISEQ1:18:H8VC6ADXX:1:1113:3562:79280	HG002_chr1.633402.634418|HISEQ1:18:H8VC6ADXX:1:1113:3562:79280	148	9179.0	9326.0	best_hit_to_mtDNA
G	G	G	9305	HG002_all_regions	HG002_chr1.633402.634418|HISEQ1:18:H8VC6ADXX:1:1113:3562:79280	HG002_chr1.633402.634418|HISEQ1:18:H8VC6ADXX:1:1113:3562:79280	148	9179.0	9326.0	best_hit_to_mtDNA
C	C	C	9306	HG002_all_regions	HG002_chr1.633402.634418|HISEQ1:18:H8VC6ADXX:1:1113:3562:79280	HG002_chr1.633402.634418|HISEQ1:18:H8VC6ADXX:1:1113:3562:79280	148	9179.0	9326.0	best_hit_to_mtDNA
C	C	C	9307	HG002_all_regions	HG002_chr1.633402.634418|HISEQ1:18:H8VC6ADXX:1:1113:3562:79280	HG002_chr1.633402.634418|HISEQ1:18:H8VC6ADXX:1:1113:3562:79280	148	9179.0	9326.0	best_hit_to_mtDNA
A	A	A	9308	HG002_all_regions	HG002_chr1.633402.634418|HISEQ1:18:H8VC6ADXX:1:1113:3562:79280	HG002_chr1.633402.634418|HISEQ1:18:H8VC6ADXX:1:1113:3562:79280	148	9179.0	9326.0	best_hit_to_mtDNA
T	T	T	9309	HG002_all_regions	HG002_chr1.633402.634418|HISEQ1:18:H8VC6ADXX:1:1113:3562:79280	HG002_chr1.633402.634418|HISEQ1:18:H8VC6ADXX:1:1113:3562:79280	148	9179.0	9326.0	best_hit_to_mtDNA
G	A	G	9310	HG002_all_regions	HG002_chr1.633402.634418|HISEQ1:18:H8VC6ADXX:1:1113:3562:79280	HG002_chr1.633402.634418|HISEQ1:18:H8VC6ADXX:1:1113:3562:79280	148	9179.0	9326.0	best_hit_to_mtDNA
T	T	T	9311	HG002_all_regions	HG002_chr1.633402.634418|HISEQ1:18:H8VC6ADXX:1:1113:3562:79280	HG002_chr1.633402.634418|HISEQ1:18:H8VC6ADXX:1:1113:3562:79280	148	9179.0	9326.0	best_hit_to_mtDNA
G	G	G	9312	HG002_all_regions	HG002_chr1.633402.634418|HISEQ1:18:H8VC6ADXX:1:1113:3562:79280	HG002_chr1.633402.634418|HISEQ1:18:H8VC6ADXX:1:1113:3562:79280	148	9179.0	9326.0	best_hit_to_mtDNA
A	A	A	9313	HG002_all_regions	HG002_chr1.633402.634418|HISEQ1:18:H8VC6ADXX:1:1113:3562:79280	HG002_chr1.633402.634418|HISEQ1:18:H8VC6ADXX:1:1113:3562:79280	148	9179.0	9326.0	best_hit_to_mtDNA
T	T	T	9314	HG002_all_regions	HG002_chr1.633402.634418|HISEQ1:18:H8VC6ADXX:1:1113:3562:79280	HG002_chr1.633402.634418|HISEQ1:18:H8VC6ADXX:1:1113:3562:79280	148	9179.0	9326.0	best_hit_to_mtDNA
T	T	T	9315	HG002_all_regions	HG002_chr1.633402.634418|HISEQ1:18:H8VC6ADXX:1:1113:3562:79280	HG002_chr1.633402.634418|HISEQ1:18:H8VC6ADXX:1:1113:3562:79280	148	9179.0	9326.0	best_hit_to_mtDNA
T	C	T	9316	HG002_all_regions	HG002_chr1.633402.634418|HISEQ1:18:H8VC6ADXX:1:1113:3562:79280	HG002_chr1.633402.634418|HISEQ1:18:H8VC6ADXX:1:1113:3562:79280	148	9179.0	9326.0	best_hit_to_mtDNA
C	C	C	9317	HG002_all_regions	HG002_chr1.633402.634418|HISEQ1:18:H8VC6ADXX:1:1113:3562:79280	HG002_chr1.633402.634418|HISEQ1:18:H8VC6ADXX:1:1113:3562:79280	148	9179.0	9326.0	best_hit_to_mtDNA
A	A	A	9318	HG002_all_regions	HG002_chr1.633402.634418|HISEQ1:18:H8VC6ADXX:1:1113:3562:79280	HG002_chr1.633402.634418|HISEQ1:18:H8VC6ADXX:1:1113:3562:79280	148	9179.0	9326.0	best_hit_to_mtDNA
C	C	C	9319	HG002_all_regions	HG002_chr1.633402.634418|HISEQ1:18:H8VC6ADXX:1:1113:3562:79280	HG002_chr1.633402.634418|HISEQ1:18:H8VC6ADXX:1:1113:3562:79280	148	9179.0	9326.0	best_hit_to_mtDNA
T	T	T	9320	HG002_all_regions	HG002_chr1.633402.634418|HISEQ1:18:H8VC6ADXX:1:1113:3562:79280	HG002_chr1.633402.634418|HISEQ1:18:H8VC6ADXX:1:1113:3562:79280	148	9179.0	9326.0	best_hit_to_mtDNA
T	T	G	9321	HG002_all_regions	HG002_chr1.633402.634418|HISEQ1:18:H8VC6ADXX:1:1113:3562:79280	HG002_chr1.633402.634418|HISEQ1:18:H8VC6ADXX:1:1113:3562:79280	148	9179.0	9326.0	best_hit_to_mtDNA
C	C	C	9322	HG002_all_regions	HG002_chr1.633402.634418|HISEQ1:18:H8VC6ADXX:1:1113:3562:79280	HG002_chr1.633402.634418|HISEQ1:18:H8VC6ADXX:1:1113:3562:79280	148	9179.0	9326.0	best_hit_to_mtDNA
C	T	C	9323	HG002_all_regions	HG002_chr1.633402.634418|HISEQ1:18:H8VC6ADXX:1:1113:3562:79280	HG002_chr1.633402.634418|HISEQ1:18:H8VC6ADXX:1:1113:3562:79280	148	9179.0	9326.0	best_hit_to_mtDNA
A	A	A	9324	HG002_all_regions	HG002_chr1.633402.634418|HISEQ1:18:H8VC6ADXX:1:1113:3562:79280	HG002_chr1.633402.634418|HISEQ1:18:H8VC6ADXX:1:1113:3562:79280	148	9179.0	9326.0	best_hit_to_mtDNA
C	C	C	9325	HG002_all_regions	HG002_chr1.633402.634418|HISEQ1:18:H8VC6ADXX:1:1113:3562:79280	HG002_chr1.633402.634418|HISEQ1:18:H8VC6ADXX:1:1113:3562:79280	148	9179.0	9326.0	best_hit_to_mtDNA
C	T	-	16090	HG002_all_regions	HG002_chr11.49861520.49862789|HISEQ1:19:H8VDAADXX:2:2212:2683:69342	HG002_chr11.49861520.49862789|HISEQ1:19:H8VDAADXX:2:2212:2683:69342	9893	16089.0	16126.0	best_hit_to_mtDNA
A	-	-	16091	HG002_all_regions	HG002_chr11.49861520.49862789|HISEQ1:19:H8VDAADXX:2:2212:2683:69342	HG002_chr11.49861520.49862789|HISEQ1:19:H8VDAADXX:2:2212:2683:69342	9893	16089.0	16126.0	best_hit_to_mtDNA
A	A	-	16092	HG002_all_regions	HG002_chr11.49861520.49862789|HISEQ1:19:H8VDAADXX:2:2212:2683:69342	HG002_chr11.49861520.49862789|HISEQ1:19:H8VDAADXX:2:2212:2683:69342	9893	16089.0	16126.0	best_hit_to_mtDNA
C	C	-	16093	HG002_all_regions	HG002_chr11.49861520.49862789|HISEQ1:19:H8VDAADXX:2:2212:2683:69342	HG002_chr11.49861520.49862789|HISEQ1:19:H8VDAADXX:2:2212:2683:69342	9893	16089.0	16126.0	best_hit_to_mtDNA
A	A	-	16094	HG002_all_regions	HG002_chr11.49861520.49862789|HISEQ1:19:H8VDAADXX:2:2212:2683:69342	HG002_chr11.49861520.49862789|HISEQ1:19:H8VDAADXX:2:2212:2683:69342	9893	16089.0	16126.0	best_hit_to_mtDNA
A	A	-	16095	HG002_all_regions	HG002_chr11.49861520.49862789|HISEQ1:19:H8VDAADXX:2:2212:2683:69342	HG002_chr11.49861520.49862789|HISEQ1:19:H8VDAADXX:2:2212:2683:69342	9893	16089.0	16126.0	best_hit_to_mtDNA
C	C	-	16096	HG002_all_regions	HG002_chr11.49861520.49862789|HISEQ1:19:H8VDAADXX:2:2212:2683:69342	HG002_chr11.49861520.49862789|HISEQ1:19:H8VDAADXX:2:2212:2683:69342	9893	16089.0	16126.0	best_hit_to_mtDNA
C	C	-	16097	HG002_all_regions	HG002_chr11.49861520.49862789|HISEQ1:19:H8VDAADXX:2:2212:2683:69342	HG002_chr11.49861520.49862789|HISEQ1:19:H8VDAADXX:2:2212:2683:69342	9893	16089.0	16126.0	best_hit_to_mtDNA
G	G	-	16098	HG002_all_regions	HG002_chr11.49861520.49862789|HISEQ1:19:H8VDAADXX:2:2212:2683:69342	HG002_chr11.49861520.49862789|HISEQ1:19:H8VDAADXX:2:2212:2683:69342	9893	16089.0	16126.0	best_hit_to_mtDNA
C	C	-	16099	HG002_all_regions	HG002_chr11.49861520.49862789|HISEQ1:19:H8VDAADXX:2:2212:2683:69342	HG002_chr11.49861520.49862789|HISEQ1:19:H8VDAADXX:2:2212:2683:69342	9893	16089.0	16126.0	best_hit_to_mtDNA
T	T	-	16100	HG002_all_regions	HG002_chr11.49861520.49862789|HISEQ1:19:H8VDAADXX:2:2212:2683:69342	HG002_chr11.49861520.49862789|HISEQ1:19:H8VDAADXX:2:2212:2683:69342	9893	16089.0	16126.0	best_hit_to_mtDNA
A	A	-	16101	HG002_all_regions	HG002_chr11.49861520.49862789|HISEQ1:19:H8VDAADXX:2:2212:2683:69342	HG002_chr11.49861520.49862789|HISEQ1:19:H8VDAADXX:2:2212:2683:69342	9893	16089.0	16126.0	best_hit_to_mtDNA
T	T	-	16102	HG002_all_regions	HG002_chr11.49861520.49862789|HISEQ1:19:H8VDAADXX:2:2212:2683:69342	HG002_chr11.49861520.49862789|HISEQ1:19:H8VDAADXX:2:2212:2683:69342	9893	16089.0	16126.0	best_hit_to_mtDNA
G	G	-	16103	HG002_all_regions	HG002_chr11.49861520.49862789|HISEQ1:19:H8VDAADXX:2:2212:2683:69342	HG002_chr11.49861520.49862789|HISEQ1:19:H8VDAADXX:2:2212:2683:69342	9893	16089.0	16126.0	best_hit_to_mtDNA
T	T	-	16104	HG002_all_regions	HG002_chr11.49861520.49862789|HISEQ1:19:H8VDAADXX:2:2212:2683:69342	HG002_chr11.49861520.49862789|HISEQ1:19:H8VDAADXX:2:2212:2683:69342	9893	16089.0	16126.0	best_hit_to_mtDNA
A	A	-	16105	HG002_all_regions	HG002_chr11.49861520.49862789|HISEQ1:19:H8VDAADXX:2:2212:2683:69342	HG002_chr11.49861520.49862789|HISEQ1:19:H8VDAADXX:2:2212:2683:69342	9893	16089.0	16126.0	best_hit_to_mtDNA
T	T	-	16106	HG002_all_regions	HG002_chr11.49861520.49862789|HISEQ1:19:H8VDAADXX:2:2212:2683:69342	HG002_chr11.49861520.49862789|HISEQ1:19:H8VDAADXX:2:2212:2683:69342	9893	16089.0	16126.0	best_hit_to_mtDNA
T	T	-	16107	HG002_all_regions	HG002_chr11.49861520.49862789|HISEQ1:19:H8VDAADXX:2:2212:2683:69342	HG002_chr11.49861520.49862789|HISEQ1:19:H8VDAADXX:2:2212:2683:69342	9893	16089.0	16126.0	best_hit_to_mtDNA
T	T	-	16108	HG002_all_regions	HG002_chr11.49861520.49862789|HISEQ1:19:H8VDAADXX:2:2212:2683:69342	HG002_chr11.49861520.49862789|HISEQ1:19:H8VDAADXX:2:2212:2683:69342	9893	16089.0	16126.0	best_hit_to_mtDNA
C	C	-	16109	HG002_all_regions	HG002_chr11.49861520.49862789|HISEQ1:19:H8VDAADXX:2:2212:2683:69342	HG002_chr11.49861520.49862789|HISEQ1:19:H8VDAADXX:2:2212:2683:69342	9893	16089.0	16126.0	best_hit_to_mtDNA
G	G	-	16110	HG002_all_regions	HG002_chr11.49861520.49862789|HISEQ1:19:H8VDAADXX:2:2212:2683:69342	HG002_chr11.49861520.49862789|HISEQ1:19:H8VDAADXX:2:2212:2683:69342	9893	16089.0	16126.0	best_hit_to_mtDNA
T	T	-	16111	HG002_all_regions	HG002_chr11.49861520.49862789|HISEQ1:19:H8VDAADXX:2:2212:2683:69342	HG002_chr11.49861520.49862789|HISEQ1:19:H8VDAADXX:2:2212:2683:69342	9893	16089.0	16126.0	best_hit_to_mtDNA
A	A	-	16112	HG002_all_regions	HG002_chr11.49861520.49862789|HISEQ1:19:H8VDAADXX:2:2212:2683:69342	HG002_chr11.49861520.49862789|HISEQ1:19:H8VDAADXX:2:2212:2683:69342	9893	16089.0	16126.0	best_hit_to_mtDNA
C	C	-	16113	HG002_all_regions	HG002_chr11.49861520.49862789|HISEQ1:19:H8VDAADXX:2:2212:2683:69342	HG002_chr11.49861520.49862789|HISEQ1:19:H8VDAADXX:2:2212:2683:69342	9893	16089.0	16126.0	best_hit_to_mtDNA
A	A	-	16114	HG002_all_regions	HG002_chr11.49861520.49862789|HISEQ1:19:H8VDAADXX:2:2212:2683:69342	HG002_chr11.49861520.49862789|HISEQ1:19:H8VDAADXX:2:2212:2683:69342	9893	16089.0	16126.0	best_hit_to_mtDNA
T	T	-	16115	HG002_all_regions	HG002_chr11.49861520.49862789|HISEQ1:19:H8VDAADXX:2:2212:2683:69342	HG002_chr11.49861520.49862789|HISEQ1:19:H8VDAADXX:2:2212:2683:69342	9893	16089.0	16126.0	best_hit_to_mtDNA
T	T	-	16116	HG002_all_regions	HG002_chr11.49861520.49862789|HISEQ1:19:H8VDAADXX:2:2212:2683:69342	HG002_chr11.49861520.49862789|HISEQ1:19:H8VDAADXX:2:2212:2683:69342	9893	16089.0	16126.0	best_hit_to_mtDNA
A	A	-	16117	HG002_all_regions	HG002_chr11.49861520.49862789|HISEQ1:19:H8VDAADXX:2:2212:2683:69342	HG002_chr11.49861520.49862789|HISEQ1:19:H8VDAADXX:2:2212:2683:69342	9893	16089.0	16126.0	best_hit_to_mtDNA
C	C	-	16118	HG002_all_regions	HG002_chr11.49861520.49862789|HISEQ1:19:H8VDAADXX:2:2212:2683:69342	HG002_chr11.49861520.49862789|HISEQ1:19:H8VDAADXX:2:2212:2683:69342	9893	16089.0	16126.0	best_hit_to_mtDNA
T	T	-	16119	HG002_all_regions	HG002_chr11.49861520.49862789|HISEQ1:19:H8VDAADXX:2:2212:2683:69342	HG002_chr11.49861520.49862789|HISEQ1:19:H8VDAADXX:2:2212:2683:69342	9893	16089.0	16126.0	best_hit_to_mtDNA
G	G	-	16120	HG002_all_regions	HG002_chr11.49861520.49862789|HISEQ1:19:H8VDAADXX:2:2212:2683:69342	HG002_chr11.49861520.49862789|HISEQ1:19:H8VDAADXX:2:2212:2683:69342	9893	16089.0	16126.0	best_hit_to_mtDNA
C	C	-	16121	HG002_all_regions	HG002_chr11.49861520.49862789|HISEQ1:19:H8VDAADXX:2:2212:2683:69342	HG002_chr11.49861520.49862789|HISEQ1:19:H8VDAADXX:2:2212:2683:69342	9893	16089.0	16126.0	best_hit_to_mtDNA
C	C	-	16122	HG002_all_regions	HG002_chr11.49861520.49862789|HISEQ1:19:H8VDAADXX:2:2212:2683:69342	HG002_chr11.49861520.49862789|HISEQ1:19:H8VDAADXX:2:2212:2683:69342	9893	16089.0	16126.0	best_hit_to_mtDNA
A	A	-	16123	HG002_all_regions	HG002_chr11.49861520.49862789|HISEQ1:19:H8VDAADXX:2:2212:2683:69342	HG002_chr11.49861520.49862789|HISEQ1:19:H8VDAADXX:2:2212:2683:69342	9893	16089.0	16126.0	best_hit_to_mtDNA
G	G	-	16124	HG002_all_regions	HG002_chr11.49861520.49862789|HISEQ1:19:H8VDAADXX:2:2212:2683:69342	HG002_chr11.49861520.49862789|HISEQ1:19:H8VDAADXX:2:2212:2683:69342	9893	16089.0	16126.0	best_hit_to_mtDNA
C	C	-	16125	HG002_all_regions	HG002_chr11.49861520.49862789|HISEQ1:19:H8VDAADXX:2:2212:2683:69342	HG002_chr11.49861520.49862789|HISEQ1:19:H8VDAADXX:2:2212:2683:69342	9893	16089.0	16126.0	best_hit_to_mtDNA
C	C	-	16211	HG002_all_regions	HG002_chr11.49861520.49862789|HISEQ1:18:H8VC6ADXX:1:1212:20638:47408	HG002_chr11.49861520.49862789|HISEQ1:18:H8VC6ADXX:1:1212:20638:47408	15152	16210.0	16354.0	best_hit_to_mtDNA
T	T	-	16212	HG002_all_regions	HG002_chr11.49861520.49862789|HISEQ1:18:H8VC6ADXX:1:1212:20638:47408	HG002_chr11.49861520.49862789|HISEQ1:18:H8VC6ADXX:1:1212:20638:47408	15152	16210.0	16354.0	best_hit_to_mtDNA
T	T	-	16213	HG002_all_regions	HG002_chr11.49861520.49862789|HISEQ1:18:H8VC6ADXX:1:1212:20638:47408	HG002_chr11.49861520.49862789|HISEQ1:18:H8VC6ADXX:1:1212:20638:47408	15152	16210.0	16354.0	best_hit_to_mtDNA
A	A	-	16214	HG002_all_regions	HG002_chr11.49861520.49862789|HISEQ1:18:H8VC6ADXX:1:1212:20638:47408	HG002_chr11.49861520.49862789|HISEQ1:18:H8VC6ADXX:1:1212:20638:47408	15152	16210.0	16354.0	best_hit_to_mtDNA
C	C	-	16215	HG002_all_regions	HG002_chr11.49861520.49862789|HISEQ1:18:H8VC6ADXX:1:1212:20638:47408	HG002_chr11.49861520.49862789|HISEQ1:18:H8VC6ADXX:1:1212:20638:47408	15152	16210.0	16354.0	best_hit_to_mtDNA
A	A	-	16216	HG002_all_regions	HG002_chr11.49861520.49862789|HISEQ1:18:H8VC6ADXX:1:1212:20638:47408	HG002_chr11.49861520.49862789|HISEQ1:18:H8VC6ADXX:1:1212:20638:47408	15152	16210.0	16354.0	best_hit_to_mtDNA
A	A	-	16217	HG002_all_regions	HG002_chr11.49861520.49862789|HISEQ1:18:H8VC6ADXX:1:1212:20638:47408	HG002_chr11.49861520.49862789|HISEQ1:18:H8VC6ADXX:1:1212:20638:47408	15152	16210.0	16354.0	best_hit_to_mtDNA
G	G	-	16218	HG002_all_regions	HG002_chr11.49861520.49862789|HISEQ1:18:H8VC6ADXX:1:1212:20638:47408	HG002_chr11.49861520.49862789|HISEQ1:18:H8VC6ADXX:1:1212:20638:47408	15152	16210.0	16354.0	best_hit_to_mtDNA
C	C	-	16219	HG002_all_regions	HG002_chr11.49861520.49862789|HISEQ1:18:H8VC6ADXX:1:1212:20638:47408	HG002_chr11.49861520.49862789|HISEQ1:18:H8VC6ADXX:1:1212:20638:47408	15152	16210.0	16354.0	best_hit_to_mtDNA
A	A	-	16220	HG002_all_regions	HG002_chr11.49861520.49862789|HISEQ1:18:H8VC6ADXX:1:1212:20638:47408	HG002_chr11.49861520.49862789|HISEQ1:18:H8VC6ADXX:1:1212:20638:47408	15152	16210.0	16354.0	best_hit_to_mtDNA
A	C	-	16221	HG002_all_regions	HG002_chr11.49861520.49862789|HISEQ1:18:H8VC6ADXX:1:1212:20638:47408	HG002_chr11.49861520.49862789|HISEQ1:18:H8VC6ADXX:1:1212:20638:47408	15152	16210.0	16354.0	best_hit_to_mtDNA
G	G	-	16222	HG002_all_regions	HG002_chr11.49861520.49862789|HISEQ1:18:H8VC6ADXX:1:1212:20638:47408	HG002_chr11.49861520.49862789|HISEQ1:18:H8VC6ADXX:1:1212:20638:47408	15152	16210.0	16354.0	best_hit_to_mtDNA
T	C	-	16223	HG002_all_regions	HG002_chr11.49861520.49862789|HISEQ1:18:H8VC6ADXX:1:1212:20638:47408	HG002_chr11.49861520.49862789|HISEQ1:18:H8VC6ADXX:1:1212:20638:47408	15152	16210.0	16354.0	best_hit_to_mtDNA
A	A	-	16224	HG002_all_regions	HG002_chr11.49861520.49862789|HISEQ1:18:H8VC6ADXX:1:1212:20638:47408	HG002_chr11.49861520.49862789|HISEQ1:18:H8VC6ADXX:1:1212:20638:47408	15152	16210.0	16354.0	best_hit_to_mtDNA
C	C	-	16225	HG002_all_regions	HG002_chr11.49861520.49862789|HISEQ1:18:H8VC6ADXX:1:1212:20638:47408	HG002_chr11.49861520.49862789|HISEQ1:18:H8VC6ADXX:1:1212:20638:47408	15152	16210.0	16354.0	best_hit_to_mtDNA
A	A	-	16226	HG002_all_regions	HG002_chr11.49861520.49862789|HISEQ1:18:H8VC6ADXX:1:1212:20638:47408	HG002_chr11.49861520.49862789|HISEQ1:18:H8VC6ADXX:1:1212:20638:47408	15152	16210.0	16354.0	best_hit_to_mtDNA
G	A	-	16227	HG002_all_regions	HG002_chr11.49861520.49862789|HISEQ1:18:H8VC6ADXX:1:1212:20638:47408	HG002_chr11.49861520.49862789|HISEQ1:18:H8VC6ADXX:1:1212:20638:47408	15152	16210.0	16354.0	best_hit_to_mtDNA
C	C	-	16228	HG002_all_regions	HG002_chr11.49861520.49862789|HISEQ1:18:H8VC6ADXX:1:1212:20638:47408	HG002_chr11.49861520.49862789|HISEQ1:18:H8VC6ADXX:1:1212:20638:47408	15152	16210.0	16354.0	best_hit_to_mtDNA
A	A	-	16229	HG002_all_regions	HG002_chr11.49861520.49862789|HISEQ1:18:H8VC6ADXX:1:1212:20638:47408	HG002_chr11.49861520.49862789|HISEQ1:18:H8VC6ADXX:1:1212:20638:47408	15152	16210.0	16354.0	best_hit_to_mtDNA
A	A	-	16230	HG002_all_regions	HG002_chr11.49861520.49862789|HISEQ1:18:H8VC6ADXX:1:1212:20638:47408	HG002_chr11.49861520.49862789|HISEQ1:18:H8VC6ADXX:1:1212:20638:47408	15152	16210.0	16354.0	best_hit_to_mtDNA
T	T	-	16231	HG002_all_regions	HG002_chr11.49861520.49862789|HISEQ1:18:H8VC6ADXX:1:1212:20638:47408	HG002_chr11.49861520.49862789|HISEQ1:18:H8VC6ADXX:1:1212:20638:47408	15152	16210.0	16354.0	best_hit_to_mtDNA
C	C	-	16232	HG002_all_regions	HG002_chr11.49861520.49862789|HISEQ1:18:H8VC6ADXX:1:1212:20638:47408	HG002_chr11.49861520.49862789|HISEQ1:18:H8VC6ADXX:1:1212:20638:47408	15152	16210.0	16354.0	best_hit_to_mtDNA
A	A	-	16233	HG002_all_regions	HG002_chr11.49861520.49862789|HISEQ1:18:H8VC6ADXX:1:1212:20638:47408	HG002_chr11.49861520.49862789|HISEQ1:18:H8VC6ADXX:1:1212:20638:47408	15152	16210.0	16354.0	best_hit_to_mtDNA
A	A	-	16234	HG002_all_regions	HG002_chr11.49861520.49862789|HISEQ1:18:H8VC6ADXX:1:1212:20638:47408	HG002_chr11.49861520.49862789|HISEQ1:18:H8VC6ADXX:1:1212:20638:47408	15152	16210.0	16354.0	best_hit_to_mtDNA
C	C	-	16235	HG002_all_regions	HG002_chr11.49861520.49862789|HISEQ1:18:H8VC6ADXX:1:1212:20638:47408	HG002_chr11.49861520.49862789|HISEQ1:18:H8VC6ADXX:1:1212:20638:47408	15152	16210.0	16354.0	best_hit_to_mtDNA
C	T	-	16236	HG002_all_regions	HG002_chr11.49861520.49862789|HISEQ1:18:H8VC6ADXX:1:1212:20638:47408	HG002_chr11.49861520.49862789|HISEQ1:18:H8VC6ADXX:1:1212:20638:47408	15152	16210.0	16354.0	best_hit_to_mtDNA
C	C	-	16237	HG002_all_regions	HG002_chr11.49861520.49862789|HISEQ1:18:H8VC6ADXX:1:1212:20638:47408	HG002_chr11.49861520.49862789|HISEQ1:18:H8VC6ADXX:1:1212:20638:47408	15152	16210.0	16354.0	best_hit_to_mtDNA
T	C	-	16238	HG002_all_regions	HG002_chr11.49861520.49862789|HISEQ1:18:H8VC6ADXX:1:1212:20638:47408	HG002_chr11.49861520.49862789|HISEQ1:18:H8VC6ADXX:1:1212:20638:47408	15152	16210.0	16354.0	best_hit_to_mtDNA
C	C	-	16239	HG002_all_regions	HG002_chr11.49861520.49862789|HISEQ1:18:H8VC6ADXX:1:1212:20638:47408	HG002_chr11.49861520.49862789|HISEQ1:18:H8VC6ADXX:1:1212:20638:47408	15152	16210.0	16354.0	best_hit_to_mtDNA
A	A	-	16240	HG002_all_regions	HG002_chr11.49861520.49862789|HISEQ1:18:H8VC6ADXX:1:1212:20638:47408	HG002_chr11.49861520.49862789|HISEQ1:18:H8VC6ADXX:1:1212:20638:47408	15152	16210.0	16354.0	best_hit_to_mtDNA
A	A	-	16241	HG002_all_regions	HG002_chr11.49861520.49862789|HISEQ1:18:H8VC6ADXX:1:1212:20638:47408	HG002_chr11.49861520.49862789|HISEQ1:18:H8VC6ADXX:1:1212:20638:47408	15152	16210.0	16354.0	best_hit_to_mtDNA
C	C	-	16242	HG002_all_regions	HG002_chr11.49861520.49862789|HISEQ1:18:H8VC6ADXX:1:1212:20638:47408	HG002_chr11.49861520.49862789|HISEQ1:18:H8VC6ADXX:1:1212:20638:47408	15152	16210.0	16354.0	best_hit_to_mtDNA
T	T	-	16243	HG002_all_regions	HG002_chr11.49861520.49862789|HISEQ1:18:H8VC6ADXX:1:1212:20638:47408	HG002_chr11.49861520.49862789|HISEQ1:18:H8VC6ADXX:1:1212:20638:47408	15152	16210.0	16354.0	best_hit_to_mtDNA
A	G	-	16244	HG002_all_regions	HG002_chr11.49861520.49862789|HISEQ1:18:H8VC6ADXX:1:1212:20638:47408	HG002_chr11.49861520.49862789|HISEQ1:18:H8VC6ADXX:1:1212:20638:47408	15152	16210.0	16354.0	best_hit_to_mtDNA
T	T	-	16245	HG002_all_regions	HG002_chr11.49861520.49862789|HISEQ1:18:H8VC6ADXX:1:1212:20638:47408	HG002_chr11.49861520.49862789|HISEQ1:18:H8VC6ADXX:1:1212:20638:47408	15152	16210.0	16354.0	best_hit_to_mtDNA
C	C	-	16246	HG002_all_regions	HG002_chr11.49861520.49862789|HISEQ1:18:H8VC6ADXX:1:1212:20638:47408	HG002_chr11.49861520.49862789|HISEQ1:18:H8VC6ADXX:1:1212:20638:47408	15152	16210.0	16354.0	best_hit_to_mtDNA
A	G	-	16247	HG002_all_regions	HG002_chr11.49861520.49862789|HISEQ1:18:H8VC6ADXX:1:1212:20638:47408	HG002_chr11.49861520.49862789|HISEQ1:18:H8VC6ADXX:1:1212:20638:47408	15152	16210.0	16354.0	best_hit_to_mtDNA
C	A	-	16248	HG002_all_regions	HG002_chr11.49861520.49862789|HISEQ1:18:H8VC6ADXX:1:1212:20638:47408	HG002_chr11.49861520.49862789|HISEQ1:18:H8VC6ADXX:1:1212:20638:47408	15152	16210.0	16354.0	best_hit_to_mtDNA
A	A	-	16249	HG002_all_regions	HG002_chr11.49861520.49862789|HISEQ1:18:H8VC6ADXX:1:1212:20638:47408	HG002_chr11.49861520.49862789|HISEQ1:18:H8VC6ADXX:1:1212:20638:47408	15152	16210.0	16354.0	best_hit_to_mtDNA
C	C	-	16250	HG002_all_regions	HG002_chr11.49861520.49862789|HISEQ1:18:H8VC6ADXX:1:1212:20638:47408	HG002_chr11.49861520.49862789|HISEQ1:18:H8VC6ADXX:1:1212:20638:47408	15152	16210.0	16354.0	best_hit_to_mtDNA
A	A	-	16251	HG002_all_regions	HG002_chr11.49861520.49862789|HISEQ1:18:H8VC6ADXX:1:1212:20638:47408	HG002_chr11.49861520.49862789|HISEQ1:18:H8VC6ADXX:1:1212:20638:47408	15152	16210.0	16354.0	best_hit_to_mtDNA
T	T	-	16252	HG002_all_regions	HG002_chr11.49861520.49862789|HISEQ1:18:H8VC6ADXX:1:1212:20638:47408	HG002_chr11.49861520.49862789|HISEQ1:18:H8VC6ADXX:1:1212:20638:47408	15152	16210.0	16354.0	best_hit_to_mtDNA
C	A	-	16253	HG002_all_regions	HG002_chr11.49861520.49862789|HISEQ1:18:H8VC6ADXX:1:1212:20638:47408	HG002_chr11.49861520.49862789|HISEQ1:18:H8VC6ADXX:1:1212:20638:47408	15152	16210.0	16354.0	best_hit_to_mtDNA
A	A	-	16254	HG002_all_regions	HG002_chr11.49861520.49862789|HISEQ1:18:H8VC6ADXX:1:1212:20638:47408	HG002_chr11.49861520.49862789|HISEQ1:18:H8VC6ADXX:1:1212:20638:47408	15152	16210.0	16354.0	best_hit_to_mtDNA
A	A	-	16255	HG002_all_regions	HG002_chr11.49861520.49862789|HISEQ1:18:H8VC6ADXX:1:1212:20638:47408	HG002_chr11.49861520.49862789|HISEQ1:18:H8VC6ADXX:1:1212:20638:47408	15152	16210.0	16354.0	best_hit_to_mtDNA
C	A	-	16256	HG002_all_regions	HG002_chr11.49861520.49862789|HISEQ1:18:H8VC6ADXX:1:1212:20638:47408	HG002_chr11.49861520.49862789|HISEQ1:18:H8VC6ADXX:1:1212:20638:47408	15152	16210.0	16354.0	best_hit_to_mtDNA
T	C	-	16257	HG002_all_regions	HG002_chr11.49861520.49862789|HISEQ1:18:H8VC6ADXX:1:1212:20638:47408	HG002_chr11.49861520.49862789|HISEQ1:18:H8VC6ADXX:1:1212:20638:47408	15152	16210.0	16354.0	best_hit_to_mtDNA
G	A	-	16258	HG002_all_regions	HG002_chr11.49861520.49862789|HISEQ1:18:H8VC6ADXX:1:1212:20638:47408	HG002_chr11.49861520.49862789|HISEQ1:18:H8VC6ADXX:1:1212:20638:47408	15152	16210.0	16354.0	best_hit_to_mtDNA
C	C	-	16259	HG002_all_regions	HG002_chr11.49861520.49862789|HISEQ1:18:H8VC6ADXX:1:1212:20638:47408	HG002_chr11.49861520.49862789|HISEQ1:18:H8VC6ADXX:1:1212:20638:47408	15152	16210.0	16354.0	best_hit_to_mtDNA
A	A	-	16260	HG002_all_regions	HG002_chr11.49861520.49862789|HISEQ1:18:H8VC6ADXX:1:1212:20638:47408	HG002_chr11.49861520.49862789|HISEQ1:18:H8VC6ADXX:1:1212:20638:47408	15152	16210.0	16354.0	best_hit_to_mtDNA
A	A	-	16261	HG002_all_regions	HG002_chr11.49861520.49862789|HISEQ1:18:H8VC6ADXX:1:1212:20638:47408	HG002_chr11.49861520.49862789|HISEQ1:18:H8VC6ADXX:1:1212:20638:47408	15152	16210.0	16354.0	best_hit_to_mtDNA
C	T	-	16262	HG002_all_regions	HG002_chr11.49861520.49862789|HISEQ1:18:H8VC6ADXX:1:1212:20638:47408	HG002_chr11.49861520.49862789|HISEQ1:18:H8VC6ADXX:1:1212:20638:47408	15152	16210.0	16354.0	best_hit_to_mtDNA
T	T	-	16263	HG002_all_regions	HG002_chr11.49861520.49862789|HISEQ1:18:H8VC6ADXX:1:1212:20638:47408	HG002_chr11.49861520.49862789|HISEQ1:18:H8VC6ADXX:1:1212:20638:47408	15152	16210.0	16354.0	best_hit_to_mtDNA
C	C	-	16264	HG002_all_regions	HG002_chr11.49861520.49862789|HISEQ1:18:H8VC6ADXX:1:1212:20638:47408	HG002_chr11.49861520.49862789|HISEQ1:18:H8VC6ADXX:1:1212:20638:47408	15152	16210.0	16354.0	best_hit_to_mtDNA
C	C	-	16265	HG002_all_regions	HG002_chr11.49861520.49862789|HISEQ1:18:H8VC6ADXX:1:1212:20638:47408	HG002_chr11.49861520.49862789|HISEQ1:18:H8VC6ADXX:1:1212:20638:47408	15152	16210.0	16354.0	best_hit_to_mtDNA
A	A	-	16266	HG002_all_regions	HG002_chr11.49861520.49862789|HISEQ1:18:H8VC6ADXX:1:1212:20638:47408	HG002_chr11.49861520.49862789|HISEQ1:18:H8VC6ADXX:1:1212:20638:47408	15152	16210.0	16354.0	best_hit_to_mtDNA
A	A	-	16267	HG002_all_regions	HG002_chr11.49861520.49862789|HISEQ1:18:H8VC6ADXX:1:1212:20638:47408	HG002_chr11.49861520.49862789|HISEQ1:18:H8VC6ADXX:1:1212:20638:47408	15152	16210.0	16354.0	best_hit_to_mtDNA
A	C	-	16268	HG002_all_regions	HG002_chr11.49861520.49862789|HISEQ1:18:H8VC6ADXX:1:1212:20638:47408	HG002_chr11.49861520.49862789|HISEQ1:18:H8VC6ADXX:1:1212:20638:47408	15152	16210.0	16354.0	best_hit_to_mtDNA
G	G	-	16269	HG002_all_regions	HG002_chr11.49861520.49862789|HISEQ1:18:H8VC6ADXX:1:1212:20638:47408	HG002_chr11.49861520.49862789|HISEQ1:18:H8VC6ADXX:1:1212:20638:47408	15152	16210.0	16354.0	best_hit_to_mtDNA
C	A	-	16270	HG002_all_regions	HG002_chr11.49861520.49862789|HISEQ1:18:H8VC6ADXX:1:1212:20638:47408	HG002_chr11.49861520.49862789|HISEQ1:18:H8VC6ADXX:1:1212:20638:47408	15152	16210.0	16354.0	best_hit_to_mtDNA
C	C	-	16271	HG002_all_regions	HG002_chr11.49861520.49862789|HISEQ1:18:H8VC6ADXX:1:1212:20638:47408	HG002_chr11.49861520.49862789|HISEQ1:18:H8VC6ADXX:1:1212:20638:47408	15152	16210.0	16354.0	best_hit_to_mtDNA
A	A	-	16272	HG002_all_regions	HG002_chr11.49861520.49862789|HISEQ1:18:H8VC6ADXX:1:1212:20638:47408	HG002_chr11.49861520.49862789|HISEQ1:18:H8VC6ADXX:1:1212:20638:47408	15152	16210.0	16354.0	best_hit_to_mtDNA
C	C	-	16273	HG002_all_regions	HG002_chr11.49861520.49862789|HISEQ1:18:H8VC6ADXX:1:1212:20638:47408	HG002_chr11.49861520.49862789|HISEQ1:18:H8VC6ADXX:1:1212:20638:47408	15152	16210.0	16354.0	best_hit_to_mtDNA
C	C	-	16274	HG002_all_regions	HG002_chr11.49861520.49862789|HISEQ1:18:H8VC6ADXX:1:1212:20638:47408	HG002_chr11.49861520.49862789|HISEQ1:18:H8VC6ADXX:1:1212:20638:47408	15152	16210.0	16354.0	best_hit_to_mtDNA
C	C	-	16275	HG002_all_regions	HG002_chr11.49861520.49862789|HISEQ1:18:H8VC6ADXX:1:1212:20638:47408	HG002_chr11.49861520.49862789|HISEQ1:18:H8VC6ADXX:1:1212:20638:47408	15152	16210.0	16354.0	best_hit_to_mtDNA
C	C	-	16276	HG002_all_regions	HG002_chr11.49861520.49862789|HISEQ1:18:H8VC6ADXX:1:1212:20638:47408	HG002_chr11.49861520.49862789|HISEQ1:18:H8VC6ADXX:1:1212:20638:47408	15152	16210.0	16354.0	best_hit_to_mtDNA
T	T	-	16277	HG002_all_regions	HG002_chr11.49861520.49862789|HISEQ1:18:H8VC6ADXX:1:1212:20638:47408	HG002_chr11.49861520.49862789|HISEQ1:18:H8VC6ADXX:1:1212:20638:47408	15152	16210.0	16354.0	best_hit_to_mtDNA
C	C	-	16278	HG002_all_regions	HG002_chr11.49861520.49862789|HISEQ1:18:H8VC6ADXX:1:1212:20638:47408	HG002_chr11.49861520.49862789|HISEQ1:18:H8VC6ADXX:1:1212:20638:47408	15152	16210.0	16354.0	best_hit_to_mtDNA
A	C	-	16279	HG002_all_regions	HG002_chr11.49861520.49862789|HISEQ1:18:H8VC6ADXX:1:1212:20638:47408	HG002_chr11.49861520.49862789|HISEQ1:18:H8VC6ADXX:1:1212:20638:47408	15152	16210.0	16354.0	best_hit_to_mtDNA
C	C	-	16280	HG002_all_regions	HG002_chr11.49861520.49862789|HISEQ1:18:H8VC6ADXX:1:1212:20638:47408	HG002_chr11.49861520.49862789|HISEQ1:18:H8VC6ADXX:1:1212:20638:47408	15152	16210.0	16354.0	best_hit_to_mtDNA
C	C	-	16281	HG002_all_regions	HG002_chr11.49861520.49862789|HISEQ1:18:H8VC6ADXX:1:1212:20638:47408	HG002_chr11.49861520.49862789|HISEQ1:18:H8VC6ADXX:1:1212:20638:47408	15152	16210.0	16354.0	best_hit_to_mtDNA
C	C	-	16282	HG002_all_regions	HG002_chr11.49861520.49862789|HISEQ1:18:H8VC6ADXX:1:1212:20638:47408	HG002_chr11.49861520.49862789|HISEQ1:18:H8VC6ADXX:1:1212:20638:47408	15152	16210.0	16354.0	best_hit_to_mtDNA
A	A	-	16283	HG002_all_regions	HG002_chr11.49861520.49862789|HISEQ1:18:H8VC6ADXX:1:1212:20638:47408	HG002_chr11.49861520.49862789|HISEQ1:18:H8VC6ADXX:1:1212:20638:47408	15152	16210.0	16354.0	best_hit_to_mtDNA
C	C	-	16284	HG002_all_regions	HG002_chr11.49861520.49862789|HISEQ1:18:H8VC6ADXX:1:1212:20638:47408	HG002_chr11.49861520.49862789|HISEQ1:18:H8VC6ADXX:1:1212:20638:47408	15152	16210.0	16354.0	best_hit_to_mtDNA
T	C	-	16285	HG002_all_regions	HG002_chr11.49861520.49862789|HISEQ1:18:H8VC6ADXX:1:1212:20638:47408	HG002_chr11.49861520.49862789|HISEQ1:18:H8VC6ADXX:1:1212:20638:47408	15152	16210.0	16354.0	best_hit_to_mtDNA
A	C	-	16286	HG002_all_regions	HG002_chr11.49861520.49862789|HISEQ1:18:H8VC6ADXX:1:1212:20638:47408	HG002_chr11.49861520.49862789|HISEQ1:18:H8VC6ADXX:1:1212:20638:47408	15152	16210.0	16354.0	best_hit_to_mtDNA
G	C	-	16287	HG002_all_regions	HG002_chr11.49861520.49862789|HISEQ1:18:H8VC6ADXX:1:1212:20638:47408	HG002_chr11.49861520.49862789|HISEQ1:18:H8VC6ADXX:1:1212:20638:47408	15152	16210.0	16354.0	best_hit_to_mtDNA
G	G	-	16288	HG002_all_regions	HG002_chr11.49861520.49862789|HISEQ1:18:H8VC6ADXX:1:1212:20638:47408	HG002_chr11.49861520.49862789|HISEQ1:18:H8VC6ADXX:1:1212:20638:47408	15152	16210.0	16354.0	best_hit_to_mtDNA
A	A	-	16289	HG002_all_regions	HG002_chr11.49861520.49862789|HISEQ1:18:H8VC6ADXX:1:1212:20638:47408	HG002_chr11.49861520.49862789|HISEQ1:18:H8VC6ADXX:1:1212:20638:47408	15152	16210.0	16354.0	best_hit_to_mtDNA
T	T	-	16290	HG002_all_regions	HG002_chr11.49861520.49862789|HISEQ1:18:H8VC6ADXX:1:1212:20638:47408	HG002_chr11.49861520.49862789|HISEQ1:18:H8VC6ADXX:1:1212:20638:47408	15152	16210.0	16354.0	best_hit_to_mtDNA
A	A	-	16291	HG002_all_regions	HG002_chr11.49861520.49862789|HISEQ1:18:H8VC6ADXX:1:1212:20638:47408	HG002_chr11.49861520.49862789|HISEQ1:18:H8VC6ADXX:1:1212:20638:47408	15152	16210.0	16354.0	best_hit_to_mtDNA
C	C	-	16292	HG002_all_regions	HG002_chr11.49861520.49862789|HISEQ1:18:H8VC6ADXX:1:1212:20638:47408	HG002_chr11.49861520.49862789|HISEQ1:18:H8VC6ADXX:1:1212:20638:47408	15152	16210.0	16354.0	best_hit_to_mtDNA
C	C	-	16293	HG002_all_regions	HG002_chr11.49861520.49862789|HISEQ1:18:H8VC6ADXX:1:1212:20638:47408	HG002_chr11.49861520.49862789|HISEQ1:18:H8VC6ADXX:1:1212:20638:47408	15152	16210.0	16354.0	best_hit_to_mtDNA
A	A	-	16294	HG002_all_regions	HG002_chr11.49861520.49862789|HISEQ1:18:H8VC6ADXX:1:1212:20638:47408	HG002_chr11.49861520.49862789|HISEQ1:18:H8VC6ADXX:1:1212:20638:47408	15152	16210.0	16354.0	best_hit_to_mtDNA
A	A	-	16295	HG002_all_regions	HG002_chr11.49861520.49862789|HISEQ1:18:H8VC6ADXX:1:1212:20638:47408	HG002_chr11.49861520.49862789|HISEQ1:18:H8VC6ADXX:1:1212:20638:47408	15152	16210.0	16354.0	best_hit_to_mtDNA
C	C	-	16296	HG002_all_regions	HG002_chr11.49861520.49862789|HISEQ1:18:H8VC6ADXX:1:1212:20638:47408	HG002_chr11.49861520.49862789|HISEQ1:18:H8VC6ADXX:1:1212:20638:47408	15152	16210.0	16354.0	best_hit_to_mtDNA
A	A	-	16297	HG002_all_regions	HG002_chr11.49861520.49862789|HISEQ1:18:H8VC6ADXX:1:1212:20638:47408	HG002_chr11.49861520.49862789|HISEQ1:18:H8VC6ADXX:1:1212:20638:47408	15152	16210.0	16354.0	best_hit_to_mtDNA
A	G	-	16298	HG002_all_regions	HG002_chr11.49861520.49862789|HISEQ1:18:H8VC6ADXX:1:1212:20638:47408	HG002_chr11.49861520.49862789|HISEQ1:18:H8VC6ADXX:1:1212:20638:47408	15152	16210.0	16354.0	best_hit_to_mtDNA
A	A	-	16299	HG002_all_regions	HG002_chr11.49861520.49862789|HISEQ1:18:H8VC6ADXX:1:1212:20638:47408	HG002_chr11.49861520.49862789|HISEQ1:18:H8VC6ADXX:1:1212:20638:47408	15152	16210.0	16354.0	best_hit_to_mtDNA
C	C	-	16300	HG002_all_regions	HG002_chr11.49861520.49862789|HISEQ1:18:H8VC6ADXX:1:1212:20638:47408	HG002_chr11.49861520.49862789|HISEQ1:18:H8VC6ADXX:1:1212:20638:47408	15152	16210.0	16354.0	best_hit_to_mtDNA
C	C	-	16301	HG002_all_regions	HG002_chr11.49861520.49862789|HISEQ1:18:H8VC6ADXX:1:1212:20638:47408	HG002_chr11.49861520.49862789|HISEQ1:18:H8VC6ADXX:1:1212:20638:47408	15152	16210.0	16354.0	best_hit_to_mtDNA
T	T	-	16302	HG002_all_regions	HG002_chr11.49861520.49862789|HISEQ1:18:H8VC6ADXX:1:1212:20638:47408	HG002_chr11.49861520.49862789|HISEQ1:18:H8VC6ADXX:1:1212:20638:47408	15152	16210.0	16354.0	best_hit_to_mtDNA
A	A	-	16303	HG002_all_regions	HG002_chr11.49861520.49862789|HISEQ1:18:H8VC6ADXX:1:1212:20638:47408	HG002_chr11.49861520.49862789|HISEQ1:18:H8VC6ADXX:1:1212:20638:47408	15152	16210.0	16354.0	best_hit_to_mtDNA
C	T	-	16304	HG002_all_regions	HG002_chr11.49861520.49862789|HISEQ1:18:H8VC6ADXX:1:1212:20638:47408	HG002_chr11.49861520.49862789|HISEQ1:18:H8VC6ADXX:1:1212:20638:47408	15152	16210.0	16354.0	best_hit_to_mtDNA
C	C	-	16305	HG002_all_regions	HG002_chr11.49861520.49862789|HISEQ1:18:H8VC6ADXX:1:1212:20638:47408	HG002_chr11.49861520.49862789|HISEQ1:18:H8VC6ADXX:1:1212:20638:47408	15152	16210.0	16354.0	best_hit_to_mtDNA
C	T	-	16306	HG002_all_regions	HG002_chr11.49861520.49862789|HISEQ1:18:H8VC6ADXX:1:1212:20638:47408	HG002_chr11.49861520.49862789|HISEQ1:18:H8VC6ADXX:1:1212:20638:47408	15152	16210.0	16354.0	best_hit_to_mtDNA
A	C	-	16307	HG002_all_regions	HG002_chr11.49861520.49862789|HISEQ1:18:H8VC6ADXX:1:1212:20638:47408	HG002_chr11.49861520.49862789|HISEQ1:18:H8VC6ADXX:1:1212:20638:47408	15152	16210.0	16354.0	best_hit_to_mtDNA
C	C	-	16308	HG002_all_regions	HG002_chr11.49861520.49862789|HISEQ1:18:H8VC6ADXX:1:1212:20638:47408	HG002_chr11.49861520.49862789|HISEQ1:18:H8VC6ADXX:1:1212:20638:47408	15152	16210.0	16354.0	best_hit_to_mtDNA
C	C	-	16309	HG002_all_regions	HG002_chr11.49861520.49862789|HISEQ1:18:H8VC6ADXX:1:1212:20638:47408	HG002_chr11.49861520.49862789|HISEQ1:18:H8VC6ADXX:1:1212:20638:47408	15152	16210.0	16354.0	best_hit_to_mtDNA
C	C	-	16310	HG002_all_regions	HG002_chr11.49861520.49862789|HISEQ1:18:H8VC6ADXX:1:1212:20638:47408	HG002_chr11.49861520.49862789|HISEQ1:18:H8VC6ADXX:1:1212:20638:47408	15152	16210.0	16354.0	best_hit_to_mtDNA
T	T	-	16311	HG002_all_regions	HG002_chr11.49861520.49862789|HISEQ1:18:H8VC6ADXX:1:1212:20638:47408	HG002_chr11.49861520.49862789|HISEQ1:18:H8VC6ADXX:1:1212:20638:47408	15152	16210.0	16354.0	best_hit_to_mtDNA
T	T	-	16312	HG002_all_regions	HG002_chr11.49861520.49862789|HISEQ1:18:H8VC6ADXX:1:1212:20638:47408	HG002_chr11.49861520.49862789|HISEQ1:18:H8VC6ADXX:1:1212:20638:47408	15152	16210.0	16354.0	best_hit_to_mtDNA
A	G	-	16313	HG002_all_regions	HG002_chr11.49861520.49862789|HISEQ1:18:H8VC6ADXX:1:1212:20638:47408	HG002_chr11.49861520.49862789|HISEQ1:18:H8VC6ADXX:1:1212:20638:47408	15152	16210.0	16354.0	best_hit_to_mtDNA
A	A	-	16314	HG002_all_regions	HG002_chr11.49861520.49862789|HISEQ1:18:H8VC6ADXX:1:1212:20638:47408	HG002_chr11.49861520.49862789|HISEQ1:18:H8VC6ADXX:1:1212:20638:47408	15152	16210.0	16354.0	best_hit_to_mtDNA
C	C	-	16315	HG002_all_regions	HG002_chr11.49861520.49862789|HISEQ1:18:H8VC6ADXX:1:1212:20638:47408	HG002_chr11.49861520.49862789|HISEQ1:18:H8VC6ADXX:1:1212:20638:47408	15152	16210.0	16354.0	best_hit_to_mtDNA
A	A	-	16316	HG002_all_regions	HG002_chr11.49861520.49862789|HISEQ1:18:H8VC6ADXX:1:1212:20638:47408	HG002_chr11.49861520.49862789|HISEQ1:18:H8VC6ADXX:1:1212:20638:47408	15152	16210.0	16354.0	best_hit_to_mtDNA
G	G	-	16317	HG002_all_regions	HG002_chr11.49861520.49862789|HISEQ1:18:H8VC6ADXX:1:1212:20638:47408	HG002_chr11.49861520.49862789|HISEQ1:18:H8VC6ADXX:1:1212:20638:47408	15152	16210.0	16354.0	best_hit_to_mtDNA
T	A	-	16318	HG002_all_regions	HG002_chr11.49861520.49862789|HISEQ1:18:H8VC6ADXX:1:1212:20638:47408	HG002_chr11.49861520.49862789|HISEQ1:18:H8VC6ADXX:1:1212:20638:47408	15152	16210.0	16354.0	best_hit_to_mtDNA
A	A	-	16319	HG002_all_regions	HG002_chr11.49861520.49862789|HISEQ1:18:H8VC6ADXX:1:1212:20638:47408	HG002_chr11.49861520.49862789|HISEQ1:18:H8VC6ADXX:1:1212:20638:47408	15152	16210.0	16354.0	best_hit_to_mtDNA
C	C	-	16320	HG002_all_regions	HG002_chr11.49861520.49862789|HISEQ1:18:H8VC6ADXX:1:1212:20638:47408	HG002_chr11.49861520.49862789|HISEQ1:18:H8VC6ADXX:1:1212:20638:47408	15152	16210.0	16354.0	best_hit_to_mtDNA
A	A	-	16321	HG002_all_regions	HG002_chr11.49861520.49862789|HISEQ1:18:H8VC6ADXX:1:1212:20638:47408	HG002_chr11.49861520.49862789|HISEQ1:18:H8VC6ADXX:1:1212:20638:47408	15152	16210.0	16354.0	best_hit_to_mtDNA
T	T	-	16322	HG002_all_regions	HG002_chr11.49861520.49862789|HISEQ1:18:H8VC6ADXX:1:1212:20638:47408	HG002_chr11.49861520.49862789|HISEQ1:18:H8VC6ADXX:1:1212:20638:47408	15152	16210.0	16354.0	best_hit_to_mtDNA
A	A	-	16323	HG002_all_regions	HG002_chr11.49861520.49862789|HISEQ1:18:H8VC6ADXX:1:1212:20638:47408	HG002_chr11.49861520.49862789|HISEQ1:18:H8VC6ADXX:1:1212:20638:47408	15152	16210.0	16354.0	best_hit_to_mtDNA
G	G	-	16324	HG002_all_regions	HG002_chr11.49861520.49862789|HISEQ1:18:H8VC6ADXX:1:1212:20638:47408	HG002_chr11.49861520.49862789|HISEQ1:18:H8VC6ADXX:1:1212:20638:47408	15152	16210.0	16354.0	best_hit_to_mtDNA
T	T	-	16325	HG002_all_regions	HG002_chr11.49861520.49862789|HISEQ1:18:H8VC6ADXX:1:1212:20638:47408	HG002_chr11.49861520.49862789|HISEQ1:18:H8VC6ADXX:1:1212:20638:47408	15152	16210.0	16354.0	best_hit_to_mtDNA
A	A	-	16326	HG002_all_regions	HG002_chr11.49861520.49862789|HISEQ1:18:H8VC6ADXX:1:1212:20638:47408	HG002_chr11.49861520.49862789|HISEQ1:18:H8VC6ADXX:1:1212:20638:47408	15152	16210.0	16354.0	best_hit_to_mtDNA
C	C	-	16327	HG002_all_regions	HG002_chr11.49861520.49862789|HISEQ1:18:H8VC6ADXX:1:1212:20638:47408	HG002_chr11.49861520.49862789|HISEQ1:18:H8VC6ADXX:1:1212:20638:47408	15152	16210.0	16354.0	best_hit_to_mtDNA
A	A	-	16328	HG002_all_regions	HG002_chr11.49861520.49862789|HISEQ1:18:H8VC6ADXX:1:1212:20638:47408	HG002_chr11.49861520.49862789|HISEQ1:18:H8VC6ADXX:1:1212:20638:47408	15152	16210.0	16354.0	best_hit_to_mtDNA
T	T	-	16329	HG002_all_regions	HG002_chr11.49861520.49862789|HISEQ1:18:H8VC6ADXX:1:1212:20638:47408	HG002_chr11.49861520.49862789|HISEQ1:18:H8VC6ADXX:1:1212:20638:47408	15152	16210.0	16354.0	best_hit_to_mtDNA
A	A	-	16330	HG002_all_regions	HG002_chr11.49861520.49862789|HISEQ1:18:H8VC6ADXX:1:1212:20638:47408	HG002_chr11.49861520.49862789|HISEQ1:18:H8VC6ADXX:1:1212:20638:47408	15152	16210.0	16354.0	best_hit_to_mtDNA
A	C	-	16331	HG002_all_regions	HG002_chr11.49861520.49862789|HISEQ1:18:H8VC6ADXX:1:1212:20638:47408	HG002_chr11.49861520.49862789|HISEQ1:18:H8VC6ADXX:1:1212:20638:47408	15152	16210.0	16354.0	best_hit_to_mtDNA
A	A	-	16332	HG002_all_regions	HG002_chr11.49861520.49862789|HISEQ1:18:H8VC6ADXX:1:1212:20638:47408	HG002_chr11.49861520.49862789|HISEQ1:18:H8VC6ADXX:1:1212:20638:47408	15152	16210.0	16354.0	best_hit_to_mtDNA
G	A	-	16333	HG002_all_regions	HG002_chr11.49861520.49862789|HISEQ1:18:H8VC6ADXX:1:1212:20638:47408	HG002_chr11.49861520.49862789|HISEQ1:18:H8VC6ADXX:1:1212:20638:47408	15152	16210.0	16354.0	best_hit_to_mtDNA
C	C	-	16334	HG002_all_regions	HG002_chr11.49861520.49862789|HISEQ1:18:H8VC6ADXX:1:1212:20638:47408	HG002_chr11.49861520.49862789|HISEQ1:18:H8VC6ADXX:1:1212:20638:47408	15152	16210.0	16354.0	best_hit_to_mtDNA
C	C	-	16335	HG002_all_regions	HG002_chr11.49861520.49862789|HISEQ1:18:H8VC6ADXX:1:1212:20638:47408	HG002_chr11.49861520.49862789|HISEQ1:18:H8VC6ADXX:1:1212:20638:47408	15152	16210.0	16354.0	best_hit_to_mtDNA
A	A	-	16336	HG002_all_regions	HG002_chr11.49861520.49862789|HISEQ1:18:H8VC6ADXX:1:1212:20638:47408	HG002_chr11.49861520.49862789|HISEQ1:18:H8VC6ADXX:1:1212:20638:47408	15152	16210.0	16354.0	best_hit_to_mtDNA
T	T	-	16337	HG002_all_regions	HG002_chr11.49861520.49862789|HISEQ1:18:H8VC6ADXX:1:1212:20638:47408	HG002_chr11.49861520.49862789|HISEQ1:18:H8VC6ADXX:1:1212:20638:47408	15152	16210.0	16354.0	best_hit_to_mtDNA
T	A	-	16338	HG002_all_regions	HG002_chr11.49861520.49862789|HISEQ1:18:H8VC6ADXX:1:1212:20638:47408	HG002_chr11.49861520.49862789|HISEQ1:18:H8VC6ADXX:1:1212:20638:47408	15152	16210.0	16354.0	best_hit_to_mtDNA
T	C	-	16339	HG002_all_regions	HG002_chr11.49861520.49862789|HISEQ1:18:H8VC6ADXX:1:1212:20638:47408	HG002_chr11.49861520.49862789|HISEQ1:18:H8VC6ADXX:1:1212:20638:47408	15152	16210.0	16354.0	best_hit_to_mtDNA
A	A	-	16340	HG002_all_regions	HG002_chr11.49861520.49862789|HISEQ1:18:H8VC6ADXX:1:1212:20638:47408	HG002_chr11.49861520.49862789|HISEQ1:18:H8VC6ADXX:1:1212:20638:47408	15152	16210.0	16354.0	best_hit_to_mtDNA
C	C	-	16341	HG002_all_regions	HG002_chr11.49861520.49862789|HISEQ1:18:H8VC6ADXX:1:1212:20638:47408	HG002_chr11.49861520.49862789|HISEQ1:18:H8VC6ADXX:1:1212:20638:47408	15152	16210.0	16354.0	best_hit_to_mtDNA
C	C	-	16342	HG002_all_regions	HG002_chr11.49861520.49862789|HISEQ1:18:H8VC6ADXX:1:1212:20638:47408	HG002_chr11.49861520.49862789|HISEQ1:18:H8VC6ADXX:1:1212:20638:47408	15152	16210.0	16354.0	best_hit_to_mtDNA
G	G	-	16343	HG002_all_regions	HG002_chr11.49861520.49862789|HISEQ1:18:H8VC6ADXX:1:1212:20638:47408	HG002_chr11.49861520.49862789|HISEQ1:18:H8VC6ADXX:1:1212:20638:47408	15152	16210.0	16354.0	best_hit_to_mtDNA
T	T	-	16344	HG002_all_regions	HG002_chr11.49861520.49862789|HISEQ1:18:H8VC6ADXX:1:1212:20638:47408	HG002_chr11.49861520.49862789|HISEQ1:18:H8VC6ADXX:1:1212:20638:47408	15152	16210.0	16354.0	best_hit_to_mtDNA
A	A	-	16345	HG002_all_regions	HG002_chr11.49861520.49862789|HISEQ1:18:H8VC6ADXX:1:1212:20638:47408	HG002_chr11.49861520.49862789|HISEQ1:18:H8VC6ADXX:1:1212:20638:47408	15152	16210.0	16354.0	best_hit_to_mtDNA
C	C	-	16346	HG002_all_regions	HG002_chr11.49861520.49862789|HISEQ1:18:H8VC6ADXX:1:1212:20638:47408	HG002_chr11.49861520.49862789|HISEQ1:18:H8VC6ADXX:1:1212:20638:47408	15152	16210.0	16354.0	best_hit_to_mtDNA
A	A	-	16347	HG002_all_regions	HG002_chr11.49861520.49862789|HISEQ1:18:H8VC6ADXX:1:1212:20638:47408	HG002_chr11.49861520.49862789|HISEQ1:18:H8VC6ADXX:1:1212:20638:47408	15152	16210.0	16354.0	best_hit_to_mtDNA
T	T	-	16348	HG002_all_regions	HG002_chr11.49861520.49862789|HISEQ1:18:H8VC6ADXX:1:1212:20638:47408	HG002_chr11.49861520.49862789|HISEQ1:18:H8VC6ADXX:1:1212:20638:47408	15152	16210.0	16354.0	best_hit_to_mtDNA
A	A	-	16349	HG002_all_regions	HG002_chr11.49861520.49862789|HISEQ1:18:H8VC6ADXX:1:1212:20638:47408	HG002_chr11.49861520.49862789|HISEQ1:18:H8VC6ADXX:1:1212:20638:47408	15152	16210.0	16354.0	best_hit_to_mtDNA
G	G	-	16350	HG002_all_regions	HG002_chr11.49861520.49862789|HISEQ1:18:H8VC6ADXX:1:1212:20638:47408	HG002_chr11.49861520.49862789|HISEQ1:18:H8VC6ADXX:1:1212:20638:47408	15152	16210.0	16354.0	best_hit_to_mtDNA
C	C	-	16351	HG002_all_regions	HG002_chr11.49861520.49862789|HISEQ1:18:H8VC6ADXX:1:1212:20638:47408	HG002_chr11.49861520.49862789|HISEQ1:18:H8VC6ADXX:1:1212:20638:47408	15152	16210.0	16354.0	best_hit_to_mtDNA
A	A	-	16352	HG002_all_regions	HG002_chr11.49861520.49862789|HISEQ1:18:H8VC6ADXX:1:1212:20638:47408	HG002_chr11.49861520.49862789|HISEQ1:18:H8VC6ADXX:1:1212:20638:47408	15152	16210.0	16354.0	best_hit_to_mtDNA
C	C	-	16353	HG002_all_regions	HG002_chr11.49861520.49862789|HISEQ1:18:H8VC6ADXX:1:1212:20638:47408	HG002_chr11.49861520.49862789|HISEQ1:18:H8VC6ADXX:1:1212:20638:47408	15152	16210.0	16354.0	best_hit_to_mtDNA
G	G	-	16499	HG002_all_regions	HG002_chr11.49861520.49862789|HISEQ1:19:H8VDAADXX:1:2202:18834:87285	HG002_chr11.49861520.49862789|HISEQ1:19:H8VDAADXX:1:2202:18834:87285	14629	16498.0	16569.0	best_hit_to_mtDNA
A	A	-	16500	HG002_all_regions	HG002_chr11.49861520.49862789|HISEQ1:19:H8VDAADXX:1:2202:18834:87285	HG002_chr11.49861520.49862789|HISEQ1:19:H8VDAADXX:1:2202:18834:87285	14629	16498.0	16569.0	best_hit_to_mtDNA
A	A	-	16501	HG002_all_regions	HG002_chr11.49861520.49862789|HISEQ1:19:H8VDAADXX:1:2202:18834:87285	HG002_chr11.49861520.49862789|HISEQ1:19:H8VDAADXX:1:2202:18834:87285	14629	16498.0	16569.0	best_hit_to_mtDNA
C	C	-	16502	HG002_all_regions	HG002_chr11.49861520.49862789|HISEQ1:19:H8VDAADXX:1:2202:18834:87285	HG002_chr11.49861520.49862789|HISEQ1:19:H8VDAADXX:1:2202:18834:87285	14629	16498.0	16569.0	best_hit_to_mtDNA
T	T	-	16503	HG002_all_regions	HG002_chr11.49861520.49862789|HISEQ1:19:H8VDAADXX:1:2202:18834:87285	HG002_chr11.49861520.49862789|HISEQ1:19:H8VDAADXX:1:2202:18834:87285	14629	16498.0	16569.0	best_hit_to_mtDNA
G	G	-	16504	HG002_all_regions	HG002_chr11.49861520.49862789|HISEQ1:19:H8VDAADXX:1:2202:18834:87285	HG002_chr11.49861520.49862789|HISEQ1:19:H8VDAADXX:1:2202:18834:87285	14629	16498.0	16569.0	best_hit_to_mtDNA
T	T	-	16505	HG002_all_regions	HG002_chr11.49861520.49862789|HISEQ1:19:H8VDAADXX:1:2202:18834:87285	HG002_chr11.49861520.49862789|HISEQ1:19:H8VDAADXX:1:2202:18834:87285	14629	16498.0	16569.0	best_hit_to_mtDNA
A	A	-	16506	HG002_all_regions	HG002_chr11.49861520.49862789|HISEQ1:19:H8VDAADXX:1:2202:18834:87285	HG002_chr11.49861520.49862789|HISEQ1:19:H8VDAADXX:1:2202:18834:87285	14629	16498.0	16569.0	best_hit_to_mtDNA
T	T	-	16507	HG002_all_regions	HG002_chr11.49861520.49862789|HISEQ1:19:H8VDAADXX:1:2202:18834:87285	HG002_chr11.49861520.49862789|HISEQ1:19:H8VDAADXX:1:2202:18834:87285	14629	16498.0	16569.0	best_hit_to_mtDNA
C	C	-	16508	HG002_all_regions	HG002_chr11.49861520.49862789|HISEQ1:19:H8VDAADXX:1:2202:18834:87285	HG002_chr11.49861520.49862789|HISEQ1:19:H8VDAADXX:1:2202:18834:87285	14629	16498.0	16569.0	best_hit_to_mtDNA
C	C	-	16509	HG002_all_regions	HG002_chr11.49861520.49862789|HISEQ1:19:H8VDAADXX:1:2202:18834:87285	HG002_chr11.49861520.49862789|HISEQ1:19:H8VDAADXX:1:2202:18834:87285	14629	16498.0	16569.0	best_hit_to_mtDNA
G	G	-	16510	HG002_all_regions	HG002_chr11.49861520.49862789|HISEQ1:19:H8VDAADXX:1:2202:18834:87285	HG002_chr11.49861520.49862789|HISEQ1:19:H8VDAADXX:1:2202:18834:87285	14629	16498.0	16569.0	best_hit_to_mtDNA
A	A	-	16511	HG002_all_regions	HG002_chr11.49861520.49862789|HISEQ1:19:H8VDAADXX:1:2202:18834:87285	HG002_chr11.49861520.49862789|HISEQ1:19:H8VDAADXX:1:2202:18834:87285	14629	16498.0	16569.0	best_hit_to_mtDNA
C	C	-	16512	HG002_all_regions	HG002_chr11.49861520.49862789|HISEQ1:19:H8VDAADXX:1:2202:18834:87285	HG002_chr11.49861520.49862789|HISEQ1:19:H8VDAADXX:1:2202:18834:87285	14629	16498.0	16569.0	best_hit_to_mtDNA
A	A	-	16513	HG002_all_regions	HG002_chr11.49861520.49862789|HISEQ1:19:H8VDAADXX:1:2202:18834:87285	HG002_chr11.49861520.49862789|HISEQ1:19:H8VDAADXX:1:2202:18834:87285	14629	16498.0	16569.0	best_hit_to_mtDNA
T	T	-	16514	HG002_all_regions	HG002_chr11.49861520.49862789|HISEQ1:19:H8VDAADXX:1:2202:18834:87285	HG002_chr11.49861520.49862789|HISEQ1:19:H8VDAADXX:1:2202:18834:87285	14629	16498.0	16569.0	best_hit_to_mtDNA
C	C	-	16515	HG002_all_regions	HG002_chr11.49861520.49862789|HISEQ1:19:H8VDAADXX:1:2202:18834:87285	HG002_chr11.49861520.49862789|HISEQ1:19:H8VDAADXX:1:2202:18834:87285	14629	16498.0	16569.0	best_hit_to_mtDNA
T	T	-	16516	HG002_all_regions	HG002_chr11.49861520.49862789|HISEQ1:19:H8VDAADXX:1:2202:18834:87285	HG002_chr11.49861520.49862789|HISEQ1:19:H8VDAADXX:1:2202:18834:87285	14629	16498.0	16569.0	best_hit_to_mtDNA
G	G	-	16517	HG002_all_regions	HG002_chr11.49861520.49862789|HISEQ1:19:H8VDAADXX:1:2202:18834:87285	HG002_chr11.49861520.49862789|HISEQ1:19:H8VDAADXX:1:2202:18834:87285	14629	16498.0	16569.0	best_hit_to_mtDNA
G	G	-	16518	HG002_all_regions	HG002_chr11.49861520.49862789|HISEQ1:19:H8VDAADXX:1:2202:18834:87285	HG002_chr11.49861520.49862789|HISEQ1:19:H8VDAADXX:1:2202:18834:87285	14629	16498.0	16569.0	best_hit_to_mtDNA
T	T	-	16519	HG002_all_regions	HG002_chr11.49861520.49862789|HISEQ1:19:H8VDAADXX:1:2202:18834:87285	HG002_chr11.49861520.49862789|HISEQ1:19:H8VDAADXX:1:2202:18834:87285	14629	16498.0	16569.0	best_hit_to_mtDNA
T	T	-	16520	HG002_all_regions	HG002_chr11.49861520.49862789|HISEQ1:19:H8VDAADXX:1:2202:18834:87285	HG002_chr11.49861520.49862789|HISEQ1:19:H8VDAADXX:1:2202:18834:87285	14629	16498.0	16569.0	best_hit_to_mtDNA
C	C	-	16521	HG002_all_regions	HG002_chr11.49861520.49862789|HISEQ1:19:H8VDAADXX:1:2202:18834:87285	HG002_chr11.49861520.49862789|HISEQ1:19:H8VDAADXX:1:2202:18834:87285	14629	16498.0	16569.0	best_hit_to_mtDNA
C	C	-	16522	HG002_all_regions	HG002_chr11.49861520.49862789|HISEQ1:19:H8VDAADXX:1:2202:18834:87285	HG002_chr11.49861520.49862789|HISEQ1:19:H8VDAADXX:1:2202:18834:87285	14629	16498.0	16569.0	best_hit_to_mtDNA
T	T	-	16523	HG002_all_regions	HG002_chr11.49861520.49862789|HISEQ1:19:H8VDAADXX:1:2202:18834:87285	HG002_chr11.49861520.49862789|HISEQ1:19:H8VDAADXX:1:2202:18834:87285	14629	16498.0	16569.0	best_hit_to_mtDNA
A	A	-	16524	HG002_all_regions	HG002_chr11.49861520.49862789|HISEQ1:19:H8VDAADXX:1:2202:18834:87285	HG002_chr11.49861520.49862789|HISEQ1:19:H8VDAADXX:1:2202:18834:87285	14629	16498.0	16569.0	best_hit_to_mtDNA
C	C	-	16525	HG002_all_regions	HG002_chr11.49861520.49862789|HISEQ1:19:H8VDAADXX:1:2202:18834:87285	HG002_chr11.49861520.49862789|HISEQ1:19:H8VDAADXX:1:2202:18834:87285	14629	16498.0	16569.0	best_hit_to_mtDNA
T	C	-	16526	HG002_all_regions	HG002_chr11.49861520.49862789|HISEQ1:19:H8VDAADXX:1:2202:18834:87285	HG002_chr11.49861520.49862789|HISEQ1:19:H8VDAADXX:1:2202:18834:87285	14629	16498.0	16569.0	best_hit_to_mtDNA
T	T	-	16527	HG002_all_regions	HG002_chr11.49861520.49862789|HISEQ1:19:H8VDAADXX:1:2202:18834:87285	HG002_chr11.49861520.49862789|HISEQ1:19:H8VDAADXX:1:2202:18834:87285	14629	16498.0	16569.0	best_hit_to_mtDNA
C	C	-	16528	HG002_all_regions	HG002_chr11.49861520.49862789|HISEQ1:19:H8VDAADXX:1:2202:18834:87285	HG002_chr11.49861520.49862789|HISEQ1:19:H8VDAADXX:1:2202:18834:87285	14629	16498.0	16569.0	best_hit_to_mtDNA
A	A	-	16529	HG002_all_regions	HG002_chr11.49861520.49862789|HISEQ1:19:H8VDAADXX:1:2202:18834:87285	HG002_chr11.49861520.49862789|HISEQ1:19:H8VDAADXX:1:2202:18834:87285	14629	16498.0	16569.0	best_hit_to_mtDNA
G	G	-	16530	HG002_all_regions	HG002_chr11.49861520.49862789|HISEQ1:19:H8VDAADXX:1:2202:18834:87285	HG002_chr11.49861520.49862789|HISEQ1:19:H8VDAADXX:1:2202:18834:87285	14629	16498.0	16569.0	best_hit_to_mtDNA
G	G	-	16531	HG002_all_regions	HG002_chr11.49861520.49862789|HISEQ1:19:H8VDAADXX:1:2202:18834:87285	HG002_chr11.49861520.49862789|HISEQ1:19:H8VDAADXX:1:2202:18834:87285	14629	16498.0	16569.0	best_hit_to_mtDNA
G	G	-	16532	HG002_all_regions	HG002_chr11.49861520.49862789|HISEQ1:19:H8VDAADXX:1:2202:18834:87285	HG002_chr11.49861520.49862789|HISEQ1:19:H8VDAADXX:1:2202:18834:87285	14629	16498.0	16569.0	best_hit_to_mtDNA
T	C	-	16533	HG002_all_regions	HG002_chr11.49861520.49862789|HISEQ1:19:H8VDAADXX:1:2202:18834:87285	HG002_chr11.49861520.49862789|HISEQ1:19:H8VDAADXX:1:2202:18834:87285	14629	16498.0	16569.0	best_hit_to_mtDNA
C	C	-	16534	HG002_all_regions	HG002_chr11.49861520.49862789|HISEQ1:19:H8VDAADXX:1:2202:18834:87285	HG002_chr11.49861520.49862789|HISEQ1:19:H8VDAADXX:1:2202:18834:87285	14629	16498.0	16569.0	best_hit_to_mtDNA
A	A	-	16535	HG002_all_regions	HG002_chr11.49861520.49862789|HISEQ1:19:H8VDAADXX:1:2202:18834:87285	HG002_chr11.49861520.49862789|HISEQ1:19:H8VDAADXX:1:2202:18834:87285	14629	16498.0	16569.0	best_hit_to_mtDNA
T	T	-	16536	HG002_all_regions	HG002_chr11.49861520.49862789|HISEQ1:19:H8VDAADXX:1:2202:18834:87285	HG002_chr11.49861520.49862789|HISEQ1:19:H8VDAADXX:1:2202:18834:87285	14629	16498.0	16569.0	best_hit_to_mtDNA
A	G	-	16537	HG002_all_regions	HG002_chr11.49861520.49862789|HISEQ1:19:H8VDAADXX:1:2202:18834:87285	HG002_chr11.49861520.49862789|HISEQ1:19:H8VDAADXX:1:2202:18834:87285	14629	16498.0	16569.0	best_hit_to_mtDNA
A	A	-	16538	HG002_all_regions	HG002_chr11.49861520.49862789|HISEQ1:19:H8VDAADXX:1:2202:18834:87285	HG002_chr11.49861520.49862789|HISEQ1:19:H8VDAADXX:1:2202:18834:87285	14629	16498.0	16569.0	best_hit_to_mtDNA
A	A	-	16539	HG002_all_regions	HG002_chr11.49861520.49862789|HISEQ1:19:H8VDAADXX:1:2202:18834:87285	HG002_chr11.49861520.49862789|HISEQ1:19:H8VDAADXX:1:2202:18834:87285	14629	16498.0	16569.0	best_hit_to_mtDNA
G	G	-	16540	HG002_all_regions	HG002_chr11.49861520.49862789|HISEQ1:19:H8VDAADXX:1:2202:18834:87285	HG002_chr11.49861520.49862789|HISEQ1:19:H8VDAADXX:1:2202:18834:87285	14629	16498.0	16569.0	best_hit_to_mtDNA
-	T	-	16541	HG002_all_regions	HG002_chr11.49861520.49862789|HISEQ1:19:H8VDAADXX:1:2202:18834:87285	HG002_chr11.49861520.49862789|HISEQ1:19:H8VDAADXX:1:2202:18834:87285	14629	16498.0	16569.0	best_hit_to_mtDNA
-	T	-	16542	HG002_all_regions	HG002_chr11.49861520.49862789|HISEQ1:19:H8VDAADXX:1:2202:18834:87285	HG002_chr11.49861520.49862789|HISEQ1:19:H8VDAADXX:1:2202:18834:87285	14629	16498.0	16569.0	best_hit_to_mtDNA
C	C	-	16543	HG002_all_regions	HG002_chr11.49861520.49862789|HISEQ1:19:H8VDAADXX:1:2202:18834:87285	HG002_chr11.49861520.49862789|HISEQ1:19:H8VDAADXX:1:2202:18834:87285	14629	16498.0	16569.0	best_hit_to_mtDNA
C	A	-	16544	HG002_all_regions	HG002_chr11.49861520.49862789|HISEQ1:19:H8VDAADXX:1:2202:18834:87285	HG002_chr11.49861520.49862789|HISEQ1:19:H8VDAADXX:1:2202:18834:87285	14629	16498.0	16569.0	best_hit_to_mtDNA
T	A	-	16545	HG002_all_regions	HG002_chr11.49861520.49862789|HISEQ1:19:H8VDAADXX:1:2202:18834:87285	HG002_chr11.49861520.49862789|HISEQ1:19:H8VDAADXX:1:2202:18834:87285	14629	16498.0	16569.0	best_hit_to_mtDNA
A	A	-	16546	HG002_all_regions	HG002_chr11.49861520.49862789|HISEQ1:19:H8VDAADXX:1:2202:18834:87285	HG002_chr11.49861520.49862789|HISEQ1:19:H8VDAADXX:1:2202:18834:87285	14629	16498.0	16569.0	best_hit_to_mtDNA
A	A	-	16547	HG002_all_regions	HG002_chr11.49861520.49862789|HISEQ1:19:H8VDAADXX:1:2202:18834:87285	HG002_chr11.49861520.49862789|HISEQ1:19:H8VDAADXX:1:2202:18834:87285	14629	16498.0	16569.0	best_hit_to_mtDNA
A	G	-	16548	HG002_all_regions	HG002_chr11.49861520.49862789|HISEQ1:19:H8VDAADXX:1:2202:18834:87285	HG002_chr11.49861520.49862789|HISEQ1:19:H8VDAADXX:1:2202:18834:87285	14629	16498.0	16569.0	best_hit_to_mtDNA
T	A	-	16549	HG002_all_regions	HG002_chr11.49861520.49862789|HISEQ1:19:H8VDAADXX:1:2202:18834:87285	HG002_chr11.49861520.49862789|HISEQ1:19:H8VDAADXX:1:2202:18834:87285	14629	16498.0	16569.0	best_hit_to_mtDNA
A	C	-	16550	HG002_all_regions	HG002_chr11.49861520.49862789|HISEQ1:19:H8VDAADXX:1:2202:18834:87285	HG002_chr11.49861520.49862789|HISEQ1:19:H8VDAADXX:1:2202:18834:87285	14629	16498.0	16569.0	best_hit_to_mtDNA
G	T	-	16551	HG002_all_regions	HG002_chr11.49861520.49862789|HISEQ1:19:H8VDAADXX:1:2202:18834:87285	HG002_chr11.49861520.49862789|HISEQ1:19:H8VDAADXX:1:2202:18834:87285	14629	16498.0	16569.0	best_hit_to_mtDNA
C	C	-	16552	HG002_all_regions	HG002_chr11.49861520.49862789|HISEQ1:19:H8VDAADXX:1:2202:18834:87285	HG002_chr11.49861520.49862789|HISEQ1:19:H8VDAADXX:1:2202:18834:87285	14629	16498.0	16569.0	best_hit_to_mtDNA
C	C	-	16553	HG002_all_regions	HG002_chr11.49861520.49862789|HISEQ1:19:H8VDAADXX:1:2202:18834:87285	HG002_chr11.49861520.49862789|HISEQ1:19:H8VDAADXX:1:2202:18834:87285	14629	16498.0	16569.0	best_hit_to_mtDNA
C	C	-	16554	HG002_all_regions	HG002_chr11.49861520.49862789|HISEQ1:19:H8VDAADXX:1:2202:18834:87285	HG002_chr11.49861520.49862789|HISEQ1:19:H8VDAADXX:1:2202:18834:87285	14629	16498.0	16569.0	best_hit_to_mtDNA
A	A	-	16555	HG002_all_regions	HG002_chr11.49861520.49862789|HISEQ1:19:H8VDAADXX:1:2202:18834:87285	HG002_chr11.49861520.49862789|HISEQ1:19:H8VDAADXX:1:2202:18834:87285	14629	16498.0	16569.0	best_hit_to_mtDNA
C	C	-	16556	HG002_all_regions	HG002_chr11.49861520.49862789|HISEQ1:19:H8VDAADXX:1:2202:18834:87285	HG002_chr11.49861520.49862789|HISEQ1:19:H8VDAADXX:1:2202:18834:87285	14629	16498.0	16569.0	best_hit_to_mtDNA
A	A	-	16557	HG002_all_regions	HG002_chr11.49861520.49862789|HISEQ1:19:H8VDAADXX:1:2202:18834:87285	HG002_chr11.49861520.49862789|HISEQ1:19:H8VDAADXX:1:2202:18834:87285	14629	16498.0	16569.0	best_hit_to_mtDNA
C	C	-	16558	HG002_all_regions	HG002_chr11.49861520.49862789|HISEQ1:19:H8VDAADXX:1:2202:18834:87285	HG002_chr11.49861520.49862789|HISEQ1:19:H8VDAADXX:1:2202:18834:87285	14629	16498.0	16569.0	best_hit_to_mtDNA
G	G	-	16559	HG002_all_regions	HG002_chr11.49861520.49862789|HISEQ1:19:H8VDAADXX:1:2202:18834:87285	HG002_chr11.49861520.49862789|HISEQ1:19:H8VDAADXX:1:2202:18834:87285	14629	16498.0	16569.0	best_hit_to_mtDNA
T	T	-	16560	HG002_all_regions	HG002_chr11.49861520.49862789|HISEQ1:19:H8VDAADXX:1:2202:18834:87285	HG002_chr11.49861520.49862789|HISEQ1:19:H8VDAADXX:1:2202:18834:87285	14629	16498.0	16569.0	best_hit_to_mtDNA
T	T	-	16561	HG002_all_regions	HG002_chr11.49861520.49862789|HISEQ1:19:H8VDAADXX:1:2202:18834:87285	HG002_chr11.49861520.49862789|HISEQ1:19:H8VDAADXX:1:2202:18834:87285	14629	16498.0	16569.0	best_hit_to_mtDNA
C	C	-	16562	HG002_all_regions	HG002_chr11.49861520.49862789|HISEQ1:19:H8VDAADXX:1:2202:18834:87285	HG002_chr11.49861520.49862789|HISEQ1:19:H8VDAADXX:1:2202:18834:87285	14629	16498.0	16569.0	best_hit_to_mtDNA
C	C	-	16563	HG002_all_regions	HG002_chr11.49861520.49862789|HISEQ1:19:H8VDAADXX:1:2202:18834:87285	HG002_chr11.49861520.49862789|HISEQ1:19:H8VDAADXX:1:2202:18834:87285	14629	16498.0	16569.0	best_hit_to_mtDNA
C	C	-	16564	HG002_all_regions	HG002_chr11.49861520.49862789|HISEQ1:19:H8VDAADXX:1:2202:18834:87285	HG002_chr11.49861520.49862789|HISEQ1:19:H8VDAADXX:1:2202:18834:87285	14629	16498.0	16569.0	best_hit_to_mtDNA
C	C	-	16565	HG002_all_regions	HG002_chr11.49861520.49862789|HISEQ1:19:H8VDAADXX:1:2202:18834:87285	HG002_chr11.49861520.49862789|HISEQ1:19:H8VDAADXX:1:2202:18834:87285	14629	16498.0	16569.0	best_hit_to_mtDNA
T	T	-	16566	HG002_all_regions	HG002_chr11.49861520.49862789|HISEQ1:19:H8VDAADXX:1:2202:18834:87285	HG002_chr11.49861520.49862789|HISEQ1:19:H8VDAADXX:1:2202:18834:87285	14629	16498.0	16569.0	best_hit_to_mtDNA
T	T	-	16567	HG002_all_regions	HG002_chr11.49861520.49862789|HISEQ1:19:H8VDAADXX:1:2202:18834:87285	HG002_chr11.49861520.49862789|HISEQ1:19:H8VDAADXX:1:2202:18834:87285	14629	16498.0	16569.0	best_hit_to_mtDNA
A	A	-	16568	HG002_all_regions	HG002_chr11.49861520.49862789|HISEQ1:19:H8VDAADXX:1:2202:18834:87285	HG002_chr11.49861520.49862789|HISEQ1:19:H8VDAADXX:1:2202:18834:87285	14629	16498.0	16569.0	best_hit_to_mtDNA
C	T	-	12362	HG002_all_regions	HG002_chr21.9675697.9677286|HISEQ1:18:H8VC6ADXX:2:1214:20174:73789	HG002_chr21.9675697.9677286|HISEQ1:18:H8VC6ADXX:2:1214:20174:73789	9897	12361.0	12481.0	best_hit_to_mtDNA
A	G	-	12363	HG002_all_regions	HG002_chr21.9675697.9677286|HISEQ1:18:H8VC6ADXX:2:1214:20174:73789	HG002_chr21.9675697.9677286|HISEQ1:18:H8VC6ADXX:2:1214:20174:73789	9897	12361.0	12481.0	best_hit_to_mtDNA
C	C	-	12364	HG002_all_regions	HG002_chr21.9675697.9677286|HISEQ1:18:H8VC6ADXX:2:1214:20174:73789	HG002_chr21.9675697.9677286|HISEQ1:18:H8VC6ADXX:2:1214:20174:73789	9897	12361.0	12481.0	best_hit_to_mtDNA
T	T	-	12365	HG002_all_regions	HG002_chr21.9675697.9677286|HISEQ1:18:H8VC6ADXX:2:1214:20174:73789	HG002_chr21.9675697.9677286|HISEQ1:18:H8VC6ADXX:2:1214:20174:73789	9897	12361.0	12481.0	best_hit_to_mtDNA
A	A	-	12366	HG002_all_regions	HG002_chr21.9675697.9677286|HISEQ1:18:H8VC6ADXX:2:1214:20174:73789	HG002_chr21.9675697.9677286|HISEQ1:18:H8VC6ADXX:2:1214:20174:73789	9897	12361.0	12481.0	best_hit_to_mtDNA
C	C	-	12367	HG002_all_regions	HG002_chr21.9675697.9677286|HISEQ1:18:H8VC6ADXX:2:1214:20174:73789	HG002_chr21.9675697.9677286|HISEQ1:18:H8VC6ADXX:2:1214:20174:73789	9897	12361.0	12481.0	best_hit_to_mtDNA
T	C	-	12368	HG002_all_regions	HG002_chr21.9675697.9677286|HISEQ1:18:H8VC6ADXX:2:1214:20174:73789	HG002_chr21.9675697.9677286|HISEQ1:18:H8VC6ADXX:2:1214:20174:73789	9897	12361.0	12481.0	best_hit_to_mtDNA
A	A	-	12369	HG002_all_regions	HG002_chr21.9675697.9677286|HISEQ1:18:H8VC6ADXX:2:1214:20174:73789	HG002_chr21.9675697.9677286|HISEQ1:18:H8VC6ADXX:2:1214:20174:73789	9897	12361.0	12481.0	best_hit_to_mtDNA
T	T	-	12370	HG002_all_regions	HG002_chr21.9675697.9677286|HISEQ1:18:H8VC6ADXX:2:1214:20174:73789	HG002_chr21.9675697.9677286|HISEQ1:18:H8VC6ADXX:2:1214:20174:73789	9897	12361.0	12481.0	best_hit_to_mtDNA
A	A	-	12371	HG002_all_regions	HG002_chr21.9675697.9677286|HISEQ1:18:H8VC6ADXX:2:1214:20174:73789	HG002_chr21.9675697.9677286|HISEQ1:18:H8VC6ADXX:2:1214:20174:73789	9897	12361.0	12481.0	best_hit_to_mtDNA
A	A	-	12372	HG002_all_regions	HG002_chr21.9675697.9677286|HISEQ1:18:H8VC6ADXX:2:1214:20174:73789	HG002_chr21.9675697.9677286|HISEQ1:18:H8VC6ADXX:2:1214:20174:73789	9897	12361.0	12481.0	best_hit_to_mtDNA
C	C	-	12373	HG002_all_regions	HG002_chr21.9675697.9677286|HISEQ1:18:H8VC6ADXX:2:1214:20174:73789	HG002_chr21.9675697.9677286|HISEQ1:18:H8VC6ADXX:2:1214:20174:73789	9897	12361.0	12481.0	best_hit_to_mtDNA
C	C	-	12374	HG002_all_regions	HG002_chr21.9675697.9677286|HISEQ1:18:H8VC6ADXX:2:1214:20174:73789	HG002_chr21.9675697.9677286|HISEQ1:18:H8VC6ADXX:2:1214:20174:73789	9897	12361.0	12481.0	best_hit_to_mtDNA
A	A	-	12375	HG002_all_regions	HG002_chr21.9675697.9677286|HISEQ1:18:H8VC6ADXX:2:1214:20174:73789	HG002_chr21.9675697.9677286|HISEQ1:18:H8VC6ADXX:2:1214:20174:73789	9897	12361.0	12481.0	best_hit_to_mtDNA
C	C	-	12376	HG002_all_regions	HG002_chr21.9675697.9677286|HISEQ1:18:H8VC6ADXX:2:1214:20174:73789	HG002_chr21.9675697.9677286|HISEQ1:18:H8VC6ADXX:2:1214:20174:73789	9897	12361.0	12481.0	best_hit_to_mtDNA
C	C	-	12377	HG002_all_regions	HG002_chr21.9675697.9677286|HISEQ1:18:H8VC6ADXX:2:1214:20174:73789	HG002_chr21.9675697.9677286|HISEQ1:18:H8VC6ADXX:2:1214:20174:73789	9897	12361.0	12481.0	best_hit_to_mtDNA
C	T	-	12378	HG002_all_regions	HG002_chr21.9675697.9677286|HISEQ1:18:H8VC6ADXX:2:1214:20174:73789	HG002_chr21.9675697.9677286|HISEQ1:18:H8VC6ADXX:2:1214:20174:73789	9897	12361.0	12481.0	best_hit_to_mtDNA
T	T	-	12379	HG002_all_regions	HG002_chr21.9675697.9677286|HISEQ1:18:H8VC6ADXX:2:1214:20174:73789	HG002_chr21.9675697.9677286|HISEQ1:18:H8VC6ADXX:2:1214:20174:73789	9897	12361.0	12481.0	best_hit_to_mtDNA
A	A	-	12380	HG002_all_regions	HG002_chr21.9675697.9677286|HISEQ1:18:H8VC6ADXX:2:1214:20174:73789	HG002_chr21.9675697.9677286|HISEQ1:18:H8VC6ADXX:2:1214:20174:73789	9897	12361.0	12481.0	best_hit_to_mtDNA
A	G	-	12381	HG002_all_regions	HG002_chr21.9675697.9677286|HISEQ1:18:H8VC6ADXX:2:1214:20174:73789	HG002_chr21.9675697.9677286|HISEQ1:18:H8VC6ADXX:2:1214:20174:73789	9897	12361.0	12481.0	best_hit_to_mtDNA
C	C	-	12382	HG002_all_regions	HG002_chr21.9675697.9677286|HISEQ1:18:H8VC6ADXX:2:1214:20174:73789	HG002_chr21.9675697.9677286|HISEQ1:18:H8VC6ADXX:2:1214:20174:73789	9897	12361.0	12481.0	best_hit_to_mtDNA
C	C	-	12383	HG002_all_regions	HG002_chr21.9675697.9677286|HISEQ1:18:H8VC6ADXX:2:1214:20174:73789	HG002_chr21.9675697.9677286|HISEQ1:18:H8VC6ADXX:2:1214:20174:73789	9897	12361.0	12481.0	best_hit_to_mtDNA
C	C	-	12384	HG002_all_regions	HG002_chr21.9675697.9677286|HISEQ1:18:H8VC6ADXX:2:1214:20174:73789	HG002_chr21.9675697.9677286|HISEQ1:18:H8VC6ADXX:2:1214:20174:73789	9897	12361.0	12481.0	best_hit_to_mtDNA
T	T	-	12385	HG002_all_regions	HG002_chr21.9675697.9677286|HISEQ1:18:H8VC6ADXX:2:1214:20174:73789	HG002_chr21.9675697.9677286|HISEQ1:18:H8VC6ADXX:2:1214:20174:73789	9897	12361.0	12481.0	best_hit_to_mtDNA
G	A	-	12386	HG002_all_regions	HG002_chr21.9675697.9677286|HISEQ1:18:H8VC6ADXX:2:1214:20174:73789	HG002_chr21.9675697.9677286|HISEQ1:18:H8VC6ADXX:2:1214:20174:73789	9897	12361.0	12481.0	best_hit_to_mtDNA
A	A	-	12387	HG002_all_regions	HG002_chr21.9675697.9677286|HISEQ1:18:H8VC6ADXX:2:1214:20174:73789	HG002_chr21.9675697.9677286|HISEQ1:18:H8VC6ADXX:2:1214:20174:73789	9897	12361.0	12481.0	best_hit_to_mtDNA
C	C	-	12388	HG002_all_regions	HG002_chr21.9675697.9677286|HISEQ1:18:H8VC6ADXX:2:1214:20174:73789	HG002_chr21.9675697.9677286|HISEQ1:18:H8VC6ADXX:2:1214:20174:73789	9897	12361.0	12481.0	best_hit_to_mtDNA
T	T	-	12389	HG002_all_regions	HG002_chr21.9675697.9677286|HISEQ1:18:H8VC6ADXX:2:1214:20174:73789	HG002_chr21.9675697.9677286|HISEQ1:18:H8VC6ADXX:2:1214:20174:73789	9897	12361.0	12481.0	best_hit_to_mtDNA
T	T	-	12390	HG002_all_regions	HG002_chr21.9675697.9677286|HISEQ1:18:H8VC6ADXX:2:1214:20174:73789	HG002_chr21.9675697.9677286|HISEQ1:18:H8VC6ADXX:2:1214:20174:73789	9897	12361.0	12481.0	best_hit_to_mtDNA
C	C	-	12391	HG002_all_regions	HG002_chr21.9675697.9677286|HISEQ1:18:H8VC6ADXX:2:1214:20174:73789	HG002_chr21.9675697.9677286|HISEQ1:18:H8VC6ADXX:2:1214:20174:73789	9897	12361.0	12481.0	best_hit_to_mtDNA
C	C	-	12392	HG002_all_regions	HG002_chr21.9675697.9677286|HISEQ1:18:H8VC6ADXX:2:1214:20174:73789	HG002_chr21.9675697.9677286|HISEQ1:18:H8VC6ADXX:2:1214:20174:73789	9897	12361.0	12481.0	best_hit_to_mtDNA
C	T	-	12393	HG002_all_regions	HG002_chr21.9675697.9677286|HISEQ1:18:H8VC6ADXX:2:1214:20174:73789	HG002_chr21.9675697.9677286|HISEQ1:18:H8VC6ADXX:2:1214:20174:73789	9897	12361.0	12481.0	best_hit_to_mtDNA
T	T	-	12394	HG002_all_regions	HG002_chr21.9675697.9677286|HISEQ1:18:H8VC6ADXX:2:1214:20174:73789	HG002_chr21.9675697.9677286|HISEQ1:18:H8VC6ADXX:2:1214:20174:73789	9897	12361.0	12481.0	best_hit_to_mtDNA
A	A	-	12395	HG002_all_regions	HG002_chr21.9675697.9677286|HISEQ1:18:H8VC6ADXX:2:1214:20174:73789	HG002_chr21.9675697.9677286|HISEQ1:18:H8VC6ADXX:2:1214:20174:73789	9897	12361.0	12481.0	best_hit_to_mtDNA
A	A	-	12396	HG002_all_regions	HG002_chr21.9675697.9677286|HISEQ1:18:H8VC6ADXX:2:1214:20174:73789	HG002_chr21.9675697.9677286|HISEQ1:18:H8VC6ADXX:2:1214:20174:73789	9897	12361.0	12481.0	best_hit_to_mtDNA
T	T	-	12397	HG002_all_regions	HG002_chr21.9675697.9677286|HISEQ1:18:H8VC6ADXX:2:1214:20174:73789	HG002_chr21.9675697.9677286|HISEQ1:18:H8VC6ADXX:2:1214:20174:73789	9897	12361.0	12481.0	best_hit_to_mtDNA
T	T	-	12398	HG002_all_regions	HG002_chr21.9675697.9677286|HISEQ1:18:H8VC6ADXX:2:1214:20174:73789	HG002_chr21.9675697.9677286|HISEQ1:18:H8VC6ADXX:2:1214:20174:73789	9897	12361.0	12481.0	best_hit_to_mtDNA
C	C	-	12399	HG002_all_regions	HG002_chr21.9675697.9677286|HISEQ1:18:H8VC6ADXX:2:1214:20174:73789	HG002_chr21.9675697.9677286|HISEQ1:18:H8VC6ADXX:2:1214:20174:73789	9897	12361.0	12481.0	best_hit_to_mtDNA
C	C	-	12400	HG002_all_regions	HG002_chr21.9675697.9677286|HISEQ1:18:H8VC6ADXX:2:1214:20174:73789	HG002_chr21.9675697.9677286|HISEQ1:18:H8VC6ADXX:2:1214:20174:73789	9897	12361.0	12481.0	best_hit_to_mtDNA
C	C	-	12401	HG002_all_regions	HG002_chr21.9675697.9677286|HISEQ1:18:H8VC6ADXX:2:1214:20174:73789	HG002_chr21.9675697.9677286|HISEQ1:18:H8VC6ADXX:2:1214:20174:73789	9897	12361.0	12481.0	best_hit_to_mtDNA
C	C	-	12402	HG002_all_regions	HG002_chr21.9675697.9677286|HISEQ1:18:H8VC6ADXX:2:1214:20174:73789	HG002_chr21.9675697.9677286|HISEQ1:18:H8VC6ADXX:2:1214:20174:73789	9897	12361.0	12481.0	best_hit_to_mtDNA
C	C	-	12403	HG002_all_regions	HG002_chr21.9675697.9677286|HISEQ1:18:H8VC6ADXX:2:1214:20174:73789	HG002_chr21.9675697.9677286|HISEQ1:18:H8VC6ADXX:2:1214:20174:73789	9897	12361.0	12481.0	best_hit_to_mtDNA
C	C	-	12404	HG002_all_regions	HG002_chr21.9675697.9677286|HISEQ1:18:H8VC6ADXX:2:1214:20174:73789	HG002_chr21.9675697.9677286|HISEQ1:18:H8VC6ADXX:2:1214:20174:73789	9897	12361.0	12481.0	best_hit_to_mtDNA
A	A	-	12405	HG002_all_regions	HG002_chr21.9675697.9677286|HISEQ1:18:H8VC6ADXX:2:1214:20174:73789	HG002_chr21.9675697.9677286|HISEQ1:18:H8VC6ADXX:2:1214:20174:73789	9897	12361.0	12481.0	best_hit_to_mtDNA
T	T	-	12406	HG002_all_regions	HG002_chr21.9675697.9677286|HISEQ1:18:H8VC6ADXX:2:1214:20174:73789	HG002_chr21.9675697.9677286|HISEQ1:18:H8VC6ADXX:2:1214:20174:73789	9897	12361.0	12481.0	best_hit_to_mtDNA
C	C	-	12407	HG002_all_regions	HG002_chr21.9675697.9677286|HISEQ1:18:H8VC6ADXX:2:1214:20174:73789	HG002_chr21.9675697.9677286|HISEQ1:18:H8VC6ADXX:2:1214:20174:73789	9897	12361.0	12481.0	best_hit_to_mtDNA
C	C	-	12408	HG002_all_regions	HG002_chr21.9675697.9677286|HISEQ1:18:H8VC6ADXX:2:1214:20174:73789	HG002_chr21.9675697.9677286|HISEQ1:18:H8VC6ADXX:2:1214:20174:73789	9897	12361.0	12481.0	best_hit_to_mtDNA
T	T	-	12409	HG002_all_regions	HG002_chr21.9675697.9677286|HISEQ1:18:H8VC6ADXX:2:1214:20174:73789	HG002_chr21.9675697.9677286|HISEQ1:18:H8VC6ADXX:2:1214:20174:73789	9897	12361.0	12481.0	best_hit_to_mtDNA
T	C	-	12410	HG002_all_regions	HG002_chr21.9675697.9677286|HISEQ1:18:H8VC6ADXX:2:1214:20174:73789	HG002_chr21.9675697.9677286|HISEQ1:18:H8VC6ADXX:2:1214:20174:73789	9897	12361.0	12481.0	best_hit_to_mtDNA
A	G	-	12411	HG002_all_regions	HG002_chr21.9675697.9677286|HISEQ1:18:H8VC6ADXX:2:1214:20174:73789	HG002_chr21.9675697.9677286|HISEQ1:18:H8VC6ADXX:2:1214:20174:73789	9897	12361.0	12481.0	best_hit_to_mtDNA
C	G	-	12412	HG002_all_regions	HG002_chr21.9675697.9677286|HISEQ1:18:H8VC6ADXX:2:1214:20174:73789	HG002_chr21.9675697.9677286|HISEQ1:18:H8VC6ADXX:2:1214:20174:73789	9897	12361.0	12481.0	best_hit_to_mtDNA
C	C	-	12413	HG002_all_regions	HG002_chr21.9675697.9677286|HISEQ1:18:H8VC6ADXX:2:1214:20174:73789	HG002_chr21.9675697.9677286|HISEQ1:18:H8VC6ADXX:2:1214:20174:73789	9897	12361.0	12481.0	best_hit_to_mtDNA
A	G	-	12414	HG002_all_regions	HG002_chr21.9675697.9677286|HISEQ1:18:H8VC6ADXX:2:1214:20174:73789	HG002_chr21.9675697.9677286|HISEQ1:18:H8VC6ADXX:2:1214:20174:73789	9897	12361.0	12481.0	best_hit_to_mtDNA
C	C	-	12415	HG002_all_regions	HG002_chr21.9675697.9677286|HISEQ1:18:H8VC6ADXX:2:1214:20174:73789	HG002_chr21.9675697.9677286|HISEQ1:18:H8VC6ADXX:2:1214:20174:73789	9897	12361.0	12481.0	best_hit_to_mtDNA
C	C	-	12416	HG002_all_regions	HG002_chr21.9675697.9677286|HISEQ1:18:H8VC6ADXX:2:1214:20174:73789	HG002_chr21.9675697.9677286|HISEQ1:18:H8VC6ADXX:2:1214:20174:73789	9897	12361.0	12481.0	best_hit_to_mtDNA
C	C	-	12417	HG002_all_regions	HG002_chr21.9675697.9677286|HISEQ1:18:H8VC6ADXX:2:1214:20174:73789	HG002_chr21.9675697.9677286|HISEQ1:18:H8VC6ADXX:2:1214:20174:73789	9897	12361.0	12481.0	best_hit_to_mtDNA
T	T	-	12418	HG002_all_regions	HG002_chr21.9675697.9677286|HISEQ1:18:H8VC6ADXX:2:1214:20174:73789	HG002_chr21.9675697.9677286|HISEQ1:18:H8VC6ADXX:2:1214:20174:73789	9897	12361.0	12481.0	best_hit_to_mtDNA
C	C	-	12419	HG002_all_regions	HG002_chr21.9675697.9677286|HISEQ1:18:H8VC6ADXX:2:1214:20174:73789	HG002_chr21.9675697.9677286|HISEQ1:18:H8VC6ADXX:2:1214:20174:73789	9897	12361.0	12481.0	best_hit_to_mtDNA
G	A	-	12420	HG002_all_regions	HG002_chr21.9675697.9677286|HISEQ1:18:H8VC6ADXX:2:1214:20174:73789	HG002_chr21.9675697.9677286|HISEQ1:18:H8VC6ADXX:2:1214:20174:73789	9897	12361.0	12481.0	best_hit_to_mtDNA
T	T	-	12421	HG002_all_regions	HG002_chr21.9675697.9677286|HISEQ1:18:H8VC6ADXX:2:1214:20174:73789	HG002_chr21.9675697.9677286|HISEQ1:18:H8VC6ADXX:2:1214:20174:73789	9897	12361.0	12481.0	best_hit_to_mtDNA
T	T	-	12422	HG002_all_regions	HG002_chr21.9675697.9677286|HISEQ1:18:H8VC6ADXX:2:1214:20174:73789	HG002_chr21.9675697.9677286|HISEQ1:18:H8VC6ADXX:2:1214:20174:73789	9897	12361.0	12481.0	best_hit_to_mtDNA
A	A	-	12423	HG002_all_regions	HG002_chr21.9675697.9677286|HISEQ1:18:H8VC6ADXX:2:1214:20174:73789	HG002_chr21.9675697.9677286|HISEQ1:18:H8VC6ADXX:2:1214:20174:73789	9897	12361.0	12481.0	best_hit_to_mtDNA
A	A	-	12424	HG002_all_regions	HG002_chr21.9675697.9677286|HISEQ1:18:H8VC6ADXX:2:1214:20174:73789	HG002_chr21.9675697.9677286|HISEQ1:18:H8VC6ADXX:2:1214:20174:73789	9897	12361.0	12481.0	best_hit_to_mtDNA
C	C	-	12425	HG002_all_regions	HG002_chr21.9675697.9677286|HISEQ1:18:H8VC6ADXX:2:1214:20174:73789	HG002_chr21.9675697.9677286|HISEQ1:18:H8VC6ADXX:2:1214:20174:73789	9897	12361.0	12481.0	best_hit_to_mtDNA
C	C	-	12426	HG002_all_regions	HG002_chr21.9675697.9677286|HISEQ1:18:H8VC6ADXX:2:1214:20174:73789	HG002_chr21.9675697.9677286|HISEQ1:18:H8VC6ADXX:2:1214:20174:73789	9897	12361.0	12481.0	best_hit_to_mtDNA
C	C	-	12427	HG002_all_regions	HG002_chr21.9675697.9677286|HISEQ1:18:H8VC6ADXX:2:1214:20174:73789	HG002_chr21.9675697.9677286|HISEQ1:18:H8VC6ADXX:2:1214:20174:73789	9897	12361.0	12481.0	best_hit_to_mtDNA
T	T	-	12428	HG002_all_regions	HG002_chr21.9675697.9677286|HISEQ1:18:H8VC6ADXX:2:1214:20174:73789	HG002_chr21.9675697.9677286|HISEQ1:18:H8VC6ADXX:2:1214:20174:73789	9897	12361.0	12481.0	best_hit_to_mtDNA
A	A	-	12429	HG002_all_regions	HG002_chr21.9675697.9677286|HISEQ1:18:H8VC6ADXX:2:1214:20174:73789	HG002_chr21.9675697.9677286|HISEQ1:18:H8VC6ADXX:2:1214:20174:73789	9897	12361.0	12481.0	best_hit_to_mtDNA
A	A	-	12430	HG002_all_regions	HG002_chr21.9675697.9677286|HISEQ1:18:H8VC6ADXX:2:1214:20174:73789	HG002_chr21.9675697.9677286|HISEQ1:18:H8VC6ADXX:2:1214:20174:73789	9897	12361.0	12481.0	best_hit_to_mtDNA
C	C	-	12431	HG002_all_regions	HG002_chr21.9675697.9677286|HISEQ1:18:H8VC6ADXX:2:1214:20174:73789	HG002_chr21.9675697.9677286|HISEQ1:18:H8VC6ADXX:2:1214:20174:73789	9897	12361.0	12481.0	best_hit_to_mtDNA
A	A	-	12432	HG002_all_regions	HG002_chr21.9675697.9677286|HISEQ1:18:H8VC6ADXX:2:1214:20174:73789	HG002_chr21.9675697.9677286|HISEQ1:18:H8VC6ADXX:2:1214:20174:73789	9897	12361.0	12481.0	best_hit_to_mtDNA
A	A	-	12433	HG002_all_regions	HG002_chr21.9675697.9677286|HISEQ1:18:H8VC6ADXX:2:1214:20174:73789	HG002_chr21.9675697.9677286|HISEQ1:18:H8VC6ADXX:2:1214:20174:73789	9897	12361.0	12481.0	best_hit_to_mtDNA
A	A	-	12434	HG002_all_regions	HG002_chr21.9675697.9677286|HISEQ1:18:H8VC6ADXX:2:1214:20174:73789	HG002_chr21.9675697.9677286|HISEQ1:18:H8VC6ADXX:2:1214:20174:73789	9897	12361.0	12481.0	best_hit_to_mtDNA
A	A	-	12435	HG002_all_regions	HG002_chr21.9675697.9677286|HISEQ1:18:H8VC6ADXX:2:1214:20174:73789	HG002_chr21.9675697.9677286|HISEQ1:18:H8VC6ADXX:2:1214:20174:73789	9897	12361.0	12481.0	best_hit_to_mtDNA
A	A	-	12436	HG002_all_regions	HG002_chr21.9675697.9677286|HISEQ1:18:H8VC6ADXX:2:1214:20174:73789	HG002_chr21.9675697.9677286|HISEQ1:18:H8VC6ADXX:2:1214:20174:73789	9897	12361.0	12481.0	best_hit_to_mtDNA
A	A	-	12437	HG002_all_regions	HG002_chr21.9675697.9677286|HISEQ1:18:H8VC6ADXX:2:1214:20174:73789	HG002_chr21.9675697.9677286|HISEQ1:18:H8VC6ADXX:2:1214:20174:73789	9897	12361.0	12481.0	best_hit_to_mtDNA
A	A	-	12438	HG002_all_regions	HG002_chr21.9675697.9677286|HISEQ1:18:H8VC6ADXX:2:1214:20174:73789	HG002_chr21.9675697.9677286|HISEQ1:18:H8VC6ADXX:2:1214:20174:73789	9897	12361.0	12481.0	best_hit_to_mtDNA
A	A	-	12439	HG002_all_regions	HG002_chr21.9675697.9677286|HISEQ1:18:H8VC6ADXX:2:1214:20174:73789	HG002_chr21.9675697.9677286|HISEQ1:18:H8VC6ADXX:2:1214:20174:73789	9897	12361.0	12481.0	best_hit_to_mtDNA
C	C	-	12440	HG002_all_regions	HG002_chr21.9675697.9677286|HISEQ1:18:H8VC6ADXX:2:1214:20174:73789	HG002_chr21.9675697.9677286|HISEQ1:18:H8VC6ADXX:2:1214:20174:73789	9897	12361.0	12481.0	best_hit_to_mtDNA
T	T	-	12441	HG002_all_regions	HG002_chr21.9675697.9677286|HISEQ1:18:H8VC6ADXX:2:1214:20174:73789	HG002_chr21.9675697.9677286|HISEQ1:18:H8VC6ADXX:2:1214:20174:73789	9897	12361.0	12481.0	best_hit_to_mtDNA
C	C	-	12442	HG002_all_regions	HG002_chr21.9675697.9677286|HISEQ1:18:H8VC6ADXX:2:1214:20174:73789	HG002_chr21.9675697.9677286|HISEQ1:18:H8VC6ADXX:2:1214:20174:73789	9897	12361.0	12481.0	best_hit_to_mtDNA
A	A	-	12443	HG002_all_regions	HG002_chr21.9675697.9677286|HISEQ1:18:H8VC6ADXX:2:1214:20174:73789	HG002_chr21.9675697.9677286|HISEQ1:18:H8VC6ADXX:2:1214:20174:73789	9897	12361.0	12481.0	best_hit_to_mtDNA
T	T	-	12444	HG002_all_regions	HG002_chr21.9675697.9677286|HISEQ1:18:H8VC6ADXX:2:1214:20174:73789	HG002_chr21.9675697.9677286|HISEQ1:18:H8VC6ADXX:2:1214:20174:73789	9897	12361.0	12481.0	best_hit_to_mtDNA
A	A	-	12445	HG002_all_regions	HG002_chr21.9675697.9677286|HISEQ1:18:H8VC6ADXX:2:1214:20174:73789	HG002_chr21.9675697.9677286|HISEQ1:18:H8VC6ADXX:2:1214:20174:73789	9897	12361.0	12481.0	best_hit_to_mtDNA
C	C	-	12446	HG002_all_regions	HG002_chr21.9675697.9677286|HISEQ1:18:H8VC6ADXX:2:1214:20174:73789	HG002_chr21.9675697.9677286|HISEQ1:18:H8VC6ADXX:2:1214:20174:73789	9897	12361.0	12481.0	best_hit_to_mtDNA
C	C	-	12447	HG002_all_regions	HG002_chr21.9675697.9677286|HISEQ1:18:H8VC6ADXX:2:1214:20174:73789	HG002_chr21.9675697.9677286|HISEQ1:18:H8VC6ADXX:2:1214:20174:73789	9897	12361.0	12481.0	best_hit_to_mtDNA
C	C	-	12448	HG002_all_regions	HG002_chr21.9675697.9677286|HISEQ1:18:H8VC6ADXX:2:1214:20174:73789	HG002_chr21.9675697.9677286|HISEQ1:18:H8VC6ADXX:2:1214:20174:73789	9897	12361.0	12481.0	best_hit_to_mtDNA
C	C	-	12449	HG002_all_regions	HG002_chr21.9675697.9677286|HISEQ1:18:H8VC6ADXX:2:1214:20174:73789	HG002_chr21.9675697.9677286|HISEQ1:18:H8VC6ADXX:2:1214:20174:73789	9897	12361.0	12481.0	best_hit_to_mtDNA
C	C	-	12450	HG002_all_regions	HG002_chr21.9675697.9677286|HISEQ1:18:H8VC6ADXX:2:1214:20174:73789	HG002_chr21.9675697.9677286|HISEQ1:18:H8VC6ADXX:2:1214:20174:73789	9897	12361.0	12481.0	best_hit_to_mtDNA
A	A	-	12451	HG002_all_regions	HG002_chr21.9675697.9677286|HISEQ1:18:H8VC6ADXX:2:1214:20174:73789	HG002_chr21.9675697.9677286|HISEQ1:18:H8VC6ADXX:2:1214:20174:73789	9897	12361.0	12481.0	best_hit_to_mtDNA
T	T	-	12452	HG002_all_regions	HG002_chr21.9675697.9677286|HISEQ1:18:H8VC6ADXX:2:1214:20174:73789	HG002_chr21.9675697.9677286|HISEQ1:18:H8VC6ADXX:2:1214:20174:73789	9897	12361.0	12481.0	best_hit_to_mtDNA
T	T	-	12453	HG002_all_regions	HG002_chr21.9675697.9677286|HISEQ1:18:H8VC6ADXX:2:1214:20174:73789	HG002_chr21.9675697.9677286|HISEQ1:18:H8VC6ADXX:2:1214:20174:73789	9897	12361.0	12481.0	best_hit_to_mtDNA
A	A	-	12454	HG002_all_regions	HG002_chr21.9675697.9677286|HISEQ1:18:H8VC6ADXX:2:1214:20174:73789	HG002_chr21.9675697.9677286|HISEQ1:18:H8VC6ADXX:2:1214:20174:73789	9897	12361.0	12481.0	best_hit_to_mtDNA
T	C	-	12455	HG002_all_regions	HG002_chr21.9675697.9677286|HISEQ1:18:H8VC6ADXX:2:1214:20174:73789	HG002_chr21.9675697.9677286|HISEQ1:18:H8VC6ADXX:2:1214:20174:73789	9897	12361.0	12481.0	best_hit_to_mtDNA
G	G	-	12456	HG002_all_regions	HG002_chr21.9675697.9677286|HISEQ1:18:H8VC6ADXX:2:1214:20174:73789	HG002_chr21.9675697.9677286|HISEQ1:18:H8VC6ADXX:2:1214:20174:73789	9897	12361.0	12481.0	best_hit_to_mtDNA
T	T	-	12457	HG002_all_regions	HG002_chr21.9675697.9677286|HISEQ1:18:H8VC6ADXX:2:1214:20174:73789	HG002_chr21.9675697.9677286|HISEQ1:18:H8VC6ADXX:2:1214:20174:73789	9897	12361.0	12481.0	best_hit_to_mtDNA
A	G	-	12458	HG002_all_regions	HG002_chr21.9675697.9677286|HISEQ1:18:H8VC6ADXX:2:1214:20174:73789	HG002_chr21.9675697.9677286|HISEQ1:18:H8VC6ADXX:2:1214:20174:73789	9897	12361.0	12481.0	best_hit_to_mtDNA
A	A	-	12459	HG002_all_regions	HG002_chr21.9675697.9677286|HISEQ1:18:H8VC6ADXX:2:1214:20174:73789	HG002_chr21.9675697.9677286|HISEQ1:18:H8VC6ADXX:2:1214:20174:73789	9897	12361.0	12481.0	best_hit_to_mtDNA
A	A	-	12460	HG002_all_regions	HG002_chr21.9675697.9677286|HISEQ1:18:H8VC6ADXX:2:1214:20174:73789	HG002_chr21.9675697.9677286|HISEQ1:18:H8VC6ADXX:2:1214:20174:73789	9897	12361.0	12481.0	best_hit_to_mtDNA
A	A	-	12461	HG002_all_regions	HG002_chr21.9675697.9677286|HISEQ1:18:H8VC6ADXX:2:1214:20174:73789	HG002_chr21.9675697.9677286|HISEQ1:18:H8VC6ADXX:2:1214:20174:73789	9897	12361.0	12481.0	best_hit_to_mtDNA
T	T	-	12462	HG002_all_regions	HG002_chr21.9675697.9677286|HISEQ1:18:H8VC6ADXX:2:1214:20174:73789	HG002_chr21.9675697.9677286|HISEQ1:18:H8VC6ADXX:2:1214:20174:73789	9897	12361.0	12481.0	best_hit_to_mtDNA
C	C	-	12463	HG002_all_regions	HG002_chr21.9675697.9677286|HISEQ1:18:H8VC6ADXX:2:1214:20174:73789	HG002_chr21.9675697.9677286|HISEQ1:18:H8VC6ADXX:2:1214:20174:73789	9897	12361.0	12481.0	best_hit_to_mtDNA
C	C	-	12464	HG002_all_regions	HG002_chr21.9675697.9677286|HISEQ1:18:H8VC6ADXX:2:1214:20174:73789	HG002_chr21.9675697.9677286|HISEQ1:18:H8VC6ADXX:2:1214:20174:73789	9897	12361.0	12481.0	best_hit_to_mtDNA
A	A	-	12465	HG002_all_regions	HG002_chr21.9675697.9677286|HISEQ1:18:H8VC6ADXX:2:1214:20174:73789	HG002_chr21.9675697.9677286|HISEQ1:18:H8VC6ADXX:2:1214:20174:73789	9897	12361.0	12481.0	best_hit_to_mtDNA
T	T	-	12466	HG002_all_regions	HG002_chr21.9675697.9677286|HISEQ1:18:H8VC6ADXX:2:1214:20174:73789	HG002_chr21.9675697.9677286|HISEQ1:18:H8VC6ADXX:2:1214:20174:73789	9897	12361.0	12481.0	best_hit_to_mtDNA
T	T	-	12467	HG002_all_regions	HG002_chr21.9675697.9677286|HISEQ1:18:H8VC6ADXX:2:1214:20174:73789	HG002_chr21.9675697.9677286|HISEQ1:18:H8VC6ADXX:2:1214:20174:73789	9897	12361.0	12481.0	best_hit_to_mtDNA
G	A	-	12468	HG002_all_regions	HG002_chr21.9675697.9677286|HISEQ1:18:H8VC6ADXX:2:1214:20174:73789	HG002_chr21.9675697.9677286|HISEQ1:18:H8VC6ADXX:2:1214:20174:73789	9897	12361.0	12481.0	best_hit_to_mtDNA
T	T	-	12469	HG002_all_regions	HG002_chr21.9675697.9677286|HISEQ1:18:H8VC6ADXX:2:1214:20174:73789	HG002_chr21.9675697.9677286|HISEQ1:18:H8VC6ADXX:2:1214:20174:73789	9897	12361.0	12481.0	best_hit_to_mtDNA
C	C	-	12470	HG002_all_regions	HG002_chr21.9675697.9677286|HISEQ1:18:H8VC6ADXX:2:1214:20174:73789	HG002_chr21.9675697.9677286|HISEQ1:18:H8VC6ADXX:2:1214:20174:73789	9897	12361.0	12481.0	best_hit_to_mtDNA
G	G	-	12471	HG002_all_regions	HG002_chr21.9675697.9677286|HISEQ1:18:H8VC6ADXX:2:1214:20174:73789	HG002_chr21.9675697.9677286|HISEQ1:18:H8VC6ADXX:2:1214:20174:73789	9897	12361.0	12481.0	best_hit_to_mtDNA
C	C	-	12472	HG002_all_regions	HG002_chr21.9675697.9677286|HISEQ1:18:H8VC6ADXX:2:1214:20174:73789	HG002_chr21.9675697.9677286|HISEQ1:18:H8VC6ADXX:2:1214:20174:73789	9897	12361.0	12481.0	best_hit_to_mtDNA
A	A	-	12473	HG002_all_regions	HG002_chr21.9675697.9677286|HISEQ1:18:H8VC6ADXX:2:1214:20174:73789	HG002_chr21.9675697.9677286|HISEQ1:18:H8VC6ADXX:2:1214:20174:73789	9897	12361.0	12481.0	best_hit_to_mtDNA
T	T	-	12474	HG002_all_regions	HG002_chr21.9675697.9677286|HISEQ1:18:H8VC6ADXX:2:1214:20174:73789	HG002_chr21.9675697.9677286|HISEQ1:18:H8VC6ADXX:2:1214:20174:73789	9897	12361.0	12481.0	best_hit_to_mtDNA
C	C	-	12475	HG002_all_regions	HG002_chr21.9675697.9677286|HISEQ1:18:H8VC6ADXX:2:1214:20174:73789	HG002_chr21.9675697.9677286|HISEQ1:18:H8VC6ADXX:2:1214:20174:73789	9897	12361.0	12481.0	best_hit_to_mtDNA
C	C	-	12476	HG002_all_regions	HG002_chr21.9675697.9677286|HISEQ1:18:H8VC6ADXX:2:1214:20174:73789	HG002_chr21.9675697.9677286|HISEQ1:18:H8VC6ADXX:2:1214:20174:73789	9897	12361.0	12481.0	best_hit_to_mtDNA
A	A	-	12477	HG002_all_regions	HG002_chr21.9675697.9677286|HISEQ1:18:H8VC6ADXX:2:1214:20174:73789	HG002_chr21.9675697.9677286|HISEQ1:18:H8VC6ADXX:2:1214:20174:73789	9897	12361.0	12481.0	best_hit_to_mtDNA
C	C	-	12478	HG002_all_regions	HG002_chr21.9675697.9677286|HISEQ1:18:H8VC6ADXX:2:1214:20174:73789	HG002_chr21.9675697.9677286|HISEQ1:18:H8VC6ADXX:2:1214:20174:73789	9897	12361.0	12481.0	best_hit_to_mtDNA
C	C	-	12479	HG002_all_regions	HG002_chr21.9675697.9677286|HISEQ1:18:H8VC6ADXX:2:1214:20174:73789	HG002_chr21.9675697.9677286|HISEQ1:18:H8VC6ADXX:2:1214:20174:73789	9897	12361.0	12481.0	best_hit_to_mtDNA
T	T	-	12480	HG002_all_regions	HG002_chr21.9675697.9677286|HISEQ1:18:H8VC6ADXX:2:1214:20174:73789	HG002_chr21.9675697.9677286|HISEQ1:18:H8VC6ADXX:2:1214:20174:73789	9897	12361.0	12481.0	best_hit_to_mtDNA
G	G	-	14873	HG002_all_regions	HG002_chr5.32337782.32339138|HISEQ1:18:H8VC6ADXX:1:2216:21178:54998	HG002_chr5.32337782.32339138|HISEQ1:18:H8VC6ADXX:1:2216:21178:54998	3730	14872.0	14977.0	best_hit_to_mtDNA
C	C	-	14874	HG002_all_regions	HG002_chr5.32337782.32339138|HISEQ1:18:H8VC6ADXX:1:2216:21178:54998	HG002_chr5.32337782.32339138|HISEQ1:18:H8VC6ADXX:1:2216:21178:54998	3730	14872.0	14977.0	best_hit_to_mtDNA
G	G	-	14875	HG002_all_regions	HG002_chr5.32337782.32339138|HISEQ1:18:H8VC6ADXX:1:2216:21178:54998	HG002_chr5.32337782.32339138|HISEQ1:18:H8VC6ADXX:1:2216:21178:54998	3730	14872.0	14977.0	best_hit_to_mtDNA
C	C	-	14876	HG002_all_regions	HG002_chr5.32337782.32339138|HISEQ1:18:H8VC6ADXX:1:2216:21178:54998	HG002_chr5.32337782.32339138|HISEQ1:18:H8VC6ADXX:1:2216:21178:54998	3730	14872.0	14977.0	best_hit_to_mtDNA
C	C	-	14877	HG002_all_regions	HG002_chr5.32337782.32339138|HISEQ1:18:H8VC6ADXX:1:2216:21178:54998	HG002_chr5.32337782.32339138|HISEQ1:18:H8VC6ADXX:1:2216:21178:54998	3730	14872.0	14977.0	best_hit_to_mtDNA
T	T	-	14878	HG002_all_regions	HG002_chr5.32337782.32339138|HISEQ1:18:H8VC6ADXX:1:2216:21178:54998	HG002_chr5.32337782.32339138|HISEQ1:18:H8VC6ADXX:1:2216:21178:54998	3730	14872.0	14977.0	best_hit_to_mtDNA
G	G	-	14879	HG002_all_regions	HG002_chr5.32337782.32339138|HISEQ1:18:H8VC6ADXX:1:2216:21178:54998	HG002_chr5.32337782.32339138|HISEQ1:18:H8VC6ADXX:1:2216:21178:54998	3730	14872.0	14977.0	best_hit_to_mtDNA
C	C	-	14880	HG002_all_regions	HG002_chr5.32337782.32339138|HISEQ1:18:H8VC6ADXX:1:2216:21178:54998	HG002_chr5.32337782.32339138|HISEQ1:18:H8VC6ADXX:1:2216:21178:54998	3730	14872.0	14977.0	best_hit_to_mtDNA
C	C	-	14881	HG002_all_regions	HG002_chr5.32337782.32339138|HISEQ1:18:H8VC6ADXX:1:2216:21178:54998	HG002_chr5.32337782.32339138|HISEQ1:18:H8VC6ADXX:1:2216:21178:54998	3730	14872.0	14977.0	best_hit_to_mtDNA
T	T	-	14882	HG002_all_regions	HG002_chr5.32337782.32339138|HISEQ1:18:H8VC6ADXX:1:2216:21178:54998	HG002_chr5.32337782.32339138|HISEQ1:18:H8VC6ADXX:1:2216:21178:54998	3730	14872.0	14977.0	best_hit_to_mtDNA
G	A	-	14883	HG002_all_regions	HG002_chr5.32337782.32339138|HISEQ1:18:H8VC6ADXX:1:2216:21178:54998	HG002_chr5.32337782.32339138|HISEQ1:18:H8VC6ADXX:1:2216:21178:54998	3730	14872.0	14977.0	best_hit_to_mtDNA
A	A	-	14884	HG002_all_regions	HG002_chr5.32337782.32339138|HISEQ1:18:H8VC6ADXX:1:2216:21178:54998	HG002_chr5.32337782.32339138|HISEQ1:18:H8VC6ADXX:1:2216:21178:54998	3730	14872.0	14977.0	best_hit_to_mtDNA
T	T	-	14885	HG002_all_regions	HG002_chr5.32337782.32339138|HISEQ1:18:H8VC6ADXX:1:2216:21178:54998	HG002_chr5.32337782.32339138|HISEQ1:18:H8VC6ADXX:1:2216:21178:54998	3730	14872.0	14977.0	best_hit_to_mtDNA
C	C	-	14886	HG002_all_regions	HG002_chr5.32337782.32339138|HISEQ1:18:H8VC6ADXX:1:2216:21178:54998	HG002_chr5.32337782.32339138|HISEQ1:18:H8VC6ADXX:1:2216:21178:54998	3730	14872.0	14977.0	best_hit_to_mtDNA
C	C	-	14887	HG002_all_regions	HG002_chr5.32337782.32339138|HISEQ1:18:H8VC6ADXX:1:2216:21178:54998	HG002_chr5.32337782.32339138|HISEQ1:18:H8VC6ADXX:1:2216:21178:54998	3730	14872.0	14977.0	best_hit_to_mtDNA
T	T	-	14888	HG002_all_regions	HG002_chr5.32337782.32339138|HISEQ1:18:H8VC6ADXX:1:2216:21178:54998	HG002_chr5.32337782.32339138|HISEQ1:18:H8VC6ADXX:1:2216:21178:54998	3730	14872.0	14977.0	best_hit_to_mtDNA
C	T	-	14889	HG002_all_regions	HG002_chr5.32337782.32339138|HISEQ1:18:H8VC6ADXX:1:2216:21178:54998	HG002_chr5.32337782.32339138|HISEQ1:18:H8VC6ADXX:1:2216:21178:54998	3730	14872.0	14977.0	best_hit_to_mtDNA
C	C	-	14890	HG002_all_regions	HG002_chr5.32337782.32339138|HISEQ1:18:H8VC6ADXX:1:2216:21178:54998	HG002_chr5.32337782.32339138|HISEQ1:18:H8VC6ADXX:1:2216:21178:54998	3730	14872.0	14977.0	best_hit_to_mtDNA
A	A	-	14891	HG002_all_regions	HG002_chr5.32337782.32339138|HISEQ1:18:H8VC6ADXX:1:2216:21178:54998	HG002_chr5.32337782.32339138|HISEQ1:18:H8VC6ADXX:1:2216:21178:54998	3730	14872.0	14977.0	best_hit_to_mtDNA
A	A	-	14892	HG002_all_regions	HG002_chr5.32337782.32339138|HISEQ1:18:H8VC6ADXX:1:2216:21178:54998	HG002_chr5.32337782.32339138|HISEQ1:18:H8VC6ADXX:1:2216:21178:54998	3730	14872.0	14977.0	best_hit_to_mtDNA
A	A	-	14893	HG002_all_regions	HG002_chr5.32337782.32339138|HISEQ1:18:H8VC6ADXX:1:2216:21178:54998	HG002_chr5.32337782.32339138|HISEQ1:18:H8VC6ADXX:1:2216:21178:54998	3730	14872.0	14977.0	best_hit_to_mtDNA
T	T	-	14894	HG002_all_regions	HG002_chr5.32337782.32339138|HISEQ1:18:H8VC6ADXX:1:2216:21178:54998	HG002_chr5.32337782.32339138|HISEQ1:18:H8VC6ADXX:1:2216:21178:54998	3730	14872.0	14977.0	best_hit_to_mtDNA
C	T	-	14895	HG002_all_regions	HG002_chr5.32337782.32339138|HISEQ1:18:H8VC6ADXX:1:2216:21178:54998	HG002_chr5.32337782.32339138|HISEQ1:18:H8VC6ADXX:1:2216:21178:54998	3730	14872.0	14977.0	best_hit_to_mtDNA
A	A	-	14896	HG002_all_regions	HG002_chr5.32337782.32339138|HISEQ1:18:H8VC6ADXX:1:2216:21178:54998	HG002_chr5.32337782.32339138|HISEQ1:18:H8VC6ADXX:1:2216:21178:54998	3730	14872.0	14977.0	best_hit_to_mtDNA
C	C	-	14897	HG002_all_regions	HG002_chr5.32337782.32339138|HISEQ1:18:H8VC6ADXX:1:2216:21178:54998	HG002_chr5.32337782.32339138|HISEQ1:18:H8VC6ADXX:1:2216:21178:54998	3730	14872.0	14977.0	best_hit_to_mtDNA
C	C	-	14898	HG002_all_regions	HG002_chr5.32337782.32339138|HISEQ1:18:H8VC6ADXX:1:2216:21178:54998	HG002_chr5.32337782.32339138|HISEQ1:18:H8VC6ADXX:1:2216:21178:54998	3730	14872.0	14977.0	best_hit_to_mtDNA
A	A	-	14899	HG002_all_regions	HG002_chr5.32337782.32339138|HISEQ1:18:H8VC6ADXX:1:2216:21178:54998	HG002_chr5.32337782.32339138|HISEQ1:18:H8VC6ADXX:1:2216:21178:54998	3730	14872.0	14977.0	best_hit_to_mtDNA
C	C	-	14900	HG002_all_regions	HG002_chr5.32337782.32339138|HISEQ1:18:H8VC6ADXX:1:2216:21178:54998	HG002_chr5.32337782.32339138|HISEQ1:18:H8VC6ADXX:1:2216:21178:54998	3730	14872.0	14977.0	best_hit_to_mtDNA
A	A	-	14901	HG002_all_regions	HG002_chr5.32337782.32339138|HISEQ1:18:H8VC6ADXX:1:2216:21178:54998	HG002_chr5.32337782.32339138|HISEQ1:18:H8VC6ADXX:1:2216:21178:54998	3730	14872.0	14977.0	best_hit_to_mtDNA
G	G	-	14902	HG002_all_regions	HG002_chr5.32337782.32339138|HISEQ1:18:H8VC6ADXX:1:2216:21178:54998	HG002_chr5.32337782.32339138|HISEQ1:18:H8VC6ADXX:1:2216:21178:54998	3730	14872.0	14977.0	best_hit_to_mtDNA
G	G	-	14903	HG002_all_regions	HG002_chr5.32337782.32339138|HISEQ1:18:H8VC6ADXX:1:2216:21178:54998	HG002_chr5.32337782.32339138|HISEQ1:18:H8VC6ADXX:1:2216:21178:54998	3730	14872.0	14977.0	best_hit_to_mtDNA
A	A	-	14904	HG002_all_regions	HG002_chr5.32337782.32339138|HISEQ1:18:H8VC6ADXX:1:2216:21178:54998	HG002_chr5.32337782.32339138|HISEQ1:18:H8VC6ADXX:1:2216:21178:54998	3730	14872.0	14977.0	best_hit_to_mtDNA
C	T	-	14905	HG002_all_regions	HG002_chr5.32337782.32339138|HISEQ1:18:H8VC6ADXX:1:2216:21178:54998	HG002_chr5.32337782.32339138|HISEQ1:18:H8VC6ADXX:1:2216:21178:54998	3730	14872.0	14977.0	best_hit_to_mtDNA
T	T	-	14906	HG002_all_regions	HG002_chr5.32337782.32339138|HISEQ1:18:H8VC6ADXX:1:2216:21178:54998	HG002_chr5.32337782.32339138|HISEQ1:18:H8VC6ADXX:1:2216:21178:54998	3730	14872.0	14977.0	best_hit_to_mtDNA
A	A	-	14907	HG002_all_regions	HG002_chr5.32337782.32339138|HISEQ1:18:H8VC6ADXX:1:2216:21178:54998	HG002_chr5.32337782.32339138|HISEQ1:18:H8VC6ADXX:1:2216:21178:54998	3730	14872.0	14977.0	best_hit_to_mtDNA
T	T	-	14908	HG002_all_regions	HG002_chr5.32337782.32339138|HISEQ1:18:H8VC6ADXX:1:2216:21178:54998	HG002_chr5.32337782.32339138|HISEQ1:18:H8VC6ADXX:1:2216:21178:54998	3730	14872.0	14977.0	best_hit_to_mtDNA
T	T	-	14909	HG002_all_regions	HG002_chr5.32337782.32339138|HISEQ1:18:H8VC6ADXX:1:2216:21178:54998	HG002_chr5.32337782.32339138|HISEQ1:18:H8VC6ADXX:1:2216:21178:54998	3730	14872.0	14977.0	best_hit_to_mtDNA
C	C	-	14910	HG002_all_regions	HG002_chr5.32337782.32339138|HISEQ1:18:H8VC6ADXX:1:2216:21178:54998	HG002_chr5.32337782.32339138|HISEQ1:18:H8VC6ADXX:1:2216:21178:54998	3730	14872.0	14977.0	best_hit_to_mtDNA
C	C	-	14911	HG002_all_regions	HG002_chr5.32337782.32339138|HISEQ1:18:H8VC6ADXX:1:2216:21178:54998	HG002_chr5.32337782.32339138|HISEQ1:18:H8VC6ADXX:1:2216:21178:54998	3730	14872.0	14977.0	best_hit_to_mtDNA
T	T	-	14912	HG002_all_regions	HG002_chr5.32337782.32339138|HISEQ1:18:H8VC6ADXX:1:2216:21178:54998	HG002_chr5.32337782.32339138|HISEQ1:18:H8VC6ADXX:1:2216:21178:54998	3730	14872.0	14977.0	best_hit_to_mtDNA
A	A	-	14913	HG002_all_regions	HG002_chr5.32337782.32339138|HISEQ1:18:H8VC6ADXX:1:2216:21178:54998	HG002_chr5.32337782.32339138|HISEQ1:18:H8VC6ADXX:1:2216:21178:54998	3730	14872.0	14977.0	best_hit_to_mtDNA
G	G	-	14914	HG002_all_regions	HG002_chr5.32337782.32339138|HISEQ1:18:H8VC6ADXX:1:2216:21178:54998	HG002_chr5.32337782.32339138|HISEQ1:18:H8VC6ADXX:1:2216:21178:54998	3730	14872.0	14977.0	best_hit_to_mtDNA
C	C	-	14915	HG002_all_regions	HG002_chr5.32337782.32339138|HISEQ1:18:H8VC6ADXX:1:2216:21178:54998	HG002_chr5.32337782.32339138|HISEQ1:18:H8VC6ADXX:1:2216:21178:54998	3730	14872.0	14977.0	best_hit_to_mtDNA
C	T	-	14916	HG002_all_regions	HG002_chr5.32337782.32339138|HISEQ1:18:H8VC6ADXX:1:2216:21178:54998	HG002_chr5.32337782.32339138|HISEQ1:18:H8VC6ADXX:1:2216:21178:54998	3730	14872.0	14977.0	best_hit_to_mtDNA
A	A	-	14917	HG002_all_regions	HG002_chr5.32337782.32339138|HISEQ1:18:H8VC6ADXX:1:2216:21178:54998	HG002_chr5.32337782.32339138|HISEQ1:18:H8VC6ADXX:1:2216:21178:54998	3730	14872.0	14977.0	best_hit_to_mtDNA
T	T	-	14918	HG002_all_regions	HG002_chr5.32337782.32339138|HISEQ1:18:H8VC6ADXX:1:2216:21178:54998	HG002_chr5.32337782.32339138|HISEQ1:18:H8VC6ADXX:1:2216:21178:54998	3730	14872.0	14977.0	best_hit_to_mtDNA
G	A	-	14919	HG002_all_regions	HG002_chr5.32337782.32339138|HISEQ1:18:H8VC6ADXX:1:2216:21178:54998	HG002_chr5.32337782.32339138|HISEQ1:18:H8VC6ADXX:1:2216:21178:54998	3730	14872.0	14977.0	best_hit_to_mtDNA
C	C	-	14920	HG002_all_regions	HG002_chr5.32337782.32339138|HISEQ1:18:H8VC6ADXX:1:2216:21178:54998	HG002_chr5.32337782.32339138|HISEQ1:18:H8VC6ADXX:1:2216:21178:54998	3730	14872.0	14977.0	best_hit_to_mtDNA
A	A	-	14921	HG002_all_regions	HG002_chr5.32337782.32339138|HISEQ1:18:H8VC6ADXX:1:2216:21178:54998	HG002_chr5.32337782.32339138|HISEQ1:18:H8VC6ADXX:1:2216:21178:54998	3730	14872.0	14977.0	best_hit_to_mtDNA
C	C	-	14922	HG002_all_regions	HG002_chr5.32337782.32339138|HISEQ1:18:H8VC6ADXX:1:2216:21178:54998	HG002_chr5.32337782.32339138|HISEQ1:18:H8VC6ADXX:1:2216:21178:54998	3730	14872.0	14977.0	best_hit_to_mtDNA
T	T	-	14923	HG002_all_regions	HG002_chr5.32337782.32339138|HISEQ1:18:H8VC6ADXX:1:2216:21178:54998	HG002_chr5.32337782.32339138|HISEQ1:18:H8VC6ADXX:1:2216:21178:54998	3730	14872.0	14977.0	best_hit_to_mtDNA
A	A	-	14924	HG002_all_regions	HG002_chr5.32337782.32339138|HISEQ1:18:H8VC6ADXX:1:2216:21178:54998	HG002_chr5.32337782.32339138|HISEQ1:18:H8VC6ADXX:1:2216:21178:54998	3730	14872.0	14977.0	best_hit_to_mtDNA
C	C	-	14925	HG002_all_regions	HG002_chr5.32337782.32339138|HISEQ1:18:H8VC6ADXX:1:2216:21178:54998	HG002_chr5.32337782.32339138|HISEQ1:18:H8VC6ADXX:1:2216:21178:54998	3730	14872.0	14977.0	best_hit_to_mtDNA
T	T	-	14926	HG002_all_regions	HG002_chr5.32337782.32339138|HISEQ1:18:H8VC6ADXX:1:2216:21178:54998	HG002_chr5.32337782.32339138|HISEQ1:18:H8VC6ADXX:1:2216:21178:54998	3730	14872.0	14977.0	best_hit_to_mtDNA
C	C	-	14927	HG002_all_regions	HG002_chr5.32337782.32339138|HISEQ1:18:H8VC6ADXX:1:2216:21178:54998	HG002_chr5.32337782.32339138|HISEQ1:18:H8VC6ADXX:1:2216:21178:54998	3730	14872.0	14977.0	best_hit_to_mtDNA
A	A	-	14928	HG002_all_regions	HG002_chr5.32337782.32339138|HISEQ1:18:H8VC6ADXX:1:2216:21178:54998	HG002_chr5.32337782.32339138|HISEQ1:18:H8VC6ADXX:1:2216:21178:54998	3730	14872.0	14977.0	best_hit_to_mtDNA
C	C	-	14929	HG002_all_regions	HG002_chr5.32337782.32339138|HISEQ1:18:H8VC6ADXX:1:2216:21178:54998	HG002_chr5.32337782.32339138|HISEQ1:18:H8VC6ADXX:1:2216:21178:54998	3730	14872.0	14977.0	best_hit_to_mtDNA
C	C	-	14930	HG002_all_regions	HG002_chr5.32337782.32339138|HISEQ1:18:H8VC6ADXX:1:2216:21178:54998	HG002_chr5.32337782.32339138|HISEQ1:18:H8VC6ADXX:1:2216:21178:54998	3730	14872.0	14977.0	best_hit_to_mtDNA
A	A	-	14931	HG002_all_regions	HG002_chr5.32337782.32339138|HISEQ1:18:H8VC6ADXX:1:2216:21178:54998	HG002_chr5.32337782.32339138|HISEQ1:18:H8VC6ADXX:1:2216:21178:54998	3730	14872.0	14977.0	best_hit_to_mtDNA
G	G	-	14932	HG002_all_regions	HG002_chr5.32337782.32339138|HISEQ1:18:H8VC6ADXX:1:2216:21178:54998	HG002_chr5.32337782.32339138|HISEQ1:18:H8VC6ADXX:1:2216:21178:54998	3730	14872.0	14977.0	best_hit_to_mtDNA
A	A	-	14933	HG002_all_regions	HG002_chr5.32337782.32339138|HISEQ1:18:H8VC6ADXX:1:2216:21178:54998	HG002_chr5.32337782.32339138|HISEQ1:18:H8VC6ADXX:1:2216:21178:54998	3730	14872.0	14977.0	best_hit_to_mtDNA
C	C	-	14934	HG002_all_regions	HG002_chr5.32337782.32339138|HISEQ1:18:H8VC6ADXX:1:2216:21178:54998	HG002_chr5.32337782.32339138|HISEQ1:18:H8VC6ADXX:1:2216:21178:54998	3730	14872.0	14977.0	best_hit_to_mtDNA
G	G	-	14935	HG002_all_regions	HG002_chr5.32337782.32339138|HISEQ1:18:H8VC6ADXX:1:2216:21178:54998	HG002_chr5.32337782.32339138|HISEQ1:18:H8VC6ADXX:1:2216:21178:54998	3730	14872.0	14977.0	best_hit_to_mtDNA
C	C	-	14936	HG002_all_regions	HG002_chr5.32337782.32339138|HISEQ1:18:H8VC6ADXX:1:2216:21178:54998	HG002_chr5.32337782.32339138|HISEQ1:18:H8VC6ADXX:1:2216:21178:54998	3730	14872.0	14977.0	best_hit_to_mtDNA
C	C	-	14937	HG002_all_regions	HG002_chr5.32337782.32339138|HISEQ1:18:H8VC6ADXX:1:2216:21178:54998	HG002_chr5.32337782.32339138|HISEQ1:18:H8VC6ADXX:1:2216:21178:54998	3730	14872.0	14977.0	best_hit_to_mtDNA
T	T	-	14938	HG002_all_regions	HG002_chr5.32337782.32339138|HISEQ1:18:H8VC6ADXX:1:2216:21178:54998	HG002_chr5.32337782.32339138|HISEQ1:18:H8VC6ADXX:1:2216:21178:54998	3730	14872.0	14977.0	best_hit_to_mtDNA
C	C	-	14939	HG002_all_regions	HG002_chr5.32337782.32339138|HISEQ1:18:H8VC6ADXX:1:2216:21178:54998	HG002_chr5.32337782.32339138|HISEQ1:18:H8VC6ADXX:1:2216:21178:54998	3730	14872.0	14977.0	best_hit_to_mtDNA
A	A	-	14940	HG002_all_regions	HG002_chr5.32337782.32339138|HISEQ1:18:H8VC6ADXX:1:2216:21178:54998	HG002_chr5.32337782.32339138|HISEQ1:18:H8VC6ADXX:1:2216:21178:54998	3730	14872.0	14977.0	best_hit_to_mtDNA
A	A	-	14941	HG002_all_regions	HG002_chr5.32337782.32339138|HISEQ1:18:H8VC6ADXX:1:2216:21178:54998	HG002_chr5.32337782.32339138|HISEQ1:18:H8VC6ADXX:1:2216:21178:54998	3730	14872.0	14977.0	best_hit_to_mtDNA
C	C	-	14942	HG002_all_regions	HG002_chr5.32337782.32339138|HISEQ1:18:H8VC6ADXX:1:2216:21178:54998	HG002_chr5.32337782.32339138|HISEQ1:18:H8VC6ADXX:1:2216:21178:54998	3730	14872.0	14977.0	best_hit_to_mtDNA
C	C	-	14943	HG002_all_regions	HG002_chr5.32337782.32339138|HISEQ1:18:H8VC6ADXX:1:2216:21178:54998	HG002_chr5.32337782.32339138|HISEQ1:18:H8VC6ADXX:1:2216:21178:54998	3730	14872.0	14977.0	best_hit_to_mtDNA
G	G	-	14944	HG002_all_regions	HG002_chr5.32337782.32339138|HISEQ1:18:H8VC6ADXX:1:2216:21178:54998	HG002_chr5.32337782.32339138|HISEQ1:18:H8VC6ADXX:1:2216:21178:54998	3730	14872.0	14977.0	best_hit_to_mtDNA
C	C	-	14945	HG002_all_regions	HG002_chr5.32337782.32339138|HISEQ1:18:H8VC6ADXX:1:2216:21178:54998	HG002_chr5.32337782.32339138|HISEQ1:18:H8VC6ADXX:1:2216:21178:54998	3730	14872.0	14977.0	best_hit_to_mtDNA
C	C	-	14946	HG002_all_regions	HG002_chr5.32337782.32339138|HISEQ1:18:H8VC6ADXX:1:2216:21178:54998	HG002_chr5.32337782.32339138|HISEQ1:18:H8VC6ADXX:1:2216:21178:54998	3730	14872.0	14977.0	best_hit_to_mtDNA
T	T	-	14947	HG002_all_regions	HG002_chr5.32337782.32339138|HISEQ1:18:H8VC6ADXX:1:2216:21178:54998	HG002_chr5.32337782.32339138|HISEQ1:18:H8VC6ADXX:1:2216:21178:54998	3730	14872.0	14977.0	best_hit_to_mtDNA
T	T	-	14948	HG002_all_regions	HG002_chr5.32337782.32339138|HISEQ1:18:H8VC6ADXX:1:2216:21178:54998	HG002_chr5.32337782.32339138|HISEQ1:18:H8VC6ADXX:1:2216:21178:54998	3730	14872.0	14977.0	best_hit_to_mtDNA
T	C	-	14949	HG002_all_regions	HG002_chr5.32337782.32339138|HISEQ1:18:H8VC6ADXX:1:2216:21178:54998	HG002_chr5.32337782.32339138|HISEQ1:18:H8VC6ADXX:1:2216:21178:54998	3730	14872.0	14977.0	best_hit_to_mtDNA
T	T	-	14950	HG002_all_regions	HG002_chr5.32337782.32339138|HISEQ1:18:H8VC6ADXX:1:2216:21178:54998	HG002_chr5.32337782.32339138|HISEQ1:18:H8VC6ADXX:1:2216:21178:54998	3730	14872.0	14977.0	best_hit_to_mtDNA
C	C	-	14951	HG002_all_regions	HG002_chr5.32337782.32339138|HISEQ1:18:H8VC6ADXX:1:2216:21178:54998	HG002_chr5.32337782.32339138|HISEQ1:18:H8VC6ADXX:1:2216:21178:54998	3730	14872.0	14977.0	best_hit_to_mtDNA
A	G	-	14952	HG002_all_regions	HG002_chr5.32337782.32339138|HISEQ1:18:H8VC6ADXX:1:2216:21178:54998	HG002_chr5.32337782.32339138|HISEQ1:18:H8VC6ADXX:1:2216:21178:54998	3730	14872.0	14977.0	best_hit_to_mtDNA
T	T	-	14953	HG002_all_regions	HG002_chr5.32337782.32339138|HISEQ1:18:H8VC6ADXX:1:2216:21178:54998	HG002_chr5.32337782.32339138|HISEQ1:18:H8VC6ADXX:1:2216:21178:54998	3730	14872.0	14977.0	best_hit_to_mtDNA
C	C	-	14954	HG002_all_regions	HG002_chr5.32337782.32339138|HISEQ1:18:H8VC6ADXX:1:2216:21178:54998	HG002_chr5.32337782.32339138|HISEQ1:18:H8VC6ADXX:1:2216:21178:54998	3730	14872.0	14977.0	best_hit_to_mtDNA
A	G	-	14955	HG002_all_regions	HG002_chr5.32337782.32339138|HISEQ1:18:H8VC6ADXX:1:2216:21178:54998	HG002_chr5.32337782.32339138|HISEQ1:18:H8VC6ADXX:1:2216:21178:54998	3730	14872.0	14977.0	best_hit_to_mtDNA
A	A	-	14956	HG002_all_regions	HG002_chr5.32337782.32339138|HISEQ1:18:H8VC6ADXX:1:2216:21178:54998	HG002_chr5.32337782.32339138|HISEQ1:18:H8VC6ADXX:1:2216:21178:54998	3730	14872.0	14977.0	best_hit_to_mtDNA
T	T	-	14957	HG002_all_regions	HG002_chr5.32337782.32339138|HISEQ1:18:H8VC6ADXX:1:2216:21178:54998	HG002_chr5.32337782.32339138|HISEQ1:18:H8VC6ADXX:1:2216:21178:54998	3730	14872.0	14977.0	best_hit_to_mtDNA
C	C	-	14958	HG002_all_regions	HG002_chr5.32337782.32339138|HISEQ1:18:H8VC6ADXX:1:2216:21178:54998	HG002_chr5.32337782.32339138|HISEQ1:18:H8VC6ADXX:1:2216:21178:54998	3730	14872.0	14977.0	best_hit_to_mtDNA
G	G	-	14959	HG002_all_regions	HG002_chr5.32337782.32339138|HISEQ1:18:H8VC6ADXX:1:2216:21178:54998	HG002_chr5.32337782.32339138|HISEQ1:18:H8VC6ADXX:1:2216:21178:54998	3730	14872.0	14977.0	best_hit_to_mtDNA
C	C	-	14960	HG002_all_regions	HG002_chr5.32337782.32339138|HISEQ1:18:H8VC6ADXX:1:2216:21178:54998	HG002_chr5.32337782.32339138|HISEQ1:18:H8VC6ADXX:1:2216:21178:54998	3730	14872.0	14977.0	best_hit_to_mtDNA
C	C	-	14961	HG002_all_regions	HG002_chr5.32337782.32339138|HISEQ1:18:H8VC6ADXX:1:2216:21178:54998	HG002_chr5.32337782.32339138|HISEQ1:18:H8VC6ADXX:1:2216:21178:54998	3730	14872.0	14977.0	best_hit_to_mtDNA
C	C	-	14962	HG002_all_regions	HG002_chr5.32337782.32339138|HISEQ1:18:H8VC6ADXX:1:2216:21178:54998	HG002_chr5.32337782.32339138|HISEQ1:18:H8VC6ADXX:1:2216:21178:54998	3730	14872.0	14977.0	best_hit_to_mtDNA
A	A	-	14963	HG002_all_regions	HG002_chr5.32337782.32339138|HISEQ1:18:H8VC6ADXX:1:2216:21178:54998	HG002_chr5.32337782.32339138|HISEQ1:18:H8VC6ADXX:1:2216:21178:54998	3730	14872.0	14977.0	best_hit_to_mtDNA
C	C	-	14964	HG002_all_regions	HG002_chr5.32337782.32339138|HISEQ1:18:H8VC6ADXX:1:2216:21178:54998	HG002_chr5.32337782.32339138|HISEQ1:18:H8VC6ADXX:1:2216:21178:54998	3730	14872.0	14977.0	best_hit_to_mtDNA
A	A	-	14965	HG002_all_regions	HG002_chr5.32337782.32339138|HISEQ1:18:H8VC6ADXX:1:2216:21178:54998	HG002_chr5.32337782.32339138|HISEQ1:18:H8VC6ADXX:1:2216:21178:54998	3730	14872.0	14977.0	best_hit_to_mtDNA
T	T	-	14966	HG002_all_regions	HG002_chr5.32337782.32339138|HISEQ1:18:H8VC6ADXX:1:2216:21178:54998	HG002_chr5.32337782.32339138|HISEQ1:18:H8VC6ADXX:1:2216:21178:54998	3730	14872.0	14977.0	best_hit_to_mtDNA
C	C	-	14967	HG002_all_regions	HG002_chr5.32337782.32339138|HISEQ1:18:H8VC6ADXX:1:2216:21178:54998	HG002_chr5.32337782.32339138|HISEQ1:18:H8VC6ADXX:1:2216:21178:54998	3730	14872.0	14977.0	best_hit_to_mtDNA
A	A	-	14968	HG002_all_regions	HG002_chr5.32337782.32339138|HISEQ1:18:H8VC6ADXX:1:2216:21178:54998	HG002_chr5.32337782.32339138|HISEQ1:18:H8VC6ADXX:1:2216:21178:54998	3730	14872.0	14977.0	best_hit_to_mtDNA
C	C	-	14969	HG002_all_regions	HG002_chr5.32337782.32339138|HISEQ1:18:H8VC6ADXX:1:2216:21178:54998	HG002_chr5.32337782.32339138|HISEQ1:18:H8VC6ADXX:1:2216:21178:54998	3730	14872.0	14977.0	best_hit_to_mtDNA
T	C	-	14970	HG002_all_regions	HG002_chr5.32337782.32339138|HISEQ1:18:H8VC6ADXX:1:2216:21178:54998	HG002_chr5.32337782.32339138|HISEQ1:18:H8VC6ADXX:1:2216:21178:54998	3730	14872.0	14977.0	best_hit_to_mtDNA
C	C	-	14971	HG002_all_regions	HG002_chr5.32337782.32339138|HISEQ1:18:H8VC6ADXX:1:2216:21178:54998	HG002_chr5.32337782.32339138|HISEQ1:18:H8VC6ADXX:1:2216:21178:54998	3730	14872.0	14977.0	best_hit_to_mtDNA
G	G	-	14972	HG002_all_regions	HG002_chr5.32337782.32339138|HISEQ1:18:H8VC6ADXX:1:2216:21178:54998	HG002_chr5.32337782.32339138|HISEQ1:18:H8VC6ADXX:1:2216:21178:54998	3730	14872.0	14977.0	best_hit_to_mtDNA
A	A	-	14973	HG002_all_regions	HG002_chr5.32337782.32339138|HISEQ1:18:H8VC6ADXX:1:2216:21178:54998	HG002_chr5.32337782.32339138|HISEQ1:18:H8VC6ADXX:1:2216:21178:54998	3730	14872.0	14977.0	best_hit_to_mtDNA
G	G	-	14974	HG002_all_regions	HG002_chr5.32337782.32339138|HISEQ1:18:H8VC6ADXX:1:2216:21178:54998	HG002_chr5.32337782.32339138|HISEQ1:18:H8VC6ADXX:1:2216:21178:54998	3730	14872.0	14977.0	best_hit_to_mtDNA
A	A	-	14975	HG002_all_regions	HG002_chr5.32337782.32339138|HISEQ1:18:H8VC6ADXX:1:2216:21178:54998	HG002_chr5.32337782.32339138|HISEQ1:18:H8VC6ADXX:1:2216:21178:54998	3730	14872.0	14977.0	best_hit_to_mtDNA
C	C	-	14976	HG002_all_regions	HG002_chr5.32337782.32339138|HISEQ1:18:H8VC6ADXX:1:2216:21178:54998	HG002_chr5.32337782.32339138|HISEQ1:18:H8VC6ADXX:1:2216:21178:54998	3730	14872.0	14977.0	best_hit_to_mtDNA
T	T	-	6226	HG002_all_regions	HG002_chr9.129055.130496|HISEQ1:19:H8VDAADXX:2:2206:8062:68186	HG002_chr9.129055.130496|HISEQ1:19:H8VDAADXX:2:2206:8062:68186	14664	6225.0	6325.0	best_hit_to_mtDNA
C	C	-	6227	HG002_all_regions	HG002_chr9.129055.130496|HISEQ1:19:H8VDAADXX:2:2206:8062:68186	HG002_chr9.129055.130496|HISEQ1:19:H8VDAADXX:2:2206:8062:68186	14664	6225.0	6325.0	best_hit_to_mtDNA
T	T	-	6228	HG002_all_regions	HG002_chr9.129055.130496|HISEQ1:19:H8VDAADXX:2:2206:8062:68186	HG002_chr9.129055.130496|HISEQ1:19:H8VDAADXX:2:2206:8062:68186	14664	6225.0	6325.0	best_hit_to_mtDNA
C	C	-	6229	HG002_all_regions	HG002_chr9.129055.130496|HISEQ1:19:H8VDAADXX:2:2206:8062:68186	HG002_chr9.129055.130496|HISEQ1:19:H8VDAADXX:2:2206:8062:68186	14664	6225.0	6325.0	best_hit_to_mtDNA
T	T	-	6230	HG002_all_regions	HG002_chr9.129055.130496|HISEQ1:19:H8VDAADXX:2:2206:8062:68186	HG002_chr9.129055.130496|HISEQ1:19:H8VDAADXX:2:2206:8062:68186	14664	6225.0	6325.0	best_hit_to_mtDNA
C	C	-	6231	HG002_all_regions	HG002_chr9.129055.130496|HISEQ1:19:H8VDAADXX:2:2206:8062:68186	HG002_chr9.129055.130496|HISEQ1:19:H8VDAADXX:2:2206:8062:68186	14664	6225.0	6325.0	best_hit_to_mtDNA
C	C	-	6232	HG002_all_regions	HG002_chr9.129055.130496|HISEQ1:19:H8VDAADXX:2:2206:8062:68186	HG002_chr9.129055.130496|HISEQ1:19:H8VDAADXX:2:2206:8062:68186	14664	6225.0	6325.0	best_hit_to_mtDNA
T	T	-	6233	HG002_all_regions	HG002_chr9.129055.130496|HISEQ1:19:H8VDAADXX:2:2206:8062:68186	HG002_chr9.129055.130496|HISEQ1:19:H8VDAADXX:2:2206:8062:68186	14664	6225.0	6325.0	best_hit_to_mtDNA
A	A	-	6234	HG002_all_regions	HG002_chr9.129055.130496|HISEQ1:19:H8VDAADXX:2:2206:8062:68186	HG002_chr9.129055.130496|HISEQ1:19:H8VDAADXX:2:2206:8062:68186	14664	6225.0	6325.0	best_hit_to_mtDNA
C	C	-	6235	HG002_all_regions	HG002_chr9.129055.130496|HISEQ1:19:H8VDAADXX:2:2206:8062:68186	HG002_chr9.129055.130496|HISEQ1:19:H8VDAADXX:2:2206:8062:68186	14664	6225.0	6325.0	best_hit_to_mtDNA
T	T	-	6236	HG002_all_regions	HG002_chr9.129055.130496|HISEQ1:19:H8VDAADXX:2:2206:8062:68186	HG002_chr9.129055.130496|HISEQ1:19:H8VDAADXX:2:2206:8062:68186	14664	6225.0	6325.0	best_hit_to_mtDNA
C	T	-	6237	HG002_all_regions	HG002_chr9.129055.130496|HISEQ1:19:H8VDAADXX:2:2206:8062:68186	HG002_chr9.129055.130496|HISEQ1:19:H8VDAADXX:2:2206:8062:68186	14664	6225.0	6325.0	best_hit_to_mtDNA
C	C	-	6238	HG002_all_regions	HG002_chr9.129055.130496|HISEQ1:19:H8VDAADXX:2:2206:8062:68186	HG002_chr9.129055.130496|HISEQ1:19:H8VDAADXX:2:2206:8062:68186	14664	6225.0	6325.0	best_hit_to_mtDNA
T	T	-	6239	HG002_all_regions	HG002_chr9.129055.130496|HISEQ1:19:H8VDAADXX:2:2206:8062:68186	HG002_chr9.129055.130496|HISEQ1:19:H8VDAADXX:2:2206:8062:68186	14664	6225.0	6325.0	best_hit_to_mtDNA
G	A	-	6240	HG002_all_regions	HG002_chr9.129055.130496|HISEQ1:19:H8VDAADXX:2:2206:8062:68186	HG002_chr9.129055.130496|HISEQ1:19:H8VDAADXX:2:2206:8062:68186	14664	6225.0	6325.0	best_hit_to_mtDNA
C	C	-	6241	HG002_all_regions	HG002_chr9.129055.130496|HISEQ1:19:H8VDAADXX:2:2206:8062:68186	HG002_chr9.129055.130496|HISEQ1:19:H8VDAADXX:2:2206:8062:68186	14664	6225.0	6325.0	best_hit_to_mtDNA
T	T	-	6242	HG002_all_regions	HG002_chr9.129055.130496|HISEQ1:19:H8VDAADXX:2:2206:8062:68186	HG002_chr9.129055.130496|HISEQ1:19:H8VDAADXX:2:2206:8062:68186	14664	6225.0	6325.0	best_hit_to_mtDNA
C	T	-	6243	HG002_all_regions	HG002_chr9.129055.130496|HISEQ1:19:H8VDAADXX:2:2206:8062:68186	HG002_chr9.129055.130496|HISEQ1:19:H8VDAADXX:2:2206:8062:68186	14664	6225.0	6325.0	best_hit_to_mtDNA
G	G	-	6244	HG002_all_regions	HG002_chr9.129055.130496|HISEQ1:19:H8VDAADXX:2:2206:8062:68186	HG002_chr9.129055.130496|HISEQ1:19:H8VDAADXX:2:2206:8062:68186	14664	6225.0	6325.0	best_hit_to_mtDNA
C	C	-	6245	HG002_all_regions	HG002_chr9.129055.130496|HISEQ1:19:H8VDAADXX:2:2206:8062:68186	HG002_chr9.129055.130496|HISEQ1:19:H8VDAADXX:2:2206:8062:68186	14664	6225.0	6325.0	best_hit_to_mtDNA
A	A	-	6246	HG002_all_regions	HG002_chr9.129055.130496|HISEQ1:19:H8VDAADXX:2:2206:8062:68186	HG002_chr9.129055.130496|HISEQ1:19:H8VDAADXX:2:2206:8062:68186	14664	6225.0	6325.0	best_hit_to_mtDNA
T	T	-	6247	HG002_all_regions	HG002_chr9.129055.130496|HISEQ1:19:H8VDAADXX:2:2206:8062:68186	HG002_chr9.129055.130496|HISEQ1:19:H8VDAADXX:2:2206:8062:68186	14664	6225.0	6325.0	best_hit_to_mtDNA
C	C	-	6248	HG002_all_regions	HG002_chr9.129055.130496|HISEQ1:19:H8VDAADXX:2:2206:8062:68186	HG002_chr9.129055.130496|HISEQ1:19:H8VDAADXX:2:2206:8062:68186	14664	6225.0	6325.0	best_hit_to_mtDNA
T	T	-	6249	HG002_all_regions	HG002_chr9.129055.130496|HISEQ1:19:H8VDAADXX:2:2206:8062:68186	HG002_chr9.129055.130496|HISEQ1:19:H8VDAADXX:2:2206:8062:68186	14664	6225.0	6325.0	best_hit_to_mtDNA
G	G	-	6250	HG002_all_regions	HG002_chr9.129055.130496|HISEQ1:19:H8VDAADXX:2:2206:8062:68186	HG002_chr9.129055.130496|HISEQ1:19:H8VDAADXX:2:2206:8062:68186	14664	6225.0	6325.0	best_hit_to_mtDNA
C	C	-	6251	HG002_all_regions	HG002_chr9.129055.130496|HISEQ1:19:H8VDAADXX:2:2206:8062:68186	HG002_chr9.129055.130496|HISEQ1:19:H8VDAADXX:2:2206:8062:68186	14664	6225.0	6325.0	best_hit_to_mtDNA
T	C	-	6252	HG002_all_regions	HG002_chr9.129055.130496|HISEQ1:19:H8VDAADXX:2:2206:8062:68186	HG002_chr9.129055.130496|HISEQ1:19:H8VDAADXX:2:2206:8062:68186	14664	6225.0	6325.0	best_hit_to_mtDNA
A	A	-	6253	HG002_all_regions	HG002_chr9.129055.130496|HISEQ1:19:H8VDAADXX:2:2206:8062:68186	HG002_chr9.129055.130496|HISEQ1:19:H8VDAADXX:2:2206:8062:68186	14664	6225.0	6325.0	best_hit_to_mtDNA
T	T	-	6254	HG002_all_regions	HG002_chr9.129055.130496|HISEQ1:19:H8VDAADXX:2:2206:8062:68186	HG002_chr9.129055.130496|HISEQ1:19:H8VDAADXX:2:2206:8062:68186	14664	6225.0	6325.0	best_hit_to_mtDNA
A	A	-	6255	HG002_all_regions	HG002_chr9.129055.130496|HISEQ1:19:H8VDAADXX:2:2206:8062:68186	HG002_chr9.129055.130496|HISEQ1:19:H8VDAADXX:2:2206:8062:68186	14664	6225.0	6325.0	best_hit_to_mtDNA
G	G	-	6256	HG002_all_regions	HG002_chr9.129055.130496|HISEQ1:19:H8VDAADXX:2:2206:8062:68186	HG002_chr9.129055.130496|HISEQ1:19:H8VDAADXX:2:2206:8062:68186	14664	6225.0	6325.0	best_hit_to_mtDNA
T	T	-	6257	HG002_all_regions	HG002_chr9.129055.130496|HISEQ1:19:H8VDAADXX:2:2206:8062:68186	HG002_chr9.129055.130496|HISEQ1:19:H8VDAADXX:2:2206:8062:68186	14664	6225.0	6325.0	best_hit_to_mtDNA
G	A	-	6258	HG002_all_regions	HG002_chr9.129055.130496|HISEQ1:19:H8VDAADXX:2:2206:8062:68186	HG002_chr9.129055.130496|HISEQ1:19:H8VDAADXX:2:2206:8062:68186	14664	6225.0	6325.0	best_hit_to_mtDNA
G	G	-	6259	HG002_all_regions	HG002_chr9.129055.130496|HISEQ1:19:H8VDAADXX:2:2206:8062:68186	HG002_chr9.129055.130496|HISEQ1:19:H8VDAADXX:2:2206:8062:68186	14664	6225.0	6325.0	best_hit_to_mtDNA
A	A	-	6260	HG002_all_regions	HG002_chr9.129055.130496|HISEQ1:19:H8VDAADXX:2:2206:8062:68186	HG002_chr9.129055.130496|HISEQ1:19:H8VDAADXX:2:2206:8062:68186	14664	6225.0	6325.0	best_hit_to_mtDNA
G	A	-	6261	HG002_all_regions	HG002_chr9.129055.130496|HISEQ1:19:H8VDAADXX:2:2206:8062:68186	HG002_chr9.129055.130496|HISEQ1:19:H8VDAADXX:2:2206:8062:68186	14664	6225.0	6325.0	best_hit_to_mtDNA
G	G	-	6262	HG002_all_regions	HG002_chr9.129055.130496|HISEQ1:19:H8VDAADXX:2:2206:8062:68186	HG002_chr9.129055.130496|HISEQ1:19:H8VDAADXX:2:2206:8062:68186	14664	6225.0	6325.0	best_hit_to_mtDNA
C	C	-	6263	HG002_all_regions	HG002_chr9.129055.130496|HISEQ1:19:H8VDAADXX:2:2206:8062:68186	HG002_chr9.129055.130496|HISEQ1:19:H8VDAADXX:2:2206:8062:68186	14664	6225.0	6325.0	best_hit_to_mtDNA
C	C	-	6264	HG002_all_regions	HG002_chr9.129055.130496|HISEQ1:19:H8VDAADXX:2:2206:8062:68186	HG002_chr9.129055.130496|HISEQ1:19:H8VDAADXX:2:2206:8062:68186	14664	6225.0	6325.0	best_hit_to_mtDNA
G	G	-	6265	HG002_all_regions	HG002_chr9.129055.130496|HISEQ1:19:H8VDAADXX:2:2206:8062:68186	HG002_chr9.129055.130496|HISEQ1:19:H8VDAADXX:2:2206:8062:68186	14664	6225.0	6325.0	best_hit_to_mtDNA
G	G	-	6266	HG002_all_regions	HG002_chr9.129055.130496|HISEQ1:19:H8VDAADXX:2:2206:8062:68186	HG002_chr9.129055.130496|HISEQ1:19:H8VDAADXX:2:2206:8062:68186	14664	6225.0	6325.0	best_hit_to_mtDNA
A	C	-	6267	HG002_all_regions	HG002_chr9.129055.130496|HISEQ1:19:H8VDAADXX:2:2206:8062:68186	HG002_chr9.129055.130496|HISEQ1:19:H8VDAADXX:2:2206:8062:68186	14664	6225.0	6325.0	best_hit_to_mtDNA
G	G	-	6268	HG002_all_regions	HG002_chr9.129055.130496|HISEQ1:19:H8VDAADXX:2:2206:8062:68186	HG002_chr9.129055.130496|HISEQ1:19:H8VDAADXX:2:2206:8062:68186	14664	6225.0	6325.0	best_hit_to_mtDNA
C	C	-	6269	HG002_all_regions	HG002_chr9.129055.130496|HISEQ1:19:H8VDAADXX:2:2206:8062:68186	HG002_chr9.129055.130496|HISEQ1:19:H8VDAADXX:2:2206:8062:68186	14664	6225.0	6325.0	best_hit_to_mtDNA
A	G	-	6270	HG002_all_regions	HG002_chr9.129055.130496|HISEQ1:19:H8VDAADXX:2:2206:8062:68186	HG002_chr9.129055.130496|HISEQ1:19:H8VDAADXX:2:2206:8062:68186	14664	6225.0	6325.0	best_hit_to_mtDNA
G	G	-	6271	HG002_all_regions	HG002_chr9.129055.130496|HISEQ1:19:H8VDAADXX:2:2206:8062:68186	HG002_chr9.129055.130496|HISEQ1:19:H8VDAADXX:2:2206:8062:68186	14664	6225.0	6325.0	best_hit_to_mtDNA
G	G	-	6272	HG002_all_regions	HG002_chr9.129055.130496|HISEQ1:19:H8VDAADXX:2:2206:8062:68186	HG002_chr9.129055.130496|HISEQ1:19:H8VDAADXX:2:2206:8062:68186	14664	6225.0	6325.0	best_hit_to_mtDNA
A	A	-	6273	HG002_all_regions	HG002_chr9.129055.130496|HISEQ1:19:H8VDAADXX:2:2206:8062:68186	HG002_chr9.129055.130496|HISEQ1:19:H8VDAADXX:2:2206:8062:68186	14664	6225.0	6325.0	best_hit_to_mtDNA
A	A	-	6274	HG002_all_regions	HG002_chr9.129055.130496|HISEQ1:19:H8VDAADXX:2:2206:8062:68186	HG002_chr9.129055.130496|HISEQ1:19:H8VDAADXX:2:2206:8062:68186	14664	6225.0	6325.0	best_hit_to_mtDNA
C	C	-	6275	HG002_all_regions	HG002_chr9.129055.130496|HISEQ1:19:H8VDAADXX:2:2206:8062:68186	HG002_chr9.129055.130496|HISEQ1:19:H8VDAADXX:2:2206:8062:68186	14664	6225.0	6325.0	best_hit_to_mtDNA
A	A	-	6276	HG002_all_regions	HG002_chr9.129055.130496|HISEQ1:19:H8VDAADXX:2:2206:8062:68186	HG002_chr9.129055.130496|HISEQ1:19:H8VDAADXX:2:2206:8062:68186	14664	6225.0	6325.0	best_hit_to_mtDNA
G	G	-	6277	HG002_all_regions	HG002_chr9.129055.130496|HISEQ1:19:H8VDAADXX:2:2206:8062:68186	HG002_chr9.129055.130496|HISEQ1:19:H8VDAADXX:2:2206:8062:68186	14664	6225.0	6325.0	best_hit_to_mtDNA
G	G	-	6278	HG002_all_regions	HG002_chr9.129055.130496|HISEQ1:19:H8VDAADXX:2:2206:8062:68186	HG002_chr9.129055.130496|HISEQ1:19:H8VDAADXX:2:2206:8062:68186	14664	6225.0	6325.0	best_hit_to_mtDNA
T	T	-	6279	HG002_all_regions	HG002_chr9.129055.130496|HISEQ1:19:H8VDAADXX:2:2206:8062:68186	HG002_chr9.129055.130496|HISEQ1:19:H8VDAADXX:2:2206:8062:68186	14664	6225.0	6325.0	best_hit_to_mtDNA
T	T	-	6280	HG002_all_regions	HG002_chr9.129055.130496|HISEQ1:19:H8VDAADXX:2:2206:8062:68186	HG002_chr9.129055.130496|HISEQ1:19:H8VDAADXX:2:2206:8062:68186	14664	6225.0	6325.0	best_hit_to_mtDNA
G	G	-	6281	HG002_all_regions	HG002_chr9.129055.130496|HISEQ1:19:H8VDAADXX:2:2206:8062:68186	HG002_chr9.129055.130496|HISEQ1:19:H8VDAADXX:2:2206:8062:68186	14664	6225.0	6325.0	best_hit_to_mtDNA
A	A	-	6282	HG002_all_regions	HG002_chr9.129055.130496|HISEQ1:19:H8VDAADXX:2:2206:8062:68186	HG002_chr9.129055.130496|HISEQ1:19:H8VDAADXX:2:2206:8062:68186	14664	6225.0	6325.0	best_hit_to_mtDNA
A	A	-	6283	HG002_all_regions	HG002_chr9.129055.130496|HISEQ1:19:H8VDAADXX:2:2206:8062:68186	HG002_chr9.129055.130496|HISEQ1:19:H8VDAADXX:2:2206:8062:68186	14664	6225.0	6325.0	best_hit_to_mtDNA
C	C	-	6284	HG002_all_regions	HG002_chr9.129055.130496|HISEQ1:19:H8VDAADXX:2:2206:8062:68186	HG002_chr9.129055.130496|HISEQ1:19:H8VDAADXX:2:2206:8062:68186	14664	6225.0	6325.0	best_hit_to_mtDNA
A	A	-	6285	HG002_all_regions	HG002_chr9.129055.130496|HISEQ1:19:H8VDAADXX:2:2206:8062:68186	HG002_chr9.129055.130496|HISEQ1:19:H8VDAADXX:2:2206:8062:68186	14664	6225.0	6325.0	best_hit_to_mtDNA
G	G	-	6286	HG002_all_regions	HG002_chr9.129055.130496|HISEQ1:19:H8VDAADXX:2:2206:8062:68186	HG002_chr9.129055.130496|HISEQ1:19:H8VDAADXX:2:2206:8062:68186	14664	6225.0	6325.0	best_hit_to_mtDNA
T	T	-	6287	HG002_all_regions	HG002_chr9.129055.130496|HISEQ1:19:H8VDAADXX:2:2206:8062:68186	HG002_chr9.129055.130496|HISEQ1:19:H8VDAADXX:2:2206:8062:68186	14664	6225.0	6325.0	best_hit_to_mtDNA
C	C	-	6288	HG002_all_regions	HG002_chr9.129055.130496|HISEQ1:19:H8VDAADXX:2:2206:8062:68186	HG002_chr9.129055.130496|HISEQ1:19:H8VDAADXX:2:2206:8062:68186	14664	6225.0	6325.0	best_hit_to_mtDNA
T	T	-	6289	HG002_all_regions	HG002_chr9.129055.130496|HISEQ1:19:H8VDAADXX:2:2206:8062:68186	HG002_chr9.129055.130496|HISEQ1:19:H8VDAADXX:2:2206:8062:68186	14664	6225.0	6325.0	best_hit_to_mtDNA
A	A	-	6290	HG002_all_regions	HG002_chr9.129055.130496|HISEQ1:19:H8VDAADXX:2:2206:8062:68186	HG002_chr9.129055.130496|HISEQ1:19:H8VDAADXX:2:2206:8062:68186	14664	6225.0	6325.0	best_hit_to_mtDNA
C	C	-	6291	HG002_all_regions	HG002_chr9.129055.130496|HISEQ1:19:H8VDAADXX:2:2206:8062:68186	HG002_chr9.129055.130496|HISEQ1:19:H8VDAADXX:2:2206:8062:68186	14664	6225.0	6325.0	best_hit_to_mtDNA
C	C	-	6292	HG002_all_regions	HG002_chr9.129055.130496|HISEQ1:19:H8VDAADXX:2:2206:8062:68186	HG002_chr9.129055.130496|HISEQ1:19:H8VDAADXX:2:2206:8062:68186	14664	6225.0	6325.0	best_hit_to_mtDNA
C	C	-	6293	HG002_all_regions	HG002_chr9.129055.130496|HISEQ1:19:H8VDAADXX:2:2206:8062:68186	HG002_chr9.129055.130496|HISEQ1:19:H8VDAADXX:2:2206:8062:68186	14664	6225.0	6325.0	best_hit_to_mtDNA
T	T	-	6294	HG002_all_regions	HG002_chr9.129055.130496|HISEQ1:19:H8VDAADXX:2:2206:8062:68186	HG002_chr9.129055.130496|HISEQ1:19:H8VDAADXX:2:2206:8062:68186	14664	6225.0	6325.0	best_hit_to_mtDNA
C	C	-	6295	HG002_all_regions	HG002_chr9.129055.130496|HISEQ1:19:H8VDAADXX:2:2206:8062:68186	HG002_chr9.129055.130496|HISEQ1:19:H8VDAADXX:2:2206:8062:68186	14664	6225.0	6325.0	best_hit_to_mtDNA
C	C	-	6296	HG002_all_regions	HG002_chr9.129055.130496|HISEQ1:19:H8VDAADXX:2:2206:8062:68186	HG002_chr9.129055.130496|HISEQ1:19:H8VDAADXX:2:2206:8062:68186	14664	6225.0	6325.0	best_hit_to_mtDNA
C	C	-	6297	HG002_all_regions	HG002_chr9.129055.130496|HISEQ1:19:H8VDAADXX:2:2206:8062:68186	HG002_chr9.129055.130496|HISEQ1:19:H8VDAADXX:2:2206:8062:68186	14664	6225.0	6325.0	best_hit_to_mtDNA
T	T	-	6298	HG002_all_regions	HG002_chr9.129055.130496|HISEQ1:19:H8VDAADXX:2:2206:8062:68186	HG002_chr9.129055.130496|HISEQ1:19:H8VDAADXX:2:2206:8062:68186	14664	6225.0	6325.0	best_hit_to_mtDNA
T	T	-	6299	HG002_all_regions	HG002_chr9.129055.130496|HISEQ1:19:H8VDAADXX:2:2206:8062:68186	HG002_chr9.129055.130496|HISEQ1:19:H8VDAADXX:2:2206:8062:68186	14664	6225.0	6325.0	best_hit_to_mtDNA
A	A	-	6300	HG002_all_regions	HG002_chr9.129055.130496|HISEQ1:19:H8VDAADXX:2:2206:8062:68186	HG002_chr9.129055.130496|HISEQ1:19:H8VDAADXX:2:2206:8062:68186	14664	6225.0	6325.0	best_hit_to_mtDNA
G	G	-	6301	HG002_all_regions	HG002_chr9.129055.130496|HISEQ1:19:H8VDAADXX:2:2206:8062:68186	HG002_chr9.129055.130496|HISEQ1:19:H8VDAADXX:2:2206:8062:68186	14664	6225.0	6325.0	best_hit_to_mtDNA
C	C	-	6302	HG002_all_regions	HG002_chr9.129055.130496|HISEQ1:19:H8VDAADXX:2:2206:8062:68186	HG002_chr9.129055.130496|HISEQ1:19:H8VDAADXX:2:2206:8062:68186	14664	6225.0	6325.0	best_hit_to_mtDNA
A	G	-	6303	HG002_all_regions	HG002_chr9.129055.130496|HISEQ1:19:H8VDAADXX:2:2206:8062:68186	HG002_chr9.129055.130496|HISEQ1:19:H8VDAADXX:2:2206:8062:68186	14664	6225.0	6325.0	best_hit_to_mtDNA
G	G	-	6304	HG002_all_regions	HG002_chr9.129055.130496|HISEQ1:19:H8VDAADXX:2:2206:8062:68186	HG002_chr9.129055.130496|HISEQ1:19:H8VDAADXX:2:2206:8062:68186	14664	6225.0	6325.0	best_hit_to_mtDNA
G	G	-	6305	HG002_all_regions	HG002_chr9.129055.130496|HISEQ1:19:H8VDAADXX:2:2206:8062:68186	HG002_chr9.129055.130496|HISEQ1:19:H8VDAADXX:2:2206:8062:68186	14664	6225.0	6325.0	best_hit_to_mtDNA
G	A	-	6306	HG002_all_regions	HG002_chr9.129055.130496|HISEQ1:19:H8VDAADXX:2:2206:8062:68186	HG002_chr9.129055.130496|HISEQ1:19:H8VDAADXX:2:2206:8062:68186	14664	6225.0	6325.0	best_hit_to_mtDNA
A	A	-	6307	HG002_all_regions	HG002_chr9.129055.130496|HISEQ1:19:H8VDAADXX:2:2206:8062:68186	HG002_chr9.129055.130496|HISEQ1:19:H8VDAADXX:2:2206:8062:68186	14664	6225.0	6325.0	best_hit_to_mtDNA
A	A	-	6308	HG002_all_regions	HG002_chr9.129055.130496|HISEQ1:19:H8VDAADXX:2:2206:8062:68186	HG002_chr9.129055.130496|HISEQ1:19:H8VDAADXX:2:2206:8062:68186	14664	6225.0	6325.0	best_hit_to_mtDNA
C	C	-	6309	HG002_all_regions	HG002_chr9.129055.130496|HISEQ1:19:H8VDAADXX:2:2206:8062:68186	HG002_chr9.129055.130496|HISEQ1:19:H8VDAADXX:2:2206:8062:68186	14664	6225.0	6325.0	best_hit_to_mtDNA
T	T	-	6310	HG002_all_regions	HG002_chr9.129055.130496|HISEQ1:19:H8VDAADXX:2:2206:8062:68186	HG002_chr9.129055.130496|HISEQ1:19:H8VDAADXX:2:2206:8062:68186	14664	6225.0	6325.0	best_hit_to_mtDNA
A	A	-	6311	HG002_all_regions	HG002_chr9.129055.130496|HISEQ1:19:H8VDAADXX:2:2206:8062:68186	HG002_chr9.129055.130496|HISEQ1:19:H8VDAADXX:2:2206:8062:68186	14664	6225.0	6325.0	best_hit_to_mtDNA
C	C	-	6312	HG002_all_regions	HG002_chr9.129055.130496|HISEQ1:19:H8VDAADXX:2:2206:8062:68186	HG002_chr9.129055.130496|HISEQ1:19:H8VDAADXX:2:2206:8062:68186	14664	6225.0	6325.0	best_hit_to_mtDNA
T	T	-	6313	HG002_all_regions	HG002_chr9.129055.130496|HISEQ1:19:H8VDAADXX:2:2206:8062:68186	HG002_chr9.129055.130496|HISEQ1:19:H8VDAADXX:2:2206:8062:68186	14664	6225.0	6325.0	best_hit_to_mtDNA
C	C	-	6314	HG002_all_regions	HG002_chr9.129055.130496|HISEQ1:19:H8VDAADXX:2:2206:8062:68186	HG002_chr9.129055.130496|HISEQ1:19:H8VDAADXX:2:2206:8062:68186	14664	6225.0	6325.0	best_hit_to_mtDNA
C	G	-	6315	HG002_all_regions	HG002_chr9.129055.130496|HISEQ1:19:H8VDAADXX:2:2206:8062:68186	HG002_chr9.129055.130496|HISEQ1:19:H8VDAADXX:2:2206:8062:68186	14664	6225.0	6325.0	best_hit_to_mtDNA
C	C	-	6316	HG002_all_regions	HG002_chr9.129055.130496|HISEQ1:19:H8VDAADXX:2:2206:8062:68186	HG002_chr9.129055.130496|HISEQ1:19:H8VDAADXX:2:2206:8062:68186	14664	6225.0	6325.0	best_hit_to_mtDNA
A	A	-	6317	HG002_all_regions	HG002_chr9.129055.130496|HISEQ1:19:H8VDAADXX:2:2206:8062:68186	HG002_chr9.129055.130496|HISEQ1:19:H8VDAADXX:2:2206:8062:68186	14664	6225.0	6325.0	best_hit_to_mtDNA
C	T	-	6318	HG002_all_regions	HG002_chr9.129055.130496|HISEQ1:19:H8VDAADXX:2:2206:8062:68186	HG002_chr9.129055.130496|HISEQ1:19:H8VDAADXX:2:2206:8062:68186	14664	6225.0	6325.0	best_hit_to_mtDNA
C	C	-	6319	HG002_all_regions	HG002_chr9.129055.130496|HISEQ1:19:H8VDAADXX:2:2206:8062:68186	HG002_chr9.129055.130496|HISEQ1:19:H8VDAADXX:2:2206:8062:68186	14664	6225.0	6325.0	best_hit_to_mtDNA
C	C	-	6320	HG002_all_regions	HG002_chr9.129055.130496|HISEQ1:19:H8VDAADXX:2:2206:8062:68186	HG002_chr9.129055.130496|HISEQ1:19:H8VDAADXX:2:2206:8062:68186	14664	6225.0	6325.0	best_hit_to_mtDNA
T	T	-	6321	HG002_all_regions	HG002_chr9.129055.130496|HISEQ1:19:H8VDAADXX:2:2206:8062:68186	HG002_chr9.129055.130496|HISEQ1:19:H8VDAADXX:2:2206:8062:68186	14664	6225.0	6325.0	best_hit_to_mtDNA
G	G	-	6322	HG002_all_regions	HG002_chr9.129055.130496|HISEQ1:19:H8VDAADXX:2:2206:8062:68186	HG002_chr9.129055.130496|HISEQ1:19:H8VDAADXX:2:2206:8062:68186	14664	6225.0	6325.0	best_hit_to_mtDNA
G	G	-	6323	HG002_all_regions	HG002_chr9.129055.130496|HISEQ1:19:H8VDAADXX:2:2206:8062:68186	HG002_chr9.129055.130496|HISEQ1:19:H8VDAADXX:2:2206:8062:68186	14664	6225.0	6325.0	best_hit_to_mtDNA
A	A	-	6324	HG002_all_regions	HG002_chr9.129055.130496|HISEQ1:19:H8VDAADXX:2:2206:8062:68186	HG002_chr9.129055.130496|HISEQ1:19:H8VDAADXX:2:2206:8062:68186	14664	6225.0	6325.0	best_hit_to_mtDNA
T	T	T	6226	HG002_all_regions	HG002_chr9.129055.130496|HISEQ1:19:H8VDAADXX:2:2206:8062:68186	HG002_chr9.129055.130496|HISEQ1:19:H8VDAADXX:2:2206:8062:68186	152	6225.0	6325.0	best_hit_to_mtDNA
C	C	C	6227	HG002_all_regions	HG002_chr9.129055.130496|HISEQ1:19:H8VDAADXX:2:2206:8062:68186	HG002_chr9.129055.130496|HISEQ1:19:H8VDAADXX:2:2206:8062:68186	152	6225.0	6325.0	best_hit_to_mtDNA
T	T	T	6228	HG002_all_regions	HG002_chr9.129055.130496|HISEQ1:19:H8VDAADXX:2:2206:8062:68186	HG002_chr9.129055.130496|HISEQ1:19:H8VDAADXX:2:2206:8062:68186	152	6225.0	6325.0	best_hit_to_mtDNA
C	C	C	6229	HG002_all_regions	HG002_chr9.129055.130496|HISEQ1:19:H8VDAADXX:2:2206:8062:68186	HG002_chr9.129055.130496|HISEQ1:19:H8VDAADXX:2:2206:8062:68186	152	6225.0	6325.0	best_hit_to_mtDNA
T	T	T	6230	HG002_all_regions	HG002_chr9.129055.130496|HISEQ1:19:H8VDAADXX:2:2206:8062:68186	HG002_chr9.129055.130496|HISEQ1:19:H8VDAADXX:2:2206:8062:68186	152	6225.0	6325.0	best_hit_to_mtDNA
C	C	C	6231	HG002_all_regions	HG002_chr9.129055.130496|HISEQ1:19:H8VDAADXX:2:2206:8062:68186	HG002_chr9.129055.130496|HISEQ1:19:H8VDAADXX:2:2206:8062:68186	152	6225.0	6325.0	best_hit_to_mtDNA
C	C	C	6232	HG002_all_regions	HG002_chr9.129055.130496|HISEQ1:19:H8VDAADXX:2:2206:8062:68186	HG002_chr9.129055.130496|HISEQ1:19:H8VDAADXX:2:2206:8062:68186	152	6225.0	6325.0	best_hit_to_mtDNA
T	T	T	6233	HG002_all_regions	HG002_chr9.129055.130496|HISEQ1:19:H8VDAADXX:2:2206:8062:68186	HG002_chr9.129055.130496|HISEQ1:19:H8VDAADXX:2:2206:8062:68186	152	6225.0	6325.0	best_hit_to_mtDNA
A	A	A	6234	HG002_all_regions	HG002_chr9.129055.130496|HISEQ1:19:H8VDAADXX:2:2206:8062:68186	HG002_chr9.129055.130496|HISEQ1:19:H8VDAADXX:2:2206:8062:68186	152	6225.0	6325.0	best_hit_to_mtDNA
C	C	C	6235	HG002_all_regions	HG002_chr9.129055.130496|HISEQ1:19:H8VDAADXX:2:2206:8062:68186	HG002_chr9.129055.130496|HISEQ1:19:H8VDAADXX:2:2206:8062:68186	152	6225.0	6325.0	best_hit_to_mtDNA
T	T	T	6236	HG002_all_regions	HG002_chr9.129055.130496|HISEQ1:19:H8VDAADXX:2:2206:8062:68186	HG002_chr9.129055.130496|HISEQ1:19:H8VDAADXX:2:2206:8062:68186	152	6225.0	6325.0	best_hit_to_mtDNA
C	T	C	6237	HG002_all_regions	HG002_chr9.129055.130496|HISEQ1:19:H8VDAADXX:2:2206:8062:68186	HG002_chr9.129055.130496|HISEQ1:19:H8VDAADXX:2:2206:8062:68186	152	6225.0	6325.0	best_hit_to_mtDNA
C	C	C	6238	HG002_all_regions	HG002_chr9.129055.130496|HISEQ1:19:H8VDAADXX:2:2206:8062:68186	HG002_chr9.129055.130496|HISEQ1:19:H8VDAADXX:2:2206:8062:68186	152	6225.0	6325.0	best_hit_to_mtDNA
T	T	T	6239	HG002_all_regions	HG002_chr9.129055.130496|HISEQ1:19:H8VDAADXX:2:2206:8062:68186	HG002_chr9.129055.130496|HISEQ1:19:H8VDAADXX:2:2206:8062:68186	152	6225.0	6325.0	best_hit_to_mtDNA
G	A	G	6240	HG002_all_regions	HG002_chr9.129055.130496|HISEQ1:19:H8VDAADXX:2:2206:8062:68186	HG002_chr9.129055.130496|HISEQ1:19:H8VDAADXX:2:2206:8062:68186	152	6225.0	6325.0	best_hit_to_mtDNA
C	C	C	6241	HG002_all_regions	HG002_chr9.129055.130496|HISEQ1:19:H8VDAADXX:2:2206:8062:68186	HG002_chr9.129055.130496|HISEQ1:19:H8VDAADXX:2:2206:8062:68186	152	6225.0	6325.0	best_hit_to_mtDNA
T	T	T	6242	HG002_all_regions	HG002_chr9.129055.130496|HISEQ1:19:H8VDAADXX:2:2206:8062:68186	HG002_chr9.129055.130496|HISEQ1:19:H8VDAADXX:2:2206:8062:68186	152	6225.0	6325.0	best_hit_to_mtDNA
C	T	C	6243	HG002_all_regions	HG002_chr9.129055.130496|HISEQ1:19:H8VDAADXX:2:2206:8062:68186	HG002_chr9.129055.130496|HISEQ1:19:H8VDAADXX:2:2206:8062:68186	152	6225.0	6325.0	best_hit_to_mtDNA
G	G	G	6244	HG002_all_regions	HG002_chr9.129055.130496|HISEQ1:19:H8VDAADXX:2:2206:8062:68186	HG002_chr9.129055.130496|HISEQ1:19:H8VDAADXX:2:2206:8062:68186	152	6225.0	6325.0	best_hit_to_mtDNA
C	C	C	6245	HG002_all_regions	HG002_chr9.129055.130496|HISEQ1:19:H8VDAADXX:2:2206:8062:68186	HG002_chr9.129055.130496|HISEQ1:19:H8VDAADXX:2:2206:8062:68186	152	6225.0	6325.0	best_hit_to_mtDNA
A	A	A	6246	HG002_all_regions	HG002_chr9.129055.130496|HISEQ1:19:H8VDAADXX:2:2206:8062:68186	HG002_chr9.129055.130496|HISEQ1:19:H8VDAADXX:2:2206:8062:68186	152	6225.0	6325.0	best_hit_to_mtDNA
T	T	T	6247	HG002_all_regions	HG002_chr9.129055.130496|HISEQ1:19:H8VDAADXX:2:2206:8062:68186	HG002_chr9.129055.130496|HISEQ1:19:H8VDAADXX:2:2206:8062:68186	152	6225.0	6325.0	best_hit_to_mtDNA
C	C	C	6248	HG002_all_regions	HG002_chr9.129055.130496|HISEQ1:19:H8VDAADXX:2:2206:8062:68186	HG002_chr9.129055.130496|HISEQ1:19:H8VDAADXX:2:2206:8062:68186	152	6225.0	6325.0	best_hit_to_mtDNA
T	T	T	6249	HG002_all_regions	HG002_chr9.129055.130496|HISEQ1:19:H8VDAADXX:2:2206:8062:68186	HG002_chr9.129055.130496|HISEQ1:19:H8VDAADXX:2:2206:8062:68186	152	6225.0	6325.0	best_hit_to_mtDNA
G	G	G	6250	HG002_all_regions	HG002_chr9.129055.130496|HISEQ1:19:H8VDAADXX:2:2206:8062:68186	HG002_chr9.129055.130496|HISEQ1:19:H8VDAADXX:2:2206:8062:68186	152	6225.0	6325.0	best_hit_to_mtDNA
C	C	C	6251	HG002_all_regions	HG002_chr9.129055.130496|HISEQ1:19:H8VDAADXX:2:2206:8062:68186	HG002_chr9.129055.130496|HISEQ1:19:H8VDAADXX:2:2206:8062:68186	152	6225.0	6325.0	best_hit_to_mtDNA
T	C	T	6252	HG002_all_regions	HG002_chr9.129055.130496|HISEQ1:19:H8VDAADXX:2:2206:8062:68186	HG002_chr9.129055.130496|HISEQ1:19:H8VDAADXX:2:2206:8062:68186	152	6225.0	6325.0	best_hit_to_mtDNA
A	A	A	6253	HG002_all_regions	HG002_chr9.129055.130496|HISEQ1:19:H8VDAADXX:2:2206:8062:68186	HG002_chr9.129055.130496|HISEQ1:19:H8VDAADXX:2:2206:8062:68186	152	6225.0	6325.0	best_hit_to_mtDNA
T	T	T	6254	HG002_all_regions	HG002_chr9.129055.130496|HISEQ1:19:H8VDAADXX:2:2206:8062:68186	HG002_chr9.129055.130496|HISEQ1:19:H8VDAADXX:2:2206:8062:68186	152	6225.0	6325.0	best_hit_to_mtDNA
A	A	A	6255	HG002_all_regions	HG002_chr9.129055.130496|HISEQ1:19:H8VDAADXX:2:2206:8062:68186	HG002_chr9.129055.130496|HISEQ1:19:H8VDAADXX:2:2206:8062:68186	152	6225.0	6325.0	best_hit_to_mtDNA
G	G	G	6256	HG002_all_regions	HG002_chr9.129055.130496|HISEQ1:19:H8VDAADXX:2:2206:8062:68186	HG002_chr9.129055.130496|HISEQ1:19:H8VDAADXX:2:2206:8062:68186	152	6225.0	6325.0	best_hit_to_mtDNA
T	T	T	6257	HG002_all_regions	HG002_chr9.129055.130496|HISEQ1:19:H8VDAADXX:2:2206:8062:68186	HG002_chr9.129055.130496|HISEQ1:19:H8VDAADXX:2:2206:8062:68186	152	6225.0	6325.0	best_hit_to_mtDNA
G	A	G	6258	HG002_all_regions	HG002_chr9.129055.130496|HISEQ1:19:H8VDAADXX:2:2206:8062:68186	HG002_chr9.129055.130496|HISEQ1:19:H8VDAADXX:2:2206:8062:68186	152	6225.0	6325.0	best_hit_to_mtDNA
G	G	G	6259	HG002_all_regions	HG002_chr9.129055.130496|HISEQ1:19:H8VDAADXX:2:2206:8062:68186	HG002_chr9.129055.130496|HISEQ1:19:H8VDAADXX:2:2206:8062:68186	152	6225.0	6325.0	best_hit_to_mtDNA
A	A	A	6260	HG002_all_regions	HG002_chr9.129055.130496|HISEQ1:19:H8VDAADXX:2:2206:8062:68186	HG002_chr9.129055.130496|HISEQ1:19:H8VDAADXX:2:2206:8062:68186	152	6225.0	6325.0	best_hit_to_mtDNA
G	A	G	6261	HG002_all_regions	HG002_chr9.129055.130496|HISEQ1:19:H8VDAADXX:2:2206:8062:68186	HG002_chr9.129055.130496|HISEQ1:19:H8VDAADXX:2:2206:8062:68186	152	6225.0	6325.0	best_hit_to_mtDNA
G	G	G	6262	HG002_all_regions	HG002_chr9.129055.130496|HISEQ1:19:H8VDAADXX:2:2206:8062:68186	HG002_chr9.129055.130496|HISEQ1:19:H8VDAADXX:2:2206:8062:68186	152	6225.0	6325.0	best_hit_to_mtDNA
C	C	C	6263	HG002_all_regions	HG002_chr9.129055.130496|HISEQ1:19:H8VDAADXX:2:2206:8062:68186	HG002_chr9.129055.130496|HISEQ1:19:H8VDAADXX:2:2206:8062:68186	152	6225.0	6325.0	best_hit_to_mtDNA
C	C	C	6264	HG002_all_regions	HG002_chr9.129055.130496|HISEQ1:19:H8VDAADXX:2:2206:8062:68186	HG002_chr9.129055.130496|HISEQ1:19:H8VDAADXX:2:2206:8062:68186	152	6225.0	6325.0	best_hit_to_mtDNA
G	G	T	6265	HG002_all_regions	HG002_chr9.129055.130496|HISEQ1:19:H8VDAADXX:2:2206:8062:68186	HG002_chr9.129055.130496|HISEQ1:19:H8VDAADXX:2:2206:8062:68186	152	6225.0	6325.0	best_hit_to_mtDNA
G	G	G	6266	HG002_all_regions	HG002_chr9.129055.130496|HISEQ1:19:H8VDAADXX:2:2206:8062:68186	HG002_chr9.129055.130496|HISEQ1:19:H8VDAADXX:2:2206:8062:68186	152	6225.0	6325.0	best_hit_to_mtDNA
A	C	A	6267	HG002_all_regions	HG002_chr9.129055.130496|HISEQ1:19:H8VDAADXX:2:2206:8062:68186	HG002_chr9.129055.130496|HISEQ1:19:H8VDAADXX:2:2206:8062:68186	152	6225.0	6325.0	best_hit_to_mtDNA
G	G	G	6268	HG002_all_regions	HG002_chr9.129055.130496|HISEQ1:19:H8VDAADXX:2:2206:8062:68186	HG002_chr9.129055.130496|HISEQ1:19:H8VDAADXX:2:2206:8062:68186	152	6225.0	6325.0	best_hit_to_mtDNA
C	C	C	6269	HG002_all_regions	HG002_chr9.129055.130496|HISEQ1:19:H8VDAADXX:2:2206:8062:68186	HG002_chr9.129055.130496|HISEQ1:19:H8VDAADXX:2:2206:8062:68186	152	6225.0	6325.0	best_hit_to_mtDNA
A	G	A	6270	HG002_all_regions	HG002_chr9.129055.130496|HISEQ1:19:H8VDAADXX:2:2206:8062:68186	HG002_chr9.129055.130496|HISEQ1:19:H8VDAADXX:2:2206:8062:68186	152	6225.0	6325.0	best_hit_to_mtDNA
G	G	G	6271	HG002_all_regions	HG002_chr9.129055.130496|HISEQ1:19:H8VDAADXX:2:2206:8062:68186	HG002_chr9.129055.130496|HISEQ1:19:H8VDAADXX:2:2206:8062:68186	152	6225.0	6325.0	best_hit_to_mtDNA
G	G	G	6272	HG002_all_regions	HG002_chr9.129055.130496|HISEQ1:19:H8VDAADXX:2:2206:8062:68186	HG002_chr9.129055.130496|HISEQ1:19:H8VDAADXX:2:2206:8062:68186	152	6225.0	6325.0	best_hit_to_mtDNA
A	A	A	6273	HG002_all_regions	HG002_chr9.129055.130496|HISEQ1:19:H8VDAADXX:2:2206:8062:68186	HG002_chr9.129055.130496|HISEQ1:19:H8VDAADXX:2:2206:8062:68186	152	6225.0	6325.0	best_hit_to_mtDNA
A	A	A	6274	HG002_all_regions	HG002_chr9.129055.130496|HISEQ1:19:H8VDAADXX:2:2206:8062:68186	HG002_chr9.129055.130496|HISEQ1:19:H8VDAADXX:2:2206:8062:68186	152	6225.0	6325.0	best_hit_to_mtDNA
C	C	C	6275	HG002_all_regions	HG002_chr9.129055.130496|HISEQ1:19:H8VDAADXX:2:2206:8062:68186	HG002_chr9.129055.130496|HISEQ1:19:H8VDAADXX:2:2206:8062:68186	152	6225.0	6325.0	best_hit_to_mtDNA
A	A	A	6276	HG002_all_regions	HG002_chr9.129055.130496|HISEQ1:19:H8VDAADXX:2:2206:8062:68186	HG002_chr9.129055.130496|HISEQ1:19:H8VDAADXX:2:2206:8062:68186	152	6225.0	6325.0	best_hit_to_mtDNA
G	G	G	6277	HG002_all_regions	HG002_chr9.129055.130496|HISEQ1:19:H8VDAADXX:2:2206:8062:68186	HG002_chr9.129055.130496|HISEQ1:19:H8VDAADXX:2:2206:8062:68186	152	6225.0	6325.0	best_hit_to_mtDNA
G	G	G	6278	HG002_all_regions	HG002_chr9.129055.130496|HISEQ1:19:H8VDAADXX:2:2206:8062:68186	HG002_chr9.129055.130496|HISEQ1:19:H8VDAADXX:2:2206:8062:68186	152	6225.0	6325.0	best_hit_to_mtDNA
T	T	T	6279	HG002_all_regions	HG002_chr9.129055.130496|HISEQ1:19:H8VDAADXX:2:2206:8062:68186	HG002_chr9.129055.130496|HISEQ1:19:H8VDAADXX:2:2206:8062:68186	152	6225.0	6325.0	best_hit_to_mtDNA
T	T	T	6280	HG002_all_regions	HG002_chr9.129055.130496|HISEQ1:19:H8VDAADXX:2:2206:8062:68186	HG002_chr9.129055.130496|HISEQ1:19:H8VDAADXX:2:2206:8062:68186	152	6225.0	6325.0	best_hit_to_mtDNA
G	G	G	6281	HG002_all_regions	HG002_chr9.129055.130496|HISEQ1:19:H8VDAADXX:2:2206:8062:68186	HG002_chr9.129055.130496|HISEQ1:19:H8VDAADXX:2:2206:8062:68186	152	6225.0	6325.0	best_hit_to_mtDNA
A	A	A	6282	HG002_all_regions	HG002_chr9.129055.130496|HISEQ1:19:H8VDAADXX:2:2206:8062:68186	HG002_chr9.129055.130496|HISEQ1:19:H8VDAADXX:2:2206:8062:68186	152	6225.0	6325.0	best_hit_to_mtDNA
A	A	A	6283	HG002_all_regions	HG002_chr9.129055.130496|HISEQ1:19:H8VDAADXX:2:2206:8062:68186	HG002_chr9.129055.130496|HISEQ1:19:H8VDAADXX:2:2206:8062:68186	152	6225.0	6325.0	best_hit_to_mtDNA
C	C	C	6284	HG002_all_regions	HG002_chr9.129055.130496|HISEQ1:19:H8VDAADXX:2:2206:8062:68186	HG002_chr9.129055.130496|HISEQ1:19:H8VDAADXX:2:2206:8062:68186	152	6225.0	6325.0	best_hit_to_mtDNA
A	A	A	6285	HG002_all_regions	HG002_chr9.129055.130496|HISEQ1:19:H8VDAADXX:2:2206:8062:68186	HG002_chr9.129055.130496|HISEQ1:19:H8VDAADXX:2:2206:8062:68186	152	6225.0	6325.0	best_hit_to_mtDNA
G	G	G	6286	HG002_all_regions	HG002_chr9.129055.130496|HISEQ1:19:H8VDAADXX:2:2206:8062:68186	HG002_chr9.129055.130496|HISEQ1:19:H8VDAADXX:2:2206:8062:68186	152	6225.0	6325.0	best_hit_to_mtDNA
T	T	T	6287	HG002_all_regions	HG002_chr9.129055.130496|HISEQ1:19:H8VDAADXX:2:2206:8062:68186	HG002_chr9.129055.130496|HISEQ1:19:H8VDAADXX:2:2206:8062:68186	152	6225.0	6325.0	best_hit_to_mtDNA
C	C	C	6288	HG002_all_regions	HG002_chr9.129055.130496|HISEQ1:19:H8VDAADXX:2:2206:8062:68186	HG002_chr9.129055.130496|HISEQ1:19:H8VDAADXX:2:2206:8062:68186	152	6225.0	6325.0	best_hit_to_mtDNA
T	T	T	6289	HG002_all_regions	HG002_chr9.129055.130496|HISEQ1:19:H8VDAADXX:2:2206:8062:68186	HG002_chr9.129055.130496|HISEQ1:19:H8VDAADXX:2:2206:8062:68186	152	6225.0	6325.0	best_hit_to_mtDNA
A	A	A	6290	HG002_all_regions	HG002_chr9.129055.130496|HISEQ1:19:H8VDAADXX:2:2206:8062:68186	HG002_chr9.129055.130496|HISEQ1:19:H8VDAADXX:2:2206:8062:68186	152	6225.0	6325.0	best_hit_to_mtDNA
C	C	C	6291	HG002_all_regions	HG002_chr9.129055.130496|HISEQ1:19:H8VDAADXX:2:2206:8062:68186	HG002_chr9.129055.130496|HISEQ1:19:H8VDAADXX:2:2206:8062:68186	152	6225.0	6325.0	best_hit_to_mtDNA
C	C	C	6292	HG002_all_regions	HG002_chr9.129055.130496|HISEQ1:19:H8VDAADXX:2:2206:8062:68186	HG002_chr9.129055.130496|HISEQ1:19:H8VDAADXX:2:2206:8062:68186	152	6225.0	6325.0	best_hit_to_mtDNA
C	C	C	6293	HG002_all_regions	HG002_chr9.129055.130496|HISEQ1:19:H8VDAADXX:2:2206:8062:68186	HG002_chr9.129055.130496|HISEQ1:19:H8VDAADXX:2:2206:8062:68186	152	6225.0	6325.0	best_hit_to_mtDNA
T	T	T	6294	HG002_all_regions	HG002_chr9.129055.130496|HISEQ1:19:H8VDAADXX:2:2206:8062:68186	HG002_chr9.129055.130496|HISEQ1:19:H8VDAADXX:2:2206:8062:68186	152	6225.0	6325.0	best_hit_to_mtDNA
C	C	C	6295	HG002_all_regions	HG002_chr9.129055.130496|HISEQ1:19:H8VDAADXX:2:2206:8062:68186	HG002_chr9.129055.130496|HISEQ1:19:H8VDAADXX:2:2206:8062:68186	152	6225.0	6325.0	best_hit_to_mtDNA
C	C	C	6296	HG002_all_regions	HG002_chr9.129055.130496|HISEQ1:19:H8VDAADXX:2:2206:8062:68186	HG002_chr9.129055.130496|HISEQ1:19:H8VDAADXX:2:2206:8062:68186	152	6225.0	6325.0	best_hit_to_mtDNA
C	C	C	6297	HG002_all_regions	HG002_chr9.129055.130496|HISEQ1:19:H8VDAADXX:2:2206:8062:68186	HG002_chr9.129055.130496|HISEQ1:19:H8VDAADXX:2:2206:8062:68186	152	6225.0	6325.0	best_hit_to_mtDNA
T	T	T	6298	HG002_all_regions	HG002_chr9.129055.130496|HISEQ1:19:H8VDAADXX:2:2206:8062:68186	HG002_chr9.129055.130496|HISEQ1:19:H8VDAADXX:2:2206:8062:68186	152	6225.0	6325.0	best_hit_to_mtDNA
T	T	T	6299	HG002_all_regions	HG002_chr9.129055.130496|HISEQ1:19:H8VDAADXX:2:2206:8062:68186	HG002_chr9.129055.130496|HISEQ1:19:H8VDAADXX:2:2206:8062:68186	152	6225.0	6325.0	best_hit_to_mtDNA
A	A	A	6300	HG002_all_regions	HG002_chr9.129055.130496|HISEQ1:19:H8VDAADXX:2:2206:8062:68186	HG002_chr9.129055.130496|HISEQ1:19:H8VDAADXX:2:2206:8062:68186	152	6225.0	6325.0	best_hit_to_mtDNA
G	G	G	6301	HG002_all_regions	HG002_chr9.129055.130496|HISEQ1:19:H8VDAADXX:2:2206:8062:68186	HG002_chr9.129055.130496|HISEQ1:19:H8VDAADXX:2:2206:8062:68186	152	6225.0	6325.0	best_hit_to_mtDNA
C	C	C	6302	HG002_all_regions	HG002_chr9.129055.130496|HISEQ1:19:H8VDAADXX:2:2206:8062:68186	HG002_chr9.129055.130496|HISEQ1:19:H8VDAADXX:2:2206:8062:68186	152	6225.0	6325.0	best_hit_to_mtDNA
A	G	A	6303	HG002_all_regions	HG002_chr9.129055.130496|HISEQ1:19:H8VDAADXX:2:2206:8062:68186	HG002_chr9.129055.130496|HISEQ1:19:H8VDAADXX:2:2206:8062:68186	152	6225.0	6325.0	best_hit_to_mtDNA
G	G	G	6304	HG002_all_regions	HG002_chr9.129055.130496|HISEQ1:19:H8VDAADXX:2:2206:8062:68186	HG002_chr9.129055.130496|HISEQ1:19:H8VDAADXX:2:2206:8062:68186	152	6225.0	6325.0	best_hit_to_mtDNA
G	G	G	6305	HG002_all_regions	HG002_chr9.129055.130496|HISEQ1:19:H8VDAADXX:2:2206:8062:68186	HG002_chr9.129055.130496|HISEQ1:19:H8VDAADXX:2:2206:8062:68186	152	6225.0	6325.0	best_hit_to_mtDNA
G	A	G	6306	HG002_all_regions	HG002_chr9.129055.130496|HISEQ1:19:H8VDAADXX:2:2206:8062:68186	HG002_chr9.129055.130496|HISEQ1:19:H8VDAADXX:2:2206:8062:68186	152	6225.0	6325.0	best_hit_to_mtDNA
A	A	A	6307	HG002_all_regions	HG002_chr9.129055.130496|HISEQ1:19:H8VDAADXX:2:2206:8062:68186	HG002_chr9.129055.130496|HISEQ1:19:H8VDAADXX:2:2206:8062:68186	152	6225.0	6325.0	best_hit_to_mtDNA
A	A	A	6308	HG002_all_regions	HG002_chr9.129055.130496|HISEQ1:19:H8VDAADXX:2:2206:8062:68186	HG002_chr9.129055.130496|HISEQ1:19:H8VDAADXX:2:2206:8062:68186	152	6225.0	6325.0	best_hit_to_mtDNA
C	C	C	6309	HG002_all_regions	HG002_chr9.129055.130496|HISEQ1:19:H8VDAADXX:2:2206:8062:68186	HG002_chr9.129055.130496|HISEQ1:19:H8VDAADXX:2:2206:8062:68186	152	6225.0	6325.0	best_hit_to_mtDNA
T	T	T	6310	HG002_all_regions	HG002_chr9.129055.130496|HISEQ1:19:H8VDAADXX:2:2206:8062:68186	HG002_chr9.129055.130496|HISEQ1:19:H8VDAADXX:2:2206:8062:68186	152	6225.0	6325.0	best_hit_to_mtDNA
A	A	A	6311	HG002_all_regions	HG002_chr9.129055.130496|HISEQ1:19:H8VDAADXX:2:2206:8062:68186	HG002_chr9.129055.130496|HISEQ1:19:H8VDAADXX:2:2206:8062:68186	152	6225.0	6325.0	best_hit_to_mtDNA
C	C	C	6312	HG002_all_regions	HG002_chr9.129055.130496|HISEQ1:19:H8VDAADXX:2:2206:8062:68186	HG002_chr9.129055.130496|HISEQ1:19:H8VDAADXX:2:2206:8062:68186	152	6225.0	6325.0	best_hit_to_mtDNA
T	T	T	6313	HG002_all_regions	HG002_chr9.129055.130496|HISEQ1:19:H8VDAADXX:2:2206:8062:68186	HG002_chr9.129055.130496|HISEQ1:19:H8VDAADXX:2:2206:8062:68186	152	6225.0	6325.0	best_hit_to_mtDNA
C	C	C	6314	HG002_all_regions	HG002_chr9.129055.130496|HISEQ1:19:H8VDAADXX:2:2206:8062:68186	HG002_chr9.129055.130496|HISEQ1:19:H8VDAADXX:2:2206:8062:68186	152	6225.0	6325.0	best_hit_to_mtDNA
C	G	C	6315	HG002_all_regions	HG002_chr9.129055.130496|HISEQ1:19:H8VDAADXX:2:2206:8062:68186	HG002_chr9.129055.130496|HISEQ1:19:H8VDAADXX:2:2206:8062:68186	152	6225.0	6325.0	best_hit_to_mtDNA
C	C	C	6316	HG002_all_regions	HG002_chr9.129055.130496|HISEQ1:19:H8VDAADXX:2:2206:8062:68186	HG002_chr9.129055.130496|HISEQ1:19:H8VDAADXX:2:2206:8062:68186	152	6225.0	6325.0	best_hit_to_mtDNA
A	A	A	6317	HG002_all_regions	HG002_chr9.129055.130496|HISEQ1:19:H8VDAADXX:2:2206:8062:68186	HG002_chr9.129055.130496|HISEQ1:19:H8VDAADXX:2:2206:8062:68186	152	6225.0	6325.0	best_hit_to_mtDNA
C	T	C	6318	HG002_all_regions	HG002_chr9.129055.130496|HISEQ1:19:H8VDAADXX:2:2206:8062:68186	HG002_chr9.129055.130496|HISEQ1:19:H8VDAADXX:2:2206:8062:68186	152	6225.0	6325.0	best_hit_to_mtDNA
C	C	C	6319	HG002_all_regions	HG002_chr9.129055.130496|HISEQ1:19:H8VDAADXX:2:2206:8062:68186	HG002_chr9.129055.130496|HISEQ1:19:H8VDAADXX:2:2206:8062:68186	152	6225.0	6325.0	best_hit_to_mtDNA
C	C	C	6320	HG002_all_regions	HG002_chr9.129055.130496|HISEQ1:19:H8VDAADXX:2:2206:8062:68186	HG002_chr9.129055.130496|HISEQ1:19:H8VDAADXX:2:2206:8062:68186	152	6225.0	6325.0	best_hit_to_mtDNA
T	T	T	6321	HG002_all_regions	HG002_chr9.129055.130496|HISEQ1:19:H8VDAADXX:2:2206:8062:68186	HG002_chr9.129055.130496|HISEQ1:19:H8VDAADXX:2:2206:8062:68186	152	6225.0	6325.0	best_hit_to_mtDNA
G	G	G	6322	HG002_all_regions	HG002_chr9.129055.130496|HISEQ1:19:H8VDAADXX:2:2206:8062:68186	HG002_chr9.129055.130496|HISEQ1:19:H8VDAADXX:2:2206:8062:68186	152	6225.0	6325.0	best_hit_to_mtDNA
G	G	G	6323	HG002_all_regions	HG002_chr9.129055.130496|HISEQ1:19:H8VDAADXX:2:2206:8062:68186	HG002_chr9.129055.130496|HISEQ1:19:H8VDAADXX:2:2206:8062:68186	152	6225.0	6325.0	best_hit_to_mtDNA
A	A	A	6324	HG002_all_regions	HG002_chr9.129055.130496|HISEQ1:19:H8VDAADXX:2:2206:8062:68186	HG002_chr9.129055.130496|HISEQ1:19:H8VDAADXX:2:2206:8062:68186	152	6225.0	6325.0	best_hit_to_mtDNA
