ID	质控结果	原因
1000434	通过	通过质控
1000592	通过	通过质控
1000612	通过	通过质控
1000753	通过	通过质控
1000810	通过	通过质控
1000907	通过	通过质控
1000917	通过	通过质控
1001070	通过	通过质控
1001091	通过	通过质控
1001099	通过	通过质控
1001194	通过	通过质控
1001738	通过	通过质控
1001746	通过	通过质控
1001969	不通过	mtDNA copy number<50（最低 44.846164）
1002052	通过	通过质控
1002259	通过	通过质控
1002448	通过	通过质控
1002730	通过	通过质控
1002806	通过	通过质控
1003028	通过	通过质控
1006061	通过	通过质控
1006189	通过	通过质控
1006194	通过	通过质控
1006204	通过	通过质控
1006307	通过	通过质控
1006464	通过	通过质控
1006683	通过	通过质控
1006739	通过	通过质控
1006749	通过	通过质控
1006900	通过	通过质控
1006999	通过	通过质控
1007120	通过	通过质控
1007170	通过	通过质控
1007607	通过	通过质控
1007633	通过	通过质控
1007642	通过	通过质控
1007647	通过	通过质控
1009658	通过	通过质控
1009684	通过	通过质控
1009700	通过	通过质控
1009704	通过	通过质控
1009782	通过	通过质控
1009784	通过	通过质控
1009796	通过	通过质控
1009802	通过	通过质控
1009812	通过	通过质控
102YWC	通过	通过质控
107FJW	通过	通过质控
1138837	通过	通过质控
1138912	通过	通过质控
1139281	通过	通过质控
1139354	通过	通过质控
1139461	通过	通过质控
1139606	通过	通过质控
1139929	通过	通过质控
1139962	通过	通过质控
1140048	通过	通过质控
1140464	通过	通过质控
1140557	通过	通过质控
1196221	通过	通过质控
1196256	通过	通过质控
1196905	通过	通过质控
1197024	通过	通过质控
1199393	通过	通过质控
1199524	通过	通过质控
1199767	通过	通过质控
1199840	通过	通过质控
119SZX	通过	通过质控
1200084	通过	通过质控
1200524	通过	通过质控
1200618	通过	通过质控
1200709	通过	通过质控
1200900	通过	通过质控
1201142	通过	通过质控
1201536	通过	通过质控
1201570	通过	通过质控
1201606	通过	通过质控
1201631	通过	通过质控
1206666	通过	通过质控
1206844	通过	通过质控
1206992	通过	通过质控
1207280	通过	通过质控
1207299	通过	通过质控
1207363	通过	通过质控
1207950	通过	通过质控
1208122	通过	通过质控
1208475	通过	通过质控
1208781	通过	通过质控
1208821	通过	通过质控
1209159	通过	通过质控
1209371	通过	通过质控
1209411	通过	通过质控
1209488	通过	通过质控
1209674	通过	通过质控
1209861	通过	通过质控
1210281	通过	通过质控
1210651	通过	通过质控
1211776	通过	通过质控
1211839	通过	通过质控
1211997	通过	通过质控
1212230	通过	通过质控
1212250	通过	通过质控
1GJM	通过	通过质控
2023072001-1A	通过	通过质控
2023072002-1A	通过	通过质控
2023072003-1A	通过	通过质控
2613	通过	通过质控
2BT22060700001	通过	通过质控
2BT22060700002	通过	通过质控
2BT22060700003	通过	通过质控
2BT22060700004	通过	通过质控
2BT22060700005	通过	通过质控
2BT22060700006	通过	通过质控
2BT22060700007	通过	通过质控
2BT22060700008	通过	通过质控
2BT22060700009	通过	通过质控
2BT22060700010	通过	通过质控
2BT22060700011	通过	通过质控
2BT22060700012	通过	通过质控
2BT22060700013	通过	通过质控
2BT22060700014	通过	通过质控
2BT22060700015	通过	通过质控
2BT22060700016	通过	通过质控
2BT22060700017	通过	通过质控
2BT22060700018	通过	通过质控
2BT22060700019	通过	通过质控
2BT22060700020	通过	通过质控
2BT22060700021	通过	通过质控
2BT22060700022	通过	通过质控
2BT22060700023	通过	通过质控
2BT22060700024	通过	通过质控
2BT22060700025	通过	通过质控
2BT22060700026	通过	通过质控
2BT22060700027	通过	通过质控
2BT22060700028	通过	通过质控
2BT22060700029	通过	通过质控
2BT22060700030	通过	通过质控
2ZDM	不通过	mtDNA copy number<50（最低 40.695979）
3LJW	不通过	mtDNA copy number<50（最低 39.460258）
3hFib	通过	通过质控
42LDH	通过	通过质控
43CJQ	通过	通过质控
45LRH	通过	通过质控
4WQ	通过	通过质控
56PSL	通过	通过质控
5C3	通过	通过质控
5CJ	通过	通过质控
6ZLF	不通过	mtDNA copy number<50（最低 43.825737）
76YXN	通过	通过质控
77HZH	通过	通过质控
7JZW	通过	通过质控
82WXQ	通过	通过质控
96WYQ	通过	通过质控
97LYX	通过	通过质控
99LJF	通过	通过质控
A140019A	通过	通过质控
A140135	通过	通过质控
A140136	通过	通过质控
A140227A	通过	通过质控
A140228A	通过	通过质控
A140417	通过	通过质控
A140418	通过	通过质控
A150001A	通过	通过质控
A160212	通过	通过质控
A160221	通过	通过质控
A160251	通过	通过质控
A160252	通过	通过质控
A160442A	通过	通过质控
A160485	通过	通过质控
A160647B	通过	通过质控
A160681A	通过	通过质控
A160688B	通过	通过质控
A160781	通过	通过质控
A180282	通过	通过质控
A180285	通过	通过质控
A180287	通过	通过质控
A190117A	通过	通过质控
A190118A	通过	通过质控
A190119A	通过	通过质控
A200126	通过	通过质控
A200137	通过	通过质控
A200256	通过	通过质控
A200301	通过	通过质控
A200369	通过	通过质控
A200407	通过	通过质控
A200446	通过	通过质控
A200484	通过	通过质控
A200497	通过	通过质控
A200501	通过	通过质控
A200579	通过	通过质控
A200608	通过	通过质控
A200660	通过	通过质控
A200668	通过	通过质控
A210032	通过	通过质控
A210091	通过	通过质控
A210110	通过	通过质控
A210150	通过	通过质控
A210466	通过	通过质控
A210540	通过	通过质控
A210585	通过	通过质控
A220029	通过	通过质控
A220039	通过	通过质控
A220075	通过	通过质控
A220153	通过	通过质控
A220248	通过	通过质控
A220333	通过	通过质控
A230016	通过	通过质控
A230058	通过	通过质控
A230109	通过	通过质控
A230151	通过	通过质控
A230238	通过	通过质控
ADD3hetero5_001	通过	通过质控
ADD3hetero6_001	通过	通过质控
ADD3homo7_001	通过	通过质控
B-FS25063001	通过	通过质控
B-FS25071001	通过	通过质控
B-FS25071402	通过	通过质控
B-FS25072101	通过	通过质控
B-FS25072303	通过	通过质控
B-FS25072501	通过	通过质控
B-FS25072801	通过	通过质控
B-FS25072901	通过	通过质控
B-FS25073001	通过	通过质控
B-FS25080401	通过	通过质控
BA106A	通过	通过质控
BA116A	通过	通过质控
BA116B	通过	通过质控
BA116C	通过	通过质控
BA119A	通过	通过质控
BA119B	通过	通过质控
BA119C	通过	通过质控
BA127A	通过	通过质控
BA13A	通过	通过质控
BA13B	通过	通过质控
BA13C	通过	通过质控
BA141A	通过	通过质控
BA141B	通过	通过质控
BA141C	通过	通过质控
BA176A	通过	通过质控
BA18A	通过	通过质控
BA18B	通过	通过质控
BA18C	通过	通过质控
BA297A	通过	通过质控
BA297B	通过	通过质控
BA297C	通过	通过质控
BA298A	通过	通过质控
BA298B	通过	通过质控
BA298C	通过	通过质控
BA304A	通过	通过质控
BA304B	通过	通过质控
BA304C	通过	通过质控
BA3A	通过	通过质控
BA428A	通过	通过质控
BA428B	通过	通过质控
BA428C	通过	通过质控
BA436A	通过	通过质控
BA436B	通过	通过质控
BA436C	通过	通过质控
BA45A	通过	通过质控
BA45B	通过	通过质控
BA45C	通过	通过质控
BA52A	通过	通过质控
BA52B	通过	通过质控
BA52C	通过	通过质控
BA593A	通过	通过质控
BA593B	通过	通过质控
BA593C	通过	通过质控
BA597A	通过	通过质控
BA597B	通过	通过质控
BA597C	通过	通过质控
BA59A	通过	通过质控
BA59B	通过	通过质控
BA59C	通过	通过质控
BA60A	通过	通过质控
BA60B	通过	通过质控
BA60C	通过	通过质控
BA612A	通过	通过质控
BA612B	通过	通过质控
BA612C	通过	通过质控
BA615A	通过	通过质控
BA615B	通过	通过质控
BA615C	通过	通过质控
BA616A	通过	通过质控
BA616B	通过	通过质控
BA616C	通过	通过质控
BA618A	通过	通过质控
BA618B	通过	通过质控
BA618C	通过	通过质控
BA619A	通过	通过质控
BA619B	通过	通过质控
BA619C	通过	通过质控
BA620A	通过	通过质控
BA620B	通过	通过质控
BA620C	通过	通过质控
BA640A	通过	通过质控
BA640B	通过	通过质控
BA640C	通过	通过质控
BA644A	不通过	mtDNA copy number<50（最低 41.403642）
BA644B	通过	通过质控
BA644C	通过	通过质控
BA652A	通过	通过质控
BA652B	通过	通过质控
BA652C	通过	通过质控
BA653A	通过	通过质控
BA653B	通过	通过质控
BA653C	通过	通过质控
BA654A	通过	通过质控
BA654B	通过	通过质控
BA654C	通过	通过质控
BA657A	通过	通过质控
BA657B	通过	通过质控
BA657C	通过	通过质控
BA658A	通过	通过质控
BA658B	通过	通过质控
BA658C	通过	通过质控
BA659A	通过	通过质控
BA659B	通过	通过质控
BA659C	通过	通过质控
BA660A	通过	通过质控
BA660B	通过	通过质控
BA660C	通过	通过质控
BA662A	通过	通过质控
BA662B	通过	通过质控
BA662C	通过	通过质控
BA663A	通过	通过质控
BA663B	通过	通过质控
BA663C	通过	通过质控
BA666A	通过	通过质控
BA666B	通过	通过质控
BA666C	通过	通过质控
BA667A	通过	通过质控
BA667B	通过	通过质控
BA667C	通过	通过质控
BA668A	通过	通过质控
BA668B	通过	通过质控
BA668C	通过	通过质控
BA669A	通过	通过质控
BA669B	通过	通过质控
BA669C	通过	通过质控
BA671A	通过	通过质控
BA671B	通过	通过质控
BA671C	通过	通过质控
BA673A	通过	通过质控
BA673B	通过	通过质控
BA673C	通过	通过质控
BA674A	不通过	mtDNA copy number<50（最低 39.338854）
BA674B	通过	通过质控
BA674C	通过	通过质控
BA675A	通过	通过质控
BA675B	通过	通过质控
BA675C	通过	通过质控
BA676A	通过	通过质控
BA676B	通过	通过质控
BA676C	通过	通过质控
BA677A	通过	通过质控
BA677B	通过	通过质控
BA677C	通过	通过质控
BA678A	通过	通过质控
BA678B	通过	通过质控
BA678C	通过	通过质控
BA679A	通过	通过质控
BA679B	通过	通过质控
BA679C	通过	通过质控
BA680A	通过	通过质控
BA680B	通过	通过质控
BA680C	通过	通过质控
BA681A	通过	通过质控
BA681B	通过	通过质控
BA681C	通过	通过质控
BA684A	通过	通过质控
BA684B	通过	通过质控
BA684C	通过	通过质控
BA685A	通过	通过质控
BA685B	通过	通过质控
BA685C	通过	通过质控
BA687A	通过	通过质控
BA687B	通过	通过质控
BA687C	通过	通过质控
BA691A	通过	通过质控
BA691B	通过	通过质控
BA691C	通过	通过质控
BA692A	通过	通过质控
BA692B	通过	通过质控
BA692C	通过	通过质控
BA694A	通过	通过质控
BA694B	通过	通过质控
BA694C	通过	通过质控
BA696A	通过	通过质控
BA696B	通过	通过质控
BA696C	通过	通过质控
BA697A	通过	通过质控
BA697B	通过	通过质控
BA697C	通过	通过质控
BA700A	通过	通过质控
BA700B	通过	通过质控
BA700C	通过	通过质控
BA701A	不通过	mtDNA copy number<50（最低 29.982427）
BA701B	通过	通过质控
BA701C	通过	通过质控
BA704A	通过	通过质控
BA704B	通过	通过质控
BA704C	通过	通过质控
BA705A	通过	通过质控
BA705B	通过	通过质控
BA705C	通过	通过质控
BA706A	通过	通过质控
BA706B	通过	通过质控
BA706C	通过	通过质控
BA707A	通过	通过质控
BA707B	通过	通过质控
BA707C	通过	通过质控
BA709A	通过	通过质控
BA709B	通过	通过质控
BA709C	通过	通过质控
BA711A	通过	通过质控
BA711B	通过	通过质控
BA711C	通过	通过质控
BA712A	通过	通过质控
BA712B	通过	通过质控
BA712C	不通过	mtDNA copy number<50（最低 43.853752）
BA714A	通过	通过质控
BA714B	通过	通过质控
BA714C	通过	通过质控
BA717A	通过	通过质控
BA717B	通过	通过质控
BA717C	通过	通过质控
BA718A	通过	通过质控
BA718B	通过	通过质控
BA718C	通过	通过质控
BA719A	不通过	mtDNA copy number<50（最低 45.306244）
BA719B	通过	通过质控
BA719C	通过	通过质控
BA721A	通过	通过质控
BA721B	通过	通过质控
BA721C	通过	通过质控
BA77A	通过	通过质控
BA77B	通过	通过质控
BA77C	通过	通过质控
BASC1C	通过	通过质控
C15	通过	通过质控
C150C	通过	通过质控
C153C	通过	通过质控
C15C	通过	通过质控
C20C	通过	通过质控
C21C	通过	通过质控
C227C	通过	通过质控
C25C	通过	通过质控
C26C	通过	通过质控
C272C	通过	通过质控
C275C	通过	通过质控
C276C	通过	通过质控
C277C	通过	通过质控
C278C	通过	通过质控
C281C	通过	通过质控
C29C	通过	通过质控
C312C	通过	通过质控
C313C	通过	通过质控
C316C	不通过	污染率>0.02（最高 0.036263）
C31C	通过	通过质控
C322C	通过	通过质控
C330C	通过	通过质控
C335C	通过	通过质控
C337C	通过	通过质控
C338C	通过	通过质控
C340C	通过	通过质控
C36C	通过	通过质控
C38C	通过	通过质控
C39C	通过	通过质控
C41C	通过	通过质控
C421C	通过	通过质控
C42C	通过	通过质控
C45C	通过	通过质控
C463C	通过	通过质控
C468C	通过	通过质控
C46C	通过	通过质控
C488C	通过	通过质控
C491C	通过	通过质控
C492C	通过	通过质控
C493C	通过	通过质控
C494C	通过	通过质控
C496C	通过	通过质控
C499C	通过	通过质控
C49C	通过	通过质控
C500C	通过	通过质控
C502C	通过	通过质控
C507C	通过	通过质控
C509C	通过	通过质控
C50C	通过	通过质控
C512C	通过	通过质控
C513C	通过	通过质控
C514C	通过	通过质控
C515C	通过	通过质控
C517C	通过	通过质控
C521C	通过	通过质控
C524C	通过	通过质控
C527C	通过	通过质控
C531C	通过	通过质控
C533C	通过	通过质控
C535C	通过	通过质控
C53C	通过	通过质控
C542C	通过	通过质控
C568C	通过	通过质控
C569C	通过	通过质控
C570C	通过	通过质控
C571C	通过	通过质控
C572C	通过	通过质控
C573C	通过	通过质控
C574C	通过	通过质控
C575C	通过	通过质控
C576C	通过	通过质控
C578C	通过	通过质控
C579C	通过	通过质控
C580C	不通过	污染率>0.02（最高 0.023122）
C582C	通过	通过质控
C584C	通过	通过质控
C589C	通过	通过质控
C598C	通过	通过质控
C5C	通过	通过质控
C603C	通过	通过质控
C605C	通过	通过质控
C607C	通过	通过质控
C608C	通过	通过质控
C609C	通过	通过质控
C610C	通过	通过质控
C611C	通过	通过质控
C612C	通过	通过质控
C613C	通过	通过质控
C615C	通过	通过质控
C616C	通过	通过质控
C617C	通过	通过质控
C618C	通过	通过质控
C619C	通过	通过质控
C620C	通过	通过质控
C623C	通过	通过质控
C626C	通过	通过质控
C628C	通过	通过质控
C631C	通过	通过质控
C632C	通过	通过质控
C633C	通过	通过质控
C634C	通过	通过质控
C635C	通过	通过质控
C636C	通过	通过质控
C639C	通过	通过质控
C63C	通过	通过质控
C640C	通过	通过质控
C641C	通过	通过质控
C642C	通过	通过质控
C644C	通过	通过质控
C645C	通过	通过质控
C646C	通过	通过质控
C647C	通过	通过质控
C648C	通过	通过质控
C650C	通过	通过质控
C651C	通过	通过质控
C653C	通过	通过质控
C654C	通过	通过质控
C655C	通过	通过质控
C656C	通过	通过质控
C657C	通过	通过质控
C658C	通过	通过质控
C659C	通过	通过质控
C661C	通过	通过质控
C663C	通过	通过质控
C664C	通过	通过质控
C665C	通过	通过质控
C666C	通过	通过质控
C667C	不通过	污染率>0.02（最高 0.072129）
C668C	通过	通过质控
C669C	不通过	污染率>0.02（最高 0.166354）
C670C	通过	通过质控
C671C	通过	通过质控
C672C	通过	通过质控
C673C	通过	通过质控
C674C	通过	通过质控
C675C	通过	通过质控
C676C	通过	通过质控
C677C	通过	通过质控
C678C	不通过	污染率>0.02（最高 0.158379）
C680C	通过	通过质控
C681C	通过	通过质控
C682C	通过	通过质控
C683C	通过	通过质控
C684C	通过	通过质控
C685C	通过	通过质控
C687C	通过	通过质控
C688C	通过	通过质控
C689C	通过	通过质控
C68C	通过	通过质控
C690C	通过	通过质控
C691C	通过	通过质控
C692C	通过	通过质控
C694C	通过	通过质控
C696C	通过	通过质控
C697C	通过	通过质控
C698C	通过	通过质控
C699C	通过	通过质控
C69C	通过	通过质控
C6C	通过	通过质控
C702C	通过	通过质控
C704C	通过	通过质控
C705C	通过	通过质控
C706C	通过	通过质控
C708C	通过	通过质控
C710C	通过	通过质控
C712C	通过	通过质控
C713C	通过	通过质控
C714C	通过	通过质控
C715C	通过	通过质控
C716C	通过	通过质控
C717C	通过	通过质控
C718C	通过	通过质控
C719C	通过	通过质控
C720C	通过	通过质控
C721C	通过	通过质控
C722C	通过	通过质控
C723C	通过	通过质控
C724C	通过	通过质控
C725C	通过	通过质控
C726C	通过	通过质控
C727C	通过	通过质控
C728C	通过	通过质控
C729C	通过	通过质控
C72C	通过	通过质控
C730C	通过	通过质控
C731C	通过	通过质控
C732C	不通过	污染率>0.02（最高 0.302548）
C733C	通过	通过质控
C734C	通过	通过质控
C735C	通过	通过质控
C736C	通过	通过质控
C737C	通过	通过质控
C738C	通过	通过质控
C739C	通过	通过质控
C73C	通过	通过质控
C740C	通过	通过质控
C741C	通过	通过质控
C742C	通过	通过质控
C743C	通过	通过质控
C745C	通过	通过质控
C746C	通过	通过质控
C748C	通过	通过质控
C749C	通过	通过质控
C74C	通过	通过质控
C750C	通过	通过质控
C751C	通过	通过质控
C752C	通过	通过质控
C753C	通过	通过质控
C754C	通过	通过质控
C755C	通过	通过质控
C756C	通过	通过质控
C757C	通过	通过质控
C758C	通过	通过质控
C759C	通过	通过质控
C760C	通过	通过质控
C761C	通过	通过质控
C764C	通过	通过质控
C765C	通过	通过质控
C766C	通过	通过质控
C768C	通过	通过质控
C769C	通过	通过质控
C76C	通过	通过质控
C770C	通过	通过质控
C771C	通过	通过质控
C772C	通过	通过质控
C773C	通过	通过质控
C776C	通过	通过质控
C777C	通过	通过质控
C779C	通过	通过质控
C780C	通过	通过质控
C781C	通过	通过质控
C782C	通过	通过质控
C783C	通过	通过质控
C784C	通过	通过质控
C786C	通过	通过质控
C787C	通过	通过质控
C788C	通过	通过质控
C789C	通过	通过质控
C790C	通过	通过质控
C791C	通过	通过质控
C792C	通过	通过质控
C793C	通过	通过质控
C794C	通过	通过质控
C795C	通过	通过质控
C796C	通过	通过质控
C82C	通过	通过质控
C85C	通过	通过质控
C8C	通过	通过质控
CC11A	通过	通过质控
CC11B	通过	通过质控
CC11C	通过	通过质控
CC12A	通过	通过质控
CC12B	通过	通过质控
CC12C	通过	通过质控
CC153A	通过	通过质控
CC153B	通过	通过质控
CC153C	通过	通过质控
CC176A	通过	通过质控
CC176B	通过	通过质控
CC176C	通过	通过质控
CC224A	通过	通过质控
CC224B	通过	通过质控
CC224C	不通过	mtDNA copy number<50（最低 40.923093）
CC267A	通过	通过质控
CC267B	通过	通过质控
CC267C	通过	通过质控
CC279A	通过	通过质控
CC279B	通过	通过质控
CC279C	通过	通过质控
CC280A	通过	通过质控
CC280B	通过	通过质控
CC280C	通过	通过质控
CC283A	通过	通过质控
CC283B	通过	通过质控
CC283C	通过	通过质控
CC285A	通过	通过质控
CC285B	通过	通过质控
CC285C	通过	通过质控
CC288A	通过	通过质控
CC288B	通过	通过质控
CC288C	通过	通过质控
CC289A	通过	通过质控
CC289B	通过	通过质控
CC289C	通过	通过质控
CC42A	通过	通过质控
CC42B	通过	通过质控
CC42C	通过	通过质控
CCAM37A	通过	通过质控
CCAM37C	通过	通过质控
CCAM49A	通过	通过质控
CCAM49B	通过	通过质控
CCAM49C	通过	通过质控
CCAM51A	通过	通过质控
CCAM51B	通过	通过质控
CCAM51C	通过	通过质控
CCAM52A	通过	通过质控
CCAM52B	通过	通过质控
CCAM52C	通过	通过质控
CCAM53A	通过	通过质控
CCAM53B	通过	通过质控
CCAM53C	通过	通过质控
CCAM55A	通过	通过质控
CCAM55B	通过	通过质控
CCAM55C	通过	通过质控
CCMA37B	通过	通过质控
CD_BA10A	通过	通过质控
CD_BA10B	通过	通过质控
CD_BA10C	通过	通过质控
CD_BA11A	通过	通过质控
CD_BA11B	通过	通过质控
CD_BA11C	通过	通过质控
CD_BA12A	通过	通过质控
CD_BA12B	通过	通过质控
CD_BA12C	通过	通过质控
CD_BA13A	通过	通过质控
CD_BA13B	通过	通过质控
CD_BA13C	通过	通过质控
CD_BA14A	通过	通过质控
CD_BA14B	通过	通过质控
CD_BA14C	通过	通过质控
CD_BA15A	通过	通过质控
CD_BA15B	通过	通过质控
CD_BA15C	通过	通过质控
CD_BA16A	通过	通过质控
CD_BA16B	通过	通过质控
CD_BA16C	通过	通过质控
CD_BA17A	通过	通过质控
CD_BA17B	通过	通过质控
CD_BA17C	通过	通过质控
CD_BA1A	通过	通过质控
CD_BA1B	通过	通过质控
CD_BA1C	通过	通过质控
CD_BA2A	通过	通过质控
CD_BA2B	通过	通过质控
CD_BA2C	通过	通过质控
CD_BA3A	通过	通过质控
CD_BA3B	通过	通过质控
CD_BA3C	通过	通过质控
CD_BA4A	通过	通过质控
CD_BA4B	通过	通过质控
CD_BA4C	通过	通过质控
CD_BA5A	通过	通过质控
CD_BA5B	通过	通过质控
CD_BA5C	通过	通过质控
CD_BA6A	通过	通过质控
CD_BA6B	通过	通过质控
CD_BA6C	通过	通过质控
CD_BA7A	通过	通过质控
CD_BA7B	通过	通过质控
CD_BA7C	通过	通过质控
CD_BA8A	通过	通过质控
CD_BA8B	通过	通过质控
CD_BA8C	通过	通过质控
CD_BA9A	通过	通过质控
CD_BA9B	通过	通过质控
CD_BA9C	通过	通过质控
CKN	通过	通过质控
CKN-F	通过	通过质控
CZSA	通过	通过质控
DT2302328760-1	通过	通过质控
DT2302328760_1	通过	通过质控
DT2302328761-1	通过	通过质控
DT2302328761_1	通过	通过质控
DT2302328762-1	通过	通过质控
DT2302328762_1	通过	通过质控
DT2302328763-1	通过	通过质控
DT2302328763_1	通过	通过质控
DT2302328764-1	通过	通过质控
DT2302328764_1	通过	通过质控
DT2302328765-1	通过	通过质控
DT2302328765_1	通过	通过质控
DT2302328770-1	通过	通过质控
DT2302328770_1	通过	通过质控
DT2302328771-1	通过	通过质控
DT2302328771_1	通过	通过质控
DT2302328772-1	通过	通过质控
DT2302328772_1	通过	通过质控
DT2302328773-1	通过	通过质控
DT2302328773_1	通过	通过质控
DT2302328774-1	通过	通过质控
DT2302328774_1	通过	通过质控
DT2302328775-1	通过	通过质控
DT2302328775_1	通过	通过质控
DT2302328776-1	通过	通过质控
DT2302328777-1	通过	通过质控
DT2302328777_1	通过	通过质控
DT2302328778-1	通过	通过质控
DT2302328778_1	通过	通过质控
DT2302328779-1	通过	通过质控
DT2302328779_1	通过	通过质控
E-1	通过	通过质控
E-10	通过	通过质控
E-11	通过	通过质控
E-12	通过	通过质控
E-13	通过	通过质控
E-14	通过	通过质控
E-15	通过	通过质控
E-16	通过	通过质控
E-17	通过	通过质控
E-18	通过	通过质控
E-19	通过	通过质控
E-2	通过	通过质控
E-20	通过	通过质控
E-21	通过	通过质控
E-22	通过	通过质控
E-23	通过	通过质控
E-24	通过	通过质控
E-25	通过	通过质控
E-26	通过	通过质控
E-27	通过	通过质控
E-28	通过	通过质控
E-29	通过	通过质控
E-3	通过	通过质控
E-30	通过	通过质控
E-31	通过	通过质控
E-32	通过	通过质控
E-33	通过	通过质控
E-34	通过	通过质控
E-35	通过	通过质控
E-36	通过	通过质控
E-37	通过	通过质控
E-38	通过	通过质控
E-39	通过	通过质控
E-4	通过	通过质控
E-40	通过	通过质控
E-41	通过	通过质控
E-42	通过	通过质控
E-43	通过	通过质控
E-44	通过	通过质控
E-45	通过	通过质控
E-5	通过	通过质控
E-6	通过	通过质控
E-7	通过	通过质控
E-8	通过	通过质控
E-9	通过	通过质控
E-S24597809551A	通过	通过质控
E-S24807224985A	通过	通过质控
FBJA	通过	通过质控
G1344	不通过	污染率>0.02（最高 0.300097）
G1349	通过	通过质控
G1351	通过	通过质控
G1354	通过	通过质控
G1358	通过	通过质控
G1359	通过	通过质控
G1366	通过	通过质控
G1367	通过	通过质控
G1368	通过	通过质控
G1369	通过	通过质控
G1371	通过	通过质控
G1374	通过	通过质控
G1378	通过	通过质控
G1379	通过	通过质控
G1380	通过	通过质控
G1386	通过	通过质控
G1390	不通过	污染率>0.02（最高 0.239181）
G1396	通过	通过质控
G1397	通过	通过质控
G1402	通过	通过质控
G1403	通过	通过质控
G1405	通过	通过质控
G1406	通过	通过质控
G1410	通过	通过质控
G1412	通过	通过质控
G1413	通过	通过质控
G1418	通过	通过质控
G1419	不通过	污染率>0.02（最高 0.247088）
G1421	通过	通过质控
G1426	通过	通过质控
G1427	通过	通过质控
G1428	通过	通过质控
G1434	通过	通过质控
G1439	通过	通过质控
G1442	通过	通过质控
G1444	通过	通过质控
G1447	通过	通过质控
G1450	通过	通过质控
G1451	通过	通过质控
G1453	通过	通过质控
G1456	通过	通过质控
G1457	通过	通过质控
G1459	通过	通过质控
G1462	通过	通过质控
G1463	通过	通过质控
G1464	通过	通过质控
G1469	通过	通过质控
G1473	通过	通过质控
G1478	通过	通过质控
G1484	通过	通过质控
G1485	通过	通过质控
G1487	通过	通过质控
G1491	通过	通过质控
G1492	通过	通过质控
G1494	通过	通过质控
G1495	通过	通过质控
G1496	通过	通过质控
G1497	通过	通过质控
G1501	通过	通过质控
G1502	不通过	污染率>0.02（最高 0.028875）
G1505	通过	通过质控
G1507	通过	通过质控
G1508	通过	通过质控
G1512	通过	通过质控
G1517	通过	通过质控
G1523	通过	通过质控
G1525	通过	通过质控
G1527	通过	通过质控
G1528	通过	通过质控
G1530	通过	通过质控
G1533	通过	通过质控
G1536	通过	通过质控
G1538	通过	通过质控
G1542	不通过	mtDNA copy number<50（最低 40.751235）
G1543	通过	通过质控
G1545	通过	通过质控
G1546	通过	通过质控
G1547	通过	通过质控
G1550	通过	通过质控
G1552	通过	通过质控
G1557	通过	通过质控
G1558	通过	通过质控
G1559	通过	通过质控
G1560	通过	通过质控
G1561	通过	通过质控
G1569	不通过	污染率>0.02（最高 0.320693）
G1570	通过	通过质控
G1575	通过	通过质控
G1583	通过	通过质控
G1584	通过	通过质控
G1585	通过	通过质控
G1586	通过	通过质控
G1590	通过	通过质控
G1591	通过	通过质控
G1593	通过	通过质控
G1594	通过	通过质控
G1598	通过	通过质控
G1599	通过	通过质控
G1603	通过	通过质控
G1604	不通过	mtDNA copy number<50（最低 40.957721）
G1606	通过	通过质控
G1608	通过	通过质控
G1610	通过	通过质控
G1616	通过	通过质控
G1617	通过	通过质控
G1618	通过	通过质控
G1622	通过	通过质控
G1633	通过	通过质控
G1634	通过	通过质控
G1635	通过	通过质控
G1643	通过	通过质控
G1646	通过	通过质控
G1647	通过	通过质控
G1652	通过	通过质控
G1653	通过	通过质控
G1654	通过	通过质控
G1655	通过	通过质控
G1659	通过	通过质控
G1663	通过	通过质控
G1664	通过	通过质控
G1667	通过	通过质控
G1675	通过	通过质控
G1682	通过	通过质控
G1686	通过	通过质控
G1689	通过	通过质控
G1694	通过	通过质控
G1695	通过	通过质控
G1699	通过	通过质控
G1702	通过	通过质控
G1703	通过	通过质控
G1706	通过	通过质控
G1707	通过	通过质控
G1708	通过	通过质控
G1710	通过	通过质控
G1712	通过	通过质控
G1713	通过	通过质控
G1715	通过	通过质控
G1717	通过	通过质控
G1718	通过	通过质控
G1720	通过	通过质控
G1727	通过	通过质控
G1733	通过	通过质控
G1734	通过	通过质控
G1735	通过	通过质控
G1736	通过	通过质控
G1737	通过	通过质控
G1738	通过	通过质控
G1739	通过	通过质控
G1740	通过	通过质控
G1742	通过	通过质控
G1745	通过	通过质控
G1746	通过	通过质控
G1747	通过	通过质控
G1748	通过	通过质控
G1749	通过	通过质控
G1756	通过	通过质控
G1758	通过	通过质控
G1759	不通过	污染率>0.02（最高 0.377116）
G1760	通过	通过质控
G1763	通过	通过质控
G1767	通过	通过质控
G1768	通过	通过质控
G1769	通过	通过质控
G1770	通过	通过质控
G1771	通过	通过质控
G1773	通过	通过质控
G1775	通过	通过质控
G1776	通过	通过质控
G1778	通过	通过质控
G1783	通过	通过质控
G1786	通过	通过质控
G1787	通过	通过质控
G1790	通过	通过质控
G1791	通过	通过质控
G1795	通过	通过质控
G1796	通过	通过质控
G1799	通过	通过质控
G1801	通过	通过质控
G1803	通过	通过质控
G1804	通过	通过质控
G1806	通过	通过质控
G1808	通过	通过质控
G1810	通过	通过质控
G1812	不通过	mtDNA copy number<50（最低 38.336633）
G1813	通过	通过质控
G1817	通过	通过质控
G1819	不通过	mtDNA copy number<50（最低 47.885118）
G1824	通过	通过质控
G1825	通过	通过质控
G1829	通过	通过质控
G1830	通过	通过质控
G1832	通过	通过质控
G1835	通过	通过质控
G1840	通过	通过质控
G1843	通过	通过质控
G1844	通过	通过质控
G1845	通过	通过质控
G1847	通过	通过质控
G1850	通过	通过质控
G1852	通过	通过质控
G1857	通过	通过质控
G1859	通过	通过质控
G1860	通过	通过质控
G1863	通过	通过质控
G1864	通过	通过质控
G1867	通过	通过质控
G1868	通过	通过质控
G1879	通过	通过质控
G1884	通过	通过质控
G1885	通过	通过质控
G1888	通过	通过质控
G1889	通过	通过质控
G1891	通过	通过质控
G1894	通过	通过质控
G1896	通过	通过质控
G1898	通过	通过质控
G1906	通过	通过质控
G1908	通过	通过质控
G1911	通过	通过质控
G1916	通过	通过质控
G1926	通过	通过质控
G1927	通过	通过质控
G1930	通过	通过质控
G1933	通过	通过质控
G1935	通过	通过质控
G1939	通过	通过质控
G1941	通过	通过质控
G1942	通过	通过质控
G1944	通过	通过质控
G1945	通过	通过质控
G1946	通过	通过质控
G1950-1	通过	通过质控
G1951	通过	通过质控
G1952	通过	通过质控
G1956-2	通过	通过质控
G1957	通过	通过质控
G1961	通过	通过质控
G1967	通过	通过质控
G1968	通过	通过质控
G1971	不通过	污染率>0.02（最高 0.417340）
G1972	通过	通过质控
G1975	通过	通过质控
G1976	通过	通过质控
G1979	通过	通过质控
G1982	通过	通过质控
G1987	通过	通过质控
G1993-1	通过	通过质控
G1999-1	通过	通过质控
G2004	通过	通过质控
G2005	通过	通过质控
G2008	通过	通过质控
G2009	通过	通过质控
G2012	通过	通过质控
G2013	通过	通过质控
G2015	通过	通过质控
G2017	通过	通过质控
G2020-1	通过	通过质控
G2021-1	通过	通过质控
G2025	通过	通过质控
G2027	通过	通过质控
G2029	通过	通过质控
G2032	通过	通过质控
G2033-1	通过	通过质控
G2035-1	通过	通过质控
G2036	通过	通过质控
G2037	不通过	污染率>0.02（最高 0.419972）
G2042	通过	通过质控
G2043	通过	通过质控
G2044	通过	通过质控
G2046	通过	通过质控
G2047	通过	通过质控
G2051	通过	通过质控
G2053	通过	通过质控
G2057	通过	通过质控
G2058	通过	通过质控
G2062	通过	通过质控
G2066-1	通过	通过质控
G2068	通过	通过质控
G2069	通过	通过质控
G2072	不通过	污染率>0.02（最高 0.314586）
G2074	通过	通过质控
G2075	通过	通过质控
G2079	通过	通过质控
G2080	通过	通过质控
G2081	通过	通过质控
G2083	通过	通过质控
G2090	通过	通过质控
G2091	不通过	污染率>0.02（最高 0.252975）
G2095	通过	通过质控
G2097	通过	通过质控
G2105	通过	通过质控
G2108	通过	通过质控
G2114	通过	通过质控
G2119	通过	通过质控
G2121	通过	通过质控
G2138	通过	通过质控
G2141	不通过	污染率>0.02（最高 0.383693）
G2146	通过	通过质控
G2148	通过	通过质控
G2150	通过	通过质控
G2151	通过	通过质控
G2156	通过	通过质控
G2157	通过	通过质控
G2161	通过	通过质控
G2163	通过	通过质控
G2176	通过	通过质控
G2177	通过	通过质控
G2181	通过	通过质控
G2183	通过	通过质控
G2191-1	通过	通过质控
G2193	通过	通过质控
G2202	通过	通过质控
G2207	通过	通过质控
G2212	通过	通过质控
G2223	通过	通过质控
G2228-1	通过	通过质控
G2229	通过	通过质控
G2230	通过	通过质控
G2239	通过	通过质控
G2247	通过	通过质控
G2253	通过	通过质控
G2260	通过	通过质控
G2262	通过	通过质控
G2265	通过	通过质控
G2283	通过	通过质控
G2284	通过	通过质控
G2285	通过	通过质控
G2286	通过	通过质控
G2287	通过	通过质控
G2289	通过	通过质控
G2294	通过	通过质控
G2297	通过	通过质控
G2326	通过	通过质控
G2329	通过	通过质控
G2330	通过	通过质控
G2332	通过	通过质控
G2333-2	通过	通过质控
G2335-2	通过	通过质控
G2344	通过	通过质控
G2346	通过	通过质控
G2347	通过	通过质控
G2348	通过	通过质控
G2350	通过	通过质控
G2353	通过	通过质控
G2355	通过	通过质控
G2361	通过	通过质控
G2367	通过	通过质控
G2374	通过	通过质控
G2376	通过	通过质控
G2378-1	通过	通过质控
G2383	通过	通过质控
G2384	通过	通过质控
G2387	通过	通过质控
G2397	通过	通过质控
G2407	通过	通过质控
G2409-2	通过	通过质控
G2410-1	通过	通过质控
G2411	通过	通过质控
G2413	通过	通过质控
G2414	通过	通过质控
G2416	通过	通过质控
G2420	通过	通过质控
G2425	通过	通过质控
G2429	通过	通过质控
G2439	通过	通过质控
G2442	通过	通过质控
G2445	通过	通过质控
G2447	通过	通过质控
G2455	通过	通过质控
G2457-1	通过	通过质控
G2458	通过	通过质控
G2459	通过	通过质控
G2460	通过	通过质控
G2462	通过	通过质控
G2463	不通过	污染率>0.02（最高 0.404037）
G2465	通过	通过质控
G2469	通过	通过质控
G2470	通过	通过质控
G2473	通过	通过质控
G2474-2	通过	通过质控
G2488-2	通过	通过质控
G2489	通过	通过质控
G2491	通过	通过质控
G2500	通过	通过质控
G2503	通过	通过质控
G2513	通过	通过质控
G2515	不通过	污染率>0.02（最高 0.299571）
G2519	通过	通过质控
G2526	通过	通过质控
G2535	通过	通过质控
G2537	通过	通过质控
G2544	通过	通过质控
G2549	通过	通过质控
G2552	通过	通过质控
G2555	通过	通过质控
G2561	通过	通过质控
G2562	通过	通过质控
G2563	通过	通过质控
G2565	通过	通过质控
G2569	通过	通过质控
G2571	通过	通过质控
G2573	通过	通过质控
G2578	通过	通过质控
G2580	通过	通过质控
G2584	通过	通过质控
G2594	通过	通过质控
G2595	通过	通过质控
G2596	通过	通过质控
G2598	通过	通过质控
G2600	通过	通过质控
G2601	通过	通过质控
G2603	通过	通过质控
G2604	通过	通过质控
G2614-1	通过	通过质控
G2624	通过	通过质控
G2627	通过	通过质控
G2630	通过	通过质控
G2633-1	通过	通过质控
G2638	通过	通过质控
G2639	通过	通过质控
G2661	通过	通过质控
G2679	通过	通过质控
G2681	通过	通过质控
G2684	通过	通过质控
G2688-1	通过	通过质控
G2697	通过	通过质控
G2707	通过	通过质控
G2708	通过	通过质控
G2710	通过	通过质控
G2711	通过	通过质控
G2715	通过	通过质控
G2717	通过	通过质控
G2726	通过	通过质控
G2730	通过	通过质控
G2736	通过	通过质控
G2737	通过	通过质控
G2740	通过	通过质控
G2744	通过	通过质控
G2745	通过	通过质控
G2768	通过	通过质控
G2770	通过	通过质控
G2776	通过	通过质控
G2780	通过	通过质控
G2787	通过	通过质控
G2788	通过	通过质控
G2791	通过	通过质控
G2792	通过	通过质控
G2793	通过	通过质控
G2797D	通过	通过质控
G2799	通过	通过质控
G2818	通过	通过质控
G2823	通过	通过质控
G2829	通过	通过质控
G2844	通过	通过质控
G2849-1	通过	通过质控
G2850-1	通过	通过质控
G2851	通过	通过质控
G2853-1	通过	通过质控
G2854	通过	通过质控
G2856	通过	通过质控
G2857	通过	通过质控
G2859	通过	通过质控
G2870	通过	通过质控
G2878	通过	通过质控
G2879-1	通过	通过质控
G2880	通过	通过质控
G2884	通过	通过质控
G2905	通过	通过质控
G2906	通过	通过质控
G2908-1	通过	通过质控
G2915	通过	通过质控
G2928	通过	通过质控
G2930	通过	通过质控
G2937	通过	通过质控
G2941	通过	通过质控
G2945	通过	通过质控
G2951	通过	通过质控
G2954	通过	通过质控
G2957	通过	通过质控
G2963	通过	通过质控
G2966	通过	通过质控
G2969	通过	通过质控
G2971	通过	通过质控
G2976	通过	通过质控
G2978	通过	通过质控
G2979	通过	通过质控
G2980	通过	通过质控
G2982	通过	通过质控
G2986	通过	通过质控
G2987	通过	通过质控
G2989	通过	通过质控
G2990	通过	通过质控
G2994	通过	通过质控
G2997	通过	通过质控
G2998	通过	通过质控
G3001	通过	通过质控
G3002	通过	通过质控
G3003	通过	通过质控
G3008	通过	通过质控
G3013	通过	通过质控
G3014	通过	通过质控
G3017	通过	通过质控
G3018	通过	通过质控
G3020	通过	通过质控
G3021	通过	通过质控
G3025	通过	通过质控
G3026	通过	通过质控
G3027	通过	通过质控
G3028	通过	通过质控
G3030	通过	通过质控
G3034	通过	通过质控
G3035	通过	通过质控
G3042	通过	通过质控
G3046	通过	通过质控
G3050	通过	通过质控
G3051	通过	通过质控
G3052	通过	通过质控
G3056	通过	通过质控
G3057	通过	通过质控
G3061	通过	通过质控
G3062	通过	通过质控
G3063	通过	通过质控
G3070	通过	通过质控
G3071	通过	通过质控
G3072	通过	通过质控
G3079	通过	通过质控
G3086	通过	通过质控
G3090	通过	通过质控
G3091	通过	通过质控
G3092	通过	通过质控
G3094	通过	通过质控
G3096	通过	通过质控
G3101	通过	通过质控
G3103	通过	通过质控
G3109	通过	通过质控
G3111	通过	通过质控
G3119	通过	通过质控
G3125	通过	通过质控
G3129	通过	通过质控
G3130	通过	通过质控
G3131	通过	通过质控
G3132	通过	通过质控
G3135	通过	通过质控
G3136	通过	通过质控
G3140	通过	通过质控
G3141	通过	通过质控
G3142	通过	通过质控
G3144	通过	通过质控
G3146	通过	通过质控
G3147	通过	通过质控
G3157	通过	通过质控
G3167	通过	通过质控
G3168	通过	通过质控
G3171	通过	通过质控
G3172	通过	通过质控
G3175	通过	通过质控
G3176	通过	通过质控
G3178	通过	通过质控
G3180	通过	通过质控
G3181	通过	通过质控
G3184	通过	通过质控
G3185	通过	通过质控
G3186	通过	通过质控
G3187	通过	通过质控
G3191	通过	通过质控
G3195	通过	通过质控
G3201	通过	通过质控
G3202	通过	通过质控
G3203	通过	通过质控
G3204	通过	通过质控
G3205	通过	通过质控
G3208	通过	通过质控
G3218	通过	通过质控
G3231	通过	通过质控
G3233	通过	通过质控
G3242	通过	通过质控
G3247	通过	通过质控
G3256	通过	通过质控
G3257	通过	通过质控
G3263	通过	通过质控
G3267	通过	通过质控
G3268	通过	通过质控
G3270	通过	通过质控
G3273	通过	通过质控
G3283	通过	通过质控
G3285	通过	通过质控
G3286	通过	通过质控
G3288	通过	通过质控
G3294	通过	通过质控
G3296	通过	通过质控
G3297	通过	通过质控
G3299	通过	通过质控
G3301	通过	通过质控
G3303	通过	通过质控
G3306	通过	通过质控
G3309	通过	通过质控
G3311	通过	通过质控
G3313	通过	通过质控
G3314	通过	通过质控
G3317	通过	通过质控
G3319	通过	通过质控
G3322	通过	通过质控
G3324	通过	通过质控
G3330	通过	通过质控
G3336	通过	通过质控
G3343	通过	通过质控
G3344	通过	通过质控
G3346	通过	通过质控
G3348	通过	通过质控
G3357	通过	通过质控
G3363	通过	通过质控
G3366	通过	通过质控
G3370	通过	通过质控
G3373	通过	通过质控
G3376	通过	通过质控
G3378	通过	通过质控
G3379	通过	通过质控
G3383	通过	通过质控
G3384	通过	通过质控
G3392	通过	通过质控
G3393	通过	通过质控
G3394	通过	通过质控
G3395	通过	通过质控
G3398	通过	通过质控
G3399	通过	通过质控
G3407	通过	通过质控
G3408	通过	通过质控
G3412	通过	通过质控
G3417	通过	通过质控
G3418	通过	通过质控
G3421	通过	通过质控
G3426	通过	通过质控
G3429	通过	通过质控
G3431	通过	通过质控
G3432	通过	通过质控
G3437	通过	通过质控
G3441	通过	通过质控
G3446	通过	通过质控
G3449	通过	通过质控
G3456	通过	通过质控
G3464	通过	通过质控
G3467	通过	通过质控
G3470	通过	通过质控
G3475	通过	通过质控
G3483	通过	通过质控
G3486	通过	通过质控
G3487	通过	通过质控
G3500	通过	通过质控
G3506	通过	通过质控
G3508	不通过	mtDNA copy number<50（最低 32.697256）
G3512	通过	通过质控
G3515	通过	通过质控
G3524	通过	通过质控
G3525	通过	通过质控
G3527	通过	通过质控
G3534	通过	通过质控
G3537	通过	通过质控
G3538	通过	通过质控
G3551	通过	通过质控
G3552	通过	通过质控
G3553	通过	通过质控
G3554	通过	通过质控
G3556	通过	通过质控
G3559	通过	通过质控
G3561	通过	通过质控
G3569	通过	通过质控
G3572	通过	通过质控
G3576	通过	通过质控
G3577	通过	通过质控
G3589	通过	通过质控
G3596	通过	通过质控
G3601	通过	通过质控
G3603	通过	通过质控
G3607	通过	通过质控
G3610	通过	通过质控
G3612	通过	通过质控
G3613	通过	通过质控
G3616	通过	通过质控
G3617	通过	通过质控
G3622	通过	通过质控
G3623	通过	通过质控
G3624	通过	通过质控
G3626	通过	通过质控
G3629	通过	通过质控
G3631	通过	通过质控
G3632	通过	通过质控
G3633	通过	通过质控
G3640	通过	通过质控
G3641-1	通过	通过质控
G3643	通过	通过质控
G3648	通过	通过质控
G3650	通过	通过质控
G3652	通过	通过质控
G3657	通过	通过质控
G3663	通过	通过质控
G3667	通过	通过质控
G3675	通过	通过质控
G3676	通过	通过质控
G3677	通过	通过质控
G3678	通过	通过质控
G3682	通过	通过质控
G3683	通过	通过质控
G3684	通过	通过质控
G3686	通过	通过质控
G3688	通过	通过质控
G3689	通过	通过质控
G3694	通过	通过质控
G3696	通过	通过质控
G3697	通过	通过质控
G3699	通过	通过质控
G3703	通过	通过质控
G3708	通过	通过质控
G3713	通过	通过质控
G3715	通过	通过质控
G3716	通过	通过质控
G3729	通过	通过质控
G3731	通过	通过质控
G3732	通过	通过质控
G3735	通过	通过质控
G3741	通过	通过质控
G3746	通过	通过质控
G3748	通过	通过质控
G3749	通过	通过质控
G3754	通过	通过质控
G3755	通过	通过质控
G3756	通过	通过质控
G3757	通过	通过质控
G3760	通过	通过质控
G3810	通过	通过质控
G3818	通过	通过质控
G3831	通过	通过质控
G3832	通过	通过质控
G3833	通过	通过质控
G3840	通过	通过质控
G3842	通过	通过质控
G3843	通过	通过质控
G3845	通过	通过质控
G3852	通过	通过质控
G3859	通过	通过质控
G3862	通过	通过质控
G3865	通过	通过质控
G3879	通过	通过质控
G3883	通过	通过质控
G3890	通过	通过质控
G3901	通过	通过质控
G3905	通过	通过质控
G3916	通过	通过质控
G3926	通过	通过质控
G3927	通过	通过质控
G3934	通过	通过质控
G3936	通过	通过质控
G3939	通过	通过质控
G3943	通过	通过质控
G3945	通过	通过质控
G3947	通过	通过质控
G3952	通过	通过质控
G3954	通过	通过质控
G3961	通过	通过质控
G3967	通过	通过质控
G3979	通过	通过质控
G3980	通过	通过质控
G3981	通过	通过质控
G3982	通过	通过质控
G3986	通过	通过质控
G4006	通过	通过质控
G4008	通过	通过质控
G4009	通过	通过质控
G4016	通过	通过质控
G4017	通过	通过质控
G4020	通过	通过质控
G4028	通过	通过质控
G4029	通过	通过质控
G4033	通过	通过质控
G4038	通过	通过质控
G4039	通过	通过质控
G4053	通过	通过质控
G4054	通过	通过质控
G4064	通过	通过质控
G4069	通过	通过质控
G4071	通过	通过质控
G4073	通过	通过质控
G4074	通过	通过质控
G4075	通过	通过质控
G4077	通过	通过质控
G4079	通过	通过质控
G4080	通过	通过质控
G4087	通过	通过质控
G4090	通过	通过质控
G4092	通过	通过质控
G4096	通过	通过质控
G4098	通过	通过质控
G4099	通过	通过质控
G4104	通过	通过质控
G4108	通过	通过质控
G4109	通过	通过质控
G4111	通过	通过质控
G4120	通过	通过质控
G4123	通过	通过质控
G4126	通过	通过质控
G4128	通过	通过质控
G4130	通过	通过质控
G4131	通过	通过质控
G4133	通过	通过质控
G4144	通过	通过质控
G4146	通过	通过质控
G4147	通过	通过质控
G4151	通过	通过质控
G4152	通过	通过质控
G4154	通过	通过质控
G4160	通过	通过质控
G4161	通过	通过质控
G4167	通过	通过质控
G4168	通过	通过质控
G4171	通过	通过质控
G4173	通过	通过质控
G4175	通过	通过质控
G4177	通过	通过质控
G4179	通过	通过质控
G4184	通过	通过质控
G4186	通过	通过质控
G4187	通过	通过质控
G4194	通过	通过质控
G4197	通过	通过质控
G4201	通过	通过质控
G4203	通过	通过质控
G4204	通过	通过质控
G4205	通过	通过质控
G4206	通过	通过质控
G4213	通过	通过质控
G4216	通过	通过质控
G4221	通过	通过质控
G4225	通过	通过质控
G4228	通过	通过质控
G4229	通过	通过质控
G4231	通过	通过质控
G4233	通过	通过质控
G4237	通过	通过质控
G4239	通过	通过质控
G4256	通过	通过质控
G4257	通过	通过质控
G4258	通过	通过质控
G4259	通过	通过质控
G4260	通过	通过质控
G4265	通过	通过质控
G4274	通过	通过质控
G4278	通过	通过质控
G4284	通过	通过质控
G4285	通过	通过质控
G4287	通过	通过质控
G4290	通过	通过质控
G4293	通过	通过质控
G4294	通过	通过质控
G4312	通过	通过质控
G4314	通过	通过质控
G4315	通过	通过质控
G4320	通过	通过质控
G4321	通过	通过质控
G4335	通过	通过质控
G4337	通过	通过质控
G4341	通过	通过质控
G4354	通过	通过质控
G4355	通过	通过质控
G4357	通过	通过质控
G4358	通过	通过质控
G4361	通过	通过质控
G4362	通过	通过质控
G4363	通过	通过质控
G4365	通过	通过质控
G4366	通过	通过质控
G4368	通过	通过质控
G4374	通过	通过质控
G4379	通过	通过质控
G4383	通过	通过质控
G4392	通过	通过质控
G4393	通过	通过质控
G4401	通过	通过质控
G4408	通过	通过质控
G4409	通过	通过质控
G4412	通过	通过质控
G4413	通过	通过质控
G4429	通过	通过质控
G4436	通过	通过质控
G4437	通过	通过质控
G4438	通过	通过质控
G4440	通过	通过质控
G4449	通过	通过质控
G4467	通过	通过质控
G4473	通过	通过质控
G4474	通过	通过质控
G4476	通过	通过质控
G4477	通过	通过质控
G4480	通过	通过质控
G4486	通过	通过质控
G4487	通过	通过质控
G4495	通过	通过质控
G4496	通过	通过质控
G4527	通过	通过质控
G4529	通过	通过质控
G4537	通过	通过质控
G4538	通过	通过质控
G4540	通过	通过质控
G4553	通过	通过质控
G4556	通过	通过质控
G4565	通过	通过质控
G4567	通过	通过质控
G4569	通过	通过质控
G4583	通过	通过质控
G4589	通过	通过质控
G4590	通过	通过质控
G4594	通过	通过质控
G4595	通过	通过质控
G4600	通过	通过质控
G4601	通过	通过质控
G4609	通过	通过质控
G4619	通过	通过质控
G4620	通过	通过质控
G4621	通过	通过质控
G4622	通过	通过质控
G4623	通过	通过质控
G4624	通过	通过质控
G4630	通过	通过质控
G4647	通过	通过质控
G4650	通过	通过质控
G4653	通过	通过质控
G4655	通过	通过质控
G4659	通过	通过质控
G4663	通过	通过质控
G4668	通过	通过质控
G4680	通过	通过质控
G4681	通过	通过质控
G4697	通过	通过质控
G4700	通过	通过质控
G4701	通过	通过质控
GJBA	通过	通过质控
GMLA	通过	通过质控
HC67	通过	通过质控
HC92	不通过	mtDNA copy number<50（最低 44.072094）
HC95	不通过	mtDNA copy number<50（最低 44.081918）
HC97	不通过	mtDNA copy number<50（最低 38.589301）
HC99	不通过	mtDNA copy number<50（最低 49.049384）
HD06C	通过	通过质控
HD07C	通过	通过质控
HD09A	通过	通过质控
HD09B	通过	通过质控
HD09C	通过	通过质控
HD12C_redo	通过	通过质控
HD13C	通过	通过质控
HG00096	通过	通过质控
HG00097	通过	通过质控
HG00099	通过	通过质控
HG00100	通过	通过质控
HG00101	通过	通过质控
HG00102	通过	通过质控
HG00103	通过	通过质控
HG00105	通过	通过质控
HG00106	通过	通过质控
HG00107	通过	通过质控
HG00108	通过	通过质控
HG00109	通过	通过质控
HG00110	通过	通过质控
HG00111	通过	通过质控
HG00112	通过	通过质控
HG00113	通过	通过质控
HG00114	通过	通过质控
HG00115	通过	通过质控
HG00116	通过	通过质控
HG00117	通过	通过质控
HG00118	通过	通过质控
HG00119	通过	通过质控
HG00120	通过	通过质控
HG00121	通过	通过质控
HG00122	通过	通过质控
HG00123	通过	通过质控
HG00125	通过	通过质控
HG00126	通过	通过质控
HG00127	通过	通过质控
HG00128	通过	通过质控
HG00129	通过	通过质控
HG00130	通过	通过质控
HG00131	通过	通过质控
HG00132	通过	通过质控
HG00133	通过	通过质控
HG00136	通过	通过质控
HG00137	通过	通过质控
HG00138	通过	通过质控
HG00139	通过	通过质控
HG00140	通过	通过质控
HG00141	通过	通过质控
HG00142	通过	通过质控
HG00143	通过	通过质控
HG00145	通过	通过质控
HG00146	通过	通过质控
HG00148	通过	通过质控
HG00149	通过	通过质控
HG00150	通过	通过质控
HG00151	通过	通过质控
HG00154	通过	通过质控
HG00155	通过	通过质控
HG00157	通过	通过质控
HG00158	通过	通过质控
HG00159	通过	通过质控
HG00160	通过	通过质控
HG00171	通过	通过质控
HG00173	通过	通过质控
HG00174	通过	通过质控
HG00176	通过	通过质控
HG00177	通过	通过质控
HG00178	通过	通过质控
HG00179	通过	通过质控
HG00180	通过	通过质控
HG00181	通过	通过质控
HG00182	通过	通过质控
HG00183	通过	通过质控
HG00185	通过	通过质控
HG00186	通过	通过质控
HG00187	通过	通过质控
HG00188	通过	通过质控
HG00189	通过	通过质控
HG00190	通过	通过质控
HG00231	通过	通过质控
HG00232	通过	通过质控
HG00233	通过	通过质控
HG00234	通过	通过质控
HG00235	通过	通过质控
HG00236	通过	通过质控
HG00237	通过	通过质控
HG00238	通过	通过质控
HG00239	通过	通过质控
HG00240	通过	通过质控
HG00242	通过	通过质控
HG00243	通过	通过质控
HG00244	通过	通过质控
HG00245	通过	通过质控
HG00246	通过	通过质控
HG00250	通过	通过质控
HG00251	通过	通过质控
HG00252	通过	通过质控
HG00253	通过	通过质控
HG00254	通过	通过质控
HG00255	通过	通过质控
HG00256	通过	通过质控
HG00257	通过	通过质控
HG00258	通过	通过质控
HG00259	通过	通过质控
HG00260	通过	通过质控
HG00261	通过	通过质控
HG00262	通过	通过质控
HG00263	通过	通过质控
HG00264	通过	通过质控
HG00265	通过	通过质控
HG00266	通过	通过质控
HG00267	通过	通过质控
HG00268	通过	通过质控
HG00269	通过	通过质控
HG00271	通过	通过质控
HG00272	通过	通过质控
HG00273	通过	通过质控
HG00274	通过	通过质控
HG00275	通过	通过质控
HG00276	通过	通过质控
HG00277	通过	通过质控
HG00278	通过	通过质控
HG00280	通过	通过质控
HG00281	通过	通过质控
HG00282	通过	通过质控
HG00284	通过	通过质控
HG00285	通过	通过质控
HG00288	通过	通过质控
HG00290	通过	通过质控
HG00304	通过	通过质控
HG00306	通过	通过质控
HG00308	通过	通过质控
HG00309	通过	通过质控
HG00310	通过	通过质控
HG00311	通过	通过质控
HG00313	通过	通过质控
HG00315	通过	通过质控
HG00318	通过	通过质控
HG00319	通过	通过质控
HG00320	通过	通过质控
HG00321	通过	通过质控
HG00323	通过	通过质控
HG00324	通过	通过质控
HG00325	通过	通过质控
HG00326	通过	通过质控
HG00327	通过	通过质控
HG00328	通过	通过质控
HG00329	通过	通过质控
HG00330	通过	通过质控
HG00331	通过	通过质控
HG00332	通过	通过质控
HG00334	通过	通过质控
HG00335	通过	通过质控
HG00336	通过	通过质控
HG00337	通过	通过质控
HG00338	通过	通过质控
HG00339	通过	通过质控
HG00341	通过	通过质控
HG00342	通过	通过质控
HG00343	通过	通过质控
HG00344	通过	通过质控
HG00345	通过	通过质控
HG00346	通过	通过质控
HG00349	通过	通过质控
HG00350	通过	通过质控
HG00351	通过	通过质控
HG00353	通过	通过质控
HG00355	通过	通过质控
HG00356	通过	通过质控
HG00357	通过	通过质控
HG00358	通过	通过质控
HG00360	通过	通过质控
HG00361	通过	通过质控
HG00362	通过	通过质控
HG00364	通过	通过质控
HG00365	通过	通过质控
HG00366	通过	通过质控
HG00367	通过	通过质控
HG00368	通过	通过质控
HG00369	通过	通过质控
HG00371	通过	通过质控
HG00372	通过	通过质控
HG00373	通过	通过质控
HG00375	通过	通过质控
HG00376	通过	通过质控
HG00378	通过	通过质控
HG00379	通过	通过质控
HG00380	通过	通过质控
HG00381	通过	通过质控
HG00382	通过	通过质控
HG00383	通过	通过质控
HG00384	通过	通过质控
HG00403	通过	通过质控
HG00404	通过	通过质控
HG00405	通过	通过质控
HG00406	通过	通过质控
HG00407	通过	通过质控
HG00408	通过	通过质控
HG00409	通过	通过质控
HG00410	通过	通过质控
HG00418	通过	通过质控
HG00419	通过	通过质控
HG00420	通过	通过质控
HG00421	通过	通过质控
HG00422	通过	通过质控
HG00423	通过	通过质控
HG00427	通过	通过质控
HG00428	通过	通过质控
HG00429	通过	通过质控
HG00436	通过	通过质控
HG00437	通过	通过质控
HG00438	通过	通过质控
HG00442	通过	通过质控
HG00443	通过	通过质控
HG00444	通过	通过质控
HG00445	通过	通过质控
HG00446	通过	通过质控
HG00447	通过	通过质控
HG00448	通过	通过质控
HG00449	通过	通过质控
HG00450	通过	通过质控
HG00451	通过	通过质控
HG00452	通过	通过质控
HG00453	通过	通过质控
HG00457	通过	通过质控
HG00458	通过	通过质控
HG00459	通过	通过质控
HG00463	通过	通过质控
HG00464	通过	通过质控
HG00465	通过	通过质控
HG00472	通过	通过质控
HG00473	通过	通过质控
HG00474	通过	通过质控
HG00475	通过	通过质控
HG00476	通过	通过质控
HG00477	通过	通过质控
HG00478	通过	通过质控
HG00479	通过	通过质控
HG00480	通过	通过质控
HG00500	通过	通过质控
HG00501	通过	通过质控
HG00502	通过	通过质控
HG00512	通过	通过质控
HG00513	通过	通过质控
HG00514	通过	通过质控
HG00524	通过	通过质控
HG00525	通过	通过质控
HG00526	通过	通过质控
HG00530	通过	通过质控
HG00531	通过	通过质控
HG00532	通过	通过质控
HG00533	通过	通过质控
HG00534	通过	通过质控
HG00535	通过	通过质控
HG00536	通过	通过质控
HG00537	通过	通过质控
HG00538	通过	通过质控
HG00542	通过	通过质控
HG00543	通过	通过质控
HG00544	通过	通过质控
HG00551	通过	通过质控
HG00552	通过	通过质控
HG00553	通过	通过质控
HG00554	通过	通过质控
HG00555	通过	通过质控
HG00556	通过	通过质控
HG00557	通过	通过质控
HG00558	通过	通过质控
HG00559	通过	通过质控
HG00560	通过	通过质控
HG00561	通过	通过质控
HG00565	通过	通过质控
HG00566	通过	通过质控
HG00567	通过	通过质控
HG00577	通过	通过质控
HG00578	通过	通过质控
HG00579	通过	通过质控
HG00580	通过	通过质控
HG00581	通过	通过质控
HG00582	通过	通过质控
HG00583	通过	通过质控
HG00584	通过	通过质控
HG00585	通过	通过质控
HG00589	通过	通过质控
HG00590	通过	通过质控
HG00591	通过	通过质控
HG00592	通过	通过质控
HG00593	通过	通过质控
HG00594	通过	通过质控
HG00595	通过	通过质控
HG00596	通过	通过质控
HG00597	通过	通过质控
HG00598	通过	通过质控
HG00599	通过	通过质控
HG00607	通过	通过质控
HG00608	通过	通过质控
HG00609	通过	通过质控
HG00610	通过	通过质控
HG00611	通过	通过质控
HG00612	通过	通过质控
HG00613	通过	通过质控
HG00614	通过	通过质控
HG00615	通过	通过质控
HG00619	通过	通过质控
HG00620	通过	通过质控
HG00621	通过	通过质控
HG00622	通过	通过质控
HG00623	通过	通过质控
HG00625	通过	通过质控
HG00626	通过	通过质控
HG00627	通过	通过质控
HG00628	通过	通过质控
HG00629	通过	通过质控
HG00630	通过	通过质控
HG00631	通过	通过质控
HG00632	通过	通过质控
HG00634	通过	通过质控
HG00635	通过	通过质控
HG00636	通过	通过质控
HG00637	通过	通过质控
HG00638	通过	通过质控
HG00639	通过	通过质控
HG00640	通过	通过质控
HG00641	通过	通过质控
HG00642	通过	通过质控
HG00650	通过	通过质控
HG00651	通过	通过质控
HG00652	通过	通过质控
HG00653	通过	通过质控
HG00654	通过	通过质控
HG00655	通过	通过质控
HG00656	通过	通过质控
HG00657	通过	通过质控
HG00658	通过	通过质控
HG00662	通过	通过质控
HG00663	通过	通过质控
HG00664	通过	通过质控
HG00671	通过	通过质控
HG00672	通过	通过质控
HG00673	通过	通过质控
HG00674	通过	通过质控
HG00675	通过	通过质控
HG00683	通过	通过质控
HG00684	通过	通过质控
HG00685	通过	通过质控
HG00689	通过	通过质控
HG00690	通过	通过质控
HG00691	通过	通过质控
HG00692	通过	通过质控
HG00693	通过	通过质控
HG00694	通过	通过质控
HG00698	通过	通过质控
HG00699	通过	通过质控
HG00700	通过	通过质控
HG00701	通过	通过质控
HG00702	通过	通过质控
HG00703	通过	通过质控
HG00704	通过	通过质控
HG00705	通过	通过质控
HG00706	通过	通过质控
HG00707	通过	通过质控
HG00708	通过	通过质控
HG00709	通过	通过质控
HG00717	通过	通过质控
HG00728	通过	通过质控
HG00729	通过	通过质控
HG00731	通过	通过质控
HG00732	通过	通过质控
HG00733	通过	通过质控
HG00734	通过	通过质控
HG00735	通过	通过质控
HG00736	通过	通过质控
HG00737	通过	通过质控
HG00738	通过	通过质控
HG00739	通过	通过质控
HG00740	通过	通过质控
HG00741	通过	通过质控
HG00742	通过	通过质控
HG00743	通过	通过质控
HG00759	通过	通过质控
HG00766	通过	通过质控
HG00844	通过	通过质控
HG00851	通过	通过质控
HG00864	通过	通过质控
HG00867	通过	通过质控
HG00879	通过	通过质控
HG00881	通过	通过质控
HG00956	通过	通过质控
HG00978	通过	通过质控
HG00982	通过	通过质控
HG01028	通过	通过质控
HG01029	通过	通过质控
HG01031	通过	通过质控
HG01046	通过	通过质控
HG01047	通过	通过质控
HG01048	通过	通过质控
HG01049	通过	通过质控
HG01050	通过	通过质控
HG01051	通过	通过质控
HG01052	通过	通过质控
HG01053	通过	通过质控
HG01054	通过	通过质控
HG01055	通过	通过质控
HG01056	通过	通过质控
HG01058	通过	通过质控
HG01060	通过	通过质控
HG01061	通过	通过质控
HG01062	通过	通过质控
HG01063	通过	通过质控
HG01064	通过	通过质控
HG01066	通过	通过质控
HG01067	通过	通过质控
HG01068	通过	通过质控
HG01069	通过	通过质控
HG01070	通过	通过质控
HG01071	通过	通过质控
HG01072	通过	通过质控
HG01073	通过	通过质控
HG01074	通过	通过质控
HG01075	通过	通过质控
HG01077	通过	通过质控
HG01079	通过	通过质控
HG01080	通过	通过质控
HG01081	通过	通过质控
HG01082	通过	通过质控
HG01083	通过	通过质控
HG01084	通过	通过质控
HG01085	通过	通过质控
HG01086	通过	通过质控
HG01087	通过	通过质控
HG01088	通过	通过质控
HG01089	通过	通过质控
HG01092	通过	通过质控
HG01094	通过	通过质控
HG01095	通过	通过质控
HG01096	通过	通过质控
HG01097	通过	通过质控
HG01098	通过	通过质控
HG01099	通过	通过质控
HG01100	通过	通过质控
HG01101	通过	通过质控
HG01102	通过	通过质控
HG01103	通过	通过质控
HG01104	通过	通过质控
HG01105	通过	通过质控
HG01106	通过	通过质控
HG01107	通过	通过质控
HG01108	通过	通过质控
HG01109	通过	通过质控
HG01110	通过	通过质控
HG01111	通过	通过质控
HG01112	通过	通过质控
HG01113	通过	通过质控
HG01114	通过	通过质控
HG01119	通过	通过质控
HG01121	通过	通过质控
HG01122	通过	通过质控
HG01124	通过	通过质控
HG01125	通过	通过质控
HG01126	通过	通过质控
HG01130	通过	通过质控
HG01131	通过	通过质控
HG01133	通过	通过质控
HG01134	通过	通过质控
HG01135	通过	通过质控
HG01136	通过	通过质控
HG01137	通过	通过质控
HG01138	通过	通过质控
HG01139	通过	通过质控
HG01140	通过	通过质控
HG01141	通过	通过质控
HG01142	通过	通过质控
HG01148	通过	通过质控
HG01149	通过	通过质控
HG01150	通过	通过质控
HG01161	通过	通过质控
HG01162	通过	通过质控
HG01164	通过	通过质控
HG01167	通过	通过质控
HG01168	通过	通过质控
HG01169	通过	通过质控
HG01170	通过	通过质控
HG01171	通过	通过质控
HG01172	通过	通过质控
HG01173	通过	通过质控
HG01174	通过	通过质控
HG01175	通过	通过质控
HG01176	通过	通过质控
HG01177	通过	通过质控
HG01178	通过	通过质控
HG01182	通过	通过质控
HG01183	通过	通过质控
HG01184	通过	通过质控
HG01187	通过	通过质控
HG01188	通过	通过质控
HG01189	通过	通过质控
HG01190	通过	通过质控
HG01191	通过	通过质控
HG01192	通过	通过质控
HG01197	通过	通过质控
HG01198	通过	通过质控
HG01199	通过	通过质控
HG01200	通过	通过质控
HG01204	通过	通过质控
HG01205	通过	通过质控
HG01206	通过	通过质控
HG01241	通过	通过质控
HG01242	通过	通过质控
HG01243	通过	通过质控
HG01247	通过	通过质控
HG01248	通过	通过质控
HG01249	通过	通过质控
HG01250	通过	通过质控
HG01251	通过	通过质控
HG01252	通过	通过质控
HG01253	通过	通过质控
HG01254	通过	通过质控
HG01255	通过	通过质控
HG01256	通过	通过质控
HG01257	通过	通过质控
HG01258	通过	通过质控
HG01259	通过	通过质控
HG01260	通过	通过质控
HG01261	通过	通过质控
HG01269	通过	通过质控
HG01271	通过	通过质控
HG01272	通过	通过质控
HG01273	通过	通过质控
HG01274	通过	通过质控
HG01275	通过	通过质控
HG01276	通过	通过质控
HG01277	通过	通过质控
HG01278	通过	通过质控
HG01279	通过	通过质控
HG01280	通过	通过质控
HG01281	通过	通过质控
HG01284	通过	通过质控
HG01286	通过	通过质控
HG01302	通过	通过质控
HG01303	通过	通过质控
HG01305	通过	通过质控
HG01308	通过	通过质控
HG01311	通过	通过质控
HG01312	通过	通过质控
HG01323	通过	通过质控
HG01325	通过	通过质控
HG01326	通过	通过质控
HG01334	通过	通过质控
HG01341	通过	通过质控
HG01342	通过	通过质控
HG01343	通过	通过质控
HG01344	通过	通过质控
HG01345	通过	通过质控
HG01346	通过	通过质控
HG01347	通过	通过质控
HG01348	通过	通过质控
HG01349	通过	通过质控
HG01350	通过	通过质控
HG01351	通过	通过质控
HG01352	通过	通过质控
HG01353	通过	通过质控
HG01354	通过	通过质控
HG01355	通过	通过质控
HG01356	通过	通过质控
HG01357	通过	通过质控
HG01358	通过	通过质控
HG01359	通过	通过质控
HG01360	通过	通过质控
HG01361	通过	通过质控
HG01362	通过	通过质控
HG01363	通过	通过质控
HG01365	通过	通过质控
HG01366	通过	通过质控
HG01367	通过	通过质控
HG01369	通过	通过质控
HG01372	通过	通过质控
HG01374	通过	通过质控
HG01375	通过	通过质控
HG01376	通过	通过质控
HG01377	通过	通过质控
HG01378	通过	通过质控
HG01379	通过	通过质控
HG01383	通过	通过质控
HG01384	通过	通过质控
HG01385	通过	通过质控
HG01389	通过	通过质控
HG01390	通过	通过质控
HG01391	通过	通过质控
HG01392	通过	通过质控
HG01393	通过	通过质控
HG01395	通过	通过质控
HG01396	通过	通过质控
HG01398	通过	通过质控
HG01402	通过	通过质控
HG01403	通过	通过质控
HG01405	通过	通过质控
HG01412	通过	通过质控
HG01413	通过	通过质控
HG01414	通过	通过质控
HG01431	通过	通过质控
HG01432	通过	通过质控
HG01433	通过	通过质控
HG01435	通过	通过质控
HG01437	通过	通过质控
HG01438	通过	通过质控
HG01439	通过	通过质控
HG01440	通过	通过质控
HG01441	通过	通过质控
HG01443	通过	通过质控
HG01444	通过	通过质控
HG01447	通过	通过质控
HG01455	通过	通过质控
HG01456	通过	通过质控
HG01457	通过	通过质控
HG01459	通过	通过质控
HG01461	通过	通过质控
HG01462	通过	通过质控
HG01463	通过	通过质控
HG01464	通过	通过质控
HG01465	通过	通过质控
HG01466	通过	通过质控
HG01468	通过	通过质控
HG01474	通过	通过质控
HG01479	通过	通过质控
HG01485	通过	通过质控
HG01486	通过	通过质控
HG01488	通过	通过质控
HG01489	通过	通过质控
HG01490	通过	通过质控
HG01491	通过	通过质控
HG01492	通过	通过质控
HG01493	通过	通过质控
HG01494	通过	通过质控
HG01495	通过	通过质控
HG01496	通过	通过质控
HG01497	通过	通过质控
HG01498	通过	通过质控
HG01499	通过	通过质控
HG01500	通过	通过质控
HG01501	通过	通过质控
HG01502	通过	通过质控
HG01503	通过	通过质控
HG01504	通过	通过质控
HG01505	通过	通过质控
HG01506	通过	通过质控
HG01507	通过	通过质控
HG01508	通过	通过质控
HG01509	通过	通过质控
HG01510	通过	通过质控
HG01511	通过	通过质控
HG01512	通过	通过质控
HG01513	通过	通过质控
HG01514	通过	通过质控
HG01515	通过	通过质控
HG01516	通过	通过质控
HG01517	通过	通过质控
HG01518	通过	通过质控
HG01519	通过	通过质控
HG01520	通过	通过质控
HG01521	通过	通过质控
HG01522	通过	通过质控
HG01523	通过	通过质控
HG01524	通过	通过质控
HG01525	通过	通过质控
HG01526	通过	通过质控
HG01527	通过	通过质控
HG01528	通过	通过质控
HG01529	通过	通过质控
HG01530	通过	通过质控
HG01531	通过	通过质控
HG01532	通过	通过质控
HG01536	通过	通过质控
HG01537	通过	通过质控
HG01538	通过	通过质控
HG01550	通过	通过质控
HG01551	通过	通过质控
HG01552	通过	通过质控
HG01556	通过	通过质控
HG01565	通过	通过质控
HG01566	通过	通过质控
HG01567	通过	通过质控
HG01571	通过	通过质控
HG01572	通过	通过质控
HG01573	通过	通过质控
HG01577	通过	通过质控
HG01578	通过	通过质控
HG01579	通过	通过质控
HG01583	通过	通过质控
HG01586	通过	通过质控
HG01589	通过	通过质控
HG01593	通过	通过质控
HG01595	通过	通过质控
HG01596	通过	通过质控
HG01597	通过	通过质控
HG01598	通过	通过质控
HG01599	通过	通过质控
HG01600	通过	通过质控
HG01601	通过	通过质控
HG01602	通过	通过质控
HG01603	通过	通过质控
HG01604	通过	通过质控
HG01605	通过	通过质控
HG01606	通过	通过质控
HG01607	通过	通过质控
HG01608	通过	通过质控
HG01609	通过	通过质控
HG01610	通过	通过质控
HG01611	通过	通过质控
HG01612	通过	通过质控
HG01613	通过	通过质控
HG01614	通过	通过质控
HG01615	通过	通过质控
HG01616	通过	通过质控
HG01617	通过	通过质控
HG01618	通过	通过质控
HG01619	通过	通过质控
HG01620	通过	通过质控
HG01621	通过	通过质控
HG01622	通过	通过质控
HG01623	通过	通过质控
HG01624	通过	通过质控
HG01625	通过	通过质控
HG01626	通过	通过质控
HG01627	通过	通过质控
HG01628	通过	通过质控
HG01629	通过	通过质控
HG01630	通过	通过质控
HG01631	通过	通过质控
HG01632	通过	通过质控
HG01633	通过	通过质控
HG01667	通过	通过质控
HG01668	通过	通过质控
HG01669	通过	通过质控
HG01670	通过	通过质控
HG01671	通过	通过质控
HG01672	通过	通过质控
HG01673	通过	通过质控
HG01674	通过	通过质控
HG01675	通过	通过质控
HG01676	通过	通过质控
HG01677	通过	通过质控
HG01678	通过	通过质控
HG01679	通过	通过质控
HG01680	通过	通过质控
HG01681	通过	通过质控
HG01682	通过	通过质控
HG01683	通过	通过质控
HG01684	通过	通过质控
HG01685	通过	通过质控
HG01686	通过	通过质控
HG01687	通过	通过质控
HG01694	通过	通过质控
HG01695	通过	通过质控
HG01696	通过	通过质控
HG01697	通过	通过质控
HG01698	通过	通过质控
HG01699	通过	通过质控
HG01700	通过	通过质控
HG01701	通过	通过质控
HG01702	通过	通过质控
HG01703	通过	通过质控
HG01704	通过	通过质控
HG01705	通过	通过质控
HG01706	通过	通过质控
HG01707	通过	通过质控
HG01708	通过	通过质控
HG01709	通过	通过质控
HG01710	通过	通过质控
HG01711	通过	通过质控
HG01746	通过	通过质控
HG01747	通过	通过质控
HG01748	通过	通过质控
HG01755	通过	通过质控
HG01756	通过	通过质控
HG01757	通过	通过质控
HG01761	通过	通过质控
HG01762	通过	通过质控
HG01763	通过	通过质控
HG01765	通过	通过质控
HG01766	通过	通过质控
HG01767	通过	通过质控
HG01768	通过	通过质控
HG01770	通过	通过质控
HG01771	通过	通过质控
HG01772	通过	通过质控
HG01773	通过	通过质控
HG01774	通过	通过质控
HG01775	通过	通过质控
HG01776	通过	通过质控
HG01777	通过	通过质控
HG01778	通过	通过质控
HG01779	通过	通过质控
HG01780	通过	通过质控
HG01781	通过	通过质控
HG01782	通过	通过质控
HG01783	通过	通过质控
HG01784	通过	通过质控
HG01785	通过	通过质控
HG01786	通过	通过质控
HG01789	通过	通过质控
HG01790	通过	通过质控
HG01791	通过	通过质控
HG01794	通过	通过质控
HG01795	通过	通过质控
HG01796	通过	通过质控
HG01797	通过	通过质控
HG01798	通过	通过质控
HG01799	通过	通过质控
HG01800	通过	通过质控
HG01801	通过	通过质控
HG01802	通过	通过质控
HG01804	通过	通过质控
HG01805	通过	通过质控
HG01806	通过	通过质控
HG01807	通过	通过质控
HG01808	通过	通过质控
HG01809	通过	通过质控
HG01810	通过	通过质控
HG01811	通过	通过质控
HG01812	通过	通过质控
HG01813	通过	通过质控
HG01815	通过	通过质控
HG01816	通过	通过质控
HG01817	通过	通过质控
HG01840	通过	通过质控
HG01841	通过	通过质控
HG01842	通过	通过质控
HG01843	通过	通过质控
HG01844	通过	通过质控
HG01845	通过	通过质控
HG01846	通过	通过质控
HG01847	通过	通过质控
HG01848	通过	通过质控
HG01849	通过	通过质控
HG01850	通过	通过质控
HG01851	通过	通过质控
HG01852	通过	通过质控
HG01853	通过	通过质控
HG01855	通过	通过质控
HG01857	通过	通过质控
HG01858	通过	通过质控
HG01859	通过	通过质控
HG01860	通过	通过质控
HG01861	通过	通过质控
HG01862	通过	通过质控
HG01863	通过	通过质控
HG01864	通过	通过质控
HG01865	通过	通过质控
HG01866	通过	通过质控
HG01867	通过	通过质控
HG01868	通过	通过质控
HG01869	通过	通过质控
HG01870	通过	通过质控
HG01871	通过	通过质控
HG01872	通过	通过质控
HG01873	通过	通过质控
HG01874	通过	通过质控
HG01878	通过	通过质控
HG01879	通过	通过质控
HG01880	通过	通过质控
HG01881	通过	通过质控
HG01882	通过	通过质控
HG01883	通过	通过质控
HG01884	通过	通过质控
HG01885	通过	通过质控
HG01886	通过	通过质控
HG01887	通过	通过质控
HG01888	通过	通过质控
HG01889	通过	通过质控
HG01890	通过	通过质控
HG01891	通过	通过质控
HG01892	通过	通过质控
HG01893	通过	通过质控
HG01894	通过	通过质控
HG01895	通过	通过质控
HG01896	通过	通过质控
HG01897	通过	通过质控
HG01898	通过	通过质控
HG01912	通过	通过质控
HG01914	通过	通过质控
HG01915	通过	通过质控
HG01916	通过	通过质控
HG01917	通过	通过质控
HG01918	通过	通过质控
HG01919	通过	通过质控
HG01920	通过	通过质控
HG01921	通过	通过质控
HG01922	通过	通过质控
HG01923	通过	通过质控
HG01924	通过	通过质控
HG01925	通过	通过质控
HG01926	通过	通过质控
HG01927	通过	通过质控
HG01928	通过	通过质控
HG01932	通过	通过质控
HG01933	通过	通过质控
HG01934	通过	通过质控
HG01935	通过	通过质控
HG01936	通过	通过质控
HG01937	通过	通过质控
HG01938	通过	通过质控
HG01939	通过	通过质控
HG01940	通过	通过质控
HG01941	通过	通过质控
HG01942	通过	通过质控
HG01943	通过	通过质控
HG01944	通过	通过质控
HG01945	通过	通过质控
HG01946	通过	通过质控
HG01947	通过	通过质控
HG01948	通过	通过质控
HG01949	通过	通过质控
HG01950	通过	通过质控
HG01951	通过	通过质控
HG01952	通过	通过质控
HG01953	通过	通过质控
HG01954	通过	通过质控
HG01955	通过	通过质控
HG01956	通过	通过质控
HG01958	通过	通过质控
HG01959	通过	通过质控
HG01960	通过	通过质控
HG01961	通过	通过质控
HG01965	通过	通过质控
HG01967	通过	通过质控
HG01968	通过	通过质控
HG01969	通过	通过质控
HG01970	通过	通过质控
HG01971	通过	通过质控
HG01972	通过	通过质控
HG01973	通过	通过质控
HG01974	通过	通过质控
HG01975	通过	通过质控
HG01976	通过	通过质控
HG01977	通过	通过质控
HG01978	通过	通过质控
HG01979	通过	通过质控
HG01980	通过	通过质控
HG01981	通过	通过质控
HG01982	通过	通过质控
HG01983	通过	通过质控
HG01984	通过	通过质控
HG01985	通过	通过质控
HG01986	通过	通过质控
HG01987	通过	通过质控
HG01988	通过	通过质控
HG01989	通过	通过质控
HG01990	通过	通过质控
HG01991	通过	通过质控
HG01992	通过	通过质控
HG01993	通过	通过质控
HG01997	通过	通过质控
HG01998	通过	通过质控
HG02002	通过	通过质控
HG02003	通过	通过质控
HG02004	通过	通过质控
HG02006	通过	通过质控
HG02008	通过	通过质控
HG02009	通过	通过质控
HG02010	通过	通过质控
HG02011	通过	通过质控
HG02012	通过	通过质控
HG02013	通过	通过质控
HG02014	通过	通过质控
HG02015	通过	通过质控
HG02016	通过	通过质控
HG02017	通过	通过质控
HG02018	通过	通过质控
HG02019	通过	通过质控
HG02020	通过	通过质控
HG02023	通过	通过质控
HG02024	通过	通过质控
HG02025	通过	通过质控
HG02026	通过	通过质控
HG02027	通过	通过质控
HG02028	通过	通过质控
HG02029	通过	通过质控
HG02030	通过	通过质控
HG02031	通过	通过质控
HG02032	通过	通过质控
HG02035	通过	通过质控
HG02040	通过	通过质控
HG02047	通过	通过质控
HG02048	通过	通过质控
HG02049	通过	通过质控
HG02050	通过	通过质控
HG02051	通过	通过质控
HG02052	通过	通过质控
HG02053	通过	通过质控
HG02054	通过	通过质控
HG02055	通过	通过质控
HG02056	通过	通过质控
HG02057	通过	通过质控
HG02058	通过	通过质控
HG02059	通过	通过质控
HG02060	通过	通过质控
HG02061	通过	通过质控
HG02064	通过	通过质控
HG02067	通过	通过质控
HG02068	通过	通过质控
HG02069	通过	通过质控
HG02070	通过	通过质控
HG02071	通过	通过质控
HG02072	通过	通过质控
HG02073	通过	通过质控
HG02074	通过	通过质控
HG02075	通过	通过质控
HG02076	通过	通过质控
HG02077	通过	通过质控
HG02078	通过	通过质控
HG02079	通过	通过质控
HG02080	通过	通过质控
HG02081	通过	通过质控
HG02082	通过	通过质控
HG02083	通过	通过质控
HG02084	通过	通过质控
HG02085	通过	通过质控
HG02086	通过	通过质控
HG02087	通过	通过质控
HG02088	通过	通过质控
HG02089	通过	通过质控
HG02090	通过	通过质控
HG02091	通过	通过质控
HG02095	通过	通过质控
HG02102	通过	通过质控
HG02104	通过	通过质控
HG02105	通过	通过质控
HG02106	通过	通过质控
HG02107	通过	通过质控
HG02108	通过	通过质控
HG02111	通过	通过质控
HG02113	通过	通过质控
HG02116	通过	通过质控
HG02120	通过	通过质控
HG02121	通过	通过质控
HG02122	通过	通过质控
HG02126	通过	通过质控
HG02127	通过	通过质控
HG02128	通过	通过质控
HG02129	通过	通过质控
HG02130	通过	通过质控
HG02131	通过	通过质控
HG02132	通过	通过质控
HG02133	通过	通过质控
HG02134	通过	通过质控
HG02135	通过	通过质控
HG02136	通过	通过质控
HG02137	通过	通过质控
HG02138	通过	通过质控
HG02139	通过	通过质控
HG02140	通过	通过质控
HG02141	通过	通过质控
HG02142	通过	通过质控
HG02143	通过	通过质控
HG02144	通过	通过质控
HG02145	通过	通过质控
HG02146	通过	通过质控
HG02147	通过	通过质控
HG02148	通过	通过质控
HG02150	通过	通过质控
HG02151	通过	通过质控
HG02152	通过	通过质控
HG02153	通过	通过质控
HG02154	通过	通过质控
HG02155	通过	通过质控
HG02156	通过	通过质控
HG02164	通过	通过质控
HG02165	通过	通过质控
HG02166	通过	通过质控
HG02178	通过	通过质控
HG02179	通过	通过质控
HG02180	通过	通过质控
HG02181	通过	通过质控
HG02182	通过	通过质控
HG02184	通过	通过质控
HG02185	通过	通过质控
HG02186	通过	通过质控
HG02187	通过	通过质控
HG02188	通过	通过质控
HG02190	通过	通过质控
HG02215	通过	通过质控
HG02219	通过	通过质控
HG02220	通过	通过质控
HG02221	通过	通过质控
HG02222	通过	通过质控
HG02223	通过	通过质控
HG02224	通过	通过质控
HG02225	通过	通过质控
HG02229	通过	通过质控
HG02230	通过	通过质控
HG02231	通过	通过质控
HG02232	通过	通过质控
HG02233	通过	通过质控
HG02234	通过	通过质控
HG02235	通过	通过质控
HG02236	通过	通过质控
HG02237	通过	通过质控
HG02238	通过	通过质控
HG02239	通过	通过质控
HG02240	通过	通过质控
HG02250	通过	通过质控
HG02252	通过	通过质控
HG02253	通过	通过质控
HG02255	通过	通过质控
HG02256	通过	通过质控
HG02257	通过	通过质控
HG02258	通过	通过质控
HG02259	通过	通过质控
HG02260	通过	通过质控
HG02261	通过	通过质控
HG02262	通过	通过质控
HG02265	通过	通过质控
HG02266	通过	通过质控
HG02271	通过	通过质控
HG02272	通过	通过质控
HG02273	通过	通过质控
HG02274	通过	通过质控
HG02275	通过	通过质控
HG02277	通过	通过质控
HG02278	通过	通过质控
HG02279	通过	通过质控
HG02280	通过	通过质控
HG02281	通过	通过质控
HG02282	通过	通过质控
HG02283	通过	通过质控
HG02284	通过	通过质控
HG02285	通过	通过质控
HG02286	通过	通过质控
HG02287	通过	通过质控
HG02291	通过	通过质控
HG02292	通过	通过质控
HG02293	通过	通过质控
HG02298	通过	通过质控
HG02299	通过	通过质控
HG02300	通过	通过质控
HG02301	通过	通过质控
HG02302	通过	通过质控
HG02303	通过	通过质控
HG02304	通过	通过质控
HG02307	通过	通过质控
HG02308	通过	通过质控
HG02309	通过	通过质控
HG02312	通过	通过质控
HG02314	通过	通过质控
HG02315	通过	通过质控
HG02316	通过	通过质控
HG02317	通过	通过质控
HG02318	通过	通过质控
HG02321	通过	通过质控
HG02322	通过	通过质控
HG02323	通过	通过质控
HG02325	通过	通过质控
HG02330	通过	通过质控
HG02332	通过	通过质控
HG02334	通过	通过质控
HG02337	通过	通过质控
HG02339	通过	通过质控
HG02343	通过	通过质控
HG02345	通过	通过质控
HG02348	通过	通过质控
HG02351	通过	通过质控
HG02353	通过	通过质控
HG02355	通过	通过质控
HG02356	通过	通过质控
HG02360	通过	通过质控
HG02364	通过	通过质控
HG02367	通过	通过质控
HG02371	通过	通过质控
HG02373	通过	通过质控
HG02374	通过	通过质控
HG02375	通过	通过质控
HG02379	通过	通过质控
HG02380	通过	通过质控
HG02382	通过	通过质控
HG02383	通过	通过质控
HG02384	通过	通过质控
HG02385	通过	通过质控
HG02386	通过	通过质控
HG02389	通过	通过质控
HG02390	通过	通过质控
HG02391	通过	通过质控
HG02392	通过	通过质控
HG02394	通过	通过质控
HG02395	通过	通过质控
HG02396	通过	通过质控
HG02397	通过	通过质控
HG02398	通过	通过质控
HG02399	通过	通过质控
HG02401	通过	通过质控
HG02402	通过	通过质控
HG02406	通过	通过质控
HG02407	通过	通过质控
HG02408	通过	通过质控
HG02409	通过	通过质控
HG02410	通过	通过质控
HG02419	通过	通过质控
HG02420	通过	通过质控
HG02425	通过	通过质控
HG02427	通过	通过质控
HG02429	通过	通过质控
HG02433	通过	通过质控
HG02439	通过	通过质控
HG02442	通过	通过质控
HG02445	通过	通过质控
HG02449	通过	通过质控
HG02450	通过	通过质控
HG02451	通过	通过质控
HG02455	通过	通过质控
HG02461	通过	通过质控
HG02462	通过	通过质控
HG02463	通过	通过质控
HG02464	通过	通过质控
HG02465	通过	通过质控
HG02466	通过	通过质控
HG02470	通过	通过质控
HG02471	通过	通过质控
HG02476	通过	通过质控
HG02477	通过	通过质控
HG02479	通过	通过质控
HG02481	通过	通过质控
HG02484	通过	通过质控
HG02485	通过	通过质控
HG02489	通过	通过质控
HG02490	通过	通过质控
HG02491	通过	通过质控
HG02492	通过	通过质控
HG02493	通过	通过质控
HG02494	通过	通过质控
HG02495	通过	通过质控
HG02496	通过	通过质控
HG02497	通过	通过质控
HG02501	通过	通过质控
HG02502	通过	通过质控
HG02505	通过	通过质控
HG02508	通过	通过质控
HG02511	通过	通过质控
HG02512	通过	通过质控
HG02513	通过	通过质控
HG02514	通过	通过质控
HG02521	通过	通过质控
HG02522	通过	通过质控
HG02523	通过	通过质控
HG02524	通过	通过质控
HG02525	通过	通过质控
HG02526	通过	通过质控
HG02536	通过	通过质控
HG02537	通过	通过质控
HG02541	通过	通过质控
HG02545	通过	通过质控
HG02546	通过	通过质控
HG02549	通过	通过质控
HG02554	通过	通过质控
HG02555	通过	通过质控
HG02557	通过	通过质控
HG02558	通过	通过质控
HG02561	通过	通过质控
HG02562	通过	通过质控
HG02563	通过	通过质控
HG02568	通过	通过质控
HG02569	通过	通过质控
HG02570	通过	通过质控
HG02571	通过	通过质控
HG02572	通过	通过质控
HG02573	通过	通过质控
HG02574	通过	通过质控
HG02575	通过	通过质控
HG02577	通过	通过质控
HG02580	通过	通过质控
HG02582	通过	通过质控
HG02583	通过	通过质控
HG02584	通过	通过质控
HG02585	通过	通过质控
HG02586	通过	通过质控
HG02587	通过	通过质控
HG02588	通过	通过质控
HG02589	通过	通过质控
HG02590	通过	通过质控
HG02594	通过	通过质控
HG02595	通过	通过质控
HG02596	通过	通过质控
HG02597	通过	通过质控
HG02600	通过	通过质控
HG02601	通过	通过质控
HG02602	通过	通过质控
HG02603	通过	通过质控
HG02604	通过	通过质控
HG02605	通过	通过质控
HG02610	通过	通过质控
HG02611	通过	通过质控
HG02612	通过	通过质控
HG02613	通过	通过质控
HG02614	通过	通过质控
HG02615	通过	通过质控
HG02620	通过	通过质控
HG02621	通过	通过质控
HG02622	通过	通过质控
HG02623	通过	通过质控
HG02624	通过	通过质控
HG02625	通过	通过质控
HG02628	通过	通过质控
HG02629	通过	通过质控
HG02630	通过	通过质控
HG02634	通过	通过质控
HG02635	通过	通过质控
HG02636	通过	通过质控
HG02642	通过	通过质控
HG02643	通过	通过质控
HG02644	通过	通过质控
HG02645	通过	通过质控
HG02646	通过	通过质控
HG02647	通过	通过质控
HG02648	通过	通过质控
HG02649	通过	通过质控
HG02650	通过	通过质控
HG02651	通过	通过质控
HG02652	通过	通过质控
HG02653	通过	通过质控
HG02654	通过	通过质控
HG02655	通过	通过质控
HG02656	通过	通过质控
HG02657	通过	通过质控
HG02658	通过	通过质控
HG02659	通过	通过质控
HG02660	通过	通过质控
HG02661	通过	通过质控
HG02662	通过	通过质控
HG02666	通过	通过质控
HG02667	通过	通过质控
HG02668	通过	通过质控
HG02675	通过	通过质控
HG02676	通过	通过质控
HG02677	通过	通过质控
HG02678	通过	通过质控
HG02679	通过	通过质控
HG02680	通过	通过质控
HG02681	通过	通过质控
HG02682	通过	通过质控
HG02683	通过	通过质控
HG02684	通过	通过质控
HG02685	通过	通过质控
HG02686	通过	通过质控
HG02687	通过	通过质控
HG02688	通过	通过质控
HG02689	通过	通过质控
HG02690	通过	通过质控
HG02691	通过	通过质控
HG02692	通过	通过质控
HG02694	通过	通过质控
HG02696	通过	通过质控
HG02697	通过	通过质控
HG02698	通过	通过质控
HG02699	通过	通过质控
HG02700	通过	通过质控
HG02701	通过	通过质控
HG02702	通过	通过质控
HG02703	通过	通过质控
HG02704	通过	通过质控
HG02715	通过	通过质控
HG02716	通过	通过质控
HG02717	通过	通过质控
HG02721	通过	通过质控
HG02722	通过	通过质控
HG02723	通过	通过质控
HG02724	通过	通过质控
HG02725	通过	通过质控
HG02726	通过	通过质控
HG02727	通过	通过质控
HG02728	通过	通过质控
HG02729	通过	通过质控
HG02731	通过	通过质控
HG02733	通过	通过质控
HG02734	通过	通过质控
HG02735	通过	通过质控
HG02736	通过	通过质控
HG02737	通过	通过质控
HG02738	通过	通过质控
HG02756	通过	通过质控
HG02757	通过	通过质控
HG02759	通过	通过质控
HG02760	通过	通过质控
HG02761	通过	通过质控
HG02762	通过	通过质控
HG02763	通过	通过质控
HG02764	通过	通过质控
HG02768	通过	通过质控
HG02769	通过	通过质控
HG02770	通过	通过质控
HG02771	通过	通过质控
HG02772	通过	通过质控
HG02773	通过	通过质控
HG02774	通过	通过质控
HG02775	通过	通过质控
HG02776	通过	通过质控
HG02778	通过	通过质控
HG02780	通过	通过质控
HG02783	通过	通过质控
HG02784	通过	通过质控
HG02785	通过	通过质控
HG02786	通过	通过质控
HG02787	通过	通过质控
HG02788	通过	通过质控
HG02789	通过	通过质控
HG02790	通过	通过质控
HG02791	通过	通过质控
HG02792	通过	通过质控
HG02793	通过	通过质控
HG02794	通过	通过质控
HG02798	通过	通过质控
HG02799	通过	通过质控
HG02800	通过	通过质控
HG02804	通过	通过质控
HG02805	通过	通过质控
HG02806	通过	通过质控
HG02807	通过	通过质控
HG02808	通过	通过质控
HG02809	通过	通过质控
HG02810	通过	通过质控
HG02811	通过	通过质控
HG02812	通过	通过质控
HG02813	通过	通过质控
HG02814	通过	通过质控
HG02815	通过	通过质控
HG02816	通过	通过质控
HG02817	通过	通过质控
HG02818	通过	通过质控
HG02819	通过	通过质控
HG02820	通过	通过质控
HG02821	通过	通过质控
HG02836	通过	通过质控
HG02837	通过	通过质控
HG02838	通过	通过质控
HG02839	通过	通过质控
HG02840	通过	通过质控
HG02841	通过	通过质控
HG02851	通过	通过质控
HG02852	通过	通过质控
HG02853	通过	通过质控
HG02854	通过	通过质控
HG02855	通过	通过质控
HG02856	通过	通过质控
HG02860	通过	通过质控
HG02861	通过	通过质控
HG02862	通过	通过质控
HG02869	通过	通过质控
HG02870	通过	通过质控
HG02871	通过	通过质控
HG02878	通过	通过质控
HG02879	通过	通过质控
HG02880	通过	通过质控
HG02881	通过	通过质控
HG02882	通过	通过质控
HG02883	通过	通过质控
HG02884	通过	通过质控
HG02885	通过	通过质控
HG02886	通过	通过质控
HG02887	通过	通过质控
HG02888	通过	通过质控
HG02889	通过	通过质控
HG02890	通过	通过质控
HG02891	通过	通过质控
HG02892	通过	通过质控
HG02895	通过	通过质控
HG02896	通过	通过质控
HG02897	通过	通过质控
HG02922	通过	通过质控
HG02923	通过	通过质控
HG02924	通过	通过质控
HG02938	通过	通过质控
HG02941	通过	通过质控
HG02943	通过	通过质控
HG02944	通过	通过质控
HG02945	通过	通过质控
HG02946	通过	通过质控
HG02947	通过	通过质控
HG02948	通过	通过质控
HG02952	通过	通过质控
HG02953	通过	通过质控
HG02954	通过	通过质控
HG02964	通过	通过质控
HG02965	通过	通过质控
HG02966	通过	通过质控
HG02968	通过	通过质控
HG02970	通过	通过质控
HG02971	通过	通过质控
HG02972	通过	通过质控
HG02973	通过	通过质控
HG02974	通过	通过质控
HG02975	通过	通过质控
HG02976	通过	通过质控
HG02977	通过	通过质控
HG02978	通过	通过质控
HG02979	通过	通过质控
HG02980	通过	通过质控
HG02981	通过	通过质控
HG02982	通过	通过质控
HG02983	通过	通过质控
HG02984	通过	通过质控
HG03006	通过	通过质控
HG03007	通过	通过质控
HG03008	通过	通过质控
HG03009	通过	通过质控
HG03012	通过	通过质控
HG03015	通过	通过质控
HG03016	通过	通过质控
HG03017	通过	通过质控
HG03018	通过	通过质控
HG03019	通过	通过质控
HG03021	通过	通过质控
HG03022	通过	通过质控
HG03024	通过	通过质控
HG03025	通过	通过质控
HG03026	通过	通过质控
HG03027	通过	通过质控
HG03028	通过	通过质控
HG03029	通过	通过质控
HG03033	通过	通过质控
HG03034	通过	通过质控
HG03035	通过	通过质控
HG03039	通过	通过质控
HG03040	通过	通过质控
HG03041	通过	通过质控
HG03045	通过	通过质控
HG03046	通过	通过质控
HG03047	通过	通过质控
HG03048	通过	通过质控
HG03049	通过	通过质控
HG03050	通过	通过质控
HG03052	通过	通过质控
HG03054	通过	通过质控
HG03055	通过	通过质控
HG03056	通过	通过质控
HG03057	通过	通过质控
HG03058	通过	通过质控
HG03060	通过	通过质控
HG03061	通过	通过质控
HG03063	通过	通过质控
HG03064	通过	通过质控
HG03065	通过	通过质控
HG03066	通过	通过质控
HG03069	通过	通过质控
HG03072	通过	通过质控
HG03073	通过	通过质控
HG03074	通过	通过质控
HG03077	通过	通过质控
HG03078	通过	通过质控
HG03079	通过	通过质控
HG03081	通过	通过质控
HG03082	通过	通过质控
HG03084	通过	通过质控
HG03085	通过	通过质控
HG03086	通过	通过质控
HG03088	通过	通过质控
HG03091	通过	通过质控
HG03095	通过	通过质控
HG03096	通过	通过质控
HG03097	通过	通过质控
HG03098	通过	通过质控
HG03099	通过	通过质控
HG03100	通过	通过质控
HG03101	通过	通过质控
HG03103	通过	通过质控
HG03105	通过	通过质控
HG03108	通过	通过质控
HG03109	通过	通过质控
HG03110	通过	通过质控
HG03111	通过	通过质控
HG03112	通过	通过质控
HG03113	通过	通过质控
HG03114	通过	通过质控
HG03115	通过	通过质控
HG03116	通过	通过质控
HG03117	通过	通过质控
HG03118	通过	通过质控
HG03119	通过	通过质控
HG03120	通过	通过质控
HG03121	通过	通过质控
HG03122	通过	通过质控
HG03123	通过	通过质控
HG03124	通过	通过质控
HG03125	通过	通过质控
HG03126	通过	通过质控
HG03127	通过	通过质控
HG03128	通过	通过质控
HG03129	通过	通过质控
HG03130	通过	通过质控
HG03131	通过	通过质控
HG03132	通过	通过质控
HG03133	通过	通过质控
HG03134	通过	通过质控
HG03135	通过	通过质控
HG03136	通过	通过质控
HG03137	通过	通过质控
HG03139	通过	通过质控
HG03157	通过	通过质控
HG03159	通过	通过质控
HG03160	通过	通过质控
HG03161	通过	通过质控
HG03162	通过	通过质控
HG03163	通过	通过质控
HG03164	通过	通过质控
HG03166	通过	通过质控
HG03168	通过	通过质控
HG03169	通过	通过质控
HG03170	通过	通过质控
HG03172	通过	通过质控
HG03175	通过	通过质控
HG03189	通过	通过质控
HG03190	通过	通过质控
HG03191	通过	通过质控
HG03193	通过	通过质控
HG03195	通过	通过质控
HG03196	通过	通过质控
HG03197	通过	通过质控
HG03198	通过	通过质控
HG03199	通过	通过质控
HG03200	通过	通过质控
HG03202	通过	通过质控
HG03209	通过	通过质控
HG03212	通过	通过质控
HG03224	通过	通过质控
HG03225	通过	通过质控
HG03228	通过	通过质控
HG03229	通过	通过质控
HG03230	通过	通过质控
HG03234	通过	通过质控
HG03235	通过	通过质控
HG03236	通过	通过质控
HG03237	通过	通过质控
HG03238	通过	通过质控
HG03239	通过	通过质控
HG03240	通过	通过质控
HG03241	通过	通过质控
HG03242	通过	通过质控
HG03246	通过	通过质控
HG03247	通过	通过质控
HG03248	通过	通过质控
HG03249	通过	通过质控
HG03250	通过	通过质控
HG03251	通过	通过质控
HG03258	通过	通过质控
HG03259	通过	通过质控
HG03260	通过	通过质控
HG03265	通过	通过质控
HG03267	通过	通过质控
HG03268	通过	通过质控
HG03269	通过	通过质控
HG03270	通过	通过质控
HG03271	通过	通过质控
HG03272	通过	通过质控
HG03279	通过	通过质控
HG03280	通过	通过质控
HG03291	通过	通过质控
HG03294	通过	通过质控
HG03295	通过	通过质控
HG03296	通过	通过质控
HG03297	通过	通过质控
HG03298	通过	通过质控
HG03299	通过	通过质控
HG03300	通过	通过质控
HG03301	通过	通过质控
HG03302	通过	通过质控
HG03303	通过	通过质控
HG03304	通过	通过质控
HG03305	通过	通过质控
HG03306	通过	通过质控
HG03307	通过	通过质控
HG03308	通过	通过质控
HG03309	通过	通过质控
HG03310	通过	通过质控
HG03311	通过	通过质控
HG03312	通过	通过质控
HG03313	通过	通过质控
HG03314	通过	通过质控
HG03342	通过	通过质控
HG03343	通过	通过质控
HG03344	通过	通过质控
HG03350	通过	通过质控
HG03351	通过	通过质控
HG03352	通过	通过质控
HG03354	通过	通过质控
HG03363	通过	通过质控
HG03366	通过	通过质控
HG03367	通过	通过质控
HG03368	通过	通过质控
HG03369	通过	通过质控
HG03370	通过	通过质控
HG03371	通过	通过质控
HG03372	通过	通过质控
HG03373	通过	通过质控
HG03374	通过	通过质控
HG03376	通过	通过质控
HG03378	通过	通过质控
HG03380	通过	通过质控
HG03382	通过	通过质控
HG03385	通过	通过质控
HG03388	通过	通过质控
HG03391	通过	通过质控
HG03394	通过	通过质控
HG03397	通过	通过质控
HG03401	通过	通过质控
HG03410	通过	通过质控
HG03419	通过	通过质控
HG03428	通过	通过质控
HG03432	通过	通过质控
HG03433	通过	通过质控
HG03436	通过	通过质控
HG03437	通过	通过质控
HG03438	通过	通过质控
HG03439	通过	通过质控
HG03442	通过	通过质控
HG03445	通过	通过质控
HG03446	通过	通过质控
HG03449	通过	通过质控
HG03451	通过	通过质控
HG03452	通过	通过质控
HG03453	通过	通过质控
HG03454	通过	通过质控
HG03455	通过	通过质控
HG03456	通过	通过质控
HG03457	通过	通过质控
HG03458	通过	通过质控
HG03460	通过	通过质控
HG03461	通过	通过质控
HG03464	通过	通过质控
HG03469	通过	通过质控
HG03470	通过	通过质控
HG03472	通过	通过质控
HG03473	通过	通过质控
HG03476	通过	通过质控
HG03478	通过	通过质控
HG03479	通过	通过质控
HG03480	通过	通过质控
HG03484	通过	通过质控
HG03485	通过	通过质控
HG03486	通过	通过质控
HG03487	通过	通过质控
HG03488	通过	通过质控
HG03489	通过	通过质控
HG03490	通过	通过质控
HG03491	通过	通过质控
HG03492	通过	通过质控
HG03499	通过	通过质控
HG03511	通过	通过质控
HG03514	通过	通过质控
HG03515	通过	通过质控
HG03516	通过	通过质控
HG03517	通过	通过质控
HG03518	通过	通过质控
HG03519	通过	通过质控
HG03520	通过	通过质控
HG03521	通过	通过质控
HG03522	通过	通过质控
HG03538	通过	通过质控
HG03539	通过	通过质控
HG03540	通过	通过质控
HG03547	通过	通过质控
HG03548	通过	通过质控
HG03556	通过	通过质控
HG03557	通过	通过质控
HG03558	通过	通过质控
HG03559	通过	通过质控
HG03563	通过	通过质控
HG03565	通过	通过质控
HG03567	通过	通过质控
HG03571	通过	通过质控
HG03572	通过	通过质控
HG03574	通过	通过质控
HG03575	通过	通过质控
HG03576	通过	通过质控
HG03577	通过	通过质控
HG03578	通过	通过质控
HG03579	通过	通过质控
HG03582	通过	通过质控
HG03583	通过	通过质控
HG03584	通过	通过质控
HG03585	通过	通过质控
HG03589	通过	通过质控
HG03593	通过	通过质控
HG03594	通过	通过质控
HG03595	通过	通过质控
HG03596	通过	通过质控
HG03598	通过	通过质控
HG03600	通过	通过质控
HG03603	通过	通过质控
HG03604	通过	通过质控
HG03605	通过	通过质控
HG03606	通过	通过质控
HG03607	通过	通过质控
HG03611	通过	通过质控
HG03615	通过	通过质控
HG03616	通过	通过质控
HG03617	通过	通过质控
HG03618	通过	通过质控
HG03619	通过	通过质控
HG03620	通过	通过质控
HG03624	通过	通过质控
HG03625	通过	通过质控
HG03626	通过	通过质控
HG03629	通过	通过质控
HG03631	通过	通过质控
HG03633	通过	通过质控
HG03634	通过	通过质控
HG03635	通过	通过质控
HG03636	通过	通过质控
HG03639	通过	通过质控
HG03640	通过	通过质控
HG03641	通过	通过质控
HG03642	通过	通过质控
HG03643	通过	通过质控
HG03644	通过	通过质控
HG03645	通过	通过质控
HG03646	通过	通过质控
HG03649	通过	通过质控
HG03650	通过	通过质控
HG03651	通过	通过质控
HG03652	通过	通过质控
HG03653	通过	通过质控
HG03654	通过	通过质控
HG03660	通过	通过质控
HG03663	通过	通过质控
HG03667	通过	通过质控
HG03668	通过	通过质控
HG03669	通过	通过质控
HG03672	通过	通过质控
HG03673	通过	通过质控
HG03679	通过	通过质控
HG03680	通过	通过质控
HG03681	通过	通过质控
HG03682	通过	通过质控
HG03683	通过	通过质控
HG03684	通过	通过质控
HG03685	通过	通过质控
HG03686	通过	通过质控
HG03687	通过	通过质控
HG03688	通过	通过质控
HG03689	通过	通过质控
HG03690	通过	通过质控
HG03691	通过	通过质控
HG03692	通过	通过质控
HG03693	通过	通过质控
HG03694	通过	通过质控
HG03695	通过	通过质控
HG03696	通过	通过质控
HG03697	通过	通过质控
HG03698	通过	通过质控
HG03699	通过	通过质控
HG03700	通过	通过质控
HG03701	通过	通过质控
HG03702	通过	通过质控
HG03703	通过	通过质控
HG03704	通过	通过质控
HG03705	通过	通过质控
HG03706	通过	通过质控
HG03707	通过	通过质控
HG03708	通过	通过质控
HG03709	通过	通过质控
HG03710	通过	通过质控
HG03711	通过	通过质控
HG03713	通过	通过质控
HG03714	通过	通过质控
HG03716	通过	通过质控
HG03717	通过	通过质控
HG03718	通过	通过质控
HG03719	通过	通过质控
HG03720	通过	通过质控
HG03721	通过	通过质控
HG03722	通过	通过质控
HG03725	通过	通过质控
HG03727	通过	通过质控
HG03729	通过	通过质控
HG03730	通过	通过质控
HG03731	通过	通过质控
HG03732	通过	通过质控
HG03733	通过	通过质控
HG03736	通过	通过质控
HG03738	通过	通过质控
HG03740	通过	通过质控
HG03741	通过	通过质控
HG03742	通过	通过质控
HG03743	通过	通过质控
HG03744	通过	通过质控
HG03745	通过	通过质控
HG03746	通过	通过质控
HG03750	通过	通过质控
HG03752	通过	通过质控
HG03753	通过	通过质控
HG03754	通过	通过质控
HG03755	通过	通过质控
HG03756	通过	通过质控
HG03757	通过	通过质控
HG03760	通过	通过质控
HG03761	通过	通过质控
HG03762	通过	通过质控
HG03763	通过	通过质控
HG03765	通过	通过质控
HG03767	通过	通过质控
HG03770	通过	通过质控
HG03771	通过	通过质控
HG03772	通过	通过质控
HG03773	通过	通过质控
HG03774	通过	通过质控
HG03775	通过	通过质控
HG03777	通过	通过质控
HG03778	通过	通过质控
HG03779	通过	通过质控
HG03780	通过	通过质控
HG03781	通过	通过质控
HG03782	通过	通过质控
HG03784	通过	通过质控
HG03785	通过	通过质控
HG03786	通过	通过质控
HG03787	通过	通过质控
HG03788	通过	通过质控
HG03789	通过	通过质控
HG03790	通过	通过质控
HG03792	通过	通过质控
HG03793	通过	通过质控
HG03794	通过	通过质控
HG03795	通过	通过质控
HG03796	通过	通过质控
HG03797	通过	通过质控
HG03798	通过	通过质控
HG03799	通过	通过质控
HG03800	通过	通过质控
HG03801	通过	通过质控
HG03802	通过	通过质控
HG03803	通过	通过质控
HG03804	通过	通过质控
HG03805	通过	通过质控
HG03806	通过	通过质控
HG03807	通过	通过质控
HG03808	通过	通过质控
HG03809	通过	通过质控
HG03812	通过	通过质控
HG03814	通过	通过质控
HG03815	通过	通过质控
HG03816	通过	通过质控
HG03817	通过	通过质控
HG03821	通过	通过质控
HG03823	通过	通过质控
HG03824	通过	通过质控
HG03825	通过	通过质控
HG03826	通过	通过质控
HG03829	通过	通过质控
HG03830	通过	通过质控
HG03831	通过	通过质控
HG03832	通过	通过质控
HG03833	通过	通过质控
HG03834	通过	通过质控
HG03836	通过	通过质控
HG03837	通过	通过质控
HG03838	通过	通过质控
HG03844	通过	通过质控
HG03846	通过	通过质控
HG03848	通过	通过质控
HG03849	通过	通过质控
HG03850	通过	通过质控
HG03851	通过	通过质控
HG03854	通过	通过质控
HG03856	通过	通过质控
HG03857	通过	通过质控
HG03858	通过	通过质控
HG03861	通过	通过质控
HG03862	通过	通过质控
HG03863	通过	通过质控
HG03864	通过	通过质控
HG03866	通过	通过质控
HG03867	通过	通过质控
HG03868	通过	通过质控
HG03869	通过	通过质控
HG03870	通过	通过质控
HG03871	通过	通过质控
HG03872	通过	通过质控
HG03873	通过	通过质控
HG03874	通过	通过质控
HG03875	通过	通过质控
HG03882	通过	通过质控
HG03884	通过	通过质控
HG03885	通过	通过质控
HG03886	通过	通过质控
HG03887	通过	通过质控
HG03888	通过	通过质控
HG03890	通过	通过质控
HG03894	通过	通过质控
HG03895	通过	通过质控
HG03896	通过	通过质控
HG03897	通过	通过质控
HG03898	通过	通过质控
HG03899	通过	通过质控
HG03900	通过	通过质控
HG03902	通过	通过质控
HG03904	通过	通过质控
HG03905	通过	通过质控
HG03906	通过	通过质控
HG03907	通过	通过质控
HG03908	通过	通过质控
HG03909	通过	通过质控
HG03910	通过	通过质控
HG03911	通过	通过质控
HG03913	通过	通过质控
HG03914	通过	通过质控
HG03915	通过	通过质控
HG03916	通过	通过质控
HG03917	通过	通过质控
HG03919	通过	通过质控
HG03920	通过	通过质控
HG03922	通过	通过质控
HG03925	通过	通过质控
HG03926	通过	通过质控
HG03927	通过	通过质控
HG03928	通过	通过质控
HG03929	通过	通过质控
HG03930	通过	通过质控
HG03931	通过	通过质控
HG03934	通过	通过质控
HG03937	通过	通过质控
HG03940	通过	通过质控
HG03941	通过	通过质控
HG03942	通过	通过质控
HG03943	通过	通过质控
HG03944	通过	通过质控
HG03945	通过	通过质控
HG03947	通过	通过质控
HG03949	通过	通过质控
HG03950	通过	通过质控
HG03951	通过	通过质控
HG03953	通过	通过质控
HG03955	通过	通过质控
HG03960	通过	通过质控
HG03963	通过	通过质控
HG03965	通过	通过质控
HG03967	通过	通过质控
HG03968	通过	通过质控
HG03969	通过	通过质控
HG03971	通过	通过质控
HG03973	通过	通过质控
HG03974	通过	通过质控
HG03976	通过	通过质控
HG03977	通过	通过质控
HG03978	通过	通过质控
HG03985	通过	通过质控
HG03986	通过	通过质控
HG03989	通过	通过质控
HG03990	通过	通过质控
HG03991	通过	通过质控
HG03992	通过	通过质控
HG03995	通过	通过质控
HG03998	通过	通过质控
HG03999	通过	通过质控
HG04001	通过	通过质控
HG04002	通过	通过质控
HG04003	通过	通过质控
HG04006	通过	通过质控
HG04014	通过	通过质控
HG04015	通过	通过质控
HG04017	通过	通过质控
HG04018	通过	通过质控
HG04019	通过	通过质控
HG04020	通过	通过质控
HG04022	通过	通过质控
HG04023	通过	通过质控
HG04025	通过	通过质控
HG04026	通过	通过质控
HG04029	通过	通过质控
HG04033	通过	通过质控
HG04035	通过	通过质控
HG04036	通过	通过质控
HG04038	通过	通过质控
HG04039	通过	通过质控
HG04042	通过	通过质控
HG04047	通过	通过质控
HG04054	通过	通过质控
HG04056	通过	通过质控
HG04059	通过	通过质控
HG04060	通过	通过质控
HG04061	通过	通过质控
HG04062	通过	通过质控
HG04063	通过	通过质控
HG04070	通过	通过质控
HG04075	通过	通过质控
HG04076	通过	通过质控
HG04080	通过	通过质控
HG04090	通过	通过质控
HG04093	通过	通过质控
HG04094	通过	通过质控
HG04096	通过	通过质控
HG04098	通过	通过质控
HG04099	通过	通过质控
HG04100	通过	通过质控
HG04106	通过	通过质控
HG04107	通过	通过质控
HG04115	通过	通过质控
HG04118	通过	通过质控
HG04122	通过	通过质控
HG04127	通过	通过质控
HG04131	通过	通过质控
HG04132	通过	通过质控
HG04133	通过	通过质控
HG04134	通过	通过质控
HG04135	通过	通过质控
HG04136	通过	通过质控
HG04140	通过	通过质控
HG04141	通过	通过质控
HG04142	通过	通过质控
HG04144	通过	通过质控
HG04146	通过	通过质控
HG04147	通过	通过质控
HG04148	通过	通过质控
HG04149	通过	通过质控
HG04150	通过	通过质控
HG04151	通过	通过质控
HG04152	通过	通过质控
HG04153	通过	通过质控
HG04155	通过	通过质控
HG04156	通过	通过质控
HG04157	通过	通过质控
HG04158	通过	通过质控
HG04159	通过	通过质控
HG04160	通过	通过质控
HG04161	通过	通过质控
HG04162	通过	通过质控
HG04164	通过	通过质控
HG04171	通过	通过质控
HG04173	通过	通过质控
HG04174	通过	通过质控
HG04175	通过	通过质控
HG04176	通过	通过质控
HG04177	通过	通过质控
HG04180	通过	通过质控
HG04182	通过	通过质控
HG04183	通过	通过质控
HG04184	通过	通过质控
HG04185	通过	通过质控
HG04186	通过	通过质控
HG04187	通过	通过质控
HG04188	通过	通过质控
HG04189	通过	通过质控
HG04191	通过	通过质控
HG04192	通过	通过质控
HG04193	通过	通过质控
HG04194	通过	通过质控
HG04195	通过	通过质控
HG04198	通过	通过质控
HG04199	通过	通过质控
HG04200	通过	通过质控
HG04202	通过	通过质控
HG04204	通过	通过质控
HG04206	通过	通过质控
HG04209	通过	通过质控
HG04210	通过	通过质控
HG04211	通过	通过质控
HG04212	通过	通过质控
HG04214	通过	通过质控
HG04215	通过	通过质控
HG04216	通过	通过质控
HG04217	通过	通过质控
HG04219	通过	通过质控
HG04222	通过	通过质控
HG04225	通过	通过质控
HG04227	通过	通过质控
HG04228	通过	通过质控
HG04229	通过	通过质控
HG04235	通过	通过质控
HG04238	通过	通过质控
HG04239	通过	通过质控
HGDP00001	不通过	mtDNA copy number<50（最低 39.420534）
HGDP00003	通过	通过质控
HGDP00005	不通过	mtDNA copy number<50（最低 39.605720）
HGDP00007	通过	通过质控
HGDP00009	不通过	mtDNA copy number<50（最低 39.318334）
HGDP00011	通过	通过质控
HGDP00013	通过	通过质控
HGDP00015	通过	通过质控
HGDP00017	通过	通过质控
HGDP00021	通过	通过质控
HGDP00023	通过	通过质控
HGDP00025	通过	通过质控
HGDP00029	通过	通过质控
HGDP00031	通过	通过质控
HGDP00033	通过	通过质控
HGDP00035	通过	通过质控
HGDP00037	通过	通过质控
HGDP00039	通过	通过质控
HGDP00041	通过	通过质控
HGDP00043	通过	通过质控
HGDP00045	通过	通过质控
HGDP00047	通过	通过质控
HGDP00049	通过	通过质控
HGDP00052	通过	通过质控
HGDP00054	通过	通过质控
HGDP00056	不通过	mtDNA copy number<50（最低 40.154021）
HGDP00057	不通过	mtDNA copy number<50（最低 40.154243）
HGDP00060	通过	通过质控
HGDP00062	通过	通过质控
HGDP00064	通过	通过质控
HGDP00066	通过	通过质控
HGDP00068	通过	通过质控
HGDP00070	通过	通过质控
HGDP00072	通过	通过质控
HGDP00074	通过	通过质控
HGDP00076	通过	通过质控
HGDP00078	通过	通过质控
HGDP00080	通过	通过质控
HGDP00082	通过	通过质控
HGDP00086	通过	通过质控
HGDP00088	通过	通过质控
HGDP00092	通过	通过质控
HGDP00094	通过	通过质控
HGDP00096	通过	通过质控
HGDP00098	通过	通过质控
HGDP00099	通过	通过质控
HGDP00100	通过	通过质控
HGDP00102	通过	通过质控
HGDP00103	不通过	mtDNA copy number<50（最低 37.875051）
HGDP00104	通过	通过质控
HGDP00105	不通过	mtDNA copy number<50（最低 37.829256）
HGDP00106	通过	通过质控
HGDP00108	通过	通过质控
HGDP00109	通过	通过质控
HGDP00110	通过	通过质控
HGDP00115	通过	通过质控
HGDP00118	不通过	mtDNA copy number<50（最低 37.679877）
HGDP00119	通过	通过质控
HGDP00120	通过	通过质控
HGDP00121	通过	通过质控
HGDP00122	通过	通过质控
HGDP00127	通过	通过质控
HGDP00129	通过	通过质控
HGDP00130	通过	通过质控
HGDP00131	通过	通过质控
HGDP00133	通过	通过质控
HGDP00134	通过	通过质控
HGDP00135	通过	通过质控
HGDP00136	通过	通过质控
HGDP00137	通过	通过质控
HGDP00139	通过	通过质控
HGDP00140	不通过	污染率>0.02（最高 0.021996）
HGDP00141	通过	通过质控
HGDP00143	通过	通过质控
HGDP00144	通过	通过质控
HGDP00145	通过	通过质控
HGDP00146	通过	通过质控
HGDP00148	通过	通过质控
HGDP00149	通过	通过质控
HGDP00150	不通过	污染率>0.02（最高 0.021687）
HGDP00151	通过	通过质控
HGDP00153	通过	通过质控
HGDP00154	通过	通过质控
HGDP00155	通过	通过质控
HGDP00158	通过	通过质控
HGDP00161	通过	通过质控
HGDP00163	不通过	mtDNA copy number<50（最低 37.237382）
HGDP00165	不通过	mtDNA copy number<50（最低 38.439792）
HGDP00167	通过	通过质控
HGDP00169	通过	通过质控
HGDP00171	通过	通过质控
HGDP00173	通过	通过质控
HGDP00175	通过	通过质控
HGDP00177	通过	通过质控
HGDP00179	通过	通过质控
HGDP00181	通过	通过质控
HGDP00183	通过	通过质控
HGDP00185	通过	通过质控
HGDP00187	通过	通过质控
HGDP00189	通过	通过质控
HGDP00191	通过	通过质控
HGDP00192	通过	通过质控
HGDP00197	通过	通过质控
HGDP00199	通过	通过质控
HGDP00201	通过	通过质控
HGDP00205	通过	通过质控
HGDP00206	通过	通过质控
HGDP00210	通过	通过质控
HGDP00213	不通过	mtDNA copy number<50（最低 36.747952）
HGDP00214	不通过	mtDNA copy number<50（最低 37.198617）
HGDP00218	不通过	mtDNA copy number<50（最低 37.301830）
HGDP00222	通过	通过质控
HGDP00224	通过	通过质控
HGDP00226	通过	通过质控
HGDP00228	通过	通过质控
HGDP00230	通过	通过质控
HGDP00234	通过	通过质控
HGDP00237	通过	通过质控
HGDP00239	通过	通过质控
HGDP00241	通过	通过质控
HGDP00243	通过	通过质控
HGDP00244	通过	通过质控
HGDP00247	不通过	污染率>0.02（最高 0.022254）
HGDP00248	通过	通过质控
HGDP00251	通过	通过质控
HGDP00254	通过	通过质控
HGDP00258	通过	通过质控
HGDP00259	通过	通过质控
HGDP00262	通过	通过质控
HGDP00264	通过	通过质控
HGDP00274	通过	通过质控
HGDP00277	通过	通过质控
HGDP00279	通过	通过质控
HGDP00281	不通过	污染率>0.02（最高 0.027795）
HGDP00285	通过	通过质控
HGDP00288	不通过	mtDNA copy number<50（最低 42.875748）
HGDP00290	通过	通过质控
HGDP00298	通过	通过质控
HGDP00302	通过	通过质控
HGDP00304	通过	通过质控
HGDP00307	通过	通过质控
HGDP00309	通过	通过质控
HGDP00311	通过	通过质控
HGDP00313	通过	通过质控
HGDP00315	通过	通过质控
HGDP00319	不通过	mtDNA copy number<50（最低 39.688099）
HGDP00321	通过	通过质控
HGDP00323	通过	通过质控
HGDP00326	通过	通过质控
HGDP00330	通过	通过质控
HGDP00333	通过	通过质控
HGDP00341	通过	通过质控
HGDP00346	通过	通过质控
HGDP00351	通过	通过质控
HGDP00356	通过	通过质控
HGDP00359	不通过	mtDNA copy number<50（最低 40.429260）
HGDP00364	通过	通过质控
HGDP00371	通过	通过质控
HGDP00372	通过	通过质控
HGDP00376	通过	通过质控
HGDP00382	通过	通过质控
HGDP00388	通过	通过质控
HGDP00392	通过	通过质控
HGDP00397	通过	通过质控
HGDP00402	通过	通过质控
HGDP00407	通过	通过质控
HGDP00412	通过	通过质控
HGDP00417	通过	通过质控
HGDP00423	通过	通过质控
HGDP00433	通过	通过质控
HGDP00438	通过	通过质控
HGDP00444	通过	通过质控
HGDP00445	通过	通过质控
HGDP00450	不通过	mtDNA copy number<50（最低 38.819479）
HGDP00452	通过	通过质控
HGDP00453	通过	通过质控
HGDP00454	通过	通过质控
HGDP00455	通过	通过质控
HGDP00458	通过	通过质控
HGDP00459	通过	通过质控
HGDP00460	通过	通过质控
HGDP00462	不通过	mtDNA copy number<50（最低 35.939078）
HGDP00463	不通过	mtDNA copy number<50（最低 38.452506）
HGDP00464	通过	通过质控
HGDP00465	通过	通过质控
HGDP00466	通过	通过质控
HGDP00467	通过	通过质控
HGDP00468	不通过	mtDNA copy number<50（最低 37.045162）
HGDP00469	通过	通过质控
HGDP00470	通过	通过质控
HGDP00471	不通过	mtDNA copy number<50（最低 38.305197）
HGDP00472	通过	通过质控
HGDP00473	通过	通过质控
HGDP00475	通过	通过质控
HGDP00478	通过	通过质控
HGDP00479	通过	通过质控
HGDP00490	通过	通过质控
HGDP00491	通过	通过质控
HGDP00511	通过	通过质控
HGDP00512	通过	通过质控
HGDP00513	通过	通过质控
HGDP00514	通过	通过质控
HGDP00515	通过	通过质控
HGDP00516	通过	通过质控
HGDP00517	通过	通过质控
HGDP00518	通过	通过质控
HGDP00519	通过	通过质控
HGDP00520	通过	通过质控
HGDP00522	通过	通过质控
HGDP00523	通过	通过质控
HGDP00524	通过	通过质控
HGDP00525	通过	通过质控
HGDP00527	不通过	污染率>0.02（最高 0.021138）
HGDP00528	通过	通过质控
HGDP00529	通过	通过质控
HGDP00531	通过	通过质控
HGDP00534	通过	通过质控
HGDP00535	通过	通过质控
HGDP00536	通过	通过质控
HGDP00537	通过	通过质控
HGDP00538	通过	通过质控
HGDP00539	通过	通过质控
HGDP00540	通过	通过质控
HGDP00541	通过	通过质控
HGDP00542	通过	通过质控
HGDP00543	通过	通过质控
HGDP00544	通过	通过质控
HGDP00545	通过	通过质控
HGDP00546	通过	通过质控
HGDP00547	通过	通过质控
HGDP00549	通过	通过质控
HGDP00550	通过	通过质控
HGDP00551	通过	通过质控
HGDP00553	通过	通过质控
HGDP00555	通过	通过质控
HGDP00556	通过	通过质控
HGDP00557	通过	通过质控
HGDP00558	通过	通过质控
HGDP00559	通过	通过质控
HGDP00560	通过	通过质控
HGDP00561	通过	通过质控
HGDP00562	通过	通过质控
HGDP00563	通过	通过质控
HGDP00564	通过	通过质控
HGDP00565	通过	通过质控
HGDP00566	通过	通过质控
HGDP00567	通过	通过质控
HGDP00568	通过	通过质控
HGDP00571	通过	通过质控
HGDP00572	通过	通过质控
HGDP00573	通过	通过质控
HGDP00574	通过	通过质控
HGDP00575	通过	通过质控
HGDP00576	通过	通过质控
HGDP00577	通过	通过质控
HGDP00578	通过	通过质控
HGDP00579	通过	通过质控
HGDP00580	通过	通过质控
HGDP00581	通过	通过质控
HGDP00582	通过	通过质控
HGDP00583	通过	通过质控
HGDP00584	通过	通过质控
HGDP00586	通过	通过质控
HGDP00587	通过	通过质控
HGDP00588	通过	通过质控
HGDP00590	通过	通过质控
HGDP00591	通过	通过质控
HGDP00594	通过	通过质控
HGDP00595	通过	通过质控
HGDP00598	通过	通过质控
HGDP00599	通过	通过质控
HGDP00600	通过	通过质控
HGDP00601	通过	通过质控
HGDP00602	通过	通过质控
HGDP00604	通过	通过质控
HGDP00606	通过	通过质控
HGDP00607	通过	通过质控
HGDP00608	通过	通过质控
HGDP00609	通过	通过质控
HGDP00610	通过	通过质控
HGDP00611	通过	通过质控
HGDP00612	通过	通过质控
HGDP00613	通过	通过质控
HGDP00614	通过	通过质控
HGDP00615	通过	通过质控
HGDP00618	通过	通过质控
HGDP00619	通过	通过质控
HGDP00620	通过	通过质控
HGDP00621	通过	通过质控
HGDP00622	通过	通过质控
HGDP00623	通过	通过质控
HGDP00624	通过	通过质控
HGDP00625	通过	通过质控
HGDP00626	通过	通过质控
HGDP00627	通过	通过质控
HGDP00628	通过	通过质控
HGDP00629	通过	通过质控
HGDP00630	通过	通过质控
HGDP00631	通过	通过质控
HGDP00632	通过	通过质控
HGDP00634	通过	通过质控
HGDP00635	通过	通过质控
HGDP00636	通过	通过质控
HGDP00637	通过	通过质控
HGDP00638	通过	通过质控
HGDP00639	通过	通过质控
HGDP00640	通过	通过质控
HGDP00641	通过	通过质控
HGDP00642	通过	通过质控
HGDP00643	通过	通过质控
HGDP00644	通过	通过质控
HGDP00645	通过	通过质控
HGDP00646	通过	通过质控
HGDP00647	通过	通过质控
HGDP00648	通过	通过质控
HGDP00649	通过	通过质控
HGDP00651	通过	通过质控
HGDP00653	通过	通过质控
HGDP00654	通过	通过质控
HGDP00655	通过	通过质控
HGDP00661	通过	通过质控
HGDP00662	通过	通过质控
HGDP00663	通过	通过质控
HGDP00664	通过	通过质控
HGDP00666	通过	通过质控
HGDP00667	通过	通过质控
HGDP00668	通过	通过质控
HGDP00669	通过	通过质控
HGDP00670	通过	通过质控
HGDP00671	通过	通过质控
HGDP00672	通过	通过质控
HGDP00673	通过	通过质控
HGDP00674	通过	通过质控
HGDP00675	通过	通过质控
HGDP00676	通过	通过质控
HGDP00677	通过	通过质控
HGDP00678	通过	通过质控
HGDP00679	通过	通过质控
HGDP00680	通过	通过质控
HGDP00682	通过	通过质控
HGDP00683	通过	通过质控
HGDP00684	通过	通过质控
HGDP00685	通过	通过质控
HGDP00686	通过	通过质控
HGDP00687	通过	通过质控
HGDP00688	通过	通过质控
HGDP00689	不通过	污染率>0.02（最高 0.022361）
HGDP00690	通过	通过质控
HGDP00691	通过	通过质控
HGDP00692	通过	通过质控
HGDP00693	不通过	污染率>0.02（最高 0.020591）
HGDP00694	通过	通过质控
HGDP00696	通过	通过质控
HGDP00697	通过	通过质控
HGDP00698	通过	通过质控
HGDP00699	通过	通过质控
HGDP00700	通过	通过质控
HGDP00701	通过	通过质控
HGDP00703	通过	通过质控
HGDP00704	通过	通过质控
HGDP00708	通过	通过质控
HGDP00710	通过	通过质控
HGDP00711	通过	通过质控
HGDP00712	通过	通过质控
HGDP00714	通过	通过质控
HGDP00715	通过	通过质控
HGDP00716	通过	通过质控
HGDP00719	通过	通过质控
HGDP00720	通过	通过质控
HGDP00721	通过	通过质控
HGDP00723	通过	通过质控
HGDP00724	通过	通过质控
HGDP00726	通过	通过质控
HGDP00727	通过	通过质控
HGDP00729	通过	通过质控
HGDP00730	通过	通过质控
HGDP00731	通过	通过质控
HGDP00732	通过	通过质控
HGDP00733	通过	通过质控
HGDP00734	通过	通过质控
HGDP00735	通过	通过质控
HGDP00736	通过	通过质控
HGDP00738	通过	通过质控
HGDP00739	通过	通过质控
HGDP00740	通过	通过质控
HGDP00741	通过	通过质控
HGDP00744	通过	通过质控
HGDP00745	通过	通过质控
HGDP00746	通过	通过质控
HGDP00747	通过	通过质控
HGDP00748	通过	通过质控
HGDP00750	通过	通过质控
HGDP00751	通过	通过质控
HGDP00752	通过	通过质控
HGDP00753	通过	通过质控
HGDP00754	通过	通过质控
HGDP00755	通过	通过质控
HGDP00756	通过	通过质控
HGDP00757	通过	通过质控
HGDP00758	通过	通过质控
HGDP00759	通过	通过质控
HGDP00760	通过	通过质控
HGDP00761	通过	通过质控
HGDP00762	通过	通过质控
HGDP00763	通过	通过质控
HGDP00764	通过	通过质控
HGDP00765	通过	通过质控
HGDP00766	通过	通过质控
HGDP00767	通过	通过质控
HGDP00768	不通过	污染率>0.02（最高 0.037287）
HGDP00769	通过	通过质控
HGDP00771	通过	通过质控
HGDP00772	通过	通过质控
HGDP00774	通过	通过质控
HGDP00776	通过	通过质控
HGDP00777	通过	通过质控
HGDP00779	通过	通过质控
HGDP00780	通过	通过质控
HGDP00781	通过	通过质控
HGDP00782	通过	通过质控
HGDP00784	通过	通过质控
HGDP00786	通过	通过质控
HGDP00787	通过	通过质控
HGDP00788	通过	通过质控
HGDP00790	通过	通过质控
HGDP00791	通过	通过质控
HGDP00794	通过	通过质控
HGDP00795	通过	通过质控
HGDP00797	通过	通过质控
HGDP00799	通过	通过质控
HGDP00800	通过	通过质控
HGDP00802	通过	通过质控
HGDP00803	通过	通过质控
HGDP00804	通过	通过质控
HGDP00805	通过	通过质控
HGDP00806	通过	通过质控
HGDP00807	通过	通过质控
HGDP00808	通过	通过质控
HGDP00810	通过	通过质控
HGDP00811	不通过	污染率>0.02（最高 0.022432）
HGDP00812	通过	通过质控
HGDP00813	通过	通过质控
HGDP00814	通过	通过质控
HGDP00815	通过	通过质控
HGDP00817	通过	通过质控
HGDP00818	通过	通过质控
HGDP00819	通过	通过质控
HGDP00820	不通过	污染率>0.02（最高 0.023155）
HGDP00821	通过	通过质控
HGDP00822	通过	通过质控
HGDP00823	通过	通过质控
HGDP00828	通过	通过质控
HGDP00832	通过	通过质控
HGDP00837	通过	通过质控
HGDP00838	通过	通过质控
HGDP00843	通过	通过质控
HGDP00845	通过	通过质控
HGDP00849	通过	通过质控
HGDP00854	通过	通过质控
HGDP00856	通过	通过质控
HGDP00858	通过	通过质控
HGDP00859	通过	通过质控
HGDP00860	通过	通过质控
HGDP00861	通过	通过质控
HGDP00862	通过	通过质控
HGDP00863	通过	通过质控
HGDP00864	通过	通过质控
HGDP00865	通过	通过质控
HGDP00868	通过	通过质控
HGDP00869	通过	通过质控
HGDP00870	通过	通过质控
HGDP00871	通过	通过质控
HGDP00872	通过	通过质控
HGDP00873	通过	通过质控
HGDP00875	通过	通过质控
HGDP00876	通过	通过质控
HGDP00877	通过	通过质控
HGDP00879	通过	通过质控
HGDP00880	通过	通过质控
HGDP00881	通过	通过质控
HGDP00882	通过	通过质控
HGDP00883	通过	通过质控
HGDP00884	通过	通过质控
HGDP00885	通过	通过质控
HGDP00886	通过	通过质控
HGDP00888	通过	通过质控
HGDP00889	通过	通过质控
HGDP00890	通过	通过质控
HGDP00891	通过	通过质控
HGDP00892	通过	通过质控
HGDP00893	通过	通过质控
HGDP00894	通过	通过质控
HGDP00895	通过	通过质控
HGDP00896	通过	通过质控
HGDP00897	通过	通过质控
HGDP00898	通过	通过质控
HGDP00899	通过	通过质控
HGDP00900	通过	通过质控
HGDP00901	不通过	污染率>0.02（最高 0.022456）
HGDP00902	通过	通过质控
HGDP00904	通过	通过质控
HGDP00905	通过	通过质控
HGDP00906	通过	通过质控
HGDP00907	不通过	mtDNA copy number<50（最低 38.077891）
HGDP00908	不通过	mtDNA copy number<50（最低 38.955615）
HGDP00909	通过	通过质控
HGDP00910	不通过	mtDNA copy number<50（最低 39.078792）
HGDP00911	不通过	mtDNA copy number<50（最低 38.253072）
HGDP00912	通过	通过质控
HGDP00913	通过	通过质控
HGDP00914	不通过	mtDNA copy number<50（最低 38.180586）
HGDP00916	通过	通过质控
HGDP00917	通过	通过质控
HGDP00918	不通过	mtDNA copy number<50（最低 38.574358）
HGDP00919	通过	通过质控
HGDP00920	通过	通过质控
HGDP00924	通过	通过质控
HGDP00925	通过	通过质控
HGDP00926	通过	通过质控
HGDP00929	通过	通过质控
HGDP00930	通过	通过质控
HGDP00931	通过	通过质控
HGDP00933	通过	通过质控
HGDP00934	通过	通过质控
HGDP00935	通过	通过质控
HGDP00937	通过	通过质控
HGDP00938	通过	通过质控
HGDP00939	不通过	mtDNA copy number<50（最低 45.255346）
HGDP00940	不通过	mtDNA copy number<50（最低 35.771148）
HGDP00941	不通过	mtDNA copy number<50（最低 34.216491）
HGDP00942	不通过	mtDNA copy number<50（最低 37.254223）
HGDP00943	不通过	mtDNA copy number<50（最低 36.071124）
HGDP00944	不通过	mtDNA copy number<50（最低 37.283790）
HGDP00945	通过	通过质控
HGDP00946	通过	通过质控
HGDP00947	通过	通过质控
HGDP00948	通过	通过质控
HGDP00949	通过	通过质控
HGDP00950	通过	通过质控
HGDP00952	通过	通过质控
HGDP00953	通过	通过质控
HGDP00954	通过	通过质控
HGDP00955	通过	通过质控
HGDP00957	通过	通过质控
HGDP00958	通过	通过质控
HGDP00959	通过	通过质控
HGDP00960	通过	通过质控
HGDP00961	通过	通过质控
HGDP00962	通过	通过质控
HGDP00963	通过	通过质控
HGDP00964	通过	通过质控
HGDP00965	通过	通过质控
HGDP00966	通过	通过质控
HGDP00967	通过	通过质控
HGDP00968	通过	通过质控
HGDP00969	通过	通过质控
HGDP00970	通过	通过质控
HGDP00971	通过	通过质控
HGDP00972	不通过	污染率>0.02（最高 0.027956）
HGDP00973	通过	通过质控
HGDP00974	通过	通过质控
HGDP00975	通过	通过质控
HGDP00976	通过	通过质控
HGDP00977	通过	通过质控
HGDP00981	通过	通过质控
HGDP00983	不通过	mtDNA copy number<50（最低 36.959122）
HGDP00984	通过	通过质控
HGDP00985	通过	通过质控
HGDP00986	通过	通过质控
HGDP00992	通过	通过质控
HGDP00993	通过	通过质控
HGDP00994	通过	通过质控
HGDP00995	通过	通过质控
HGDP00999	通过	通过质控
HGDP01001	通过	通过质控
HGDP01006	通过	通过质控
HGDP01009	通过	通过质控
HGDP01010	通过	通过质控
HGDP01013	通过	通过质控
HGDP01014	通过	通过质控
HGDP01019	通过	通过质控
HGDP01021	通过	通过质控
HGDP01023	通过	通过质控
HGDP01024	通过	通过质控
HGDP01027	通过	通过质控
HGDP01029	不通过	mtDNA copy number<50（最低 19.219000）
HGDP01031	通过	通过质控
HGDP01033	通过	通过质控
HGDP01037	通过	通过质控
HGDP01041	通过	通过质控
HGDP01043	通过	通过质控
HGDP01050	通过	通过质控
HGDP01051	通过	通过质控
HGDP01053	通过	通过质控
HGDP01055	通过	通过质控
HGDP01056	通过	通过质控
HGDP01057	通过	通过质控
HGDP01058	通过	通过质控
HGDP01059	通过	通过质控
HGDP01060	通过	通过质控
HGDP01062	通过	通过质控
HGDP01063	通过	通过质控
HGDP01064	通过	通过质控
HGDP01065	通过	通过质控
HGDP01066	通过	通过质控
HGDP01067	通过	通过质控
HGDP01068	通过	通过质控
HGDP01069	通过	通过质控
HGDP01070	通过	通过质控
HGDP01071	通过	通过质控
HGDP01072	通过	通过质控
HGDP01073	通过	通过质控
HGDP01074	通过	通过质控
HGDP01075	通过	通过质控
HGDP01077	通过	通过质控
HGDP01081	不通过	mtDNA copy number<50（最低 20.145004）
HGDP01086	通过	通过质控
HGDP01087	通过	通过质控
HGDP01090	不通过	mtDNA copy number<50（最低 42.026005）
HGDP01092	通过	通过质控
HGDP01094	不通过	mtDNA copy number<50（最低 35.661234）
HGDP01096	不通过	mtDNA copy number<50（最低 39.109253）
HGDP01097	不通过	mtDNA copy number<50（最低 42.862213）
HGDP01099	通过	通过质控
HGDP01100	通过	通过质控
HGDP01101	通过	通过质控
HGDP01102	通过	通过质控
HGDP01103	通过	通过质控
HGDP01104	通过	通过质控
HGDP01149	通过	通过质控
HGDP01151	通过	通过质控
HGDP01152	通过	通过质控
HGDP01155	通过	通过质控
HGDP01156	通过	通过质控
HGDP01157	通过	通过质控
HGDP01161	通过	通过质控
HGDP01162	通过	通过质控
HGDP01164	通过	通过质控
HGDP01166	通过	通过质控
HGDP01167	通过	通过质控
HGDP01169	通过	通过质控
HGDP01171	通过	通过质控
HGDP01173	通过	通过质控
HGDP01174	通过	通过质控
HGDP01177	通过	通过质控
HGDP01180	通过	通过质控
HGDP01181	通过	通过质控
HGDP01182	通过	通过质控
HGDP01183	通过	通过质控
HGDP01184	通过	通过质控
HGDP01185	通过	通过质控
HGDP01186	通过	通过质控
HGDP01187	通过	通过质控
HGDP01189	不通过	mtDNA copy number<50（最低 40.052006）
HGDP01190	不通过	mtDNA copy number<50（最低 46.574546）
HGDP01192	不通过	mtDNA copy number<50（最低 48.581673）
HGDP01193	通过	通过质控
HGDP01194	通过	通过质控
HGDP01195	不通过	污染率>0.02（最高 0.020958）
HGDP01196	通过	通过质控
HGDP01197	通过	通过质控
HGDP01200	通过	通过质控
HGDP01201	通过	通过质控
HGDP01202	不通过	mtDNA copy number<50（最低 35.874143）
HGDP01204	通过	通过质控
HGDP01205	通过	通过质控
HGDP01206	通过	通过质控
HGDP01207	通过	通过质控
HGDP01208	通过	通过质控
HGDP01209	通过	通过质控
HGDP01212	通过	通过质控
HGDP01213	通过	通过质控
HGDP01214	不通过	mtDNA copy number<50（最低 44.092190）
HGDP01216	不通过	mtDNA copy number<50（最低 37.758035）
HGDP01217	通过	通过质控
HGDP01218	通过	通过质控
HGDP01219	不通过	污染率>0.02（最高 0.336252）
HGDP01220	通过	通过质控
HGDP01221	通过	通过质控
HGDP01222	通过	通过质控
HGDP01224	不通过	mtDNA copy number<50（最低 45.618261）
HGDP01225	通过	通过质控
HGDP01226	不通过	mtDNA copy number<50（最低 48.836913）
HGDP01227	通过	通过质控
HGDP01229	通过	通过质控
HGDP01230	通过	通过质控
HGDP01231	通过	通过质控
HGDP01232	通过	通过质控
HGDP01233	通过	通过质控
HGDP01234	通过	通过质控
HGDP01236	通过	通过质控
HGDP01237	通过	通过质控
HGDP01238	通过	通过质控
HGDP01239	通过	通过质控
HGDP01241	通过	通过质控
HGDP01243	不通过	mtDNA copy number<50（最低 39.949317）
HGDP01244	不通过	mtDNA copy number<50（最低 48.298332）
HGDP01245	不通过	mtDNA copy number<50（最低 48.614527）
HGDP01247	通过	通过质控
HGDP01248	通过	通过质控
HGDP01249	通过	通过质控
HGDP01251	通过	通过质控
HGDP01254	通过	通过质控
HGDP01255	通过	通过质控
HGDP01256	通过	通过质控
HGDP01257	通过	通过质控
HGDP01258	通过	通过质控
HGDP01259	通过	通过质控
HGDP01260	通过	通过质控
HGDP01261	通过	通过质控
HGDP01262	通过	通过质控
HGDP01263	通过	通过质控
HGDP01264	通过	通过质控
HGDP01265	通过	通过质控
HGDP01266	通过	通过质控
HGDP01267	通过	通过质控
HGDP01268	通过	通过质控
HGDP01269	通过	通过质控
HGDP01270	通过	通过质控
HGDP01271	通过	通过质控
HGDP01272	通过	通过质控
HGDP01273	通过	通过质控
HGDP01275	通过	通过质控
HGDP01276	通过	通过质控
HGDP01277	通过	通过质控
HGDP01279	通过	通过质控
HGDP01280	通过	通过质控
HGDP01282	通过	通过质控
HGDP01283	通过	通过质控
HGDP01285	通过	通过质控
HGDP01287	通过	通过质控
HGDP01288	通过	通过质控
HGDP01289	通过	通过质控
HGDP01290	通过	通过质控
HGDP01291	通过	通过质控
HGDP01292	通过	通过质控
HGDP01293	通过	通过质控
HGDP01294	通过	通过质控
HGDP01295	通过	通过质控
HGDP01296	通过	通过质控
HGDP01298	通过	通过质控
HGDP01299	不通过	mtDNA copy number<50（最低 38.561889）
HGDP01300	不通过	mtDNA copy number<50（最低 37.234432）
HGDP01301	通过	通过质控
HGDP01302	通过	通过质控
HGDP01303	通过	通过质控
HGDP01304	通过	通过质控
HGDP01305	通过	通过质控
HGDP01309	通过	通过质控
HGDP01310	通过	通过质控
HGDP01311	通过	通过质控
HGDP01313	通过	通过质控
HGDP01316	通过	通过质控
HGDP01317	通过	通过质控
HGDP01318	通过	通过质控
HGDP01319	通过	通过质控
HGDP01321	通过	通过质控
HGDP01322	通过	通过质控
HGDP01326	通过	通过质控
HGDP01327	通过	通过质控
HGDP01328	通过	通过质控
HGDP01329	通过	通过质控
HGDP01330	通过	通过质控
HGDP01331	通过	通过质控
HGDP01332	通过	通过质控
HGDP01334	通过	通过质控
HGDP01336	通过	通过质控
HGDP01337	通过	通过质控
HGDP01339	通过	通过质控
HGDP01340	通过	通过质控
HGDP01341	通过	通过质控
HGDP01342	通过	通过质控
HGDP01346	通过	通过质控
HGDP01347	通过	通过质控
HGDP01348	通过	通过质控
HGDP01349	通过	通过质控
HGDP01351	通过	通过质控
HGDP01352	通过	通过质控
HGDP01353	通过	通过质控
HGDP01354	通过	通过质控
HGDP01356	通过	通过质控
HGDP01357	通过	通过质控
HGDP01358	通过	通过质控
HGDP01359	通过	通过质控
HGDP01360	通过	通过质控
HGDP01361	通过	通过质控
HGDP01362	通过	通过质控
HGDP01363	通过	通过质控
HGDP01366	通过	通过质控
HGDP01367	通过	通过质控
HGDP01368	通过	通过质控
HGDP01369	通过	通过质控
HGDP01370	通过	通过质控
HGDP01371	不通过	污染率>0.02（最高 0.102757）
HGDP01372	通过	通过质控
HGDP01373	通过	通过质控
HGDP01374	通过	通过质控
HGDP01375	通过	通过质控
HGDP01376	通过	通过质控
HGDP01377	通过	通过质控
HGDP01378	通过	通过质控
HGDP01379	通过	通过质控
HGDP01380	不通过	污染率>0.02（最高 0.022710）
HGDP01381	通过	通过质控
HGDP01382	通过	通过质控
HGDP01383	通过	通过质控
HGDP01384	通过	通过质控
HGDP01385	通过	通过质控
HGDP01386	通过	通过质控
HGDP01387	通过	通过质控
HGDP01388	通过	通过质控
HGDP01396	通过	通过质控
HGDP01397	通过	通过质控
HGDP01398	通过	通过质控
HGDP01399	通过	通过质控
HGDP01400	通过	通过质控
HGDP01403	通过	通过质控
HGDP01404	通过	通过质控
HGDP01405	通过	通过质控
HGDP01406	通过	通过质控
HGDP01408	通过	通过质控
HGDP01411	通过	通过质控
HGDP01412	通过	通过质控
HGDP01413	不通过	mtDNA copy number<50（最低 36.777567）
HGDP01415	通过	通过质控
HGDP01416	通过	通过质控
HGDP01418	通过	通过质控
HGDP01419	通过	通过质控
HK100C	不通过	mtDNA copy number<50（最低 49.011826）
HK102C	通过	通过质控
HK105C	通过	通过质控
HK106C	通过	通过质控
HK107C	通过	通过质控
HK108C	通过	通过质控
HK111C	通过	通过质控
HK112C	通过	通过质控
HK113C	通过	通过质控
HK114C	通过	通过质控
HK115C	通过	通过质控
HK116C	通过	通过质控
HK117C	通过	通过质控
HK118C	通过	通过质控
HK119C	通过	通过质控
HK122C	通过	通过质控
HK124C	通过	通过质控
HK125C	通过	通过质控
HK130C	通过	通过质控
HK131C	通过	通过质控
HK132C	通过	通过质控
HK134C	不通过	mtDNA copy number<50（最低 49.644374）
HK136C	通过	通过质控
HK138C	通过	通过质控
HK139C	通过	通过质控
HK141C	通过	通过质控
HK142C	通过	通过质控
HK144C	通过	通过质控
HK145C	通过	通过质控
HK147C	通过	通过质控
HK150C	通过	通过质控
HK151C	通过	通过质控
HK152C	通过	通过质控
HK154C	通过	通过质控
HK155C	通过	通过质控
HK156C	通过	通过质控
HK157C	通过	通过质控
HK158C	通过	通过质控
HK161C	通过	通过质控
HK162C	通过	通过质控
HK163C	通过	通过质控
HK164A	通过	通过质控
HK164B	通过	通过质控
HK164C	通过	通过质控
HK165C	通过	通过质控
HK166C	通过	通过质控
HK167C	通过	通过质控
HK168C	通过	通过质控
HK169C	通过	通过质控
HK173C	通过	通过质控
HK175C	通过	通过质控
HK177C	通过	通过质控
HK178C	通过	通过质控
HK179C	通过	通过质控
HK17C	通过	通过质控
HK180A	通过	通过质控
HK180B	通过	通过质控
HK180C	通过	通过质控
HK181C	通过	通过质控
HK182C	通过	通过质控
HK19C	通过	通过质控
HK1C	通过	通过质控
HK20C	通过	通过质控
HK22C	通过	通过质控
HK2C	通过	通过质控
HK30C	通过	通过质控
HK34C	通过	通过质控
HK35C	通过	通过质控
HK36C	通过	通过质控
HK37C	通过	通过质控
HK3C	通过	通过质控
HK42C	通过	通过质控
HK44C	通过	通过质控
HK45C	通过	通过质控
HK47C	通过	通过质控
HK49C	通过	通过质控
HK4C	通过	通过质控
HK50C	通过	通过质控
HK52C	通过	通过质控
HK54C	通过	通过质控
HK55C	通过	通过质控
HK59C	通过	通过质控
HK60C	通过	通过质控
HK61C	通过	通过质控
HK62C	通过	通过质控
HK65C	通过	通过质控
HK68C	通过	通过质控
HK69C	通过	通过质控
HK71C	通过	通过质控
HK72C	通过	通过质控
HK73C	通过	通过质控
HK75C	不通过	污染率>0.02（最高 0.037858）
HK76C	通过	通过质控
HK77C	通过	通过质控
HK78C	通过	通过质控
HK79C	通过	通过质控
HK7C	通过	通过质控
HK80C	通过	通过质控
HK81C	通过	通过质控
HK88C	通过	通过质控
HK8C	通过	通过质控
HK92C	通过	通过质控
HK93C	不通过	mtDNA copy number<50（最低 43.470899）
HK94C	通过	通过质控
HK96A	通过	通过质控
HK96B	通过	通过质控
HK96C	通过	通过质控
HK97A	通过	通过质控
HK97B	通过	通过质控
HK97C	通过	通过质控
HK98C	通过	通过质控
HK99C	通过	通过质控
HK9A	通过	通过质控
HK9B	通过	通过质控
HK9C	通过	通过质控
HKUPS_001Blood	通过	通过质控
HKUPS_001Cell	通过	通过质控
HKUPS_003Cell	通过	通过质控
HKU_10	通过	通过质控
HKU_11	通过	通过质控
HKU_112	通过	通过质控
HKU_113	通过	通过质控
HKU_114	通过	通过质控
HKU_115	通过	通过质控
HKU_116	通过	通过质控
HKU_117	通过	通过质控
HKU_118	通过	通过质控
HKU_119	通过	通过质控
HKU_12	通过	通过质控
HKU_120	通过	通过质控
HKU_121	通过	通过质控
HKU_122	通过	通过质控
HKU_123	通过	通过质控
HKU_124	通过	通过质控
HKU_125	通过	通过质控
HKU_126	通过	通过质控
HKU_129	通过	通过质控
HKU_130	通过	通过质控
HKU_131	通过	通过质控
HKU_132	通过	通过质控
HKU_133	通过	通过质控
HKU_134	通过	通过质控
HKU_135	通过	通过质控
HKU_136	通过	通过质控
HKU_137	通过	通过质控
HKU_138	通过	通过质控
HKU_139	通过	通过质控
HKU_140	通过	通过质控
HKU_141	通过	通过质控
HKU_144	通过	通过质控
HKU_145	通过	通过质控
HKU_146	通过	通过质控
HKU_147	通过	通过质控
HKU_148	通过	通过质控
HKU_151	通过	通过质控
HKU_152	通过	通过质控
HKU_154	通过	通过质控
HKU_155	通过	通过质控
HKU_157	通过	通过质控
HKU_158	通过	通过质控
HKU_161	通过	通过质控
HKU_162	通过	通过质控
HKU_174	通过	通过质控
HKU_177	通过	通过质控
HKU_180	通过	通过质控
HKU_183	通过	通过质控
HKU_184	通过	通过质控
HKU_185	通过	通过质控
HKU_190	通过	通过质控
HKU_191	通过	通过质控
HKU_194	通过	通过质控
HKU_197	通过	通过质控
HKU_198	通过	通过质控
HKU_201	通过	通过质控
HKU_202	通过	通过质控
HKU_204	通过	通过质控
HKU_206	通过	通过质控
HKU_21	通过	通过质控
HKU_212	通过	通过质控
HKU_213	通过	通过质控
HKU_215	通过	通过质控
HKU_217	通过	通过质控
HKU_218	通过	通过质控
HKU_219	通过	通过质控
HKU_22	通过	通过质控
HKU_221	通过	通过质控
HKU_222	通过	通过质控
HKU_223	通过	通过质控
HKU_224	通过	通过质控
HKU_227	通过	通过质控
HKU_23	通过	通过质控
HKU_230	通过	通过质控
HKU_232	通过	通过质控
HKU_234	通过	通过质控
HKU_236	通过	通过质控
HKU_24	通过	通过质控
HKU_241	不通过	污染率>0.02（最高 0.052268）
HKU_242	通过	通过质控
HKU_244	通过	通过质控
HKU_245	通过	通过质控
HKU_246	通过	通过质控
HKU_248	通过	通过质控
HKU_249	通过	通过质控
HKU_25	通过	通过质控
HKU_252	通过	通过质控
HKU_254	通过	通过质控
HKU_257	通过	通过质控
HKU_258	通过	通过质控
HKU_26	通过	通过质控
HKU_264	通过	通过质控
HKU_267	通过	通过质控
HKU_268	通过	通过质控
HKU_27	通过	通过质控
HKU_270	通过	通过质控
HKU_271	通过	通过质控
HKU_274	通过	通过质控
HKU_275	通过	通过质控
HKU_276	通过	通过质控
HKU_278	通过	通过质控
HKU_279	通过	通过质控
HKU_280	通过	通过质控
HKU_281	通过	通过质控
HKU_282	通过	通过质控
HKU_284	通过	通过质控
HKU_288	通过	通过质控
HKU_29	通过	通过质控
HKU_290	通过	通过质控
HKU_295	通过	通过质控
HKU_296	通过	通过质控
HKU_30	通过	通过质控
HKU_301	通过	通过质控
HKU_302	通过	通过质控
HKU_303	通过	通过质控
HKU_304	通过	通过质控
HKU_305	通过	通过质控
HKU_309	通过	通过质控
HKU_310	通过	通过质控
HKU_311	通过	通过质控
HKU_312	通过	通过质控
HKU_315	通过	通过质控
HKU_319	通过	通过质控
HKU_32	通过	通过质控
HKU_323	通过	通过质控
HKU_326	通过	通过质控
HKU_327	通过	通过质控
HKU_333	通过	通过质控
HKU_334	通过	通过质控
HKU_336	通过	通过质控
HKU_337	通过	通过质控
HKU_338	通过	通过质控
HKU_342	通过	通过质控
HKU_344	通过	通过质控
HKU_347	通过	通过质控
HKU_348	通过	通过质控
HKU_349	通过	通过质控
HKU_350	通过	通过质控
HKU_351	通过	通过质控
HKU_353	通过	通过质控
HKU_354	通过	通过质控
HKU_355	通过	通过质控
HKU_356	通过	通过质控
HKU_357	通过	通过质控
HKU_358	通过	通过质控
HKU_359	通过	通过质控
HKU_361	通过	通过质控
HKU_362	通过	通过质控
HKU_363	通过	通过质控
HKU_364	通过	通过质控
HKU_365	通过	通过质控
HKU_366	通过	通过质控
HKU_367	通过	通过质控
HKU_368	通过	通过质控
HKU_369	通过	通过质控
HKU_373	通过	通过质控
HKU_375	通过	通过质控
HKU_376	通过	通过质控
HKU_378	通过	通过质控
HKU_380	通过	通过质控
HKU_382	通过	通过质控
HKU_383	通过	通过质控
HKU_384	通过	通过质控
HKU_385	通过	通过质控
HKU_388	不通过	mtDNA copy number<50（最低 48.857794）
HKU_389	通过	通过质控
HKU_390	通过	通过质控
HKU_393	通过	通过质控
HKU_394	通过	通过质控
HKU_396	通过	通过质控
HKU_402	通过	通过质控
HKU_404	通过	通过质控
HKU_405	通过	通过质控
HKU_407	通过	通过质控
HKU_409	通过	通过质控
HKU_41	通过	通过质控
HKU_410	通过	通过质控
HKU_411	通过	通过质控
HKU_413	通过	通过质控
HKU_415	通过	通过质控
HKU_417	通过	通过质控
HKU_419	通过	通过质控
HKU_42	通过	通过质控
HKU_420	通过	通过质控
HKU_421	通过	通过质控
HKU_422	通过	通过质控
HKU_423	通过	通过质控
HKU_426	通过	通过质控
HKU_427	通过	通过质控
HKU_429	通过	通过质控
HKU_43	通过	通过质控
HKU_431	通过	通过质控
HKU_432	通过	通过质控
HKU_434	通过	通过质控
HKU_435	通过	通过质控
HKU_436	通过	通过质控
HKU_437	通过	通过质控
HKU_439	通过	通过质控
HKU_44	通过	通过质控
HKU_440	通过	通过质控
HKU_441	通过	通过质控
HKU_442	通过	通过质控
HKU_448	通过	通过质控
HKU_449	通过	通过质控
HKU_45	通过	通过质控
HKU_450	不通过	缺少有效mtDNA拷贝数结果
HKU_451	通过	通过质控
HKU_453	通过	通过质控
HKU_456	不通过	缺少有效mtDNA拷贝数结果
HKU_457	不通过	缺少有效mtDNA拷贝数结果
HKU_46	通过	通过质控
HKU_461	不通过	缺少有效mtDNA拷贝数结果
HKU_463	通过	通过质控
HKU_465	通过	通过质控
HKU_466	通过	通过质控
HKU_467	不通过	缺少有效mtDNA拷贝数结果
HKU_468	不通过	缺少有效mtDNA拷贝数结果
HKU_469	通过	通过质控
HKU_470	通过	通过质控
HKU_474	通过	通过质控
HKU_475	通过	通过质控
HKU_478	通过	通过质控
HKU_48	通过	通过质控
HKU_481	通过	通过质控
HKU_482	通过	通过质控
HKU_484	通过	通过质控
HKU_50	通过	通过质控
HKU_501	通过	通过质控
HKU_509	不通过	缺少有效mtDNA拷贝数结果
HKU_51	通过	通过质控
HKU_512	通过	通过质控
HKU_518	不通过	缺少有效mtDNA拷贝数结果
HKU_52	通过	通过质控
HKU_522	不通过	缺少有效mtDNA拷贝数结果
HKU_525	不通过	缺少有效mtDNA拷贝数结果
HKU_526	不通过	缺少有效mtDNA拷贝数结果
HKU_529	不通过	缺少有效mtDNA拷贝数结果
HKU_53	通过	通过质控
HKU_531	不通过	缺少有效mtDNA拷贝数结果
HKU_537	不通过	缺少有效mtDNA拷贝数结果
HKU_54	通过	通过质控
HKU_545	通过	通过质控
HKU_548	不通过	缺少有效mtDNA拷贝数结果
HKU_55	通过	通过质控
HKU_550	不通过	缺少有效mtDNA拷贝数结果
HKU_551	不通过	缺少有效mtDNA拷贝数结果
HKU_57	通过	通过质控
HKU_58	通过	通过质控
HKU_59	通过	通过质控
HKU_6	通过	通过质控
HKU_60	通过	通过质控
HKU_61	通过	通过质控
HKU_63	通过	通过质控
HKU_64	通过	通过质控
HKU_66	通过	通过质控
HKU_67	通过	通过质控
HKU_68	通过	通过质控
HKU_69	通过	通过质控
HKU_7	通过	通过质控
HKU_70	通过	通过质控
HKU_71	通过	通过质控
HKU_72	通过	通过质控
HKU_76	通过	通过质控
HKU_77	通过	通过质控
HKU_78	通过	通过质控
HKU_8	通过	通过质控
HKU_89	通过	通过质控
HKU_9	通过	通过质控
HKU_91	通过	通过质控
HKU_93	通过	通过质控
HKU_96	通过	通过质控
HLA107	不通过	mtDNA copy number<50（最低 26.408157）
HLA111	不通过	mtDNA copy number<50（最低 49.011001）
HLA113	不通过	mtDNA copy number<50（最低 34.103933）
HLA114	不通过	mtDNA copy number<50（最低 30.171865）
HLA118	通过	通过质控
HLA135	不通过	mtDNA copy number<50（最低 26.721750）
HLA139	不通过	mtDNA copy number<50（最低 23.637745）
HLA153	不通过	mtDNA copy number<50（最低 22.599344）
HLA266	不通过	mtDNA copy number<50（最低 38.439335）
HS04001	通过	通过质控
HS04002	通过	通过质控
HS04003	通过	通过质控
HS04004	通过	通过质控
HS04005	通过	通过质控
HS04006	不通过	mtDNA copy number<50（最低 44.500834）
HS04008	不通过	mtDNA copy number<50（最低 21.953605）
HS04009	通过	通过质控
HS04010	通过	通过质控
HS04011	通过	通过质控
HS04012	通过	通过质控
HS04014	通过	通过质控
HS04015	通过	通过质控
HS04016	通过	通过质控
HS04017	不通过	mtDNA copy number<50（最低 46.927871）
HS04018	通过	通过质控
HS04019	通过	通过质控
HS04020	通过	通过质控
HS04021	通过	通过质控
HS04022	不通过	mtDNA copy number<50（最低 35.500963）
HS04023	不通过	mtDNA copy number<50（最低 33.983785）
HS04024	不通过	mtDNA copy number<50（最低 30.078368）
HS04025	不通过	mtDNA copy number<50（最低 24.584060）
HS04026	不通过	mtDNA copy number<50（最低 39.742349）
HS04027	通过	通过质控
HS04028	不通过	mtDNA copy number<50（最低 25.600915）
HS04029	通过	通过质控
HS04030	不通过	mtDNA copy number<50（最低 17.921675）
HS04031	通过	通过质控
HS04032	通过	通过质控
HS04033	通过	通过质控
HS04034	通过	通过质控
HS04035	不通过	mtDNA copy number<50（最低 48.896206）
HS04036	不通过	mtDNA copy number<50（最低 26.114822）
HS04037	通过	通过质控
HS04038	不通过	mtDNA copy number<50（最低 39.051086）
HS04039	通过	通过质控
HS04040	通过	通过质控
HS04041	通过	通过质控
HS04042	不通过	mtDNA copy number<50（最低 30.057205）
HS04043	不通过	mtDNA copy number<50（最低 41.698980）
HS04044	不通过	mtDNA copy number<50（最低 32.092889）
HS04045	通过	通过质控
HS04046	通过	通过质控
HS04047	不通过	mtDNA copy number<50（最低 37.115498）
HS04048	通过	通过质控
HS04049	通过	通过质控
HS04050	不通过	mtDNA copy number<50（最低 32.453273）
HS04051	不通过	mtDNA copy number<50（最低 49.156995）
HS04052	不通过	mtDNA copy number<50（最低 30.560607）
HS11034	通过	通过质控
HS11035	通过	通过质控
HS11036	不通过	mtDNA copy number<50（最低 24.672985）
HS11037	通过	通过质控
HS11038	不通过	mtDNA copy number<50（最低 32.983814）
HS11039	不通过	mtDNA copy number<50（最低 35.708631）
HS11040	通过	通过质控
HXPA	通过	通过质控
IMR-90	通过	通过质控
KIF3Bhetero12_003	通过	通过质控
KIF3Bhomo10_003	通过	通过质控
KIF3Bhomo15_003	通过	通过质控
KPGP-00001	通过	通过质控
KPGP-00002	通过	通过质控
KPGP-00003	通过	通过质控
KPGP-00005	通过	通过质控
KPGP-00006	通过	通过质控
KPGP-00009	通过	通过质控
KPGP-00010	通过	通过质控
KPGP-00032	通过	通过质控
KPGP-00033	通过	通过质控
KPGP-00039	通过	通过质控
KPGP-00056	通过	通过质控
KPGP-00086	通过	通过质控
KPGP-00088	通过	通过质控
KPGP-00089	通过	通过质控
KPGP-00090	通过	通过质控
KPGP-00091	通过	通过质控
KPGP-00117	通过	通过质控
KPGP-00120	不通过	mtDNA copy number<50（最低 49.864858）
KPGP-00121	通过	通过质控
KPGP-00122	通过	通过质控
KPGP-00124	通过	通过质控
KPGP-00125	不通过	mtDNA copy number<50（最低 43.892052）
KPGP-00127	通过	通过质控
KPGP-00128	通过	通过质控
KPGP-00129	通过	通过质控
KPGP-00131	通过	通过质控
KPGP-00132	不通过	mtDNA copy number<50（最低 30.118285）
KPGP-00134	通过	通过质控
KPGP-00136	通过	通过质控
KPGP-00137	通过	通过质控
KPGP-00138	通过	通过质控
KPGP-00139	通过	通过质控
KPGP-00141	通过	通过质控
KPGP-00142	通过	通过质控
KPGP-00144	通过	通过质控
KPGP-00145	通过	通过质控
KPGP-00205	通过	通过质控
KPGP-00216	通过	通过质控
KPGP-00219	通过	通过质控
KPGP-00220	通过	通过质控
KPGP-00221	通过	通过质控
KPGP-00224	通过	通过质控
KPGP-00227	通过	通过质控
KPGP-00228	通过	通过质控
KPGP-00229	通过	通过质控
KPGP-00230	通过	通过质控
KPGP-00231	通过	通过质控
KPGP-00232	通过	通过质控
KPGP-00233	通过	通过质控
KPGP-00234	通过	通过质控
KPGP-00235	通过	通过质控
KPGP-00245	通过	通过质控
KPGP-00252	通过	通过质控
KPGP-00253	通过	通过质控
KPGP-00254	通过	通过质控
KPGP-00255	通过	通过质控
KPGP-00256	通过	通过质控
KPGP-00260	通过	通过质控
KPGP-00265	通过	通过质控
KPGP-00266	通过	通过质控
KPGP-00269	通过	通过质控
KPGP-00288	通过	通过质控
KPGP-00317	通过	通过质控
KPGP-00318	通过	通过质控
KPGP-00319	通过	通过质控
KPGP-00320	通过	通过质控
KPGP-00321	通过	通过质控
KPGP-00324	通过	通过质控
KPGP-00325	通过	通过质控
KPGP-00326	通过	通过质控
KPGP-00327	通过	通过质控
KPGP-00328	通过	通过质控
KPGP-00329	通过	通过质控
KPGP-00331	通过	通过质控
KPGP-00332	通过	通过质控
KPGP-00333	通过	通过质控
KPGP-00334	通过	通过质控
KPGP-00336	通过	通过质控
KPGP-00337	通过	通过质控
KPGP-00338	通过	通过质控
KPGP-00339	通过	通过质控
KPGP-00340	通过	通过质控
KPGP-00341	通过	通过质控
KPGP-00342	通过	通过质控
KPGP-00343	通过	通过质控
KPGP-00344	通过	通过质控
KPGP-00345	通过	通过质控
KPGP-00346	通过	通过质控
KPGP-00347	通过	通过质控
KPGP-00348	通过	通过质控
KPGP-00349	通过	通过质控
KPGP-00350	通过	通过质控
KPGP-00351	通过	通过质控
KPGP-00352	通过	通过质控
KPGP-00353	通过	通过质控
KPGP-00354	通过	通过质控
KPGP-00356	通过	通过质控
KPGP-00357	通过	通过质控
KPGP-00358	通过	通过质控
KPGP-00360	通过	通过质控
KPGP-00361	通过	通过质控
KPGP-00362	通过	通过质控
KPGP-00363	通过	通过质控
KPGP-00364	通过	通过质控
L1	通过	通过质控
L10	通过	通过质控
L100	通过	通过质控
L101	通过	通过质控
L102	通过	通过质控
L103	通过	通过质控
L104	通过	通过质控
L105	通过	通过质控
L106	通过	通过质控
L107	通过	通过质控
L108	通过	通过质控
L109	通过	通过质控
L11	通过	通过质控
L110	通过	通过质控
L111	通过	通过质控
L112	通过	通过质控
L113	通过	通过质控
L114	通过	通过质控
L115	通过	通过质控
L116	通过	通过质控
L117	通过	通过质控
L118	通过	通过质控
L119	通过	通过质控
L12	通过	通过质控
L120	通过	通过质控
L121	通过	通过质控
L123	通过	通过质控
L124	不通过	mtDNA copy number<50（最低 48.066547）
L125	通过	通过质控
L126	通过	通过质控
L127	通过	通过质控
L128	通过	通过质控
L13	通过	通过质控
L133	通过	通过质控
L134	通过	通过质控
L135	通过	通过质控
L136	通过	通过质控
L137	通过	通过质控
L138	通过	通过质控
L139	通过	通过质控
L14	通过	通过质控
L140	通过	通过质控
L141	通过	通过质控
L142	通过	通过质控
L143	通过	通过质控
L144	通过	通过质控
L145	通过	通过质控
L146	通过	通过质控
L147	通过	通过质控
L148	通过	通过质控
L149	通过	通过质控
L15	通过	通过质控
L150	通过	通过质控
L151	通过	通过质控
L152	通过	通过质控
L153	通过	通过质控
L154	通过	通过质控
L155	通过	通过质控
L156	通过	通过质控
L157	通过	通过质控
L158	通过	通过质控
L16	通过	通过质控
L160	通过	通过质控
L161	通过	通过质控
L162	通过	通过质控
L163	通过	通过质控
L164	通过	通过质控
L165	通过	通过质控
L166	通过	通过质控
L167	通过	通过质控
L168	通过	通过质控
L169	通过	通过质控
L17	通过	通过质控
L170	通过	通过质控
L171	通过	通过质控
L172	通过	通过质控
L173	通过	通过质控
L174	通过	通过质控
L175	通过	通过质控
L176	通过	通过质控
L177	通过	通过质控
L178	通过	通过质控
L179	通过	通过质控
L18	通过	通过质控
L180	通过	通过质控
L181	通过	通过质控
L182	通过	通过质控
L183	通过	通过质控
L184	通过	通过质控
L185	通过	通过质控
L186	通过	通过质控
L187	通过	通过质控
L188	通过	通过质控
L189	通过	通过质控
L19	通过	通过质控
L190	通过	通过质控
L191	通过	通过质控
L193	通过	通过质控
L194	通过	通过质控
L195	通过	通过质控
L196	通过	通过质控
L197	通过	通过质控
L198	通过	通过质控
L199	通过	通过质控
L2	通过	通过质控
L20	通过	通过质控
L200	通过	通过质控
L201	通过	通过质控
L202	通过	通过质控
L203	通过	通过质控
L204	通过	通过质控
L205	通过	通过质控
L21	通过	通过质控
L22	通过	通过质控
L23	通过	通过质控
L24	通过	通过质控
L25	通过	通过质控
L26	通过	通过质控
L27	通过	通过质控
L28	通过	通过质控
L29	通过	通过质控
L3	通过	通过质控
L30	通过	通过质控
L31	通过	通过质控
L33	通过	通过质控
L34	通过	通过质控
L35	通过	通过质控
L36	通过	通过质控
L37	通过	通过质控
L38	通过	通过质控
L39	通过	通过质控
L4	通过	通过质控
L40	通过	通过质控
L41	通过	通过质控
L42	通过	通过质控
L43	通过	通过质控
L44	通过	通过质控
L45	通过	通过质控
L46	通过	通过质控
L47	通过	通过质控
L48	通过	通过质控
L49	通过	通过质控
L5	通过	通过质控
L50	不通过	mtDNA copy number<50（最低 24.849192）
L51	通过	通过质控
L52	通过	通过质控
L54	通过	通过质控
L55	通过	通过质控
L56	通过	通过质控
L57	通过	通过质控
L58	通过	通过质控
L59	通过	通过质控
L6	通过	通过质控
L60	通过	通过质控
L61	通过	通过质控
L62	通过	通过质控
L63	通过	通过质控
L64	通过	通过质控
L65	通过	通过质控
L67	通过	通过质控
L68	通过	通过质控
L69	通过	通过质控
L7	通过	通过质控
L70	通过	通过质控
L71	通过	通过质控
L72	不通过	mtDNA copy number<50（最低 43.290342）
L73	通过	通过质控
L74	通过	通过质控
L75	通过	通过质控
L76	通过	通过质控
L77	通过	通过质控
L78	通过	通过质控
L79	不通过	mtDNA copy number<50（最低 40.603006）
L8	通过	通过质控
L80	通过	通过质控
L81	通过	通过质控
L82	通过	通过质控
L83	通过	通过质控
L84	通过	通过质控
L85	通过	通过质控
L86	通过	通过质控
L87	通过	通过质控
L88	通过	通过质控
L89	通过	通过质控
L9	通过	通过质控
L90	通过	通过质控
L91	通过	通过质控
L92	通过	通过质控
L93	通过	通过质控
L94	通过	通过质控
L95	通过	通过质控
L96	通过	通过质控
L97	通过	通过质控
L98	通过	通过质控
L99	通过	通过质控
LHYA	通过	通过质控
LKW-Father	通过	通过质控
LKW-Mother	通过	通过质控
LKW-Proband	通过	通过质控
LP6005441-DNA_A01	通过	通过质控
LP6005441-DNA_A03	通过	通过质控
LP6005441-DNA_A04	通过	通过质控
LP6005441-DNA_A05	通过	通过质控
LP6005441-DNA_A06	通过	通过质控
LP6005441-DNA_A09	不通过	污染率>0.02（最高 0.111357）
LP6005441-DNA_A10	通过	通过质控
LP6005441-DNA_A11	通过	通过质控
LP6005441-DNA_A12	通过	通过质控
LP6005441-DNA_B01	通过	通过质控
LP6005441-DNA_B02	通过	通过质控
LP6005441-DNA_B03	通过	通过质控
LP6005441-DNA_B04	通过	通过质控
LP6005441-DNA_B05	通过	通过质控
LP6005441-DNA_B06	通过	通过质控
LP6005441-DNA_B07	通过	通过质控
LP6005441-DNA_B08	通过	通过质控
LP6005441-DNA_B09	通过	通过质控
LP6005441-DNA_B10	通过	通过质控
LP6005441-DNA_B11	通过	通过质控
LP6005441-DNA_B12	通过	通过质控
LP6005441-DNA_C01	通过	通过质控
LP6005441-DNA_C02	通过	通过质控
LP6005441-DNA_C03	通过	通过质控
LP6005441-DNA_C05	通过	通过质控
LP6005441-DNA_C06	通过	通过质控
LP6005441-DNA_C07	通过	通过质控
LP6005441-DNA_C08	通过	通过质控
LP6005441-DNA_C09	通过	通过质控
LP6005441-DNA_C10	通过	通过质控
LP6005441-DNA_C11	通过	通过质控
LP6005441-DNA_D01	通过	通过质控
LP6005441-DNA_D02	通过	通过质控
LP6005441-DNA_D03	通过	通过质控
LP6005441-DNA_D04	通过	通过质控
LP6005441-DNA_D05	通过	通过质控
LP6005441-DNA_D06	通过	通过质控
LP6005441-DNA_D07	通过	通过质控
LP6005441-DNA_D08	通过	通过质控
LP6005441-DNA_D09	通过	通过质控
LP6005441-DNA_D10	通过	通过质控
LP6005441-DNA_D11	通过	通过质控
LP6005441-DNA_D12	通过	通过质控
LP6005441-DNA_E02	通过	通过质控
LP6005441-DNA_E03	通过	通过质控
LP6005441-DNA_E05	通过	通过质控
LP6005441-DNA_E06	通过	通过质控
LP6005441-DNA_E07	通过	通过质控
LP6005441-DNA_E08	通过	通过质控
LP6005441-DNA_E09	通过	通过质控
LP6005441-DNA_E10	通过	通过质控
LP6005441-DNA_F01	通过	通过质控
LP6005441-DNA_F02	通过	通过质控
LP6005441-DNA_F03	通过	通过质控
LP6005441-DNA_F04	通过	通过质控
LP6005441-DNA_F05	通过	通过质控
LP6005441-DNA_F06	通过	通过质控
LP6005441-DNA_F07	通过	通过质控
LP6005441-DNA_F08	通过	通过质控
LP6005441-DNA_F09	通过	通过质控
LP6005441-DNA_F10	通过	通过质控
LP6005441-DNA_F12	通过	通过质控
LP6005441-DNA_G02	通过	通过质控
LP6005441-DNA_G03	通过	通过质控
LP6005441-DNA_G04	通过	通过质控
LP6005441-DNA_G05	通过	通过质控
LP6005441-DNA_G06	通过	通过质控
LP6005441-DNA_G07	通过	通过质控
LP6005441-DNA_G08	通过	通过质控
LP6005441-DNA_G09	通过	通过质控
LP6005441-DNA_G10	通过	通过质控
LP6005441-DNA_G11	通过	通过质控
LP6005441-DNA_G12	通过	通过质控
LP6005441-DNA_H02	通过	通过质控
LP6005441-DNA_H03	通过	通过质控
LP6005441-DNA_H05	通过	通过质控
LP6005441-DNA_H06	通过	通过质控
LP6005441-DNA_H07	通过	通过质控
LP6005441-DNA_H08	通过	通过质控
LP6005441-DNA_H09	通过	通过质控
LP6005441-DNA_H10	通过	通过质控
LP6005441-DNA_H11	通过	通过质控
LP6005441-DNA_H12	通过	通过质控
LP6005442-DNA_A02	通过	通过质控
LP6005442-DNA_A03	通过	通过质控
LP6005442-DNA_A04	通过	通过质控
LP6005442-DNA_A08	通过	通过质控
LP6005442-DNA_A10	通过	通过质控
LP6005442-DNA_A11	通过	通过质控
LP6005442-DNA_A12	不通过	mtDNA copy number<50（最低 34.599252）
LP6005442-DNA_B01	通过	通过质控
LP6005442-DNA_B02	通过	通过质控
LP6005442-DNA_B03	通过	通过质控
LP6005442-DNA_B04	通过	通过质控
LP6005442-DNA_B08	通过	通过质控
LP6005442-DNA_B10	通过	通过质控
LP6005442-DNA_B11	通过	通过质控
LP6005442-DNA_B12	不通过	mtDNA copy number<50（最低 33.345435）
LP6005442-DNA_C02	通过	通过质控
LP6005442-DNA_C04	通过	通过质控
LP6005442-DNA_C07	通过	通过质控
LP6005442-DNA_C10	通过	通过质控
LP6005442-DNA_C11	通过	通过质控
LP6005442-DNA_D01	通过	通过质控
LP6005442-DNA_D02	通过	通过质控
LP6005442-DNA_D03	通过	通过质控
LP6005442-DNA_D08	通过	通过质控
LP6005442-DNA_D09	通过	通过质控
LP6005442-DNA_D10	通过	通过质控
LP6005442-DNA_D11	通过	通过质控
LP6005442-DNA_E04	通过	通过质控
LP6005442-DNA_E07	通过	通过质控
LP6005442-DNA_E10	通过	通过质控
LP6005442-DNA_E11	通过	通过质控
LP6005442-DNA_E12	通过	通过质控
LP6005442-DNA_F01	通过	通过质控
LP6005442-DNA_F02	通过	通过质控
LP6005442-DNA_F04	通过	通过质控
LP6005442-DNA_F09	通过	通过质控
LP6005442-DNA_F10	通过	通过质控
LP6005442-DNA_F11	通过	通过质控
LP6005442-DNA_F12	通过	通过质控
LP6005442-DNA_G01	通过	通过质控
LP6005442-DNA_G02	通过	通过质控
LP6005442-DNA_G03	通过	通过质控
LP6005442-DNA_G04	通过	通过质控
LP6005442-DNA_G07	通过	通过质控
LP6005442-DNA_G09	通过	通过质控
LP6005442-DNA_G10	通过	通过质控
NA06984	通过	通过质控
NA06985	通过	通过质控
NA06986	通过	通过质控
NA06989	通过	通过质控
NA06991	通过	通过质控
NA06993	通过	通过质控
NA06994	通过	通过质控
NA06995	通过	通过质控
NA06997	通过	通过质控
NA07000	通过	通过质控
NA07014	通过	通过质控
NA07019	通过	通过质控
NA07022	通过	通过质控
NA07029	通过	通过质控
NA07031	通过	通过质控
NA07034	通过	通过质控
NA07037	通过	通过质控
NA07045	通过	通过质控
NA07048	通过	通过质控
NA07051	通过	通过质控
NA07055	通过	通过质控
NA07056	通过	通过质控
NA07345	通过	通过质控
NA07346	通过	通过质控
NA07347	通过	通过质控
NA07348	通过	通过质控
NA07349	通过	通过质控
NA07357	通过	通过质控
NA07435	通过	通过质控
NA10830	通过	通过质控
NA10831	通过	通过质控
NA10835	通过	通过质控
NA10836	通过	通过质控
NA10837	通过	通过质控
NA10838	通过	通过质控
NA10839	通过	通过质控
NA10840	通过	通过质控
NA10842	通过	通过质控
NA10843	通过	通过质控
NA10845	通过	通过质控
NA10846	通过	通过质控
NA10847	通过	通过质控
NA10851	通过	通过质控
NA10852	通过	通过质控
NA10854	通过	通过质控
NA10855	通过	通过质控
NA10856	通过	通过质控
NA10857	通过	通过质控
NA10859	通过	通过质控
NA10860	通过	通过质控
NA10861	通过	通过质控
NA10863	通过	通过质控
NA10864	通过	通过质控
NA10865	通过	通过质控
NA11829	通过	通过质控
NA11830	通过	通过质控
NA11831	通过	通过质控
NA11832	通过	通过质控
NA11839	通过	通过质控
NA11840	通过	通过质控
NA11843	通过	通过质控
NA11881	通过	通过质控
NA11882	通过	通过质控
NA11891	通过	通过质控
NA11892	通过	通过质控
NA11893	通过	通过质控
NA11894	通过	通过质控
NA11917	通过	通过质控
NA11918	通过	通过质控
NA11919	通过	通过质控
NA11920	通过	通过质控
NA11930	通过	通过质控
NA11931	通过	通过质控
NA11932	通过	通过质控
NA11933	通过	通过质控
NA11992	通过	通过质控
NA11993	通过	通过质控
NA11994	通过	通过质控
NA11995	通过	通过质控
NA12003	通过	通过质控
NA12004	通过	通过质控
NA12005	通过	通过质控
NA12006	通过	通过质控
NA12043	通过	通过质控
NA12044	通过	通过质控
NA12045	通过	通过质控
NA12046	通过	通过质控
NA12056	通过	通过质控
NA12057	通过	通过质控
NA12058	通过	通过质控
NA12144	通过	通过质控
NA12145	通过	通过质控
NA12146	通过	通过质控
NA12154	通过	通过质控
NA12155	通过	通过质控
NA12156	通过	通过质控
NA12234	通过	通过质控
NA12236	通过	通过质控
NA12239	通过	通过质控
NA12248	通过	通过质控
NA12249	通过	通过质控
NA12264	通过	通过质控
NA12272	通过	通过质控
NA12273	通过	通过质控
NA12274	通过	通过质控
NA12275	通过	通过质控
NA12282	通过	通过质控
NA12283	通过	通过质控
NA12286	通过	通过质控
NA12287	通过	通过质控
NA12329	通过	通过质控
NA12335	通过	通过质控
NA12336	通过	通过质控
NA12340	通过	通过质控
NA12341	通过	通过质控
NA12342	通过	通过质控
NA12343	通过	通过质控
NA12344	通过	通过质控
NA12347	通过	通过质控
NA12348	通过	通过质控
NA12376	通过	通过质控
NA12383	通过	通过质控
NA12386	通过	通过质控
NA12399	通过	通过质控
NA12400	通过	通过质控
NA12413	通过	通过质控
NA12414	通过	通过质控
NA12485	通过	通过质控
NA12489	通过	通过质控
NA12546	通过	通过质控
NA12707	通过	通过质控
NA12716	通过	通过质控
NA12717	通过	通过质控
NA12718	通过	通过质控
NA12739	通过	通过质控
NA12740	通过	通过质控
NA12748	通过	通过质控
NA12749	通过	通过质控
NA12750	通过	通过质控
NA12751	通过	通过质控
NA12752	通过	通过质控
NA12753	通过	通过质控
NA12760	通过	通过质控
NA12761	通过	通过质控
NA12762	通过	通过质控
NA12763	通过	通过质控
NA12766	通过	通过质控
NA12767	通过	通过质控
NA12775	通过	通过质控
NA12776	通过	通过质控
NA12777	通过	通过质控
NA12778	通过	通过质控
NA12801	通过	通过质控
NA12802	通过	通过质控
NA12812	通过	通过质控
NA12813	通过	通过质控
NA12814	通过	通过质控
NA12815	通过	通过质控
NA12817	通过	通过质控
NA12818	通过	通过质控
NA12827	通过	通过质控
NA12828	通过	通过质控
NA12829	通过	通过质控
NA12830	通过	通过质控
NA12832	通过	通过质控
NA12842	通过	通过质控
NA12843	通过	通过质控
NA12864	通过	通过质控
NA12865	通过	通过质控
NA12872	通过	通过质控
NA12873	通过	通过质控
NA12874	通过	通过质控
NA12875	通过	通过质控
NA12877	通过	通过质控
NA12878	通过	通过质控
NA12889	通过	通过质控
NA12890	通过	通过质控
NA12891	通过	通过质控
NA12892	通过	通过质控
NA18484	通过	通过质控
NA18485	通过	通过质控
NA18486	通过	通过质控
NA18487	通过	通过质控
NA18488	通过	通过质控
NA18489	通过	通过质控
NA18497	通过	通过质控
NA18498	通过	通过质控
NA18499	通过	通过质控
NA18500	通过	通过质控
NA18501	通过	通过质控
NA18502	通过	通过质控
NA18503	通过	通过质控
NA18504	通过	通过质控
NA18505	通过	通过质控
NA18506	通过	通过质控
NA18507	通过	通过质控
NA18508	通过	通过质控
NA18510	通过	通过质控
NA18511	通过	通过质控
NA18515	通过	通过质控
NA18516	通过	通过质控
NA18517	通过	通过质控
NA18518	通过	通过质控
NA18519	通过	通过质控
NA18520	通过	通过质控
NA18521	通过	通过质控
NA18522	通过	通过质控
NA18523	通过	通过质控
NA18525	通过	通过质控
NA18526	通过	通过质控
NA18528	通过	通过质控
NA18530	通过	通过质控
NA18531	通过	通过质控
NA18532	通过	通过质控
NA18533	通过	通过质控
NA18534	通过	通过质控
NA18535	通过	通过质控
NA18536	通过	通过质控
NA18537	通过	通过质控
NA18538	通过	通过质控
NA18539	通过	通过质控
NA18541	通过	通过质控
NA18542	通过	通过质控
NA18543	通过	通过质控
NA18544	通过	通过质控
NA18545	通过	通过质控
NA18546	通过	通过质控
NA18547	通过	通过质控
NA18548	通过	通过质控
NA18549	通过	通过质控
NA18550	通过	通过质控
NA18552	通过	通过质控
NA18553	通过	通过质控
NA18555	通过	通过质控
NA18557	通过	通过质控
NA18558	通过	通过质控
NA18559	通过	通过质控
NA18560	通过	通过质控
NA18561	通过	通过质控
NA18562	通过	通过质控
NA18563	通过	通过质控
NA18564	通过	通过质控
NA18565	通过	通过质控
NA18566	通过	通过质控
NA18567	通过	通过质控
NA18570	通过	通过质控
NA18571	通过	通过质控
NA18572	通过	通过质控
NA18573	通过	通过质控
NA18574	通过	通过质控
NA18577	通过	通过质控
NA18579	通过	通过质控
NA18582	通过	通过质控
NA18591	通过	通过质控
NA18592	通过	通过质控
NA18593	通过	通过质控
NA18595	通过	通过质控
NA18596	通过	通过质控
NA18597	通过	通过质控
NA18599	通过	通过质控
NA18602	通过	通过质控
NA18603	通过	通过质控
NA18605	通过	通过质控
NA18606	通过	通过质控
NA18608	通过	通过质控
NA18609	通过	通过质控
NA18610	通过	通过质控
NA18611	通过	通过质控
NA18612	通过	通过质控
NA18613	通过	通过质控
NA18614	通过	通过质控
NA18615	通过	通过质控
NA18616	通过	通过质控
NA18617	通过	通过质控
NA18618	通过	通过质控
NA18619	通过	通过质控
NA18620	通过	通过质控
NA18621	通过	通过质控
NA18622	通过	通过质控
NA18623	通过	通过质控
NA18624	通过	通过质控
NA18625	通过	通过质控
NA18626	通过	通过质控
NA18627	通过	通过质控
NA18628	通过	通过质控
NA18629	通过	通过质控
NA18630	通过	通过质控
NA18631	通过	通过质控
NA18632	通过	通过质控
NA18633	通过	通过质控
NA18634	通过	通过质控
NA18635	通过	通过质控
NA18636	通过	通过质控
NA18637	通过	通过质控
NA18638	通过	通过质控
NA18639	通过	通过质控
NA18640	通过	通过质控
NA18641	通过	通过质控
NA18642	通过	通过质控
NA18643	通过	通过质控
NA18644	通过	通过质控
NA18645	通过	通过质控
NA18646	通过	通过质控
NA18647	通过	通过质控
NA18648	通过	通过质控
NA18740	通过	通过质控
NA18745	通过	通过质控
NA18747	通过	通过质控
NA18748	通过	通过质控
NA18749	通过	通过质控
NA18757	通过	通过质控
NA18852	通过	通过质控
NA18853	通过	通过质控
NA18854	通过	通过质控
NA18855	通过	通过质控
NA18856	通过	通过质控
NA18857	通过	通过质控
NA18858	通过	通过质控
NA18859	通过	通过质控
NA18860	通过	通过质控
NA18861	通过	通过质控
NA18862	通过	通过质控
NA18863	通过	通过质控
NA18864	通过	通过质控
NA18865	通过	通过质控
NA18867	通过	通过质控
NA18868	通过	通过质控
NA18869	通过	通过质控
NA18870	通过	通过质控
NA18871	通过	通过质控
NA18872	通过	通过质控
NA18873	通过	通过质控
NA18874	通过	通过质控
NA18875	通过	通过质控
NA18876	通过	通过质控
NA18877	通过	通过质控
NA18878	通过	通过质控
NA18879	通过	通过质控
NA18881	通过	通过质控
NA18906	通过	通过质控
NA18907	通过	通过质控
NA18908	通过	通过质控
NA18909	通过	通过质控
NA18910	通过	通过质控
NA18911	通过	通过质控
NA18912	通过	通过质控
NA18913	通过	通过质控
NA18914	通过	通过质控
NA18915	通过	通过质控
NA18916	通过	通过质控
NA18917	通过	通过质控
NA18923	通过	通过质控
NA18924	通过	通过质控
NA18925	通过	通过质控
NA18930	通过	通过质控
NA18933	通过	通过质控
NA18934	通过	通过质控
NA18935	通过	通过质控
NA18939	通过	通过质控
NA18940	通过	通过质控
NA18941	通过	通过质控
NA18942	通过	通过质控
NA18943	通过	通过质控
NA18944	通过	通过质控
NA18945	通过	通过质控
NA18946	通过	通过质控
NA18947	通过	通过质控
NA18948	通过	通过质控
NA18949	通过	通过质控
NA18950	通过	通过质控
NA18951	通过	通过质控
NA18952	通过	通过质控
NA18953	通过	通过质控
NA18954	通过	通过质控
NA18956	通过	通过质控
NA18957	通过	通过质控
NA18959	通过	通过质控
NA18960	通过	通过质控
NA18961	通过	通过质控
NA18962	通过	通过质控
NA18963	通过	通过质控
NA18964	通过	通过质控
NA18965	通过	通过质控
NA18966	通过	通过质控
NA18967	通过	通过质控
NA18968	通过	通过质控
NA18969	通过	通过质控
NA18970	通过	通过质控
NA18971	通过	通过质控
NA18972	通过	通过质控
NA18973	通过	通过质控
NA18974	通过	通过质控
NA18975	通过	通过质控
NA18976	通过	通过质控
NA18977	通过	通过质控
NA18978	通过	通过质控
NA18979	通过	通过质控
NA18980	通过	通过质控
NA18981	通过	通过质控
NA18982	通过	通过质控
NA18983	通过	通过质控
NA18984	通过	通过质控
NA18985	通过	通过质控
NA18986	通过	通过质控
NA18987	通过	通过质控
NA18988	通过	通过质控
NA18989	通过	通过质控
NA18990	通过	通过质控
NA18991	通过	通过质控
NA18992	通过	通过质控
NA18993	通过	通过质控
NA18994	通过	通过质控
NA18995	通过	通过质控
NA18997	通过	通过质控
NA18998	通过	通过质控
NA18999	通过	通过质控
NA19000	通过	通过质控
NA19001	通过	通过质控
NA19002	通过	通过质控
NA19003	通过	通过质控
NA19004	通过	通过质控
NA19005	通过	通过质控
NA19006	通过	通过质控
NA19007	通过	通过质控
NA19009	通过	通过质控
NA19010	通过	通过质控
NA19011	通过	通过质控
NA19012	通过	通过质控
NA19017	通过	通过质控
NA19019	通过	通过质控
NA19020	通过	通过质控
NA19023	通过	通过质控
NA19024	通过	通过质控
NA19025	通过	通过质控
NA19026	通过	通过质控
NA19027	通过	通过质控
NA19028	通过	通过质控
NA19030	通过	通过质控
NA19031	通过	通过质控
NA19035	通过	通过质控
NA19036	通过	通过质控
NA19037	通过	通过质控
NA19038	通过	通过质控
NA19041	通过	通过质控
NA19042	通过	通过质控
NA19043	通过	通过质控
NA19054	通过	通过质控
NA19055	通过	通过质控
NA19056	通过	通过质控
NA19057	通过	通过质控
NA19058	通过	通过质控
NA19059	通过	通过质控
NA19060	通过	通过质控
NA19062	通过	通过质控
NA19063	通过	通过质控
NA19064	通过	通过质控
NA19065	通过	通过质控
NA19066	通过	通过质控
NA19067	通过	通过质控
NA19068	通过	通过质控
NA19070	通过	通过质控
NA19072	通过	通过质控
NA19074	通过	通过质控
NA19075	通过	通过质控
NA19076	通过	通过质控
NA19077	通过	通过质控
NA19078	通过	通过质控
NA19079	通过	通过质控
NA19080	通过	通过质控
NA19081	通过	通过质控
NA19082	通过	通过质控
NA19083	通过	通过质控
NA19084	通过	通过质控
NA19085	通过	通过质控
NA19086	通过	通过质控
NA19087	通过	通过质控
NA19088	通过	通过质控
NA19089	通过	通过质控
NA19090	通过	通过质控
NA19091	通过	通过质控
NA19092	通过	通过质控
NA19093	通过	通过质控
NA19094	通过	通过质控
NA19095	通过	通过质控
NA19096	通过	通过质控
NA19097	通过	通过质控
NA19098	通过	通过质控
NA19099	通过	通过质控
NA19100	通过	通过质控
NA19101	通过	通过质控
NA19102	通过	通过质控
NA19103	通过	通过质控
NA19107	通过	通过质控
NA19108	通过	通过质控
NA19109	通过	通过质控
NA19113	通过	通过质控
NA19114	通过	通过质控
NA19115	通过	通过质控
NA19116	通过	通过质控
NA19117	通过	通过质控
NA19118	通过	通过质控
NA19119	通过	通过质控
NA19120	通过	通过质控
NA19121	通过	通过质控
NA19122	通过	通过质控
NA19123	通过	通过质控
NA19127	通过	通过质控
NA19128	通过	通过质控
NA19129	通过	通过质控
NA19130	通过	通过质控
NA19131	通过	通过质控
NA19132	通过	通过质控
NA19137	通过	通过质控
NA19138	通过	通过质控
NA19139	通过	通过质控
NA19140	通过	通过质控
NA19141	通过	通过质控
NA19142	通过	通过质控
NA19143	通过	通过质控
NA19144	通过	通过质控
NA19145	通过	通过质控
NA19146	通过	通过质控
NA19147	通过	通过质控
NA19148	通过	通过质控
NA19149	通过	通过质控
NA19150	通过	通过质控
NA19151	通过	通过质控
NA19152	通过	通过质控
NA19153	通过	通过质控
NA19154	通过	通过质控
NA19159	通过	通过质控
NA19160	通过	通过质控
NA19161	通过	通过质控
NA19171	通过	通过质控
NA19172	通过	通过质控
NA19173	通过	通过质控
NA19174	通过	通过质控
NA19175	通过	通过质控
NA19176	通过	通过质控
NA19177	通过	通过质控
NA19184	通过	通过质控
NA19185	通过	通过质控
NA19186	通过	通过质控
NA19189	通过	通过质控
NA19190	通过	通过质控
NA19191	通过	通过质控
NA19197	通过	通过质控
NA19198	通过	通过质控
NA19199	通过	通过质控
NA19200	通过	通过质控
NA19201	通过	通过质控
NA19202	通过	通过质控
NA19203	通过	通过质控
NA19204	通过	通过质控
NA19205	通过	通过质控
NA19206	通过	通过质控
NA19207	通过	通过质控
NA19208	通过	通过质控
NA19209	通过	通过质控
NA19210	通过	通过质控
NA19211	通过	通过质控
NA19213	通过	通过质控
NA19214	通过	通过质控
NA19215	通过	通过质控
NA19221	通过	通过质控
NA19222	通过	通过质控
NA19223	通过	通过质控
NA19224	通过	通过质控
NA19225	通过	通过质控
NA19226	通过	通过质控
NA19235	通过	通过质控
NA19236	通过	通过质控
NA19237	通过	通过质控
NA19238	通过	通过质控
NA19239	通过	通过质控
NA19240	通过	通过质控
NA19247	通过	通过质控
NA19248	通过	通过质控
NA19249	通过	通过质控
NA19256	通过	通过质控
NA19257	通过	通过质控
NA19258	通过	通过质控
NA19307	通过	通过质控
NA19308	通过	通过质控
NA19309	通过	通过质控
NA19310	通过	通过质控
NA19312	通过	通过质控
NA19314	通过	通过质控
NA19315	通过	通过质控
NA19316	通过	通过质控
NA19317	通过	通过质控
NA19318	通过	通过质控
NA19319	通过	通过质控
NA19320	通过	通过质控
NA19321	通过	通过质控
NA19323	通过	通过质控
NA19324	通过	通过质控
NA19327	通过	通过质控
NA19328	通过	通过质控
NA19331	通过	通过质控
NA19332	通过	通过质控
NA19334	通过	通过质控
NA19338	通过	通过质控
NA19346	通过	通过质控
NA19347	通过	通过质控
NA19350	通过	通过质控
NA19351	通过	通过质控
NA19355	通过	通过质控
NA19360	通过	通过质控
NA19372	通过	通过质控
NA19374	通过	通过质控
NA19375	通过	通过质控
NA19376	通过	通过质控
NA19377	通过	通过质控
NA19378	通过	通过质控
NA19379	通过	通过质控
NA19380	通过	通过质控
NA19383	通过	通过质控
NA19384	通过	通过质控
NA19385	通过	通过质控
NA19390	通过	通过质控
NA19391	通过	通过质控
NA19393	通过	通过质控
NA19394	通过	通过质控
NA19395	通过	通过质控
NA19397	通过	通过质控
NA19399	通过	通过质控
NA19401	通过	通过质控
NA19403	通过	通过质控
NA19404	通过	通过质控
NA19428	通过	通过质控
NA19429	通过	通过质控
NA19430	通过	通过质控
NA19431	通过	通过质控
NA19434	通过	通过质控
NA19435	通过	通过质控
NA19436	通过	通过质控
NA19437	通过	通过质控
NA19438	通过	通过质控
NA19439	通过	通过质控
NA19440	通过	通过质控
NA19443	通过	通过质控
NA19445	通过	通过质控
NA19446	通过	通过质控
NA19448	通过	通过质控
NA19449	通过	通过质控
NA19451	通过	通过质控
NA19452	通过	通过质控
NA19454	通过	通过质控
NA19455	通过	通过质控
NA19456	通过	通过质控
NA19457	通过	通过质控
NA19461	通过	通过质控
NA19462	通过	通过质控
NA19463	通过	通过质控
NA19466	通过	通过质控
NA19467	通过	通过质控
NA19468	通过	通过质控
NA19471	通过	通过质控
NA19472	通过	通过质控
NA19473	通过	通过质控
NA19474	通过	通过质控
NA19475	通过	通过质控
NA19625	通过	通过质控
NA19648	通过	通过质控
NA19649	通过	通过质控
NA19650	通过	通过质控
NA19651	通过	通过质控
NA19652	通过	通过质控
NA19653	通过	通过质控
NA19654	通过	通过质控
NA19655	通过	通过质控
NA19656	通过	通过质控
NA19657	通过	通过质控
NA19658	通过	通过质控
NA19659	通过	通过质控
NA19660	通过	通过质控
NA19661	通过	通过质控
NA19662	通过	通过质控
NA19663	通过	通过质控
NA19664	通过	通过质控
NA19665	通过	通过质控
NA19669	通过	通过质控
NA19670	通过	通过质控
NA19671	通过	通过质控
NA19675	通过	通过质控
NA19676	通过	通过质控
NA19677	通过	通过质控
NA19678	通过	通过质控
NA19679	通过	通过质控
NA19680	通过	通过质控
NA19681	通过	通过质控
NA19682	通过	通过质控
NA19683	通过	通过质控
NA19684	通过	通过质控
NA19685	通过	通过质控
NA19686	通过	通过质控
NA19700	通过	通过质控
NA19701	通过	通过质控
NA19702	通过	通过质控
NA19703	通过	通过质控
NA19704	通过	通过质控
NA19705	通过	通过质控
NA19707	通过	通过质控
NA19711	通过	通过质控
NA19712	通过	通过质控
NA19713	通过	通过质控
NA19716	通过	通过质控
NA19717	通过	通过质控
NA19718	通过	通过质控
NA19719	通过	通过质控
NA19720	通过	通过质控
NA19721	通过	通过质控
NA19722	通过	通过质控
NA19723	通过	通过质控
NA19724	通过	通过质控
NA19725	通过	通过质控
NA19726	通过	通过质控
NA19727	通过	通过质控
NA19728	通过	通过质控
NA19729	通过	通过质控
NA19730	通过	通过质控
NA19731	通过	通过质控
NA19732	通过	通过质控
NA19733	通过	通过质控
NA19734	通过	通过质控
NA19735	通过	通过质控
NA19740	通过	通过质控
NA19741	通过	通过质控
NA19746	通过	通过质控
NA19747	通过	通过质控
NA19748	通过	通过质控
NA19749	通过	通过质控
NA19750	通过	通过质控
NA19751	通过	通过质控
NA19752	通过	通过质控
NA19755	通过	通过质控
NA19756	通过	通过质控
NA19757	通过	通过质控
NA19758	通过	通过质控
NA19759	通过	通过质控
NA19760	通过	通过质控
NA19761	通过	通过质控
NA19762	通过	通过质控
NA19763	通过	通过质控
NA19764	通过	通过质控
NA19770	通过	通过质控
NA19771	通过	通过质控
NA19772	通过	通过质控
NA19773	通过	通过质控
NA19774	通过	通过质控
NA19775	通过	通过质控
NA19776	通过	通过质控
NA19777	通过	通过质控
NA19778	通过	通过质控
NA19779	通过	通过质控
NA19780	通过	通过质控
NA19781	通过	通过质控
NA19782	通过	通过质控
NA19783	通过	通过质控
NA19784	通过	通过质控
NA19785	通过	通过质控
NA19786	通过	通过质控
NA19787	通过	通过质控
NA19788	通过	通过质控
NA19789	通过	通过质控
NA19790	通过	通过质控
NA19792	通过	通过质控
NA19794	通过	通过质控
NA19795	通过	通过质控
NA19796	通过	通过质控
NA19818	通过	通过质控
NA19819	通过	通过质控
NA19828	通过	通过质控
NA19834	通过	通过质控
NA19835	通过	通过质控
NA19836	通过	通过质控
NA19900	通过	通过质控
NA19901	通过	通过质控
NA19902	通过	通过质控
NA19904	通过	通过质控
NA19908	通过	通过质控
NA19909	通过	通过质控
NA19913	通过	通过质控
NA19914	通过	通过质控
NA19916	通过	通过质控
NA19917	通过	通过质控
NA19918	通过	通过质控
NA19919	通过	通过质控
NA19920	通过	通过质控
NA19921	通过	通过质控
NA19922	通过	通过质控
NA19923	通过	通过质控
NA19924	通过	通过质控
NA19982	通过	通过质控
NA19983	通过	通过质控
NA19984	通过	通过质控
NA20126	通过	通过质控
NA20127	通过	通过质控
NA20128	通过	通过质控
NA20129	通过	通过质控
NA20274	通过	通过质控
NA20276	通过	通过质控
NA20278	通过	通过质控
NA20279	通过	通过质控
NA20281	通过	通过质控
NA20282	通过	通过质控
NA20287	通过	通过质控
NA20289	通过	通过质控
NA20291	通过	通过质控
NA20294	通过	通过质控
NA20296	通过	通过质控
NA20298	通过	通过质控
NA20299	通过	通过质控
NA20314	通过	通过质控
NA20317	通过	通过质控
NA20318	通过	通过质控
NA20320	通过	通过质控
NA20321	通过	通过质控
NA20332	通过	通过质控
NA20334	通过	通过质控
NA20339	通过	通过质控
NA20340	通过	通过质控
NA20342	通过	通过质控
NA20346	通过	通过质控
NA20348	通过	通过质控
NA20351	通过	通过质控
NA20355	通过	通过质控
NA20356	通过	通过质控
NA20357	通过	通过质控
NA20358	通过	通过质控
NA20359	通过	通过质控
NA20362	通过	通过质控
NA20412	通过	通过质控
NA20502	通过	通过质控
NA20503	通过	通过质控
NA20504	通过	通过质控
NA20505	通过	通过质控
NA20506	通过	通过质控
NA20507	通过	通过质控
NA20508	通过	通过质控
NA20509	通过	通过质控
NA20510	通过	通过质控
NA20511	通过	通过质控
NA20512	通过	通过质控
NA20513	通过	通过质控
NA20514	通过	通过质控
NA20515	通过	通过质控
NA20516	通过	通过质控
NA20517	通过	通过质控
NA20518	通过	通过质控
NA20519	通过	通过质控
NA20520	通过	通过质控
NA20521	通过	通过质控
NA20522	通过	通过质控
NA20524	通过	通过质控
NA20525	通过	通过质控
NA20527	通过	通过质控
NA20528	通过	通过质控
NA20529	通过	通过质控
NA20530	通过	通过质控
NA20531	通过	通过质控
NA20532	通过	通过质控
NA20533	通过	通过质控
NA20534	通过	通过质控
NA20535	通过	通过质控
NA20536	通过	通过质控
NA20538	通过	通过质控
NA20539	通过	通过质控
NA20540	通过	通过质控
NA20541	通过	通过质控
NA20542	通过	通过质控
NA20543	通过	通过质控
NA20544	通过	通过质控
NA20581	通过	通过质控
NA20582	通过	通过质控
NA20585	通过	通过质控
NA20586	通过	通过质控
NA20587	通过	通过质控
NA20588	通过	通过质控
NA20589	通过	通过质控
NA20752	通过	通过质控
NA20753	通过	通过质控
NA20754	通过	通过质控
NA20755	通过	通过质控
NA20756	通过	通过质控
NA20757	通过	通过质控
NA20758	通过	通过质控
NA20759	通过	通过质控
NA20760	通过	通过质控
NA20761	通过	通过质控
NA20762	通过	通过质控
NA20763	通过	通过质控
NA20764	通过	通过质控
NA20765	通过	通过质控
NA20766	通过	通过质控
NA20767	通过	通过质控
NA20768	通过	通过质控
NA20769	通过	通过质控
NA20770	通过	通过质控
NA20771	通过	通过质控
NA20772	通过	通过质控
NA20773	通过	通过质控
NA20774	通过	通过质控
NA20775	通过	通过质控
NA20778	通过	通过质控
NA20783	通过	通过质控
NA20785	通过	通过质控
NA20786	通过	通过质控
NA20787	通过	通过质控
NA20790	通过	通过质控
NA20792	通过	通过质控
NA20795	通过	通过质控
NA20796	通过	通过质控
NA20797	通过	通过质控
NA20798	通过	通过质控
NA20799	通过	通过质控
NA20800	通过	通过质控
NA20801	通过	通过质控
NA20802	通过	通过质控
NA20803	通过	通过质控
NA20804	通过	通过质控
NA20805	通过	通过质控
NA20806	通过	通过质控
NA20807	通过	通过质控
NA20808	通过	通过质控
NA20809	通过	通过质控
NA20810	通过	通过质控
NA20811	通过	通过质控
NA20812	通过	通过质控
NA20813	通过	通过质控
NA20814	通过	通过质控
NA20815	通过	通过质控
NA20818	通过	通过质控
NA20819	通过	通过质控
NA20821	通过	通过质控
NA20822	通过	通过质控
NA20826	通过	通过质控
NA20827	通过	通过质控
NA20828	通过	通过质控
NA20832	通过	通过质控
NA20845	通过	通过质控
NA20846	通过	通过质控
NA20847	通过	通过质控
NA20849	通过	通过质控
NA20850	通过	通过质控
NA20851	通过	通过质控
NA20852	通过	通过质控
NA20853	通过	通过质控
NA20854	通过	通过质控
NA20856	通过	通过质控
NA20858	通过	通过质控
NA20859	通过	通过质控
NA20861	通过	通过质控
NA20862	通过	通过质控
NA20863	通过	通过质控
NA20864	通过	通过质控
NA20866	通过	通过质控
NA20867	通过	通过质控
NA20868	通过	通过质控
NA20869	通过	通过质控
NA20870	通过	通过质控
NA20872	通过	通过质控
NA20874	通过	通过质控
NA20875	通过	通过质控
NA20876	通过	通过质控
NA20877	通过	通过质控
NA20878	通过	通过质控
NA20881	通过	通过质控
NA20882	通过	通过质控
NA20884	通过	通过质控
NA20885	通过	通过质控
NA20886	通过	通过质控
NA20887	通过	通过质控
NA20888	通过	通过质控
NA20889	通过	通过质控
NA20890	通过	通过质控
NA20891	通过	通过质控
NA20892	通过	通过质控
NA20894	通过	通过质控
NA20895	通过	通过质控
NA20896	通过	通过质控
NA20897	通过	通过质控
NA20899	通过	通过质控
NA20900	通过	通过质控
NA20901	通过	通过质控
NA20902	通过	通过质控
NA20903	通过	通过质控
NA20904	通过	通过质控
NA20905	通过	通过质控
NA20906	通过	通过质控
NA20908	通过	通过质控
NA20910	通过	通过质控
NA20911	通过	通过质控
NA21086	通过	通过质控
NA21087	通过	通过质控
NA21088	通过	通过质控
NA21089	通过	通过质控
NA21090	通过	通过质控
NA21091	通过	通过质控
NA21092	通过	通过质控
NA21093	通过	通过质控
NA21094	通过	通过质控
NA21095	通过	通过质控
NA21097	通过	通过质控
NA21098	通过	通过质控
NA21099	通过	通过质控
NA21100	通过	通过质控
NA21101	通过	通过质控
NA21102	通过	通过质控
NA21103	通过	通过质控
NA21104	通过	通过质控
NA21105	通过	通过质控
NA21106	通过	通过质控
NA21107	通过	通过质控
NA21108	通过	通过质控
NA21109	通过	通过质控
NA21110	通过	通过质控
NA21111	通过	通过质控
NA21112	通过	通过质控
NA21113	通过	通过质控
NA21114	通过	通过质控
NA21115	通过	通过质控
NA21116	通过	通过质控
NA21117	通过	通过质控
NA21118	通过	通过质控
NA21119	通过	通过质控
NA21120	通过	通过质控
NA21122	通过	通过质控
NA21123	通过	通过质控
NA21124	通过	通过质控
NA21125	通过	通过质控
NA21126	通过	通过质控
NA21127	通过	通过质控
NA21128	通过	通过质控
NA21129	通过	通过质控
NA21130	通过	通过质控
NA21133	通过	通过质控
NA21135	通过	通过质控
NA21137	通过	通过质控
NA21141	通过	通过质控
NA21142	通过	通过质控
NA21143	通过	通过质控
NA21144	通过	通过质控
NJ_BA10C	通过	通过质控
NJ_BA11C	通过	通过质控
NJ_BA12C	通过	通过质控
NJ_BA13C	通过	通过质控
NJ_BA14C	通过	通过质控
NJ_BA15C	通过	通过质控
NJ_BA19C	通过	通过质控
NJ_BA20C	通过	通过质控
NJ_BA22C	通过	通过质控
NJ_BA24C	通过	通过质控
NJ_BA25A	通过	通过质控
NJ_BA25B	通过	通过质控
NJ_BA26C	通过	通过质控
NJ_BA27C	通过	通过质控
NJ_BA28A	通过	通过质控
NJ_BA28B	通过	通过质控
NJ_BA29A	通过	通过质控
NJ_BA2C	通过	通过质控
NJ_BA3C	通过	通过质控
NJ_BA4C	通过	通过质控
NM004A	通过	通过质控
NM006A	通过	通过质控
NM007A	通过	通过质控
NM008A	通过	通过质控
NM051B	通过	通过质控
NM052	通过	通过质控
NM053	通过	通过质控
NM065	通过	通过质控
NM066	通过	通过质控
NM067	通过	通过质控
NM085A	通过	通过质控
NM095A	通过	通过质控
NM096A	通过	通过质控
NM097A	通过	通过质控
NM099	通过	通过质控
NM103A	通过	通过质控
NM106	通过	通过质控
NM107	通过	通过质控
NM118A	通过	通过质控
NM119A	通过	通过质控
NM123	通过	通过质控
NM124	通过	通过质控
NM131A	通过	通过质控
NM133	通过	通过质控
NM134A	通过	通过质控
NM135A	通过	通过质控
NM136A	通过	通过质控
NM137A	通过	通过质控
NM138A	通过	通过质控
NM139A	通过	通过质控
NM140A	通过	通过质控
NM144A	通过	通过质控
NM145A	通过	通过质控
NM146A	通过	通过质控
NM156	通过	通过质控
P1	通过	通过质控
P10	通过	通过质控
P100A	通过	通过质控
P10B	通过	通过质控
P10P	通过	通过质控
P11	通过	通过质控
P11B	通过	通过质控
P11P	通过	通过质控
P12	通过	通过质控
P12P	通过	通过质控
P13	通过	通过质控
P13B	通过	通过质控
P14	通过	通过质控
P14B	通过	通过质控
P15	通过	通过质控
P16	通过	通过质控
P16B	通过	通过质控
P17	通过	通过质控
P17B	通过	通过质控
P18	通过	通过质控
P18B	通过	通过质控
P19	通过	通过质控
P19B	通过	通过质控
P1B	通过	通过质控
P1P	通过	通过质控
P2	通过	通过质控
P20	通过	通过质控
P20B	通过	通过质控
P21	通过	通过质控
P21B	通过	通过质控
P22	通过	通过质控
P22B	通过	通过质控
P23	通过	通过质控
P23B	通过	通过质控
P24	通过	通过质控
P24B	通过	通过质控
P25	通过	通过质控
P25B	通过	通过质控
P26	通过	通过质控
P26B	通过	通过质控
P27	通过	通过质控
P27B	通过	通过质控
P28	通过	通过质控
P28B	通过	通过质控
P29	通过	通过质控
P29B	通过	通过质控
P2B	通过	通过质控
P2P	通过	通过质控
P3	通过	通过质控
P30	通过	通过质控
P30B	通过	通过质控
P31	通过	通过质控
P31B	通过	通过质控
P32	通过	通过质控
P32B	通过	通过质控
P33	通过	通过质控
P33B	通过	通过质控
P34	通过	通过质控
P35	通过	通过质控
P35B	通过	通过质控
P36	通过	通过质控
P36B	通过	通过质控
P37	通过	通过质控
P37B	通过	通过质控
P38	通过	通过质控
P38B	通过	通过质控
P39	通过	通过质控
P39B	不通过	污染率>0.02（最高 0.105070）
P3B	通过	通过质控
P3P	通过	通过质控
P4	通过	通过质控
P40	通过	通过质控
P40B	通过	通过质控
P41	通过	通过质控
P41B	不通过	污染率>0.02（最高 0.052688）
P42	通过	通过质控
P42B	通过	通过质控
P43	通过	通过质控
P43B	通过	通过质控
P44	通过	通过质控
P44B	通过	通过质控
P45	通过	通过质控
P45B	通过	通过质控
P46	通过	通过质控
P46B	通过	通过质控
P47	通过	通过质控
P47B	通过	通过质控
P48	通过	通过质控
P48B	通过	通过质控
P49	通过	通过质控
P49B	通过	通过质控
P4P	通过	通过质控
P5	通过	通过质控
P50	通过	通过质控
P50B	通过	通过质控
P51	通过	通过质控
P51B	通过	通过质控
P52	通过	通过质控
P52B	通过	通过质控
P53	通过	通过质控
P53B	通过	通过质控
P54	通过	通过质控
P54B	通过	通过质控
P55	通过	通过质控
P55B	通过	通过质控
P56	通过	通过质控
P56B	通过	通过质控
P57	通过	通过质控
P57B	通过	通过质控
P58	通过	通过质控
P58B	通过	通过质控
P59	通过	通过质控
P59B	通过	通过质控
P5B	通过	通过质控
P5P	通过	通过质控
P6	通过	通过质控
P60	通过	通过质控
P60B	通过	通过质控
P61	通过	通过质控
P61B	通过	通过质控
P62	通过	通过质控
P62B	通过	通过质控
P63	通过	通过质控
P63B	通过	通过质控
P64	通过	通过质控
P64B	通过	通过质控
P65	通过	通过质控
P65B	通过	通过质控
P66	通过	通过质控
P66B	通过	通过质控
P67	通过	通过质控
P67B	通过	通过质控
P68	通过	通过质控
P68B	通过	通过质控
P69	通过	通过质控
P69B	通过	通过质控
P6B	通过	通过质控
P6P	通过	通过质控
P7	通过	通过质控
P70	通过	通过质控
P70B	通过	通过质控
P71	通过	通过质控
P71B	通过	通过质控
P72	通过	通过质控
P72B	通过	通过质控
P73	通过	通过质控
P73B	通过	通过质控
P74	通过	通过质控
P74B	通过	通过质控
P75	通过	通过质控
P75B	通过	通过质控
P76	通过	通过质控
P76B	通过	通过质控
P77	通过	通过质控
P77B	通过	通过质控
P78	通过	通过质控
P78B	通过	通过质控
P79	通过	通过质控
P79B	通过	通过质控
P7B	通过	通过质控
P7P	通过	通过质控
P8	通过	通过质控
P80	通过	通过质控
P80B	通过	通过质控
P81	通过	通过质控
P81B	通过	通过质控
P82	通过	通过质控
P82B	通过	通过质控
P83	通过	通过质控
P83B	通过	通过质控
P84	通过	通过质控
P84B	通过	通过质控
P85	通过	通过质控
P85B	通过	通过质控
P86	通过	通过质控
P86B	通过	通过质控
P87	通过	通过质控
P87B	通过	通过质控
P88	通过	通过质控
P88B	通过	通过质控
P89	通过	通过质控
P89B	通过	通过质控
P8B	通过	通过质控
P8P	通过	通过质控
P9	通过	通过质控
P90	通过	通过质控
P90B	通过	通过质控
P91	通过	通过质控
P91B	通过	通过质控
P92	通过	通过质控
P92B	通过	通过质控
P93	通过	通过质控
P93B	通过	通过质控
P94	通过	通过质控
P94B	通过	通过质控
P95	通过	通过质控
P95B	通过	通过质控
P96	通过	通过质控
P96B	通过	通过质控
P97	通过	通过质控
P97B	通过	通过质控
P98	通过	通过质控
P98B	不通过	污染率>0.02（最高 0.020243）
P99	通过	通过质控
P99B	通过	通过质控
P9B	通过	通过质控
P9P	通过	通过质控
Q0001	通过	通过质控
Q0002	通过	通过质控
Q0004	通过	通过质控
Q0007	通过	通过质控
Q0009	通过	通过质控
Q0010	通过	通过质控
Q0012	通过	通过质控
Q0013	通过	通过质控
Q0015	通过	通过质控
Q0016	通过	通过质控
Q0017	通过	通过质控
Q0019	通过	通过质控
Q0021	通过	通过质控
Q0022	通过	通过质控
Q0023	通过	通过质控
Q0025	通过	通过质控
Q0031	通过	通过质控
Q0032	通过	通过质控
Q0033	通过	通过质控
Q0036	通过	通过质控
Q0037	通过	通过质控
Q0038	通过	通过质控
Q0039	通过	通过质控
Q0040	通过	通过质控
Q0041	通过	通过质控
Q0042	通过	通过质控
Q0043	通过	通过质控
Q0044	通过	通过质控
Q0046	通过	通过质控
Q0047	通过	通过质控
Q0048	通过	通过质控
Q0049	通过	通过质控
Q0050	通过	通过质控
Q0051	通过	通过质控
Q0052	通过	通过质控
Q0053	通过	通过质控
Q0054	通过	通过质控
Q0056	通过	通过质控
Q0059	通过	通过质控
Q0060	通过	通过质控
Q0061	通过	通过质控
Q0062	通过	通过质控
Q0064	通过	通过质控
Q0066	通过	通过质控
Q0071	通过	通过质控
Q0072	通过	通过质控
Q0073	通过	通过质控
Q0075	通过	通过质控
Q0076	通过	通过质控
Q0077	通过	通过质控
Q0078	通过	通过质控
Q0081	通过	通过质控
Q0083	通过	通过质控
Q0084	通过	通过质控
Q0088	通过	通过质控
Q0095	通过	通过质控
Q0098	通过	通过质控
Q0100	通过	通过质控
Q0101	通过	通过质控
Q0103	通过	通过质控
Q0107	通过	通过质控
Q0109	通过	通过质控
Q0110	通过	通过质控
Q0111	通过	通过质控
Q0116	通过	通过质控
Q0117	通过	通过质控
Q0119	通过	通过质控
Q0120	通过	通过质控
Q0121	通过	通过质控
Q0122	通过	通过质控
Q0124	通过	通过质控
Q0126	通过	通过质控
Q0127	通过	通过质控
Q0128	通过	通过质控
Q0130	通过	通过质控
Q0131	通过	通过质控
Q0132	通过	通过质控
Q0133	通过	通过质控
Q0137	通过	通过质控
Q0140	通过	通过质控
Q0142	通过	通过质控
Q0145	通过	通过质控
Q0148	通过	通过质控
Q0149	通过	通过质控
Q0151	通过	通过质控
Q0152	通过	通过质控
Q0153	通过	通过质控
Q0154	通过	通过质控
Q0155	通过	通过质控
Q0157	通过	通过质控
Q0158	通过	通过质控
Q0159	通过	通过质控
Q0160	通过	通过质控
Q0161	通过	通过质控
Q0162	通过	通过质控
Q0163	通过	通过质控
Q0164	通过	通过质控
Q0165	通过	通过质控
Q0166	通过	通过质控
Q0167	通过	通过质控
Q0168	通过	通过质控
Q0169	通过	通过质控
Q0171	通过	通过质控
Q0172	通过	通过质控
Q0173	通过	通过质控
Q0175	通过	通过质控
Q0177	通过	通过质控
Q0178	通过	通过质控
Q0182	通过	通过质控
Q0183	通过	通过质控
Q0184	通过	通过质控
Q0185	通过	通过质控
Q0186	通过	通过质控
Q0187	通过	通过质控
Q0188	通过	通过质控
Q0189	通过	通过质控
Q0191	通过	通过质控
Q0192	通过	通过质控
Q0195	通过	通过质控
Q0196	通过	通过质控
Q0198	通过	通过质控
Q0199	通过	通过质控
Q0201	通过	通过质控
Q0202	通过	通过质控
Q0203	通过	通过质控
Q0204	通过	通过质控
Q0206	通过	通过质控
Q0213	通过	通过质控
Q0214	通过	通过质控
Q0215	通过	通过质控
Q0216	通过	通过质控
Q0217	通过	通过质控
Q0219	通过	通过质控
Q0220	通过	通过质控
Q0221	通过	通过质控
Q0222	通过	通过质控
Q0223	通过	通过质控
Q0226	通过	通过质控
Q0229	通过	通过质控
Q0230	通过	通过质控
Q0231	通过	通过质控
Q0232	通过	通过质控
Q0233	通过	通过质控
Q0234	通过	通过质控
Q0236	通过	通过质控
Q0238	通过	通过质控
Q0240	通过	通过质控
Q0241	通过	通过质控
Q0246	通过	通过质控
Q0247	通过	通过质控
Q0248	通过	通过质控
Q0249	通过	通过质控
Q0250	通过	通过质控
Q0251	通过	通过质控
Q0252	通过	通过质控
Q0253	通过	通过质控
Q0254	通过	通过质控
Q0256	通过	通过质控
Q0257	通过	通过质控
Q0258	通过	通过质控
Q0259	通过	通过质控
Q0260	通过	通过质控
Q0261	通过	通过质控
Q0262	通过	通过质控
Q0263	通过	通过质控
Q0265	通过	通过质控
Q0266	通过	通过质控
Q0267	通过	通过质控
Q0268	通过	通过质控
Q0269	通过	通过质控
Q0270	通过	通过质控
Q0271	通过	通过质控
Q0272	通过	通过质控
Q0273	通过	通过质控
Q0274	通过	通过质控
Q0275	通过	通过质控
Q0276	通过	通过质控
Q0279	通过	通过质控
Q0280	通过	通过质控
Q0281	通过	通过质控
Q0282	通过	通过质控
Q0283	通过	通过质控
Q0286	通过	通过质控
Q0288	通过	通过质控
Q0289	通过	通过质控
Q0290	通过	通过质控
Q0291	通过	通过质控
Q0292	通过	通过质控
Q0293	通过	通过质控
Q0294	通过	通过质控
Q0295	通过	通过质控
Q0296	通过	通过质控
Q0297	通过	通过质控
Q0298	通过	通过质控
Q0299	通过	通过质控
Q0301	通过	通过质控
Q0305	通过	通过质控
Q0307	通过	通过质控
Q0308	通过	通过质控
Q0309	通过	通过质控
Q0310	通过	通过质控
Q0311	通过	通过质控
Q0312	通过	通过质控
Q0313	通过	通过质控
Q0314	通过	通过质控
Q0315	通过	通过质控
Q0316	通过	通过质控
Q0317	通过	通过质控
Q0318	通过	通过质控
Q0322	通过	通过质控
Q0324	通过	通过质控
Q0325	通过	通过质控
Q0326	通过	通过质控
Q0328	通过	通过质控
Q0329	通过	通过质控
Q0330	通过	通过质控
Q0331	通过	通过质控
Q0333	通过	通过质控
Q0334	通过	通过质控
Q0335	通过	通过质控
Q0336	通过	通过质控
Q0338	通过	通过质控
Q0339	通过	通过质控
Q0340	通过	通过质控
Q0341	通过	通过质控
Q0342	通过	通过质控
Q0343	通过	通过质控
Q0345	通过	通过质控
Q0346	通过	通过质控
Q0347	通过	通过质控
Q0348	通过	通过质控
Q0349	通过	通过质控
Q0350	通过	通过质控
Q0351	通过	通过质控
Q0352	通过	通过质控
Q0353	通过	通过质控
Q0354	通过	通过质控
Q0355	通过	通过质控
Q0356	通过	通过质控
Q0357	通过	通过质控
Q0359	通过	通过质控
Q0360	通过	通过质控
Q0361	通过	通过质控
Q0363	通过	通过质控
Q0364	通过	通过质控
Q0365	通过	通过质控
Q0366	通过	通过质控
Q0367	通过	通过质控
Q0368	通过	通过质控
Q0369	通过	通过质控
Q0370	通过	通过质控
Q0371	通过	通过质控
Q0373	通过	通过质控
Q0374	通过	通过质控
Q0375	通过	通过质控
Q0378	通过	通过质控
Q0379	通过	通过质控
Q0381	通过	通过质控
Q0382	通过	通过质控
Q0383	通过	通过质控
Q0384	通过	通过质控
Q0385	通过	通过质控
Q0386	通过	通过质控
Q0387	通过	通过质控
Q0388	通过	通过质控
Q0389	通过	通过质控
Q0390	通过	通过质控
Q0391	通过	通过质控
Q0392	通过	通过质控
Q0393	通过	通过质控
Q0394	通过	通过质控
Q0395	通过	通过质控
Q0396	通过	通过质控
Q0397	通过	通过质控
Q0398	通过	通过质控
Q0399	通过	通过质控
Q0400	通过	通过质控
Q0401	通过	通过质控
Q0402	通过	通过质控
Q0403	通过	通过质控
Q0404	通过	通过质控
Q0405	通过	通过质控
Q0406	通过	通过质控
Q0407	通过	通过质控
Q0408	通过	通过质控
Q0410	通过	通过质控
Q0411	通过	通过质控
Q0412	通过	通过质控
Q0413	通过	通过质控
Q0414	通过	通过质控
Q0415	通过	通过质控
Q0416	通过	通过质控
Q0417	通过	通过质控
Q0418	通过	通过质控
Q0419	通过	通过质控
Q0420	通过	通过质控
Q0422	通过	通过质控
Q0425	通过	通过质控
Q0426	通过	通过质控
Q0427	通过	通过质控
Q0428	通过	通过质控
Q0429	通过	通过质控
Q0430	通过	通过质控
Q0431	通过	通过质控
Q0432	通过	通过质控
Q0433	通过	通过质控
Q0434	通过	通过质控
Q0436	通过	通过质控
Q0437	通过	通过质控
Q0438	通过	通过质控
Q0439	通过	通过质控
Q0440	通过	通过质控
Q0441	通过	通过质控
Q0442	通过	通过质控
Q0443	通过	通过质控
Q0444	通过	通过质控
Q0445	通过	通过质控
Q0446	通过	通过质控
Q0447	通过	通过质控
Q0448	通过	通过质控
Q0449	通过	通过质控
Q0450	通过	通过质控
Q0451	通过	通过质控
Q0452	通过	通过质控
Q0454	通过	通过质控
Q0455	通过	通过质控
Q0456	通过	通过质控
Q0457	通过	通过质控
Q0458	通过	通过质控
Q0459	通过	通过质控
Q0460	通过	通过质控
Q0461	通过	通过质控
Q0462	通过	通过质控
Q0463	通过	通过质控
Q0464	通过	通过质控
Q0465	通过	通过质控
Q0466	通过	通过质控
Q0467	通过	通过质控
Q0468	通过	通过质控
Q0469	通过	通过质控
Q0471	通过	通过质控
Q0472	通过	通过质控
Q0473	通过	通过质控
Q0474	通过	通过质控
Q0475	通过	通过质控
Q0477	通过	通过质控
Q0478	通过	通过质控
Q0481	通过	通过质控
Q0482	通过	通过质控
Q0483	通过	通过质控
Q0484	通过	通过质控
Q0485	通过	通过质控
Q0486	通过	通过质控
Q0487	通过	通过质控
Q0488	通过	通过质控
Q0489	通过	通过质控
Q0490	通过	通过质控
Q0491	通过	通过质控
Q0492	通过	通过质控
Q0493	通过	通过质控
Q0494	通过	通过质控
Q0495	通过	通过质控
Q0497	通过	通过质控
Q0498	通过	通过质控
Q0499	通过	通过质控
Q0500	通过	通过质控
Q0501	通过	通过质控
Q0502	通过	通过质控
Q0503	通过	通过质控
Q0504	通过	通过质控
Q0505	通过	通过质控
Q0506	通过	通过质控
Q0507	通过	通过质控
Q0508	通过	通过质控
Q0509	通过	通过质控
Q0511	通过	通过质控
Q0512	通过	通过质控
Q0514	通过	通过质控
Q0515	通过	通过质控
Q0516	通过	通过质控
Q0518	通过	通过质控
Q0519	通过	通过质控
Q0520	通过	通过质控
Q0521	通过	通过质控
Q0522	通过	通过质控
Q0523	通过	通过质控
Q0524	通过	通过质控
Q0525	通过	通过质控
Q0526	通过	通过质控
Q0528	通过	通过质控
Q0529	通过	通过质控
Q0530	通过	通过质控
Q0531	通过	通过质控
Q0532	通过	通过质控
Q0533	通过	通过质控
Q0534	通过	通过质控
Q0535	通过	通过质控
Q0538	通过	通过质控
Q0539	通过	通过质控
Q0540	通过	通过质控
Q0541	通过	通过质控
Q0543	通过	通过质控
Q0544	通过	通过质控
Q0546	通过	通过质控
Q0547	通过	通过质控
Q0548	通过	通过质控
Q0549	通过	通过质控
Q0551	通过	通过质控
Q0552	通过	通过质控
Q0553	通过	通过质控
Q0554	通过	通过质控
Q0555	通过	通过质控
Q0556	通过	通过质控
Q0559	通过	通过质控
Q0560	通过	通过质控
Q0563	通过	通过质控
Q0564	通过	通过质控
Q0565	通过	通过质控
Q0566	通过	通过质控
Q0567	通过	通过质控
Q0568	通过	通过质控
Q0569	通过	通过质控
Q0570	通过	通过质控
Q0571	通过	通过质控
Q0572	通过	通过质控
Q0573	通过	通过质控
Q0574	通过	通过质控
Q0575	通过	通过质控
Q0576	通过	通过质控
Q0577	通过	通过质控
Q0578	通过	通过质控
Q0579	通过	通过质控
Q0580	通过	通过质控
Q0581	通过	通过质控
Q0582	通过	通过质控
Q0583	通过	通过质控
Q0584	通过	通过质控
Q0585	通过	通过质控
Q0586	通过	通过质控
Q0587	通过	通过质控
Q0588	通过	通过质控
Q0589	通过	通过质控
Q0590	通过	通过质控
Q0591	通过	通过质控
Q0592	通过	通过质控
Q0593	通过	通过质控
Q0594	通过	通过质控
Q0595	通过	通过质控
Q0597	通过	通过质控
Q0599	通过	通过质控
Q0600	通过	通过质控
Q0601	通过	通过质控
Q0602	通过	通过质控
Q0603	通过	通过质控
Q0604	通过	通过质控
Q0605	通过	通过质控
Q0606	通过	通过质控
Q0607	通过	通过质控
Q0608	通过	通过质控
Q0610	通过	通过质控
Q0611	通过	通过质控
Q0612	通过	通过质控
Q0613	通过	通过质控
Q0614	通过	通过质控
Q0615	通过	通过质控
Q0616	通过	通过质控
Q0617	通过	通过质控
Q0618	通过	通过质控
Q0619	通过	通过质控
Q0620	通过	通过质控
Q0622	通过	通过质控
Q0623	通过	通过质控
Q0626	通过	通过质控
Q0627	通过	通过质控
Q0628	通过	通过质控
Q0629	通过	通过质控
Q0630	通过	通过质控
Q0631	通过	通过质控
Q0632	通过	通过质控
Q0633	通过	通过质控
Q0635	通过	通过质控
Q0636	通过	通过质控
Q0637	通过	通过质控
Q0638	通过	通过质控
Q0639	通过	通过质控
Q0640	通过	通过质控
Q0641	通过	通过质控
Q0642	通过	通过质控
Q0643	通过	通过质控
Q0644	通过	通过质控
Q0645	通过	通过质控
Q0646	通过	通过质控
Q0647	通过	通过质控
Q0648	通过	通过质控
Q0649	通过	通过质控
Q0650	通过	通过质控
Q0651	通过	通过质控
Q0652	通过	通过质控
Q0654	通过	通过质控
Q0655	通过	通过质控
Q0656	通过	通过质控
Q0657	通过	通过质控
Q0658	通过	通过质控
Q0659	通过	通过质控
Q0660	通过	通过质控
Q0661	通过	通过质控
Q0662	通过	通过质控
Q0663	通过	通过质控
Q0664	通过	通过质控
Q0665	通过	通过质控
Q0666	通过	通过质控
Q0667	通过	通过质控
Q0668	通过	通过质控
Q0670	通过	通过质控
Q0671	通过	通过质控
Q0672	通过	通过质控
Q0674	通过	通过质控
Q0675	通过	通过质控
Q0676	通过	通过质控
Q0680	通过	通过质控
Q0682	不通过	mtDNA copy number<50（最低 40.179109）
Q0686	通过	通过质控
Q0687	通过	通过质控
Q0688	通过	通过质控
Q0689	通过	通过质控
Q0691	通过	通过质控
Q0692	通过	通过质控
Q0693	通过	通过质控
Q0697	通过	通过质控
Q0699	通过	通过质控
Q0700	不通过	mtDNA copy number<50（最低 21.601882）
Q0701	通过	通过质控
Q0702	通过	通过质控
Q0703	通过	通过质控
Q0704	通过	通过质控
Q0705	通过	通过质控
Q0706	通过	通过质控
Q0707	不通过	mtDNA copy number<50（最低 24.117274）
Q0708	通过	通过质控
Q0709	通过	通过质控
Q0710	通过	通过质控
Q0711	通过	通过质控
Q0712	通过	通过质控
Q0713	通过	通过质控
Q0714	通过	通过质控
Q0715	通过	通过质控
Q0716	通过	通过质控
Q0717	通过	通过质控
Q0718	通过	通过质控
Q0719	通过	通过质控
Q0720	通过	通过质控
Q0721	通过	通过质控
Q0722	通过	通过质控
Q0723	通过	通过质控
Q0724	通过	通过质控
Q0725	通过	通过质控
Q0726	通过	通过质控
Q0728	通过	通过质控
Q0729	通过	通过质控
Q0730	通过	通过质控
Q0731	通过	通过质控
Q0732	通过	通过质控
Q0733	通过	通过质控
Q0734	通过	通过质控
Q0736	通过	通过质控
Q0737	通过	通过质控
Q0739	通过	通过质控
Q0740	通过	通过质控
Q0741	通过	通过质控
Q0742	通过	通过质控
Q0743	通过	通过质控
Q0744	通过	通过质控
Q0745	通过	通过质控
Q0746	通过	通过质控
Q0750	通过	通过质控
Q0751	通过	通过质控
Q0752	通过	通过质控
Q0753	通过	通过质控
Q0754	通过	通过质控
Q0755	通过	通过质控
Q0756	通过	通过质控
Q0757	通过	通过质控
Q0758	通过	通过质控
Q0759	通过	通过质控
Q0760	通过	通过质控
Q0761	通过	通过质控
Q0762	通过	通过质控
Q0763	通过	通过质控
Q0767	通过	通过质控
Q0768	通过	通过质控
Q0770	通过	通过质控
Q0771	通过	通过质控
Q0772	通过	通过质控
Q0774	通过	通过质控
Q0775	通过	通过质控
Q0776	通过	通过质控
Q0777	通过	通过质控
Q0778	通过	通过质控
Q0779	通过	通过质控
Q0780	通过	通过质控
Q0781	通过	通过质控
Q0782	通过	通过质控
Q0783	通过	通过质控
Q0784	通过	通过质控
Q0785	通过	通过质控
Q0786	通过	通过质控
Q0787	通过	通过质控
Q0788	通过	通过质控
Q0789	通过	通过质控
Q0790	通过	通过质控
Q0791	通过	通过质控
Q0792	通过	通过质控
Q0793	通过	通过质控
Q0794	通过	通过质控
Q0796	通过	通过质控
Q0797	通过	通过质控
Q0798	通过	通过质控
Q0799	通过	通过质控
Q0800	通过	通过质控
Q0805	通过	通过质控
Q0806	通过	通过质控
Q0807	通过	通过质控
Q0808	通过	通过质控
Q0809	通过	通过质控
Q0810	通过	通过质控
Q0811	通过	通过质控
Q0813	通过	通过质控
Q0814	通过	通过质控
Q0815	通过	通过质控
Q0817	通过	通过质控
Q0818	通过	通过质控
Q0819	通过	通过质控
Q0824	通过	通过质控
Q0825	通过	通过质控
Q0826	通过	通过质控
Q0828	通过	通过质控
Q0829	通过	通过质控
Q0831	通过	通过质控
Q0832	通过	通过质控
Q0834	通过	通过质控
Q0835	通过	通过质控
Q0837	通过	通过质控
Q0838	通过	通过质控
Q0839	通过	通过质控
Q0840	通过	通过质控
Q0841	通过	通过质控
Q0843	通过	通过质控
Q0844	通过	通过质控
Q0845	通过	通过质控
Q0846	通过	通过质控
Q0847	通过	通过质控
Q0849	通过	通过质控
Q0852	通过	通过质控
Q0853	通过	通过质控
Q0854	通过	通过质控
Q0855	通过	通过质控
Q0856	通过	通过质控
Q0858	通过	通过质控
Q0862	通过	通过质控
Q0863	通过	通过质控
Q0864	通过	通过质控
Q0865	通过	通过质控
Q0866	通过	通过质控
Q0867	通过	通过质控
Q0868	通过	通过质控
Q0869	通过	通过质控
Q0871	通过	通过质控
Q0872	通过	通过质控
Q0873	通过	通过质控
Q0874	通过	通过质控
Q0875	通过	通过质控
Q0876	通过	通过质控
Q0877	通过	通过质控
Q0878	通过	通过质控
Q0879	通过	通过质控
Q0880	通过	通过质控
Q0881	通过	通过质控
Q0882	通过	通过质控
Q0883	通过	通过质控
Q0884	通过	通过质控
Q0885	通过	通过质控
Q0886	通过	通过质控
Q0887	通过	通过质控
Q0888	通过	通过质控
Q0889	通过	通过质控
Q0892	通过	通过质控
Q0893	通过	通过质控
Q0894	通过	通过质控
Q0896	通过	通过质控
Q0898	通过	通过质控
Q0899	通过	通过质控
Q0900	通过	通过质控
Q0901	通过	通过质控
Q0902	通过	通过质控
Q0903	通过	通过质控
Q0904	通过	通过质控
Q0905	通过	通过质控
Q0906	通过	通过质控
Q0909	通过	通过质控
Q0910	通过	通过质控
Q0911	通过	通过质控
Q0912	通过	通过质控
Q0913	通过	通过质控
Q0914	通过	通过质控
Q0915	通过	通过质控
Q0916	通过	通过质控
Q0918	通过	通过质控
Q0919	通过	通过质控
Q0920	通过	通过质控
Q0921	通过	通过质控
Q0922	通过	通过质控
Q0923	通过	通过质控
Q0925	通过	通过质控
Q0927	通过	通过质控
Q0928	通过	通过质控
Q0929	通过	通过质控
Q0930	通过	通过质控
Q0931	通过	通过质控
Q0932	通过	通过质控
Q0933	通过	通过质控
Q0934	通过	通过质控
Q0935	通过	通过质控
Q0936	通过	通过质控
Q0937	通过	通过质控
Q0938	通过	通过质控
Q0939	通过	通过质控
Q0940	通过	通过质控
Q0941	通过	通过质控
Q0942	通过	通过质控
Q0943	通过	通过质控
Q0944	通过	通过质控
Q0945	通过	通过质控
Q0946	通过	通过质控
Q0948	通过	通过质控
Q0949	通过	通过质控
Q0950	通过	通过质控
Q0952	通过	通过质控
Q0953	通过	通过质控
Q0954	通过	通过质控
Q0955	通过	通过质控
Q0956	通过	通过质控
Q0957	通过	通过质控
Q0958	通过	通过质控
Q0959	通过	通过质控
Q0960	通过	通过质控
Q0961	通过	通过质控
Q0962	通过	通过质控
Q0963	通过	通过质控
Q0964	通过	通过质控
Q0965	通过	通过质控
Q0966	通过	通过质控
Q0967	通过	通过质控
Q0968	通过	通过质控
Q0969	通过	通过质控
Q0970	通过	通过质控
Q0971	通过	通过质控
Q0972	通过	通过质控
Q0974	通过	通过质控
Q0975	通过	通过质控
Q0976	通过	通过质控
Q0977	通过	通过质控
Q0978	通过	通过质控
Q0979	通过	通过质控
Q0980	通过	通过质控
Q0981	通过	通过质控
Q0983	通过	通过质控
Q0984	通过	通过质控
Q0985	通过	通过质控
Q0986	通过	通过质控
Q0987	通过	通过质控
Q0988	通过	通过质控
Q0990	通过	通过质控
Q0991	通过	通过质控
Q0992	通过	通过质控
Q0993	通过	通过质控
Q0994	通过	通过质控
Q0995	通过	通过质控
Q0996	通过	通过质控
Q0997	通过	通过质控
Q0999	通过	通过质控
Q1000	通过	通过质控
Q1001	通过	通过质控
Q1002	通过	通过质控
Q1003	通过	通过质控
Q1004	通过	通过质控
Q1005	通过	通过质控
Q1006	通过	通过质控
Q1007	通过	通过质控
Q1008	通过	通过质控
Q1009	通过	通过质控
Q1010	通过	通过质控
Q1011	通过	通过质控
Q1012	通过	通过质控
Q1014	通过	通过质控
Q1015	通过	通过质控
Q1016	通过	通过质控
Q1017	通过	通过质控
Q1018	通过	通过质控
Q1020	通过	通过质控
Q1022	通过	通过质控
Q1023	通过	通过质控
Q1024	通过	通过质控
Q1025	通过	通过质控
Q1026	通过	通过质控
Q1027	通过	通过质控
Q1028	通过	通过质控
Q1029	通过	通过质控
Q1030	通过	通过质控
Q1031	通过	通过质控
Q1032	通过	通过质控
Q1033	通过	通过质控
Q1034	通过	通过质控
Q1035	通过	通过质控
Q1037	通过	通过质控
Q1039	通过	通过质控
Q1040	通过	通过质控
Q1041	通过	通过质控
Q1042	通过	通过质控
Q1043	通过	通过质控
Q1044	通过	通过质控
Q1045	通过	通过质控
Q1046	通过	通过质控
Q1047	通过	通过质控
Q1049	通过	通过质控
Q1050	通过	通过质控
Q1051	通过	通过质控
Q1053	通过	通过质控
Q1054	通过	通过质控
Q1055	通过	通过质控
Q1056	通过	通过质控
Q1057	通过	通过质控
Q1058	通过	通过质控
Q1059	通过	通过质控
Q1060	通过	通过质控
Q1061	通过	通过质控
Q1062	通过	通过质控
Q1063	通过	通过质控
Q1064	通过	通过质控
Q1065	通过	通过质控
Q1066	通过	通过质控
Q1067	通过	通过质控
Q1068	通过	通过质控
Q1069	通过	通过质控
Q1071	通过	通过质控
Q1072	通过	通过质控
Q1074	通过	通过质控
Q1075	通过	通过质控
Q1076	通过	通过质控
Q1077	通过	通过质控
Q1078	通过	通过质控
Q1079	通过	通过质控
Q1080	通过	通过质控
Q1081	通过	通过质控
Q1082	通过	通过质控
Q1083	通过	通过质控
Q1084	通过	通过质控
Q1086	通过	通过质控
Q1087	通过	通过质控
Q1088	通过	通过质控
Q1089	通过	通过质控
Q1090	通过	通过质控
Q1091	通过	通过质控
Q1092	通过	通过质控
Q1093	通过	通过质控
Q1094	通过	通过质控
Q1095	通过	通过质控
Q1096	通过	通过质控
Q1097	通过	通过质控
Q1099	不通过	mtDNA copy number<50（最低 41.431108）
Q1100	通过	通过质控
Q1101	通过	通过质控
Q1102	通过	通过质控
Q1103	通过	通过质控
Q1104	通过	通过质控
Q1105	通过	通过质控
Q1108	通过	通过质控
Q1109	通过	通过质控
Q1110	通过	通过质控
Q1111	通过	通过质控
Q1112	通过	通过质控
Q1113	通过	通过质控
Q1114	通过	通过质控
Q1115	通过	通过质控
Q1116	不通过	mtDNA copy number<50（最低 45.960535）
Q1117	不通过	mtDNA copy number<50（最低 49.564864）
Q1118	通过	通过质控
Q1119	通过	通过质控
Q1120	通过	通过质控
Q1121	通过	通过质控
Q1122	通过	通过质控
Q1123	通过	通过质控
Q1124	不通过	mtDNA copy number<50（最低 39.729991）
Q1125	通过	通过质控
Q1126	通过	通过质控
Q1127	通过	通过质控
Q1128	不通过	mtDNA copy number<50（最低 46.924514）
Q1129	通过	通过质控
Q1130	通过	通过质控
Q1131	通过	通过质控
Q1132	通过	通过质控
Q1133	通过	通过质控
Q1134	通过	通过质控
Q1135	通过	通过质控
Q1136	通过	通过质控
Q1137	通过	通过质控
Q1138	通过	通过质控
Q1139	通过	通过质控
Q1140	通过	通过质控
Q1141	通过	通过质控
Q1142	通过	通过质控
Q1143	通过	通过质控
Q1144	通过	通过质控
Q1145	通过	通过质控
Q1147	通过	通过质控
Q1148	通过	通过质控
Q1149	通过	通过质控
Q1150	通过	通过质控
Q1151	通过	通过质控
Q1152	通过	通过质控
Q1153	通过	通过质控
Q1154	通过	通过质控
Q1155	通过	通过质控
Q1156	通过	通过质控
Q1157	通过	通过质控
Q1158	通过	通过质控
Q1159	通过	通过质控
Q1160	通过	通过质控
Q1161	通过	通过质控
Q1162	通过	通过质控
Q1163	通过	通过质控
Q1164	通过	通过质控
Q1165	通过	通过质控
Q1166	通过	通过质控
Q1168	通过	通过质控
Q1169	通过	通过质控
Q1170	通过	通过质控
Q1171	通过	通过质控
Q1172	通过	通过质控
Q1174	通过	通过质控
Q1175	通过	通过质控
Q1176	通过	通过质控
Q1178	通过	通过质控
Q1179	通过	通过质控
Q1180	通过	通过质控
Q1181	通过	通过质控
Q1182	通过	通过质控
Q1183	通过	通过质控
Q1184	通过	通过质控
Q1185	不通过	mtDNA copy number<50（最低 44.880129）
Q1186	通过	通过质控
Q1187	通过	通过质控
Q1189	通过	通过质控
Q1190	通过	通过质控
Q1191	通过	通过质控
Q1193	通过	通过质控
Q1194	通过	通过质控
Q1195	通过	通过质控
Q1196	通过	通过质控
Q1197	通过	通过质控
Q1198	通过	通过质控
Q1199	通过	通过质控
Q1200	通过	通过质控
Q1201	通过	通过质控
Q1202	通过	通过质控
Q1203	通过	通过质控
Q1204	通过	通过质控
Q1205	通过	通过质控
Q1206	通过	通过质控
Q1207	通过	通过质控
Q1208	通过	通过质控
Q1209	通过	通过质控
Q1210	通过	通过质控
Q1211	通过	通过质控
Q1212	通过	通过质控
Q1213	通过	通过质控
Q1214	通过	通过质控
Q1215	通过	通过质控
Q1216	通过	通过质控
Q1217	通过	通过质控
Q1218	通过	通过质控
Q1219	通过	通过质控
Q1220	通过	通过质控
Q1221	通过	通过质控
Q1222	通过	通过质控
Q1223	通过	通过质控
Q1224	通过	通过质控
Q1225	通过	通过质控
Q1226	通过	通过质控
Q1227	通过	通过质控
Q1228	通过	通过质控
Q1229	通过	通过质控
Q1230	通过	通过质控
Q1231	通过	通过质控
Q1234	通过	通过质控
Q1235	通过	通过质控
Q1236	通过	通过质控
Q1238	通过	通过质控
Q1239	通过	通过质控
Q1241	通过	通过质控
Q1242	通过	通过质控
Q1243	通过	通过质控
Q1244	通过	通过质控
Q1245	通过	通过质控
Q1246	通过	通过质控
Q1247	通过	通过质控
Q1248	通过	通过质控
Q1249	通过	通过质控
Q1250	通过	通过质控
Q1251	通过	通过质控
Q1252	通过	通过质控
Q1253	通过	通过质控
Q1254	通过	通过质控
Q1255	通过	通过质控
Q1256	通过	通过质控
Q1257	通过	通过质控
Q1258	通过	通过质控
Q1259	通过	通过质控
Q1260	通过	通过质控
Q1261	通过	通过质控
Q1262	通过	通过质控
Q1263	通过	通过质控
Q1264	通过	通过质控
Q1266	通过	通过质控
Q1267	通过	通过质控
Q1269	通过	通过质控
Q1270	通过	通过质控
Q1271	通过	通过质控
Q1272	通过	通过质控
Q1273	通过	通过质控
Q1274	通过	通过质控
Q1275	通过	通过质控
Q1276	通过	通过质控
Q1277	通过	通过质控
Q1278	通过	通过质控
Q1279	通过	通过质控
Q1281	通过	通过质控
Q1282	通过	通过质控
Q1283	通过	通过质控
Q1284	通过	通过质控
Q1285	通过	通过质控
Q1286	通过	通过质控
Q1287	通过	通过质控
Q1288	通过	通过质控
Q1289	通过	通过质控
Q1290	通过	通过质控
Q1291	通过	通过质控
Q1292	通过	通过质控
Q1293	通过	通过质控
Q1294	通过	通过质控
Q1295	通过	通过质控
Q1296	通过	通过质控
Q1297	通过	通过质控
Q1298	通过	通过质控
Q1299	通过	通过质控
Q1300	通过	通过质控
Q1301	通过	通过质控
Q1302	通过	通过质控
Q1306	通过	通过质控
Q1307	通过	通过质控
Q1308	通过	通过质控
Q1309	通过	通过质控
Q1310	通过	通过质控
Q1311	通过	通过质控
Q1312	通过	通过质控
Q1313	通过	通过质控
Q1315	通过	通过质控
Q1316	通过	通过质控
Q1317	通过	通过质控
Q1318	通过	通过质控
Q1319	通过	通过质控
Q1320	通过	通过质控
Q1321	通过	通过质控
Q1322	通过	通过质控
Q1323	通过	通过质控
Q1324	通过	通过质控
Q1325	通过	通过质控
Q1326	通过	通过质控
Q1327	通过	通过质控
Q1328	通过	通过质控
Q1329	通过	通过质控
Q1330	通过	通过质控
Q1331	通过	通过质控
Q1332	通过	通过质控
Q1333	通过	通过质控
Q1334	通过	通过质控
Q1335	通过	通过质控
Q1336	通过	通过质控
Q1337	通过	通过质控
Q1338	通过	通过质控
Q1339	通过	通过质控
Q1340	通过	通过质控
Q1341	通过	通过质控
Q1342	通过	通过质控
Q1343	通过	通过质控
Q1344	通过	通过质控
Q1345	通过	通过质控
Q1346	通过	通过质控
Q1347	通过	通过质控
Q1348	通过	通过质控
Q1349	通过	通过质控
Q1350	通过	通过质控
Q1351	通过	通过质控
Q1352	通过	通过质控
Q1353	通过	通过质控
Q1354	通过	通过质控
Q1355	通过	通过质控
Q1357	通过	通过质控
Q1358	通过	通过质控
Q1359	通过	通过质控
Q1360	通过	通过质控
Q1361	通过	通过质控
Q1362	通过	通过质控
Q1363	通过	通过质控
Q1364	通过	通过质控
Q1365	通过	通过质控
Q1366	通过	通过质控
Q1367	通过	通过质控
Q1368	通过	通过质控
Q1369	通过	通过质控
Q1370	通过	通过质控
Q1371	通过	通过质控
Q1372	通过	通过质控
Q1373	通过	通过质控
Q1374	通过	通过质控
Q1375	通过	通过质控
Q1376	通过	通过质控
Q1377	通过	通过质控
Q1378	通过	通过质控
Q1379	通过	通过质控
Q1380	通过	通过质控
Q1381	通过	通过质控
Q1382	通过	通过质控
Q1383	通过	通过质控
Q1384	通过	通过质控
Q1385	通过	通过质控
Q1386	通过	通过质控
Q1387	通过	通过质控
Q1388	通过	通过质控
Q1390	通过	通过质控
Q1391	通过	通过质控
Q1392	通过	通过质控
Q1393	通过	通过质控
Q1394	通过	通过质控
Q1395	通过	通过质控
Q1396	通过	通过质控
Q1397	通过	通过质控
Q1398	通过	通过质控
Q1399	通过	通过质控
Q1400	通过	通过质控
Q1401	通过	通过质控
Q1402	通过	通过质控
Q1403	通过	通过质控
Q1405	通过	通过质控
Q1406	通过	通过质控
Q1407	通过	通过质控
Q1408	通过	通过质控
Q1409	通过	通过质控
Q1410	通过	通过质控
Q1411	通过	通过质控
Q1412	通过	通过质控
Q1413	通过	通过质控
Q1414	通过	通过质控
Q1415	通过	通过质控
Q1416	通过	通过质控
Q1417	通过	通过质控
Q1418	通过	通过质控
Q1420	通过	通过质控
Q1421	通过	通过质控
Q1422	通过	通过质控
Q1423	通过	通过质控
Q1424	通过	通过质控
Q1425	通过	通过质控
Q1427	通过	通过质控
Q1428	通过	通过质控
Q1430	通过	通过质控
Q1432	通过	通过质控
Q1433	通过	通过质控
Q1434	通过	通过质控
Q1435	通过	通过质控
Q1436	通过	通过质控
Q1437	通过	通过质控
Q1438	通过	通过质控
Q1439	通过	通过质控
Q1440	通过	通过质控
Q1441	通过	通过质控
Q1442	通过	通过质控
Q1443	通过	通过质控
Q1444	通过	通过质控
Q1445	通过	通过质控
Q1447	通过	通过质控
Q1448	通过	通过质控
Q1449	通过	通过质控
Q1450	通过	通过质控
Q1451	通过	通过质控
Q1452	通过	通过质控
Q1453	通过	通过质控
Q1454	通过	通过质控
Q1455	通过	通过质控
Q1456	通过	通过质控
Q1457	通过	通过质控
Q1458	通过	通过质控
Q1460	通过	通过质控
Q1461	通过	通过质控
Q1462	通过	通过质控
Q1464	通过	通过质控
Q1465	通过	通过质控
Q1466	通过	通过质控
Q1467	通过	通过质控
Q1468	通过	通过质控
Q1469	通过	通过质控
Q1470	通过	通过质控
Q1471	通过	通过质控
Q1472	通过	通过质控
Q1473	通过	通过质控
Q1474	通过	通过质控
Q1475	通过	通过质控
Q1476	通过	通过质控
Q1477	通过	通过质控
Q1478	通过	通过质控
Q1479	通过	通过质控
Q1480	通过	通过质控
Q1481	通过	通过质控
Q1482	通过	通过质控
Q1483	通过	通过质控
Q1484	通过	通过质控
Q1485	通过	通过质控
Q1486	通过	通过质控
Q1487	通过	通过质控
Q1488	通过	通过质控
Q1489	通过	通过质控
Q1490	通过	通过质控
Q1491	通过	通过质控
Q1492	通过	通过质控
Q1493	通过	通过质控
Q1494	通过	通过质控
Q1495	通过	通过质控
Q1496	通过	通过质控
Q1497	通过	通过质控
Q1498	通过	通过质控
Q1499	通过	通过质控
Q1500	通过	通过质控
Q1501	通过	通过质控
Q1502	通过	通过质控
Q1503	通过	通过质控
Q1504	通过	通过质控
Q1505	通过	通过质控
Q1506	通过	通过质控
Q1507	通过	通过质控
Q1508	通过	通过质控
Q1509	通过	通过质控
Q1510	通过	通过质控
Q1511	通过	通过质控
Q1512	通过	通过质控
Q1513	通过	通过质控
Q1514	通过	通过质控
Q1515	通过	通过质控
Q1516	通过	通过质控
Q1517	通过	通过质控
Q1519	通过	通过质控
Q1520	通过	通过质控
Q1521	通过	通过质控
Q1522	通过	通过质控
Q1523	通过	通过质控
Q1524	通过	通过质控
Q1525	通过	通过质控
Q1526	通过	通过质控
Q1527	通过	通过质控
Q1528	通过	通过质控
Q1529	通过	通过质控
Q1530	通过	通过质控
Q1531	通过	通过质控
Q1532	通过	通过质控
Q1533	通过	通过质控
Q1534	通过	通过质控
Q1535	通过	通过质控
Q1536	通过	通过质控
Q1537	通过	通过质控
Q1538	通过	通过质控
Q1539	通过	通过质控
Q1540	通过	通过质控
Q1541	通过	通过质控
Q1542	通过	通过质控
Q1543	通过	通过质控
Q1544	通过	通过质控
Q1545	通过	通过质控
Q1546	通过	通过质控
Q1547	通过	通过质控
Q1548	通过	通过质控
Q1549	通过	通过质控
Q1550	通过	通过质控
Q1551	通过	通过质控
Q1553	通过	通过质控
Q1554	通过	通过质控
Q1555	通过	通过质控
Q1556	通过	通过质控
Q1557	通过	通过质控
Q1558	通过	通过质控
Q1559	通过	通过质控
Q1560	通过	通过质控
Q1561	通过	通过质控
Q1562	通过	通过质控
Q1563	通过	通过质控
Q1565	通过	通过质控
Q1566	通过	通过质控
Q1567	通过	通过质控
Q1568	通过	通过质控
Q1569	通过	通过质控
Q1570	通过	通过质控
Q1571	通过	通过质控
Q1572	通过	通过质控
Q1573	通过	通过质控
Q1574	通过	通过质控
Q1575	通过	通过质控
Q1576	通过	通过质控
Q1577	通过	通过质控
Q1578	通过	通过质控
Q1579	通过	通过质控
Q1580	通过	通过质控
Q1581	通过	通过质控
Q1582	通过	通过质控
Q1583	通过	通过质控
Q1584	通过	通过质控
Q1585	通过	通过质控
Q1586	通过	通过质控
Q1587	通过	通过质控
Q1588	通过	通过质控
Q1589	通过	通过质控
Q1590	通过	通过质控
Q1591	通过	通过质控
Q1592	通过	通过质控
Q1593	通过	通过质控
Q1594	通过	通过质控
Q1595	通过	通过质控
Q1596	通过	通过质控
Q1597	通过	通过质控
Q1598	通过	通过质控
Q1599	通过	通过质控
Q1600	通过	通过质控
Q1601	通过	通过质控
Q1602	通过	通过质控
Q1603	通过	通过质控
Q1604	通过	通过质控
Q1605	通过	通过质控
Q1606	通过	通过质控
Q1607	通过	通过质控
Q1608	通过	通过质控
Q1609	通过	通过质控
Q1610	通过	通过质控
Q1611	通过	通过质控
Q1612	通过	通过质控
Q1613	通过	通过质控
Q1614	通过	通过质控
Q1616	通过	通过质控
Q1617	通过	通过质控
Q1618	通过	通过质控
Q1619	通过	通过质控
Q1620	通过	通过质控
Q1621	通过	通过质控
Q1622	通过	通过质控
Q1623	通过	通过质控
Q1624	通过	通过质控
Q1625	通过	通过质控
Q1626	通过	通过质控
Q1627	通过	通过质控
Q1628	通过	通过质控
Q1629	通过	通过质控
Q1630	通过	通过质控
Q1631	通过	通过质控
Q1633	通过	通过质控
Q1634	通过	通过质控
Q1635	通过	通过质控
Q1636	通过	通过质控
Q1637	通过	通过质控
Q1638	通过	通过质控
Q1639	通过	通过质控
Q1640	通过	通过质控
Q1641	通过	通过质控
Q1643	通过	通过质控
Q1644	通过	通过质控
Q1645	通过	通过质控
Q1646	通过	通过质控
Q1647	通过	通过质控
Q1648	通过	通过质控
Q1649	通过	通过质控
Q1650	通过	通过质控
Q1651	通过	通过质控
Q1652	通过	通过质控
Q1653	通过	通过质控
Q1654	通过	通过质控
Q1655	通过	通过质控
Q1656	通过	通过质控
Q1657	通过	通过质控
Q1658	通过	通过质控
Q1659	通过	通过质控
Q1661	通过	通过质控
Q1662	通过	通过质控
Q1663	通过	通过质控
Q1664	通过	通过质控
Q1665	通过	通过质控
Q1666	通过	通过质控
Q1667	通过	通过质控
Q1668	通过	通过质控
Q1669	通过	通过质控
Q1670	通过	通过质控
Q1671	通过	通过质控
Q1672	通过	通过质控
Q1674	通过	通过质控
Q1675	通过	通过质控
Q1677	通过	通过质控
Q1678	通过	通过质控
Q1679	通过	通过质控
Q1680	通过	通过质控
Q1681	通过	通过质控
Q1682	通过	通过质控
Q1683	通过	通过质控
Q1684	通过	通过质控
Q1685	通过	通过质控
Q1686	通过	通过质控
Q1687	通过	通过质控
Q1688	通过	通过质控
Q1689	通过	通过质控
Q1690	通过	通过质控
Q1691	通过	通过质控
Q1692	通过	通过质控
Q1693	通过	通过质控
Q1694	通过	通过质控
Q1695	通过	通过质控
Q1696	通过	通过质控
Q1697	通过	通过质控
Q1698	通过	通过质控
Q1699	通过	通过质控
Q1700	通过	通过质控
Q1701	通过	通过质控
Q1703	通过	通过质控
Q1704	通过	通过质控
Q1705	通过	通过质控
Q1706	通过	通过质控
Q1707	通过	通过质控
Q1708	通过	通过质控
Q1709	通过	通过质控
Q1710	通过	通过质控
Q1711	通过	通过质控
Q1712	通过	通过质控
Q1713	通过	通过质控
Q1714	通过	通过质控
Q1715	通过	通过质控
Q1716	通过	通过质控
Q1717	通过	通过质控
Q1718	通过	通过质控
Q1719	不通过	mtDNA copy number<50（最低 45.848960）
Q1720	通过	通过质控
Q1721	通过	通过质控
Q1722	通过	通过质控
Q1723	通过	通过质控
Q1724	通过	通过质控
Q1725	通过	通过质控
Q1726	通过	通过质控
Q1727	通过	通过质控
Q1728	通过	通过质控
Q1729	通过	通过质控
Q1730	通过	通过质控
Q1731	通过	通过质控
Q1732	通过	通过质控
Q1733	通过	通过质控
Q1734	通过	通过质控
Q1735	通过	通过质控
Q1736	通过	通过质控
Q1737	通过	通过质控
Q1738	通过	通过质控
Q1740	通过	通过质控
Q1741	通过	通过质控
Q1742	通过	通过质控
Q1743	通过	通过质控
Q1744	通过	通过质控
Q1745	通过	通过质控
Q1746	通过	通过质控
Q1747	通过	通过质控
Q1748	通过	通过质控
Q1749	通过	通过质控
Q1750	通过	通过质控
Q1751	通过	通过质控
Q1752	通过	通过质控
Q1753	通过	通过质控
Q1754	通过	通过质控
Q1755	通过	通过质控
Q1756	通过	通过质控
Q1757	通过	通过质控
Q1758	通过	通过质控
Q1759	通过	通过质控
Q1760	通过	通过质控
Q1762	通过	通过质控
Q1774	通过	通过质控
Q1775	通过	通过质控
Q1776	通过	通过质控
Q1778	通过	通过质控
Q1779	通过	通过质控
Q1780	通过	通过质控
Q1781	通过	通过质控
Q1782	通过	通过质控
Q1783	通过	通过质控
Q1784	通过	通过质控
Q1785	通过	通过质控
Q1786	通过	通过质控
Q1787	通过	通过质控
Q1789	通过	通过质控
Q1790	通过	通过质控
Q1791	通过	通过质控
Q1792	通过	通过质控
Q1793	通过	通过质控
Q1794	通过	通过质控
Q1795	通过	通过质控
Q1796	通过	通过质控
Q1797	通过	通过质控
Q1798	通过	通过质控
Q1800	通过	通过质控
Q1801	通过	通过质控
Q1802	通过	通过质控
Q1803	通过	通过质控
Q1804	通过	通过质控
Q1805	通过	通过质控
Q1806	通过	通过质控
Q1807	通过	通过质控
Q1808	通过	通过质控
Q1809	通过	通过质控
Q1810	通过	通过质控
Q1811	通过	通过质控
Q1812	通过	通过质控
Q1813	通过	通过质控
Q1814	通过	通过质控
Q1815	通过	通过质控
Q1816	通过	通过质控
Q1817	通过	通过质控
Q1818	通过	通过质控
Q1819	通过	通过质控
Q1820	通过	通过质控
Q1821	通过	通过质控
Q1822	通过	通过质控
Q1823	通过	通过质控
Q1824	通过	通过质控
Q1825	通过	通过质控
Q1826	通过	通过质控
Q1827	通过	通过质控
Q1829	通过	通过质控
Q1830	通过	通过质控
Q1831	通过	通过质控
Q1832	通过	通过质控
Q1833	通过	通过质控
Q1834	通过	通过质控
Q1835	通过	通过质控
Q1836	通过	通过质控
Q1837	通过	通过质控
Q1838	通过	通过质控
Q1839	通过	通过质控
Q1846	通过	通过质控
Q1847	通过	通过质控
Q1848	通过	通过质控
Q1849	通过	通过质控
Q1850	通过	通过质控
Q1851	通过	通过质控
Q1852	通过	通过质控
Q1853	通过	通过质控
Q1854	通过	通过质控
Q1855	通过	通过质控
Q1856	通过	通过质控
Q1857	通过	通过质控
Q1858	通过	通过质控
Q1859	通过	通过质控
Q1860	通过	通过质控
Q1861	通过	通过质控
Q1862	通过	通过质控
Q1863	通过	通过质控
Q1865	通过	通过质控
Q1866	通过	通过质控
Q1867	通过	通过质控
Q1868	通过	通过质控
Q1869	通过	通过质控
Q1870	通过	通过质控
Q1871	通过	通过质控
Q1872	通过	通过质控
Q1873	通过	通过质控
Q1874	通过	通过质控
Q1875	通过	通过质控
Q1876	通过	通过质控
Q1877	通过	通过质控
Q1878	通过	通过质控
Q1879	通过	通过质控
Q1880	通过	通过质控
Q1881	通过	通过质控
Q1882	通过	通过质控
Q1883	通过	通过质控
Q1884	通过	通过质控
Q1885	通过	通过质控
Q1886	通过	通过质控
Q1887	通过	通过质控
Q2219	通过	通过质控
Q2227	通过	通过质控
Q2381	通过	通过质控
QWA	通过	通过质控
RET2	通过	通过质控
SD001	通过	通过质控
SD003	通过	通过质控
SD004	通过	通过质控
SD005	通过	通过质控
SD006	通过	通过质控
SD007	通过	通过质控
SD008	通过	通过质控
SD009	通过	通过质控
SD010	通过	通过质控
SD011	通过	通过质控
SD012	通过	通过质控
SD013	通过	通过质控
SD014	通过	通过质控
SD015	通过	通过质控
SD016	通过	通过质控
SD017	通过	通过质控
SD018	通过	通过质控
SD019	通过	通过质控
SD021	通过	通过质控
SD022	通过	通过质控
SD023	通过	通过质控
SD024	通过	通过质控
SD025	通过	通过质控
SD026	通过	通过质控
SD027	通过	通过质控
SD028	通过	通过质控
SD029	通过	通过质控
SD030	通过	通过质控
SD031	通过	通过质控
SD032	通过	通过质控
SD034	通过	通过质控
SD035	通过	通过质控
SD036	通过	通过质控
SD037	通过	通过质控
SD039	通过	通过质控
SD041	通过	通过质控
SD042	通过	通过质控
SD043	通过	通过质控
SD044	通过	通过质控
SD045	通过	通过质控
SD047	通过	通过质控
SD048	通过	通过质控
SD049	通过	通过质控
SD050	通过	通过质控
SD052	通过	通过质控
SD056	通过	通过质控
SD059	通过	通过质控
SD062	通过	通过质控
SD064	通过	通过质控
SD066	通过	通过质控
SD067	通过	通过质控
SD068	通过	通过质控
SD073	通过	通过质控
SD078	通过	通过质控
SD081	通过	通过质控
SD086	通过	通过质控
SD087	通过	通过质控
SD089	通过	通过质控
SD090	通过	通过质控
SD091	通过	通过质控
SD093	通过	通过质控
SD094	通过	通过质控
SD095	通过	通过质控
SD096	通过	通过质控
SD097	通过	通过质控
SD098	通过	通过质控
SD099	通过	通过质控
SD100	通过	通过质控
SD101	通过	通过质控
SD102	通过	通过质控
SD103	通过	通过质控
SD104	通过	通过质控
SD105	通过	通过质控
SD106	通过	通过质控
SD107	通过	通过质控
SD108	通过	通过质控
SD109	通过	通过质控
SD110	通过	通过质控
SD111	通过	通过质控
SD115	通过	通过质控
SD116	通过	通过质控
SD117	通过	通过质控
SD118	通过	通过质控
SD119	通过	通过质控
SD120	通过	通过质控
SD121	通过	通过质控
SD122	通过	通过质控
SD123	通过	通过质控
SD124	通过	通过质控
SD125	通过	通过质控
SD126	通过	通过质控
SD127	通过	通过质控
SD128	通过	通过质控
SD129	通过	通过质控
SD130	通过	通过质控
SD131	通过	通过质控
SD132	通过	通过质控
SD134	通过	通过质控
SD136	通过	通过质控
SD137	通过	通过质控
SD138	通过	通过质控
SD139	通过	通过质控
SD140	通过	通过质控
SD141	通过	通过质控
SD142	通过	通过质控
SD143	通过	通过质控
SD191	通过	通过质控
SD192	通过	通过质控
SD194	通过	通过质控
SD195	通过	通过质控
SD196	通过	通过质控
SD197	通过	通过质控
SD198	通过	通过质控
SD199	通过	通过质控
SD200	通过	通过质控
SD202	通过	通过质控
SD203	通过	通过质控
SD204	通过	通过质控
SD205	通过	通过质控
SD206	通过	通过质控
SD208	通过	通过质控
SD210	通过	通过质控
SD213	通过	通过质控
SD214	通过	通过质控
SD218	通过	通过质控
SD221	通过	通过质控
SD223	通过	通过质控
SD224	通过	通过质控
SD225	通过	通过质控
SD226	通过	通过质控
SD227	通过	通过质控
SD228	通过	通过质控
SD229	通过	通过质控
SD231	通过	通过质控
SD232	通过	通过质控
SD233	通过	通过质控
SD234	通过	通过质控
SD235	通过	通过质控
SD236	通过	通过质控
SD237	通过	通过质控
SD238	通过	通过质控
SD239	通过	通过质控
SD240	通过	通过质控
SD241	不通过	缺少有效mtDNA拷贝数结果
SD242	不通过	缺少有效mtDNA拷贝数结果
SD243	通过	通过质控
SD244	通过	通过质控
SD245	通过	通过质控
SD246	通过	通过质控
SD247	通过	通过质控
SD248	通过	通过质控
SD249	通过	通过质控
SD250	通过	通过质控
SD251	通过	通过质控
SD252	通过	通过质控
SD253	通过	通过质控
SD254	通过	通过质控
SD255	通过	通过质控
SD256	通过	通过质控
SD257	通过	通过质控
SD258	通过	通过质控
SD259	通过	通过质控
SD260	通过	通过质控
SD261	通过	通过质控
SD262	通过	通过质控
SD263	通过	通过质控
SD264	通过	通过质控
SD265	通过	通过质控
SD266	通过	通过质控
SD267	通过	通过质控
SD268	通过	通过质控
SD269	通过	通过质控
SD270	通过	通过质控
SH_283	通过	通过质控
SH_284	通过	通过质控
SH_286	通过	通过质控
SH_287	通过	通过质控
SH_288	通过	通过质控
SH_289	通过	通过质控
SH_290	通过	通过质控
SH_291	通过	通过质控
SH_292	通过	通过质控
SH_293	通过	通过质控
SH_294	通过	通过质控
SH_295	通过	通过质控
SH_296	通过	通过质控
SH_297	通过	通过质控
SH_299	通过	通过质控
SH_300	通过	通过质控
SH_301	通过	通过质控
SH_302	通过	通过质控
SH_303	通过	通过质控
SH_304	通过	通过质控
SH_305	通过	通过质控
SH_306	通过	通过质控
SH_307	通过	通过质控
SH_308	通过	通过质控
SH_309	通过	通过质控
SH_310	通过	通过质控
SH_311	通过	通过质控
SH_312	通过	通过质控
SH_313	通过	通过质控
SH_314	通过	通过质控
SH_315	通过	通过质控
SH_316	通过	通过质控
SH_317	通过	通过质控
SH_318	通过	通过质控
SH_319	通过	通过质控
SH_320	通过	通过质控
SH_321	通过	通过质控
SH_322	通过	通过质控
SH_323	通过	通过质控
SH_324	通过	通过质控
SH_325	通过	通过质控
SH_326	通过	通过质控
SH_327	通过	通过质控
SH_328	通过	通过质控
SH_329	通过	通过质控
SH_330	通过	通过质控
SH_331	通过	通过质控
SH_332	通过	通过质控
SH_333	通过	通过质控
SH_334	通过	通过质控
SH_335	通过	通过质控
SH_336	通过	通过质控
SH_337	通过	通过质控
SH_338	通过	通过质控
SH_339	通过	通过质控
SH_340	通过	通过质控
SH_341	通过	通过质控
SH_342	通过	通过质控
SH_343	通过	通过质控
SH_344	通过	通过质控
SH_345	通过	通过质控
SH_346	通过	通过质控
SH_347	通过	通过质控
SH_348	通过	通过质控
SH_349	通过	通过质控
SH_350	通过	通过质控
SH_351	通过	通过质控
SH_352	通过	通过质控
SH_353	通过	通过质控
SH_354	通过	通过质控
SH_355	通过	通过质控
SH_356	通过	通过质控
SH_357	通过	通过质控
SH_358	通过	通过质控
SH_359	通过	通过质控
SH_360	通过	通过质控
SH_361	通过	通过质控
SH_362	通过	通过质控
SH_363	通过	通过质控
SH_364	通过	通过质控
SH_365	通过	通过质控
SH_366	通过	通过质控
SH_369	通过	通过质控
SH_370	通过	通过质控
SH_371	通过	通过质控
SH_372	通过	通过质控
SH_373	通过	通过质控
SH_374	通过	通过质控
SH_375	通过	通过质控
SH_376	通过	通过质控
SH_377	通过	通过质控
SH_378	通过	通过质控
SH_379	通过	通过质控
SH_380	通过	通过质控
SH_381	通过	通过质控
SH_382	通过	通过质控
SH_383	通过	通过质控
SH_384	通过	通过质控
SH_385	通过	通过质控
SH_386	通过	通过质控
SH_387	通过	通过质控
SH_388	通过	通过质控
SH_389	通过	通过质控
SH_390	通过	通过质控
SH_391	通过	通过质控
SH_392	通过	通过质控
SH_393	通过	通过质控
SH_394	通过	通过质控
SH_396	通过	通过质控
SH_397	通过	通过质控
SH_398	通过	通过质控
SH_399	通过	通过质控
SH_400	通过	通过质控
SH_401	通过	通过质控
SH_402	通过	通过质控
SH_403	通过	通过质控
SH_404	通过	通过质控
SH_405	通过	通过质控
SH_406	通过	通过质控
SH_407	通过	通过质控
SH_408	通过	通过质控
SH_409	通过	通过质控
SH_410	通过	通过质控
SH_411	通过	通过质控
SH_412	通过	通过质控
SH_413	通过	通过质控
SH_414	通过	通过质控
SH_415	通过	通过质控
SH_416	通过	通过质控
SH_417	通过	通过质控
SH_418	通过	通过质控
SH_419	通过	通过质控
SH_423	通过	通过质控
SH_424	通过	通过质控
SH_425	通过	通过质控
SH_426	通过	通过质控
SH_427	通过	通过质控
SH_428	通过	通过质控
SH_429	通过	通过质控
SH_430	通过	通过质控
SH_431	通过	通过质控
SH_432	通过	通过质控
SH_433	通过	通过质控
SH_434	通过	通过质控
SH_435	通过	通过质控
SH_91	通过	通过质控
SH_92	通过	通过质控
SH_93	通过	通过质控
SH_94	通过	通过质控
SRR27468491	通过	通过质控
SRR27468492	通过	通过质控
SRR27468493	通过	通过质控
SRR27468494	通过	通过质控
SRR27468495	通过	通过质控
SRR27468496	通过	通过质控
SRR27468497	不通过	污染率>0.02（最高 0.192956）
SRR27468498	通过	通过质控
SRR27468499	通过	通过质控
SRR27468500	通过	通过质控
SRR27468501	通过	通过质控
SS6004467	不通过	缺少污染评估结果
SS6004468	不通过	缺少污染评估结果
SS6004469	不通过	缺少污染评估结果
SS6004470	不通过	缺少污染评估结果
SS6004471	不通过	缺少污染评估结果
SS6004472	不通过	缺少污染评估结果
SS6004473	不通过	缺少污染评估结果
SS6004474	不通过	缺少污染评估结果
SS6004475	不通过	缺少污染评估结果
SS6004476	不通过	缺少污染评估结果
SS6004477	不通过	缺少污染评估结果
SS6004478	不通过	缺少污染评估结果
SS6004479	不通过	缺少污染评估结果
SS6004480	不通过	缺少污染评估结果
SZ00121B	通过	通过质控
SZ00132L	通过	通过质控
SZ00150G	通过	通过质控
SZ00370D	通过	通过质控
SZ00480A	通过	通过质控
SZ00592C	通过	通过质控
SZ01132I	通过	通过质控
SZ01140J	通过	通过质控
SZ01150M	通过	通过质控
SZ01581K	通过	通过质控
SZ02232F	通过	通过质控
SZ02561E	通过	通过质控
SZ2025011401A	不通过	污染率>0.02（最高 0.093170）
SZ2025011402A	通过	通过质控
SZ2025011501A	通过	通过质控
SZ83111H	通过	通过质控
SZPA	通过	通过质控
SZ_BA10A	通过	通过质控
SZ_BA10B	通过	通过质控
SZ_BA10C	通过	通过质控
SZ_BA11A	通过	通过质控
SZ_BA11B	通过	通过质控
SZ_BA11C	通过	通过质控
SZ_BA12A	通过	通过质控
SZ_BA12B	通过	通过质控
SZ_BA12C	通过	通过质控
SZ_BA13A	通过	通过质控
SZ_BA13B	通过	通过质控
SZ_BA13C	通过	通过质控
SZ_BA14A	通过	通过质控
SZ_BA14B	通过	通过质控
SZ_BA14C	通过	通过质控
SZ_BA15A	通过	通过质控
SZ_BA15C	通过	通过质控
SZ_BA16A	通过	通过质控
SZ_BA16B	通过	通过质控
SZ_BA16C	通过	通过质控
SZ_BA17A	通过	通过质控
SZ_BA17B	通过	通过质控
SZ_BA17C	通过	通过质控
SZ_BA18A	通过	通过质控
SZ_BA18B	通过	通过质控
SZ_BA18C	通过	通过质控
SZ_BA19B	通过	通过质控
SZ_BA19C	通过	通过质控
SZ_BA1A	通过	通过质控
SZ_BA1B	通过	通过质控
SZ_BA1C	通过	通过质控
SZ_BA20A	通过	通过质控
SZ_BA20B	通过	通过质控
SZ_BA20C	通过	通过质控
SZ_BA21A	通过	通过质控
SZ_BA21B	通过	通过质控
SZ_BA21C	通过	通过质控
SZ_BA22A	通过	通过质控
SZ_BA22B	通过	通过质控
SZ_BA22C	通过	通过质控
SZ_BA24A	通过	通过质控
SZ_BA24B	通过	通过质控
SZ_BA24C	通过	通过质控
SZ_BA25A	通过	通过质控
SZ_BA25B	通过	通过质控
SZ_BA25C	通过	通过质控
SZ_BA26A	通过	通过质控
SZ_BA26B	通过	通过质控
SZ_BA26C	通过	通过质控
SZ_BA27A	通过	通过质控
SZ_BA27B	通过	通过质控
SZ_BA27C	通过	通过质控
SZ_BA28A	通过	通过质控
SZ_BA28C	通过	通过质控
SZ_BA29A	通过	通过质控
SZ_BA29B	通过	通过质控
SZ_BA29C	通过	通过质控
SZ_BA30A	通过	通过质控
SZ_BA30B	通过	通过质控
SZ_BA30C	通过	通过质控
SZ_BA31A	通过	通过质控
SZ_BA31B	通过	通过质控
SZ_BA31C	通过	通过质控
SZ_BA33A	通过	通过质控
SZ_BA33B	通过	通过质控
SZ_BA33C	通过	通过质控
SZ_BA35A	通过	通过质控
SZ_BA35B	通过	通过质控
SZ_BA35C	通过	通过质控
SZ_BA37A	通过	通过质控
SZ_BA37B	通过	通过质控
SZ_BA37C	通过	通过质控
SZ_BA39A	通过	通过质控
SZ_BA39B	通过	通过质控
SZ_BA39C	通过	通过质控
SZ_BA3A	通过	通过质控
SZ_BA3C	通过	通过质控
SZ_BA43A	通过	通过质控
SZ_BA43B	通过	通过质控
SZ_BA43C	通过	通过质控
SZ_BA44A	通过	通过质控
SZ_BA44B	通过	通过质控
SZ_BA44C	通过	通过质控
SZ_BA45A	通过	通过质控
SZ_BA45B	通过	通过质控
SZ_BA45C	通过	通过质控
SZ_BA46A	通过	通过质控
SZ_BA46B	通过	通过质控
SZ_BA46C	通过	通过质控
SZ_BA47A	通过	通过质控
SZ_BA47B	通过	通过质控
SZ_BA47C	通过	通过质控
SZ_BA48A	通过	通过质控
SZ_BA48C	通过	通过质控
SZ_BA49A	通过	通过质控
SZ_BA49B	通过	通过质控
SZ_BA49C	通过	通过质控
SZ_BA4A	通过	通过质控
SZ_BA4B	通过	通过质控
SZ_BA4C	通过	通过质控
SZ_BA51A	通过	通过质控
SZ_BA51B	通过	通过质控
SZ_BA51C	通过	通过质控
SZ_BA52B	通过	通过质控
SZ_BA52C	通过	通过质控
SZ_BA53A	通过	通过质控
SZ_BA53B	通过	通过质控
SZ_BA53C	通过	通过质控
SZ_BA56B	通过	通过质控
SZ_BA56C	通过	通过质控
SZ_BA57B	通过	通过质控
SZ_BA57C	通过	通过质控
SZ_BA58A	通过	通过质控
SZ_BA58B	通过	通过质控
SZ_BA58C	通过	通过质控
SZ_BA59A	通过	通过质控
SZ_BA59C	通过	通过质控
SZ_BA5A	通过	通过质控
SZ_BA5B	通过	通过质控
SZ_BA5C	通过	通过质控
SZ_BA60A	通过	通过质控
SZ_BA60B	通过	通过质控
SZ_BA60C	通过	通过质控
SZ_BA61A	通过	通过质控
SZ_BA61B	通过	通过质控
SZ_BA61C	通过	通过质控
SZ_BA62A	通过	通过质控
SZ_BA62B	通过	通过质控
SZ_BA62C	通过	通过质控
SZ_BA64A	通过	通过质控
SZ_BA64B	通过	通过质控
SZ_BA64C	通过	通过质控
SZ_BA65A	通过	通过质控
SZ_BA65B	通过	通过质控
SZ_BA65C	通过	通过质控
SZ_BA66A	通过	通过质控
SZ_BA66B	通过	通过质控
SZ_BA66C	通过	通过质控
SZ_BA6A	通过	通过质控
SZ_BA6B	通过	通过质控
SZ_BA6C	通过	通过质控
SZ_BA7A	通过	通过质控
SZ_BA7B	通过	通过质控
SZ_BA7C	通过	通过质控
SZ_BA8A	通过	通过质控
SZ_BA8B	通过	通过质控
SZ_BA8C	通过	通过质控
SZ_BA9A	通过	通过质控
SZ_BA9B	通过	通过质控
SZ_BA9C	通过	通过质控
SZ_H00001	通过	通过质控
Sz8626197zcq	通过	通过质控
Sz8626197zdm	通过	通过质控
Sz8626197zsr	通过	通过质控
T24	通过	通过质控
TCA-082A	通过	通过质控
TCA-093A	通过	通过质控
TCA-099A	通过	通过质控
TCA-101A	通过	通过质控
TCA-106A	通过	通过质控
TCA-110A	通过	通过质控
TCA-115A	通过	通过质控
TCA-116A	通过	通过质控
TCA-117A	通过	通过质控
TCA-119A2	通过	通过质控
TCA-121A	通过	通过质控
TCA-125A	通过	通过质控
TCA-132A	通过	通过质控
TCA-136A2	通过	通过质控
TCA-137A	通过	通过质控
TCA-140A	通过	通过质控
TCA-142A2	通过	通过质控
TCA-143A	通过	通过质控
TCA-145A	通过	通过质控
TCA-146A	通过	通过质控
TCA-147A	通过	通过质控
TCA-148A2	通过	通过质控
TCA-149A	通过	通过质控
TCA-151A	通过	通过质控
TCA-154A	通过	通过质控
TCA-155A	通过	通过质控
TCA-156A	通过	通过质控
TCA-157A	通过	通过质控
TCA-158A	通过	通过质控
TCA-160A	通过	通过质控
TCA-161A	通过	通过质控
TCA-163A	通过	通过质控
TCA-165A	通过	通过质控
TCA-170A	通过	通过质控
TCA-172A	通过	通过质控
TCA-173A	通过	通过质控
TCA-175A	通过	通过质控
TCA-176A	通过	通过质控
TCA-177A2	通过	通过质控
TCA-178A2	通过	通过质控
TCA-179A	通过	通过质控
TCA-180A	通过	通过质控
TG0001	通过	通过质控
TG0002	通过	通过质控
TG0005	通过	通过质控
TG0013	通过	通过质控
TG0020	通过	通过质控
TG0021	通过	通过质控
TG0023	通过	通过质控
TG0027	通过	通过质控
TG0033	通过	通过质控
TG0035	通过	通过质控
TG0036	通过	通过质控
TG0037	通过	通过质控
TG0042	通过	通过质控
TG0043	通过	通过质控
TG0055	通过	通过质控
TG0057	通过	通过质控
TG0059	通过	通过质控
TG0060	通过	通过质控
TG0071	通过	通过质控
TG0074	通过	通过质控
TG0075	通过	通过质控
TG0078	通过	通过质控
TG0079	通过	通过质控
TG0084	通过	通过质控
TG0085	通过	通过质控
TG0092	通过	通过质控
TG0093	通过	通过质控
TG0095	通过	通过质控
TG0096	通过	通过质控
TG0097	通过	通过质控
TG0099	通过	通过质控
TG0104	通过	通过质控
TG0111	通过	通过质控
TG0115	通过	通过质控
TG0119	通过	通过质控
TG0120	通过	通过质控
TG0121	通过	通过质控
TG0124	通过	通过质控
TG0125	通过	通过质控
TG0137	通过	通过质控
TG0145	通过	通过质控
TG0146	通过	通过质控
TG0152	通过	通过质控
TG0164	通过	通过质控
TG0165	通过	通过质控
TG0170	通过	通过质控
TG0179	通过	通过质控
TG0188	通过	通过质控
TG0193	通过	通过质控
TG0200	通过	通过质控
TG0203	通过	通过质控
TG0204	通过	通过质控
TG0216	通过	通过质控
TG0219	通过	通过质控
TG0221	通过	通过质控
TG0223	通过	通过质控
TG0225	通过	通过质控
TG0227	通过	通过质控
TG0230	通过	通过质控
TG0247	通过	通过质控
TG0256	通过	通过质控
TG0264	通过	通过质控
TG0266	通过	通过质控
TG0268	通过	通过质控
TG0273	通过	通过质控
TG0277	通过	通过质控
TG0289	通过	通过质控
TG0292	通过	通过质控
TG0294	通过	通过质控
TG0295	通过	通过质控
TG0297	通过	通过质控
TG0304	通过	通过质控
TG0308	通过	通过质控
TG0312	通过	通过质控
TG0331	通过	通过质控
TG0343	通过	通过质控
TG0348	通过	通过质控
TG0357	通过	通过质控
TG0362	通过	通过质控
TG0366	通过	通过质控
TG0373	通过	通过质控
TG0374	通过	通过质控
TG0376	通过	通过质控
TG0390	通过	通过质控
TG0410	通过	通过质控
TG0421	通过	通过质控
TG0422	通过	通过质控
TG0424	通过	通过质控
TG0425	通过	通过质控
TG0428	通过	通过质控
TG0468	通过	通过质控
TG0470	通过	通过质控
TG0482	通过	通过质控
TG0483	通过	通过质控
TG0487	通过	通过质控
TG0494	通过	通过质控
TG0502	通过	通过质控
TG0504	通过	通过质控
TG0509	通过	通过质控
TG0511	通过	通过质控
TG0520	通过	通过质控
TG0528	通过	通过质控
TG0530	通过	通过质控
TG0542	通过	通过质控
TG0544	通过	通过质控
TG0548	通过	通过质控
TG0572	通过	通过质控
TG0574	通过	通过质控
TG0578	通过	通过质控
TG0579	通过	通过质控
TG0587	通过	通过质控
TG0588	通过	通过质控
TG0592	通过	通过质控
TG0597	通过	通过质控
TG0604	通过	通过质控
TG0605	通过	通过质控
TG0616	通过	通过质控
TG0629	通过	通过质控
TG0633	通过	通过质控
TG0635	通过	通过质控
TG0649	通过	通过质控
TG0653	通过	通过质控
TG0654	通过	通过质控
TG0657	通过	通过质控
TG0665	通过	通过质控
TG0667	通过	通过质控
TG0669	通过	通过质控
TG0675	通过	通过质控
TG0679	通过	通过质控
TG0683	通过	通过质控
TG0685	通过	通过质控
TG0687	通过	通过质控
TG0689	通过	通过质控
TG0696	通过	通过质控
TG0697	通过	通过质控
TG0704	通过	通过质控
TG0711	通过	通过质控
TG0713	通过	通过质控
TG0725	通过	通过质控
TG0731	通过	通过质控
TG0732	通过	通过质控
TG0734	通过	通过质控
TG0739	通过	通过质控
TG0747	通过	通过质控
TG0748	通过	通过质控
TG0752	通过	通过质控
TG0761	通过	通过质控
TG0762	通过	通过质控
TG0764	通过	通过质控
TG0775	通过	通过质控
TG0778	通过	通过质控
TG0784	通过	通过质控
TG0794	通过	通过质控
TG0796	通过	通过质控
TG0797	通过	通过质控
TG0800	通过	通过质控
TG0803	通过	通过质控
TG0810	通过	通过质控
TG0845	通过	通过质控
TG0853	通过	通过质控
TG0861	通过	通过质控
TG0863	通过	通过质控
TG0867	通过	通过质控
TG0873	通过	通过质控
TG0877	通过	通过质控
TG0882	通过	通过质控
TG0893	通过	通过质控
TG0899	通过	通过质控
TG0900	通过	通过质控
TG0921	通过	通过质控
TG0923	通过	通过质控
TG0924	通过	通过质控
TG0925	通过	通过质控
TG0931	通过	通过质控
TG0936	通过	通过质控
TG0944	通过	通过质控
TG0949	通过	通过质控
TG0982	通过	通过质控
TG0989	通过	通过质控
TG1007	通过	通过质控
TG1010	通过	通过质控
TG1014	通过	通过质控
TG1022	通过	通过质控
TG1030	通过	通过质控
TG1033	通过	通过质控
TG1037	通过	通过质控
TG1039	通过	通过质控
TG1041	通过	通过质控
TG1042	通过	通过质控
TG1069	通过	通过质控
THOMSON_1	通过	通过质控
THOMSON_3	通过	通过质控
THOMSON_4	通过	通过质控
THOMSON_5	通过	通过质控
VH100C	通过	通过质控
VH101C	通过	通过质控
VH105A	通过	通过质控
VH105B	通过	通过质控
VH105C	通过	通过质控
VH106A	通过	通过质控
VH106B	通过	通过质控
VH106C	通过	通过质控
VH108A	通过	通过质控
VH108B	通过	通过质控
VH108C	通过	通过质控
VH10C	通过	通过质控
VH112C	通过	通过质控
VH113C	通过	通过质控
VH114C	通过	通过质控
VH116C	通过	通过质控
VH117C	通过	通过质控
VH119C	通过	通过质控
VH120C	通过	通过质控
VH121C	通过	通过质控
VH122C	通过	通过质控
VH123C	通过	通过质控
VH124C	通过	通过质控
VH125C	通过	通过质控
VH126C	通过	通过质控
VH128C	通过	通过质控
VH129C	通过	通过质控
VH130C	通过	通过质控
VH131C	通过	通过质控
VH132C	通过	通过质控
VH133C	通过	通过质控
VH134C	通过	通过质控
VH135C	通过	通过质控
VH136C	通过	通过质控
VH137C	通过	通过质控
VH138C	通过	通过质控
VH139C	通过	通过质控
VH13C	通过	通过质控
VH140C	通过	通过质控
VH141C	通过	通过质控
VH142C	通过	通过质控
VH144C	通过	通过质控
VH145C	通过	通过质控
VH147C	通过	通过质控
VH149C	通过	通过质控
VH14C	通过	通过质控
VH15C	通过	通过质控
VH160C	通过	通过质控
VH161C	通过	通过质控
VH162C	通过	通过质控
VH16C	通过	通过质控
VH17C	通过	通过质控
VH18C	通过	通过质控
VH19C	通过	通过质控
VH1C	通过	通过质控
VH20C	通过	通过质控
VH21C	通过	通过质控
VH23C	通过	通过质控
VH24C	通过	通过质控
VH25C	通过	通过质控
VH26C	通过	通过质控
VH28C	通过	通过质控
VH2C	通过	通过质控
VH30C	通过	通过质控
VH31C	通过	通过质控
VH32C	通过	通过质控
VH33C	通过	通过质控
VH34C	通过	通过质控
VH37C	通过	通过质控
VH38C	通过	通过质控
VH39C	通过	通过质控
VH3C	通过	通过质控
VH40C	通过	通过质控
VH41C	通过	通过质控
VH42C	通过	通过质控
VH43C	通过	通过质控
VH44C	通过	通过质控
VH45C	通过	通过质控
VH46C	通过	通过质控
VH47C	通过	通过质控
VH48C	通过	通过质控
VH49C	通过	通过质控
VH51C	通过	通过质控
VH55C	通过	通过质控
VH56C	通过	通过质控
VH57C	通过	通过质控
VH58C	通过	通过质控
VH59C	通过	通过质控
VH60C	通过	通过质控
VH61C	通过	通过质控
VH62C	通过	通过质控
VH63C	通过	通过质控
VH64C	通过	通过质控
VH68C	通过	通过质控
VH6C	通过	通过质控
VH70C	通过	通过质控
VH71C	通过	通过质控
VH72C	通过	通过质控
VH73C	通过	通过质控
VH74C	通过	通过质控
VH75C	通过	通过质控
VH76C	通过	通过质控
VH77C	通过	通过质控
VH78C	通过	通过质控
VH7C	通过	通过质控
VH80C	通过	通过质控
VH81C	通过	通过质控
VH82C	通过	通过质控
VH83C	通过	通过质控
VH86C	通过	通过质控
VH87C	通过	通过质控
VH88C	通过	通过质控
VH91C	通过	通过质控
VH93C	通过	通过质控
VH95C	通过	通过质控
VH96C	通过	通过质控
VH97C	通过	通过质控
VH9C	通过	通过质控
WFYA	通过	通过质控
WJJA	通过	通过质控
WT1	通过	通过质控
WT10	通过	通过质控
WT12	通过	通过质控
WT14	通过	通过质控
WT15	通过	通过质控
WT16	通过	通过质控
WT17	通过	通过质控
WT19	通过	通过质控
WT2	通过	通过质控
WT20	通过	通过质控
WT21	通过	通过质控
WT23	通过	通过质控
WT24	通过	通过质控
WT27	通过	通过质控
WT28	通过	通过质控
WT29	通过	通过质控
WT30	通过	通过质控
WT31	通过	通过质控
WT32	通过	通过质控
WT33	通过	通过质控
WT35	通过	通过质控
WT36	通过	通过质控
WT38	通过	通过质控
WT39	通过	通过质控
WT4	通过	通过质控
WT40	通过	通过质控
WT43	通过	通过质控
WT44	通过	通过质控
WT46	通过	通过质控
WT47	通过	通过质控
WT49	通过	通过质控
WT5	通过	通过质控
WT53	通过	通过质控
WT56	通过	通过质控
WT58	通过	通过质控
WT6	通过	通过质控
WT60	通过	通过质控
WT66	通过	通过质控
WT69	通过	通过质控
WT7	通过	通过质控
WT70	通过	通过质控
WT71	通过	通过质控
WT72	通过	通过质控
WT77	通过	通过质控
WT79	通过	通过质控
WT8	通过	通过质控
WT80	通过	通过质控
WT83	通过	通过质控
WT84	通过	通过质控
WT86	通过	通过质控
WT88	通过	通过质控
WT9	通过	通过质控
WT90	通过	通过质控
WT93	通过	通过质控
caikaiqi	通过	通过质控
caikaiqifu	通过	通过质控
caikaiqimu	通过	通过质控
caitaiyu	通过	通过质控
caitaiyufu	通过	通过质控
caitaiyumu	通过	通过质控
caomainafu	通过	通过质控
caowenxinmu	通过	通过质控
chenboan	通过	通过质控
chenboanfu	通过	通过质控
chenhaoranmu	通过	通过质控
chenjingjingzhizimu	通过	通过质控
chenshiji	通过	通过质控
chenwenhan	通过	通过质控
chenwenhanfu	通过	通过质控
chenyaqi	通过	通过质控
chenyaqifu	通过	通过质控
chenyicheng	通过	通过质控
chenyichengfu	通过	通过质控
chenyichengmu	通过	通过质控
chenyixuan	通过	通过质控
chenyixuanmu	通过	通过质控
chenzhaoyangmu	通过	通过质控
chenzimofu	通过	通过质控
chenzimomu	通过	通过质控
cuigutongfu	通过	通过质控
cuiyaxuan	通过	通过质控
douxuanyifu	通过	通过质控
douxuanyimu	通过	通过质控
dujunxiao	通过	通过质控
dujunxiaofu	通过	通过质控
dujunxiaomu	通过	通过质控
dupengfei	通过	通过质控
dupengfeifu	通过	通过质控
fangyufu	通过	通过质控
g2170	通过	通过质控
g2198	通过	通过质控
g2232	通过	通过质控
g2238	通过	通过质控
g2248	通过	通过质控
g2428	通过	通过质控
g2451	通过	通过质控
g2461	通过	通过质控
g2497	通过	通过质控
g2523	通过	通过质控
gaoqihemu	通过	通过质控
gaoyixiaofu	通过	通过质控
gaoyixiaomu	通过	通过质控
gaozixuan	通过	通过质控
gaozixuanfu	通过	通过质控
gaozixuanmu	通过	通过质控
hanxinruifu	通过	通过质控
hanxinruimu	通过	通过质控
hexuchunfu	通过	通过质控
huangsiqimu	通过	通过质控
huangziyu	通过	通过质控
huangziyufu	通过	通过质控
huangziyumu	通过	通过质控
huhaobo	通过	通过质控
huhaobofu	通过	通过质控
huhaobomu	通过	通过质控
huxinle	通过	通过质控
huxinlefu	通过	通过质控
huxinlemu	通过	通过质控
jiangjianhuifu	通过	通过质控
jiangjianhuimu	通过	通过质控
jiangjunxian	通过	通过质控
jiangjunxianfu	通过	通过质控
jiangjunxianmu	通过	通过质控
jiangyushanmu	通过	通过质控
kongxiangcan	通过	通过质控
liangzihanmu	通过	通过质控
liaoyinying	通过	通过质控
liaoyinyingfu	通过	通过质控
lichengyun	通过	通过质控
lijiaxuan	通过	通过质控
lijiaxuanfu	通过	通过质控
linkexinfu	通过	通过质控
liuhaoyu	通过	通过质控
liuhaoyufu	通过	通过质控
liuhaoyumu	通过	通过质控
liujinda	通过	通过质控
liujingyu	通过	通过质控
liujingyufu	通过	通过质控
liujingyumu	通过	通过质控
liujunximu	通过	通过质控
liumuxi	通过	通过质控
liumuxifu	通过	通过质控
liumuximu	通过	通过质控
liuxinmei	通过	通过质控
liuyuchen	通过	通过质控
liuyuchenfu	通过	通过质控
liuyuchenmu	通过	通过质控
liuyulongfu	通过	通过质控
liuyulongmu	通过	通过质控
liuzihanmu	通过	通过质控
liyuchen	通过	通过质控
luquanyi	通过	通过质控
luquanyifu	通过	通过质控
luquanyimu	通过	通过质控
luwenjunfu	通过	通过质控
luziyu	通过	通过质控
luziyufu	通过	通过质控
majialefu	通过	通过质控
majialemu	通过	通过质控
mamingjun	通过	通过质控
nichang	通过	通过质控
nichangmu	通过	通过质控
niuyixin	通过	通过质控
niuyixinfu	通过	通过质控
peichenchen	通过	通过质控
peichenchenmu	通过	通过质控
pengshiyamu	通过	通过质控
qinrenhao	通过	通过质控
qinrenhaofu	通过	通过质控
qinrenhaomu	通过	通过质控
qiuzhixuanfu	通过	通过质控
sayuwenya	通过	通过质控
sayuwenyafu	通过	通过质控
sujunhao	通过	通过质控
sujunhaomu	通过	通过质控
sunmiaohan	通过	通过质控
sunmiaohanfu	通过	通过质控
sunmiaohanmu	通过	通过质控
sz0000001A	通过	通过质控
sz0000002A	通过	通过质控
sz0000003A	通过	通过质控
sz0000004A	通过	通过质控
sz0000005A	通过	通过质控
sz0000006A	通过	通过质控
sz0000007A	通过	通过质控
sz0000008A	通过	通过质控
sz0000009A	通过	通过质控
sz0000010A	通过	通过质控
sz0000011A	通过	通过质控
sz0000012A	通过	通过质控
sz0000013A	通过	通过质控
sz0000014A	通过	通过质控
sz0000015A	通过	通过质控
sz0000016A	通过	通过质控
sz0000017A	通过	通过质控
sz0000018A	通过	通过质控
sz0000019A	通过	通过质控
sz0000020A	通过	通过质控
sz0000021A	通过	通过质控
sz0000022A	通过	通过质控
sz0000023A	通过	通过质控
sz0000024A	通过	通过质控
sz0000025A	通过	通过质控
sz0000026A	通过	通过质控
sz0000027A	通过	通过质控
sz0000028A	通过	通过质控
sz0000029A	通过	通过质控
sz0000030A	通过	通过质控
sz0000031A	通过	通过质控
sz0000032A	通过	通过质控
sz0000033A	通过	通过质控
sz0000034A	通过	通过质控
sz0000035A	通过	通过质控
sz0000036A	通过	通过质控
sz0000037A	通过	通过质控
sz0000038A	通过	通过质控
sz0000039A	通过	通过质控
sz0000040A	通过	通过质控
sz0000041A	通过	通过质控
sz0000042A	通过	通过质控
sz0000043A	通过	通过质控
sz0000044A	通过	通过质控
sz0000045A	通过	通过质控
sz0000046A	通过	通过质控
sz0000047A	通过	通过质控
sz0000048A	通过	通过质控
sz0000049A	通过	通过质控
sz0000050A	通过	通过质控
sz0000051A	通过	通过质控
sz0000052A	通过	通过质控
sz0000053A	通过	通过质控
sz0000054A	通过	通过质控
sz0000055A	通过	通过质控
sz0000056A	通过	通过质控
sz0000057A	通过	通过质控
sz0000058A	通过	通过质控
sz0000059A	通过	通过质控
sz0000060A	通过	通过质控
sz0000061A	通过	通过质控
sz0000062A	通过	通过质控
sz0000063A	通过	通过质控
sz0000064A	通过	通过质控
sz0000065A	通过	通过质控
sz0000066A	通过	通过质控
sz0000067A	通过	通过质控
sz0000068A	通过	通过质控
sz0000069A	通过	通过质控
sz0000070A	通过	通过质控
sz0000071A	通过	通过质控
sz20200823A	通过	通过质控
sz20200823fA	通过	通过质控
sz20200823mA	通过	通过质控
sz5097762A	通过	通过质控
sz5097762fA	通过	通过质控
sz5097762mA	通过	通过质控
sz5097762sA	通过	通过质控
sz6015714A	通过	通过质控
sz6015714fA	通过	通过质控
sz6015714mA	通过	通过质控
sz6801603A	通过	通过质控
sz7094389A	通过	通过质控
sz7094389fA	通过	通过质控
sz7094389mA	通过	通过质控
sz73366658	通过	通过质控
sz7686926A	通过	通过质控
sz7686926fA	通过	通过质控
sz7933474A	通过	通过质控
sz7933474fA	通过	通过质控
sz7933474mA	通过	通过质控
sz8030829	通过	通过质控
sz8030829f	通过	通过质控
sz8030829m	通过	通过质控
sz8064973A	通过	通过质控
sz8064973bA	通过	通过质控
sz8064973fA	通过	通过质控
sz8064973mA	通过	通过质控
sz8064974A	通过	通过质控
sz8207031	通过	通过质控
sz8207031f	通过	通过质控
sz8207031m	通过	通过质控
sz820713	通过	通过质控
sz820713f	通过	通过质控
sz820713m	通过	通过质控
sz8516328	通过	通过质控
sz8516328b	通过	通过质控
sz8516328f	通过	通过质控
sz8516328m	通过	通过质控
sz8587694A	通过	通过质控
sz8587694fA	通过	通过质控
sz8587694mA	通过	通过质控
sz8587694sA	通过	通过质控
sz8608864A	通过	通过质控
sz8608864fA	通过	通过质控
sz8608864mA	通过	通过质控
sz8626197A	通过	通过质控
sz8626197fA	通过	通过质控
sz8626197mA	通过	通过质控
sz8645782A	通过	通过质控
sz8793859A	通过	通过质控
sz8810710A	通过	通过质控
sz8810710fA	通过	通过质控
sz8810710mA	通过	通过质控
taochenxiaofu	通过	通过质控
wangjinghan	通过	通过质控
wangjinghanfu	通过	通过质控
wangjinghanmu	通过	通过质控
wangliqi	通过	通过质控
wangmeihan	通过	通过质控
wangmeihanmu	通过	通过质控
wangmingyumu	通过	通过质控
wangxinyanmu	通过	通过质控
wangxinyi	通过	通过质控
wangxinyimu	通过	通过质控
wangyixia	通过	通过质控
wangyixiafu	通过	通过质控
wangyiying	通过	通过质控
wangyuchen	通过	通过质控
wangzihan	通过	通过质控
weiziyangfu	通过	通过质控
wuhaohang	通过	通过质控
wujingyu	通过	通过质控
wuruimu	通过	通过质控
wuzixinmu	通过	通过质控
xiaoyaxin	通过	通过质控
xiaoyaxinfu	通过	通过质控
xiaoyaxinmu	通过	通过质控
xiaozhengxiang	通过	通过质控
xuebowenmu	通过	通过质控
xumengchenfu	通过	通过质控
xumengchenmu	通过	通过质控
yangjinzhuomamu	通过	通过质控
yangzhien	通过	通过质控
zhangboxuan	通过	通过质控
zhangboxuanfu	通过	通过质控
zhangboxuanmu	通过	通过质控
zhangcaiqing	通过	通过质控
zhangyuanwanhanfu	通过	通过质控
zhangyuanwanhanmu	通过	通过质控
zhanzhaoyuanfu	通过	通过质控
zhouchenlin	通过	通过质控
zhoujunan	通过	通过质控
zhoujunanfu	通过	通过质控
zhoujunanmu	通过	通过质控
zhouliushurui	通过	通过质控
zhouliushuruimu	通过	通过质控
zhouyongquanfu	通过	通过质控
zhouyongquanmu	通过	通过质控
zhukaile	通过	通过质控
zhukailemu	通过	通过质控
zouyuxuan	通过	通过质控
zouyuxuanfu	通过	通过质控
zouyuxuanmu	通过	通过质控
zouzihan	通过	通过质控
zouzihanfu	通过	通过质控
