ref	alt	pos	sampleID	numtID	contigID	numtLength	numt_start	numt_end	comment	varCount
C	T	8326	HG006_all_regions	HG006_chr1.633434.634463|HISEQ1:60:HB6D7ADXX:2:1216:3298:100374	HG006_chr1.633434.634463|HISEQ1:60:HB6D7ADXX:2:1216:3298:100374	157	8204.0	8360.0	best_hit_to_mtDNA	10
C	-	8330	HG006_all_regions	HG006_chr1.633434.634463|HISEQ1:60:HB6D7ADXX:2:1216:3298:100374	HG006_chr1.633434.634463|HISEQ1:60:HB6D7ADXX:2:1216:3298:100374	157	8204.0	8360.0	best_hit_to_mtDNA	10
C	-	8331	HG006_all_regions	HG006_chr1.633434.634463|HISEQ1:60:HB6D7ADXX:2:1216:3298:100374	HG006_chr1.633434.634463|HISEQ1:60:HB6D7ADXX:2:1216:3298:100374	157	8204.0	8360.0	best_hit_to_mtDNA	10
C	-	8332	HG006_all_regions	HG006_chr1.633434.634463|HISEQ1:60:HB6D7ADXX:2:1216:3298:100374	HG006_chr1.633434.634463|HISEQ1:60:HB6D7ADXX:2:1216:3298:100374	157	8204.0	8360.0	best_hit_to_mtDNA	10
T	-	8333	HG006_all_regions	HG006_chr1.633434.634463|HISEQ1:60:HB6D7ADXX:2:1216:3298:100374	HG006_chr1.633434.634463|HISEQ1:60:HB6D7ADXX:2:1216:3298:100374	157	8204.0	8360.0	best_hit_to_mtDNA	10
C	-	8334	HG006_all_regions	HG006_chr1.633434.634463|HISEQ1:60:HB6D7ADXX:2:1216:3298:100374	HG006_chr1.633434.634463|HISEQ1:60:HB6D7ADXX:2:1216:3298:100374	157	8204.0	8360.0	best_hit_to_mtDNA	10
T	-	8335	HG006_all_regions	HG006_chr1.633434.634463|HISEQ1:60:HB6D7ADXX:2:1216:3298:100374	HG006_chr1.633434.634463|HISEQ1:60:HB6D7ADXX:2:1216:3298:100374	157	8204.0	8360.0	best_hit_to_mtDNA	10
A	-	8336	HG006_all_regions	HG006_chr1.633434.634463|HISEQ1:60:HB6D7ADXX:2:1216:3298:100374	HG006_chr1.633434.634463|HISEQ1:60:HB6D7ADXX:2:1216:3298:100374	157	8204.0	8360.0	best_hit_to_mtDNA	10
C	-	8337	HG006_all_regions	HG006_chr1.633434.634463|HISEQ1:60:HB6D7ADXX:2:1216:3298:100374	HG006_chr1.633434.634463|HISEQ1:60:HB6D7ADXX:2:1216:3298:100374	157	8204.0	8360.0	best_hit_to_mtDNA	10
C	-	8338	HG006_all_regions	HG006_chr1.633434.634463|HISEQ1:60:HB6D7ADXX:2:1216:3298:100374	HG006_chr1.633434.634463|HISEQ1:60:HB6D7ADXX:2:1216:3298:100374	157	8204.0	8360.0	best_hit_to_mtDNA	10
C	T	8326	HG006_all_regions	HG006_chr1.633434.634463|HISEQ1:62:HB657ADXX:2:2203:13733:87900	HG006_chr1.633434.634463|HISEQ1:62:HB657ADXX:2:2203:13733:87900	157	8204.0	8360.0	best_hit_to_mtDNA	10
C	-	8330	HG006_all_regions	HG006_chr1.633434.634463|HISEQ1:62:HB657ADXX:2:2203:13733:87900	HG006_chr1.633434.634463|HISEQ1:62:HB657ADXX:2:2203:13733:87900	157	8204.0	8360.0	best_hit_to_mtDNA	10
C	-	8331	HG006_all_regions	HG006_chr1.633434.634463|HISEQ1:62:HB657ADXX:2:2203:13733:87900	HG006_chr1.633434.634463|HISEQ1:62:HB657ADXX:2:2203:13733:87900	157	8204.0	8360.0	best_hit_to_mtDNA	10
C	-	8332	HG006_all_regions	HG006_chr1.633434.634463|HISEQ1:62:HB657ADXX:2:2203:13733:87900	HG006_chr1.633434.634463|HISEQ1:62:HB657ADXX:2:2203:13733:87900	157	8204.0	8360.0	best_hit_to_mtDNA	10
T	-	8333	HG006_all_regions	HG006_chr1.633434.634463|HISEQ1:62:HB657ADXX:2:2203:13733:87900	HG006_chr1.633434.634463|HISEQ1:62:HB657ADXX:2:2203:13733:87900	157	8204.0	8360.0	best_hit_to_mtDNA	10
C	-	8334	HG006_all_regions	HG006_chr1.633434.634463|HISEQ1:62:HB657ADXX:2:2203:13733:87900	HG006_chr1.633434.634463|HISEQ1:62:HB657ADXX:2:2203:13733:87900	157	8204.0	8360.0	best_hit_to_mtDNA	10
T	-	8335	HG006_all_regions	HG006_chr1.633434.634463|HISEQ1:62:HB657ADXX:2:2203:13733:87900	HG006_chr1.633434.634463|HISEQ1:62:HB657ADXX:2:2203:13733:87900	157	8204.0	8360.0	best_hit_to_mtDNA	10
A	-	8336	HG006_all_regions	HG006_chr1.633434.634463|HISEQ1:62:HB657ADXX:2:2203:13733:87900	HG006_chr1.633434.634463|HISEQ1:62:HB657ADXX:2:2203:13733:87900	157	8204.0	8360.0	best_hit_to_mtDNA	10
C	-	8337	HG006_all_regions	HG006_chr1.633434.634463|HISEQ1:62:HB657ADXX:2:2203:13733:87900	HG006_chr1.633434.634463|HISEQ1:62:HB657ADXX:2:2203:13733:87900	157	8204.0	8360.0	best_hit_to_mtDNA	10
C	-	8338	HG006_all_regions	HG006_chr1.633434.634463|HISEQ1:62:HB657ADXX:2:2203:13733:87900	HG006_chr1.633434.634463|HISEQ1:62:HB657ADXX:2:2203:13733:87900	157	8204.0	8360.0	best_hit_to_mtDNA	10
C	G	8272	HG006_all_regions	HG006_chr1.633434.634463|HISEQ1:65:HB7ACADXX:1:2115:7547:33934	HG006_chr1.633434.634463|HISEQ1:65:HB7ACADXX:1:2115:7547:33934	157	8204.0	8360.0	best_hit_to_mtDNA	10
C	-	8330	HG006_all_regions	HG006_chr1.633434.634463|HISEQ1:65:HB7ACADXX:1:2115:7547:33934	HG006_chr1.633434.634463|HISEQ1:65:HB7ACADXX:1:2115:7547:33934	157	8204.0	8360.0	best_hit_to_mtDNA	10
C	-	8331	HG006_all_regions	HG006_chr1.633434.634463|HISEQ1:65:HB7ACADXX:1:2115:7547:33934	HG006_chr1.633434.634463|HISEQ1:65:HB7ACADXX:1:2115:7547:33934	157	8204.0	8360.0	best_hit_to_mtDNA	10
C	-	8332	HG006_all_regions	HG006_chr1.633434.634463|HISEQ1:65:HB7ACADXX:1:2115:7547:33934	HG006_chr1.633434.634463|HISEQ1:65:HB7ACADXX:1:2115:7547:33934	157	8204.0	8360.0	best_hit_to_mtDNA	10
T	-	8333	HG006_all_regions	HG006_chr1.633434.634463|HISEQ1:65:HB7ACADXX:1:2115:7547:33934	HG006_chr1.633434.634463|HISEQ1:65:HB7ACADXX:1:2115:7547:33934	157	8204.0	8360.0	best_hit_to_mtDNA	10
C	-	8334	HG006_all_regions	HG006_chr1.633434.634463|HISEQ1:65:HB7ACADXX:1:2115:7547:33934	HG006_chr1.633434.634463|HISEQ1:65:HB7ACADXX:1:2115:7547:33934	157	8204.0	8360.0	best_hit_to_mtDNA	10
T	-	8335	HG006_all_regions	HG006_chr1.633434.634463|HISEQ1:65:HB7ACADXX:1:2115:7547:33934	HG006_chr1.633434.634463|HISEQ1:65:HB7ACADXX:1:2115:7547:33934	157	8204.0	8360.0	best_hit_to_mtDNA	10
A	-	8336	HG006_all_regions	HG006_chr1.633434.634463|HISEQ1:65:HB7ACADXX:1:2115:7547:33934	HG006_chr1.633434.634463|HISEQ1:65:HB7ACADXX:1:2115:7547:33934	157	8204.0	8360.0	best_hit_to_mtDNA	10
C	-	8337	HG006_all_regions	HG006_chr1.633434.634463|HISEQ1:65:HB7ACADXX:1:2115:7547:33934	HG006_chr1.633434.634463|HISEQ1:65:HB7ACADXX:1:2115:7547:33934	157	8204.0	8360.0	best_hit_to_mtDNA	10
C	-	8338	HG006_all_regions	HG006_chr1.633434.634463|HISEQ1:65:HB7ACADXX:1:2115:7547:33934	HG006_chr1.633434.634463|HISEQ1:65:HB7ACADXX:1:2115:7547:33934	157	8204.0	8360.0	best_hit_to_mtDNA	10
C	T	8326	HG006_all_regions	HG006_chr1.633434.634463|HISEQ1:60:HB6D7ADXX:1:1102:14374:88800	HG006_chr1.633434.634463|HISEQ1:60:HB6D7ADXX:1:1102:14374:88800	157	8205.0	8361.0	best_hit_to_mtDNA	10
C	-	8330	HG006_all_regions	HG006_chr1.633434.634463|HISEQ1:60:HB6D7ADXX:1:1102:14374:88800	HG006_chr1.633434.634463|HISEQ1:60:HB6D7ADXX:1:1102:14374:88800	157	8205.0	8361.0	best_hit_to_mtDNA	10
C	-	8331	HG006_all_regions	HG006_chr1.633434.634463|HISEQ1:60:HB6D7ADXX:1:1102:14374:88800	HG006_chr1.633434.634463|HISEQ1:60:HB6D7ADXX:1:1102:14374:88800	157	8205.0	8361.0	best_hit_to_mtDNA	10
C	-	8332	HG006_all_regions	HG006_chr1.633434.634463|HISEQ1:60:HB6D7ADXX:1:1102:14374:88800	HG006_chr1.633434.634463|HISEQ1:60:HB6D7ADXX:1:1102:14374:88800	157	8205.0	8361.0	best_hit_to_mtDNA	10
T	-	8333	HG006_all_regions	HG006_chr1.633434.634463|HISEQ1:60:HB6D7ADXX:1:1102:14374:88800	HG006_chr1.633434.634463|HISEQ1:60:HB6D7ADXX:1:1102:14374:88800	157	8205.0	8361.0	best_hit_to_mtDNA	10
C	-	8334	HG006_all_regions	HG006_chr1.633434.634463|HISEQ1:60:HB6D7ADXX:1:1102:14374:88800	HG006_chr1.633434.634463|HISEQ1:60:HB6D7ADXX:1:1102:14374:88800	157	8205.0	8361.0	best_hit_to_mtDNA	10
T	-	8335	HG006_all_regions	HG006_chr1.633434.634463|HISEQ1:60:HB6D7ADXX:1:1102:14374:88800	HG006_chr1.633434.634463|HISEQ1:60:HB6D7ADXX:1:1102:14374:88800	157	8205.0	8361.0	best_hit_to_mtDNA	10
A	-	8336	HG006_all_regions	HG006_chr1.633434.634463|HISEQ1:60:HB6D7ADXX:1:1102:14374:88800	HG006_chr1.633434.634463|HISEQ1:60:HB6D7ADXX:1:1102:14374:88800	157	8205.0	8361.0	best_hit_to_mtDNA	10
C	-	8337	HG006_all_regions	HG006_chr1.633434.634463|HISEQ1:60:HB6D7ADXX:1:1102:14374:88800	HG006_chr1.633434.634463|HISEQ1:60:HB6D7ADXX:1:1102:14374:88800	157	8205.0	8361.0	best_hit_to_mtDNA	10
C	-	8338	HG006_all_regions	HG006_chr1.633434.634463|HISEQ1:60:HB6D7ADXX:1:1102:14374:88800	HG006_chr1.633434.634463|HISEQ1:60:HB6D7ADXX:1:1102:14374:88800	157	8205.0	8361.0	best_hit_to_mtDNA	10
C	T	8326	HG006_all_regions	HG006_chr1.633434.634463|HISEQ1:58:HB675ADXX:1:1110:19511:96743	HG006_chr1.633434.634463|HISEQ1:58:HB675ADXX:1:1110:19511:96743	157	8207.0	8363.0	best_hit_to_mtDNA	10
C	-	8330	HG006_all_regions	HG006_chr1.633434.634463|HISEQ1:58:HB675ADXX:1:1110:19511:96743	HG006_chr1.633434.634463|HISEQ1:58:HB675ADXX:1:1110:19511:96743	157	8207.0	8363.0	best_hit_to_mtDNA	10
C	-	8331	HG006_all_regions	HG006_chr1.633434.634463|HISEQ1:58:HB675ADXX:1:1110:19511:96743	HG006_chr1.633434.634463|HISEQ1:58:HB675ADXX:1:1110:19511:96743	157	8207.0	8363.0	best_hit_to_mtDNA	10
C	-	8332	HG006_all_regions	HG006_chr1.633434.634463|HISEQ1:58:HB675ADXX:1:1110:19511:96743	HG006_chr1.633434.634463|HISEQ1:58:HB675ADXX:1:1110:19511:96743	157	8207.0	8363.0	best_hit_to_mtDNA	10
T	-	8333	HG006_all_regions	HG006_chr1.633434.634463|HISEQ1:58:HB675ADXX:1:1110:19511:96743	HG006_chr1.633434.634463|HISEQ1:58:HB675ADXX:1:1110:19511:96743	157	8207.0	8363.0	best_hit_to_mtDNA	10
C	-	8334	HG006_all_regions	HG006_chr1.633434.634463|HISEQ1:58:HB675ADXX:1:1110:19511:96743	HG006_chr1.633434.634463|HISEQ1:58:HB675ADXX:1:1110:19511:96743	157	8207.0	8363.0	best_hit_to_mtDNA	10
T	-	8335	HG006_all_regions	HG006_chr1.633434.634463|HISEQ1:58:HB675ADXX:1:1110:19511:96743	HG006_chr1.633434.634463|HISEQ1:58:HB675ADXX:1:1110:19511:96743	157	8207.0	8363.0	best_hit_to_mtDNA	10
A	-	8336	HG006_all_regions	HG006_chr1.633434.634463|HISEQ1:58:HB675ADXX:1:1110:19511:96743	HG006_chr1.633434.634463|HISEQ1:58:HB675ADXX:1:1110:19511:96743	157	8207.0	8363.0	best_hit_to_mtDNA	10
C	-	8337	HG006_all_regions	HG006_chr1.633434.634463|HISEQ1:58:HB675ADXX:1:1110:19511:96743	HG006_chr1.633434.634463|HISEQ1:58:HB675ADXX:1:1110:19511:96743	157	8207.0	8363.0	best_hit_to_mtDNA	10
C	-	8338	HG006_all_regions	HG006_chr1.633434.634463|HISEQ1:58:HB675ADXX:1:1110:19511:96743	HG006_chr1.633434.634463|HISEQ1:58:HB675ADXX:1:1110:19511:96743	157	8207.0	8363.0	best_hit_to_mtDNA	10
C	T	8326	HG006_all_regions	HG006_chr1.633434.634463|HISEQ1:62:HB657ADXX:2:2109:18622:68328	HG006_chr1.633434.634463|HISEQ1:62:HB657ADXX:2:2109:18622:68328	157	8208.0	8364.0	best_hit_to_mtDNA	10
C	-	8330	HG006_all_regions	HG006_chr1.633434.634463|HISEQ1:62:HB657ADXX:2:2109:18622:68328	HG006_chr1.633434.634463|HISEQ1:62:HB657ADXX:2:2109:18622:68328	157	8208.0	8364.0	best_hit_to_mtDNA	10
C	-	8331	HG006_all_regions	HG006_chr1.633434.634463|HISEQ1:62:HB657ADXX:2:2109:18622:68328	HG006_chr1.633434.634463|HISEQ1:62:HB657ADXX:2:2109:18622:68328	157	8208.0	8364.0	best_hit_to_mtDNA	10
C	-	8332	HG006_all_regions	HG006_chr1.633434.634463|HISEQ1:62:HB657ADXX:2:2109:18622:68328	HG006_chr1.633434.634463|HISEQ1:62:HB657ADXX:2:2109:18622:68328	157	8208.0	8364.0	best_hit_to_mtDNA	10
T	-	8333	HG006_all_regions	HG006_chr1.633434.634463|HISEQ1:62:HB657ADXX:2:2109:18622:68328	HG006_chr1.633434.634463|HISEQ1:62:HB657ADXX:2:2109:18622:68328	157	8208.0	8364.0	best_hit_to_mtDNA	10
C	-	8334	HG006_all_regions	HG006_chr1.633434.634463|HISEQ1:62:HB657ADXX:2:2109:18622:68328	HG006_chr1.633434.634463|HISEQ1:62:HB657ADXX:2:2109:18622:68328	157	8208.0	8364.0	best_hit_to_mtDNA	10
T	-	8335	HG006_all_regions	HG006_chr1.633434.634463|HISEQ1:62:HB657ADXX:2:2109:18622:68328	HG006_chr1.633434.634463|HISEQ1:62:HB657ADXX:2:2109:18622:68328	157	8208.0	8364.0	best_hit_to_mtDNA	10
A	-	8336	HG006_all_regions	HG006_chr1.633434.634463|HISEQ1:62:HB657ADXX:2:2109:18622:68328	HG006_chr1.633434.634463|HISEQ1:62:HB657ADXX:2:2109:18622:68328	157	8208.0	8364.0	best_hit_to_mtDNA	10
C	-	8337	HG006_all_regions	HG006_chr1.633434.634463|HISEQ1:62:HB657ADXX:2:2109:18622:68328	HG006_chr1.633434.634463|HISEQ1:62:HB657ADXX:2:2109:18622:68328	157	8208.0	8364.0	best_hit_to_mtDNA	10
C	-	8338	HG006_all_regions	HG006_chr1.633434.634463|HISEQ1:62:HB657ADXX:2:2109:18622:68328	HG006_chr1.633434.634463|HISEQ1:62:HB657ADXX:2:2109:18622:68328	157	8208.0	8364.0	best_hit_to_mtDNA	10
C	T	8326	HG006_all_regions	HG006_chr1.633434.634463|HISEQ1:58:HB675ADXX:2:1212:14901:95699	HG006_chr1.633434.634463|HISEQ1:58:HB675ADXX:2:1212:14901:95699	157	8208.0	8364.0	best_hit_to_mtDNA	10
C	-	8330	HG006_all_regions	HG006_chr1.633434.634463|HISEQ1:58:HB675ADXX:2:1212:14901:95699	HG006_chr1.633434.634463|HISEQ1:58:HB675ADXX:2:1212:14901:95699	157	8208.0	8364.0	best_hit_to_mtDNA	10
C	-	8331	HG006_all_regions	HG006_chr1.633434.634463|HISEQ1:58:HB675ADXX:2:1212:14901:95699	HG006_chr1.633434.634463|HISEQ1:58:HB675ADXX:2:1212:14901:95699	157	8208.0	8364.0	best_hit_to_mtDNA	10
C	-	8332	HG006_all_regions	HG006_chr1.633434.634463|HISEQ1:58:HB675ADXX:2:1212:14901:95699	HG006_chr1.633434.634463|HISEQ1:58:HB675ADXX:2:1212:14901:95699	157	8208.0	8364.0	best_hit_to_mtDNA	10
T	-	8333	HG006_all_regions	HG006_chr1.633434.634463|HISEQ1:58:HB675ADXX:2:1212:14901:95699	HG006_chr1.633434.634463|HISEQ1:58:HB675ADXX:2:1212:14901:95699	157	8208.0	8364.0	best_hit_to_mtDNA	10
C	-	8334	HG006_all_regions	HG006_chr1.633434.634463|HISEQ1:58:HB675ADXX:2:1212:14901:95699	HG006_chr1.633434.634463|HISEQ1:58:HB675ADXX:2:1212:14901:95699	157	8208.0	8364.0	best_hit_to_mtDNA	10
T	-	8335	HG006_all_regions	HG006_chr1.633434.634463|HISEQ1:58:HB675ADXX:2:1212:14901:95699	HG006_chr1.633434.634463|HISEQ1:58:HB675ADXX:2:1212:14901:95699	157	8208.0	8364.0	best_hit_to_mtDNA	10
A	-	8336	HG006_all_regions	HG006_chr1.633434.634463|HISEQ1:58:HB675ADXX:2:1212:14901:95699	HG006_chr1.633434.634463|HISEQ1:58:HB675ADXX:2:1212:14901:95699	157	8208.0	8364.0	best_hit_to_mtDNA	10
C	-	8337	HG006_all_regions	HG006_chr1.633434.634463|HISEQ1:58:HB675ADXX:2:1212:14901:95699	HG006_chr1.633434.634463|HISEQ1:58:HB675ADXX:2:1212:14901:95699	157	8208.0	8364.0	best_hit_to_mtDNA	10
C	-	8338	HG006_all_regions	HG006_chr1.633434.634463|HISEQ1:58:HB675ADXX:2:1212:14901:95699	HG006_chr1.633434.634463|HISEQ1:58:HB675ADXX:2:1212:14901:95699	157	8208.0	8364.0	best_hit_to_mtDNA	10
C	T	8326	HG006_all_regions	HG006_chr1.633434.634463|HISEQ1:62:HB657ADXX:2:1112:4739:81332	HG006_chr1.633434.634463|HISEQ1:62:HB657ADXX:2:1112:4739:81332	157	8209.0	8365.0	best_hit_to_mtDNA	10
C	-	8330	HG006_all_regions	HG006_chr1.633434.634463|HISEQ1:62:HB657ADXX:2:1112:4739:81332	HG006_chr1.633434.634463|HISEQ1:62:HB657ADXX:2:1112:4739:81332	157	8209.0	8365.0	best_hit_to_mtDNA	10
C	-	8331	HG006_all_regions	HG006_chr1.633434.634463|HISEQ1:62:HB657ADXX:2:1112:4739:81332	HG006_chr1.633434.634463|HISEQ1:62:HB657ADXX:2:1112:4739:81332	157	8209.0	8365.0	best_hit_to_mtDNA	10
C	-	8332	HG006_all_regions	HG006_chr1.633434.634463|HISEQ1:62:HB657ADXX:2:1112:4739:81332	HG006_chr1.633434.634463|HISEQ1:62:HB657ADXX:2:1112:4739:81332	157	8209.0	8365.0	best_hit_to_mtDNA	10
T	-	8333	HG006_all_regions	HG006_chr1.633434.634463|HISEQ1:62:HB657ADXX:2:1112:4739:81332	HG006_chr1.633434.634463|HISEQ1:62:HB657ADXX:2:1112:4739:81332	157	8209.0	8365.0	best_hit_to_mtDNA	10
C	-	8334	HG006_all_regions	HG006_chr1.633434.634463|HISEQ1:62:HB657ADXX:2:1112:4739:81332	HG006_chr1.633434.634463|HISEQ1:62:HB657ADXX:2:1112:4739:81332	157	8209.0	8365.0	best_hit_to_mtDNA	10
T	-	8335	HG006_all_regions	HG006_chr1.633434.634463|HISEQ1:62:HB657ADXX:2:1112:4739:81332	HG006_chr1.633434.634463|HISEQ1:62:HB657ADXX:2:1112:4739:81332	157	8209.0	8365.0	best_hit_to_mtDNA	10
A	-	8336	HG006_all_regions	HG006_chr1.633434.634463|HISEQ1:62:HB657ADXX:2:1112:4739:81332	HG006_chr1.633434.634463|HISEQ1:62:HB657ADXX:2:1112:4739:81332	157	8209.0	8365.0	best_hit_to_mtDNA	10
C	-	8337	HG006_all_regions	HG006_chr1.633434.634463|HISEQ1:62:HB657ADXX:2:1112:4739:81332	HG006_chr1.633434.634463|HISEQ1:62:HB657ADXX:2:1112:4739:81332	157	8209.0	8365.0	best_hit_to_mtDNA	10
C	-	8338	HG006_all_regions	HG006_chr1.633434.634463|HISEQ1:62:HB657ADXX:2:1112:4739:81332	HG006_chr1.633434.634463|HISEQ1:62:HB657ADXX:2:1112:4739:81332	157	8209.0	8365.0	best_hit_to_mtDNA	10
C	T	8326	HG006_all_regions	HG006_chr1.633434.634463|HISEQ1:62:HB657ADXX:1:2101:11046:90466	HG006_chr1.633434.634463|HISEQ1:62:HB657ADXX:1:2101:11046:90466	157	8210.0	8366.0	best_hit_to_mtDNA	10
C	-	8330	HG006_all_regions	HG006_chr1.633434.634463|HISEQ1:62:HB657ADXX:1:2101:11046:90466	HG006_chr1.633434.634463|HISEQ1:62:HB657ADXX:1:2101:11046:90466	157	8210.0	8366.0	best_hit_to_mtDNA	10
C	-	8331	HG006_all_regions	HG006_chr1.633434.634463|HISEQ1:62:HB657ADXX:1:2101:11046:90466	HG006_chr1.633434.634463|HISEQ1:62:HB657ADXX:1:2101:11046:90466	157	8210.0	8366.0	best_hit_to_mtDNA	10
C	-	8332	HG006_all_regions	HG006_chr1.633434.634463|HISEQ1:62:HB657ADXX:1:2101:11046:90466	HG006_chr1.633434.634463|HISEQ1:62:HB657ADXX:1:2101:11046:90466	157	8210.0	8366.0	best_hit_to_mtDNA	10
T	-	8333	HG006_all_regions	HG006_chr1.633434.634463|HISEQ1:62:HB657ADXX:1:2101:11046:90466	HG006_chr1.633434.634463|HISEQ1:62:HB657ADXX:1:2101:11046:90466	157	8210.0	8366.0	best_hit_to_mtDNA	10
C	-	8334	HG006_all_regions	HG006_chr1.633434.634463|HISEQ1:62:HB657ADXX:1:2101:11046:90466	HG006_chr1.633434.634463|HISEQ1:62:HB657ADXX:1:2101:11046:90466	157	8210.0	8366.0	best_hit_to_mtDNA	10
T	-	8335	HG006_all_regions	HG006_chr1.633434.634463|HISEQ1:62:HB657ADXX:1:2101:11046:90466	HG006_chr1.633434.634463|HISEQ1:62:HB657ADXX:1:2101:11046:90466	157	8210.0	8366.0	best_hit_to_mtDNA	10
A	-	8336	HG006_all_regions	HG006_chr1.633434.634463|HISEQ1:62:HB657ADXX:1:2101:11046:90466	HG006_chr1.633434.634463|HISEQ1:62:HB657ADXX:1:2101:11046:90466	157	8210.0	8366.0	best_hit_to_mtDNA	10
C	-	8337	HG006_all_regions	HG006_chr1.633434.634463|HISEQ1:62:HB657ADXX:1:2101:11046:90466	HG006_chr1.633434.634463|HISEQ1:62:HB657ADXX:1:2101:11046:90466	157	8210.0	8366.0	best_hit_to_mtDNA	10
C	-	8338	HG006_all_regions	HG006_chr1.633434.634463|HISEQ1:62:HB657ADXX:1:2101:11046:90466	HG006_chr1.633434.634463|HISEQ1:62:HB657ADXX:1:2101:11046:90466	157	8210.0	8366.0	best_hit_to_mtDNA	10
C	T	8326	HG006_all_regions	HG006_chr1.633434.634463|HISEQ1:65:HB7ACADXX:1:1209:15932:14782	HG006_chr1.633434.634463|HISEQ1:65:HB7ACADXX:1:1209:15932:14782	157	8210.0	8366.0	best_hit_to_mtDNA	11
C	-	8330	HG006_all_regions	HG006_chr1.633434.634463|HISEQ1:65:HB7ACADXX:1:1209:15932:14782	HG006_chr1.633434.634463|HISEQ1:65:HB7ACADXX:1:1209:15932:14782	157	8210.0	8366.0	best_hit_to_mtDNA	11
C	-	8331	HG006_all_regions	HG006_chr1.633434.634463|HISEQ1:65:HB7ACADXX:1:1209:15932:14782	HG006_chr1.633434.634463|HISEQ1:65:HB7ACADXX:1:1209:15932:14782	157	8210.0	8366.0	best_hit_to_mtDNA	11
C	-	8332	HG006_all_regions	HG006_chr1.633434.634463|HISEQ1:65:HB7ACADXX:1:1209:15932:14782	HG006_chr1.633434.634463|HISEQ1:65:HB7ACADXX:1:1209:15932:14782	157	8210.0	8366.0	best_hit_to_mtDNA	11
T	-	8333	HG006_all_regions	HG006_chr1.633434.634463|HISEQ1:65:HB7ACADXX:1:1209:15932:14782	HG006_chr1.633434.634463|HISEQ1:65:HB7ACADXX:1:1209:15932:14782	157	8210.0	8366.0	best_hit_to_mtDNA	11
C	-	8334	HG006_all_regions	HG006_chr1.633434.634463|HISEQ1:65:HB7ACADXX:1:1209:15932:14782	HG006_chr1.633434.634463|HISEQ1:65:HB7ACADXX:1:1209:15932:14782	157	8210.0	8366.0	best_hit_to_mtDNA	11
T	-	8335	HG006_all_regions	HG006_chr1.633434.634463|HISEQ1:65:HB7ACADXX:1:1209:15932:14782	HG006_chr1.633434.634463|HISEQ1:65:HB7ACADXX:1:1209:15932:14782	157	8210.0	8366.0	best_hit_to_mtDNA	11
A	-	8336	HG006_all_regions	HG006_chr1.633434.634463|HISEQ1:65:HB7ACADXX:1:1209:15932:14782	HG006_chr1.633434.634463|HISEQ1:65:HB7ACADXX:1:1209:15932:14782	157	8210.0	8366.0	best_hit_to_mtDNA	11
C	-	8337	HG006_all_regions	HG006_chr1.633434.634463|HISEQ1:65:HB7ACADXX:1:1209:15932:14782	HG006_chr1.633434.634463|HISEQ1:65:HB7ACADXX:1:1209:15932:14782	157	8210.0	8366.0	best_hit_to_mtDNA	11
C	-	8338	HG006_all_regions	HG006_chr1.633434.634463|HISEQ1:65:HB7ACADXX:1:1209:15932:14782	HG006_chr1.633434.634463|HISEQ1:65:HB7ACADXX:1:1209:15932:14782	157	8210.0	8366.0	best_hit_to_mtDNA	11
C	T	8326	HG006_all_regions	HG006_chr1.633434.634463|HISEQ1:62:HB657ADXX:2:1206:3030:66263	HG006_chr1.633434.634463|HISEQ1:62:HB657ADXX:2:1206:3030:66263	157	8211.0	8367.0	best_hit_to_mtDNA	10
C	-	8330	HG006_all_regions	HG006_chr1.633434.634463|HISEQ1:62:HB657ADXX:2:1206:3030:66263	HG006_chr1.633434.634463|HISEQ1:62:HB657ADXX:2:1206:3030:66263	157	8211.0	8367.0	best_hit_to_mtDNA	10
C	-	8331	HG006_all_regions	HG006_chr1.633434.634463|HISEQ1:62:HB657ADXX:2:1206:3030:66263	HG006_chr1.633434.634463|HISEQ1:62:HB657ADXX:2:1206:3030:66263	157	8211.0	8367.0	best_hit_to_mtDNA	10
C	-	8332	HG006_all_regions	HG006_chr1.633434.634463|HISEQ1:62:HB657ADXX:2:1206:3030:66263	HG006_chr1.633434.634463|HISEQ1:62:HB657ADXX:2:1206:3030:66263	157	8211.0	8367.0	best_hit_to_mtDNA	10
T	-	8333	HG006_all_regions	HG006_chr1.633434.634463|HISEQ1:62:HB657ADXX:2:1206:3030:66263	HG006_chr1.633434.634463|HISEQ1:62:HB657ADXX:2:1206:3030:66263	157	8211.0	8367.0	best_hit_to_mtDNA	10
C	-	8334	HG006_all_regions	HG006_chr1.633434.634463|HISEQ1:62:HB657ADXX:2:1206:3030:66263	HG006_chr1.633434.634463|HISEQ1:62:HB657ADXX:2:1206:3030:66263	157	8211.0	8367.0	best_hit_to_mtDNA	10
T	-	8335	HG006_all_regions	HG006_chr1.633434.634463|HISEQ1:62:HB657ADXX:2:1206:3030:66263	HG006_chr1.633434.634463|HISEQ1:62:HB657ADXX:2:1206:3030:66263	157	8211.0	8367.0	best_hit_to_mtDNA	10
A	-	8336	HG006_all_regions	HG006_chr1.633434.634463|HISEQ1:62:HB657ADXX:2:1206:3030:66263	HG006_chr1.633434.634463|HISEQ1:62:HB657ADXX:2:1206:3030:66263	157	8211.0	8367.0	best_hit_to_mtDNA	10
C	-	8337	HG006_all_regions	HG006_chr1.633434.634463|HISEQ1:62:HB657ADXX:2:1206:3030:66263	HG006_chr1.633434.634463|HISEQ1:62:HB657ADXX:2:1206:3030:66263	157	8211.0	8367.0	best_hit_to_mtDNA	10
C	-	8338	HG006_all_regions	HG006_chr1.633434.634463|HISEQ1:62:HB657ADXX:2:1206:3030:66263	HG006_chr1.633434.634463|HISEQ1:62:HB657ADXX:2:1206:3030:66263	157	8211.0	8367.0	best_hit_to_mtDNA	10
C	T	8326	HG006_all_regions	HG006_chr1.633434.634463|HISEQ1:62:HB657ADXX:1:2211:9029:50175	HG006_chr1.633434.634463|HISEQ1:62:HB657ADXX:1:2211:9029:50175	157	8215.0	8371.0	best_hit_to_mtDNA	10
C	-	8330	HG006_all_regions	HG006_chr1.633434.634463|HISEQ1:62:HB657ADXX:1:2211:9029:50175	HG006_chr1.633434.634463|HISEQ1:62:HB657ADXX:1:2211:9029:50175	157	8215.0	8371.0	best_hit_to_mtDNA	10
C	-	8331	HG006_all_regions	HG006_chr1.633434.634463|HISEQ1:62:HB657ADXX:1:2211:9029:50175	HG006_chr1.633434.634463|HISEQ1:62:HB657ADXX:1:2211:9029:50175	157	8215.0	8371.0	best_hit_to_mtDNA	10
C	-	8332	HG006_all_regions	HG006_chr1.633434.634463|HISEQ1:62:HB657ADXX:1:2211:9029:50175	HG006_chr1.633434.634463|HISEQ1:62:HB657ADXX:1:2211:9029:50175	157	8215.0	8371.0	best_hit_to_mtDNA	10
T	-	8333	HG006_all_regions	HG006_chr1.633434.634463|HISEQ1:62:HB657ADXX:1:2211:9029:50175	HG006_chr1.633434.634463|HISEQ1:62:HB657ADXX:1:2211:9029:50175	157	8215.0	8371.0	best_hit_to_mtDNA	10
C	-	8334	HG006_all_regions	HG006_chr1.633434.634463|HISEQ1:62:HB657ADXX:1:2211:9029:50175	HG006_chr1.633434.634463|HISEQ1:62:HB657ADXX:1:2211:9029:50175	157	8215.0	8371.0	best_hit_to_mtDNA	10
T	-	8335	HG006_all_regions	HG006_chr1.633434.634463|HISEQ1:62:HB657ADXX:1:2211:9029:50175	HG006_chr1.633434.634463|HISEQ1:62:HB657ADXX:1:2211:9029:50175	157	8215.0	8371.0	best_hit_to_mtDNA	10
A	-	8336	HG006_all_regions	HG006_chr1.633434.634463|HISEQ1:62:HB657ADXX:1:2211:9029:50175	HG006_chr1.633434.634463|HISEQ1:62:HB657ADXX:1:2211:9029:50175	157	8215.0	8371.0	best_hit_to_mtDNA	10
C	-	8337	HG006_all_regions	HG006_chr1.633434.634463|HISEQ1:62:HB657ADXX:1:2211:9029:50175	HG006_chr1.633434.634463|HISEQ1:62:HB657ADXX:1:2211:9029:50175	157	8215.0	8371.0	best_hit_to_mtDNA	10
C	-	8338	HG006_all_regions	HG006_chr1.633434.634463|HISEQ1:62:HB657ADXX:1:2211:9029:50175	HG006_chr1.633434.634463|HISEQ1:62:HB657ADXX:1:2211:9029:50175	157	8215.0	8371.0	best_hit_to_mtDNA	10
C	T	8326	HG006_all_regions	HG006_chr1.633434.634463|HISEQ1:65:HB7ACADXX:1:1214:2479:86416	HG006_chr1.633434.634463|HISEQ1:65:HB7ACADXX:1:1214:2479:86416	157	8215.0	8371.0	best_hit_to_mtDNA	10
C	-	8330	HG006_all_regions	HG006_chr1.633434.634463|HISEQ1:65:HB7ACADXX:1:1214:2479:86416	HG006_chr1.633434.634463|HISEQ1:65:HB7ACADXX:1:1214:2479:86416	157	8215.0	8371.0	best_hit_to_mtDNA	10
C	-	8331	HG006_all_regions	HG006_chr1.633434.634463|HISEQ1:65:HB7ACADXX:1:1214:2479:86416	HG006_chr1.633434.634463|HISEQ1:65:HB7ACADXX:1:1214:2479:86416	157	8215.0	8371.0	best_hit_to_mtDNA	10
C	-	8332	HG006_all_regions	HG006_chr1.633434.634463|HISEQ1:65:HB7ACADXX:1:1214:2479:86416	HG006_chr1.633434.634463|HISEQ1:65:HB7ACADXX:1:1214:2479:86416	157	8215.0	8371.0	best_hit_to_mtDNA	10
T	-	8333	HG006_all_regions	HG006_chr1.633434.634463|HISEQ1:65:HB7ACADXX:1:1214:2479:86416	HG006_chr1.633434.634463|HISEQ1:65:HB7ACADXX:1:1214:2479:86416	157	8215.0	8371.0	best_hit_to_mtDNA	10
C	-	8334	HG006_all_regions	HG006_chr1.633434.634463|HISEQ1:65:HB7ACADXX:1:1214:2479:86416	HG006_chr1.633434.634463|HISEQ1:65:HB7ACADXX:1:1214:2479:86416	157	8215.0	8371.0	best_hit_to_mtDNA	10
T	-	8335	HG006_all_regions	HG006_chr1.633434.634463|HISEQ1:65:HB7ACADXX:1:1214:2479:86416	HG006_chr1.633434.634463|HISEQ1:65:HB7ACADXX:1:1214:2479:86416	157	8215.0	8371.0	best_hit_to_mtDNA	10
A	-	8336	HG006_all_regions	HG006_chr1.633434.634463|HISEQ1:65:HB7ACADXX:1:1214:2479:86416	HG006_chr1.633434.634463|HISEQ1:65:HB7ACADXX:1:1214:2479:86416	157	8215.0	8371.0	best_hit_to_mtDNA	10
C	-	8337	HG006_all_regions	HG006_chr1.633434.634463|HISEQ1:65:HB7ACADXX:1:1214:2479:86416	HG006_chr1.633434.634463|HISEQ1:65:HB7ACADXX:1:1214:2479:86416	157	8215.0	8371.0	best_hit_to_mtDNA	10
C	-	8338	HG006_all_regions	HG006_chr1.633434.634463|HISEQ1:65:HB7ACADXX:1:1214:2479:86416	HG006_chr1.633434.634463|HISEQ1:65:HB7ACADXX:1:1214:2479:86416	157	8215.0	8371.0	best_hit_to_mtDNA	10
C	T	8326	HG006_all_regions	HG006_chr1.633434.634463|HISEQ1:60:HB6D7ADXX:1:1108:2361:49384	HG006_chr1.633434.634463|HISEQ1:60:HB6D7ADXX:1:1108:2361:49384	157	8216.0	8360.0	best_hit_to_mtDNA	18
C	-	8330	HG006_all_regions	HG006_chr1.633434.634463|HISEQ1:60:HB6D7ADXX:1:1108:2361:49384	HG006_chr1.633434.634463|HISEQ1:60:HB6D7ADXX:1:1108:2361:49384	157	8216.0	8360.0	best_hit_to_mtDNA	18
C	-	8331	HG006_all_regions	HG006_chr1.633434.634463|HISEQ1:60:HB6D7ADXX:1:1108:2361:49384	HG006_chr1.633434.634463|HISEQ1:60:HB6D7ADXX:1:1108:2361:49384	157	8216.0	8360.0	best_hit_to_mtDNA	18
C	-	8332	HG006_all_regions	HG006_chr1.633434.634463|HISEQ1:60:HB6D7ADXX:1:1108:2361:49384	HG006_chr1.633434.634463|HISEQ1:60:HB6D7ADXX:1:1108:2361:49384	157	8216.0	8360.0	best_hit_to_mtDNA	18
T	-	8333	HG006_all_regions	HG006_chr1.633434.634463|HISEQ1:60:HB6D7ADXX:1:1108:2361:49384	HG006_chr1.633434.634463|HISEQ1:60:HB6D7ADXX:1:1108:2361:49384	157	8216.0	8360.0	best_hit_to_mtDNA	18
C	-	8334	HG006_all_regions	HG006_chr1.633434.634463|HISEQ1:60:HB6D7ADXX:1:1108:2361:49384	HG006_chr1.633434.634463|HISEQ1:60:HB6D7ADXX:1:1108:2361:49384	157	8216.0	8360.0	best_hit_to_mtDNA	18
T	-	8335	HG006_all_regions	HG006_chr1.633434.634463|HISEQ1:60:HB6D7ADXX:1:1108:2361:49384	HG006_chr1.633434.634463|HISEQ1:60:HB6D7ADXX:1:1108:2361:49384	157	8216.0	8360.0	best_hit_to_mtDNA	18
A	-	8336	HG006_all_regions	HG006_chr1.633434.634463|HISEQ1:60:HB6D7ADXX:1:1108:2361:49384	HG006_chr1.633434.634463|HISEQ1:60:HB6D7ADXX:1:1108:2361:49384	157	8216.0	8360.0	best_hit_to_mtDNA	18
C	-	8337	HG006_all_regions	HG006_chr1.633434.634463|HISEQ1:60:HB6D7ADXX:1:1108:2361:49384	HG006_chr1.633434.634463|HISEQ1:60:HB6D7ADXX:1:1108:2361:49384	157	8216.0	8360.0	best_hit_to_mtDNA	18
C	-	8338	HG006_all_regions	HG006_chr1.633434.634463|HISEQ1:60:HB6D7ADXX:1:1108:2361:49384	HG006_chr1.633434.634463|HISEQ1:60:HB6D7ADXX:1:1108:2361:49384	157	8216.0	8360.0	best_hit_to_mtDNA	18
G	C	8348	HG006_all_regions	HG006_chr1.633434.634463|HISEQ1:60:HB6D7ADXX:1:1108:2361:49384	HG006_chr1.633434.634463|HISEQ1:60:HB6D7ADXX:1:1108:2361:49384	157	8216.0	8360.0	best_hit_to_mtDNA	18
C	T	8326	HG006_all_regions	HG006_chr1.633434.634463|HISEQ1:65:HB7ACADXX:2:1111:19547:56316	HG006_chr1.633434.634463|HISEQ1:65:HB7ACADXX:2:1111:19547:56316	157	8216.0	8372.0	best_hit_to_mtDNA	10
C	-	8330	HG006_all_regions	HG006_chr1.633434.634463|HISEQ1:65:HB7ACADXX:2:1111:19547:56316	HG006_chr1.633434.634463|HISEQ1:65:HB7ACADXX:2:1111:19547:56316	157	8216.0	8372.0	best_hit_to_mtDNA	10
C	-	8331	HG006_all_regions	HG006_chr1.633434.634463|HISEQ1:65:HB7ACADXX:2:1111:19547:56316	HG006_chr1.633434.634463|HISEQ1:65:HB7ACADXX:2:1111:19547:56316	157	8216.0	8372.0	best_hit_to_mtDNA	10
C	-	8332	HG006_all_regions	HG006_chr1.633434.634463|HISEQ1:65:HB7ACADXX:2:1111:19547:56316	HG006_chr1.633434.634463|HISEQ1:65:HB7ACADXX:2:1111:19547:56316	157	8216.0	8372.0	best_hit_to_mtDNA	10
T	-	8333	HG006_all_regions	HG006_chr1.633434.634463|HISEQ1:65:HB7ACADXX:2:1111:19547:56316	HG006_chr1.633434.634463|HISEQ1:65:HB7ACADXX:2:1111:19547:56316	157	8216.0	8372.0	best_hit_to_mtDNA	10
C	-	8334	HG006_all_regions	HG006_chr1.633434.634463|HISEQ1:65:HB7ACADXX:2:1111:19547:56316	HG006_chr1.633434.634463|HISEQ1:65:HB7ACADXX:2:1111:19547:56316	157	8216.0	8372.0	best_hit_to_mtDNA	10
T	-	8335	HG006_all_regions	HG006_chr1.633434.634463|HISEQ1:65:HB7ACADXX:2:1111:19547:56316	HG006_chr1.633434.634463|HISEQ1:65:HB7ACADXX:2:1111:19547:56316	157	8216.0	8372.0	best_hit_to_mtDNA	10
A	-	8336	HG006_all_regions	HG006_chr1.633434.634463|HISEQ1:65:HB7ACADXX:2:1111:19547:56316	HG006_chr1.633434.634463|HISEQ1:65:HB7ACADXX:2:1111:19547:56316	157	8216.0	8372.0	best_hit_to_mtDNA	10
C	-	8337	HG006_all_regions	HG006_chr1.633434.634463|HISEQ1:65:HB7ACADXX:2:1111:19547:56316	HG006_chr1.633434.634463|HISEQ1:65:HB7ACADXX:2:1111:19547:56316	157	8216.0	8372.0	best_hit_to_mtDNA	10
C	-	8338	HG006_all_regions	HG006_chr1.633434.634463|HISEQ1:65:HB7ACADXX:2:1111:19547:56316	HG006_chr1.633434.634463|HISEQ1:65:HB7ACADXX:2:1111:19547:56316	157	8216.0	8372.0	best_hit_to_mtDNA	10
C	T	8326	HG006_all_regions	HG006_chr1.633434.634463|HISEQ1:65:HB7ACADXX:2:1116:9984:89109	HG006_chr1.633434.634463|HISEQ1:65:HB7ACADXX:2:1116:9984:89109	157	8216.0	8372.0	best_hit_to_mtDNA	10
C	-	8330	HG006_all_regions	HG006_chr1.633434.634463|HISEQ1:65:HB7ACADXX:2:1116:9984:89109	HG006_chr1.633434.634463|HISEQ1:65:HB7ACADXX:2:1116:9984:89109	157	8216.0	8372.0	best_hit_to_mtDNA	10
C	-	8331	HG006_all_regions	HG006_chr1.633434.634463|HISEQ1:65:HB7ACADXX:2:1116:9984:89109	HG006_chr1.633434.634463|HISEQ1:65:HB7ACADXX:2:1116:9984:89109	157	8216.0	8372.0	best_hit_to_mtDNA	10
C	-	8332	HG006_all_regions	HG006_chr1.633434.634463|HISEQ1:65:HB7ACADXX:2:1116:9984:89109	HG006_chr1.633434.634463|HISEQ1:65:HB7ACADXX:2:1116:9984:89109	157	8216.0	8372.0	best_hit_to_mtDNA	10
T	-	8333	HG006_all_regions	HG006_chr1.633434.634463|HISEQ1:65:HB7ACADXX:2:1116:9984:89109	HG006_chr1.633434.634463|HISEQ1:65:HB7ACADXX:2:1116:9984:89109	157	8216.0	8372.0	best_hit_to_mtDNA	10
C	-	8334	HG006_all_regions	HG006_chr1.633434.634463|HISEQ1:65:HB7ACADXX:2:1116:9984:89109	HG006_chr1.633434.634463|HISEQ1:65:HB7ACADXX:2:1116:9984:89109	157	8216.0	8372.0	best_hit_to_mtDNA	10
T	-	8335	HG006_all_regions	HG006_chr1.633434.634463|HISEQ1:65:HB7ACADXX:2:1116:9984:89109	HG006_chr1.633434.634463|HISEQ1:65:HB7ACADXX:2:1116:9984:89109	157	8216.0	8372.0	best_hit_to_mtDNA	10
A	-	8336	HG006_all_regions	HG006_chr1.633434.634463|HISEQ1:65:HB7ACADXX:2:1116:9984:89109	HG006_chr1.633434.634463|HISEQ1:65:HB7ACADXX:2:1116:9984:89109	157	8216.0	8372.0	best_hit_to_mtDNA	10
C	-	8337	HG006_all_regions	HG006_chr1.633434.634463|HISEQ1:65:HB7ACADXX:2:1116:9984:89109	HG006_chr1.633434.634463|HISEQ1:65:HB7ACADXX:2:1116:9984:89109	157	8216.0	8372.0	best_hit_to_mtDNA	10
C	-	8338	HG006_all_regions	HG006_chr1.633434.634463|HISEQ1:65:HB7ACADXX:2:1116:9984:89109	HG006_chr1.633434.634463|HISEQ1:65:HB7ACADXX:2:1116:9984:89109	157	8216.0	8372.0	best_hit_to_mtDNA	10
C	T	8326	HG006_all_regions	HG006_chr1.633434.634463|HISEQ1:65:HB7ACADXX:2:2103:9224:13806	HG006_chr1.633434.634463|HISEQ1:65:HB7ACADXX:2:2103:9224:13806	157	8218.0	8374.0	best_hit_to_mtDNA	10
C	-	8330	HG006_all_regions	HG006_chr1.633434.634463|HISEQ1:65:HB7ACADXX:2:2103:9224:13806	HG006_chr1.633434.634463|HISEQ1:65:HB7ACADXX:2:2103:9224:13806	157	8218.0	8374.0	best_hit_to_mtDNA	10
C	-	8331	HG006_all_regions	HG006_chr1.633434.634463|HISEQ1:65:HB7ACADXX:2:2103:9224:13806	HG006_chr1.633434.634463|HISEQ1:65:HB7ACADXX:2:2103:9224:13806	157	8218.0	8374.0	best_hit_to_mtDNA	10
C	-	8332	HG006_all_regions	HG006_chr1.633434.634463|HISEQ1:65:HB7ACADXX:2:2103:9224:13806	HG006_chr1.633434.634463|HISEQ1:65:HB7ACADXX:2:2103:9224:13806	157	8218.0	8374.0	best_hit_to_mtDNA	10
T	-	8333	HG006_all_regions	HG006_chr1.633434.634463|HISEQ1:65:HB7ACADXX:2:2103:9224:13806	HG006_chr1.633434.634463|HISEQ1:65:HB7ACADXX:2:2103:9224:13806	157	8218.0	8374.0	best_hit_to_mtDNA	10
C	-	8334	HG006_all_regions	HG006_chr1.633434.634463|HISEQ1:65:HB7ACADXX:2:2103:9224:13806	HG006_chr1.633434.634463|HISEQ1:65:HB7ACADXX:2:2103:9224:13806	157	8218.0	8374.0	best_hit_to_mtDNA	10
T	-	8335	HG006_all_regions	HG006_chr1.633434.634463|HISEQ1:65:HB7ACADXX:2:2103:9224:13806	HG006_chr1.633434.634463|HISEQ1:65:HB7ACADXX:2:2103:9224:13806	157	8218.0	8374.0	best_hit_to_mtDNA	10
A	-	8336	HG006_all_regions	HG006_chr1.633434.634463|HISEQ1:65:HB7ACADXX:2:2103:9224:13806	HG006_chr1.633434.634463|HISEQ1:65:HB7ACADXX:2:2103:9224:13806	157	8218.0	8374.0	best_hit_to_mtDNA	10
C	-	8337	HG006_all_regions	HG006_chr1.633434.634463|HISEQ1:65:HB7ACADXX:2:2103:9224:13806	HG006_chr1.633434.634463|HISEQ1:65:HB7ACADXX:2:2103:9224:13806	157	8218.0	8374.0	best_hit_to_mtDNA	10
C	-	8338	HG006_all_regions	HG006_chr1.633434.634463|HISEQ1:65:HB7ACADXX:2:2103:9224:13806	HG006_chr1.633434.634463|HISEQ1:65:HB7ACADXX:2:2103:9224:13806	157	8218.0	8374.0	best_hit_to_mtDNA	10
C	T	8326	HG006_all_regions	HG006_chr1.633434.634463|HISEQ1:65:HB7ACADXX:1:2212:16654:16214	HG006_chr1.633434.634463|HISEQ1:65:HB7ACADXX:1:2212:16654:16214	157	8219.0	8375.0	best_hit_to_mtDNA	10
C	-	8330	HG006_all_regions	HG006_chr1.633434.634463|HISEQ1:65:HB7ACADXX:1:2212:16654:16214	HG006_chr1.633434.634463|HISEQ1:65:HB7ACADXX:1:2212:16654:16214	157	8219.0	8375.0	best_hit_to_mtDNA	10
C	-	8331	HG006_all_regions	HG006_chr1.633434.634463|HISEQ1:65:HB7ACADXX:1:2212:16654:16214	HG006_chr1.633434.634463|HISEQ1:65:HB7ACADXX:1:2212:16654:16214	157	8219.0	8375.0	best_hit_to_mtDNA	10
C	-	8332	HG006_all_regions	HG006_chr1.633434.634463|HISEQ1:65:HB7ACADXX:1:2212:16654:16214	HG006_chr1.633434.634463|HISEQ1:65:HB7ACADXX:1:2212:16654:16214	157	8219.0	8375.0	best_hit_to_mtDNA	10
T	-	8333	HG006_all_regions	HG006_chr1.633434.634463|HISEQ1:65:HB7ACADXX:1:2212:16654:16214	HG006_chr1.633434.634463|HISEQ1:65:HB7ACADXX:1:2212:16654:16214	157	8219.0	8375.0	best_hit_to_mtDNA	10
C	-	8334	HG006_all_regions	HG006_chr1.633434.634463|HISEQ1:65:HB7ACADXX:1:2212:16654:16214	HG006_chr1.633434.634463|HISEQ1:65:HB7ACADXX:1:2212:16654:16214	157	8219.0	8375.0	best_hit_to_mtDNA	10
T	-	8335	HG006_all_regions	HG006_chr1.633434.634463|HISEQ1:65:HB7ACADXX:1:2212:16654:16214	HG006_chr1.633434.634463|HISEQ1:65:HB7ACADXX:1:2212:16654:16214	157	8219.0	8375.0	best_hit_to_mtDNA	10
A	-	8336	HG006_all_regions	HG006_chr1.633434.634463|HISEQ1:65:HB7ACADXX:1:2212:16654:16214	HG006_chr1.633434.634463|HISEQ1:65:HB7ACADXX:1:2212:16654:16214	157	8219.0	8375.0	best_hit_to_mtDNA	10
C	-	8337	HG006_all_regions	HG006_chr1.633434.634463|HISEQ1:65:HB7ACADXX:1:2212:16654:16214	HG006_chr1.633434.634463|HISEQ1:65:HB7ACADXX:1:2212:16654:16214	157	8219.0	8375.0	best_hit_to_mtDNA	10
C	-	8338	HG006_all_regions	HG006_chr1.633434.634463|HISEQ1:65:HB7ACADXX:1:2212:16654:16214	HG006_chr1.633434.634463|HISEQ1:65:HB7ACADXX:1:2212:16654:16214	157	8219.0	8375.0	best_hit_to_mtDNA	10
C	T	8326	HG006_all_regions	HG006_chr1.633434.634463|HISEQ1:60:HB6D7ADXX:1:1104:16179:68324	HG006_chr1.633434.634463|HISEQ1:60:HB6D7ADXX:1:1104:16179:68324	157	8221.0	8377.0	best_hit_to_mtDNA	10
C	-	8330	HG006_all_regions	HG006_chr1.633434.634463|HISEQ1:60:HB6D7ADXX:1:1104:16179:68324	HG006_chr1.633434.634463|HISEQ1:60:HB6D7ADXX:1:1104:16179:68324	157	8221.0	8377.0	best_hit_to_mtDNA	10
C	-	8331	HG006_all_regions	HG006_chr1.633434.634463|HISEQ1:60:HB6D7ADXX:1:1104:16179:68324	HG006_chr1.633434.634463|HISEQ1:60:HB6D7ADXX:1:1104:16179:68324	157	8221.0	8377.0	best_hit_to_mtDNA	10
C	-	8332	HG006_all_regions	HG006_chr1.633434.634463|HISEQ1:60:HB6D7ADXX:1:1104:16179:68324	HG006_chr1.633434.634463|HISEQ1:60:HB6D7ADXX:1:1104:16179:68324	157	8221.0	8377.0	best_hit_to_mtDNA	10
T	-	8333	HG006_all_regions	HG006_chr1.633434.634463|HISEQ1:60:HB6D7ADXX:1:1104:16179:68324	HG006_chr1.633434.634463|HISEQ1:60:HB6D7ADXX:1:1104:16179:68324	157	8221.0	8377.0	best_hit_to_mtDNA	10
C	-	8334	HG006_all_regions	HG006_chr1.633434.634463|HISEQ1:60:HB6D7ADXX:1:1104:16179:68324	HG006_chr1.633434.634463|HISEQ1:60:HB6D7ADXX:1:1104:16179:68324	157	8221.0	8377.0	best_hit_to_mtDNA	10
T	-	8335	HG006_all_regions	HG006_chr1.633434.634463|HISEQ1:60:HB6D7ADXX:1:1104:16179:68324	HG006_chr1.633434.634463|HISEQ1:60:HB6D7ADXX:1:1104:16179:68324	157	8221.0	8377.0	best_hit_to_mtDNA	10
A	-	8336	HG006_all_regions	HG006_chr1.633434.634463|HISEQ1:60:HB6D7ADXX:1:1104:16179:68324	HG006_chr1.633434.634463|HISEQ1:60:HB6D7ADXX:1:1104:16179:68324	157	8221.0	8377.0	best_hit_to_mtDNA	10
C	-	8337	HG006_all_regions	HG006_chr1.633434.634463|HISEQ1:60:HB6D7ADXX:1:1104:16179:68324	HG006_chr1.633434.634463|HISEQ1:60:HB6D7ADXX:1:1104:16179:68324	157	8221.0	8377.0	best_hit_to_mtDNA	10
C	-	8338	HG006_all_regions	HG006_chr1.633434.634463|HISEQ1:60:HB6D7ADXX:1:1104:16179:68324	HG006_chr1.633434.634463|HISEQ1:60:HB6D7ADXX:1:1104:16179:68324	157	8221.0	8377.0	best_hit_to_mtDNA	10
C	T	8326	HG006_all_regions	HG006_chr1.633434.634463|HISEQ1:65:HB7ACADXX:2:1102:5400:84803	HG006_chr1.633434.634463|HISEQ1:65:HB7ACADXX:2:1102:5400:84803	157	8223.0	8379.0	best_hit_to_mtDNA	10
C	-	8330	HG006_all_regions	HG006_chr1.633434.634463|HISEQ1:65:HB7ACADXX:2:1102:5400:84803	HG006_chr1.633434.634463|HISEQ1:65:HB7ACADXX:2:1102:5400:84803	157	8223.0	8379.0	best_hit_to_mtDNA	10
C	-	8331	HG006_all_regions	HG006_chr1.633434.634463|HISEQ1:65:HB7ACADXX:2:1102:5400:84803	HG006_chr1.633434.634463|HISEQ1:65:HB7ACADXX:2:1102:5400:84803	157	8223.0	8379.0	best_hit_to_mtDNA	10
C	-	8332	HG006_all_regions	HG006_chr1.633434.634463|HISEQ1:65:HB7ACADXX:2:1102:5400:84803	HG006_chr1.633434.634463|HISEQ1:65:HB7ACADXX:2:1102:5400:84803	157	8223.0	8379.0	best_hit_to_mtDNA	10
T	-	8333	HG006_all_regions	HG006_chr1.633434.634463|HISEQ1:65:HB7ACADXX:2:1102:5400:84803	HG006_chr1.633434.634463|HISEQ1:65:HB7ACADXX:2:1102:5400:84803	157	8223.0	8379.0	best_hit_to_mtDNA	10
C	-	8334	HG006_all_regions	HG006_chr1.633434.634463|HISEQ1:65:HB7ACADXX:2:1102:5400:84803	HG006_chr1.633434.634463|HISEQ1:65:HB7ACADXX:2:1102:5400:84803	157	8223.0	8379.0	best_hit_to_mtDNA	10
T	-	8335	HG006_all_regions	HG006_chr1.633434.634463|HISEQ1:65:HB7ACADXX:2:1102:5400:84803	HG006_chr1.633434.634463|HISEQ1:65:HB7ACADXX:2:1102:5400:84803	157	8223.0	8379.0	best_hit_to_mtDNA	10
A	-	8336	HG006_all_regions	HG006_chr1.633434.634463|HISEQ1:65:HB7ACADXX:2:1102:5400:84803	HG006_chr1.633434.634463|HISEQ1:65:HB7ACADXX:2:1102:5400:84803	157	8223.0	8379.0	best_hit_to_mtDNA	10
C	-	8337	HG006_all_regions	HG006_chr1.633434.634463|HISEQ1:65:HB7ACADXX:2:1102:5400:84803	HG006_chr1.633434.634463|HISEQ1:65:HB7ACADXX:2:1102:5400:84803	157	8223.0	8379.0	best_hit_to_mtDNA	10
C	-	8338	HG006_all_regions	HG006_chr1.633434.634463|HISEQ1:65:HB7ACADXX:2:1102:5400:84803	HG006_chr1.633434.634463|HISEQ1:65:HB7ACADXX:2:1102:5400:84803	157	8223.0	8379.0	best_hit_to_mtDNA	10
C	T	8326	HG006_all_regions	HG006_chr1.633434.634463|HISEQ1:58:HB675ADXX:2:2101:4652:39612	HG006_chr1.633434.634463|HISEQ1:58:HB675ADXX:2:2101:4652:39612	157	8223.0	8379.0	best_hit_to_mtDNA	10
C	-	8330	HG006_all_regions	HG006_chr1.633434.634463|HISEQ1:58:HB675ADXX:2:2101:4652:39612	HG006_chr1.633434.634463|HISEQ1:58:HB675ADXX:2:2101:4652:39612	157	8223.0	8379.0	best_hit_to_mtDNA	10
C	-	8331	HG006_all_regions	HG006_chr1.633434.634463|HISEQ1:58:HB675ADXX:2:2101:4652:39612	HG006_chr1.633434.634463|HISEQ1:58:HB675ADXX:2:2101:4652:39612	157	8223.0	8379.0	best_hit_to_mtDNA	10
C	-	8332	HG006_all_regions	HG006_chr1.633434.634463|HISEQ1:58:HB675ADXX:2:2101:4652:39612	HG006_chr1.633434.634463|HISEQ1:58:HB675ADXX:2:2101:4652:39612	157	8223.0	8379.0	best_hit_to_mtDNA	10
T	-	8333	HG006_all_regions	HG006_chr1.633434.634463|HISEQ1:58:HB675ADXX:2:2101:4652:39612	HG006_chr1.633434.634463|HISEQ1:58:HB675ADXX:2:2101:4652:39612	157	8223.0	8379.0	best_hit_to_mtDNA	10
C	-	8334	HG006_all_regions	HG006_chr1.633434.634463|HISEQ1:58:HB675ADXX:2:2101:4652:39612	HG006_chr1.633434.634463|HISEQ1:58:HB675ADXX:2:2101:4652:39612	157	8223.0	8379.0	best_hit_to_mtDNA	10
T	-	8335	HG006_all_regions	HG006_chr1.633434.634463|HISEQ1:58:HB675ADXX:2:2101:4652:39612	HG006_chr1.633434.634463|HISEQ1:58:HB675ADXX:2:2101:4652:39612	157	8223.0	8379.0	best_hit_to_mtDNA	10
A	-	8336	HG006_all_regions	HG006_chr1.633434.634463|HISEQ1:58:HB675ADXX:2:2101:4652:39612	HG006_chr1.633434.634463|HISEQ1:58:HB675ADXX:2:2101:4652:39612	157	8223.0	8379.0	best_hit_to_mtDNA	10
C	-	8337	HG006_all_regions	HG006_chr1.633434.634463|HISEQ1:58:HB675ADXX:2:2101:4652:39612	HG006_chr1.633434.634463|HISEQ1:58:HB675ADXX:2:2101:4652:39612	157	8223.0	8379.0	best_hit_to_mtDNA	10
C	-	8338	HG006_all_regions	HG006_chr1.633434.634463|HISEQ1:58:HB675ADXX:2:2101:4652:39612	HG006_chr1.633434.634463|HISEQ1:58:HB675ADXX:2:2101:4652:39612	157	8223.0	8379.0	best_hit_to_mtDNA	10
C	T	8326	HG006_all_regions	HG006_chr1.633434.634463|HISEQ1:58:HB675ADXX:1:1114:4670:84935	HG006_chr1.633434.634463|HISEQ1:58:HB675ADXX:1:1114:4670:84935	157	8224.0	8380.0	best_hit_to_mtDNA	10
C	-	8330	HG006_all_regions	HG006_chr1.633434.634463|HISEQ1:58:HB675ADXX:1:1114:4670:84935	HG006_chr1.633434.634463|HISEQ1:58:HB675ADXX:1:1114:4670:84935	157	8224.0	8380.0	best_hit_to_mtDNA	10
C	-	8331	HG006_all_regions	HG006_chr1.633434.634463|HISEQ1:58:HB675ADXX:1:1114:4670:84935	HG006_chr1.633434.634463|HISEQ1:58:HB675ADXX:1:1114:4670:84935	157	8224.0	8380.0	best_hit_to_mtDNA	10
C	-	8332	HG006_all_regions	HG006_chr1.633434.634463|HISEQ1:58:HB675ADXX:1:1114:4670:84935	HG006_chr1.633434.634463|HISEQ1:58:HB675ADXX:1:1114:4670:84935	157	8224.0	8380.0	best_hit_to_mtDNA	10
T	-	8333	HG006_all_regions	HG006_chr1.633434.634463|HISEQ1:58:HB675ADXX:1:1114:4670:84935	HG006_chr1.633434.634463|HISEQ1:58:HB675ADXX:1:1114:4670:84935	157	8224.0	8380.0	best_hit_to_mtDNA	10
C	-	8334	HG006_all_regions	HG006_chr1.633434.634463|HISEQ1:58:HB675ADXX:1:1114:4670:84935	HG006_chr1.633434.634463|HISEQ1:58:HB675ADXX:1:1114:4670:84935	157	8224.0	8380.0	best_hit_to_mtDNA	10
T	-	8335	HG006_all_regions	HG006_chr1.633434.634463|HISEQ1:58:HB675ADXX:1:1114:4670:84935	HG006_chr1.633434.634463|HISEQ1:58:HB675ADXX:1:1114:4670:84935	157	8224.0	8380.0	best_hit_to_mtDNA	10
A	-	8336	HG006_all_regions	HG006_chr1.633434.634463|HISEQ1:58:HB675ADXX:1:1114:4670:84935	HG006_chr1.633434.634463|HISEQ1:58:HB675ADXX:1:1114:4670:84935	157	8224.0	8380.0	best_hit_to_mtDNA	10
C	-	8337	HG006_all_regions	HG006_chr1.633434.634463|HISEQ1:58:HB675ADXX:1:1114:4670:84935	HG006_chr1.633434.634463|HISEQ1:58:HB675ADXX:1:1114:4670:84935	157	8224.0	8380.0	best_hit_to_mtDNA	10
C	-	8338	HG006_all_regions	HG006_chr1.633434.634463|HISEQ1:58:HB675ADXX:1:1114:4670:84935	HG006_chr1.633434.634463|HISEQ1:58:HB675ADXX:1:1114:4670:84935	157	8224.0	8380.0	best_hit_to_mtDNA	10
C	T	8326	HG006_all_regions	HG006_chr1.633434.634463|HISEQ1:62:HB657ADXX:2:2208:4751:3047	HG006_chr1.633434.634463|HISEQ1:62:HB657ADXX:2:2208:4751:3047	157	8225.0	8381.0	best_hit_to_mtDNA	10
C	-	8330	HG006_all_regions	HG006_chr1.633434.634463|HISEQ1:62:HB657ADXX:2:2208:4751:3047	HG006_chr1.633434.634463|HISEQ1:62:HB657ADXX:2:2208:4751:3047	157	8225.0	8381.0	best_hit_to_mtDNA	10
C	-	8331	HG006_all_regions	HG006_chr1.633434.634463|HISEQ1:62:HB657ADXX:2:2208:4751:3047	HG006_chr1.633434.634463|HISEQ1:62:HB657ADXX:2:2208:4751:3047	157	8225.0	8381.0	best_hit_to_mtDNA	10
C	-	8332	HG006_all_regions	HG006_chr1.633434.634463|HISEQ1:62:HB657ADXX:2:2208:4751:3047	HG006_chr1.633434.634463|HISEQ1:62:HB657ADXX:2:2208:4751:3047	157	8225.0	8381.0	best_hit_to_mtDNA	10
T	-	8333	HG006_all_regions	HG006_chr1.633434.634463|HISEQ1:62:HB657ADXX:2:2208:4751:3047	HG006_chr1.633434.634463|HISEQ1:62:HB657ADXX:2:2208:4751:3047	157	8225.0	8381.0	best_hit_to_mtDNA	10
C	-	8334	HG006_all_regions	HG006_chr1.633434.634463|HISEQ1:62:HB657ADXX:2:2208:4751:3047	HG006_chr1.633434.634463|HISEQ1:62:HB657ADXX:2:2208:4751:3047	157	8225.0	8381.0	best_hit_to_mtDNA	10
T	-	8335	HG006_all_regions	HG006_chr1.633434.634463|HISEQ1:62:HB657ADXX:2:2208:4751:3047	HG006_chr1.633434.634463|HISEQ1:62:HB657ADXX:2:2208:4751:3047	157	8225.0	8381.0	best_hit_to_mtDNA	10
A	-	8336	HG006_all_regions	HG006_chr1.633434.634463|HISEQ1:62:HB657ADXX:2:2208:4751:3047	HG006_chr1.633434.634463|HISEQ1:62:HB657ADXX:2:2208:4751:3047	157	8225.0	8381.0	best_hit_to_mtDNA	10
C	-	8337	HG006_all_regions	HG006_chr1.633434.634463|HISEQ1:62:HB657ADXX:2:2208:4751:3047	HG006_chr1.633434.634463|HISEQ1:62:HB657ADXX:2:2208:4751:3047	157	8225.0	8381.0	best_hit_to_mtDNA	10
C	-	8338	HG006_all_regions	HG006_chr1.633434.634463|HISEQ1:62:HB657ADXX:2:2208:4751:3047	HG006_chr1.633434.634463|HISEQ1:62:HB657ADXX:2:2208:4751:3047	157	8225.0	8381.0	best_hit_to_mtDNA	10
C	T	8326	HG006_all_regions	HG006_chr1.633434.634463|HISEQ1:65:HB7ACADXX:1:1113:4524:43966	HG006_chr1.633434.634463|HISEQ1:65:HB7ACADXX:1:1113:4524:43966	157	8225.0	8381.0	best_hit_to_mtDNA	10
C	-	8330	HG006_all_regions	HG006_chr1.633434.634463|HISEQ1:65:HB7ACADXX:1:1113:4524:43966	HG006_chr1.633434.634463|HISEQ1:65:HB7ACADXX:1:1113:4524:43966	157	8225.0	8381.0	best_hit_to_mtDNA	10
C	-	8331	HG006_all_regions	HG006_chr1.633434.634463|HISEQ1:65:HB7ACADXX:1:1113:4524:43966	HG006_chr1.633434.634463|HISEQ1:65:HB7ACADXX:1:1113:4524:43966	157	8225.0	8381.0	best_hit_to_mtDNA	10
C	-	8332	HG006_all_regions	HG006_chr1.633434.634463|HISEQ1:65:HB7ACADXX:1:1113:4524:43966	HG006_chr1.633434.634463|HISEQ1:65:HB7ACADXX:1:1113:4524:43966	157	8225.0	8381.0	best_hit_to_mtDNA	10
T	-	8333	HG006_all_regions	HG006_chr1.633434.634463|HISEQ1:65:HB7ACADXX:1:1113:4524:43966	HG006_chr1.633434.634463|HISEQ1:65:HB7ACADXX:1:1113:4524:43966	157	8225.0	8381.0	best_hit_to_mtDNA	10
C	-	8334	HG006_all_regions	HG006_chr1.633434.634463|HISEQ1:65:HB7ACADXX:1:1113:4524:43966	HG006_chr1.633434.634463|HISEQ1:65:HB7ACADXX:1:1113:4524:43966	157	8225.0	8381.0	best_hit_to_mtDNA	10
T	-	8335	HG006_all_regions	HG006_chr1.633434.634463|HISEQ1:65:HB7ACADXX:1:1113:4524:43966	HG006_chr1.633434.634463|HISEQ1:65:HB7ACADXX:1:1113:4524:43966	157	8225.0	8381.0	best_hit_to_mtDNA	10
A	-	8336	HG006_all_regions	HG006_chr1.633434.634463|HISEQ1:65:HB7ACADXX:1:1113:4524:43966	HG006_chr1.633434.634463|HISEQ1:65:HB7ACADXX:1:1113:4524:43966	157	8225.0	8381.0	best_hit_to_mtDNA	10
C	-	8337	HG006_all_regions	HG006_chr1.633434.634463|HISEQ1:65:HB7ACADXX:1:1113:4524:43966	HG006_chr1.633434.634463|HISEQ1:65:HB7ACADXX:1:1113:4524:43966	157	8225.0	8381.0	best_hit_to_mtDNA	10
C	-	8338	HG006_all_regions	HG006_chr1.633434.634463|HISEQ1:65:HB7ACADXX:1:1113:4524:43966	HG006_chr1.633434.634463|HISEQ1:65:HB7ACADXX:1:1113:4524:43966	157	8225.0	8381.0	best_hit_to_mtDNA	10
C	T	8326	HG006_all_regions	HG006_chr1.633434.634463|HISEQ1:60:HB6D7ADXX:1:2215:12147:90242	HG006_chr1.633434.634463|HISEQ1:60:HB6D7ADXX:1:2215:12147:90242	157	8227.0	8382.0	best_hit_to_mtDNA	12
C	-	8330	HG006_all_regions	HG006_chr1.633434.634463|HISEQ1:60:HB6D7ADXX:1:2215:12147:90242	HG006_chr1.633434.634463|HISEQ1:60:HB6D7ADXX:1:2215:12147:90242	157	8227.0	8382.0	best_hit_to_mtDNA	12
C	-	8331	HG006_all_regions	HG006_chr1.633434.634463|HISEQ1:60:HB6D7ADXX:1:2215:12147:90242	HG006_chr1.633434.634463|HISEQ1:60:HB6D7ADXX:1:2215:12147:90242	157	8227.0	8382.0	best_hit_to_mtDNA	12
C	-	8332	HG006_all_regions	HG006_chr1.633434.634463|HISEQ1:60:HB6D7ADXX:1:2215:12147:90242	HG006_chr1.633434.634463|HISEQ1:60:HB6D7ADXX:1:2215:12147:90242	157	8227.0	8382.0	best_hit_to_mtDNA	12
T	-	8333	HG006_all_regions	HG006_chr1.633434.634463|HISEQ1:60:HB6D7ADXX:1:2215:12147:90242	HG006_chr1.633434.634463|HISEQ1:60:HB6D7ADXX:1:2215:12147:90242	157	8227.0	8382.0	best_hit_to_mtDNA	12
C	-	8334	HG006_all_regions	HG006_chr1.633434.634463|HISEQ1:60:HB6D7ADXX:1:2215:12147:90242	HG006_chr1.633434.634463|HISEQ1:60:HB6D7ADXX:1:2215:12147:90242	157	8227.0	8382.0	best_hit_to_mtDNA	12
T	-	8335	HG006_all_regions	HG006_chr1.633434.634463|HISEQ1:60:HB6D7ADXX:1:2215:12147:90242	HG006_chr1.633434.634463|HISEQ1:60:HB6D7ADXX:1:2215:12147:90242	157	8227.0	8382.0	best_hit_to_mtDNA	12
A	-	8336	HG006_all_regions	HG006_chr1.633434.634463|HISEQ1:60:HB6D7ADXX:1:2215:12147:90242	HG006_chr1.633434.634463|HISEQ1:60:HB6D7ADXX:1:2215:12147:90242	157	8227.0	8382.0	best_hit_to_mtDNA	12
C	-	8337	HG006_all_regions	HG006_chr1.633434.634463|HISEQ1:60:HB6D7ADXX:1:2215:12147:90242	HG006_chr1.633434.634463|HISEQ1:60:HB6D7ADXX:1:2215:12147:90242	157	8227.0	8382.0	best_hit_to_mtDNA	12
C	-	8338	HG006_all_regions	HG006_chr1.633434.634463|HISEQ1:60:HB6D7ADXX:1:2215:12147:90242	HG006_chr1.633434.634463|HISEQ1:60:HB6D7ADXX:1:2215:12147:90242	157	8227.0	8382.0	best_hit_to_mtDNA	12
C	T	8326	HG006_all_regions	HG006_chr1.633434.634463|HISEQ1:62:HB657ADXX:2:1201:8315:92962	HG006_chr1.633434.634463|HISEQ1:62:HB657ADXX:2:1201:8315:92962	157	8229.0	8385.0	best_hit_to_mtDNA	10
C	-	8330	HG006_all_regions	HG006_chr1.633434.634463|HISEQ1:62:HB657ADXX:2:1201:8315:92962	HG006_chr1.633434.634463|HISEQ1:62:HB657ADXX:2:1201:8315:92962	157	8229.0	8385.0	best_hit_to_mtDNA	10
C	-	8331	HG006_all_regions	HG006_chr1.633434.634463|HISEQ1:62:HB657ADXX:2:1201:8315:92962	HG006_chr1.633434.634463|HISEQ1:62:HB657ADXX:2:1201:8315:92962	157	8229.0	8385.0	best_hit_to_mtDNA	10
C	-	8332	HG006_all_regions	HG006_chr1.633434.634463|HISEQ1:62:HB657ADXX:2:1201:8315:92962	HG006_chr1.633434.634463|HISEQ1:62:HB657ADXX:2:1201:8315:92962	157	8229.0	8385.0	best_hit_to_mtDNA	10
T	-	8333	HG006_all_regions	HG006_chr1.633434.634463|HISEQ1:62:HB657ADXX:2:1201:8315:92962	HG006_chr1.633434.634463|HISEQ1:62:HB657ADXX:2:1201:8315:92962	157	8229.0	8385.0	best_hit_to_mtDNA	10
C	-	8334	HG006_all_regions	HG006_chr1.633434.634463|HISEQ1:62:HB657ADXX:2:1201:8315:92962	HG006_chr1.633434.634463|HISEQ1:62:HB657ADXX:2:1201:8315:92962	157	8229.0	8385.0	best_hit_to_mtDNA	10
T	-	8335	HG006_all_regions	HG006_chr1.633434.634463|HISEQ1:62:HB657ADXX:2:1201:8315:92962	HG006_chr1.633434.634463|HISEQ1:62:HB657ADXX:2:1201:8315:92962	157	8229.0	8385.0	best_hit_to_mtDNA	10
A	-	8336	HG006_all_regions	HG006_chr1.633434.634463|HISEQ1:62:HB657ADXX:2:1201:8315:92962	HG006_chr1.633434.634463|HISEQ1:62:HB657ADXX:2:1201:8315:92962	157	8229.0	8385.0	best_hit_to_mtDNA	10
C	-	8337	HG006_all_regions	HG006_chr1.633434.634463|HISEQ1:62:HB657ADXX:2:1201:8315:92962	HG006_chr1.633434.634463|HISEQ1:62:HB657ADXX:2:1201:8315:92962	157	8229.0	8385.0	best_hit_to_mtDNA	10
C	-	8338	HG006_all_regions	HG006_chr1.633434.634463|HISEQ1:62:HB657ADXX:2:1201:8315:92962	HG006_chr1.633434.634463|HISEQ1:62:HB657ADXX:2:1201:8315:92962	157	8229.0	8385.0	best_hit_to_mtDNA	10
C	T	8326	HG006_all_regions	HG006_chr1.633434.634463|HISEQ1:65:HB7ACADXX:2:2109:1693:100089	HG006_chr1.633434.634463|HISEQ1:65:HB7ACADXX:2:2109:1693:100089	157	8230.0	8386.0	best_hit_to_mtDNA	10
C	-	8330	HG006_all_regions	HG006_chr1.633434.634463|HISEQ1:65:HB7ACADXX:2:2109:1693:100089	HG006_chr1.633434.634463|HISEQ1:65:HB7ACADXX:2:2109:1693:100089	157	8230.0	8386.0	best_hit_to_mtDNA	10
C	-	8331	HG006_all_regions	HG006_chr1.633434.634463|HISEQ1:65:HB7ACADXX:2:2109:1693:100089	HG006_chr1.633434.634463|HISEQ1:65:HB7ACADXX:2:2109:1693:100089	157	8230.0	8386.0	best_hit_to_mtDNA	10
C	-	8332	HG006_all_regions	HG006_chr1.633434.634463|HISEQ1:65:HB7ACADXX:2:2109:1693:100089	HG006_chr1.633434.634463|HISEQ1:65:HB7ACADXX:2:2109:1693:100089	157	8230.0	8386.0	best_hit_to_mtDNA	10
T	-	8333	HG006_all_regions	HG006_chr1.633434.634463|HISEQ1:65:HB7ACADXX:2:2109:1693:100089	HG006_chr1.633434.634463|HISEQ1:65:HB7ACADXX:2:2109:1693:100089	157	8230.0	8386.0	best_hit_to_mtDNA	10
C	-	8334	HG006_all_regions	HG006_chr1.633434.634463|HISEQ1:65:HB7ACADXX:2:2109:1693:100089	HG006_chr1.633434.634463|HISEQ1:65:HB7ACADXX:2:2109:1693:100089	157	8230.0	8386.0	best_hit_to_mtDNA	10
T	-	8335	HG006_all_regions	HG006_chr1.633434.634463|HISEQ1:65:HB7ACADXX:2:2109:1693:100089	HG006_chr1.633434.634463|HISEQ1:65:HB7ACADXX:2:2109:1693:100089	157	8230.0	8386.0	best_hit_to_mtDNA	10
A	-	8336	HG006_all_regions	HG006_chr1.633434.634463|HISEQ1:65:HB7ACADXX:2:2109:1693:100089	HG006_chr1.633434.634463|HISEQ1:65:HB7ACADXX:2:2109:1693:100089	157	8230.0	8386.0	best_hit_to_mtDNA	10
C	-	8337	HG006_all_regions	HG006_chr1.633434.634463|HISEQ1:65:HB7ACADXX:2:2109:1693:100089	HG006_chr1.633434.634463|HISEQ1:65:HB7ACADXX:2:2109:1693:100089	157	8230.0	8386.0	best_hit_to_mtDNA	10
C	-	8338	HG006_all_regions	HG006_chr1.633434.634463|HISEQ1:65:HB7ACADXX:2:2109:1693:100089	HG006_chr1.633434.634463|HISEQ1:65:HB7ACADXX:2:2109:1693:100089	157	8230.0	8386.0	best_hit_to_mtDNA	10
C	T	8326	HG006_all_regions	HG006_chr1.633434.634463|HISEQ1:62:HB657ADXX:1:2203:17291:3305	HG006_chr1.633434.634463|HISEQ1:62:HB657ADXX:1:2203:17291:3305	157	8233.0	8389.0	best_hit_to_mtDNA	10
C	-	8330	HG006_all_regions	HG006_chr1.633434.634463|HISEQ1:62:HB657ADXX:1:2203:17291:3305	HG006_chr1.633434.634463|HISEQ1:62:HB657ADXX:1:2203:17291:3305	157	8233.0	8389.0	best_hit_to_mtDNA	10
C	-	8331	HG006_all_regions	HG006_chr1.633434.634463|HISEQ1:62:HB657ADXX:1:2203:17291:3305	HG006_chr1.633434.634463|HISEQ1:62:HB657ADXX:1:2203:17291:3305	157	8233.0	8389.0	best_hit_to_mtDNA	10
C	-	8332	HG006_all_regions	HG006_chr1.633434.634463|HISEQ1:62:HB657ADXX:1:2203:17291:3305	HG006_chr1.633434.634463|HISEQ1:62:HB657ADXX:1:2203:17291:3305	157	8233.0	8389.0	best_hit_to_mtDNA	10
T	-	8333	HG006_all_regions	HG006_chr1.633434.634463|HISEQ1:62:HB657ADXX:1:2203:17291:3305	HG006_chr1.633434.634463|HISEQ1:62:HB657ADXX:1:2203:17291:3305	157	8233.0	8389.0	best_hit_to_mtDNA	10
C	-	8334	HG006_all_regions	HG006_chr1.633434.634463|HISEQ1:62:HB657ADXX:1:2203:17291:3305	HG006_chr1.633434.634463|HISEQ1:62:HB657ADXX:1:2203:17291:3305	157	8233.0	8389.0	best_hit_to_mtDNA	10
T	-	8335	HG006_all_regions	HG006_chr1.633434.634463|HISEQ1:62:HB657ADXX:1:2203:17291:3305	HG006_chr1.633434.634463|HISEQ1:62:HB657ADXX:1:2203:17291:3305	157	8233.0	8389.0	best_hit_to_mtDNA	10
A	-	8336	HG006_all_regions	HG006_chr1.633434.634463|HISEQ1:62:HB657ADXX:1:2203:17291:3305	HG006_chr1.633434.634463|HISEQ1:62:HB657ADXX:1:2203:17291:3305	157	8233.0	8389.0	best_hit_to_mtDNA	10
C	-	8337	HG006_all_regions	HG006_chr1.633434.634463|HISEQ1:62:HB657ADXX:1:2203:17291:3305	HG006_chr1.633434.634463|HISEQ1:62:HB657ADXX:1:2203:17291:3305	157	8233.0	8389.0	best_hit_to_mtDNA	10
C	-	8338	HG006_all_regions	HG006_chr1.633434.634463|HISEQ1:62:HB657ADXX:1:2203:17291:3305	HG006_chr1.633434.634463|HISEQ1:62:HB657ADXX:1:2203:17291:3305	157	8233.0	8389.0	best_hit_to_mtDNA	10
C	T	8326	HG006_all_regions	HG006_chr1.633434.634463|HISEQ1:60:HB6D7ADXX:2:1105:9906:87325	HG006_chr1.633434.634463|HISEQ1:60:HB6D7ADXX:2:1105:9906:87325	157	8235.0	8391.0	best_hit_to_mtDNA	10
C	-	8330	HG006_all_regions	HG006_chr1.633434.634463|HISEQ1:60:HB6D7ADXX:2:1105:9906:87325	HG006_chr1.633434.634463|HISEQ1:60:HB6D7ADXX:2:1105:9906:87325	157	8235.0	8391.0	best_hit_to_mtDNA	10
C	-	8331	HG006_all_regions	HG006_chr1.633434.634463|HISEQ1:60:HB6D7ADXX:2:1105:9906:87325	HG006_chr1.633434.634463|HISEQ1:60:HB6D7ADXX:2:1105:9906:87325	157	8235.0	8391.0	best_hit_to_mtDNA	10
C	-	8332	HG006_all_regions	HG006_chr1.633434.634463|HISEQ1:60:HB6D7ADXX:2:1105:9906:87325	HG006_chr1.633434.634463|HISEQ1:60:HB6D7ADXX:2:1105:9906:87325	157	8235.0	8391.0	best_hit_to_mtDNA	10
T	-	8333	HG006_all_regions	HG006_chr1.633434.634463|HISEQ1:60:HB6D7ADXX:2:1105:9906:87325	HG006_chr1.633434.634463|HISEQ1:60:HB6D7ADXX:2:1105:9906:87325	157	8235.0	8391.0	best_hit_to_mtDNA	10
C	-	8334	HG006_all_regions	HG006_chr1.633434.634463|HISEQ1:60:HB6D7ADXX:2:1105:9906:87325	HG006_chr1.633434.634463|HISEQ1:60:HB6D7ADXX:2:1105:9906:87325	157	8235.0	8391.0	best_hit_to_mtDNA	10
T	-	8335	HG006_all_regions	HG006_chr1.633434.634463|HISEQ1:60:HB6D7ADXX:2:1105:9906:87325	HG006_chr1.633434.634463|HISEQ1:60:HB6D7ADXX:2:1105:9906:87325	157	8235.0	8391.0	best_hit_to_mtDNA	10
A	-	8336	HG006_all_regions	HG006_chr1.633434.634463|HISEQ1:60:HB6D7ADXX:2:1105:9906:87325	HG006_chr1.633434.634463|HISEQ1:60:HB6D7ADXX:2:1105:9906:87325	157	8235.0	8391.0	best_hit_to_mtDNA	10
C	-	8337	HG006_all_regions	HG006_chr1.633434.634463|HISEQ1:60:HB6D7ADXX:2:1105:9906:87325	HG006_chr1.633434.634463|HISEQ1:60:HB6D7ADXX:2:1105:9906:87325	157	8235.0	8391.0	best_hit_to_mtDNA	10
C	-	8338	HG006_all_regions	HG006_chr1.633434.634463|HISEQ1:60:HB6D7ADXX:2:1105:9906:87325	HG006_chr1.633434.634463|HISEQ1:60:HB6D7ADXX:2:1105:9906:87325	157	8235.0	8391.0	best_hit_to_mtDNA	10
C	-	8308	HG006_all_regions	HG006_chr1.633434.634463|HISEQ1:60:HB6D7ADXX:2:2102:16973:12714	HG006_chr1.633434.634463|HISEQ1:60:HB6D7ADXX:2:2102:16973:12714	157	8242.0	8398.0	best_hit_to_mtDNA	24
C	-	8309	HG006_all_regions	HG006_chr1.633434.634463|HISEQ1:60:HB6D7ADXX:2:2102:16973:12714	HG006_chr1.633434.634463|HISEQ1:60:HB6D7ADXX:2:2102:16973:12714	157	8242.0	8398.0	best_hit_to_mtDNA	24
C	-	8310	HG006_all_regions	HG006_chr1.633434.634463|HISEQ1:60:HB6D7ADXX:2:2102:16973:12714	HG006_chr1.633434.634463|HISEQ1:60:HB6D7ADXX:2:2102:16973:12714	157	8242.0	8398.0	best_hit_to_mtDNA	24
G	-	8311	HG006_all_regions	HG006_chr1.633434.634463|HISEQ1:60:HB6D7ADXX:2:2102:16973:12714	HG006_chr1.633434.634463|HISEQ1:60:HB6D7ADXX:2:2102:16973:12714	157	8242.0	8398.0	best_hit_to_mtDNA	24
T	-	8312	HG006_all_regions	HG006_chr1.633434.634463|HISEQ1:60:HB6D7ADXX:2:2102:16973:12714	HG006_chr1.633434.634463|HISEQ1:60:HB6D7ADXX:2:2102:16973:12714	157	8242.0	8398.0	best_hit_to_mtDNA	24
A	-	8313	HG006_all_regions	HG006_chr1.633434.634463|HISEQ1:60:HB6D7ADXX:2:2102:16973:12714	HG006_chr1.633434.634463|HISEQ1:60:HB6D7ADXX:2:2102:16973:12714	157	8242.0	8398.0	best_hit_to_mtDNA	24
T	-	8314	HG006_all_regions	HG006_chr1.633434.634463|HISEQ1:60:HB6D7ADXX:2:2102:16973:12714	HG006_chr1.633434.634463|HISEQ1:60:HB6D7ADXX:2:2102:16973:12714	157	8242.0	8398.0	best_hit_to_mtDNA	24
T	-	8315	HG006_all_regions	HG006_chr1.633434.634463|HISEQ1:60:HB6D7ADXX:2:2102:16973:12714	HG006_chr1.633434.634463|HISEQ1:60:HB6D7ADXX:2:2102:16973:12714	157	8242.0	8398.0	best_hit_to_mtDNA	24
T	-	8316	HG006_all_regions	HG006_chr1.633434.634463|HISEQ1:60:HB6D7ADXX:2:2102:16973:12714	HG006_chr1.633434.634463|HISEQ1:60:HB6D7ADXX:2:2102:16973:12714	157	8242.0	8398.0	best_hit_to_mtDNA	24
A	C	8317	HG006_all_regions	HG006_chr1.633434.634463|HISEQ1:60:HB6D7ADXX:2:2102:16973:12714	HG006_chr1.633434.634463|HISEQ1:60:HB6D7ADXX:2:2102:16973:12714	157	8242.0	8398.0	best_hit_to_mtDNA	24
C	G	8320	HG006_all_regions	HG006_chr1.633434.634463|HISEQ1:60:HB6D7ADXX:2:2102:16973:12714	HG006_chr1.633434.634463|HISEQ1:60:HB6D7ADXX:2:2102:16973:12714	157	8242.0	8398.0	best_hit_to_mtDNA	24
A	T	8324	HG006_all_regions	HG006_chr1.633434.634463|HISEQ1:60:HB6D7ADXX:2:2102:16973:12714	HG006_chr1.633434.634463|HISEQ1:60:HB6D7ADXX:2:2102:16973:12714	157	8242.0	8398.0	best_hit_to_mtDNA	24
G	T	8325	HG006_all_regions	HG006_chr1.633434.634463|HISEQ1:60:HB6D7ADXX:2:2102:16973:12714	HG006_chr1.633434.634463|HISEQ1:60:HB6D7ADXX:2:2102:16973:12714	157	8242.0	8398.0	best_hit_to_mtDNA	24
C	A	8326	HG006_all_regions	HG006_chr1.633434.634463|HISEQ1:60:HB6D7ADXX:2:2102:16973:12714	HG006_chr1.633434.634463|HISEQ1:60:HB6D7ADXX:2:2102:16973:12714	157	8242.0	8398.0	best_hit_to_mtDNA	24
A	C	8327	HG006_all_regions	HG006_chr1.633434.634463|HISEQ1:60:HB6D7ADXX:2:2102:16973:12714	HG006_chr1.633434.634463|HISEQ1:60:HB6D7ADXX:2:2102:16973:12714	157	8242.0	8398.0	best_hit_to_mtDNA	24
C	A	8331	HG006_all_regions	HG006_chr1.633434.634463|HISEQ1:60:HB6D7ADXX:2:2102:16973:12714	HG006_chr1.633434.634463|HISEQ1:60:HB6D7ADXX:2:2102:16973:12714	157	8242.0	8398.0	best_hit_to_mtDNA	24
C	T	8332	HG006_all_regions	HG006_chr1.633434.634463|HISEQ1:60:HB6D7ADXX:2:2102:16973:12714	HG006_chr1.633434.634463|HISEQ1:60:HB6D7ADXX:2:2102:16973:12714	157	8242.0	8398.0	best_hit_to_mtDNA	24
T	A	8333	HG006_all_regions	HG006_chr1.633434.634463|HISEQ1:60:HB6D7ADXX:2:2102:16973:12714	HG006_chr1.633434.634463|HISEQ1:60:HB6D7ADXX:2:2102:16973:12714	157	8242.0	8398.0	best_hit_to_mtDNA	24
C	G	8334	HG006_all_regions	HG006_chr1.633434.634463|HISEQ1:60:HB6D7ADXX:2:2102:16973:12714	HG006_chr1.633434.634463|HISEQ1:60:HB6D7ADXX:2:2102:16973:12714	157	8242.0	8398.0	best_hit_to_mtDNA	24
A	C	8383	HG006_all_regions	HG006_chr1.633434.634463|HISEQ1:60:HB6D7ADXX:2:2102:16973:12714	HG006_chr1.633434.634463|HISEQ1:60:HB6D7ADXX:2:2102:16973:12714	157	8242.0	8398.0	best_hit_to_mtDNA	24
A	-	8317	HG006_all_regions	HG006_chr1.633434.634463|HISEQ1:60:HB6D7ADXX:2:2108:7443:62520	HG006_chr1.633434.634463|HISEQ1:60:HB6D7ADXX:2:2108:7443:62520	157	8244.0	8400.0	best_hit_to_mtDNA	16
C	-	8318	HG006_all_regions	HG006_chr1.633434.634463|HISEQ1:60:HB6D7ADXX:2:2108:7443:62520	HG006_chr1.633434.634463|HISEQ1:60:HB6D7ADXX:2:2108:7443:62520	157	8244.0	8400.0	best_hit_to_mtDNA	16
C	-	8319	HG006_all_regions	HG006_chr1.633434.634463|HISEQ1:60:HB6D7ADXX:2:2108:7443:62520	HG006_chr1.633434.634463|HISEQ1:60:HB6D7ADXX:2:2108:7443:62520	157	8244.0	8400.0	best_hit_to_mtDNA	16
C	-	8320	HG006_all_regions	HG006_chr1.633434.634463|HISEQ1:60:HB6D7ADXX:2:2108:7443:62520	HG006_chr1.633434.634463|HISEQ1:60:HB6D7ADXX:2:2108:7443:62520	157	8244.0	8400.0	best_hit_to_mtDNA	16
T	-	8321	HG006_all_regions	HG006_chr1.633434.634463|HISEQ1:60:HB6D7ADXX:2:2108:7443:62520	HG006_chr1.633434.634463|HISEQ1:60:HB6D7ADXX:2:2108:7443:62520	157	8244.0	8400.0	best_hit_to_mtDNA	16
A	-	8322	HG006_all_regions	HG006_chr1.633434.634463|HISEQ1:60:HB6D7ADXX:2:2108:7443:62520	HG006_chr1.633434.634463|HISEQ1:60:HB6D7ADXX:2:2108:7443:62520	157	8244.0	8400.0	best_hit_to_mtDNA	16
T	-	8323	HG006_all_regions	HG006_chr1.633434.634463|HISEQ1:60:HB6D7ADXX:2:2108:7443:62520	HG006_chr1.633434.634463|HISEQ1:60:HB6D7ADXX:2:2108:7443:62520	157	8244.0	8400.0	best_hit_to_mtDNA	16
A	-	8324	HG006_all_regions	HG006_chr1.633434.634463|HISEQ1:60:HB6D7ADXX:2:2108:7443:62520	HG006_chr1.633434.634463|HISEQ1:60:HB6D7ADXX:2:2108:7443:62520	157	8244.0	8400.0	best_hit_to_mtDNA	16
G	-	8325	HG006_all_regions	HG006_chr1.633434.634463|HISEQ1:60:HB6D7ADXX:2:2108:7443:62520	HG006_chr1.633434.634463|HISEQ1:60:HB6D7ADXX:2:2108:7443:62520	157	8244.0	8400.0	best_hit_to_mtDNA	16
C	A	8326	HG006_all_regions	HG006_chr1.633434.634463|HISEQ1:60:HB6D7ADXX:2:2108:7443:62520	HG006_chr1.633434.634463|HISEQ1:60:HB6D7ADXX:2:2108:7443:62520	157	8244.0	8400.0	best_hit_to_mtDNA	16
A	C	8327	HG006_all_regions	HG006_chr1.633434.634463|HISEQ1:60:HB6D7ADXX:2:2108:7443:62520	HG006_chr1.633434.634463|HISEQ1:60:HB6D7ADXX:2:2108:7443:62520	157	8244.0	8400.0	best_hit_to_mtDNA	16
C	T	8330	HG006_all_regions	HG006_chr1.633434.634463|HISEQ1:60:HB6D7ADXX:2:2108:7443:62520	HG006_chr1.633434.634463|HISEQ1:60:HB6D7ADXX:2:2108:7443:62520	157	8244.0	8400.0	best_hit_to_mtDNA	16
C	A	8331	HG006_all_regions	HG006_chr1.633434.634463|HISEQ1:60:HB6D7ADXX:2:2108:7443:62520	HG006_chr1.633434.634463|HISEQ1:60:HB6D7ADXX:2:2108:7443:62520	157	8244.0	8400.0	best_hit_to_mtDNA	16
C	T	8332	HG006_all_regions	HG006_chr1.633434.634463|HISEQ1:60:HB6D7ADXX:2:2108:7443:62520	HG006_chr1.633434.634463|HISEQ1:60:HB6D7ADXX:2:2108:7443:62520	157	8244.0	8400.0	best_hit_to_mtDNA	16
T	A	8333	HG006_all_regions	HG006_chr1.633434.634463|HISEQ1:60:HB6D7ADXX:2:2108:7443:62520	HG006_chr1.633434.634463|HISEQ1:60:HB6D7ADXX:2:2108:7443:62520	157	8244.0	8400.0	best_hit_to_mtDNA	16
C	G	8334	HG006_all_regions	HG006_chr1.633434.634463|HISEQ1:60:HB6D7ADXX:2:2108:7443:62520	HG006_chr1.633434.634463|HISEQ1:60:HB6D7ADXX:2:2108:7443:62520	157	8244.0	8400.0	best_hit_to_mtDNA	16
C	T	8330	HG006_all_regions	HG006_chr1.633434.634463|HISEQ1:58:HB675ADXX:2:1116:6617:42041	HG006_chr1.633434.634463|HISEQ1:58:HB675ADXX:2:1116:6617:42041	148	8263.0	8419.0	best_hit_to_mtDNA	6
C	A	8331	HG006_all_regions	HG006_chr1.633434.634463|HISEQ1:58:HB675ADXX:2:1116:6617:42041	HG006_chr1.633434.634463|HISEQ1:58:HB675ADXX:2:1116:6617:42041	148	8263.0	8419.0	best_hit_to_mtDNA	6
C	T	8332	HG006_all_regions	HG006_chr1.633434.634463|HISEQ1:58:HB675ADXX:2:1116:6617:42041	HG006_chr1.633434.634463|HISEQ1:58:HB675ADXX:2:1116:6617:42041	148	8263.0	8419.0	best_hit_to_mtDNA	6
T	A	8333	HG006_all_regions	HG006_chr1.633434.634463|HISEQ1:58:HB675ADXX:2:1116:6617:42041	HG006_chr1.633434.634463|HISEQ1:58:HB675ADXX:2:1116:6617:42041	148	8263.0	8419.0	best_hit_to_mtDNA	6
C	G	8334	HG006_all_regions	HG006_chr1.633434.634463|HISEQ1:58:HB675ADXX:2:1116:6617:42041	HG006_chr1.633434.634463|HISEQ1:58:HB675ADXX:2:1116:6617:42041	148	8263.0	8419.0	best_hit_to_mtDNA	6
C	G	8334	HG006_all_regions	HG006_chr1.633434.634463|HISEQ1:58:HB675ADXX:2:2104:13728:46132	HG006_chr1.633434.634463|HISEQ1:58:HB675ADXX:2:2104:13728:46132	148	8279.0	8425.0	best_hit_to_mtDNA	5
T	A	8412	HG006_all_regions	HG006_chr1.633434.634463|HISEQ1:58:HB675ADXX:2:2104:13728:46132	HG006_chr1.633434.634463|HISEQ1:58:HB675ADXX:2:2104:13728:46132	148	8279.0	8425.0	best_hit_to_mtDNA	5
A	C	8577	HG006_all_regions	HG006_chr1.633434.634463|HISEQ1:58:HB675ADXX:2:1105:2846:26013	HG006_chr1.633434.634463|HISEQ1:58:HB675ADXX:2:1105:2846:26013	148	8576.0	8609.0	best_hit_to_mtDNA	22
G	A	8585	HG006_all_regions	HG006_chr1.633434.634463|HISEQ1:58:HB675ADXX:2:1105:2846:26013	HG006_chr1.633434.634463|HISEQ1:58:HB675ADXX:2:1105:2846:26013	148	8576.0	8609.0	best_hit_to_mtDNA	22
G	A	8589	HG006_all_regions	HG006_chr1.633434.634463|HISEQ1:58:HB675ADXX:2:1105:2846:26013	HG006_chr1.633434.634463|HISEQ1:58:HB675ADXX:2:1105:2846:26013	148	8576.0	8609.0	best_hit_to_mtDNA	22
C	T	8595	HG006_all_regions	HG006_chr1.633434.634463|HISEQ1:58:HB675ADXX:2:1105:2846:26013	HG006_chr1.633434.634463|HISEQ1:58:HB675ADXX:2:1105:2846:26013	148	8576.0	8609.0	best_hit_to_mtDNA	22
G	T	8597	HG006_all_regions	HG006_chr1.633434.634463|HISEQ1:58:HB675ADXX:2:1105:2846:26013	HG006_chr1.633434.634463|HISEQ1:58:HB675ADXX:2:1105:2846:26013	148	8576.0	8609.0	best_hit_to_mtDNA	22
G	C	8601	HG006_all_regions	HG006_chr1.633434.634463|HISEQ1:58:HB675ADXX:2:1105:2846:26013	HG006_chr1.633434.634463|HISEQ1:58:HB675ADXX:2:1105:2846:26013	148	8576.0	8609.0	best_hit_to_mtDNA	22
C	T	8605	HG006_all_regions	HG006_chr1.633434.634463|HISEQ1:58:HB675ADXX:2:1105:2846:26013	HG006_chr1.633434.634463|HISEQ1:58:HB675ADXX:2:1105:2846:26013	148	8576.0	8609.0	best_hit_to_mtDNA	22
G	A	8820	HG006_all_regions	HG006_chr1.633434.634463|HISEQ1:65:HB7ACADXX:2:1202:4987:17265	HG006_chr1.633434.634463|HISEQ1:65:HB7ACADXX:2:1202:4987:17265	148	8765.0	8911.0	best_hit_to_mtDNA	2
T	C	8833	HG006_all_regions	HG006_chr1.633434.634463|HISEQ1:65:HB7ACADXX:2:2113:1284:35260	HG006_chr1.633434.634463|HISEQ1:65:HB7ACADXX:2:2113:1284:35260	148	8778.0	8924.0	best_hit_to_mtDNA	3
G	T	8912	HG006_all_regions	HG006_chr1.633434.634463|HISEQ1:65:HB7ACADXX:2:2113:1284:35260	HG006_chr1.633434.634463|HISEQ1:65:HB7ACADXX:2:2113:1284:35260	148	8778.0	8924.0	best_hit_to_mtDNA	3
A	G	8916	HG006_all_regions	HG006_chr1.633434.634463|HISEQ1:65:HB7ACADXX:2:2113:1284:35260	HG006_chr1.633434.634463|HISEQ1:65:HB7ACADXX:2:2113:1284:35260	148	8778.0	8924.0	best_hit_to_mtDNA	3
C	A	8902	HG006_all_regions	HG006_chr1.633434.634463|HISEQ1:58:HB675ADXX:2:2105:21149:83947	HG006_chr1.633434.634463|HISEQ1:58:HB675ADXX:2:2105:21149:83947	148	8798.0	8945.0	best_hit_to_mtDNA	4
G	T	8912	HG006_all_regions	HG006_chr1.633434.634463|HISEQ1:58:HB675ADXX:2:2105:21149:83947	HG006_chr1.633434.634463|HISEQ1:58:HB675ADXX:2:2105:21149:83947	148	8798.0	8945.0	best_hit_to_mtDNA	4
A	G	8916	HG006_all_regions	HG006_chr1.633434.634463|HISEQ1:58:HB675ADXX:2:2105:21149:83947	HG006_chr1.633434.634463|HISEQ1:58:HB675ADXX:2:2105:21149:83947	148	8798.0	8945.0	best_hit_to_mtDNA	4
C	G	8847	HG006_all_regions	HG006_chr1.633434.634463|HISEQ1:65:HB7ACADXX:2:1108:8441:84882	HG006_chr1.633434.634463|HISEQ1:65:HB7ACADXX:2:1108:8441:84882	148	8818.0	8938.0	best_hit_to_mtDNA	23
C	A	8848	HG006_all_regions	HG006_chr1.633434.634463|HISEQ1:65:HB7ACADXX:2:1108:8441:84882	HG006_chr1.633434.634463|HISEQ1:65:HB7ACADXX:2:1108:8441:84882	148	8818.0	8938.0	best_hit_to_mtDNA	23
T	G	8849	HG006_all_regions	HG006_chr1.633434.634463|HISEQ1:65:HB7ACADXX:2:1108:8441:84882	HG006_chr1.633434.634463|HISEQ1:65:HB7ACADXX:2:1108:8441:84882	148	8818.0	8938.0	best_hit_to_mtDNA	23
C	T	8850	HG006_all_regions	HG006_chr1.633434.634463|HISEQ1:65:HB7ACADXX:2:1108:8441:84882	HG006_chr1.633434.634463|HISEQ1:65:HB7ACADXX:2:1108:8441:84882	148	8818.0	8938.0	best_hit_to_mtDNA	23
A	T	8851	HG006_all_regions	HG006_chr1.633434.634463|HISEQ1:65:HB7ACADXX:2:1108:8441:84882	HG006_chr1.633434.634463|HISEQ1:65:HB7ACADXX:2:1108:8441:84882	148	8818.0	8938.0	best_hit_to_mtDNA	23
T	A	8853	HG006_all_regions	HG006_chr1.633434.634463|HISEQ1:65:HB7ACADXX:2:1108:8441:84882	HG006_chr1.633434.634463|HISEQ1:65:HB7ACADXX:2:1108:8441:84882	148	8818.0	8938.0	best_hit_to_mtDNA	23
C	G	8854	HG006_all_regions	HG006_chr1.633434.634463|HISEQ1:65:HB7ACADXX:2:1108:8441:84882	HG006_chr1.633434.634463|HISEQ1:65:HB7ACADXX:2:1108:8441:84882	148	8818.0	8938.0	best_hit_to_mtDNA	23
T	C	8856	HG006_all_regions	HG006_chr1.633434.634463|HISEQ1:65:HB7ACADXX:2:1108:8441:84882	HG006_chr1.633434.634463|HISEQ1:65:HB7ACADXX:2:1108:8441:84882	148	8818.0	8938.0	best_hit_to_mtDNA	23
T	G	8857	HG006_all_regions	HG006_chr1.633434.634463|HISEQ1:65:HB7ACADXX:2:1108:8441:84882	HG006_chr1.633434.634463|HISEQ1:65:HB7ACADXX:2:1108:8441:84882	148	8818.0	8938.0	best_hit_to_mtDNA	23
A	G	8859	HG006_all_regions	HG006_chr1.633434.634463|HISEQ1:65:HB7ACADXX:2:1108:8441:84882	HG006_chr1.633434.634463|HISEQ1:65:HB7ACADXX:2:1108:8441:84882	148	8818.0	8938.0	best_hit_to_mtDNA	23
C	T	8860	HG006_all_regions	HG006_chr1.633434.634463|HISEQ1:65:HB7ACADXX:2:1108:8441:84882	HG006_chr1.633434.634463|HISEQ1:65:HB7ACADXX:2:1108:8441:84882	148	8818.0	8938.0	best_hit_to_mtDNA	23
A	G	8861	HG006_all_regions	HG006_chr1.633434.634463|HISEQ1:65:HB7ACADXX:2:1108:8441:84882	HG006_chr1.633434.634463|HISEQ1:65:HB7ACADXX:2:1108:8441:84882	148	8818.0	8938.0	best_hit_to_mtDNA	23
C	T	8863	HG006_all_regions	HG006_chr1.633434.634463|HISEQ1:65:HB7ACADXX:2:1108:8441:84882	HG006_chr1.633434.634463|HISEQ1:65:HB7ACADXX:2:1108:8441:84882	148	8818.0	8938.0	best_hit_to_mtDNA	23
A	C	8864	HG006_all_regions	HG006_chr1.633434.634463|HISEQ1:65:HB7ACADXX:2:1108:8441:84882	HG006_chr1.633434.634463|HISEQ1:65:HB7ACADXX:2:1108:8441:84882	148	8818.0	8938.0	best_hit_to_mtDNA	23
A	T	8865	HG006_all_regions	HG006_chr1.633434.634463|HISEQ1:65:HB7ACADXX:2:1108:8441:84882	HG006_chr1.633434.634463|HISEQ1:65:HB7ACADXX:2:1108:8441:84882	148	8818.0	8938.0	best_hit_to_mtDNA	23
C	T	8866	HG006_all_regions	HG006_chr1.633434.634463|HISEQ1:65:HB7ACADXX:2:1108:8441:84882	HG006_chr1.633434.634463|HISEQ1:65:HB7ACADXX:2:1108:8441:84882	148	8818.0	8938.0	best_hit_to_mtDNA	23
A	C	8868	HG006_all_regions	HG006_chr1.633434.634463|HISEQ1:65:HB7ACADXX:2:1108:8441:84882	HG006_chr1.633434.634463|HISEQ1:65:HB7ACADXX:2:1108:8441:84882	148	8818.0	8938.0	best_hit_to_mtDNA	23
C	G	8869	HG006_all_regions	HG006_chr1.633434.634463|HISEQ1:65:HB7ACADXX:2:1108:8441:84882	HG006_chr1.633434.634463|HISEQ1:65:HB7ACADXX:2:1108:8441:84882	148	8818.0	8938.0	best_hit_to_mtDNA	23
C	A	8870	HG006_all_regions	HG006_chr1.633434.634463|HISEQ1:65:HB7ACADXX:2:1108:8441:84882	HG006_chr1.633434.634463|HISEQ1:65:HB7ACADXX:2:1108:8441:84882	148	8818.0	8938.0	best_hit_to_mtDNA	23
C	T	8871	HG006_all_regions	HG006_chr1.633434.634463|HISEQ1:65:HB7ACADXX:2:1108:8441:84882	HG006_chr1.633434.634463|HISEQ1:65:HB7ACADXX:2:1108:8441:84882	148	8818.0	8938.0	best_hit_to_mtDNA	23
A	C	8872	HG006_all_regions	HG006_chr1.633434.634463|HISEQ1:65:HB7ACADXX:2:1108:8441:84882	HG006_chr1.633434.634463|HISEQ1:65:HB7ACADXX:2:1108:8441:84882	148	8818.0	8938.0	best_hit_to_mtDNA	23
A	T	8873	HG006_all_regions	HG006_chr1.633434.634463|HISEQ1:65:HB7ACADXX:2:1108:8441:84882	HG006_chr1.633434.634463|HISEQ1:65:HB7ACADXX:2:1108:8441:84882	148	8818.0	8938.0	best_hit_to_mtDNA	23
A	G	8916	HG006_all_regions	HG006_chr1.633434.634463|HISEQ1:65:HB7ACADXX:2:1108:8441:84882	HG006_chr1.633434.634463|HISEQ1:65:HB7ACADXX:2:1108:8441:84882	148	8818.0	8938.0	best_hit_to_mtDNA	23
A	G	8916	HG006_all_regions	HG006_chr1.633434.634463|HISEQ1:65:HB7ACADXX:2:1108:8441:84882	HG006_chr1.633434.634463|HISEQ1:65:HB7ACADXX:2:1108:8441:84882	148	8818.0	8938.0	best_hit_to_mtDNA	23
T	A	9151	HG006_all_regions	HG006_chr1.633434.634463|HISEQ1:65:HB7ACADXX:2:2105:7658:25058	HG006_chr1.633434.634463|HISEQ1:65:HB7ACADXX:2:2105:7658:25058	148	9107.0	9239.0	best_hit_to_mtDNA	12
C	A	9158	HG006_all_regions	HG006_chr1.633434.634463|HISEQ1:65:HB7ACADXX:2:2105:7658:25058	HG006_chr1.633434.634463|HISEQ1:65:HB7ACADXX:2:2105:7658:25058	148	9107.0	9239.0	best_hit_to_mtDNA	12
A	G	9162	HG006_all_regions	HG006_chr1.633434.634463|HISEQ1:65:HB7ACADXX:2:2105:7658:25058	HG006_chr1.633434.634463|HISEQ1:65:HB7ACADXX:2:2105:7658:25058	148	9107.0	9239.0	best_hit_to_mtDNA	12
T	C	9175	HG006_all_regions	HG006_chr1.633434.634463|HISEQ1:65:HB7ACADXX:2:2105:7658:25058	HG006_chr1.633434.634463|HISEQ1:65:HB7ACADXX:2:2105:7658:25058	148	9107.0	9239.0	best_hit_to_mtDNA	12
A	G	9211	HG006_all_regions	HG006_chr1.633434.634463|HISEQ1:65:HB7ACADXX:2:2105:7658:25058	HG006_chr1.633434.634463|HISEQ1:65:HB7ACADXX:2:2105:7658:25058	148	9107.0	9239.0	best_hit_to_mtDNA	12
A	G	9227	HG006_all_regions	HG006_chr1.633434.634463|HISEQ1:65:HB7ACADXX:2:2105:7658:25058	HG006_chr1.633434.634463|HISEQ1:65:HB7ACADXX:2:2105:7658:25058	148	9107.0	9239.0	best_hit_to_mtDNA	12
T	A	9230	HG006_all_regions	HG006_chr1.633434.634463|HISEQ1:65:HB7ACADXX:2:2105:7658:25058	HG006_chr1.633434.634463|HISEQ1:65:HB7ACADXX:2:2105:7658:25058	148	9107.0	9239.0	best_hit_to_mtDNA	12
A	C	9207	HG006_all_regions	HG006_chr1.633434.634463|HISEQ1:60:HB6D7ADXX:1:2105:15789:80683	HG006_chr1.633434.634463|HISEQ1:60:HB6D7ADXX:1:2105:15789:80683	148	9152.0	9298.0	best_hit_to_mtDNA	11
T	C	9220	HG006_all_regions	HG006_chr1.633434.634463|HISEQ1:60:HB6D7ADXX:1:2105:15789:80683	HG006_chr1.633434.634463|HISEQ1:60:HB6D7ADXX:1:2105:15789:80683	148	9152.0	9298.0	best_hit_to_mtDNA	11
T	C	9232	HG006_all_regions	HG006_chr1.633434.634463|HISEQ1:60:HB6D7ADXX:1:2105:15789:80683	HG006_chr1.633434.634463|HISEQ1:60:HB6D7ADXX:1:2105:15789:80683	148	9152.0	9298.0	best_hit_to_mtDNA	11
C	T	9242	HG006_all_regions	HG006_chr1.633434.634463|HISEQ1:60:HB6D7ADXX:1:2105:15789:80683	HG006_chr1.633434.634463|HISEQ1:60:HB6D7ADXX:1:2105:15789:80683	148	9152.0	9298.0	best_hit_to_mtDNA	11
A	T	9256	HG006_all_regions	HG006_chr1.633434.634463|HISEQ1:60:HB6D7ADXX:1:2105:15789:80683	HG006_chr1.633434.634463|HISEQ1:60:HB6D7ADXX:1:2105:15789:80683	148	9152.0	9298.0	best_hit_to_mtDNA	11
G	C	9265	HG006_all_regions	HG006_chr1.633434.634463|HISEQ1:60:HB6D7ADXX:1:2105:15789:80683	HG006_chr1.633434.634463|HISEQ1:60:HB6D7ADXX:1:2105:15789:80683	148	9152.0	9298.0	best_hit_to_mtDNA	11
A	T	9285	HG006_all_regions	HG006_chr1.633434.634463|HISEQ1:60:HB6D7ADXX:1:2105:15789:80683	HG006_chr1.633434.634463|HISEQ1:60:HB6D7ADXX:1:2105:15789:80683	148	9152.0	9298.0	best_hit_to_mtDNA	11
T	C	16305	HG006_all_regions	HG006_chr11.49861573.49862793|HISEQ1:65:HB7ACADXX:2:2202:5531:46429	HG006_chr11.49861573.49862793|HISEQ1:65:HB7ACADXX:2:2202:5531:46429	148	16237.0	16384.0	best_hit_to_mtDNA	15
C	A	16315	HG006_all_regions	HG006_chr11.49861573.49862793|HISEQ1:65:HB7ACADXX:2:2202:5531:46429	HG006_chr11.49861573.49862793|HISEQ1:65:HB7ACADXX:2:2202:5531:46429	148	16237.0	16384.0	best_hit_to_mtDNA	15
T	C	16319	HG006_all_regions	HG006_chr11.49861573.49862793|HISEQ1:65:HB7ACADXX:2:2202:5531:46429	HG006_chr11.49861573.49862793|HISEQ1:65:HB7ACADXX:2:2202:5531:46429	148	16237.0	16384.0	best_hit_to_mtDNA	15
C	T	16320	HG006_all_regions	HG006_chr11.49861573.49862793|HISEQ1:65:HB7ACADXX:2:2202:5531:46429	HG006_chr11.49861573.49862793|HISEQ1:65:HB7ACADXX:2:2202:5531:46429	148	16237.0	16384.0	best_hit_to_mtDNA	15
G	A	16330	HG006_all_regions	HG006_chr11.49861573.49862793|HISEQ1:65:HB7ACADXX:2:2202:5531:46429	HG006_chr11.49861573.49862793|HISEQ1:65:HB7ACADXX:2:2202:5531:46429	148	16237.0	16384.0	best_hit_to_mtDNA	15
C	T	16334	HG006_all_regions	HG006_chr11.49861573.49862793|HISEQ1:65:HB7ACADXX:2:2202:5531:46429	HG006_chr11.49861573.49862793|HISEQ1:65:HB7ACADXX:2:2202:5531:46429	148	16237.0	16384.0	best_hit_to_mtDNA	15
A	G	16340	HG006_all_regions	HG006_chr11.49861573.49862793|HISEQ1:65:HB7ACADXX:2:2202:5531:46429	HG006_chr11.49861573.49862793|HISEQ1:65:HB7ACADXX:2:2202:5531:46429	148	16237.0	16384.0	best_hit_to_mtDNA	15
T	C	16344	HG006_all_regions	HG006_chr11.49861573.49862793|HISEQ1:65:HB7ACADXX:2:2202:5531:46429	HG006_chr11.49861573.49862793|HISEQ1:65:HB7ACADXX:2:2202:5531:46429	148	16237.0	16384.0	best_hit_to_mtDNA	15
C	T	16346	HG006_all_regions	HG006_chr11.49861573.49862793|HISEQ1:65:HB7ACADXX:2:2202:5531:46429	HG006_chr11.49861573.49862793|HISEQ1:65:HB7ACADXX:2:2202:5531:46429	148	16237.0	16384.0	best_hit_to_mtDNA	15
A	C	16349	HG006_all_regions	HG006_chr11.49861573.49862793|HISEQ1:65:HB7ACADXX:2:2202:5531:46429	HG006_chr11.49861573.49862793|HISEQ1:65:HB7ACADXX:2:2202:5531:46429	148	16237.0	16384.0	best_hit_to_mtDNA	15
C	T	16357	HG006_all_regions	HG006_chr11.49861573.49862793|HISEQ1:65:HB7ACADXX:2:2202:5531:46429	HG006_chr11.49861573.49862793|HISEQ1:65:HB7ACADXX:2:2202:5531:46429	148	16237.0	16384.0	best_hit_to_mtDNA	15
T	C	16367	HG006_all_regions	HG006_chr11.49861573.49862793|HISEQ1:65:HB7ACADXX:2:2202:5531:46429	HG006_chr11.49861573.49862793|HISEQ1:65:HB7ACADXX:2:2202:5531:46429	148	16237.0	16384.0	best_hit_to_mtDNA	15
C	T	16274	HG006_all_regions	HG006_chr11.49861573.49862793|HISEQ1:65:HB7ACADXX:2:2213:7934:88709	HG006_chr11.49861573.49862793|HISEQ1:65:HB7ACADXX:2:2213:7934:88709	148	16196.0	16343.0	best_hit_to_mtDNA	14
A	G	16286	HG006_all_regions	HG006_chr11.49861573.49862793|HISEQ1:65:HB7ACADXX:2:2213:7934:88709	HG006_chr11.49861573.49862793|HISEQ1:65:HB7ACADXX:2:2213:7934:88709	148	16196.0	16343.0	best_hit_to_mtDNA	14
T	C	16305	HG006_all_regions	HG006_chr11.49861573.49862793|HISEQ1:65:HB7ACADXX:2:2213:7934:88709	HG006_chr11.49861573.49862793|HISEQ1:65:HB7ACADXX:2:2213:7934:88709	148	16196.0	16343.0	best_hit_to_mtDNA	14
C	A	16315	HG006_all_regions	HG006_chr11.49861573.49862793|HISEQ1:65:HB7ACADXX:2:2213:7934:88709	HG006_chr11.49861573.49862793|HISEQ1:65:HB7ACADXX:2:2213:7934:88709	148	16196.0	16343.0	best_hit_to_mtDNA	14
T	C	16319	HG006_all_regions	HG006_chr11.49861573.49862793|HISEQ1:65:HB7ACADXX:2:2213:7934:88709	HG006_chr11.49861573.49862793|HISEQ1:65:HB7ACADXX:2:2213:7934:88709	148	16196.0	16343.0	best_hit_to_mtDNA	14
C	T	16320	HG006_all_regions	HG006_chr11.49861573.49862793|HISEQ1:65:HB7ACADXX:2:2213:7934:88709	HG006_chr11.49861573.49862793|HISEQ1:65:HB7ACADXX:2:2213:7934:88709	148	16196.0	16343.0	best_hit_to_mtDNA	14
G	A	16330	HG006_all_regions	HG006_chr11.49861573.49862793|HISEQ1:65:HB7ACADXX:2:2213:7934:88709	HG006_chr11.49861573.49862793|HISEQ1:65:HB7ACADXX:2:2213:7934:88709	148	16196.0	16343.0	best_hit_to_mtDNA	14
C	T	16334	HG006_all_regions	HG006_chr11.49861573.49862793|HISEQ1:65:HB7ACADXX:2:2213:7934:88709	HG006_chr11.49861573.49862793|HISEQ1:65:HB7ACADXX:2:2213:7934:88709	148	16196.0	16343.0	best_hit_to_mtDNA	14
A	G	16340	HG006_all_regions	HG006_chr11.49861573.49862793|HISEQ1:65:HB7ACADXX:2:2213:7934:88709	HG006_chr11.49861573.49862793|HISEQ1:65:HB7ACADXX:2:2213:7934:88709	148	16196.0	16343.0	best_hit_to_mtDNA	14
-	A	6	HG006_all_regions	HG006_chr17.22520868.22521877|HISEQ1:60:HB6D7ADXX:2:1101:8267:5637	HG006_chr17.22520868.22521877|HISEQ1:60:HB6D7ADXX:2:1101:8267:5637	148	1.0	101.0	best_hit_to_mtDNA	48
-	A	7	HG006_all_regions	HG006_chr17.22520868.22521877|HISEQ1:60:HB6D7ADXX:2:1101:8267:5637	HG006_chr17.22520868.22521877|HISEQ1:60:HB6D7ADXX:2:1101:8267:5637	148	1.0	101.0	best_hit_to_mtDNA	48
-	A	8	HG006_all_regions	HG006_chr17.22520868.22521877|HISEQ1:60:HB6D7ADXX:2:1101:8267:5637	HG006_chr17.22520868.22521877|HISEQ1:60:HB6D7ADXX:2:1101:8267:5637	148	1.0	101.0	best_hit_to_mtDNA	48
-	G	9	HG006_all_regions	HG006_chr17.22520868.22521877|HISEQ1:60:HB6D7ADXX:2:1101:8267:5637	HG006_chr17.22520868.22521877|HISEQ1:60:HB6D7ADXX:2:1101:8267:5637	148	1.0	101.0	best_hit_to_mtDNA	48
-	C	10	HG006_all_regions	HG006_chr17.22520868.22521877|HISEQ1:60:HB6D7ADXX:2:1101:8267:5637	HG006_chr17.22520868.22521877|HISEQ1:60:HB6D7ADXX:2:1101:8267:5637	148	1.0	101.0	best_hit_to_mtDNA	48
-	C	11	HG006_all_regions	HG006_chr17.22520868.22521877|HISEQ1:60:HB6D7ADXX:2:1101:8267:5637	HG006_chr17.22520868.22521877|HISEQ1:60:HB6D7ADXX:2:1101:8267:5637	148	1.0	101.0	best_hit_to_mtDNA	48
-	T	12	HG006_all_regions	HG006_chr17.22520868.22521877|HISEQ1:60:HB6D7ADXX:2:1101:8267:5637	HG006_chr17.22520868.22521877|HISEQ1:60:HB6D7ADXX:2:1101:8267:5637	148	1.0	101.0	best_hit_to_mtDNA	48
-	A	13	HG006_all_regions	HG006_chr17.22520868.22521877|HISEQ1:60:HB6D7ADXX:2:1101:8267:5637	HG006_chr17.22520868.22521877|HISEQ1:60:HB6D7ADXX:2:1101:8267:5637	148	1.0	101.0	best_hit_to_mtDNA	48
-	A	14	HG006_all_regions	HG006_chr17.22520868.22521877|HISEQ1:60:HB6D7ADXX:2:1101:8267:5637	HG006_chr17.22520868.22521877|HISEQ1:60:HB6D7ADXX:2:1101:8267:5637	148	1.0	101.0	best_hit_to_mtDNA	48
-	A	15	HG006_all_regions	HG006_chr17.22520868.22521877|HISEQ1:60:HB6D7ADXX:2:1101:8267:5637	HG006_chr17.22520868.22521877|HISEQ1:60:HB6D7ADXX:2:1101:8267:5637	148	1.0	101.0	best_hit_to_mtDNA	48
-	T	16	HG006_all_regions	HG006_chr17.22520868.22521877|HISEQ1:60:HB6D7ADXX:2:1101:8267:5637	HG006_chr17.22520868.22521877|HISEQ1:60:HB6D7ADXX:2:1101:8267:5637	148	1.0	101.0	best_hit_to_mtDNA	48
-	A	17	HG006_all_regions	HG006_chr17.22520868.22521877|HISEQ1:60:HB6D7ADXX:2:1101:8267:5637	HG006_chr17.22520868.22521877|HISEQ1:60:HB6D7ADXX:2:1101:8267:5637	148	1.0	101.0	best_hit_to_mtDNA	48
-	G	18	HG006_all_regions	HG006_chr17.22520868.22521877|HISEQ1:60:HB6D7ADXX:2:1101:8267:5637	HG006_chr17.22520868.22521877|HISEQ1:60:HB6D7ADXX:2:1101:8267:5637	148	1.0	101.0	best_hit_to_mtDNA	48
-	C	19	HG006_all_regions	HG006_chr17.22520868.22521877|HISEQ1:60:HB6D7ADXX:2:1101:8267:5637	HG006_chr17.22520868.22521877|HISEQ1:60:HB6D7ADXX:2:1101:8267:5637	148	1.0	101.0	best_hit_to_mtDNA	48
-	C	20	HG006_all_regions	HG006_chr17.22520868.22521877|HISEQ1:60:HB6D7ADXX:2:1101:8267:5637	HG006_chr17.22520868.22521877|HISEQ1:60:HB6D7ADXX:2:1101:8267:5637	148	1.0	101.0	best_hit_to_mtDNA	48
-	C	21	HG006_all_regions	HG006_chr17.22520868.22521877|HISEQ1:60:HB6D7ADXX:2:1101:8267:5637	HG006_chr17.22520868.22521877|HISEQ1:60:HB6D7ADXX:2:1101:8267:5637	148	1.0	101.0	best_hit_to_mtDNA	48
-	A	22	HG006_all_regions	HG006_chr17.22520868.22521877|HISEQ1:60:HB6D7ADXX:2:1101:8267:5637	HG006_chr17.22520868.22521877|HISEQ1:60:HB6D7ADXX:2:1101:8267:5637	148	1.0	101.0	best_hit_to_mtDNA	48
-	C	23	HG006_all_regions	HG006_chr17.22520868.22521877|HISEQ1:60:HB6D7ADXX:2:1101:8267:5637	HG006_chr17.22520868.22521877|HISEQ1:60:HB6D7ADXX:2:1101:8267:5637	148	1.0	101.0	best_hit_to_mtDNA	48
-	A	24	HG006_all_regions	HG006_chr17.22520868.22521877|HISEQ1:60:HB6D7ADXX:2:1101:8267:5637	HG006_chr17.22520868.22521877|HISEQ1:60:HB6D7ADXX:2:1101:8267:5637	148	1.0	101.0	best_hit_to_mtDNA	48
-	C	25	HG006_all_regions	HG006_chr17.22520868.22521877|HISEQ1:60:HB6D7ADXX:2:1101:8267:5637	HG006_chr17.22520868.22521877|HISEQ1:60:HB6D7ADXX:2:1101:8267:5637	148	1.0	101.0	best_hit_to_mtDNA	48
-	G	26	HG006_all_regions	HG006_chr17.22520868.22521877|HISEQ1:60:HB6D7ADXX:2:1101:8267:5637	HG006_chr17.22520868.22521877|HISEQ1:60:HB6D7ADXX:2:1101:8267:5637	148	1.0	101.0	best_hit_to_mtDNA	48
-	T	27	HG006_all_regions	HG006_chr17.22520868.22521877|HISEQ1:60:HB6D7ADXX:2:1101:8267:5637	HG006_chr17.22520868.22521877|HISEQ1:60:HB6D7ADXX:2:1101:8267:5637	148	1.0	101.0	best_hit_to_mtDNA	48
-	T	28	HG006_all_regions	HG006_chr17.22520868.22521877|HISEQ1:60:HB6D7ADXX:2:1101:8267:5637	HG006_chr17.22520868.22521877|HISEQ1:60:HB6D7ADXX:2:1101:8267:5637	148	1.0	101.0	best_hit_to_mtDNA	48
-	C	29	HG006_all_regions	HG006_chr17.22520868.22521877|HISEQ1:60:HB6D7ADXX:2:1101:8267:5637	HG006_chr17.22520868.22521877|HISEQ1:60:HB6D7ADXX:2:1101:8267:5637	148	1.0	101.0	best_hit_to_mtDNA	48
-	C	30	HG006_all_regions	HG006_chr17.22520868.22521877|HISEQ1:60:HB6D7ADXX:2:1101:8267:5637	HG006_chr17.22520868.22521877|HISEQ1:60:HB6D7ADXX:2:1101:8267:5637	148	1.0	101.0	best_hit_to_mtDNA	48
-	C	31	HG006_all_regions	HG006_chr17.22520868.22521877|HISEQ1:60:HB6D7ADXX:2:1101:8267:5637	HG006_chr17.22520868.22521877|HISEQ1:60:HB6D7ADXX:2:1101:8267:5637	148	1.0	101.0	best_hit_to_mtDNA	48
-	C	32	HG006_all_regions	HG006_chr17.22520868.22521877|HISEQ1:60:HB6D7ADXX:2:1101:8267:5637	HG006_chr17.22520868.22521877|HISEQ1:60:HB6D7ADXX:2:1101:8267:5637	148	1.0	101.0	best_hit_to_mtDNA	48
-	T	33	HG006_all_regions	HG006_chr17.22520868.22521877|HISEQ1:60:HB6D7ADXX:2:1101:8267:5637	HG006_chr17.22520868.22521877|HISEQ1:60:HB6D7ADXX:2:1101:8267:5637	148	1.0	101.0	best_hit_to_mtDNA	48
-	T	34	HG006_all_regions	HG006_chr17.22520868.22521877|HISEQ1:60:HB6D7ADXX:2:1101:8267:5637	HG006_chr17.22520868.22521877|HISEQ1:60:HB6D7ADXX:2:1101:8267:5637	148	1.0	101.0	best_hit_to_mtDNA	48
-	A	35	HG006_all_regions	HG006_chr17.22520868.22521877|HISEQ1:60:HB6D7ADXX:2:1101:8267:5637	HG006_chr17.22520868.22521877|HISEQ1:60:HB6D7ADXX:2:1101:8267:5637	148	1.0	101.0	best_hit_to_mtDNA	48
-	A	36	HG006_all_regions	HG006_chr17.22520868.22521877|HISEQ1:60:HB6D7ADXX:2:1101:8267:5637	HG006_chr17.22520868.22521877|HISEQ1:60:HB6D7ADXX:2:1101:8267:5637	148	1.0	101.0	best_hit_to_mtDNA	48
-	A	37	HG006_all_regions	HG006_chr17.22520868.22521877|HISEQ1:60:HB6D7ADXX:2:1101:8267:5637	HG006_chr17.22520868.22521877|HISEQ1:60:HB6D7ADXX:2:1101:8267:5637	148	1.0	101.0	best_hit_to_mtDNA	48
-	T	38	HG006_all_regions	HG006_chr17.22520868.22521877|HISEQ1:60:HB6D7ADXX:2:1101:8267:5637	HG006_chr17.22520868.22521877|HISEQ1:60:HB6D7ADXX:2:1101:8267:5637	148	1.0	101.0	best_hit_to_mtDNA	48
-	A	39	HG006_all_regions	HG006_chr17.22520868.22521877|HISEQ1:60:HB6D7ADXX:2:1101:8267:5637	HG006_chr17.22520868.22521877|HISEQ1:60:HB6D7ADXX:2:1101:8267:5637	148	1.0	101.0	best_hit_to_mtDNA	48
-	A	40	HG006_all_regions	HG006_chr17.22520868.22521877|HISEQ1:60:HB6D7ADXX:2:1101:8267:5637	HG006_chr17.22520868.22521877|HISEQ1:60:HB6D7ADXX:2:1101:8267:5637	148	1.0	101.0	best_hit_to_mtDNA	48
-	G	41	HG006_all_regions	HG006_chr17.22520868.22521877|HISEQ1:60:HB6D7ADXX:2:1101:8267:5637	HG006_chr17.22520868.22521877|HISEQ1:60:HB6D7ADXX:2:1101:8267:5637	148	1.0	101.0	best_hit_to_mtDNA	48
-	A	42	HG006_all_regions	HG006_chr17.22520868.22521877|HISEQ1:60:HB6D7ADXX:2:1101:8267:5637	HG006_chr17.22520868.22521877|HISEQ1:60:HB6D7ADXX:2:1101:8267:5637	148	1.0	101.0	best_hit_to_mtDNA	48
-	C	43	HG006_all_regions	HG006_chr17.22520868.22521877|HISEQ1:60:HB6D7ADXX:2:1101:8267:5637	HG006_chr17.22520868.22521877|HISEQ1:60:HB6D7ADXX:2:1101:8267:5637	148	1.0	101.0	best_hit_to_mtDNA	48
-	A	44	HG006_all_regions	HG006_chr17.22520868.22521877|HISEQ1:60:HB6D7ADXX:2:1101:8267:5637	HG006_chr17.22520868.22521877|HISEQ1:60:HB6D7ADXX:2:1101:8267:5637	148	1.0	101.0	best_hit_to_mtDNA	48
-	T	45	HG006_all_regions	HG006_chr17.22520868.22521877|HISEQ1:60:HB6D7ADXX:2:1101:8267:5637	HG006_chr17.22520868.22521877|HISEQ1:60:HB6D7ADXX:2:1101:8267:5637	148	1.0	101.0	best_hit_to_mtDNA	48
-	C	46	HG006_all_regions	HG006_chr17.22520868.22521877|HISEQ1:60:HB6D7ADXX:2:1101:8267:5637	HG006_chr17.22520868.22521877|HISEQ1:60:HB6D7ADXX:2:1101:8267:5637	148	1.0	101.0	best_hit_to_mtDNA	48
-	A	47	HG006_all_regions	HG006_chr17.22520868.22521877|HISEQ1:60:HB6D7ADXX:2:1101:8267:5637	HG006_chr17.22520868.22521877|HISEQ1:60:HB6D7ADXX:2:1101:8267:5637	148	1.0	101.0	best_hit_to_mtDNA	48
-	C	48	HG006_all_regions	HG006_chr17.22520868.22521877|HISEQ1:60:HB6D7ADXX:2:1101:8267:5637	HG006_chr17.22520868.22521877|HISEQ1:60:HB6D7ADXX:2:1101:8267:5637	148	1.0	101.0	best_hit_to_mtDNA	48
-	G	49	HG006_all_regions	HG006_chr17.22520868.22521877|HISEQ1:60:HB6D7ADXX:2:1101:8267:5637	HG006_chr17.22520868.22521877|HISEQ1:60:HB6D7ADXX:2:1101:8267:5637	148	1.0	101.0	best_hit_to_mtDNA	48
-	A	50	HG006_all_regions	HG006_chr17.22520868.22521877|HISEQ1:60:HB6D7ADXX:2:1101:8267:5637	HG006_chr17.22520868.22521877|HISEQ1:60:HB6D7ADXX:2:1101:8267:5637	148	1.0	101.0	best_hit_to_mtDNA	48
-	T	51	HG006_all_regions	HG006_chr17.22520868.22521877|HISEQ1:60:HB6D7ADXX:2:1101:8267:5637	HG006_chr17.22520868.22521877|HISEQ1:60:HB6D7ADXX:2:1101:8267:5637	148	1.0	101.0	best_hit_to_mtDNA	48
-	G	52	HG006_all_regions	HG006_chr17.22520868.22521877|HISEQ1:60:HB6D7ADXX:2:1101:8267:5637	HG006_chr17.22520868.22521877|HISEQ1:60:HB6D7ADXX:2:1101:8267:5637	148	1.0	101.0	best_hit_to_mtDNA	48
-	A	6	HG006_all_regions	HG006_chr17.22520868.22521877|HISEQ1:58:HB675ADXX:2:1202:11813:65293	HG006_chr17.22520868.22521877|HISEQ1:58:HB675ADXX:2:1202:11813:65293	148	1.0	101.0	best_hit_to_mtDNA	48
-	A	7	HG006_all_regions	HG006_chr17.22520868.22521877|HISEQ1:58:HB675ADXX:2:1202:11813:65293	HG006_chr17.22520868.22521877|HISEQ1:58:HB675ADXX:2:1202:11813:65293	148	1.0	101.0	best_hit_to_mtDNA	48
-	A	8	HG006_all_regions	HG006_chr17.22520868.22521877|HISEQ1:58:HB675ADXX:2:1202:11813:65293	HG006_chr17.22520868.22521877|HISEQ1:58:HB675ADXX:2:1202:11813:65293	148	1.0	101.0	best_hit_to_mtDNA	48
-	G	9	HG006_all_regions	HG006_chr17.22520868.22521877|HISEQ1:58:HB675ADXX:2:1202:11813:65293	HG006_chr17.22520868.22521877|HISEQ1:58:HB675ADXX:2:1202:11813:65293	148	1.0	101.0	best_hit_to_mtDNA	48
-	C	10	HG006_all_regions	HG006_chr17.22520868.22521877|HISEQ1:58:HB675ADXX:2:1202:11813:65293	HG006_chr17.22520868.22521877|HISEQ1:58:HB675ADXX:2:1202:11813:65293	148	1.0	101.0	best_hit_to_mtDNA	48
-	C	11	HG006_all_regions	HG006_chr17.22520868.22521877|HISEQ1:58:HB675ADXX:2:1202:11813:65293	HG006_chr17.22520868.22521877|HISEQ1:58:HB675ADXX:2:1202:11813:65293	148	1.0	101.0	best_hit_to_mtDNA	48
-	T	12	HG006_all_regions	HG006_chr17.22520868.22521877|HISEQ1:58:HB675ADXX:2:1202:11813:65293	HG006_chr17.22520868.22521877|HISEQ1:58:HB675ADXX:2:1202:11813:65293	148	1.0	101.0	best_hit_to_mtDNA	48
-	A	13	HG006_all_regions	HG006_chr17.22520868.22521877|HISEQ1:58:HB675ADXX:2:1202:11813:65293	HG006_chr17.22520868.22521877|HISEQ1:58:HB675ADXX:2:1202:11813:65293	148	1.0	101.0	best_hit_to_mtDNA	48
-	A	14	HG006_all_regions	HG006_chr17.22520868.22521877|HISEQ1:58:HB675ADXX:2:1202:11813:65293	HG006_chr17.22520868.22521877|HISEQ1:58:HB675ADXX:2:1202:11813:65293	148	1.0	101.0	best_hit_to_mtDNA	48
-	A	15	HG006_all_regions	HG006_chr17.22520868.22521877|HISEQ1:58:HB675ADXX:2:1202:11813:65293	HG006_chr17.22520868.22521877|HISEQ1:58:HB675ADXX:2:1202:11813:65293	148	1.0	101.0	best_hit_to_mtDNA	48
-	T	16	HG006_all_regions	HG006_chr17.22520868.22521877|HISEQ1:58:HB675ADXX:2:1202:11813:65293	HG006_chr17.22520868.22521877|HISEQ1:58:HB675ADXX:2:1202:11813:65293	148	1.0	101.0	best_hit_to_mtDNA	48
-	A	17	HG006_all_regions	HG006_chr17.22520868.22521877|HISEQ1:58:HB675ADXX:2:1202:11813:65293	HG006_chr17.22520868.22521877|HISEQ1:58:HB675ADXX:2:1202:11813:65293	148	1.0	101.0	best_hit_to_mtDNA	48
-	G	18	HG006_all_regions	HG006_chr17.22520868.22521877|HISEQ1:58:HB675ADXX:2:1202:11813:65293	HG006_chr17.22520868.22521877|HISEQ1:58:HB675ADXX:2:1202:11813:65293	148	1.0	101.0	best_hit_to_mtDNA	48
-	C	19	HG006_all_regions	HG006_chr17.22520868.22521877|HISEQ1:58:HB675ADXX:2:1202:11813:65293	HG006_chr17.22520868.22521877|HISEQ1:58:HB675ADXX:2:1202:11813:65293	148	1.0	101.0	best_hit_to_mtDNA	48
-	C	20	HG006_all_regions	HG006_chr17.22520868.22521877|HISEQ1:58:HB675ADXX:2:1202:11813:65293	HG006_chr17.22520868.22521877|HISEQ1:58:HB675ADXX:2:1202:11813:65293	148	1.0	101.0	best_hit_to_mtDNA	48
-	C	21	HG006_all_regions	HG006_chr17.22520868.22521877|HISEQ1:58:HB675ADXX:2:1202:11813:65293	HG006_chr17.22520868.22521877|HISEQ1:58:HB675ADXX:2:1202:11813:65293	148	1.0	101.0	best_hit_to_mtDNA	48
-	A	22	HG006_all_regions	HG006_chr17.22520868.22521877|HISEQ1:58:HB675ADXX:2:1202:11813:65293	HG006_chr17.22520868.22521877|HISEQ1:58:HB675ADXX:2:1202:11813:65293	148	1.0	101.0	best_hit_to_mtDNA	48
-	C	23	HG006_all_regions	HG006_chr17.22520868.22521877|HISEQ1:58:HB675ADXX:2:1202:11813:65293	HG006_chr17.22520868.22521877|HISEQ1:58:HB675ADXX:2:1202:11813:65293	148	1.0	101.0	best_hit_to_mtDNA	48
-	A	24	HG006_all_regions	HG006_chr17.22520868.22521877|HISEQ1:58:HB675ADXX:2:1202:11813:65293	HG006_chr17.22520868.22521877|HISEQ1:58:HB675ADXX:2:1202:11813:65293	148	1.0	101.0	best_hit_to_mtDNA	48
-	C	25	HG006_all_regions	HG006_chr17.22520868.22521877|HISEQ1:58:HB675ADXX:2:1202:11813:65293	HG006_chr17.22520868.22521877|HISEQ1:58:HB675ADXX:2:1202:11813:65293	148	1.0	101.0	best_hit_to_mtDNA	48
-	G	26	HG006_all_regions	HG006_chr17.22520868.22521877|HISEQ1:58:HB675ADXX:2:1202:11813:65293	HG006_chr17.22520868.22521877|HISEQ1:58:HB675ADXX:2:1202:11813:65293	148	1.0	101.0	best_hit_to_mtDNA	48
-	T	27	HG006_all_regions	HG006_chr17.22520868.22521877|HISEQ1:58:HB675ADXX:2:1202:11813:65293	HG006_chr17.22520868.22521877|HISEQ1:58:HB675ADXX:2:1202:11813:65293	148	1.0	101.0	best_hit_to_mtDNA	48
-	T	28	HG006_all_regions	HG006_chr17.22520868.22521877|HISEQ1:58:HB675ADXX:2:1202:11813:65293	HG006_chr17.22520868.22521877|HISEQ1:58:HB675ADXX:2:1202:11813:65293	148	1.0	101.0	best_hit_to_mtDNA	48
-	C	29	HG006_all_regions	HG006_chr17.22520868.22521877|HISEQ1:58:HB675ADXX:2:1202:11813:65293	HG006_chr17.22520868.22521877|HISEQ1:58:HB675ADXX:2:1202:11813:65293	148	1.0	101.0	best_hit_to_mtDNA	48
-	C	30	HG006_all_regions	HG006_chr17.22520868.22521877|HISEQ1:58:HB675ADXX:2:1202:11813:65293	HG006_chr17.22520868.22521877|HISEQ1:58:HB675ADXX:2:1202:11813:65293	148	1.0	101.0	best_hit_to_mtDNA	48
-	C	31	HG006_all_regions	HG006_chr17.22520868.22521877|HISEQ1:58:HB675ADXX:2:1202:11813:65293	HG006_chr17.22520868.22521877|HISEQ1:58:HB675ADXX:2:1202:11813:65293	148	1.0	101.0	best_hit_to_mtDNA	48
-	C	32	HG006_all_regions	HG006_chr17.22520868.22521877|HISEQ1:58:HB675ADXX:2:1202:11813:65293	HG006_chr17.22520868.22521877|HISEQ1:58:HB675ADXX:2:1202:11813:65293	148	1.0	101.0	best_hit_to_mtDNA	48
-	T	33	HG006_all_regions	HG006_chr17.22520868.22521877|HISEQ1:58:HB675ADXX:2:1202:11813:65293	HG006_chr17.22520868.22521877|HISEQ1:58:HB675ADXX:2:1202:11813:65293	148	1.0	101.0	best_hit_to_mtDNA	48
-	T	34	HG006_all_regions	HG006_chr17.22520868.22521877|HISEQ1:58:HB675ADXX:2:1202:11813:65293	HG006_chr17.22520868.22521877|HISEQ1:58:HB675ADXX:2:1202:11813:65293	148	1.0	101.0	best_hit_to_mtDNA	48
-	A	35	HG006_all_regions	HG006_chr17.22520868.22521877|HISEQ1:58:HB675ADXX:2:1202:11813:65293	HG006_chr17.22520868.22521877|HISEQ1:58:HB675ADXX:2:1202:11813:65293	148	1.0	101.0	best_hit_to_mtDNA	48
-	A	36	HG006_all_regions	HG006_chr17.22520868.22521877|HISEQ1:58:HB675ADXX:2:1202:11813:65293	HG006_chr17.22520868.22521877|HISEQ1:58:HB675ADXX:2:1202:11813:65293	148	1.0	101.0	best_hit_to_mtDNA	48
-	A	37	HG006_all_regions	HG006_chr17.22520868.22521877|HISEQ1:58:HB675ADXX:2:1202:11813:65293	HG006_chr17.22520868.22521877|HISEQ1:58:HB675ADXX:2:1202:11813:65293	148	1.0	101.0	best_hit_to_mtDNA	48
-	T	38	HG006_all_regions	HG006_chr17.22520868.22521877|HISEQ1:58:HB675ADXX:2:1202:11813:65293	HG006_chr17.22520868.22521877|HISEQ1:58:HB675ADXX:2:1202:11813:65293	148	1.0	101.0	best_hit_to_mtDNA	48
-	A	39	HG006_all_regions	HG006_chr17.22520868.22521877|HISEQ1:58:HB675ADXX:2:1202:11813:65293	HG006_chr17.22520868.22521877|HISEQ1:58:HB675ADXX:2:1202:11813:65293	148	1.0	101.0	best_hit_to_mtDNA	48
-	A	40	HG006_all_regions	HG006_chr17.22520868.22521877|HISEQ1:58:HB675ADXX:2:1202:11813:65293	HG006_chr17.22520868.22521877|HISEQ1:58:HB675ADXX:2:1202:11813:65293	148	1.0	101.0	best_hit_to_mtDNA	48
-	G	41	HG006_all_regions	HG006_chr17.22520868.22521877|HISEQ1:58:HB675ADXX:2:1202:11813:65293	HG006_chr17.22520868.22521877|HISEQ1:58:HB675ADXX:2:1202:11813:65293	148	1.0	101.0	best_hit_to_mtDNA	48
-	A	42	HG006_all_regions	HG006_chr17.22520868.22521877|HISEQ1:58:HB675ADXX:2:1202:11813:65293	HG006_chr17.22520868.22521877|HISEQ1:58:HB675ADXX:2:1202:11813:65293	148	1.0	101.0	best_hit_to_mtDNA	48
-	C	43	HG006_all_regions	HG006_chr17.22520868.22521877|HISEQ1:58:HB675ADXX:2:1202:11813:65293	HG006_chr17.22520868.22521877|HISEQ1:58:HB675ADXX:2:1202:11813:65293	148	1.0	101.0	best_hit_to_mtDNA	48
-	A	44	HG006_all_regions	HG006_chr17.22520868.22521877|HISEQ1:58:HB675ADXX:2:1202:11813:65293	HG006_chr17.22520868.22521877|HISEQ1:58:HB675ADXX:2:1202:11813:65293	148	1.0	101.0	best_hit_to_mtDNA	48
-	T	45	HG006_all_regions	HG006_chr17.22520868.22521877|HISEQ1:58:HB675ADXX:2:1202:11813:65293	HG006_chr17.22520868.22521877|HISEQ1:58:HB675ADXX:2:1202:11813:65293	148	1.0	101.0	best_hit_to_mtDNA	48
-	C	46	HG006_all_regions	HG006_chr17.22520868.22521877|HISEQ1:58:HB675ADXX:2:1202:11813:65293	HG006_chr17.22520868.22521877|HISEQ1:58:HB675ADXX:2:1202:11813:65293	148	1.0	101.0	best_hit_to_mtDNA	48
-	A	47	HG006_all_regions	HG006_chr17.22520868.22521877|HISEQ1:58:HB675ADXX:2:1202:11813:65293	HG006_chr17.22520868.22521877|HISEQ1:58:HB675ADXX:2:1202:11813:65293	148	1.0	101.0	best_hit_to_mtDNA	48
-	C	48	HG006_all_regions	HG006_chr17.22520868.22521877|HISEQ1:58:HB675ADXX:2:1202:11813:65293	HG006_chr17.22520868.22521877|HISEQ1:58:HB675ADXX:2:1202:11813:65293	148	1.0	101.0	best_hit_to_mtDNA	48
-	G	49	HG006_all_regions	HG006_chr17.22520868.22521877|HISEQ1:58:HB675ADXX:2:1202:11813:65293	HG006_chr17.22520868.22521877|HISEQ1:58:HB675ADXX:2:1202:11813:65293	148	1.0	101.0	best_hit_to_mtDNA	48
-	A	50	HG006_all_regions	HG006_chr17.22520868.22521877|HISEQ1:58:HB675ADXX:2:1202:11813:65293	HG006_chr17.22520868.22521877|HISEQ1:58:HB675ADXX:2:1202:11813:65293	148	1.0	101.0	best_hit_to_mtDNA	48
-	T	51	HG006_all_regions	HG006_chr17.22520868.22521877|HISEQ1:58:HB675ADXX:2:1202:11813:65293	HG006_chr17.22520868.22521877|HISEQ1:58:HB675ADXX:2:1202:11813:65293	148	1.0	101.0	best_hit_to_mtDNA	48
-	G	52	HG006_all_regions	HG006_chr17.22520868.22521877|HISEQ1:58:HB675ADXX:2:1202:11813:65293	HG006_chr17.22520868.22521877|HISEQ1:58:HB675ADXX:2:1202:11813:65293	148	1.0	101.0	best_hit_to_mtDNA	48
-	T	2	HG006_all_regions	HG006_chr17.22520868.22521877|HISEQ1:65:HB7ACADXX:2:2109:12618:27560	HG006_chr17.22520868.22521877|HISEQ1:65:HB7ACADXX:2:2109:12618:27560	148	1.0	96.0	best_hit_to_mtDNA	56
-	C	3	HG006_all_regions	HG006_chr17.22520868.22521877|HISEQ1:65:HB7ACADXX:2:2109:12618:27560	HG006_chr17.22520868.22521877|HISEQ1:65:HB7ACADXX:2:2109:12618:27560	148	1.0	96.0	best_hit_to_mtDNA	56
-	A	4	HG006_all_regions	HG006_chr17.22520868.22521877|HISEQ1:65:HB7ACADXX:2:2109:12618:27560	HG006_chr17.22520868.22521877|HISEQ1:65:HB7ACADXX:2:2109:12618:27560	148	1.0	96.0	best_hit_to_mtDNA	56
-	T	5	HG006_all_regions	HG006_chr17.22520868.22521877|HISEQ1:65:HB7ACADXX:2:2109:12618:27560	HG006_chr17.22520868.22521877|HISEQ1:65:HB7ACADXX:2:2109:12618:27560	148	1.0	96.0	best_hit_to_mtDNA	56
-	A	6	HG006_all_regions	HG006_chr17.22520868.22521877|HISEQ1:65:HB7ACADXX:2:2109:12618:27560	HG006_chr17.22520868.22521877|HISEQ1:65:HB7ACADXX:2:2109:12618:27560	148	1.0	96.0	best_hit_to_mtDNA	56
-	A	7	HG006_all_regions	HG006_chr17.22520868.22521877|HISEQ1:65:HB7ACADXX:2:2109:12618:27560	HG006_chr17.22520868.22521877|HISEQ1:65:HB7ACADXX:2:2109:12618:27560	148	1.0	96.0	best_hit_to_mtDNA	56
-	A	8	HG006_all_regions	HG006_chr17.22520868.22521877|HISEQ1:65:HB7ACADXX:2:2109:12618:27560	HG006_chr17.22520868.22521877|HISEQ1:65:HB7ACADXX:2:2109:12618:27560	148	1.0	96.0	best_hit_to_mtDNA	56
-	G	9	HG006_all_regions	HG006_chr17.22520868.22521877|HISEQ1:65:HB7ACADXX:2:2109:12618:27560	HG006_chr17.22520868.22521877|HISEQ1:65:HB7ACADXX:2:2109:12618:27560	148	1.0	96.0	best_hit_to_mtDNA	56
-	C	10	HG006_all_regions	HG006_chr17.22520868.22521877|HISEQ1:65:HB7ACADXX:2:2109:12618:27560	HG006_chr17.22520868.22521877|HISEQ1:65:HB7ACADXX:2:2109:12618:27560	148	1.0	96.0	best_hit_to_mtDNA	56
-	C	11	HG006_all_regions	HG006_chr17.22520868.22521877|HISEQ1:65:HB7ACADXX:2:2109:12618:27560	HG006_chr17.22520868.22521877|HISEQ1:65:HB7ACADXX:2:2109:12618:27560	148	1.0	96.0	best_hit_to_mtDNA	56
-	T	12	HG006_all_regions	HG006_chr17.22520868.22521877|HISEQ1:65:HB7ACADXX:2:2109:12618:27560	HG006_chr17.22520868.22521877|HISEQ1:65:HB7ACADXX:2:2109:12618:27560	148	1.0	96.0	best_hit_to_mtDNA	56
-	A	13	HG006_all_regions	HG006_chr17.22520868.22521877|HISEQ1:65:HB7ACADXX:2:2109:12618:27560	HG006_chr17.22520868.22521877|HISEQ1:65:HB7ACADXX:2:2109:12618:27560	148	1.0	96.0	best_hit_to_mtDNA	56
-	A	14	HG006_all_regions	HG006_chr17.22520868.22521877|HISEQ1:65:HB7ACADXX:2:2109:12618:27560	HG006_chr17.22520868.22521877|HISEQ1:65:HB7ACADXX:2:2109:12618:27560	148	1.0	96.0	best_hit_to_mtDNA	56
-	A	15	HG006_all_regions	HG006_chr17.22520868.22521877|HISEQ1:65:HB7ACADXX:2:2109:12618:27560	HG006_chr17.22520868.22521877|HISEQ1:65:HB7ACADXX:2:2109:12618:27560	148	1.0	96.0	best_hit_to_mtDNA	56
-	T	16	HG006_all_regions	HG006_chr17.22520868.22521877|HISEQ1:65:HB7ACADXX:2:2109:12618:27560	HG006_chr17.22520868.22521877|HISEQ1:65:HB7ACADXX:2:2109:12618:27560	148	1.0	96.0	best_hit_to_mtDNA	56
-	A	17	HG006_all_regions	HG006_chr17.22520868.22521877|HISEQ1:65:HB7ACADXX:2:2109:12618:27560	HG006_chr17.22520868.22521877|HISEQ1:65:HB7ACADXX:2:2109:12618:27560	148	1.0	96.0	best_hit_to_mtDNA	56
-	G	18	HG006_all_regions	HG006_chr17.22520868.22521877|HISEQ1:65:HB7ACADXX:2:2109:12618:27560	HG006_chr17.22520868.22521877|HISEQ1:65:HB7ACADXX:2:2109:12618:27560	148	1.0	96.0	best_hit_to_mtDNA	56
-	C	19	HG006_all_regions	HG006_chr17.22520868.22521877|HISEQ1:65:HB7ACADXX:2:2109:12618:27560	HG006_chr17.22520868.22521877|HISEQ1:65:HB7ACADXX:2:2109:12618:27560	148	1.0	96.0	best_hit_to_mtDNA	56
-	C	20	HG006_all_regions	HG006_chr17.22520868.22521877|HISEQ1:65:HB7ACADXX:2:2109:12618:27560	HG006_chr17.22520868.22521877|HISEQ1:65:HB7ACADXX:2:2109:12618:27560	148	1.0	96.0	best_hit_to_mtDNA	56
-	C	21	HG006_all_regions	HG006_chr17.22520868.22521877|HISEQ1:65:HB7ACADXX:2:2109:12618:27560	HG006_chr17.22520868.22521877|HISEQ1:65:HB7ACADXX:2:2109:12618:27560	148	1.0	96.0	best_hit_to_mtDNA	56
-	A	22	HG006_all_regions	HG006_chr17.22520868.22521877|HISEQ1:65:HB7ACADXX:2:2109:12618:27560	HG006_chr17.22520868.22521877|HISEQ1:65:HB7ACADXX:2:2109:12618:27560	148	1.0	96.0	best_hit_to_mtDNA	56
-	C	23	HG006_all_regions	HG006_chr17.22520868.22521877|HISEQ1:65:HB7ACADXX:2:2109:12618:27560	HG006_chr17.22520868.22521877|HISEQ1:65:HB7ACADXX:2:2109:12618:27560	148	1.0	96.0	best_hit_to_mtDNA	56
-	A	24	HG006_all_regions	HG006_chr17.22520868.22521877|HISEQ1:65:HB7ACADXX:2:2109:12618:27560	HG006_chr17.22520868.22521877|HISEQ1:65:HB7ACADXX:2:2109:12618:27560	148	1.0	96.0	best_hit_to_mtDNA	56
-	C	25	HG006_all_regions	HG006_chr17.22520868.22521877|HISEQ1:65:HB7ACADXX:2:2109:12618:27560	HG006_chr17.22520868.22521877|HISEQ1:65:HB7ACADXX:2:2109:12618:27560	148	1.0	96.0	best_hit_to_mtDNA	56
-	G	26	HG006_all_regions	HG006_chr17.22520868.22521877|HISEQ1:65:HB7ACADXX:2:2109:12618:27560	HG006_chr17.22520868.22521877|HISEQ1:65:HB7ACADXX:2:2109:12618:27560	148	1.0	96.0	best_hit_to_mtDNA	56
-	T	27	HG006_all_regions	HG006_chr17.22520868.22521877|HISEQ1:65:HB7ACADXX:2:2109:12618:27560	HG006_chr17.22520868.22521877|HISEQ1:65:HB7ACADXX:2:2109:12618:27560	148	1.0	96.0	best_hit_to_mtDNA	56
-	T	28	HG006_all_regions	HG006_chr17.22520868.22521877|HISEQ1:65:HB7ACADXX:2:2109:12618:27560	HG006_chr17.22520868.22521877|HISEQ1:65:HB7ACADXX:2:2109:12618:27560	148	1.0	96.0	best_hit_to_mtDNA	56
-	C	29	HG006_all_regions	HG006_chr17.22520868.22521877|HISEQ1:65:HB7ACADXX:2:2109:12618:27560	HG006_chr17.22520868.22521877|HISEQ1:65:HB7ACADXX:2:2109:12618:27560	148	1.0	96.0	best_hit_to_mtDNA	56
-	C	30	HG006_all_regions	HG006_chr17.22520868.22521877|HISEQ1:65:HB7ACADXX:2:2109:12618:27560	HG006_chr17.22520868.22521877|HISEQ1:65:HB7ACADXX:2:2109:12618:27560	148	1.0	96.0	best_hit_to_mtDNA	56
-	C	31	HG006_all_regions	HG006_chr17.22520868.22521877|HISEQ1:65:HB7ACADXX:2:2109:12618:27560	HG006_chr17.22520868.22521877|HISEQ1:65:HB7ACADXX:2:2109:12618:27560	148	1.0	96.0	best_hit_to_mtDNA	56
-	C	32	HG006_all_regions	HG006_chr17.22520868.22521877|HISEQ1:65:HB7ACADXX:2:2109:12618:27560	HG006_chr17.22520868.22521877|HISEQ1:65:HB7ACADXX:2:2109:12618:27560	148	1.0	96.0	best_hit_to_mtDNA	56
-	T	33	HG006_all_regions	HG006_chr17.22520868.22521877|HISEQ1:65:HB7ACADXX:2:2109:12618:27560	HG006_chr17.22520868.22521877|HISEQ1:65:HB7ACADXX:2:2109:12618:27560	148	1.0	96.0	best_hit_to_mtDNA	56
-	T	34	HG006_all_regions	HG006_chr17.22520868.22521877|HISEQ1:65:HB7ACADXX:2:2109:12618:27560	HG006_chr17.22520868.22521877|HISEQ1:65:HB7ACADXX:2:2109:12618:27560	148	1.0	96.0	best_hit_to_mtDNA	56
-	A	35	HG006_all_regions	HG006_chr17.22520868.22521877|HISEQ1:65:HB7ACADXX:2:2109:12618:27560	HG006_chr17.22520868.22521877|HISEQ1:65:HB7ACADXX:2:2109:12618:27560	148	1.0	96.0	best_hit_to_mtDNA	56
-	A	36	HG006_all_regions	HG006_chr17.22520868.22521877|HISEQ1:65:HB7ACADXX:2:2109:12618:27560	HG006_chr17.22520868.22521877|HISEQ1:65:HB7ACADXX:2:2109:12618:27560	148	1.0	96.0	best_hit_to_mtDNA	56
-	A	37	HG006_all_regions	HG006_chr17.22520868.22521877|HISEQ1:65:HB7ACADXX:2:2109:12618:27560	HG006_chr17.22520868.22521877|HISEQ1:65:HB7ACADXX:2:2109:12618:27560	148	1.0	96.0	best_hit_to_mtDNA	56
-	T	38	HG006_all_regions	HG006_chr17.22520868.22521877|HISEQ1:65:HB7ACADXX:2:2109:12618:27560	HG006_chr17.22520868.22521877|HISEQ1:65:HB7ACADXX:2:2109:12618:27560	148	1.0	96.0	best_hit_to_mtDNA	56
-	A	39	HG006_all_regions	HG006_chr17.22520868.22521877|HISEQ1:65:HB7ACADXX:2:2109:12618:27560	HG006_chr17.22520868.22521877|HISEQ1:65:HB7ACADXX:2:2109:12618:27560	148	1.0	96.0	best_hit_to_mtDNA	56
-	A	40	HG006_all_regions	HG006_chr17.22520868.22521877|HISEQ1:65:HB7ACADXX:2:2109:12618:27560	HG006_chr17.22520868.22521877|HISEQ1:65:HB7ACADXX:2:2109:12618:27560	148	1.0	96.0	best_hit_to_mtDNA	56
-	G	41	HG006_all_regions	HG006_chr17.22520868.22521877|HISEQ1:65:HB7ACADXX:2:2109:12618:27560	HG006_chr17.22520868.22521877|HISEQ1:65:HB7ACADXX:2:2109:12618:27560	148	1.0	96.0	best_hit_to_mtDNA	56
-	A	42	HG006_all_regions	HG006_chr17.22520868.22521877|HISEQ1:65:HB7ACADXX:2:2109:12618:27560	HG006_chr17.22520868.22521877|HISEQ1:65:HB7ACADXX:2:2109:12618:27560	148	1.0	96.0	best_hit_to_mtDNA	56
-	C	43	HG006_all_regions	HG006_chr17.22520868.22521877|HISEQ1:65:HB7ACADXX:2:2109:12618:27560	HG006_chr17.22520868.22521877|HISEQ1:65:HB7ACADXX:2:2109:12618:27560	148	1.0	96.0	best_hit_to_mtDNA	56
-	A	44	HG006_all_regions	HG006_chr17.22520868.22521877|HISEQ1:65:HB7ACADXX:2:2109:12618:27560	HG006_chr17.22520868.22521877|HISEQ1:65:HB7ACADXX:2:2109:12618:27560	148	1.0	96.0	best_hit_to_mtDNA	56
-	T	45	HG006_all_regions	HG006_chr17.22520868.22521877|HISEQ1:65:HB7ACADXX:2:2109:12618:27560	HG006_chr17.22520868.22521877|HISEQ1:65:HB7ACADXX:2:2109:12618:27560	148	1.0	96.0	best_hit_to_mtDNA	56
-	C	46	HG006_all_regions	HG006_chr17.22520868.22521877|HISEQ1:65:HB7ACADXX:2:2109:12618:27560	HG006_chr17.22520868.22521877|HISEQ1:65:HB7ACADXX:2:2109:12618:27560	148	1.0	96.0	best_hit_to_mtDNA	56
-	A	47	HG006_all_regions	HG006_chr17.22520868.22521877|HISEQ1:65:HB7ACADXX:2:2109:12618:27560	HG006_chr17.22520868.22521877|HISEQ1:65:HB7ACADXX:2:2109:12618:27560	148	1.0	96.0	best_hit_to_mtDNA	56
-	C	48	HG006_all_regions	HG006_chr17.22520868.22521877|HISEQ1:65:HB7ACADXX:2:2109:12618:27560	HG006_chr17.22520868.22521877|HISEQ1:65:HB7ACADXX:2:2109:12618:27560	148	1.0	96.0	best_hit_to_mtDNA	56
-	G	49	HG006_all_regions	HG006_chr17.22520868.22521877|HISEQ1:65:HB7ACADXX:2:2109:12618:27560	HG006_chr17.22520868.22521877|HISEQ1:65:HB7ACADXX:2:2109:12618:27560	148	1.0	96.0	best_hit_to_mtDNA	56
-	A	50	HG006_all_regions	HG006_chr17.22520868.22521877|HISEQ1:65:HB7ACADXX:2:2109:12618:27560	HG006_chr17.22520868.22521877|HISEQ1:65:HB7ACADXX:2:2109:12618:27560	148	1.0	96.0	best_hit_to_mtDNA	56
-	T	51	HG006_all_regions	HG006_chr17.22520868.22521877|HISEQ1:65:HB7ACADXX:2:2109:12618:27560	HG006_chr17.22520868.22521877|HISEQ1:65:HB7ACADXX:2:2109:12618:27560	148	1.0	96.0	best_hit_to_mtDNA	56
-	G	52	HG006_all_regions	HG006_chr17.22520868.22521877|HISEQ1:65:HB7ACADXX:2:2109:12618:27560	HG006_chr17.22520868.22521877|HISEQ1:65:HB7ACADXX:2:2109:12618:27560	148	1.0	96.0	best_hit_to_mtDNA	56
A	C	57	HG006_all_regions	HG006_chr17.22520868.22521877|HISEQ1:65:HB7ACADXX:2:2109:12618:27560	HG006_chr17.22520868.22521877|HISEQ1:65:HB7ACADXX:2:2109:12618:27560	148	1.0	96.0	best_hit_to_mtDNA	56
A	G	68	HG006_all_regions	HG006_chr17.22520868.22521877|HISEQ1:65:HB7ACADXX:2:2109:12618:27560	HG006_chr17.22520868.22521877|HISEQ1:65:HB7ACADXX:2:2109:12618:27560	148	1.0	96.0	best_hit_to_mtDNA	56
A	G	80	HG006_all_regions	HG006_chr17.22520868.22521877|HISEQ1:65:HB7ACADXX:2:2109:12618:27560	HG006_chr17.22520868.22521877|HISEQ1:65:HB7ACADXX:2:2109:12618:27560	148	1.0	96.0	best_hit_to_mtDNA	56
-	C	25	HG006_all_regions	HG006_chr17.22520868.22521877|HISEQ1:62:HB657ADXX:2:1116:9507:83713	HG006_chr17.22520868.22521877|HISEQ1:62:HB657ADXX:2:1116:9507:83713	148	1.0	120.0	best_hit_to_mtDNA	35
-	G	26	HG006_all_regions	HG006_chr17.22520868.22521877|HISEQ1:62:HB657ADXX:2:1116:9507:83713	HG006_chr17.22520868.22521877|HISEQ1:62:HB657ADXX:2:1116:9507:83713	148	1.0	120.0	best_hit_to_mtDNA	35
-	T	27	HG006_all_regions	HG006_chr17.22520868.22521877|HISEQ1:62:HB657ADXX:2:1116:9507:83713	HG006_chr17.22520868.22521877|HISEQ1:62:HB657ADXX:2:1116:9507:83713	148	1.0	120.0	best_hit_to_mtDNA	35
-	C	28	HG006_all_regions	HG006_chr17.22520868.22521877|HISEQ1:62:HB657ADXX:2:1116:9507:83713	HG006_chr17.22520868.22521877|HISEQ1:62:HB657ADXX:2:1116:9507:83713	148	1.0	120.0	best_hit_to_mtDNA	35
-	C	29	HG006_all_regions	HG006_chr17.22520868.22521877|HISEQ1:62:HB657ADXX:2:1116:9507:83713	HG006_chr17.22520868.22521877|HISEQ1:62:HB657ADXX:2:1116:9507:83713	148	1.0	120.0	best_hit_to_mtDNA	35
-	C	30	HG006_all_regions	HG006_chr17.22520868.22521877|HISEQ1:62:HB657ADXX:2:1116:9507:83713	HG006_chr17.22520868.22521877|HISEQ1:62:HB657ADXX:2:1116:9507:83713	148	1.0	120.0	best_hit_to_mtDNA	35
-	C	31	HG006_all_regions	HG006_chr17.22520868.22521877|HISEQ1:62:HB657ADXX:2:1116:9507:83713	HG006_chr17.22520868.22521877|HISEQ1:62:HB657ADXX:2:1116:9507:83713	148	1.0	120.0	best_hit_to_mtDNA	35
-	C	32	HG006_all_regions	HG006_chr17.22520868.22521877|HISEQ1:62:HB657ADXX:2:1116:9507:83713	HG006_chr17.22520868.22521877|HISEQ1:62:HB657ADXX:2:1116:9507:83713	148	1.0	120.0	best_hit_to_mtDNA	35
-	T	33	HG006_all_regions	HG006_chr17.22520868.22521877|HISEQ1:62:HB657ADXX:2:1116:9507:83713	HG006_chr17.22520868.22521877|HISEQ1:62:HB657ADXX:2:1116:9507:83713	148	1.0	120.0	best_hit_to_mtDNA	35
-	T	34	HG006_all_regions	HG006_chr17.22520868.22521877|HISEQ1:62:HB657ADXX:2:1116:9507:83713	HG006_chr17.22520868.22521877|HISEQ1:62:HB657ADXX:2:1116:9507:83713	148	1.0	120.0	best_hit_to_mtDNA	35
-	A	35	HG006_all_regions	HG006_chr17.22520868.22521877|HISEQ1:62:HB657ADXX:2:1116:9507:83713	HG006_chr17.22520868.22521877|HISEQ1:62:HB657ADXX:2:1116:9507:83713	148	1.0	120.0	best_hit_to_mtDNA	35
-	A	36	HG006_all_regions	HG006_chr17.22520868.22521877|HISEQ1:62:HB657ADXX:2:1116:9507:83713	HG006_chr17.22520868.22521877|HISEQ1:62:HB657ADXX:2:1116:9507:83713	148	1.0	120.0	best_hit_to_mtDNA	35
-	A	37	HG006_all_regions	HG006_chr17.22520868.22521877|HISEQ1:62:HB657ADXX:2:1116:9507:83713	HG006_chr17.22520868.22521877|HISEQ1:62:HB657ADXX:2:1116:9507:83713	148	1.0	120.0	best_hit_to_mtDNA	35
-	T	38	HG006_all_regions	HG006_chr17.22520868.22521877|HISEQ1:62:HB657ADXX:2:1116:9507:83713	HG006_chr17.22520868.22521877|HISEQ1:62:HB657ADXX:2:1116:9507:83713	148	1.0	120.0	best_hit_to_mtDNA	35
-	A	39	HG006_all_regions	HG006_chr17.22520868.22521877|HISEQ1:62:HB657ADXX:2:1116:9507:83713	HG006_chr17.22520868.22521877|HISEQ1:62:HB657ADXX:2:1116:9507:83713	148	1.0	120.0	best_hit_to_mtDNA	35
-	A	40	HG006_all_regions	HG006_chr17.22520868.22521877|HISEQ1:62:HB657ADXX:2:1116:9507:83713	HG006_chr17.22520868.22521877|HISEQ1:62:HB657ADXX:2:1116:9507:83713	148	1.0	120.0	best_hit_to_mtDNA	35
-	G	41	HG006_all_regions	HG006_chr17.22520868.22521877|HISEQ1:62:HB657ADXX:2:1116:9507:83713	HG006_chr17.22520868.22521877|HISEQ1:62:HB657ADXX:2:1116:9507:83713	148	1.0	120.0	best_hit_to_mtDNA	35
-	A	42	HG006_all_regions	HG006_chr17.22520868.22521877|HISEQ1:62:HB657ADXX:2:1116:9507:83713	HG006_chr17.22520868.22521877|HISEQ1:62:HB657ADXX:2:1116:9507:83713	148	1.0	120.0	best_hit_to_mtDNA	35
-	C	43	HG006_all_regions	HG006_chr17.22520868.22521877|HISEQ1:62:HB657ADXX:2:1116:9507:83713	HG006_chr17.22520868.22521877|HISEQ1:62:HB657ADXX:2:1116:9507:83713	148	1.0	120.0	best_hit_to_mtDNA	35
-	A	44	HG006_all_regions	HG006_chr17.22520868.22521877|HISEQ1:62:HB657ADXX:2:1116:9507:83713	HG006_chr17.22520868.22521877|HISEQ1:62:HB657ADXX:2:1116:9507:83713	148	1.0	120.0	best_hit_to_mtDNA	35
-	T	45	HG006_all_regions	HG006_chr17.22520868.22521877|HISEQ1:62:HB657ADXX:2:1116:9507:83713	HG006_chr17.22520868.22521877|HISEQ1:62:HB657ADXX:2:1116:9507:83713	148	1.0	120.0	best_hit_to_mtDNA	35
-	C	46	HG006_all_regions	HG006_chr17.22520868.22521877|HISEQ1:62:HB657ADXX:2:1116:9507:83713	HG006_chr17.22520868.22521877|HISEQ1:62:HB657ADXX:2:1116:9507:83713	148	1.0	120.0	best_hit_to_mtDNA	35
-	A	47	HG006_all_regions	HG006_chr17.22520868.22521877|HISEQ1:62:HB657ADXX:2:1116:9507:83713	HG006_chr17.22520868.22521877|HISEQ1:62:HB657ADXX:2:1116:9507:83713	148	1.0	120.0	best_hit_to_mtDNA	35
-	C	48	HG006_all_regions	HG006_chr17.22520868.22521877|HISEQ1:62:HB657ADXX:2:1116:9507:83713	HG006_chr17.22520868.22521877|HISEQ1:62:HB657ADXX:2:1116:9507:83713	148	1.0	120.0	best_hit_to_mtDNA	35
-	G	49	HG006_all_regions	HG006_chr17.22520868.22521877|HISEQ1:62:HB657ADXX:2:1116:9507:83713	HG006_chr17.22520868.22521877|HISEQ1:62:HB657ADXX:2:1116:9507:83713	148	1.0	120.0	best_hit_to_mtDNA	35
-	A	50	HG006_all_regions	HG006_chr17.22520868.22521877|HISEQ1:62:HB657ADXX:2:1116:9507:83713	HG006_chr17.22520868.22521877|HISEQ1:62:HB657ADXX:2:1116:9507:83713	148	1.0	120.0	best_hit_to_mtDNA	35
-	T	51	HG006_all_regions	HG006_chr17.22520868.22521877|HISEQ1:62:HB657ADXX:2:1116:9507:83713	HG006_chr17.22520868.22521877|HISEQ1:62:HB657ADXX:2:1116:9507:83713	148	1.0	120.0	best_hit_to_mtDNA	35
-	G	52	HG006_all_regions	HG006_chr17.22520868.22521877|HISEQ1:62:HB657ADXX:2:1116:9507:83713	HG006_chr17.22520868.22521877|HISEQ1:62:HB657ADXX:2:1116:9507:83713	148	1.0	120.0	best_hit_to_mtDNA	35
A	G	68	HG006_all_regions	HG006_chr17.22520868.22521877|HISEQ1:62:HB657ADXX:2:1116:9507:83713	HG006_chr17.22520868.22521877|HISEQ1:62:HB657ADXX:2:1116:9507:83713	148	1.0	120.0	best_hit_to_mtDNA	35
A	G	77	HG006_all_regions	HG006_chr17.22520868.22521877|HISEQ1:62:HB657ADXX:2:1116:9507:83713	HG006_chr17.22520868.22521877|HISEQ1:62:HB657ADXX:2:1116:9507:83713	148	1.0	120.0	best_hit_to_mtDNA	35
C	T	93	HG006_all_regions	HG006_chr17.22520868.22521877|HISEQ1:62:HB657ADXX:2:1116:9507:83713	HG006_chr17.22520868.22521877|HISEQ1:62:HB657ADXX:2:1116:9507:83713	148	1.0	120.0	best_hit_to_mtDNA	35
C	T	15006	HG006_all_regions	HG006_chr2.33666443.33667605|HISEQ1:65:HB7ACADXX:1:2213:5528:73364	HG006_chr2.33666443.33667605|HISEQ1:65:HB7ACADXX:1:2213:5528:73364	157	14944.0	15022.0	best_hit_to_mtDNA	61
T	C	15012	HG006_all_regions	HG006_chr2.33666443.33667605|HISEQ1:65:HB7ACADXX:1:2213:5528:73364	HG006_chr2.33666443.33667605|HISEQ1:65:HB7ACADXX:1:2213:5528:73364	157	14944.0	15022.0	best_hit_to_mtDNA	61
C	G	14979	HG006_all_regions	HG006_chr2.33666443.33667605|HISEQ1:62:HB657ADXX:2:2114:9210:90393	HG006_chr2.33666443.33667605|HISEQ1:62:HB657ADXX:2:2114:9210:90393	150	14922.0	15022.0	best_hit_to_mtDNA	44
C	T	15006	HG006_all_regions	HG006_chr2.33666443.33667605|HISEQ1:62:HB657ADXX:2:2114:9210:90393	HG006_chr2.33666443.33667605|HISEQ1:62:HB657ADXX:2:2114:9210:90393	150	14922.0	15022.0	best_hit_to_mtDNA	44
T	C	15012	HG006_all_regions	HG006_chr2.33666443.33667605|HISEQ1:62:HB657ADXX:2:2114:9210:90393	HG006_chr2.33666443.33667605|HISEQ1:62:HB657ADXX:2:2114:9210:90393	150	14922.0	15022.0	best_hit_to_mtDNA	44
G	T	14805	HG006_all_regions	HG006_chr2.33666443.33667605|HISEQ1:62:HB657ADXX:1:2214:15662:20056	HG006_chr2.33666443.33667605|HISEQ1:62:HB657ADXX:1:2214:15662:20056	148	14777.0	14896.0	best_hit_to_mtDNA	26
A	T	14806	HG006_all_regions	HG006_chr2.33666443.33667605|HISEQ1:62:HB657ADXX:1:2214:15662:20056	HG006_chr2.33666443.33667605|HISEQ1:62:HB657ADXX:1:2214:15662:20056	148	14777.0	14896.0	best_hit_to_mtDNA	26
C	A	14808	HG006_all_regions	HG006_chr2.33666443.33667605|HISEQ1:62:HB657ADXX:1:2214:15662:20056	HG006_chr2.33666443.33667605|HISEQ1:62:HB657ADXX:1:2214:15662:20056	148	14777.0	14896.0	best_hit_to_mtDNA	26
C	T	14810	HG006_all_regions	HG006_chr2.33666443.33667605|HISEQ1:62:HB657ADXX:1:2214:15662:20056	HG006_chr2.33666443.33667605|HISEQ1:62:HB657ADXX:1:2214:15662:20056	148	14777.0	14896.0	best_hit_to_mtDNA	26
A	G	14811	HG006_all_regions	HG006_chr2.33666443.33667605|HISEQ1:62:HB657ADXX:1:2214:15662:20056	HG006_chr2.33666443.33667605|HISEQ1:62:HB657ADXX:1:2214:15662:20056	148	14777.0	14896.0	best_hit_to_mtDNA	26
A	C	14812	HG006_all_regions	HG006_chr2.33666443.33667605|HISEQ1:62:HB657ADXX:1:2214:15662:20056	HG006_chr2.33666443.33667605|HISEQ1:62:HB657ADXX:1:2214:15662:20056	148	14777.0	14896.0	best_hit_to_mtDNA	26
T	A	14813	HG006_all_regions	HG006_chr2.33666443.33667605|HISEQ1:62:HB657ADXX:1:2214:15662:20056	HG006_chr2.33666443.33667605|HISEQ1:62:HB657ADXX:1:2214:15662:20056	148	14777.0	14896.0	best_hit_to_mtDNA	26
A	T	14814	HG006_all_regions	HG006_chr2.33666443.33667605|HISEQ1:62:HB657ADXX:1:2214:15662:20056	HG006_chr2.33666443.33667605|HISEQ1:62:HB657ADXX:1:2214:15662:20056	148	14777.0	14896.0	best_hit_to_mtDNA	26
C	T	14815	HG006_all_regions	HG006_chr2.33666443.33667605|HISEQ1:62:HB657ADXX:1:2214:15662:20056	HG006_chr2.33666443.33667605|HISEQ1:62:HB657ADXX:1:2214:15662:20056	148	14777.0	14896.0	best_hit_to_mtDNA	26
G	T	14816	HG006_all_regions	HG006_chr2.33666443.33667605|HISEQ1:62:HB657ADXX:1:2214:15662:20056	HG006_chr2.33666443.33667605|HISEQ1:62:HB657ADXX:1:2214:15662:20056	148	14777.0	14896.0	best_hit_to_mtDNA	26
C	A	14817	HG006_all_regions	HG006_chr2.33666443.33667605|HISEQ1:62:HB657ADXX:1:2214:15662:20056	HG006_chr2.33666443.33667605|HISEQ1:62:HB657ADXX:1:2214:15662:20056	148	14777.0	14896.0	best_hit_to_mtDNA	26
A	G	14818	HG006_all_regions	HG006_chr2.33666443.33667605|HISEQ1:62:HB657ADXX:1:2214:15662:20056	HG006_chr2.33666443.33667605|HISEQ1:62:HB657ADXX:1:2214:15662:20056	148	14777.0	14896.0	best_hit_to_mtDNA	26
A	C	14819	HG006_all_regions	HG006_chr2.33666443.33667605|HISEQ1:62:HB657ADXX:1:2214:15662:20056	HG006_chr2.33666443.33667605|HISEQ1:62:HB657ADXX:1:2214:15662:20056	148	14777.0	14896.0	best_hit_to_mtDNA	26
A	T	14820	HG006_all_regions	HG006_chr2.33666443.33667605|HISEQ1:62:HB657ADXX:1:2214:15662:20056	HG006_chr2.33666443.33667605|HISEQ1:62:HB657ADXX:1:2214:15662:20056	148	14777.0	14896.0	best_hit_to_mtDNA	26
A	T	14821	HG006_all_regions	HG006_chr2.33666443.33667605|HISEQ1:62:HB657ADXX:1:2214:15662:20056	HG006_chr2.33666443.33667605|HISEQ1:62:HB657ADXX:1:2214:15662:20056	148	14777.0	14896.0	best_hit_to_mtDNA	26
C	A	14822	HG006_all_regions	HG006_chr2.33666443.33667605|HISEQ1:62:HB657ADXX:1:2214:15662:20056	HG006_chr2.33666443.33667605|HISEQ1:62:HB657ADXX:1:2214:15662:20056	148	14777.0	14896.0	best_hit_to_mtDNA	26
A	T	14824	HG006_all_regions	HG006_chr2.33666443.33667605|HISEQ1:62:HB657ADXX:1:2214:15662:20056	HG006_chr2.33666443.33667605|HISEQ1:62:HB657ADXX:1:2214:15662:20056	148	14777.0	14896.0	best_hit_to_mtDNA	26
A	G	14825	HG006_all_regions	HG006_chr2.33666443.33667605|HISEQ1:62:HB657ADXX:1:2214:15662:20056	HG006_chr2.33666443.33667605|HISEQ1:62:HB657ADXX:1:2214:15662:20056	148	14777.0	14896.0	best_hit_to_mtDNA	26
C	A	14826	HG006_all_regions	HG006_chr2.33666443.33667605|HISEQ1:62:HB657ADXX:1:2214:15662:20056	HG006_chr2.33666443.33667605|HISEQ1:62:HB657ADXX:1:2214:15662:20056	148	14777.0	14896.0	best_hit_to_mtDNA	26
C	T	14827	HG006_all_regions	HG006_chr2.33666443.33667605|HISEQ1:62:HB657ADXX:1:2214:15662:20056	HG006_chr2.33666443.33667605|HISEQ1:62:HB657ADXX:1:2214:15662:20056	148	14777.0	14896.0	best_hit_to_mtDNA	26
C	G	14828	HG006_all_regions	HG006_chr2.33666443.33667605|HISEQ1:62:HB657ADXX:1:2214:15662:20056	HG006_chr2.33666443.33667605|HISEQ1:62:HB657ADXX:1:2214:15662:20056	148	14777.0	14896.0	best_hit_to_mtDNA	26
C	G	14829	HG006_all_regions	HG006_chr2.33666443.33667605|HISEQ1:62:HB657ADXX:1:2214:15662:20056	HG006_chr2.33666443.33667605|HISEQ1:62:HB657ADXX:1:2214:15662:20056	148	14777.0	14896.0	best_hit_to_mtDNA	26
C	A	14830	HG006_all_regions	HG006_chr2.33666443.33667605|HISEQ1:62:HB657ADXX:1:2214:15662:20056	HG006_chr2.33666443.33667605|HISEQ1:62:HB657ADXX:1:2214:15662:20056	148	14777.0	14896.0	best_hit_to_mtDNA	26
T	A	14831	HG006_all_regions	HG006_chr2.33666443.33667605|HISEQ1:62:HB657ADXX:1:2214:15662:20056	HG006_chr2.33666443.33667605|HISEQ1:62:HB657ADXX:1:2214:15662:20056	148	14777.0	14896.0	best_hit_to_mtDNA	26
A	T	14832	HG006_all_regions	HG006_chr2.33666443.33667605|HISEQ1:62:HB657ADXX:1:2214:15662:20056	HG006_chr2.33666443.33667605|HISEQ1:62:HB657ADXX:1:2214:15662:20056	148	14777.0	14896.0	best_hit_to_mtDNA	26
C	T	14856	HG006_all_regions	HG006_chr2.33666443.33667605|HISEQ1:62:HB657ADXX:1:2214:15662:20056	HG006_chr2.33666443.33667605|HISEQ1:62:HB657ADXX:1:2214:15662:20056	148	14777.0	14896.0	best_hit_to_mtDNA	26
A	-	14946	HG006_all_regions	HG006_chr2.33666443.33667605|HISEQ1:65:HB7ACADXX:2:2105:8405:44504	HG006_chr2.33666443.33667605|HISEQ1:65:HB7ACADXX:2:2105:8405:44504	12703	14945.0	15022.0	best_hit_to_mtDNA	12624
C	-	14947	HG006_all_regions	HG006_chr2.33666443.33667605|HISEQ1:65:HB7ACADXX:2:2105:8405:44504	HG006_chr2.33666443.33667605|HISEQ1:65:HB7ACADXX:2:2105:8405:44504	12703	14945.0	15022.0	best_hit_to_mtDNA	12624
T	-	14948	HG006_all_regions	HG006_chr2.33666443.33667605|HISEQ1:65:HB7ACADXX:2:2105:8405:44504	HG006_chr2.33666443.33667605|HISEQ1:65:HB7ACADXX:2:2105:8405:44504	12703	14945.0	15022.0	best_hit_to_mtDNA	12624
A	-	14949	HG006_all_regions	HG006_chr2.33666443.33667605|HISEQ1:65:HB7ACADXX:2:2105:8405:44504	HG006_chr2.33666443.33667605|HISEQ1:65:HB7ACADXX:2:2105:8405:44504	12703	14945.0	15022.0	best_hit_to_mtDNA	12624
T	-	14950	HG006_all_regions	HG006_chr2.33666443.33667605|HISEQ1:65:HB7ACADXX:2:2105:8405:44504	HG006_chr2.33666443.33667605|HISEQ1:65:HB7ACADXX:2:2105:8405:44504	12703	14945.0	15022.0	best_hit_to_mtDNA	12624
T	-	14951	HG006_all_regions	HG006_chr2.33666443.33667605|HISEQ1:65:HB7ACADXX:2:2105:8405:44504	HG006_chr2.33666443.33667605|HISEQ1:65:HB7ACADXX:2:2105:8405:44504	12703	14945.0	15022.0	best_hit_to_mtDNA	12624
C	-	14952	HG006_all_regions	HG006_chr2.33666443.33667605|HISEQ1:65:HB7ACADXX:2:2105:8405:44504	HG006_chr2.33666443.33667605|HISEQ1:65:HB7ACADXX:2:2105:8405:44504	12703	14945.0	15022.0	best_hit_to_mtDNA	12624
C	-	14953	HG006_all_regions	HG006_chr2.33666443.33667605|HISEQ1:65:HB7ACADXX:2:2105:8405:44504	HG006_chr2.33666443.33667605|HISEQ1:65:HB7ACADXX:2:2105:8405:44504	12703	14945.0	15022.0	best_hit_to_mtDNA	12624
T	-	14954	HG006_all_regions	HG006_chr2.33666443.33667605|HISEQ1:65:HB7ACADXX:2:2105:8405:44504	HG006_chr2.33666443.33667605|HISEQ1:65:HB7ACADXX:2:2105:8405:44504	12703	14945.0	15022.0	best_hit_to_mtDNA	12624
A	-	14955	HG006_all_regions	HG006_chr2.33666443.33667605|HISEQ1:65:HB7ACADXX:2:2105:8405:44504	HG006_chr2.33666443.33667605|HISEQ1:65:HB7ACADXX:2:2105:8405:44504	12703	14945.0	15022.0	best_hit_to_mtDNA	12624
G	-	14956	HG006_all_regions	HG006_chr2.33666443.33667605|HISEQ1:65:HB7ACADXX:2:2105:8405:44504	HG006_chr2.33666443.33667605|HISEQ1:65:HB7ACADXX:2:2105:8405:44504	12703	14945.0	15022.0	best_hit_to_mtDNA	12624
C	-	14957	HG006_all_regions	HG006_chr2.33666443.33667605|HISEQ1:65:HB7ACADXX:2:2105:8405:44504	HG006_chr2.33666443.33667605|HISEQ1:65:HB7ACADXX:2:2105:8405:44504	12703	14945.0	15022.0	best_hit_to_mtDNA	12624
C	-	14958	HG006_all_regions	HG006_chr2.33666443.33667605|HISEQ1:65:HB7ACADXX:2:2105:8405:44504	HG006_chr2.33666443.33667605|HISEQ1:65:HB7ACADXX:2:2105:8405:44504	12703	14945.0	15022.0	best_hit_to_mtDNA	12624
A	-	14959	HG006_all_regions	HG006_chr2.33666443.33667605|HISEQ1:65:HB7ACADXX:2:2105:8405:44504	HG006_chr2.33666443.33667605|HISEQ1:65:HB7ACADXX:2:2105:8405:44504	12703	14945.0	15022.0	best_hit_to_mtDNA	12624
T	-	14960	HG006_all_regions	HG006_chr2.33666443.33667605|HISEQ1:65:HB7ACADXX:2:2105:8405:44504	HG006_chr2.33666443.33667605|HISEQ1:65:HB7ACADXX:2:2105:8405:44504	12703	14945.0	15022.0	best_hit_to_mtDNA	12624
G	-	14961	HG006_all_regions	HG006_chr2.33666443.33667605|HISEQ1:65:HB7ACADXX:2:2105:8405:44504	HG006_chr2.33666443.33667605|HISEQ1:65:HB7ACADXX:2:2105:8405:44504	12703	14945.0	15022.0	best_hit_to_mtDNA	12624
C	-	14962	HG006_all_regions	HG006_chr2.33666443.33667605|HISEQ1:65:HB7ACADXX:2:2105:8405:44504	HG006_chr2.33666443.33667605|HISEQ1:65:HB7ACADXX:2:2105:8405:44504	12703	14945.0	15022.0	best_hit_to_mtDNA	12624
A	-	14963	HG006_all_regions	HG006_chr2.33666443.33667605|HISEQ1:65:HB7ACADXX:2:2105:8405:44504	HG006_chr2.33666443.33667605|HISEQ1:65:HB7ACADXX:2:2105:8405:44504	12703	14945.0	15022.0	best_hit_to_mtDNA	12624
C	-	14964	HG006_all_regions	HG006_chr2.33666443.33667605|HISEQ1:65:HB7ACADXX:2:2105:8405:44504	HG006_chr2.33666443.33667605|HISEQ1:65:HB7ACADXX:2:2105:8405:44504	12703	14945.0	15022.0	best_hit_to_mtDNA	12624
T	-	14965	HG006_all_regions	HG006_chr2.33666443.33667605|HISEQ1:65:HB7ACADXX:2:2105:8405:44504	HG006_chr2.33666443.33667605|HISEQ1:65:HB7ACADXX:2:2105:8405:44504	12703	14945.0	15022.0	best_hit_to_mtDNA	12624
A	-	14966	HG006_all_regions	HG006_chr2.33666443.33667605|HISEQ1:65:HB7ACADXX:2:2105:8405:44504	HG006_chr2.33666443.33667605|HISEQ1:65:HB7ACADXX:2:2105:8405:44504	12703	14945.0	15022.0	best_hit_to_mtDNA	12624
C	-	14967	HG006_all_regions	HG006_chr2.33666443.33667605|HISEQ1:65:HB7ACADXX:2:2105:8405:44504	HG006_chr2.33666443.33667605|HISEQ1:65:HB7ACADXX:2:2105:8405:44504	12703	14945.0	15022.0	best_hit_to_mtDNA	12624
T	-	14968	HG006_all_regions	HG006_chr2.33666443.33667605|HISEQ1:65:HB7ACADXX:2:2105:8405:44504	HG006_chr2.33666443.33667605|HISEQ1:65:HB7ACADXX:2:2105:8405:44504	12703	14945.0	15022.0	best_hit_to_mtDNA	12624
C	-	14969	HG006_all_regions	HG006_chr2.33666443.33667605|HISEQ1:65:HB7ACADXX:2:2105:8405:44504	HG006_chr2.33666443.33667605|HISEQ1:65:HB7ACADXX:2:2105:8405:44504	12703	14945.0	15022.0	best_hit_to_mtDNA	12624
A	-	14970	HG006_all_regions	HG006_chr2.33666443.33667605|HISEQ1:65:HB7ACADXX:2:2105:8405:44504	HG006_chr2.33666443.33667605|HISEQ1:65:HB7ACADXX:2:2105:8405:44504	12703	14945.0	15022.0	best_hit_to_mtDNA	12624
C	-	14971	HG006_all_regions	HG006_chr2.33666443.33667605|HISEQ1:65:HB7ACADXX:2:2105:8405:44504	HG006_chr2.33666443.33667605|HISEQ1:65:HB7ACADXX:2:2105:8405:44504	12703	14945.0	15022.0	best_hit_to_mtDNA	12624
C	-	14972	HG006_all_regions	HG006_chr2.33666443.33667605|HISEQ1:65:HB7ACADXX:2:2105:8405:44504	HG006_chr2.33666443.33667605|HISEQ1:65:HB7ACADXX:2:2105:8405:44504	12703	14945.0	15022.0	best_hit_to_mtDNA	12624
A	-	14973	HG006_all_regions	HG006_chr2.33666443.33667605|HISEQ1:65:HB7ACADXX:2:2105:8405:44504	HG006_chr2.33666443.33667605|HISEQ1:65:HB7ACADXX:2:2105:8405:44504	12703	14945.0	15022.0	best_hit_to_mtDNA	12624
G	-	14974	HG006_all_regions	HG006_chr2.33666443.33667605|HISEQ1:65:HB7ACADXX:2:2105:8405:44504	HG006_chr2.33666443.33667605|HISEQ1:65:HB7ACADXX:2:2105:8405:44504	12703	14945.0	15022.0	best_hit_to_mtDNA	12624
A	-	14975	HG006_all_regions	HG006_chr2.33666443.33667605|HISEQ1:65:HB7ACADXX:2:2105:8405:44504	HG006_chr2.33666443.33667605|HISEQ1:65:HB7ACADXX:2:2105:8405:44504	12703	14945.0	15022.0	best_hit_to_mtDNA	12624
C	-	14976	HG006_all_regions	HG006_chr2.33666443.33667605|HISEQ1:65:HB7ACADXX:2:2105:8405:44504	HG006_chr2.33666443.33667605|HISEQ1:65:HB7ACADXX:2:2105:8405:44504	12703	14945.0	15022.0	best_hit_to_mtDNA	12624
G	-	14977	HG006_all_regions	HG006_chr2.33666443.33667605|HISEQ1:65:HB7ACADXX:2:2105:8405:44504	HG006_chr2.33666443.33667605|HISEQ1:65:HB7ACADXX:2:2105:8405:44504	12703	14945.0	15022.0	best_hit_to_mtDNA	12624
C	-	14978	HG006_all_regions	HG006_chr2.33666443.33667605|HISEQ1:65:HB7ACADXX:2:2105:8405:44504	HG006_chr2.33666443.33667605|HISEQ1:65:HB7ACADXX:2:2105:8405:44504	12703	14945.0	15022.0	best_hit_to_mtDNA	12624
C	-	14979	HG006_all_regions	HG006_chr2.33666443.33667605|HISEQ1:65:HB7ACADXX:2:2105:8405:44504	HG006_chr2.33666443.33667605|HISEQ1:65:HB7ACADXX:2:2105:8405:44504	12703	14945.0	15022.0	best_hit_to_mtDNA	12624
T	-	14980	HG006_all_regions	HG006_chr2.33666443.33667605|HISEQ1:65:HB7ACADXX:2:2105:8405:44504	HG006_chr2.33666443.33667605|HISEQ1:65:HB7ACADXX:2:2105:8405:44504	12703	14945.0	15022.0	best_hit_to_mtDNA	12624
C	-	14981	HG006_all_regions	HG006_chr2.33666443.33667605|HISEQ1:65:HB7ACADXX:2:2105:8405:44504	HG006_chr2.33666443.33667605|HISEQ1:65:HB7ACADXX:2:2105:8405:44504	12703	14945.0	15022.0	best_hit_to_mtDNA	12624
A	-	14982	HG006_all_regions	HG006_chr2.33666443.33667605|HISEQ1:65:HB7ACADXX:2:2105:8405:44504	HG006_chr2.33666443.33667605|HISEQ1:65:HB7ACADXX:2:2105:8405:44504	12703	14945.0	15022.0	best_hit_to_mtDNA	12624
A	-	14983	HG006_all_regions	HG006_chr2.33666443.33667605|HISEQ1:65:HB7ACADXX:2:2105:8405:44504	HG006_chr2.33666443.33667605|HISEQ1:65:HB7ACADXX:2:2105:8405:44504	12703	14945.0	15022.0	best_hit_to_mtDNA	12624
C	-	14984	HG006_all_regions	HG006_chr2.33666443.33667605|HISEQ1:65:HB7ACADXX:2:2105:8405:44504	HG006_chr2.33666443.33667605|HISEQ1:65:HB7ACADXX:2:2105:8405:44504	12703	14945.0	15022.0	best_hit_to_mtDNA	12624
C	-	14985	HG006_all_regions	HG006_chr2.33666443.33667605|HISEQ1:65:HB7ACADXX:2:2105:8405:44504	HG006_chr2.33666443.33667605|HISEQ1:65:HB7ACADXX:2:2105:8405:44504	12703	14945.0	15022.0	best_hit_to_mtDNA	12624
G	-	14986	HG006_all_regions	HG006_chr2.33666443.33667605|HISEQ1:65:HB7ACADXX:2:2105:8405:44504	HG006_chr2.33666443.33667605|HISEQ1:65:HB7ACADXX:2:2105:8405:44504	12703	14945.0	15022.0	best_hit_to_mtDNA	12624
C	-	14987	HG006_all_regions	HG006_chr2.33666443.33667605|HISEQ1:65:HB7ACADXX:2:2105:8405:44504	HG006_chr2.33666443.33667605|HISEQ1:65:HB7ACADXX:2:2105:8405:44504	12703	14945.0	15022.0	best_hit_to_mtDNA	12624
C	-	14988	HG006_all_regions	HG006_chr2.33666443.33667605|HISEQ1:65:HB7ACADXX:2:2105:8405:44504	HG006_chr2.33666443.33667605|HISEQ1:65:HB7ACADXX:2:2105:8405:44504	12703	14945.0	15022.0	best_hit_to_mtDNA	12624
T	-	14989	HG006_all_regions	HG006_chr2.33666443.33667605|HISEQ1:65:HB7ACADXX:2:2105:8405:44504	HG006_chr2.33666443.33667605|HISEQ1:65:HB7ACADXX:2:2105:8405:44504	12703	14945.0	15022.0	best_hit_to_mtDNA	12624
T	-	14990	HG006_all_regions	HG006_chr2.33666443.33667605|HISEQ1:65:HB7ACADXX:2:2105:8405:44504	HG006_chr2.33666443.33667605|HISEQ1:65:HB7ACADXX:2:2105:8405:44504	12703	14945.0	15022.0	best_hit_to_mtDNA	12624
T	-	14991	HG006_all_regions	HG006_chr2.33666443.33667605|HISEQ1:65:HB7ACADXX:2:2105:8405:44504	HG006_chr2.33666443.33667605|HISEQ1:65:HB7ACADXX:2:2105:8405:44504	12703	14945.0	15022.0	best_hit_to_mtDNA	12624
T	-	14992	HG006_all_regions	HG006_chr2.33666443.33667605|HISEQ1:65:HB7ACADXX:2:2105:8405:44504	HG006_chr2.33666443.33667605|HISEQ1:65:HB7ACADXX:2:2105:8405:44504	12703	14945.0	15022.0	best_hit_to_mtDNA	12624
C	-	14993	HG006_all_regions	HG006_chr2.33666443.33667605|HISEQ1:65:HB7ACADXX:2:2105:8405:44504	HG006_chr2.33666443.33667605|HISEQ1:65:HB7ACADXX:2:2105:8405:44504	12703	14945.0	15022.0	best_hit_to_mtDNA	12624
A	-	14994	HG006_all_regions	HG006_chr2.33666443.33667605|HISEQ1:65:HB7ACADXX:2:2105:8405:44504	HG006_chr2.33666443.33667605|HISEQ1:65:HB7ACADXX:2:2105:8405:44504	12703	14945.0	15022.0	best_hit_to_mtDNA	12624
T	-	14995	HG006_all_regions	HG006_chr2.33666443.33667605|HISEQ1:65:HB7ACADXX:2:2105:8405:44504	HG006_chr2.33666443.33667605|HISEQ1:65:HB7ACADXX:2:2105:8405:44504	12703	14945.0	15022.0	best_hit_to_mtDNA	12624
C	-	14996	HG006_all_regions	HG006_chr2.33666443.33667605|HISEQ1:65:HB7ACADXX:2:2105:8405:44504	HG006_chr2.33666443.33667605|HISEQ1:65:HB7ACADXX:2:2105:8405:44504	12703	14945.0	15022.0	best_hit_to_mtDNA	12624
A	-	14997	HG006_all_regions	HG006_chr2.33666443.33667605|HISEQ1:65:HB7ACADXX:2:2105:8405:44504	HG006_chr2.33666443.33667605|HISEQ1:65:HB7ACADXX:2:2105:8405:44504	12703	14945.0	15022.0	best_hit_to_mtDNA	12624
A	-	14998	HG006_all_regions	HG006_chr2.33666443.33667605|HISEQ1:65:HB7ACADXX:2:2105:8405:44504	HG006_chr2.33666443.33667605|HISEQ1:65:HB7ACADXX:2:2105:8405:44504	12703	14945.0	15022.0	best_hit_to_mtDNA	12624
T	-	14999	HG006_all_regions	HG006_chr2.33666443.33667605|HISEQ1:65:HB7ACADXX:2:2105:8405:44504	HG006_chr2.33666443.33667605|HISEQ1:65:HB7ACADXX:2:2105:8405:44504	12703	14945.0	15022.0	best_hit_to_mtDNA	12624
C	-	15000	HG006_all_regions	HG006_chr2.33666443.33667605|HISEQ1:65:HB7ACADXX:2:2105:8405:44504	HG006_chr2.33666443.33667605|HISEQ1:65:HB7ACADXX:2:2105:8405:44504	12703	14945.0	15022.0	best_hit_to_mtDNA	12624
G	-	15001	HG006_all_regions	HG006_chr2.33666443.33667605|HISEQ1:65:HB7ACADXX:2:2105:8405:44504	HG006_chr2.33666443.33667605|HISEQ1:65:HB7ACADXX:2:2105:8405:44504	12703	14945.0	15022.0	best_hit_to_mtDNA	12624
C	-	15002	HG006_all_regions	HG006_chr2.33666443.33667605|HISEQ1:65:HB7ACADXX:2:2105:8405:44504	HG006_chr2.33666443.33667605|HISEQ1:65:HB7ACADXX:2:2105:8405:44504	12703	14945.0	15022.0	best_hit_to_mtDNA	12624
C	-	15003	HG006_all_regions	HG006_chr2.33666443.33667605|HISEQ1:65:HB7ACADXX:2:2105:8405:44504	HG006_chr2.33666443.33667605|HISEQ1:65:HB7ACADXX:2:2105:8405:44504	12703	14945.0	15022.0	best_hit_to_mtDNA	12624
C	-	15004	HG006_all_regions	HG006_chr2.33666443.33667605|HISEQ1:65:HB7ACADXX:2:2105:8405:44504	HG006_chr2.33666443.33667605|HISEQ1:65:HB7ACADXX:2:2105:8405:44504	12703	14945.0	15022.0	best_hit_to_mtDNA	12624
A	-	15005	HG006_all_regions	HG006_chr2.33666443.33667605|HISEQ1:65:HB7ACADXX:2:2105:8405:44504	HG006_chr2.33666443.33667605|HISEQ1:65:HB7ACADXX:2:2105:8405:44504	12703	14945.0	15022.0	best_hit_to_mtDNA	12624
C	-	15006	HG006_all_regions	HG006_chr2.33666443.33667605|HISEQ1:65:HB7ACADXX:2:2105:8405:44504	HG006_chr2.33666443.33667605|HISEQ1:65:HB7ACADXX:2:2105:8405:44504	12703	14945.0	15022.0	best_hit_to_mtDNA	12624
A	-	15007	HG006_all_regions	HG006_chr2.33666443.33667605|HISEQ1:65:HB7ACADXX:2:2105:8405:44504	HG006_chr2.33666443.33667605|HISEQ1:65:HB7ACADXX:2:2105:8405:44504	12703	14945.0	15022.0	best_hit_to_mtDNA	12624
T	-	15008	HG006_all_regions	HG006_chr2.33666443.33667605|HISEQ1:65:HB7ACADXX:2:2105:8405:44504	HG006_chr2.33666443.33667605|HISEQ1:65:HB7ACADXX:2:2105:8405:44504	12703	14945.0	15022.0	best_hit_to_mtDNA	12624
C	-	15009	HG006_all_regions	HG006_chr2.33666443.33667605|HISEQ1:65:HB7ACADXX:2:2105:8405:44504	HG006_chr2.33666443.33667605|HISEQ1:65:HB7ACADXX:2:2105:8405:44504	12703	14945.0	15022.0	best_hit_to_mtDNA	12624
A	-	15010	HG006_all_regions	HG006_chr2.33666443.33667605|HISEQ1:65:HB7ACADXX:2:2105:8405:44504	HG006_chr2.33666443.33667605|HISEQ1:65:HB7ACADXX:2:2105:8405:44504	12703	14945.0	15022.0	best_hit_to_mtDNA	12624
C	-	15011	HG006_all_regions	HG006_chr2.33666443.33667605|HISEQ1:65:HB7ACADXX:2:2105:8405:44504	HG006_chr2.33666443.33667605|HISEQ1:65:HB7ACADXX:2:2105:8405:44504	12703	14945.0	15022.0	best_hit_to_mtDNA	12624
T	-	15012	HG006_all_regions	HG006_chr2.33666443.33667605|HISEQ1:65:HB7ACADXX:2:2105:8405:44504	HG006_chr2.33666443.33667605|HISEQ1:65:HB7ACADXX:2:2105:8405:44504	12703	14945.0	15022.0	best_hit_to_mtDNA	12624
C	-	15013	HG006_all_regions	HG006_chr2.33666443.33667605|HISEQ1:65:HB7ACADXX:2:2105:8405:44504	HG006_chr2.33666443.33667605|HISEQ1:65:HB7ACADXX:2:2105:8405:44504	12703	14945.0	15022.0	best_hit_to_mtDNA	12624
G	-	15014	HG006_all_regions	HG006_chr2.33666443.33667605|HISEQ1:65:HB7ACADXX:2:2105:8405:44504	HG006_chr2.33666443.33667605|HISEQ1:65:HB7ACADXX:2:2105:8405:44504	12703	14945.0	15022.0	best_hit_to_mtDNA	12624
A	-	15015	HG006_all_regions	HG006_chr2.33666443.33667605|HISEQ1:65:HB7ACADXX:2:2105:8405:44504	HG006_chr2.33666443.33667605|HISEQ1:65:HB7ACADXX:2:2105:8405:44504	12703	14945.0	15022.0	best_hit_to_mtDNA	12624
G	-	15016	HG006_all_regions	HG006_chr2.33666443.33667605|HISEQ1:65:HB7ACADXX:2:2105:8405:44504	HG006_chr2.33666443.33667605|HISEQ1:65:HB7ACADXX:2:2105:8405:44504	12703	14945.0	15022.0	best_hit_to_mtDNA	12624
A	-	15017	HG006_all_regions	HG006_chr2.33666443.33667605|HISEQ1:65:HB7ACADXX:2:2105:8405:44504	HG006_chr2.33666443.33667605|HISEQ1:65:HB7ACADXX:2:2105:8405:44504	12703	14945.0	15022.0	best_hit_to_mtDNA	12624
C	-	15018	HG006_all_regions	HG006_chr2.33666443.33667605|HISEQ1:65:HB7ACADXX:2:2105:8405:44504	HG006_chr2.33666443.33667605|HISEQ1:65:HB7ACADXX:2:2105:8405:44504	12703	14945.0	15022.0	best_hit_to_mtDNA	12624
G	-	15019	HG006_all_regions	HG006_chr2.33666443.33667605|HISEQ1:65:HB7ACADXX:2:2105:8405:44504	HG006_chr2.33666443.33667605|HISEQ1:65:HB7ACADXX:2:2105:8405:44504	12703	14945.0	15022.0	best_hit_to_mtDNA	12624
T	-	15020	HG006_all_regions	HG006_chr2.33666443.33667605|HISEQ1:65:HB7ACADXX:2:2105:8405:44504	HG006_chr2.33666443.33667605|HISEQ1:65:HB7ACADXX:2:2105:8405:44504	12703	14945.0	15022.0	best_hit_to_mtDNA	12624
A	-	15021	HG006_all_regions	HG006_chr2.33666443.33667605|HISEQ1:65:HB7ACADXX:2:2105:8405:44504	HG006_chr2.33666443.33667605|HISEQ1:65:HB7ACADXX:2:2105:8405:44504	12703	14945.0	15022.0	best_hit_to_mtDNA	12624
A	-	14946	HG006_all_regions	HG006_chr2.33667252.33668265|HISEQ1:65:HB7ACADXX:2:2105:8405:44504	HG006_chr2.33667252.33668265|HISEQ1:65:HB7ACADXX:2:2105:8405:44504	12703	14945.0	15022.0	best_hit_to_mtDNA	12624
C	-	14947	HG006_all_regions	HG006_chr2.33667252.33668265|HISEQ1:65:HB7ACADXX:2:2105:8405:44504	HG006_chr2.33667252.33668265|HISEQ1:65:HB7ACADXX:2:2105:8405:44504	12703	14945.0	15022.0	best_hit_to_mtDNA	12624
T	-	14948	HG006_all_regions	HG006_chr2.33667252.33668265|HISEQ1:65:HB7ACADXX:2:2105:8405:44504	HG006_chr2.33667252.33668265|HISEQ1:65:HB7ACADXX:2:2105:8405:44504	12703	14945.0	15022.0	best_hit_to_mtDNA	12624
A	-	14949	HG006_all_regions	HG006_chr2.33667252.33668265|HISEQ1:65:HB7ACADXX:2:2105:8405:44504	HG006_chr2.33667252.33668265|HISEQ1:65:HB7ACADXX:2:2105:8405:44504	12703	14945.0	15022.0	best_hit_to_mtDNA	12624
T	-	14950	HG006_all_regions	HG006_chr2.33667252.33668265|HISEQ1:65:HB7ACADXX:2:2105:8405:44504	HG006_chr2.33667252.33668265|HISEQ1:65:HB7ACADXX:2:2105:8405:44504	12703	14945.0	15022.0	best_hit_to_mtDNA	12624
T	-	14951	HG006_all_regions	HG006_chr2.33667252.33668265|HISEQ1:65:HB7ACADXX:2:2105:8405:44504	HG006_chr2.33667252.33668265|HISEQ1:65:HB7ACADXX:2:2105:8405:44504	12703	14945.0	15022.0	best_hit_to_mtDNA	12624
C	-	14952	HG006_all_regions	HG006_chr2.33667252.33668265|HISEQ1:65:HB7ACADXX:2:2105:8405:44504	HG006_chr2.33667252.33668265|HISEQ1:65:HB7ACADXX:2:2105:8405:44504	12703	14945.0	15022.0	best_hit_to_mtDNA	12624
C	-	14953	HG006_all_regions	HG006_chr2.33667252.33668265|HISEQ1:65:HB7ACADXX:2:2105:8405:44504	HG006_chr2.33667252.33668265|HISEQ1:65:HB7ACADXX:2:2105:8405:44504	12703	14945.0	15022.0	best_hit_to_mtDNA	12624
T	-	14954	HG006_all_regions	HG006_chr2.33667252.33668265|HISEQ1:65:HB7ACADXX:2:2105:8405:44504	HG006_chr2.33667252.33668265|HISEQ1:65:HB7ACADXX:2:2105:8405:44504	12703	14945.0	15022.0	best_hit_to_mtDNA	12624
A	-	14955	HG006_all_regions	HG006_chr2.33667252.33668265|HISEQ1:65:HB7ACADXX:2:2105:8405:44504	HG006_chr2.33667252.33668265|HISEQ1:65:HB7ACADXX:2:2105:8405:44504	12703	14945.0	15022.0	best_hit_to_mtDNA	12624
G	-	14956	HG006_all_regions	HG006_chr2.33667252.33668265|HISEQ1:65:HB7ACADXX:2:2105:8405:44504	HG006_chr2.33667252.33668265|HISEQ1:65:HB7ACADXX:2:2105:8405:44504	12703	14945.0	15022.0	best_hit_to_mtDNA	12624
C	-	14957	HG006_all_regions	HG006_chr2.33667252.33668265|HISEQ1:65:HB7ACADXX:2:2105:8405:44504	HG006_chr2.33667252.33668265|HISEQ1:65:HB7ACADXX:2:2105:8405:44504	12703	14945.0	15022.0	best_hit_to_mtDNA	12624
C	-	14958	HG006_all_regions	HG006_chr2.33667252.33668265|HISEQ1:65:HB7ACADXX:2:2105:8405:44504	HG006_chr2.33667252.33668265|HISEQ1:65:HB7ACADXX:2:2105:8405:44504	12703	14945.0	15022.0	best_hit_to_mtDNA	12624
A	-	14959	HG006_all_regions	HG006_chr2.33667252.33668265|HISEQ1:65:HB7ACADXX:2:2105:8405:44504	HG006_chr2.33667252.33668265|HISEQ1:65:HB7ACADXX:2:2105:8405:44504	12703	14945.0	15022.0	best_hit_to_mtDNA	12624
T	-	14960	HG006_all_regions	HG006_chr2.33667252.33668265|HISEQ1:65:HB7ACADXX:2:2105:8405:44504	HG006_chr2.33667252.33668265|HISEQ1:65:HB7ACADXX:2:2105:8405:44504	12703	14945.0	15022.0	best_hit_to_mtDNA	12624
G	-	14961	HG006_all_regions	HG006_chr2.33667252.33668265|HISEQ1:65:HB7ACADXX:2:2105:8405:44504	HG006_chr2.33667252.33668265|HISEQ1:65:HB7ACADXX:2:2105:8405:44504	12703	14945.0	15022.0	best_hit_to_mtDNA	12624
C	-	14962	HG006_all_regions	HG006_chr2.33667252.33668265|HISEQ1:65:HB7ACADXX:2:2105:8405:44504	HG006_chr2.33667252.33668265|HISEQ1:65:HB7ACADXX:2:2105:8405:44504	12703	14945.0	15022.0	best_hit_to_mtDNA	12624
A	-	14963	HG006_all_regions	HG006_chr2.33667252.33668265|HISEQ1:65:HB7ACADXX:2:2105:8405:44504	HG006_chr2.33667252.33668265|HISEQ1:65:HB7ACADXX:2:2105:8405:44504	12703	14945.0	15022.0	best_hit_to_mtDNA	12624
C	-	14964	HG006_all_regions	HG006_chr2.33667252.33668265|HISEQ1:65:HB7ACADXX:2:2105:8405:44504	HG006_chr2.33667252.33668265|HISEQ1:65:HB7ACADXX:2:2105:8405:44504	12703	14945.0	15022.0	best_hit_to_mtDNA	12624
T	-	14965	HG006_all_regions	HG006_chr2.33667252.33668265|HISEQ1:65:HB7ACADXX:2:2105:8405:44504	HG006_chr2.33667252.33668265|HISEQ1:65:HB7ACADXX:2:2105:8405:44504	12703	14945.0	15022.0	best_hit_to_mtDNA	12624
A	-	14966	HG006_all_regions	HG006_chr2.33667252.33668265|HISEQ1:65:HB7ACADXX:2:2105:8405:44504	HG006_chr2.33667252.33668265|HISEQ1:65:HB7ACADXX:2:2105:8405:44504	12703	14945.0	15022.0	best_hit_to_mtDNA	12624
C	-	14967	HG006_all_regions	HG006_chr2.33667252.33668265|HISEQ1:65:HB7ACADXX:2:2105:8405:44504	HG006_chr2.33667252.33668265|HISEQ1:65:HB7ACADXX:2:2105:8405:44504	12703	14945.0	15022.0	best_hit_to_mtDNA	12624
T	-	14968	HG006_all_regions	HG006_chr2.33667252.33668265|HISEQ1:65:HB7ACADXX:2:2105:8405:44504	HG006_chr2.33667252.33668265|HISEQ1:65:HB7ACADXX:2:2105:8405:44504	12703	14945.0	15022.0	best_hit_to_mtDNA	12624
C	-	14969	HG006_all_regions	HG006_chr2.33667252.33668265|HISEQ1:65:HB7ACADXX:2:2105:8405:44504	HG006_chr2.33667252.33668265|HISEQ1:65:HB7ACADXX:2:2105:8405:44504	12703	14945.0	15022.0	best_hit_to_mtDNA	12624
A	-	14970	HG006_all_regions	HG006_chr2.33667252.33668265|HISEQ1:65:HB7ACADXX:2:2105:8405:44504	HG006_chr2.33667252.33668265|HISEQ1:65:HB7ACADXX:2:2105:8405:44504	12703	14945.0	15022.0	best_hit_to_mtDNA	12624
C	-	14971	HG006_all_regions	HG006_chr2.33667252.33668265|HISEQ1:65:HB7ACADXX:2:2105:8405:44504	HG006_chr2.33667252.33668265|HISEQ1:65:HB7ACADXX:2:2105:8405:44504	12703	14945.0	15022.0	best_hit_to_mtDNA	12624
C	-	14972	HG006_all_regions	HG006_chr2.33667252.33668265|HISEQ1:65:HB7ACADXX:2:2105:8405:44504	HG006_chr2.33667252.33668265|HISEQ1:65:HB7ACADXX:2:2105:8405:44504	12703	14945.0	15022.0	best_hit_to_mtDNA	12624
A	-	14973	HG006_all_regions	HG006_chr2.33667252.33668265|HISEQ1:65:HB7ACADXX:2:2105:8405:44504	HG006_chr2.33667252.33668265|HISEQ1:65:HB7ACADXX:2:2105:8405:44504	12703	14945.0	15022.0	best_hit_to_mtDNA	12624
G	-	14974	HG006_all_regions	HG006_chr2.33667252.33668265|HISEQ1:65:HB7ACADXX:2:2105:8405:44504	HG006_chr2.33667252.33668265|HISEQ1:65:HB7ACADXX:2:2105:8405:44504	12703	14945.0	15022.0	best_hit_to_mtDNA	12624
A	-	14975	HG006_all_regions	HG006_chr2.33667252.33668265|HISEQ1:65:HB7ACADXX:2:2105:8405:44504	HG006_chr2.33667252.33668265|HISEQ1:65:HB7ACADXX:2:2105:8405:44504	12703	14945.0	15022.0	best_hit_to_mtDNA	12624
C	-	14976	HG006_all_regions	HG006_chr2.33667252.33668265|HISEQ1:65:HB7ACADXX:2:2105:8405:44504	HG006_chr2.33667252.33668265|HISEQ1:65:HB7ACADXX:2:2105:8405:44504	12703	14945.0	15022.0	best_hit_to_mtDNA	12624
G	-	14977	HG006_all_regions	HG006_chr2.33667252.33668265|HISEQ1:65:HB7ACADXX:2:2105:8405:44504	HG006_chr2.33667252.33668265|HISEQ1:65:HB7ACADXX:2:2105:8405:44504	12703	14945.0	15022.0	best_hit_to_mtDNA	12624
C	-	14978	HG006_all_regions	HG006_chr2.33667252.33668265|HISEQ1:65:HB7ACADXX:2:2105:8405:44504	HG006_chr2.33667252.33668265|HISEQ1:65:HB7ACADXX:2:2105:8405:44504	12703	14945.0	15022.0	best_hit_to_mtDNA	12624
C	-	14979	HG006_all_regions	HG006_chr2.33667252.33668265|HISEQ1:65:HB7ACADXX:2:2105:8405:44504	HG006_chr2.33667252.33668265|HISEQ1:65:HB7ACADXX:2:2105:8405:44504	12703	14945.0	15022.0	best_hit_to_mtDNA	12624
T	-	14980	HG006_all_regions	HG006_chr2.33667252.33668265|HISEQ1:65:HB7ACADXX:2:2105:8405:44504	HG006_chr2.33667252.33668265|HISEQ1:65:HB7ACADXX:2:2105:8405:44504	12703	14945.0	15022.0	best_hit_to_mtDNA	12624
C	-	14981	HG006_all_regions	HG006_chr2.33667252.33668265|HISEQ1:65:HB7ACADXX:2:2105:8405:44504	HG006_chr2.33667252.33668265|HISEQ1:65:HB7ACADXX:2:2105:8405:44504	12703	14945.0	15022.0	best_hit_to_mtDNA	12624
A	-	14982	HG006_all_regions	HG006_chr2.33667252.33668265|HISEQ1:65:HB7ACADXX:2:2105:8405:44504	HG006_chr2.33667252.33668265|HISEQ1:65:HB7ACADXX:2:2105:8405:44504	12703	14945.0	15022.0	best_hit_to_mtDNA	12624
A	-	14983	HG006_all_regions	HG006_chr2.33667252.33668265|HISEQ1:65:HB7ACADXX:2:2105:8405:44504	HG006_chr2.33667252.33668265|HISEQ1:65:HB7ACADXX:2:2105:8405:44504	12703	14945.0	15022.0	best_hit_to_mtDNA	12624
C	-	14984	HG006_all_regions	HG006_chr2.33667252.33668265|HISEQ1:65:HB7ACADXX:2:2105:8405:44504	HG006_chr2.33667252.33668265|HISEQ1:65:HB7ACADXX:2:2105:8405:44504	12703	14945.0	15022.0	best_hit_to_mtDNA	12624
C	-	14985	HG006_all_regions	HG006_chr2.33667252.33668265|HISEQ1:65:HB7ACADXX:2:2105:8405:44504	HG006_chr2.33667252.33668265|HISEQ1:65:HB7ACADXX:2:2105:8405:44504	12703	14945.0	15022.0	best_hit_to_mtDNA	12624
G	-	14986	HG006_all_regions	HG006_chr2.33667252.33668265|HISEQ1:65:HB7ACADXX:2:2105:8405:44504	HG006_chr2.33667252.33668265|HISEQ1:65:HB7ACADXX:2:2105:8405:44504	12703	14945.0	15022.0	best_hit_to_mtDNA	12624
C	-	14987	HG006_all_regions	HG006_chr2.33667252.33668265|HISEQ1:65:HB7ACADXX:2:2105:8405:44504	HG006_chr2.33667252.33668265|HISEQ1:65:HB7ACADXX:2:2105:8405:44504	12703	14945.0	15022.0	best_hit_to_mtDNA	12624
C	-	14988	HG006_all_regions	HG006_chr2.33667252.33668265|HISEQ1:65:HB7ACADXX:2:2105:8405:44504	HG006_chr2.33667252.33668265|HISEQ1:65:HB7ACADXX:2:2105:8405:44504	12703	14945.0	15022.0	best_hit_to_mtDNA	12624
T	-	14989	HG006_all_regions	HG006_chr2.33667252.33668265|HISEQ1:65:HB7ACADXX:2:2105:8405:44504	HG006_chr2.33667252.33668265|HISEQ1:65:HB7ACADXX:2:2105:8405:44504	12703	14945.0	15022.0	best_hit_to_mtDNA	12624
T	-	14990	HG006_all_regions	HG006_chr2.33667252.33668265|HISEQ1:65:HB7ACADXX:2:2105:8405:44504	HG006_chr2.33667252.33668265|HISEQ1:65:HB7ACADXX:2:2105:8405:44504	12703	14945.0	15022.0	best_hit_to_mtDNA	12624
T	-	14991	HG006_all_regions	HG006_chr2.33667252.33668265|HISEQ1:65:HB7ACADXX:2:2105:8405:44504	HG006_chr2.33667252.33668265|HISEQ1:65:HB7ACADXX:2:2105:8405:44504	12703	14945.0	15022.0	best_hit_to_mtDNA	12624
T	-	14992	HG006_all_regions	HG006_chr2.33667252.33668265|HISEQ1:65:HB7ACADXX:2:2105:8405:44504	HG006_chr2.33667252.33668265|HISEQ1:65:HB7ACADXX:2:2105:8405:44504	12703	14945.0	15022.0	best_hit_to_mtDNA	12624
C	-	14993	HG006_all_regions	HG006_chr2.33667252.33668265|HISEQ1:65:HB7ACADXX:2:2105:8405:44504	HG006_chr2.33667252.33668265|HISEQ1:65:HB7ACADXX:2:2105:8405:44504	12703	14945.0	15022.0	best_hit_to_mtDNA	12624
A	-	14994	HG006_all_regions	HG006_chr2.33667252.33668265|HISEQ1:65:HB7ACADXX:2:2105:8405:44504	HG006_chr2.33667252.33668265|HISEQ1:65:HB7ACADXX:2:2105:8405:44504	12703	14945.0	15022.0	best_hit_to_mtDNA	12624
T	-	14995	HG006_all_regions	HG006_chr2.33667252.33668265|HISEQ1:65:HB7ACADXX:2:2105:8405:44504	HG006_chr2.33667252.33668265|HISEQ1:65:HB7ACADXX:2:2105:8405:44504	12703	14945.0	15022.0	best_hit_to_mtDNA	12624
C	-	14996	HG006_all_regions	HG006_chr2.33667252.33668265|HISEQ1:65:HB7ACADXX:2:2105:8405:44504	HG006_chr2.33667252.33668265|HISEQ1:65:HB7ACADXX:2:2105:8405:44504	12703	14945.0	15022.0	best_hit_to_mtDNA	12624
A	-	14997	HG006_all_regions	HG006_chr2.33667252.33668265|HISEQ1:65:HB7ACADXX:2:2105:8405:44504	HG006_chr2.33667252.33668265|HISEQ1:65:HB7ACADXX:2:2105:8405:44504	12703	14945.0	15022.0	best_hit_to_mtDNA	12624
A	-	14998	HG006_all_regions	HG006_chr2.33667252.33668265|HISEQ1:65:HB7ACADXX:2:2105:8405:44504	HG006_chr2.33667252.33668265|HISEQ1:65:HB7ACADXX:2:2105:8405:44504	12703	14945.0	15022.0	best_hit_to_mtDNA	12624
T	-	14999	HG006_all_regions	HG006_chr2.33667252.33668265|HISEQ1:65:HB7ACADXX:2:2105:8405:44504	HG006_chr2.33667252.33668265|HISEQ1:65:HB7ACADXX:2:2105:8405:44504	12703	14945.0	15022.0	best_hit_to_mtDNA	12624
C	-	15000	HG006_all_regions	HG006_chr2.33667252.33668265|HISEQ1:65:HB7ACADXX:2:2105:8405:44504	HG006_chr2.33667252.33668265|HISEQ1:65:HB7ACADXX:2:2105:8405:44504	12703	14945.0	15022.0	best_hit_to_mtDNA	12624
G	-	15001	HG006_all_regions	HG006_chr2.33667252.33668265|HISEQ1:65:HB7ACADXX:2:2105:8405:44504	HG006_chr2.33667252.33668265|HISEQ1:65:HB7ACADXX:2:2105:8405:44504	12703	14945.0	15022.0	best_hit_to_mtDNA	12624
C	-	15002	HG006_all_regions	HG006_chr2.33667252.33668265|HISEQ1:65:HB7ACADXX:2:2105:8405:44504	HG006_chr2.33667252.33668265|HISEQ1:65:HB7ACADXX:2:2105:8405:44504	12703	14945.0	15022.0	best_hit_to_mtDNA	12624
C	-	15003	HG006_all_regions	HG006_chr2.33667252.33668265|HISEQ1:65:HB7ACADXX:2:2105:8405:44504	HG006_chr2.33667252.33668265|HISEQ1:65:HB7ACADXX:2:2105:8405:44504	12703	14945.0	15022.0	best_hit_to_mtDNA	12624
C	-	15004	HG006_all_regions	HG006_chr2.33667252.33668265|HISEQ1:65:HB7ACADXX:2:2105:8405:44504	HG006_chr2.33667252.33668265|HISEQ1:65:HB7ACADXX:2:2105:8405:44504	12703	14945.0	15022.0	best_hit_to_mtDNA	12624
A	-	15005	HG006_all_regions	HG006_chr2.33667252.33668265|HISEQ1:65:HB7ACADXX:2:2105:8405:44504	HG006_chr2.33667252.33668265|HISEQ1:65:HB7ACADXX:2:2105:8405:44504	12703	14945.0	15022.0	best_hit_to_mtDNA	12624
C	-	15006	HG006_all_regions	HG006_chr2.33667252.33668265|HISEQ1:65:HB7ACADXX:2:2105:8405:44504	HG006_chr2.33667252.33668265|HISEQ1:65:HB7ACADXX:2:2105:8405:44504	12703	14945.0	15022.0	best_hit_to_mtDNA	12624
A	-	15007	HG006_all_regions	HG006_chr2.33667252.33668265|HISEQ1:65:HB7ACADXX:2:2105:8405:44504	HG006_chr2.33667252.33668265|HISEQ1:65:HB7ACADXX:2:2105:8405:44504	12703	14945.0	15022.0	best_hit_to_mtDNA	12624
T	-	15008	HG006_all_regions	HG006_chr2.33667252.33668265|HISEQ1:65:HB7ACADXX:2:2105:8405:44504	HG006_chr2.33667252.33668265|HISEQ1:65:HB7ACADXX:2:2105:8405:44504	12703	14945.0	15022.0	best_hit_to_mtDNA	12624
C	-	15009	HG006_all_regions	HG006_chr2.33667252.33668265|HISEQ1:65:HB7ACADXX:2:2105:8405:44504	HG006_chr2.33667252.33668265|HISEQ1:65:HB7ACADXX:2:2105:8405:44504	12703	14945.0	15022.0	best_hit_to_mtDNA	12624
A	-	15010	HG006_all_regions	HG006_chr2.33667252.33668265|HISEQ1:65:HB7ACADXX:2:2105:8405:44504	HG006_chr2.33667252.33668265|HISEQ1:65:HB7ACADXX:2:2105:8405:44504	12703	14945.0	15022.0	best_hit_to_mtDNA	12624
C	-	15011	HG006_all_regions	HG006_chr2.33667252.33668265|HISEQ1:65:HB7ACADXX:2:2105:8405:44504	HG006_chr2.33667252.33668265|HISEQ1:65:HB7ACADXX:2:2105:8405:44504	12703	14945.0	15022.0	best_hit_to_mtDNA	12624
T	-	15012	HG006_all_regions	HG006_chr2.33667252.33668265|HISEQ1:65:HB7ACADXX:2:2105:8405:44504	HG006_chr2.33667252.33668265|HISEQ1:65:HB7ACADXX:2:2105:8405:44504	12703	14945.0	15022.0	best_hit_to_mtDNA	12624
C	-	15013	HG006_all_regions	HG006_chr2.33667252.33668265|HISEQ1:65:HB7ACADXX:2:2105:8405:44504	HG006_chr2.33667252.33668265|HISEQ1:65:HB7ACADXX:2:2105:8405:44504	12703	14945.0	15022.0	best_hit_to_mtDNA	12624
G	-	15014	HG006_all_regions	HG006_chr2.33667252.33668265|HISEQ1:65:HB7ACADXX:2:2105:8405:44504	HG006_chr2.33667252.33668265|HISEQ1:65:HB7ACADXX:2:2105:8405:44504	12703	14945.0	15022.0	best_hit_to_mtDNA	12624
A	-	15015	HG006_all_regions	HG006_chr2.33667252.33668265|HISEQ1:65:HB7ACADXX:2:2105:8405:44504	HG006_chr2.33667252.33668265|HISEQ1:65:HB7ACADXX:2:2105:8405:44504	12703	14945.0	15022.0	best_hit_to_mtDNA	12624
G	-	15016	HG006_all_regions	HG006_chr2.33667252.33668265|HISEQ1:65:HB7ACADXX:2:2105:8405:44504	HG006_chr2.33667252.33668265|HISEQ1:65:HB7ACADXX:2:2105:8405:44504	12703	14945.0	15022.0	best_hit_to_mtDNA	12624
A	-	15017	HG006_all_regions	HG006_chr2.33667252.33668265|HISEQ1:65:HB7ACADXX:2:2105:8405:44504	HG006_chr2.33667252.33668265|HISEQ1:65:HB7ACADXX:2:2105:8405:44504	12703	14945.0	15022.0	best_hit_to_mtDNA	12624
C	-	15018	HG006_all_regions	HG006_chr2.33667252.33668265|HISEQ1:65:HB7ACADXX:2:2105:8405:44504	HG006_chr2.33667252.33668265|HISEQ1:65:HB7ACADXX:2:2105:8405:44504	12703	14945.0	15022.0	best_hit_to_mtDNA	12624
G	-	15019	HG006_all_regions	HG006_chr2.33667252.33668265|HISEQ1:65:HB7ACADXX:2:2105:8405:44504	HG006_chr2.33667252.33668265|HISEQ1:65:HB7ACADXX:2:2105:8405:44504	12703	14945.0	15022.0	best_hit_to_mtDNA	12624
T	-	15020	HG006_all_regions	HG006_chr2.33667252.33668265|HISEQ1:65:HB7ACADXX:2:2105:8405:44504	HG006_chr2.33667252.33668265|HISEQ1:65:HB7ACADXX:2:2105:8405:44504	12703	14945.0	15022.0	best_hit_to_mtDNA	12624
A	-	15021	HG006_all_regions	HG006_chr2.33667252.33668265|HISEQ1:65:HB7ACADXX:2:2105:8405:44504	HG006_chr2.33667252.33668265|HISEQ1:65:HB7ACADXX:2:2105:8405:44504	12703	14945.0	15022.0	best_hit_to_mtDNA	12624
T	-	14778	HG006_all_regions	HG006_chr2.33667252.33668265|HISEQ1:65:HB7ACADXX:1:1108:20275:68543	HG006_chr2.33667252.33668265|HISEQ1:65:HB7ACADXX:1:1108:20275:68543	15964	14777.0	14846.0	best_hit_to_mtDNA	15887
T	-	14779	HG006_all_regions	HG006_chr2.33667252.33668265|HISEQ1:65:HB7ACADXX:1:1108:20275:68543	HG006_chr2.33667252.33668265|HISEQ1:65:HB7ACADXX:1:1108:20275:68543	15964	14777.0	14846.0	best_hit_to_mtDNA	15887
G	-	14780	HG006_all_regions	HG006_chr2.33667252.33668265|HISEQ1:65:HB7ACADXX:1:1108:20275:68543	HG006_chr2.33667252.33668265|HISEQ1:65:HB7ACADXX:1:1108:20275:68543	15964	14777.0	14846.0	best_hit_to_mtDNA	15887
T	-	14781	HG006_all_regions	HG006_chr2.33667252.33668265|HISEQ1:65:HB7ACADXX:1:1108:20275:68543	HG006_chr2.33667252.33668265|HISEQ1:65:HB7ACADXX:1:1108:20275:68543	15964	14777.0	14846.0	best_hit_to_mtDNA	15887
A	-	14782	HG006_all_regions	HG006_chr2.33667252.33668265|HISEQ1:65:HB7ACADXX:1:1108:20275:68543	HG006_chr2.33667252.33668265|HISEQ1:65:HB7ACADXX:1:1108:20275:68543	15964	14777.0	14846.0	best_hit_to_mtDNA	15887
T	-	14783	HG006_all_regions	HG006_chr2.33667252.33668265|HISEQ1:65:HB7ACADXX:1:1108:20275:68543	HG006_chr2.33667252.33668265|HISEQ1:65:HB7ACADXX:1:1108:20275:68543	15964	14777.0	14846.0	best_hit_to_mtDNA	15887
T	-	14784	HG006_all_regions	HG006_chr2.33667252.33668265|HISEQ1:65:HB7ACADXX:1:1108:20275:68543	HG006_chr2.33667252.33668265|HISEQ1:65:HB7ACADXX:1:1108:20275:68543	15964	14777.0	14846.0	best_hit_to_mtDNA	15887
T	-	14785	HG006_all_regions	HG006_chr2.33667252.33668265|HISEQ1:65:HB7ACADXX:1:1108:20275:68543	HG006_chr2.33667252.33668265|HISEQ1:65:HB7ACADXX:1:1108:20275:68543	15964	14777.0	14846.0	best_hit_to_mtDNA	15887
C	-	14786	HG006_all_regions	HG006_chr2.33667252.33668265|HISEQ1:65:HB7ACADXX:1:1108:20275:68543	HG006_chr2.33667252.33668265|HISEQ1:65:HB7ACADXX:1:1108:20275:68543	15964	14777.0	14846.0	best_hit_to_mtDNA	15887
A	-	14787	HG006_all_regions	HG006_chr2.33667252.33668265|HISEQ1:65:HB7ACADXX:1:1108:20275:68543	HG006_chr2.33667252.33668265|HISEQ1:65:HB7ACADXX:1:1108:20275:68543	15964	14777.0	14846.0	best_hit_to_mtDNA	15887
A	-	14788	HG006_all_regions	HG006_chr2.33667252.33668265|HISEQ1:65:HB7ACADXX:1:1108:20275:68543	HG006_chr2.33667252.33668265|HISEQ1:65:HB7ACADXX:1:1108:20275:68543	15964	14777.0	14846.0	best_hit_to_mtDNA	15887
C	-	14789	HG006_all_regions	HG006_chr2.33667252.33668265|HISEQ1:65:HB7ACADXX:1:1108:20275:68543	HG006_chr2.33667252.33668265|HISEQ1:65:HB7ACADXX:1:1108:20275:68543	15964	14777.0	14846.0	best_hit_to_mtDNA	15887
T	-	14790	HG006_all_regions	HG006_chr2.33667252.33668265|HISEQ1:65:HB7ACADXX:1:1108:20275:68543	HG006_chr2.33667252.33668265|HISEQ1:65:HB7ACADXX:1:1108:20275:68543	15964	14777.0	14846.0	best_hit_to_mtDNA	15887
A	-	14791	HG006_all_regions	HG006_chr2.33667252.33668265|HISEQ1:65:HB7ACADXX:1:1108:20275:68543	HG006_chr2.33667252.33668265|HISEQ1:65:HB7ACADXX:1:1108:20275:68543	15964	14777.0	14846.0	best_hit_to_mtDNA	15887
C	-	14792	HG006_all_regions	HG006_chr2.33667252.33668265|HISEQ1:65:HB7ACADXX:1:1108:20275:68543	HG006_chr2.33667252.33668265|HISEQ1:65:HB7ACADXX:1:1108:20275:68543	15964	14777.0	14846.0	best_hit_to_mtDNA	15887
A	-	14793	HG006_all_regions	HG006_chr2.33667252.33668265|HISEQ1:65:HB7ACADXX:1:1108:20275:68543	HG006_chr2.33667252.33668265|HISEQ1:65:HB7ACADXX:1:1108:20275:68543	15964	14777.0	14846.0	best_hit_to_mtDNA	15887
A	-	14794	HG006_all_regions	HG006_chr2.33667252.33668265|HISEQ1:65:HB7ACADXX:1:1108:20275:68543	HG006_chr2.33667252.33668265|HISEQ1:65:HB7ACADXX:1:1108:20275:68543	15964	14777.0	14846.0	best_hit_to_mtDNA	15887
G	-	14795	HG006_all_regions	HG006_chr2.33667252.33668265|HISEQ1:65:HB7ACADXX:1:1108:20275:68543	HG006_chr2.33667252.33668265|HISEQ1:65:HB7ACADXX:1:1108:20275:68543	15964	14777.0	14846.0	best_hit_to_mtDNA	15887
A	-	14796	HG006_all_regions	HG006_chr2.33667252.33668265|HISEQ1:65:HB7ACADXX:1:1108:20275:68543	HG006_chr2.33667252.33668265|HISEQ1:65:HB7ACADXX:1:1108:20275:68543	15964	14777.0	14846.0	best_hit_to_mtDNA	15887
A	-	14797	HG006_all_regions	HG006_chr2.33667252.33668265|HISEQ1:65:HB7ACADXX:1:1108:20275:68543	HG006_chr2.33667252.33668265|HISEQ1:65:HB7ACADXX:1:1108:20275:68543	15964	14777.0	14846.0	best_hit_to_mtDNA	15887
C	-	14798	HG006_all_regions	HG006_chr2.33667252.33668265|HISEQ1:65:HB7ACADXX:1:1108:20275:68543	HG006_chr2.33667252.33668265|HISEQ1:65:HB7ACADXX:1:1108:20275:68543	15964	14777.0	14846.0	best_hit_to_mtDNA	15887
A	-	14799	HG006_all_regions	HG006_chr2.33667252.33668265|HISEQ1:65:HB7ACADXX:1:1108:20275:68543	HG006_chr2.33667252.33668265|HISEQ1:65:HB7ACADXX:1:1108:20275:68543	15964	14777.0	14846.0	best_hit_to_mtDNA	15887
C	-	14800	HG006_all_regions	HG006_chr2.33667252.33668265|HISEQ1:65:HB7ACADXX:1:1108:20275:68543	HG006_chr2.33667252.33668265|HISEQ1:65:HB7ACADXX:1:1108:20275:68543	15964	14777.0	14846.0	best_hit_to_mtDNA	15887
C	-	14801	HG006_all_regions	HG006_chr2.33667252.33668265|HISEQ1:65:HB7ACADXX:1:1108:20275:68543	HG006_chr2.33667252.33668265|HISEQ1:65:HB7ACADXX:1:1108:20275:68543	15964	14777.0	14846.0	best_hit_to_mtDNA	15887
A	-	14802	HG006_all_regions	HG006_chr2.33667252.33668265|HISEQ1:65:HB7ACADXX:1:1108:20275:68543	HG006_chr2.33667252.33668265|HISEQ1:65:HB7ACADXX:1:1108:20275:68543	15964	14777.0	14846.0	best_hit_to_mtDNA	15887
A	-	14803	HG006_all_regions	HG006_chr2.33667252.33668265|HISEQ1:65:HB7ACADXX:1:1108:20275:68543	HG006_chr2.33667252.33668265|HISEQ1:65:HB7ACADXX:1:1108:20275:68543	15964	14777.0	14846.0	best_hit_to_mtDNA	15887
T	-	14804	HG006_all_regions	HG006_chr2.33667252.33668265|HISEQ1:65:HB7ACADXX:1:1108:20275:68543	HG006_chr2.33667252.33668265|HISEQ1:65:HB7ACADXX:1:1108:20275:68543	15964	14777.0	14846.0	best_hit_to_mtDNA	15887
G	-	14805	HG006_all_regions	HG006_chr2.33667252.33668265|HISEQ1:65:HB7ACADXX:1:1108:20275:68543	HG006_chr2.33667252.33668265|HISEQ1:65:HB7ACADXX:1:1108:20275:68543	15964	14777.0	14846.0	best_hit_to_mtDNA	15887
A	-	14806	HG006_all_regions	HG006_chr2.33667252.33668265|HISEQ1:65:HB7ACADXX:1:1108:20275:68543	HG006_chr2.33667252.33668265|HISEQ1:65:HB7ACADXX:1:1108:20275:68543	15964	14777.0	14846.0	best_hit_to_mtDNA	15887
C	-	14807	HG006_all_regions	HG006_chr2.33667252.33668265|HISEQ1:65:HB7ACADXX:1:1108:20275:68543	HG006_chr2.33667252.33668265|HISEQ1:65:HB7ACADXX:1:1108:20275:68543	15964	14777.0	14846.0	best_hit_to_mtDNA	15887
C	-	14808	HG006_all_regions	HG006_chr2.33667252.33668265|HISEQ1:65:HB7ACADXX:1:1108:20275:68543	HG006_chr2.33667252.33668265|HISEQ1:65:HB7ACADXX:1:1108:20275:68543	15964	14777.0	14846.0	best_hit_to_mtDNA	15887
C	-	14809	HG006_all_regions	HG006_chr2.33667252.33668265|HISEQ1:65:HB7ACADXX:1:1108:20275:68543	HG006_chr2.33667252.33668265|HISEQ1:65:HB7ACADXX:1:1108:20275:68543	15964	14777.0	14846.0	best_hit_to_mtDNA	15887
C	-	14810	HG006_all_regions	HG006_chr2.33667252.33668265|HISEQ1:65:HB7ACADXX:1:1108:20275:68543	HG006_chr2.33667252.33668265|HISEQ1:65:HB7ACADXX:1:1108:20275:68543	15964	14777.0	14846.0	best_hit_to_mtDNA	15887
A	-	14811	HG006_all_regions	HG006_chr2.33667252.33668265|HISEQ1:65:HB7ACADXX:1:1108:20275:68543	HG006_chr2.33667252.33668265|HISEQ1:65:HB7ACADXX:1:1108:20275:68543	15964	14777.0	14846.0	best_hit_to_mtDNA	15887
A	-	14812	HG006_all_regions	HG006_chr2.33667252.33668265|HISEQ1:65:HB7ACADXX:1:1108:20275:68543	HG006_chr2.33667252.33668265|HISEQ1:65:HB7ACADXX:1:1108:20275:68543	15964	14777.0	14846.0	best_hit_to_mtDNA	15887
T	-	14813	HG006_all_regions	HG006_chr2.33667252.33668265|HISEQ1:65:HB7ACADXX:1:1108:20275:68543	HG006_chr2.33667252.33668265|HISEQ1:65:HB7ACADXX:1:1108:20275:68543	15964	14777.0	14846.0	best_hit_to_mtDNA	15887
A	-	14814	HG006_all_regions	HG006_chr2.33667252.33668265|HISEQ1:65:HB7ACADXX:1:1108:20275:68543	HG006_chr2.33667252.33668265|HISEQ1:65:HB7ACADXX:1:1108:20275:68543	15964	14777.0	14846.0	best_hit_to_mtDNA	15887
C	-	14815	HG006_all_regions	HG006_chr2.33667252.33668265|HISEQ1:65:HB7ACADXX:1:1108:20275:68543	HG006_chr2.33667252.33668265|HISEQ1:65:HB7ACADXX:1:1108:20275:68543	15964	14777.0	14846.0	best_hit_to_mtDNA	15887
G	-	14816	HG006_all_regions	HG006_chr2.33667252.33668265|HISEQ1:65:HB7ACADXX:1:1108:20275:68543	HG006_chr2.33667252.33668265|HISEQ1:65:HB7ACADXX:1:1108:20275:68543	15964	14777.0	14846.0	best_hit_to_mtDNA	15887
C	-	14817	HG006_all_regions	HG006_chr2.33667252.33668265|HISEQ1:65:HB7ACADXX:1:1108:20275:68543	HG006_chr2.33667252.33668265|HISEQ1:65:HB7ACADXX:1:1108:20275:68543	15964	14777.0	14846.0	best_hit_to_mtDNA	15887
A	-	14818	HG006_all_regions	HG006_chr2.33667252.33668265|HISEQ1:65:HB7ACADXX:1:1108:20275:68543	HG006_chr2.33667252.33668265|HISEQ1:65:HB7ACADXX:1:1108:20275:68543	15964	14777.0	14846.0	best_hit_to_mtDNA	15887
A	-	14819	HG006_all_regions	HG006_chr2.33667252.33668265|HISEQ1:65:HB7ACADXX:1:1108:20275:68543	HG006_chr2.33667252.33668265|HISEQ1:65:HB7ACADXX:1:1108:20275:68543	15964	14777.0	14846.0	best_hit_to_mtDNA	15887
A	-	14820	HG006_all_regions	HG006_chr2.33667252.33668265|HISEQ1:65:HB7ACADXX:1:1108:20275:68543	HG006_chr2.33667252.33668265|HISEQ1:65:HB7ACADXX:1:1108:20275:68543	15964	14777.0	14846.0	best_hit_to_mtDNA	15887
A	-	14821	HG006_all_regions	HG006_chr2.33667252.33668265|HISEQ1:65:HB7ACADXX:1:1108:20275:68543	HG006_chr2.33667252.33668265|HISEQ1:65:HB7ACADXX:1:1108:20275:68543	15964	14777.0	14846.0	best_hit_to_mtDNA	15887
C	-	14822	HG006_all_regions	HG006_chr2.33667252.33668265|HISEQ1:65:HB7ACADXX:1:1108:20275:68543	HG006_chr2.33667252.33668265|HISEQ1:65:HB7ACADXX:1:1108:20275:68543	15964	14777.0	14846.0	best_hit_to_mtDNA	15887
T	-	14823	HG006_all_regions	HG006_chr2.33667252.33668265|HISEQ1:65:HB7ACADXX:1:1108:20275:68543	HG006_chr2.33667252.33668265|HISEQ1:65:HB7ACADXX:1:1108:20275:68543	15964	14777.0	14846.0	best_hit_to_mtDNA	15887
A	-	14824	HG006_all_regions	HG006_chr2.33667252.33668265|HISEQ1:65:HB7ACADXX:1:1108:20275:68543	HG006_chr2.33667252.33668265|HISEQ1:65:HB7ACADXX:1:1108:20275:68543	15964	14777.0	14846.0	best_hit_to_mtDNA	15887
A	-	14825	HG006_all_regions	HG006_chr2.33667252.33668265|HISEQ1:65:HB7ACADXX:1:1108:20275:68543	HG006_chr2.33667252.33668265|HISEQ1:65:HB7ACADXX:1:1108:20275:68543	15964	14777.0	14846.0	best_hit_to_mtDNA	15887
C	-	14826	HG006_all_regions	HG006_chr2.33667252.33668265|HISEQ1:65:HB7ACADXX:1:1108:20275:68543	HG006_chr2.33667252.33668265|HISEQ1:65:HB7ACADXX:1:1108:20275:68543	15964	14777.0	14846.0	best_hit_to_mtDNA	15887
C	-	14827	HG006_all_regions	HG006_chr2.33667252.33668265|HISEQ1:65:HB7ACADXX:1:1108:20275:68543	HG006_chr2.33667252.33668265|HISEQ1:65:HB7ACADXX:1:1108:20275:68543	15964	14777.0	14846.0	best_hit_to_mtDNA	15887
C	-	14828	HG006_all_regions	HG006_chr2.33667252.33668265|HISEQ1:65:HB7ACADXX:1:1108:20275:68543	HG006_chr2.33667252.33668265|HISEQ1:65:HB7ACADXX:1:1108:20275:68543	15964	14777.0	14846.0	best_hit_to_mtDNA	15887
C	-	14829	HG006_all_regions	HG006_chr2.33667252.33668265|HISEQ1:65:HB7ACADXX:1:1108:20275:68543	HG006_chr2.33667252.33668265|HISEQ1:65:HB7ACADXX:1:1108:20275:68543	15964	14777.0	14846.0	best_hit_to_mtDNA	15887
C	-	14830	HG006_all_regions	HG006_chr2.33667252.33668265|HISEQ1:65:HB7ACADXX:1:1108:20275:68543	HG006_chr2.33667252.33668265|HISEQ1:65:HB7ACADXX:1:1108:20275:68543	15964	14777.0	14846.0	best_hit_to_mtDNA	15887
T	-	14831	HG006_all_regions	HG006_chr2.33667252.33668265|HISEQ1:65:HB7ACADXX:1:1108:20275:68543	HG006_chr2.33667252.33668265|HISEQ1:65:HB7ACADXX:1:1108:20275:68543	15964	14777.0	14846.0	best_hit_to_mtDNA	15887
A	-	14832	HG006_all_regions	HG006_chr2.33667252.33668265|HISEQ1:65:HB7ACADXX:1:1108:20275:68543	HG006_chr2.33667252.33668265|HISEQ1:65:HB7ACADXX:1:1108:20275:68543	15964	14777.0	14846.0	best_hit_to_mtDNA	15887
A	-	14833	HG006_all_regions	HG006_chr2.33667252.33668265|HISEQ1:65:HB7ACADXX:1:1108:20275:68543	HG006_chr2.33667252.33668265|HISEQ1:65:HB7ACADXX:1:1108:20275:68543	15964	14777.0	14846.0	best_hit_to_mtDNA	15887
T	-	14834	HG006_all_regions	HG006_chr2.33667252.33668265|HISEQ1:65:HB7ACADXX:1:1108:20275:68543	HG006_chr2.33667252.33668265|HISEQ1:65:HB7ACADXX:1:1108:20275:68543	15964	14777.0	14846.0	best_hit_to_mtDNA	15887
A	-	14835	HG006_all_regions	HG006_chr2.33667252.33668265|HISEQ1:65:HB7ACADXX:1:1108:20275:68543	HG006_chr2.33667252.33668265|HISEQ1:65:HB7ACADXX:1:1108:20275:68543	15964	14777.0	14846.0	best_hit_to_mtDNA	15887
A	-	14836	HG006_all_regions	HG006_chr2.33667252.33668265|HISEQ1:65:HB7ACADXX:1:1108:20275:68543	HG006_chr2.33667252.33668265|HISEQ1:65:HB7ACADXX:1:1108:20275:68543	15964	14777.0	14846.0	best_hit_to_mtDNA	15887
A	-	14837	HG006_all_regions	HG006_chr2.33667252.33668265|HISEQ1:65:HB7ACADXX:1:1108:20275:68543	HG006_chr2.33667252.33668265|HISEQ1:65:HB7ACADXX:1:1108:20275:68543	15964	14777.0	14846.0	best_hit_to_mtDNA	15887
A	-	14838	HG006_all_regions	HG006_chr2.33667252.33668265|HISEQ1:65:HB7ACADXX:1:1108:20275:68543	HG006_chr2.33667252.33668265|HISEQ1:65:HB7ACADXX:1:1108:20275:68543	15964	14777.0	14846.0	best_hit_to_mtDNA	15887
T	-	14839	HG006_all_regions	HG006_chr2.33667252.33668265|HISEQ1:65:HB7ACADXX:1:1108:20275:68543	HG006_chr2.33667252.33668265|HISEQ1:65:HB7ACADXX:1:1108:20275:68543	15964	14777.0	14846.0	best_hit_to_mtDNA	15887
T	-	14840	HG006_all_regions	HG006_chr2.33667252.33668265|HISEQ1:65:HB7ACADXX:1:1108:20275:68543	HG006_chr2.33667252.33668265|HISEQ1:65:HB7ACADXX:1:1108:20275:68543	15964	14777.0	14846.0	best_hit_to_mtDNA	15887
A	-	14841	HG006_all_regions	HG006_chr2.33667252.33668265|HISEQ1:65:HB7ACADXX:1:1108:20275:68543	HG006_chr2.33667252.33668265|HISEQ1:65:HB7ACADXX:1:1108:20275:68543	15964	14777.0	14846.0	best_hit_to_mtDNA	15887
A	-	14842	HG006_all_regions	HG006_chr2.33667252.33668265|HISEQ1:65:HB7ACADXX:1:1108:20275:68543	HG006_chr2.33667252.33668265|HISEQ1:65:HB7ACADXX:1:1108:20275:68543	15964	14777.0	14846.0	best_hit_to_mtDNA	15887
T	-	14843	HG006_all_regions	HG006_chr2.33667252.33668265|HISEQ1:65:HB7ACADXX:1:1108:20275:68543	HG006_chr2.33667252.33668265|HISEQ1:65:HB7ACADXX:1:1108:20275:68543	15964	14777.0	14846.0	best_hit_to_mtDNA	15887
T	-	14844	HG006_all_regions	HG006_chr2.33667252.33668265|HISEQ1:65:HB7ACADXX:1:1108:20275:68543	HG006_chr2.33667252.33668265|HISEQ1:65:HB7ACADXX:1:1108:20275:68543	15964	14777.0	14846.0	best_hit_to_mtDNA	15887
A	-	14845	HG006_all_regions	HG006_chr2.33667252.33668265|HISEQ1:65:HB7ACADXX:1:1108:20275:68543	HG006_chr2.33667252.33668265|HISEQ1:65:HB7ACADXX:1:1108:20275:68543	15964	14777.0	14846.0	best_hit_to_mtDNA	15887
